[BEGIN] 2026/09/15 19:28:20
[2026/09/15 19:28:24] 发送(hex): 20
[2026/09/15 19:28:24] 发送(hex): 20
[2026/09/15 19:28:24] 发送(hex): 20
[2026/09/15 19:28:24] 发送(hex): 20
[2026/09/15 19:28:24] 发送(hex): 20
[2026/09/15 19:28:24] 发送(hex): 20
[2026/09/15 19:28:24] 发送(hex): 20
[2026/09/15 19:28:24] 发送(hex): 20
[2026/09/15 19:28:24] 发送(hex): 20
[2026/09/15 19:28:24] 发送(hex): 20
[2026/09/15 19:28:24] 发送(hex): 20
[2026/09/15 19:28:24] 发送(hex): 20
[2026/09/15 19:28:24] 发送(hex): 20
[2026/09/15 19:28:24] 发送(hex): 20
[2026/09/15 19:28:24] 发送(hex): 20
[2026/09/15 19:28:24] 发送(hex): 20
[2026/09/15 19:28:24] 发送(hex): 20
[2026/09/15 19:28:24] 发送(hex): 20
[2026/09/15 19:28:24] 发送(hex): 20
[2026/09/15 19:28:24] 发送(hex): 20
[2026/09/15 19:28:24] 发送(hex): 20
[2026/09/15 19:28:24] 发送(hex): 20
[2026/09/15 19:28:24] 发送(hex): 20
[2026/09/15 19:28:24] 发送(hex): 20
[2026/09/15 19:28:24] 发送(hex): 20
[2026/09/15 19:28:24] 发送(hex): 20
[2026/09/15 19:28:24] 发送(hex): 20
[2026/09/15 19:28:24] 发送(hex): 20
[2026/09/15 19:28:24] 发送(hex): 20
[2026/09/15 19:28:24] 发送(hex): 20
[2026/09/15 19:28:24] 发送(hex): 20
[2026/09/15 19:28:24] 发送(hex): 20
[2026/09/15 19:28:24] 发送(hex): 20
[2026/09/15 19:28:24] 发送(hex): 20
[2026/09/15 19:28:24] 发送(hex): 20
[2026/09/15 19:28:24] 发送(hex): 20
[2026/09/15 19:28:24] 发送(hex): 20
[2026/09/15 19:28:24] 发送(hex): 20
[2026/09/15 19:28:24] 发送(hex): 20
[2026/09/15 19:28:24] 发送(hex): 20
[2026/09/15 19:28:24] 发送(hex): 20
[2026/09/15 19:28:24] 发送(hex): 20
[2026/09/15 19:28:24] 发送(hex): 20
[2026/09/15 19:28:24] 发送(hex): 20
[2026/09/15 19:28:24] 发送(hex): 20
[2026/09/15 19:28:24] 发送(hex): 20
[2026/09/15 19:28:24] 发送(hex): 20
[2026/09/15 19:28:24] 发送(hex): 20
[2026/09/15 19:28:24] 发送(hex): 20
[2026/09/15 19:28:24] 发送(hex): 20
[2026/09/15 19:28:24] 发送(hex): 20
[2026/09/15 19:28:24] 发送(hex): 20
[2026/09/15 19:28:24] 发送(hex): 20
[2026/09/15 19:28:24] 发送(hex): 20
[2026/09/15 19:28:24] 发送(hex): 20
[2026/09/15 19:28:24] 发送(hex): 20
[2026/09/15 19:28:24] $
[2026/09/15 19:28:24] Post romcode git ver:42df880604ac78a3 (Aug 28 2026 21:41:35)
[2026/09/15 19:28:24] $
[2026/09/15 19:28:24] Hello world, RTD2875P_CN2_TV030!
[2026/09/15 19:28:24] set_wifi_reset
[2026/09/15 19:28:24] Auxcode git ver:3a4deb9ea300359e (Aug 28 2026 21:41:29)
[2026/09/15 19:28:24] flash_type = 2, secure_type = 2
[2026/09/15 19:28:24] b8062204=0
[2026/09/15 19:28:24] 发送(hex): 20
[2026/09/15 19:28:24] slot info 0 0x0 info 1 0x0
[2026/09/15 19:28:24] invalid reg slot status 0x
[2026/09/15 19:28:24] 发送(hex): 20
[2026/09/15 19:28:24] 发送(hex): 20
[2026/09/15 19:28:24] 发送(hex): 20
[2026/09/15 19:28:24] 发送(hex): 20
[2026/09/15 19:28:24] 发送(hex): 20
[2026/09/15 19:28:24] 发送(hex): 20
[2026/09/15 19:28:24] 发送(hex): 20
[2026/09/15 19:28:24] 发送(hex): 20
[2026/09/15 19:28:24] 0,get slot info from flash!
[2026/09/15 19:28:24] g_gpt_blk_start 0x1  g_offline_gpt 0x0 last_usable_lba 0x1cd2032 num_partition_entries 0x32
[2026/09/15 19:28:24] start 0x2e600000 clt_blk 0x1973004 ctrl size 0x20
[2026/09/15 19:28:24] choose active index 0
[2026/09/15 19:28:24] part name bootloader ative_slot _a real part name bootloader_a
[2026/09/15 19:28:24] part name hwsetting start 0x100000 size 0x33600
[2026/09/15 19:28:24] part name ext_fw start 0x133600 size 0x10400
[2026/09/15 19:28:24] part name kboot start 0x143a00 size 0x16e00
[2026/09/15 19:28:24] part name uboot start 0x15a800 size 0x120400
[2026/09/15 19:28:24] ls4 2 1 = 800040aa 8000207f 80001000
[2026/09/15 19:28:24] fNewHWsettingArch = 2
[2026/09/15 19:28:24] 1.lsadcidx = 2, brand =3, offset = 0
[2026/09/15 19:28:24] 1.lsadcidx = 2, brand =3, offset = 17800
[2026/09/15 19:28:24] hwsetting from mmc
[2026/09/15 19:28:24] AC on HW offset 0x809 start 0x800 reg 0x8090800
[2026/09/15 19:28:24] total = 2f00
[2026/09/15 19:28:24] 发送(hex): 20
[2026/09/15 19:28:24] 发送(hex): 20
[2026/09/15 19:28:24] 发送(hex): 20
[2026/09/15 19:28:24] 发送(hex): 20
[2026/09/15 19:28:24] 发送(hex): 20
[2026/09/15 19:28:24] A
[2026/09/15 19:28:24] 发送(hex): 20
[2026/09/15 19:28:24] A
[2026/09/15 19:28:24] 发送(hex): 20
[2026/09/15 19:28:24] A
[2026/09/15 19:28:24] A
[2026/09/15 19:28:24] 发送(hex): 20
[2026/09/15 19:28:24] 发送(hex): 20
[2026/09/15 19:28:24] A
[2026/09/15 19:28:24] 发送(hex): 20
[2026/09/15 19:28:25] 发送(hex): 20
[2026/09/15 19:28:25] {12 14}
[2026/09/15 19:28:25] ffeeddffeeddddr ver: 62c63180
[2026/09/15 19:28:25] ori DQS0~7 {03 04 1a 1c 00 01 00 00}
[2026/09/15 19:28:25] 发送(hex): 20
[2026/09/15 19:28:25] 发送(hex): 20
[2026/09/15 19:28:25] 发送(hex): 20
[2026/09/15 19:28:25] 发送(hex): 20
[2026/09/15 19:28:25] 发送(hex): 20
[2026/09/15 19:28:25] 发送(hex): 20
[2026/09/15 19:28:25] 发送(hex): 20
[2026/09/15 19:28:25] {01 03 19 1b 00 01 00 00} {08 09 06 09 06 05 00 00}
[2026/09/15 19:28:25] r.y.0
[2026/09/15 19:28:25] 发送(hex): 20
[2026/09/15 19:28:25] 发送(hex): 20
[2026/09/15 19:28:25] r.y.0 SCPU BISR status: Done
[2026/09/15 19:28:25] 发送(hex): 20
[2026/09/15 19:28:25] [go kb]
[2026/09/15 19:28:25] 发送(hex): 20
[2026/09/15 19:28:25] 发送(hex): 20
[2026/09/15 19:28:25] 发送(hex): 20
[2026/09/15 19:28:25] 发送(hex): 20
[2026/09/15 19:28:25] pass bootcode info to kboot
[2026/09/15 19:28:25] num=1100
[2026/09/15 19:28:25] boot_magic=2000
[2026/09/15 19:28:25] ---DEBUG kboot 21:41:14 Aug 28 2026 ---
[2026/09/15 19:28:25] [Kboot]eMMC(mid-15) MMC_HS50 (50000000Mhz)[8bit].
[2026/09/15 19:28:25] block info 0x1cd2032 0x3a3e000.
[2026/09/15 19:28:25] [MMC] 32 -----------> 16GB.
[2026/09/15 19:28:25] 发送(hex): 20
[2026/09/15 19:28:25] (00000000) (1) bufsize=(null)
[2026/09/15 19:28:25] 发送(hex): 20
[2026/09/15 19:28:25] 发送(hex): 20
[2026/09/15 19:28:25] 发送(hex): 20
[2026/09/15 19:28:25] uboot start 0x15a800 size 0x120400
[2026/09/15 19:28:25] 发送(hex): 20
[2026/09/15 19:28:25] 发送(hex): 20
[2026/09/15 19:28:25] board_ve
[2026/09/15 19:28:25] 发送(hex): 20
[2026/09/15 19:28:25] 发送(hex): 20
[2026/09/15 19:28:25] rsion: ls1 = 0, ver: 0
[2026/09/15 19:28:25] [0;31mapp_main 325 board_version=0[0m
[2026/09/15 19:28:25] 发送(hex): 20
[2026/09/15 19:28:25] 发送(hex): 20
[2026/09/15 19:28:25] 发送(hex): 20
[2026/09/15 19:28:25] 发送(hex): 20
[2026/09/15 19:28:25] 发送(hex): 20
[2026/09/15 19:28:25] get FW_TZFW flash start 0xf100200 ddr buf start 0x180000 image size 010c2e3 ok!
[2026/09/15 19:28:25] [INFO]RPMB auth key not written !
[2026/09/15 19:28:25] [INFO]RPMB auth key not written !
[2026/09/15 19:28:25] Current board is not frist boot.
[2026/09/15 19:28:25] ALL zero, reserved_3 has removed.
[2026/09/15 19:28:25] Current board remove reserved_3 done.
[2026/09/15 19:28:25] 发送(hex): 20
[2026/09/15 19:28:25] 发送(hex): 20
[2026/09/15 19:28:25] 发送(hex): 20
[2026/09/15 19:28:25] 发送(hex): 20
[2026/09/15 19:28:25] 发送(hex): 20
[2026/09/15 19:28:25] 发送(hex): 20
[2026/09/15 19:28:25] 发送(hex): 20
[2026/09/15 19:28:25] 发送(hex): 20
[2026/09/15 19:28:25] 发送(hex): 20
[2026/09/15 19:28:25] 发送(hex): 20
[2026/09/15 19:28:25] 发送(hex): 20
[2026/09/15 19:28:25] 发送(hex): 20
[2026/09/15 19:28:25] 发送(hex): 20
[2026/09/15 19:28:25] 发送(hex): 20
[2026/09/15 19:28:25] 发送(hex): 20
[2026/09/15 19:28:25] 发送(hex): 20
[2026/09/15 19:28:25] 发送(hex): 20
[2026/09/15 19:28:25] 发送(hex): 20
[2026/09/15 19:28:25] get FW_VKERNEL flash start
[2026/09/15 19:28:25] 发送(hex): 20
[2026/09/15 19:28:25] 0xc100200 ddr buf start 0x1a900000 image size 05f0300 ok!
[2026/09/15 19:28:25] 发送(hex): 20
[2026/09/15 19:28:25] 发送(hex): 20
[2026/09/15 19:28:25] 发送(hex): 20
[2026/09/15 19:28:25] 发送(hex): 20
[2026/09/15 19:28:25] 发送(hex): 20
[2026/09/15 19:28:25] get FW_VKERNEL2 flash start 0xd900200 ddr buf start 0x1af00000 image size 0f4920 ok!
[2026/09/15 19:28:25] 发送(hex): 20
[2026/09/15 19:28:25] 发送(hex): 20
[2026/09/15 19:28:25] 发送(hex): 20
[2026/09/15 19:28:25] 发送(hex): 20
[2026/09/15 19:28:25] 发送(hex): 20
[2026/09/15 19:28:25] 发送(hex): 20
[2026/09/15 19:28:25] 发送(hex): 20
[2026/09/15 19:28:25] 发送(hex): 20
[2026/09/15 19:28:25] 发送(hex): 20
[2026/09/15 19:28:25] 发送(hex): 20
[2026/09/15 19:28:25] 发送(hex): 20
[2026/09/15 19:28:25] 发送(hex): 20
[2026/09/15 19:28:25] 发送(hex): 20
[2026/09/15 19:28:25] 发送(hex): 20
[2026/09/15 19:28:25] 发送(hex): 20
[2026/09/15 19:28:25] 发送(hex): 20
[2026/09/15 19:28:25] 发送(hex): 20
[2026/09/15 19:28:25] 发送(hex): 20
[2026/09/15 19:28:25] 发送(hex): 20
[2026/09/15 19:28:25] 发送(hex): 20
[2026/09/15 19:28:25] 发送(hex): 20
[2026/09/15 19:28:25] 发送(hex): 20
[2026/09/15 19:28:25] 发送(hex): 20
[2026/09/15 19:28:25] 发送(hex): 20
[2026/09/15 19:28:25] 发送(hex): 20
[2026/09/15 19:28:25] 发送(hex): 20
[2026/09/15 19:28:25] get FW_AKERNEL flash start 0xa900200 ddr buf start 0x1b200000 image size 07fbf7c ok!
[2026/09/15 19:28:25] 发送(hex): 20
[2026/09/15 19:28:25] 发送(hex): 20
[2026/09/15 19:28:25] 发送(hex): 20
[2026/09/15 19:28:25] 发送(hex): 20
[2026/09/15 19:28:25] 发送(hex): 20
[2026/09/15 19:28:25] 发送(hex): 20
[2026/09/15 19:28:25] 发送(hex): 20
[2026/09/15 19:28:25] 发送(hex): 20
[2026/09/15 19:28:25] 发送(hex): 20
[2026/09/15 19:28:25] 发送(hex): 20
[2026/09/15 19:28:25] ATFATFATF:0 1 NOTICE: kill CPU(2)...
[2026/09/15 19:28:25] ATF:0 1 NOTICE: kill (2) : PACTIVE:0
[2026/09/15 19:28:25] ATF:0 1 NOTICE:  CPU(2) kill done, pstate(0x0)
[2026/09/15 19:28:25] 发送(hex): 20
[2026/09/15 19:28:25] 发送(hex): 20
[2026/09/15 19:28:25] U
[2026/09/15 19:28:25] 发送(hex): 20
[2026/09/15 19:28:26] 发送(hex): 20
[2026/09/15 19:28:26] 发送(hex): 20
[2026/09/15 19:28:26] 发送(hex): 20
[2026/09/15 19:28:26] 发送(hex): 20
[2026/09/15 19:28:26] 发送(hex): 20
[2026/09/15 19:28:26] 发送(hex): 20
[2026/09/15 19:28:26] 发送(hex): 20
[2026/09/15 19:28:26] 发送(hex): 20
[2026/09/15 19:28:26] 发送(hex): 20
[2026/09/15 19:28:26] 发送(hex): 20
[2026/09/15 19:28:26] 发送(hex): 20
[2026/09/15 19:28:26] fixup_node_name 555. set /reserved-me
[2026/09/15 19:28:26] 发送(hex): 20
[2026/09/15 19:28:26] 发送(hex): 20
[2026/09/15 19:28:26] 发送(hex): 20
[2026/09/15 19:28:26] mory@5 to /reserved-memory
[2026/09/15 19:28:26] fixup_node_name 555. set /rtk_cma@5 to /rtk_cma
[2026/09/15 19:28:26] ### [1;31mERROR[0m ### get_movablecore 613. Can't find dtb node /reserved-memory/cma2_memory/reg
[2026/09/15 19:28:26] reinit_mem_info 1049  ddr_size 80000000
[2026/09/15 19:28:26] 发送(hex): 20
[2026/09/15 19:28:26] 发送(hex): 20
[2026/09/15 19:28:26] booting, boot_led_type: 0x00000000, led on[1]
[2026/09/15 19:28:26] set share register: 0x99100000
[2026/09/15 19:28:26] boot_power_on_mode=1
[2026/09/15 19:28:26] [get_layout:1264]!
[2026/09/15 19:28:26] 发送(hex): 20
[2026/09/15 19:28:26] 发送(hex): 20
[2026/09/15 19:28:26] 发送(hex): 20
[2026/09/15 19:28:26] 发送(hex): 20
[2026/09/15 19:28:26] 发送(hex): 20
[2026/09/15 19:28:26] 发送(hex): 20
[2026/09/15 19:28:26] 发送(hex): 20
[2026/09/15 19:28:26] 发送(hex): 20
[2026/09/15 19:28:26] boot_part value = 0 boot_tag value = 21
[2026/09/15 19:28:26] [get_oemkey] 1397: get oem.key = ATV00107525
[2026/09/15 19:28:26] Factory_RO: [EXT4] factory_ro_buffer:0a800000, factory_ro_buffer size:0x1000000!
[2026/09/15 19:28:26] Partiton factory_ro_a located at 0:6
[2026/09/15 19:28:26] factory_ro_a partition can not find /.000@bk@***!
[2026/09/15 19:28:26] Factory RO no need recovery!
[2026/09/15 19:28:26] Get tvconfigs_a partition block device index fail!
[2026/09/15 19:28:26] read customer.ini file fail!
[2026/09/15 19:28:26] parse SYS_INI path fail
[2026/09/15 19:28:26] Not support board ini mechansim!
[2026/09/15 19:28:26] Get tvconfigs_a partition block device index fail!
[2026/09/15 19:28:26] read customer.ini file fail!
[2026/09/15 19:28:26] parse SYS_INI path fail
[2026/09/15 19:28:26] load model ini file fail
[2026/09/15 19:28:26] cannot find PcbPath from ini file
[2026/09/15 19:28:26] no pcb.config in tvconfigs
[2026/09/15 19:28:26] no mnt/vendor/factorypcb.config
[2026/09/15 19:28:26] 发送(hex): 20
[2026/09/15 19:28:26] 发送(hex): 20
[2026/09/15 19:28:26] 发送(hex): 20
[2026/09/15 19:28:26] 发送(hex): 20
[2026/09/15 19:28:26] 发送(hex): 20
[2026/09/15 19:28:26] 发送(hex): 20
[2026/09/15 19:28:26] 发送(hex): 20
[2026/09/15 19:28:26] 发送(hex): 20
[2026/09/15 19:28:26] 发送(hex): 20
[2026/09/15 19:28:26] 发送(hex): 20
[2026/09/15 19:28:26] 发送(hex): 20
[2026/09/15 19:28:26] 发送(hex): 20
[2026/09/15 19:28:26] 发送(hex): 20
[2026/09/15 19:28:26] 发送(hex): 20
[2026/09/15 19:28:26] 发送(hex): 20
[2026/09/15 19:28:26] 发送(hex): 20
[2026/09/15 19:28:26] 发送(hex): 20
[2026/09/15 19:28:26] 发送(hex): 20
[2026/09/15 19:28:26] 发送(hex): 20
[2026/09/15 19:28:26] 发送(hex): 20
[2026/09/15 19:28:26] 发送(hex): 20
[2026/09/15 19:28:26] 发送(hex): 20
[2026/09/15 19:28:26] 发送(hex): 20
[2026/09/15 19:28:26] 发送(hex): 20
[2026/09/15 19:28:26] 发送(hex): 20
[2026/09/15 19:28:26] 发送(hex): 20
[2026/09/15 19:28:26] 发送(hex): 20
[2026/09/15 19:28:26] 发送(hex): 20
[2026/09/15 19:28:26] 发送(hex): 20
[2026/09/15 19:28:26] 发送(hex): 20
[2026/09/15 19:28:26] 发送(hex): 20
[2026/09/15 19:28:26] 发送(hex): 20
[2026/09/15 19:28:26] 发送(hex): 20
[2026/09/15 19:28:26] 发送(hex): 20
[2026/09/15 19:28:26] 发送(hex): 20
[2026/09/15 19:28:26] 发送(hex): 20
[2026/09/15 19:28:26] 发送(hex): 20
[2026/09/15 19:28:26] 发送(hex): 20
[2026/09/15 19:28:26] 发送(hex): 20
[2026/09/15 19:28:26] 发送(hex): 20
[2026/09/15 19:28:26] 发送(hex): 20
[2026/09/15 19:28:26] 发送(hex): 20
[2026/09/15 19:28:26] 发送(hex): 20
[2026/09/15 19:28:26] 发送(hex): 20
[2026/09/15 19:28:26] 发送(hex): 20
[2026/09/15 19:28:26] 发送(hex): 20
[2026/09/15 19:28:26] 发送(hex): 20
[2026/09/15 19:28:26] 发送(hex): 20
[2026/09/15 19:28:26] 发送(hex): 20
[2026/09/15 19:28:26] 发送(hex): 20
[2026/09/15 19:28:26] 发送(hex): 20
[2026/09/15 19:28:26] delay:427
[2026/09/15 19:28:26] 发送(hex): 20
[2026/09/15 19:28:26] 发送(hex): 20
[2026/09/15 19:28:26] 发送(hex): 20
[2026/09/15 19:28:26] 发送(hex): 20
[2026/09/15 19:28:26] 发送(hex): 20
[2026/09/15 19:28:26] 发送(hex): 20
[2026/09/15 19:28:26] 发送(hex): 20
[2026/09/15 19:28:26] 发送(hex): 20
[2026/09/15 19:28:26] 发送(hex): 20
[2026/09/15 19:28:26] 发送(hex): 20
[2026/09/15 19:28:26] 发送(hex): 20
[2026/09/15 19:28:26] 发送(hex): 20
[2026/09/15 19:28:26] 发送(hex): 20
[2026/09/15 19:28:26] 发送(hex): 20
[2026/09/15 19:28:26] 发送(hex): 20
[2026/09/15 19:28:26] 发送(hex): 20
[2026/09/15 19:28:26] 发送(hex): 20
[2026/09/15 19:28:27] 发送(hex): 20
[2026/09/15 19:28:27] 发送(hex): 20
[2026/09/15 19:28:27] 发送(hex): 20
[2026/09/15 19:28:27] 发送(hex): 20
[2026/09/15 19:28:27] 发送(hex): 20
[2026/09/15 19:28:27] 发送(hex): 20
[2026/09/15 19:28:27] 发送(hex): 20
[2026/09/15 19:28:27] 发送(hex): 20
[2026/09/15 19:28:27] 发送(hex): 20
[2026/09/15 19:28:27] 发送(hex): 20
[2026/09/15 19:28:27] 发送(hex): 20
[2026/09/15 19:28:27] 发送(hex): 20
[2026/09/15 19:28:27] 发送(hex): 20
[2026/09/15 19:28:27] 发送(hex): 20
[2026/09/15 19:28:27] 发送(hex): 20
[2026/09/15 19:28:27] 发送(hex): 20
[2026/09/15 19:28:27] 发送(hex): 20
[2026/09/15 19:28:27] 发送(hex): 20
[2026/09/15 19:28:27] 发送(hex): 20
[2026/09/15 19:28:27] 发送(hex): 20
[2026/09/15 19:28:27] 发送(hex): 20
[2026/09/15 19:28:27] 发送(hex): 20
[2026/09/15 19:28:27] 发送(hex): 20
[2026/09/15 19:28:27] 发送(hex): 20
[2026/09/15 19:28:27] 发送(hex): 20
[2026/09/15 19:28:27] 发送(hex): 20
[2026/09/15 19:28:27] 发送(hex): 20
[2026/09/15 19:28:27] 发送(hex): 20
[2026/09/15 19:28:27] 发送(hex): 20
[2026/09/15 19:28:27] 发送(hex): 20
[2026/09/15 19:28:27] 发送(hex): 20
[2026/09/15 19:28:27] 发送(hex): 20
[2026/09/15 19:28:27] Net:   r8168: REALTEK RTL
[2026/09/15 19:28:27] 发送(hex): 20
[2026/09/15 19:28:27] 8168 @0x18016000
[2026/09/15 19:28:27] 发送(hex): 20
[2026/09/15 19:28:27] 发送(hex): 20
[2026/09/15 19:28:27] Start Boot Setup ...
[2026/09/15 19:28:27] (powerMgr_g
[2026/09/15 19:28:27] 发送(hex): 20
[2026/09/15 19:28:27] et_wakeup_source)2012/05/30 19:50
[2026/09/15 19:28:27] wakeup source : AC
[2026/09/15 19:28:27] 发送(hex): 20
[2026/09/15 19:28:27] 发送(hex): 20
[2026/09/15 19:28:27] 发送(hex): 20
[2026/09/15 19:28:27] 发送(hex): 20
[2026/09/15 19:28:27] (powerMgr_get_wakeup_source)2012/05/30 19:50
[2026/09/15 19:28:27] wakeup source : AC
[2026/09/15 19:28:27] wakeup_src=0, boot_logo_enable=1, bgm_boot_type=0, POWER_ON_MODE_SILEN=0.
[2026/09/15 19:28:27] 发送(hex): 20
[2026/09/15 19:28:27] GDMA module_in
[2026/09/15 19:28:27] 发送(hex): 20
[2026/09/15 19:28:27] 发送(hex): 20
[2026/09/15 19:28:27] it finish
[2026/09/15 19:28:27] [GDMA] OSD size[3840,2160]
[2026/09/15 19:28:27] [GDMA] gdma_showlogo gdma show logo 2697
[2026/09/15 19:28:27] Net:   r8168: REALTEK RTL8168 @0x18016000
[2026/09/15 19:28:27] 发送(hex): 20
[2026/09/15 19:28:27] 发送(hex): 20
[2026/09/15 19:28:27] ## Android Verified Boot 2.0 version 1.1.0
[2026/09/15 19:28:27] 发送(hex): 20
[2026/09/15 19:28:27] 发送(hex): 20
[2026/09/15 19:28:27] 发送(hex): 20
[2026/09/15 19:28:27] 发送(hex): 20
[2026/09/15 19:28:27] 发送(hex): 20
[2026/09/15 19:28:27] 发送(hex): 20
[2026/09/15 19:28:27] 发送(hex): 20
[2026/09/15 19:28:27] 发送(hex): 20
[2026/09/15 19:28:27] 发送(hex): 20
[2026/09/15 19:28:27] 发送(hex): 20
[2026/09/15 19:28:27] 发送(hex): 20
[2026/09/15 19:28:27] 发送(hex): 20
[2026/09/15 19:28:27] 发送(hex): 20
[2026/09/15 19:28:27] 发送(hex): 20
[2026/09/15 19:28:27] 发送(hex): 20
[2026/09/15 19:28:27] 发送(hex): 20
[2026/09/15 19:28:27] 发送(hex): 20
[2026/09/15 19:28:27] 发送(hex): 20
[2026/09/15 19:28:27] 发送(hex): 20
[2026/09/15 19:28:27] 发送(hex): 20
[2026/09/15 19:28:27] 发送(hex): 20
[2026/09/15 19:28:27] 发送(hex): 20
[2026/09/15 19:28:27] 发送(hex): 20
[2026/09/15 19:28:27] 发送(hex): 20
[2026/09/15 19:28:27] 发送(hex): 20
[2026/09/15 19:28:27] 发送(hex): 20
[2026/09/15 19:28:27] 发送(hex): 20
[2026/09/15 19:28:27] 发送(hex): 20
[2026/09/15 19:28:27] 发送(hex): 20
[2026/09/15 19:28:27] 发送(hex): 20
[2026/09/15 19:28:27] 发送(hex): 20
[2026/09/15 19:28:27] 发送(hex): 20
[2026/09/15 19:28:27] 发送(hex): 20
[2026/09/15 19:28:27] 发送(hex): 20
[2026/09/15 19:28:27] 发送(hex): 20
[2026/09/15 19:28:27] 发送(hex): 20
[2026/09/15 19:28:27] 发送(hex): 20
[2026/09/15 19:28:27] 发送(hex): 20
[2026/09/15 19:28:27] 发送(hex): 20
[2026/09/15 19:28:27] 发送(hex): 20
[2026/09/15 19:28:27] 发送(hex): 20
[2026/09/15 19:28:27] 发送(hex): 20
[2026/09/15 19:28:27] 发送(hex): 20
[2026/09/15 19:28:27] 发送(hex): 20
[2026/09/15 19:28:27] 发送(hex): 20
[2026/09/15 19:28:27] 发送(hex): 20
[2026/09/15 19:28:28] 发送(hex): 20
[2026/09/15 19:28:28] Verification passed successfully
[2026/09/15 19:28:28] [Skip A] boot manual mode
[2026/09/15 19:28:28] [Skip V] boot manual mode
[2026/09/15 19:28:28] is_avb_verify_hash_partition 164 find avb verify part_name boot img_buf 0x66400000 size 0x307a000
[2026/09/15 19:28:28] boot header version : 4
[2026/09/15 19:28:28] is_avb_verify_hash_partition 164 find avb verify part_name vendor_boot img_buf 0x6bc00000 size 0x10a3000
[2026/09/15 19:28:28] get_partition_content_by_name 11954 get gpt_name init_boot_a err,try part name init_boot!
[2026/09/15 19:28:28] get_partition_content_by_name 11956 get part name init_boot err!
[2026/09/15 19:28:28] 发送(hex): 20
[2026/09/15 19:28:28] 发送(hex): 20
[2026/09/15 19:28:28] 发送(hex): 20
[2026/09/15 19:28:28] 发送(hex): 20
[2026/09/15 19:28:28] 发送(hex): 20
[2026/09/15 19:28:28] 发送(hex): 20
[2026/09/15 19:28:28] 发送(hex): 20
[2026/09/15 19:28:28] get_merge_ramdisk 11932 cur_ramdisk_size 0xf3096 real_cur_ramdisk_size 0xf3096
[2026/09/15 19:28:28] get_merge_ramdisk 11932 cur_ramdisk_size 0x2019e5 real_cur_ramdisk_size 0x2019e5
[2026/09/15 19:28:28] is_avb_verify_hash_partition 164 find avb verify part_name dtbo img_buf 0x6fc00000 size 0x1186
[2026/09/15 19:28:28] Net:   r8168: REALTEK RTL8168 @0x18016000
[2026/09/15 19:28:28] 发送(hex): 20
[2026/09/15 19:28:28] 发送(hex): 20
[2026/09/15 19:28:28] 发送(hex): 20
[2026/09/15 19:28:28] 发送(hex): 20
[2026/09/15 19:28:28] [Skip K] boot manual mode (execute "go all")
[2026/09/15 19:28:28] Enter console mode, disable watchdog ...
[2026/09/15 19:28:28] Realtek>
[2026/09/15 19:28:28] 发送(hex): 20
[2026/09/15 19:28:28] 发送(hex): 20
[2026/09/15 19:28:28] 发送(hex): 20
[2026/09/15 19:28:28] 发送(hex): 20
[2026/09/15 19:28:28] 发送(hex): 20
[2026/09/15 19:28:28] 发送(hex): 20
[2026/09/15 19:28:28] 发送(hex): 20
[2026/09/15 19:28:28] 发送(hex): 20
[2026/09/15 19:28:28] 发送(hex): 20
[2026/09/15 19:28:28] 发送(hex): 20
[2026/09/15 19:28:28] 发送(hex): 20
[2026/09/15 19:28:28] 发送(hex): 20
[2026/09/15 19:28:28] 发送(hex): 20
[2026/09/15 19:28:28] 发送(hex): 20
[2026/09/15 19:28:28] 发送(hex): 20
[2026/09/15 19:28:28] 发送(hex): 20
[2026/09/15 19:28:28] 发送(hex): 20
[2026/09/15 19:28:28] 发送(hex): 20
[2026/09/15 19:28:28] 发送(hex): 20
[2026/09/15 19:28:28] 发送(hex): 20
[2026/09/15 19:28:28] 发送(hex): 20
[2026/09/15 19:28:28] 发送(hex): 20
[2026/09/15 19:28:28] 发送(hex): 20
[2026/09/15 19:28:28] 发送(hex): 20
[2026/09/15 19:28:28] 发送(hex): 20
[2026/09/15 19:28:28] 发送(hex): 20
[2026/09/15 19:28:28] 发送(hex): 20
[2026/09/15 19:28:28] 发送(hex): 20
[2026/09/15 19:28:28] 发送(hex): 20
[2026/09/15 19:28:28] 发送(hex): 20
[2026/09/15 19:28:28] 发送(hex): 20
[2026/09/15 19:28:28] 发送(hex): 20
[2026/09/15 19:28:28] 发送(hex): 20
[2026/09/15 19:28:28] 发送(hex): 20
[2026/09/15 19:28:28] 发送(hex): 20
[2026/09/15 19:28:28] 发送(hex): 20
[2026/09/15 19:28:28] 发送(hex): 20
[2026/09/15 19:28:28] 发送(hex): 20
[2026/09/15 19:28:28] 发送(hex): 20
[2026/09/15 19:28:28] 发送(hex): 20
[2026/09/15 19:28:28] 发送(hex): 20
[2026/09/15 19:28:28] 发送(hex): 20
[2026/09/15 19:28:28] 发送(hex): 20
[2026/09/15 19:28:28] 发送(hex): 20
[2026/09/15 19:28:28] 发送(hex): 20
[2026/09/15 19:28:28] 发送(hex): 20
[2026/09/15 19:28:28] 发送(hex): 20
[2026/09/15 19:28:28] 发送(hex): 20
[2026/09/15 19:28:28] 发送(hex): 20
[2026/09/15 19:28:28] 发送(hex): 20
[2026/09/15 19:28:28] 发送(hex): 20
[2026/09/15 19:28:28] 发送(hex): 20
[2026/09/15 19:28:28] 发送(hex): 20
[2026/09/15 19:28:28] 发送(hex): 20
[2026/09/15 19:28:28] 发送(hex): 20
[2026/09/15 19:28:28] 发送(hex): 20
[2026/09/15 19:28:28] 发送(hex): 20
[2026/09/15 19:28:28] 发送(hex): 20
[2026/09/15 19:28:28] 发送(hex): 20
[2026/09/15 19:28:28] 发送(hex): 20
[2026/09/15 19:28:28] 发送(hex): 20
[2026/09/15 19:28:28] 发送(hex): 20
[2026/09/15 19:28:28] 发送(hex): 20
[2026/09/15 19:28:28] 发送(hex): 20
[2026/09/15 19:28:28] 发送(hex): 20
[2026/09/15 19:28:28] 发送(hex): 20
[2026/09/15 19:28:28] 发送(hex): 20
[2026/09/15 19:28:28] 发送(hex): 20
[2026/09/15 19:28:28] 发送(hex): 20
[2026/09/15 19:28:28] 发送(hex): 20
[2026/09/15 19:28:28] 发送(hex): 20
[2026/09/15 19:28:28] 发送(hex): 20
[2026/09/15 19:28:28] 发送(hex): 20
[2026/09/15 19:28:28] 发送(hex): 20
[2026/09/15 19:28:28] 发送(hex): 20
[2026/09/15 19:28:28] 发送(hex): 20
[2026/09/15 19:28:28] 发送(hex): 20
[2026/09/15 19:28:28] 发送(hex): 20
[2026/09/15 19:28:29] 发送(hex): 20
[2026/09/15 19:28:29] 发送(hex): 20
[2026/09/15 19:28:29] 发送(hex): 20
[2026/09/15 19:28:29] 发送(hex): 20
[2026/09/15 19:28:29] 发送(hex): 20
[2026/09/15 19:28:29] 发送(hex): 20
[2026/09/15 19:28:29] 发送(hex): 20
[2026/09/15 19:28:29] 发送(hex): 20
[2026/09/15 19:28:29] 发送(hex): 20
[2026/09/15 19:28:29] 发送(hex): 20
[2026/09/15 19:28:29] 发送(hex): 20
[2026/09/15 19:28:29] 发送(hex): 20
[2026/09/15 19:28:29] 发送(hex): 20
[2026/09/15 19:28:29] 发送(hex): 20
[2026/09/15 19:28:29] 发送(hex): 20
[2026/09/15 19:28:29] 发送(hex): 20
[2026/09/15 19:28:29] 发送(hex): 20
[2026/09/15 19:28:29] 发送(hex): 20
[2026/09/15 19:28:29] 发送(hex): 20
[2026/09/15 19:28:29] 发送(hex): 20
[2026/09/15 19:28:29] 发送(hex): 20
[2026/09/15 19:28:29] 发送(hex): 20
[2026/09/15 19:28:29] 发送(hex): 20
[2026/09/15 19:28:29] 发送(hex): 20
[2026/09/15 19:28:29] 发送(hex): 20
[2026/09/15 19:28:29] 发送(hex): 20
[2026/09/15 19:28:29] 发送(hex): 20
[2026/09/15 19:28:29] 发送(hex): 20
[2026/09/15 19:28:29] 发送(hex): 20
[2026/09/15 19:28:29] 发送(hex): 20
[2026/09/15 19:28:29] 发送(hex): 20
[2026/09/15 19:28:29] 发送(hex): 20
[2026/09/15 19:28:29] 发送(hex): 20
[2026/09/15 19:28:29] 发送(hex): 20
[2026/09/15 19:28:29] 发送(hex): 20
[2026/09/15 19:28:29] 发送(hex): 20
[2026/09/15 19:28:29] 发送(hex): 20
[2026/09/15 19:28:29] 发送(hex): 20
[2026/09/15 19:28:29] 发送(hex): 20
[2026/09/15 19:28:29] 发送(hex): 20
[2026/09/15 19:28:29] 发送(hex): 20
[2026/09/15 19:28:29] 发送(hex): 20
[2026/09/15 19:28:29] 发送(hex): 20
[2026/09/15 19:28:29] 发送(hex): 20
[2026/09/15 19:28:29] 发送(hex): 20
[2026/09/15 19:28:29] 发送(hex): 20
[2026/09/15 19:28:29] 发送(hex): 20
[2026/09/15 19:28:29] 发送(hex): 20
[2026/09/15 19:28:29] 发送(hex): 20
[2026/09/15 19:28:29] 发送(hex): 20
[2026/09/15 19:28:29] 发送(hex): 20
[2026/09/15 19:28:29] 发送(hex): 20
[2026/09/15 19:28:29] 发送(hex): 20
[2026/09/15 19:28:29] 发送(hex): 20
[2026/09/15 19:28:29] 发送(hex): 20
[2026/09/15 19:28:29] 发送(hex): 20
[2026/09/15 19:28:29] 发送(hex): 20
[2026/09/15 19:28:29] 发送(hex): 20
[2026/09/15 19:28:29] 发送(hex): 20
[2026/09/15 19:28:29] 发送(hex): 20
[2026/09/15 19:28:29] 发送(hex): 20
[2026/09/15 19:28:29] 发送(hex): 20
[2026/09/15 19:28:29] 发送(hex): 20
[2026/09/15 19:28:29] 发送(hex): 20
[2026/09/15 19:28:29] 发送(hex): 20
[2026/09/15 19:28:29] 发送(hex): 20
[2026/09/15 19:28:29] 发送(hex): 20
[2026/09/15 19:28:29] 发送(hex): 20
[2026/09/15 19:28:29] 发送(hex): 20
[2026/09/15 19:28:29] 发送(hex): 20
[2026/09/15 19:28:29] 发送(hex): 20
[2026/09/15 19:28:29] 发送(hex): 20
[2026/09/15 19:28:29] 发送(hex): 20
[2026/09/15 19:28:29] 发送(hex): 20
[2026/09/15 19:28:29] 发送(hex): 20
[2026/09/15 19:28:29] 发送(hex): 20
[2026/09/15 19:28:29] 发送(hex): 20
[2026/09/15 19:28:29] 发送(hex): 20
[2026/09/15 19:28:29] 发送(hex): 20
[2026/09/15 19:28:29] 发送(hex): 20
[2026/09/15 19:28:29] 发送(hex): 20
[2026/09/15 19:28:29] 发送(hex): 20
[2026/09/15 19:28:29] 发送(hex): 20
[2026/09/15 19:28:29] 发送(hex): 20
[2026/09/15 19:28:29] 发送(hex): 20
[2026/09/15 19:28:29] 发送(hex): 20
[2026/09/15 19:28:29] 发送(hex): 20
[2026/09/15 19:28:29] 发送(hex): 20
[2026/09/15 19:28:29] 发送(hex): 20
[2026/09/15 19:28:29] 发送(hex): 20
[2026/09/15 19:28:29] 发送(hex): 20
[2026/09/15 19:28:29] 发送(hex): 20
[2026/09/15 19:28:30] 发送(hex): 20
[2026/09/15 19:28:30] 发送(hex): 20
[2026/09/15 19:28:30] 发送(hex): 20
[2026/09/15 19:28:30] 发送(hex): 20
[2026/09/15 19:28:30] 发送(hex): 20
[2026/09/15 19:28:30] 发送(hex): 20
[2026/09/15 19:28:30] 发送(hex): 20
[2026/09/15 19:28:30] 发送(hex): 20
[2026/09/15 19:28:30] 发送(hex): 20
[2026/09/15 19:28:30] 发送(hex): 20
[2026/09/15 19:28:30] 发送(hex): 20
[2026/09/15 19:28:30] 发送(hex): 20
[2026/09/15 19:28:30] 发送(hex): 20
[2026/09/15 19:28:30] 发送(hex): 20
[2026/09/15 19:28:30] 发送(hex): 20
[2026/09/15 19:28:30] 发送(hex): 20
[2026/09/15 19:28:30] 发送(hex): 20
[2026/09/15 19:28:30] 发送(hex): 20
[2026/09/15 19:28:30] 发送(hex): 20
[2026/09/15 19:28:30] 发送(hex): 20
[2026/09/15 19:28:30] 发送(hex): 20
[2026/09/15 19:28:30] 发送(hex): 20
[2026/09/15 19:28:30] 发送(hex): 20
[2026/09/15 19:28:30] 发送(hex): 20
[2026/09/15 19:28:30] 发送(hex): 20
[2026/09/15 19:28:30] 发送(hex): 20
[2026/09/15 19:28:30] 发送(hex): 20
[2026/09/15 19:28:30] 发送(hex): 20
[2026/09/15 19:28:30] 发送(hex): 20
[2026/09/15 19:28:30] 发送(hex): 20
[2026/09/15 19:28:30] 发送(hex): 20
[2026/09/15 19:28:30] 发送(hex): 20
[2026/09/15 19:28:30] 发送(hex): 20
[2026/09/15 19:28:30] 发送(hex): 20
[2026/09/15 19:28:30] 发送(hex): 20
[2026/09/15 19:28:30] 发送(hex): 20
[2026/09/15 19:28:30] 发送(hex): 20
[2026/09/15 19:28:30] 发送(hex): 20
[2026/09/15 19:28:30] 发送(hex): 20
[2026/09/15 19:28:30] 发送(hex): 20
[2026/09/15 19:28:30] 发送(hex): 20
[2026/09/15 19:28:30] 发送(hex): 20
[2026/09/15 19:28:30] 发送(hex): 20
[2026/09/15 19:28:30] 发送(hex): 20
[2026/09/15 19:28:30] 发送(hex): 20
[2026/09/15 19:28:30] 发送(hex): 20
[2026/09/15 19:28:30] 发送(hex): 20
[2026/09/15 19:28:30] 发送(hex): 20
[2026/09/15 19:28:30] 发送(hex): 20
[2026/09/15 19:28:30] 发送(hex): 20
[2026/09/15 19:28:30] 发送(hex): 20
[2026/09/15 19:28:30] 发送(hex): 20
[2026/09/15 19:28:30] 发送(hex): 20
[2026/09/15 19:28:30] 发送(hex): 20
[2026/09/15 19:28:30] 发送(hex): 20
[2026/09/15 19:28:30] 发送(hex): 20
[2026/09/15 19:28:30] 发送(hex): 20
[2026/09/15 19:28:30] 发送(hex): 20
[2026/09/15 19:28:30] 发送(hex): 20
[2026/09/15 19:28:30] 发送(hex): 20
[2026/09/15 19:28:30] 发送(hex): 20
[2026/09/15 19:28:30] 发送(hex): 20
[2026/09/15 19:28:30] 发送(hex): 20
[2026/09/15 19:28:30] 发送(hex): 20
[2026/09/15 19:28:30] 发送(hex): 20
[2026/09/15 19:28:30] 发送(hex): 20
[2026/09/15 19:28:30] 发送(hex): 20
[2026/09/15 19:28:30] 发送(hex): 20
[2026/09/15 19:28:30] 发送(hex): 20
[2026/09/15 19:28:30] 发送(hex): 20
[2026/09/15 19:28:30] 发送(hex): 20
[2026/09/15 19:28:30] 发送(hex): 20
[2026/09/15 19:28:30] 发送(hex): 20
[2026/09/15 19:28:30] 发送(hex): 20
[2026/09/15 19:28:30] 发送(hex): 20
[2026/09/15 19:28:30] 发送(hex): 20
[2026/09/15 19:28:30] 发送(hex): 20
[2026/09/15 19:28:30] 发送(hex): 20
[2026/09/15 19:28:30] 发送(hex): 20
[2026/09/15 19:28:30] 发送(hex): 20
[2026/09/15 19:28:30] 发送(hex): 20
[2026/09/15 19:28:30] 发送(hex): 20
[2026/09/15 19:28:30] 发送(hex): 20
[2026/09/15 19:28:30] 发送(hex): 20
[2026/09/15 19:28:30] 发送(hex): 20
[2026/09/15 19:28:30] 发送(hex): 20
[2026/09/15 19:28:30] 发送(hex): 20
[2026/09/15 19:28:30] 发送(hex): 20
[2026/09/15 19:28:30] 发送(hex): 20
[2026/09/15 19:28:30] 发送(hex): 20
[2026/09/15 19:28:30] 发送(hex): 20
[2026/09/15 19:28:31] 发送(hex): 20
[2026/09/15 19:28:31] 发送(hex): 20
[2026/09/15 19:28:31] 发送(hex): 20
[2026/09/15 19:28:31] 发送(hex): 20
[2026/09/15 19:28:31] 发送(hex): 20
[2026/09/15 19:28:31] 发送(hex): 20
[2026/09/15 19:28:31] 发送(hex): 20
[2026/09/15 19:28:31] 发送(hex): 20
[2026/09/15 19:28:31] 发送(hex): 20
[2026/09/15 19:28:31] 发送(hex): 20
[2026/09/15 19:28:31] 发送(hex): 20
[2026/09/15 19:28:31] 发送(hex): 20
[2026/09/15 19:28:31] 发送(hex): 20
[2026/09/15 19:28:31] 发送(hex): 20
[2026/09/15 19:28:31] 发送(hex): 20
[2026/09/15 19:28:31] 发送(hex): 20
[2026/09/15 19:28:31] 发送(hex): 20
[2026/09/15 19:28:31] 发送(hex): 20
[2026/09/15 19:28:31] 发送(hex): 20
[2026/09/15 19:28:31] 发送(hex): 20
[2026/09/15 19:28:31] 发送(hex): 20
[2026/09/15 19:28:31] 发送(hex): 20
[2026/09/15 19:28:31] 发送(hex): 20
[2026/09/15 19:28:31] 发送(hex): 20
[2026/09/15 19:28:31] 发送(hex): 20
[2026/09/15 19:28:31] 发送(hex): 20
[2026/09/15 19:28:31] 发送(hex): 20
[2026/09/15 19:28:31] 发送(hex): 20
[2026/09/15 19:28:31] 发送(hex): 20
[2026/09/15 19:28:31] 发送(hex): 20
[2026/09/15 19:28:31] 发送(hex): 20
[2026/09/15 19:28:31] 发送(hex): 20
[2026/09/15 19:28:31] 发送(hex): 20
[2026/09/15 19:28:31] 发送(hex): 20
[2026/09/15 19:28:31] 发送(hex): 20
[2026/09/15 19:28:31] 发送(hex): 20
[2026/09/15 19:28:31] 发送(hex): 20
[2026/09/15 19:28:31] 发送(hex): 20
[2026/09/15 19:28:31] 发送(hex): 20
[2026/09/15 19:28:31] 发送(hex): 20
[2026/09/15 19:28:31] 发送(hex): 20
[2026/09/15 19:28:31] 发送(hex): 20
[2026/09/15 19:28:31] 发送(hex): 20
[2026/09/15 19:28:31] 发送(hex): 20
[2026/09/15 19:28:31] 发送(hex): 20
[2026/09/15 19:28:31] 发送(hex): 20
[2026/09/15 19:28:31] 发送(hex): 20
[2026/09/15 19:28:31] 发送(hex): 20
[2026/09/15 19:28:31] 发送(hex): 20
[2026/09/15 19:28:31] 发送(hex): 20
[2026/09/15 19:28:31] 发送(hex): 20
[2026/09/15 19:28:31] 发送(hex): 20
[2026/09/15 19:28:31] 发送(hex): 20
[2026/09/15 19:28:31] 发送(hex): 20
[2026/09/15 19:28:31] 发送(hex): 20
[2026/09/15 19:28:31] 发送(hex): 20
[2026/09/15 19:28:31] 发送(hex): 20
[2026/09/15 19:28:31] 发送(hex): 20
[2026/09/15 19:28:31] 发送(hex): 20
[2026/09/15 19:28:31] 发送(hex): 20
[2026/09/15 19:28:31] 发送(hex): 20
[2026/09/15 19:28:31] 发送(hex): 20
[2026/09/15 19:28:31] 发送(hex): 20
[2026/09/15 19:28:31] 发送(hex): 20
[2026/09/15 19:28:31] 发送(hex): 20
[2026/09/15 19:28:31] 发送(hex): 20
[2026/09/15 19:28:31] 发送(hex): 20
[2026/09/15 19:28:31] 发送(hex): 20
[2026/09/15 19:28:31] 发送(hex): 20
[2026/09/15 19:28:31] 发送(hex): 20
[2026/09/15 19:28:31] 发送(hex): 20
[2026/09/15 19:28:31] 发送(hex): 20
[2026/09/15 19:28:31] 发送(hex): 20
[2026/09/15 19:28:31] 发送(hex): 20
[2026/09/15 19:28:31] 发送(hex): 20
[2026/09/15 19:28:31] 发送(hex): 20
[2026/09/15 19:28:31] 发送(hex): 20
[2026/09/15 19:28:31] 发送(hex): 20
[2026/09/15 19:28:31] 发送(hex): 20
[2026/09/15 19:28:31] 发送(hex): 20
[2026/09/15 19:28:31] 发送(hex): 20
[2026/09/15 19:28:31] 发送(hex): 20
[2026/09/15 19:28:31] 发送(hex): 20
[2026/09/15 19:28:31] 发送(hex): 20
[2026/09/15 19:28:31] 发送(hex): 20
[2026/09/15 19:28:31] 发送(hex): 20
[2026/09/15 19:28:31] 发送(hex): 20
[2026/09/15 19:28:31] 发送(hex): 20
[2026/09/15 19:28:31] 发送(hex): 20
[2026/09/15 19:28:31] 发送(hex): 20
[2026/09/15 19:28:31] 发送(hex): 20
[2026/09/15 19:28:31] 发送(hex): 20
[2026/09/15 19:28:32] 发送(hex): 20
[2026/09/15 19:28:32] 发送(hex): 20
[2026/09/15 19:28:32] 发送(hex): 20
[2026/09/15 19:28:32] 发送(hex): 20
[2026/09/15 19:28:32] 发送(hex): 20
[2026/09/15 19:28:32] 发送(hex): 20
[2026/09/15 19:28:32] 发送(hex): 20
[2026/09/15 19:28:32] 发送(hex): 20
[2026/09/15 19:28:32] 发送(hex): 20
[2026/09/15 19:28:32] 发送(hex): 20
[2026/09/15 19:28:32] 发送(hex): 20
[2026/09/15 19:28:32] 发送(hex): 20
[2026/09/15 19:28:32] 发送(hex): 20
[2026/09/15 19:28:32] 发送(hex): 20
[2026/09/15 19:28:32] 发送(hex): 20
[2026/09/15 19:28:32] 发送(hex): 20
[2026/09/15 19:28:32] 发送(hex): 20
[2026/09/15 19:28:32] 发送(hex): 20
[2026/09/15 19:28:32] 发送(hex): 20
[2026/09/15 19:28:32] 发送(hex): 20
[2026/09/15 19:28:32] 发送(hex): 20
[2026/09/15 19:28:32] 发送(hex): 20
[2026/09/15 19:28:32] 发送(hex): 20
[2026/09/15 19:28:32] 发送(hex): 20
[2026/09/15 19:28:32] 发送(hex): 20
[2026/09/15 19:28:32] 发送(hex): 20
[2026/09/15 19:28:32] 发送(hex): 20
[2026/09/15 19:28:32] 发送(hex): 20
[2026/09/15 19:28:32] 发送(hex): 20
[2026/09/15 19:28:32] 发送(hex): 20
[2026/09/15 19:28:32] 发送(hex): 20
[2026/09/15 19:28:32] 发送(hex): 20
[2026/09/15 19:28:32] 发送(hex): 20
[2026/09/15 19:28:32] 发送(hex): 20
[2026/09/15 19:28:32] 发送(hex): 20
[2026/09/15 19:28:32] 发送(hex): 20
[2026/09/15 19:28:32] 发送(hex): 20
[2026/09/15 19:28:32] 发送(hex): 20
[2026/09/15 19:28:32] 发送(hex): 20
[2026/09/15 19:28:32] 发送(hex): 20
[2026/09/15 19:28:32] 发送(hex): 20
[2026/09/15 19:28:32] 发送(hex): 20
[2026/09/15 19:28:32] 发送(hex): 20
[2026/09/15 19:28:32] 发送(hex): 20
[2026/09/15 19:28:32] 发送(hex): 20
[2026/09/15 19:28:32] 发送(hex): 20
[2026/09/15 19:28:32] 发送(hex): 20
[2026/09/15 19:28:32] 发送(hex): 20
[2026/09/15 19:28:32] 发送(hex): 20
[2026/09/15 19:28:32] 发送(hex): 20
[2026/09/15 19:28:32] 发送(hex): 20
[2026/09/15 19:28:32] 发送(hex): 20
[2026/09/15 19:28:32] 发送(hex): 20
[2026/09/15 19:28:32] 发送(hex): 20
[2026/09/15 19:28:32] 发送(hex): 20
[2026/09/15 19:28:32] 发送(hex): 20
[2026/09/15 19:28:32] 发送(hex): 20
[2026/09/15 19:28:32] 发送(hex): 20
[2026/09/15 19:28:32] 发送(hex): 20
[2026/09/15 19:28:32] 发送(hex): 20
[2026/09/15 19:28:32] 发送(hex): 20
[2026/09/15 19:28:32] 发送(hex): 20
[2026/09/15 19:28:32] 发送(hex): 20
[2026/09/15 19:28:32] 发送(hex): 20
[2026/09/15 19:28:32] 发送(hex): 20
[2026/09/15 19:28:32] 发送(hex): 20
[2026/09/15 19:28:32] 发送(hex): 20
[2026/09/15 19:28:32] 发送(hex): 20
[2026/09/15 19:28:32] 发送(hex): 20
[2026/09/15 19:28:32] 发送(hex): 20
[2026/09/15 19:28:32] 发送(hex): 20
[2026/09/15 19:28:32] 发送(hex): 20
[2026/09/15 19:28:32] 发送(hex): 20
[2026/09/15 19:28:32] 发送(hex): 20
[2026/09/15 19:28:32] 发送(hex): 20
[2026/09/15 19:28:32] 发送(hex): 20
[2026/09/15 19:28:32] 发送(hex): 20
[2026/09/15 19:28:32] 发送(hex): 20
[2026/09/15 19:28:32] 发送(hex): 20
[2026/09/15 19:28:32] 发送(hex): 20
[2026/09/15 19:28:32] 发送(hex): 20
[2026/09/15 19:28:32] 发送(hex): 20
[2026/09/15 19:28:32] 发送(hex): 20
[2026/09/15 19:28:32] 发送(hex): 20
[2026/09/15 19:28:32] 发送(hex): 20
[2026/09/15 19:28:32] 发送(hex): 20
[2026/09/15 19:28:32] 发送(hex): 20
[2026/09/15 19:28:32] 发送(hex): 20
[2026/09/15 19:28:32] 发送(hex): 20
[2026/09/15 19:28:32] 发送(hex): 20
[2026/09/15 19:28:33] 发送(hex): 20
[2026/09/15 19:28:33] 发送(hex): 20
[2026/09/15 19:28:33] 发送(hex): 20
[2026/09/15 19:28:33] 发送(hex): 20
[2026/09/15 19:28:33] 发送(hex): 20
[2026/09/15 19:28:33] 发送(hex): 20
[2026/09/15 19:28:33] 发送(hex): 20
[2026/09/15 19:28:33] 发送(hex): 20
[2026/09/15 19:28:33] 发送(hex): 20
[2026/09/15 19:28:33] 发送(hex): 20
[2026/09/15 19:28:33] 发送(hex): 20
[2026/09/15 19:28:33] 发送(hex): 20
[2026/09/15 19:28:33] 发送(hex): 20
[2026/09/15 19:28:33] 发送(hex): 20
[2026/09/15 19:28:33] 发送(hex): 20
[2026/09/15 19:28:33] 发送(hex): 20
[2026/09/15 19:28:33] 发送(hex): 20
[2026/09/15 19:28:33] 发送(hex): 20
[2026/09/15 19:28:33] 发送(hex): 20
[2026/09/15 19:28:33] 发送(hex): 20
[2026/09/15 19:28:33] 发送(hex): 20
[2026/09/15 19:28:33] 发送(hex): 20
[2026/09/15 19:28:33] 发送(hex): 20
[2026/09/15 19:28:33] 发送(hex): 20
[2026/09/15 19:28:33] 发送(hex): 20
[2026/09/15 19:28:33] 发送(hex): 20
[2026/09/15 19:28:33] 发送(hex): 20
[2026/09/15 19:28:33] 发送(hex): 20
[2026/09/15 19:28:33] 发送(hex): 20
[2026/09/15 19:28:33] 发送(hex): 20
[2026/09/15 19:28:33] 发送(hex): 20
[2026/09/15 19:28:33] 发送(hex): 20
[2026/09/15 19:28:33] 发送(hex): 20
[2026/09/15 19:28:33] 发送(hex): 20
[2026/09/15 19:28:33] 发送(hex): 20
[2026/09/15 19:28:33] 发送(hex): 20
[2026/09/15 19:28:33] 发送(hex): 20
[2026/09/15 19:28:33] 发送(hex): 20
[2026/09/15 19:28:33] 发送(hex): 20
[2026/09/15 19:28:33] 发送(hex): 20
[2026/09/15 19:28:33] 发送(hex): 20
[2026/09/15 19:28:33] 发送(hex): 20
[2026/09/15 19:28:33] 发送(hex): 20
[2026/09/15 19:28:33] 发送(hex): 20
[2026/09/15 19:28:33] 发送(hex): 20
[2026/09/15 19:28:33] 发送(hex): 20
[2026/09/15 19:28:33] 发送(hex): 20
[2026/09/15 19:28:33] 发送(hex): 20
[2026/09/15 19:28:33] 发送(hex): 20
[2026/09/15 19:28:33] 发送(hex): 20
[2026/09/15 19:28:33] 发送(hex): 20
[2026/09/15 19:28:33] 发送(hex): 20
[2026/09/15 19:28:33] 发送(hex): 20
[2026/09/15 19:28:33] 发送(hex): 20
[2026/09/15 19:28:33] 发送(hex): 20
[2026/09/15 19:28:33] 发送(hex): 20
[2026/09/15 19:28:33] 发送(hex): 20
[2026/09/15 19:28:33] 发送(hex): 20
[2026/09/15 19:28:33] 发送(hex): 20
[2026/09/15 19:28:33] 发送(hex): 20
[2026/09/15 19:28:33] 发送(hex): 20
[2026/09/15 19:28:33] 发送(hex): 20
[2026/09/15 19:28:33] 发送(hex): 20
[2026/09/15 19:28:33] 发送(hex): 20
[2026/09/15 19:28:33] 发送(hex): 20
[2026/09/15 19:28:33] 发送(hex): 20
[2026/09/15 19:28:33] 发送(hex): 20
[2026/09/15 19:28:33] 发送(hex): 20
[2026/09/15 19:28:33] 发送(hex): 20
[2026/09/15 19:28:33] 发送(hex): 20
[2026/09/15 19:28:33] 发送(hex): 20
[2026/09/15 19:28:33] 发送(hex): 20
[2026/09/15 19:28:33] 发送(hex): 20
[2026/09/15 19:28:33] 发送(hex): 20
[2026/09/15 19:28:33] 发送(hex): 20
[2026/09/15 19:28:33] 发送(hex): 20
[2026/09/15 19:28:33] 发送(hex): 20
[2026/09/15 19:28:33] 发送(hex): 20
[2026/09/15 19:28:33] 发送(hex): 20
[2026/09/15 19:28:33] 发送(hex): 20
[2026/09/15 19:28:33] 发送(hex): 20
[2026/09/15 19:28:33] 发送(hex): 20
[2026/09/15 19:28:33] 发送(hex): 20
[2026/09/15 19:28:33] 发送(hex): 20
[2026/09/15 19:28:33] 发送(hex): 20
[2026/09/15 19:28:33] 发送(hex): 20
[2026/09/15 19:28:34] 发送(hex): 20
[2026/09/15 19:28:34] 发送(hex): 20
[2026/09/15 19:28:34] 发送(hex): 20
[2026/09/15 19:28:34] 发送(hex): 20
[2026/09/15 19:28:34] 发送(hex): 20
[2026/09/15 19:28:34] 发送(hex): 20
[2026/09/15 19:28:34] 发送(hex): 20
[2026/09/15 19:28:34] 发送(hex): 20
[2026/09/15 19:28:34] 发送(hex): 20
[2026/09/15 19:28:34] 发送(hex): 20
[2026/09/15 19:28:34] 发送(hex): 20
[2026/09/15 19:28:34] 发送(hex): 20
[2026/09/15 19:28:34] 发送(hex): 20
[2026/09/15 19:28:34] 发送(hex): 20
[2026/09/15 19:28:34] 发送(hex): 20
[2026/09/15 19:28:34] 发送(hex): 20
[2026/09/15 19:28:34] 发送(hex): 20
[2026/09/15 19:28:34] 发送(hex): 20
[2026/09/15 19:28:34] 发送(hex): 20
[2026/09/15 19:28:34] 发送(hex): 20
[2026/09/15 19:28:34] 发送(hex): 20
[2026/09/15 19:28:34] 发送(hex): 20
[2026/09/15 19:28:34] 发送(hex): 20
[2026/09/15 19:28:34] 发送(hex): 20
[2026/09/15 19:28:34] 发送(hex): 20
[2026/09/15 19:28:34] 发送(hex): 20
[2026/09/15 19:28:34] 发送(hex): 20
[2026/09/15 19:28:34] 发送(hex): 20
[2026/09/15 19:28:34] 发送(hex): 20
[2026/09/15 19:28:34] 发送(hex): 20
[2026/09/15 19:28:34] 发送(hex): 20
[2026/09/15 19:28:34] 发送(hex): 20
[2026/09/15 19:28:34] 发送(hex): 20
[2026/09/15 19:28:34] 发送(hex): 20
[2026/09/15 19:28:34] 发送(hex): 20
[2026/09/15 19:28:34] 发送(hex): 20
[2026/09/15 19:28:34] 发送(hex): 20
[2026/09/15 19:28:34] 发送(hex): 20
[2026/09/15 19:28:34] 发送(hex): 20
[2026/09/15 19:28:34] 发送(hex): 20
[2026/09/15 19:28:34] 发送(hex): 20
[2026/09/15 19:28:34] 发送(hex): 20
[2026/09/15 19:28:34] 发送(hex): 20
[2026/09/15 19:28:34] 发送(hex): 20
[2026/09/15 19:28:34] 发送(hex): 20
[2026/09/15 19:28:34] 发送(hex): 20
[2026/09/15 19:28:34] 发送(hex): 20
[2026/09/15 19:28:34] 发送(hex): 20
[2026/09/15 19:28:34] 发送(hex): 20
[2026/09/15 19:28:34] 发送(hex): 20
[2026/09/15 19:28:34] 发送(hex): 20
[2026/09/15 19:28:34] 发送(hex): 20
[2026/09/15 19:28:34] 发送(hex): 20
[2026/09/15 19:28:34] 发送(hex): 20
[2026/09/15 19:28:34] 发送(hex): 20
[2026/09/15 19:28:34] 发送(hex): 20
[2026/09/15 19:28:34] 发送(hex): 20
[2026/09/15 19:28:34] 发送(hex): 20
[2026/09/15 19:28:34] 发送(hex): 20
[2026/09/15 19:28:34] 发送(hex): 20
[2026/09/15 19:28:34] 发送(hex): 20
[2026/09/15 19:28:34] 发送(hex): 20
[2026/09/15 19:28:34] 发送(hex): 20
[2026/09/15 19:28:34] 发送(hex): 20
[2026/09/15 19:28:34] 发送(hex): 20
[2026/09/15 19:28:34] 发送(hex): 20
[2026/09/15 19:28:34] 发送(hex): 20
[2026/09/15 19:28:34] 发送(hex): 20
[2026/09/15 19:28:34] 发送(hex): 20
[2026/09/15 19:28:34] 发送(hex): 20
[2026/09/15 19:28:34] 发送(hex): 20
[2026/09/15 19:28:34] 发送(hex): 20
[2026/09/15 19:28:34] 发送(hex): 20
[2026/09/15 19:28:34] 发送(hex): 20
[2026/09/15 19:28:34] 发送(hex): 20
[2026/09/15 19:28:34] 发送(hex): 20
[2026/09/15 19:28:34] 发送(hex): 20
[2026/09/15 19:28:34] 发送(hex): 20
[2026/09/15 19:28:34] 发送(hex): 20
[2026/09/15 19:28:34] 发送(hex): 20
[2026/09/15 19:28:34] 发送(hex): 20
[2026/09/15 19:28:34] 发送(hex): 20
[2026/09/15 19:28:34] 发送(hex): 20
[2026/09/15 19:28:34] 发送(hex): 20
[2026/09/15 19:28:34] 发送(hex): 20
[2026/09/15 19:28:34] 发送(hex): 20
[2026/09/15 19:28:34] 发送(hex): 20
[2026/09/15 19:28:34] 发送(hex): 20
[2026/09/15 19:28:34] 发送(hex): 20
[2026/09/15 19:28:34] 发送(hex): 20
[2026/09/15 19:28:34] 发送(hex): 20
[2026/09/15 19:28:34] 发送(hex): 20
[2026/09/15 19:28:35] 发送(hex): 20
[2026/09/15 19:28:35] 发送(hex): 20
[2026/09/15 19:28:35] 发送(hex): 20
[2026/09/15 19:28:35] 发送(hex): 20
[2026/09/15 19:28:35] 发送(hex): 20
[2026/09/15 19:28:35] 发送(hex): 20
[2026/09/15 19:28:35] 发送(hex): 20
[2026/09/15 19:28:35] 发送(hex): 20
[2026/09/15 19:28:35] 发送(hex): 20
[2026/09/15 19:28:35] 发送(hex): 20
[2026/09/15 19:28:35] 发送(hex): 20
[2026/09/15 19:28:35] 发送(hex): 20
[2026/09/15 19:28:35] 发送(hex): 20
[2026/09/15 19:28:35] 发送(hex): 20
[2026/09/15 19:28:35] 发送(hex): 20
[2026/09/15 19:28:35] 发送(hex): 20
[2026/09/15 19:28:35] 发送(hex): 20
[2026/09/15 19:28:35] 发送(hex): 20
[2026/09/15 19:28:35] 发送(hex): 20
[2026/09/15 19:28:35] 发送(hex): 20
[2026/09/15 19:28:35] 发送(hex): 20
[2026/09/15 19:28:35] 发送(hex): 20
[2026/09/15 19:28:35] 发送(hex): 20
[2026/09/15 19:28:35] 发送(hex): 20
[2026/09/15 19:28:35] 发送(hex): 20
[2026/09/15 19:28:35] 发送(hex): 20
[2026/09/15 19:28:35] 发送(hex): 20
[2026/09/15 19:28:35] 发送(hex): 20
[2026/09/15 19:28:35] 发送(hex): 20
[2026/09/15 19:28:35] 发送(hex): 20
[2026/09/15 19:28:35] 发送(hex): 20
[2026/09/15 19:28:35] 发送(hex): 20
[2026/09/15 19:28:35] 发送(hex): 20
[2026/09/15 19:28:35] 发送(hex): 20
[2026/09/15 19:28:35] 发送(hex): 20
[2026/09/15 19:28:35] 发送(hex): 20
[2026/09/15 19:28:35] 发送(hex): 20
[2026/09/15 19:28:35] 发送(hex): 20
[2026/09/15 19:28:35] 发送(hex): 20
[2026/09/15 19:28:35] 发送(hex): 20
[2026/09/15 19:28:35] 发送(hex): 20
[2026/09/15 19:28:35] 发送(hex): 20
[2026/09/15 19:28:35] 发送(hex): 20
[2026/09/15 19:28:35] 发送(hex): 20
[2026/09/15 19:28:35] 发送(hex): 20
[2026/09/15 19:28:35] 发送(hex): 20
[2026/09/15 19:28:35] 发送(hex): 20
[2026/09/15 19:28:35] 发送(hex): 20
[2026/09/15 19:28:35] 发送(hex): 20
[2026/09/15 19:28:35] 发送(hex): 20
[2026/09/15 19:28:35] 发送(hex): 20
[2026/09/15 19:28:35] 发送(hex): 20
[2026/09/15 19:28:35] 发送(hex): 20
[2026/09/15 19:28:35] 发送(hex): 20
[2026/09/15 19:28:35] 发送(hex): 20
[2026/09/15 19:28:35] 发送(hex): 20
[2026/09/15 19:28:35] 发送(hex): 20
[2026/09/15 19:28:35] 发送(hex): 20
[2026/09/15 19:28:35] 发送(hex): 20
[2026/09/15 19:28:35] 发送(hex): 20
[2026/09/15 19:28:35] 发送(hex): 20
[2026/09/15 19:28:35] 发送(hex): 20
[2026/09/15 19:28:35] 发送(hex): 20
[2026/09/15 19:28:35] 发送(hex): 20
[2026/09/15 19:28:35] 发送(hex): 20
[2026/09/15 19:28:35] 发送(hex): 20
[2026/09/15 19:28:35] 发送(hex): 20
[2026/09/15 19:28:35] 发送(hex): 20
[2026/09/15 19:28:35] 发送(hex): 20
[2026/09/15 19:28:35] 发送(hex): 20
[2026/09/15 19:28:35] 发送(hex): 20
[2026/09/15 19:28:35] 发送(hex): 20
[2026/09/15 19:28:35] 发送(hex): 20
[2026/09/15 19:28:35] 发送(hex): 20
[2026/09/15 19:28:35] 发送(hex): 20
[2026/09/15 19:28:35] 发送(hex): 20
[2026/09/15 19:28:35] 发送(hex): 20
[2026/09/15 19:28:35] 发送(hex): 20
[2026/09/15 19:28:35] 发送(hex): 20
[2026/09/15 19:28:35] 发送(hex): 20
[2026/09/15 19:28:35] 发送(hex): 20
[2026/09/15 19:28:35] 发送(hex): 20
[2026/09/15 19:28:35] 发送(hex): 20
[2026/09/15 19:28:35] 发送(hex): 20
[2026/09/15 19:28:35] 发送(hex): 20
[2026/09/15 19:28:35] 发送(hex): 20
[2026/09/15 19:28:35] 发送(hex): 20
[2026/09/15 19:28:35] 发送(hex): 20
[2026/09/15 19:28:35] 发送(hex): 20
[2026/09/15 19:28:35] 发送(hex): 20
[2026/09/15 19:28:35] 发送(hex): 20
[2026/09/15 19:28:35] 发送(hex): 20
[2026/09/15 19:28:36] 发送(hex): 20
[2026/09/15 19:28:36] 发送(hex): 20
[2026/09/15 19:28:36] 发送(hex): 20
[2026/09/15 19:28:36] 发送(hex): 20
[2026/09/15 19:28:36] 发送(hex): 20
[2026/09/15 19:28:36] 发送(hex): 20
[2026/09/15 19:28:36] 发送(hex): 20
[2026/09/15 19:28:36] 发送(hex): 20
[2026/09/15 19:28:36] 发送(hex): 20
[2026/09/15 19:28:36] 发送(hex): 20
[2026/09/15 19:28:36] 发送(hex): 20
[2026/09/15 19:28:36] 发送(hex): 20
[2026/09/15 19:28:36] 发送(hex): 20
[2026/09/15 19:28:36] 发送(hex): 20
[2026/09/15 19:28:36] 发送(hex): 20
[2026/09/15 19:28:36] 发送(hex): 20
[2026/09/15 19:28:36] 发送(hex): 20
[2026/09/15 19:28:36] 发送(hex): 20
[2026/09/15 19:28:36] 发送(hex): 20
[2026/09/15 19:28:36] 发送(hex): 20
[2026/09/15 19:28:36] 发送(hex): 20
[2026/09/15 19:28:36] 发送(hex): 20
[2026/09/15 19:28:36] 发送(hex): 20
[2026/09/15 19:28:36] 发送(hex): 20
[2026/09/15 19:28:36] 发送(hex): 20
[2026/09/15 19:28:36] 发送(hex): 20
[2026/09/15 19:28:36] 发送(hex): 20
[2026/09/15 19:28:36] 发送(hex): 20
[2026/09/15 19:28:36] 发送(hex): 20
[2026/09/15 19:28:36] 发送(hex): 20
[2026/09/15 19:28:36] 发送(hex): 20
[2026/09/15 19:28:36] 发送(hex): 20
[2026/09/15 19:28:36] 发送(hex): 20
[2026/09/15 19:28:36] 发送(hex): 20
[2026/09/15 19:28:36] 发送(hex): 20
[2026/09/15 19:28:36] 发送(hex): 20
[2026/09/15 19:28:36] 发送(hex): 20
[2026/09/15 19:28:36] 发送(hex): 20
[2026/09/15 19:28:36] 发送(hex): 20
[2026/09/15 19:28:36] 发送(hex): 20
[2026/09/15 19:28:36] 发送(hex): 20
[2026/09/15 19:28:36] 发送(hex): 20
[2026/09/15 19:28:36] 发送(hex): 20
[2026/09/15 19:28:36] 发送(hex): 20
[2026/09/15 19:28:36] 发送(hex): 20
[2026/09/15 19:28:36] 发送(hex): 20
[2026/09/15 19:28:36] 发送(hex): 20
[2026/09/15 19:28:36] 发送(hex): 20
[2026/09/15 19:28:36] 发送(hex): 20
[2026/09/15 19:28:36] 发送(hex): 20
[2026/09/15 19:28:36] 发送(hex): 20
[2026/09/15 19:28:36] 发送(hex): 20
[2026/09/15 19:28:36] 发送(hex): 20
[2026/09/15 19:28:36] 发送(hex): 20
[2026/09/15 19:28:36] 发送(hex): 20
[2026/09/15 19:28:36] 发送(hex): 20
[2026/09/15 19:28:36] 发送(hex): 20
[2026/09/15 19:28:36] 发送(hex): 20
[2026/09/15 19:28:36] 发送(hex): 20
[2026/09/15 19:28:36] 发送(hex): 20
[2026/09/15 19:28:36] 发送(hex): 20
[2026/09/15 19:28:36] 发送(hex): 20
[2026/09/15 19:28:36] 发送(hex): 20
[2026/09/15 19:28:36] 发送(hex): 20
[2026/09/15 19:28:36] 发送(hex): 20
[2026/09/15 19:28:36] 发送(hex): 20
[2026/09/15 19:28:36] 发送(hex): 20
[2026/09/15 19:28:36] 发送(hex): 20
[2026/09/15 19:28:36] 发送(hex): 20
[2026/09/15 19:28:36] 发送(hex): 20
[2026/09/15 19:28:36] 发送(hex): 20
[2026/09/15 19:28:36] 发送(hex): 20
[2026/09/15 19:28:36] 发送(hex): 20
[2026/09/15 19:28:36] 发送(hex): 20
[2026/09/15 19:28:36] 发送(hex): 20
[2026/09/15 19:28:36] 发送(hex): 20
[2026/09/15 19:28:36] 发送(hex): 20
[2026/09/15 19:28:36] 发送(hex): 20
[2026/09/15 19:28:36] 发送(hex): 20
[2026/09/15 19:28:36] 发送(hex): 20
[2026/09/15 19:28:36] 发送(hex): 20
[2026/09/15 19:28:36] 发送(hex): 20
[2026/09/15 19:28:36] 发送(hex): 20
[2026/09/15 19:28:36] 发送(hex): 20
[2026/09/15 19:28:36] 发送(hex): 20
[2026/09/15 19:28:36] 发送(hex): 20
[2026/09/15 19:28:36] 发送(hex): 20
[2026/09/15 19:28:36] 发送(hex): 20
[2026/09/15 19:28:36] 发送(hex): 20
[2026/09/15 19:28:36] 发送(hex): 20
[2026/09/15 19:28:36] 发送(hex): 20
[2026/09/15 19:28:36] 发送(hex): 20
[2026/09/15 19:28:36] 发送(hex): 20
[2026/09/15 19:28:37] 发送(hex): 20
[2026/09/15 19:28:37] 发送(hex): 20
[2026/09/15 19:28:37] 发送(hex): 20
[2026/09/15 19:28:37] 发送(hex): 20
[2026/09/15 19:28:37] 发送(hex): 20
[2026/09/15 19:28:37] 发送(hex): 20
[2026/09/15 19:28:37] 发送(hex): 20
[2026/09/15 19:28:37] 发送(hex): 20
[2026/09/15 19:28:37] 发送(hex): 20
[2026/09/15 19:28:37] 发送(hex): 20
[2026/09/15 19:28:37] 发送(hex): 20
[2026/09/15 19:28:37] 发送(hex): 20
[2026/09/15 19:28:37] 发送(hex): 20
[2026/09/15 19:28:37] 发送(hex): 20
[2026/09/15 19:28:37] 发送(hex): 20
[2026/09/15 19:28:37] 发送(hex): 20
[2026/09/15 19:28:37] 发送(hex): 20
[2026/09/15 19:28:37] 发送(hex): 20
[2026/09/15 19:28:37] 发送(hex): 20
[2026/09/15 19:28:37] 发送(hex): 20
[2026/09/15 19:28:37] 发送(hex): 20
[2026/09/15 19:28:37] 发送(hex): 20
[2026/09/15 19:28:37] 发送(hex): 20
[2026/09/15 19:28:37] 发送(hex): 20
[2026/09/15 19:28:37] 发送(hex): 20
[2026/09/15 19:28:37] 发送(hex): 20
[2026/09/15 19:28:37] 发送(hex): 20
[2026/09/15 19:28:37] 发送(hex): 20
[2026/09/15 19:28:37] 发送(hex): 20
[2026/09/15 19:28:37] 发送(hex): 20
[2026/09/15 19:28:37] 发送(hex): 20
[2026/09/15 19:28:37] 发送(hex): 20
[2026/09/15 19:28:37] 发送(hex): 20
[2026/09/15 19:28:37] 发送(hex): 20
[2026/09/15 19:28:37] 发送(hex): 20
[2026/09/15 19:28:37] 发送(hex): 20
[2026/09/15 19:28:37] 发送(hex): 20
[2026/09/15 19:28:37] 发送(hex): 20
[2026/09/15 19:28:37] 发送(hex): 20
[2026/09/15 19:28:37] 发送(hex): 20
[2026/09/15 19:28:37] 发送(hex): 20
[2026/09/15 19:28:37] 发送(hex): 20
[2026/09/15 19:28:37] 发送(hex): 20
[2026/09/15 19:28:37] 发送(hex): 20
[2026/09/15 19:28:37] 发送(hex): 20
[2026/09/15 19:28:37] 发送(hex): 20
[2026/09/15 19:28:37] 发送(hex): 20
[2026/09/15 19:28:37] 发送(hex): 20
[2026/09/15 19:28:37] 发送(hex): 20
[2026/09/15 19:28:37] 发送(hex): 20
[2026/09/15 19:28:37] 发送(hex): 20
[2026/09/15 19:28:37] 发送(hex): 20
[2026/09/15 19:28:37] 发送(hex): 20
[2026/09/15 19:28:37] 发送(hex): 20
[2026/09/15 19:28:37] 发送(hex): 20
[2026/09/15 19:28:37] 发送(hex): 20
[2026/09/15 19:28:37] 发送(hex): 20
[2026/09/15 19:28:37] 发送(hex): 20
[2026/09/15 19:28:37] 发送(hex): 20
[2026/09/15 19:28:37] 发送(hex): 20
[2026/09/15 19:28:37] 发送(hex): 20
[2026/09/15 19:28:37] 发送(hex): 20
[2026/09/15 19:28:37] 发送(hex): 20
[2026/09/15 19:28:37] 发送(hex): 20
[2026/09/15 19:28:37] 发送(hex): 20
[2026/09/15 19:28:37] 发送(hex): 20
[2026/09/15 19:28:37] 发送(hex): 20
[2026/09/15 19:28:37] 发送(hex): 20
[2026/09/15 19:28:37] 发送(hex): 20
[2026/09/15 19:28:37] 发送(hex): 20
[2026/09/15 19:28:37] 发送(hex): 20
[2026/09/15 19:28:37] 发送(hex): 20
[2026/09/15 19:28:37] 发送(hex): 20
[2026/09/15 19:28:37] 发送(hex): 20
[2026/09/15 19:28:37] 发送(hex): 20
[2026/09/15 19:28:37] 发送(hex): 20
[2026/09/15 19:28:37] 发送(hex): 20
[2026/09/15 19:28:37] 发送(hex): 20
[2026/09/15 19:28:37] 发送(hex): 20
[2026/09/15 19:28:37] 发送(hex): 20
[2026/09/15 19:28:37] 发送(hex): 20
[2026/09/15 19:28:37] 发送(hex): 20
[2026/09/15 19:28:37] 发送(hex): 20
[2026/09/15 19:28:37] 发送(hex): 20
[2026/09/15 19:28:37] 发送(hex): 20
[2026/09/15 19:28:37] 发送(hex): 20
[2026/09/15 19:28:37] 发送(hex): 20
[2026/09/15 19:28:37] 发送(hex): 20
[2026/09/15 19:28:37] 发送(hex): 20
[2026/09/15 19:28:37] 发送(hex): 20
[2026/09/15 19:28:37] 发送(hex): 20
[2026/09/15 19:28:37] 发送(hex): 20
[2026/09/15 19:28:37] 发送(hex): 20
[2026/09/15 19:28:38] 发送(hex): 20
[2026/09/15 19:28:38] 发送(hex): 20
[2026/09/15 19:28:38] 发送(hex): 20
[2026/09/15 19:28:38] 发送(hex): 20
[2026/09/15 19:28:38] 发送(hex): 20
[2026/09/15 19:28:38] 发送(hex): 20
[2026/09/15 19:28:38] 发送(hex): 20
[2026/09/15 19:28:38] 发送(hex): 20
[2026/09/15 19:28:38] 发送(hex): 20
[2026/09/15 19:28:38] 发送(hex): 20
[2026/09/15 19:28:38] 发送(hex): 20
[2026/09/15 19:28:38] 发送(hex): 20
[2026/09/15 19:28:38] 发送(hex): 20
[2026/09/15 19:28:38] 发送(hex): 20
[2026/09/15 19:28:38] 发送(hex): 20
[2026/09/15 19:28:38] 发送(hex): 20
[2026/09/15 19:28:38] 发送(hex): 20
[2026/09/15 19:28:38] 发送(hex): 20
[2026/09/15 19:28:38] 发送(hex): 20
[2026/09/15 19:28:38] 发送(hex): 20
[2026/09/15 19:28:38] 发送(hex): 20
[2026/09/15 19:28:38] 发送(hex): 20
[2026/09/15 19:28:38] 发送(hex): 20
[2026/09/15 19:28:38] 发送(hex): 20
[2026/09/15 19:28:38] 发送(hex): 20
[2026/09/15 19:28:38] 发送(hex): 20
[2026/09/15 19:28:38] 发送(hex): 20
[2026/09/15 19:28:38] 发送(hex): 20
[2026/09/15 19:28:38] 发送(hex): 20
[2026/09/15 19:28:38] 发送(hex): 20
[2026/09/15 19:28:38] 发送(hex): 20
[2026/09/15 19:28:38] 发送(hex): 20
[2026/09/15 19:28:38] 发送(hex): 20
[2026/09/15 19:28:38] 发送(hex): 20
[2026/09/15 19:28:38] 发送(hex): 20
[2026/09/15 19:28:38] 发送(hex): 20
[2026/09/15 19:28:38] 发送(hex): 20
[2026/09/15 19:28:38] 发送(hex): 20
[2026/09/15 19:28:38] 发送(hex): 20
[2026/09/15 19:28:38] 发送(hex): 20
[2026/09/15 19:28:38] 发送(hex): 20
[2026/09/15 19:28:38] 发送(hex): 20
[2026/09/15 19:28:38] 发送(hex): 20
[2026/09/15 19:28:38] 发送(hex): 20
[2026/09/15 19:28:38] 发送(hex): 20
[2026/09/15 19:28:38] 发送(hex): 20
[2026/09/15 19:28:38] 发送(hex): 20
[2026/09/15 19:28:38] 发送(hex): 20
[2026/09/15 19:28:38] 发送(hex): 20
[2026/09/15 19:28:38] 发送(hex): 20
[2026/09/15 19:28:38] 发送(hex): 20
[2026/09/15 19:28:38] 发送(hex): 20
[2026/09/15 19:28:38] 发送(hex): 20
[2026/09/15 19:28:38] 发送(hex): 20
[2026/09/15 19:28:38] 发送(hex): 20
[2026/09/15 19:28:38] 发送(hex): 20
[2026/09/15 19:28:38] 发送(hex): 20
[2026/09/15 19:28:38] 发送(hex): 20
[2026/09/15 19:28:38] 发送(hex): 20
[2026/09/15 19:28:38] 发送(hex): 20
[2026/09/15 19:28:38] 发送(hex): 20
[2026/09/15 19:28:38] 发送(hex): 20
[2026/09/15 19:28:38] 发送(hex): 20
[2026/09/15 19:28:38] 发送(hex): 20
[2026/09/15 19:28:38] 发送(hex): 20
[2026/09/15 19:28:38] 发送(hex): 20
[2026/09/15 19:28:38] 发送(hex): 20
[2026/09/15 19:28:38] 发送(hex): 20
[2026/09/15 19:28:38] 发送(hex): 20
[2026/09/15 19:28:38] 发送(hex): 20
[2026/09/15 19:28:38] 发送(hex): 20
[2026/09/15 19:28:38] 发送(hex): 20
[2026/09/15 19:28:38] 发送(hex): 20
[2026/09/15 19:28:38] 发送(hex): 20
[2026/09/15 19:28:38] 发送(hex): 20
[2026/09/15 19:28:38] 发送(hex): 20
[2026/09/15 19:28:38] 发送(hex): 20
[2026/09/15 19:28:38] 发送(hex): 20
[2026/09/15 19:28:38] 发送(hex): 20
[2026/09/15 19:28:38] 发送(hex): 20
[2026/09/15 19:28:38] 发送(hex): 20
[2026/09/15 19:28:38] 发送(hex): 20
[2026/09/15 19:28:38] 发送(hex): 20
[2026/09/15 19:28:38] 发送(hex): 20
[2026/09/15 19:28:38] 发送(hex): 20
[2026/09/15 19:28:38] 发送(hex): 20
[2026/09/15 19:28:38] 发送(hex): 20
[2026/09/15 19:28:38] 发送(hex): 20
[2026/09/15 19:28:38] 发送(hex): 20
[2026/09/15 19:28:38] 发送(hex): 20
[2026/09/15 19:28:38] 发送(hex): 20
[2026/09/15 19:28:38] 发送(hex): 20
[2026/09/15 19:28:38] 发送(hex): 20
[2026/09/15 19:28:39] 发送(hex): 20
[2026/09/15 19:28:39] 发送(hex): 20
[2026/09/15 19:28:39] 发送(hex): 20
[2026/09/15 19:28:39] 发送(hex): 20
[2026/09/15 19:28:39] 发送(hex): 20
[2026/09/15 19:28:39] 发送(hex): 20
[2026/09/15 19:28:39] 发送(hex): 20
[2026/09/15 19:28:39] 发送(hex): 20
[2026/09/15 19:28:39] 发送(hex): 20
[2026/09/15 19:28:39] 发送(hex): 20
[2026/09/15 19:28:39] 发送(hex): 20
[2026/09/15 19:28:39] 发送(hex): 20
[2026/09/15 19:28:39] 发送(hex): 20
[2026/09/15 19:28:39] 发送(hex): 20
[2026/09/15 19:28:39] 发送(hex): 20
[2026/09/15 19:28:39] 发送(hex): 20
[2026/09/15 19:28:39] 发送(hex): 20
[2026/09/15 19:28:39] 发送(hex): 20
[2026/09/15 19:28:39] 发送(hex): 20
[2026/09/15 19:28:39] 发送(hex): 20
[2026/09/15 19:28:39] 发送(hex): 20
[2026/09/15 19:28:39] 发送(hex): 20
[2026/09/15 19:28:39] 发送(hex): 20
[2026/09/15 19:28:39] 发送(hex): 20
[2026/09/15 19:28:39] 发送(hex): 20
[2026/09/15 19:28:39] 发送(hex): 20
[2026/09/15 19:28:39] 发送(hex): 20
[2026/09/15 19:28:39] 发送(hex): 20
[2026/09/15 19:28:39] 发送(hex): 20
[2026/09/15 19:28:39] 发送(hex): 20
[2026/09/15 19:28:39] 发送(hex): 20
[2026/09/15 19:28:39] 发送(hex): 20
[2026/09/15 19:28:39] 发送(hex): 20
[2026/09/15 19:28:39] 发送(hex): 20
[2026/09/15 19:28:39] 发送(hex): 20
[2026/09/15 19:28:39] 发送(hex): 20
[2026/09/15 19:28:39] 发送(hex): 20
[2026/09/15 19:28:39] 发送(hex): 20
[2026/09/15 19:28:39] 发送(hex): 20
[2026/09/15 19:28:39] 发送(hex): 20
[2026/09/15 19:28:39] 发送(hex): 20
[2026/09/15 19:28:39] 发送(hex): 20
[2026/09/15 19:28:39] 发送(hex): 20
[2026/09/15 19:28:39] 发送(hex): 20
[2026/09/15 19:28:39] 发送(hex): 20
[2026/09/15 19:28:39] 发送(hex): 20
[2026/09/15 19:28:39] 发送(hex): 20
[2026/09/15 19:28:39] 发送(hex): 20
[2026/09/15 19:28:39] 发送(hex): 20
[2026/09/15 19:28:39] 发送(hex): 20
[2026/09/15 19:28:39] 发送(hex): 20
[2026/09/15 19:28:39] 发送(hex): 20
[2026/09/15 19:28:39] 发送(hex): 20
[2026/09/15 19:28:39] 发送(hex): 20
[2026/09/15 19:28:39] 发送(hex): 20
[2026/09/15 19:28:39] 发送(hex): 20
[2026/09/15 19:28:39] 发送(hex): 20
[2026/09/15 19:28:39] 发送(hex): 20
[2026/09/15 19:28:39] 发送(hex): 20
[2026/09/15 19:28:39] 发送(hex): 20
[2026/09/15 19:28:39] 发送(hex): 20
[2026/09/15 19:28:39] 发送(hex): 20
[2026/09/15 19:28:39] 发送(hex): 20
[2026/09/15 19:28:39] 发送(hex): 20
[2026/09/15 19:28:39] 发送(hex): 20
[2026/09/15 19:28:39] 发送(hex): 20
[2026/09/15 19:28:39] 发送(hex): 20
[2026/09/15 19:28:39] 发送(hex): 20
[2026/09/15 19:28:39] 发送(hex): 20
[2026/09/15 19:28:39] 发送(hex): 20
[2026/09/15 19:28:39] 发送(hex): 20
[2026/09/15 19:28:39] 发送(hex): 20
[2026/09/15 19:28:39] 发送(hex): 20
[2026/09/15 19:28:39] 发送(hex): 20
[2026/09/15 19:28:39] 发送(hex): 20
[2026/09/15 19:28:39] 发送(hex): 20
[2026/09/15 19:28:39] 发送(hex): 20
[2026/09/15 19:28:39] 发送(hex): 20
[2026/09/15 19:28:39] 发送(hex): 20
[2026/09/15 19:28:39] 发送(hex): 20
[2026/09/15 19:28:39] 发送(hex): 20
[2026/09/15 19:28:39] 发送(hex): 20
[2026/09/15 19:28:39] 发送(hex): 20
[2026/09/15 19:28:39] 发送(hex): 20
[2026/09/15 19:28:39] 发送(hex): 20
[2026/09/15 19:28:39] 发送(hex): 20
[2026/09/15 19:28:39] 发送(hex): 20
[2026/09/15 19:28:39] 发送(hex): 20
[2026/09/15 19:28:39] 发送(hex): 20
[2026/09/15 19:28:39] 发送(hex): 20
[2026/09/15 19:28:39] 发送(hex): 20
[2026/09/15 19:28:39] 发送(hex): 20
[2026/09/15 19:28:39] 发送(hex): 20
[2026/09/15 19:28:40] 发送(hex): 20
[2026/09/15 19:28:40] 发送(hex): 20
[2026/09/15 19:28:40] 发送(hex): 20
[2026/09/15 19:28:40] 发送(hex): 20
[2026/09/15 19:28:40] 发送(hex): 20
[2026/09/15 19:28:44] 发送(hex): 0d
[2026/09/15 19:28:44] 发送(hex): 0d
[2026/09/15 19:28:44] Realtek>
[2026/09/15 19:28:44] 发送(hex): 0d
[2026/09/15 19:28:44] Realtek>
[2026/09/15 19:28:44] 发送(hex): 0d
[2026/09/15 19:28:44] Realtek>
[2026/09/15 19:28:44] 发送(hex): 0d
[2026/09/15 19:28:44] Realtek>
[2026/09/15 19:28:44] Realtek>
[2026/09/15 19:28:53] 发送(hex): 20
[2026/09/15 19:28:53] 发送(hex): 20
[2026/09/15 19:28:53] 发送(hex): 20
[2026/09/15 19:28:53] 发送(hex): 20
[2026/09/15 19:28:53] 发送(hex): 20
[2026/09/15 19:28:53] 发送(hex): 20
[2026/09/15 19:28:53] 发送(hex): 20
[2026/09/15 19:28:53] 发送(hex): 20
[2026/09/15 19:28:53] 发送(hex): 20
[2026/09/15 19:28:53] 发送(hex): 20
[2026/09/15 19:28:53] 发送(hex): 20
[2026/09/15 19:28:53] 发送(hex): 20
[2026/09/15 19:28:53] 发送(hex): 20
[2026/09/15 19:28:53] 发送(hex): 20
[2026/09/15 19:28:53] 发送(hex): 20
[2026/09/15 19:28:53] 发送(hex): 20
[2026/09/15 19:28:53] 发送(hex): 20
[2026/09/15 19:28:53] 发送(hex): 20
[2026/09/15 19:28:53] 发送(hex): 20
[2026/09/15 19:28:53] 发送(hex): 20
[2026/09/15 19:28:53] 发送(hex): 20
[2026/09/15 19:28:53] 发送(hex): 20
[2026/09/15 19:28:53] 发送(hex): 20
[2026/09/15 19:28:53] 发送(hex): 20
[2026/09/15 19:28:53] 发送(hex): 20
[2026/09/15 19:28:53] 发送(hex): 20
[2026/09/15 19:28:53] 发送(hex): 20
[2026/09/15 19:28:53] 发送(hex): 20
[2026/09/15 19:28:53] 发送(hex): 20
[2026/09/15 19:28:53] 发送(hex): 20
[2026/09/15 19:28:53] 发送(hex): 20
[2026/09/15 19:28:53] 发送(hex): 20
[2026/09/15 19:28:53] 发送(hex): 20
[2026/09/15 19:28:53] 发送(hex): 20
[2026/09/15 19:28:53] 发送(hex): 20
[2026/09/15 19:28:53] 发送(hex): 20
[2026/09/15 19:28:53] 发送(hex): 20
[2026/09/15 19:28:53] 发送(hex): 20
[2026/09/15 19:28:53] 发送(hex): 20
[2026/09/15 19:28:53] 发送(hex): 20
[2026/09/15 19:28:53] 发送(hex): 20
[2026/09/15 19:28:53] 发送(hex): 20
[2026/09/15 19:28:53] 发送(hex): 20
[2026/09/15 19:28:53] 发送(hex): 20
[2026/09/15 19:28:53] 发送(hex): 20
[2026/09/15 19:28:53] 发送(hex): 20
[2026/09/15 19:28:53] 发送(hex): 20
[2026/09/15 19:28:53] 发送(hex): 20
[2026/09/15 19:28:53] 发送(hex): 20
[2026/09/15 19:28:53] 发送(hex): 20
[2026/09/15 19:28:53] $
[2026/09/15 19:28:53] Post romcode git ver:42df880604ac78a3
[2026/09/15 19:28:53] 发送(hex): 20
[2026/09/15 19:28:53] 发送(hex): 20
[2026/09/15 19:28:53] 发送(hex): 20
[2026/09/15 19:28:53] (Aug 28 2026 21:41:35)
[2026/09/15 19:28:53] $
[2026/09/15 19:28:53] Hello world, RTD2875P_CN2_TV030!
[2026/09/15 19:28:53] set_wifi_reset
[2026/09/15 19:28:53] Auxcode git ver:3a4deb9ea300359e (Aug 28 2026 21:41:29)
[2026/09/15 19:28:53] flash_type = 2, secure_type = 2
[2026/09/15 19:28:53] b8062204=0
[2026/09/15 19:28:53] 发送(hex): 20
[2026/09/15 19:28:53] 发送(hex): 20
[2026/09/15 19:28:53] 发送(hex): 20
[2026/09/15 19:28:53] 发送(hex): 20
[2026/09/15 19:28:53] 发送(hex): 20
[2026/09/15 19:28:53] 发送(hex): 20
[2026/09/15 19:28:53] 发送(hex): 20
[2026/09/15 19:28:53] 发送(hex): 20
[2026/09/15 19:28:53] 发送(hex): 20
[2026/09/15 19:28:53] slot info 0 0x0 info 1 0x0
[2026/09/15 19:28:53] invalid reg slot status 0x0,get slot info from flash!
[2026/09/15 19:28:53] g_gpt_blk_start 0x1  g_offline_gpt 0x0 last_usable_lba 0x1cd2032 num_partition_entries 0x32
[2026/09/15 19:28:53] start 0x2e600000 clt_blk 0x1973004 ctrl size 0x20
[2026/09/15 19:28:53] choose active index 0
[2026/09/15 19:28:53] part name bootloader ative_slot _a real part name bootloader_a
[2026/09/15 19:28:53] part name hwsetting start 0x100000 size 0x33600
[2026/09/15 19:28:53] part name ext_fw start 0x133600 size 0x10400
[2026/09/15 19:28:53] part name kboot start 0x143a00 size 0x16e00
[2026/09/15 19:28:53] part name uboot start 0x15a800 size 0x120400
[2026/09/15 19:28:53] ls4 2 1 = 800040ab 8000207f 80001000
[2026/09/15 19:28:53] fNewHWsettingArch = 2
[2026/09/15 19:28:53] 1.lsadcidx = 2, brand =3, offset = 0
[2026/09/15 19:28:53] 1.lsadcidx = 2, brand =3, offset = 17800
[2026/09/15 19:28:53] hwsetting from mmc
[2026/09/15 19:28:53] AC on HW offset 0x809 start 0x800 reg 0x8090800
[2026/09/15 19:28:53] total = 2f00
[2026/09/15 19:28:53] 发送(hex): 20
[2026/09/15 19:28:53] 发送(hex): 20
[2026/09/15 19:28:53] 发送(hex): 20
[2026/09/15 19:28:53] 发送(hex): 20
[2026/09/15 19:28:53] 发送(hex): 20
[2026/09/15 19:28:53] A
[2026/09/15 19:28:53] 发送(hex): 20
[2026/09/15 19:28:53] A
[2026/09/15 19:28:53] 发送(hex): 20
[2026/09/15 19:28:53] 发送(hex): 20
[2026/09/15 19:28:53] A
[2026/09/15 19:28:53] A
[2026/09/15 19:28:54] 发送(hex): 20
[2026/09/15 19:28:54] A
[2026/09/15 19:28:54] 发送(hex): 20
[2026/09/15 19:28:54] 发送(hex): 20
[2026/09/15 19:28:54] {12 14}
[2026/09/15 19:28:54] ffeeddffeeddddr ver: 62c63180
[2026/09/15 19:28:54] ori DQS0~7 {03 04 1a 1c 00 01 00 00}
[2026/09/15 19:28:54] 发送(hex): 20
[2026/09/15 19:28:54] 发送(hex): 20
[2026/09/15 19:28:54] 发送(hex): 20
[2026/09/15 19:28:54] 发送(hex): 20
[2026/09/15 19:28:54] 发送(hex): 20
[2026/09/15 19:28:54] 发送(hex): 20
[2026/09/15 19:28:54] 发送(hex): 20
[2026/09/15 19:28:54] {01 03 19 1b 00 01 00 00} {08 09 06 09 06 06 00 00}
[2026/09/15 19:28:54] r.y.0
[2026/09/15 19:28:54] 发送(hex): 20
[2026/09/15 19:28:54] 发送(hex): 20
[2026/09/15 19:28:54] r.y.0 SCPU BISR status: Done
[2026/09/15 19:28:54] 发送(hex): 20
[2026/09/15 19:28:54] [go k
[2026/09/15 19:28:54] 发送(hex): 20
[2026/09/15 19:28:54] 发送(hex): 20
[2026/09/15 19:28:54] 发送(hex): 20
[2026/09/15 19:28:54] 发送(hex): 20
[2026/09/15 19:28:54] b]
[2026/09/15 19:28:54] pass bootcode info to kboot
[2026/09/15 19:28:54] num=1100
[2026/09/15 19:28:54] boot_magic=70276422
[2026/09/15 19:28:54] ---DEBUG kboot 21:41:14 Aug 28 2026 ---
[2026/09/15 19:28:54] [Kboot]eMMC(mid-15) MMC_HS50 (50000000Mhz)[8bit].
[2026/09/15 19:28:54] block info 0x1cd2032 0x3a3e000.
[2026/09/15 19:28:54] [MMC] 32 -----------> 16GB.
[2026/09/15 19:28:54] 发送(hex): 20
[2026/09/15 19:28:54] 发送(hex): 20
[2026/09/15 19:28:54] (00000000) (1) bufsize=(null)
[2026/09/15 19:28:54] 发送(hex): 20
[2026/09/15 19:28:54] 发送(hex): 20
[2026/09/15 19:28:54] 发送(hex): 20
[2026/09/15 19:28:54] uboot start 0x15a800 size 0x
[2026/09/15 19:28:54] 发送(hex): 20
[2026/09/15 19:28:54] 120400
[2026/09/15 19:28:54] boa
[2026/09/15 19:28:54] 发送(hex): 20
[2026/09/15 19:28:54] 发送(hex): 20
[2026/09/15 19:28:54] rd_version: ls1 = 0, ver: 0
[2026/09/15 19:28:54] [0;31mapp_main 325 board_version=0[0m
[2026/09/15 19:28:54] 发送(hex): 20
[2026/09/15 19:28:54] 发送(hex): 20
[2026/09/15 19:28:54] 发送(hex): 20
[2026/09/15 19:28:54] 发送(hex): 20
[2026/09/15 19:28:54] 发送(hex): 20
[2026/09/15 19:28:54] 发送(hex): 20
[2026/09/15 19:28:54] get FW_TZFW flash start 0xf100200 ddr buf start 0x180000 image size 010c2e3 ok!
[2026/09/15 19:28:54] [INFO]RPMB auth key not written !
[2026/09/15 19:28:54] [INFO]RPMB auth key not written !
[2026/09/15 19:28:54] Current board is not frist boot.
[2026/09/15 19:28:54] ALL zero, reserved_3 has removed.
[2026/09/15 19:28:54] Current board remove reserved_3 done.
[2026/09/15 19:28:54] 发送(hex): 20
[2026/09/15 19:28:54] 发送(hex): 20
[2026/09/15 19:28:54] 发送(hex): 20
[2026/09/15 19:28:54] 发送(hex): 20
[2026/09/15 19:28:54] 发送(hex): 20
[2026/09/15 19:28:54] 发送(hex): 20
[2026/09/15 19:28:54] 发送(hex): 20
[2026/09/15 19:28:54] 发送(hex): 20
[2026/09/15 19:28:54] 发送(hex): 20
[2026/09/15 19:28:54] 发送(hex): 20
[2026/09/15 19:28:54] 发送(hex): 20
[2026/09/15 19:28:54] 发送(hex): 20
[2026/09/15 19:28:54] 发送(hex): 20
[2026/09/15 19:28:54] 发送(hex): 20
[2026/09/15 19:28:54] 发送(hex): 20
[2026/09/15 19:28:54] 发送(hex): 20
[2026/09/15 19:28:54] 发送(hex): 20
[2026/09/15 19:28:54] 发送(hex): 20
[2026/09/15 19:28:54] get FW_VKERNEL flash s
[2026/09/15 19:28:54] 发送(hex): 20
[2026/09/15 19:28:54] 发送(hex): 20
[2026/09/15 19:28:54] tart 0xc100200 ddr buf start 0x1a900000 image size 05f0300 ok!
[2026/09/15 19:28:54] 发送(hex): 20
[2026/09/15 19:28:54] 发送(hex): 20
[2026/09/15 19:28:54] 发送(hex): 20
[2026/09/15 19:28:54] 发送(hex): 20
[2026/09/15 19:28:54] get FW_VKERNEL2 flash start 0xd900200 ddr buf start 0x1af00000 image size 0f4920 ok!
[2026/09/15 19:28:54] 发送(hex): 20
[2026/09/15 19:28:54] 发送(hex): 20
[2026/09/15 19:28:54] 发送(hex): 20
[2026/09/15 19:28:54] 发送(hex): 20
[2026/09/15 19:28:54] 发送(hex): 20
[2026/09/15 19:28:54] 发送(hex): 20
[2026/09/15 19:28:54] 发送(hex): 20
[2026/09/15 19:28:54] 发送(hex): 20
[2026/09/15 19:28:54] 发送(hex): 20
[2026/09/15 19:28:54] 发送(hex): 20
[2026/09/15 19:28:54] 发送(hex): 20
[2026/09/15 19:28:54] 发送(hex): 20
[2026/09/15 19:28:54] 发送(hex): 20
[2026/09/15 19:28:54] 发送(hex): 20
[2026/09/15 19:28:54] 发送(hex): 20
[2026/09/15 19:28:54] 发送(hex): 20
[2026/09/15 19:28:54] 发送(hex): 20
[2026/09/15 19:28:54] 发送(hex): 20
[2026/09/15 19:28:54] 发送(hex): 20
[2026/09/15 19:28:54] 发送(hex): 20
[2026/09/15 19:28:54] 发送(hex): 20
[2026/09/15 19:28:54] 发送(hex): 20
[2026/09/15 19:28:54] 发送(hex): 20
[2026/09/15 19:28:54] 发送(hex): 20
[2026/09/15 19:28:54] 发送(hex): 20
[2026/09/15 19:28:54] get FW_AKERNEL flash start 0xa900200 ddr buf start 0x1b200000 image size 07fbf7c ok!
[2026/09/15 19:28:54] 发送(hex): 20
[2026/09/15 19:28:54] 发送(hex): 20
[2026/09/15 19:28:54] 发送(hex): 20
[2026/09/15 19:28:54] 发送(hex): 20
[2026/09/15 19:28:54] 发送(hex): 20
[2026/09/15 19:28:54] 发送(hex): 20
[2026/09/15 19:28:54] 发送(hex): 20
[2026/09/15 19:28:54] 发送(hex): 20
[2026/09/15 19:28:54] 发送(hex): 20
[2026/09/15 19:28:54] 发送(hex): 20
[2026/09/15 19:28:54] ATFATFATF:0 1 NOTICE: kill CPU(2)...
[2026/09/15 19:28:54] ATF:0 1 NOTICE: kill (2) : PACTIVE:0
[2026/09/15 19:28:54] ATF:0 1 NOTICE:  CPU(2) kill done, pstate(0x0)
[2026/09/15 19:28:54] 发送(hex): 20
[2026/09/15 19:28:54] U
[2026/09/15 19:28:55] 发送(hex): 20
[2026/09/15 19:28:55] 发送(hex): 20
[2026/09/15 19:28:55] 发送(hex): 20
[2026/09/15 19:28:55] 发送(hex): 20
[2026/09/15 19:28:55] 发送(hex): 20
[2026/09/15 19:28:55] 发送(hex): 20
[2026/09/15 19:28:55] 发送(hex): 20
[2026/09/15 19:28:55] 发送(hex): 20
[2026/09/15 19:28:55] 发送(hex): 20
[2026/09/15 19:28:55] 发送(hex): 20
[2026/09/15 19:28:55] 发送(hex): 20
[2026/09/15 19:28:55] 发送(hex): 20
[2026/09/15 19:28:55] fixup_node_name 555. set /reserved-me
[2026/09/15 19:28:55] 发送(hex): 20
[2026/09/15 19:28:55] 发送(hex): 20
[2026/09/15 19:28:55] 发送(hex): 20
[2026/09/15 19:28:55] 发送(hex): 20
[2026/09/15 19:28:55] mory@5 to /reserved-memory
[2026/09/15 19:28:55] fixup_node_name 555. set /rtk_cma@5 to /rtk_cma
[2026/09/15 19:28:55] ### [1;31mERROR[0m ### get_movablecore 613. Can't find dtb node /reserved-memory/cma2_memory/reg
[2026/09/15 19:28:55] reinit_mem_info 1049  ddr_size 80000000
[2026/09/15 19:28:55] 发送(hex): 20
[2026/09/15 19:28:55] 发送(hex): 20
[2026/09/15 19:28:55] booting, boot_led_type: 0x00000000, led on[1]
[2026/09/15 19:28:55] set share register: 0x99100000
[2026/09/15 19:28:55] boot_power_on_mode=1
[2026/09/15 19:28:55] [get_layout:1264]!
[2026/09/15 19:28:55] 发送(hex): 20
[2026/09/15 19:28:55] 发送(hex): 20
[2026/09/15 19:28:55] 发送(hex): 20
[2026/09/15 19:28:55] 发送(hex): 20
[2026/09/15 19:28:55] 发送(hex): 20
[2026/09/15 19:28:55] 发送(hex): 20
[2026/09/15 19:28:55] 发送(hex): 20
[2026/09/15 19:28:55] 发送(hex): 20
[2026/09/15 19:28:55] boot_part value = 0 boot_tag value = 21
[2026/09/15 19:28:55] [get_oemkey] 1397: get oem.key = ATV00107525
[2026/09/15 19:28:55] Factory_RO: [EXT4] factory_ro_buffer:0a800000, factory_ro_buffer size:0x1000000!
[2026/09/15 19:28:55] Partiton factory_ro_a located at 0:6
[2026/09/15 19:28:55] factory_ro_a partition can not find /.000@bk@***!
[2026/09/15 19:28:55] Factory RO no need recovery!
[2026/09/15 19:28:55] Get tvconfigs_a partition block device index fail!
[2026/09/15 19:28:55] read customer.ini file fail!
[2026/09/15 19:28:55] parse SYS_INI path fail
[2026/09/15 19:28:55] Not support board ini mechansim!
[2026/09/15 19:28:55] Get tvconfigs_a partition block device index fail!
[2026/09/15 19:28:55] read customer.ini file fail!
[2026/09/15 19:28:55] parse SYS_INI path fail
[2026/09/15 19:28:55] load model ini file fail
[2026/09/15 19:28:55] cannot find PcbPath from ini file
[2026/09/15 19:28:55] no pcb.config in tvconfigs
[2026/09/15 19:28:55] no mnt/vendor/factorypcb.config
[2026/09/15 19:28:55] 发送(hex): 20
[2026/09/15 19:28:55] 发送(hex): 20
[2026/09/15 19:28:55] 发送(hex): 20
[2026/09/15 19:28:55] 发送(hex): 20
[2026/09/15 19:28:55] 发送(hex): 20
[2026/09/15 19:28:55] 发送(hex): 20
[2026/09/15 19:28:55] 发送(hex): 20
[2026/09/15 19:28:55] 发送(hex): 20
[2026/09/15 19:28:55] 发送(hex): 20
[2026/09/15 19:28:55] 发送(hex): 20
[2026/09/15 19:28:55] 发送(hex): 20
[2026/09/15 19:28:55] 发送(hex): 20
[2026/09/15 19:28:55] 发送(hex): 20
[2026/09/15 19:28:55] 发送(hex): 20
[2026/09/15 19:28:55] 发送(hex): 20
[2026/09/15 19:28:55] 发送(hex): 20
[2026/09/15 19:28:55] 发送(hex): 20
[2026/09/15 19:28:55] 发送(hex): 20
[2026/09/15 19:28:55] 发送(hex): 20
[2026/09/15 19:28:55] 发送(hex): 20
[2026/09/15 19:28:55] 发送(hex): 20
[2026/09/15 19:28:55] 发送(hex): 20
[2026/09/15 19:28:55] 发送(hex): 20
[2026/09/15 19:28:55] 发送(hex): 20
[2026/09/15 19:28:55] 发送(hex): 20
[2026/09/15 19:28:55] 发送(hex): 20
[2026/09/15 19:28:55] 发送(hex): 20
[2026/09/15 19:28:55] 发送(hex): 20
[2026/09/15 19:28:55] 发送(hex): 20
[2026/09/15 19:28:55] 发送(hex): 20
[2026/09/15 19:28:55] 发送(hex): 20
[2026/09/15 19:28:55] 发送(hex): 20
[2026/09/15 19:28:55] 发送(hex): 20
[2026/09/15 19:28:55] 发送(hex): 20
[2026/09/15 19:28:55] 发送(hex): 20
[2026/09/15 19:28:55] 发送(hex): 20
[2026/09/15 19:28:55] 发送(hex): 20
[2026/09/15 19:28:55] 发送(hex): 20
[2026/09/15 19:28:55] 发送(hex): 20
[2026/09/15 19:28:55] 发送(hex): 20
[2026/09/15 19:28:55] 发送(hex): 20
[2026/09/15 19:28:55] 发送(hex): 20
[2026/09/15 19:28:55] 发送(hex): 20
[2026/09/15 19:28:55] 发送(hex): 20
[2026/09/15 19:28:55] 发送(hex): 20
[2026/09/15 19:28:55] 发送(hex): 20
[2026/09/15 19:28:55] 发送(hex): 20
[2026/09/15 19:28:55] 发送(hex): 20
[2026/09/15 19:28:55] 发送(hex): 20
[2026/09/15 19:28:55] 发送(hex): 20
[2026/09/15 19:28:55] 发送(hex): 20
[2026/09/15 19:28:55] delay:427
[2026/09/15 19:28:55] 发送(hex): 20
[2026/09/15 19:28:55] 发送(hex): 20
[2026/09/15 19:28:55] 发送(hex): 20
[2026/09/15 19:28:55] 发送(hex): 20
[2026/09/15 19:28:55] 发送(hex): 20
[2026/09/15 19:28:55] 发送(hex): 20
[2026/09/15 19:28:55] 发送(hex): 20
[2026/09/15 19:28:55] 发送(hex): 20
[2026/09/15 19:28:55] 发送(hex): 20
[2026/09/15 19:28:55] 发送(hex): 20
[2026/09/15 19:28:55] 发送(hex): 20
[2026/09/15 19:28:55] 发送(hex): 20
[2026/09/15 19:28:55] 发送(hex): 20
[2026/09/15 19:28:55] 发送(hex): 20
[2026/09/15 19:28:55] 发送(hex): 20
[2026/09/15 19:28:56] 发送(hex): 20
[2026/09/15 19:28:56] 发送(hex): 20
[2026/09/15 19:28:56] 发送(hex): 20
[2026/09/15 19:28:56] 发送(hex): 20
[2026/09/15 19:28:56] 发送(hex): 20
[2026/09/15 19:28:56] 发送(hex): 20
[2026/09/15 19:28:56] 发送(hex): 20
[2026/09/15 19:28:56] 发送(hex): 20
[2026/09/15 19:28:56] 发送(hex): 20
[2026/09/15 19:28:56] 发送(hex): 20
[2026/09/15 19:28:56] 发送(hex): 20
[2026/09/15 19:28:56] 发送(hex): 20
[2026/09/15 19:28:56] 发送(hex): 20
[2026/09/15 19:28:56] 发送(hex): 20
[2026/09/15 19:28:56] 发送(hex): 20
[2026/09/15 19:28:56] 发送(hex): 20
[2026/09/15 19:28:56] 发送(hex): 20
[2026/09/15 19:28:56] Net:   r8168: REALTEK RTL8168 @0x18016000
[2026/09/15 19:28:56] 发送(hex): 20
[2026/09/15 19:28:56] 发送(hex): 20
[2026/09/15 19:28:56] 发送(hex): 20
[2026/09/15 19:28:56] 发送(hex): 20
[2026/09/15 19:28:56] Start Boot Setup ...
[2026/09/15 19:28:56] (powerMgr_get_wakeup_source)2012/05/30 19:50
[2026/09/15 19:28:56] wakeup source : AC
[2026/09/15 19:28:56] 发送(hex): 20
[2026/09/15 19:28:56] 发送(hex): 20
[2026/09/15 19:28:56] 发送(hex): 20
[2026/09/15 19:28:56] 发送(hex): 20
[2026/09/15 19:28:56] (powerMgr_get_wakeup_source)2012/05/30 19:50
[2026/09/15 19:28:56] wakeup source : AC
[2026/09/15 19:28:56] wakeup_src=0, boot_logo_enable=1, bgm_boot_type=0, POWER_ON_MODE_SILEN=0.
[2026/09/15 19:28:56] 发送(hex): 20
[2026/09/15 19:28:56] 发送(hex): 20
[2026/09/15 19:28:56] 发送(hex): 20
[2026/09/15 19:28:56] GDMA module_init finish
[2026/09/15 19:28:56] [GDMA] OSD size[3840,2160]
[2026/09/15 19:28:56] [GDMA] gdma_showlogo gdma show logo 2513
[2026/09/15 19:28:56] Net:   r8168: REALTEK RTL8168 @0x18016000
[2026/09/15 19:28:56] 发送(hex): 20
[2026/09/15 19:28:56] 发送(hex): 20
[2026/09/15 19:28:56] ## Android Verified Boot 2.0 versi
[2026/09/15 19:28:56] 发送(hex): 20
[2026/09/15 19:28:56] on 1.1.0
[2026/09/15 19:28:56] 发送(hex): 20
[2026/09/15 19:28:56] 发送(hex): 20
[2026/09/15 19:28:56] 发送(hex): 20
[2026/09/15 19:28:56] 发送(hex): 20
[2026/09/15 19:28:56] 发送(hex): 20
[2026/09/15 19:28:56] 发送(hex): 20
[2026/09/15 19:28:56] 发送(hex): 20
[2026/09/15 19:28:56] 发送(hex): 20
[2026/09/15 19:28:56] 发送(hex): 20
[2026/09/15 19:28:56] 发送(hex): 20
[2026/09/15 19:28:56] 发送(hex): 20
[2026/09/15 19:28:56] 发送(hex): 20
[2026/09/15 19:28:56] 发送(hex): 20
[2026/09/15 19:28:56] 发送(hex): 20
[2026/09/15 19:28:56] 发送(hex): 20
[2026/09/15 19:28:56] 发送(hex): 20
[2026/09/15 19:28:56] 发送(hex): 20
[2026/09/15 19:28:56] 发送(hex): 20
[2026/09/15 19:28:56] 发送(hex): 20
[2026/09/15 19:28:56] 发送(hex): 20
[2026/09/15 19:28:56] 发送(hex): 20
[2026/09/15 19:28:56] 发送(hex): 20
[2026/09/15 19:28:56] 发送(hex): 20
[2026/09/15 19:28:56] 发送(hex): 20
[2026/09/15 19:28:56] 发送(hex): 20
[2026/09/15 19:28:56] 发送(hex): 20
[2026/09/15 19:28:56] 发送(hex): 20
[2026/09/15 19:28:56] 发送(hex): 20
[2026/09/15 19:28:56] 发送(hex): 20
[2026/09/15 19:28:56] 发送(hex): 20
[2026/09/15 19:28:56] 发送(hex): 20
[2026/09/15 19:28:56] 发送(hex): 20
[2026/09/15 19:28:56] 发送(hex): 20
[2026/09/15 19:28:56] 发送(hex): 20
[2026/09/15 19:28:56] 发送(hex): 20
[2026/09/15 19:28:56] 发送(hex): 20
[2026/09/15 19:28:56] 发送(hex): 20
[2026/09/15 19:28:56] 发送(hex): 20
[2026/09/15 19:28:56] 发送(hex): 20
[2026/09/15 19:28:56] 发送(hex): 20
[2026/09/15 19:28:56] 发送(hex): 20
[2026/09/15 19:28:56] 发送(hex): 20
[2026/09/15 19:28:56] 发送(hex): 20
[2026/09/15 19:28:56] 发送(hex): 20
[2026/09/15 19:28:56] 发送(hex): 20
[2026/09/15 19:28:56] 发送(hex): 20
[2026/09/15 19:28:56] 发送(hex): 20
[2026/09/15 19:28:56] Verification passed successfully
[2026/09/15 19:28:56] [Skip A] boot manual mode
[2026/09/15 19:28:56] [Skip V] boot manual mode
[2026/09/15 19:28:56] is_avb_verify_hash_partition 164 find avb verify part_name boot img_buf 0x66400000 size 0x307a000
[2026/09/15 19:28:56] boot header version : 4
[2026/09/15 19:28:56] is_avb_verify_hash_partition 164 find avb verify part_name vendor_boot img_buf 0x6bc00000 size 0x10a3000
[2026/09/15 19:28:56] get_partition_content_by_name 11954 get gpt_name init_boot_a err,try part name init_boot!
[2026/09/15 19:28:56] get_partition_content_by_name 11956 get part name init_boot err!
[2026/09/15 19:28:56] 发送(hex): 20
[2026/09/15 19:28:56] 发送(hex): 20
[2026/09/15 19:28:56] 发送(hex): 20
[2026/09/15 19:28:56] 发送(hex): 20
[2026/09/15 19:28:56] 发送(hex): 20
[2026/09/15 19:28:56] 发送(hex): 20
[2026/09/15 19:28:56] 发送(hex): 20
[2026/09/15 19:28:56] get_merge_ramdisk 11932 cur_ramdisk_size 0xf3096 real_cur_ramdisk_size 0xf3096
[2026/09/15 19:28:56] get_merge_ramdisk 11932 cur_ramdisk_size 0x2019e5 real_cur_ramdisk_size 0x2019e5
[2026/09/15 19:28:56] is_avb_verify_hash_partition 164 find avb verify part_name dtbo img_buf 0x6fc00000 size 0x1186
[2026/09/15 19:28:56] Net:   r8168: REALTEK RTL8168 @0x18016000
[2026/09/15 19:28:56] 发送(hex): 20
[2026/09/15 19:28:56] 发送(hex): 20
[2026/09/15 19:28:56] 发送(hex): 20
[2026/09/15 19:28:56] 发送(hex): 20
[2026/09/15 19:28:56] [Skip K] boot manual mode (execute "go all")
[2026/09/15 19:28:56] Enter console mode, disable watchdog ...
[2026/09/15 19:28:56] Realtek>
[2026/09/15 19:28:56] 发送(hex): 20
[2026/09/15 19:28:56] 发送(hex): 20
[2026/09/15 19:28:56] 发送(hex): 20
[2026/09/15 19:28:57] 发送(hex): 20
[2026/09/15 19:28:57] 发送(hex): 20
[2026/09/15 19:28:57] 发送(hex): 20
[2026/09/15 19:28:57] 发送(hex): 20
[2026/09/15 19:28:57] 发送(hex): 20
[2026/09/15 19:28:57] 发送(hex): 20
[2026/09/15 19:28:57] 发送(hex): 20
[2026/09/15 19:28:57] 发送(hex): 20
[2026/09/15 19:28:57] 发送(hex): 20
[2026/09/15 19:28:57] 发送(hex): 20
[2026/09/15 19:28:57] 发送(hex): 20
[2026/09/15 19:28:57] 发送(hex): 20
[2026/09/15 19:28:57] 发送(hex): 20
[2026/09/15 19:28:57] 发送(hex): 20
[2026/09/15 19:28:57] 发送(hex): 20
[2026/09/15 19:28:57] 发送(hex): 20
[2026/09/15 19:28:57] 发送(hex): 20
[2026/09/15 19:28:57] 发送(hex): 20
[2026/09/15 19:28:57] 发送(hex): 20
[2026/09/15 19:28:57] 发送(hex): 20
[2026/09/15 19:28:57] 发送(hex): 20
[2026/09/15 19:28:57] 发送(hex): 20
[2026/09/15 19:28:57] 发送(hex): 20
[2026/09/15 19:28:57] 发送(hex): 20
[2026/09/15 19:28:57] 发送(hex): 20
[2026/09/15 19:28:57] 发送(hex): 20
[2026/09/15 19:28:57] 发送(hex): 20
[2026/09/15 19:28:57] 发送(hex): 20
[2026/09/15 19:28:57] 发送(hex): 20
[2026/09/15 19:28:57] 发送(hex): 20
[2026/09/15 19:28:57] 发送(hex): 20
[2026/09/15 19:28:57] 发送(hex): 20
[2026/09/15 19:28:57] 发送(hex): 20
[2026/09/15 19:28:57] 发送(hex): 20
[2026/09/15 19:28:57] 发送(hex): 20
[2026/09/15 19:28:57] 发送(hex): 20
[2026/09/15 19:28:57] 发送(hex): 20
[2026/09/15 19:28:57] 发送(hex): 20
[2026/09/15 19:28:57] 发送(hex): 20
[2026/09/15 19:28:57] 发送(hex): 20
[2026/09/15 19:28:57] 发送(hex): 20
[2026/09/15 19:28:57] 发送(hex): 20
[2026/09/15 19:28:57] 发送(hex): 20
[2026/09/15 19:28:57] 发送(hex): 20
[2026/09/15 19:28:57] 发送(hex): 20
[2026/09/15 19:28:57] 发送(hex): 20
[2026/09/15 19:28:57] 发送(hex): 20
[2026/09/15 19:28:57] 发送(hex): 20
[2026/09/15 19:28:57] 发送(hex): 20
[2026/09/15 19:28:57] 发送(hex): 20
[2026/09/15 19:28:57] 发送(hex): 20
[2026/09/15 19:28:57] 发送(hex): 20
[2026/09/15 19:28:57] 发送(hex): 20
[2026/09/15 19:28:57] 发送(hex): 20
[2026/09/15 19:28:57] 发送(hex): 20
[2026/09/15 19:28:57] 发送(hex): 20
[2026/09/15 19:28:57] 发送(hex): 20
[2026/09/15 19:28:57] 发送(hex): 20
[2026/09/15 19:28:57] 发送(hex): 20
[2026/09/15 19:28:57] 发送(hex): 20
[2026/09/15 19:28:57] 发送(hex): 20
[2026/09/15 19:28:57] 发送(hex): 20
[2026/09/15 19:28:57] 发送(hex): 20
[2026/09/15 19:28:57] 发送(hex): 20
[2026/09/15 19:28:57] 发送(hex): 20
[2026/09/15 19:28:57] 发送(hex): 20
[2026/09/15 19:28:57] 发送(hex): 20
[2026/09/15 19:28:57] 发送(hex): 20
[2026/09/15 19:28:57] 发送(hex): 20
[2026/09/15 19:28:57] 发送(hex): 20
[2026/09/15 19:28:57] 发送(hex): 20
[2026/09/15 19:28:57] 发送(hex): 20
[2026/09/15 19:28:57] 发送(hex): 20
[2026/09/15 19:28:57] 发送(hex): 20
[2026/09/15 19:28:57] 发送(hex): 20
[2026/09/15 19:28:57] 发送(hex): 20
[2026/09/15 19:28:57] 发送(hex): 20
[2026/09/15 19:28:57] 发送(hex): 20
[2026/09/15 19:28:57] 发送(hex): 20
[2026/09/15 19:28:57] 发送(hex): 20
[2026/09/15 19:28:57] 发送(hex): 20
[2026/09/15 19:28:57] 发送(hex): 20
[2026/09/15 19:28:57] 发送(hex): 20
[2026/09/15 19:28:57] 发送(hex): 20
[2026/09/15 19:28:57] 发送(hex): 20
[2026/09/15 19:28:57] 发送(hex): 20
[2026/09/15 19:28:57] 发送(hex): 20
[2026/09/15 19:28:57] 发送(hex): 20
[2026/09/15 19:28:57] 发送(hex): 20
[2026/09/15 19:28:57] 发送(hex): 20
[2026/09/15 19:28:57] 发送(hex): 20
[2026/09/15 19:28:58] 发送(hex): 20
[2026/09/15 19:28:58] 发送(hex): 20
[2026/09/15 19:28:58] 发送(hex): 20
[2026/09/15 19:28:58] 发送(hex): 20
[2026/09/15 19:28:58] 发送(hex): 20
[2026/09/15 19:28:58] 发送(hex): 20
[2026/09/15 19:28:58] 发送(hex): 20
[2026/09/15 19:28:58] 发送(hex): 20
[2026/09/15 19:28:58] 发送(hex): 20
[2026/09/15 19:28:58] 发送(hex): 20
[2026/09/15 19:28:58] 发送(hex): 20
[2026/09/15 19:28:58] 发送(hex): 20
[2026/09/15 19:28:58] 发送(hex): 20
[2026/09/15 19:28:58] 发送(hex): 20
[2026/09/15 19:28:58] 发送(hex): 20
[2026/09/15 19:28:58] 发送(hex): 20
[2026/09/15 19:28:58] 发送(hex): 20
[2026/09/15 19:28:58] 发送(hex): 20
[2026/09/15 19:28:58] 发送(hex): 20
[2026/09/15 19:28:58] 发送(hex): 20
[2026/09/15 19:28:58] 发送(hex): 20
[2026/09/15 19:28:58] 发送(hex): 20
[2026/09/15 19:28:58] 发送(hex): 20
[2026/09/15 19:28:58] 发送(hex): 20
[2026/09/15 19:28:58] 发送(hex): 20
[2026/09/15 19:28:58] 发送(hex): 20
[2026/09/15 19:28:58] 发送(hex): 20
[2026/09/15 19:28:58] 发送(hex): 20
[2026/09/15 19:28:58] 发送(hex): 20
[2026/09/15 19:28:58] 发送(hex): 20
[2026/09/15 19:28:58] 发送(hex): 20
[2026/09/15 19:28:58] 发送(hex): 20
[2026/09/15 19:28:58] 发送(hex): 20
[2026/09/15 19:28:58] 发送(hex): 20
[2026/09/15 19:28:58] 发送(hex): 20
[2026/09/15 19:28:58] 发送(hex): 20
[2026/09/15 19:28:58] 发送(hex): 20
[2026/09/15 19:28:58] 发送(hex): 20
[2026/09/15 19:28:58] 发送(hex): 20
[2026/09/15 19:28:58] 发送(hex): 20
[2026/09/15 19:28:58] 发送(hex): 20
[2026/09/15 19:28:58] 发送(hex): 20
[2026/09/15 19:28:58] 发送(hex): 20
[2026/09/15 19:28:58] 发送(hex): 20
[2026/09/15 19:28:58] 发送(hex): 20
[2026/09/15 19:28:58] 发送(hex): 20
[2026/09/15 19:28:58] 发送(hex): 20
[2026/09/15 19:28:58] 发送(hex): 20
[2026/09/15 19:28:58] 发送(hex): 20
[2026/09/15 19:28:58] 发送(hex): 20
[2026/09/15 19:28:58] 发送(hex): 20
[2026/09/15 19:28:58] 发送(hex): 20
[2026/09/15 19:28:58] 发送(hex): 20
[2026/09/15 19:28:58] 发送(hex): 20
[2026/09/15 19:28:58] 发送(hex): 20
[2026/09/15 19:28:58] 发送(hex): 20
[2026/09/15 19:28:58] 发送(hex): 20
[2026/09/15 19:28:58] 发送(hex): 20
[2026/09/15 19:28:58] 发送(hex): 20
[2026/09/15 19:28:58] 发送(hex): 20
[2026/09/15 19:28:58] 发送(hex): 20
[2026/09/15 19:28:58] 发送(hex): 20
[2026/09/15 19:28:58] 发送(hex): 20
[2026/09/15 19:28:58] 发送(hex): 20
[2026/09/15 19:28:58] 发送(hex): 20
[2026/09/15 19:28:58] 发送(hex): 20
[2026/09/15 19:28:58] 发送(hex): 20
[2026/09/15 19:28:58] 发送(hex): 20
[2026/09/15 19:28:58] 发送(hex): 20
[2026/09/15 19:28:58] 发送(hex): 20
[2026/09/15 19:28:58] 发送(hex): 20
[2026/09/15 19:28:58] 发送(hex): 20
[2026/09/15 19:28:58] 发送(hex): 20
[2026/09/15 19:28:58] 发送(hex): 20
[2026/09/15 19:28:58] 发送(hex): 20
[2026/09/15 19:28:58] 发送(hex): 20
[2026/09/15 19:28:58] 发送(hex): 20
[2026/09/15 19:28:58] 发送(hex): 20
[2026/09/15 19:28:58] 发送(hex): 20
[2026/09/15 19:28:58] 发送(hex): 20
[2026/09/15 19:28:58] 发送(hex): 20
[2026/09/15 19:28:58] 发送(hex): 20
[2026/09/15 19:28:58] 发送(hex): 20
[2026/09/15 19:28:58] 发送(hex): 20
[2026/09/15 19:28:58] 发送(hex): 20
[2026/09/15 19:28:58] 发送(hex): 20
[2026/09/15 19:28:58] 发送(hex): 20
[2026/09/15 19:28:58] 发送(hex): 20
[2026/09/15 19:28:58] 发送(hex): 20
[2026/09/15 19:28:58] 发送(hex): 20
[2026/09/15 19:28:58] 发送(hex): 20
[2026/09/15 19:28:59] 发送(hex): 20
[2026/09/15 19:28:59] 发送(hex): 20
[2026/09/15 19:28:59] 发送(hex): 20
[2026/09/15 19:28:59] 发送(hex): 20
[2026/09/15 19:28:59] 发送(hex): 20
[2026/09/15 19:28:59] 发送(hex): 20
[2026/09/15 19:28:59] 发送(hex): 20
[2026/09/15 19:28:59] 发送(hex): 20
[2026/09/15 19:28:59] 发送(hex): 20
[2026/09/15 19:28:59] 发送(hex): 20
[2026/09/15 19:28:59] 发送(hex): 20
[2026/09/15 19:28:59] 发送(hex): 20
[2026/09/15 19:28:59] 发送(hex): 20
[2026/09/15 19:28:59] 发送(hex): 20
[2026/09/15 19:28:59] 发送(hex): 20
[2026/09/15 19:28:59] 发送(hex): 20
[2026/09/15 19:28:59] 发送(hex): 20
[2026/09/15 19:28:59] 发送(hex): 20
[2026/09/15 19:28:59] 发送(hex): 20
[2026/09/15 19:28:59] 发送(hex): 20
[2026/09/15 19:28:59] 发送(hex): 20
[2026/09/15 19:28:59] 发送(hex): 20
[2026/09/15 19:28:59] 发送(hex): 20
[2026/09/15 19:28:59] 发送(hex): 20
[2026/09/15 19:28:59] 发送(hex): 20
[2026/09/15 19:28:59] 发送(hex): 20
[2026/09/15 19:28:59] 发送(hex): 20
[2026/09/15 19:28:59] 发送(hex): 20
[2026/09/15 19:28:59] 发送(hex): 20
[2026/09/15 19:28:59] 发送(hex): 20
[2026/09/15 19:28:59] 发送(hex): 20
[2026/09/15 19:28:59] 发送(hex): 20
[2026/09/15 19:28:59] 发送(hex): 20
[2026/09/15 19:28:59] 发送(hex): 20
[2026/09/15 19:28:59] 发送(hex): 20
[2026/09/15 19:28:59] 发送(hex): 20
[2026/09/15 19:28:59] 发送(hex): 20
[2026/09/15 19:28:59] 发送(hex): 20
[2026/09/15 19:28:59] 发送(hex): 20
[2026/09/15 19:28:59] 发送(hex): 20
[2026/09/15 19:28:59] 发送(hex): 20
[2026/09/15 19:28:59] 发送(hex): 20
[2026/09/15 19:28:59] 发送(hex): 20
[2026/09/15 19:28:59] 发送(hex): 20
[2026/09/15 19:28:59] 发送(hex): 20
[2026/09/15 19:28:59] 发送(hex): 20
[2026/09/15 19:28:59] 发送(hex): 20
[2026/09/15 19:28:59] 发送(hex): 20
[2026/09/15 19:28:59] 发送(hex): 20
[2026/09/15 19:28:59] 发送(hex): 20
[2026/09/15 19:28:59] 发送(hex): 20
[2026/09/15 19:28:59] 发送(hex): 20
[2026/09/15 19:28:59] 发送(hex): 20
[2026/09/15 19:28:59] 发送(hex): 20
[2026/09/15 19:28:59] 发送(hex): 20
[2026/09/15 19:28:59] 发送(hex): 20
[2026/09/15 19:28:59] 发送(hex): 20
[2026/09/15 19:28:59] 发送(hex): 20
[2026/09/15 19:28:59] 发送(hex): 20
[2026/09/15 19:28:59] 发送(hex): 20
[2026/09/15 19:28:59] 发送(hex): 20
[2026/09/15 19:28:59] 发送(hex): 20
[2026/09/15 19:28:59] 发送(hex): 20
[2026/09/15 19:28:59] 发送(hex): 20
[2026/09/15 19:28:59] 发送(hex): 20
[2026/09/15 19:28:59] 发送(hex): 20
[2026/09/15 19:28:59] 发送(hex): 20
[2026/09/15 19:28:59] 发送(hex): 20
[2026/09/15 19:28:59] 发送(hex): 20
[2026/09/15 19:28:59] 发送(hex): 20
[2026/09/15 19:28:59] 发送(hex): 20
[2026/09/15 19:28:59] 发送(hex): 20
[2026/09/15 19:28:59] 发送(hex): 20
[2026/09/15 19:28:59] 发送(hex): 20
[2026/09/15 19:28:59] 发送(hex): 20
[2026/09/15 19:28:59] 发送(hex): 20
[2026/09/15 19:28:59] 发送(hex): 20
[2026/09/15 19:28:59] 发送(hex): 20
[2026/09/15 19:28:59] 发送(hex): 20
[2026/09/15 19:28:59] 发送(hex): 20
[2026/09/15 19:28:59] 发送(hex): 20
[2026/09/15 19:28:59] 发送(hex): 20
[2026/09/15 19:28:59] 发送(hex): 20
[2026/09/15 19:28:59] 发送(hex): 20
[2026/09/15 19:28:59] 发送(hex): 20
[2026/09/15 19:28:59] 发送(hex): 20
[2026/09/15 19:28:59] 发送(hex): 20
[2026/09/15 19:28:59] 发送(hex): 20
[2026/09/15 19:28:59] 发送(hex): 20
[2026/09/15 19:28:59] 发送(hex): 20
[2026/09/15 19:28:59] 发送(hex): 20
[2026/09/15 19:29:00] 发送(hex): 20
[2026/09/15 19:29:00] 发送(hex): 20
[2026/09/15 19:29:00] 发送(hex): 20
[2026/09/15 19:29:00] 发送(hex): 20
[2026/09/15 19:29:00] 发送(hex): 20
[2026/09/15 19:29:00] 发送(hex): 20
[2026/09/15 19:29:00] 发送(hex): 20
[2026/09/15 19:29:00] 发送(hex): 20
[2026/09/15 19:29:00] 发送(hex): 20
[2026/09/15 19:29:00] 发送(hex): 20
[2026/09/15 19:29:00] 发送(hex): 20
[2026/09/15 19:29:00] 发送(hex): 20
[2026/09/15 19:29:00] 发送(hex): 20
[2026/09/15 19:29:00] 发送(hex): 20
[2026/09/15 19:29:00] 发送(hex): 20
[2026/09/15 19:29:00] 发送(hex): 20
[2026/09/15 19:29:00] 发送(hex): 20
[2026/09/15 19:29:00] 发送(hex): 20
[2026/09/15 19:29:00] 发送(hex): 20
[2026/09/15 19:29:00] 发送(hex): 20
[2026/09/15 19:29:00] 发送(hex): 20
[2026/09/15 19:29:00] 发送(hex): 20
[2026/09/15 19:29:00] 发送(hex): 20
[2026/09/15 19:29:00] 发送(hex): 20
[2026/09/15 19:29:00] 发送(hex): 20
[2026/09/15 19:29:00] 发送(hex): 20
[2026/09/15 19:29:00] 发送(hex): 20
[2026/09/15 19:29:00] 发送(hex): 20
[2026/09/15 19:29:00] 发送(hex): 20
[2026/09/15 19:29:00] 发送(hex): 20
[2026/09/15 19:29:00] 发送(hex): 20
[2026/09/15 19:29:00] 发送(hex): 20
[2026/09/15 19:29:00] 发送(hex): 20
[2026/09/15 19:29:00] 发送(hex): 20
[2026/09/15 19:29:00] 发送(hex): 20
[2026/09/15 19:29:00] 发送(hex): 20
[2026/09/15 19:29:00] 发送(hex): 20
[2026/09/15 19:29:00] 发送(hex): 20
[2026/09/15 19:29:00] 发送(hex): 20
[2026/09/15 19:29:00] 发送(hex): 20
[2026/09/15 19:29:00] 发送(hex): 20
[2026/09/15 19:29:00] 发送(hex): 20
[2026/09/15 19:29:00] 发送(hex): 20
[2026/09/15 19:29:00] 发送(hex): 20
[2026/09/15 19:29:00] 发送(hex): 20
[2026/09/15 19:29:00] 发送(hex): 20
[2026/09/15 19:29:00] 发送(hex): 20
[2026/09/15 19:29:00] 发送(hex): 20
[2026/09/15 19:29:00] 发送(hex): 20
[2026/09/15 19:29:00] 发送(hex): 20
[2026/09/15 19:29:00] 发送(hex): 20
[2026/09/15 19:29:00] 发送(hex): 20
[2026/09/15 19:29:00] 发送(hex): 20
[2026/09/15 19:29:00] 发送(hex): 20
[2026/09/15 19:29:00] 发送(hex): 20
[2026/09/15 19:29:00] 发送(hex): 20
[2026/09/15 19:29:00] 发送(hex): 20
[2026/09/15 19:29:00] 发送(hex): 20
[2026/09/15 19:29:00] 发送(hex): 20
[2026/09/15 19:29:00] 发送(hex): 20
[2026/09/15 19:29:00] 发送(hex): 20
[2026/09/15 19:29:00] 发送(hex): 20
[2026/09/15 19:29:00] 发送(hex): 20
[2026/09/15 19:29:00] 发送(hex): 20
[2026/09/15 19:29:00] 发送(hex): 20
[2026/09/15 19:29:00] 发送(hex): 20
[2026/09/15 19:29:00] 发送(hex): 20
[2026/09/15 19:29:00] 发送(hex): 20
[2026/09/15 19:29:00] 发送(hex): 20
[2026/09/15 19:29:00] 发送(hex): 20
[2026/09/15 19:29:00] 发送(hex): 20
[2026/09/15 19:29:00] 发送(hex): 20
[2026/09/15 19:29:00] 发送(hex): 20
[2026/09/15 19:29:00] 发送(hex): 20
[2026/09/15 19:29:00] 发送(hex): 20
[2026/09/15 19:29:00] 发送(hex): 20
[2026/09/15 19:29:00] 发送(hex): 20
[2026/09/15 19:29:00] 发送(hex): 20
[2026/09/15 19:29:00] 发送(hex): 20
[2026/09/15 19:29:00] 发送(hex): 20
[2026/09/15 19:29:00] 发送(hex): 20
[2026/09/15 19:29:00] 发送(hex): 20
[2026/09/15 19:29:00] 发送(hex): 20
[2026/09/15 19:29:00] 发送(hex): 20
[2026/09/15 19:29:00] 发送(hex): 20
[2026/09/15 19:29:00] 发送(hex): 20
[2026/09/15 19:29:00] 发送(hex): 20
[2026/09/15 19:29:00] 发送(hex): 20
[2026/09/15 19:29:00] 发送(hex): 20
[2026/09/15 19:29:00] 发送(hex): 20
[2026/09/15 19:29:00] 发送(hex): 20
[2026/09/15 19:29:01] 发送(hex): 20
[2026/09/15 19:29:01] 发送(hex): 20
[2026/09/15 19:29:01] 发送(hex): 20
[2026/09/15 19:29:01] 发送(hex): 20
[2026/09/15 19:29:01] 发送(hex): 20
[2026/09/15 19:29:01] 发送(hex): 20
[2026/09/15 19:29:01] 发送(hex): 20
[2026/09/15 19:29:01] 发送(hex): 20
[2026/09/15 19:29:01] 发送(hex): 20
[2026/09/15 19:29:01] 发送(hex): 20
[2026/09/15 19:29:01] 发送(hex): 20
[2026/09/15 19:29:01] 发送(hex): 20
[2026/09/15 19:29:01] 发送(hex): 20
[2026/09/15 19:29:01] 发送(hex): 20
[2026/09/15 19:29:01] 发送(hex): 20
[2026/09/15 19:29:01] 发送(hex): 20
[2026/09/15 19:29:01] 发送(hex): 20
[2026/09/15 19:29:01] 发送(hex): 20
[2026/09/15 19:29:01] 发送(hex): 20
[2026/09/15 19:29:01] 发送(hex): 20
[2026/09/15 19:29:01] 发送(hex): 20
[2026/09/15 19:29:01] 发送(hex): 20
[2026/09/15 19:29:01] 发送(hex): 20
[2026/09/15 19:29:01] 发送(hex): 20
[2026/09/15 19:29:01] 发送(hex): 20
[2026/09/15 19:29:01] 发送(hex): 20
[2026/09/15 19:29:01] 发送(hex): 20
[2026/09/15 19:29:01] 发送(hex): 20
[2026/09/15 19:29:01] 发送(hex): 20
[2026/09/15 19:29:01] 发送(hex): 20
[2026/09/15 19:29:01] 发送(hex): 20
[2026/09/15 19:29:01] 发送(hex): 20
[2026/09/15 19:29:01] 发送(hex): 20
[2026/09/15 19:29:01] 发送(hex): 20
[2026/09/15 19:29:01] 发送(hex): 20
[2026/09/15 19:29:01] 发送(hex): 20
[2026/09/15 19:29:01] 发送(hex): 20
[2026/09/15 19:29:01] 发送(hex): 20
[2026/09/15 19:29:01] 发送(hex): 20
[2026/09/15 19:29:01] 发送(hex): 20
[2026/09/15 19:29:01] 发送(hex): 20
[2026/09/15 19:29:01] 发送(hex): 20
[2026/09/15 19:29:01] 发送(hex): 20
[2026/09/15 19:29:01] 发送(hex): 20
[2026/09/15 19:29:01] 发送(hex): 20
[2026/09/15 19:29:01] 发送(hex): 20
[2026/09/15 19:29:01] 发送(hex): 20
[2026/09/15 19:29:01] 发送(hex): 20
[2026/09/15 19:29:01] 发送(hex): 20
[2026/09/15 19:29:01] 发送(hex): 20
[2026/09/15 19:29:01] 发送(hex): 20
[2026/09/15 19:29:01] 发送(hex): 20
[2026/09/15 19:29:01] 发送(hex): 20
[2026/09/15 19:29:01] 发送(hex): 20
[2026/09/15 19:29:01] 发送(hex): 20
[2026/09/15 19:29:01] 发送(hex): 20
[2026/09/15 19:29:01] 发送(hex): 20
[2026/09/15 19:29:01] 发送(hex): 20
[2026/09/15 19:29:01] 发送(hex): 20
[2026/09/15 19:29:01] 发送(hex): 20
[2026/09/15 19:29:01] 发送(hex): 20
[2026/09/15 19:29:01] 发送(hex): 20
[2026/09/15 19:29:01] 发送(hex): 20
[2026/09/15 19:29:01] 发送(hex): 20
[2026/09/15 19:29:01] 发送(hex): 20
[2026/09/15 19:29:01] 发送(hex): 20
[2026/09/15 19:29:01] 发送(hex): 20
[2026/09/15 19:29:01] 发送(hex): 20
[2026/09/15 19:29:01] 发送(hex): 20
[2026/09/15 19:29:01] 发送(hex): 20
[2026/09/15 19:29:01] 发送(hex): 20
[2026/09/15 19:29:01] 发送(hex): 20
[2026/09/15 19:29:01] 发送(hex): 20
[2026/09/15 19:29:01] 发送(hex): 20
[2026/09/15 19:29:01] 发送(hex): 20
[2026/09/15 19:29:01] 发送(hex): 20
[2026/09/15 19:29:01] 发送(hex): 20
[2026/09/15 19:29:01] 发送(hex): 20
[2026/09/15 19:29:01] 发送(hex): 20
[2026/09/15 19:29:01] 发送(hex): 20
[2026/09/15 19:29:01] 发送(hex): 20
[2026/09/15 19:29:01] 发送(hex): 20
[2026/09/15 19:29:01] 发送(hex): 20
[2026/09/15 19:29:01] 发送(hex): 20
[2026/09/15 19:29:01] 发送(hex): 20
[2026/09/15 19:29:01] 发送(hex): 20
[2026/09/15 19:29:01] 发送(hex): 20
[2026/09/15 19:29:01] 发送(hex): 20
[2026/09/15 19:29:01] 发送(hex): 20
[2026/09/15 19:29:01] 发送(hex): 20
[2026/09/15 19:29:01] 发送(hex): 20
[2026/09/15 19:29:01] 发送(hex): 20
[2026/09/15 19:29:02] 发送(hex): 20
[2026/09/15 19:29:02] 发送(hex): 20
[2026/09/15 19:29:02] 发送(hex): 20
[2026/09/15 19:29:02] 发送(hex): 20
[2026/09/15 19:29:02] 发送(hex): 20
[2026/09/15 19:29:02] 发送(hex): 20
[2026/09/15 19:29:02] 发送(hex): 20
[2026/09/15 19:29:02] 发送(hex): 20
[2026/09/15 19:29:02] 发送(hex): 20
[2026/09/15 19:29:02] 发送(hex): 20
[2026/09/15 19:29:02] 发送(hex): 20
[2026/09/15 19:29:02] 发送(hex): 20
[2026/09/15 19:29:02] 发送(hex): 20
[2026/09/15 19:29:02] 发送(hex): 20
[2026/09/15 19:29:02] 发送(hex): 20
[2026/09/15 19:29:02] 发送(hex): 20
[2026/09/15 19:29:02] 发送(hex): 20
[2026/09/15 19:29:02] 发送(hex): 20
[2026/09/15 19:29:02] 发送(hex): 20
[2026/09/15 19:29:02] 发送(hex): 20
[2026/09/15 19:29:02] 发送(hex): 20
[2026/09/15 19:29:02] 发送(hex): 20
[2026/09/15 19:29:02] 发送(hex): 20
[2026/09/15 19:29:02] 发送(hex): 20
[2026/09/15 19:29:02] 发送(hex): 20
[2026/09/15 19:29:02] 发送(hex): 20
[2026/09/15 19:29:02] 发送(hex): 20
[2026/09/15 19:29:02] 发送(hex): 20
[2026/09/15 19:29:02] 发送(hex): 20
[2026/09/15 19:29:02] 发送(hex): 20
[2026/09/15 19:29:02] 发送(hex): 20
[2026/09/15 19:29:02] 发送(hex): 20
[2026/09/15 19:29:02] 发送(hex): 20
[2026/09/15 19:29:02] 发送(hex): 20
[2026/09/15 19:29:02] 发送(hex): 20
[2026/09/15 19:29:02] 发送(hex): 20
[2026/09/15 19:29:02] 发送(hex): 20
[2026/09/15 19:29:02] 发送(hex): 20
[2026/09/15 19:29:02] 发送(hex): 20
[2026/09/15 19:29:02] 发送(hex): 20
[2026/09/15 19:29:02] 发送(hex): 20
[2026/09/15 19:29:02] 发送(hex): 20
[2026/09/15 19:29:02] 发送(hex): 20
[2026/09/15 19:29:02] 发送(hex): 20
[2026/09/15 19:29:02] 发送(hex): 20
[2026/09/15 19:29:02] 发送(hex): 20
[2026/09/15 19:29:02] 发送(hex): 20
[2026/09/15 19:29:02] 发送(hex): 20
[2026/09/15 19:29:02] 发送(hex): 20
[2026/09/15 19:29:02] 发送(hex): 20
[2026/09/15 19:29:02] 发送(hex): 20
[2026/09/15 19:29:02] 发送(hex): 20
[2026/09/15 19:29:02] 发送(hex): 20
[2026/09/15 19:29:02] 发送(hex): 20
[2026/09/15 19:29:02] 发送(hex): 20
[2026/09/15 19:29:02] 发送(hex): 20
[2026/09/15 19:29:02] 发送(hex): 20
[2026/09/15 19:29:02] 发送(hex): 20
[2026/09/15 19:29:02] 发送(hex): 20
[2026/09/15 19:29:02] 发送(hex): 20
[2026/09/15 19:29:02] 发送(hex): 20
[2026/09/15 19:29:02] 发送(hex): 20
[2026/09/15 19:29:02] 发送(hex): 20
[2026/09/15 19:29:02] 发送(hex): 20
[2026/09/15 19:29:02] 发送(hex): 20
[2026/09/15 19:29:02] 发送(hex): 20
[2026/09/15 19:29:02] 发送(hex): 20
[2026/09/15 19:29:02] 发送(hex): 20
[2026/09/15 19:29:02] 发送(hex): 20
[2026/09/15 19:29:02] 发送(hex): 20
[2026/09/15 19:29:02] 发送(hex): 20
[2026/09/15 19:29:02] 发送(hex): 20
[2026/09/15 19:29:02] 发送(hex): 20
[2026/09/15 19:29:02] 发送(hex): 20
[2026/09/15 19:29:02] 发送(hex): 20
[2026/09/15 19:29:02] 发送(hex): 20
[2026/09/15 19:29:02] 发送(hex): 20
[2026/09/15 19:29:02] 发送(hex): 20
[2026/09/15 19:29:02] 发送(hex): 20
[2026/09/15 19:29:02] 发送(hex): 20
[2026/09/15 19:29:02] 发送(hex): 20
[2026/09/15 19:29:02] 发送(hex): 20
[2026/09/15 19:29:02] 发送(hex): 20
[2026/09/15 19:29:02] 发送(hex): 20
[2026/09/15 19:29:02] 发送(hex): 20
[2026/09/15 19:29:02] 发送(hex): 20
[2026/09/15 19:29:02] 发送(hex): 20
[2026/09/15 19:29:02] 发送(hex): 20
[2026/09/15 19:29:02] 发送(hex): 20
[2026/09/15 19:29:02] 发送(hex): 20
[2026/09/15 19:29:02] 发送(hex): 20
[2026/09/15 19:29:02] 发送(hex): 20
[2026/09/15 19:29:03] 发送(hex): 20
[2026/09/15 19:29:03] 发送(hex): 20
[2026/09/15 19:29:03] 发送(hex): 20
[2026/09/15 19:29:03] 发送(hex): 20
[2026/09/15 19:29:03] 发送(hex): 20
[2026/09/15 19:29:03] 发送(hex): 20
[2026/09/15 19:29:03] 发送(hex): 20
[2026/09/15 19:29:03] 发送(hex): 20
[2026/09/15 19:29:03] 发送(hex): 20
[2026/09/15 19:29:03] 发送(hex): 20
[2026/09/15 19:29:03] 发送(hex): 20
[2026/09/15 19:29:03] 发送(hex): 20
[2026/09/15 19:29:03] 发送(hex): 20
[2026/09/15 19:29:03] 发送(hex): 20
[2026/09/15 19:29:03] 发送(hex): 20
[2026/09/15 19:29:03] 发送(hex): 20
[2026/09/15 19:29:03] 发送(hex): 20
[2026/09/15 19:29:03] 发送(hex): 20
[2026/09/15 19:29:03] 发送(hex): 20
[2026/09/15 19:29:03] 发送(hex): 20
[2026/09/15 19:29:03] 发送(hex): 20
[2026/09/15 19:29:03] 发送(hex): 20
[2026/09/15 19:29:03] 发送(hex): 20
[2026/09/15 19:29:03] 发送(hex): 20
[2026/09/15 19:29:03] 发送(hex): 20
[2026/09/15 19:29:03] 发送(hex): 20
[2026/09/15 19:29:03] 发送(hex): 20
[2026/09/15 19:29:03] 发送(hex): 20
[2026/09/15 19:29:03] 发送(hex): 20
[2026/09/15 19:29:03] 发送(hex): 20
[2026/09/15 19:29:03] 发送(hex): 20
[2026/09/15 19:29:03] 发送(hex): 20
[2026/09/15 19:29:03] 发送(hex): 20
[2026/09/15 19:29:03] 发送(hex): 20
[2026/09/15 19:29:03] 发送(hex): 20
[2026/09/15 19:29:03] 发送(hex): 20
[2026/09/15 19:29:03] 发送(hex): 20
[2026/09/15 19:29:03] 发送(hex): 20
[2026/09/15 19:29:03] 发送(hex): 20
[2026/09/15 19:29:03] 发送(hex): 20
[2026/09/15 19:29:03] 发送(hex): 20
[2026/09/15 19:29:03] 发送(hex): 20
[2026/09/15 19:29:03] 发送(hex): 20
[2026/09/15 19:29:03] 发送(hex): 20
[2026/09/15 19:29:03] 发送(hex): 20
[2026/09/15 19:29:03] 发送(hex): 20
[2026/09/15 19:29:03] 发送(hex): 20
[2026/09/15 19:29:03] 发送(hex): 20
[2026/09/15 19:29:03] 发送(hex): 20
[2026/09/15 19:29:03] 发送(hex): 20
[2026/09/15 19:29:03] 发送(hex): 20
[2026/09/15 19:29:03] 发送(hex): 20
[2026/09/15 19:29:03] 发送(hex): 20
[2026/09/15 19:29:03] 发送(hex): 20
[2026/09/15 19:29:03] 发送(hex): 20
[2026/09/15 19:29:03] 发送(hex): 20
[2026/09/15 19:29:03] 发送(hex): 20
[2026/09/15 19:29:03] 发送(hex): 20
[2026/09/15 19:29:03] 发送(hex): 20
[2026/09/15 19:29:03] 发送(hex): 20
[2026/09/15 19:29:03] 发送(hex): 20
[2026/09/15 19:29:03] 发送(hex): 20
[2026/09/15 19:29:03] 发送(hex): 20
[2026/09/15 19:29:03] 发送(hex): 20
[2026/09/15 19:29:03] 发送(hex): 20
[2026/09/15 19:29:03] 发送(hex): 20
[2026/09/15 19:29:03] 发送(hex): 20
[2026/09/15 19:29:03] 发送(hex): 20
[2026/09/15 19:29:03] 发送(hex): 20
[2026/09/15 19:29:03] 发送(hex): 20
[2026/09/15 19:29:03] 发送(hex): 20
[2026/09/15 19:29:03] 发送(hex): 20
[2026/09/15 19:29:03] 发送(hex): 20
[2026/09/15 19:29:03] 发送(hex): 20
[2026/09/15 19:29:03] 发送(hex): 20
[2026/09/15 19:29:03] 发送(hex): 20
[2026/09/15 19:29:03] 发送(hex): 20
[2026/09/15 19:29:03] 发送(hex): 20
[2026/09/15 19:29:03] 发送(hex): 20
[2026/09/15 19:29:03] 发送(hex): 20
[2026/09/15 19:29:03] 发送(hex): 20
[2026/09/15 19:29:03] 发送(hex): 20
[2026/09/15 19:29:03] 发送(hex): 20
[2026/09/15 19:29:03] 发送(hex): 20
[2026/09/15 19:29:03] 发送(hex): 20
[2026/09/15 19:29:03] 发送(hex): 20
[2026/09/15 19:29:03] 发送(hex): 20
[2026/09/15 19:29:03] 发送(hex): 20
[2026/09/15 19:29:03] 发送(hex): 20
[2026/09/15 19:29:03] 发送(hex): 20
[2026/09/15 19:29:03] 发送(hex): 20
[2026/09/15 19:29:04] 发送(hex): 20
[2026/09/15 19:29:04] 发送(hex): 20
[2026/09/15 19:29:04] 发送(hex): 20
[2026/09/15 19:29:04] 发送(hex): 20
[2026/09/15 19:29:04] 发送(hex): 20
[2026/09/15 19:29:04] 发送(hex): 20
[2026/09/15 19:29:04] 发送(hex): 20
[2026/09/15 19:29:04] 发送(hex): 20
[2026/09/15 19:29:04] 发送(hex): 20
[2026/09/15 19:29:04] 发送(hex): 20
[2026/09/15 19:29:04] 发送(hex): 20
[2026/09/15 19:29:04] 发送(hex): 20
[2026/09/15 19:29:04] 发送(hex): 20
[2026/09/15 19:29:04] 发送(hex): 20
[2026/09/15 19:29:04] 发送(hex): 20
[2026/09/15 19:29:04] 发送(hex): 20
[2026/09/15 19:29:04] 发送(hex): 20
[2026/09/15 19:29:04] 发送(hex): 20
[2026/09/15 19:29:04] 发送(hex): 20
[2026/09/15 19:29:04] 发送(hex): 20
[2026/09/15 19:29:04] 发送(hex): 20
[2026/09/15 19:29:04] 发送(hex): 20
[2026/09/15 19:29:04] 发送(hex): 20
[2026/09/15 19:29:04] 发送(hex): 20
[2026/09/15 19:29:04] 发送(hex): 20
[2026/09/15 19:29:04] 发送(hex): 20
[2026/09/15 19:29:04] 发送(hex): 20
[2026/09/15 19:29:04] 发送(hex): 20
[2026/09/15 19:29:04] 发送(hex): 20
[2026/09/15 19:29:04] 发送(hex): 20
[2026/09/15 19:29:04] 发送(hex): 20
[2026/09/15 19:29:04] 发送(hex): 20
[2026/09/15 19:29:04] 发送(hex): 20
[2026/09/15 19:29:04] 发送(hex): 20
[2026/09/15 19:29:04] 发送(hex): 20
[2026/09/15 19:29:04] 发送(hex): 20
[2026/09/15 19:29:04] 发送(hex): 20
[2026/09/15 19:29:04] 发送(hex): 20
[2026/09/15 19:29:04] 发送(hex): 20
[2026/09/15 19:29:04] 发送(hex): 20
[2026/09/15 19:29:04] 发送(hex): 20
[2026/09/15 19:29:04] 发送(hex): 20
[2026/09/15 19:29:04] 发送(hex): 20
[2026/09/15 19:29:04] 发送(hex): 20
[2026/09/15 19:29:04] 发送(hex): 20
[2026/09/15 19:29:04] 发送(hex): 20
[2026/09/15 19:29:04] 发送(hex): 20
[2026/09/15 19:29:04] 发送(hex): 20
[2026/09/15 19:29:04] 发送(hex): 20
[2026/09/15 19:29:04] 发送(hex): 20
[2026/09/15 19:29:04] 发送(hex): 20
[2026/09/15 19:29:04] 发送(hex): 20
[2026/09/15 19:29:04] 发送(hex): 20
[2026/09/15 19:29:04] 发送(hex): 20
[2026/09/15 19:29:04] 发送(hex): 20
[2026/09/15 19:29:04] 发送(hex): 20
[2026/09/15 19:29:04] 发送(hex): 20
[2026/09/15 19:29:04] 发送(hex): 20
[2026/09/15 19:29:04] 发送(hex): 20
[2026/09/15 19:29:04] 发送(hex): 20
[2026/09/15 19:29:04] 发送(hex): 20
[2026/09/15 19:29:04] 发送(hex): 20
[2026/09/15 19:29:04] 发送(hex): 20
[2026/09/15 19:29:04] 发送(hex): 20
[2026/09/15 19:29:04] 发送(hex): 20
[2026/09/15 19:29:04] 发送(hex): 20
[2026/09/15 19:29:04] 发送(hex): 20
[2026/09/15 19:29:04] 发送(hex): 20
[2026/09/15 19:29:04] 发送(hex): 20
[2026/09/15 19:29:04] 发送(hex): 20
[2026/09/15 19:29:04] 发送(hex): 20
[2026/09/15 19:29:04] 发送(hex): 20
[2026/09/15 19:29:04] 发送(hex): 20
[2026/09/15 19:29:04] 发送(hex): 20
[2026/09/15 19:29:04] 发送(hex): 20
[2026/09/15 19:29:04] 发送(hex): 20
[2026/09/15 19:29:04] 发送(hex): 20
[2026/09/15 19:29:04] 发送(hex): 20
[2026/09/15 19:29:04] 发送(hex): 20
[2026/09/15 19:29:04] 发送(hex): 20
[2026/09/15 19:29:04] 发送(hex): 20
[2026/09/15 19:29:04] 发送(hex): 20
[2026/09/15 19:29:04] 发送(hex): 20
[2026/09/15 19:29:04] 发送(hex): 20
[2026/09/15 19:29:04] 发送(hex): 20
[2026/09/15 19:29:04] 发送(hex): 20
[2026/09/15 19:29:04] 发送(hex): 20
[2026/09/15 19:29:04] 发送(hex): 20
[2026/09/15 19:29:04] 发送(hex): 20
[2026/09/15 19:29:04] 发送(hex): 20
[2026/09/15 19:29:04] 发送(hex): 20
[2026/09/15 19:29:04] 发送(hex): 20
[2026/09/15 19:29:04] 发送(hex): 20
[2026/09/15 19:29:05] 发送(hex): 20
[2026/09/15 19:29:05] 发送(hex): 20
[2026/09/15 19:29:05] 发送(hex): 20
[2026/09/15 19:29:05] 发送(hex): 20
[2026/09/15 19:29:05] 发送(hex): 20
[2026/09/15 19:29:05] 发送(hex): 20
[2026/09/15 19:29:05] 发送(hex): 20
[2026/09/15 19:29:05] 发送(hex): 20
[2026/09/15 19:29:05] 发送(hex): 20
[2026/09/15 19:29:05] 发送(hex): 20
[2026/09/15 19:29:05] 发送(hex): 20
[2026/09/15 19:29:05] 发送(hex): 20
[2026/09/15 19:29:05] 发送(hex): 20
[2026/09/15 19:29:05] 发送(hex): 20
[2026/09/15 19:29:05] 发送(hex): 20
[2026/09/15 19:29:05] 发送(hex): 20
[2026/09/15 19:29:05] 发送(hex): 20
[2026/09/15 19:29:05] 发送(hex): 20
[2026/09/15 19:29:05] 发送(hex): 20
[2026/09/15 19:29:05] 发送(hex): 20
[2026/09/15 19:29:05] 发送(hex): 20
[2026/09/15 19:29:05] 发送(hex): 20
[2026/09/15 19:29:05] 发送(hex): 20
[2026/09/15 19:29:05] 发送(hex): 20
[2026/09/15 19:29:05] 发送(hex): 20
[2026/09/15 19:29:05] 发送(hex): 20
[2026/09/15 19:29:05] 发送(hex): 20
[2026/09/15 19:29:05] 发送(hex): 20
[2026/09/15 19:29:05] 发送(hex): 20
[2026/09/15 19:29:05] 发送(hex): 20
[2026/09/15 19:29:05] 发送(hex): 20
[2026/09/15 19:29:05] 发送(hex): 20
[2026/09/15 19:29:05] 发送(hex): 20
[2026/09/15 19:29:05] 发送(hex): 20
[2026/09/15 19:29:05] 发送(hex): 20
[2026/09/15 19:29:05] 发送(hex): 20
[2026/09/15 19:29:05] 发送(hex): 20
[2026/09/15 19:29:05] 发送(hex): 20
[2026/09/15 19:29:05] 发送(hex): 20
[2026/09/15 19:29:05] 发送(hex): 20
[2026/09/15 19:29:05] 发送(hex): 20
[2026/09/15 19:29:05] 发送(hex): 20
[2026/09/15 19:29:05] 发送(hex): 20
[2026/09/15 19:29:05] 发送(hex): 20
[2026/09/15 19:29:05] 发送(hex): 20
[2026/09/15 19:29:05] 发送(hex): 20
[2026/09/15 19:29:05] 发送(hex): 20
[2026/09/15 19:29:05] 发送(hex): 20
[2026/09/15 19:29:05] 发送(hex): 20
[2026/09/15 19:29:05] 发送(hex): 20
[2026/09/15 19:29:05] 发送(hex): 20
[2026/09/15 19:29:05] 发送(hex): 20
[2026/09/15 19:29:05] 发送(hex): 20
[2026/09/15 19:29:05] 发送(hex): 20
[2026/09/15 19:29:05] 发送(hex): 20
[2026/09/15 19:29:05] 发送(hex): 20
[2026/09/15 19:29:05] 发送(hex): 20
[2026/09/15 19:29:05] 发送(hex): 20
[2026/09/15 19:29:05] 发送(hex): 20
[2026/09/15 19:29:05] 发送(hex): 20
[2026/09/15 19:29:05] 发送(hex): 20
[2026/09/15 19:29:05] 发送(hex): 20
[2026/09/15 19:29:05] 发送(hex): 20
[2026/09/15 19:29:05] 发送(hex): 20
[2026/09/15 19:29:05] 发送(hex): 20
[2026/09/15 19:29:05] 发送(hex): 20
[2026/09/15 19:29:05] 发送(hex): 20
[2026/09/15 19:29:05] 发送(hex): 20
[2026/09/15 19:29:05] 发送(hex): 20
[2026/09/15 19:29:05] 发送(hex): 20
[2026/09/15 19:29:05] 发送(hex): 20
[2026/09/15 19:29:05] 发送(hex): 20
[2026/09/15 19:29:05] 发送(hex): 20
[2026/09/15 19:29:05] 发送(hex): 20
[2026/09/15 19:29:05] 发送(hex): 20
[2026/09/15 19:29:05] 发送(hex): 20
[2026/09/15 19:29:05] 发送(hex): 20
[2026/09/15 19:29:05] 发送(hex): 20
[2026/09/15 19:29:05] 发送(hex): 20
[2026/09/15 19:29:05] 发送(hex): 20
[2026/09/15 19:29:05] 发送(hex): 20
[2026/09/15 19:29:05] 发送(hex): 20
[2026/09/15 19:29:05] 发送(hex): 20
[2026/09/15 19:29:05] 发送(hex): 20
[2026/09/15 19:29:05] 发送(hex): 20
[2026/09/15 19:29:05] 发送(hex): 20
[2026/09/15 19:29:05] 发送(hex): 20
[2026/09/15 19:29:05] 发送(hex): 20
[2026/09/15 19:29:05] 发送(hex): 20
[2026/09/15 19:29:05] 发送(hex): 20
[2026/09/15 19:29:05] 发送(hex): 20
[2026/09/15 19:29:05] 发送(hex): 20
[2026/09/15 19:29:06] 发送(hex): 20
[2026/09/15 19:29:06] 发送(hex): 20
[2026/09/15 19:29:06] 发送(hex): 20
[2026/09/15 19:29:06] 发送(hex): 20
[2026/09/15 19:29:06] 发送(hex): 20
[2026/09/15 19:29:06] 发送(hex): 20
[2026/09/15 19:29:06] 发送(hex): 20
[2026/09/15 19:29:06] 发送(hex): 20
[2026/09/15 19:29:06] 发送(hex): 20
[2026/09/15 19:29:06] 发送(hex): 20
[2026/09/15 19:29:06] 发送(hex): 20
[2026/09/15 19:29:06] 发送(hex): 20
[2026/09/15 19:29:06] 发送(hex): 20
[2026/09/15 19:29:06] 发送(hex): 20
[2026/09/15 19:29:06] 发送(hex): 20
[2026/09/15 19:29:06] 发送(hex): 20
[2026/09/15 19:29:06] 发送(hex): 20
[2026/09/15 19:29:06] 发送(hex): 20
[2026/09/15 19:29:06] 发送(hex): 20
[2026/09/15 19:29:06] 发送(hex): 20
[2026/09/15 19:29:06] 发送(hex): 20
[2026/09/15 19:29:06] 发送(hex): 20
[2026/09/15 19:29:06] 发送(hex): 20
[2026/09/15 19:29:06] 发送(hex): 20
[2026/09/15 19:29:06] 发送(hex): 20
[2026/09/15 19:29:06] 发送(hex): 20
[2026/09/15 19:29:06] 发送(hex): 20
[2026/09/15 19:29:06] 发送(hex): 20
[2026/09/15 19:29:06] 发送(hex): 20
[2026/09/15 19:29:06] 发送(hex): 20
[2026/09/15 19:29:06] 发送(hex): 20
[2026/09/15 19:29:06] 发送(hex): 20
[2026/09/15 19:29:06] 发送(hex): 20
[2026/09/15 19:29:06] 发送(hex): 20
[2026/09/15 19:29:06] 发送(hex): 20
[2026/09/15 19:29:06] 发送(hex): 20
[2026/09/15 19:29:06] 发送(hex): 20
[2026/09/15 19:29:06] 发送(hex): 20
[2026/09/15 19:29:06] 发送(hex): 20
[2026/09/15 19:29:06] 发送(hex): 20
[2026/09/15 19:29:06] 发送(hex): 20
[2026/09/15 19:29:06] 发送(hex): 20
[2026/09/15 19:29:06] 发送(hex): 20
[2026/09/15 19:29:06] 发送(hex): 20
[2026/09/15 19:29:06] 发送(hex): 20
[2026/09/15 19:29:06] 发送(hex): 20
[2026/09/15 19:29:06] 发送(hex): 20
[2026/09/15 19:29:06] 发送(hex): 20
[2026/09/15 19:29:06] 发送(hex): 20
[2026/09/15 19:29:06] 发送(hex): 20
[2026/09/15 19:29:06] 发送(hex): 20
[2026/09/15 19:29:06] 发送(hex): 20
[2026/09/15 19:29:06] 发送(hex): 20
[2026/09/15 19:29:06] 发送(hex): 20
[2026/09/15 19:29:06] 发送(hex): 20
[2026/09/15 19:29:06] 发送(hex): 20
[2026/09/15 19:29:06] 发送(hex): 20
[2026/09/15 19:29:06] 发送(hex): 20
[2026/09/15 19:29:06] 发送(hex): 20
[2026/09/15 19:29:06] 发送(hex): 20
[2026/09/15 19:29:06] 发送(hex): 20
[2026/09/15 19:29:06] 发送(hex): 20
[2026/09/15 19:29:06] 发送(hex): 20
[2026/09/15 19:29:06] 发送(hex): 20
[2026/09/15 19:29:06] 发送(hex): 20
[2026/09/15 19:29:06] 发送(hex): 20
[2026/09/15 19:29:06] 发送(hex): 20
[2026/09/15 19:29:06] 发送(hex): 20
[2026/09/15 19:29:06] 发送(hex): 20
[2026/09/15 19:29:06] 发送(hex): 20
[2026/09/15 19:29:06] 发送(hex): 20
[2026/09/15 19:29:06] 发送(hex): 20
[2026/09/15 19:29:06] 发送(hex): 20
[2026/09/15 19:29:06] 发送(hex): 20
[2026/09/15 19:29:06] 发送(hex): 20
[2026/09/15 19:29:06] 发送(hex): 20
[2026/09/15 19:29:06] 发送(hex): 20
[2026/09/15 19:29:06] 发送(hex): 20
[2026/09/15 19:29:06] 发送(hex): 20
[2026/09/15 19:29:06] 发送(hex): 20
[2026/09/15 19:29:06] 发送(hex): 20
[2026/09/15 19:29:06] 发送(hex): 20
[2026/09/15 19:29:06] 发送(hex): 20
[2026/09/15 19:29:06] 发送(hex): 20
[2026/09/15 19:29:06] 发送(hex): 20
[2026/09/15 19:29:06] 发送(hex): 20
[2026/09/15 19:29:06] 发送(hex): 20
[2026/09/15 19:29:06] 发送(hex): 20
[2026/09/15 19:29:06] 发送(hex): 20
[2026/09/15 19:29:06] 发送(hex): 20
[2026/09/15 19:29:06] 发送(hex): 20
[2026/09/15 19:29:06] 发送(hex): 20
[2026/09/15 19:29:06] 发送(hex): 20
[2026/09/15 19:29:07] 发送(hex): 20
[2026/09/15 19:29:07] 发送(hex): 20
[2026/09/15 19:29:07] 发送(hex): 20
[2026/09/15 19:29:07] 发送(hex): 20
[2026/09/15 19:29:07] 发送(hex): 20
[2026/09/15 19:29:07] 发送(hex): 20
[2026/09/15 19:29:07] 发送(hex): 20
[2026/09/15 19:29:07] 发送(hex): 20
[2026/09/15 19:29:07] 发送(hex): 20
[2026/09/15 19:29:07] 发送(hex): 20
[2026/09/15 19:29:07] 发送(hex): 20
[2026/09/15 19:29:07] 发送(hex): 20
[2026/09/15 19:29:07] 发送(hex): 20
[2026/09/15 19:29:07] 发送(hex): 20
[2026/09/15 19:29:07] 发送(hex): 20
[2026/09/15 19:29:07] 发送(hex): 20
[2026/09/15 19:29:07] 发送(hex): 20
[2026/09/15 19:29:07] 发送(hex): 20
[2026/09/15 19:29:07] 发送(hex): 20
[2026/09/15 19:29:07] 发送(hex): 20
[2026/09/15 19:29:07] 发送(hex): 20
[2026/09/15 19:29:07] 发送(hex): 20
[2026/09/15 19:29:07] 发送(hex): 20
[2026/09/15 19:29:07] 发送(hex): 20
[2026/09/15 19:29:07] 发送(hex): 20
[2026/09/15 19:29:07] 发送(hex): 20
[2026/09/15 19:29:07] 发送(hex): 20
[2026/09/15 19:29:07] 发送(hex): 20
[2026/09/15 19:29:07] 发送(hex): 20
[2026/09/15 19:29:07] 发送(hex): 20
[2026/09/15 19:29:07] 发送(hex): 20
[2026/09/15 19:29:07] 发送(hex): 20
[2026/09/15 19:29:07] 发送(hex): 20
[2026/09/15 19:29:07] 发送(hex): 20
[2026/09/15 19:29:07] 发送(hex): 20
[2026/09/15 19:29:07] 发送(hex): 20
[2026/09/15 19:29:07] 发送(hex): 20
[2026/09/15 19:29:07] 发送(hex): 20
[2026/09/15 19:29:07] 发送(hex): 20
[2026/09/15 19:29:07] 发送(hex): 20
[2026/09/15 19:29:07] 发送(hex): 20
[2026/09/15 19:29:07] 发送(hex): 20
[2026/09/15 19:29:07] 发送(hex): 20
[2026/09/15 19:29:07] 发送(hex): 20
[2026/09/15 19:29:07] 发送(hex): 20
[2026/09/15 19:29:07] 发送(hex): 20
[2026/09/15 19:29:07] 发送(hex): 20
[2026/09/15 19:29:07] 发送(hex): 20
[2026/09/15 19:29:07] 发送(hex): 20
[2026/09/15 19:29:07] 发送(hex): 20
[2026/09/15 19:29:07] 发送(hex): 20
[2026/09/15 19:29:07] 发送(hex): 20
[2026/09/15 19:29:07] 发送(hex): 20
[2026/09/15 19:29:07] 发送(hex): 20
[2026/09/15 19:29:07] 发送(hex): 20
[2026/09/15 19:29:07] 发送(hex): 20
[2026/09/15 19:29:07] 发送(hex): 20
[2026/09/15 19:29:07] 发送(hex): 20
[2026/09/15 19:29:07] 发送(hex): 20
[2026/09/15 19:29:07] 发送(hex): 20
[2026/09/15 19:29:07] 发送(hex): 20
[2026/09/15 19:29:07] 发送(hex): 20
[2026/09/15 19:29:07] 发送(hex): 20
[2026/09/15 19:29:07] 发送(hex): 20
[2026/09/15 19:29:07] 发送(hex): 20
[2026/09/15 19:29:07] 发送(hex): 20
[2026/09/15 19:29:07] 发送(hex): 20
[2026/09/15 19:29:07] 发送(hex): 20
[2026/09/15 19:29:07] 发送(hex): 20
[2026/09/15 19:29:07] 发送(hex): 20
[2026/09/15 19:29:07] 发送(hex): 20
[2026/09/15 19:29:07] 发送(hex): 20
[2026/09/15 19:29:07] 发送(hex): 20
[2026/09/15 19:29:07] 发送(hex): 20
[2026/09/15 19:29:07] 发送(hex): 20
[2026/09/15 19:29:07] 发送(hex): 20
[2026/09/15 19:29:07] 发送(hex): 20
[2026/09/15 19:29:07] 发送(hex): 20
[2026/09/15 19:29:07] 发送(hex): 20
[2026/09/15 19:29:07] 发送(hex): 20
[2026/09/15 19:29:07] 发送(hex): 20
[2026/09/15 19:29:07] 发送(hex): 20
[2026/09/15 19:29:07] 发送(hex): 20
[2026/09/15 19:29:07] 发送(hex): 20
[2026/09/15 19:29:07] 发送(hex): 20
[2026/09/15 19:29:07] 发送(hex): 20
[2026/09/15 19:29:07] 发送(hex): 20
[2026/09/15 19:29:07] 发送(hex): 20
[2026/09/15 19:29:07] 发送(hex): 20
[2026/09/15 19:29:07] 发送(hex): 20
[2026/09/15 19:29:07] 发送(hex): 20
[2026/09/15 19:29:07] 发送(hex): 20
[2026/09/15 19:29:07] 发送(hex): 20
[2026/09/15 19:29:08] 发送(hex): 20
[2026/09/15 19:29:08] 发送(hex): 20
[2026/09/15 19:29:08] 发送(hex): 20
[2026/09/15 19:29:08] 发送(hex): 20
[2026/09/15 19:29:08] 发送(hex): 20
[2026/09/15 19:29:08] 发送(hex): 20
[2026/09/15 19:29:08] 发送(hex): 20
[2026/09/15 19:29:08] 发送(hex): 20
[2026/09/15 19:29:08] 发送(hex): 20
[2026/09/15 19:29:08] 发送(hex): 20
[2026/09/15 19:29:08] 发送(hex): 20
[2026/09/15 19:29:08] 发送(hex): 20
[2026/09/15 19:29:08] 发送(hex): 20
[2026/09/15 19:29:08] 发送(hex): 20
[2026/09/15 19:29:08] 发送(hex): 20
[2026/09/15 19:29:08] 发送(hex): 20
[2026/09/15 19:29:08] 发送(hex): 20
[2026/09/15 19:29:08] 发送(hex): 20
[2026/09/15 19:29:08] 发送(hex): 20
[2026/09/15 19:29:08] 发送(hex): 20
[2026/09/15 19:29:08] 发送(hex): 20
[2026/09/15 19:29:08] 发送(hex): 20
[2026/09/15 19:29:08] 发送(hex): 20
[2026/09/15 19:29:08] 发送(hex): 20
[2026/09/15 19:29:08] 发送(hex): 20
[2026/09/15 19:29:08] 发送(hex): 20
[2026/09/15 19:29:08] 发送(hex): 20
[2026/09/15 19:29:08] 发送(hex): 20
[2026/09/15 19:29:08] 发送(hex): 20
[2026/09/15 19:29:08] 发送(hex): 20
[2026/09/15 19:29:08] 发送(hex): 20
[2026/09/15 19:29:08] 发送(hex): 20
[2026/09/15 19:29:08] 发送(hex): 20
[2026/09/15 19:29:08] 发送(hex): 20
[2026/09/15 19:29:08] 发送(hex): 20
[2026/09/15 19:29:08] 发送(hex): 20
[2026/09/15 19:29:08] 发送(hex): 20
[2026/09/15 19:29:08] 发送(hex): 20
[2026/09/15 19:29:08] 发送(hex): 20
[2026/09/15 19:29:08] 发送(hex): 20
[2026/09/15 19:29:08] 发送(hex): 20
[2026/09/15 19:29:08] 发送(hex): 20
[2026/09/15 19:29:08] 发送(hex): 20
[2026/09/15 19:29:08] 发送(hex): 20
[2026/09/15 19:29:08] 发送(hex): 20
[2026/09/15 19:29:08] 发送(hex): 20
[2026/09/15 19:29:08] 发送(hex): 20
[2026/09/15 19:29:08] 发送(hex): 20
[2026/09/15 19:29:08] 发送(hex): 20
[2026/09/15 19:29:08] 发送(hex): 20
[2026/09/15 19:29:08] 发送(hex): 20
[2026/09/15 19:29:08] 发送(hex): 20
[2026/09/15 19:29:08] 发送(hex): 20
[2026/09/15 19:29:08] 发送(hex): 20
[2026/09/15 19:29:08] 发送(hex): 20
[2026/09/15 19:29:08] 发送(hex): 20
[2026/09/15 19:29:08] 发送(hex): 20
[2026/09/15 19:29:08] 发送(hex): 20
[2026/09/15 19:29:08] 发送(hex): 20
[2026/09/15 19:29:08] 发送(hex): 20
[2026/09/15 19:29:08] 发送(hex): 20
[2026/09/15 19:29:08] 发送(hex): 20
[2026/09/15 19:29:08] 发送(hex): 20
[2026/09/15 19:29:08] 发送(hex): 20
[2026/09/15 19:29:08] 发送(hex): 20
[2026/09/15 19:29:08] 发送(hex): 20
[2026/09/15 19:29:08] 发送(hex): 20
[2026/09/15 19:29:08] 发送(hex): 20
[2026/09/15 19:29:08] 发送(hex): 20
[2026/09/15 19:29:08] 发送(hex): 20
[2026/09/15 19:29:08] 发送(hex): 20
[2026/09/15 19:29:08] 发送(hex): 20
[2026/09/15 19:29:08] 发送(hex): 20
[2026/09/15 19:29:08] 发送(hex): 20
[2026/09/15 19:29:08] 发送(hex): 20
[2026/09/15 19:29:08] 发送(hex): 20
[2026/09/15 19:29:08] 发送(hex): 20
[2026/09/15 19:29:08] 发送(hex): 20
[2026/09/15 19:29:08] 发送(hex): 20
[2026/09/15 19:29:08] 发送(hex): 20
[2026/09/15 19:29:08] 发送(hex): 20
[2026/09/15 19:29:08] 发送(hex): 20
[2026/09/15 19:29:08] 发送(hex): 20
[2026/09/15 19:29:08] 发送(hex): 20
[2026/09/15 19:29:08] 发送(hex): 20
[2026/09/15 19:29:08] 发送(hex): 20
[2026/09/15 19:29:08] 发送(hex): 20
[2026/09/15 19:29:08] 发送(hex): 20
[2026/09/15 19:29:08] 发送(hex): 20
[2026/09/15 19:29:08] 发送(hex): 20
[2026/09/15 19:29:08] 发送(hex): 20
[2026/09/15 19:29:08] 发送(hex): 20
[2026/09/15 19:29:08] 发送(hex): 20
[2026/09/15 19:29:08] 发送(hex): 20
[2026/09/15 19:29:09] 发送(hex): 20
[2026/09/15 19:29:09] 发送(hex): 20
[2026/09/15 19:29:09] 发送(hex): 20
[2026/09/15 19:29:09] 发送(hex): 20
[2026/09/15 19:29:09] 发送(hex): 20
[2026/09/15 19:29:09] 发送(hex): 20
[2026/09/15 19:29:09] 发送(hex): 20
[2026/09/15 19:29:09] 发送(hex): 20
[2026/09/15 19:29:09] 发送(hex): 20
[2026/09/15 19:29:09] 发送(hex): 20
[2026/09/15 19:29:09] 发送(hex): 20
[2026/09/15 19:29:09] 发送(hex): 20
[2026/09/15 19:29:09] 发送(hex): 20
[2026/09/15 19:29:09] 发送(hex): 20
[2026/09/15 19:29:09] 发送(hex): 20
[2026/09/15 19:29:09] 发送(hex): 20
[2026/09/15 19:29:09] 发送(hex): 20
[2026/09/15 19:29:09] 发送(hex): 20
[2026/09/15 19:29:09] 发送(hex): 20
[2026/09/15 19:29:09] 发送(hex): 20
[2026/09/15 19:29:09] 发送(hex): 20
[2026/09/15 19:29:09] 发送(hex): 20
[2026/09/15 19:29:09] 发送(hex): 20
[2026/09/15 19:29:09] 发送(hex): 20
[2026/09/15 19:29:09] 发送(hex): 20
[2026/09/15 19:29:09] 发送(hex): 20
[2026/09/15 19:29:09] 发送(hex): 20
[2026/09/15 19:29:09] 发送(hex): 20
[2026/09/15 19:29:09] 发送(hex): 20
[2026/09/15 19:29:09] 发送(hex): 20
[2026/09/15 19:29:09] 发送(hex): 20
[2026/09/15 19:29:09] 发送(hex): 20
[2026/09/15 19:29:09] 发送(hex): 20
[2026/09/15 19:29:09] 发送(hex): 20
[2026/09/15 19:29:09] 发送(hex): 20
[2026/09/15 19:29:09] 发送(hex): 20
[2026/09/15 19:29:09] 发送(hex): 20
[2026/09/15 19:29:09] 发送(hex): 20
[2026/09/15 19:29:09] 发送(hex): 20
[2026/09/15 19:29:09] 发送(hex): 20
[2026/09/15 19:29:09] 发送(hex): 20
[2026/09/15 19:29:09] 发送(hex): 20
[2026/09/15 19:29:09] 发送(hex): 20
[2026/09/15 19:29:09] 发送(hex): 20
[2026/09/15 19:29:09] 发送(hex): 20
[2026/09/15 19:29:09] 发送(hex): 20
[2026/09/15 19:29:09] 发送(hex): 20
[2026/09/15 19:29:09] 发送(hex): 20
[2026/09/15 19:29:09] 发送(hex): 20
[2026/09/15 19:29:09] 发送(hex): 20
[2026/09/15 19:29:09] 发送(hex): 20
[2026/09/15 19:29:09] 发送(hex): 20
[2026/09/15 19:29:09] 发送(hex): 20
[2026/09/15 19:29:13] 发送(hex): 0d
[2026/09/15 19:29:13] 发送(hex): 0d
[2026/09/15 19:29:13] 发送(hex): 0d
[2026/09/15 19:29:13] Realtek>
[2026/09/15 19:29:13] Realtek>
[2026/09/15 19:29:13] 发送(hex): 0d
[2026/09/15 19:29:13] Realtek>
[2026/09/15 19:29:13] 发送(hex): 0d
[2026/09/15 19:29:13] Realtek>
[2026/09/15 19:29:13] Realtek>
[2026/09/15 19:29:18] 发送(hex): 706d6f646520656e61626c653b72650d
[2026/09/15 19:29:18] pmode enable;re
[2026/09/15 19:29:18] uboot comm
[2026/09/15 19:29:18] and for pmode enable!
[2026/09/15 19:29:18] resetting ...
[2026/09/15 19:29:18] $
[2026/09/15 19:29:18] Post romcode git ver:42df880604ac78a3 (Aug 28 2026 21:41:35)
[2026/09/15 19:29:18] $
[2026/09/15 19:29:18] Hello world, RTD2875P_CN2_TV030!
[2026/09/15 19:29:18] set_wifi_reset
[2026/09/15 19:29:18] Auxcode git ver:3a4deb9ea300359e (Aug 28 2026 21:41:29)
[2026/09/15 19:29:18] flash_type = 2, secure_type = 2
[2026/09/15 19:29:18] b8062204=20000
[2026/09/15 19:29:18] slot info 0 0x0 info 1 0x9021afbe
[2026/09/15 19:29:18] g_gpt_blk_start 0x1  g_offline_gpt 0x0 last_usable_lba 0x1cd2032 num_partition_entries 0x32
[2026/09/15 19:29:18] start 0x2e600000 clt_blk 0x1973004 ctrl size 0x20
[2026/09/15 19:29:18] choose active index 0
[2026/09/15 19:29:18] part name bootloader ative_slot _a real part name bootloader_a
[2026/09/15 19:29:18] part name hwsetting start 0x100000 size 0x33600
[2026/09/15 19:29:18] part name ext_fw start 0x133600 size 0x10400
[2026/09/15 19:29:18] part name kboot start 0x143a00 size 0x16e00
[2026/09/15 19:29:18] part name uboot start 0x15a800 size 0x120400
[2026/09/15 19:29:18] ls4 2 1 = 800040aa 8000207f 80001000
[2026/09/15 19:29:18] fNewHWsettingArch = 2
[2026/09/15 19:29:18] 1.lsadcidx = 2, brand =3, offset = 0
[2026/09/15 19:29:18] 1.lsadcidx = 2, brand =3, offset = 17800
[2026/09/15 19:29:18] hwsetting from mmc
[2026/09/15 19:29:18] AC on HW offset 0x809 start 0x800 reg 0x8090800
[2026/09/15 19:29:18] total = 2f00
[2026/09/15 19:29:18] A
[2026/09/15 19:29:18] A
[2026/09/15 19:29:18] A
[2026/09/15 19:29:18] A
[2026/09/15 19:29:18] A
[2026/09/15 19:29:18] {12 14}
[2026/09/15 19:29:18] ffeeddffeeddddr ver: 62c63180
[2026/09/15 19:29:18] ori DQS0~7 {03 04 1a 1c 00 01 00 00}
[2026/09/15 19:29:18] {01 03 19 1b 00 01 00 00} {09 09 06 09 06 05 00 00}
[2026/09/15 19:29:18] r.y.0 r.y.0 SCPU BISR status: Done
[2026/09/15 19:29:18] [go kb]
[2026/09/15 19:29:18] pass bo
[2026/09/15 19:29:18] otcode info to kboot
[2026/09/15 19:29:18] num=1056
[2026/09/15 19:29:18] boot_magic=20230423
[2026/09/15 19:29:18] ---DEBUG kboot 21:41:14 Aug 28 2026 ---
[2026/09/15 19:29:18] [Kboot]eMMC(mid-15) MMC_HS50 (50000000Mhz)[8bit].
[2026/09/15 19:29:18] block info 0x1cd2032 0x3a3e000.
[2026/09/15 19:29:18] [MMC] 32 -----------> 16GB.
[2026/09/15 19:29:18] (2379beef) (0) bufsize=(null)
[2026/09/15 19:29:18] uboot start 0x15a800 size 0x120400
[2026/09/15 19:29:18] board_version: ls1
[2026/09/15 19:29:18] = 0, ver: 0
[2026/09/15 19:29:18] [0;31mapp_main 325 board_version=0[0m
[2026/09/15 19:29:18] get FW_TZFW flash start 0xf100200 ddr buf start 0x1
[2026/09/15 19:29:19] 80000 image size 010c2e3 ok!
[2026/09/15 19:29:19] [INFO]RPMB auth key not written !
[2026/09/15 19:29:19] [INFO]RPMB auth key not written !
[2026/09/15 19:29:19] Current board is not frist boot.
[2026/09/15 19:29:19] ALL zero, reserved_3 has removed.
[2026/09/15 19:29:19] Current board remove reserved_3 done.
[2026/09/15 19:29:19] get FW_VKERNEL fl
[2026/09/15 19:29:19] ash start 0xc100200 ddr buf start 0x1a900000 image size 05f0300 ok!
[2026/09/15 19:29:19] get FW_VKERNEL2 flash start 0xd900200 ddr buf start 0x1af00000 image size 0f4920 ok!
[2026/09/15 19:29:19] get FW_AKERNEL flash start 0xa900200 ddr buf start 0x1b200000 image size 07fbf7c ok!
[2026/09/15 19:29:19] ATFATFATF:0 1 NOTICE: kill CPU(2)...
[2026/09/15 19:29:19] ATF:0 1 NOTICE: kill (2) : PACTIVE:0
[2026/09/15 19:29:19] ATF:0 1 NOTICE:  CPU(2) kill done, pstate(0x0)
[2026/09/15 19:29:19] U
[2026/09/15 19:29:19] fixup_node_name 555. set /reserved-memory@5 to /reserved-memory
[2026/09/15 19:29:19] fixup_node_name 555. set /rtk_cma@5 to /rtk_cma
[2026/09/15 19:29:19] ### [1;31mERROR[0m ### get_movablecore 613. Can't find dtb node /reserved-memory/cma2_memory/reg
[2026/09/15 19:29:19] reinit_mem_info 1049  ddr_size 80000000
[2026/09/15 19:29:19] booting, boot_led_type: 0x00000000, led on[1]
[2026/09/15 19:29:19] set share register: 0x99100000
[2026/09/15 19:29:19] boot_power_on_mode=1
[2026/09/15 19:29:19] [get_layout:1264]!
[2026/09/15 19:29:19] boot_part value = 0 boot_tag value = 21
[2026/09/15 19:29:19] [get_oemkey] 1397: get oem.key = ATV00107525
[2026/09/15 19:29:19] Factory_RO: [EXT4] factory_ro_buffer:0a800000, factory_ro_buffer size:0x1000000!
[2026/09/15 19:29:19] Partiton factory_ro_a located at 0:6
[2026/09/15 19:29:19] factory_ro_a partition can not find /.000@bk@***!
[2026/09/15 19:29:19] Factory RO no need recovery!
[2026/09/15 19:29:19] Get tvconfigs_a partition block device index fail!
[2026/09/15 19:29:19] read customer.ini file fail!
[2026/09/15 19:29:19] parse SYS_INI path fail
[2026/09/15 19:29:19] Not support board ini mechansim!
[2026/09/15 19:29:19] Get tvconfigs_a partition block device index fail!
[2026/09/15 19:29:19] read customer.ini file fail!
[2026/09/15 19:29:19] parse SYS_INI path fail
[2026/09/15 19:29:19] load model ini file fail
[2026/09/15 19:29:19] cannot find PcbPath from ini file
[2026/09/15 19:29:19] no pcb.config in tvconfigs
[2026/09/15 19:29:19] no mnt/vendor/factorypcb.config
[2026/09/15 19:29:21] delay:342
[2026/09/15 19:29:22] Vwait V1go
[2026/09/15 19:29:22] Vwait V2go
[2026/09/15 19:29:22] DEMOD BISR check Pass and disable demod CLK!!
[2026/09/15 19:29:22] [0;31mbo
[2026/09/15 19:29:22] ard_version=0 sz=18M[0m
[2026/09/15 19:29:22] ATF:0 1 NOTICE: atf enter time:1180ms, current time:3994ms
[2026/09/15 19:29:22] ATF:0 1 NOTICE: 1st boot elapsed 4000ms
[2026/09/15 19:29:25] console:/ $
[2026/09/15 19:29:34] factory auto test loop start
[2026/09/15 19:29:34]  
[2026/09/15 19:29:43] 发送(hex): aa061001a7ef
[2026/09/15 19:29:43] «
[2026/09/15 19:29:43] ßN
[2026/09/15 19:29:44] 发送(hex): aa09700000000092eb
[2026/09/15 19:29:45] «
[2026/09/15 19:29:45] ßN
[2026/09/15 19:29:55] 发送(hex): aa06840063e1
[2026/09/15 19:29:55] «
[2026/09/15 19:29:55] ßN« &d
[2026/09/15 19:29:58] $
[2026/09/15 19:29:58] Post romcode git ver:42df880604ac78a3 (Aug 28 2026 21:41:35)
[2026/09/15 19:29:58] $
[2026/09/15 19:29:58] Hello world, RTD2875P_CN2_TV030!
[2026/09/15 19:29:58] set_wifi_reset
[2026/09/15 19:29:58] Auxcode git ver:3a4deb9ea300359e (Aug 28 2026 21:41:29)
[2026/09/15 19:29:58] flash_type = 2, secure_type = 2
[2026/09/15 19:29:58] b8062204=0
[2026/09/15 19:29:58] slot info 0 0x0 info 1 0x0
[2026/09/15 19:29:58] invalid reg slot status
[2026/09/15 19:29:58] 0x0,get slot info from flash!
[2026/09/15 19:29:58] g_gpt_blk_start 0x1  g_offline_gpt 0x0 last_usable_lba 0x1cd2032 num_partition_entries 0x32
[2026/09/15 19:29:58] start 0x2e600000 clt_blk 0x1973004 ctrl size 0x20
[2026/09/15 19:29:58] choose active index 0
[2026/09/15 19:29:58] part name bootloader ative_slot _a real part name bootloader_a
[2026/09/15 19:29:58] part name hwsetting start 0x100000 size 0x33600
[2026/09/15 19:29:58] part name ext_fw start 0x133600 size 0x10400
[2026/09/15 19:29:58] part name kboot start 0x143a00 size 0x16e00
[2026/09/15 19:29:58] part name uboot start 0x15a800 size 0x120400
[2026/09/15 19:29:58] ls4 2 1 = 800040aa 8000207f 80001000
[2026/09/15 19:29:58] fNewHWsettingArch = 2
[2026/09/15 19:29:58] 1.lsadcidx = 2, brand =3, offset = 0
[2026/09/15 19:29:58] 1.lsadcidx = 2, brand =3, offset = 17800
[2026/09/15 19:29:58] hwsetting from mmc
[2026/09/15 19:29:58] AC on HW offset 0x809 start 0x800 reg 0x8090800
[2026/09/15 19:29:58] total = 2f00
[2026/09/15 19:29:59] A
[2026/09/15 19:29:59] A
[2026/09/15 19:29:59] A
[2026/09/15 19:29:59] A
[2026/09/15 19:29:59] A
[2026/09/15 19:29:59] {12 14}
[2026/09/15 19:29:59] ffeeddffeeddddr ver: 62c63180
[2026/09/15 19:29:59] ori DQS0~7 {03 04 1a 1c 00 01 00 00}
[2026/09/15 19:29:59] {01 03 19 1b 00 01 00 00} {08 08 06 09 06 05 00 00}
[2026/09/15 19:29:59] r.y.0
[2026/09/15 19:29:59] r.y.0 SCPU BISR status: Done
[2026/09/15 19:29:59] [go kb]
[2026/09/15 19:29:59] pass b
[2026/09/15 19:29:59] ootcode info to kboot
[2026/09/15 19:29:59] num=1100
[2026/09/15 19:29:59] boot_magic=2000
[2026/09/15 19:29:59] ---DEBUG kboot 21:41:14 Aug 28 2026 ---
[2026/09/15 19:29:59] [Kboot]eMMC(mid-15) MMC_HS50 (50000000Mhz)[8bit].
[2026/09/15 19:29:59] block info 0x1cd2032 0x3a3e000.
[2026/09/15 19:29:59] [MMC] 32 -----------> 16GB.
[2026/09/15 19:29:59] (00000000) (1) bufsize=(null)
[2026/09/15 19:29:59] uboot start 0x15a800 size 0x120400
[2026/09/15 19:29:59] board_version: l
[2026/09/15 19:29:59] s1 = 0, ver: 0
[2026/09/15 19:29:59] [0;31mapp_main 325 board_version=0[0m
[2026/09/15 19:29:59] get FW_TZFW flash start 0xf100200 ddr buf start 0
[2026/09/15 19:29:59] x180000 image size 010c2e3 ok!
[2026/09/15 19:29:59] [INFO]RPMB auth key not written !
[2026/09/15 19:29:59] [INFO]RPMB auth key not written !
[2026/09/15 19:29:59] Current board is not frist boot.
[2026/09/15 19:29:59] ALL zero, reserved_3 has removed.
[2026/09/15 19:29:59] Current board remove reserved_3 done.
[2026/09/15 19:29:59] get FW_VKERNEL
[2026/09/15 19:29:59] flash start 0xc100200 ddr buf start 0x1a900000 image size 05f0300 ok!
[2026/09/15 19:29:59] get FW_VKERNEL2 flash start 0xd900200 ddr buf start 0x1af00000 image size 0f4920 ok!
[2026/09/15 19:29:59] get FW_AKERNEL flash start 0xa900200 ddr buf start 0x1b200000 image size 07fbf7c ok!
[2026/09/15 19:30:00] ATFATFATF:0 1 NOTICE: kill CPU(2)...
[2026/09/15 19:30:00] ATF:0 1 NOTICE: kill (2) : PACTIVE:0
[2026/09/15 19:30:00] ATF:0 1 NOTICE:  CPU(2) kill done, pstate(0x0)
[2026/09/15 19:30:00] U
[2026/09/15 19:30:00] fixup_node_name 555. set /reserved-memory@5 to /reserved-memory
[2026/09/15 19:30:00] fixup_node_name 555. set /rtk_cma@5 to /rtk_cma
[2026/09/15 19:30:00] ### [1;31mERROR[0m ### get_movablecore 613. Can't find dtb node /reserved-memory/cma2_memory/reg
[2026/09/15 19:30:00] reinit_mem_info 1049  ddr_size 80000000
[2026/09/15 19:30:00] booting, boot_led_type: 0x00000000, led on[1]
[2026/09/15 19:30:00] set share register: 0x99100000
[2026/09/15 19:30:00] boot_power_on_mode=1
[2026/09/15 19:30:00] [get_layout:1264]!
[2026/09/15 19:30:00] boot_part value = 0 boot_tag value = 21
[2026/09/15 19:30:00] [get_oemkey] 1397: get oem.key = ATV00107525
[2026/09/15 19:30:00] Factory_RO: [EXT4] factory_ro_buffer:0a800000, factory_ro_buffer size:0x1000000!
[2026/09/15 19:30:00] Partiton factory_ro_a located at 0:6
[2026/09/15 19:30:00] factory_ro_a partition can not find /.000@bk@***!
[2026/09/15 19:30:00] Factory RO no need recovery!
[2026/09/15 19:30:00] Get tvconfigs_a partition block device index fail!
[2026/09/15 19:30:00] read customer.ini file fail!
[2026/09/15 19:30:00] parse SYS_INI path fail
[2026/09/15 19:30:00] Not support board ini mechansim!
[2026/09/15 19:30:00] Get tvconfigs_a partition block device index fail!
[2026/09/15 19:30:00] read customer.ini file fail!
[2026/09/15 19:30:00] parse SYS_INI path fail
[2026/09/15 19:30:00] load model ini file fail
[2026/09/15 19:30:00] cannot find PcbPath from ini file
[2026/09/15 19:30:00] no pcb.config in tvconfigs
[2026/09/15 19:30:00] no mnt/vendor/factorypcb.config
[2026/09/15 19:30:02] delay:342
[2026/09/15 19:30:02] Vwait V1go
[2026/09/15 19:30:02] Vwait V2go
[2026/09/15 19:30:02] DEMOD BISR check Pass and disable demod CLK!!
[2026/09/15 19:30:02] [0;31mboard_version=0 sz=18M[0m
[2026/09/15 19:30:02] ATF:0 1 NOTICE: atf enter time:1183ms, current time:4012ms
[2026/09/15 19:30:02] ATF:0 1 NOTICE: 1st boot elapsed 4018ms
[2026/09/15 19:30:06] console:/ $
[2026/09/15 19:30:14] factory auto test loop start
[2026/09/15 19:30:14]  
[2026/09/15 19:30:23] 发送(hex): aa061001a7ef
[2026/09/15 19:30:23] «
[2026/09/15 19:30:23] ßN
[2026/09/15 19:30:24] 发送(hex): aa06110194de
[2026/09/15 19:30:24] «
[2026/09/15 19:30:24] ßN
[2026/09/15 19:30:45] 发送(hex): aa06840063e1
[2026/09/15 19:30:45] «
[2026/09/15 19:30:45] ßN«B =¾
[2026/09/15 19:30:48] $
[2026/09/15 19:30:48] Post romcode git ver:42df880604ac78a3 (Aug 28 2026 21:41:35)
[2026/09/15 19:30:48] $
[2026/09/15 19:30:48] Hello world, RTD2875P_CN2_TV030!
[2026/09/15 19:30:48] set_wifi_reset
[2026/09/15 19:30:48] Auxcode git ver:3a4deb9ea300359e (Aug 28 2026 21:41:29)
[2026/09/15 19:30:48] flash_type = 2, secure_type = 2
[2026/09/15 19:30:48] b8062204=0
[2026/09/15 19:30:48] slot info 0 0x0 info 1 0x0
[2026/09/15 19:30:48] invalid reg slot status 0x0,
[2026/09/15 19:30:48] get slot info from flash!
[2026/09/15 19:30:48] g_gpt_blk_start 0x1  g_offline_gpt 0x0 last_usable_lba 0x1cd2032 num_partition_entries 0x32
[2026/09/15 19:30:48] start 0x2e600000 clt_blk 0x1973004 ctrl size 0x20
[2026/09/15 19:30:48] choose active index 0
[2026/09/15 19:30:48] part name bootloader ative_slot _a real part name bootloader_a
[2026/09/15 19:30:48] part name hwsetting start 0x100000 size 0x33600
[2026/09/15 19:30:48] part name ext_fw start 0x133600 size 0x10400
[2026/09/15 19:30:48] part name kboot start 0x143a00 size 0x16e00
[2026/09/15 19:30:48] part name uboot start 0x15a800 size 0x120400
[2026/09/15 19:30:48] ls4 2 1 = 800040ab 8000207f 80001000
[2026/09/15 19:30:48] fNewHWsettingArch = 2
[2026/09/15 19:30:48] 1.lsadcidx = 2, brand =3, offset = 0
[2026/09/15 19:30:48] 1.lsadcidx = 2, brand =3, offset = 17800
[2026/09/15 19:30:48] hwsetting from mmc
[2026/09/15 19:30:48] AC on HW offset 0x809 start 0x800 reg 0x8090800
[2026/09/15 19:30:48] total = 2f00
[2026/09/15 19:30:48] A
[2026/09/15 19:30:48] A
[2026/09/15 19:30:48] A
[2026/09/15 19:30:48] A
[2026/09/15 19:30:48] A
[2026/09/15 19:30:48] {12 14}
[2026/09/15 19:30:48] ffeeddffeeddddr ver: 62c63180
[2026/09/15 19:30:48] ori DQS0~7 {03 04 1a 1c 00 01 00 00}
[2026/09/15 19:30:49] {01 03 19 1b 00 01 00 00} {0a 08 06 09 06 05 00 00}
[2026/09/15 19:30:49] r.y.0
[2026/09/15 19:30:49] r.y.0 SCPU BISR status: Done
[2026/09/15 19:30:49] [go kb]
[2026/09/15 19:30:49] pass bootcode info to kboot
[2026/09/15 19:30:49] num=1100
[2026/09/15 19:30:49] boot_magic=2000
[2026/09/15 19:30:49] ---DEBUG kboot 21:41:14 Aug 28 2026 ---
[2026/09/15 19:30:49] [Kboot]eMMC(mid-15) MMC_HS50 (50000000Mhz)[8bit].
[2026/09/15 19:30:49] block info 0x1cd2032 0x3a3e000.
[2026/09/15 19:30:49] [MMC] 32 -----------> 16GB.
[2026/09/15 19:30:49] (00000000) (1) bufsize=(null)
[2026/09/15 19:30:49] uboot start 0x15a800 size 0x120400
[2026/09/15 19:30:49] board_version
[2026/09/15 19:30:49] : ls1 = 0, ver: 0
[2026/09/15 19:30:49] [0;31mapp_main 325 board_version=0[0m
[2026/09/15 19:30:49] get FW_TZFW flash start 0xf100200 ddr buf start 0
[2026/09/15 19:30:49] x180000 image size 010c2e3 ok!
[2026/09/15 19:30:49] [INFO]RPMB auth key not written !
[2026/09/15 19:30:49] [INFO]RPMB auth key not written !
[2026/09/15 19:30:49] Current board is not frist boot.
[2026/09/15 19:30:49] ALL zero, reserved_3 has removed.
[2026/09/15 19:30:49] Current board remove reserved_3 done.
[2026/09/15 19:30:49] get FW_VKERNEL fl
[2026/09/15 19:30:49] ash start 0xc100200 ddr buf start 0x1a900000 image size 05f0300 ok!
[2026/09/15 19:30:49] get FW_VKERNEL2 flash start 0xd900200 ddr buf start 0x1af00000 image size 0f4920 ok!
[2026/09/15 19:30:49] get FW_AKERNEL flash start 0xa900200 ddr buf start 0x1b200000 image size 07fbf7c ok!
[2026/09/15 19:30:49] ATFATFATF:0 1 NOTICE: kill CPU(2)...
[2026/09/15 19:30:49] ATF:0 1 NOTICE: kill (2) : PACTIVE:0
[2026/09/15 19:30:49] ATF:0 1 NOTICE:  CPU(2) kill done, pstate(0x0)
[2026/09/15 19:30:49] U
[2026/09/15 19:30:50] fixup_node_name 555. set /reserved-memory@5 to /reserved-memory
[2026/09/15 19:30:50] fixup_node_name 555. set /rtk_cma@5 to /rtk_cma
[2026/09/15 19:30:50] ### [1;31mERROR[0m ### get_movablecore 613. Can't find dtb node /reserved-memory/cma2_memory/reg
[2026/09/15 19:30:50] reinit_mem_info 1049  ddr_size 80000000
[2026/09/15 19:30:50] booting, boot_led_type: 0x00000000, led on[1]
[2026/09/15 19:30:50] set share register: 0x99100000
[2026/09/15 19:30:50] boot_power_on_mode=1
[2026/09/15 19:30:50] [get_layout:1264]!
[2026/09/15 19:30:50] boot_part value = 0 boot_tag value = 21
[2026/09/15 19:30:50] [get_oemkey] 1397: get oem.key = ATV00107525
[2026/09/15 19:30:50] Factory_RO: [EXT4] factory_ro_buffer:0a800000, factory_ro_buffer size:0x1000000!
[2026/09/15 19:30:50] Partiton factory_ro_a located at 0:6
[2026/09/15 19:30:50] factory_ro_a partition can not find /.000@bk@***!
[2026/09/15 19:30:50] Factory RO no need recovery!
[2026/09/15 19:30:50] Get tvconfigs_a partition block device index fail!
[2026/09/15 19:30:50] read customer.ini file fail!
[2026/09/15 19:30:50] parse SYS_INI path fail
[2026/09/15 19:30:50] Not support board ini mechansim!
[2026/09/15 19:30:50] Get tvconfigs_a partition block device index fail!
[2026/09/15 19:30:50] read customer.ini file fail!
[2026/09/15 19:30:50] parse SYS_INI path fail
[2026/09/15 19:30:50] load model ini file fail
[2026/09/15 19:30:50] cannot find PcbPath from ini file
[2026/09/15 19:30:50] no pcb.config in tvconfigs
[2026/09/15 19:30:50] no mnt/vendor/factorypcb.config
[2026/09/15 19:30:52] delay:342
[2026/09/15 19:30:52] Vwait
[2026/09/15 19:30:52] V1go Vwait V2go
[2026/09/15 19:30:52] DEMOD BISR check Pass and
[2026/09/15 19:30:52] disable demod CLK!!
[2026/09/15 19:30:52] [0;31mboard_version=0 sz=18M[0m
[2026/09/15 19:30:52] ATF:0 1 NOTICE: atf enter time:1184ms, current time:4018ms
[2026/09/15 19:30:52] ATF:0 1 NOTICE: 1st boot elapsed 4024ms
[2026/09/15 19:30:55] console:/ $
[2026/09/15 19:31:03] factory auto test loop start
[2026/09/15 19:31:03]  
[2026/09/15 19:31:20] 发送(hex): 20
[2026/09/15 19:31:20] 发送(hex): 20
[2026/09/15 19:31:20] 发送(hex): 20
[2026/09/15 19:31:20] 发送(hex): 20
[2026/09/15 19:31:20] 发送(hex): 20
[2026/09/15 19:31:20] 发送(hex): 20
[2026/09/15 19:31:20] 发送(hex): 20
[2026/09/15 19:31:20] 发送(hex): 20
[2026/09/15 19:31:20] 发送(hex): 20
[2026/09/15 19:31:20] 发送(hex): 20
[2026/09/15 19:31:20] 发送(hex): 20
[2026/09/15 19:31:20] 发送(hex): 20
[2026/09/15 19:31:20] 发送(hex): 20
[2026/09/15 19:31:20] 发送(hex): 20
[2026/09/15 19:31:20] 发送(hex): 20
[2026/09/15 19:31:20] 发送(hex): 20
[2026/09/15 19:31:20] 发送(hex): 20
[2026/09/15 19:31:20] 发送(hex): 20
[2026/09/15 19:31:20] 发送(hex): 20
[2026/09/15 19:31:20] 发送(hex): 20
[2026/09/15 19:31:20] 发送(hex): 20
[2026/09/15 19:31:20] 发送(hex): 20
[2026/09/15 19:31:20] 发送(hex): 20
[2026/09/15 19:31:20] 发送(hex): 20
[2026/09/15 19:31:20] 发送(hex): 20
[2026/09/15 19:31:20] 发送(hex): 20
[2026/09/15 19:31:20] 发送(hex): 20
[2026/09/15 19:31:20] 发送(hex): 20
[2026/09/15 19:31:20] 发送(hex): 20
[2026/09/15 19:31:20] 发送(hex): 20
[2026/09/15 19:31:20] 发送(hex): 20
[2026/09/15 19:31:20] 发送(hex): 20
[2026/09/15 19:31:20] 发送(hex): 20
[2026/09/15 19:31:20] 发送(hex): 20
[2026/09/15 19:31:20] 发送(hex): 20
[2026/09/15 19:31:20] 发送(hex): 20
[2026/09/15 19:31:20] 发送(hex): 20
[2026/09/15 19:31:20] 发送(hex): 20
[2026/09/15 19:31:20] $
[2026/09/15 19:31:20] Post romcode git ver:42df880604ac78a3 (Aug 28 2026 21:41:35)
[2026/09/15 19:31:20] $
[2026/09/15 19:31:20] Hello world, RTD2875P_CN2_TV030!
[2026/09/15 19:31:20] set_wifi_reset
[2026/09/15 19:31:20] Auxcode git ver:3a4deb9ea300359e (Aug 28 2026 21:41:29)
[2026/09/15 19:31:20] flash_type = 2, secure_type = 2
[2026/09/15 19:31:20] b8062204=0
[2026/09/15 19:31:20] 发送(hex): 20
[2026/09/15 19:31:20] slot info 0 0x0 info 1 0x0
[2026/09/15 19:31:20] invalid reg slot status 0x0,g
[2026/09/15 19:31:20] 发送(hex): 20
[2026/09/15 19:31:20] 发送(hex): 20
[2026/09/15 19:31:20] 发送(hex): 20
[2026/09/15 19:31:20] 发送(hex): 20
[2026/09/15 19:31:20] 发送(hex): 20
[2026/09/15 19:31:20] 发送(hex): 20
[2026/09/15 19:31:20] 发送(hex): 20
[2026/09/15 19:31:20] 发送(hex): 20
[2026/09/15 19:31:20] et slot info from flash!
[2026/09/15 19:31:20] g_gpt_blk_start 0x1  g_offline_gpt 0x0 last_usable_lba 0x1cd2032 num_partition_entries 0x32
[2026/09/15 19:31:20] start 0x2e600000 clt_blk 0x1973004 ctrl size 0x20
[2026/09/15 19:31:20] choose active index 0
[2026/09/15 19:31:20] part name bootloader ative_slot _a real part name bootloader_a
[2026/09/15 19:31:20] part name hwsetting start 0x100000 size 0x33600
[2026/09/15 19:31:20] part name ext_fw start 0x133600 size 0x10400
[2026/09/15 19:31:20] part name kboot start 0x143a00 size 0x16e00
[2026/09/15 19:31:20] part name uboot start 0x15a800 size 0x120400
[2026/09/15 19:31:20] ls4 2 1 = 800040ab 8000207f 80001000
[2026/09/15 19:31:20] fNewHWsettingArch = 2
[2026/09/15 19:31:20] 1.lsadcidx = 2, brand =3, offset = 0
[2026/09/15 19:31:20] 1.lsadcidx = 2, brand =3, offset = 17800
[2026/09/15 19:31:20] hwsetting from mmc
[2026/09/15 19:31:20] AC on HW offset 0x809 start 0x800 reg 0x8090800
[2026/09/15 19:31:20] total = 2f00
[2026/09/15 19:31:20] 发送(hex): 20
[2026/09/15 19:31:20] 发送(hex): 20
[2026/09/15 19:31:20] 发送(hex): 20
[2026/09/15 19:31:20] 发送(hex): 20
[2026/09/15 19:31:20] A
[2026/09/15 19:31:20] 发送(hex): 20
[2026/09/15 19:31:20] 发送(hex): 20
[2026/09/15 19:31:20] A
[2026/09/15 19:31:20] 发送(hex): 20
[2026/09/15 19:31:20] A
[2026/09/15 19:31:20] A
[2026/09/15 19:31:20] 发送(hex): 20
[2026/09/15 19:31:20] A
[2026/09/15 19:31:20] 发送(hex): 20
[2026/09/15 19:31:20] 发送(hex): 20
[2026/09/15 19:31:20] {12 14}
[2026/09/15 19:31:20] ffeeddffeeddddr ver: 62c63180
[2026/09/15 19:31:20] ori DQS0~7 {03 04 1a 1c 00 01 00 00}
[2026/09/15 19:31:20] 发送(hex): 20
[2026/09/15 19:31:20] 发送(hex): 20
[2026/09/15 19:31:20] 发送(hex): 20
[2026/09/15 19:31:20] 发送(hex): 20
[2026/09/15 19:31:20] 发送(hex): 20
[2026/09/15 19:31:20] 发送(hex): 20
[2026/09/15 19:31:20] 发送(hex): 20
[2026/09/15 19:31:20] 发送(hex): 20
[2026/09/15 19:31:20] {01 03 19 1b 00 01 00 00} {08 09 06 09 06 05 00 00}
[2026/09/15 19:31:20] r.y.0
[2026/09/15 19:31:20] 发送(hex): 20
[2026/09/15 19:31:20] r.y.0 SCPU BISR status: Done
[2026/09/15 19:31:20] 发送(hex): 20
[2026/09/15 19:31:20] 发送(hex): 20
[2026/09/15 19:31:20] [go kb]
[2026/09/15 19:31:20] 发送(hex): 20
[2026/09/15 19:31:20] 发送(hex): 20
[2026/09/15 19:31:20] 发送(hex): 20
[2026/09/15 19:31:20] pass bootcode info to kboot
[2026/09/15 19:31:20] num=1100
[2026/09/15 19:31:20] boot_magic=7a646004
[2026/09/15 19:31:20] ---DEBUG kboot 21:41:14 Aug 28 2026 ---
[2026/09/15 19:31:20] [Kboot]eMMC(mid-15) MMC_HS50 (50000000Mhz)[8bit].
[2026/09/15 19:31:20] block info 0x1cd2032 0x3a3e000.
[2026/09/15 19:31:20] [MMC] 32 -----------> 16GB.
[2026/09/15 19:31:20] 发送(hex): 20
[2026/09/15 19:31:20] 发送(hex): 20
[2026/09/15 19:31:20] (00000000) (1) bufsize=(null)
[2026/09/15 19:31:20] 发送(hex): 20
[2026/09/15 19:31:20] 发送(hex): 20
[2026/09/15 19:31:20] 发送(hex): 20
[2026/09/15 19:31:20] uboot start 0x15a800 size 0x1
[2026/09/15 19:31:21] 发送(hex): 20
[2026/09/15 19:31:21] 20400
[2026/09/15 19:31:21] boar
[2026/09/15 19:31:21] 发送(hex): 20
[2026/09/15 19:31:21] 发送(hex): 20
[2026/09/15 19:31:21] d_version: ls1 = 0, ver: 0
[2026/09/15 19:31:21] [0;31mapp_main 325 board_version=0[0m
[2026/09/15 19:31:21] 发送(hex): 20
[2026/09/15 19:31:21] 发送(hex): 20
[2026/09/15 19:31:21] 发送(hex): 20
[2026/09/15 19:31:21] 发送(hex): 20
[2026/09/15 19:31:21] 发送(hex): 20
[2026/09/15 19:31:21] 发送(hex): 20
[2026/09/15 19:31:21] get FW_TZFW flash start 0xf100200 ddr buf start 0x180000 image size 010c2e3 ok!
[2026/09/15 19:31:21] [INFO]RPMB auth key not written !
[2026/09/15 19:31:21] [INFO]RPMB auth key not written !
[2026/09/15 19:31:21] Current board is not frist boot.
[2026/09/15 19:31:21] ALL zero, reserved_3 has removed.
[2026/09/15 19:31:21] Current board remove reserved_3 done.
[2026/09/15 19:31:21] 发送(hex): 20
[2026/09/15 19:31:21] 发送(hex): 20
[2026/09/15 19:31:21] 发送(hex): 20
[2026/09/15 19:31:21] 发送(hex): 20
[2026/09/15 19:31:21] 发送(hex): 20
[2026/09/15 19:31:21] 发送(hex): 20
[2026/09/15 19:31:21] 发送(hex): 20
[2026/09/15 19:31:21] 发送(hex): 20
[2026/09/15 19:31:21] 发送(hex): 20
[2026/09/15 19:31:21] 发送(hex): 20
[2026/09/15 19:31:21] 发送(hex): 20
[2026/09/15 19:31:21] 发送(hex): 20
[2026/09/15 19:31:21] 发送(hex): 20
[2026/09/15 19:31:21] 发送(hex): 20
[2026/09/15 19:31:21] 发送(hex): 20
[2026/09/15 19:31:21] 发送(hex): 20
[2026/09/15 19:31:21] 发送(hex): 20
[2026/09/15 19:31:21] 发送(hex): 20
[2026/09/15 19:31:21] get FW_VKERNEL flash start 0x
[2026/09/15 19:31:21] 发送(hex): 20
[2026/09/15 19:31:21] c100200 ddr buf start 0x1a900000 image size 05f0300 ok!
[2026/09/15 19:31:21] 发送(hex): 20
[2026/09/15 19:31:21] 发送(hex): 20
[2026/09/15 19:31:21] 发送(hex): 20
[2026/09/15 19:31:21] 发送(hex): 20
[2026/09/15 19:31:21] get FW_VKERNEL2 flash start 0xd900200 ddr buf start 0x1af00000 image size 0f4920 ok!
[2026/09/15 19:31:21] 发送(hex): 20
[2026/09/15 19:31:21] 发送(hex): 20
[2026/09/15 19:31:21] 发送(hex): 20
[2026/09/15 19:31:21] 发送(hex): 20
[2026/09/15 19:31:21] 发送(hex): 20
[2026/09/15 19:31:21] 发送(hex): 20
[2026/09/15 19:31:21] 发送(hex): 20
[2026/09/15 19:31:21] 发送(hex): 20
[2026/09/15 19:31:21] 发送(hex): 20
[2026/09/15 19:31:21] 发送(hex): 20
[2026/09/15 19:31:21] 发送(hex): 20
[2026/09/15 19:31:21] 发送(hex): 20
[2026/09/15 19:31:21] 发送(hex): 20
[2026/09/15 19:31:21] 发送(hex): 20
[2026/09/15 19:31:21] 发送(hex): 20
[2026/09/15 19:31:21] 发送(hex): 20
[2026/09/15 19:31:21] 发送(hex): 20
[2026/09/15 19:31:21] 发送(hex): 20
[2026/09/15 19:31:21] 发送(hex): 20
[2026/09/15 19:31:21] 发送(hex): 20
[2026/09/15 19:31:21] 发送(hex): 20
[2026/09/15 19:31:21] 发送(hex): 20
[2026/09/15 19:31:21] 发送(hex): 20
[2026/09/15 19:31:21] 发送(hex): 20
[2026/09/15 19:31:21] 发送(hex): 20
[2026/09/15 19:31:21] 发送(hex): 20
[2026/09/15 19:31:21] get FW_AKERNEL flash start 0xa900200 ddr buf start 0x1b200000 image size 07fbf7c ok!
[2026/09/15 19:31:21] 发送(hex): 20
[2026/09/15 19:31:21] 发送(hex): 20
[2026/09/15 19:31:21] 发送(hex): 20
[2026/09/15 19:31:21] 发送(hex): 20
[2026/09/15 19:31:21] 发送(hex): 20
[2026/09/15 19:31:21] 发送(hex): 20
[2026/09/15 19:31:21] 发送(hex): 20
[2026/09/15 19:31:21] 发送(hex): 20
[2026/09/15 19:31:21] 发送(hex): 20
[2026/09/15 19:31:21] 发送(hex): 20
[2026/09/15 19:31:21] ATFATFATF:0 1 NOTICE: kill CPU(2)...
[2026/09/15 19:31:21] ATF:0 1 NOTICE: kill (2) : PACTIVE:0
[2026/09/15 19:31:21] ATF:0 1 NOTICE:  CPU(2) kill done, pstate(0x0)
[2026/09/15 19:31:21] 发送(hex): 20
[2026/09/15 19:31:21] 发送(hex): 20
[2026/09/15 19:31:21] U
[2026/09/15 19:31:21] 发送(hex): 20
[2026/09/15 19:31:21] 发送(hex): 20
[2026/09/15 19:31:21] 发送(hex): 20
[2026/09/15 19:31:21] 发送(hex): 20
[2026/09/15 19:31:21] 发送(hex): 20
[2026/09/15 19:31:21] 发送(hex): 20
[2026/09/15 19:31:21] 发送(hex): 20
[2026/09/15 19:31:21] 发送(hex): 20
[2026/09/15 19:31:21] 发送(hex): 20
[2026/09/15 19:31:21] 发送(hex): 20
[2026/09/15 19:31:21] 发送(hex): 20
[2026/09/15 19:31:21] 发送(hex): 20
[2026/09/15 19:31:21] 发送(hex): 20
[2026/09/15 19:31:21] 发送(hex): 20
[2026/09/15 19:31:21] 发送(hex): 20
[2026/09/15 19:31:21] 发送(hex): 20
[2026/09/15 19:31:21] fixup_node_name 555. set /reserved-memory@5 to /reserved-memory
[2026/09/15 19:31:21] fixup_node_name 555. set /rtk_cma@5 to /rtk_cma
[2026/09/15 19:31:21] ### [1;31mERROR[0m ### get_movablecore 613. Can't find dtb node /reserved-memory/cma2_memory/reg
[2026/09/15 19:31:21] reinit_mem_info 1049  ddr_size 80000000
[2026/09/15 19:31:21] 发送(hex): 20
[2026/09/15 19:31:21] 发送(hex): 20
[2026/09/15 19:31:21] booting, boot_led_type: 0x00000000, led on[1]
[2026/09/15 19:31:21] set share register: 0x99100000
[2026/09/15 19:31:21] boot_power_on_mode=1
[2026/09/15 19:31:21] [get_layout:1264]!
[2026/09/15 19:31:21] 发送(hex): 20
[2026/09/15 19:31:21] 发送(hex): 20
[2026/09/15 19:31:21] 发送(hex): 20
[2026/09/15 19:31:22] 发送(hex): 20
[2026/09/15 19:31:22] 发送(hex): 20
[2026/09/15 19:31:22] 发送(hex): 20
[2026/09/15 19:31:22] 发送(hex): 20
[2026/09/15 19:31:22] boot_part value = 0 boot_tag value = 21
[2026/09/15 19:31:22] [get_oemkey] 1397: get oem.key = ATV00107525
[2026/09/15 19:31:22] Factory_RO: [EXT4] factory_ro_buffer:0a800000, factory_ro_buffer size:0x1000000!
[2026/09/15 19:31:22] Partiton factory_ro_a located at 0:6
[2026/09/15 19:31:22] factory_ro_a partition can not find /.000@bk@***!
[2026/09/15 19:31:22] Factory RO no need recovery!
[2026/09/15 19:31:22] Get tvconfigs_a partition block device index fail!
[2026/09/15 19:31:22] read customer.ini file fail!
[2026/09/15 19:31:22] parse SYS_INI path fail
[2026/09/15 19:31:22] Not support board ini mechansim!
[2026/09/15 19:31:22] Get tvconfigs_a partition block device index fail!
[2026/09/15 19:31:22] read customer.ini file fail!
[2026/09/15 19:31:22] parse SYS_INI path fail
[2026/09/15 19:31:22] load model ini file fail
[2026/09/15 19:31:22] cannot find PcbPath from ini file
[2026/09/15 19:31:22] no pcb.config in tvconfigs
[2026/09/15 19:31:22] no mnt/vendor/factorypcb.config
[2026/09/15 19:31:22] 发送(hex): 20
[2026/09/15 19:31:22] 发送(hex): 20
[2026/09/15 19:31:22] 发送(hex): 20
[2026/09/15 19:31:22] 发送(hex): 20
[2026/09/15 19:31:22] 发送(hex): 20
[2026/09/15 19:31:22] 发送(hex): 20
[2026/09/15 19:31:22] 发送(hex): 20
[2026/09/15 19:31:22] 发送(hex): 20
[2026/09/15 19:31:22] 发送(hex): 20
[2026/09/15 19:31:22] 发送(hex): 20
[2026/09/15 19:31:22] 发送(hex): 20
[2026/09/15 19:31:22] 发送(hex): 20
[2026/09/15 19:31:22] 发送(hex): 20
[2026/09/15 19:31:22] 发送(hex): 20
[2026/09/15 19:31:22] 发送(hex): 20
[2026/09/15 19:31:22] 发送(hex): 20
[2026/09/15 19:31:22] 发送(hex): 20
[2026/09/15 19:31:22] 发送(hex): 20
[2026/09/15 19:31:22] 发送(hex): 20
[2026/09/15 19:31:22] 发送(hex): 20
[2026/09/15 19:31:22] 发送(hex): 20
[2026/09/15 19:31:22] 发送(hex): 20
[2026/09/15 19:31:22] 发送(hex): 20
[2026/09/15 19:31:22] 发送(hex): 20
[2026/09/15 19:31:22] 发送(hex): 20
[2026/09/15 19:31:22] 发送(hex): 20
[2026/09/15 19:31:22] 发送(hex): 20
[2026/09/15 19:31:22] 发送(hex): 20
[2026/09/15 19:31:22] 发送(hex): 20
[2026/09/15 19:31:22] 发送(hex): 20
[2026/09/15 19:31:22] 发送(hex): 20
[2026/09/15 19:31:22] 发送(hex): 20
[2026/09/15 19:31:22] 发送(hex): 20
[2026/09/15 19:31:22] 发送(hex): 20
[2026/09/15 19:31:22] 发送(hex): 20
[2026/09/15 19:31:22] 发送(hex): 20
[2026/09/15 19:31:22] 发送(hex): 20
[2026/09/15 19:31:22] 发送(hex): 20
[2026/09/15 19:31:22] 发送(hex): 20
[2026/09/15 19:31:22] 发送(hex): 20
[2026/09/15 19:31:22] 发送(hex): 20
[2026/09/15 19:31:22] 发送(hex): 20
[2026/09/15 19:31:22] 发送(hex): 20
[2026/09/15 19:31:22] 发送(hex): 20
[2026/09/15 19:31:22] 发送(hex): 20
[2026/09/15 19:31:22] 发送(hex): 20
[2026/09/15 19:31:22] 发送(hex): 20
[2026/09/15 19:31:22] 发送(hex): 20
[2026/09/15 19:31:22] 发送(hex): 20
[2026/09/15 19:31:22] 发送(hex): 20
[2026/09/15 19:31:22] 发送(hex): 20
[2026/09/15 19:31:22] 发送(hex): 20
[2026/09/15 19:31:22] 发送(hex): 20
[2026/09/15 19:31:22] 发送(hex): 20
[2026/09/15 19:31:22] 发送(hex): 20
[2026/09/15 19:31:22] 发送(hex): 20
[2026/09/15 19:31:22] 发送(hex): 20
[2026/09/15 19:31:22] 发送(hex): 20
[2026/09/15 19:31:22] 发送(hex): 20
[2026/09/15 19:31:22] 发送(hex): 20
[2026/09/15 19:31:22] 发送(hex): 20
[2026/09/15 19:31:22] 发送(hex): 20
[2026/09/15 19:31:22] 发送(hex): 20
[2026/09/15 19:31:22] 发送(hex): 20
[2026/09/15 19:31:22] 发送(hex): 20
[2026/09/15 19:31:22] 发送(hex): 20
[2026/09/15 19:31:22] 发送(hex): 20
[2026/09/15 19:31:22] 发送(hex): 20
[2026/09/15 19:31:22] 发送(hex): 20
[2026/09/15 19:31:22] 发送(hex): 20
[2026/09/15 19:31:22] 发送(hex): 20
[2026/09/15 19:31:22] 发送(hex): 20
[2026/09/15 19:31:22] 发送(hex): 20
[2026/09/15 19:31:22] 发送(hex): 20
[2026/09/15 19:31:22] 发送(hex): 20
[2026/09/15 19:31:22] 发送(hex): 20
[2026/09/15 19:31:22] 发送(hex): 20
[2026/09/15 19:31:22] 发送(hex): 20
[2026/09/15 19:31:22] 发送(hex): 20
[2026/09/15 19:31:22] 发送(hex): 20
[2026/09/15 19:31:22] 发送(hex): 20
[2026/09/15 19:31:22] 发送(hex): 20
[2026/09/15 19:31:22] 发送(hex): 20
[2026/09/15 19:31:22] 发送(hex): 20
[2026/09/15 19:31:22] 发送(hex): 20
[2026/09/15 19:31:22] 发送(hex): 20
[2026/09/15 19:31:22] 发送(hex): 20
[2026/09/15 19:31:22] 发送(hex): 20
[2026/09/15 19:31:22] 发送(hex): 20
[2026/09/15 19:31:23] 发送(hex): 20
[2026/09/15 19:31:23] 发送(hex): 20
[2026/09/15 19:31:23] 发送(hex): 20
[2026/09/15 19:31:23] 发送(hex): 20
[2026/09/15 19:31:23] 发送(hex): 20
[2026/09/15 19:31:23] 发送(hex): 20
[2026/09/15 19:31:23] 发送(hex): 20
[2026/09/15 19:31:23] 发送(hex): 20
[2026/09/15 19:31:23] 发送(hex): 20
[2026/09/15 19:31:23] 发送(hex): 20
[2026/09/15 19:31:23] 发送(hex): 20
[2026/09/15 19:31:23] 发送(hex): 20
[2026/09/15 19:31:23] 发送(hex): 20
[2026/09/15 19:31:23] 发送(hex): 20
[2026/09/15 19:31:23] 发送(hex): 20
[2026/09/15 19:31:23] 发送(hex): 20
[2026/09/15 19:31:23] 发送(hex): 20
[2026/09/15 19:31:23] 发送(hex): 20
[2026/09/15 19:31:23] 发送(hex): 20
[2026/09/15 19:31:23] 发送(hex): 20
[2026/09/15 19:31:23] 发送(hex): 20
[2026/09/15 19:31:23] 发送(hex): 20
[2026/09/15 19:31:23] 发送(hex): 20
[2026/09/15 19:31:23] 发送(hex): 20
[2026/09/15 19:31:23] 发送(hex): 20
[2026/09/15 19:31:23] 发送(hex): 20
[2026/09/15 19:31:23] 发送(hex): 20
[2026/09/15 19:31:23] 发送(hex): 20
[2026/09/15 19:31:23] 发送(hex): 20
[2026/09/15 19:31:23] 发送(hex): 20
[2026/09/15 19:31:23] 发送(hex): 20
[2026/09/15 19:31:23] 发送(hex): 20
[2026/09/15 19:31:23] 发送(hex): 20
[2026/09/15 19:31:23] 发送(hex): 20
[2026/09/15 19:31:23] 发送(hex): 20
[2026/09/15 19:31:23] 发送(hex): 20
[2026/09/15 19:31:23] 发送(hex): 20
[2026/09/15 19:31:23] 发送(hex): 20
[2026/09/15 19:31:23] 发送(hex): 20
[2026/09/15 19:31:23] 发送(hex): 20
[2026/09/15 19:31:23] 发送(hex): 20
[2026/09/15 19:31:23] 发送(hex): 20
[2026/09/15 19:31:23] 发送(hex): 20
[2026/09/15 19:31:23] 发送(hex): 20
[2026/09/15 19:31:23] 发送(hex): 20
[2026/09/15 19:31:23] 发送(hex): 20
[2026/09/15 19:31:23] 发送(hex): 20
[2026/09/15 19:31:23] 发送(hex): 20
[2026/09/15 19:31:23] 发送(hex): 20
[2026/09/15 19:31:23] 发送(hex): 20
[2026/09/15 19:31:23] 发送(hex): 20
[2026/09/15 19:31:23] 发送(hex): 20
[2026/09/15 19:31:23] 发送(hex): 20
[2026/09/15 19:31:23] 发送(hex): 20
[2026/09/15 19:31:23] 发送(hex): 20
[2026/09/15 19:31:23] 发送(hex): 20
[2026/09/15 19:31:23] 发送(hex): 20
[2026/09/15 19:31:23] 发送(hex): 20
[2026/09/15 19:31:23] 发送(hex): 20
[2026/09/15 19:31:23] 发送(hex): 20
[2026/09/15 19:31:23] 发送(hex): 20
[2026/09/15 19:31:23] 发送(hex): 20
[2026/09/15 19:31:23] 发送(hex): 20
[2026/09/15 19:31:23] 发送(hex): 20
[2026/09/15 19:31:23] 发送(hex): 20
[2026/09/15 19:31:23] 发送(hex): 20
[2026/09/15 19:31:23] 发送(hex): 20
[2026/09/15 19:31:23] 发送(hex): 20
[2026/09/15 19:31:23] 发送(hex): 20
[2026/09/15 19:31:23] 发送(hex): 20
[2026/09/15 19:31:23] 发送(hex): 20
[2026/09/15 19:31:23] 发送(hex): 20
[2026/09/15 19:31:23] 发送(hex): 20
[2026/09/15 19:31:23] 发送(hex): 20
[2026/09/15 19:31:23] 发送(hex): 20
[2026/09/15 19:31:23] 发送(hex): 20
[2026/09/15 19:31:23] 发送(hex): 20
[2026/09/15 19:31:23] 发送(hex): 20
[2026/09/15 19:31:23] 发送(hex): 20
[2026/09/15 19:31:23] 发送(hex): 20
[2026/09/15 19:31:23] 发送(hex): 20
[2026/09/15 19:31:23] 发送(hex): 20
[2026/09/15 19:31:23] 发送(hex): 20
[2026/09/15 19:31:23] delay:427
[2026/09/15 19:31:23] 发送(hex): 20
[2026/09/15 19:31:23] 发送(hex): 20
[2026/09/15 19:31:23] 发送(hex): 20
[2026/09/15 19:31:23] 发送(hex): 20
[2026/09/15 19:31:23] 发送(hex): 20
[2026/09/15 19:31:23] 发送(hex): 20
[2026/09/15 19:31:23] 发送(hex): 20
[2026/09/15 19:31:23] 发送(hex): 20
[2026/09/15 19:31:23] 发送(hex): 20
[2026/09/15 19:31:23] 发送(hex): 20
[2026/09/15 19:31:24] 发送(hex): 20
[2026/09/15 19:31:24] 发送(hex): 20
[2026/09/15 19:31:24] 发送(hex): 20
[2026/09/15 19:31:24] 发送(hex): 20
[2026/09/15 19:31:24] 发送(hex): 20
[2026/09/15 19:31:24] 发送(hex): 20
[2026/09/15 19:31:24] 发送(hex): 20
[2026/09/15 19:31:24] 发送(hex): 20
[2026/09/15 19:31:24] 发送(hex): 20
[2026/09/15 19:31:24] 发送(hex): 20
[2026/09/15 19:31:24] 发送(hex): 20
[2026/09/15 19:31:24] 发送(hex): 20
[2026/09/15 19:31:24] 发送(hex): 20
[2026/09/15 19:31:24] 发送(hex): 20
[2026/09/15 19:31:24] 发送(hex): 20
[2026/09/15 19:31:24] 发送(hex): 20
[2026/09/15 19:31:24] 发送(hex): 20
[2026/09/15 19:31:24] 发送(hex): 20
[2026/09/15 19:31:24] 发送(hex): 20
[2026/09/15 19:31:24] 发送(hex): 20
[2026/09/15 19:31:24] 发送(hex): 20
[2026/09/15 19:31:24] 发送(hex): 20
[2026/09/15 19:31:24] 发送(hex): 20
[2026/09/15 19:31:24] 发送(hex): 20
[2026/09/15 19:31:24] Net:   r8168: REALTEK RTL8168 @0x18016000
[2026/09/15 19:31:24] 发送(hex): 20
[2026/09/15 19:31:24] 发送(hex): 20
[2026/09/15 19:31:24] Start Boot
[2026/09/15 19:31:24] 发送(hex): 20
[2026/09/15 19:31:24] 发送(hex): 20
[2026/09/15 19:31:24] Setup ...
[2026/09/15 19:31:24] (powerMgr_get_wakeup_source)2012/05/30 19:50
[2026/09/15 19:31:24] wakeup source : AC
[2026/09/15 19:31:24] 发送(hex): 20
[2026/09/15 19:31:24] 发送(hex): 20
[2026/09/15 19:31:24] 发送(hex): 20
[2026/09/15 19:31:24] (powerMgr_get_wakeup_source)2012/05/30 19:50
[2026/09/15 19:31:24] wakeup source : AC
[2026/09/15 19:31:24] wakeup_src=0, boot_logo_enable=1, bgm_boot_type=0, POWER_ON_MODE_SILEN=0.
[2026/09/15 19:31:24] 发送(hex): 20
[2026/09/15 19:31:24] 发送(hex): 20
[2026/09/15 19:31:24] 发送(hex): 20
[2026/09/15 19:31:24] GDMA module_init finish
[2026/09/15 19:31:24] [GDMA] OSD size[3840,2160]
[2026/09/15 19:31:24] [GDMA] gdma_showlogo gdma show logo 3820
[2026/09/15 19:31:24] Net:   r8168: REALTEK RTL8168 @0x18016000
[2026/09/15 19:31:24] 发送(hex): 20
[2026/09/15 19:31:24] 发送(hex): 20
[2026/09/15 19:31:24] ## Android Verified Boot 2.0 version
[2026/09/15 19:31:24] 发送(hex): 20
[2026/09/15 19:31:24] 1.1.0
[2026/09/15 19:31:24] 发送(hex): 20
[2026/09/15 19:31:24] 发送(hex): 20
[2026/09/15 19:31:24] 发送(hex): 20
[2026/09/15 19:31:24] 发送(hex): 20
[2026/09/15 19:31:24] 发送(hex): 20
[2026/09/15 19:31:24] 发送(hex): 20
[2026/09/15 19:31:24] 发送(hex): 20
[2026/09/15 19:31:24] 发送(hex): 20
[2026/09/15 19:31:24] 发送(hex): 20
[2026/09/15 19:31:24] 发送(hex): 20
[2026/09/15 19:31:24] 发送(hex): 20
[2026/09/15 19:31:24] 发送(hex): 20
[2026/09/15 19:31:24] 发送(hex): 20
[2026/09/15 19:31:24] 发送(hex): 20
[2026/09/15 19:31:24] 发送(hex): 20
[2026/09/15 19:31:24] 发送(hex): 20
[2026/09/15 19:31:24] 发送(hex): 20
[2026/09/15 19:31:24] 发送(hex): 20
[2026/09/15 19:31:24] 发送(hex): 20
[2026/09/15 19:31:24] 发送(hex): 20
[2026/09/15 19:31:24] 发送(hex): 20
[2026/09/15 19:31:24] 发送(hex): 20
[2026/09/15 19:31:24] 发送(hex): 20
[2026/09/15 19:31:24] 发送(hex): 20
[2026/09/15 19:31:24] 发送(hex): 20
[2026/09/15 19:31:24] 发送(hex): 20
[2026/09/15 19:31:24] 发送(hex): 20
[2026/09/15 19:31:24] 发送(hex): 20
[2026/09/15 19:31:24] 发送(hex): 20
[2026/09/15 19:31:24] 发送(hex): 20
[2026/09/15 19:31:24] 发送(hex): 20
[2026/09/15 19:31:24] 发送(hex): 20
[2026/09/15 19:31:24] 发送(hex): 20
[2026/09/15 19:31:24] 发送(hex): 20
[2026/09/15 19:31:24] 发送(hex): 20
[2026/09/15 19:31:24] 发送(hex): 20
[2026/09/15 19:31:24] 发送(hex): 20
[2026/09/15 19:31:24] 发送(hex): 20
[2026/09/15 19:31:24] 发送(hex): 20
[2026/09/15 19:31:24] 发送(hex): 20
[2026/09/15 19:31:24] 发送(hex): 20
[2026/09/15 19:31:24] 发送(hex): 20
[2026/09/15 19:31:24] 发送(hex): 20
[2026/09/15 19:31:24] 发送(hex): 20
[2026/09/15 19:31:24] 发送(hex): 20
[2026/09/15 19:31:24] 发送(hex): 20
[2026/09/15 19:31:24] Verification passed successfully
[2026/09/15 19:31:24] [Skip A] boot manual mode
[2026/09/15 19:31:24] [Skip V] boot manual mode
[2026/09/15 19:31:24] is_avb_verify_hash_partition 164 find avb verify part_name boot img_buf 0x66400000 size 0x307a000
[2026/09/15 19:31:24] boot header version : 4
[2026/09/15 19:31:24] is_avb_verify_hash_partition 164 find avb verify part_name vendor_boot img_buf 0x6bc00000 size 0x10a3000
[2026/09/15 19:31:24] get_partition_content_by_name 11954 get gpt_name init_boot_a err,try part name init_boot!
[2026/09/15 19:31:24] get_partition_content_by_name 11956 get part name init_boot err!
[2026/09/15 19:31:24] 发送(hex): 20
[2026/09/15 19:31:24] 发送(hex): 20
[2026/09/15 19:31:24] 发送(hex): 20
[2026/09/15 19:31:24] 发送(hex): 20
[2026/09/15 19:31:24] 发送(hex): 20
[2026/09/15 19:31:24] 发送(hex): 20
[2026/09/15 19:31:24] 发送(hex): 20
[2026/09/15 19:31:24] 发送(hex): 20
[2026/09/15 19:31:24] get_merge_ramdisk 11932 cur_ramdisk_size 0xf3096 real_cur_ramdisk_size 0xf3096
[2026/09/15 19:31:24] get_merge_ramdisk 11932 cur_ramdisk_size 0x2019e5 real_cur_ramdisk_size 0x2019e5
[2026/09/15 19:31:24] is_avb_verify_hash_partition 164 find avb verify part_name dtbo img_buf 0x6fc00000 size 0x1186
[2026/09/15 19:31:24] Net:   r8168: REALTEK RTL8168 @0x18016000
[2026/09/15 19:31:24] 发送(hex): 20
[2026/09/15 19:31:25] 发送(hex): 20
[2026/09/15 19:31:25] 发送(hex): 20
[2026/09/15 19:31:25] 发送(hex): 20
[2026/09/15 19:31:25] [Skip K] boot manual mode (execute "go all")
[2026/09/15 19:31:25] Enter console mode, disable watchdog ...
[2026/09/15 19:31:25] Realtek>
[2026/09/15 19:31:25] 发送(hex): 20
[2026/09/15 19:31:25] 发送(hex): 20
[2026/09/15 19:31:25] 发送(hex): 20
[2026/09/15 19:31:25] 发送(hex): 20
[2026/09/15 19:31:25] 发送(hex): 20
[2026/09/15 19:31:25] 发送(hex): 20
[2026/09/15 19:31:25] 发送(hex): 20
[2026/09/15 19:31:25] 发送(hex): 20
[2026/09/15 19:31:25] 发送(hex): 20
[2026/09/15 19:31:25] 发送(hex): 20
[2026/09/15 19:31:25] 发送(hex): 20
[2026/09/15 19:31:25] 发送(hex): 20
[2026/09/15 19:31:25] 发送(hex): 20
[2026/09/15 19:31:25] 发送(hex): 20
[2026/09/15 19:31:25] 发送(hex): 20
[2026/09/15 19:31:25] 发送(hex): 20
[2026/09/15 19:31:25] 发送(hex): 20
[2026/09/15 19:31:25] 发送(hex): 20
[2026/09/15 19:31:25] 发送(hex): 20
[2026/09/15 19:31:25] 发送(hex): 20
[2026/09/15 19:31:25] 发送(hex): 20
[2026/09/15 19:31:25] 发送(hex): 20
[2026/09/15 19:31:25] 发送(hex): 20
[2026/09/15 19:31:25] 发送(hex): 20
[2026/09/15 19:31:25] 发送(hex): 20
[2026/09/15 19:31:25] 发送(hex): 20
[2026/09/15 19:31:25] 发送(hex): 20
[2026/09/15 19:31:25] 发送(hex): 20
[2026/09/15 19:31:25] 发送(hex): 20
[2026/09/15 19:31:25] 发送(hex): 20
[2026/09/15 19:31:25] 发送(hex): 20
[2026/09/15 19:31:25] 发送(hex): 20
[2026/09/15 19:31:25] 发送(hex): 20
[2026/09/15 19:31:25] 发送(hex): 20
[2026/09/15 19:31:25] 发送(hex): 20
[2026/09/15 19:31:25] 发送(hex): 20
[2026/09/15 19:31:25] 发送(hex): 20
[2026/09/15 19:31:25] 发送(hex): 20
[2026/09/15 19:31:25] 发送(hex): 20
[2026/09/15 19:31:25] 发送(hex): 20
[2026/09/15 19:31:25] 发送(hex): 20
[2026/09/15 19:31:25] 发送(hex): 20
[2026/09/15 19:31:25] 发送(hex): 20
[2026/09/15 19:31:25] 发送(hex): 20
[2026/09/15 19:31:25] 发送(hex): 20
[2026/09/15 19:31:25] 发送(hex): 20
[2026/09/15 19:31:25] 发送(hex): 20
[2026/09/15 19:31:25] 发送(hex): 20
[2026/09/15 19:31:25] 发送(hex): 20
[2026/09/15 19:31:25] 发送(hex): 20
[2026/09/15 19:31:25] 发送(hex): 20
[2026/09/15 19:31:25] 发送(hex): 20
[2026/09/15 19:31:25] 发送(hex): 20
[2026/09/15 19:31:25] 发送(hex): 20
[2026/09/15 19:31:25] 发送(hex): 20
[2026/09/15 19:31:25] 发送(hex): 20
[2026/09/15 19:31:25] 发送(hex): 20
[2026/09/15 19:31:25] 发送(hex): 20
[2026/09/15 19:31:25] 发送(hex): 20
[2026/09/15 19:31:25] 发送(hex): 20
[2026/09/15 19:31:25] 发送(hex): 20
[2026/09/15 19:31:25] 发送(hex): 20
[2026/09/15 19:31:25] 发送(hex): 20
[2026/09/15 19:31:25] 发送(hex): 20
[2026/09/15 19:31:25] 发送(hex): 20
[2026/09/15 19:31:25] 发送(hex): 20
[2026/09/15 19:31:25] 发送(hex): 20
[2026/09/15 19:31:25] 发送(hex): 20
[2026/09/15 19:31:25] 发送(hex): 20
[2026/09/15 19:31:25] 发送(hex): 20
[2026/09/15 19:31:25] 发送(hex): 20
[2026/09/15 19:31:25] 发送(hex): 20
[2026/09/15 19:31:25] 发送(hex): 20
[2026/09/15 19:31:25] 发送(hex): 20
[2026/09/15 19:31:25] 发送(hex): 20
[2026/09/15 19:31:25] 发送(hex): 20
[2026/09/15 19:31:25] 发送(hex): 20
[2026/09/15 19:31:25] 发送(hex): 20
[2026/09/15 19:31:25] 发送(hex): 20
[2026/09/15 19:31:25] 发送(hex): 20
[2026/09/15 19:31:25] 发送(hex): 20
[2026/09/15 19:31:25] 发送(hex): 20
[2026/09/15 19:31:25] 发送(hex): 20
[2026/09/15 19:31:25] 发送(hex): 20
[2026/09/15 19:31:25] 发送(hex): 20
[2026/09/15 19:31:25] 发送(hex): 20
[2026/09/15 19:31:25] 发送(hex): 20
[2026/09/15 19:31:25] 发送(hex): 20
[2026/09/15 19:31:26] 发送(hex): 20
[2026/09/15 19:31:26] 发送(hex): 20
[2026/09/15 19:31:26] 发送(hex): 20
[2026/09/15 19:31:26] 发送(hex): 20
[2026/09/15 19:31:26] 发送(hex): 20
[2026/09/15 19:31:26] 发送(hex): 20
[2026/09/15 19:31:26] 发送(hex): 20
[2026/09/15 19:31:26] 发送(hex): 20
[2026/09/15 19:31:26] 发送(hex): 20
[2026/09/15 19:31:26] 发送(hex): 20
[2026/09/15 19:31:26] 发送(hex): 20
[2026/09/15 19:31:26] 发送(hex): 20
[2026/09/15 19:31:26] 发送(hex): 20
[2026/09/15 19:31:26] 发送(hex): 20
[2026/09/15 19:31:26] 发送(hex): 20
[2026/09/15 19:31:26] 发送(hex): 20
[2026/09/15 19:31:26] 发送(hex): 20
[2026/09/15 19:31:26] 发送(hex): 20
[2026/09/15 19:31:26] 发送(hex): 20
[2026/09/15 19:31:26] 发送(hex): 20
[2026/09/15 19:31:26] 发送(hex): 20
[2026/09/15 19:31:26] 发送(hex): 20
[2026/09/15 19:31:26] 发送(hex): 20
[2026/09/15 19:31:26] 发送(hex): 20
[2026/09/15 19:31:26] 发送(hex): 20
[2026/09/15 19:31:26] 发送(hex): 20
[2026/09/15 19:31:26] 发送(hex): 20
[2026/09/15 19:31:26] 发送(hex): 20
[2026/09/15 19:31:26] 发送(hex): 20
[2026/09/15 19:31:26] 发送(hex): 20
[2026/09/15 19:31:26] 发送(hex): 20
[2026/09/15 19:31:26] 发送(hex): 20
[2026/09/15 19:31:26] 发送(hex): 20
[2026/09/15 19:31:26] 发送(hex): 20
[2026/09/15 19:31:26] 发送(hex): 20
[2026/09/15 19:31:26] 发送(hex): 20
[2026/09/15 19:31:26] 发送(hex): 20
[2026/09/15 19:31:26] 发送(hex): 20
[2026/09/15 19:31:26] 发送(hex): 20
[2026/09/15 19:31:26] 发送(hex): 20
[2026/09/15 19:31:26] 发送(hex): 20
[2026/09/15 19:31:26] 发送(hex): 20
[2026/09/15 19:31:26] 发送(hex): 20
[2026/09/15 19:31:26] 发送(hex): 20
[2026/09/15 19:31:26] 发送(hex): 20
[2026/09/15 19:31:26] 发送(hex): 20
[2026/09/15 19:31:26] 发送(hex): 20
[2026/09/15 19:31:26] 发送(hex): 20
[2026/09/15 19:31:26] 发送(hex): 20
[2026/09/15 19:31:26] 发送(hex): 20
[2026/09/15 19:31:26] 发送(hex): 20
[2026/09/15 19:31:26] 发送(hex): 20
[2026/09/15 19:31:26] 发送(hex): 20
[2026/09/15 19:31:26] 发送(hex): 20
[2026/09/15 19:31:26] 发送(hex): 20
[2026/09/15 19:31:26] 发送(hex): 20
[2026/09/15 19:31:26] 发送(hex): 20
[2026/09/15 19:31:26] 发送(hex): 20
[2026/09/15 19:31:26] 发送(hex): 20
[2026/09/15 19:31:26] 发送(hex): 20
[2026/09/15 19:31:26] 发送(hex): 20
[2026/09/15 19:31:26] 发送(hex): 20
[2026/09/15 19:31:26] 发送(hex): 20
[2026/09/15 19:31:26] 发送(hex): 20
[2026/09/15 19:31:26] 发送(hex): 20
[2026/09/15 19:31:26] 发送(hex): 20
[2026/09/15 19:31:26] 发送(hex): 20
[2026/09/15 19:31:26] 发送(hex): 20
[2026/09/15 19:31:26] 发送(hex): 20
[2026/09/15 19:31:26] 发送(hex): 20
[2026/09/15 19:31:26] 发送(hex): 20
[2026/09/15 19:31:26] 发送(hex): 20
[2026/09/15 19:31:26] 发送(hex): 20
[2026/09/15 19:31:26] 发送(hex): 20
[2026/09/15 19:31:26] 发送(hex): 20
[2026/09/15 19:31:26] 发送(hex): 20
[2026/09/15 19:31:26] 发送(hex): 20
[2026/09/15 19:31:26] 发送(hex): 20
[2026/09/15 19:31:26] 发送(hex): 20
[2026/09/15 19:31:26] 发送(hex): 20
[2026/09/15 19:31:26] 发送(hex): 20
[2026/09/15 19:31:26] 发送(hex): 20
[2026/09/15 19:31:26] 发送(hex): 20
[2026/09/15 19:31:26] 发送(hex): 20
[2026/09/15 19:31:26] 发送(hex): 20
[2026/09/15 19:31:26] 发送(hex): 20
[2026/09/15 19:31:26] 发送(hex): 20
[2026/09/15 19:31:26] 发送(hex): 20
[2026/09/15 19:31:26] 发送(hex): 20
[2026/09/15 19:31:26] 发送(hex): 20
[2026/09/15 19:31:26] 发送(hex): 20
[2026/09/15 19:31:27] 发送(hex): 20
[2026/09/15 19:31:27] 发送(hex): 20
[2026/09/15 19:31:27] 发送(hex): 20
[2026/09/15 19:31:27] 发送(hex): 20
[2026/09/15 19:31:27] 发送(hex): 20
[2026/09/15 19:31:27] 发送(hex): 20
[2026/09/15 19:31:27] 发送(hex): 20
[2026/09/15 19:31:27] 发送(hex): 20
[2026/09/15 19:31:27] 发送(hex): 20
[2026/09/15 19:31:27] 发送(hex): 20
[2026/09/15 19:31:27] 发送(hex): 20
[2026/09/15 19:31:27] 发送(hex): 20
[2026/09/15 19:31:27] 发送(hex): 20
[2026/09/15 19:31:27] 发送(hex): 20
[2026/09/15 19:31:27] 发送(hex): 20
[2026/09/15 19:31:27] 发送(hex): 20
[2026/09/15 19:31:27] 发送(hex): 20
[2026/09/15 19:31:27] 发送(hex): 20
[2026/09/15 19:31:27] 发送(hex): 20
[2026/09/15 19:31:27] 发送(hex): 20
[2026/09/15 19:31:27] 发送(hex): 20
[2026/09/15 19:31:27] 发送(hex): 20
[2026/09/15 19:31:27] 发送(hex): 20
[2026/09/15 19:31:27] 发送(hex): 20
[2026/09/15 19:31:27] 发送(hex): 20
[2026/09/15 19:31:27] 发送(hex): 20
[2026/09/15 19:31:27] 发送(hex): 20
[2026/09/15 19:31:27] 发送(hex): 20
[2026/09/15 19:31:27] 发送(hex): 20
[2026/09/15 19:31:27] 发送(hex): 20
[2026/09/15 19:31:27] 发送(hex): 20
[2026/09/15 19:31:27] 发送(hex): 20
[2026/09/15 19:31:27] 发送(hex): 20
[2026/09/15 19:31:27] 发送(hex): 20
[2026/09/15 19:31:27] 发送(hex): 20
[2026/09/15 19:31:27] 发送(hex): 20
[2026/09/15 19:31:27] 发送(hex): 20
[2026/09/15 19:31:27] 发送(hex): 20
[2026/09/15 19:31:27] 发送(hex): 20
[2026/09/15 19:31:27] 发送(hex): 20
[2026/09/15 19:31:27] 发送(hex): 20
[2026/09/15 19:31:27] 发送(hex): 20
[2026/09/15 19:31:27] 发送(hex): 20
[2026/09/15 19:31:27] 发送(hex): 20
[2026/09/15 19:31:27] 发送(hex): 20
[2026/09/15 19:31:27] 发送(hex): 20
[2026/09/15 19:31:27] 发送(hex): 20
[2026/09/15 19:31:27] 发送(hex): 20
[2026/09/15 19:31:27] 发送(hex): 20
[2026/09/15 19:31:27] 发送(hex): 20
[2026/09/15 19:31:27] 发送(hex): 20
[2026/09/15 19:31:27] 发送(hex): 20
[2026/09/15 19:31:27] 发送(hex): 20
[2026/09/15 19:31:27] 发送(hex): 20
[2026/09/15 19:31:27] 发送(hex): 20
[2026/09/15 19:31:27] 发送(hex): 20
[2026/09/15 19:31:27] 发送(hex): 20
[2026/09/15 19:31:27] 发送(hex): 20
[2026/09/15 19:31:27] 发送(hex): 20
[2026/09/15 19:31:27] 发送(hex): 20
[2026/09/15 19:31:27] 发送(hex): 20
[2026/09/15 19:31:27] 发送(hex): 20
[2026/09/15 19:31:27] 发送(hex): 20
[2026/09/15 19:31:27] 发送(hex): 20
[2026/09/15 19:31:27] 发送(hex): 20
[2026/09/15 19:31:27] 发送(hex): 20
[2026/09/15 19:31:27] 发送(hex): 20
[2026/09/15 19:31:27] 发送(hex): 20
[2026/09/15 19:31:27] 发送(hex): 20
[2026/09/15 19:31:27] 发送(hex): 20
[2026/09/15 19:31:27] 发送(hex): 20
[2026/09/15 19:31:27] 发送(hex): 20
[2026/09/15 19:31:27] 发送(hex): 20
[2026/09/15 19:31:27] 发送(hex): 20
[2026/09/15 19:31:27] 发送(hex): 20
[2026/09/15 19:31:27] 发送(hex): 20
[2026/09/15 19:31:27] 发送(hex): 20
[2026/09/15 19:31:27] 发送(hex): 20
[2026/09/15 19:31:27] 发送(hex): 20
[2026/09/15 19:31:27] 发送(hex): 20
[2026/09/15 19:31:27] 发送(hex): 20
[2026/09/15 19:31:27] 发送(hex): 20
[2026/09/15 19:31:27] 发送(hex): 20
[2026/09/15 19:31:27] 发送(hex): 20
[2026/09/15 19:31:27] 发送(hex): 20
[2026/09/15 19:31:27] 发送(hex): 20
[2026/09/15 19:31:27] 发送(hex): 20
[2026/09/15 19:31:27] 发送(hex): 20
[2026/09/15 19:31:27] 发送(hex): 20
[2026/09/15 19:31:27] 发送(hex): 20
[2026/09/15 19:31:27] 发送(hex): 20
[2026/09/15 19:31:27] 发送(hex): 20
[2026/09/15 19:31:28] 发送(hex): 20
[2026/09/15 19:31:28] 发送(hex): 20
[2026/09/15 19:31:28] 发送(hex): 20
[2026/09/15 19:31:28] 发送(hex): 20
[2026/09/15 19:31:28] 发送(hex): 20
[2026/09/15 19:31:28] 发送(hex): 20
[2026/09/15 19:31:28] 发送(hex): 20
[2026/09/15 19:31:28] 发送(hex): 20
[2026/09/15 19:31:28] 发送(hex): 20
[2026/09/15 19:31:28] 发送(hex): 20
[2026/09/15 19:31:28] 发送(hex): 20
[2026/09/15 19:31:28] 发送(hex): 20
[2026/09/15 19:31:28] 发送(hex): 20
[2026/09/15 19:31:28] 发送(hex): 20
[2026/09/15 19:31:28] 发送(hex): 20
[2026/09/15 19:31:28] 发送(hex): 20
[2026/09/15 19:31:28] 发送(hex): 20
[2026/09/15 19:31:28] 发送(hex): 20
[2026/09/15 19:31:28] 发送(hex): 20
[2026/09/15 19:31:28] 发送(hex): 20
[2026/09/15 19:31:28] 发送(hex): 20
[2026/09/15 19:31:28] 发送(hex): 20
[2026/09/15 19:31:28] 发送(hex): 20
[2026/09/15 19:31:28] 发送(hex): 20
[2026/09/15 19:31:28] 发送(hex): 20
[2026/09/15 19:31:28] 发送(hex): 20
[2026/09/15 19:31:28] 发送(hex): 20
[2026/09/15 19:31:28] 发送(hex): 20
[2026/09/15 19:31:28] 发送(hex): 20
[2026/09/15 19:31:28] 发送(hex): 20
[2026/09/15 19:31:28] 发送(hex): 20
[2026/09/15 19:31:28] 发送(hex): 20
[2026/09/15 19:31:28] 发送(hex): 20
[2026/09/15 19:31:28] 发送(hex): 20
[2026/09/15 19:31:28] 发送(hex): 20
[2026/09/15 19:31:28] 发送(hex): 20
[2026/09/15 19:31:28] 发送(hex): 20
[2026/09/15 19:31:28] 发送(hex): 20
[2026/09/15 19:31:28] 发送(hex): 20
[2026/09/15 19:31:28] 发送(hex): 20
[2026/09/15 19:31:28] 发送(hex): 20
[2026/09/15 19:31:28] 发送(hex): 20
[2026/09/15 19:31:28] 发送(hex): 20
[2026/09/15 19:31:28] 发送(hex): 20
[2026/09/15 19:31:28] 发送(hex): 20
[2026/09/15 19:31:28] 发送(hex): 20
[2026/09/15 19:31:28] 发送(hex): 20
[2026/09/15 19:31:28] 发送(hex): 20
[2026/09/15 19:31:28] 发送(hex): 20
[2026/09/15 19:31:28] 发送(hex): 20
[2026/09/15 19:31:28] 发送(hex): 20
[2026/09/15 19:31:28] 发送(hex): 20
[2026/09/15 19:31:28] 发送(hex): 20
[2026/09/15 19:31:28] 发送(hex): 20
[2026/09/15 19:31:28] 发送(hex): 20
[2026/09/15 19:31:28] 发送(hex): 20
[2026/09/15 19:31:28] 发送(hex): 20
[2026/09/15 19:31:28] 发送(hex): 20
[2026/09/15 19:31:28] 发送(hex): 20
[2026/09/15 19:31:28] 发送(hex): 20
[2026/09/15 19:31:28] 发送(hex): 20
[2026/09/15 19:31:28] 发送(hex): 20
[2026/09/15 19:31:28] 发送(hex): 20
[2026/09/15 19:31:28] 发送(hex): 20
[2026/09/15 19:31:28] 发送(hex): 20
[2026/09/15 19:31:28] 发送(hex): 20
[2026/09/15 19:31:28] 发送(hex): 20
[2026/09/15 19:31:28] 发送(hex): 20
[2026/09/15 19:31:28] 发送(hex): 20
[2026/09/15 19:31:28] 发送(hex): 20
[2026/09/15 19:31:28] 发送(hex): 20
[2026/09/15 19:31:28] 发送(hex): 20
[2026/09/15 19:31:28] 发送(hex): 20
[2026/09/15 19:31:28] 发送(hex): 20
[2026/09/15 19:31:28] 发送(hex): 20
[2026/09/15 19:31:28] 发送(hex): 20
[2026/09/15 19:31:28] 发送(hex): 20
[2026/09/15 19:31:28] 发送(hex): 20
[2026/09/15 19:31:28] 发送(hex): 20
[2026/09/15 19:31:28] 发送(hex): 20
[2026/09/15 19:31:28] 发送(hex): 20
[2026/09/15 19:31:28] 发送(hex): 20
[2026/09/15 19:31:28] 发送(hex): 20
[2026/09/15 19:31:28] 发送(hex): 20
[2026/09/15 19:31:28] 发送(hex): 20
[2026/09/15 19:31:28] 发送(hex): 20
[2026/09/15 19:31:28] 发送(hex): 20
[2026/09/15 19:31:28] 发送(hex): 20
[2026/09/15 19:31:28] 发送(hex): 20
[2026/09/15 19:31:28] 发送(hex): 20
[2026/09/15 19:31:28] 发送(hex): 20
[2026/09/15 19:31:28] 发送(hex): 20
[2026/09/15 19:31:29] 发送(hex): 20
[2026/09/15 19:31:29] 发送(hex): 20
[2026/09/15 19:31:29] 发送(hex): 20
[2026/09/15 19:31:29] 发送(hex): 20
[2026/09/15 19:31:29] 发送(hex): 20
[2026/09/15 19:31:29] 发送(hex): 20
[2026/09/15 19:31:29] 发送(hex): 20
[2026/09/15 19:31:29] 发送(hex): 20
[2026/09/15 19:31:29] 发送(hex): 20
[2026/09/15 19:31:29] 发送(hex): 20
[2026/09/15 19:31:29] 发送(hex): 20
[2026/09/15 19:31:29] 发送(hex): 20
[2026/09/15 19:31:29] 发送(hex): 20
[2026/09/15 19:31:29] 发送(hex): 20
[2026/09/15 19:31:29] 发送(hex): 20
[2026/09/15 19:31:29] 发送(hex): 20
[2026/09/15 19:31:29] 发送(hex): 20
[2026/09/15 19:31:29] 发送(hex): 20
[2026/09/15 19:31:29] 发送(hex): 20
[2026/09/15 19:31:29] 发送(hex): 20
[2026/09/15 19:31:29] 发送(hex): 20
[2026/09/15 19:31:29] 发送(hex): 20
[2026/09/15 19:31:29] 发送(hex): 20
[2026/09/15 19:31:29] 发送(hex): 20
[2026/09/15 19:31:29] 发送(hex): 20
[2026/09/15 19:31:29] 发送(hex): 20
[2026/09/15 19:31:29] 发送(hex): 20
[2026/09/15 19:31:29] 发送(hex): 20
[2026/09/15 19:31:29] 发送(hex): 20
[2026/09/15 19:31:29] 发送(hex): 20
[2026/09/15 19:31:29] 发送(hex): 20
[2026/09/15 19:31:29] 发送(hex): 20
[2026/09/15 19:31:29] 发送(hex): 20
[2026/09/15 19:31:29] 发送(hex): 20
[2026/09/15 19:31:29] 发送(hex): 20
[2026/09/15 19:31:29] 发送(hex): 20
[2026/09/15 19:31:29] 发送(hex): 20
[2026/09/15 19:31:29] 发送(hex): 20
[2026/09/15 19:31:29] 发送(hex): 20
[2026/09/15 19:31:29] 发送(hex): 20
[2026/09/15 19:31:29] 发送(hex): 20
[2026/09/15 19:31:29] 发送(hex): 20
[2026/09/15 19:31:29] 发送(hex): 20
[2026/09/15 19:31:29] 发送(hex): 20
[2026/09/15 19:31:29] 发送(hex): 20
[2026/09/15 19:31:29] 发送(hex): 20
[2026/09/15 19:31:29] 发送(hex): 20
[2026/09/15 19:31:29] 发送(hex): 20
[2026/09/15 19:31:29] 发送(hex): 20
[2026/09/15 19:31:29] 发送(hex): 20
[2026/09/15 19:31:29] 发送(hex): 20
[2026/09/15 19:31:29] 发送(hex): 20
[2026/09/15 19:31:29] 发送(hex): 20
[2026/09/15 19:31:29] 发送(hex): 20
[2026/09/15 19:31:29] 发送(hex): 20
[2026/09/15 19:31:29] 发送(hex): 20
[2026/09/15 19:31:29] 发送(hex): 20
[2026/09/15 19:31:29] 发送(hex): 20
[2026/09/15 19:31:29] 发送(hex): 20
[2026/09/15 19:31:29] 发送(hex): 20
[2026/09/15 19:31:29] 发送(hex): 20
[2026/09/15 19:31:29] 发送(hex): 20
[2026/09/15 19:31:29] 发送(hex): 20
[2026/09/15 19:31:29] 发送(hex): 20
[2026/09/15 19:31:29] 发送(hex): 20
[2026/09/15 19:31:29] 发送(hex): 20
[2026/09/15 19:31:29] 发送(hex): 20
[2026/09/15 19:31:29] 发送(hex): 20
[2026/09/15 19:31:29] 发送(hex): 20
[2026/09/15 19:31:29] 发送(hex): 20
[2026/09/15 19:31:29] 发送(hex): 20
[2026/09/15 19:31:29] 发送(hex): 20
[2026/09/15 19:31:29] 发送(hex): 20
[2026/09/15 19:31:29] 发送(hex): 20
[2026/09/15 19:31:29] 发送(hex): 20
[2026/09/15 19:31:29] 发送(hex): 20
[2026/09/15 19:31:29] 发送(hex): 20
[2026/09/15 19:31:29] 发送(hex): 20
[2026/09/15 19:31:29] 发送(hex): 20
[2026/09/15 19:31:29] 发送(hex): 20
[2026/09/15 19:31:29] 发送(hex): 20
[2026/09/15 19:31:29] 发送(hex): 20
[2026/09/15 19:31:29] 发送(hex): 20
[2026/09/15 19:31:29] 发送(hex): 20
[2026/09/15 19:31:29] 发送(hex): 20
[2026/09/15 19:31:29] 发送(hex): 20
[2026/09/15 19:31:29] 发送(hex): 20
[2026/09/15 19:31:29] 发送(hex): 20
[2026/09/15 19:31:29] 发送(hex): 20
[2026/09/15 19:31:29] 发送(hex): 20
[2026/09/15 19:31:29] 发送(hex): 20
[2026/09/15 19:31:30] 发送(hex): 20
[2026/09/15 19:31:30] 发送(hex): 20
[2026/09/15 19:31:30] 发送(hex): 20
[2026/09/15 19:31:30] 发送(hex): 20
[2026/09/15 19:31:30] 发送(hex): 20
[2026/09/15 19:31:30] 发送(hex): 20
[2026/09/15 19:31:30] 发送(hex): 20
[2026/09/15 19:31:30] 发送(hex): 20
[2026/09/15 19:31:30] 发送(hex): 20
[2026/09/15 19:31:30] 发送(hex): 20
[2026/09/15 19:31:30] 发送(hex): 20
[2026/09/15 19:31:30] 发送(hex): 20
[2026/09/15 19:31:30] 发送(hex): 20
[2026/09/15 19:31:30] 发送(hex): 20
[2026/09/15 19:31:30] 发送(hex): 20
[2026/09/15 19:31:30] 发送(hex): 20
[2026/09/15 19:31:30] 发送(hex): 20
[2026/09/15 19:31:30] 发送(hex): 20
[2026/09/15 19:31:30] 发送(hex): 20
[2026/09/15 19:31:30] 发送(hex): 20
[2026/09/15 19:31:30] 发送(hex): 20
[2026/09/15 19:31:30] 发送(hex): 20
[2026/09/15 19:31:30] 发送(hex): 20
[2026/09/15 19:31:30] 发送(hex): 20
[2026/09/15 19:31:30] 发送(hex): 20
[2026/09/15 19:31:30] 发送(hex): 20
[2026/09/15 19:31:30] 发送(hex): 20
[2026/09/15 19:31:30] 发送(hex): 20
[2026/09/15 19:31:30] 发送(hex): 20
[2026/09/15 19:31:30] 发送(hex): 20
[2026/09/15 19:31:30] 发送(hex): 20
[2026/09/15 19:31:30] 发送(hex): 20
[2026/09/15 19:31:30] 发送(hex): 20
[2026/09/15 19:31:30] 发送(hex): 20
[2026/09/15 19:31:30] 发送(hex): 20
[2026/09/15 19:31:30] 发送(hex): 20
[2026/09/15 19:31:30] 发送(hex): 20
[2026/09/15 19:31:30] 发送(hex): 20
[2026/09/15 19:31:30] 发送(hex): 20
[2026/09/15 19:31:30] 发送(hex): 20
[2026/09/15 19:31:30] 发送(hex): 20
[2026/09/15 19:31:30] 发送(hex): 20
[2026/09/15 19:31:30] 发送(hex): 20
[2026/09/15 19:31:30] 发送(hex): 20
[2026/09/15 19:31:30] 发送(hex): 20
[2026/09/15 19:31:30] 发送(hex): 20
[2026/09/15 19:31:30] 发送(hex): 20
[2026/09/15 19:31:30] 发送(hex): 20
[2026/09/15 19:31:30] 发送(hex): 20
[2026/09/15 19:31:30] 发送(hex): 20
[2026/09/15 19:31:30] 发送(hex): 20
[2026/09/15 19:31:30] 发送(hex): 20
[2026/09/15 19:31:30] 发送(hex): 20
[2026/09/15 19:31:30] 发送(hex): 20
[2026/09/15 19:31:30] 发送(hex): 20
[2026/09/15 19:31:30] 发送(hex): 20
[2026/09/15 19:31:30] 发送(hex): 20
[2026/09/15 19:31:30] 发送(hex): 20
[2026/09/15 19:31:30] 发送(hex): 20
[2026/09/15 19:31:30] 发送(hex): 20
[2026/09/15 19:31:30] 发送(hex): 20
[2026/09/15 19:31:30] 发送(hex): 20
[2026/09/15 19:31:30] 发送(hex): 20
[2026/09/15 19:31:30] 发送(hex): 20
[2026/09/15 19:31:30] 发送(hex): 20
[2026/09/15 19:31:30] 发送(hex): 20
[2026/09/15 19:31:30] 发送(hex): 20
[2026/09/15 19:31:30] 发送(hex): 20
[2026/09/15 19:31:30] 发送(hex): 20
[2026/09/15 19:31:30] 发送(hex): 20
[2026/09/15 19:31:30] 发送(hex): 20
[2026/09/15 19:31:30] 发送(hex): 20
[2026/09/15 19:31:30] 发送(hex): 20
[2026/09/15 19:31:30] 发送(hex): 20
[2026/09/15 19:31:30] 发送(hex): 20
[2026/09/15 19:31:30] 发送(hex): 20
[2026/09/15 19:31:30] 发送(hex): 20
[2026/09/15 19:31:30] 发送(hex): 20
[2026/09/15 19:31:30] 发送(hex): 20
[2026/09/15 19:31:30] 发送(hex): 20
[2026/09/15 19:31:30] 发送(hex): 20
[2026/09/15 19:31:30] 发送(hex): 20
[2026/09/15 19:31:30] 发送(hex): 20
[2026/09/15 19:31:30] 发送(hex): 20
[2026/09/15 19:31:30] 发送(hex): 20
[2026/09/15 19:31:30] 发送(hex): 20
[2026/09/15 19:31:30] 发送(hex): 20
[2026/09/15 19:31:30] 发送(hex): 20
[2026/09/15 19:31:30] 发送(hex): 20
[2026/09/15 19:31:30] 发送(hex): 20
[2026/09/15 19:31:30] 发送(hex): 20
[2026/09/15 19:31:31] 发送(hex): 20
[2026/09/15 19:31:31] 发送(hex): 20
[2026/09/15 19:31:31] 发送(hex): 20
[2026/09/15 19:31:31] 发送(hex): 20
[2026/09/15 19:31:31] 发送(hex): 20
[2026/09/15 19:31:31] 发送(hex): 20
[2026/09/15 19:31:31] 发送(hex): 20
[2026/09/15 19:31:31] 发送(hex): 20
[2026/09/15 19:31:31] 发送(hex): 20
[2026/09/15 19:31:31] 发送(hex): 20
[2026/09/15 19:31:31] 发送(hex): 20
[2026/09/15 19:31:31] 发送(hex): 20
[2026/09/15 19:31:31] 发送(hex): 20
[2026/09/15 19:31:31] 发送(hex): 20
[2026/09/15 19:31:31] 发送(hex): 20
[2026/09/15 19:31:31] 发送(hex): 20
[2026/09/15 19:31:31] 发送(hex): 20
[2026/09/15 19:31:31] 发送(hex): 20
[2026/09/15 19:31:31] 发送(hex): 20
[2026/09/15 19:31:31] 发送(hex): 20
[2026/09/15 19:31:31] 发送(hex): 20
[2026/09/15 19:31:31] 发送(hex): 20
[2026/09/15 19:31:31] 发送(hex): 20
[2026/09/15 19:31:31] 发送(hex): 20
[2026/09/15 19:31:31] 发送(hex): 20
[2026/09/15 19:31:31] 发送(hex): 20
[2026/09/15 19:31:31] 发送(hex): 20
[2026/09/15 19:31:31] 发送(hex): 20
[2026/09/15 19:31:31] 发送(hex): 20
[2026/09/15 19:31:31] 发送(hex): 20
[2026/09/15 19:31:31] 发送(hex): 20
[2026/09/15 19:31:31] 发送(hex): 20
[2026/09/15 19:31:31] 发送(hex): 20
[2026/09/15 19:31:31] 发送(hex): 20
[2026/09/15 19:31:31] 发送(hex): 20
[2026/09/15 19:31:31] 发送(hex): 20
[2026/09/15 19:31:31] 发送(hex): 20
[2026/09/15 19:31:31] 发送(hex): 20
[2026/09/15 19:31:31] 发送(hex): 20
[2026/09/15 19:31:31] 发送(hex): 20
[2026/09/15 19:31:31] 发送(hex): 20
[2026/09/15 19:31:31] 发送(hex): 20
[2026/09/15 19:31:31] 发送(hex): 20
[2026/09/15 19:31:31] 发送(hex): 20
[2026/09/15 19:31:31] 发送(hex): 20
[2026/09/15 19:31:31] 发送(hex): 20
[2026/09/15 19:31:31] 发送(hex): 20
[2026/09/15 19:31:31] 发送(hex): 20
[2026/09/15 19:31:31] 发送(hex): 20
[2026/09/15 19:31:31] 发送(hex): 20
[2026/09/15 19:31:31] 发送(hex): 20
[2026/09/15 19:31:31] 发送(hex): 20
[2026/09/15 19:31:31] 发送(hex): 20
[2026/09/15 19:31:31] 发送(hex): 20
[2026/09/15 19:31:31] 发送(hex): 20
[2026/09/15 19:31:31] 发送(hex): 20
[2026/09/15 19:31:31] 发送(hex): 20
[2026/09/15 19:31:31] 发送(hex): 20
[2026/09/15 19:31:31] 发送(hex): 20
[2026/09/15 19:31:31] 发送(hex): 20
[2026/09/15 19:31:31] 发送(hex): 20
[2026/09/15 19:31:31] 发送(hex): 20
[2026/09/15 19:31:31] 发送(hex): 20
[2026/09/15 19:31:31] 发送(hex): 20
[2026/09/15 19:31:31] 发送(hex): 20
[2026/09/15 19:31:31] 发送(hex): 20
[2026/09/15 19:31:31] 发送(hex): 20
[2026/09/15 19:31:31] 发送(hex): 20
[2026/09/15 19:31:31] 发送(hex): 20
[2026/09/15 19:31:31] 发送(hex): 20
[2026/09/15 19:31:31] 发送(hex): 20
[2026/09/15 19:31:31] 发送(hex): 20
[2026/09/15 19:31:31] 发送(hex): 20
[2026/09/15 19:31:31] 发送(hex): 20
[2026/09/15 19:31:31] 发送(hex): 20
[2026/09/15 19:31:31] 发送(hex): 20
[2026/09/15 19:31:31] 发送(hex): 20
[2026/09/15 19:31:31] 发送(hex): 20
[2026/09/15 19:31:31] 发送(hex): 20
[2026/09/15 19:31:31] 发送(hex): 20
[2026/09/15 19:31:31] 发送(hex): 20
[2026/09/15 19:31:31] 发送(hex): 20
[2026/09/15 19:31:31] 发送(hex): 20
[2026/09/15 19:31:31] 发送(hex): 20
[2026/09/15 19:31:31] 发送(hex): 20
[2026/09/15 19:31:31] 发送(hex): 20
[2026/09/15 19:31:31] 发送(hex): 20
[2026/09/15 19:31:31] 发送(hex): 20
[2026/09/15 19:31:31] 发送(hex): 20
[2026/09/15 19:31:31] 发送(hex): 20
[2026/09/15 19:31:31] 发送(hex): 20
[2026/09/15 19:31:31] 发送(hex): 20
[2026/09/15 19:31:31] 发送(hex): 20
[2026/09/15 19:31:32] 发送(hex): 20
[2026/09/15 19:31:32] 发送(hex): 20
[2026/09/15 19:31:32] 发送(hex): 20
[2026/09/15 19:31:32] 发送(hex): 20
[2026/09/15 19:31:32] 发送(hex): 20
[2026/09/15 19:31:32] 发送(hex): 20
[2026/09/15 19:31:32] 发送(hex): 20
[2026/09/15 19:31:32] 发送(hex): 20
[2026/09/15 19:31:32] 发送(hex): 20
[2026/09/15 19:31:32] 发送(hex): 20
[2026/09/15 19:31:32] 发送(hex): 20
[2026/09/15 19:31:32] 发送(hex): 20
[2026/09/15 19:31:32] 发送(hex): 20
[2026/09/15 19:31:32] 发送(hex): 20
[2026/09/15 19:31:32] 发送(hex): 20
[2026/09/15 19:31:32] 发送(hex): 20
[2026/09/15 19:31:32] 发送(hex): 20
[2026/09/15 19:31:32] 发送(hex): 20
[2026/09/15 19:31:32] 发送(hex): 20
[2026/09/15 19:31:32] 发送(hex): 20
[2026/09/15 19:31:32] 发送(hex): 20
[2026/09/15 19:31:32] 发送(hex): 20
[2026/09/15 19:31:32] 发送(hex): 20
[2026/09/15 19:31:32] 发送(hex): 20
[2026/09/15 19:31:32] 发送(hex): 20
[2026/09/15 19:31:32] 发送(hex): 20
[2026/09/15 19:31:32] 发送(hex): 20
[2026/09/15 19:31:32] 发送(hex): 20
[2026/09/15 19:31:32] 发送(hex): 20
[2026/09/15 19:31:32] 发送(hex): 20
[2026/09/15 19:31:32] 发送(hex): 20
[2026/09/15 19:31:32] 发送(hex): 20
[2026/09/15 19:31:32] 发送(hex): 20
[2026/09/15 19:31:32] 发送(hex): 20
[2026/09/15 19:31:32] 发送(hex): 20
[2026/09/15 19:31:32] 发送(hex): 20
[2026/09/15 19:31:32] 发送(hex): 20
[2026/09/15 19:31:32] 发送(hex): 20
[2026/09/15 19:31:32] 发送(hex): 20
[2026/09/15 19:31:32] 发送(hex): 20
[2026/09/15 19:31:32] 发送(hex): 20
[2026/09/15 19:31:32] 发送(hex): 20
[2026/09/15 19:31:32] 发送(hex): 20
[2026/09/15 19:31:32] 发送(hex): 20
[2026/09/15 19:31:32] 发送(hex): 20
[2026/09/15 19:31:32] 发送(hex): 20
[2026/09/15 19:31:32] 发送(hex): 20
[2026/09/15 19:31:32] 发送(hex): 20
[2026/09/15 19:31:32] 发送(hex): 20
[2026/09/15 19:31:32] 发送(hex): 20
[2026/09/15 19:31:32] 发送(hex): 20
[2026/09/15 19:31:32] 发送(hex): 20
[2026/09/15 19:31:32] 发送(hex): 20
[2026/09/15 19:31:32] 发送(hex): 20
[2026/09/15 19:31:32] 发送(hex): 20
[2026/09/15 19:31:32] 发送(hex): 20
[2026/09/15 19:31:32] 发送(hex): 20
[2026/09/15 19:31:32] 发送(hex): 20
[2026/09/15 19:31:32] 发送(hex): 20
[2026/09/15 19:31:32] 发送(hex): 20
[2026/09/15 19:31:32] 发送(hex): 20
[2026/09/15 19:31:32] 发送(hex): 20
[2026/09/15 19:31:32] 发送(hex): 20
[2026/09/15 19:31:32] 发送(hex): 20
[2026/09/15 19:31:32] 发送(hex): 20
[2026/09/15 19:31:32] 发送(hex): 20
[2026/09/15 19:31:32] 发送(hex): 20
[2026/09/15 19:31:32] 发送(hex): 20
[2026/09/15 19:31:32] 发送(hex): 20
[2026/09/15 19:31:32] 发送(hex): 20
[2026/09/15 19:31:32] 发送(hex): 20
[2026/09/15 19:31:32] 发送(hex): 20
[2026/09/15 19:31:32] 发送(hex): 20
[2026/09/15 19:31:32] 发送(hex): 20
[2026/09/15 19:31:32] 发送(hex): 20
[2026/09/15 19:31:32] 发送(hex): 20
[2026/09/15 19:31:32] 发送(hex): 20
[2026/09/15 19:31:32] 发送(hex): 20
[2026/09/15 19:31:32] 发送(hex): 20
[2026/09/15 19:31:32] 发送(hex): 20
[2026/09/15 19:31:32] 发送(hex): 20
[2026/09/15 19:31:32] 发送(hex): 20
[2026/09/15 19:31:32] 发送(hex): 20
[2026/09/15 19:31:32] 发送(hex): 20
[2026/09/15 19:31:32] 发送(hex): 20
[2026/09/15 19:31:32] 发送(hex): 20
[2026/09/15 19:31:32] 发送(hex): 20
[2026/09/15 19:31:32] 发送(hex): 20
[2026/09/15 19:31:32] 发送(hex): 20
[2026/09/15 19:31:32] 发送(hex): 20
[2026/09/15 19:31:32] 发送(hex): 20
[2026/09/15 19:31:32] 发送(hex): 20
[2026/09/15 19:31:33] 发送(hex): 20
[2026/09/15 19:31:33] 发送(hex): 20
[2026/09/15 19:31:33] 发送(hex): 20
[2026/09/15 19:31:33] 发送(hex): 20
[2026/09/15 19:31:33] 发送(hex): 20
[2026/09/15 19:31:33] 发送(hex): 20
[2026/09/15 19:31:33] 发送(hex): 20
[2026/09/15 19:31:33] 发送(hex): 20
[2026/09/15 19:31:33] 发送(hex): 20
[2026/09/15 19:31:33] 发送(hex): 20
[2026/09/15 19:31:33] 发送(hex): 20
[2026/09/15 19:31:33] 发送(hex): 20
[2026/09/15 19:31:33] 发送(hex): 20
[2026/09/15 19:31:33] 发送(hex): 20
[2026/09/15 19:31:33] 发送(hex): 20
[2026/09/15 19:31:33] 发送(hex): 20
[2026/09/15 19:31:33] 发送(hex): 20
[2026/09/15 19:31:33] 发送(hex): 20
[2026/09/15 19:31:33] 发送(hex): 20
[2026/09/15 19:31:33] 发送(hex): 20
[2026/09/15 19:31:33] 发送(hex): 20
[2026/09/15 19:31:33] 发送(hex): 20
[2026/09/15 19:31:33] 发送(hex): 20
[2026/09/15 19:31:33] 发送(hex): 20
[2026/09/15 19:31:33] 发送(hex): 20
[2026/09/15 19:31:33] 发送(hex): 20
[2026/09/15 19:31:33] 发送(hex): 20
[2026/09/15 19:31:33] 发送(hex): 20
[2026/09/15 19:31:33] 发送(hex): 20
[2026/09/15 19:31:33] 发送(hex): 20
[2026/09/15 19:31:33] 发送(hex): 20
[2026/09/15 19:31:33] 发送(hex): 20
[2026/09/15 19:31:33] 发送(hex): 20
[2026/09/15 19:31:33] 发送(hex): 20
[2026/09/15 19:31:33] 发送(hex): 20
[2026/09/15 19:31:33] 发送(hex): 20
[2026/09/15 19:31:33] 发送(hex): 20
[2026/09/15 19:31:33] 发送(hex): 20
[2026/09/15 19:31:33] 发送(hex): 20
[2026/09/15 19:31:33] 发送(hex): 20
[2026/09/15 19:31:33] 发送(hex): 20
[2026/09/15 19:31:33] 发送(hex): 20
[2026/09/15 19:31:33] 发送(hex): 20
[2026/09/15 19:31:33] 发送(hex): 20
[2026/09/15 19:31:33] 发送(hex): 20
[2026/09/15 19:31:33] 发送(hex): 20
[2026/09/15 19:31:33] 发送(hex): 20
[2026/09/15 19:31:33] 发送(hex): 20
[2026/09/15 19:31:33] 发送(hex): 20
[2026/09/15 19:31:33] 发送(hex): 20
[2026/09/15 19:31:33] 发送(hex): 20
[2026/09/15 19:31:33] 发送(hex): 20
[2026/09/15 19:31:33] 发送(hex): 20
[2026/09/15 19:31:33] 发送(hex): 20
[2026/09/15 19:31:33] 发送(hex): 20
[2026/09/15 19:31:33] 发送(hex): 20
[2026/09/15 19:31:33] 发送(hex): 20
[2026/09/15 19:31:33] 发送(hex): 20
[2026/09/15 19:31:33] 发送(hex): 20
[2026/09/15 19:31:33] 发送(hex): 20
[2026/09/15 19:31:33] 发送(hex): 20
[2026/09/15 19:31:33] 发送(hex): 20
[2026/09/15 19:31:33] 发送(hex): 20
[2026/09/15 19:31:33] 发送(hex): 20
[2026/09/15 19:31:33] 发送(hex): 20
[2026/09/15 19:31:33] 发送(hex): 20
[2026/09/15 19:31:33] 发送(hex): 20
[2026/09/15 19:31:33] 发送(hex): 20
[2026/09/15 19:31:33] 发送(hex): 20
[2026/09/15 19:31:33] 发送(hex): 20
[2026/09/15 19:31:33] 发送(hex): 20
[2026/09/15 19:31:33] 发送(hex): 20
[2026/09/15 19:31:33] 发送(hex): 20
[2026/09/15 19:31:33] 发送(hex): 20
[2026/09/15 19:31:33] 发送(hex): 20
[2026/09/15 19:31:33] 发送(hex): 20
[2026/09/15 19:31:33] 发送(hex): 20
[2026/09/15 19:31:33] 发送(hex): 20
[2026/09/15 19:31:33] 发送(hex): 20
[2026/09/15 19:31:33] 发送(hex): 20
[2026/09/15 19:31:33] 发送(hex): 20
[2026/09/15 19:31:33] 发送(hex): 20
[2026/09/15 19:31:33] 发送(hex): 20
[2026/09/15 19:31:33] 发送(hex): 20
[2026/09/15 19:31:33] 发送(hex): 20
[2026/09/15 19:31:33] 发送(hex): 20
[2026/09/15 19:31:33] 发送(hex): 20
[2026/09/15 19:31:33] 发送(hex): 20
[2026/09/15 19:31:33] 发送(hex): 20
[2026/09/15 19:31:33] 发送(hex): 20
[2026/09/15 19:31:33] 发送(hex): 20
[2026/09/15 19:31:33] 发送(hex): 20
[2026/09/15 19:31:33] 发送(hex): 20
[2026/09/15 19:31:33] 发送(hex): 20
[2026/09/15 19:31:34] 发送(hex): 20
[2026/09/15 19:31:34] 发送(hex): 20
[2026/09/15 19:31:34] 发送(hex): 20
[2026/09/15 19:31:34] 发送(hex): 20
[2026/09/15 19:31:34] 发送(hex): 20
[2026/09/15 19:31:34] 发送(hex): 20
[2026/09/15 19:31:34] 发送(hex): 20
[2026/09/15 19:31:34] 发送(hex): 20
[2026/09/15 19:31:34] 发送(hex): 20
[2026/09/15 19:31:34] 发送(hex): 20
[2026/09/15 19:31:34] 发送(hex): 20
[2026/09/15 19:31:34] 发送(hex): 20
[2026/09/15 19:31:34] 发送(hex): 20
[2026/09/15 19:31:34] 发送(hex): 20
[2026/09/15 19:31:34] 发送(hex): 20
[2026/09/15 19:31:34] 发送(hex): 20
[2026/09/15 19:31:34] 发送(hex): 20
[2026/09/15 19:31:34] 发送(hex): 20
[2026/09/15 19:31:34] 发送(hex): 20
[2026/09/15 19:31:34] 发送(hex): 20
[2026/09/15 19:31:34] 发送(hex): 20
[2026/09/15 19:31:34] 发送(hex): 20
[2026/09/15 19:31:34] 发送(hex): 20
[2026/09/15 19:31:34] 发送(hex): 20
[2026/09/15 19:31:34] 发送(hex): 20
[2026/09/15 19:31:34] 发送(hex): 20
[2026/09/15 19:31:34] 发送(hex): 20
[2026/09/15 19:31:34] 发送(hex): 20
[2026/09/15 19:31:34] 发送(hex): 20
[2026/09/15 19:31:34] 发送(hex): 20
[2026/09/15 19:31:34] 发送(hex): 20
[2026/09/15 19:31:34] 发送(hex): 20
[2026/09/15 19:31:34] 发送(hex): 20
[2026/09/15 19:31:34] 发送(hex): 20
[2026/09/15 19:31:34] 发送(hex): 20
[2026/09/15 19:31:34] 发送(hex): 20
[2026/09/15 19:31:34] 发送(hex): 20
[2026/09/15 19:31:34] 发送(hex): 20
[2026/09/15 19:31:34] 发送(hex): 20
[2026/09/15 19:31:34] 发送(hex): 20
[2026/09/15 19:31:34] 发送(hex): 20
[2026/09/15 19:31:34] 发送(hex): 20
[2026/09/15 19:31:34] 发送(hex): 20
[2026/09/15 19:31:34] 发送(hex): 20
[2026/09/15 19:31:34] 发送(hex): 20
[2026/09/15 19:31:34] 发送(hex): 20
[2026/09/15 19:31:34] 发送(hex): 20
[2026/09/15 19:31:34] 发送(hex): 20
[2026/09/15 19:31:34] 发送(hex): 20
[2026/09/15 19:31:34] 发送(hex): 20
[2026/09/15 19:31:34] 发送(hex): 20
[2026/09/15 19:31:34] 发送(hex): 20
[2026/09/15 19:31:34] 发送(hex): 20
[2026/09/15 19:31:34] 发送(hex): 20
[2026/09/15 19:31:34] 发送(hex): 20
[2026/09/15 19:31:34] 发送(hex): 20
[2026/09/15 19:31:34] 发送(hex): 20
[2026/09/15 19:31:34] 发送(hex): 20
[2026/09/15 19:31:34] 发送(hex): 20
[2026/09/15 19:31:34] 发送(hex): 20
[2026/09/15 19:31:34] 发送(hex): 20
[2026/09/15 19:31:34] 发送(hex): 20
[2026/09/15 19:31:34] 发送(hex): 20
[2026/09/15 19:31:34] 发送(hex): 20
[2026/09/15 19:31:34] 发送(hex): 20
[2026/09/15 19:31:34] 发送(hex): 20
[2026/09/15 19:31:34] 发送(hex): 20
[2026/09/15 19:31:34] 发送(hex): 20
[2026/09/15 19:31:34] 发送(hex): 20
[2026/09/15 19:31:34] 发送(hex): 20
[2026/09/15 19:31:34] 发送(hex): 20
[2026/09/15 19:31:34] 发送(hex): 20
[2026/09/15 19:31:34] 发送(hex): 20
[2026/09/15 19:31:34] 发送(hex): 20
[2026/09/15 19:31:34] 发送(hex): 20
[2026/09/15 19:31:34] 发送(hex): 20
[2026/09/15 19:31:34] 发送(hex): 20
[2026/09/15 19:31:34] 发送(hex): 20
[2026/09/15 19:31:34] 发送(hex): 20
[2026/09/15 19:31:34] 发送(hex): 20
[2026/09/15 19:31:34] 发送(hex): 20
[2026/09/15 19:31:34] 发送(hex): 20
[2026/09/15 19:31:34] 发送(hex): 20
[2026/09/15 19:31:34] 发送(hex): 20
[2026/09/15 19:31:34] 发送(hex): 20
[2026/09/15 19:31:34] 发送(hex): 20
[2026/09/15 19:31:34] 发送(hex): 20
[2026/09/15 19:31:34] 发送(hex): 20
[2026/09/15 19:31:34] 发送(hex): 20
[2026/09/15 19:31:34] 发送(hex): 20
[2026/09/15 19:31:34] 发送(hex): 20
[2026/09/15 19:31:34] 发送(hex): 20
[2026/09/15 19:31:34] 发送(hex): 20
[2026/09/15 19:31:35] 发送(hex): 20
[2026/09/15 19:31:35] 发送(hex): 20
[2026/09/15 19:31:35] 发送(hex): 20
[2026/09/15 19:31:35] 发送(hex): 20
[2026/09/15 19:31:35] 发送(hex): 20
[2026/09/15 19:31:35] 发送(hex): 20
[2026/09/15 19:31:35] 发送(hex): 20
[2026/09/15 19:31:35] 发送(hex): 20
[2026/09/15 19:31:35] 发送(hex): 20
[2026/09/15 19:31:35] 发送(hex): 20
[2026/09/15 19:31:35] 发送(hex): 20
[2026/09/15 19:31:35] 发送(hex): 20
[2026/09/15 19:31:35] 发送(hex): 20
[2026/09/15 19:31:35] 发送(hex): 20
[2026/09/15 19:31:35] 发送(hex): 20
[2026/09/15 19:31:35] 发送(hex): 20
[2026/09/15 19:31:35] 发送(hex): 20
[2026/09/15 19:31:35] 发送(hex): 20
[2026/09/15 19:31:35] 发送(hex): 20
[2026/09/15 19:31:35] 发送(hex): 20
[2026/09/15 19:31:35] 发送(hex): 20
[2026/09/15 19:31:35] 发送(hex): 20
[2026/09/15 19:31:35] 发送(hex): 20
[2026/09/15 19:31:35] 发送(hex): 20
[2026/09/15 19:31:35] 发送(hex): 20
[2026/09/15 19:31:35] 发送(hex): 20
[2026/09/15 19:31:35] 发送(hex): 20
[2026/09/15 19:31:35] 发送(hex): 20
[2026/09/15 19:31:35] 发送(hex): 20
[2026/09/15 19:31:35] 发送(hex): 20
[2026/09/15 19:31:35] 发送(hex): 20
[2026/09/15 19:31:35] 发送(hex): 20
[2026/09/15 19:31:35] 发送(hex): 20
[2026/09/15 19:31:35] 发送(hex): 20
[2026/09/15 19:31:35] 发送(hex): 20
[2026/09/15 19:31:35] 发送(hex): 20
[2026/09/15 19:31:35] 发送(hex): 20
[2026/09/15 19:31:35] 发送(hex): 20
[2026/09/15 19:31:35] 发送(hex): 20
[2026/09/15 19:31:35] 发送(hex): 20
[2026/09/15 19:31:35] 发送(hex): 20
[2026/09/15 19:31:35] 发送(hex): 20
[2026/09/15 19:31:35] 发送(hex): 20
[2026/09/15 19:31:35] 发送(hex): 20
[2026/09/15 19:31:35] 发送(hex): 20
[2026/09/15 19:31:35] 发送(hex): 20
[2026/09/15 19:31:35] 发送(hex): 20
[2026/09/15 19:31:35] 发送(hex): 20
[2026/09/15 19:31:35] 发送(hex): 20
[2026/09/15 19:31:35] 发送(hex): 20
[2026/09/15 19:31:35] 发送(hex): 20
[2026/09/15 19:31:35] 发送(hex): 20
[2026/09/15 19:31:35] 发送(hex): 20
[2026/09/15 19:31:35] 发送(hex): 20
[2026/09/15 19:31:35] 发送(hex): 20
[2026/09/15 19:31:35] 发送(hex): 20
[2026/09/15 19:31:35] 发送(hex): 20
[2026/09/15 19:31:35] 发送(hex): 20
[2026/09/15 19:31:35] 发送(hex): 20
[2026/09/15 19:31:35] 发送(hex): 20
[2026/09/15 19:31:35] 发送(hex): 20
[2026/09/15 19:31:35] 发送(hex): 20
[2026/09/15 19:31:35] 发送(hex): 20
[2026/09/15 19:31:35] 发送(hex): 20
[2026/09/15 19:31:35] 发送(hex): 20
[2026/09/15 19:31:35] 发送(hex): 20
[2026/09/15 19:31:35] 发送(hex): 20
[2026/09/15 19:31:35] 发送(hex): 20
[2026/09/15 19:31:35] 发送(hex): 20
[2026/09/15 19:31:35] 发送(hex): 20
[2026/09/15 19:31:35] 发送(hex): 20
[2026/09/15 19:31:35] 发送(hex): 20
[2026/09/15 19:31:35] 发送(hex): 20
[2026/09/15 19:31:35] 发送(hex): 20
[2026/09/15 19:31:35] 发送(hex): 20
[2026/09/15 19:31:35] 发送(hex): 20
[2026/09/15 19:31:35] 发送(hex): 20
[2026/09/15 19:31:35] 发送(hex): 20
[2026/09/15 19:31:35] 发送(hex): 20
[2026/09/15 19:31:35] 发送(hex): 20
[2026/09/15 19:31:35] 发送(hex): 20
[2026/09/15 19:31:35] 发送(hex): 20
[2026/09/15 19:31:35] 发送(hex): 20
[2026/09/15 19:31:35] 发送(hex): 20
[2026/09/15 19:31:35] 发送(hex): 20
[2026/09/15 19:31:35] 发送(hex): 20
[2026/09/15 19:31:35] 发送(hex): 20
[2026/09/15 19:31:35] 发送(hex): 20
[2026/09/15 19:31:35] 发送(hex): 20
[2026/09/15 19:31:35] 发送(hex): 20
[2026/09/15 19:31:35] 发送(hex): 20
[2026/09/15 19:31:35] 发送(hex): 20
[2026/09/15 19:31:35] 发送(hex): 20
[2026/09/15 19:31:36] 发送(hex): 20
[2026/09/15 19:31:36] 发送(hex): 20
[2026/09/15 19:31:36] 发送(hex): 20
[2026/09/15 19:31:36] 发送(hex): 20
[2026/09/15 19:31:36] 发送(hex): 20
[2026/09/15 19:31:36] 发送(hex): 20
[2026/09/15 19:31:36] 发送(hex): 20
[2026/09/15 19:31:36] 发送(hex): 20
[2026/09/15 19:31:36] 发送(hex): 20
[2026/09/15 19:31:36] 发送(hex): 20
[2026/09/15 19:31:36] 发送(hex): 20
[2026/09/15 19:31:36] 发送(hex): 20
[2026/09/15 19:31:36] 发送(hex): 20
[2026/09/15 19:31:36] 发送(hex): 20
[2026/09/15 19:31:36] 发送(hex): 20
[2026/09/15 19:31:36] 发送(hex): 20
[2026/09/15 19:31:36] 发送(hex): 20
[2026/09/15 19:31:36] 发送(hex): 20
[2026/09/15 19:31:36] 发送(hex): 20
[2026/09/15 19:31:36] 发送(hex): 20
[2026/09/15 19:31:36] 发送(hex): 20
[2026/09/15 19:31:36] 发送(hex): 20
[2026/09/15 19:31:36] 发送(hex): 20
[2026/09/15 19:31:36] 发送(hex): 20
[2026/09/15 19:31:36] 发送(hex): 20
[2026/09/15 19:31:36] 发送(hex): 20
[2026/09/15 19:31:36] 发送(hex): 20
[2026/09/15 19:31:36] 发送(hex): 20
[2026/09/15 19:31:36] 发送(hex): 20
[2026/09/15 19:31:36] 发送(hex): 20
[2026/09/15 19:31:36] 发送(hex): 20
[2026/09/15 19:31:36] 发送(hex): 20
[2026/09/15 19:31:36] 发送(hex): 20
[2026/09/15 19:31:36] 发送(hex): 20
[2026/09/15 19:31:36] 发送(hex): 20
[2026/09/15 19:31:36] 发送(hex): 20
[2026/09/15 19:31:36] 发送(hex): 20
[2026/09/15 19:31:36] 发送(hex): 20
[2026/09/15 19:31:36] 发送(hex): 20
[2026/09/15 19:31:36] 发送(hex): 20
[2026/09/15 19:31:36] 发送(hex): 20
[2026/09/15 19:31:36] 发送(hex): 20
[2026/09/15 19:31:36] 发送(hex): 20
[2026/09/15 19:31:36] 发送(hex): 20
[2026/09/15 19:31:40] 发送(hex): 0d
[2026/09/15 19:31:40] 发送(hex): 0d
[2026/09/15 19:31:40] Realtek>
[2026/09/15 19:31:40] 发送(hex): 0d
[2026/09/15 19:31:40] 发送(hex): 0d
[2026/09/15 19:31:40] Realtek>
[2026/09/15 19:31:40] Realtek>
[2026/09/15 19:31:40] 发送(hex): 0d
[2026/09/15 19:31:40] Realtek>
[2026/09/15 19:31:40] Realtek>
[2026/09/15 19:31:45] 发送(hex): 706d6f64652064697361626c653b72650d
[2026/09/15 19:31:45] pmode disable;re
[2026/09/15 19:31:45] uboot command for pmode disable!
[2026/09/15 19:31:45] resetting ...
[2026/09/15 19:31:45] $
[2026/09/15 19:31:45] Post romcode git ver:42df880604ac78a3 (Aug 28 2026 21:41:35)
[2026/09/15 19:31:45] $
[2026/09/15 19:31:45] Hello world, RTD2875P_CN2_TV030!
[2026/09/15 19:31:45] set_wifi_reset
[2026/09/15 19:31:45] Auxcode git ver:3a4deb9ea300359e (Aug 28 2026 21:41:29)
[2026/09/15 19:31:45] flash_type = 2, secure_type = 2
[2026/09/15 19:31:45] b8062204=20000
[2026/09/15 19:31:45] slot info 0 0x0 info 1 0x9021afbe
[2026/09/15 19:31:45] g_gpt_blk_start 0x1  g_offline_gpt 0x0 last_usable_lba 0x1cd2032 num_partition_entries 0x32
[2026/09/15 19:31:45] start 0x2e600000 clt_blk 0x1973004 ctrl size 0x20
[2026/09/15 19:31:45] choose active index 0
[2026/09/15 19:31:45] part name bootloader ative_slot _a real part name bootloader_a
[2026/09/15 19:31:45] part name hwsetting start 0x100000 size 0x33600
[2026/09/15 19:31:45] part name ext_fw start 0x133600 size 0x10400
[2026/09/15 19:31:45] part name kboot start 0x143a00 size 0x16e00
[2026/09/15 19:31:45] part name uboot start 0x15a800 size 0x120400
[2026/09/15 19:31:45] ls4 2 1 = 800040ab 8000207f 80001000
[2026/09/15 19:31:45] fNewHWsettingArch = 2
[2026/09/15 19:31:45] 1.lsadcidx = 2, brand =3, offset = 0
[2026/09/15 19:31:45] 1.lsadcidx = 2, brand =3, offset = 17800
[2026/09/15 19:31:45] hwsetting from mmc
[2026/09/15 19:31:45] AC on HW offset 0x809 start 0x800 reg 0x8090800
[2026/09/15 19:31:45] total = 2f00
[2026/09/15 19:31:45] A
[2026/09/15 19:31:45] A
[2026/09/15 19:31:45] A
[2026/09/15 19:31:45] A
[2026/09/15 19:31:45] A
[2026/09/15 19:31:45] {12 14}
[2026/09/15 19:31:45] ffeedd
[2026/09/15 19:31:45] ffeeddddr ver: 62c63180
[2026/09/15 19:31:45] ori DQS0~7 {03 04 1a 1c 00 01 00 00}
[2026/09/15 19:31:45] {01 03 19 1b 00 01 00 00} {09 08 07 09 06 06 00 00}
[2026/09/15 19:31:45] r.y.0
[2026/09/15 19:31:45] r.y.0 SCPU BISR status: Done
[2026/09/15 19:31:45] [go kb]
[2026/09/15 19:31:45] pass boo
[2026/09/15 19:31:45] tcode info to kboot
[2026/09/15 19:31:45] num=1056
[2026/09/15 19:31:45] boot_magic=20230423
[2026/09/15 19:31:45] ---DEBUG kboot 21:41:14 Aug 28 2026 ---
[2026/09/15 19:31:45] [Kboot]eMMC(mid-15) MMC_HS50 (50000000Mhz)[8bit].
[2026/09/15 19:31:45] block info 0x1cd2032 0x3a3e000.
[2026/09/15 19:31:45] [MMC] 32 -----------> 16GB.
[2026/09/15 19:31:45] (2379beef) (0) bufsize=(null)
[2026/09/15 19:31:45] uboot start 0x15a800 size 0x120400
[2026/09/15 19:31:45] board_version:
[2026/09/15 19:31:45] ls1 = 0, ver: 0
[2026/09/15 19:31:45] [0;31mapp_main 325 board_version=0[0m
[2026/09/15 19:31:45] get FW_TZFW flash start 0xf100200 ddr buf start
[2026/09/15 19:31:45] 0x180000 image size 010c2e3 ok!
[2026/09/15 19:31:45] [INFO]RPMB auth key not written !
[2026/09/15 19:31:45] [INFO]RPMB auth key not written !
[2026/09/15 19:31:45] Current board is not frist boot.
[2026/09/15 19:31:45] ALL zero, reserved_3 has removed.
[2026/09/15 19:31:45] Current board remove reserved_3 done.
[2026/09/15 19:31:46] get FW_VKERNEL
[2026/09/15 19:31:46] flash start 0xc100200 ddr buf start 0x1a900000 image size 05f0300 ok!
[2026/09/15 19:31:46] get FW_VKERNEL2 flash start 0xd900200 ddr buf start 0x1af00000 image size 0f4920 ok!
[2026/09/15 19:31:46] get FW_AKERNEL flash start 0xa900200 ddr buf start 0x1b200000 image size 07fbf7c ok!
[2026/09/15 19:31:46] ATFATFATF:0 1 NOTICE: kill CPU(2)...
[2026/09/15 19:31:46] ATF:0 1 NOTICE: kill (2) : PACTIVE:0
[2026/09/15 19:31:46] ATF:0 1 NOTICE:  CPU(2) kill done, pstate(0x0)
[2026/09/15 19:31:46] U
[2026/09/15 19:31:46] fixup_node_name 555. set /rese
[2026/09/15 19:31:46] rved-memory@5 to /reserved-memory
[2026/09/15 19:31:46] fixup_node_name 555. set /rtk_cma@5 to /rtk_cma
[2026/09/15 19:31:46] ### [1;31mERROR[0m ### get_movablecore 613. Can't find dtb node /reserved-memory/cma2_memory/reg
[2026/09/15 19:31:46] reinit_mem_info 1049  ddr_size 80000000
[2026/09/15 19:31:46] booting, boot_led_type: 0x00000000, led on[1]
[2026/09/15 19:31:46] set share register: 0x99100000
[2026/09/15 19:31:46] boot_power_on_mode=1
[2026/09/15 19:31:46] [get_layout:1264]!
[2026/09/15 19:31:46] boot_part value = 0 boot_tag value = 21
[2026/09/15 19:31:46] [get_oemkey] 1397: get oem.key = ATV00107525
[2026/09/15 19:31:46] Factory_RO: [EXT4] factory_ro_buffer:0a800000, factory_ro_buffer size:0x1000000!
[2026/09/15 19:31:46] Partiton factory_ro_a located at 0:6
[2026/09/15 19:31:46] factory_ro_a partition can not find /.000@bk@***!
[2026/09/15 19:31:46] Factory RO no need recovery!
[2026/09/15 19:31:46] Get tvconfigs_a partition block device index fail!
[2026/09/15 19:31:46] read customer.ini file fail!
[2026/09/15 19:31:46] parse SYS_INI path fail
[2026/09/15 19:31:46] Not support board ini mechansim!
[2026/09/15 19:31:46] Get tvconfigs_a partition block device index fail!
[2026/09/15 19:31:46] read customer.ini file fail!
[2026/09/15 19:31:46] parse SYS_INI path fail
[2026/09/15 19:31:46] load model ini file fail
[2026/09/15 19:31:46] cannot find PcbPath from ini file
[2026/09/15 19:31:46] no pcb.config in tvconfigs
[2026/09/15 19:31:46] no mnt/vendor/factorypcb.config
[2026/09/15 19:31:47] delay:342
[2026/09/15 19:31:47] Vwait V1g
[2026/09/15 19:31:47] o Vwait V2go
[2026/09/15 19:31:48] DEMOD BISR check Pass and disable demod
[2026/09/15 19:31:48] CLK!!
[2026/09/15 19:31:48] [0;31mboard_version=0 sz=18M[0m
[2026/09/15 19:31:48] ATF:0 1 NOTICE: atf enter time:1181ms, current time:2697ms
[2026/09/15 19:31:48] ATF:0 1 NOTICE: 1st boot elapsed 2703ms
[2026/09/15 19:31:50] console:/ $
[2026/09/15 19:32:20] 发送(hex): 0d
[2026/09/15 19:32:20] 发送(hex): 0d
[2026/09/15 19:32:20] 发送(hex): 0d
[2026/09/15 19:32:20] console:/ $
[2026/09/15 19:32:20] 发送(hex): 0d
[2026/09/15 19:32:20] console:/ $
[2026/09/15 19:32:20] console:/ $
[2026/09/15 19:32:20] console:/ $
[2026/09/15 19:32:21] 发送(hex): 6c6f67636174207c67726570206d5a697046696c654e616d650d
[2026/09/15 19:32:21] logcat |grep mZipFileName
[2026/09/15 19:32:21] 08-30 18:21:45.822  1040  1087 D BootAnimation: cxtest mZipFileName:/tvcust/aio_resources/resource/extension/common_TCL_QDMINI_2K/bootanim/customized_bootanimation.zip
[2026/09/15 19:32:22] 发送(hex): 03
[2026/09/15 19:32:22] ^C
[2026/09/15 19:32:29] 发送(hex): 20
[2026/09/15 19:32:29] 发送(hex): 20
[2026/09/15 19:32:29] 发送(hex): 20
[2026/09/15 19:32:29] 发送(hex): 20
[2026/09/15 19:32:29] 发送(hex): 20
[2026/09/15 19:32:29] 发送(hex): 20
[2026/09/15 19:32:29] 发送(hex): 20
[2026/09/15 19:32:29] 发送(hex): 20
[2026/09/15 19:32:29] 发送(hex): 20
[2026/09/15 19:32:29] 发送(hex): 20
[2026/09/15 19:32:29] 发送(hex): 20
[2026/09/15 19:32:29] 发送(hex): 20
[2026/09/15 19:32:29] 发送(hex): 20
[2026/09/15 19:32:29] 发送(hex): 20
[2026/09/15 19:32:29] 发送(hex): 20
[2026/09/15 19:32:29] 发送(hex): 20
[2026/09/15 19:32:29] 发送(hex): 20
[2026/09/15 19:32:29] 发送(hex): 20
[2026/09/15 19:32:29] 发送(hex): 20
[2026/09/15 19:32:29] 发送(hex): 20
[2026/09/15 19:32:29] 发送(hex): 20
[2026/09/15 19:32:29] 发送(hex): 20
[2026/09/15 19:32:29] 发送(hex): 20
[2026/09/15 19:32:29] 发送(hex): 20
[2026/09/15 19:32:29] 发送(hex): 20
[2026/09/15 19:32:29] 发送(hex): 20
[2026/09/15 19:32:29] 发送(hex): 20
[2026/09/15 19:32:29] 发送(hex): 20
[2026/09/15 19:32:29] 发送(hex): 20
[2026/09/15 19:32:29] 发送(hex): 20
[2026/09/15 19:32:29] 发送(hex): 20
[2026/09/15 19:32:29] 发送(hex): 20
[2026/09/15 19:32:29] $
[2026/09/15 19:32:29] Post romcode git ver:42df880604ac7
[2026/09/15 19:32:29] 发送(hex): 20
[2026/09/15 19:32:29] 发送(hex): 20
[2026/09/15 19:32:29] 发送(hex): 20
[2026/09/15 19:32:29] 发送(hex): 20
[2026/09/15 19:32:29] 8a3 (Aug 28 2026 21:41:35)
[2026/09/15 19:32:29] $
[2026/09/15 19:32:29] Hello world, RTD2875P_CN2_TV030!
[2026/09/15 19:32:29] set_wifi_reset
[2026/09/15 19:32:29] Auxcode git ver:3a4deb9ea300359e (Aug 28 2026 21:41:29)
[2026/09/15 19:32:29] flash_type = 2, secure_type = 2
[2026/09/15 19:32:29] b8062204=0
[2026/09/15 19:32:29] 发送(hex): 20
[2026/09/15 19:32:29] 发送(hex): 20
[2026/09/15 19:32:29] 发送(hex): 20
[2026/09/15 19:32:29] 发送(hex): 20
[2026/09/15 19:32:29] 发送(hex): 20
[2026/09/15 19:32:29] 发送(hex): 20
[2026/09/15 19:32:29] 发送(hex): 20
[2026/09/15 19:32:29] 发送(hex): 20
[2026/09/15 19:32:29] 发送(hex): 20
[2026/09/15 19:32:29] slot info 0 0x0 info 1 0x0
[2026/09/15 19:32:29] invalid reg slot status 0x0,get slot info from flash!
[2026/09/15 19:32:29] g_gpt_blk_start 0x1  g_offline_gpt 0x0 last_usable_lba 0x1cd2032 num_partition_entries 0x32
[2026/09/15 19:32:29] start 0x2e600000 clt_blk 0x1973004 ctrl size 0x20
[2026/09/15 19:32:29] choose active index 0
[2026/09/15 19:32:29] part name bootloader ative_slot _a real part name bootloader_a
[2026/09/15 19:32:29] part name hwsetting start 0x100000 size 0x33600
[2026/09/15 19:32:29] part name ext_fw start 0x133600 size 0x10400
[2026/09/15 19:32:29] part name kboot start 0x143a00 size 0x16e00
[2026/09/15 19:32:29] part name uboot start 0x15a800 size 0x120400
[2026/09/15 19:32:29] ls4 2 1 = 800040ab 8000207f 80001000
[2026/09/15 19:32:29] fNewHWsettingArch = 2
[2026/09/15 19:32:29] 1.lsadcidx = 2, brand =3, offset = 0
[2026/09/15 19:32:29] 1.lsadcidx = 2, brand =3, offset = 17800
[2026/09/15 19:32:29] hwsetting from mmc
[2026/09/15 19:32:29] AC on HW offset 0x809 start 0x800 reg 0x8090800
[2026/09/15 19:32:29] total = 2f00
[2026/09/15 19:32:29] 发送(hex): 20
[2026/09/15 19:32:29] 发送(hex): 20
[2026/09/15 19:32:29] 发送(hex): 20
[2026/09/15 19:32:29] 发送(hex): 20
[2026/09/15 19:32:29] 发送(hex): 20
[2026/09/15 19:32:29] A
[2026/09/15 19:32:29] 发送(hex): 20
[2026/09/15 19:32:29] A
[2026/09/15 19:32:29] 发送(hex): 20
[2026/09/15 19:32:29] 发送(hex): 20
[2026/09/15 19:32:29] A
[2026/09/15 19:32:29] A
[2026/09/15 19:32:29] 发送(hex): 20
[2026/09/15 19:32:29] A
[2026/09/15 19:32:29] 发送(hex): 20
[2026/09/15 19:32:29] 发送(hex): 20
[2026/09/15 19:32:29] {12 14}
[2026/09/15 19:32:29] ffeeddffeeddddr ver: 62c63180
[2026/09/15 19:32:29] ori DQS0~7 {03 04 1a 1c 00 01 00 00}
[2026/09/15 19:32:29] 发送(hex): 20
[2026/09/15 19:32:29] 发送(hex): 20
[2026/09/15 19:32:29] 发送(hex): 20
[2026/09/15 19:32:29] 发送(hex): 20
[2026/09/15 19:32:29] 发送(hex): 20
[2026/09/15 19:32:29] 发送(hex): 20
[2026/09/15 19:32:29] 发送(hex): 20
[2026/09/15 19:32:29] 发送(hex): 20
[2026/09/15 19:32:29] {01 03 19 1b 00 01 00 00} {08 09 06 09 06 05 00 00}
[2026/09/15 19:32:29] r.y.0
[2026/09/15 19:32:29] 发送(hex): 20
[2026/09/15 19:32:29] r.y.0 SCPU BISR status: Done
[2026/09/15 19:32:29] 发送(hex): 20
[2026/09/15 19:32:29] 发送(hex): 20
[2026/09/15 19:32:29] [
[2026/09/15 19:32:29] 发送(hex): 20
[2026/09/15 19:32:29] 发送(hex): 20
[2026/09/15 19:32:29] 发送(hex): 20
[2026/09/15 19:32:29] go kb]
[2026/09/15 19:32:29] pass bootcode info to kboot
[2026/09/15 19:32:29] num=1100
[2026/09/15 19:32:29] boot_magic=7e656004
[2026/09/15 19:32:29] ---DEBUG kboot 21:41:14 Aug 28 2026 ---
[2026/09/15 19:32:29] [Kboot]eMMC(mid-15) MMC_HS50 (50000000Mhz)[8bit].
[2026/09/15 19:32:29] block info 0x1cd2032 0x3a3e000.
[2026/09/15 19:32:29] [MMC] 32 -----------> 16GB.
[2026/09/15 19:32:29] 发送(hex): 20
[2026/09/15 19:32:30] 发送(hex): 20
[2026/09/15 19:32:30] (00000000) (1) bufsize=(null)
[2026/09/15 19:32:30] 发送(hex): 20
[2026/09/15 19:32:30] 发送(hex): 20
[2026/09/15 19:32:30] 发送(hex): 20
[2026/09/15 19:32:30] uboot start 0x15a800
[2026/09/15 19:32:30] 发送(hex): 20
[2026/09/15 19:32:30] size 0x120400
[2026/09/15 19:32:30] 发送(hex): 20
[2026/09/15 19:32:30] 发送(hex): 20
[2026/09/15 19:32:30] board_version: ls1 = 0, ver: 0
[2026/09/15 19:32:30] [0;31mapp_main 325 board_version=0[0m
[2026/09/15 19:32:30] 发送(hex): 20
[2026/09/15 19:32:30] 发送(hex): 20
[2026/09/15 19:32:30] 发送(hex): 20
[2026/09/15 19:32:30] 发送(hex): 20
[2026/09/15 19:32:30] 发送(hex): 20
[2026/09/15 19:32:30] 发送(hex): 20
[2026/09/15 19:32:30] 发送(hex): 20
[2026/09/15 19:32:30] get FW_TZFW flash start 0xf100200 ddr buf start 0x180000 image size 010c2e3 ok!
[2026/09/15 19:32:30] [INFO]RPMB auth key not written !
[2026/09/15 19:32:30] [INFO]RPMB auth key not written !
[2026/09/15 19:32:30] Current board is not frist boot.
[2026/09/15 19:32:30] ALL zero, reserved_3 has removed.
[2026/09/15 19:32:30] Current board remove reserved_3 done.
[2026/09/15 19:32:30] 发送(hex): 20
[2026/09/15 19:32:30] 发送(hex): 20
[2026/09/15 19:32:30] 发送(hex): 20
[2026/09/15 19:32:30] 发送(hex): 20
[2026/09/15 19:32:30] 发送(hex): 20
[2026/09/15 19:32:30] 发送(hex): 20
[2026/09/15 19:32:30] 发送(hex): 20
[2026/09/15 19:32:30] 发送(hex): 20
[2026/09/15 19:32:30] 发送(hex): 20
[2026/09/15 19:32:30] 发送(hex): 20
[2026/09/15 19:32:30] 发送(hex): 20
[2026/09/15 19:32:30] 发送(hex): 20
[2026/09/15 19:32:30] 发送(hex): 20
[2026/09/15 19:32:30] 发送(hex): 20
[2026/09/15 19:32:30] 发送(hex): 20
[2026/09/15 19:32:30] 发送(hex): 20
[2026/09/15 19:32:30] 发送(hex): 20
[2026/09/15 19:32:30] 发送(hex): 20
[2026/09/15 19:32:30] get FW_VKERNEL flash s
[2026/09/15 19:32:30] 发送(hex): 20
[2026/09/15 19:32:30] 发送(hex): 20
[2026/09/15 19:32:30] tart 0xc100200 ddr buf start 0x1a900000 image size 05f0300 ok!
[2026/09/15 19:32:30] 发送(hex): 20
[2026/09/15 19:32:30] 发送(hex): 20
[2026/09/15 19:32:30] 发送(hex): 20
[2026/09/15 19:32:30] 发送(hex): 20
[2026/09/15 19:32:30] get FW_VKERNEL2 flash start 0xd900200 ddr buf start 0x1af00000 image size 0f4920 ok!
[2026/09/15 19:32:30] 发送(hex): 20
[2026/09/15 19:32:30] 发送(hex): 20
[2026/09/15 19:32:30] 发送(hex): 20
[2026/09/15 19:32:30] 发送(hex): 20
[2026/09/15 19:32:30] 发送(hex): 20
[2026/09/15 19:32:30] 发送(hex): 20
[2026/09/15 19:32:30] 发送(hex): 20
[2026/09/15 19:32:30] 发送(hex): 20
[2026/09/15 19:32:30] 发送(hex): 20
[2026/09/15 19:32:30] 发送(hex): 20
[2026/09/15 19:32:30] 发送(hex): 20
[2026/09/15 19:32:30] 发送(hex): 20
[2026/09/15 19:32:30] 发送(hex): 20
[2026/09/15 19:32:30] 发送(hex): 20
[2026/09/15 19:32:30] 发送(hex): 20
[2026/09/15 19:32:30] 发送(hex): 20
[2026/09/15 19:32:30] 发送(hex): 20
[2026/09/15 19:32:30] 发送(hex): 20
[2026/09/15 19:32:30] 发送(hex): 20
[2026/09/15 19:32:30] 发送(hex): 20
[2026/09/15 19:32:30] 发送(hex): 20
[2026/09/15 19:32:30] 发送(hex): 20
[2026/09/15 19:32:30] 发送(hex): 20
[2026/09/15 19:32:30] 发送(hex): 20
[2026/09/15 19:32:30] 发送(hex): 20
[2026/09/15 19:32:30] 发送(hex): 20
[2026/09/15 19:32:30] get FW_AKERNEL flash start 0xa900200 ddr buf start 0x1b200000 image size 07fbf7c ok!
[2026/09/15 19:32:30] 发送(hex): 20
[2026/09/15 19:32:30] 发送(hex): 20
[2026/09/15 19:32:30] 发送(hex): 20
[2026/09/15 19:32:30] 发送(hex): 20
[2026/09/15 19:32:30] 发送(hex): 20
[2026/09/15 19:32:30] 发送(hex): 20
[2026/09/15 19:32:30] 发送(hex): 20
[2026/09/15 19:32:30] 发送(hex): 20
[2026/09/15 19:32:30] 发送(hex): 20
[2026/09/15 19:32:30] 发送(hex): 20
[2026/09/15 19:32:30] 发送(hex): 20
[2026/09/15 19:32:30] ATFATFATF:0 1 NOTICE: kill CPU(2)...
[2026/09/15 19:32:30] ATF:0 1 NOTICE: kill (2) : PACTIVE:0
[2026/09/15 19:32:30] ATF:0 1 NOTICE:  CPU(2) kill done, pstate(0x0)
[2026/09/15 19:32:30] 发送(hex): 20
[2026/09/15 19:32:30] U
[2026/09/15 19:32:30] 发送(hex): 20
[2026/09/15 19:32:30] 发送(hex): 20
[2026/09/15 19:32:30] 发送(hex): 20
[2026/09/15 19:32:30] 发送(hex): 20
[2026/09/15 19:32:30] 发送(hex): 20
[2026/09/15 19:32:30] 发送(hex): 20
[2026/09/15 19:32:30] 发送(hex): 20
[2026/09/15 19:32:30] 发送(hex): 20
[2026/09/15 19:32:30] 发送(hex): 20
[2026/09/15 19:32:30] 发送(hex): 20
[2026/09/15 19:32:30] 发送(hex): 20
[2026/09/15 19:32:30] 发送(hex): 20
[2026/09/15 19:32:30] fixup_node_name 555. set /reserve
[2026/09/15 19:32:30] 发送(hex): 20
[2026/09/15 19:32:30] 发送(hex): 20
[2026/09/15 19:32:30] 发送(hex): 20
[2026/09/15 19:32:30] 发送(hex): 20
[2026/09/15 19:32:30] d-memory@5 to /reserved-memory
[2026/09/15 19:32:30] fixup_node_name 555. set /rtk_cma@5 to /rtk_cma
[2026/09/15 19:32:30] ### [1;31mERROR[0m ### get_movablecore 613. Can't find dtb node /reserved-memory/cma2_memory/reg
[2026/09/15 19:32:30] reinit_mem_info 1049  ddr_size 80000000
[2026/09/15 19:32:30] 发送(hex): 20
[2026/09/15 19:32:30] 发送(hex): 20
[2026/09/15 19:32:30] booting, boot_led_type: 0x00000000, led on[1]
[2026/09/15 19:32:30] set share register: 0x99100000
[2026/09/15 19:32:30] boot_power_on_mode=1
[2026/09/15 19:32:30] [get_layout:1264]!
[2026/09/15 19:32:31] 发送(hex): 20
[2026/09/15 19:32:31] 发送(hex): 20
[2026/09/15 19:32:31] 发送(hex): 20
[2026/09/15 19:32:31] 发送(hex): 20
[2026/09/15 19:32:31] 发送(hex): 20
[2026/09/15 19:32:31] 发送(hex): 20
[2026/09/15 19:32:31] 发送(hex): 20
[2026/09/15 19:32:31] 发送(hex): 20
[2026/09/15 19:32:31] boot_part value = 0 boot_tag value = 21
[2026/09/15 19:32:31] [get_oemkey] 1397: get oem.key = ATV00107525
[2026/09/15 19:32:31] Factory_RO: [EXT4] factory_ro_buffer:0a800000, factory_ro_buffer size:0x1000000!
[2026/09/15 19:32:31] Partiton factory_ro_a located at 0:6
[2026/09/15 19:32:31] factory_ro_a partition can not find /.000@bk@***!
[2026/09/15 19:32:31] Factory RO no need recovery!
[2026/09/15 19:32:31] Get tvconfigs_a partition block device index fail!
[2026/09/15 19:32:31] read customer.ini file fail!
[2026/09/15 19:32:31] parse SYS_INI path fail
[2026/09/15 19:32:31] Not support board ini mechansim!
[2026/09/15 19:32:31] Get tvconfigs_a partition block device index fail!
[2026/09/15 19:32:31] read customer.ini file fail!
[2026/09/15 19:32:31] parse SYS_INI path fail
[2026/09/15 19:32:31] load model ini file fail
[2026/09/15 19:32:31] cannot find PcbPath from ini file
[2026/09/15 19:32:31] no pcb.config in tvconfigs
[2026/09/15 19:32:31] no mnt/vendor/factorypcb.config
[2026/09/15 19:32:31] 发送(hex): 20
[2026/09/15 19:32:31] 发送(hex): 20
[2026/09/15 19:32:31] 发送(hex): 20
[2026/09/15 19:32:31] 发送(hex): 20
[2026/09/15 19:32:31] 发送(hex): 20
[2026/09/15 19:32:31] 发送(hex): 20
[2026/09/15 19:32:31] 发送(hex): 20
[2026/09/15 19:32:31] 发送(hex): 20
[2026/09/15 19:32:31] 发送(hex): 20
[2026/09/15 19:32:31] 发送(hex): 20
[2026/09/15 19:32:31] 发送(hex): 20
[2026/09/15 19:32:31] 发送(hex): 20
[2026/09/15 19:32:31] 发送(hex): 20
[2026/09/15 19:32:31] 发送(hex): 20
[2026/09/15 19:32:31] 发送(hex): 20
[2026/09/15 19:32:31] 发送(hex): 20
[2026/09/15 19:32:31] 发送(hex): 20
[2026/09/15 19:32:31] 发送(hex): 20
[2026/09/15 19:32:31] 发送(hex): 20
[2026/09/15 19:32:31] 发送(hex): 20
[2026/09/15 19:32:31] 发送(hex): 20
[2026/09/15 19:32:31] 发送(hex): 20
[2026/09/15 19:32:31] 发送(hex): 20
[2026/09/15 19:32:31] 发送(hex): 20
[2026/09/15 19:32:31] 发送(hex): 20
[2026/09/15 19:32:31] 发送(hex): 20
[2026/09/15 19:32:31] 发送(hex): 20
[2026/09/15 19:32:31] 发送(hex): 20
[2026/09/15 19:32:31] 发送(hex): 20
[2026/09/15 19:32:31] 发送(hex): 20
[2026/09/15 19:32:31] 发送(hex): 20
[2026/09/15 19:32:31] 发送(hex): 20
[2026/09/15 19:32:31] 发送(hex): 20
[2026/09/15 19:32:31] 发送(hex): 20
[2026/09/15 19:32:31] 发送(hex): 20
[2026/09/15 19:32:31] 发送(hex): 20
[2026/09/15 19:32:31] 发送(hex): 20
[2026/09/15 19:32:31] 发送(hex): 20
[2026/09/15 19:32:31] 发送(hex): 20
[2026/09/15 19:32:31] 发送(hex): 20
[2026/09/15 19:32:31] 发送(hex): 20
[2026/09/15 19:32:31] 发送(hex): 20
[2026/09/15 19:32:31] 发送(hex): 20
[2026/09/15 19:32:31] 发送(hex): 20
[2026/09/15 19:32:31] 发送(hex): 20
[2026/09/15 19:32:31] 发送(hex): 20
[2026/09/15 19:32:31] 发送(hex): 20
[2026/09/15 19:32:31] 发送(hex): 20
[2026/09/15 19:32:31] 发送(hex): 20
[2026/09/15 19:32:31] 发送(hex): 20
[2026/09/15 19:32:31] 发送(hex): 20
[2026/09/15 19:32:31] 发送(hex): 20
[2026/09/15 19:32:31] 发送(hex): 20
[2026/09/15 19:32:31] delay:427
[2026/09/15 19:32:31] 发送(hex): 20
[2026/09/15 19:32:31] 发送(hex): 20
[2026/09/15 19:32:31] 发送(hex): 20
[2026/09/15 19:32:31] 发送(hex): 20
[2026/09/15 19:32:31] 发送(hex): 20
[2026/09/15 19:32:31] 发送(hex): 20
[2026/09/15 19:32:31] 发送(hex): 20
[2026/09/15 19:32:31] 发送(hex): 20
[2026/09/15 19:32:31] 发送(hex): 20
[2026/09/15 19:32:31] 发送(hex): 20
[2026/09/15 19:32:31] 发送(hex): 20
[2026/09/15 19:32:31] 发送(hex): 20
[2026/09/15 19:32:31] 发送(hex): 20
[2026/09/15 19:32:31] 发送(hex): 20
[2026/09/15 19:32:31] 发送(hex): 20
[2026/09/15 19:32:31] 发送(hex): 20
[2026/09/15 19:32:31] 发送(hex): 20
[2026/09/15 19:32:31] 发送(hex): 20
[2026/09/15 19:32:31] 发送(hex): 20
[2026/09/15 19:32:31] 发送(hex): 20
[2026/09/15 19:32:31] 发送(hex): 20
[2026/09/15 19:32:31] 发送(hex): 20
[2026/09/15 19:32:31] 发送(hex): 20
[2026/09/15 19:32:31] 发送(hex): 20
[2026/09/15 19:32:31] 发送(hex): 20
[2026/09/15 19:32:31] 发送(hex): 20
[2026/09/15 19:32:31] 发送(hex): 20
[2026/09/15 19:32:31] 发送(hex): 20
[2026/09/15 19:32:31] 发送(hex): 20
[2026/09/15 19:32:31] 发送(hex): 20
[2026/09/15 19:32:31] 发送(hex): 20
[2026/09/15 19:32:31] 发送(hex): 20
[2026/09/15 19:32:31] 发送(hex): 20
[2026/09/15 19:32:32] 发送(hex): 20
[2026/09/15 19:32:32] 发送(hex): 20
[2026/09/15 19:32:32] 发送(hex): 20
[2026/09/15 19:32:32] 发送(hex): 20
[2026/09/15 19:32:32] 发送(hex): 20
[2026/09/15 19:32:32] 发送(hex): 20
[2026/09/15 19:32:32] 发送(hex): 20
[2026/09/15 19:32:32] 发送(hex): 20
[2026/09/15 19:32:32] 发送(hex): 20
[2026/09/15 19:32:32] 发送(hex): 20
[2026/09/15 19:32:32] 发送(hex): 20
[2026/09/15 19:32:32] 发送(hex): 20
[2026/09/15 19:32:32] Net:   r8168: REALTEK RTL8168 @0x18016000
[2026/09/15 19:32:32] 发送(hex): 20
[2026/09/15 19:32:32] 发送(hex): 20
[2026/09/15 19:32:32] 发送(hex): 20
[2026/09/15 19:32:32] 发送(hex): 20
[2026/09/15 19:32:32] Start Boot Setup ...
[2026/09/15 19:32:32] (powerMgr_get_wakeup_source)2012/05/30 19:50
[2026/09/15 19:32:32] wakeup source : AC
[2026/09/15 19:32:32] 发送(hex): 20
[2026/09/15 19:32:32] 发送(hex): 20
[2026/09/15 19:32:32] 发送(hex): 20
[2026/09/15 19:32:32] (powerMgr_get_wakeup_source)2012/05/30 19:50
[2026/09/15 19:32:32] wakeup source : AC
[2026/09/15 19:32:32] wakeup_src=0, boot_logo_enable=1, bgm_boot_type=0, POWER_ON_MODE_SILEN=0.
[2026/09/15 19:32:32] 发送(hex): 20
[2026/09/15 19:32:32] 发送(hex): 20
[2026/09/15 19:32:32] 发送(hex): 20
[2026/09/15 19:32:32] GDMA module_init finish
[2026/09/15 19:32:32] [GDMA] OSD size[3840,2160]
[2026/09/15 19:32:32] [GDMA] gdma_showlogo gdma show logo 2630
[2026/09/15 19:32:32] Net:   r8168: REALTEK RTL8168 @0x18016000
[2026/09/15 19:32:32] 发送(hex): 20
[2026/09/15 19:32:32] ## Android Verified Boot 2.0 vers
[2026/09/15 19:32:32] 发送(hex): 20
[2026/09/15 19:32:32] 发送(hex): 20
[2026/09/15 19:32:32] ion 1.1.0
[2026/09/15 19:32:32] 发送(hex): 20
[2026/09/15 19:32:32] 发送(hex): 20
[2026/09/15 19:32:32] 发送(hex): 20
[2026/09/15 19:32:32] 发送(hex): 20
[2026/09/15 19:32:32] 发送(hex): 20
[2026/09/15 19:32:32] 发送(hex): 20
[2026/09/15 19:32:32] 发送(hex): 20
[2026/09/15 19:32:32] 发送(hex): 20
[2026/09/15 19:32:32] 发送(hex): 20
[2026/09/15 19:32:32] 发送(hex): 20
[2026/09/15 19:32:32] 发送(hex): 20
[2026/09/15 19:32:32] 发送(hex): 20
[2026/09/15 19:32:32] 发送(hex): 20
[2026/09/15 19:32:32] 发送(hex): 20
[2026/09/15 19:32:32] 发送(hex): 20
[2026/09/15 19:32:32] 发送(hex): 20
[2026/09/15 19:32:32] 发送(hex): 20
[2026/09/15 19:32:32] 发送(hex): 20
[2026/09/15 19:32:32] 发送(hex): 20
[2026/09/15 19:32:32] 发送(hex): 20
[2026/09/15 19:32:32] 发送(hex): 20
[2026/09/15 19:32:32] 发送(hex): 20
[2026/09/15 19:32:32] 发送(hex): 20
[2026/09/15 19:32:32] 发送(hex): 20
[2026/09/15 19:32:32] 发送(hex): 20
[2026/09/15 19:32:32] 发送(hex): 20
[2026/09/15 19:32:32] 发送(hex): 20
[2026/09/15 19:32:32] 发送(hex): 20
[2026/09/15 19:32:32] 发送(hex): 20
[2026/09/15 19:32:32] 发送(hex): 20
[2026/09/15 19:32:32] 发送(hex): 20
[2026/09/15 19:32:32] 发送(hex): 20
[2026/09/15 19:32:32] 发送(hex): 20
[2026/09/15 19:32:32] 发送(hex): 20
[2026/09/15 19:32:32] 发送(hex): 20
[2026/09/15 19:32:32] 发送(hex): 20
[2026/09/15 19:32:32] 发送(hex): 20
[2026/09/15 19:32:32] 发送(hex): 20
[2026/09/15 19:32:32] 发送(hex): 20
[2026/09/15 19:32:32] 发送(hex): 20
[2026/09/15 19:32:32] 发送(hex): 20
[2026/09/15 19:32:32] 发送(hex): 20
[2026/09/15 19:32:32] 发送(hex): 20
[2026/09/15 19:32:32] 发送(hex): 20
[2026/09/15 19:32:32] 发送(hex): 20
[2026/09/15 19:32:32] 发送(hex): 20
[2026/09/15 19:32:32] 发送(hex): 20
[2026/09/15 19:32:32] Verification passed successfully
[2026/09/15 19:32:32] [Skip A] boot manual mode
[2026/09/15 19:32:32] [Skip V] boot manual mode
[2026/09/15 19:32:32] is_avb_verify_hash_partition 164 find avb verify part_name boot img_buf 0x66400000 size 0x307a000
[2026/09/15 19:32:32] boot header version : 4
[2026/09/15 19:32:32] is_avb_verify_hash_partition 164 find avb verify part_name vendor_boot img_buf 0x6bc00000 size 0x10a3000
[2026/09/15 19:32:32] get_partition_content_by_name 11954 get gpt_name init_boot_a err,try part name init_boot!
[2026/09/15 19:32:32] get_partition_content_by_name 11956 get part name init_boot err!
[2026/09/15 19:32:32] 发送(hex): 20
[2026/09/15 19:32:32] 发送(hex): 20
[2026/09/15 19:32:32] 发送(hex): 20
[2026/09/15 19:32:32] 发送(hex): 20
[2026/09/15 19:32:32] 发送(hex): 20
[2026/09/15 19:32:32] 发送(hex): 20
[2026/09/15 19:32:32] 发送(hex): 20
[2026/09/15 19:32:32] get_merge_ramdisk 11932 cur_ramdisk_size 0xf3096 real_cur_ramdisk_size 0xf3096
[2026/09/15 19:32:32] get_merge_ramdisk 11932 cur_ramdisk_size 0x2019e5 real_cur_ramdisk_size 0x2019e5
[2026/09/15 19:32:32] is_avb_verify_hash_partition 164 find avb verify part_name dtbo img_buf 0x6fc00000 size 0x1186
[2026/09/15 19:32:32] Net:   r8168: REALTEK RTL8168 @0x18016000
[2026/09/15 19:32:32] 发送(hex): 20
[2026/09/15 19:32:32] 发送(hex): 20
[2026/09/15 19:32:32] 发送(hex): 20
[2026/09/15 19:32:32] 发送(hex): 20
[2026/09/15 19:32:32] [Skip K] boot manual mode (execute "go all")
[2026/09/15 19:32:32] Enter console mode, disable watchdog ...
[2026/09/15 19:32:32] Realtek>
[2026/09/15 19:32:32] 发送(hex): 20
[2026/09/15 19:32:32] 发送(hex): 20
[2026/09/15 19:32:32] 发送(hex): 20
[2026/09/15 19:32:32] 发送(hex): 20
[2026/09/15 19:32:32] 发送(hex): 20
[2026/09/15 19:32:32] 发送(hex): 20
[2026/09/15 19:32:32] 发送(hex): 20
[2026/09/15 19:32:32] 发送(hex): 20
[2026/09/15 19:32:32] 发送(hex): 20
[2026/09/15 19:32:32] 发送(hex): 20
[2026/09/15 19:32:33] 发送(hex): 20
[2026/09/15 19:32:33] 发送(hex): 20
[2026/09/15 19:32:33] 发送(hex): 20
[2026/09/15 19:32:33] 发送(hex): 20
[2026/09/15 19:32:33] 发送(hex): 20
[2026/09/15 19:32:33] 发送(hex): 20
[2026/09/15 19:32:33] 发送(hex): 20
[2026/09/15 19:32:33] 发送(hex): 20
[2026/09/15 19:32:33] 发送(hex): 20
[2026/09/15 19:32:33] 发送(hex): 20
[2026/09/15 19:32:33] 发送(hex): 20
[2026/09/15 19:32:33] 发送(hex): 20
[2026/09/15 19:32:33] 发送(hex): 20
[2026/09/15 19:32:33] 发送(hex): 20
[2026/09/15 19:32:33] 发送(hex): 20
[2026/09/15 19:32:33] 发送(hex): 20
[2026/09/15 19:32:33] 发送(hex): 20
[2026/09/15 19:32:33] 发送(hex): 20
[2026/09/15 19:32:33] 发送(hex): 20
[2026/09/15 19:32:33] 发送(hex): 20
[2026/09/15 19:32:33] 发送(hex): 20
[2026/09/15 19:32:33] 发送(hex): 20
[2026/09/15 19:32:33] 发送(hex): 20
[2026/09/15 19:32:33] 发送(hex): 20
[2026/09/15 19:32:33] 发送(hex): 20
[2026/09/15 19:32:33] 发送(hex): 20
[2026/09/15 19:32:33] 发送(hex): 20
[2026/09/15 19:32:33] 发送(hex): 20
[2026/09/15 19:32:33] 发送(hex): 20
[2026/09/15 19:32:33] 发送(hex): 20
[2026/09/15 19:32:33] 发送(hex): 20
[2026/09/15 19:32:33] 发送(hex): 20
[2026/09/15 19:32:33] 发送(hex): 20
[2026/09/15 19:32:33] 发送(hex): 20
[2026/09/15 19:32:33] 发送(hex): 20
[2026/09/15 19:32:33] 发送(hex): 20
[2026/09/15 19:32:33] 发送(hex): 20
[2026/09/15 19:32:33] 发送(hex): 20
[2026/09/15 19:32:33] 发送(hex): 20
[2026/09/15 19:32:33] 发送(hex): 20
[2026/09/15 19:32:33] 发送(hex): 20
[2026/09/15 19:32:33] 发送(hex): 20
[2026/09/15 19:32:33] 发送(hex): 20
[2026/09/15 19:32:33] 发送(hex): 20
[2026/09/15 19:32:33] 发送(hex): 20
[2026/09/15 19:32:33] 发送(hex): 20
[2026/09/15 19:32:33] 发送(hex): 20
[2026/09/15 19:32:33] 发送(hex): 20
[2026/09/15 19:32:33] 发送(hex): 20
[2026/09/15 19:32:33] 发送(hex): 20
[2026/09/15 19:32:33] 发送(hex): 20
[2026/09/15 19:32:33] 发送(hex): 20
[2026/09/15 19:32:33] 发送(hex): 20
[2026/09/15 19:32:33] 发送(hex): 20
[2026/09/15 19:32:33] 发送(hex): 20
[2026/09/15 19:32:33] 发送(hex): 20
[2026/09/15 19:32:33] 发送(hex): 20
[2026/09/15 19:32:33] 发送(hex): 20
[2026/09/15 19:32:33] 发送(hex): 20
[2026/09/15 19:32:33] 发送(hex): 20
[2026/09/15 19:32:33] 发送(hex): 20
[2026/09/15 19:32:33] 发送(hex): 20
[2026/09/15 19:32:33] 发送(hex): 20
[2026/09/15 19:32:33] 发送(hex): 20
[2026/09/15 19:32:33] 发送(hex): 20
[2026/09/15 19:32:33] 发送(hex): 20
[2026/09/15 19:32:33] 发送(hex): 20
[2026/09/15 19:32:33] 发送(hex): 20
[2026/09/15 19:32:33] 发送(hex): 20
[2026/09/15 19:32:33] 发送(hex): 20
[2026/09/15 19:32:33] 发送(hex): 20
[2026/09/15 19:32:33] 发送(hex): 20
[2026/09/15 19:32:33] 发送(hex): 20
[2026/09/15 19:32:33] 发送(hex): 20
[2026/09/15 19:32:33] 发送(hex): 20
[2026/09/15 19:32:33] 发送(hex): 20
[2026/09/15 19:32:33] 发送(hex): 20
[2026/09/15 19:32:33] 发送(hex): 20
[2026/09/15 19:32:33] 发送(hex): 20
[2026/09/15 19:32:33] 发送(hex): 20
[2026/09/15 19:32:33] 发送(hex): 20
[2026/09/15 19:32:33] 发送(hex): 20
[2026/09/15 19:32:33] 发送(hex): 20
[2026/09/15 19:32:33] 发送(hex): 20
[2026/09/15 19:32:33] 发送(hex): 20
[2026/09/15 19:32:33] 发送(hex): 20
[2026/09/15 19:32:33] 发送(hex): 20
[2026/09/15 19:32:33] 发送(hex): 20
[2026/09/15 19:32:33] 发送(hex): 20
[2026/09/15 19:32:33] 发送(hex): 20
[2026/09/15 19:32:33] 发送(hex): 20
[2026/09/15 19:32:34] 发送(hex): 20
[2026/09/15 19:32:34] 发送(hex): 20
[2026/09/15 19:32:34] 发送(hex): 20
[2026/09/15 19:32:34] 发送(hex): 20
[2026/09/15 19:32:34] 发送(hex): 20
[2026/09/15 19:32:34] 发送(hex): 20
[2026/09/15 19:32:34] 发送(hex): 20
[2026/09/15 19:32:34] 发送(hex): 20
[2026/09/15 19:32:34] 发送(hex): 20
[2026/09/15 19:32:34] 发送(hex): 20
[2026/09/15 19:32:34] 发送(hex): 20
[2026/09/15 19:32:34] 发送(hex): 20
[2026/09/15 19:32:34] 发送(hex): 20
[2026/09/15 19:32:34] 发送(hex): 20
[2026/09/15 19:32:34] 发送(hex): 20
[2026/09/15 19:32:34] 发送(hex): 20
[2026/09/15 19:32:34] 发送(hex): 20
[2026/09/15 19:32:34] 发送(hex): 20
[2026/09/15 19:32:34] 发送(hex): 20
[2026/09/15 19:32:34] 发送(hex): 20
[2026/09/15 19:32:34] 发送(hex): 20
[2026/09/15 19:32:34] 发送(hex): 20
[2026/09/15 19:32:34] 发送(hex): 20
[2026/09/15 19:32:34] 发送(hex): 20
[2026/09/15 19:32:34] 发送(hex): 20
[2026/09/15 19:32:34] 发送(hex): 20
[2026/09/15 19:32:34] 发送(hex): 20
[2026/09/15 19:32:34] 发送(hex): 20
[2026/09/15 19:32:34] 发送(hex): 20
[2026/09/15 19:32:34] 发送(hex): 20
[2026/09/15 19:32:34] 发送(hex): 20
[2026/09/15 19:32:34] 发送(hex): 20
[2026/09/15 19:32:34] 发送(hex): 20
[2026/09/15 19:32:34] 发送(hex): 20
[2026/09/15 19:32:34] 发送(hex): 20
[2026/09/15 19:32:34] 发送(hex): 20
[2026/09/15 19:32:34] 发送(hex): 20
[2026/09/15 19:32:34] 发送(hex): 20
[2026/09/15 19:32:34] 发送(hex): 20
[2026/09/15 19:32:34] 发送(hex): 20
[2026/09/15 19:32:34] 发送(hex): 20
[2026/09/15 19:32:34] 发送(hex): 20
[2026/09/15 19:32:34] 发送(hex): 20
[2026/09/15 19:32:34] 发送(hex): 20
[2026/09/15 19:32:34] 发送(hex): 20
[2026/09/15 19:32:34] 发送(hex): 20
[2026/09/15 19:32:34] 发送(hex): 20
[2026/09/15 19:32:34] 发送(hex): 20
[2026/09/15 19:32:34] 发送(hex): 20
[2026/09/15 19:32:34] 发送(hex): 20
[2026/09/15 19:32:34] 发送(hex): 20
[2026/09/15 19:32:34] 发送(hex): 20
[2026/09/15 19:32:34] 发送(hex): 20
[2026/09/15 19:32:34] 发送(hex): 20
[2026/09/15 19:32:34] 发送(hex): 20
[2026/09/15 19:32:34] 发送(hex): 20
[2026/09/15 19:32:34] 发送(hex): 20
[2026/09/15 19:32:34] 发送(hex): 20
[2026/09/15 19:32:34] 发送(hex): 20
[2026/09/15 19:32:34] 发送(hex): 20
[2026/09/15 19:32:34] 发送(hex): 20
[2026/09/15 19:32:34] 发送(hex): 20
[2026/09/15 19:32:34] 发送(hex): 20
[2026/09/15 19:32:34] 发送(hex): 20
[2026/09/15 19:32:34] 发送(hex): 20
[2026/09/15 19:32:34] 发送(hex): 20
[2026/09/15 19:32:34] 发送(hex): 20
[2026/09/15 19:32:34] 发送(hex): 20
[2026/09/15 19:32:34] 发送(hex): 20
[2026/09/15 19:32:34] 发送(hex): 20
[2026/09/15 19:32:34] 发送(hex): 20
[2026/09/15 19:32:34] 发送(hex): 20
[2026/09/15 19:32:34] 发送(hex): 20
[2026/09/15 19:32:34] 发送(hex): 20
[2026/09/15 19:32:34] 发送(hex): 20
[2026/09/15 19:32:34] 发送(hex): 20
[2026/09/15 19:32:34] 发送(hex): 20
[2026/09/15 19:32:34] 发送(hex): 20
[2026/09/15 19:32:34] 发送(hex): 20
[2026/09/15 19:32:34] 发送(hex): 20
[2026/09/15 19:32:34] 发送(hex): 20
[2026/09/15 19:32:34] 发送(hex): 20
[2026/09/15 19:32:34] 发送(hex): 20
[2026/09/15 19:32:34] 发送(hex): 20
[2026/09/15 19:32:34] 发送(hex): 20
[2026/09/15 19:32:34] 发送(hex): 20
[2026/09/15 19:32:34] 发送(hex): 20
[2026/09/15 19:32:34] 发送(hex): 20
[2026/09/15 19:32:34] 发送(hex): 20
[2026/09/15 19:32:34] 发送(hex): 20
[2026/09/15 19:32:34] 发送(hex): 20
[2026/09/15 19:32:34] 发送(hex): 20
[2026/09/15 19:32:34] 发送(hex): 20
[2026/09/15 19:32:35] 发送(hex): 20
[2026/09/15 19:32:35] 发送(hex): 20
[2026/09/15 19:32:35] 发送(hex): 20
[2026/09/15 19:32:35] 发送(hex): 20
[2026/09/15 19:32:35] 发送(hex): 20
[2026/09/15 19:32:35] 发送(hex): 20
[2026/09/15 19:32:35] 发送(hex): 20
[2026/09/15 19:32:35] 发送(hex): 20
[2026/09/15 19:32:35] 发送(hex): 20
[2026/09/15 19:32:35] 发送(hex): 20
[2026/09/15 19:32:35] 发送(hex): 20
[2026/09/15 19:32:35] 发送(hex): 20
[2026/09/15 19:32:35] 发送(hex): 20
[2026/09/15 19:32:35] 发送(hex): 20
[2026/09/15 19:32:35] 发送(hex): 20
[2026/09/15 19:32:35] 发送(hex): 20
[2026/09/15 19:32:35] 发送(hex): 20
[2026/09/15 19:32:35] 发送(hex): 20
[2026/09/15 19:32:35] 发送(hex): 20
[2026/09/15 19:32:35] 发送(hex): 20
[2026/09/15 19:32:35] 发送(hex): 20
[2026/09/15 19:32:35] 发送(hex): 20
[2026/09/15 19:32:35] 发送(hex): 20
[2026/09/15 19:32:35] 发送(hex): 20
[2026/09/15 19:32:35] 发送(hex): 20
[2026/09/15 19:32:35] 发送(hex): 20
[2026/09/15 19:32:35] 发送(hex): 20
[2026/09/15 19:32:35] 发送(hex): 20
[2026/09/15 19:32:35] 发送(hex): 20
[2026/09/15 19:32:35] 发送(hex): 20
[2026/09/15 19:32:35] 发送(hex): 20
[2026/09/15 19:32:35] 发送(hex): 20
[2026/09/15 19:32:35] 发送(hex): 20
[2026/09/15 19:32:35] 发送(hex): 20
[2026/09/15 19:32:35] 发送(hex): 20
[2026/09/15 19:32:35] 发送(hex): 20
[2026/09/15 19:32:35] 发送(hex): 20
[2026/09/15 19:32:35] 发送(hex): 20
[2026/09/15 19:32:35] 发送(hex): 20
[2026/09/15 19:32:35] 发送(hex): 20
[2026/09/15 19:32:35] 发送(hex): 20
[2026/09/15 19:32:35] 发送(hex): 20
[2026/09/15 19:32:35] 发送(hex): 20
[2026/09/15 19:32:35] 发送(hex): 20
[2026/09/15 19:32:35] 发送(hex): 20
[2026/09/15 19:32:35] 发送(hex): 20
[2026/09/15 19:32:35] 发送(hex): 20
[2026/09/15 19:32:35] 发送(hex): 20
[2026/09/15 19:32:35] 发送(hex): 20
[2026/09/15 19:32:35] 发送(hex): 20
[2026/09/15 19:32:35] 发送(hex): 20
[2026/09/15 19:32:35] 发送(hex): 20
[2026/09/15 19:32:35] 发送(hex): 20
[2026/09/15 19:32:35] 发送(hex): 20
[2026/09/15 19:32:35] 发送(hex): 20
[2026/09/15 19:32:35] 发送(hex): 20
[2026/09/15 19:32:35] 发送(hex): 20
[2026/09/15 19:32:35] 发送(hex): 20
[2026/09/15 19:32:35] 发送(hex): 20
[2026/09/15 19:32:35] 发送(hex): 20
[2026/09/15 19:32:35] 发送(hex): 20
[2026/09/15 19:32:35] 发送(hex): 20
[2026/09/15 19:32:35] 发送(hex): 20
[2026/09/15 19:32:35] 发送(hex): 20
[2026/09/15 19:32:35] 发送(hex): 20
[2026/09/15 19:32:35] 发送(hex): 20
[2026/09/15 19:32:35] 发送(hex): 20
[2026/09/15 19:32:35] 发送(hex): 20
[2026/09/15 19:32:35] 发送(hex): 20
[2026/09/15 19:32:35] 发送(hex): 20
[2026/09/15 19:32:35] 发送(hex): 20
[2026/09/15 19:32:35] 发送(hex): 20
[2026/09/15 19:32:35] 发送(hex): 20
[2026/09/15 19:32:35] 发送(hex): 20
[2026/09/15 19:32:35] 发送(hex): 20
[2026/09/15 19:32:35] 发送(hex): 20
[2026/09/15 19:32:35] 发送(hex): 20
[2026/09/15 19:32:35] 发送(hex): 20
[2026/09/15 19:32:35] 发送(hex): 20
[2026/09/15 19:32:35] 发送(hex): 20
[2026/09/15 19:32:35] 发送(hex): 20
[2026/09/15 19:32:35] 发送(hex): 20
[2026/09/15 19:32:35] 发送(hex): 20
[2026/09/15 19:32:35] 发送(hex): 20
[2026/09/15 19:32:35] 发送(hex): 20
[2026/09/15 19:32:35] 发送(hex): 20
[2026/09/15 19:32:35] 发送(hex): 20
[2026/09/15 19:32:35] 发送(hex): 20
[2026/09/15 19:32:35] 发送(hex): 20
[2026/09/15 19:32:35] 发送(hex): 20
[2026/09/15 19:32:35] 发送(hex): 20
[2026/09/15 19:32:35] 发送(hex): 20
[2026/09/15 19:32:35] 发送(hex): 20
[2026/09/15 19:32:36] 发送(hex): 20
[2026/09/15 19:32:36] 发送(hex): 20
[2026/09/15 19:32:36] 发送(hex): 20
[2026/09/15 19:32:36] 发送(hex): 20
[2026/09/15 19:32:36] 发送(hex): 20
[2026/09/15 19:32:36] 发送(hex): 20
[2026/09/15 19:32:36] 发送(hex): 20
[2026/09/15 19:32:36] 发送(hex): 20
[2026/09/15 19:32:36] 发送(hex): 20
[2026/09/15 19:32:36] 发送(hex): 20
[2026/09/15 19:32:36] 发送(hex): 20
[2026/09/15 19:32:36] 发送(hex): 20
[2026/09/15 19:32:36] 发送(hex): 20
[2026/09/15 19:32:36] 发送(hex): 20
[2026/09/15 19:32:36] 发送(hex): 20
[2026/09/15 19:32:36] 发送(hex): 20
[2026/09/15 19:32:36] 发送(hex): 20
[2026/09/15 19:32:36] 发送(hex): 20
[2026/09/15 19:32:36] 发送(hex): 20
[2026/09/15 19:32:36] 发送(hex): 20
[2026/09/15 19:32:36] 发送(hex): 20
[2026/09/15 19:32:36] 发送(hex): 20
[2026/09/15 19:32:36] 发送(hex): 20
[2026/09/15 19:32:36] 发送(hex): 20
[2026/09/15 19:32:36] 发送(hex): 20
[2026/09/15 19:32:36] 发送(hex): 20
[2026/09/15 19:32:36] 发送(hex): 20
[2026/09/15 19:32:36] 发送(hex): 20
[2026/09/15 19:32:36] 发送(hex): 20
[2026/09/15 19:32:36] 发送(hex): 20
[2026/09/15 19:32:36] 发送(hex): 20
[2026/09/15 19:32:36] 发送(hex): 20
[2026/09/15 19:32:36] 发送(hex): 20
[2026/09/15 19:32:36] 发送(hex): 20
[2026/09/15 19:32:36] 发送(hex): 20
[2026/09/15 19:32:36] 发送(hex): 20
[2026/09/15 19:32:36] 发送(hex): 20
[2026/09/15 19:32:36] 发送(hex): 20
[2026/09/15 19:32:36] 发送(hex): 20
[2026/09/15 19:32:36] 发送(hex): 20
[2026/09/15 19:32:36] 发送(hex): 20
[2026/09/15 19:32:36] 发送(hex): 20
[2026/09/15 19:32:36] 发送(hex): 20
[2026/09/15 19:32:36] 发送(hex): 20
[2026/09/15 19:32:36] 发送(hex): 20
[2026/09/15 19:32:36] 发送(hex): 20
[2026/09/15 19:32:36] 发送(hex): 20
[2026/09/15 19:32:36] 发送(hex): 20
[2026/09/15 19:32:36] 发送(hex): 20
[2026/09/15 19:32:36] 发送(hex): 20
[2026/09/15 19:32:36] 发送(hex): 20
[2026/09/15 19:32:36] 发送(hex): 20
[2026/09/15 19:32:36] 发送(hex): 20
[2026/09/15 19:32:36] 发送(hex): 20
[2026/09/15 19:32:36] 发送(hex): 20
[2026/09/15 19:32:36] 发送(hex): 20
[2026/09/15 19:32:36] 发送(hex): 20
[2026/09/15 19:32:36] 发送(hex): 20
[2026/09/15 19:32:36] 发送(hex): 20
[2026/09/15 19:32:36] 发送(hex): 20
[2026/09/15 19:32:36] 发送(hex): 20
[2026/09/15 19:32:36] 发送(hex): 20
[2026/09/15 19:32:36] 发送(hex): 20
[2026/09/15 19:32:36] 发送(hex): 20
[2026/09/15 19:32:36] 发送(hex): 20
[2026/09/15 19:32:36] 发送(hex): 20
[2026/09/15 19:32:36] 发送(hex): 20
[2026/09/15 19:32:36] 发送(hex): 20
[2026/09/15 19:32:36] 发送(hex): 20
[2026/09/15 19:32:36] 发送(hex): 20
[2026/09/15 19:32:36] 发送(hex): 20
[2026/09/15 19:32:36] 发送(hex): 20
[2026/09/15 19:32:36] 发送(hex): 20
[2026/09/15 19:32:36] 发送(hex): 20
[2026/09/15 19:32:36] 发送(hex): 20
[2026/09/15 19:32:36] 发送(hex): 20
[2026/09/15 19:32:36] 发送(hex): 20
[2026/09/15 19:32:36] 发送(hex): 20
[2026/09/15 19:32:36] 发送(hex): 20
[2026/09/15 19:32:36] 发送(hex): 20
[2026/09/15 19:32:36] 发送(hex): 20
[2026/09/15 19:32:36] 发送(hex): 20
[2026/09/15 19:32:36] 发送(hex): 20
[2026/09/15 19:32:36] 发送(hex): 20
[2026/09/15 19:32:36] 发送(hex): 20
[2026/09/15 19:32:36] 发送(hex): 20
[2026/09/15 19:32:36] 发送(hex): 20
[2026/09/15 19:32:36] 发送(hex): 20
[2026/09/15 19:32:36] 发送(hex): 20
[2026/09/15 19:32:36] 发送(hex): 20
[2026/09/15 19:32:36] 发送(hex): 20
[2026/09/15 19:32:36] 发送(hex): 20
[2026/09/15 19:32:36] 发送(hex): 20
[2026/09/15 19:32:36] 发送(hex): 20
[2026/09/15 19:32:37] 发送(hex): 20
[2026/09/15 19:32:37] 发送(hex): 20
[2026/09/15 19:32:37] 发送(hex): 20
[2026/09/15 19:32:37] 发送(hex): 20
[2026/09/15 19:32:37] 发送(hex): 20
[2026/09/15 19:32:37] 发送(hex): 20
[2026/09/15 19:32:37] 发送(hex): 20
[2026/09/15 19:32:37] 发送(hex): 20
[2026/09/15 19:32:37] 发送(hex): 20
[2026/09/15 19:32:37] 发送(hex): 20
[2026/09/15 19:32:37] 发送(hex): 20
[2026/09/15 19:32:37] 发送(hex): 20
[2026/09/15 19:32:37] 发送(hex): 20
[2026/09/15 19:32:37] 发送(hex): 20
[2026/09/15 19:32:37] 发送(hex): 20
[2026/09/15 19:32:37] 发送(hex): 20
[2026/09/15 19:32:37] 发送(hex): 20
[2026/09/15 19:32:37] 发送(hex): 20
[2026/09/15 19:32:37] 发送(hex): 20
[2026/09/15 19:32:37] 发送(hex): 20
[2026/09/15 19:32:37] 发送(hex): 20
[2026/09/15 19:32:37] 发送(hex): 20
[2026/09/15 19:32:37] 发送(hex): 20
[2026/09/15 19:32:37] 发送(hex): 20
[2026/09/15 19:32:37] 发送(hex): 20
[2026/09/15 19:32:37] 发送(hex): 20
[2026/09/15 19:32:37] 发送(hex): 20
[2026/09/15 19:32:37] 发送(hex): 20
[2026/09/15 19:32:37] 发送(hex): 20
[2026/09/15 19:32:37] 发送(hex): 20
[2026/09/15 19:32:37] 发送(hex): 20
[2026/09/15 19:32:37] 发送(hex): 20
[2026/09/15 19:32:37] 发送(hex): 20
[2026/09/15 19:32:37] 发送(hex): 20
[2026/09/15 19:32:37] 发送(hex): 20
[2026/09/15 19:32:37] 发送(hex): 20
[2026/09/15 19:32:37] 发送(hex): 20
[2026/09/15 19:32:37] 发送(hex): 20
[2026/09/15 19:32:37] 发送(hex): 20
[2026/09/15 19:32:37] 发送(hex): 20
[2026/09/15 19:32:37] 发送(hex): 20
[2026/09/15 19:32:37] 发送(hex): 20
[2026/09/15 19:32:37] 发送(hex): 20
[2026/09/15 19:32:37] 发送(hex): 20
[2026/09/15 19:32:37] 发送(hex): 20
[2026/09/15 19:32:37] 发送(hex): 20
[2026/09/15 19:32:37] 发送(hex): 20
[2026/09/15 19:32:37] 发送(hex): 20
[2026/09/15 19:32:37] 发送(hex): 20
[2026/09/15 19:32:37] 发送(hex): 20
[2026/09/15 19:32:37] 发送(hex): 20
[2026/09/15 19:32:37] 发送(hex): 20
[2026/09/15 19:32:37] 发送(hex): 20
[2026/09/15 19:32:37] 发送(hex): 20
[2026/09/15 19:32:37] 发送(hex): 20
[2026/09/15 19:32:37] 发送(hex): 20
[2026/09/15 19:32:37] 发送(hex): 20
[2026/09/15 19:32:37] 发送(hex): 20
[2026/09/15 19:32:37] 发送(hex): 20
[2026/09/15 19:32:37] 发送(hex): 20
[2026/09/15 19:32:37] 发送(hex): 20
[2026/09/15 19:32:37] 发送(hex): 20
[2026/09/15 19:32:37] 发送(hex): 20
[2026/09/15 19:32:37] 发送(hex): 20
[2026/09/15 19:32:37] 发送(hex): 20
[2026/09/15 19:32:37] 发送(hex): 20
[2026/09/15 19:32:37] 发送(hex): 20
[2026/09/15 19:32:37] 发送(hex): 20
[2026/09/15 19:32:37] 发送(hex): 20
[2026/09/15 19:32:37] 发送(hex): 20
[2026/09/15 19:32:37] 发送(hex): 20
[2026/09/15 19:32:37] 发送(hex): 20
[2026/09/15 19:32:37] 发送(hex): 20
[2026/09/15 19:32:37] 发送(hex): 20
[2026/09/15 19:32:37] 发送(hex): 20
[2026/09/15 19:32:37] 发送(hex): 20
[2026/09/15 19:32:37] 发送(hex): 20
[2026/09/15 19:32:37] 发送(hex): 20
[2026/09/15 19:32:37] 发送(hex): 20
[2026/09/15 19:32:37] 发送(hex): 20
[2026/09/15 19:32:37] 发送(hex): 20
[2026/09/15 19:32:37] 发送(hex): 20
[2026/09/15 19:32:37] 发送(hex): 20
[2026/09/15 19:32:37] 发送(hex): 20
[2026/09/15 19:32:37] 发送(hex): 20
[2026/09/15 19:32:37] 发送(hex): 20
[2026/09/15 19:32:37] 发送(hex): 20
[2026/09/15 19:32:37] 发送(hex): 20
[2026/09/15 19:32:37] 发送(hex): 20
[2026/09/15 19:32:37] 发送(hex): 20
[2026/09/15 19:32:37] 发送(hex): 20
[2026/09/15 19:32:37] 发送(hex): 20
[2026/09/15 19:32:37] 发送(hex): 20
[2026/09/15 19:32:38] 发送(hex): 20
[2026/09/15 19:32:38] 发送(hex): 20
[2026/09/15 19:32:38] 发送(hex): 20
[2026/09/15 19:32:38] 发送(hex): 20
[2026/09/15 19:32:38] 发送(hex): 20
[2026/09/15 19:32:38] 发送(hex): 20
[2026/09/15 19:32:38] 发送(hex): 20
[2026/09/15 19:32:38] 发送(hex): 20
[2026/09/15 19:32:38] 发送(hex): 20
[2026/09/15 19:32:38] 发送(hex): 20
[2026/09/15 19:32:38] 发送(hex): 20
[2026/09/15 19:32:38] 发送(hex): 20
[2026/09/15 19:32:38] 发送(hex): 20
[2026/09/15 19:32:38] 发送(hex): 20
[2026/09/15 19:32:38] 发送(hex): 20
[2026/09/15 19:32:38] 发送(hex): 20
[2026/09/15 19:32:38] 发送(hex): 20
[2026/09/15 19:32:38] 发送(hex): 20
[2026/09/15 19:32:38] 发送(hex): 20
[2026/09/15 19:32:38] 发送(hex): 20
[2026/09/15 19:32:38] 发送(hex): 20
[2026/09/15 19:32:38] 发送(hex): 20
[2026/09/15 19:32:38] 发送(hex): 20
[2026/09/15 19:32:38] 发送(hex): 20
[2026/09/15 19:32:38] 发送(hex): 20
[2026/09/15 19:32:38] 发送(hex): 20
[2026/09/15 19:32:38] 发送(hex): 20
[2026/09/15 19:32:38] 发送(hex): 20
[2026/09/15 19:32:38] 发送(hex): 20
[2026/09/15 19:32:38] 发送(hex): 20
[2026/09/15 19:32:38] 发送(hex): 20
[2026/09/15 19:32:38] 发送(hex): 20
[2026/09/15 19:32:38] 发送(hex): 20
[2026/09/15 19:32:38] 发送(hex): 20
[2026/09/15 19:32:38] 发送(hex): 20
[2026/09/15 19:32:38] 发送(hex): 20
[2026/09/15 19:32:38] 发送(hex): 20
[2026/09/15 19:32:38] 发送(hex): 20
[2026/09/15 19:32:38] 发送(hex): 20
[2026/09/15 19:32:38] 发送(hex): 20
[2026/09/15 19:32:38] 发送(hex): 20
[2026/09/15 19:32:38] 发送(hex): 20
[2026/09/15 19:32:38] 发送(hex): 20
[2026/09/15 19:32:38] 发送(hex): 20
[2026/09/15 19:32:38] 发送(hex): 20
[2026/09/15 19:32:38] 发送(hex): 20
[2026/09/15 19:32:38] 发送(hex): 20
[2026/09/15 19:32:38] 发送(hex): 20
[2026/09/15 19:32:38] 发送(hex): 20
[2026/09/15 19:32:38] 发送(hex): 20
[2026/09/15 19:32:38] 发送(hex): 20
[2026/09/15 19:32:38] 发送(hex): 20
[2026/09/15 19:32:38] 发送(hex): 20
[2026/09/15 19:32:38] 发送(hex): 20
[2026/09/15 19:32:38] 发送(hex): 20
[2026/09/15 19:32:38] 发送(hex): 20
[2026/09/15 19:32:38] 发送(hex): 20
[2026/09/15 19:32:38] 发送(hex): 20
[2026/09/15 19:32:38] 发送(hex): 20
[2026/09/15 19:32:38] 发送(hex): 20
[2026/09/15 19:32:38] 发送(hex): 20
[2026/09/15 19:32:38] 发送(hex): 20
[2026/09/15 19:32:38] 发送(hex): 20
[2026/09/15 19:32:38] 发送(hex): 20
[2026/09/15 19:32:38] 发送(hex): 20
[2026/09/15 19:32:38] 发送(hex): 20
[2026/09/15 19:32:38] 发送(hex): 20
[2026/09/15 19:32:38] 发送(hex): 20
[2026/09/15 19:32:38] 发送(hex): 20
[2026/09/15 19:32:38] 发送(hex): 20
[2026/09/15 19:32:38] 发送(hex): 20
[2026/09/15 19:32:38] 发送(hex): 20
[2026/09/15 19:32:38] 发送(hex): 20
[2026/09/15 19:32:38] 发送(hex): 20
[2026/09/15 19:32:38] 发送(hex): 20
[2026/09/15 19:32:38] 发送(hex): 20
[2026/09/15 19:32:38] 发送(hex): 20
[2026/09/15 19:32:38] 发送(hex): 20
[2026/09/15 19:32:38] 发送(hex): 20
[2026/09/15 19:32:38] 发送(hex): 20
[2026/09/15 19:32:38] 发送(hex): 20
[2026/09/15 19:32:38] 发送(hex): 20
[2026/09/15 19:32:38] 发送(hex): 20
[2026/09/15 19:32:38] 发送(hex): 20
[2026/09/15 19:32:38] 发送(hex): 20
[2026/09/15 19:32:38] 发送(hex): 20
[2026/09/15 19:32:38] 发送(hex): 20
[2026/09/15 19:32:38] 发送(hex): 20
[2026/09/15 19:32:38] 发送(hex): 20
[2026/09/15 19:32:38] 发送(hex): 20
[2026/09/15 19:32:38] 发送(hex): 20
[2026/09/15 19:32:38] 发送(hex): 20
[2026/09/15 19:32:38] 发送(hex): 20
[2026/09/15 19:32:38] 发送(hex): 20
[2026/09/15 19:32:39] 发送(hex): 20
[2026/09/15 19:32:39] 发送(hex): 20
[2026/09/15 19:32:39] 发送(hex): 20
[2026/09/15 19:32:39] 发送(hex): 20
[2026/09/15 19:32:39] 发送(hex): 20
[2026/09/15 19:32:39] 发送(hex): 20
[2026/09/15 19:32:39] 发送(hex): 20
[2026/09/15 19:32:39] 发送(hex): 20
[2026/09/15 19:32:39] 发送(hex): 20
[2026/09/15 19:32:39] 发送(hex): 20
[2026/09/15 19:32:39] 发送(hex): 20
[2026/09/15 19:32:39] 发送(hex): 20
[2026/09/15 19:32:39] 发送(hex): 20
[2026/09/15 19:32:39] 发送(hex): 20
[2026/09/15 19:32:39] 发送(hex): 20
[2026/09/15 19:32:39] 发送(hex): 20
[2026/09/15 19:32:39] 发送(hex): 20
[2026/09/15 19:32:39] 发送(hex): 20
[2026/09/15 19:32:39] 发送(hex): 20
[2026/09/15 19:32:39] 发送(hex): 20
[2026/09/15 19:32:39] 发送(hex): 20
[2026/09/15 19:32:39] 发送(hex): 20
[2026/09/15 19:32:39] 发送(hex): 20
[2026/09/15 19:32:39] 发送(hex): 20
[2026/09/15 19:32:39] 发送(hex): 20
[2026/09/15 19:32:39] 发送(hex): 20
[2026/09/15 19:32:39] 发送(hex): 20
[2026/09/15 19:32:39] 发送(hex): 20
[2026/09/15 19:32:39] 发送(hex): 20
[2026/09/15 19:32:39] 发送(hex): 20
[2026/09/15 19:32:39] 发送(hex): 20
[2026/09/15 19:32:39] 发送(hex): 20
[2026/09/15 19:32:39] 发送(hex): 20
[2026/09/15 19:32:39] 发送(hex): 20
[2026/09/15 19:32:39] 发送(hex): 20
[2026/09/15 19:32:39] 发送(hex): 20
[2026/09/15 19:32:39] 发送(hex): 20
[2026/09/15 19:32:39] 发送(hex): 20
[2026/09/15 19:32:39] 发送(hex): 20
[2026/09/15 19:32:39] 发送(hex): 20
[2026/09/15 19:32:39] 发送(hex): 20
[2026/09/15 19:32:39] 发送(hex): 20
[2026/09/15 19:32:39] 发送(hex): 20
[2026/09/15 19:32:39] 发送(hex): 20
[2026/09/15 19:32:39] 发送(hex): 20
[2026/09/15 19:32:39] 发送(hex): 20
[2026/09/15 19:32:39] 发送(hex): 20
[2026/09/15 19:32:39] 发送(hex): 20
[2026/09/15 19:32:39] 发送(hex): 20
[2026/09/15 19:32:39] 发送(hex): 20
[2026/09/15 19:32:39] 发送(hex): 20
[2026/09/15 19:32:39] 发送(hex): 20
[2026/09/15 19:32:39] 发送(hex): 20
[2026/09/15 19:32:39] 发送(hex): 20
[2026/09/15 19:32:39] 发送(hex): 20
[2026/09/15 19:32:39] 发送(hex): 20
[2026/09/15 19:32:39] 发送(hex): 20
[2026/09/15 19:32:39] 发送(hex): 20
[2026/09/15 19:32:39] 发送(hex): 20
[2026/09/15 19:32:39] 发送(hex): 20
[2026/09/15 19:32:39] 发送(hex): 20
[2026/09/15 19:32:39] 发送(hex): 20
[2026/09/15 19:32:39] 发送(hex): 20
[2026/09/15 19:32:39] 发送(hex): 20
[2026/09/15 19:32:39] 发送(hex): 20
[2026/09/15 19:32:39] 发送(hex): 20
[2026/09/15 19:32:39] 发送(hex): 20
[2026/09/15 19:32:39] 发送(hex): 20
[2026/09/15 19:32:39] 发送(hex): 20
[2026/09/15 19:32:39] 发送(hex): 20
[2026/09/15 19:32:39] 发送(hex): 20
[2026/09/15 19:32:39] 发送(hex): 20
[2026/09/15 19:32:39] 发送(hex): 20
[2026/09/15 19:32:39] 发送(hex): 20
[2026/09/15 19:32:39] 发送(hex): 20
[2026/09/15 19:32:39] 发送(hex): 20
[2026/09/15 19:32:39] 发送(hex): 20
[2026/09/15 19:32:39] 发送(hex): 20
[2026/09/15 19:32:39] 发送(hex): 20
[2026/09/15 19:32:39] 发送(hex): 20
[2026/09/15 19:32:39] 发送(hex): 20
[2026/09/15 19:32:39] 发送(hex): 20
[2026/09/15 19:32:39] 发送(hex): 20
[2026/09/15 19:32:39] 发送(hex): 20
[2026/09/15 19:32:39] 发送(hex): 20
[2026/09/15 19:32:39] 发送(hex): 20
[2026/09/15 19:32:39] 发送(hex): 20
[2026/09/15 19:32:39] 发送(hex): 20
[2026/09/15 19:32:39] 发送(hex): 20
[2026/09/15 19:32:39] 发送(hex): 20
[2026/09/15 19:32:39] 发送(hex): 20
[2026/09/15 19:32:39] 发送(hex): 20
[2026/09/15 19:32:39] 发送(hex): 20
[2026/09/15 19:32:40] 发送(hex): 20
[2026/09/15 19:32:40] 发送(hex): 20
[2026/09/15 19:32:40] 发送(hex): 20
[2026/09/15 19:32:40] 发送(hex): 20
[2026/09/15 19:32:40] 发送(hex): 20
[2026/09/15 19:32:40] 发送(hex): 20
[2026/09/15 19:32:40] 发送(hex): 20
[2026/09/15 19:32:40] 发送(hex): 20
[2026/09/15 19:32:40] 发送(hex): 20
[2026/09/15 19:32:40] 发送(hex): 20
[2026/09/15 19:32:40] 发送(hex): 20
[2026/09/15 19:32:40] 发送(hex): 20
[2026/09/15 19:32:40] 发送(hex): 20
[2026/09/15 19:32:40] 发送(hex): 20
[2026/09/15 19:32:40] 发送(hex): 20
[2026/09/15 19:32:40] 发送(hex): 20
[2026/09/15 19:32:40] 发送(hex): 20
[2026/09/15 19:32:40] 发送(hex): 20
[2026/09/15 19:32:40] 发送(hex): 20
[2026/09/15 19:32:40] 发送(hex): 20
[2026/09/15 19:32:40] 发送(hex): 20
[2026/09/15 19:32:40] 发送(hex): 20
[2026/09/15 19:32:40] 发送(hex): 20
[2026/09/15 19:32:40] 发送(hex): 20
[2026/09/15 19:32:40] 发送(hex): 20
[2026/09/15 19:32:40] 发送(hex): 20
[2026/09/15 19:32:40] 发送(hex): 20
[2026/09/15 19:32:40] 发送(hex): 20
[2026/09/15 19:32:40] 发送(hex): 20
[2026/09/15 19:32:40] 发送(hex): 20
[2026/09/15 19:32:40] 发送(hex): 20
[2026/09/15 19:32:40] 发送(hex): 20
[2026/09/15 19:32:40] 发送(hex): 20
[2026/09/15 19:32:40] 发送(hex): 20
[2026/09/15 19:32:40] 发送(hex): 20
[2026/09/15 19:32:40] 发送(hex): 20
[2026/09/15 19:32:40] 发送(hex): 20
[2026/09/15 19:32:40] 发送(hex): 20
[2026/09/15 19:32:40] 发送(hex): 20
[2026/09/15 19:32:40] 发送(hex): 20
[2026/09/15 19:32:40] 发送(hex): 20
[2026/09/15 19:32:40] 发送(hex): 20
[2026/09/15 19:32:40] 发送(hex): 20
[2026/09/15 19:32:40] 发送(hex): 20
[2026/09/15 19:32:40] 发送(hex): 20
[2026/09/15 19:32:40] 发送(hex): 20
[2026/09/15 19:32:40] 发送(hex): 20
[2026/09/15 19:32:40] 发送(hex): 20
[2026/09/15 19:32:40] 发送(hex): 20
[2026/09/15 19:32:40] 发送(hex): 20
[2026/09/15 19:32:40] 发送(hex): 20
[2026/09/15 19:32:40] 发送(hex): 20
[2026/09/15 19:32:40] 发送(hex): 20
[2026/09/15 19:32:40] 发送(hex): 20
[2026/09/15 19:32:40] 发送(hex): 20
[2026/09/15 19:32:40] 发送(hex): 20
[2026/09/15 19:32:40] 发送(hex): 20
[2026/09/15 19:32:40] 发送(hex): 20
[2026/09/15 19:32:40] 发送(hex): 20
[2026/09/15 19:32:40] 发送(hex): 20
[2026/09/15 19:32:40] 发送(hex): 20
[2026/09/15 19:32:40] 发送(hex): 20
[2026/09/15 19:32:40] 发送(hex): 20
[2026/09/15 19:32:40] 发送(hex): 20
[2026/09/15 19:32:40] 发送(hex): 20
[2026/09/15 19:32:40] 发送(hex): 20
[2026/09/15 19:32:40] 发送(hex): 20
[2026/09/15 19:32:40] 发送(hex): 20
[2026/09/15 19:32:40] 发送(hex): 20
[2026/09/15 19:32:40] 发送(hex): 20
[2026/09/15 19:32:40] 发送(hex): 20
[2026/09/15 19:32:40] 发送(hex): 20
[2026/09/15 19:32:40] 发送(hex): 20
[2026/09/15 19:32:40] 发送(hex): 20
[2026/09/15 19:32:40] 发送(hex): 20
[2026/09/15 19:32:40] 发送(hex): 20
[2026/09/15 19:32:40] 发送(hex): 20
[2026/09/15 19:32:40] 发送(hex): 20
[2026/09/15 19:32:40] 发送(hex): 20
[2026/09/15 19:32:40] 发送(hex): 20
[2026/09/15 19:32:40] 发送(hex): 20
[2026/09/15 19:32:40] 发送(hex): 20
[2026/09/15 19:32:40] 发送(hex): 20
[2026/09/15 19:32:40] 发送(hex): 20
[2026/09/15 19:32:40] 发送(hex): 20
[2026/09/15 19:32:40] 发送(hex): 20
[2026/09/15 19:32:40] 发送(hex): 20
[2026/09/15 19:32:40] 发送(hex): 20
[2026/09/15 19:32:40] 发送(hex): 20
[2026/09/15 19:32:40] 发送(hex): 20
[2026/09/15 19:32:41] 发送(hex): 20
[2026/09/15 19:32:41] 发送(hex): 20
[2026/09/15 19:32:41] 发送(hex): 20
[2026/09/15 19:32:41] 发送(hex): 20
[2026/09/15 19:32:41] 发送(hex): 20
[2026/09/15 19:32:41] 发送(hex): 20
[2026/09/15 19:32:41] 发送(hex): 20
[2026/09/15 19:32:41] 发送(hex): 20
[2026/09/15 19:32:41] 发送(hex): 20
[2026/09/15 19:32:41] 发送(hex): 20
[2026/09/15 19:32:41] 发送(hex): 20
[2026/09/15 19:32:41] 发送(hex): 20
[2026/09/15 19:32:41] 发送(hex): 20
[2026/09/15 19:32:41] 发送(hex): 20
[2026/09/15 19:32:41] 发送(hex): 20
[2026/09/15 19:32:41] 发送(hex): 20
[2026/09/15 19:32:41] 发送(hex): 20
[2026/09/15 19:32:41] 发送(hex): 20
[2026/09/15 19:32:41] 发送(hex): 20
[2026/09/15 19:32:41] 发送(hex): 20
[2026/09/15 19:32:41] 发送(hex): 20
[2026/09/15 19:32:41] 发送(hex): 20
[2026/09/15 19:32:41] 发送(hex): 20
[2026/09/15 19:32:41] 发送(hex): 20
[2026/09/15 19:32:41] 发送(hex): 20
[2026/09/15 19:32:41] 发送(hex): 20
[2026/09/15 19:32:41] 发送(hex): 20
[2026/09/15 19:32:41] 发送(hex): 20
[2026/09/15 19:32:41] 发送(hex): 20
[2026/09/15 19:32:41] 发送(hex): 20
[2026/09/15 19:32:41] 发送(hex): 20
[2026/09/15 19:32:41] 发送(hex): 20
[2026/09/15 19:32:41] 发送(hex): 20
[2026/09/15 19:32:41] 发送(hex): 20
[2026/09/15 19:32:41] 发送(hex): 20
[2026/09/15 19:32:41] 发送(hex): 20
[2026/09/15 19:32:41] 发送(hex): 20
[2026/09/15 19:32:41] 发送(hex): 20
[2026/09/15 19:32:41] 发送(hex): 20
[2026/09/15 19:32:41] 发送(hex): 20
[2026/09/15 19:32:41] 发送(hex): 20
[2026/09/15 19:32:41] 发送(hex): 20
[2026/09/15 19:32:41] 发送(hex): 20
[2026/09/15 19:32:41] 发送(hex): 20
[2026/09/15 19:32:41] 发送(hex): 20
[2026/09/15 19:32:41] 发送(hex): 20
[2026/09/15 19:32:41] 发送(hex): 20
[2026/09/15 19:32:41] 发送(hex): 20
[2026/09/15 19:32:41] 发送(hex): 20
[2026/09/15 19:32:41] 发送(hex): 20
[2026/09/15 19:32:41] 发送(hex): 20
[2026/09/15 19:32:41] 发送(hex): 20
[2026/09/15 19:32:41] 发送(hex): 20
[2026/09/15 19:32:41] 发送(hex): 20
[2026/09/15 19:32:41] 发送(hex): 20
[2026/09/15 19:32:41] 发送(hex): 20
[2026/09/15 19:32:41] 发送(hex): 20
[2026/09/15 19:32:41] 发送(hex): 20
[2026/09/15 19:32:41] 发送(hex): 20
[2026/09/15 19:32:41] 发送(hex): 20
[2026/09/15 19:32:41] 发送(hex): 20
[2026/09/15 19:32:41] 发送(hex): 20
[2026/09/15 19:32:41] 发送(hex): 20
[2026/09/15 19:32:41] 发送(hex): 20
[2026/09/15 19:32:41] 发送(hex): 20
[2026/09/15 19:32:41] 发送(hex): 20
[2026/09/15 19:32:41] 发送(hex): 20
[2026/09/15 19:32:41] 发送(hex): 20
[2026/09/15 19:32:41] 发送(hex): 20
[2026/09/15 19:32:41] 发送(hex): 20
[2026/09/15 19:32:41] 发送(hex): 20
[2026/09/15 19:32:41] 发送(hex): 20
[2026/09/15 19:32:41] 发送(hex): 20
[2026/09/15 19:32:41] 发送(hex): 20
[2026/09/15 19:32:41] 发送(hex): 20
[2026/09/15 19:32:41] 发送(hex): 20
[2026/09/15 19:32:41] 发送(hex): 20
[2026/09/15 19:32:41] 发送(hex): 20
[2026/09/15 19:32:41] 发送(hex): 20
[2026/09/15 19:32:41] 发送(hex): 20
[2026/09/15 19:32:41] 发送(hex): 20
[2026/09/15 19:32:41] 发送(hex): 20
[2026/09/15 19:32:41] 发送(hex): 20
[2026/09/15 19:32:41] 发送(hex): 20
[2026/09/15 19:32:41] 发送(hex): 20
[2026/09/15 19:32:41] 发送(hex): 20
[2026/09/15 19:32:41] 发送(hex): 20
[2026/09/15 19:32:41] 发送(hex): 20
[2026/09/15 19:32:41] 发送(hex): 20
[2026/09/15 19:32:41] 发送(hex): 20
[2026/09/15 19:32:41] 发送(hex): 20
[2026/09/15 19:32:41] 发送(hex): 20
[2026/09/15 19:32:41] 发送(hex): 20
[2026/09/15 19:32:41] 发送(hex): 20
[2026/09/15 19:32:41] 发送(hex): 20
[2026/09/15 19:32:42] 发送(hex): 20
[2026/09/15 19:32:42] 发送(hex): 20
[2026/09/15 19:32:42] 发送(hex): 20
[2026/09/15 19:32:42] 发送(hex): 20
[2026/09/15 19:32:42] 发送(hex): 20
[2026/09/15 19:32:42] 发送(hex): 20
[2026/09/15 19:32:42] 发送(hex): 20
[2026/09/15 19:32:42] 发送(hex): 20
[2026/09/15 19:32:42] 发送(hex): 20
[2026/09/15 19:32:42] 发送(hex): 20
[2026/09/15 19:32:42] 发送(hex): 20
[2026/09/15 19:32:42] 发送(hex): 20
[2026/09/15 19:32:42] 发送(hex): 20
[2026/09/15 19:32:42] 发送(hex): 20
[2026/09/15 19:32:42] 发送(hex): 20
[2026/09/15 19:32:42] 发送(hex): 20
[2026/09/15 19:32:42] 发送(hex): 20
[2026/09/15 19:32:42] 发送(hex): 20
[2026/09/15 19:32:42] 发送(hex): 20
[2026/09/15 19:32:42] 发送(hex): 20
[2026/09/15 19:32:42] 发送(hex): 20
[2026/09/15 19:32:42] 发送(hex): 20
[2026/09/15 19:32:42] 发送(hex): 20
[2026/09/15 19:32:42] 发送(hex): 20
[2026/09/15 19:32:42] 发送(hex): 20
[2026/09/15 19:32:42] 发送(hex): 20
[2026/09/15 19:32:42] 发送(hex): 20
[2026/09/15 19:32:42] 发送(hex): 20
[2026/09/15 19:32:42] 发送(hex): 20
[2026/09/15 19:32:42] 发送(hex): 20
[2026/09/15 19:32:42] 发送(hex): 20
[2026/09/15 19:32:42] 发送(hex): 20
[2026/09/15 19:32:42] 发送(hex): 20
[2026/09/15 19:32:42] 发送(hex): 20
[2026/09/15 19:32:42] 发送(hex): 20
[2026/09/15 19:32:42] 发送(hex): 20
[2026/09/15 19:32:42] 发送(hex): 20
[2026/09/15 19:32:42] 发送(hex): 20
[2026/09/15 19:32:42] 发送(hex): 20
[2026/09/15 19:32:42] 发送(hex): 20
[2026/09/15 19:32:42] 发送(hex): 20
[2026/09/15 19:32:42] 发送(hex): 20
[2026/09/15 19:32:42] 发送(hex): 20
[2026/09/15 19:32:42] 发送(hex): 20
[2026/09/15 19:32:42] 发送(hex): 20
[2026/09/15 19:32:42] 发送(hex): 20
[2026/09/15 19:32:42] 发送(hex): 20
[2026/09/15 19:32:42] 发送(hex): 20
[2026/09/15 19:32:42] 发送(hex): 20
[2026/09/15 19:32:42] 发送(hex): 20
[2026/09/15 19:32:42] 发送(hex): 20
[2026/09/15 19:32:42] 发送(hex): 20
[2026/09/15 19:32:42] 发送(hex): 20
[2026/09/15 19:32:42] 发送(hex): 20
[2026/09/15 19:32:42] 发送(hex): 20
[2026/09/15 19:32:42] 发送(hex): 20
[2026/09/15 19:32:42] 发送(hex): 20
[2026/09/15 19:32:42] 发送(hex): 20
[2026/09/15 19:32:42] 发送(hex): 20
[2026/09/15 19:32:42] 发送(hex): 20
[2026/09/15 19:32:42] 发送(hex): 20
[2026/09/15 19:32:42] 发送(hex): 20
[2026/09/15 19:32:42] 发送(hex): 20
[2026/09/15 19:32:42] 发送(hex): 20
[2026/09/15 19:32:42] 发送(hex): 20
[2026/09/15 19:32:42] 发送(hex): 20
[2026/09/15 19:32:42] 发送(hex): 20
[2026/09/15 19:32:42] 发送(hex): 20
[2026/09/15 19:32:42] 发送(hex): 20
[2026/09/15 19:32:42] 发送(hex): 20
[2026/09/15 19:32:42] 发送(hex): 20
[2026/09/15 19:32:42] 发送(hex): 20
[2026/09/15 19:32:42] 发送(hex): 20
[2026/09/15 19:32:42] 发送(hex): 20
[2026/09/15 19:32:42] 发送(hex): 20
[2026/09/15 19:32:42] 发送(hex): 20
[2026/09/15 19:32:42] 发送(hex): 20
[2026/09/15 19:32:42] 发送(hex): 20
[2026/09/15 19:32:42] 发送(hex): 20
[2026/09/15 19:32:42] 发送(hex): 20
[2026/09/15 19:32:42] 发送(hex): 20
[2026/09/15 19:32:42] 发送(hex): 20
[2026/09/15 19:32:42] 发送(hex): 20
[2026/09/15 19:32:42] 发送(hex): 20
[2026/09/15 19:32:42] 发送(hex): 20
[2026/09/15 19:32:42] 发送(hex): 20
[2026/09/15 19:32:42] 发送(hex): 20
[2026/09/15 19:32:42] 发送(hex): 20
[2026/09/15 19:32:42] 发送(hex): 20
[2026/09/15 19:32:42] 发送(hex): 20
[2026/09/15 19:32:42] 发送(hex): 20
[2026/09/15 19:32:42] 发送(hex): 20
[2026/09/15 19:32:42] 发送(hex): 20
[2026/09/15 19:32:42] 发送(hex): 20
[2026/09/15 19:32:43] 发送(hex): 20
[2026/09/15 19:32:43] 发送(hex): 20
[2026/09/15 19:32:43] 发送(hex): 20
[2026/09/15 19:32:43] 发送(hex): 20
[2026/09/15 19:32:43] 发送(hex): 20
[2026/09/15 19:32:43] 发送(hex): 20
[2026/09/15 19:32:43] 发送(hex): 20
[2026/09/15 19:32:43] 发送(hex): 20
[2026/09/15 19:32:43] 发送(hex): 20
[2026/09/15 19:32:43] 发送(hex): 20
[2026/09/15 19:32:43] 发送(hex): 20
[2026/09/15 19:32:43] 发送(hex): 20
[2026/09/15 19:32:43] 发送(hex): 20
[2026/09/15 19:32:43] 发送(hex): 20
[2026/09/15 19:32:43] 发送(hex): 20
[2026/09/15 19:32:43] 发送(hex): 20
[2026/09/15 19:32:43] 发送(hex): 20
[2026/09/15 19:32:43] 发送(hex): 20
[2026/09/15 19:32:43] 发送(hex): 20
[2026/09/15 19:32:43] 发送(hex): 20
[2026/09/15 19:32:43] 发送(hex): 20
[2026/09/15 19:32:43] 发送(hex): 20
[2026/09/15 19:32:43] 发送(hex): 20
[2026/09/15 19:32:43] 发送(hex): 20
[2026/09/15 19:32:43] 发送(hex): 20
[2026/09/15 19:32:43] 发送(hex): 20
[2026/09/15 19:32:43] 发送(hex): 20
[2026/09/15 19:32:43] 发送(hex): 20
[2026/09/15 19:32:43] 发送(hex): 20
[2026/09/15 19:32:43] 发送(hex): 20
[2026/09/15 19:32:43] 发送(hex): 20
[2026/09/15 19:32:43] 发送(hex): 20
[2026/09/15 19:32:43] 发送(hex): 20
[2026/09/15 19:32:43] 发送(hex): 20
[2026/09/15 19:32:43] 发送(hex): 20
[2026/09/15 19:32:43] 发送(hex): 20
[2026/09/15 19:32:43] 发送(hex): 20
[2026/09/15 19:32:43] 发送(hex): 20
[2026/09/15 19:32:43] 发送(hex): 20
[2026/09/15 19:32:43] 发送(hex): 20
[2026/09/15 19:32:43] 发送(hex): 20
[2026/09/15 19:32:43] 发送(hex): 20
[2026/09/15 19:32:43] 发送(hex): 20
[2026/09/15 19:32:43] 发送(hex): 20
[2026/09/15 19:32:43] 发送(hex): 20
[2026/09/15 19:32:43] 发送(hex): 20
[2026/09/15 19:32:43] 发送(hex): 20
[2026/09/15 19:32:43] 发送(hex): 20
[2026/09/15 19:32:43] 发送(hex): 20
[2026/09/15 19:32:43] 发送(hex): 20
[2026/09/15 19:32:43] 发送(hex): 20
[2026/09/15 19:32:43] 发送(hex): 20
[2026/09/15 19:32:43] 发送(hex): 20
[2026/09/15 19:32:43] 发送(hex): 20
[2026/09/15 19:32:43] 发送(hex): 20
[2026/09/15 19:32:43] 发送(hex): 20
[2026/09/15 19:32:43] 发送(hex): 20
[2026/09/15 19:32:43] 发送(hex): 20
[2026/09/15 19:32:43] 发送(hex): 20
[2026/09/15 19:32:43] 发送(hex): 20
[2026/09/15 19:32:43] 发送(hex): 20
[2026/09/15 19:32:43] 发送(hex): 20
[2026/09/15 19:32:43] 发送(hex): 20
[2026/09/15 19:32:43] 发送(hex): 20
[2026/09/15 19:32:43] 发送(hex): 20
[2026/09/15 19:32:43] 发送(hex): 20
[2026/09/15 19:32:43] 发送(hex): 20
[2026/09/15 19:32:43] 发送(hex): 20
[2026/09/15 19:32:43] 发送(hex): 20
[2026/09/15 19:32:43] 发送(hex): 20
[2026/09/15 19:32:43] 发送(hex): 20
[2026/09/15 19:32:43] 发送(hex): 20
[2026/09/15 19:32:43] 发送(hex): 20
[2026/09/15 19:32:43] 发送(hex): 20
[2026/09/15 19:32:43] 发送(hex): 20
[2026/09/15 19:32:43] 发送(hex): 20
[2026/09/15 19:32:43] 发送(hex): 20
[2026/09/15 19:32:43] 发送(hex): 20
[2026/09/15 19:32:43] 发送(hex): 20
[2026/09/15 19:32:43] 发送(hex): 20
[2026/09/15 19:32:43] 发送(hex): 20
[2026/09/15 19:32:43] 发送(hex): 20
[2026/09/15 19:32:43] 发送(hex): 20
[2026/09/15 19:32:43] 发送(hex): 20
[2026/09/15 19:32:43] 发送(hex): 20
[2026/09/15 19:32:43] 发送(hex): 20
[2026/09/15 19:32:43] 发送(hex): 20
[2026/09/15 19:32:43] 发送(hex): 20
[2026/09/15 19:32:43] 发送(hex): 20
[2026/09/15 19:32:43] 发送(hex): 20
[2026/09/15 19:32:43] 发送(hex): 20
[2026/09/15 19:32:43] 发送(hex): 20
[2026/09/15 19:32:43] 发送(hex): 20
[2026/09/15 19:32:43] 发送(hex): 20
[2026/09/15 19:32:44] 发送(hex): 20
[2026/09/15 19:32:44] 发送(hex): 20
[2026/09/15 19:32:44] 发送(hex): 20
[2026/09/15 19:32:44] 发送(hex): 20
[2026/09/15 19:32:44] 发送(hex): 20
[2026/09/15 19:32:44] 发送(hex): 20
[2026/09/15 19:32:44] 发送(hex): 20
[2026/09/15 19:32:44] 发送(hex): 20
[2026/09/15 19:32:44] 发送(hex): 20
[2026/09/15 19:32:44] 发送(hex): 20
[2026/09/15 19:32:44] 发送(hex): 20
[2026/09/15 19:32:44] 发送(hex): 20
[2026/09/15 19:32:44] 发送(hex): 20
[2026/09/15 19:32:44] 发送(hex): 20
[2026/09/15 19:32:44] 发送(hex): 20
[2026/09/15 19:32:44] 发送(hex): 20
[2026/09/15 19:32:44] 发送(hex): 20
[2026/09/15 19:32:44] 发送(hex): 20
[2026/09/15 19:32:44] 发送(hex): 20
[2026/09/15 19:32:44] 发送(hex): 20
[2026/09/15 19:32:44] 发送(hex): 20
[2026/09/15 19:32:44] 发送(hex): 20
[2026/09/15 19:32:44] 发送(hex): 20
[2026/09/15 19:32:44] 发送(hex): 20
[2026/09/15 19:32:44] 发送(hex): 20
[2026/09/15 19:32:44] 发送(hex): 20
[2026/09/15 19:32:44] 发送(hex): 20
[2026/09/15 19:32:44] 发送(hex): 20
[2026/09/15 19:32:44] 发送(hex): 20
[2026/09/15 19:32:44] 发送(hex): 20
[2026/09/15 19:32:44] 发送(hex): 20
[2026/09/15 19:32:44] 发送(hex): 20
[2026/09/15 19:32:44] 发送(hex): 20
[2026/09/15 19:32:44] 发送(hex): 20
[2026/09/15 19:32:44] 发送(hex): 20
[2026/09/15 19:32:44] 发送(hex): 20
[2026/09/15 19:32:44] 发送(hex): 20
[2026/09/15 19:32:44] 发送(hex): 20
[2026/09/15 19:32:44] 发送(hex): 20
[2026/09/15 19:32:44] 发送(hex): 20
[2026/09/15 19:32:44] 发送(hex): 20
[2026/09/15 19:32:44] 发送(hex): 20
[2026/09/15 19:32:44] 发送(hex): 20
[2026/09/15 19:32:44] 发送(hex): 20
[2026/09/15 19:32:44] 发送(hex): 20
[2026/09/15 19:32:44] 发送(hex): 20
[2026/09/15 19:32:44] 发送(hex): 20
[2026/09/15 19:32:44] 发送(hex): 20
[2026/09/15 19:32:44] 发送(hex): 20
[2026/09/15 19:32:44] 发送(hex): 20
[2026/09/15 19:32:44] 发送(hex): 20
[2026/09/15 19:32:44] 发送(hex): 20
[2026/09/15 19:32:44] 发送(hex): 20
[2026/09/15 19:32:44] 发送(hex): 20
[2026/09/15 19:32:44] 发送(hex): 20
[2026/09/15 19:32:44] 发送(hex): 20
[2026/09/15 19:32:44] 发送(hex): 20
[2026/09/15 19:32:44] 发送(hex): 20
[2026/09/15 19:32:44] 发送(hex): 20
[2026/09/15 19:32:44] 发送(hex): 20
[2026/09/15 19:32:44] 发送(hex): 20
[2026/09/15 19:32:44] 发送(hex): 20
[2026/09/15 19:32:44] 发送(hex): 20
[2026/09/15 19:32:44] 发送(hex): 20
[2026/09/15 19:32:44] 发送(hex): 20
[2026/09/15 19:32:44] 发送(hex): 20
[2026/09/15 19:32:44] 发送(hex): 20
[2026/09/15 19:32:44] 发送(hex): 20
[2026/09/15 19:32:44] 发送(hex): 20
[2026/09/15 19:32:44] 发送(hex): 20
[2026/09/15 19:32:44] 发送(hex): 20
[2026/09/15 19:32:44] 发送(hex): 20
[2026/09/15 19:32:44] 发送(hex): 20
[2026/09/15 19:32:44] 发送(hex): 20
[2026/09/15 19:32:44] 发送(hex): 20
[2026/09/15 19:32:44] 发送(hex): 20
[2026/09/15 19:32:44] 发送(hex): 20
[2026/09/15 19:32:44] 发送(hex): 20
[2026/09/15 19:32:44] 发送(hex): 20
[2026/09/15 19:32:44] 发送(hex): 20
[2026/09/15 19:32:44] 发送(hex): 20
[2026/09/15 19:32:44] 发送(hex): 20
[2026/09/15 19:32:44] 发送(hex): 20
[2026/09/15 19:32:44] 发送(hex): 20
[2026/09/15 19:32:44] 发送(hex): 20
[2026/09/15 19:32:44] 发送(hex): 20
[2026/09/15 19:32:44] 发送(hex): 20
[2026/09/15 19:32:44] 发送(hex): 20
[2026/09/15 19:32:44] 发送(hex): 20
[2026/09/15 19:32:44] 发送(hex): 20
[2026/09/15 19:32:44] 发送(hex): 20
[2026/09/15 19:32:44] 发送(hex): 20
[2026/09/15 19:32:44] 发送(hex): 20
[2026/09/15 19:32:44] 发送(hex): 20
[2026/09/15 19:32:45] 发送(hex): 20
[2026/09/15 19:32:45] 发送(hex): 20
[2026/09/15 19:32:45] 发送(hex): 20
[2026/09/15 19:32:45] 发送(hex): 20
[2026/09/15 19:32:45] 发送(hex): 20
[2026/09/15 19:32:45] 发送(hex): 20
[2026/09/15 19:32:45] 发送(hex): 20
[2026/09/15 19:32:45] 发送(hex): 20
[2026/09/15 19:32:45] 发送(hex): 20
[2026/09/15 19:32:45] 发送(hex): 20
[2026/09/15 19:32:45] 发送(hex): 20
[2026/09/15 19:32:45] 发送(hex): 20
[2026/09/15 19:32:45] 发送(hex): 20
[2026/09/15 19:32:45] 发送(hex): 20
[2026/09/15 19:32:45] 发送(hex): 20
[2026/09/15 19:32:45] 发送(hex): 20
[2026/09/15 19:32:45] 发送(hex): 20
[2026/09/15 19:32:45] 发送(hex): 20
[2026/09/15 19:32:45] 发送(hex): 20
[2026/09/15 19:32:45] 发送(hex): 20
[2026/09/15 19:32:45] 发送(hex): 20
[2026/09/15 19:32:45] 发送(hex): 20
[2026/09/15 19:32:45] 发送(hex): 20
[2026/09/15 19:32:45] 发送(hex): 20
[2026/09/15 19:32:45] 发送(hex): 20
[2026/09/15 19:32:45] 发送(hex): 20
[2026/09/15 19:32:45] 发送(hex): 20
[2026/09/15 19:32:45] 发送(hex): 20
[2026/09/15 19:32:45] 发送(hex): 20
[2026/09/15 19:32:45] 发送(hex): 20
[2026/09/15 19:32:45] 发送(hex): 20
[2026/09/15 19:32:45] 发送(hex): 20
[2026/09/15 19:32:45] 发送(hex): 20
[2026/09/15 19:32:45] 发送(hex): 20
[2026/09/15 19:32:45] 发送(hex): 20
[2026/09/15 19:32:45] 发送(hex): 20
[2026/09/15 19:32:45] 发送(hex): 20
[2026/09/15 19:32:45] 发送(hex): 20
[2026/09/15 19:32:45] 发送(hex): 20
[2026/09/15 19:32:45] 发送(hex): 20
[2026/09/15 19:32:45] 发送(hex): 20
[2026/09/15 19:32:45] 发送(hex): 20
[2026/09/15 19:32:45] 发送(hex): 20
[2026/09/15 19:32:45] 发送(hex): 20
[2026/09/15 19:32:45] 发送(hex): 20
[2026/09/15 19:32:45] 发送(hex): 20
[2026/09/15 19:32:45] 发送(hex): 20
[2026/09/15 19:32:45] 发送(hex): 20
[2026/09/15 19:32:45] 发送(hex): 20
[2026/09/15 19:32:45] 发送(hex): 20
[2026/09/15 19:32:45] 发送(hex): 20
[2026/09/15 19:32:45] 发送(hex): 20
[2026/09/15 19:32:45] 发送(hex): 20
[2026/09/15 19:32:45] 发送(hex): 20
[2026/09/15 19:32:45] 发送(hex): 20
[2026/09/15 19:32:45] 发送(hex): 20
[2026/09/15 19:32:45] 发送(hex): 20
[2026/09/15 19:32:45] 发送(hex): 20
[2026/09/15 19:32:45] 发送(hex): 20
[2026/09/15 19:32:45] 发送(hex): 20
[2026/09/15 19:32:45] 发送(hex): 20
[2026/09/15 19:32:45] 发送(hex): 20
[2026/09/15 19:32:45] 发送(hex): 20
[2026/09/15 19:32:45] 发送(hex): 20
[2026/09/15 19:32:45] 发送(hex): 20
[2026/09/15 19:32:45] 发送(hex): 20
[2026/09/15 19:32:45] 发送(hex): 20
[2026/09/15 19:32:45] 发送(hex): 20
[2026/09/15 19:32:45] 发送(hex): 20
[2026/09/15 19:32:45] 发送(hex): 20
[2026/09/15 19:32:45] 发送(hex): 20
[2026/09/15 19:32:45] 发送(hex): 20
[2026/09/15 19:32:45] 发送(hex): 20
[2026/09/15 19:32:45] 发送(hex): 20
[2026/09/15 19:32:45] 发送(hex): 20
[2026/09/15 19:32:45] 发送(hex): 20
[2026/09/15 19:32:45] 发送(hex): 20
[2026/09/15 19:32:45] 发送(hex): 20
[2026/09/15 19:32:45] 发送(hex): 20
[2026/09/15 19:32:45] 发送(hex): 20
[2026/09/15 19:32:45] 发送(hex): 20
[2026/09/15 19:32:45] 发送(hex): 20
[2026/09/15 19:32:45] 发送(hex): 20
[2026/09/15 19:32:45] 发送(hex): 20
[2026/09/15 19:32:45] 发送(hex): 20
[2026/09/15 19:32:45] 发送(hex): 20
[2026/09/15 19:32:45] 发送(hex): 20
[2026/09/15 19:32:45] 发送(hex): 20
[2026/09/15 19:32:45] 发送(hex): 20
[2026/09/15 19:32:45] 发送(hex): 20
[2026/09/15 19:32:45] 发送(hex): 20
[2026/09/15 19:32:45] 发送(hex): 20
[2026/09/15 19:32:45] 发送(hex): 20
[2026/09/15 19:32:45] 发送(hex): 20
[2026/09/15 19:32:46] 发送(hex): 20
[2026/09/15 19:32:46] 发送(hex): 20
[2026/09/15 19:32:46] 发送(hex): 20
[2026/09/15 19:32:46] 发送(hex): 20
[2026/09/15 19:32:46] 发送(hex): 20
[2026/09/15 19:32:46] 发送(hex): 20
[2026/09/15 19:32:46] 发送(hex): 20
[2026/09/15 19:32:46] 发送(hex): 20
[2026/09/15 19:32:46] 发送(hex): 20
[2026/09/15 19:32:46] 发送(hex): 20
[2026/09/15 19:32:46] 发送(hex): 20
[2026/09/15 19:32:46] 发送(hex): 20
[2026/09/15 19:32:46] 发送(hex): 20
[2026/09/15 19:32:46] 发送(hex): 20
[2026/09/15 19:32:46] 发送(hex): 20
[2026/09/15 19:32:46] 发送(hex): 20
[2026/09/15 19:32:46] 发送(hex): 20
[2026/09/15 19:32:46] 发送(hex): 20
[2026/09/15 19:32:46] 发送(hex): 20
[2026/09/15 19:32:46] 发送(hex): 20
[2026/09/15 19:32:46] 发送(hex): 20
[2026/09/15 19:32:46] 发送(hex): 20
[2026/09/15 19:32:46] 发送(hex): 20
[2026/09/15 19:32:46] 发送(hex): 20
[2026/09/15 19:32:46] 发送(hex): 20
[2026/09/15 19:32:46] 发送(hex): 20
[2026/09/15 19:32:46] 发送(hex): 20
[2026/09/15 19:32:46] 发送(hex): 20
[2026/09/15 19:32:46] 发送(hex): 20
[2026/09/15 19:32:46] 发送(hex): 20
[2026/09/15 19:32:46] 发送(hex): 20
[2026/09/15 19:32:46] 发送(hex): 20
[2026/09/15 19:32:46] 发送(hex): 20
[2026/09/15 19:32:46] 发送(hex): 20
[2026/09/15 19:32:46] 发送(hex): 20
[2026/09/15 19:32:46] 发送(hex): 20
[2026/09/15 19:32:46] 发送(hex): 20
[2026/09/15 19:32:46] 发送(hex): 20
[2026/09/15 19:32:46] 发送(hex): 20
[2026/09/15 19:32:46] 发送(hex): 20
[2026/09/15 19:32:46] 发送(hex): 20
[2026/09/15 19:32:46] 发送(hex): 20
[2026/09/15 19:32:46] 发送(hex): 20
[2026/09/15 19:32:46] 发送(hex): 20
[2026/09/15 19:32:46] 发送(hex): 20
[2026/09/15 19:32:46] 发送(hex): 20
[2026/09/15 19:32:46] 发送(hex): 20
[2026/09/15 19:32:46] 发送(hex): 20
[2026/09/15 19:32:46] 发送(hex): 20
[2026/09/15 19:32:46] 发送(hex): 20
[2026/09/15 19:32:46] 发送(hex): 20
[2026/09/15 19:32:46] 发送(hex): 20
[2026/09/15 19:32:46] 发送(hex): 20
[2026/09/15 19:32:46] 发送(hex): 20
[2026/09/15 19:32:46] 发送(hex): 20
[2026/09/15 19:32:46] 发送(hex): 20
[2026/09/15 19:32:46] 发送(hex): 20
[2026/09/15 19:32:46] 发送(hex): 20
[2026/09/15 19:32:46] 发送(hex): 20
[2026/09/15 19:32:46] 发送(hex): 20
[2026/09/15 19:32:46] 发送(hex): 20
[2026/09/15 19:32:46] 发送(hex): 20
[2026/09/15 19:32:46] 发送(hex): 20
[2026/09/15 19:32:46] 发送(hex): 20
[2026/09/15 19:32:46] 发送(hex): 20
[2026/09/15 19:32:46] 发送(hex): 20
[2026/09/15 19:32:46] 发送(hex): 20
[2026/09/15 19:32:46] 发送(hex): 20
[2026/09/15 19:32:46] 发送(hex): 20
[2026/09/15 19:32:46] 发送(hex): 20
[2026/09/15 19:32:46] 发送(hex): 20
[2026/09/15 19:32:46] 发送(hex): 20
[2026/09/15 19:32:46] 发送(hex): 20
[2026/09/15 19:32:46] 发送(hex): 20
[2026/09/15 19:32:46] 发送(hex): 20
[2026/09/15 19:32:46] 发送(hex): 20
[2026/09/15 19:32:46] 发送(hex): 20
[2026/09/15 19:32:46] 发送(hex): 20
[2026/09/15 19:32:46] 发送(hex): 20
[2026/09/15 19:32:46] 发送(hex): 20
[2026/09/15 19:32:46] 发送(hex): 20
[2026/09/15 19:32:46] 发送(hex): 20
[2026/09/15 19:32:46] 发送(hex): 20
[2026/09/15 19:32:46] 发送(hex): 20
[2026/09/15 19:32:46] 发送(hex): 20
[2026/09/15 19:32:46] 发送(hex): 20
[2026/09/15 19:32:46] 发送(hex): 20
[2026/09/15 19:32:46] 发送(hex): 20
[2026/09/15 19:32:46] 发送(hex): 20
[2026/09/15 19:32:46] 发送(hex): 20
[2026/09/15 19:32:46] 发送(hex): 20
[2026/09/15 19:32:46] 发送(hex): 20
[2026/09/15 19:32:46] 发送(hex): 20
[2026/09/15 19:32:46] 发送(hex): 20
[2026/09/15 19:32:46] 发送(hex): 20
[2026/09/15 19:32:47] 发送(hex): 20
[2026/09/15 19:32:47] 发送(hex): 20
[2026/09/15 19:32:47] 发送(hex): 20
[2026/09/15 19:32:47] 发送(hex): 20
[2026/09/15 19:32:47] 发送(hex): 20
[2026/09/15 19:32:47] 发送(hex): 20
[2026/09/15 19:32:47] 发送(hex): 20
[2026/09/15 19:32:47] 发送(hex): 20
[2026/09/15 19:32:47] 发送(hex): 20
[2026/09/15 19:32:47] 发送(hex): 20
[2026/09/15 19:32:47] 发送(hex): 20
[2026/09/15 19:32:47] 发送(hex): 20
[2026/09/15 19:32:47] 发送(hex): 20
[2026/09/15 19:32:47] 发送(hex): 20
[2026/09/15 19:32:47] 发送(hex): 20
[2026/09/15 19:32:47] 发送(hex): 20
[2026/09/15 19:32:47] 发送(hex): 20
[2026/09/15 19:32:47] 发送(hex): 20
[2026/09/15 19:32:47] 发送(hex): 20
[2026/09/15 19:32:47] 发送(hex): 20
[2026/09/15 19:32:47] 发送(hex): 20
[2026/09/15 19:32:47] 发送(hex): 20
[2026/09/15 19:32:47] 发送(hex): 20
[2026/09/15 19:32:47] 发送(hex): 20
[2026/09/15 19:32:47] 发送(hex): 20
[2026/09/15 19:32:47] 发送(hex): 20
[2026/09/15 19:32:47] 发送(hex): 20
[2026/09/15 19:32:47] 发送(hex): 20
[2026/09/15 19:32:47] 发送(hex): 20
[2026/09/15 19:32:47] 发送(hex): 20
[2026/09/15 19:32:47] 发送(hex): 20
[2026/09/15 19:32:47] 发送(hex): 20
[2026/09/15 19:32:47] 发送(hex): 20
[2026/09/15 19:32:47] 发送(hex): 20
[2026/09/15 19:32:47] 发送(hex): 20
[2026/09/15 19:32:47] 发送(hex): 20
[2026/09/15 19:32:47] 发送(hex): 20
[2026/09/15 19:32:47] 发送(hex): 20
[2026/09/15 19:32:47] 发送(hex): 20
[2026/09/15 19:32:47] 发送(hex): 20
[2026/09/15 19:32:47] 发送(hex): 20
[2026/09/15 19:32:47] 发送(hex): 20
[2026/09/15 19:32:47] 发送(hex): 20
[2026/09/15 19:32:47] 发送(hex): 20
[2026/09/15 19:32:47] 发送(hex): 20
[2026/09/15 19:32:47] 发送(hex): 20
[2026/09/15 19:32:47] 发送(hex): 20
[2026/09/15 19:32:47] 发送(hex): 20
[2026/09/15 19:32:47] 发送(hex): 20
[2026/09/15 19:32:47] 发送(hex): 20
[2026/09/15 19:32:47] 发送(hex): 20
[2026/09/15 19:32:47] 发送(hex): 20
[2026/09/15 19:32:47] 发送(hex): 20
[2026/09/15 19:32:47] 发送(hex): 20
[2026/09/15 19:32:47] 发送(hex): 20
[2026/09/15 19:32:47] 发送(hex): 20
[2026/09/15 19:32:47] 发送(hex): 20
[2026/09/15 19:32:47] 发送(hex): 20
[2026/09/15 19:32:47] 发送(hex): 20
[2026/09/15 19:32:47] 发送(hex): 20
[2026/09/15 19:32:47] 发送(hex): 20
[2026/09/15 19:32:47] 发送(hex): 20
[2026/09/15 19:32:47] 发送(hex): 20
[2026/09/15 19:32:47] 发送(hex): 20
[2026/09/15 19:32:47] 发送(hex): 20
[2026/09/15 19:32:47] 发送(hex): 20
[2026/09/15 19:32:47] 发送(hex): 20
[2026/09/15 19:32:47] 发送(hex): 20
[2026/09/15 19:32:47] 发送(hex): 20
[2026/09/15 19:32:47] 发送(hex): 20
[2026/09/15 19:32:47] 发送(hex): 20
[2026/09/15 19:32:47] 发送(hex): 20
[2026/09/15 19:32:47] 发送(hex): 20
[2026/09/15 19:32:47] 发送(hex): 20
[2026/09/15 19:32:47] 发送(hex): 20
[2026/09/15 19:32:47] 发送(hex): 20
[2026/09/15 19:32:47] 发送(hex): 20
[2026/09/15 19:32:47] 发送(hex): 20
[2026/09/15 19:32:47] 发送(hex): 20
[2026/09/15 19:32:47] 发送(hex): 20
[2026/09/15 19:32:47] 发送(hex): 20
[2026/09/15 19:32:47] 发送(hex): 20
[2026/09/15 19:32:47] 发送(hex): 20
[2026/09/15 19:32:47] 发送(hex): 20
[2026/09/15 19:32:47] 发送(hex): 20
[2026/09/15 19:32:47] 发送(hex): 20
[2026/09/15 19:32:47] 发送(hex): 20
[2026/09/15 19:32:47] 发送(hex): 20
[2026/09/15 19:32:47] 发送(hex): 20
[2026/09/15 19:32:47] 发送(hex): 20
[2026/09/15 19:32:47] 发送(hex): 20
[2026/09/15 19:32:47] 发送(hex): 20
[2026/09/15 19:32:47] 发送(hex): 20
[2026/09/15 19:32:47] 发送(hex): 20
[2026/09/15 19:32:48] 发送(hex): 20
[2026/09/15 19:32:48] 发送(hex): 20
[2026/09/15 19:32:48] 发送(hex): 20
[2026/09/15 19:32:48] 发送(hex): 20
[2026/09/15 19:32:48] 发送(hex): 20
[2026/09/15 19:32:48] 发送(hex): 20
[2026/09/15 19:32:48] 发送(hex): 20
[2026/09/15 19:32:48] 发送(hex): 20
[2026/09/15 19:32:48] 发送(hex): 20
[2026/09/15 19:32:48] 发送(hex): 20
[2026/09/15 19:32:48] 发送(hex): 20
[2026/09/15 19:32:48] 发送(hex): 20
[2026/09/15 19:32:48] 发送(hex): 20
[2026/09/15 19:32:48] 发送(hex): 20
[2026/09/15 19:32:48] 发送(hex): 20
[2026/09/15 19:32:48] 发送(hex): 20
[2026/09/15 19:32:48] 发送(hex): 20
[2026/09/15 19:32:48] 发送(hex): 20
[2026/09/15 19:32:48] 发送(hex): 20
[2026/09/15 19:32:48] 发送(hex): 20
[2026/09/15 19:32:48] 发送(hex): 20
[2026/09/15 19:32:48] 发送(hex): 20
[2026/09/15 19:32:48] 发送(hex): 20
[2026/09/15 19:32:48] 发送(hex): 20
[2026/09/15 19:32:48] 发送(hex): 20
[2026/09/15 19:32:48] 发送(hex): 20
[2026/09/15 19:32:48] 发送(hex): 20
[2026/09/15 19:32:48] 发送(hex): 20
[2026/09/15 19:32:48] 发送(hex): 20
[2026/09/15 19:32:48] 发送(hex): 20
[2026/09/15 19:32:48] 发送(hex): 20
[2026/09/15 19:32:48] 发送(hex): 20
[2026/09/15 19:32:48] 发送(hex): 20
[2026/09/15 19:32:48] 发送(hex): 20
[2026/09/15 19:32:48] 发送(hex): 20
[2026/09/15 19:32:48] 发送(hex): 20
[2026/09/15 19:32:48] 发送(hex): 20
[2026/09/15 19:32:48] 发送(hex): 20
[2026/09/15 19:32:48] 发送(hex): 20
[2026/09/15 19:32:48] 发送(hex): 20
[2026/09/15 19:32:48] 发送(hex): 20
[2026/09/15 19:32:48] 发送(hex): 20
[2026/09/15 19:32:48] 发送(hex): 20
[2026/09/15 19:32:48] 发送(hex): 20
[2026/09/15 19:32:48] 发送(hex): 20
[2026/09/15 19:32:48] 发送(hex): 20
[2026/09/15 19:32:48] 发送(hex): 20
[2026/09/15 19:32:48] 发送(hex): 20
[2026/09/15 19:32:48] 发送(hex): 20
[2026/09/15 19:32:48] 发送(hex): 20
[2026/09/15 19:32:48] 发送(hex): 20
[2026/09/15 19:32:48] 发送(hex): 20
[2026/09/15 19:32:48] 发送(hex): 20
[2026/09/15 19:32:48] 发送(hex): 20
[2026/09/15 19:32:48] 发送(hex): 20
[2026/09/15 19:32:48] 发送(hex): 20
[2026/09/15 19:32:48] 发送(hex): 20
[2026/09/15 19:32:48] 发送(hex): 20
[2026/09/15 19:32:48] 发送(hex): 20
[2026/09/15 19:32:48] 发送(hex): 20
[2026/09/15 19:32:48] 发送(hex): 20
[2026/09/15 19:32:48] 发送(hex): 20
[2026/09/15 19:32:48] 发送(hex): 20
[2026/09/15 19:32:48] 发送(hex): 20
[2026/09/15 19:32:48] 发送(hex): 20
[2026/09/15 19:32:49] 发送(hex): 0d
[2026/09/15 19:32:49] 发送(hex): 0d
[2026/09/15 19:32:49] 发送(hex): 0d
[2026/09/15 19:32:49] Realtek>
[2026/09/15 19:32:49] Real
[2026/09/15 19:32:49] 发送(hex): 0d
[2026/09/15 19:32:49] tek>
[2026/09/15 19:32:49] Realtek>
[2026/09/15 19:32:49] 发送(hex): 0d
[2026/09/15 19:32:49] Realtek>
[2026/09/15 19:32:49] Rea
[2026/09/15 19:32:49] ltek>
[2026/09/15 19:32:54] 发送(hex): 706d6f646520656e61626c653b72650d
[2026/09/15 19:32:54] pmode enable;re
[2026/09/15 19:32:54] uboot command for pmode enable!
[2026/09/15 19:32:54] resetting ...
[2026/09/15 19:32:54] $
[2026/09/15 19:32:54] Post romc
[2026/09/15 19:32:54] ode git ver:42df880604ac78a3 (Aug 28 2026 21:41:35)
[2026/09/15 19:32:54] $
[2026/09/15 19:32:54] Hello world, RTD2875P_CN2_TV030!
[2026/09/15 19:32:54] set_wifi_reset
[2026/09/15 19:32:54] Auxcode git ver:3a4deb9ea300359e (Aug 28 2026 21:41:29)
[2026/09/15 19:32:54] flash_type = 2, secure_type = 2
[2026/09/15 19:32:54] b8062204=20000
[2026/09/15 19:32:54] slot info 0 0x0 info 1 0x9021afbe
[2026/09/15 19:32:54] g_gpt_blk_start 0x1  g_offline_gpt 0x0 last_usable_lba 0x1cd2032 num_partition_entries 0x32
[2026/09/15 19:32:54] start 0x2e600000 clt_blk 0x1973004 ctrl size 0x20
[2026/09/15 19:32:54] choose active index 0
[2026/09/15 19:32:54] part name bootloader ative_slot _a real part name bootloader_a
[2026/09/15 19:32:54] part name hwsetting start 0x100000 size 0x33600
[2026/09/15 19:32:54] part name ext_fw start 0x133600 size 0x10400
[2026/09/15 19:32:54] part name kboot start 0x143a00 size 0x16e00
[2026/09/15 19:32:54] part name uboot start 0x15a800 size 0x120400
[2026/09/15 19:32:54] ls4 2 1 = 800040ab 8000207f 80001000
[2026/09/15 19:32:54] fNewHWsettingArch = 2
[2026/09/15 19:32:54] 1.lsadcidx = 2, brand =3, offset = 0
[2026/09/15 19:32:54] 1.lsadcidx = 2, brand =3, offset = 17800
[2026/09/15 19:32:54] hwsetting from mmc
[2026/09/15 19:32:54] AC on HW offset 0x809 start 0x800 reg 0x8090800
[2026/09/15 19:32:54] total = 2f00
[2026/09/15 19:32:54] A
[2026/09/15 19:32:54] A
[2026/09/15 19:32:54] A
[2026/09/15 19:32:54] A
[2026/09/15 19:32:54] A
[2026/09/15 19:32:54] {12 14}
[2026/09/15 19:32:54] ffee
[2026/09/15 19:32:54] ddffeeddddr ver: 62c63180
[2026/09/15 19:32:54] ori DQS0~7 {03 04 1a 1c 00 01 00 00}
[2026/09/15 19:32:54] {01 03 19 1b 00 01 00 00} {08 09 06 09 06 06 00 00}
[2026/09/15 19:32:54] r.y.0
[2026/09/15 19:32:54] r.y.0 SCPU BISR status: Done
[2026/09/15 19:32:54] [go kb]
[2026/09/15 19:32:54] pa
[2026/09/15 19:32:54] ss bootcode info to kboot
[2026/09/15 19:32:54] num=1056
[2026/09/15 19:32:54] boot_magic=20230423
[2026/09/15 19:32:54] ---DEBUG kboot 21:41:14 Aug 28 2026 ---
[2026/09/15 19:32:54] [Kboot]eMMC(mid-15) MMC_HS50 (50000000Mhz)[8bit].
[2026/09/15 19:32:54] block info 0x1cd2032 0x3a3e000.
[2026/09/15 19:32:54] [MMC] 32 -----------> 16GB.
[2026/09/15 19:32:54] (2379beef) (0) bufsize=(null)
[2026/09/15 19:32:54] uboot start 0x15a800 size 0x120400
[2026/09/15 19:32:54] board_version:
[2026/09/15 19:32:54] ls1 = 0, ver: 0
[2026/09/15 19:32:54] [0;31mapp_main 325 board_version=0[0m
[2026/09/15 19:32:54] get FW_TZFW flash start 0xf100200 ddr buf star
[2026/09/15 19:32:55] t 0x180000 image size 010c2e3 ok!
[2026/09/15 19:32:55] [INFO]RPMB auth key not written !
[2026/09/15 19:32:55] [INFO]RPMB auth key not written !
[2026/09/15 19:32:55] Current board is not frist boot.
[2026/09/15 19:32:55] ALL zero, reserved_3 has removed.
[2026/09/15 19:32:55] Current board remove reserved_3 done.
[2026/09/15 19:32:55] get FW_VKERN
[2026/09/15 19:32:55] EL flash start 0xc100200 ddr buf start 0x1a900000 image size 05f0300 ok!
[2026/09/15 19:32:55] get FW_VKERNEL2 flash start 0xd900200 ddr buf start 0x1af00000 image size 0f4920 ok!
[2026/09/15 19:32:55] get FW_AKERNEL flash start 0xa900200 ddr buf start 0x1b200000 image size 07fbf7c ok!
[2026/09/15 19:32:55] ATFATFATF:0 1 NOTICE: kill CPU(2)...
[2026/09/15 19:32:55] ATF:0 1 NOTICE: kill (2) : PACTIVE:0
[2026/09/15 19:32:55] ATF:0 1 NOTICE:  CPU(2) kill done, pstate(0x0)
[2026/09/15 19:32:55] U
[2026/09/15 19:32:55] fixup_node_name 555. set /reserved-memory@5 to /reserved-memory
[2026/09/15 19:32:55] fixup_node_name 555. set /rtk_cma@5 to /rtk_cma
[2026/09/15 19:32:55] ### [1;31mERROR[0m ### get_movablecore 613. Can't find dtb node /reserved-memory/cma2_memory/reg
[2026/09/15 19:32:55] reinit_mem_info 1049  ddr_size 80000000
[2026/09/15 19:32:55] booting, boot_led_type: 0x00000000, led on[1]
[2026/09/15 19:32:55] set share register: 0x99100000
[2026/09/15 19:32:55] boot_power_on_mode=1
[2026/09/15 19:32:55] [get_layout:1264]!
[2026/09/15 19:32:55] boot_part value = 0 boot_tag value = 21
[2026/09/15 19:32:55] [get_oemkey] 1397: get oem.key = ATV00107525
[2026/09/15 19:32:55] Factory_RO: [EXT4] factory_ro_buffer:0a800000, factory_ro_buffer size:0x1000000!
[2026/09/15 19:32:55] Partiton factory_ro_a located at 0:6
[2026/09/15 19:32:55] factory_ro_a partition can not find /.000@bk@***!
[2026/09/15 19:32:55] Factory RO no need recovery!
[2026/09/15 19:32:55] Get tvconfigs_a partition block device index fail!
[2026/09/15 19:32:55] read customer.ini file fail!
[2026/09/15 19:32:55] parse SYS_INI path fail
[2026/09/15 19:32:55] Not support board ini mechansim!
[2026/09/15 19:32:55] Get tvconfigs_a partition block device index fail!
[2026/09/15 19:32:55] read customer.ini file fail!
[2026/09/15 19:32:55] parse SYS_INI path fail
[2026/09/15 19:32:55] load model ini file fail
[2026/09/15 19:32:55] cannot find PcbPath from ini file
[2026/09/15 19:32:55] no pcb.config in tvconfigs
[2026/09/15 19:32:55] no mnt/vendor/factorypcb.config
[2026/09/15 19:32:57] delay:342
[2026/09/15 19:32:58] Vwait V1go
[2026/09/15 19:32:58] Vwait V2go
[2026/09/15 19:32:58] DEMOD BISR check Pass and disable demod CLK!!
[2026/09/15 19:32:58] [0;31mboard_version=0 sz=18M[0m
[2026/09/15 19:32:58] ATF:0 1 NOTICE: atf enter time:1182ms, current time:3995ms
[2026/09/15 19:32:58] ATF:0 1 NOTICE: 1st boot elapsed 4001ms
[2026/09/15 19:33:01] console:/ $
[2026/09/15 19:33:09] factory auto test loop start
[2026/09/15 19:33:09]  

[END] 2026/09/15 19:33:32
