[BEGIN] 2026/09/15 19:43:45
[2026/09/15 19:43:49] 发送(hex): 20
[2026/09/15 19:43:49] 发送(hex): 20
[2026/09/15 19:43:49] 发送(hex): 20
[2026/09/15 19:43:49] 发送(hex): 20
[2026/09/15 19:43:49] 发送(hex): 20
[2026/09/15 19:43:49] 发送(hex): 20
[2026/09/15 19:43:49] 发送(hex): 20
[2026/09/15 19:43:49] 发送(hex): 20
[2026/09/15 19:43:50] 发送(hex): 20
[2026/09/15 19:43:50] 发送(hex): 20
[2026/09/15 19:43:50] 发送(hex): 20
[2026/09/15 19:43:50] 发送(hex): 20
[2026/09/15 19:43:50] 发送(hex): 20
[2026/09/15 19:43:50] 发送(hex): 20
[2026/09/15 19:43:50] 发送(hex): 20
[2026/09/15 19:43:50] 发送(hex): 20
[2026/09/15 19:43:50] 发送(hex): 20
[2026/09/15 19:43:50] 发送(hex): 20
[2026/09/15 19:43:50] 发送(hex): 20
[2026/09/15 19:43:50] 发送(hex): 20
[2026/09/15 19:43:50] 发送(hex): 20
[2026/09/15 19:43:50] 发送(hex): 20
[2026/09/15 19:43:50] 发送(hex): 20
[2026/09/15 19:43:50] 发送(hex): 20
[2026/09/15 19:43:50] 发送(hex): 20
[2026/09/15 19:43:50] 发送(hex): 20
[2026/09/15 19:43:50] 发送(hex): 20
[2026/09/15 19:43:50] 发送(hex): 20
[2026/09/15 19:43:50] 发送(hex): 20
[2026/09/15 19:43:50] 发送(hex): 20
[2026/09/15 19:43:50] 发送(hex): 20
[2026/09/15 19:43:50] 发送(hex): 20
[2026/09/15 19:43:50] 发送(hex): 20
[2026/09/15 19:43:50] 发送(hex): 20
[2026/09/15 19:43:50] 发送(hex): 20
[2026/09/15 19:43:50] 发送(hex): 20
[2026/09/15 19:43:50] 发送(hex): 20
[2026/09/15 19:43:50] 发送(hex): 20
[2026/09/15 19:43:50] 发送(hex): 20
[2026/09/15 19:43:50] 发送(hex): 20
[2026/09/15 19:43:50] 发送(hex): 20
[2026/09/15 19:43:50] 发送(hex): 20
[2026/09/15 19:43:50] 发送(hex): 20
[2026/09/15 19:43:50] 发送(hex): 20
[2026/09/15 19:43:50] 发送(hex): 20
[2026/09/15 19:43:50] 发送(hex): 20
[2026/09/15 19:43:50] 发送(hex): 20
[2026/09/15 19:43:50] 发送(hex): 20
[2026/09/15 19:43:50] 发送(hex): 20
[2026/09/15 19:43:50] 发送(hex): 20
[2026/09/15 19:43:50] 发送(hex): 20
[2026/09/15 19:43:50] 发送(hex): 20
[2026/09/15 19:43:50] 发送(hex): 20
[2026/09/15 19:43:50] 发送(hex): 20
[2026/09/15 19:43:50] $
[2026/09/15 19:43:50] Post romcode git ver:42df880604ac78a3 (Aug 28 2026 21:41:35)
[2026/09/15 19:43:50] $
[2026/09/15 19:43:50] Hello world, RTD2875P_CN2_TV030!
[2026/09/15 19:43:50] set_wifi_reset
[2026/09/15 19:43:50] Auxcode git ver:3a4deb9ea300359e (Aug 28 2026 21:41:29)
[2026/09/15 19:43:50] flash_type = 2, secure_type = 2
[2026/09/15 19:43:50] b8062204=0
[2026/09/15 19:43:50] 发送(hex): 20
[2026/09/15 19:43:50] slot info 0 0x0 info 1 0x0
[2026/09/15 19:43:50] invalid reg slot statu
[2026/09/15 19:43:50] 发送(hex): 20
[2026/09/15 19:43:50] 发送(hex): 20
[2026/09/15 19:43:50] 发送(hex): 20
[2026/09/15 19:43:50] 发送(hex): 20
[2026/09/15 19:43:50] 发送(hex): 20
[2026/09/15 19:43:50] 发送(hex): 20
[2026/09/15 19:43:50] 发送(hex): 20
[2026/09/15 19:43:50] 发送(hex): 20
[2026/09/15 19:43:50] s 0x0,get slot info from flash!
[2026/09/15 19:43:50] g_gpt_blk_start 0x1  g_offline_gpt 0x0 last_usable_lba 0x1cd2032 num_partition_entries 0x32
[2026/09/15 19:43:50] start 0x2e600000 clt_blk 0x1973004 ctrl size 0x20
[2026/09/15 19:43:50] choose active index 0
[2026/09/15 19:43:50] part name bootloader ative_slot _a real part name bootloader_a
[2026/09/15 19:43:50] part name hwsetting start 0x100000 size 0x33600
[2026/09/15 19:43:50] part name ext_fw start 0x133600 size 0x10400
[2026/09/15 19:43:50] part name kboot start 0x143a00 size 0x16e00
[2026/09/15 19:43:50] part name uboot start 0x15a800 size 0x120400
[2026/09/15 19:43:50] ls4 2 1 = 800040ab 8000207f 80001000
[2026/09/15 19:43:50] fNewHWsettingArch = 2
[2026/09/15 19:43:50] 1.lsadcidx = 2, brand =3, offset = 0
[2026/09/15 19:43:50] 1.lsadcidx = 2, brand =3, offset = 17800
[2026/09/15 19:43:50] hwsetting from mmc
[2026/09/15 19:43:50] AC on HW offset 0x809 start 0x800 reg 0x8090800
[2026/09/15 19:43:50] total = 2f00
[2026/09/15 19:43:50] 发送(hex): 20
[2026/09/15 19:43:50] 发送(hex): 20
[2026/09/15 19:43:50] 发送(hex): 20
[2026/09/15 19:43:50] 发送(hex): 20
[2026/09/15 19:43:50] 发送(hex): 20
[2026/09/15 19:43:50] 发送(hex): 20
[2026/09/15 19:43:50] A
[2026/09/15 19:43:50] A
[2026/09/15 19:43:50] 发送(hex): 20
[2026/09/15 19:43:50] A
[2026/09/15 19:43:50] A
[2026/09/15 19:43:50] 发送(hex): 20
[2026/09/15 19:43:50] A
[2026/09/15 19:43:50] 发送(hex): 20
[2026/09/15 19:43:50] 发送(hex): 20
[2026/09/15 19:43:50] {12 14}
[2026/09/15 19:43:50] ffeeddffeeddddr ver: 62c63180
[2026/09/15 19:43:50] ori DQS0~7 {03 04 1a 1c 00 01 00 00}
[2026/09/15 19:43:50] 发送(hex): 20
[2026/09/15 19:43:50] 发送(hex): 20
[2026/09/15 19:43:50] 发送(hex): 20
[2026/09/15 19:43:50] 发送(hex): 20
[2026/09/15 19:43:50] 发送(hex): 20
[2026/09/15 19:43:50] 发送(hex): 20
[2026/09/15 19:43:50] 发送(hex): 20
[2026/09/15 19:43:50] {01 03 19 1b 00 01 00 00} {08 08 07 09 06 05 00 00}
[2026/09/15 19:43:50] r.y.0
[2026/09/15 19:43:50] 发送(hex): 20
[2026/09/15 19:43:50] 发送(hex): 20
[2026/09/15 19:43:50] r.y.0 SCPU BISR status: Done
[2026/09/15 19:43:50] 发送(hex): 20
[2026/09/15 19:43:50] [go kb]
[2026/09/15 19:43:50] pass
[2026/09/15 19:43:50] 发送(hex): 20
[2026/09/15 19:43:50] 发送(hex): 20
[2026/09/15 19:43:50] 发送(hex): 20
[2026/09/15 19:43:50] 发送(hex): 20
[2026/09/15 19:43:50] bootcode info to kboot
[2026/09/15 19:43:50] num=1100
[2026/09/15 19:43:50] boot_magic=72046004
[2026/09/15 19:43:50] ---DEBUG kboot 21:41:14 Aug 28 2026 ---
[2026/09/15 19:43:50] [Kboot]eMMC(mid-15) MMC_HS50 (50000000Mhz)[8bit].
[2026/09/15 19:43:50] block info 0x1cd2032 0x3a3e000.
[2026/09/15 19:43:50] [MMC] 32 -----------> 16GB.
[2026/09/15 19:43:50] 发送(hex): 20
[2026/09/15 19:43:50] (00000000) (1) bufsize=(null)
[2026/09/15 19:43:50] 发送(hex): 20
[2026/09/15 19:43:50] 发送(hex): 20
[2026/09/15 19:43:50] 发送(hex): 20
[2026/09/15 19:43:50] uboot start 0x15a800 size 0x120400
[2026/09/15 19:43:50] 发送(hex): 20
[2026/09/15 19:43:50] 发送(hex): 20
[2026/09/15 19:43:50] board_versio
[2026/09/15 19:43:50] 发送(hex): 20
[2026/09/15 19:43:50] n: ls1 = 0, ver: 0
[2026/09/15 19:43:50] [0;31mapp_main 325 board_version=0[0m
[2026/09/15 19:43:50] 发送(hex): 20
[2026/09/15 19:43:50] 发送(hex): 20
[2026/09/15 19:43:50] 发送(hex): 20
[2026/09/15 19:43:50] get FW_TZFW flash start 0xf100200 ddr buf st
[2026/09/15 19:43:50] 发送(hex): 20
[2026/09/15 19:43:50] 发送(hex): 20
[2026/09/15 19:43:51] 发送(hex): 20
[2026/09/15 19:43:51] 发送(hex): 20
[2026/09/15 19:43:51] art 0x180000 image size 010c2e3 ok!
[2026/09/15 19:43:51] [INFO]RPMB auth key not written !
[2026/09/15 19:43:51] [INFO]RPMB auth key not written !
[2026/09/15 19:43:51] Current board is not frist boot.
[2026/09/15 19:43:51] ALL zero, reserved_3 has removed.
[2026/09/15 19:43:51] Current board remove reserved_3 done.
[2026/09/15 19:43:51] 发送(hex): 20
[2026/09/15 19:43:51] 发送(hex): 20
[2026/09/15 19:43:51] 发送(hex): 20
[2026/09/15 19:43:51] 发送(hex): 20
[2026/09/15 19:43:51] 发送(hex): 20
[2026/09/15 19:43:51] 发送(hex): 20
[2026/09/15 19:43:51] 发送(hex): 20
[2026/09/15 19:43:51] 发送(hex): 20
[2026/09/15 19:43:51] 发送(hex): 20
[2026/09/15 19:43:51] 发送(hex): 20
[2026/09/15 19:43:51] 发送(hex): 20
[2026/09/15 19:43:51] 发送(hex): 20
[2026/09/15 19:43:51] 发送(hex): 20
[2026/09/15 19:43:51] 发送(hex): 20
[2026/09/15 19:43:51] 发送(hex): 20
[2026/09/15 19:43:51] 发送(hex): 20
[2026/09/15 19:43:51] 发送(hex): 20
[2026/09/15 19:43:51] get FW_VK
[2026/09/15 19:43:51] 发送(hex): 20
[2026/09/15 19:43:51] 发送(hex): 20
[2026/09/15 19:43:51] ERNEL flash start 0xc100200 ddr buf start 0x1a900000 image size 05f0300 ok!
[2026/09/15 19:43:51] 发送(hex): 20
[2026/09/15 19:43:51] 发送(hex): 20
[2026/09/15 19:43:51] 发送(hex): 20
[2026/09/15 19:43:51] 发送(hex): 20
[2026/09/15 19:43:51] get FW_VKERNEL2 flash start 0xd900200 ddr buf start 0x1af00000 image size 0f4920 ok!
[2026/09/15 19:43:51] 发送(hex): 20
[2026/09/15 19:43:51] 发送(hex): 20
[2026/09/15 19:43:51] 发送(hex): 20
[2026/09/15 19:43:51] 发送(hex): 20
[2026/09/15 19:43:51] 发送(hex): 20
[2026/09/15 19:43:51] 发送(hex): 20
[2026/09/15 19:43:51] 发送(hex): 20
[2026/09/15 19:43:51] 发送(hex): 20
[2026/09/15 19:43:51] 发送(hex): 20
[2026/09/15 19:43:51] 发送(hex): 20
[2026/09/15 19:43:51] 发送(hex): 20
[2026/09/15 19:43:51] 发送(hex): 20
[2026/09/15 19:43:51] 发送(hex): 20
[2026/09/15 19:43:51] 发送(hex): 20
[2026/09/15 19:43:51] 发送(hex): 20
[2026/09/15 19:43:51] 发送(hex): 20
[2026/09/15 19:43:51] 发送(hex): 20
[2026/09/15 19:43:51] 发送(hex): 20
[2026/09/15 19:43:51] 发送(hex): 20
[2026/09/15 19:43:51] 发送(hex): 20
[2026/09/15 19:43:51] 发送(hex): 20
[2026/09/15 19:43:51] 发送(hex): 20
[2026/09/15 19:43:51] 发送(hex): 20
[2026/09/15 19:43:51] 发送(hex): 20
[2026/09/15 19:43:51] 发送(hex): 20
[2026/09/15 19:43:51] 发送(hex): 20
[2026/09/15 19:43:51] get FW_AKERNEL flash start 0xa900200 ddr buf start 0x1b200000 image size 07fbf7c ok!
[2026/09/15 19:43:51] 发送(hex): 20
[2026/09/15 19:43:51] 发送(hex): 20
[2026/09/15 19:43:51] 发送(hex): 20
[2026/09/15 19:43:51] 发送(hex): 20
[2026/09/15 19:43:51] 发送(hex): 20
[2026/09/15 19:43:51] 发送(hex): 20
[2026/09/15 19:43:51] 发送(hex): 20
[2026/09/15 19:43:51] 发送(hex): 20
[2026/09/15 19:43:51] 发送(hex): 20
[2026/09/15 19:43:51] 发送(hex): 20
[2026/09/15 19:43:51] ATFATFATF:0 1 NOTICE: kill CPU(2)...
[2026/09/15 19:43:51] ATF:0 1 NOTICE: kill (2) : PACTIVE:0
[2026/09/15 19:43:51] ATF:0 1 NOTICE:  CPU(2) kill done, pstate(0x0)
[2026/09/15 19:43:51] 发送(hex): 20
[2026/09/15 19:43:51] 发送(hex): 20
[2026/09/15 19:43:51] U
[2026/09/15 19:43:51] 发送(hex): 20
[2026/09/15 19:43:51] 发送(hex): 20
[2026/09/15 19:43:51] 发送(hex): 20
[2026/09/15 19:43:51] 发送(hex): 20
[2026/09/15 19:43:51] 发送(hex): 20
[2026/09/15 19:43:51] 发送(hex): 20
[2026/09/15 19:43:51] 发送(hex): 20
[2026/09/15 19:43:51] 发送(hex): 20
[2026/09/15 19:43:51] 发送(hex): 20
[2026/09/15 19:43:51] 发送(hex): 20
[2026/09/15 19:43:51] 发送(hex): 20
[2026/09/15 19:43:51] 发送(hex): 20
[2026/09/15 19:43:51] fixup_node_name 555. set /res
[2026/09/15 19:43:51] 发送(hex): 20
[2026/09/15 19:43:51] 发送(hex): 20
[2026/09/15 19:43:51] 发送(hex): 20
[2026/09/15 19:43:51] erved-memory@5 to /reserved-memory
[2026/09/15 19:43:51] fixup_node_name 555. set /rtk_cma@5 to /rtk_cma
[2026/09/15 19:43:51] ### [1;31mERROR[0m ### get_movablecore 613. Can't find dtb node /reserved-memory/cma2_memory/reg
[2026/09/15 19:43:51] reinit_mem_info 1049  ddr_size 80000000
[2026/09/15 19:43:51] 发送(hex): 20
[2026/09/15 19:43:51] 发送(hex): 20
[2026/09/15 19:43:51] 发送(hex): 20
[2026/09/15 19:43:51] booting, boot_led_type: 0x00000000, led on[1]
[2026/09/15 19:43:51] set share register: 0x99100000
[2026/09/15 19:43:51] boot_power_on_mode=1
[2026/09/15 19:43:51] [get_layout:1264]!
[2026/09/15 19:43:51] 发送(hex): 20
[2026/09/15 19:43:51] 发送(hex): 20
[2026/09/15 19:43:51] 发送(hex): 20
[2026/09/15 19:43:51] 发送(hex): 20
[2026/09/15 19:43:51] 发送(hex): 20
[2026/09/15 19:43:51] 发送(hex): 20
[2026/09/15 19:43:51] 发送(hex): 20
[2026/09/15 19:43:51] boot_part value = 0 boot_tag value = 21
[2026/09/15 19:43:51] [get_oemkey] 1397: get oem.key = ATV00107525
[2026/09/15 19:43:51] Factory_RO: [EXT4] factory_ro_buffer:0a800000, factory_ro_buffer size:0x1000000!
[2026/09/15 19:43:51] Partiton factory_ro_a located at 0:6
[2026/09/15 19:43:51] factory_ro_a partition can not find /.000@bk@***!
[2026/09/15 19:43:51] Factory RO no need recovery!
[2026/09/15 19:43:51] Get tvconfigs_a partition block device index fail!
[2026/09/15 19:43:51] read customer.ini file fail!
[2026/09/15 19:43:51] parse SYS_INI path fail
[2026/09/15 19:43:51] Not support board ini mechansim!
[2026/09/15 19:43:51] Get tvconfigs_a partition block device index fail!
[2026/09/15 19:43:51] read customer.ini file fail!
[2026/09/15 19:43:51] parse SYS_INI path fail
[2026/09/15 19:43:51] load model ini file fail
[2026/09/15 19:43:51] cannot find PcbPath from ini file
[2026/09/15 19:43:51] no pcb.config in tvconfigs
[2026/09/15 19:43:51] no mnt/vendor/factorypcb.config
[2026/09/15 19:43:51] 发送(hex): 20
[2026/09/15 19:43:51] 发送(hex): 20
[2026/09/15 19:43:51] 发送(hex): 20
[2026/09/15 19:43:51] 发送(hex): 20
[2026/09/15 19:43:52] 发送(hex): 20
[2026/09/15 19:43:52] 发送(hex): 20
[2026/09/15 19:43:52] 发送(hex): 20
[2026/09/15 19:43:52] 发送(hex): 20
[2026/09/15 19:43:52] 发送(hex): 20
[2026/09/15 19:43:52] 发送(hex): 20
[2026/09/15 19:43:52] 发送(hex): 20
[2026/09/15 19:43:52] 发送(hex): 20
[2026/09/15 19:43:52] 发送(hex): 20
[2026/09/15 19:43:52] 发送(hex): 20
[2026/09/15 19:43:52] 发送(hex): 20
[2026/09/15 19:43:52] 发送(hex): 20
[2026/09/15 19:43:52] 发送(hex): 20
[2026/09/15 19:43:52] 发送(hex): 20
[2026/09/15 19:43:52] 发送(hex): 20
[2026/09/15 19:43:52] 发送(hex): 20
[2026/09/15 19:43:52] 发送(hex): 20
[2026/09/15 19:43:52] 发送(hex): 20
[2026/09/15 19:43:52] 发送(hex): 20
[2026/09/15 19:43:52] 发送(hex): 20
[2026/09/15 19:43:52] 发送(hex): 20
[2026/09/15 19:43:52] 发送(hex): 20
[2026/09/15 19:43:52] 发送(hex): 20
[2026/09/15 19:43:52] 发送(hex): 20
[2026/09/15 19:43:52] 发送(hex): 20
[2026/09/15 19:43:52] 发送(hex): 20
[2026/09/15 19:43:52] 发送(hex): 20
[2026/09/15 19:43:52] 发送(hex): 20
[2026/09/15 19:43:52] 发送(hex): 20
[2026/09/15 19:43:52] 发送(hex): 20
[2026/09/15 19:43:52] 发送(hex): 20
[2026/09/15 19:43:52] 发送(hex): 20
[2026/09/15 19:43:52] 发送(hex): 20
[2026/09/15 19:43:52] 发送(hex): 20
[2026/09/15 19:43:52] 发送(hex): 20
[2026/09/15 19:43:52] 发送(hex): 20
[2026/09/15 19:43:52] 发送(hex): 20
[2026/09/15 19:43:52] 发送(hex): 20
[2026/09/15 19:43:52] 发送(hex): 20
[2026/09/15 19:43:52] 发送(hex): 20
[2026/09/15 19:43:52] 发送(hex): 20
[2026/09/15 19:43:52] 发送(hex): 20
[2026/09/15 19:43:52] 发送(hex): 20
[2026/09/15 19:43:52] 发送(hex): 20
[2026/09/15 19:43:52] 发送(hex): 20
[2026/09/15 19:43:52] 发送(hex): 20
[2026/09/15 19:43:52] 发送(hex): 20
[2026/09/15 19:43:52] 发送(hex): 20
[2026/09/15 19:43:52] delay:427
[2026/09/15 19:43:52] 发送(hex): 20
[2026/09/15 19:43:52] 发送(hex): 20
[2026/09/15 19:43:52] 发送(hex): 20
[2026/09/15 19:43:52] 发送(hex): 20
[2026/09/15 19:43:52] 发送(hex): 20
[2026/09/15 19:43:52] 发送(hex): 20
[2026/09/15 19:43:52] 发送(hex): 20
[2026/09/15 19:43:52] 发送(hex): 20
[2026/09/15 19:43:52] 发送(hex): 20
[2026/09/15 19:43:52] 发送(hex): 20
[2026/09/15 19:43:52] 发送(hex): 20
[2026/09/15 19:43:52] 发送(hex): 20
[2026/09/15 19:43:52] 发送(hex): 20
[2026/09/15 19:43:52] 发送(hex): 20
[2026/09/15 19:43:52] 发送(hex): 20
[2026/09/15 19:43:52] 发送(hex): 20
[2026/09/15 19:43:52] 发送(hex): 20
[2026/09/15 19:43:52] 发送(hex): 20
[2026/09/15 19:43:52] 发送(hex): 20
[2026/09/15 19:43:52] 发送(hex): 20
[2026/09/15 19:43:52] 发送(hex): 20
[2026/09/15 19:43:52] 发送(hex): 20
[2026/09/15 19:43:52] 发送(hex): 20
[2026/09/15 19:43:52] 发送(hex): 20
[2026/09/15 19:43:52] 发送(hex): 20
[2026/09/15 19:43:52] 发送(hex): 20
[2026/09/15 19:43:52] 发送(hex): 20
[2026/09/15 19:43:52] 发送(hex): 20
[2026/09/15 19:43:52] 发送(hex): 20
[2026/09/15 19:43:52] 发送(hex): 20
[2026/09/15 19:43:52] 发送(hex): 20
[2026/09/15 19:43:52] 发送(hex): 20
[2026/09/15 19:43:52] 发送(hex): 20
[2026/09/15 19:43:52] 发送(hex): 20
[2026/09/15 19:43:52] 发送(hex): 20
[2026/09/15 19:43:52] 发送(hex): 20
[2026/09/15 19:43:52] 发送(hex): 20
[2026/09/15 19:43:52] Net:   r8168:
[2026/09/15 19:43:52] 发送(hex): 20
[2026/09/15 19:43:52] REALTEK RTL8168 @0x18016000
[2026/09/15 19:43:52] 发送(hex): 20
[2026/09/15 19:43:52] 发送(hex): 20
[2026/09/15 19:43:52] Start Boot Setup ...
[2026/09/15 19:43:52] 发送(hex): 20
[2026/09/15 19:43:52] 发送(hex): 20
[2026/09/15 19:43:52] (powerMgr_get_wakeup_source)2012/05/30 19:50
[2026/09/15 19:43:52] wakeup source : AC
[2026/09/15 19:43:52] 发送(hex): 20
[2026/09/15 19:43:52] 发送(hex): 20
[2026/09/15 19:43:53] 发送(hex): 20
[2026/09/15 19:43:53] (powerMgr_get_wakeup_source)2012/05/30 19:50
[2026/09/15 19:43:53] wakeup source : AC
[2026/09/15 19:43:53] wakeup_src=0, boot_logo_enable=1, bgm_boot_type=0, POWER_ON_MODE_SILEN=0.
[2026/09/15 19:43:53] 发送(hex): 20
[2026/09/15 19:43:53] 发送(hex): 20
[2026/09/15 19:43:53] 发送(hex): 20
[2026/09/15 19:43:53] GDMA module_init finish
[2026/09/15 19:43:53] [GDMA] OSD size[3840,2160]
[2026/09/15 19:43:53] [GDMA] gdma_showlogo gdma show logo 2563
[2026/09/15 19:43:53] Net:   r8168: REALTEK RTL8168 @0x18016000
[2026/09/15 19:43:53] 发送(hex): 20
[2026/09/15 19:43:53] ## Android Verified Boot 2.0 vers
[2026/09/15 19:43:53] 发送(hex): 20
[2026/09/15 19:43:53] 发送(hex): 20
[2026/09/15 19:43:53] ion 1.1.0
[2026/09/15 19:43:53] 发送(hex): 20
[2026/09/15 19:43:53] 发送(hex): 20
[2026/09/15 19:43:53] 发送(hex): 20
[2026/09/15 19:43:53] 发送(hex): 20
[2026/09/15 19:43:53] 发送(hex): 20
[2026/09/15 19:43:53] 发送(hex): 20
[2026/09/15 19:43:53] 发送(hex): 20
[2026/09/15 19:43:53] 发送(hex): 20
[2026/09/15 19:43:53] 发送(hex): 20
[2026/09/15 19:43:53] 发送(hex): 20
[2026/09/15 19:43:53] 发送(hex): 20
[2026/09/15 19:43:53] 发送(hex): 20
[2026/09/15 19:43:53] 发送(hex): 20
[2026/09/15 19:43:53] 发送(hex): 20
[2026/09/15 19:43:53] 发送(hex): 20
[2026/09/15 19:43:53] 发送(hex): 20
[2026/09/15 19:43:53] 发送(hex): 20
[2026/09/15 19:43:53] 发送(hex): 20
[2026/09/15 19:43:53] 发送(hex): 20
[2026/09/15 19:43:53] 发送(hex): 20
[2026/09/15 19:43:53] 发送(hex): 20
[2026/09/15 19:43:53] 发送(hex): 20
[2026/09/15 19:43:53] 发送(hex): 20
[2026/09/15 19:43:53] 发送(hex): 20
[2026/09/15 19:43:53] 发送(hex): 20
[2026/09/15 19:43:53] 发送(hex): 20
[2026/09/15 19:43:53] 发送(hex): 20
[2026/09/15 19:43:53] 发送(hex): 20
[2026/09/15 19:43:53] 发送(hex): 20
[2026/09/15 19:43:53] 发送(hex): 20
[2026/09/15 19:43:53] 发送(hex): 20
[2026/09/15 19:43:53] 发送(hex): 20
[2026/09/15 19:43:53] 发送(hex): 20
[2026/09/15 19:43:53] 发送(hex): 20
[2026/09/15 19:43:53] 发送(hex): 20
[2026/09/15 19:43:53] 发送(hex): 20
[2026/09/15 19:43:53] 发送(hex): 20
[2026/09/15 19:43:53] 发送(hex): 20
[2026/09/15 19:43:53] 发送(hex): 20
[2026/09/15 19:43:53] 发送(hex): 20
[2026/09/15 19:43:53] 发送(hex): 20
[2026/09/15 19:43:53] 发送(hex): 20
[2026/09/15 19:43:53] 发送(hex): 20
[2026/09/15 19:43:53] 发送(hex): 20
[2026/09/15 19:43:53] 发送(hex): 20
[2026/09/15 19:43:53] Verification passed successfully
[2026/09/15 19:43:53] [Skip A] boot manual mode
[2026/09/15 19:43:53] [Skip V] boot manual mode
[2026/09/15 19:43:53] is_avb_verify_hash_partition 164 find avb verify part_name boot img_buf 0x66400000 size 0x307a000
[2026/09/15 19:43:53] boot header version : 4
[2026/09/15 19:43:53] is_avb_verify_hash_partition 164 find avb verify part_name vendor_boot img_buf 0x6bc00000 size 0x10a3000
[2026/09/15 19:43:53] get_partition_content_by_name 11954 get gpt_name init_boot_a err,try part name init_boot!
[2026/09/15 19:43:53] get_partition_content_by_name 11956 get part name init_boot err!
[2026/09/15 19:43:53] 发送(hex): 20
[2026/09/15 19:43:53] 发送(hex): 20
[2026/09/15 19:43:53] 发送(hex): 20
[2026/09/15 19:43:53] 发送(hex): 20
[2026/09/15 19:43:53] 发送(hex): 20
[2026/09/15 19:43:53] 发送(hex): 20
[2026/09/15 19:43:53] 发送(hex): 20
[2026/09/15 19:43:53] get_merge_ramdisk 11932 cur_ramdisk_size 0xf3096 real_cur_ramdisk_size 0xf3096
[2026/09/15 19:43:53] get_merge_ramdisk 11932 cur_ramdisk_size 0x2019e5 real_cur_ramdisk_size 0x2019e5
[2026/09/15 19:43:53] is_avb_verify_hash_partition 164 find avb verify part_name dtbo img_buf 0x6fc00000 size 0x1186
[2026/09/15 19:43:53] Net:   r8168: REALTEK RTL8168 @0x18016000
[2026/09/15 19:43:53] 发送(hex): 20
[2026/09/15 19:43:53] 发送(hex): 20
[2026/09/15 19:43:53] 发送(hex): 20
[2026/09/15 19:43:53] 发送(hex): 20
[2026/09/15 19:43:53] [Skip K] boot manual mode (execute "go all")
[2026/09/15 19:43:53] Enter console mode, disable watchdog ...
[2026/09/15 19:43:53] Realtek>
[2026/09/15 19:43:53] 发送(hex): 20
[2026/09/15 19:43:53] 发送(hex): 20
[2026/09/15 19:43:53] 发送(hex): 20
[2026/09/15 19:43:53] 发送(hex): 20
[2026/09/15 19:43:53] 发送(hex): 20
[2026/09/15 19:43:53] 发送(hex): 20
[2026/09/15 19:43:53] 发送(hex): 20
[2026/09/15 19:43:53] 发送(hex): 20
[2026/09/15 19:43:53] 发送(hex): 20
[2026/09/15 19:43:53] 发送(hex): 20
[2026/09/15 19:43:53] 发送(hex): 20
[2026/09/15 19:43:53] 发送(hex): 20
[2026/09/15 19:43:53] 发送(hex): 20
[2026/09/15 19:43:53] 发送(hex): 20
[2026/09/15 19:43:53] 发送(hex): 20
[2026/09/15 19:43:53] 发送(hex): 20
[2026/09/15 19:43:53] 发送(hex): 20
[2026/09/15 19:43:53] 发送(hex): 20
[2026/09/15 19:43:53] 发送(hex): 20
[2026/09/15 19:43:53] 发送(hex): 20
[2026/09/15 19:43:53] 发送(hex): 20
[2026/09/15 19:43:53] 发送(hex): 20
[2026/09/15 19:43:53] 发送(hex): 20
[2026/09/15 19:43:53] 发送(hex): 20
[2026/09/15 19:43:53] 发送(hex): 20
[2026/09/15 19:43:53] 发送(hex): 20
[2026/09/15 19:43:53] 发送(hex): 20
[2026/09/15 19:43:53] 发送(hex): 20
[2026/09/15 19:43:54] 发送(hex): 20
[2026/09/15 19:43:54] 发送(hex): 20
[2026/09/15 19:43:54] 发送(hex): 20
[2026/09/15 19:43:54] 发送(hex): 20
[2026/09/15 19:43:54] 发送(hex): 20
[2026/09/15 19:43:54] 发送(hex): 20
[2026/09/15 19:43:54] 发送(hex): 20
[2026/09/15 19:43:54] 发送(hex): 20
[2026/09/15 19:43:54] 发送(hex): 20
[2026/09/15 19:43:54] 发送(hex): 20
[2026/09/15 19:43:54] 发送(hex): 20
[2026/09/15 19:43:54] 发送(hex): 20
[2026/09/15 19:43:54] 发送(hex): 20
[2026/09/15 19:43:54] 发送(hex): 20
[2026/09/15 19:43:54] 发送(hex): 20
[2026/09/15 19:43:54] 发送(hex): 20
[2026/09/15 19:43:54] 发送(hex): 20
[2026/09/15 19:43:54] 发送(hex): 20
[2026/09/15 19:43:54] 发送(hex): 20
[2026/09/15 19:43:54] 发送(hex): 20
[2026/09/15 19:43:54] 发送(hex): 20
[2026/09/15 19:43:54] 发送(hex): 20
[2026/09/15 19:43:54] 发送(hex): 20
[2026/09/15 19:43:54] 发送(hex): 20
[2026/09/15 19:43:54] 发送(hex): 20
[2026/09/15 19:43:54] 发送(hex): 20
[2026/09/15 19:43:54] 发送(hex): 20
[2026/09/15 19:43:54] 发送(hex): 20
[2026/09/15 19:43:54] 发送(hex): 20
[2026/09/15 19:43:54] 发送(hex): 20
[2026/09/15 19:43:54] 发送(hex): 20
[2026/09/15 19:43:54] 发送(hex): 20
[2026/09/15 19:43:54] 发送(hex): 20
[2026/09/15 19:43:54] 发送(hex): 20
[2026/09/15 19:43:54] 发送(hex): 20
[2026/09/15 19:43:54] 发送(hex): 20
[2026/09/15 19:43:54] 发送(hex): 20
[2026/09/15 19:43:54] 发送(hex): 20
[2026/09/15 19:43:54] 发送(hex): 20
[2026/09/15 19:43:54] 发送(hex): 20
[2026/09/15 19:43:54] 发送(hex): 20
[2026/09/15 19:43:54] 发送(hex): 20
[2026/09/15 19:43:54] 发送(hex): 20
[2026/09/15 19:43:54] 发送(hex): 20
[2026/09/15 19:43:54] 发送(hex): 20
[2026/09/15 19:43:54] 发送(hex): 20
[2026/09/15 19:43:54] 发送(hex): 20
[2026/09/15 19:43:54] 发送(hex): 20
[2026/09/15 19:43:54] 发送(hex): 20
[2026/09/15 19:43:54] 发送(hex): 20
[2026/09/15 19:43:54] 发送(hex): 20
[2026/09/15 19:43:54] 发送(hex): 20
[2026/09/15 19:43:54] 发送(hex): 20
[2026/09/15 19:43:54] 发送(hex): 20
[2026/09/15 19:43:54] 发送(hex): 20
[2026/09/15 19:43:54] 发送(hex): 20
[2026/09/15 19:43:54] 发送(hex): 20
[2026/09/15 19:43:54] 发送(hex): 20
[2026/09/15 19:43:54] 发送(hex): 20
[2026/09/15 19:43:54] 发送(hex): 20
[2026/09/15 19:43:54] 发送(hex): 20
[2026/09/15 19:43:54] 发送(hex): 20
[2026/09/15 19:43:54] 发送(hex): 20
[2026/09/15 19:43:54] 发送(hex): 20
[2026/09/15 19:43:54] 发送(hex): 20
[2026/09/15 19:43:54] 发送(hex): 20
[2026/09/15 19:43:54] 发送(hex): 20
[2026/09/15 19:43:54] 发送(hex): 20
[2026/09/15 19:43:54] 发送(hex): 20
[2026/09/15 19:43:54] 发送(hex): 20
[2026/09/15 19:43:54] 发送(hex): 20
[2026/09/15 19:43:54] 发送(hex): 20
[2026/09/15 19:43:54] 发送(hex): 20
[2026/09/15 19:43:54] 发送(hex): 20
[2026/09/15 19:43:54] 发送(hex): 20
[2026/09/15 19:43:54] 发送(hex): 20
[2026/09/15 19:43:54] 发送(hex): 20
[2026/09/15 19:43:54] 发送(hex): 20
[2026/09/15 19:43:54] 发送(hex): 20
[2026/09/15 19:43:54] 发送(hex): 20
[2026/09/15 19:43:54] 发送(hex): 20
[2026/09/15 19:43:54] 发送(hex): 20
[2026/09/15 19:43:54] 发送(hex): 20
[2026/09/15 19:43:54] 发送(hex): 20
[2026/09/15 19:43:54] 发送(hex): 20
[2026/09/15 19:43:54] 发送(hex): 20
[2026/09/15 19:43:54] 发送(hex): 20
[2026/09/15 19:43:54] 发送(hex): 20
[2026/09/15 19:43:54] 发送(hex): 20
[2026/09/15 19:43:54] 发送(hex): 20
[2026/09/15 19:43:54] 发送(hex): 20
[2026/09/15 19:43:55] 发送(hex): 20
[2026/09/15 19:43:55] 发送(hex): 20
[2026/09/15 19:43:55] 发送(hex): 20
[2026/09/15 19:43:55] 发送(hex): 20
[2026/09/15 19:43:55] 发送(hex): 20
[2026/09/15 19:43:55] 发送(hex): 20
[2026/09/15 19:43:55] 发送(hex): 20
[2026/09/15 19:43:55] 发送(hex): 20
[2026/09/15 19:43:55] 发送(hex): 20
[2026/09/15 19:43:55] 发送(hex): 20
[2026/09/15 19:43:55] 发送(hex): 20
[2026/09/15 19:43:55] 发送(hex): 20
[2026/09/15 19:43:55] 发送(hex): 20
[2026/09/15 19:43:55] 发送(hex): 20
[2026/09/15 19:43:55] 发送(hex): 20
[2026/09/15 19:43:55] 发送(hex): 20
[2026/09/15 19:43:55] 发送(hex): 20
[2026/09/15 19:43:55] 发送(hex): 20
[2026/09/15 19:43:55] 发送(hex): 20
[2026/09/15 19:43:55] 发送(hex): 20
[2026/09/15 19:43:55] 发送(hex): 20
[2026/09/15 19:43:55] 发送(hex): 20
[2026/09/15 19:43:55] 发送(hex): 20
[2026/09/15 19:43:55] 发送(hex): 20
[2026/09/15 19:43:55] 发送(hex): 20
[2026/09/15 19:43:55] 发送(hex): 20
[2026/09/15 19:43:55] 发送(hex): 20
[2026/09/15 19:43:55] 发送(hex): 20
[2026/09/15 19:43:55] 发送(hex): 20
[2026/09/15 19:43:55] 发送(hex): 20
[2026/09/15 19:43:55] 发送(hex): 20
[2026/09/15 19:43:55] 发送(hex): 20
[2026/09/15 19:43:55] 发送(hex): 20
[2026/09/15 19:43:55] 发送(hex): 20
[2026/09/15 19:43:55] 发送(hex): 20
[2026/09/15 19:43:55] 发送(hex): 20
[2026/09/15 19:43:55] 发送(hex): 20
[2026/09/15 19:43:55] 发送(hex): 20
[2026/09/15 19:43:55] 发送(hex): 20
[2026/09/15 19:43:55] 发送(hex): 20
[2026/09/15 19:43:55] 发送(hex): 20
[2026/09/15 19:43:55] 发送(hex): 20
[2026/09/15 19:43:55] 发送(hex): 20
[2026/09/15 19:43:55] 发送(hex): 20
[2026/09/15 19:43:55] 发送(hex): 20
[2026/09/15 19:43:55] 发送(hex): 20
[2026/09/15 19:43:55] 发送(hex): 20
[2026/09/15 19:43:55] 发送(hex): 20
[2026/09/15 19:43:55] 发送(hex): 20
[2026/09/15 19:43:55] 发送(hex): 20
[2026/09/15 19:43:55] 发送(hex): 20
[2026/09/15 19:43:55] 发送(hex): 20
[2026/09/15 19:43:55] 发送(hex): 20
[2026/09/15 19:43:55] 发送(hex): 20
[2026/09/15 19:43:55] 发送(hex): 20
[2026/09/15 19:43:55] 发送(hex): 20
[2026/09/15 19:43:55] 发送(hex): 20
[2026/09/15 19:43:55] 发送(hex): 20
[2026/09/15 19:43:55] 发送(hex): 20
[2026/09/15 19:43:55] 发送(hex): 20
[2026/09/15 19:43:55] 发送(hex): 20
[2026/09/15 19:43:55] 发送(hex): 20
[2026/09/15 19:43:55] 发送(hex): 20
[2026/09/15 19:43:55] 发送(hex): 20
[2026/09/15 19:43:55] 发送(hex): 20
[2026/09/15 19:43:55] 发送(hex): 20
[2026/09/15 19:43:55] 发送(hex): 20
[2026/09/15 19:43:55] 发送(hex): 20
[2026/09/15 19:43:55] 发送(hex): 20
[2026/09/15 19:43:55] 发送(hex): 20
[2026/09/15 19:43:55] 发送(hex): 20
[2026/09/15 19:43:55] 发送(hex): 20
[2026/09/15 19:43:55] 发送(hex): 20
[2026/09/15 19:43:55] 发送(hex): 20
[2026/09/15 19:43:55] 发送(hex): 20
[2026/09/15 19:43:55] 发送(hex): 20
[2026/09/15 19:43:55] 发送(hex): 20
[2026/09/15 19:43:55] 发送(hex): 20
[2026/09/15 19:43:55] 发送(hex): 20
[2026/09/15 19:43:55] 发送(hex): 20
[2026/09/15 19:43:55] 发送(hex): 20
[2026/09/15 19:43:55] 发送(hex): 20
[2026/09/15 19:43:55] 发送(hex): 20
[2026/09/15 19:43:55] 发送(hex): 20
[2026/09/15 19:43:55] 发送(hex): 20
[2026/09/15 19:43:55] 发送(hex): 20
[2026/09/15 19:43:55] 发送(hex): 20
[2026/09/15 19:43:55] 发送(hex): 20
[2026/09/15 19:43:55] 发送(hex): 20
[2026/09/15 19:43:55] 发送(hex): 20
[2026/09/15 19:43:55] 发送(hex): 20
[2026/09/15 19:43:55] 发送(hex): 20
[2026/09/15 19:43:56] 发送(hex): 20
[2026/09/15 19:43:56] 发送(hex): 20
[2026/09/15 19:43:56] 发送(hex): 20
[2026/09/15 19:43:56] 发送(hex): 20
[2026/09/15 19:43:56] 发送(hex): 20
[2026/09/15 19:43:56] 发送(hex): 20
[2026/09/15 19:43:56] 发送(hex): 20
[2026/09/15 19:43:56] 发送(hex): 20
[2026/09/15 19:43:56] 发送(hex): 20
[2026/09/15 19:43:56] 发送(hex): 20
[2026/09/15 19:43:56] 发送(hex): 20
[2026/09/15 19:43:56] 发送(hex): 20
[2026/09/15 19:43:56] 发送(hex): 20
[2026/09/15 19:43:56] 发送(hex): 20
[2026/09/15 19:43:56] 发送(hex): 20
[2026/09/15 19:43:56] 发送(hex): 20
[2026/09/15 19:43:56] 发送(hex): 20
[2026/09/15 19:43:56] 发送(hex): 20
[2026/09/15 19:43:56] 发送(hex): 20
[2026/09/15 19:43:56] 发送(hex): 20
[2026/09/15 19:43:56] 发送(hex): 20
[2026/09/15 19:43:56] 发送(hex): 20
[2026/09/15 19:43:56] 发送(hex): 20
[2026/09/15 19:43:56] 发送(hex): 20
[2026/09/15 19:43:56] 发送(hex): 20
[2026/09/15 19:43:56] 发送(hex): 20
[2026/09/15 19:43:56] 发送(hex): 20
[2026/09/15 19:43:56] 发送(hex): 20
[2026/09/15 19:43:56] 发送(hex): 20
[2026/09/15 19:43:56] 发送(hex): 20
[2026/09/15 19:43:56] 发送(hex): 20
[2026/09/15 19:43:56] 发送(hex): 20
[2026/09/15 19:43:56] 发送(hex): 20
[2026/09/15 19:43:56] 发送(hex): 20
[2026/09/15 19:43:56] 发送(hex): 20
[2026/09/15 19:43:56] 发送(hex): 20
[2026/09/15 19:43:56] 发送(hex): 20
[2026/09/15 19:43:56] 发送(hex): 20
[2026/09/15 19:43:56] 发送(hex): 20
[2026/09/15 19:43:56] 发送(hex): 20
[2026/09/15 19:43:56] 发送(hex): 20
[2026/09/15 19:43:56] 发送(hex): 20
[2026/09/15 19:43:56] 发送(hex): 20
[2026/09/15 19:43:56] 发送(hex): 20
[2026/09/15 19:43:56] 发送(hex): 20
[2026/09/15 19:43:56] 发送(hex): 20
[2026/09/15 19:43:56] 发送(hex): 20
[2026/09/15 19:43:56] 发送(hex): 20
[2026/09/15 19:43:56] 发送(hex): 20
[2026/09/15 19:43:56] 发送(hex): 20
[2026/09/15 19:43:56] 发送(hex): 20
[2026/09/15 19:43:56] 发送(hex): 20
[2026/09/15 19:43:56] 发送(hex): 20
[2026/09/15 19:43:56] 发送(hex): 20
[2026/09/15 19:43:56] 发送(hex): 20
[2026/09/15 19:43:56] 发送(hex): 20
[2026/09/15 19:43:56] 发送(hex): 20
[2026/09/15 19:43:56] 发送(hex): 20
[2026/09/15 19:43:56] 发送(hex): 20
[2026/09/15 19:43:56] 发送(hex): 20
[2026/09/15 19:43:56] 发送(hex): 20
[2026/09/15 19:43:56] 发送(hex): 20
[2026/09/15 19:43:56] 发送(hex): 20
[2026/09/15 19:43:56] 发送(hex): 20
[2026/09/15 19:43:56] 发送(hex): 20
[2026/09/15 19:43:56] 发送(hex): 20
[2026/09/15 19:43:56] 发送(hex): 20
[2026/09/15 19:43:56] 发送(hex): 20
[2026/09/15 19:43:56] 发送(hex): 20
[2026/09/15 19:43:56] 发送(hex): 20
[2026/09/15 19:43:56] 发送(hex): 20
[2026/09/15 19:43:56] 发送(hex): 20
[2026/09/15 19:43:56] 发送(hex): 20
[2026/09/15 19:43:56] 发送(hex): 20
[2026/09/15 19:43:56] 发送(hex): 20
[2026/09/15 19:43:56] 发送(hex): 20
[2026/09/15 19:43:56] 发送(hex): 20
[2026/09/15 19:43:56] 发送(hex): 20
[2026/09/15 19:43:56] 发送(hex): 20
[2026/09/15 19:43:56] 发送(hex): 20
[2026/09/15 19:43:56] 发送(hex): 20
[2026/09/15 19:43:56] 发送(hex): 20
[2026/09/15 19:43:56] 发送(hex): 20
[2026/09/15 19:43:56] 发送(hex): 20
[2026/09/15 19:43:56] 发送(hex): 20
[2026/09/15 19:43:56] 发送(hex): 20
[2026/09/15 19:43:56] 发送(hex): 20
[2026/09/15 19:43:56] 发送(hex): 20
[2026/09/15 19:43:56] 发送(hex): 20
[2026/09/15 19:43:56] 发送(hex): 20
[2026/09/15 19:43:56] 发送(hex): 20
[2026/09/15 19:43:57] 发送(hex): 20
[2026/09/15 19:43:57] 发送(hex): 20
[2026/09/15 19:43:57] 发送(hex): 20
[2026/09/15 19:43:57] 发送(hex): 20
[2026/09/15 19:43:57] 发送(hex): 20
[2026/09/15 19:43:57] 发送(hex): 20
[2026/09/15 19:43:57] 发送(hex): 20
[2026/09/15 19:43:57] 发送(hex): 20
[2026/09/15 19:43:57] 发送(hex): 20
[2026/09/15 19:43:57] 发送(hex): 20
[2026/09/15 19:43:57] 发送(hex): 20
[2026/09/15 19:43:57] 发送(hex): 20
[2026/09/15 19:43:57] 发送(hex): 20
[2026/09/15 19:43:57] 发送(hex): 20
[2026/09/15 19:43:57] 发送(hex): 20
[2026/09/15 19:43:57] 发送(hex): 20
[2026/09/15 19:43:57] 发送(hex): 20
[2026/09/15 19:43:57] 发送(hex): 20
[2026/09/15 19:43:57] 发送(hex): 20
[2026/09/15 19:43:57] 发送(hex): 20
[2026/09/15 19:43:57] 发送(hex): 20
[2026/09/15 19:43:57] 发送(hex): 20
[2026/09/15 19:43:57] 发送(hex): 20
[2026/09/15 19:43:57] 发送(hex): 20
[2026/09/15 19:43:57] 发送(hex): 20
[2026/09/15 19:43:57] 发送(hex): 20
[2026/09/15 19:43:57] 发送(hex): 20
[2026/09/15 19:43:57] 发送(hex): 20
[2026/09/15 19:43:57] 发送(hex): 20
[2026/09/15 19:43:57] 发送(hex): 20
[2026/09/15 19:43:57] 发送(hex): 20
[2026/09/15 19:43:57] 发送(hex): 20
[2026/09/15 19:43:57] 发送(hex): 20
[2026/09/15 19:43:57] 发送(hex): 20
[2026/09/15 19:43:57] 发送(hex): 20
[2026/09/15 19:43:57] 发送(hex): 20
[2026/09/15 19:43:57] 发送(hex): 20
[2026/09/15 19:43:57] 发送(hex): 20
[2026/09/15 19:43:57] 发送(hex): 20
[2026/09/15 19:43:57] 发送(hex): 20
[2026/09/15 19:43:57] 发送(hex): 20
[2026/09/15 19:43:57] 发送(hex): 20
[2026/09/15 19:43:57] 发送(hex): 20
[2026/09/15 19:43:57] 发送(hex): 20
[2026/09/15 19:43:57] 发送(hex): 20
[2026/09/15 19:43:57] 发送(hex): 20
[2026/09/15 19:43:57] 发送(hex): 20
[2026/09/15 19:43:57] 发送(hex): 20
[2026/09/15 19:43:57] 发送(hex): 20
[2026/09/15 19:43:57] 发送(hex): 20
[2026/09/15 19:43:57] 发送(hex): 20
[2026/09/15 19:43:57] 发送(hex): 20
[2026/09/15 19:43:57] 发送(hex): 20
[2026/09/15 19:43:57] 发送(hex): 20
[2026/09/15 19:43:57] 发送(hex): 20
[2026/09/15 19:43:57] 发送(hex): 20
[2026/09/15 19:43:57] 发送(hex): 20
[2026/09/15 19:43:57] 发送(hex): 20
[2026/09/15 19:43:57] 发送(hex): 20
[2026/09/15 19:43:57] 发送(hex): 20
[2026/09/15 19:43:57] 发送(hex): 20
[2026/09/15 19:43:57] 发送(hex): 20
[2026/09/15 19:43:57] 发送(hex): 20
[2026/09/15 19:43:57] 发送(hex): 20
[2026/09/15 19:43:57] 发送(hex): 20
[2026/09/15 19:43:57] 发送(hex): 20
[2026/09/15 19:43:57] 发送(hex): 20
[2026/09/15 19:43:57] 发送(hex): 20
[2026/09/15 19:43:57] 发送(hex): 20
[2026/09/15 19:43:57] 发送(hex): 20
[2026/09/15 19:43:57] 发送(hex): 20
[2026/09/15 19:43:57] 发送(hex): 20
[2026/09/15 19:43:57] 发送(hex): 20
[2026/09/15 19:43:57] 发送(hex): 20
[2026/09/15 19:43:57] 发送(hex): 20
[2026/09/15 19:43:57] 发送(hex): 20
[2026/09/15 19:43:57] 发送(hex): 20
[2026/09/15 19:43:57] 发送(hex): 20
[2026/09/15 19:43:57] 发送(hex): 20
[2026/09/15 19:43:57] 发送(hex): 20
[2026/09/15 19:43:57] 发送(hex): 20
[2026/09/15 19:43:57] 发送(hex): 20
[2026/09/15 19:43:57] 发送(hex): 20
[2026/09/15 19:43:57] 发送(hex): 20
[2026/09/15 19:43:57] 发送(hex): 20
[2026/09/15 19:43:57] 发送(hex): 20
[2026/09/15 19:43:57] 发送(hex): 20
[2026/09/15 19:43:57] 发送(hex): 20
[2026/09/15 19:43:57] 发送(hex): 20
[2026/09/15 19:43:57] 发送(hex): 20
[2026/09/15 19:43:58] 发送(hex): 20
[2026/09/15 19:43:58] 发送(hex): 20
[2026/09/15 19:43:58] 发送(hex): 20
[2026/09/15 19:43:58] 发送(hex): 20
[2026/09/15 19:43:58] 发送(hex): 20
[2026/09/15 19:43:58] 发送(hex): 20
[2026/09/15 19:43:58] 发送(hex): 20
[2026/09/15 19:43:58] 发送(hex): 20
[2026/09/15 19:43:58] 发送(hex): 20
[2026/09/15 19:43:58] 发送(hex): 20
[2026/09/15 19:43:58] 发送(hex): 20
[2026/09/15 19:43:58] 发送(hex): 20
[2026/09/15 19:43:58] 发送(hex): 20
[2026/09/15 19:43:58] 发送(hex): 20
[2026/09/15 19:43:58] 发送(hex): 20
[2026/09/15 19:43:58] 发送(hex): 20
[2026/09/15 19:43:58] 发送(hex): 20
[2026/09/15 19:43:58] 发送(hex): 20
[2026/09/15 19:43:58] 发送(hex): 20
[2026/09/15 19:43:58] 发送(hex): 20
[2026/09/15 19:43:58] 发送(hex): 20
[2026/09/15 19:43:58] 发送(hex): 20
[2026/09/15 19:43:58] 发送(hex): 20
[2026/09/15 19:43:58] 发送(hex): 20
[2026/09/15 19:43:58] 发送(hex): 20
[2026/09/15 19:43:58] 发送(hex): 20
[2026/09/15 19:43:58] 发送(hex): 20
[2026/09/15 19:43:58] 发送(hex): 20
[2026/09/15 19:43:58] 发送(hex): 20
[2026/09/15 19:43:58] 发送(hex): 20
[2026/09/15 19:43:58] 发送(hex): 20
[2026/09/15 19:43:58] 发送(hex): 20
[2026/09/15 19:43:58] 发送(hex): 20
[2026/09/15 19:43:58] 发送(hex): 20
[2026/09/15 19:43:58] 发送(hex): 20
[2026/09/15 19:43:58] 发送(hex): 20
[2026/09/15 19:43:58] 发送(hex): 20
[2026/09/15 19:43:58] 发送(hex): 20
[2026/09/15 19:43:58] 发送(hex): 20
[2026/09/15 19:43:58] 发送(hex): 20
[2026/09/15 19:43:58] 发送(hex): 20
[2026/09/15 19:43:58] 发送(hex): 20
[2026/09/15 19:43:58] 发送(hex): 20
[2026/09/15 19:43:58] 发送(hex): 20
[2026/09/15 19:43:58] 发送(hex): 20
[2026/09/15 19:43:58] 发送(hex): 20
[2026/09/15 19:43:58] 发送(hex): 20
[2026/09/15 19:43:58] 发送(hex): 20
[2026/09/15 19:43:58] 发送(hex): 20
[2026/09/15 19:43:58] 发送(hex): 20
[2026/09/15 19:43:58] 发送(hex): 20
[2026/09/15 19:43:58] 发送(hex): 20
[2026/09/15 19:43:58] 发送(hex): 20
[2026/09/15 19:43:58] 发送(hex): 20
[2026/09/15 19:43:58] 发送(hex): 20
[2026/09/15 19:43:58] 发送(hex): 20
[2026/09/15 19:43:58] 发送(hex): 20
[2026/09/15 19:43:58] 发送(hex): 20
[2026/09/15 19:43:58] 发送(hex): 20
[2026/09/15 19:43:58] 发送(hex): 20
[2026/09/15 19:43:58] 发送(hex): 20
[2026/09/15 19:43:58] 发送(hex): 20
[2026/09/15 19:43:58] 发送(hex): 20
[2026/09/15 19:43:58] 发送(hex): 20
[2026/09/15 19:43:58] 发送(hex): 20
[2026/09/15 19:43:58] 发送(hex): 20
[2026/09/15 19:43:58] 发送(hex): 20
[2026/09/15 19:43:58] 发送(hex): 20
[2026/09/15 19:43:58] 发送(hex): 20
[2026/09/15 19:43:58] 发送(hex): 20
[2026/09/15 19:43:58] 发送(hex): 20
[2026/09/15 19:43:58] 发送(hex): 20
[2026/09/15 19:43:58] 发送(hex): 20
[2026/09/15 19:43:58] 发送(hex): 20
[2026/09/15 19:43:58] 发送(hex): 20
[2026/09/15 19:43:58] 发送(hex): 20
[2026/09/15 19:43:58] 发送(hex): 20
[2026/09/15 19:43:58] 发送(hex): 20
[2026/09/15 19:43:58] 发送(hex): 20
[2026/09/15 19:43:58] 发送(hex): 20
[2026/09/15 19:43:58] 发送(hex): 20
[2026/09/15 19:43:58] 发送(hex): 20
[2026/09/15 19:43:58] 发送(hex): 20
[2026/09/15 19:43:58] 发送(hex): 20
[2026/09/15 19:43:58] 发送(hex): 20
[2026/09/15 19:43:58] 发送(hex): 20
[2026/09/15 19:43:58] 发送(hex): 20
[2026/09/15 19:43:58] 发送(hex): 20
[2026/09/15 19:43:58] 发送(hex): 20
[2026/09/15 19:43:58] 发送(hex): 20
[2026/09/15 19:43:59] 发送(hex): 20
[2026/09/15 19:43:59] 发送(hex): 20
[2026/09/15 19:43:59] 发送(hex): 20
[2026/09/15 19:43:59] 发送(hex): 20
[2026/09/15 19:43:59] 发送(hex): 20
[2026/09/15 19:43:59] 发送(hex): 20
[2026/09/15 19:43:59] 发送(hex): 20
[2026/09/15 19:43:59] 发送(hex): 20
[2026/09/15 19:43:59] 发送(hex): 20
[2026/09/15 19:43:59] 发送(hex): 20
[2026/09/15 19:43:59] 发送(hex): 20
[2026/09/15 19:43:59] 发送(hex): 20
[2026/09/15 19:43:59] 发送(hex): 20
[2026/09/15 19:43:59] 发送(hex): 20
[2026/09/15 19:43:59] 发送(hex): 20
[2026/09/15 19:43:59] 发送(hex): 20
[2026/09/15 19:43:59] 发送(hex): 20
[2026/09/15 19:43:59] 发送(hex): 20
[2026/09/15 19:43:59] 发送(hex): 20
[2026/09/15 19:43:59] 发送(hex): 20
[2026/09/15 19:43:59] 发送(hex): 20
[2026/09/15 19:43:59] 发送(hex): 20
[2026/09/15 19:43:59] 发送(hex): 20
[2026/09/15 19:43:59] 发送(hex): 20
[2026/09/15 19:43:59] 发送(hex): 20
[2026/09/15 19:43:59] 发送(hex): 20
[2026/09/15 19:43:59] 发送(hex): 20
[2026/09/15 19:43:59] 发送(hex): 20
[2026/09/15 19:43:59] 发送(hex): 20
[2026/09/15 19:43:59] 发送(hex): 20
[2026/09/15 19:43:59] 发送(hex): 20
[2026/09/15 19:43:59] 发送(hex): 20
[2026/09/15 19:43:59] 发送(hex): 20
[2026/09/15 19:43:59] 发送(hex): 20
[2026/09/15 19:43:59] 发送(hex): 20
[2026/09/15 19:43:59] 发送(hex): 20
[2026/09/15 19:43:59] 发送(hex): 20
[2026/09/15 19:43:59] 发送(hex): 20
[2026/09/15 19:43:59] 发送(hex): 20
[2026/09/15 19:43:59] 发送(hex): 20
[2026/09/15 19:43:59] 发送(hex): 20
[2026/09/15 19:43:59] 发送(hex): 20
[2026/09/15 19:43:59] 发送(hex): 20
[2026/09/15 19:43:59] 发送(hex): 20
[2026/09/15 19:43:59] 发送(hex): 20
[2026/09/15 19:43:59] 发送(hex): 20
[2026/09/15 19:43:59] 发送(hex): 20
[2026/09/15 19:43:59] 发送(hex): 20
[2026/09/15 19:43:59] 发送(hex): 20
[2026/09/15 19:43:59] 发送(hex): 20
[2026/09/15 19:43:59] 发送(hex): 20
[2026/09/15 19:43:59] 发送(hex): 20
[2026/09/15 19:43:59] 发送(hex): 20
[2026/09/15 19:43:59] 发送(hex): 20
[2026/09/15 19:43:59] 发送(hex): 20
[2026/09/15 19:43:59] 发送(hex): 20
[2026/09/15 19:43:59] 发送(hex): 20
[2026/09/15 19:43:59] 发送(hex): 20
[2026/09/15 19:43:59] 发送(hex): 20
[2026/09/15 19:43:59] 发送(hex): 20
[2026/09/15 19:43:59] 发送(hex): 20
[2026/09/15 19:43:59] 发送(hex): 20
[2026/09/15 19:43:59] 发送(hex): 20
[2026/09/15 19:43:59] 发送(hex): 20
[2026/09/15 19:43:59] 发送(hex): 20
[2026/09/15 19:43:59] 发送(hex): 20
[2026/09/15 19:43:59] 发送(hex): 20
[2026/09/15 19:43:59] 发送(hex): 20
[2026/09/15 19:43:59] 发送(hex): 20
[2026/09/15 19:43:59] 发送(hex): 20
[2026/09/15 19:43:59] 发送(hex): 20
[2026/09/15 19:43:59] 发送(hex): 20
[2026/09/15 19:43:59] 发送(hex): 20
[2026/09/15 19:43:59] 发送(hex): 20
[2026/09/15 19:43:59] 发送(hex): 20
[2026/09/15 19:43:59] 发送(hex): 20
[2026/09/15 19:43:59] 发送(hex): 20
[2026/09/15 19:43:59] 发送(hex): 20
[2026/09/15 19:43:59] 发送(hex): 20
[2026/09/15 19:43:59] 发送(hex): 20
[2026/09/15 19:43:59] 发送(hex): 20
[2026/09/15 19:43:59] 发送(hex): 20
[2026/09/15 19:43:59] 发送(hex): 20
[2026/09/15 19:43:59] 发送(hex): 20
[2026/09/15 19:43:59] 发送(hex): 20
[2026/09/15 19:43:59] 发送(hex): 20
[2026/09/15 19:43:59] 发送(hex): 20
[2026/09/15 19:43:59] 发送(hex): 20
[2026/09/15 19:43:59] 发送(hex): 20
[2026/09/15 19:43:59] 发送(hex): 20
[2026/09/15 19:43:59] 发送(hex): 20
[2026/09/15 19:44:00] 发送(hex): 20
[2026/09/15 19:44:00] 发送(hex): 20
[2026/09/15 19:44:00] 发送(hex): 20
[2026/09/15 19:44:00] 发送(hex): 20
[2026/09/15 19:44:00] 发送(hex): 20
[2026/09/15 19:44:00] 发送(hex): 20
[2026/09/15 19:44:00] 发送(hex): 20
[2026/09/15 19:44:00] 发送(hex): 20
[2026/09/15 19:44:00] 发送(hex): 20
[2026/09/15 19:44:00] 发送(hex): 20
[2026/09/15 19:44:00] 发送(hex): 20
[2026/09/15 19:44:00] 发送(hex): 20
[2026/09/15 19:44:00] 发送(hex): 20
[2026/09/15 19:44:00] 发送(hex): 20
[2026/09/15 19:44:00] 发送(hex): 20
[2026/09/15 19:44:00] 发送(hex): 20
[2026/09/15 19:44:00] 发送(hex): 20
[2026/09/15 19:44:00] 发送(hex): 20
[2026/09/15 19:44:00] 发送(hex): 20
[2026/09/15 19:44:00] 发送(hex): 20
[2026/09/15 19:44:00] 发送(hex): 20
[2026/09/15 19:44:00] 发送(hex): 20
[2026/09/15 19:44:00] 发送(hex): 20
[2026/09/15 19:44:00] 发送(hex): 20
[2026/09/15 19:44:00] 发送(hex): 20
[2026/09/15 19:44:00] 发送(hex): 20
[2026/09/15 19:44:00] 发送(hex): 20
[2026/09/15 19:44:00] 发送(hex): 20
[2026/09/15 19:44:00] 发送(hex): 20
[2026/09/15 19:44:00] 发送(hex): 20
[2026/09/15 19:44:00] 发送(hex): 20
[2026/09/15 19:44:00] 发送(hex): 20
[2026/09/15 19:44:00] 发送(hex): 20
[2026/09/15 19:44:00] 发送(hex): 20
[2026/09/15 19:44:00] 发送(hex): 20
[2026/09/15 19:44:00] 发送(hex): 20
[2026/09/15 19:44:00] 发送(hex): 20
[2026/09/15 19:44:00] 发送(hex): 20
[2026/09/15 19:44:00] 发送(hex): 20
[2026/09/15 19:44:00] 发送(hex): 20
[2026/09/15 19:44:00] 发送(hex): 20
[2026/09/15 19:44:00] 发送(hex): 20
[2026/09/15 19:44:00] 发送(hex): 20
[2026/09/15 19:44:00] 发送(hex): 20
[2026/09/15 19:44:00] 发送(hex): 20
[2026/09/15 19:44:00] 发送(hex): 20
[2026/09/15 19:44:00] 发送(hex): 20
[2026/09/15 19:44:00] 发送(hex): 20
[2026/09/15 19:44:00] 发送(hex): 20
[2026/09/15 19:44:00] 发送(hex): 20
[2026/09/15 19:44:00] 发送(hex): 20
[2026/09/15 19:44:00] 发送(hex): 20
[2026/09/15 19:44:00] 发送(hex): 20
[2026/09/15 19:44:00] 发送(hex): 20
[2026/09/15 19:44:00] 发送(hex): 20
[2026/09/15 19:44:00] 发送(hex): 20
[2026/09/15 19:44:00] 发送(hex): 20
[2026/09/15 19:44:00] 发送(hex): 20
[2026/09/15 19:44:00] 发送(hex): 20
[2026/09/15 19:44:00] 发送(hex): 20
[2026/09/15 19:44:00] 发送(hex): 20
[2026/09/15 19:44:00] 发送(hex): 20
[2026/09/15 19:44:00] 发送(hex): 20
[2026/09/15 19:44:00] 发送(hex): 20
[2026/09/15 19:44:00] 发送(hex): 20
[2026/09/15 19:44:00] 发送(hex): 20
[2026/09/15 19:44:00] 发送(hex): 20
[2026/09/15 19:44:00] 发送(hex): 20
[2026/09/15 19:44:00] 发送(hex): 20
[2026/09/15 19:44:00] 发送(hex): 20
[2026/09/15 19:44:00] 发送(hex): 20
[2026/09/15 19:44:00] 发送(hex): 20
[2026/09/15 19:44:00] 发送(hex): 20
[2026/09/15 19:44:00] 发送(hex): 20
[2026/09/15 19:44:00] 发送(hex): 20
[2026/09/15 19:44:00] 发送(hex): 20
[2026/09/15 19:44:00] 发送(hex): 20
[2026/09/15 19:44:00] 发送(hex): 20
[2026/09/15 19:44:00] 发送(hex): 20
[2026/09/15 19:44:00] 发送(hex): 20
[2026/09/15 19:44:00] 发送(hex): 20
[2026/09/15 19:44:00] 发送(hex): 20
[2026/09/15 19:44:00] 发送(hex): 20
[2026/09/15 19:44:00] 发送(hex): 20
[2026/09/15 19:44:00] 发送(hex): 20
[2026/09/15 19:44:00] 发送(hex): 20
[2026/09/15 19:44:00] 发送(hex): 20
[2026/09/15 19:44:00] 发送(hex): 20
[2026/09/15 19:44:00] 发送(hex): 20
[2026/09/15 19:44:00] 发送(hex): 20
[2026/09/15 19:44:00] 发送(hex): 20
[2026/09/15 19:44:00] 发送(hex): 20
[2026/09/15 19:44:00] 发送(hex): 20
[2026/09/15 19:44:01] 发送(hex): 20
[2026/09/15 19:44:01] 发送(hex): 20
[2026/09/15 19:44:01] 发送(hex): 20
[2026/09/15 19:44:01] 发送(hex): 20
[2026/09/15 19:44:01] 发送(hex): 20
[2026/09/15 19:44:01] 发送(hex): 20
[2026/09/15 19:44:01] 发送(hex): 20
[2026/09/15 19:44:01] 发送(hex): 20
[2026/09/15 19:44:01] 发送(hex): 20
[2026/09/15 19:44:01] 发送(hex): 20
[2026/09/15 19:44:01] 发送(hex): 20
[2026/09/15 19:44:01] 发送(hex): 20
[2026/09/15 19:44:01] 发送(hex): 20
[2026/09/15 19:44:01] 发送(hex): 20
[2026/09/15 19:44:01] 发送(hex): 20
[2026/09/15 19:44:01] 发送(hex): 20
[2026/09/15 19:44:01] 发送(hex): 20
[2026/09/15 19:44:01] 发送(hex): 20
[2026/09/15 19:44:01] 发送(hex): 20
[2026/09/15 19:44:01] 发送(hex): 20
[2026/09/15 19:44:01] 发送(hex): 20
[2026/09/15 19:44:01] 发送(hex): 20
[2026/09/15 19:44:01] 发送(hex): 20
[2026/09/15 19:44:01] 发送(hex): 20
[2026/09/15 19:44:01] 发送(hex): 20
[2026/09/15 19:44:01] 发送(hex): 20
[2026/09/15 19:44:01] 发送(hex): 20
[2026/09/15 19:44:01] 发送(hex): 20
[2026/09/15 19:44:01] 发送(hex): 20
[2026/09/15 19:44:01] 发送(hex): 20
[2026/09/15 19:44:01] 发送(hex): 20
[2026/09/15 19:44:01] 发送(hex): 20
[2026/09/15 19:44:01] 发送(hex): 20
[2026/09/15 19:44:01] 发送(hex): 20
[2026/09/15 19:44:01] 发送(hex): 20
[2026/09/15 19:44:01] 发送(hex): 20
[2026/09/15 19:44:01] 发送(hex): 20
[2026/09/15 19:44:01] 发送(hex): 20
[2026/09/15 19:44:01] 发送(hex): 20
[2026/09/15 19:44:01] 发送(hex): 20
[2026/09/15 19:44:01] 发送(hex): 20
[2026/09/15 19:44:01] 发送(hex): 20
[2026/09/15 19:44:01] 发送(hex): 20
[2026/09/15 19:44:01] 发送(hex): 20
[2026/09/15 19:44:01] 发送(hex): 20
[2026/09/15 19:44:01] 发送(hex): 20
[2026/09/15 19:44:01] 发送(hex): 20
[2026/09/15 19:44:01] 发送(hex): 20
[2026/09/15 19:44:01] 发送(hex): 20
[2026/09/15 19:44:01] 发送(hex): 20
[2026/09/15 19:44:01] 发送(hex): 20
[2026/09/15 19:44:01] 发送(hex): 20
[2026/09/15 19:44:01] 发送(hex): 20
[2026/09/15 19:44:01] 发送(hex): 20
[2026/09/15 19:44:01] 发送(hex): 20
[2026/09/15 19:44:01] 发送(hex): 20
[2026/09/15 19:44:01] 发送(hex): 20
[2026/09/15 19:44:01] 发送(hex): 20
[2026/09/15 19:44:01] 发送(hex): 20
[2026/09/15 19:44:01] 发送(hex): 20
[2026/09/15 19:44:01] 发送(hex): 20
[2026/09/15 19:44:01] 发送(hex): 20
[2026/09/15 19:44:01] 发送(hex): 20
[2026/09/15 19:44:01] 发送(hex): 20
[2026/09/15 19:44:01] 发送(hex): 20
[2026/09/15 19:44:01] 发送(hex): 20
[2026/09/15 19:44:01] 发送(hex): 20
[2026/09/15 19:44:01] 发送(hex): 20
[2026/09/15 19:44:01] 发送(hex): 20
[2026/09/15 19:44:01] 发送(hex): 20
[2026/09/15 19:44:01] 发送(hex): 20
[2026/09/15 19:44:01] 发送(hex): 20
[2026/09/15 19:44:01] 发送(hex): 20
[2026/09/15 19:44:01] 发送(hex): 20
[2026/09/15 19:44:01] 发送(hex): 20
[2026/09/15 19:44:01] 发送(hex): 20
[2026/09/15 19:44:01] 发送(hex): 20
[2026/09/15 19:44:01] 发送(hex): 20
[2026/09/15 19:44:01] 发送(hex): 20
[2026/09/15 19:44:01] 发送(hex): 20
[2026/09/15 19:44:01] 发送(hex): 20
[2026/09/15 19:44:01] 发送(hex): 20
[2026/09/15 19:44:01] 发送(hex): 20
[2026/09/15 19:44:01] 发送(hex): 20
[2026/09/15 19:44:01] 发送(hex): 20
[2026/09/15 19:44:01] 发送(hex): 20
[2026/09/15 19:44:01] 发送(hex): 20
[2026/09/15 19:44:01] 发送(hex): 20
[2026/09/15 19:44:01] 发送(hex): 20
[2026/09/15 19:44:01] 发送(hex): 20
[2026/09/15 19:44:01] 发送(hex): 20
[2026/09/15 19:44:01] 发送(hex): 20
[2026/09/15 19:44:01] 发送(hex): 20
[2026/09/15 19:44:02] 发送(hex): 20
[2026/09/15 19:44:02] 发送(hex): 20
[2026/09/15 19:44:02] 发送(hex): 20
[2026/09/15 19:44:02] 发送(hex): 20
[2026/09/15 19:44:02] 发送(hex): 20
[2026/09/15 19:44:02] 发送(hex): 20
[2026/09/15 19:44:02] 发送(hex): 20
[2026/09/15 19:44:02] 发送(hex): 20
[2026/09/15 19:44:02] 发送(hex): 20
[2026/09/15 19:44:02] 发送(hex): 20
[2026/09/15 19:44:02] 发送(hex): 20
[2026/09/15 19:44:02] 发送(hex): 20
[2026/09/15 19:44:02] 发送(hex): 20
[2026/09/15 19:44:02] 发送(hex): 20
[2026/09/15 19:44:02] 发送(hex): 20
[2026/09/15 19:44:02] 发送(hex): 20
[2026/09/15 19:44:02] 发送(hex): 20
[2026/09/15 19:44:02] 发送(hex): 20
[2026/09/15 19:44:02] 发送(hex): 20
[2026/09/15 19:44:02] 发送(hex): 20
[2026/09/15 19:44:02] 发送(hex): 20
[2026/09/15 19:44:02] 发送(hex): 20
[2026/09/15 19:44:02] 发送(hex): 20
[2026/09/15 19:44:02] 发送(hex): 20
[2026/09/15 19:44:02] 发送(hex): 20
[2026/09/15 19:44:02] 发送(hex): 20
[2026/09/15 19:44:02] 发送(hex): 20
[2026/09/15 19:44:02] 发送(hex): 20
[2026/09/15 19:44:02] 发送(hex): 20
[2026/09/15 19:44:02] 发送(hex): 20
[2026/09/15 19:44:02] 发送(hex): 20
[2026/09/15 19:44:02] 发送(hex): 20
[2026/09/15 19:44:02] 发送(hex): 20
[2026/09/15 19:44:02] 发送(hex): 20
[2026/09/15 19:44:02] 发送(hex): 20
[2026/09/15 19:44:02] 发送(hex): 20
[2026/09/15 19:44:02] 发送(hex): 20
[2026/09/15 19:44:02] 发送(hex): 20
[2026/09/15 19:44:02] 发送(hex): 20
[2026/09/15 19:44:02] 发送(hex): 20
[2026/09/15 19:44:02] 发送(hex): 20
[2026/09/15 19:44:02] 发送(hex): 20
[2026/09/15 19:44:02] 发送(hex): 20
[2026/09/15 19:44:02] 发送(hex): 20
[2026/09/15 19:44:02] 发送(hex): 20
[2026/09/15 19:44:02] 发送(hex): 20
[2026/09/15 19:44:02] 发送(hex): 20
[2026/09/15 19:44:02] 发送(hex): 20
[2026/09/15 19:44:02] 发送(hex): 20
[2026/09/15 19:44:02] 发送(hex): 20
[2026/09/15 19:44:02] 发送(hex): 20
[2026/09/15 19:44:02] 发送(hex): 20
[2026/09/15 19:44:02] 发送(hex): 20
[2026/09/15 19:44:02] 发送(hex): 20
[2026/09/15 19:44:02] 发送(hex): 20
[2026/09/15 19:44:02] 发送(hex): 20
[2026/09/15 19:44:02] 发送(hex): 20
[2026/09/15 19:44:02] 发送(hex): 20
[2026/09/15 19:44:02] 发送(hex): 20
[2026/09/15 19:44:02] 发送(hex): 20
[2026/09/15 19:44:02] 发送(hex): 20
[2026/09/15 19:44:02] 发送(hex): 20
[2026/09/15 19:44:02] 发送(hex): 20
[2026/09/15 19:44:02] 发送(hex): 20
[2026/09/15 19:44:02] 发送(hex): 20
[2026/09/15 19:44:02] 发送(hex): 20
[2026/09/15 19:44:02] 发送(hex): 20
[2026/09/15 19:44:02] 发送(hex): 20
[2026/09/15 19:44:02] 发送(hex): 20
[2026/09/15 19:44:02] 发送(hex): 20
[2026/09/15 19:44:02] 发送(hex): 20
[2026/09/15 19:44:02] 发送(hex): 20
[2026/09/15 19:44:02] 发送(hex): 20
[2026/09/15 19:44:02] 发送(hex): 20
[2026/09/15 19:44:02] 发送(hex): 20
[2026/09/15 19:44:02] 发送(hex): 20
[2026/09/15 19:44:02] 发送(hex): 20
[2026/09/15 19:44:02] 发送(hex): 20
[2026/09/15 19:44:02] 发送(hex): 20
[2026/09/15 19:44:02] 发送(hex): 20
[2026/09/15 19:44:02] 发送(hex): 20
[2026/09/15 19:44:02] 发送(hex): 20
[2026/09/15 19:44:02] 发送(hex): 20
[2026/09/15 19:44:02] 发送(hex): 20
[2026/09/15 19:44:02] 发送(hex): 20
[2026/09/15 19:44:02] 发送(hex): 20
[2026/09/15 19:44:02] 发送(hex): 20
[2026/09/15 19:44:02] 发送(hex): 20
[2026/09/15 19:44:02] 发送(hex): 20
[2026/09/15 19:44:02] 发送(hex): 20
[2026/09/15 19:44:02] 发送(hex): 20
[2026/09/15 19:44:02] 发送(hex): 20
[2026/09/15 19:44:03] 发送(hex): 20
[2026/09/15 19:44:03] 发送(hex): 20
[2026/09/15 19:44:03] 发送(hex): 20
[2026/09/15 19:44:03] 发送(hex): 20
[2026/09/15 19:44:03] 发送(hex): 20
[2026/09/15 19:44:03] 发送(hex): 20
[2026/09/15 19:44:03] 发送(hex): 20
[2026/09/15 19:44:03] 发送(hex): 20
[2026/09/15 19:44:03] 发送(hex): 20
[2026/09/15 19:44:03] 发送(hex): 20
[2026/09/15 19:44:03] 发送(hex): 20
[2026/09/15 19:44:03] 发送(hex): 20
[2026/09/15 19:44:03] 发送(hex): 20
[2026/09/15 19:44:03] 发送(hex): 20
[2026/09/15 19:44:03] 发送(hex): 20
[2026/09/15 19:44:03] 发送(hex): 20
[2026/09/15 19:44:03] 发送(hex): 20
[2026/09/15 19:44:03] 发送(hex): 20
[2026/09/15 19:44:03] 发送(hex): 20
[2026/09/15 19:44:03] 发送(hex): 20
[2026/09/15 19:44:03] 发送(hex): 20
[2026/09/15 19:44:03] 发送(hex): 20
[2026/09/15 19:44:03] 发送(hex): 20
[2026/09/15 19:44:03] 发送(hex): 20
[2026/09/15 19:44:03] 发送(hex): 20
[2026/09/15 19:44:03] 发送(hex): 20
[2026/09/15 19:44:03] 发送(hex): 20
[2026/09/15 19:44:03] 发送(hex): 20
[2026/09/15 19:44:03] 发送(hex): 20
[2026/09/15 19:44:03] 发送(hex): 20
[2026/09/15 19:44:03] 发送(hex): 20
[2026/09/15 19:44:03] 发送(hex): 20
[2026/09/15 19:44:03] 发送(hex): 20
[2026/09/15 19:44:03] 发送(hex): 20
[2026/09/15 19:44:03] 发送(hex): 20
[2026/09/15 19:44:03] 发送(hex): 20
[2026/09/15 19:44:03] 发送(hex): 20
[2026/09/15 19:44:03] 发送(hex): 20
[2026/09/15 19:44:03] 发送(hex): 20
[2026/09/15 19:44:03] 发送(hex): 20
[2026/09/15 19:44:03] 发送(hex): 20
[2026/09/15 19:44:03] 发送(hex): 20
[2026/09/15 19:44:03] 发送(hex): 20
[2026/09/15 19:44:03] 发送(hex): 20
[2026/09/15 19:44:03] 发送(hex): 20
[2026/09/15 19:44:03] 发送(hex): 20
[2026/09/15 19:44:03] 发送(hex): 20
[2026/09/15 19:44:03] 发送(hex): 20
[2026/09/15 19:44:03] 发送(hex): 20
[2026/09/15 19:44:03] 发送(hex): 20
[2026/09/15 19:44:03] 发送(hex): 20
[2026/09/15 19:44:03] 发送(hex): 20
[2026/09/15 19:44:03] 发送(hex): 20
[2026/09/15 19:44:03] 发送(hex): 20
[2026/09/15 19:44:03] 发送(hex): 20
[2026/09/15 19:44:03] 发送(hex): 20
[2026/09/15 19:44:03] 发送(hex): 20
[2026/09/15 19:44:03] 发送(hex): 20
[2026/09/15 19:44:03] 发送(hex): 20
[2026/09/15 19:44:03] 发送(hex): 20
[2026/09/15 19:44:03] 发送(hex): 20
[2026/09/15 19:44:03] 发送(hex): 20
[2026/09/15 19:44:03] 发送(hex): 20
[2026/09/15 19:44:03] 发送(hex): 20
[2026/09/15 19:44:03] 发送(hex): 20
[2026/09/15 19:44:03] 发送(hex): 20
[2026/09/15 19:44:03] 发送(hex): 20
[2026/09/15 19:44:03] 发送(hex): 20
[2026/09/15 19:44:03] 发送(hex): 20
[2026/09/15 19:44:03] 发送(hex): 20
[2026/09/15 19:44:03] 发送(hex): 20
[2026/09/15 19:44:03] 发送(hex): 20
[2026/09/15 19:44:03] 发送(hex): 20
[2026/09/15 19:44:03] 发送(hex): 20
[2026/09/15 19:44:03] 发送(hex): 20
[2026/09/15 19:44:03] 发送(hex): 20
[2026/09/15 19:44:03] 发送(hex): 20
[2026/09/15 19:44:03] 发送(hex): 20
[2026/09/15 19:44:03] 发送(hex): 20
[2026/09/15 19:44:03] 发送(hex): 20
[2026/09/15 19:44:03] 发送(hex): 20
[2026/09/15 19:44:03] 发送(hex): 20
[2026/09/15 19:44:03] 发送(hex): 20
[2026/09/15 19:44:03] 发送(hex): 20
[2026/09/15 19:44:03] 发送(hex): 20
[2026/09/15 19:44:03] 发送(hex): 20
[2026/09/15 19:44:03] 发送(hex): 20
[2026/09/15 19:44:03] 发送(hex): 20
[2026/09/15 19:44:03] 发送(hex): 20
[2026/09/15 19:44:03] 发送(hex): 20
[2026/09/15 19:44:03] 发送(hex): 20
[2026/09/15 19:44:03] 发送(hex): 20
[2026/09/15 19:44:03] 发送(hex): 20
[2026/09/15 19:44:04] 发送(hex): 20
[2026/09/15 19:44:04] 发送(hex): 20
[2026/09/15 19:44:04] 发送(hex): 20
[2026/09/15 19:44:04] 发送(hex): 20
[2026/09/15 19:44:04] 发送(hex): 20
[2026/09/15 19:44:04] 发送(hex): 20
[2026/09/15 19:44:04] 发送(hex): 20
[2026/09/15 19:44:04] 发送(hex): 20
[2026/09/15 19:44:04] 发送(hex): 20
[2026/09/15 19:44:04] 发送(hex): 20
[2026/09/15 19:44:04] 发送(hex): 20
[2026/09/15 19:44:04] 发送(hex): 20
[2026/09/15 19:44:04] 发送(hex): 20
[2026/09/15 19:44:04] 发送(hex): 20
[2026/09/15 19:44:04] 发送(hex): 20
[2026/09/15 19:44:04] 发送(hex): 20
[2026/09/15 19:44:04] 发送(hex): 20
[2026/09/15 19:44:04] 发送(hex): 20
[2026/09/15 19:44:04] 发送(hex): 20
[2026/09/15 19:44:04] 发送(hex): 20
[2026/09/15 19:44:04] 发送(hex): 20
[2026/09/15 19:44:04] 发送(hex): 20
[2026/09/15 19:44:04] 发送(hex): 20
[2026/09/15 19:44:04] 发送(hex): 20
[2026/09/15 19:44:04] 发送(hex): 20
[2026/09/15 19:44:04] 发送(hex): 20
[2026/09/15 19:44:04] 发送(hex): 20
[2026/09/15 19:44:04] 发送(hex): 20
[2026/09/15 19:44:04] 发送(hex): 20
[2026/09/15 19:44:04] 发送(hex): 20
[2026/09/15 19:44:04] 发送(hex): 20
[2026/09/15 19:44:04] 发送(hex): 20
[2026/09/15 19:44:04] 发送(hex): 20
[2026/09/15 19:44:04] 发送(hex): 20
[2026/09/15 19:44:04] 发送(hex): 20
[2026/09/15 19:44:04] 发送(hex): 20
[2026/09/15 19:44:04] 发送(hex): 20
[2026/09/15 19:44:04] 发送(hex): 20
[2026/09/15 19:44:04] 发送(hex): 20
[2026/09/15 19:44:04] 发送(hex): 20
[2026/09/15 19:44:04] 发送(hex): 20
[2026/09/15 19:44:04] 发送(hex): 20
[2026/09/15 19:44:04] 发送(hex): 20
[2026/09/15 19:44:04] 发送(hex): 20
[2026/09/15 19:44:04] 发送(hex): 20
[2026/09/15 19:44:04] 发送(hex): 20
[2026/09/15 19:44:04] 发送(hex): 20
[2026/09/15 19:44:04] 发送(hex): 20
[2026/09/15 19:44:04] 发送(hex): 20
[2026/09/15 19:44:04] 发送(hex): 20
[2026/09/15 19:44:04] 发送(hex): 20
[2026/09/15 19:44:04] 发送(hex): 20
[2026/09/15 19:44:04] 发送(hex): 20
[2026/09/15 19:44:04] 发送(hex): 20
[2026/09/15 19:44:04] 发送(hex): 20
[2026/09/15 19:44:04] 发送(hex): 20
[2026/09/15 19:44:04] 发送(hex): 20
[2026/09/15 19:44:04] 发送(hex): 20
[2026/09/15 19:44:04] 发送(hex): 20
[2026/09/15 19:44:04] 发送(hex): 20
[2026/09/15 19:44:04] 发送(hex): 20
[2026/09/15 19:44:04] 发送(hex): 20
[2026/09/15 19:44:04] 发送(hex): 20
[2026/09/15 19:44:04] 发送(hex): 20
[2026/09/15 19:44:04] 发送(hex): 20
[2026/09/15 19:44:04] 发送(hex): 20
[2026/09/15 19:44:04] 发送(hex): 20
[2026/09/15 19:44:04] 发送(hex): 20
[2026/09/15 19:44:04] 发送(hex): 20
[2026/09/15 19:44:04] 发送(hex): 20
[2026/09/15 19:44:04] 发送(hex): 20
[2026/09/15 19:44:04] 发送(hex): 20
[2026/09/15 19:44:04] 发送(hex): 20
[2026/09/15 19:44:04] 发送(hex): 20
[2026/09/15 19:44:04] 发送(hex): 20
[2026/09/15 19:44:04] 发送(hex): 20
[2026/09/15 19:44:04] 发送(hex): 20
[2026/09/15 19:44:04] 发送(hex): 20
[2026/09/15 19:44:04] 发送(hex): 20
[2026/09/15 19:44:04] 发送(hex): 20
[2026/09/15 19:44:04] 发送(hex): 20
[2026/09/15 19:44:04] 发送(hex): 20
[2026/09/15 19:44:04] 发送(hex): 20
[2026/09/15 19:44:04] 发送(hex): 20
[2026/09/15 19:44:04] 发送(hex): 20
[2026/09/15 19:44:04] 发送(hex): 20
[2026/09/15 19:44:04] 发送(hex): 20
[2026/09/15 19:44:04] 发送(hex): 20
[2026/09/15 19:44:04] 发送(hex): 20
[2026/09/15 19:44:04] 发送(hex): 20
[2026/09/15 19:44:04] 发送(hex): 20
[2026/09/15 19:44:04] 发送(hex): 20
[2026/09/15 19:44:04] 发送(hex): 20
[2026/09/15 19:44:05] 发送(hex): 20
[2026/09/15 19:44:05] 发送(hex): 20
[2026/09/15 19:44:05] 发送(hex): 20
[2026/09/15 19:44:05] 发送(hex): 20
[2026/09/15 19:44:05] 发送(hex): 20
[2026/09/15 19:44:05] 发送(hex): 20
[2026/09/15 19:44:05] 发送(hex): 20
[2026/09/15 19:44:05] 发送(hex): 20
[2026/09/15 19:44:05] 发送(hex): 20
[2026/09/15 19:44:05] 发送(hex): 20
[2026/09/15 19:44:05] 发送(hex): 20
[2026/09/15 19:44:05] 发送(hex): 20
[2026/09/15 19:44:05] 发送(hex): 20
[2026/09/15 19:44:05] 发送(hex): 20
[2026/09/15 19:44:05] 发送(hex): 20
[2026/09/15 19:44:05] 发送(hex): 20
[2026/09/15 19:44:05] 发送(hex): 20
[2026/09/15 19:44:05] 发送(hex): 20
[2026/09/15 19:44:05] 发送(hex): 20
[2026/09/15 19:44:05] 发送(hex): 20
[2026/09/15 19:44:05] 发送(hex): 20
[2026/09/15 19:44:05] 发送(hex): 20
[2026/09/15 19:44:05] 发送(hex): 20
[2026/09/15 19:44:05] 发送(hex): 20
[2026/09/15 19:44:05] 发送(hex): 20
[2026/09/15 19:44:05] 发送(hex): 20
[2026/09/15 19:44:05] 发送(hex): 20
[2026/09/15 19:44:05] 发送(hex): 20
[2026/09/15 19:44:05] 发送(hex): 20
[2026/09/15 19:44:05] 发送(hex): 20
[2026/09/15 19:44:05] 发送(hex): 20
[2026/09/15 19:44:05] 发送(hex): 20
[2026/09/15 19:44:05] 发送(hex): 20
[2026/09/15 19:44:05] 发送(hex): 20
[2026/09/15 19:44:05] 发送(hex): 20
[2026/09/15 19:44:05] 发送(hex): 20
[2026/09/15 19:44:05] 发送(hex): 20
[2026/09/15 19:44:05] 发送(hex): 20
[2026/09/15 19:44:05] 发送(hex): 20
[2026/09/15 19:44:05] 发送(hex): 20
[2026/09/15 19:44:05] 发送(hex): 20
[2026/09/15 19:44:05] 发送(hex): 20
[2026/09/15 19:44:05] 发送(hex): 20
[2026/09/15 19:44:05] 发送(hex): 20
[2026/09/15 19:44:05] 发送(hex): 20
[2026/09/15 19:44:05] 发送(hex): 20
[2026/09/15 19:44:05] 发送(hex): 20
[2026/09/15 19:44:05] 发送(hex): 20
[2026/09/15 19:44:05] 发送(hex): 20
[2026/09/15 19:44:05] 发送(hex): 20
[2026/09/15 19:44:05] 发送(hex): 20
[2026/09/15 19:44:05] 发送(hex): 20
[2026/09/15 19:44:05] 发送(hex): 20
[2026/09/15 19:44:05] 发送(hex): 20
[2026/09/15 19:44:05] 发送(hex): 20
[2026/09/15 19:44:05] 发送(hex): 20
[2026/09/15 19:44:05] 发送(hex): 20
[2026/09/15 19:44:05] 发送(hex): 20
[2026/09/15 19:44:05] 发送(hex): 20
[2026/09/15 19:44:05] 发送(hex): 20
[2026/09/15 19:44:05] 发送(hex): 20
[2026/09/15 19:44:05] 发送(hex): 20
[2026/09/15 19:44:05] 发送(hex): 20
[2026/09/15 19:44:05] 发送(hex): 20
[2026/09/15 19:44:05] 发送(hex): 20
[2026/09/15 19:44:05] 发送(hex): 20
[2026/09/15 19:44:05] 发送(hex): 20
[2026/09/15 19:44:05] 发送(hex): 20
[2026/09/15 19:44:05] 发送(hex): 20
[2026/09/15 19:44:05] 发送(hex): 20
[2026/09/15 19:44:05] 发送(hex): 20
[2026/09/15 19:44:05] 发送(hex): 20
[2026/09/15 19:44:05] 发送(hex): 20
[2026/09/15 19:44:05] 发送(hex): 20
[2026/09/15 19:44:05] 发送(hex): 20
[2026/09/15 19:44:05] 发送(hex): 20
[2026/09/15 19:44:05] 发送(hex): 20
[2026/09/15 19:44:05] 发送(hex): 20
[2026/09/15 19:44:05] 发送(hex): 20
[2026/09/15 19:44:05] 发送(hex): 20
[2026/09/15 19:44:05] 发送(hex): 20
[2026/09/15 19:44:05] 发送(hex): 20
[2026/09/15 19:44:05] 发送(hex): 20
[2026/09/15 19:44:05] 发送(hex): 20
[2026/09/15 19:44:05] 发送(hex): 20
[2026/09/15 19:44:05] 发送(hex): 20
[2026/09/15 19:44:05] 发送(hex): 20
[2026/09/15 19:44:05] 发送(hex): 20
[2026/09/15 19:44:05] 发送(hex): 20
[2026/09/15 19:44:05] 发送(hex): 20
[2026/09/15 19:44:05] 发送(hex): 20
[2026/09/15 19:44:05] 发送(hex): 20
[2026/09/15 19:44:05] 发送(hex): 20
[2026/09/15 19:44:05] 发送(hex): 20
[2026/09/15 19:44:06] 发送(hex): 20
[2026/09/15 19:44:06] 发送(hex): 20
[2026/09/15 19:44:06] 发送(hex): 20
[2026/09/15 19:44:06] 发送(hex): 20
[2026/09/15 19:44:06] 发送(hex): 20
[2026/09/15 19:44:06] 发送(hex): 20
[2026/09/15 19:44:06] 发送(hex): 20
[2026/09/15 19:44:06] 发送(hex): 20
[2026/09/15 19:44:06] 发送(hex): 20
[2026/09/15 19:44:06] 发送(hex): 20
[2026/09/15 19:44:06] 发送(hex): 20
[2026/09/15 19:44:06] 发送(hex): 20
[2026/09/15 19:44:06] 发送(hex): 20
[2026/09/15 19:44:06] 发送(hex): 20
[2026/09/15 19:44:06] 发送(hex): 20
[2026/09/15 19:44:06] 发送(hex): 20
[2026/09/15 19:44:06] 发送(hex): 20
[2026/09/15 19:44:06] 发送(hex): 20
[2026/09/15 19:44:06] 发送(hex): 20
[2026/09/15 19:44:06] 发送(hex): 20
[2026/09/15 19:44:06] 发送(hex): 20
[2026/09/15 19:44:06] 发送(hex): 20
[2026/09/15 19:44:06] 发送(hex): 20
[2026/09/15 19:44:06] 发送(hex): 20
[2026/09/15 19:44:06] 发送(hex): 20
[2026/09/15 19:44:09] 发送(hex): 0d
[2026/09/15 19:44:09] 发送(hex): 0d
[2026/09/15 19:44:09] Realtek>
[2026/09/15 19:44:09] 发送(hex): 0d
[2026/09/15 19:44:09] 发送(hex): 0d
[2026/09/15 19:44:09] Realtek>
[2026/09/15 19:44:09] Realtek>
[2026/09/15 19:44:09] 发送(hex): 0d
[2026/09/15 19:44:09] Realtek>
[2026/09/15 19:44:09] Realtek>
[2026/09/15 19:44:18] 发送(hex): 20
[2026/09/15 19:44:18] 发送(hex): 20
[2026/09/15 19:44:18] 发送(hex): 20
[2026/09/15 19:44:18] 发送(hex): 20
[2026/09/15 19:44:18] 发送(hex): 20
[2026/09/15 19:44:19] 发送(hex): 20
[2026/09/15 19:44:19] 发送(hex): 20
[2026/09/15 19:44:19] 发送(hex): 20
[2026/09/15 19:44:19] 发送(hex): 20
[2026/09/15 19:44:19] 发送(hex): 20
[2026/09/15 19:44:19] 发送(hex): 20
[2026/09/15 19:44:19] 发送(hex): 20
[2026/09/15 19:44:19] 发送(hex): 20
[2026/09/15 19:44:19] 发送(hex): 20
[2026/09/15 19:44:19] 发送(hex): 20
[2026/09/15 19:44:19] 发送(hex): 20
[2026/09/15 19:44:19] 发送(hex): 20
[2026/09/15 19:44:19] 发送(hex): 20
[2026/09/15 19:44:19] 发送(hex): 20
[2026/09/15 19:44:19] 发送(hex): 20
[2026/09/15 19:44:19] 发送(hex): 20
[2026/09/15 19:44:19] 发送(hex): 20
[2026/09/15 19:44:19] 发送(hex): 20
[2026/09/15 19:44:19] 发送(hex): 20
[2026/09/15 19:44:19] 发送(hex): 20
[2026/09/15 19:44:19] 发送(hex): 20
[2026/09/15 19:44:19] 发送(hex): 20
[2026/09/15 19:44:19] 发送(hex): 20
[2026/09/15 19:44:19] 发送(hex): 20
[2026/09/15 19:44:19] 发送(hex): 20
[2026/09/15 19:44:19] 发送(hex): 20
[2026/09/15 19:44:19] 发送(hex): 20
[2026/09/15 19:44:19] 发送(hex): 20
[2026/09/15 19:44:19] 发送(hex): 20
[2026/09/15 19:44:19] 发送(hex): 20
[2026/09/15 19:44:19] 发送(hex): 20
[2026/09/15 19:44:19] 发送(hex): 20
[2026/09/15 19:44:19] 发送(hex): 20
[2026/09/15 19:44:19] 发送(hex): 20
[2026/09/15 19:44:19] 发送(hex): 20
[2026/09/15 19:44:19] 发送(hex): 20
[2026/09/15 19:44:19] 发送(hex): 20
[2026/09/15 19:44:19] 发送(hex): 20
[2026/09/15 19:44:19] 发送(hex): 20
[2026/09/15 19:44:19] 发送(hex): 20
[2026/09/15 19:44:19] 发送(hex): 20
[2026/09/15 19:44:19] 发送(hex): 20
[2026/09/15 19:44:19] 发送(hex): 20
[2026/09/15 19:44:19] 发送(hex): 20
[2026/09/15 19:44:19] 发送(hex): 20
[2026/09/15 19:44:19] 发送(hex): 20
[2026/09/15 19:44:19] $
[2026/09/15 19:44:19] Post romcode git ver:42df880604ac78a3 (Aug 28 2026 21:41:35)
[2026/09/15 19:44:19] $
[2026/09/15 19:44:19] Hello world, RTD2875P_CN2_TV030!
[2026/09/15 19:44:19] set_wifi_reset
[2026/09/15 19:44:19] Auxcode git ver:3a4deb9ea300359e (Aug 28 2026 21:41:29)
[2026/09/15 19:44:19] flash_type = 2, secure_type = 2
[2026/09/15 19:44:19] b8062204=0
[2026/09/15 19:44:19] 发送(hex): 20
[2026/09/15 19:44:19] 发送(hex): 20
[2026/09/15 19:44:19] slot info 0 0x0 info 1 0x0
[2026/09/15 19:44:19] invalid reg slot status 0x0,ge
[2026/09/15 19:44:19] 发送(hex): 20
[2026/09/15 19:44:19] 发送(hex): 20
[2026/09/15 19:44:19] 发送(hex): 20
[2026/09/15 19:44:19] 发送(hex): 20
[2026/09/15 19:44:19] 发送(hex): 20
[2026/09/15 19:44:19] 发送(hex): 20
[2026/09/15 19:44:19] 发送(hex): 20
[2026/09/15 19:44:19] 发送(hex): 20
[2026/09/15 19:44:19] t slot info from flash!
[2026/09/15 19:44:19] g_gpt_blk_start 0x1  g_offline_gpt 0x0 last_usable_lba 0x1cd2032 num_partition_entries 0x32
[2026/09/15 19:44:19] start 0x2e600000 clt_blk 0x1973004 ctrl size 0x20
[2026/09/15 19:44:19] choose active index 0
[2026/09/15 19:44:19] part name bootloader ative_slot _a real part name bootloader_a
[2026/09/15 19:44:19] part name hwsetting start 0x100000 size 0x33600
[2026/09/15 19:44:19] part name ext_fw start 0x133600 size 0x10400
[2026/09/15 19:44:19] part name kboot start 0x143a00 size 0x16e00
[2026/09/15 19:44:19] part name uboot start 0x15a800 size 0x120400
[2026/09/15 19:44:19] ls4 2 1 = 800040ab 8000207f 80001000
[2026/09/15 19:44:19] fNewHWsettingArch = 2
[2026/09/15 19:44:19] 1.lsadcidx = 2, brand =3, offset = 0
[2026/09/15 19:44:19] 1.lsadcidx = 2, brand =3, offset = 17800
[2026/09/15 19:44:19] hwsetting from mmc
[2026/09/15 19:44:19] AC on HW offset 0x809 start 0x800 reg 0x8090800
[2026/09/15 19:44:19] total = 2f00
[2026/09/15 19:44:19] 发送(hex): 20
[2026/09/15 19:44:19] 发送(hex): 20
[2026/09/15 19:44:19] 发送(hex): 20
[2026/09/15 19:44:19] 发送(hex): 20
[2026/09/15 19:44:19] A
[2026/09/15 19:44:19] 发送(hex): 20
[2026/09/15 19:44:19] A
[2026/09/15 19:44:19] 发送(hex): 20
[2026/09/15 19:44:19] 发送(hex): 20
[2026/09/15 19:44:19] A
[2026/09/15 19:44:19] A
[2026/09/15 19:44:19] 发送(hex): 20
[2026/09/15 19:44:19] A
[2026/09/15 19:44:19] 发送(hex): 20
[2026/09/15 19:44:19] 发送(hex): 20
[2026/09/15 19:44:19] {12 14}
[2026/09/15 19:44:19] ffeeddffeeddddr ver: 62c63180
[2026/09/15 19:44:19] ori DQS0~7 {03 04 1a 1c 00 01 00 00}
[2026/09/15 19:44:19] 发送(hex): 20
[2026/09/15 19:44:19] 发送(hex): 20
[2026/09/15 19:44:19] 发送(hex): 20
[2026/09/15 19:44:19] 发送(hex): 20
[2026/09/15 19:44:19] 发送(hex): 20
[2026/09/15 19:44:19] 发送(hex): 20
[2026/09/15 19:44:19] 发送(hex): 20
[2026/09/15 19:44:19] {01 03 19 1b 00 01 00 00} {08 09 06 09 06 05 00 00}
[2026/09/15 19:44:19] r.y.0
[2026/09/15 19:44:19] 发送(hex): 20
[2026/09/15 19:44:19] r.y.0 SCPU BISR status: Done
[2026/09/15 19:44:19] 发送(hex): 20
[2026/09/15 19:44:19] 发送(hex): 20
[2026/09/15 19:44:19] [go kb]
[2026/09/15 19:44:19] pa
[2026/09/15 19:44:19] 发送(hex): 20
[2026/09/15 19:44:19] 发送(hex): 20
[2026/09/15 19:44:19] 发送(hex): 20
[2026/09/15 19:44:19] 发送(hex): 20
[2026/09/15 19:44:19] ss bootcode info to kboot
[2026/09/15 19:44:19] num=1100
[2026/09/15 19:44:19] boot_magic=7e676034
[2026/09/15 19:44:19] ---DEBUG kboot 21:41:14 Aug 28 2026 ---
[2026/09/15 19:44:19] [Kboot]eMMC(mid-15) MMC_HS50 (50000000Mhz)[8bit].
[2026/09/15 19:44:19] block info 0x1cd2032 0x3a3e000.
[2026/09/15 19:44:19] [MMC] 32 -----------> 16GB.
[2026/09/15 19:44:19] 发送(hex): 20
[2026/09/15 19:44:19] (00000000) (1) bufsize=(null)
[2026/09/15 19:44:19] 发送(hex): 20
[2026/09/15 19:44:19] 发送(hex): 20
[2026/09/15 19:44:19] 发送(hex): 20
[2026/09/15 19:44:19] uboot start 0x15a800 size 0x120400
[2026/09/15 19:44:19] 发送(hex): 20
[2026/09/15 19:44:19] board_ve
[2026/09/15 19:44:19] 发送(hex): 20
[2026/09/15 19:44:19] 发送(hex): 20
[2026/09/15 19:44:19] rsion: ls1 = 0, ver: 0
[2026/09/15 19:44:19] [0;31mapp_main 325 board_version=0[0m
[2026/09/15 19:44:19] 发送(hex): 20
[2026/09/15 19:44:19] 发送(hex): 20
[2026/09/15 19:44:20] 发送(hex): 20
[2026/09/15 19:44:20] 发送(hex): 20
[2026/09/15 19:44:20] 发送(hex): 20
[2026/09/15 19:44:20] 发送(hex): 20
[2026/09/15 19:44:20] 发送(hex): 20
[2026/09/15 19:44:20] get FW_TZFW flash start 0xf100200 ddr buf start 0x180000 image size 010c2e3 ok!
[2026/09/15 19:44:20] [INFO]RPMB auth key not written !
[2026/09/15 19:44:20] [INFO]RPMB auth key not written !
[2026/09/15 19:44:20] Current board is not frist boot.
[2026/09/15 19:44:20] ALL zero, reserved_3 has removed.
[2026/09/15 19:44:20] Current board remove reserved_3 done.
[2026/09/15 19:44:20] 发送(hex): 20
[2026/09/15 19:44:20] 发送(hex): 20
[2026/09/15 19:44:20] 发送(hex): 20
[2026/09/15 19:44:20] 发送(hex): 20
[2026/09/15 19:44:20] 发送(hex): 20
[2026/09/15 19:44:20] 发送(hex): 20
[2026/09/15 19:44:20] 发送(hex): 20
[2026/09/15 19:44:20] 发送(hex): 20
[2026/09/15 19:44:20] 发送(hex): 20
[2026/09/15 19:44:20] 发送(hex): 20
[2026/09/15 19:44:20] 发送(hex): 20
[2026/09/15 19:44:20] 发送(hex): 20
[2026/09/15 19:44:20] 发送(hex): 20
[2026/09/15 19:44:20] 发送(hex): 20
[2026/09/15 19:44:20] 发送(hex): 20
[2026/09/15 19:44:20] 发送(hex): 20
[2026/09/15 19:44:20] 发送(hex): 20
[2026/09/15 19:44:20] get FW_VKERNEL flash sta
[2026/09/15 19:44:20] 发送(hex): 20
[2026/09/15 19:44:20] 发送(hex): 20
[2026/09/15 19:44:20] rt 0xc100200 ddr buf start 0x1a900000 image size 05f0300 ok!
[2026/09/15 19:44:20] 发送(hex): 20
[2026/09/15 19:44:20] 发送(hex): 20
[2026/09/15 19:44:20] 发送(hex): 20
[2026/09/15 19:44:20] 发送(hex): 20
[2026/09/15 19:44:20] get FW_VKERNEL2 flash start 0xd900200 ddr buf start 0x1af00000 image size 0f4920 ok!
[2026/09/15 19:44:20] 发送(hex): 20
[2026/09/15 19:44:20] 发送(hex): 20
[2026/09/15 19:44:20] 发送(hex): 20
[2026/09/15 19:44:20] 发送(hex): 20
[2026/09/15 19:44:20] 发送(hex): 20
[2026/09/15 19:44:20] 发送(hex): 20
[2026/09/15 19:44:20] 发送(hex): 20
[2026/09/15 19:44:20] 发送(hex): 20
[2026/09/15 19:44:20] 发送(hex): 20
[2026/09/15 19:44:20] 发送(hex): 20
[2026/09/15 19:44:20] 发送(hex): 20
[2026/09/15 19:44:20] 发送(hex): 20
[2026/09/15 19:44:20] 发送(hex): 20
[2026/09/15 19:44:20] 发送(hex): 20
[2026/09/15 19:44:20] 发送(hex): 20
[2026/09/15 19:44:20] 发送(hex): 20
[2026/09/15 19:44:20] 发送(hex): 20
[2026/09/15 19:44:20] 发送(hex): 20
[2026/09/15 19:44:20] 发送(hex): 20
[2026/09/15 19:44:20] 发送(hex): 20
[2026/09/15 19:44:20] 发送(hex): 20
[2026/09/15 19:44:20] 发送(hex): 20
[2026/09/15 19:44:20] 发送(hex): 20
[2026/09/15 19:44:20] 发送(hex): 20
[2026/09/15 19:44:20] 发送(hex): 20
[2026/09/15 19:44:20] 发送(hex): 20
[2026/09/15 19:44:20] get FW_AKERNEL flash start 0xa900200 ddr buf start 0x1b200000 image size 07fbf7c ok!
[2026/09/15 19:44:20] 发送(hex): 20
[2026/09/15 19:44:20] 发送(hex): 20
[2026/09/15 19:44:20] 发送(hex): 20
[2026/09/15 19:44:20] 发送(hex): 20
[2026/09/15 19:44:20] 发送(hex): 20
[2026/09/15 19:44:20] 发送(hex): 20
[2026/09/15 19:44:20] 发送(hex): 20
[2026/09/15 19:44:20] 发送(hex): 20
[2026/09/15 19:44:20] 发送(hex): 20
[2026/09/15 19:44:20] 发送(hex): 20
[2026/09/15 19:44:20] ATFATFATF:0 1 NOTICE: kill CPU(2)...
[2026/09/15 19:44:20] ATF:0 1 NOTICE: kill (2) : PACTIVE:0
[2026/09/15 19:44:20] ATF:0 1 NOTICE:  CPU(2) kill done, pstate(0x0)
[2026/09/15 19:44:20] 发送(hex): 20
[2026/09/15 19:44:20] 发送(hex): 20
[2026/09/15 19:44:20] U
[2026/09/15 19:44:20] 发送(hex): 20
[2026/09/15 19:44:20] 发送(hex): 20
[2026/09/15 19:44:20] 发送(hex): 20
[2026/09/15 19:44:20] 发送(hex): 20
[2026/09/15 19:44:20] 发送(hex): 20
[2026/09/15 19:44:20] 发送(hex): 20
[2026/09/15 19:44:20] 发送(hex): 20
[2026/09/15 19:44:20] 发送(hex): 20
[2026/09/15 19:44:20] 发送(hex): 20
[2026/09/15 19:44:20] 发送(hex): 20
[2026/09/15 19:44:20] 发送(hex): 20
[2026/09/15 19:44:20] fixup_node_name 555. set /reserved
[2026/09/15 19:44:20] 发送(hex): 20
[2026/09/15 19:44:20] 发送(hex): 20
[2026/09/15 19:44:20] 发送(hex): 20
[2026/09/15 19:44:20] 发送(hex): 20
[2026/09/15 19:44:20] -memory@5 to /reserved-memory
[2026/09/15 19:44:20] fixup_node_name 555. set /rtk_cma@5 to /rtk_cma
[2026/09/15 19:44:20] ### [1;31mERROR[0m ### get_movablecore 613. Can't find dtb node /reserved-memory/cma2_memory/reg
[2026/09/15 19:44:20] reinit_mem_info 1049  ddr_size 80000000
[2026/09/15 19:44:20] 发送(hex): 20
[2026/09/15 19:44:20] 发送(hex): 20
[2026/09/15 19:44:20] booting, boot_led_type: 0x00000000, led on[1]
[2026/09/15 19:44:20] set share register: 0x99100000
[2026/09/15 19:44:20] boot_power_on_mode=1
[2026/09/15 19:44:20] [get_layout:1264]!
[2026/09/15 19:44:20] 发送(hex): 20
[2026/09/15 19:44:20] 发送(hex): 20
[2026/09/15 19:44:20] 发送(hex): 20
[2026/09/15 19:44:20] 发送(hex): 20
[2026/09/15 19:44:20] 发送(hex): 20
[2026/09/15 19:44:20] 发送(hex): 20
[2026/09/15 19:44:20] 发送(hex): 20
[2026/09/15 19:44:20] 发送(hex): 20
[2026/09/15 19:44:20] boot_part value = 0 boot_tag value = 21
[2026/09/15 19:44:20] [get_oemkey] 1397: get oem.key = ATV00107525
[2026/09/15 19:44:20] Factory_RO: [EXT4] factory_ro_buffer:0a800000, factory_ro_buffer size:0x1000000!
[2026/09/15 19:44:20] Partiton factory_ro_a located at 0:6
[2026/09/15 19:44:20] factory_ro_a partition can not find /.000@bk@***!
[2026/09/15 19:44:20] Factory RO no need recovery!
[2026/09/15 19:44:20] Get tvconfigs_a partition block device index fail!
[2026/09/15 19:44:20] read customer.ini file fail!
[2026/09/15 19:44:20] parse SYS_INI path fail
[2026/09/15 19:44:20] Not support board ini mechansim!
[2026/09/15 19:44:20] Get tvconfigs_a partition block device index fail!
[2026/09/15 19:44:20] read customer.ini file fail!
[2026/09/15 19:44:20] parse SYS_INI path fail
[2026/09/15 19:44:20] load model ini file fail
[2026/09/15 19:44:20] cannot find PcbPath from ini file
[2026/09/15 19:44:20] no pcb.config in tvconfigs
[2026/09/15 19:44:20] no mnt/vendor/factorypcb.config
[2026/09/15 19:44:20] 发送(hex): 20
[2026/09/15 19:44:21] 发送(hex): 20
[2026/09/15 19:44:21] 发送(hex): 20
[2026/09/15 19:44:21] 发送(hex): 20
[2026/09/15 19:44:21] 发送(hex): 20
[2026/09/15 19:44:21] 发送(hex): 20
[2026/09/15 19:44:21] 发送(hex): 20
[2026/09/15 19:44:21] 发送(hex): 20
[2026/09/15 19:44:21] 发送(hex): 20
[2026/09/15 19:44:21] 发送(hex): 20
[2026/09/15 19:44:21] 发送(hex): 20
[2026/09/15 19:44:21] 发送(hex): 20
[2026/09/15 19:44:21] 发送(hex): 20
[2026/09/15 19:44:21] 发送(hex): 20
[2026/09/15 19:44:21] 发送(hex): 20
[2026/09/15 19:44:21] 发送(hex): 20
[2026/09/15 19:44:21] 发送(hex): 20
[2026/09/15 19:44:21] 发送(hex): 20
[2026/09/15 19:44:21] 发送(hex): 20
[2026/09/15 19:44:21] 发送(hex): 20
[2026/09/15 19:44:21] 发送(hex): 20
[2026/09/15 19:44:21] 发送(hex): 20
[2026/09/15 19:44:21] 发送(hex): 20
[2026/09/15 19:44:21] 发送(hex): 20
[2026/09/15 19:44:21] 发送(hex): 20
[2026/09/15 19:44:21] 发送(hex): 20
[2026/09/15 19:44:21] 发送(hex): 20
[2026/09/15 19:44:21] 发送(hex): 20
[2026/09/15 19:44:21] 发送(hex): 20
[2026/09/15 19:44:21] 发送(hex): 20
[2026/09/15 19:44:21] 发送(hex): 20
[2026/09/15 19:44:21] 发送(hex): 20
[2026/09/15 19:44:21] 发送(hex): 20
[2026/09/15 19:44:21] 发送(hex): 20
[2026/09/15 19:44:21] 发送(hex): 20
[2026/09/15 19:44:21] 发送(hex): 20
[2026/09/15 19:44:21] 发送(hex): 20
[2026/09/15 19:44:21] 发送(hex): 20
[2026/09/15 19:44:21] 发送(hex): 20
[2026/09/15 19:44:21] 发送(hex): 20
[2026/09/15 19:44:21] 发送(hex): 20
[2026/09/15 19:44:21] 发送(hex): 20
[2026/09/15 19:44:21] 发送(hex): 20
[2026/09/15 19:44:21] 发送(hex): 20
[2026/09/15 19:44:21] 发送(hex): 20
[2026/09/15 19:44:21] 发送(hex): 20
[2026/09/15 19:44:21] 发送(hex): 20
[2026/09/15 19:44:21] 发送(hex): 20
[2026/09/15 19:44:21] 发送(hex): 20
[2026/09/15 19:44:21] 发送(hex): 20
[2026/09/15 19:44:21] 发送(hex): 20
[2026/09/15 19:44:21] delay:427
[2026/09/15 19:44:21] 发送(hex): 20
[2026/09/15 19:44:21] 发送(hex): 20
[2026/09/15 19:44:21] 发送(hex): 20
[2026/09/15 19:44:21] 发送(hex): 20
[2026/09/15 19:44:21] 发送(hex): 20
[2026/09/15 19:44:21] 发送(hex): 20
[2026/09/15 19:44:21] 发送(hex): 20
[2026/09/15 19:44:21] 发送(hex): 20
[2026/09/15 19:44:21] 发送(hex): 20
[2026/09/15 19:44:21] 发送(hex): 20
[2026/09/15 19:44:21] 发送(hex): 20
[2026/09/15 19:44:21] 发送(hex): 20
[2026/09/15 19:44:21] 发送(hex): 20
[2026/09/15 19:44:21] 发送(hex): 20
[2026/09/15 19:44:21] 发送(hex): 20
[2026/09/15 19:44:21] 发送(hex): 20
[2026/09/15 19:44:21] 发送(hex): 20
[2026/09/15 19:44:21] 发送(hex): 20
[2026/09/15 19:44:21] 发送(hex): 20
[2026/09/15 19:44:21] 发送(hex): 20
[2026/09/15 19:44:21] 发送(hex): 20
[2026/09/15 19:44:21] 发送(hex): 20
[2026/09/15 19:44:21] 发送(hex): 20
[2026/09/15 19:44:21] 发送(hex): 20
[2026/09/15 19:44:21] 发送(hex): 20
[2026/09/15 19:44:21] 发送(hex): 20
[2026/09/15 19:44:21] 发送(hex): 20
[2026/09/15 19:44:21] 发送(hex): 20
[2026/09/15 19:44:21] 发送(hex): 20
[2026/09/15 19:44:21] 发送(hex): 20
[2026/09/15 19:44:21] Net:   r8168: REALTEK RTL8168 @0x18016000
[2026/09/15 19:44:21] 发送(hex): 20
[2026/09/15 19:44:21] 发送(hex): 20
[2026/09/15 19:44:21] 发送(hex): 20
[2026/09/15 19:44:21] 发送(hex): 20
[2026/09/15 19:44:21] 发送(hex): 20
[2026/09/15 19:44:21] Start Boot Setup ...
[2026/09/15 19:44:21] (powerMgr_get_wakeup_source)2012/05/30 19:50
[2026/09/15 19:44:21] wakeup source : AC
[2026/09/15 19:44:21] 发送(hex): 20
[2026/09/15 19:44:21] 发送(hex): 20
[2026/09/15 19:44:21] 发送(hex): 20
[2026/09/15 19:44:21] (powerMgr_get_wakeup_source)2012/05/30 19:50
[2026/09/15 19:44:21] wakeup source : AC
[2026/09/15 19:44:21] wakeup_src=0, boot_logo_enable=1, bgm_boot_type=0, POWER_ON_MODE_SILEN=0.
[2026/09/15 19:44:21] 发送(hex): 20
[2026/09/15 19:44:21] 发送(hex): 20
[2026/09/15 19:44:22] 发送(hex): 20
[2026/09/15 19:44:22] GDMA module_init finish
[2026/09/15 19:44:22] [GDMA] OSD size[3840,2160]
[2026/09/15 19:44:22] [GDMA] gdma_showlogo gdma show logo 2513
[2026/09/15 19:44:22] Net:   r8168: REALTEK RTL8168 @0x18016000
[2026/09/15 19:44:22] 发送(hex): 20
[2026/09/15 19:44:22] 发送(hex): 20
[2026/09/15 19:44:22] ## Android Verified Boot 2.0
[2026/09/15 19:44:22] 发送(hex): 20
[2026/09/15 19:44:22] version 1.1.0
[2026/09/15 19:44:22] 发送(hex): 20
[2026/09/15 19:44:22] 发送(hex): 20
[2026/09/15 19:44:22] 发送(hex): 20
[2026/09/15 19:44:22] 发送(hex): 20
[2026/09/15 19:44:22] 发送(hex): 20
[2026/09/15 19:44:22] 发送(hex): 20
[2026/09/15 19:44:22] 发送(hex): 20
[2026/09/15 19:44:22] 发送(hex): 20
[2026/09/15 19:44:22] 发送(hex): 20
[2026/09/15 19:44:22] 发送(hex): 20
[2026/09/15 19:44:22] 发送(hex): 20
[2026/09/15 19:44:22] 发送(hex): 20
[2026/09/15 19:44:22] 发送(hex): 20
[2026/09/15 19:44:22] 发送(hex): 20
[2026/09/15 19:44:22] 发送(hex): 20
[2026/09/15 19:44:22] 发送(hex): 20
[2026/09/15 19:44:22] 发送(hex): 20
[2026/09/15 19:44:22] 发送(hex): 20
[2026/09/15 19:44:22] 发送(hex): 20
[2026/09/15 19:44:22] 发送(hex): 20
[2026/09/15 19:44:22] 发送(hex): 20
[2026/09/15 19:44:22] 发送(hex): 20
[2026/09/15 19:44:22] 发送(hex): 20
[2026/09/15 19:44:22] 发送(hex): 20
[2026/09/15 19:44:22] 发送(hex): 20
[2026/09/15 19:44:22] 发送(hex): 20
[2026/09/15 19:44:22] 发送(hex): 20
[2026/09/15 19:44:22] 发送(hex): 20
[2026/09/15 19:44:22] 发送(hex): 20
[2026/09/15 19:44:22] 发送(hex): 20
[2026/09/15 19:44:22] 发送(hex): 20
[2026/09/15 19:44:22] 发送(hex): 20
[2026/09/15 19:44:22] 发送(hex): 20
[2026/09/15 19:44:22] 发送(hex): 20
[2026/09/15 19:44:22] 发送(hex): 20
[2026/09/15 19:44:22] 发送(hex): 20
[2026/09/15 19:44:22] 发送(hex): 20
[2026/09/15 19:44:22] 发送(hex): 20
[2026/09/15 19:44:22] 发送(hex): 20
[2026/09/15 19:44:22] 发送(hex): 20
[2026/09/15 19:44:22] 发送(hex): 20
[2026/09/15 19:44:22] 发送(hex): 20
[2026/09/15 19:44:22] 发送(hex): 20
[2026/09/15 19:44:22] 发送(hex): 20
[2026/09/15 19:44:22] 发送(hex): 20
[2026/09/15 19:44:22] 发送(hex): 20
[2026/09/15 19:44:22] Verification passed successfully
[2026/09/15 19:44:22] [Skip A] boot manual mode
[2026/09/15 19:44:22] [Skip V] boot manual mode
[2026/09/15 19:44:22] is_avb_verify_hash_partition 164 find avb verify part_name boot img_buf 0x66400000 size 0x307a000
[2026/09/15 19:44:22] boot header version : 4
[2026/09/15 19:44:22] is_avb_verify_hash_partition 164 find avb verify part_name vendor_boot img_buf 0x6bc00000 size 0x10a3000
[2026/09/15 19:44:22] get_partition_content_by_name 11954 get gpt_name init_boot_a err,try part name init_boot!
[2026/09/15 19:44:22] get_partition_content_by_name 11956 get part name init_boot err!
[2026/09/15 19:44:22] 发送(hex): 20
[2026/09/15 19:44:22] 发送(hex): 20
[2026/09/15 19:44:22] 发送(hex): 20
[2026/09/15 19:44:22] 发送(hex): 20
[2026/09/15 19:44:22] 发送(hex): 20
[2026/09/15 19:44:22] 发送(hex): 20
[2026/09/15 19:44:22] 发送(hex): 20
[2026/09/15 19:44:22] get_merge_ramdisk 11932 cur_ramdisk_size 0xf3096 real_cur_ramdisk_size 0xf3096
[2026/09/15 19:44:22] get_merge_ramdisk 11932 cur_ramdisk_size 0x2019e5 real_cur_ramdisk_size 0x2019e5
[2026/09/15 19:44:22] is_avb_verify_hash_partition 164 find avb verify part_name dtbo img_buf 0x6fc00000 size 0x1186
[2026/09/15 19:44:22] Net:   r8168: REALTEK RTL8168 @0x18016000
[2026/09/15 19:44:22] 发送(hex): 20
[2026/09/15 19:44:22] 发送(hex): 20
[2026/09/15 19:44:22] 发送(hex): 20
[2026/09/15 19:44:22] 发送(hex): 20
[2026/09/15 19:44:22] [Skip K] boot manual mode (execute "go all")
[2026/09/15 19:44:22] Enter console mode, disable watchdog ...
[2026/09/15 19:44:22] Realtek>
[2026/09/15 19:44:22] 发送(hex): 20
[2026/09/15 19:44:22] 发送(hex): 20
[2026/09/15 19:44:22] 发送(hex): 20
[2026/09/15 19:44:22] 发送(hex): 20
[2026/09/15 19:44:22] 发送(hex): 20
[2026/09/15 19:44:22] 发送(hex): 20
[2026/09/15 19:44:22] 发送(hex): 20
[2026/09/15 19:44:22] 发送(hex): 20
[2026/09/15 19:44:22] 发送(hex): 20
[2026/09/15 19:44:22] 发送(hex): 20
[2026/09/15 19:44:22] 发送(hex): 20
[2026/09/15 19:44:22] 发送(hex): 20
[2026/09/15 19:44:22] 发送(hex): 20
[2026/09/15 19:44:22] 发送(hex): 20
[2026/09/15 19:44:22] 发送(hex): 20
[2026/09/15 19:44:22] 发送(hex): 20
[2026/09/15 19:44:22] 发送(hex): 20
[2026/09/15 19:44:22] 发送(hex): 20
[2026/09/15 19:44:22] 发送(hex): 20
[2026/09/15 19:44:22] 发送(hex): 20
[2026/09/15 19:44:22] 发送(hex): 20
[2026/09/15 19:44:22] 发送(hex): 20
[2026/09/15 19:44:22] 发送(hex): 20
[2026/09/15 19:44:22] 发送(hex): 20
[2026/09/15 19:44:22] 发送(hex): 20
[2026/09/15 19:44:22] 发送(hex): 20
[2026/09/15 19:44:22] 发送(hex): 20
[2026/09/15 19:44:22] 发送(hex): 20
[2026/09/15 19:44:22] 发送(hex): 20
[2026/09/15 19:44:23] 发送(hex): 20
[2026/09/15 19:44:23] 发送(hex): 20
[2026/09/15 19:44:23] 发送(hex): 20
[2026/09/15 19:44:23] 发送(hex): 20
[2026/09/15 19:44:23] 发送(hex): 20
[2026/09/15 19:44:23] 发送(hex): 20
[2026/09/15 19:44:23] 发送(hex): 20
[2026/09/15 19:44:23] 发送(hex): 20
[2026/09/15 19:44:23] 发送(hex): 20
[2026/09/15 19:44:23] 发送(hex): 20
[2026/09/15 19:44:23] 发送(hex): 20
[2026/09/15 19:44:23] 发送(hex): 20
[2026/09/15 19:44:23] 发送(hex): 20
[2026/09/15 19:44:23] 发送(hex): 20
[2026/09/15 19:44:23] 发送(hex): 20
[2026/09/15 19:44:23] 发送(hex): 20
[2026/09/15 19:44:23] 发送(hex): 20
[2026/09/15 19:44:23] 发送(hex): 20
[2026/09/15 19:44:23] 发送(hex): 20
[2026/09/15 19:44:23] 发送(hex): 20
[2026/09/15 19:44:23] 发送(hex): 20
[2026/09/15 19:44:23] 发送(hex): 20
[2026/09/15 19:44:23] 发送(hex): 20
[2026/09/15 19:44:23] 发送(hex): 20
[2026/09/15 19:44:23] 发送(hex): 20
[2026/09/15 19:44:23] 发送(hex): 20
[2026/09/15 19:44:23] 发送(hex): 20
[2026/09/15 19:44:23] 发送(hex): 20
[2026/09/15 19:44:23] 发送(hex): 20
[2026/09/15 19:44:23] 发送(hex): 20
[2026/09/15 19:44:23] 发送(hex): 20
[2026/09/15 19:44:23] 发送(hex): 20
[2026/09/15 19:44:23] 发送(hex): 20
[2026/09/15 19:44:23] 发送(hex): 20
[2026/09/15 19:44:23] 发送(hex): 20
[2026/09/15 19:44:23] 发送(hex): 20
[2026/09/15 19:44:23] 发送(hex): 20
[2026/09/15 19:44:23] 发送(hex): 20
[2026/09/15 19:44:23] 发送(hex): 20
[2026/09/15 19:44:23] 发送(hex): 20
[2026/09/15 19:44:23] 发送(hex): 20
[2026/09/15 19:44:23] 发送(hex): 20
[2026/09/15 19:44:23] 发送(hex): 20
[2026/09/15 19:44:23] 发送(hex): 20
[2026/09/15 19:44:23] 发送(hex): 20
[2026/09/15 19:44:23] 发送(hex): 20
[2026/09/15 19:44:23] 发送(hex): 20
[2026/09/15 19:44:23] 发送(hex): 20
[2026/09/15 19:44:23] 发送(hex): 20
[2026/09/15 19:44:23] 发送(hex): 20
[2026/09/15 19:44:23] 发送(hex): 20
[2026/09/15 19:44:23] 发送(hex): 20
[2026/09/15 19:44:23] 发送(hex): 20
[2026/09/15 19:44:23] 发送(hex): 20
[2026/09/15 19:44:23] 发送(hex): 20
[2026/09/15 19:44:23] 发送(hex): 20
[2026/09/15 19:44:23] 发送(hex): 20
[2026/09/15 19:44:23] 发送(hex): 20
[2026/09/15 19:44:23] 发送(hex): 20
[2026/09/15 19:44:23] 发送(hex): 20
[2026/09/15 19:44:23] 发送(hex): 20
[2026/09/15 19:44:23] 发送(hex): 20
[2026/09/15 19:44:23] 发送(hex): 20
[2026/09/15 19:44:23] 发送(hex): 20
[2026/09/15 19:44:23] 发送(hex): 20
[2026/09/15 19:44:23] 发送(hex): 20
[2026/09/15 19:44:23] 发送(hex): 20
[2026/09/15 19:44:23] 发送(hex): 20
[2026/09/15 19:44:23] 发送(hex): 20
[2026/09/15 19:44:23] 发送(hex): 20
[2026/09/15 19:44:23] 发送(hex): 20
[2026/09/15 19:44:23] 发送(hex): 20
[2026/09/15 19:44:23] 发送(hex): 20
[2026/09/15 19:44:23] 发送(hex): 20
[2026/09/15 19:44:23] 发送(hex): 20
[2026/09/15 19:44:23] 发送(hex): 20
[2026/09/15 19:44:23] 发送(hex): 20
[2026/09/15 19:44:23] 发送(hex): 20
[2026/09/15 19:44:23] 发送(hex): 20
[2026/09/15 19:44:23] 发送(hex): 20
[2026/09/15 19:44:23] 发送(hex): 20
[2026/09/15 19:44:23] 发送(hex): 20
[2026/09/15 19:44:23] 发送(hex): 20
[2026/09/15 19:44:23] 发送(hex): 20
[2026/09/15 19:44:23] 发送(hex): 20
[2026/09/15 19:44:23] 发送(hex): 20
[2026/09/15 19:44:23] 发送(hex): 20
[2026/09/15 19:44:23] 发送(hex): 20
[2026/09/15 19:44:23] 发送(hex): 20
[2026/09/15 19:44:23] 发送(hex): 20
[2026/09/15 19:44:24] 发送(hex): 20
[2026/09/15 19:44:24] 发送(hex): 20
[2026/09/15 19:44:24] 发送(hex): 20
[2026/09/15 19:44:24] 发送(hex): 20
[2026/09/15 19:44:24] 发送(hex): 20
[2026/09/15 19:44:24] 发送(hex): 20
[2026/09/15 19:44:24] 发送(hex): 20
[2026/09/15 19:44:24] 发送(hex): 20
[2026/09/15 19:44:24] 发送(hex): 20
[2026/09/15 19:44:24] 发送(hex): 20
[2026/09/15 19:44:24] 发送(hex): 20
[2026/09/15 19:44:24] 发送(hex): 20
[2026/09/15 19:44:24] 发送(hex): 20
[2026/09/15 19:44:24] 发送(hex): 20
[2026/09/15 19:44:24] 发送(hex): 20
[2026/09/15 19:44:24] 发送(hex): 20
[2026/09/15 19:44:24] 发送(hex): 20
[2026/09/15 19:44:24] 发送(hex): 20
[2026/09/15 19:44:24] 发送(hex): 20
[2026/09/15 19:44:24] 发送(hex): 20
[2026/09/15 19:44:24] 发送(hex): 20
[2026/09/15 19:44:24] 发送(hex): 20
[2026/09/15 19:44:24] 发送(hex): 20
[2026/09/15 19:44:24] 发送(hex): 20
[2026/09/15 19:44:24] 发送(hex): 20
[2026/09/15 19:44:24] 发送(hex): 20
[2026/09/15 19:44:24] 发送(hex): 20
[2026/09/15 19:44:24] 发送(hex): 20
[2026/09/15 19:44:24] 发送(hex): 20
[2026/09/15 19:44:24] 发送(hex): 20
[2026/09/15 19:44:24] 发送(hex): 20
[2026/09/15 19:44:24] 发送(hex): 20
[2026/09/15 19:44:24] 发送(hex): 20
[2026/09/15 19:44:24] 发送(hex): 20
[2026/09/15 19:44:24] 发送(hex): 20
[2026/09/15 19:44:24] 发送(hex): 20
[2026/09/15 19:44:24] 发送(hex): 20
[2026/09/15 19:44:24] 发送(hex): 20
[2026/09/15 19:44:24] 发送(hex): 20
[2026/09/15 19:44:24] 发送(hex): 20
[2026/09/15 19:44:24] 发送(hex): 20
[2026/09/15 19:44:24] 发送(hex): 20
[2026/09/15 19:44:24] 发送(hex): 20
[2026/09/15 19:44:24] 发送(hex): 20
[2026/09/15 19:44:24] 发送(hex): 20
[2026/09/15 19:44:24] 发送(hex): 20
[2026/09/15 19:44:24] 发送(hex): 20
[2026/09/15 19:44:24] 发送(hex): 20
[2026/09/15 19:44:24] 发送(hex): 20
[2026/09/15 19:44:24] 发送(hex): 20
[2026/09/15 19:44:24] 发送(hex): 20
[2026/09/15 19:44:24] 发送(hex): 20
[2026/09/15 19:44:24] 发送(hex): 20
[2026/09/15 19:44:24] 发送(hex): 20
[2026/09/15 19:44:24] 发送(hex): 20
[2026/09/15 19:44:24] 发送(hex): 20
[2026/09/15 19:44:24] 发送(hex): 20
[2026/09/15 19:44:24] 发送(hex): 20
[2026/09/15 19:44:24] 发送(hex): 20
[2026/09/15 19:44:24] 发送(hex): 20
[2026/09/15 19:44:24] 发送(hex): 20
[2026/09/15 19:44:24] 发送(hex): 20
[2026/09/15 19:44:24] 发送(hex): 20
[2026/09/15 19:44:24] 发送(hex): 20
[2026/09/15 19:44:24] 发送(hex): 20
[2026/09/15 19:44:24] 发送(hex): 20
[2026/09/15 19:44:24] 发送(hex): 20
[2026/09/15 19:44:24] 发送(hex): 20
[2026/09/15 19:44:24] 发送(hex): 20
[2026/09/15 19:44:24] 发送(hex): 20
[2026/09/15 19:44:24] 发送(hex): 20
[2026/09/15 19:44:24] 发送(hex): 20
[2026/09/15 19:44:24] 发送(hex): 20
[2026/09/15 19:44:24] 发送(hex): 20
[2026/09/15 19:44:24] 发送(hex): 20
[2026/09/15 19:44:24] 发送(hex): 20
[2026/09/15 19:44:24] 发送(hex): 20
[2026/09/15 19:44:24] 发送(hex): 20
[2026/09/15 19:44:24] 发送(hex): 20
[2026/09/15 19:44:24] 发送(hex): 20
[2026/09/15 19:44:24] 发送(hex): 20
[2026/09/15 19:44:24] 发送(hex): 20
[2026/09/15 19:44:24] 发送(hex): 20
[2026/09/15 19:44:24] 发送(hex): 20
[2026/09/15 19:44:24] 发送(hex): 20
[2026/09/15 19:44:24] 发送(hex): 20
[2026/09/15 19:44:24] 发送(hex): 20
[2026/09/15 19:44:24] 发送(hex): 20
[2026/09/15 19:44:24] 发送(hex): 20
[2026/09/15 19:44:24] 发送(hex): 20
[2026/09/15 19:44:24] 发送(hex): 20
[2026/09/15 19:44:24] 发送(hex): 20
[2026/09/15 19:44:25] 发送(hex): 20
[2026/09/15 19:44:25] 发送(hex): 20
[2026/09/15 19:44:25] 发送(hex): 20
[2026/09/15 19:44:25] 发送(hex): 20
[2026/09/15 19:44:25] 发送(hex): 20
[2026/09/15 19:44:25] 发送(hex): 20
[2026/09/15 19:44:25] 发送(hex): 20
[2026/09/15 19:44:25] 发送(hex): 20
[2026/09/15 19:44:25] 发送(hex): 20
[2026/09/15 19:44:25] 发送(hex): 20
[2026/09/15 19:44:25] 发送(hex): 20
[2026/09/15 19:44:25] 发送(hex): 20
[2026/09/15 19:44:25] 发送(hex): 20
[2026/09/15 19:44:25] 发送(hex): 20
[2026/09/15 19:44:25] 发送(hex): 20
[2026/09/15 19:44:25] 发送(hex): 20
[2026/09/15 19:44:25] 发送(hex): 20
[2026/09/15 19:44:25] 发送(hex): 20
[2026/09/15 19:44:25] 发送(hex): 20
[2026/09/15 19:44:25] 发送(hex): 20
[2026/09/15 19:44:25] 发送(hex): 20
[2026/09/15 19:44:25] 发送(hex): 20
[2026/09/15 19:44:25] 发送(hex): 20
[2026/09/15 19:44:25] 发送(hex): 20
[2026/09/15 19:44:25] 发送(hex): 20
[2026/09/15 19:44:25] 发送(hex): 20
[2026/09/15 19:44:25] 发送(hex): 20
[2026/09/15 19:44:25] 发送(hex): 20
[2026/09/15 19:44:25] 发送(hex): 20
[2026/09/15 19:44:25] 发送(hex): 20
[2026/09/15 19:44:25] 发送(hex): 20
[2026/09/15 19:44:25] 发送(hex): 20
[2026/09/15 19:44:25] 发送(hex): 20
[2026/09/15 19:44:25] 发送(hex): 20
[2026/09/15 19:44:25] 发送(hex): 20
[2026/09/15 19:44:25] 发送(hex): 20
[2026/09/15 19:44:25] 发送(hex): 20
[2026/09/15 19:44:25] 发送(hex): 20
[2026/09/15 19:44:25] 发送(hex): 20
[2026/09/15 19:44:25] 发送(hex): 20
[2026/09/15 19:44:25] 发送(hex): 20
[2026/09/15 19:44:25] 发送(hex): 20
[2026/09/15 19:44:25] 发送(hex): 20
[2026/09/15 19:44:25] 发送(hex): 20
[2026/09/15 19:44:25] 发送(hex): 20
[2026/09/15 19:44:25] 发送(hex): 20
[2026/09/15 19:44:25] 发送(hex): 20
[2026/09/15 19:44:25] 发送(hex): 20
[2026/09/15 19:44:25] 发送(hex): 20
[2026/09/15 19:44:25] 发送(hex): 20
[2026/09/15 19:44:25] 发送(hex): 20
[2026/09/15 19:44:25] 发送(hex): 20
[2026/09/15 19:44:25] 发送(hex): 20
[2026/09/15 19:44:25] 发送(hex): 20
[2026/09/15 19:44:25] 发送(hex): 20
[2026/09/15 19:44:25] 发送(hex): 20
[2026/09/15 19:44:25] 发送(hex): 20
[2026/09/15 19:44:25] 发送(hex): 20
[2026/09/15 19:44:25] 发送(hex): 20
[2026/09/15 19:44:25] 发送(hex): 20
[2026/09/15 19:44:25] 发送(hex): 20
[2026/09/15 19:44:25] 发送(hex): 20
[2026/09/15 19:44:25] 发送(hex): 20
[2026/09/15 19:44:25] 发送(hex): 20
[2026/09/15 19:44:25] 发送(hex): 20
[2026/09/15 19:44:25] 发送(hex): 20
[2026/09/15 19:44:25] 发送(hex): 20
[2026/09/15 19:44:25] 发送(hex): 20
[2026/09/15 19:44:25] 发送(hex): 20
[2026/09/15 19:44:25] 发送(hex): 20
[2026/09/15 19:44:25] 发送(hex): 20
[2026/09/15 19:44:25] 发送(hex): 20
[2026/09/15 19:44:25] 发送(hex): 20
[2026/09/15 19:44:25] 发送(hex): 20
[2026/09/15 19:44:25] 发送(hex): 20
[2026/09/15 19:44:25] 发送(hex): 20
[2026/09/15 19:44:25] 发送(hex): 20
[2026/09/15 19:44:25] 发送(hex): 20
[2026/09/15 19:44:25] 发送(hex): 20
[2026/09/15 19:44:25] 发送(hex): 20
[2026/09/15 19:44:25] 发送(hex): 20
[2026/09/15 19:44:25] 发送(hex): 20
[2026/09/15 19:44:25] 发送(hex): 20
[2026/09/15 19:44:25] 发送(hex): 20
[2026/09/15 19:44:25] 发送(hex): 20
[2026/09/15 19:44:25] 发送(hex): 20
[2026/09/15 19:44:25] 发送(hex): 20
[2026/09/15 19:44:25] 发送(hex): 20
[2026/09/15 19:44:25] 发送(hex): 20
[2026/09/15 19:44:25] 发送(hex): 20
[2026/09/15 19:44:25] 发送(hex): 20
[2026/09/15 19:44:26] 发送(hex): 20
[2026/09/15 19:44:26] 发送(hex): 20
[2026/09/15 19:44:26] 发送(hex): 20
[2026/09/15 19:44:26] 发送(hex): 20
[2026/09/15 19:44:26] 发送(hex): 20
[2026/09/15 19:44:26] 发送(hex): 20
[2026/09/15 19:44:26] 发送(hex): 20
[2026/09/15 19:44:26] 发送(hex): 20
[2026/09/15 19:44:26] 发送(hex): 20
[2026/09/15 19:44:26] 发送(hex): 20
[2026/09/15 19:44:26] 发送(hex): 20
[2026/09/15 19:44:26] 发送(hex): 20
[2026/09/15 19:44:26] 发送(hex): 20
[2026/09/15 19:44:26] 发送(hex): 20
[2026/09/15 19:44:26] 发送(hex): 20
[2026/09/15 19:44:26] 发送(hex): 20
[2026/09/15 19:44:26] 发送(hex): 20
[2026/09/15 19:44:26] 发送(hex): 20
[2026/09/15 19:44:26] 发送(hex): 20
[2026/09/15 19:44:26] 发送(hex): 20
[2026/09/15 19:44:26] 发送(hex): 20
[2026/09/15 19:44:26] 发送(hex): 20
[2026/09/15 19:44:26] 发送(hex): 20
[2026/09/15 19:44:26] 发送(hex): 20
[2026/09/15 19:44:26] 发送(hex): 20
[2026/09/15 19:44:26] 发送(hex): 20
[2026/09/15 19:44:26] 发送(hex): 20
[2026/09/15 19:44:26] 发送(hex): 20
[2026/09/15 19:44:26] 发送(hex): 20
[2026/09/15 19:44:26] 发送(hex): 20
[2026/09/15 19:44:26] 发送(hex): 20
[2026/09/15 19:44:26] 发送(hex): 20
[2026/09/15 19:44:26] 发送(hex): 20
[2026/09/15 19:44:26] 发送(hex): 20
[2026/09/15 19:44:26] 发送(hex): 20
[2026/09/15 19:44:26] 发送(hex): 20
[2026/09/15 19:44:26] 发送(hex): 20
[2026/09/15 19:44:26] 发送(hex): 20
[2026/09/15 19:44:26] 发送(hex): 20
[2026/09/15 19:44:26] 发送(hex): 20
[2026/09/15 19:44:26] 发送(hex): 20
[2026/09/15 19:44:26] 发送(hex): 20
[2026/09/15 19:44:26] 发送(hex): 20
[2026/09/15 19:44:26] 发送(hex): 20
[2026/09/15 19:44:26] 发送(hex): 20
[2026/09/15 19:44:26] 发送(hex): 20
[2026/09/15 19:44:26] 发送(hex): 20
[2026/09/15 19:44:26] 发送(hex): 20
[2026/09/15 19:44:26] 发送(hex): 20
[2026/09/15 19:44:26] 发送(hex): 20
[2026/09/15 19:44:26] 发送(hex): 20
[2026/09/15 19:44:26] 发送(hex): 20
[2026/09/15 19:44:26] 发送(hex): 20
[2026/09/15 19:44:26] 发送(hex): 20
[2026/09/15 19:44:26] 发送(hex): 20
[2026/09/15 19:44:26] 发送(hex): 20
[2026/09/15 19:44:26] 发送(hex): 20
[2026/09/15 19:44:26] 发送(hex): 20
[2026/09/15 19:44:26] 发送(hex): 20
[2026/09/15 19:44:26] 发送(hex): 20
[2026/09/15 19:44:26] 发送(hex): 20
[2026/09/15 19:44:26] 发送(hex): 20
[2026/09/15 19:44:26] 发送(hex): 20
[2026/09/15 19:44:26] 发送(hex): 20
[2026/09/15 19:44:26] 发送(hex): 20
[2026/09/15 19:44:26] 发送(hex): 20
[2026/09/15 19:44:26] 发送(hex): 20
[2026/09/15 19:44:26] 发送(hex): 20
[2026/09/15 19:44:26] 发送(hex): 20
[2026/09/15 19:44:26] 发送(hex): 20
[2026/09/15 19:44:26] 发送(hex): 20
[2026/09/15 19:44:26] 发送(hex): 20
[2026/09/15 19:44:26] 发送(hex): 20
[2026/09/15 19:44:26] 发送(hex): 20
[2026/09/15 19:44:26] 发送(hex): 20
[2026/09/15 19:44:26] 发送(hex): 20
[2026/09/15 19:44:26] 发送(hex): 20
[2026/09/15 19:44:26] 发送(hex): 20
[2026/09/15 19:44:26] 发送(hex): 20
[2026/09/15 19:44:26] 发送(hex): 20
[2026/09/15 19:44:26] 发送(hex): 20
[2026/09/15 19:44:26] 发送(hex): 20
[2026/09/15 19:44:26] 发送(hex): 20
[2026/09/15 19:44:26] 发送(hex): 20
[2026/09/15 19:44:26] 发送(hex): 20
[2026/09/15 19:44:27] 发送(hex): 20
[2026/09/15 19:44:27] 发送(hex): 20
[2026/09/15 19:44:27] 发送(hex): 20
[2026/09/15 19:44:27] 发送(hex): 20
[2026/09/15 19:44:27] 发送(hex): 20
[2026/09/15 19:44:27] 发送(hex): 20
[2026/09/15 19:44:27] 发送(hex): 20
[2026/09/15 19:44:27] 发送(hex): 20
[2026/09/15 19:44:27] 发送(hex): 20
[2026/09/15 19:44:27] 发送(hex): 20
[2026/09/15 19:44:27] 发送(hex): 20
[2026/09/15 19:44:27] 发送(hex): 20
[2026/09/15 19:44:27] 发送(hex): 20
[2026/09/15 19:44:27] 发送(hex): 20
[2026/09/15 19:44:27] 发送(hex): 20
[2026/09/15 19:44:27] 发送(hex): 20
[2026/09/15 19:44:27] 发送(hex): 20
[2026/09/15 19:44:27] 发送(hex): 20
[2026/09/15 19:44:27] 发送(hex): 20
[2026/09/15 19:44:27] 发送(hex): 20
[2026/09/15 19:44:27] 发送(hex): 20
[2026/09/15 19:44:27] 发送(hex): 20
[2026/09/15 19:44:27] 发送(hex): 20
[2026/09/15 19:44:27] 发送(hex): 20
[2026/09/15 19:44:27] 发送(hex): 20
[2026/09/15 19:44:27] 发送(hex): 20
[2026/09/15 19:44:27] 发送(hex): 20
[2026/09/15 19:44:27] 发送(hex): 20
[2026/09/15 19:44:27] 发送(hex): 20
[2026/09/15 19:44:27] 发送(hex): 20
[2026/09/15 19:44:27] 发送(hex): 20
[2026/09/15 19:44:27] 发送(hex): 20
[2026/09/15 19:44:27] 发送(hex): 20
[2026/09/15 19:44:27] 发送(hex): 20
[2026/09/15 19:44:27] 发送(hex): 20
[2026/09/15 19:44:27] 发送(hex): 20
[2026/09/15 19:44:27] 发送(hex): 20
[2026/09/15 19:44:27] 发送(hex): 20
[2026/09/15 19:44:27] 发送(hex): 20
[2026/09/15 19:44:27] 发送(hex): 20
[2026/09/15 19:44:27] 发送(hex): 20
[2026/09/15 19:44:27] 发送(hex): 20
[2026/09/15 19:44:27] 发送(hex): 20
[2026/09/15 19:44:27] 发送(hex): 20
[2026/09/15 19:44:27] 发送(hex): 20
[2026/09/15 19:44:27] 发送(hex): 20
[2026/09/15 19:44:27] 发送(hex): 20
[2026/09/15 19:44:27] 发送(hex): 20
[2026/09/15 19:44:27] 发送(hex): 20
[2026/09/15 19:44:27] 发送(hex): 20
[2026/09/15 19:44:27] 发送(hex): 20
[2026/09/15 19:44:27] 发送(hex): 20
[2026/09/15 19:44:27] 发送(hex): 20
[2026/09/15 19:44:27] 发送(hex): 20
[2026/09/15 19:44:27] 发送(hex): 20
[2026/09/15 19:44:27] 发送(hex): 20
[2026/09/15 19:44:27] 发送(hex): 20
[2026/09/15 19:44:27] 发送(hex): 20
[2026/09/15 19:44:27] 发送(hex): 20
[2026/09/15 19:44:27] 发送(hex): 20
[2026/09/15 19:44:27] 发送(hex): 20
[2026/09/15 19:44:27] 发送(hex): 20
[2026/09/15 19:44:27] 发送(hex): 20
[2026/09/15 19:44:27] 发送(hex): 20
[2026/09/15 19:44:27] 发送(hex): 20
[2026/09/15 19:44:27] 发送(hex): 20
[2026/09/15 19:44:27] 发送(hex): 20
[2026/09/15 19:44:27] 发送(hex): 20
[2026/09/15 19:44:27] 发送(hex): 20
[2026/09/15 19:44:27] 发送(hex): 20
[2026/09/15 19:44:27] 发送(hex): 20
[2026/09/15 19:44:27] 发送(hex): 20
[2026/09/15 19:44:27] 发送(hex): 20
[2026/09/15 19:44:27] 发送(hex): 20
[2026/09/15 19:44:27] 发送(hex): 20
[2026/09/15 19:44:27] 发送(hex): 20
[2026/09/15 19:44:27] 发送(hex): 20
[2026/09/15 19:44:27] 发送(hex): 20
[2026/09/15 19:44:27] 发送(hex): 20
[2026/09/15 19:44:27] 发送(hex): 20
[2026/09/15 19:44:27] 发送(hex): 20
[2026/09/15 19:44:27] 发送(hex): 20
[2026/09/15 19:44:27] 发送(hex): 20
[2026/09/15 19:44:27] 发送(hex): 20
[2026/09/15 19:44:27] 发送(hex): 20
[2026/09/15 19:44:27] 发送(hex): 20
[2026/09/15 19:44:27] 发送(hex): 20
[2026/09/15 19:44:27] 发送(hex): 20
[2026/09/15 19:44:27] 发送(hex): 20
[2026/09/15 19:44:28] 发送(hex): 20
[2026/09/15 19:44:28] 发送(hex): 20
[2026/09/15 19:44:28] 发送(hex): 20
[2026/09/15 19:44:28] 发送(hex): 20
[2026/09/15 19:44:28] 发送(hex): 20
[2026/09/15 19:44:28] 发送(hex): 20
[2026/09/15 19:44:28] 发送(hex): 20
[2026/09/15 19:44:28] 发送(hex): 20
[2026/09/15 19:44:28] 发送(hex): 20
[2026/09/15 19:44:28] 发送(hex): 20
[2026/09/15 19:44:28] 发送(hex): 20
[2026/09/15 19:44:28] 发送(hex): 20
[2026/09/15 19:44:28] 发送(hex): 20
[2026/09/15 19:44:28] 发送(hex): 20
[2026/09/15 19:44:28] 发送(hex): 20
[2026/09/15 19:44:28] 发送(hex): 20
[2026/09/15 19:44:28] 发送(hex): 20
[2026/09/15 19:44:28] 发送(hex): 20
[2026/09/15 19:44:28] 发送(hex): 20
[2026/09/15 19:44:28] 发送(hex): 20
[2026/09/15 19:44:28] 发送(hex): 20
[2026/09/15 19:44:28] 发送(hex): 20
[2026/09/15 19:44:28] 发送(hex): 20
[2026/09/15 19:44:28] 发送(hex): 20
[2026/09/15 19:44:28] 发送(hex): 20
[2026/09/15 19:44:28] 发送(hex): 20
[2026/09/15 19:44:28] 发送(hex): 20
[2026/09/15 19:44:28] 发送(hex): 20
[2026/09/15 19:44:28] 发送(hex): 20
[2026/09/15 19:44:28] 发送(hex): 20
[2026/09/15 19:44:28] 发送(hex): 20
[2026/09/15 19:44:28] 发送(hex): 20
[2026/09/15 19:44:28] 发送(hex): 20
[2026/09/15 19:44:28] 发送(hex): 20
[2026/09/15 19:44:28] 发送(hex): 20
[2026/09/15 19:44:28] 发送(hex): 20
[2026/09/15 19:44:28] 发送(hex): 20
[2026/09/15 19:44:28] 发送(hex): 20
[2026/09/15 19:44:28] 发送(hex): 20
[2026/09/15 19:44:28] 发送(hex): 20
[2026/09/15 19:44:28] 发送(hex): 20
[2026/09/15 19:44:28] 发送(hex): 20
[2026/09/15 19:44:28] 发送(hex): 20
[2026/09/15 19:44:28] 发送(hex): 20
[2026/09/15 19:44:28] 发送(hex): 20
[2026/09/15 19:44:28] 发送(hex): 20
[2026/09/15 19:44:28] 发送(hex): 20
[2026/09/15 19:44:28] 发送(hex): 20
[2026/09/15 19:44:28] 发送(hex): 20
[2026/09/15 19:44:28] 发送(hex): 20
[2026/09/15 19:44:28] 发送(hex): 20
[2026/09/15 19:44:28] 发送(hex): 20
[2026/09/15 19:44:28] 发送(hex): 20
[2026/09/15 19:44:28] 发送(hex): 20
[2026/09/15 19:44:28] 发送(hex): 20
[2026/09/15 19:44:28] 发送(hex): 20
[2026/09/15 19:44:28] 发送(hex): 20
[2026/09/15 19:44:28] 发送(hex): 20
[2026/09/15 19:44:28] 发送(hex): 20
[2026/09/15 19:44:28] 发送(hex): 20
[2026/09/15 19:44:28] 发送(hex): 20
[2026/09/15 19:44:28] 发送(hex): 20
[2026/09/15 19:44:28] 发送(hex): 20
[2026/09/15 19:44:28] 发送(hex): 20
[2026/09/15 19:44:28] 发送(hex): 20
[2026/09/15 19:44:28] 发送(hex): 20
[2026/09/15 19:44:28] 发送(hex): 20
[2026/09/15 19:44:28] 发送(hex): 20
[2026/09/15 19:44:28] 发送(hex): 20
[2026/09/15 19:44:28] 发送(hex): 20
[2026/09/15 19:44:28] 发送(hex): 20
[2026/09/15 19:44:28] 发送(hex): 20
[2026/09/15 19:44:28] 发送(hex): 20
[2026/09/15 19:44:28] 发送(hex): 20
[2026/09/15 19:44:28] 发送(hex): 20
[2026/09/15 19:44:28] 发送(hex): 20
[2026/09/15 19:44:28] 发送(hex): 20
[2026/09/15 19:44:28] 发送(hex): 20
[2026/09/15 19:44:28] 发送(hex): 20
[2026/09/15 19:44:28] 发送(hex): 20
[2026/09/15 19:44:28] 发送(hex): 20
[2026/09/15 19:44:28] 发送(hex): 20
[2026/09/15 19:44:28] 发送(hex): 20
[2026/09/15 19:44:28] 发送(hex): 20
[2026/09/15 19:44:28] 发送(hex): 20
[2026/09/15 19:44:28] 发送(hex): 20
[2026/09/15 19:44:28] 发送(hex): 20
[2026/09/15 19:44:28] 发送(hex): 20
[2026/09/15 19:44:28] 发送(hex): 20
[2026/09/15 19:44:28] 发送(hex): 20
[2026/09/15 19:44:28] 发送(hex): 20
[2026/09/15 19:44:28] 发送(hex): 20
[2026/09/15 19:44:29] 发送(hex): 20
[2026/09/15 19:44:29] 发送(hex): 20
[2026/09/15 19:44:29] 发送(hex): 20
[2026/09/15 19:44:29] 发送(hex): 20
[2026/09/15 19:44:29] 发送(hex): 20
[2026/09/15 19:44:29] 发送(hex): 20
[2026/09/15 19:44:29] 发送(hex): 20
[2026/09/15 19:44:29] 发送(hex): 20
[2026/09/15 19:44:29] 发送(hex): 20
[2026/09/15 19:44:29] 发送(hex): 20
[2026/09/15 19:44:29] 发送(hex): 20
[2026/09/15 19:44:29] 发送(hex): 20
[2026/09/15 19:44:29] 发送(hex): 20
[2026/09/15 19:44:29] 发送(hex): 20
[2026/09/15 19:44:29] 发送(hex): 20
[2026/09/15 19:44:29] 发送(hex): 20
[2026/09/15 19:44:29] 发送(hex): 20
[2026/09/15 19:44:29] 发送(hex): 20
[2026/09/15 19:44:29] 发送(hex): 20
[2026/09/15 19:44:29] 发送(hex): 20
[2026/09/15 19:44:29] 发送(hex): 20
[2026/09/15 19:44:29] 发送(hex): 20
[2026/09/15 19:44:29] 发送(hex): 20
[2026/09/15 19:44:29] 发送(hex): 20
[2026/09/15 19:44:29] 发送(hex): 20
[2026/09/15 19:44:29] 发送(hex): 20
[2026/09/15 19:44:29] 发送(hex): 20
[2026/09/15 19:44:29] 发送(hex): 20
[2026/09/15 19:44:29] 发送(hex): 20
[2026/09/15 19:44:29] 发送(hex): 20
[2026/09/15 19:44:29] 发送(hex): 20
[2026/09/15 19:44:29] 发送(hex): 20
[2026/09/15 19:44:29] 发送(hex): 20
[2026/09/15 19:44:29] 发送(hex): 20
[2026/09/15 19:44:29] 发送(hex): 20
[2026/09/15 19:44:29] 发送(hex): 20
[2026/09/15 19:44:29] 发送(hex): 20
[2026/09/15 19:44:29] 发送(hex): 20
[2026/09/15 19:44:29] 发送(hex): 20
[2026/09/15 19:44:29] 发送(hex): 20
[2026/09/15 19:44:29] 发送(hex): 20
[2026/09/15 19:44:29] 发送(hex): 20
[2026/09/15 19:44:29] 发送(hex): 20
[2026/09/15 19:44:29] 发送(hex): 20
[2026/09/15 19:44:29] 发送(hex): 20
[2026/09/15 19:44:29] 发送(hex): 20
[2026/09/15 19:44:29] 发送(hex): 20
[2026/09/15 19:44:29] 发送(hex): 20
[2026/09/15 19:44:29] 发送(hex): 20
[2026/09/15 19:44:29] 发送(hex): 20
[2026/09/15 19:44:29] 发送(hex): 20
[2026/09/15 19:44:29] 发送(hex): 20
[2026/09/15 19:44:29] 发送(hex): 20
[2026/09/15 19:44:29] 发送(hex): 20
[2026/09/15 19:44:29] 发送(hex): 20
[2026/09/15 19:44:29] 发送(hex): 20
[2026/09/15 19:44:29] 发送(hex): 20
[2026/09/15 19:44:29] 发送(hex): 20
[2026/09/15 19:44:29] 发送(hex): 20
[2026/09/15 19:44:29] 发送(hex): 20
[2026/09/15 19:44:29] 发送(hex): 20
[2026/09/15 19:44:29] 发送(hex): 20
[2026/09/15 19:44:29] 发送(hex): 20
[2026/09/15 19:44:29] 发送(hex): 20
[2026/09/15 19:44:29] 发送(hex): 20
[2026/09/15 19:44:29] 发送(hex): 20
[2026/09/15 19:44:29] 发送(hex): 20
[2026/09/15 19:44:29] 发送(hex): 20
[2026/09/15 19:44:29] 发送(hex): 20
[2026/09/15 19:44:29] 发送(hex): 20
[2026/09/15 19:44:29] 发送(hex): 20
[2026/09/15 19:44:29] 发送(hex): 20
[2026/09/15 19:44:29] 发送(hex): 20
[2026/09/15 19:44:29] 发送(hex): 20
[2026/09/15 19:44:29] 发送(hex): 20
[2026/09/15 19:44:29] 发送(hex): 20
[2026/09/15 19:44:29] 发送(hex): 20
[2026/09/15 19:44:29] 发送(hex): 20
[2026/09/15 19:44:29] 发送(hex): 20
[2026/09/15 19:44:29] 发送(hex): 20
[2026/09/15 19:44:29] 发送(hex): 20
[2026/09/15 19:44:29] 发送(hex): 20
[2026/09/15 19:44:29] 发送(hex): 20
[2026/09/15 19:44:29] 发送(hex): 20
[2026/09/15 19:44:29] 发送(hex): 20
[2026/09/15 19:44:29] 发送(hex): 20
[2026/09/15 19:44:29] 发送(hex): 20
[2026/09/15 19:44:29] 发送(hex): 20
[2026/09/15 19:44:29] 发送(hex): 20
[2026/09/15 19:44:29] 发送(hex): 20
[2026/09/15 19:44:29] 发送(hex): 20
[2026/09/15 19:44:29] 发送(hex): 20
[2026/09/15 19:44:30] 发送(hex): 20
[2026/09/15 19:44:30] 发送(hex): 20
[2026/09/15 19:44:30] 发送(hex): 20
[2026/09/15 19:44:30] 发送(hex): 20
[2026/09/15 19:44:30] 发送(hex): 20
[2026/09/15 19:44:30] 发送(hex): 20
[2026/09/15 19:44:30] 发送(hex): 20
[2026/09/15 19:44:30] 发送(hex): 20
[2026/09/15 19:44:30] 发送(hex): 20
[2026/09/15 19:44:30] 发送(hex): 20
[2026/09/15 19:44:30] 发送(hex): 20
[2026/09/15 19:44:30] 发送(hex): 20
[2026/09/15 19:44:30] 发送(hex): 20
[2026/09/15 19:44:30] 发送(hex): 20
[2026/09/15 19:44:30] 发送(hex): 20
[2026/09/15 19:44:30] 发送(hex): 20
[2026/09/15 19:44:30] 发送(hex): 20
[2026/09/15 19:44:30] 发送(hex): 20
[2026/09/15 19:44:30] 发送(hex): 20
[2026/09/15 19:44:30] 发送(hex): 20
[2026/09/15 19:44:30] 发送(hex): 20
[2026/09/15 19:44:30] 发送(hex): 20
[2026/09/15 19:44:30] 发送(hex): 20
[2026/09/15 19:44:30] 发送(hex): 20
[2026/09/15 19:44:30] 发送(hex): 20
[2026/09/15 19:44:30] 发送(hex): 20
[2026/09/15 19:44:30] 发送(hex): 20
[2026/09/15 19:44:30] 发送(hex): 20
[2026/09/15 19:44:30] 发送(hex): 20
[2026/09/15 19:44:30] 发送(hex): 20
[2026/09/15 19:44:30] 发送(hex): 20
[2026/09/15 19:44:30] 发送(hex): 20
[2026/09/15 19:44:30] 发送(hex): 20
[2026/09/15 19:44:30] 发送(hex): 20
[2026/09/15 19:44:30] 发送(hex): 20
[2026/09/15 19:44:30] 发送(hex): 20
[2026/09/15 19:44:30] 发送(hex): 20
[2026/09/15 19:44:30] 发送(hex): 20
[2026/09/15 19:44:30] 发送(hex): 20
[2026/09/15 19:44:30] 发送(hex): 20
[2026/09/15 19:44:30] 发送(hex): 20
[2026/09/15 19:44:30] 发送(hex): 20
[2026/09/15 19:44:30] 发送(hex): 20
[2026/09/15 19:44:30] 发送(hex): 20
[2026/09/15 19:44:30] 发送(hex): 20
[2026/09/15 19:44:30] 发送(hex): 20
[2026/09/15 19:44:30] 发送(hex): 20
[2026/09/15 19:44:30] 发送(hex): 20
[2026/09/15 19:44:30] 发送(hex): 20
[2026/09/15 19:44:30] 发送(hex): 20
[2026/09/15 19:44:30] 发送(hex): 20
[2026/09/15 19:44:30] 发送(hex): 20
[2026/09/15 19:44:30] 发送(hex): 20
[2026/09/15 19:44:30] 发送(hex): 20
[2026/09/15 19:44:30] 发送(hex): 20
[2026/09/15 19:44:30] 发送(hex): 20
[2026/09/15 19:44:30] 发送(hex): 20
[2026/09/15 19:44:30] 发送(hex): 20
[2026/09/15 19:44:30] 发送(hex): 20
[2026/09/15 19:44:30] 发送(hex): 20
[2026/09/15 19:44:30] 发送(hex): 20
[2026/09/15 19:44:30] 发送(hex): 20
[2026/09/15 19:44:30] 发送(hex): 20
[2026/09/15 19:44:30] 发送(hex): 20
[2026/09/15 19:44:30] 发送(hex): 20
[2026/09/15 19:44:30] 发送(hex): 20
[2026/09/15 19:44:30] 发送(hex): 20
[2026/09/15 19:44:30] 发送(hex): 20
[2026/09/15 19:44:30] 发送(hex): 20
[2026/09/15 19:44:30] 发送(hex): 20
[2026/09/15 19:44:30] 发送(hex): 20
[2026/09/15 19:44:30] 发送(hex): 20
[2026/09/15 19:44:30] 发送(hex): 20
[2026/09/15 19:44:30] 发送(hex): 20
[2026/09/15 19:44:30] 发送(hex): 20
[2026/09/15 19:44:30] 发送(hex): 20
[2026/09/15 19:44:30] 发送(hex): 20
[2026/09/15 19:44:30] 发送(hex): 20
[2026/09/15 19:44:30] 发送(hex): 20
[2026/09/15 19:44:30] 发送(hex): 20
[2026/09/15 19:44:30] 发送(hex): 20
[2026/09/15 19:44:30] 发送(hex): 20
[2026/09/15 19:44:30] 发送(hex): 20
[2026/09/15 19:44:30] 发送(hex): 20
[2026/09/15 19:44:30] 发送(hex): 20
[2026/09/15 19:44:30] 发送(hex): 20
[2026/09/15 19:44:30] 发送(hex): 20
[2026/09/15 19:44:30] 发送(hex): 20
[2026/09/15 19:44:30] 发送(hex): 20
[2026/09/15 19:44:30] 发送(hex): 20
[2026/09/15 19:44:30] 发送(hex): 20
[2026/09/15 19:44:30] 发送(hex): 20
[2026/09/15 19:44:30] 发送(hex): 20
[2026/09/15 19:44:31] 发送(hex): 20
[2026/09/15 19:44:31] 发送(hex): 20
[2026/09/15 19:44:31] 发送(hex): 20
[2026/09/15 19:44:31] 发送(hex): 20
[2026/09/15 19:44:31] 发送(hex): 20
[2026/09/15 19:44:31] 发送(hex): 20
[2026/09/15 19:44:31] 发送(hex): 20
[2026/09/15 19:44:31] 发送(hex): 20
[2026/09/15 19:44:31] 发送(hex): 20
[2026/09/15 19:44:31] 发送(hex): 20
[2026/09/15 19:44:31] 发送(hex): 20
[2026/09/15 19:44:31] 发送(hex): 20
[2026/09/15 19:44:31] 发送(hex): 20
[2026/09/15 19:44:31] 发送(hex): 20
[2026/09/15 19:44:31] 发送(hex): 20
[2026/09/15 19:44:31] 发送(hex): 20
[2026/09/15 19:44:31] 发送(hex): 20
[2026/09/15 19:44:31] 发送(hex): 20
[2026/09/15 19:44:31] 发送(hex): 20
[2026/09/15 19:44:31] 发送(hex): 20
[2026/09/15 19:44:31] 发送(hex): 20
[2026/09/15 19:44:31] 发送(hex): 20
[2026/09/15 19:44:31] 发送(hex): 20
[2026/09/15 19:44:31] 发送(hex): 20
[2026/09/15 19:44:31] 发送(hex): 20
[2026/09/15 19:44:31] 发送(hex): 20
[2026/09/15 19:44:31] 发送(hex): 20
[2026/09/15 19:44:31] 发送(hex): 20
[2026/09/15 19:44:31] 发送(hex): 20
[2026/09/15 19:44:31] 发送(hex): 20
[2026/09/15 19:44:31] 发送(hex): 20
[2026/09/15 19:44:31] 发送(hex): 20
[2026/09/15 19:44:31] 发送(hex): 20
[2026/09/15 19:44:31] 发送(hex): 20
[2026/09/15 19:44:31] 发送(hex): 20
[2026/09/15 19:44:31] 发送(hex): 20
[2026/09/15 19:44:31] 发送(hex): 20
[2026/09/15 19:44:31] 发送(hex): 20
[2026/09/15 19:44:31] 发送(hex): 20
[2026/09/15 19:44:31] 发送(hex): 20
[2026/09/15 19:44:31] 发送(hex): 20
[2026/09/15 19:44:31] 发送(hex): 20
[2026/09/15 19:44:31] 发送(hex): 20
[2026/09/15 19:44:31] 发送(hex): 20
[2026/09/15 19:44:31] 发送(hex): 20
[2026/09/15 19:44:31] 发送(hex): 20
[2026/09/15 19:44:31] 发送(hex): 20
[2026/09/15 19:44:31] 发送(hex): 20
[2026/09/15 19:44:31] 发送(hex): 20
[2026/09/15 19:44:31] 发送(hex): 20
[2026/09/15 19:44:31] 发送(hex): 20
[2026/09/15 19:44:31] 发送(hex): 20
[2026/09/15 19:44:31] 发送(hex): 20
[2026/09/15 19:44:31] 发送(hex): 20
[2026/09/15 19:44:31] 发送(hex): 20
[2026/09/15 19:44:31] 发送(hex): 20
[2026/09/15 19:44:31] 发送(hex): 20
[2026/09/15 19:44:31] 发送(hex): 20
[2026/09/15 19:44:31] 发送(hex): 20
[2026/09/15 19:44:31] 发送(hex): 20
[2026/09/15 19:44:31] 发送(hex): 20
[2026/09/15 19:44:31] 发送(hex): 20
[2026/09/15 19:44:31] 发送(hex): 20
[2026/09/15 19:44:31] 发送(hex): 20
[2026/09/15 19:44:31] 发送(hex): 20
[2026/09/15 19:44:31] 发送(hex): 20
[2026/09/15 19:44:31] 发送(hex): 20
[2026/09/15 19:44:31] 发送(hex): 20
[2026/09/15 19:44:31] 发送(hex): 20
[2026/09/15 19:44:31] 发送(hex): 20
[2026/09/15 19:44:31] 发送(hex): 20
[2026/09/15 19:44:31] 发送(hex): 20
[2026/09/15 19:44:31] 发送(hex): 20
[2026/09/15 19:44:31] 发送(hex): 20
[2026/09/15 19:44:31] 发送(hex): 20
[2026/09/15 19:44:31] 发送(hex): 20
[2026/09/15 19:44:31] 发送(hex): 20
[2026/09/15 19:44:31] 发送(hex): 20
[2026/09/15 19:44:31] 发送(hex): 20
[2026/09/15 19:44:31] 发送(hex): 20
[2026/09/15 19:44:31] 发送(hex): 20
[2026/09/15 19:44:31] 发送(hex): 20
[2026/09/15 19:44:31] 发送(hex): 20
[2026/09/15 19:44:31] 发送(hex): 20
[2026/09/15 19:44:31] 发送(hex): 20
[2026/09/15 19:44:31] 发送(hex): 20
[2026/09/15 19:44:31] 发送(hex): 20
[2026/09/15 19:44:31] 发送(hex): 20
[2026/09/15 19:44:31] 发送(hex): 20
[2026/09/15 19:44:31] 发送(hex): 20
[2026/09/15 19:44:31] 发送(hex): 20
[2026/09/15 19:44:31] 发送(hex): 20
[2026/09/15 19:44:31] 发送(hex): 20
[2026/09/15 19:44:32] 发送(hex): 20
[2026/09/15 19:44:32] 发送(hex): 20
[2026/09/15 19:44:32] 发送(hex): 20
[2026/09/15 19:44:32] 发送(hex): 20
[2026/09/15 19:44:32] 发送(hex): 20
[2026/09/15 19:44:32] 发送(hex): 20
[2026/09/15 19:44:32] 发送(hex): 20
[2026/09/15 19:44:32] 发送(hex): 20
[2026/09/15 19:44:32] 发送(hex): 20
[2026/09/15 19:44:32] 发送(hex): 20
[2026/09/15 19:44:32] 发送(hex): 20
[2026/09/15 19:44:32] 发送(hex): 20
[2026/09/15 19:44:32] 发送(hex): 20
[2026/09/15 19:44:32] 发送(hex): 20
[2026/09/15 19:44:32] 发送(hex): 20
[2026/09/15 19:44:32] 发送(hex): 20
[2026/09/15 19:44:32] 发送(hex): 20
[2026/09/15 19:44:32] 发送(hex): 20
[2026/09/15 19:44:32] 发送(hex): 20
[2026/09/15 19:44:32] 发送(hex): 20
[2026/09/15 19:44:32] 发送(hex): 20
[2026/09/15 19:44:32] 发送(hex): 20
[2026/09/15 19:44:32] 发送(hex): 20
[2026/09/15 19:44:32] 发送(hex): 20
[2026/09/15 19:44:32] 发送(hex): 20
[2026/09/15 19:44:32] 发送(hex): 20
[2026/09/15 19:44:32] 发送(hex): 20
[2026/09/15 19:44:32] 发送(hex): 20
[2026/09/15 19:44:32] 发送(hex): 20
[2026/09/15 19:44:32] 发送(hex): 20
[2026/09/15 19:44:32] 发送(hex): 20
[2026/09/15 19:44:32] 发送(hex): 20
[2026/09/15 19:44:32] 发送(hex): 20
[2026/09/15 19:44:32] 发送(hex): 20
[2026/09/15 19:44:32] 发送(hex): 20
[2026/09/15 19:44:32] 发送(hex): 20
[2026/09/15 19:44:32] 发送(hex): 20
[2026/09/15 19:44:32] 发送(hex): 20
[2026/09/15 19:44:32] 发送(hex): 20
[2026/09/15 19:44:32] 发送(hex): 20
[2026/09/15 19:44:32] 发送(hex): 20
[2026/09/15 19:44:32] 发送(hex): 20
[2026/09/15 19:44:32] 发送(hex): 20
[2026/09/15 19:44:32] 发送(hex): 20
[2026/09/15 19:44:32] 发送(hex): 20
[2026/09/15 19:44:32] 发送(hex): 20
[2026/09/15 19:44:32] 发送(hex): 20
[2026/09/15 19:44:32] 发送(hex): 20
[2026/09/15 19:44:32] 发送(hex): 20
[2026/09/15 19:44:32] 发送(hex): 20
[2026/09/15 19:44:32] 发送(hex): 20
[2026/09/15 19:44:32] 发送(hex): 20
[2026/09/15 19:44:32] 发送(hex): 20
[2026/09/15 19:44:32] 发送(hex): 20
[2026/09/15 19:44:32] 发送(hex): 20
[2026/09/15 19:44:32] 发送(hex): 20
[2026/09/15 19:44:32] 发送(hex): 20
[2026/09/15 19:44:32] 发送(hex): 20
[2026/09/15 19:44:32] 发送(hex): 20
[2026/09/15 19:44:32] 发送(hex): 20
[2026/09/15 19:44:32] 发送(hex): 20
[2026/09/15 19:44:32] 发送(hex): 20
[2026/09/15 19:44:32] 发送(hex): 20
[2026/09/15 19:44:32] 发送(hex): 20
[2026/09/15 19:44:32] 发送(hex): 20
[2026/09/15 19:44:32] 发送(hex): 20
[2026/09/15 19:44:32] 发送(hex): 20
[2026/09/15 19:44:32] 发送(hex): 20
[2026/09/15 19:44:32] 发送(hex): 20
[2026/09/15 19:44:32] 发送(hex): 20
[2026/09/15 19:44:32] 发送(hex): 20
[2026/09/15 19:44:32] 发送(hex): 20
[2026/09/15 19:44:32] 发送(hex): 20
[2026/09/15 19:44:32] 发送(hex): 20
[2026/09/15 19:44:32] 发送(hex): 20
[2026/09/15 19:44:32] 发送(hex): 20
[2026/09/15 19:44:32] 发送(hex): 20
[2026/09/15 19:44:32] 发送(hex): 20
[2026/09/15 19:44:32] 发送(hex): 20
[2026/09/15 19:44:32] 发送(hex): 20
[2026/09/15 19:44:32] 发送(hex): 20
[2026/09/15 19:44:32] 发送(hex): 20
[2026/09/15 19:44:32] 发送(hex): 20
[2026/09/15 19:44:32] 发送(hex): 20
[2026/09/15 19:44:32] 发送(hex): 20
[2026/09/15 19:44:32] 发送(hex): 20
[2026/09/15 19:44:32] 发送(hex): 20
[2026/09/15 19:44:32] 发送(hex): 20
[2026/09/15 19:44:32] 发送(hex): 20
[2026/09/15 19:44:32] 发送(hex): 20
[2026/09/15 19:44:32] 发送(hex): 20
[2026/09/15 19:44:32] 发送(hex): 20
[2026/09/15 19:44:32] 发送(hex): 20
[2026/09/15 19:44:33] 发送(hex): 20
[2026/09/15 19:44:33] 发送(hex): 20
[2026/09/15 19:44:33] 发送(hex): 20
[2026/09/15 19:44:33] 发送(hex): 20
[2026/09/15 19:44:33] 发送(hex): 20
[2026/09/15 19:44:33] 发送(hex): 20
[2026/09/15 19:44:33] 发送(hex): 20
[2026/09/15 19:44:33] 发送(hex): 20
[2026/09/15 19:44:33] 发送(hex): 20
[2026/09/15 19:44:33] 发送(hex): 20
[2026/09/15 19:44:33] 发送(hex): 20
[2026/09/15 19:44:33] 发送(hex): 20
[2026/09/15 19:44:33] 发送(hex): 20
[2026/09/15 19:44:33] 发送(hex): 20
[2026/09/15 19:44:33] 发送(hex): 20
[2026/09/15 19:44:33] 发送(hex): 20
[2026/09/15 19:44:33] 发送(hex): 20
[2026/09/15 19:44:33] 发送(hex): 20
[2026/09/15 19:44:33] 发送(hex): 20
[2026/09/15 19:44:33] 发送(hex): 20
[2026/09/15 19:44:33] 发送(hex): 20
[2026/09/15 19:44:33] 发送(hex): 20
[2026/09/15 19:44:33] 发送(hex): 20
[2026/09/15 19:44:33] 发送(hex): 20
[2026/09/15 19:44:33] 发送(hex): 20
[2026/09/15 19:44:33] 发送(hex): 20
[2026/09/15 19:44:33] 发送(hex): 20
[2026/09/15 19:44:33] 发送(hex): 20
[2026/09/15 19:44:33] 发送(hex): 20
[2026/09/15 19:44:33] 发送(hex): 20
[2026/09/15 19:44:33] 发送(hex): 20
[2026/09/15 19:44:33] 发送(hex): 20
[2026/09/15 19:44:33] 发送(hex): 20
[2026/09/15 19:44:33] 发送(hex): 20
[2026/09/15 19:44:33] 发送(hex): 20
[2026/09/15 19:44:33] 发送(hex): 20
[2026/09/15 19:44:33] 发送(hex): 20
[2026/09/15 19:44:33] 发送(hex): 20
[2026/09/15 19:44:33] 发送(hex): 20
[2026/09/15 19:44:33] 发送(hex): 20
[2026/09/15 19:44:33] 发送(hex): 20
[2026/09/15 19:44:33] 发送(hex): 20
[2026/09/15 19:44:33] 发送(hex): 20
[2026/09/15 19:44:33] 发送(hex): 20
[2026/09/15 19:44:33] 发送(hex): 20
[2026/09/15 19:44:33] 发送(hex): 20
[2026/09/15 19:44:33] 发送(hex): 20
[2026/09/15 19:44:33] 发送(hex): 20
[2026/09/15 19:44:33] 发送(hex): 20
[2026/09/15 19:44:33] 发送(hex): 20
[2026/09/15 19:44:33] 发送(hex): 20
[2026/09/15 19:44:33] 发送(hex): 20
[2026/09/15 19:44:33] 发送(hex): 20
[2026/09/15 19:44:33] 发送(hex): 20
[2026/09/15 19:44:33] 发送(hex): 20
[2026/09/15 19:44:33] 发送(hex): 20
[2026/09/15 19:44:33] 发送(hex): 20
[2026/09/15 19:44:33] 发送(hex): 20
[2026/09/15 19:44:33] 发送(hex): 20
[2026/09/15 19:44:33] 发送(hex): 20
[2026/09/15 19:44:33] 发送(hex): 20
[2026/09/15 19:44:33] 发送(hex): 20
[2026/09/15 19:44:33] 发送(hex): 20
[2026/09/15 19:44:33] 发送(hex): 20
[2026/09/15 19:44:33] 发送(hex): 20
[2026/09/15 19:44:33] 发送(hex): 20
[2026/09/15 19:44:33] 发送(hex): 20
[2026/09/15 19:44:33] 发送(hex): 20
[2026/09/15 19:44:33] 发送(hex): 20
[2026/09/15 19:44:33] 发送(hex): 20
[2026/09/15 19:44:33] 发送(hex): 20
[2026/09/15 19:44:33] 发送(hex): 20
[2026/09/15 19:44:33] 发送(hex): 20
[2026/09/15 19:44:33] 发送(hex): 20
[2026/09/15 19:44:33] 发送(hex): 20
[2026/09/15 19:44:33] 发送(hex): 20
[2026/09/15 19:44:33] 发送(hex): 20
[2026/09/15 19:44:33] 发送(hex): 20
[2026/09/15 19:44:33] 发送(hex): 20
[2026/09/15 19:44:33] 发送(hex): 20
[2026/09/15 19:44:33] 发送(hex): 20
[2026/09/15 19:44:33] 发送(hex): 20
[2026/09/15 19:44:33] 发送(hex): 20
[2026/09/15 19:44:33] 发送(hex): 20
[2026/09/15 19:44:33] 发送(hex): 20
[2026/09/15 19:44:33] 发送(hex): 20
[2026/09/15 19:44:33] 发送(hex): 20
[2026/09/15 19:44:33] 发送(hex): 20
[2026/09/15 19:44:33] 发送(hex): 20
[2026/09/15 19:44:33] 发送(hex): 20
[2026/09/15 19:44:33] 发送(hex): 20
[2026/09/15 19:44:33] 发送(hex): 20
[2026/09/15 19:44:33] 发送(hex): 20
[2026/09/15 19:44:34] 发送(hex): 20
[2026/09/15 19:44:34] 发送(hex): 20
[2026/09/15 19:44:34] 发送(hex): 20
[2026/09/15 19:44:34] 发送(hex): 20
[2026/09/15 19:44:34] 发送(hex): 20
[2026/09/15 19:44:34] 发送(hex): 20
[2026/09/15 19:44:34] 发送(hex): 20
[2026/09/15 19:44:34] 发送(hex): 20
[2026/09/15 19:44:34] 发送(hex): 20
[2026/09/15 19:44:34] 发送(hex): 20
[2026/09/15 19:44:34] 发送(hex): 20
[2026/09/15 19:44:34] 发送(hex): 20
[2026/09/15 19:44:34] 发送(hex): 20
[2026/09/15 19:44:34] 发送(hex): 20
[2026/09/15 19:44:34] 发送(hex): 20
[2026/09/15 19:44:34] 发送(hex): 20
[2026/09/15 19:44:34] 发送(hex): 20
[2026/09/15 19:44:34] 发送(hex): 20
[2026/09/15 19:44:34] 发送(hex): 20
[2026/09/15 19:44:34] 发送(hex): 20
[2026/09/15 19:44:34] 发送(hex): 20
[2026/09/15 19:44:34] 发送(hex): 20
[2026/09/15 19:44:34] 发送(hex): 20
[2026/09/15 19:44:34] 发送(hex): 20
[2026/09/15 19:44:34] 发送(hex): 20
[2026/09/15 19:44:34] 发送(hex): 20
[2026/09/15 19:44:34] 发送(hex): 20
[2026/09/15 19:44:34] 发送(hex): 20
[2026/09/15 19:44:34] 发送(hex): 20
[2026/09/15 19:44:34] 发送(hex): 20
[2026/09/15 19:44:34] 发送(hex): 20
[2026/09/15 19:44:34] 发送(hex): 20
[2026/09/15 19:44:34] 发送(hex): 20
[2026/09/15 19:44:34] 发送(hex): 20
[2026/09/15 19:44:34] 发送(hex): 20
[2026/09/15 19:44:34] 发送(hex): 20
[2026/09/15 19:44:34] 发送(hex): 20
[2026/09/15 19:44:34] 发送(hex): 20
[2026/09/15 19:44:34] 发送(hex): 20
[2026/09/15 19:44:34] 发送(hex): 20
[2026/09/15 19:44:34] 发送(hex): 20
[2026/09/15 19:44:34] 发送(hex): 20
[2026/09/15 19:44:34] 发送(hex): 20
[2026/09/15 19:44:34] 发送(hex): 20
[2026/09/15 19:44:34] 发送(hex): 20
[2026/09/15 19:44:34] 发送(hex): 20
[2026/09/15 19:44:34] 发送(hex): 20
[2026/09/15 19:44:34] 发送(hex): 20
[2026/09/15 19:44:34] 发送(hex): 20
[2026/09/15 19:44:34] 发送(hex): 20
[2026/09/15 19:44:34] 发送(hex): 20
[2026/09/15 19:44:34] 发送(hex): 20
[2026/09/15 19:44:34] 发送(hex): 20
[2026/09/15 19:44:34] 发送(hex): 20
[2026/09/15 19:44:34] 发送(hex): 20
[2026/09/15 19:44:34] 发送(hex): 20
[2026/09/15 19:44:34] 发送(hex): 20
[2026/09/15 19:44:34] 发送(hex): 20
[2026/09/15 19:44:34] 发送(hex): 20
[2026/09/15 19:44:34] 发送(hex): 20
[2026/09/15 19:44:34] 发送(hex): 20
[2026/09/15 19:44:34] 发送(hex): 20
[2026/09/15 19:44:34] 发送(hex): 20
[2026/09/15 19:44:34] 发送(hex): 20
[2026/09/15 19:44:34] 发送(hex): 20
[2026/09/15 19:44:34] 发送(hex): 20
[2026/09/15 19:44:34] 发送(hex): 20
[2026/09/15 19:44:34] 发送(hex): 20
[2026/09/15 19:44:34] 发送(hex): 20
[2026/09/15 19:44:34] 发送(hex): 20
[2026/09/15 19:44:34] 发送(hex): 20
[2026/09/15 19:44:34] 发送(hex): 20
[2026/09/15 19:44:34] 发送(hex): 20
[2026/09/15 19:44:34] 发送(hex): 20
[2026/09/15 19:44:34] 发送(hex): 20
[2026/09/15 19:44:34] 发送(hex): 20
[2026/09/15 19:44:34] 发送(hex): 20
[2026/09/15 19:44:34] 发送(hex): 20
[2026/09/15 19:44:34] 发送(hex): 20
[2026/09/15 19:44:34] 发送(hex): 20
[2026/09/15 19:44:34] 发送(hex): 20
[2026/09/15 19:44:34] 发送(hex): 20
[2026/09/15 19:44:34] 发送(hex): 20
[2026/09/15 19:44:34] 发送(hex): 20
[2026/09/15 19:44:34] 发送(hex): 20
[2026/09/15 19:44:34] 发送(hex): 20
[2026/09/15 19:44:34] 发送(hex): 20
[2026/09/15 19:44:34] 发送(hex): 20
[2026/09/15 19:44:34] 发送(hex): 20
[2026/09/15 19:44:34] 发送(hex): 20
[2026/09/15 19:44:34] 发送(hex): 20
[2026/09/15 19:44:34] 发送(hex): 20
[2026/09/15 19:44:35] 发送(hex): 20
[2026/09/15 19:44:35] 发送(hex): 20
[2026/09/15 19:44:35] 发送(hex): 20
[2026/09/15 19:44:35] 发送(hex): 20
[2026/09/15 19:44:35] 发送(hex): 20
[2026/09/15 19:44:35] 发送(hex): 20
[2026/09/15 19:44:35] 发送(hex): 20
[2026/09/15 19:44:35] 发送(hex): 20
[2026/09/15 19:44:35] 发送(hex): 20
[2026/09/15 19:44:35] 发送(hex): 20
[2026/09/15 19:44:35] 发送(hex): 20
[2026/09/15 19:44:35] 发送(hex): 20
[2026/09/15 19:44:35] 发送(hex): 20
[2026/09/15 19:44:35] 发送(hex): 20
[2026/09/15 19:44:35] 发送(hex): 20
[2026/09/15 19:44:35] 发送(hex): 20
[2026/09/15 19:44:35] 发送(hex): 20
[2026/09/15 19:44:35] 发送(hex): 20
[2026/09/15 19:44:35] 发送(hex): 20
[2026/09/15 19:44:35] 发送(hex): 20
[2026/09/15 19:44:35] 发送(hex): 20
[2026/09/15 19:44:35] 发送(hex): 20
[2026/09/15 19:44:35] 发送(hex): 20
[2026/09/15 19:44:35] 发送(hex): 20
[2026/09/15 19:44:35] 发送(hex): 20
[2026/09/15 19:44:35] 发送(hex): 20
[2026/09/15 19:44:35] 发送(hex): 20
[2026/09/15 19:44:35] 发送(hex): 20
[2026/09/15 19:44:35] 发送(hex): 20
[2026/09/15 19:44:35] 发送(hex): 20
[2026/09/15 19:44:35] 发送(hex): 20
[2026/09/15 19:44:35] 发送(hex): 20
[2026/09/15 19:44:35] 发送(hex): 20
[2026/09/15 19:44:35] 发送(hex): 20
[2026/09/15 19:44:35] 发送(hex): 20
[2026/09/15 19:44:35] 发送(hex): 20
[2026/09/15 19:44:35] 发送(hex): 20
[2026/09/15 19:44:35] 发送(hex): 20
[2026/09/15 19:44:35] 发送(hex): 20
[2026/09/15 19:44:35] 发送(hex): 20
[2026/09/15 19:44:35] 发送(hex): 20
[2026/09/15 19:44:35] 发送(hex): 20
[2026/09/15 19:44:35] 发送(hex): 20
[2026/09/15 19:44:35] 发送(hex): 20
[2026/09/15 19:44:35] 发送(hex): 20
[2026/09/15 19:44:35] 发送(hex): 20
[2026/09/15 19:44:35] 发送(hex): 20
[2026/09/15 19:44:35] 发送(hex): 20
[2026/09/15 19:44:35] 发送(hex): 20
[2026/09/15 19:44:35] 发送(hex): 20
[2026/09/15 19:44:38] 发送(hex): 0d
[2026/09/15 19:44:38] 发送(hex): 0d
[2026/09/15 19:44:38] Realtek>
[2026/09/15 19:44:38] 发送(hex): 0d
[2026/09/15 19:44:39] 发送(hex): 0d
[2026/09/15 19:44:39] Realtek>
[2026/09/15 19:44:39] Realtek>
[2026/09/15 19:44:39] 发送(hex): 0d
[2026/09/15 19:44:39] Realtek>
[2026/09/15 19:44:39] Realtek>
[2026/09/15 19:44:43] 发送(hex): 706d6f646520656e61626c653b72650d
[2026/09/15 19:44:44] pmode enable;re
[2026/09/15 19:44:44] u
[2026/09/15 19:44:44] boot command for pmode enable!
[2026/09/15 19:44:44] resetting ...
[2026/09/15 19:44:44] $
[2026/09/15 19:44:44] Post romcode git ver:42df880604ac78a3 (Aug 28
[2026/09/15 19:44:44] 2026 21:41:35)
[2026/09/15 19:44:44] $
[2026/09/15 19:44:44] Hello world, RTD2875P_CN2_TV030!
[2026/09/15 19:44:44] set_wifi_reset
[2026/09/15 19:44:44] Auxcode git ver:3a4deb9ea300359e (Aug 28 2026 21:41:29)
[2026/09/15 19:44:44] flash_type = 2, secure_type = 2
[2026/09/15 19:44:44] b8062204=20000
[2026/09/15 19:44:44] slot info 0 0x0 info 1 0x9021afbe
[2026/09/15 19:44:44] g_gpt_blk_start 0x1  g_offline_gpt 0x0 last_usable_lba 0x1cd2032 num_partition_entries 0x32
[2026/09/15 19:44:44] start 0x2e600000 clt_blk 0x1973004 ctrl size 0x20
[2026/09/15 19:44:44] choose active index 0
[2026/09/15 19:44:44] part name bootloader ative_slot _a real part name bootloader_a
[2026/09/15 19:44:44] part name hwsetting start 0x100000 size 0x33600
[2026/09/15 19:44:44] part name ext_fw start 0x133600 size 0x10400
[2026/09/15 19:44:44] part name kboot start 0x143a00 size 0x16e00
[2026/09/15 19:44:44] part name uboot start 0x15a800 size 0x120400
[2026/09/15 19:44:44] ls4 2 1 = 800040aa 8000207f 80001000
[2026/09/15 19:44:44] fNewHWsettingArch = 2
[2026/09/15 19:44:44] 1.lsadcidx = 2, brand =3, offset = 0
[2026/09/15 19:44:44] 1.lsadcidx = 2, brand =3, offset = 17800
[2026/09/15 19:44:44] hwsetting from mmc
[2026/09/15 19:44:44] AC on HW offset 0x809 start 0x800 reg 0x8090800
[2026/09/15 19:44:44] total = 2f00
[2026/09/15 19:44:44] A
[2026/09/15 19:44:44] A
[2026/09/15 19:44:44] A
[2026/09/15 19:44:44] A
[2026/09/15 19:44:44] A
[2026/09/15 19:44:44] {12 14}
[2026/09/15 19:44:44] ffeedd
[2026/09/15 19:44:44] ffeeddddr ver: 62c63180
[2026/09/15 19:44:44] ori DQS0~7 {03 04 1a 1c 00 01 00 00}
[2026/09/15 19:44:44] {01 03 19 1b 00 01 00 00} {0a 09 06 09 06 06 00 00}
[2026/09/15 19:44:44] r.y.0
[2026/09/15 19:44:44] r.y.0 SCPU BISR status: Done
[2026/09/15 19:44:44] [go kb]
[2026/09/15 19:44:44] pass bootc
[2026/09/15 19:44:44] ode info to kboot
[2026/09/15 19:44:44] num=1056
[2026/09/15 19:44:44] boot_magic=20230423
[2026/09/15 19:44:44] ---DEBUG kboot 21:41:14 Aug 28 2026 ---
[2026/09/15 19:44:44] [Kboot]eMMC(mid-15) MMC_HS50 (50000000Mhz)[8bit].
[2026/09/15 19:44:44] block info 0x1cd2032 0x3a3e000.
[2026/09/15 19:44:44] [MMC] 32 -----------> 16GB.
[2026/09/15 19:44:44] (2379beef) (0) bufsize=(null)
[2026/09/15 19:44:44] uboot start 0x15a800 size 0x120400
[2026/09/15 19:44:44] board_version: ls
[2026/09/15 19:44:44] 1 = 0, ver: 0
[2026/09/15 19:44:44] [0;31mapp_main 325 board_version=0[0m
[2026/09/15 19:44:44] get FW_TZFW flash start 0xf100200 ddr buf start 0
[2026/09/15 19:44:44] x180000 image size 010c2e3 ok!
[2026/09/15 19:44:44] [INFO]RPMB auth key not written !
[2026/09/15 19:44:44] [INFO]RPMB auth key not written !
[2026/09/15 19:44:44] Current board is not frist boot.
[2026/09/15 19:44:44] ALL zero, reserved_3 has removed.
[2026/09/15 19:44:44] Current board remove reserved_3 done.
[2026/09/15 19:44:44] get FW_VKER
[2026/09/15 19:44:44] NEL flash start 0xc100200 ddr buf start 0x1a900000 image size 05f0300 ok!
[2026/09/15 19:44:45] get FW_VKERNEL2 flash start 0xd900200 ddr buf start 0x1af00000 image size 0f4920 ok!
[2026/09/15 19:44:45] get FW_AKERNEL flash start 0xa900200 ddr buf start 0x1b200000 image size 07fbf7c ok!
[2026/09/15 19:44:45] ATFATFATF:0 1 NOTICE: kill CPU(2)...
[2026/09/15 19:44:45] ATF:0 1 NOTICE: kill (2) : PACTIVE:0
[2026/09/15 19:44:45] ATF:0 1 NOTICE:  CPU(2) kill done, pstate(0x0)
[2026/09/15 19:44:45] U
[2026/09/15 19:44:45] fixup_node_name 555. set /reserved-memory@5 to /reserved-memory
[2026/09/15 19:44:45] fixup_node_name 555. set /rtk_cma@5 to /rtk_cma
[2026/09/15 19:44:45] ### [1;31mERROR[0m ### get_movablecore 613. Can't find dtb node /reserved-memory/cma2_memory/reg
[2026/09/15 19:44:45] reinit_mem_info 1049  ddr_size 80000000
[2026/09/15 19:44:45] booting, boot_led_type: 0x00000000, led on[1]
[2026/09/15 19:44:45] set share register: 0x99100000
[2026/09/15 19:44:45] boot_power_on_mode=1
[2026/09/15 19:44:45] [get_layout:1264]!
[2026/09/15 19:44:45] boot_part value = 0 boot_tag value = 21
[2026/09/15 19:44:45] [get_oemkey] 1397: get oem.key = ATV00107525
[2026/09/15 19:44:45] Factory_RO: [EXT4] factory_ro_buffer:0a800000, factory_ro_buffer size:0x1000000!
[2026/09/15 19:44:45] Partiton factory_ro_a located at 0:6
[2026/09/15 19:44:45] factory_ro_a partition can not find /.000@bk@***!
[2026/09/15 19:44:45] Factory RO no need recovery!
[2026/09/15 19:44:45] Get tvconfigs_a partition block device index fail!
[2026/09/15 19:44:45] read customer.ini file fail!
[2026/09/15 19:44:45] parse SYS_INI path fail
[2026/09/15 19:44:45] Not support board ini mechansim!
[2026/09/15 19:44:45] Get tvconfigs_a partition block device index fail!
[2026/09/15 19:44:45] read customer.ini file fail!
[2026/09/15 19:44:45] parse SYS_INI path fail
[2026/09/15 19:44:45] load model ini file fail
[2026/09/15 19:44:45] cannot find PcbPath from ini file
[2026/09/15 19:44:45] no pcb.config in tvconfigs
[2026/09/15 19:44:45] no mnt/vendor/factorypcb.config
[2026/09/15 19:44:47] delay:342
[2026/09/15 19:44:48] Vwait V1go
[2026/09/15 19:44:48] Vwait V2go
[2026/09/15 19:44:48] DEMOD BISR check Pass and disable demod CLK!!
[2026/09/15 19:44:48] [0;31mb
[2026/09/15 19:44:48] oard_version=0 sz=18M[0m
[2026/09/15 19:44:48] ATF:0 1 NOTICE: atf enter time:1182ms, current time:3996ms
[2026/09/15 19:44:48] ATF:0 1 NOTICE: 1st boot elapsed 4001ms
[2026/09/15 19:44:51] console:/ $
[2026/09/15 19:44:59] fact
[2026/09/15 19:44:59] ory auto test loop start
[2026/09/15 19:44:59]  
[2026/09/15 19:45:09] 发送(hex): aa061001a7ef
[2026/09/15 19:45:09] «
[2026/09/15 19:45:09] ßN
[2026/09/15 19:45:10] 发送(hex): aa09700000000092eb
[2026/09/15 19:45:10] «
[2026/09/15 19:45:10] ßN
[2026/09/15 19:45:20] 发送(hex): aa06840063e1
[2026/09/15 19:45:20] «
[2026/09/15 19:45:20] ßN« &d
[2026/09/15 19:45:24] $
[2026/09/15 19:45:24] Post romcode git ver:42df880604ac78a3 (Aug 28 2026 21:41:35)
[2026/09/15 19:45:24] $
[2026/09/15 19:45:24] Hello world, RTD2875P_CN2_TV030!
[2026/09/15 19:45:24] set_wifi_reset
[2026/09/15 19:45:24] Auxcode git ver:3a4deb9ea300359e (Aug 28 2026 21:41:29)
[2026/09/15 19:45:24] flash_type = 2, secure_type = 2
[2026/09/15 19:45:24] b8062204=0
[2026/09/15 19:45:24] slot info 0 0x0 info 1 0x0
[2026/09/15 19:45:24] invalid reg slot status 0x0
[2026/09/15 19:45:24] ,get slot info from flash!
[2026/09/15 19:45:24] g_gpt_blk_start 0x1  g_offline_gpt 0x0 last_usable_lba 0x1cd2032 num_partition_entries 0x32
[2026/09/15 19:45:24] start 0x2e600000 clt_blk 0x1973004 ctrl size 0x20
[2026/09/15 19:45:24] choose active index 0
[2026/09/15 19:45:24] part name bootloader ative_slot _a real part name bootloader_a
[2026/09/15 19:45:24] part name hwsetting start 0x100000 size 0x33600
[2026/09/15 19:45:24] part name ext_fw start 0x133600 size 0x10400
[2026/09/15 19:45:24] part name kboot start 0x143a00 size 0x16e00
[2026/09/15 19:45:24] part name uboot start 0x15a800 size 0x120400
[2026/09/15 19:45:24] ls4 2 1 = 800040a9 8000207f 80001000
[2026/09/15 19:45:24] fNewHWsettingArch = 2
[2026/09/15 19:45:24] 1.lsadcidx = 2, brand =3, offset = 0
[2026/09/15 19:45:24] 1.lsadcidx = 2, brand =3, offset = 17800
[2026/09/15 19:45:24] hwsetting from mmc
[2026/09/15 19:45:24] AC on HW offset 0x809 start 0x800 reg 0x8090800
[2026/09/15 19:45:24] total = 2f00
[2026/09/15 19:45:24] A
[2026/09/15 19:45:24] A
[2026/09/15 19:45:24] A
[2026/09/15 19:45:24] A
[2026/09/15 19:45:24] A
[2026/09/15 19:45:24] {12 14}
[2026/09/15 19:45:24] ffeeddffeeddddr ver: 62c63180
[2026/09/15 19:45:24] ori DQS0~7 {03 04 1a 1c 00 01 00 00}
[2026/09/15 19:45:24] {01 03 19 1b 00 01 00 00} {08 08 06 09 06 06 00 00}
[2026/09/15 19:45:24] r.y.0
[2026/09/15 19:45:24] r.y.0 SCPU BISR status: Done
[2026/09/15 19:45:24] [go kb]
[2026/09/15 19:45:24] pass boot
[2026/09/15 19:45:24] code info to kboot
[2026/09/15 19:45:24] num=1100
[2026/09/15 19:45:24] boot_magic=40046000
[2026/09/15 19:45:24] ---DEBUG kboot 21:41:14 Aug 28 2026 ---
[2026/09/15 19:45:24] [Kboot]eMMC(mid-15) MMC_HS50 (50000000Mhz)[8bit].
[2026/09/15 19:45:24] block info 0x1cd2032 0x3a3e000.
[2026/09/15 19:45:24] [MMC] 32 -----------> 16GB.
[2026/09/15 19:45:24] (00000000) (1) bufsize=(null)
[2026/09/15 19:45:24] uboot start 0x15a800 size 0x120400
[2026/09/15 19:45:24] board_ver
[2026/09/15 19:45:24] sion: ls1 = 0, ver: 0
[2026/09/15 19:45:24] [0;31mapp_main 325 board_version=0[0m
[2026/09/15 19:45:25] get FW_TZFW flash start 0xf100200 ddr buf start 0x180000 image size 010c2e3 ok!
[2026/09/15 19:45:25] [INFO]RPMB auth key not written !
[2026/09/15 19:45:25] [INFO]RPMB auth key not written !
[2026/09/15 19:45:25] Current board is not frist boot.
[2026/09/15 19:45:25] ALL zero, reserved_3 has removed.
[2026/09/15 19:45:25] Current board remove reserved_3 done.
[2026/09/15 19:45:25] get FW_VKERNEL flash st
[2026/09/15 19:45:25] art 0xc100200 ddr buf start 0x1a900000 image size 05f0300 ok!
[2026/09/15 19:45:25] get FW_VKERNEL2 flash start 0xd900200 ddr buf start 0x1af00000 image size 0f4920 ok!
[2026/09/15 19:45:25] get FW_AKERNEL flash start 0xa900200 ddr buf start 0x1b200000 image size 07fbf7c ok!
[2026/09/15 19:45:25] ATFATFATF:0 1 NOTICE: kill CPU(2)...
[2026/09/15 19:45:25] ATF:0 1 NOTICE: kill (2) : PACTIVE:0
[2026/09/15 19:45:25] ATF:0 1 NOTICE:  CPU(2) kill done, pstate(0x0)
[2026/09/15 19:45:25] U
[2026/09/15 19:45:25] fixup_node_name 555. set /reserved-memory@5 to /reserved-memory
[2026/09/15 19:45:25] fixup_node_name 555. set /rtk_cma@5 to /rtk_cma
[2026/09/15 19:45:25] ### [1;31mERROR[0m ### get_movablecore 613. Can't find dtb node /reserved-memory/cma2_memory/reg
[2026/09/15 19:45:25] reinit_mem_info 1049  ddr_size 80000000
[2026/09/15 19:45:25] booting, boot_led_type: 0x00000000, led on[1]
[2026/09/15 19:45:25] set share register: 0x99100000
[2026/09/15 19:45:25] boot_power_on_mode=1
[2026/09/15 19:45:25] [get_layout:1264]!
[2026/09/15 19:45:25] boot_part value = 0 boot_tag value = 21
[2026/09/15 19:45:25] [get_oemkey] 1397: get oem.key = ATV00107525
[2026/09/15 19:45:25] Factory_RO: [EXT4] factory_ro_buffer:0a800000, factory_ro_buffer size:0x1000000!
[2026/09/15 19:45:25] Partiton factory_ro_a located at 0:6
[2026/09/15 19:45:25] factory_ro_a partition can not find /.000@bk@***!
[2026/09/15 19:45:25] Factory RO no need recovery!
[2026/09/15 19:45:25] Get tvconfigs_a partition block device index fail!
[2026/09/15 19:45:25] read customer.ini file fail!
[2026/09/15 19:45:25] parse SYS_INI path fail
[2026/09/15 19:45:25] Not support board ini mechansim!
[2026/09/15 19:45:25] Get tvconfigs_a partition block device index fail!
[2026/09/15 19:45:25] read customer.ini file fail!
[2026/09/15 19:45:25] parse SYS_INI path fail
[2026/09/15 19:45:25] load model ini file fail
[2026/09/15 19:45:25] cannot find PcbPath from ini file
[2026/09/15 19:45:25] no pcb.config in tvconfigs
[2026/09/15 19:45:25] no mnt/vendor/factorypcb.config
[2026/09/15 19:45:27] delay:342
[2026/09/15 19:45:28] Vwait V1go
[2026/09/15 19:45:28] Vwait V2go
[2026/09/15 19:45:28] DEMOD BISR check Pass and disable demod CLK!!
[2026/09/15 19:45:28] [0;31mboard_version=0 sz=18M[0m
[2026/09/15 19:45:28] ATF:0 1 NOTICE: atf enter time:1185ms, current time:4015ms
[2026/09/15 19:45:28] ATF:0 1 NOTICE: 1st boot elapsed 4020ms
[2026/09/15 19:45:31] console:/ $
[2026/09/15 19:45:39] factory auto test
[2026/09/15 19:45:39] loop start
[2026/09/15 19:45:39]  
[2026/09/15 19:45:49] 发送(hex): aa061001a7ef
[2026/09/15 19:45:49] «
[2026/09/15 19:45:49] ßN
[2026/09/15 19:45:50] 发送(hex): aa06110194de
[2026/09/15 19:45:50] «
[2026/09/15 19:45:50] ßN
[2026/09/15 19:46:10] 发送(hex): aa06840063e1
[2026/09/15 19:46:10] «
[2026/09/15 19:46:10] ßN
[2026/09/15 19:46:10] «A hí
[2026/09/15 19:46:14] $
[2026/09/15 19:46:14] Post romcode git ver:42df880604a
[2026/09/15 19:46:14] c78a3 (Aug 28 2026 21:41:35)
[2026/09/15 19:46:14] $
[2026/09/15 19:46:14] Hello world, RTD2875P_CN2_TV030!
[2026/09/15 19:46:14] set_wifi_reset
[2026/09/15 19:46:14] Auxcode git ver:3a4deb9ea300359e (Aug 28 2026 21:41:29)
[2026/09/15 19:46:14] flash_type = 2, secure_type = 2
[2026/09/15 19:46:14] b8062204=0
[2026/09/15 19:46:14] slot info 0 0x0 info 1 0x0
[2026/09/15 19:46:14] invalid reg slot status 0x0,get slot info from flash!
[2026/09/15 19:46:14] g_gpt_blk_start 0x1  g_offline_gpt 0x0 last_usable_lba 0x1cd2032 num_partition_entries 0x32
[2026/09/15 19:46:14] start 0x2e600000 clt_blk 0x1973004 ctrl size 0x20
[2026/09/15 19:46:14] choose active index 0
[2026/09/15 19:46:14] part name bootloader ative_slot _a real part name bootloader_a
[2026/09/15 19:46:14] part name hwsetting start 0x100000 size 0x33600
[2026/09/15 19:46:14] part name ext_fw start 0x133600 size 0x10400
[2026/09/15 19:46:14] part name kboot start 0x143a00 size 0x16e00
[2026/09/15 19:46:14] part name uboot start 0x15a800 size 0x120400
[2026/09/15 19:46:14] ls4 2 1 = 800040aa 8000207f 80001000
[2026/09/15 19:46:14] fNewHWsettingArch = 2
[2026/09/15 19:46:14] 1.lsadcidx = 2, brand =3, offset = 0
[2026/09/15 19:46:14] 1.lsadcidx = 2, brand =3, offset = 17800
[2026/09/15 19:46:14] hwsetting from mmc
[2026/09/15 19:46:14] AC on HW offset 0x809 start 0x800 reg 0x8090800
[2026/09/15 19:46:14] total = 2f00
[2026/09/15 19:46:14] A
[2026/09/15 19:46:14] A
[2026/09/15 19:46:14] A
[2026/09/15 19:46:14] A
[2026/09/15 19:46:14] A
[2026/09/15 19:46:14] {12 14}
[2026/09/15 19:46:14] ffeeddffeeddddr ver: 62c63180
[2026/09/15 19:46:14] ori DQS0~7 {03 04 1a 1c 00 01 00 00}
[2026/09/15 19:46:14] {01 03 19 1b 00 01 00 00} {0a 09 07 09 06 06 00 00}
[2026/09/15 19:46:14] r.y.0
[2026/09/15 19:46:14] r.y.0 SCPU BISR status: Done
[2026/09/15 19:46:14] [go kb]
[2026/09/15 19:46:14] pass bootcode info to kboot
[2026/09/15 19:46:14] num=1100
[2026/09/15 19:46:14] boot_magic=40042000
[2026/09/15 19:46:14] ---DEBUG kboot 21:41:14 Aug 28 2026 ---
[2026/09/15 19:46:14] [Kboot]eMMC(mid-15) MMC_HS50 (50000000Mhz)[8bit].
[2026/09/15 19:46:14] block info 0x1cd2032 0x3a3e000.
[2026/09/15 19:46:14] [MMC] 32 -----------> 16GB.
[2026/09/15 19:46:14] (00000000) (1) bufsize=(null)
[2026/09/15 19:46:14] uboot start 0x
[2026/09/15 19:46:14] 15a800 size 0x120400
[2026/09/15 19:46:14] board_version: ls1 = 0, ver: 0
[2026/09/15 19:46:14] [0;31mapp_main 325 board_version=0[0m
[2026/09/15 19:46:14] get FW_TZFW flash start 0xf100200 ddr buf start 0x180000 image size 010c2e3 ok!
[2026/09/15 19:46:14] [INFO]RPMB auth key not written !
[2026/09/15 19:46:14] [INFO]RPMB auth key not written !
[2026/09/15 19:46:14] Current board is not frist boot.
[2026/09/15 19:46:14] ALL zero, reserved_3 has removed.
[2026/09/15 19:46:14] Current board remove reserved_3 done.
[2026/09/15 19:46:15] get FW_VKERNEL flash start 0xc1
[2026/09/15 19:46:15] 00200 ddr buf start 0x1a900000 image size 05f0300 ok!
[2026/09/15 19:46:15] get FW_VKERNEL2 flash start 0xd900200 ddr buf start 0x1af00000 image size 0f4920 ok!
[2026/09/15 19:46:15] get FW_AKERNEL flash start 0xa900200 ddr buf start 0x1b200000 image size 07fbf7c ok!
[2026/09/15 19:46:15] ATFATFATF:0 1 NOTICE: kill CPU(2)...
[2026/09/15 19:46:15] ATF:0 1 NOTICE: kill (2) : PACTIVE:0
[2026/09/15 19:46:15] ATF:0 1 NOTICE:  CPU(2) kill done, pstate(0x0)
[2026/09/15 19:46:15] U
[2026/09/15 19:46:15] fixup_node_name 555. set /reserved-memory@5 to /reserved-memory
[2026/09/15 19:46:15] fixup_node_name 555. set /rtk_cma@5 to /rtk_cma
[2026/09/15 19:46:15] ### [1;31mERROR[0m ### get_movablecore 613. Can't find dtb node /reserved-memory/cma2_memory/reg
[2026/09/15 19:46:15] reinit_mem_info 1049  ddr_size 80000000
[2026/09/15 19:46:15] booting, boot_led_type: 0x00000000, led on[1]
[2026/09/15 19:46:15] set share register: 0x99100000
[2026/09/15 19:46:15] boot_power_on_mode=1
[2026/09/15 19:46:15] [get_layout:1264]!
[2026/09/15 19:46:15] boot_part value = 0 boot_tag value = 21
[2026/09/15 19:46:15] [get_oemkey] 1397: get oem.key = ATV00107525
[2026/09/15 19:46:15] Factory_RO: [EXT4] factory_ro_buffer:0a800000, factory_ro_buffer size:0x1000000!
[2026/09/15 19:46:15] Partiton factory_ro_a located at 0:6
[2026/09/15 19:46:15] factory_ro_a partition can not find /.000@bk@***!
[2026/09/15 19:46:15] Factory RO no need recovery!
[2026/09/15 19:46:15] Get tvconfigs_a partition block device index fail!
[2026/09/15 19:46:15] read customer.ini file fail!
[2026/09/15 19:46:15] parse SYS_INI path fail
[2026/09/15 19:46:15] Not support board ini mechansim!
[2026/09/15 19:46:15] Get tvconfigs_a partition block device index fail!
[2026/09/15 19:46:15] read customer.ini file fail!
[2026/09/15 19:46:15] parse SYS_INI path fail
[2026/09/15 19:46:15] load model ini file fail
[2026/09/15 19:46:15] cannot find PcbPath from ini file
[2026/09/15 19:46:15] no pcb.config in tvconfigs
[2026/09/15 19:46:15] no mnt/vendor/factorypcb.config
[2026/09/15 19:46:17] delay:342
[2026/09/15 19:46:18] Vwait V1go
[2026/09/15 19:46:18] Vwait V2go
[2026/09/15 19:46:18] DEMOD BISR check Pass and disable demod CLK!!
[2026/09/15 19:46:18] [0;31mboard_version=0 sz=18M[0m
[2026/09/15 19:46:18] ATF:0 1 NOTICE: atf enter time:1185ms, current time:4015ms
[2026/09/15 19:46:18] ATF:0 1 NOTICE: 1st boot elapsed 4020ms
[2026/09/15 19:46:21] console:/ $
[2026/09/15 19:46:30] factory auto test loop start
[2026/09/15 19:46:30]  
[2026/09/15 19:46:45] 发送(hex): 20
[2026/09/15 19:46:45] 发送(hex): 20
[2026/09/15 19:46:45] 发送(hex): 20
[2026/09/15 19:46:45] 发送(hex): 20
[2026/09/15 19:46:45] 发送(hex): 20
[2026/09/15 19:46:45] 发送(hex): 20
[2026/09/15 19:46:46] 发送(hex): 20
[2026/09/15 19:46:46] 发送(hex): 20
[2026/09/15 19:46:46] 发送(hex): 20
[2026/09/15 19:46:46] 发送(hex): 20
[2026/09/15 19:46:46] 发送(hex): 20
[2026/09/15 19:46:46] 发送(hex): 20
[2026/09/15 19:46:46] 发送(hex): 20
[2026/09/15 19:46:46] 发送(hex): 20
[2026/09/15 19:46:46] 发送(hex): 20
[2026/09/15 19:46:46] 发送(hex): 20
[2026/09/15 19:46:46] 发送(hex): 20
[2026/09/15 19:46:46] 发送(hex): 20
[2026/09/15 19:46:46] 发送(hex): 20
[2026/09/15 19:46:46] 发送(hex): 20
[2026/09/15 19:46:46] 发送(hex): 20
[2026/09/15 19:46:46] 发送(hex): 20
[2026/09/15 19:46:46] 发送(hex): 20
[2026/09/15 19:46:46] 发送(hex): 20
[2026/09/15 19:46:46] 发送(hex): 20
[2026/09/15 19:46:46] 发送(hex): 20
[2026/09/15 19:46:46] 发送(hex): 20
[2026/09/15 19:46:46] 发送(hex): 20
[2026/09/15 19:46:46] 发送(hex): 20
[2026/09/15 19:46:46] 发送(hex): 20
[2026/09/15 19:46:46] 发送(hex): 20
[2026/09/15 19:46:46] 发送(hex): 20
[2026/09/15 19:46:46] 发送(hex): 20
[2026/09/15 19:46:46] 发送(hex): 20
[2026/09/15 19:46:46] $
[2026/09/15 19:46:46] Post romcode git ver:42df880604ac78a3 (Aug 28 2026 2
[2026/09/15 19:46:46] 发送(hex): 20
[2026/09/15 19:46:46] 发送(hex): 20
[2026/09/15 19:46:46] 发送(hex): 20
[2026/09/15 19:46:46] 1:41:35)
[2026/09/15 19:46:46] $
[2026/09/15 19:46:46] Hello world, RTD2875P_CN2_TV030!
[2026/09/15 19:46:46] set_wifi_reset
[2026/09/15 19:46:46] Auxcode git ver:3a4deb9ea300359e (Aug 28 2026 21:41:29)
[2026/09/15 19:46:46] flash_type = 2, secure_type = 2
[2026/09/15 19:46:46] b8062204=0
[2026/09/15 19:46:46] 发送(hex): 20
[2026/09/15 19:46:46] 发送(hex): 20
[2026/09/15 19:46:46] slot info 0 0x0 info 1 0x0
[2026/09/15 19:46:46] invalid reg slot
[2026/09/15 19:46:46] 发送(hex): 20
[2026/09/15 19:46:46] 发送(hex): 20
[2026/09/15 19:46:46] 发送(hex): 20
[2026/09/15 19:46:46] 发送(hex): 20
[2026/09/15 19:46:46] 发送(hex): 20
[2026/09/15 19:46:46] 发送(hex): 20
[2026/09/15 19:46:46] 发送(hex): 20
[2026/09/15 19:46:46] 发送(hex): 20
[2026/09/15 19:46:46] status 0x0,get slot info from flash!
[2026/09/15 19:46:46] g_gpt_blk_start 0x1  g_offline_gpt 0x0 last_usable_lba 0x1cd2032 num_partition_entries 0x32
[2026/09/15 19:46:46] start 0x2e600000 clt_blk 0x1973004 ctrl size 0x20
[2026/09/15 19:46:46] choose active index 0
[2026/09/15 19:46:46] part name bootloader ative_slot _a real part name bootloader_a
[2026/09/15 19:46:46] part name hwsetting start 0x100000 size 0x33600
[2026/09/15 19:46:46] part name ext_fw start 0x133600 size 0x10400
[2026/09/15 19:46:46] part name kboot start 0x143a00 size 0x16e00
[2026/09/15 19:46:46] part name uboot start 0x15a800 size 0x120400
[2026/09/15 19:46:46] ls4 2 1 = 800040aa 8000207f 80001000
[2026/09/15 19:46:46] fNewHWsettingArch = 2
[2026/09/15 19:46:46] 1.lsadcidx = 2, brand =3, offset = 0
[2026/09/15 19:46:46] 1.lsadcidx = 2, brand =3, offset = 17800
[2026/09/15 19:46:46] hwsetting from mmc
[2026/09/15 19:46:46] AC on HW offset 0x809 start 0x800 reg 0x8090800
[2026/09/15 19:46:46] total = 2f00
[2026/09/15 19:46:46] 发送(hex): 20
[2026/09/15 19:46:46] 发送(hex): 20
[2026/09/15 19:46:46] 发送(hex): 20
[2026/09/15 19:46:46] 发送(hex): 20
[2026/09/15 19:46:46] 发送(hex): 20
[2026/09/15 19:46:46] A
[2026/09/15 19:46:46] 发送(hex): 20
[2026/09/15 19:46:46] A
[2026/09/15 19:46:46] A
[2026/09/15 19:46:46] 发送(hex): 20
[2026/09/15 19:46:46] 发送(hex): 20
[2026/09/15 19:46:46] A
[2026/09/15 19:46:46] 发送(hex): 20
[2026/09/15 19:46:46] A
[2026/09/15 19:46:46] {12 14}
[2026/09/15 19:46:46] ffeeddffeeddddr ver: 62c63180
[2026/09/15 19:46:46] 发送(hex): 20
[2026/09/15 19:46:46] 发送(hex): 20
[2026/09/15 19:46:46] ori DQS0~7 {03 04 1a 1c 00 01 00 00}
[2026/09/15 19:46:46] 发送(hex): 20
[2026/09/15 19:46:46] 发送(hex): 20
[2026/09/15 19:46:46] 发送(hex): 20
[2026/09/15 19:46:46] 发送(hex): 20
[2026/09/15 19:46:46] 发送(hex): 20
[2026/09/15 19:46:46] 发送(hex): 20
[2026/09/15 19:46:46] 发送(hex): 20
[2026/09/15 19:46:46] {01 03 19 1b 00 01 00 00} {0a 09 07 09 06 05 00 00}
[2026/09/15 19:46:46] 发送(hex): 20
[2026/09/15 19:46:46] 发送(hex): 20
[2026/09/15 19:46:46] r.y.0 r.y.0 SCPU BISR status: Done
[2026/09/15 19:46:46] 发送(hex): 20
[2026/09/15 19:46:46] 发送(hex): 20
[2026/09/15 19:46:46] 发送(hex): 20
[2026/09/15 19:46:46] 发送(hex): 20
[2026/09/15 19:46:46] 发送(hex): 20
[2026/09/15 19:46:46] [go kb]
[2026/09/15 19:46:46] pass bootcode info to kboot
[2026/09/15 19:46:46] num=1100
[2026/09/15 19:46:46] boot_magic=7f676014
[2026/09/15 19:46:46] ---DEBUG kboot 21:41:14 Aug 28 2026 ---
[2026/09/15 19:46:46] [Kboot]eMMC(mid-15) MMC_HS50 (50000000Mhz)[8bit].
[2026/09/15 19:46:46] block info 0x1cd2032 0x3a3e000.
[2026/09/15 19:46:46] [MMC] 32 -----------> 16GB.
[2026/09/15 19:46:46] 发送(hex): 20
[2026/09/15 19:46:46] (00000000) (1) bufsize=(null)
[2026/09/15 19:46:46] 发送(hex): 20
[2026/09/15 19:46:46] 发送(hex): 20
[2026/09/15 19:46:46] 发送(hex): 20
[2026/09/15 19:46:46] uboot start 0x15a
[2026/09/15 19:46:46] 发送(hex): 20
[2026/09/15 19:46:46] 发送(hex): 20
[2026/09/15 19:46:46] 800 size 0x120400
[2026/09/15 19:46:46] 发送(hex): 20
[2026/09/15 19:46:46] 发送(hex): 20
[2026/09/15 19:46:46] board_version: ls1 = 0, ver: 0
[2026/09/15 19:46:46] [0;31mapp_main 325 board_version=0[0m
[2026/09/15 19:46:46] 发送(hex): 20
[2026/09/15 19:46:46] 发送(hex): 20
[2026/09/15 19:46:46] 发送(hex): 20
[2026/09/15 19:46:46] 发送(hex): 20
[2026/09/15 19:46:46] 发送(hex): 20
[2026/09/15 19:46:46] 发送(hex): 20
[2026/09/15 19:46:46] get FW_TZFW flash start 0xf100200 ddr buf start 0x180000 image size 010c2e3 ok!
[2026/09/15 19:46:46] [INFO]RPMB auth key not written !
[2026/09/15 19:46:46] [INFO]RPMB auth key not written !
[2026/09/15 19:46:46] Current board is not frist boot.
[2026/09/15 19:46:46] ALL zero, reserved_3 has removed.
[2026/09/15 19:46:46] Current board remove reserved_3 done.
[2026/09/15 19:46:46] 发送(hex): 20
[2026/09/15 19:46:46] 发送(hex): 20
[2026/09/15 19:46:46] 发送(hex): 20
[2026/09/15 19:46:46] 发送(hex): 20
[2026/09/15 19:46:46] 发送(hex): 20
[2026/09/15 19:46:46] 发送(hex): 20
[2026/09/15 19:46:46] 发送(hex): 20
[2026/09/15 19:46:46] 发送(hex): 20
[2026/09/15 19:46:46] 发送(hex): 20
[2026/09/15 19:46:46] 发送(hex): 20
[2026/09/15 19:46:46] 发送(hex): 20
[2026/09/15 19:46:46] 发送(hex): 20
[2026/09/15 19:46:47] 发送(hex): 20
[2026/09/15 19:46:47] 发送(hex): 20
[2026/09/15 19:46:47] 发送(hex): 20
[2026/09/15 19:46:47] 发送(hex): 20
[2026/09/15 19:46:47] 发送(hex): 20
[2026/09/15 19:46:47] 发送(hex): 20
[2026/09/15 19:46:47] get FW_VKERNEL flash start 0
[2026/09/15 19:46:47] 发送(hex): 20
[2026/09/15 19:46:47] 发送(hex): 20
[2026/09/15 19:46:47] xc100200 ddr buf start 0x1a900000 image size 05f0300 ok!
[2026/09/15 19:46:47] 发送(hex): 20
[2026/09/15 19:46:47] 发送(hex): 20
[2026/09/15 19:46:47] 发送(hex): 20
[2026/09/15 19:46:47] 发送(hex): 20
[2026/09/15 19:46:47] get FW_VKERNEL2 flash start 0xd900200 ddr buf start 0x1af00000 image size 0f4920 ok!
[2026/09/15 19:46:47] 发送(hex): 20
[2026/09/15 19:46:47] 发送(hex): 20
[2026/09/15 19:46:47] 发送(hex): 20
[2026/09/15 19:46:47] 发送(hex): 20
[2026/09/15 19:46:47] 发送(hex): 20
[2026/09/15 19:46:47] 发送(hex): 20
[2026/09/15 19:46:47] 发送(hex): 20
[2026/09/15 19:46:47] 发送(hex): 20
[2026/09/15 19:46:47] 发送(hex): 20
[2026/09/15 19:46:47] 发送(hex): 20
[2026/09/15 19:46:47] 发送(hex): 20
[2026/09/15 19:46:47] 发送(hex): 20
[2026/09/15 19:46:47] 发送(hex): 20
[2026/09/15 19:46:47] 发送(hex): 20
[2026/09/15 19:46:47] 发送(hex): 20
[2026/09/15 19:46:47] 发送(hex): 20
[2026/09/15 19:46:47] 发送(hex): 20
[2026/09/15 19:46:47] 发送(hex): 20
[2026/09/15 19:46:47] 发送(hex): 20
[2026/09/15 19:46:47] 发送(hex): 20
[2026/09/15 19:46:47] 发送(hex): 20
[2026/09/15 19:46:47] 发送(hex): 20
[2026/09/15 19:46:47] 发送(hex): 20
[2026/09/15 19:46:47] 发送(hex): 20
[2026/09/15 19:46:47] 发送(hex): 20
[2026/09/15 19:46:47] 发送(hex): 20
[2026/09/15 19:46:47] get FW_AKERNEL flash start 0xa900200 ddr buf start 0x1b200000 image size 07fbf7c ok!
[2026/09/15 19:46:47] 发送(hex): 20
[2026/09/15 19:46:47] 发送(hex): 20
[2026/09/15 19:46:47] 发送(hex): 20
[2026/09/15 19:46:47] 发送(hex): 20
[2026/09/15 19:46:47] 发送(hex): 20
[2026/09/15 19:46:47] 发送(hex): 20
[2026/09/15 19:46:47] 发送(hex): 20
[2026/09/15 19:46:47] 发送(hex): 20
[2026/09/15 19:46:47] 发送(hex): 20
[2026/09/15 19:46:47] 发送(hex): 20
[2026/09/15 19:46:47] ATFATFATF:0 1 NOTICE: kill CPU(2)...
[2026/09/15 19:46:47] ATF:0 1 NOTICE: kill (2) : PACTIVE:0
[2026/09/15 19:46:47] ATF:0 1 NOTICE:  CPU(2) kill done, pstate(0x0)
[2026/09/15 19:46:47] 发送(hex): 20
[2026/09/15 19:46:47] 发送(hex): 20
[2026/09/15 19:46:47] U
[2026/09/15 19:46:47] 发送(hex): 20
[2026/09/15 19:46:47] 发送(hex): 20
[2026/09/15 19:46:47] 发送(hex): 20
[2026/09/15 19:46:47] 发送(hex): 20
[2026/09/15 19:46:47] 发送(hex): 20
[2026/09/15 19:46:47] 发送(hex): 20
[2026/09/15 19:46:47] 发送(hex): 20
[2026/09/15 19:46:47] 发送(hex): 20
[2026/09/15 19:46:47] 发送(hex): 20
[2026/09/15 19:46:47] 发送(hex): 20
[2026/09/15 19:46:47] 发送(hex): 20
[2026/09/15 19:46:47] 发送(hex): 20
[2026/09/15 19:46:47] 发送(hex): 20
[2026/09/15 19:46:47] 发送(hex): 20
[2026/09/15 19:46:47] 发送(hex): 20
[2026/09/15 19:46:47] 发送(hex): 20
[2026/09/15 19:46:47] fixup_node_name 555. set /reserved-memory@5 to /reserved-memory
[2026/09/15 19:46:47] fixup_node_name 555. set /rtk_cma@5 to /rtk_cma
[2026/09/15 19:46:47] ### [1;31mERROR[0m ### get_movablecore 613. Can't find dtb node /reserved-memory/cma2_memory/reg
[2026/09/15 19:46:47] reinit_mem_info 1049  ddr_size 80000000
[2026/09/15 19:46:47] 发送(hex): 20
[2026/09/15 19:46:47] 发送(hex): 20
[2026/09/15 19:46:47] booting, boot_led_type: 0x00000000, led on[1]
[2026/09/15 19:46:47] set share register: 0x99100000
[2026/09/15 19:46:47] boot_power_on_mode=1
[2026/09/15 19:46:47] [get_layout:1264]!
[2026/09/15 19:46:47] 发送(hex): 20
[2026/09/15 19:46:47] 发送(hex): 20
[2026/09/15 19:46:47] 发送(hex): 20
[2026/09/15 19:46:47] 发送(hex): 20
[2026/09/15 19:46:47] 发送(hex): 20
[2026/09/15 19:46:47] 发送(hex): 20
[2026/09/15 19:46:47] 发送(hex): 20
[2026/09/15 19:46:47] 发送(hex): 20
[2026/09/15 19:46:47] boot_part value = 0 boot_tag value = 21
[2026/09/15 19:46:47] [get_oemkey] 1397: get oem.key = ATV00107525
[2026/09/15 19:46:47] Factory_RO: [EXT4] factory_ro_buffer:0a800000, factory_ro_buffer size:0x1000000!
[2026/09/15 19:46:47] Partiton factory_ro_a located at 0:6
[2026/09/15 19:46:47] factory_ro_a partition can not find /.000@bk@***!
[2026/09/15 19:46:47] Factory RO no need recovery!
[2026/09/15 19:46:47] Get tvconfigs_a partition block device index fail!
[2026/09/15 19:46:47] read customer.ini file fail!
[2026/09/15 19:46:47] parse SYS_INI path fail
[2026/09/15 19:46:47] Not support board ini mechansim!
[2026/09/15 19:46:47] Get tvconfigs_a partition block device index fail!
[2026/09/15 19:46:47] read customer.ini file fail!
[2026/09/15 19:46:47] parse SYS_INI path fail
[2026/09/15 19:46:47] load model ini file fail
[2026/09/15 19:46:47] cannot find PcbPath from ini file
[2026/09/15 19:46:47] no pcb.config in tvconfigs
[2026/09/15 19:46:47] no mnt/vendor/factorypcb.config
[2026/09/15 19:46:47] 发送(hex): 20
[2026/09/15 19:46:47] 发送(hex): 20
[2026/09/15 19:46:47] 发送(hex): 20
[2026/09/15 19:46:47] 发送(hex): 20
[2026/09/15 19:46:47] 发送(hex): 20
[2026/09/15 19:46:47] 发送(hex): 20
[2026/09/15 19:46:47] 发送(hex): 20
[2026/09/15 19:46:47] 发送(hex): 20
[2026/09/15 19:46:47] 发送(hex): 20
[2026/09/15 19:46:47] 发送(hex): 20
[2026/09/15 19:46:47] 发送(hex): 20
[2026/09/15 19:46:47] 发送(hex): 20
[2026/09/15 19:46:47] 发送(hex): 20
[2026/09/15 19:46:47] 发送(hex): 20
[2026/09/15 19:46:47] 发送(hex): 20
[2026/09/15 19:46:47] 发送(hex): 20
[2026/09/15 19:46:47] 发送(hex): 20
[2026/09/15 19:46:48] 发送(hex): 20
[2026/09/15 19:46:48] 发送(hex): 20
[2026/09/15 19:46:48] 发送(hex): 20
[2026/09/15 19:46:48] 发送(hex): 20
[2026/09/15 19:46:48] 发送(hex): 20
[2026/09/15 19:46:48] 发送(hex): 20
[2026/09/15 19:46:48] 发送(hex): 20
[2026/09/15 19:46:48] 发送(hex): 20
[2026/09/15 19:46:48] 发送(hex): 20
[2026/09/15 19:46:48] 发送(hex): 20
[2026/09/15 19:46:48] 发送(hex): 20
[2026/09/15 19:46:48] 发送(hex): 20
[2026/09/15 19:46:48] 发送(hex): 20
[2026/09/15 19:46:48] 发送(hex): 20
[2026/09/15 19:46:48] 发送(hex): 20
[2026/09/15 19:46:48] 发送(hex): 20
[2026/09/15 19:46:48] 发送(hex): 20
[2026/09/15 19:46:48] 发送(hex): 20
[2026/09/15 19:46:48] 发送(hex): 20
[2026/09/15 19:46:48] 发送(hex): 20
[2026/09/15 19:46:48] 发送(hex): 20
[2026/09/15 19:46:48] 发送(hex): 20
[2026/09/15 19:46:48] 发送(hex): 20
[2026/09/15 19:46:48] 发送(hex): 20
[2026/09/15 19:46:48] 发送(hex): 20
[2026/09/15 19:46:48] 发送(hex): 20
[2026/09/15 19:46:48] 发送(hex): 20
[2026/09/15 19:46:48] 发送(hex): 20
[2026/09/15 19:46:48] 发送(hex): 20
[2026/09/15 19:46:48] 发送(hex): 20
[2026/09/15 19:46:48] 发送(hex): 20
[2026/09/15 19:46:48] 发送(hex): 20
[2026/09/15 19:46:48] 发送(hex): 20
[2026/09/15 19:46:48] 发送(hex): 20
[2026/09/15 19:46:48] 发送(hex): 20
[2026/09/15 19:46:48] 发送(hex): 20
[2026/09/15 19:46:48] 发送(hex): 20
[2026/09/15 19:46:48] 发送(hex): 20
[2026/09/15 19:46:48] 发送(hex): 20
[2026/09/15 19:46:48] 发送(hex): 20
[2026/09/15 19:46:48] 发送(hex): 20
[2026/09/15 19:46:48] 发送(hex): 20
[2026/09/15 19:46:48] 发送(hex): 20
[2026/09/15 19:46:48] 发送(hex): 20
[2026/09/15 19:46:48] 发送(hex): 20
[2026/09/15 19:46:48] 发送(hex): 20
[2026/09/15 19:46:48] 发送(hex): 20
[2026/09/15 19:46:48] 发送(hex): 20
[2026/09/15 19:46:48] 发送(hex): 20
[2026/09/15 19:46:48] 发送(hex): 20
[2026/09/15 19:46:48] 发送(hex): 20
[2026/09/15 19:46:48] 发送(hex): 20
[2026/09/15 19:46:48] 发送(hex): 20
[2026/09/15 19:46:48] 发送(hex): 20
[2026/09/15 19:46:48] 发送(hex): 20
[2026/09/15 19:46:48] 发送(hex): 20
[2026/09/15 19:46:48] 发送(hex): 20
[2026/09/15 19:46:48] 发送(hex): 20
[2026/09/15 19:46:48] 发送(hex): 20
[2026/09/15 19:46:48] 发送(hex): 20
[2026/09/15 19:46:48] 发送(hex): 20
[2026/09/15 19:46:48] 发送(hex): 20
[2026/09/15 19:46:48] 发送(hex): 20
[2026/09/15 19:46:48] 发送(hex): 20
[2026/09/15 19:46:48] 发送(hex): 20
[2026/09/15 19:46:48] 发送(hex): 20
[2026/09/15 19:46:48] 发送(hex): 20
[2026/09/15 19:46:48] 发送(hex): 20
[2026/09/15 19:46:48] 发送(hex): 20
[2026/09/15 19:46:48] 发送(hex): 20
[2026/09/15 19:46:48] 发送(hex): 20
[2026/09/15 19:46:48] 发送(hex): 20
[2026/09/15 19:46:48] 发送(hex): 20
[2026/09/15 19:46:48] 发送(hex): 20
[2026/09/15 19:46:48] 发送(hex): 20
[2026/09/15 19:46:48] 发送(hex): 20
[2026/09/15 19:46:48] 发送(hex): 20
[2026/09/15 19:46:48] 发送(hex): 20
[2026/09/15 19:46:48] 发送(hex): 20
[2026/09/15 19:46:48] 发送(hex): 20
[2026/09/15 19:46:48] 发送(hex): 20
[2026/09/15 19:46:48] 发送(hex): 20
[2026/09/15 19:46:48] 发送(hex): 20
[2026/09/15 19:46:48] 发送(hex): 20
[2026/09/15 19:46:48] 发送(hex): 20
[2026/09/15 19:46:48] 发送(hex): 20
[2026/09/15 19:46:48] 发送(hex): 20
[2026/09/15 19:46:48] 发送(hex): 20
[2026/09/15 19:46:48] 发送(hex): 20
[2026/09/15 19:46:48] 发送(hex): 20
[2026/09/15 19:46:48] 发送(hex): 20
[2026/09/15 19:46:48] 发送(hex): 20
[2026/09/15 19:46:48] 发送(hex): 20
[2026/09/15 19:46:48] 发送(hex): 20
[2026/09/15 19:46:49] 发送(hex): 20
[2026/09/15 19:46:49] 发送(hex): 20
[2026/09/15 19:46:49] 发送(hex): 20
[2026/09/15 19:46:49] 发送(hex): 20
[2026/09/15 19:46:49] 发送(hex): 20
[2026/09/15 19:46:49] 发送(hex): 20
[2026/09/15 19:46:49] 发送(hex): 20
[2026/09/15 19:46:49] 发送(hex): 20
[2026/09/15 19:46:49] 发送(hex): 20
[2026/09/15 19:46:49] 发送(hex): 20
[2026/09/15 19:46:49] 发送(hex): 20
[2026/09/15 19:46:49] 发送(hex): 20
[2026/09/15 19:46:49] 发送(hex): 20
[2026/09/15 19:46:49] 发送(hex): 20
[2026/09/15 19:46:49] 发送(hex): 20
[2026/09/15 19:46:49] 发送(hex): 20
[2026/09/15 19:46:49] 发送(hex): 20
[2026/09/15 19:46:49] 发送(hex): 20
[2026/09/15 19:46:49] 发送(hex): 20
[2026/09/15 19:46:49] 发送(hex): 20
[2026/09/15 19:46:49] 发送(hex): 20
[2026/09/15 19:46:49] 发送(hex): 20
[2026/09/15 19:46:49] 发送(hex): 20
[2026/09/15 19:46:49] 发送(hex): 20
[2026/09/15 19:46:49] 发送(hex): 20
[2026/09/15 19:46:49] 发送(hex): 20
[2026/09/15 19:46:49] 发送(hex): 20
[2026/09/15 19:46:49] 发送(hex): 20
[2026/09/15 19:46:49] 发送(hex): 20
[2026/09/15 19:46:49] 发送(hex): 20
[2026/09/15 19:46:49] 发送(hex): 20
[2026/09/15 19:46:49] 发送(hex): 20
[2026/09/15 19:46:49] 发送(hex): 20
[2026/09/15 19:46:49] 发送(hex): 20
[2026/09/15 19:46:49] 发送(hex): 20
[2026/09/15 19:46:49] 发送(hex): 20
[2026/09/15 19:46:49] 发送(hex): 20
[2026/09/15 19:46:49] 发送(hex): 20
[2026/09/15 19:46:49] 发送(hex): 20
[2026/09/15 19:46:49] 发送(hex): 20
[2026/09/15 19:46:49] 发送(hex): 20
[2026/09/15 19:46:49] 发送(hex): 20
[2026/09/15 19:46:49] 发送(hex): 20
[2026/09/15 19:46:49] 发送(hex): 20
[2026/09/15 19:46:49] 发送(hex): 20
[2026/09/15 19:46:49] 发送(hex): 20
[2026/09/15 19:46:49] 发送(hex): 20
[2026/09/15 19:46:49] 发送(hex): 20
[2026/09/15 19:46:49] 发送(hex): 20
[2026/09/15 19:46:49] 发送(hex): 20
[2026/09/15 19:46:49] 发送(hex): 20
[2026/09/15 19:46:49] 发送(hex): 20
[2026/09/15 19:46:49] 发送(hex): 20
[2026/09/15 19:46:49] 发送(hex): 20
[2026/09/15 19:46:49] 发送(hex): 20
[2026/09/15 19:46:49] 发送(hex): 20
[2026/09/15 19:46:49] 发送(hex): 20
[2026/09/15 19:46:49] 发送(hex): 20
[2026/09/15 19:46:49] 发送(hex): 20
[2026/09/15 19:46:49] 发送(hex): 20
[2026/09/15 19:46:49] 发送(hex): 20
[2026/09/15 19:46:49] 发送(hex): 20
[2026/09/15 19:46:49] delay:427
[2026/09/15 19:46:49] 发送(hex): 20
[2026/09/15 19:46:49] 发送(hex): 20
[2026/09/15 19:46:49] 发送(hex): 20
[2026/09/15 19:46:49] 发送(hex): 20
[2026/09/15 19:46:49] 发送(hex): 20
[2026/09/15 19:46:49] 发送(hex): 20
[2026/09/15 19:46:49] 发送(hex): 20
[2026/09/15 19:46:49] 发送(hex): 20
[2026/09/15 19:46:49] 发送(hex): 20
[2026/09/15 19:46:49] 发送(hex): 20
[2026/09/15 19:46:49] 发送(hex): 20
[2026/09/15 19:46:49] 发送(hex): 20
[2026/09/15 19:46:49] 发送(hex): 20
[2026/09/15 19:46:49] 发送(hex): 20
[2026/09/15 19:46:49] 发送(hex): 20
[2026/09/15 19:46:49] 发送(hex): 20
[2026/09/15 19:46:49] 发送(hex): 20
[2026/09/15 19:46:49] 发送(hex): 20
[2026/09/15 19:46:49] 发送(hex): 20
[2026/09/15 19:46:49] 发送(hex): 20
[2026/09/15 19:46:49] 发送(hex): 20
[2026/09/15 19:46:49] 发送(hex): 20
[2026/09/15 19:46:49] 发送(hex): 20
[2026/09/15 19:46:49] 发送(hex): 20
[2026/09/15 19:46:49] 发送(hex): 20
[2026/09/15 19:46:49] 发送(hex): 20
[2026/09/15 19:46:49] 发送(hex): 20
[2026/09/15 19:46:49] 发送(hex): 20
[2026/09/15 19:46:49] 发送(hex): 20
[2026/09/15 19:46:49] 发送(hex): 20
[2026/09/15 19:46:49] 发送(hex): 20
[2026/09/15 19:46:50] 发送(hex): 20
[2026/09/15 19:46:50] 发送(hex): 20
[2026/09/15 19:46:50] Net:   r8168: REALTEK RTL8168
[2026/09/15 19:46:50] 发送(hex): 20
[2026/09/15 19:46:50] 发送(hex): 20
[2026/09/15 19:46:50] @0x18016000
[2026/09/15 19:46:50] 发送(hex): 20
[2026/09/15 19:46:50] Start Boot Setup ...
[2026/09/15 19:46:50] (powerMgr_get_wa
[2026/09/15 19:46:50] 发送(hex): 20
[2026/09/15 19:46:50] 发送(hex): 20
[2026/09/15 19:46:50] keup_source)2012/05/30 19:50
[2026/09/15 19:46:50] wakeup source : AC
[2026/09/15 19:46:50] 发送(hex): 20
[2026/09/15 19:46:50] 发送(hex): 20
[2026/09/15 19:46:50] 发送(hex): 20
[2026/09/15 19:46:50] (powerMgr_get_wakeup_source)2012/05/30 19:50
[2026/09/15 19:46:50] wakeup source : AC
[2026/09/15 19:46:50] wakeup_src=0, boot_logo_enable=1, bgm_boot_type=0, POWER_ON_MODE_SILEN=0.
[2026/09/15 19:46:50] 发送(hex): 20
[2026/09/15 19:46:50] 发送(hex): 20
[2026/09/15 19:46:50] GDMA module_init finish
[2026/09/15 19:46:50] [GDMA] OSD size[3840,2160]
[2026/09/15 19:46:50] [GDMA]
[2026/09/15 19:46:50] 发送(hex): 20
[2026/09/15 19:46:50] gdma_showlogo gdma show logo 3818
[2026/09/15 19:46:50] Net:   r8168: REALTEK RTL8168 @0x18016000
[2026/09/15 19:46:50] 发送(hex): 20
[2026/09/15 19:46:50] 发送(hex): 20
[2026/09/15 19:46:50] ## Android Verified Boot 2.0 vers
[2026/09/15 19:46:50] 发送(hex): 20
[2026/09/15 19:46:50] ion 1.1.0
[2026/09/15 19:46:50] 发送(hex): 20
[2026/09/15 19:46:50] 发送(hex): 20
[2026/09/15 19:46:50] 发送(hex): 20
[2026/09/15 19:46:50] 发送(hex): 20
[2026/09/15 19:46:50] 发送(hex): 20
[2026/09/15 19:46:50] 发送(hex): 20
[2026/09/15 19:46:50] 发送(hex): 20
[2026/09/15 19:46:50] 发送(hex): 20
[2026/09/15 19:46:50] 发送(hex): 20
[2026/09/15 19:46:50] 发送(hex): 20
[2026/09/15 19:46:50] 发送(hex): 20
[2026/09/15 19:46:50] 发送(hex): 20
[2026/09/15 19:46:50] 发送(hex): 20
[2026/09/15 19:46:50] 发送(hex): 20
[2026/09/15 19:46:50] 发送(hex): 20
[2026/09/15 19:46:50] 发送(hex): 20
[2026/09/15 19:46:50] 发送(hex): 20
[2026/09/15 19:46:50] 发送(hex): 20
[2026/09/15 19:46:50] 发送(hex): 20
[2026/09/15 19:46:50] 发送(hex): 20
[2026/09/15 19:46:50] 发送(hex): 20
[2026/09/15 19:46:50] 发送(hex): 20
[2026/09/15 19:46:50] 发送(hex): 20
[2026/09/15 19:46:50] 发送(hex): 20
[2026/09/15 19:46:50] 发送(hex): 20
[2026/09/15 19:46:50] 发送(hex): 20
[2026/09/15 19:46:50] 发送(hex): 20
[2026/09/15 19:46:50] 发送(hex): 20
[2026/09/15 19:46:50] 发送(hex): 20
[2026/09/15 19:46:50] 发送(hex): 20
[2026/09/15 19:46:50] 发送(hex): 20
[2026/09/15 19:46:50] 发送(hex): 20
[2026/09/15 19:46:50] 发送(hex): 20
[2026/09/15 19:46:50] 发送(hex): 20
[2026/09/15 19:46:50] 发送(hex): 20
[2026/09/15 19:46:50] 发送(hex): 20
[2026/09/15 19:46:50] 发送(hex): 20
[2026/09/15 19:46:50] 发送(hex): 20
[2026/09/15 19:46:50] 发送(hex): 20
[2026/09/15 19:46:50] 发送(hex): 20
[2026/09/15 19:46:50] 发送(hex): 20
[2026/09/15 19:46:50] 发送(hex): 20
[2026/09/15 19:46:50] 发送(hex): 20
[2026/09/15 19:46:50] 发送(hex): 20
[2026/09/15 19:46:50] 发送(hex): 20
[2026/09/15 19:46:50] 发送(hex): 20
[2026/09/15 19:46:50] 发送(hex): 20
[2026/09/15 19:46:50] 发送(hex): 20
[2026/09/15 19:46:50] Verification passed successfully
[2026/09/15 19:46:50] [Skip A] boot manual mode
[2026/09/15 19:46:50] [Skip V] boot manual mode
[2026/09/15 19:46:50] is_avb_verify_hash_partition 164 find avb verify part_name boot img_buf 0x66400000 size 0x307a000
[2026/09/15 19:46:50] boot header version : 4
[2026/09/15 19:46:50] is_avb_verify_hash_partition 164 find avb verify part_name vendor_boot img_buf 0x6bc00000 size 0x10a3000
[2026/09/15 19:46:50] get_partition_content_by_name 11954 get gpt_name init_boot_a err,try part name init_boot!
[2026/09/15 19:46:50] get_partition_content_by_name 11956 get part name init_boot err!
[2026/09/15 19:46:50] 发送(hex): 20
[2026/09/15 19:46:50] 发送(hex): 20
[2026/09/15 19:46:50] 发送(hex): 20
[2026/09/15 19:46:50] 发送(hex): 20
[2026/09/15 19:46:50] 发送(hex): 20
[2026/09/15 19:46:50] 发送(hex): 20
[2026/09/15 19:46:50] 发送(hex): 20
[2026/09/15 19:46:50] get_merge_ramdisk 11932 cur_ramdisk_size 0xf3096 real_cur_ramdisk_size 0xf3096
[2026/09/15 19:46:50] get_merge_ramdisk 11932 cur_ramdisk_size 0x2019e5 real_cur_ramdisk_size 0x2019e5
[2026/09/15 19:46:50] is_avb_verify_hash_partition 164 find avb verify part_name dtbo img_buf 0x6fc00000 size 0x1186
[2026/09/15 19:46:50] Net:   r8168: REALTEK RTL8168 @0x18016000
[2026/09/15 19:46:50] 发送(hex): 20
[2026/09/15 19:46:50] 发送(hex): 20
[2026/09/15 19:46:50] 发送(hex): 20
[2026/09/15 19:46:50] 发送(hex): 20
[2026/09/15 19:46:50] [Skip K] boot manual mode (execute "go all")
[2026/09/15 19:46:50] Enter console mode, disable watchdog ...
[2026/09/15 19:46:50] Realtek>
[2026/09/15 19:46:50] 发送(hex): 20
[2026/09/15 19:46:50] 发送(hex): 20
[2026/09/15 19:46:50] 发送(hex): 20
[2026/09/15 19:46:50] 发送(hex): 20
[2026/09/15 19:46:50] 发送(hex): 20
[2026/09/15 19:46:50] 发送(hex): 20
[2026/09/15 19:46:50] 发送(hex): 20
[2026/09/15 19:46:50] 发送(hex): 20
[2026/09/15 19:46:50] 发送(hex): 20
[2026/09/15 19:46:50] 发送(hex): 20
[2026/09/15 19:46:50] 发送(hex): 20
[2026/09/15 19:46:50] 发送(hex): 20
[2026/09/15 19:46:50] 发送(hex): 20
[2026/09/15 19:46:50] 发送(hex): 20
[2026/09/15 19:46:50] 发送(hex): 20
[2026/09/15 19:46:50] 发送(hex): 20
[2026/09/15 19:46:50] 发送(hex): 20
[2026/09/15 19:46:51] 发送(hex): 20
[2026/09/15 19:46:51] 发送(hex): 20
[2026/09/15 19:46:51] 发送(hex): 20
[2026/09/15 19:46:51] 发送(hex): 20
[2026/09/15 19:46:51] 发送(hex): 20
[2026/09/15 19:46:51] 发送(hex): 20
[2026/09/15 19:46:51] 发送(hex): 20
[2026/09/15 19:46:51] 发送(hex): 20
[2026/09/15 19:46:51] 发送(hex): 20
[2026/09/15 19:46:51] 发送(hex): 20
[2026/09/15 19:46:51] 发送(hex): 20
[2026/09/15 19:46:51] 发送(hex): 20
[2026/09/15 19:46:51] 发送(hex): 20
[2026/09/15 19:46:51] 发送(hex): 20
[2026/09/15 19:46:51] 发送(hex): 20
[2026/09/15 19:46:51] 发送(hex): 20
[2026/09/15 19:46:51] 发送(hex): 20
[2026/09/15 19:46:51] 发送(hex): 20
[2026/09/15 19:46:51] 发送(hex): 20
[2026/09/15 19:46:51] 发送(hex): 20
[2026/09/15 19:46:51] 发送(hex): 20
[2026/09/15 19:46:51] 发送(hex): 20
[2026/09/15 19:46:51] 发送(hex): 20
[2026/09/15 19:46:51] 发送(hex): 20
[2026/09/15 19:46:51] 发送(hex): 20
[2026/09/15 19:46:51] 发送(hex): 20
[2026/09/15 19:46:51] 发送(hex): 20
[2026/09/15 19:46:51] 发送(hex): 20
[2026/09/15 19:46:51] 发送(hex): 20
[2026/09/15 19:46:51] 发送(hex): 20
[2026/09/15 19:46:51] 发送(hex): 20
[2026/09/15 19:46:51] 发送(hex): 20
[2026/09/15 19:46:51] 发送(hex): 20
[2026/09/15 19:46:51] 发送(hex): 20
[2026/09/15 19:46:51] 发送(hex): 20
[2026/09/15 19:46:51] 发送(hex): 20
[2026/09/15 19:46:51] 发送(hex): 20
[2026/09/15 19:46:51] 发送(hex): 20
[2026/09/15 19:46:51] 发送(hex): 20
[2026/09/15 19:46:51] 发送(hex): 20
[2026/09/15 19:46:51] 发送(hex): 20
[2026/09/15 19:46:51] 发送(hex): 20
[2026/09/15 19:46:51] 发送(hex): 20
[2026/09/15 19:46:51] 发送(hex): 20
[2026/09/15 19:46:51] 发送(hex): 20
[2026/09/15 19:46:51] 发送(hex): 20
[2026/09/15 19:46:51] 发送(hex): 20
[2026/09/15 19:46:51] 发送(hex): 20
[2026/09/15 19:46:51] 发送(hex): 20
[2026/09/15 19:46:51] 发送(hex): 20
[2026/09/15 19:46:51] 发送(hex): 20
[2026/09/15 19:46:51] 发送(hex): 20
[2026/09/15 19:46:51] 发送(hex): 20
[2026/09/15 19:46:51] 发送(hex): 20
[2026/09/15 19:46:51] 发送(hex): 20
[2026/09/15 19:46:51] 发送(hex): 20
[2026/09/15 19:46:51] 发送(hex): 20
[2026/09/15 19:46:51] 发送(hex): 20
[2026/09/15 19:46:51] 发送(hex): 20
[2026/09/15 19:46:51] 发送(hex): 20
[2026/09/15 19:46:51] 发送(hex): 20
[2026/09/15 19:46:51] 发送(hex): 20
[2026/09/15 19:46:51] 发送(hex): 20
[2026/09/15 19:46:51] 发送(hex): 20
[2026/09/15 19:46:51] 发送(hex): 20
[2026/09/15 19:46:51] 发送(hex): 20
[2026/09/15 19:46:51] 发送(hex): 20
[2026/09/15 19:46:51] 发送(hex): 20
[2026/09/15 19:46:51] 发送(hex): 20
[2026/09/15 19:46:51] 发送(hex): 20
[2026/09/15 19:46:51] 发送(hex): 20
[2026/09/15 19:46:51] 发送(hex): 20
[2026/09/15 19:46:51] 发送(hex): 20
[2026/09/15 19:46:51] 发送(hex): 20
[2026/09/15 19:46:51] 发送(hex): 20
[2026/09/15 19:46:51] 发送(hex): 20
[2026/09/15 19:46:51] 发送(hex): 20
[2026/09/15 19:46:51] 发送(hex): 20
[2026/09/15 19:46:51] 发送(hex): 20
[2026/09/15 19:46:51] 发送(hex): 20
[2026/09/15 19:46:51] 发送(hex): 20
[2026/09/15 19:46:51] 发送(hex): 20
[2026/09/15 19:46:51] 发送(hex): 20
[2026/09/15 19:46:51] 发送(hex): 20
[2026/09/15 19:46:51] 发送(hex): 20
[2026/09/15 19:46:51] 发送(hex): 20
[2026/09/15 19:46:51] 发送(hex): 20
[2026/09/15 19:46:51] 发送(hex): 20
[2026/09/15 19:46:51] 发送(hex): 20
[2026/09/15 19:46:51] 发送(hex): 20
[2026/09/15 19:46:51] 发送(hex): 20
[2026/09/15 19:46:51] 发送(hex): 20
[2026/09/15 19:46:51] 发送(hex): 20
[2026/09/15 19:46:52] 发送(hex): 20
[2026/09/15 19:46:52] 发送(hex): 20
[2026/09/15 19:46:52] 发送(hex): 20
[2026/09/15 19:46:52] 发送(hex): 20
[2026/09/15 19:46:52] 发送(hex): 20
[2026/09/15 19:46:52] 发送(hex): 20
[2026/09/15 19:46:52] 发送(hex): 20
[2026/09/15 19:46:52] 发送(hex): 20
[2026/09/15 19:46:52] 发送(hex): 20
[2026/09/15 19:46:52] 发送(hex): 20
[2026/09/15 19:46:52] 发送(hex): 20
[2026/09/15 19:46:52] 发送(hex): 20
[2026/09/15 19:46:52] 发送(hex): 20
[2026/09/15 19:46:52] 发送(hex): 20
[2026/09/15 19:46:52] 发送(hex): 20
[2026/09/15 19:46:52] 发送(hex): 20
[2026/09/15 19:46:52] 发送(hex): 20
[2026/09/15 19:46:52] 发送(hex): 20
[2026/09/15 19:46:52] 发送(hex): 20
[2026/09/15 19:46:52] 发送(hex): 20
[2026/09/15 19:46:52] 发送(hex): 20
[2026/09/15 19:46:52] 发送(hex): 20
[2026/09/15 19:46:52] 发送(hex): 20
[2026/09/15 19:46:52] 发送(hex): 20
[2026/09/15 19:46:52] 发送(hex): 20
[2026/09/15 19:46:52] 发送(hex): 20
[2026/09/15 19:46:52] 发送(hex): 20
[2026/09/15 19:46:52] 发送(hex): 20
[2026/09/15 19:46:52] 发送(hex): 20
[2026/09/15 19:46:52] 发送(hex): 20
[2026/09/15 19:46:52] 发送(hex): 20
[2026/09/15 19:46:52] 发送(hex): 20
[2026/09/15 19:46:52] 发送(hex): 20
[2026/09/15 19:46:52] 发送(hex): 20
[2026/09/15 19:46:52] 发送(hex): 20
[2026/09/15 19:46:52] 发送(hex): 20
[2026/09/15 19:46:52] 发送(hex): 20
[2026/09/15 19:46:52] 发送(hex): 20
[2026/09/15 19:46:52] 发送(hex): 20
[2026/09/15 19:46:52] 发送(hex): 20
[2026/09/15 19:46:52] 发送(hex): 20
[2026/09/15 19:46:52] 发送(hex): 20
[2026/09/15 19:46:52] 发送(hex): 20
[2026/09/15 19:46:52] 发送(hex): 20
[2026/09/15 19:46:52] 发送(hex): 20
[2026/09/15 19:46:52] 发送(hex): 20
[2026/09/15 19:46:52] 发送(hex): 20
[2026/09/15 19:46:52] 发送(hex): 20
[2026/09/15 19:46:52] 发送(hex): 20
[2026/09/15 19:46:52] 发送(hex): 20
[2026/09/15 19:46:52] 发送(hex): 20
[2026/09/15 19:46:52] 发送(hex): 20
[2026/09/15 19:46:52] 发送(hex): 20
[2026/09/15 19:46:52] 发送(hex): 20
[2026/09/15 19:46:52] 发送(hex): 20
[2026/09/15 19:46:52] 发送(hex): 20
[2026/09/15 19:46:52] 发送(hex): 20
[2026/09/15 19:46:52] 发送(hex): 20
[2026/09/15 19:46:52] 发送(hex): 20
[2026/09/15 19:46:52] 发送(hex): 20
[2026/09/15 19:46:52] 发送(hex): 20
[2026/09/15 19:46:52] 发送(hex): 20
[2026/09/15 19:46:52] 发送(hex): 20
[2026/09/15 19:46:52] 发送(hex): 20
[2026/09/15 19:46:52] 发送(hex): 20
[2026/09/15 19:46:52] 发送(hex): 20
[2026/09/15 19:46:52] 发送(hex): 20
[2026/09/15 19:46:52] 发送(hex): 20
[2026/09/15 19:46:52] 发送(hex): 20
[2026/09/15 19:46:52] 发送(hex): 20
[2026/09/15 19:46:52] 发送(hex): 20
[2026/09/15 19:46:52] 发送(hex): 20
[2026/09/15 19:46:52] 发送(hex): 20
[2026/09/15 19:46:52] 发送(hex): 20
[2026/09/15 19:46:52] 发送(hex): 20
[2026/09/15 19:46:52] 发送(hex): 20
[2026/09/15 19:46:52] 发送(hex): 20
[2026/09/15 19:46:52] 发送(hex): 20
[2026/09/15 19:46:52] 发送(hex): 20
[2026/09/15 19:46:52] 发送(hex): 20
[2026/09/15 19:46:52] 发送(hex): 20
[2026/09/15 19:46:52] 发送(hex): 20
[2026/09/15 19:46:52] 发送(hex): 20
[2026/09/15 19:46:52] 发送(hex): 20
[2026/09/15 19:46:52] 发送(hex): 20
[2026/09/15 19:46:52] 发送(hex): 20
[2026/09/15 19:46:52] 发送(hex): 20
[2026/09/15 19:46:52] 发送(hex): 20
[2026/09/15 19:46:52] 发送(hex): 20
[2026/09/15 19:46:52] 发送(hex): 20
[2026/09/15 19:46:52] 发送(hex): 20
[2026/09/15 19:46:52] 发送(hex): 20
[2026/09/15 19:46:52] 发送(hex): 20
[2026/09/15 19:46:52] 发送(hex): 20
[2026/09/15 19:46:53] 发送(hex): 20
[2026/09/15 19:46:53] 发送(hex): 20
[2026/09/15 19:46:53] 发送(hex): 20
[2026/09/15 19:46:53] 发送(hex): 20
[2026/09/15 19:46:53] 发送(hex): 20
[2026/09/15 19:46:53] 发送(hex): 20
[2026/09/15 19:46:53] 发送(hex): 20
[2026/09/15 19:46:53] 发送(hex): 20
[2026/09/15 19:46:53] 发送(hex): 20
[2026/09/15 19:46:53] 发送(hex): 20
[2026/09/15 19:46:53] 发送(hex): 20
[2026/09/15 19:46:53] 发送(hex): 20
[2026/09/15 19:46:53] 发送(hex): 20
[2026/09/15 19:46:53] 发送(hex): 20
[2026/09/15 19:46:53] 发送(hex): 20
[2026/09/15 19:46:53] 发送(hex): 20
[2026/09/15 19:46:53] 发送(hex): 20
[2026/09/15 19:46:53] 发送(hex): 20
[2026/09/15 19:46:53] 发送(hex): 20
[2026/09/15 19:46:53] 发送(hex): 20
[2026/09/15 19:46:53] 发送(hex): 20
[2026/09/15 19:46:53] 发送(hex): 20
[2026/09/15 19:46:53] 发送(hex): 20
[2026/09/15 19:46:53] 发送(hex): 20
[2026/09/15 19:46:53] 发送(hex): 20
[2026/09/15 19:46:53] 发送(hex): 20
[2026/09/15 19:46:53] 发送(hex): 20
[2026/09/15 19:46:53] 发送(hex): 20
[2026/09/15 19:46:53] 发送(hex): 20
[2026/09/15 19:46:53] 发送(hex): 20
[2026/09/15 19:46:53] 发送(hex): 20
[2026/09/15 19:46:53] 发送(hex): 20
[2026/09/15 19:46:53] 发送(hex): 20
[2026/09/15 19:46:53] 发送(hex): 20
[2026/09/15 19:46:53] 发送(hex): 20
[2026/09/15 19:46:53] 发送(hex): 20
[2026/09/15 19:46:53] 发送(hex): 20
[2026/09/15 19:46:53] 发送(hex): 20
[2026/09/15 19:46:53] 发送(hex): 20
[2026/09/15 19:46:53] 发送(hex): 20
[2026/09/15 19:46:53] 发送(hex): 20
[2026/09/15 19:46:53] 发送(hex): 20
[2026/09/15 19:46:53] 发送(hex): 20
[2026/09/15 19:46:53] 发送(hex): 20
[2026/09/15 19:46:53] 发送(hex): 20
[2026/09/15 19:46:53] 发送(hex): 20
[2026/09/15 19:46:53] 发送(hex): 20
[2026/09/15 19:46:53] 发送(hex): 20
[2026/09/15 19:46:53] 发送(hex): 20
[2026/09/15 19:46:53] 发送(hex): 20
[2026/09/15 19:46:53] 发送(hex): 20
[2026/09/15 19:46:53] 发送(hex): 20
[2026/09/15 19:46:53] 发送(hex): 20
[2026/09/15 19:46:53] 发送(hex): 20
[2026/09/15 19:46:53] 发送(hex): 20
[2026/09/15 19:46:53] 发送(hex): 20
[2026/09/15 19:46:53] 发送(hex): 20
[2026/09/15 19:46:53] 发送(hex): 20
[2026/09/15 19:46:53] 发送(hex): 20
[2026/09/15 19:46:53] 发送(hex): 20
[2026/09/15 19:46:53] 发送(hex): 20
[2026/09/15 19:46:53] 发送(hex): 20
[2026/09/15 19:46:53] 发送(hex): 20
[2026/09/15 19:46:53] 发送(hex): 20
[2026/09/15 19:46:53] 发送(hex): 20
[2026/09/15 19:46:53] 发送(hex): 20
[2026/09/15 19:46:53] 发送(hex): 20
[2026/09/15 19:46:53] 发送(hex): 20
[2026/09/15 19:46:53] 发送(hex): 20
[2026/09/15 19:46:53] 发送(hex): 20
[2026/09/15 19:46:53] 发送(hex): 20
[2026/09/15 19:46:53] 发送(hex): 20
[2026/09/15 19:46:53] 发送(hex): 20
[2026/09/15 19:46:53] 发送(hex): 20
[2026/09/15 19:46:53] 发送(hex): 20
[2026/09/15 19:46:53] 发送(hex): 20
[2026/09/15 19:46:53] 发送(hex): 20
[2026/09/15 19:46:53] 发送(hex): 20
[2026/09/15 19:46:53] 发送(hex): 20
[2026/09/15 19:46:53] 发送(hex): 20
[2026/09/15 19:46:53] 发送(hex): 20
[2026/09/15 19:46:53] 发送(hex): 20
[2026/09/15 19:46:53] 发送(hex): 20
[2026/09/15 19:46:53] 发送(hex): 20
[2026/09/15 19:46:53] 发送(hex): 20
[2026/09/15 19:46:53] 发送(hex): 20
[2026/09/15 19:46:53] 发送(hex): 20
[2026/09/15 19:46:53] 发送(hex): 20
[2026/09/15 19:46:53] 发送(hex): 20
[2026/09/15 19:46:53] 发送(hex): 20
[2026/09/15 19:46:53] 发送(hex): 20
[2026/09/15 19:46:53] 发送(hex): 20
[2026/09/15 19:46:53] 发送(hex): 20
[2026/09/15 19:46:54] 发送(hex): 20
[2026/09/15 19:46:54] 发送(hex): 20
[2026/09/15 19:46:54] 发送(hex): 20
[2026/09/15 19:46:54] 发送(hex): 20
[2026/09/15 19:46:54] 发送(hex): 20
[2026/09/15 19:46:54] 发送(hex): 20
[2026/09/15 19:46:54] 发送(hex): 20
[2026/09/15 19:46:54] 发送(hex): 20
[2026/09/15 19:46:54] 发送(hex): 20
[2026/09/15 19:46:54] 发送(hex): 20
[2026/09/15 19:46:54] 发送(hex): 20
[2026/09/15 19:46:54] 发送(hex): 20
[2026/09/15 19:46:54] 发送(hex): 20
[2026/09/15 19:46:54] 发送(hex): 20
[2026/09/15 19:46:54] 发送(hex): 20
[2026/09/15 19:46:54] 发送(hex): 20
[2026/09/15 19:46:54] 发送(hex): 20
[2026/09/15 19:46:54] 发送(hex): 20
[2026/09/15 19:46:54] 发送(hex): 20
[2026/09/15 19:46:54] 发送(hex): 20
[2026/09/15 19:46:54] 发送(hex): 20
[2026/09/15 19:46:54] 发送(hex): 20
[2026/09/15 19:46:54] 发送(hex): 20
[2026/09/15 19:46:54] 发送(hex): 20
[2026/09/15 19:46:54] 发送(hex): 20
[2026/09/15 19:46:54] 发送(hex): 20
[2026/09/15 19:46:54] 发送(hex): 20
[2026/09/15 19:46:54] 发送(hex): 20
[2026/09/15 19:46:54] 发送(hex): 20
[2026/09/15 19:46:54] 发送(hex): 20
[2026/09/15 19:46:54] 发送(hex): 20
[2026/09/15 19:46:54] 发送(hex): 20
[2026/09/15 19:46:54] 发送(hex): 20
[2026/09/15 19:46:54] 发送(hex): 20
[2026/09/15 19:46:54] 发送(hex): 20
[2026/09/15 19:46:54] 发送(hex): 20
[2026/09/15 19:46:54] 发送(hex): 20
[2026/09/15 19:46:54] 发送(hex): 20
[2026/09/15 19:46:54] 发送(hex): 20
[2026/09/15 19:46:54] 发送(hex): 20
[2026/09/15 19:46:54] 发送(hex): 20
[2026/09/15 19:46:54] 发送(hex): 20
[2026/09/15 19:46:54] 发送(hex): 20
[2026/09/15 19:46:54] 发送(hex): 20
[2026/09/15 19:46:54] 发送(hex): 20
[2026/09/15 19:46:54] 发送(hex): 20
[2026/09/15 19:46:54] 发送(hex): 20
[2026/09/15 19:46:54] 发送(hex): 20
[2026/09/15 19:46:54] 发送(hex): 20
[2026/09/15 19:46:54] 发送(hex): 20
[2026/09/15 19:46:54] 发送(hex): 20
[2026/09/15 19:46:54] 发送(hex): 20
[2026/09/15 19:46:54] 发送(hex): 20
[2026/09/15 19:46:54] 发送(hex): 20
[2026/09/15 19:46:54] 发送(hex): 20
[2026/09/15 19:46:54] 发送(hex): 20
[2026/09/15 19:46:54] 发送(hex): 20
[2026/09/15 19:46:54] 发送(hex): 20
[2026/09/15 19:46:54] 发送(hex): 20
[2026/09/15 19:46:54] 发送(hex): 20
[2026/09/15 19:46:54] 发送(hex): 20
[2026/09/15 19:46:54] 发送(hex): 20
[2026/09/15 19:46:54] 发送(hex): 20
[2026/09/15 19:46:54] 发送(hex): 20
[2026/09/15 19:46:54] 发送(hex): 20
[2026/09/15 19:46:54] 发送(hex): 20
[2026/09/15 19:46:54] 发送(hex): 20
[2026/09/15 19:46:54] 发送(hex): 20
[2026/09/15 19:46:54] 发送(hex): 20
[2026/09/15 19:46:54] 发送(hex): 20
[2026/09/15 19:46:54] 发送(hex): 20
[2026/09/15 19:46:54] 发送(hex): 20
[2026/09/15 19:46:54] 发送(hex): 20
[2026/09/15 19:46:54] 发送(hex): 20
[2026/09/15 19:46:54] 发送(hex): 20
[2026/09/15 19:46:54] 发送(hex): 20
[2026/09/15 19:46:54] 发送(hex): 20
[2026/09/15 19:46:54] 发送(hex): 20
[2026/09/15 19:46:54] 发送(hex): 20
[2026/09/15 19:46:54] 发送(hex): 20
[2026/09/15 19:46:54] 发送(hex): 20
[2026/09/15 19:46:54] 发送(hex): 20
[2026/09/15 19:46:54] 发送(hex): 20
[2026/09/15 19:46:54] 发送(hex): 20
[2026/09/15 19:46:54] 发送(hex): 20
[2026/09/15 19:46:54] 发送(hex): 20
[2026/09/15 19:46:54] 发送(hex): 20
[2026/09/15 19:46:54] 发送(hex): 20
[2026/09/15 19:46:54] 发送(hex): 20
[2026/09/15 19:46:54] 发送(hex): 20
[2026/09/15 19:46:54] 发送(hex): 20
[2026/09/15 19:46:54] 发送(hex): 20
[2026/09/15 19:46:55] 发送(hex): 20
[2026/09/15 19:46:55] 发送(hex): 20
[2026/09/15 19:46:55] 发送(hex): 20
[2026/09/15 19:46:55] 发送(hex): 20
[2026/09/15 19:46:55] 发送(hex): 20
[2026/09/15 19:46:55] 发送(hex): 20
[2026/09/15 19:46:55] 发送(hex): 20
[2026/09/15 19:46:55] 发送(hex): 20
[2026/09/15 19:46:55] 发送(hex): 20
[2026/09/15 19:46:55] 发送(hex): 20
[2026/09/15 19:46:55] 发送(hex): 20
[2026/09/15 19:46:55] 发送(hex): 20
[2026/09/15 19:46:55] 发送(hex): 20
[2026/09/15 19:46:55] 发送(hex): 20
[2026/09/15 19:46:55] 发送(hex): 20
[2026/09/15 19:46:55] 发送(hex): 20
[2026/09/15 19:46:55] 发送(hex): 20
[2026/09/15 19:46:55] 发送(hex): 20
[2026/09/15 19:46:55] 发送(hex): 20
[2026/09/15 19:46:55] 发送(hex): 20
[2026/09/15 19:46:55] 发送(hex): 20
[2026/09/15 19:46:55] 发送(hex): 20
[2026/09/15 19:46:55] 发送(hex): 20
[2026/09/15 19:46:55] 发送(hex): 20
[2026/09/15 19:46:55] 发送(hex): 20
[2026/09/15 19:46:55] 发送(hex): 20
[2026/09/15 19:46:55] 发送(hex): 20
[2026/09/15 19:46:55] 发送(hex): 20
[2026/09/15 19:46:55] 发送(hex): 20
[2026/09/15 19:46:55] 发送(hex): 20
[2026/09/15 19:46:55] 发送(hex): 20
[2026/09/15 19:46:55] 发送(hex): 20
[2026/09/15 19:46:55] 发送(hex): 20
[2026/09/15 19:46:55] 发送(hex): 20
[2026/09/15 19:46:55] 发送(hex): 20
[2026/09/15 19:46:55] 发送(hex): 20
[2026/09/15 19:46:55] 发送(hex): 20
[2026/09/15 19:46:55] 发送(hex): 20
[2026/09/15 19:46:55] 发送(hex): 20
[2026/09/15 19:46:55] 发送(hex): 20
[2026/09/15 19:46:55] 发送(hex): 20
[2026/09/15 19:46:55] 发送(hex): 20
[2026/09/15 19:46:55] 发送(hex): 20
[2026/09/15 19:46:55] 发送(hex): 20
[2026/09/15 19:46:55] 发送(hex): 20
[2026/09/15 19:46:55] 发送(hex): 20
[2026/09/15 19:46:55] 发送(hex): 20
[2026/09/15 19:46:55] 发送(hex): 20
[2026/09/15 19:46:55] 发送(hex): 20
[2026/09/15 19:46:55] 发送(hex): 20
[2026/09/15 19:46:55] 发送(hex): 20
[2026/09/15 19:46:55] 发送(hex): 20
[2026/09/15 19:46:55] 发送(hex): 20
[2026/09/15 19:46:55] 发送(hex): 20
[2026/09/15 19:46:55] 发送(hex): 20
[2026/09/15 19:46:55] 发送(hex): 20
[2026/09/15 19:46:55] 发送(hex): 20
[2026/09/15 19:46:55] 发送(hex): 20
[2026/09/15 19:46:55] 发送(hex): 20
[2026/09/15 19:46:55] 发送(hex): 20
[2026/09/15 19:46:55] 发送(hex): 20
[2026/09/15 19:46:55] 发送(hex): 20
[2026/09/15 19:46:55] 发送(hex): 20
[2026/09/15 19:46:55] 发送(hex): 20
[2026/09/15 19:46:55] 发送(hex): 20
[2026/09/15 19:46:55] 发送(hex): 20
[2026/09/15 19:46:55] 发送(hex): 20
[2026/09/15 19:46:55] 发送(hex): 20
[2026/09/15 19:46:55] 发送(hex): 20
[2026/09/15 19:46:55] 发送(hex): 20
[2026/09/15 19:46:55] 发送(hex): 20
[2026/09/15 19:46:55] 发送(hex): 20
[2026/09/15 19:46:55] 发送(hex): 20
[2026/09/15 19:46:55] 发送(hex): 20
[2026/09/15 19:46:55] 发送(hex): 20
[2026/09/15 19:46:55] 发送(hex): 20
[2026/09/15 19:46:55] 发送(hex): 20
[2026/09/15 19:46:55] 发送(hex): 20
[2026/09/15 19:46:55] 发送(hex): 20
[2026/09/15 19:46:55] 发送(hex): 20
[2026/09/15 19:46:55] 发送(hex): 20
[2026/09/15 19:46:55] 发送(hex): 20
[2026/09/15 19:46:55] 发送(hex): 20
[2026/09/15 19:46:55] 发送(hex): 20
[2026/09/15 19:46:55] 发送(hex): 20
[2026/09/15 19:46:55] 发送(hex): 20
[2026/09/15 19:46:55] 发送(hex): 20
[2026/09/15 19:46:55] 发送(hex): 20
[2026/09/15 19:46:55] 发送(hex): 20
[2026/09/15 19:46:55] 发送(hex): 20
[2026/09/15 19:46:55] 发送(hex): 20
[2026/09/15 19:46:55] 发送(hex): 20
[2026/09/15 19:46:55] 发送(hex): 20
[2026/09/15 19:46:55] 发送(hex): 20
[2026/09/15 19:46:56] 发送(hex): 20
[2026/09/15 19:46:56] 发送(hex): 20
[2026/09/15 19:46:56] 发送(hex): 20
[2026/09/15 19:46:56] 发送(hex): 20
[2026/09/15 19:46:56] 发送(hex): 20
[2026/09/15 19:46:56] 发送(hex): 20
[2026/09/15 19:46:56] 发送(hex): 20
[2026/09/15 19:46:56] 发送(hex): 20
[2026/09/15 19:46:56] 发送(hex): 20
[2026/09/15 19:46:56] 发送(hex): 20
[2026/09/15 19:46:56] 发送(hex): 20
[2026/09/15 19:46:56] 发送(hex): 20
[2026/09/15 19:46:56] 发送(hex): 20
[2026/09/15 19:46:56] 发送(hex): 20
[2026/09/15 19:46:56] 发送(hex): 20
[2026/09/15 19:46:56] 发送(hex): 20
[2026/09/15 19:46:56] 发送(hex): 20
[2026/09/15 19:46:56] 发送(hex): 20
[2026/09/15 19:46:56] 发送(hex): 20
[2026/09/15 19:46:56] 发送(hex): 20
[2026/09/15 19:46:56] 发送(hex): 20
[2026/09/15 19:46:56] 发送(hex): 20
[2026/09/15 19:46:56] 发送(hex): 20
[2026/09/15 19:46:56] 发送(hex): 20
[2026/09/15 19:46:56] 发送(hex): 20
[2026/09/15 19:46:56] 发送(hex): 20
[2026/09/15 19:46:56] 发送(hex): 20
[2026/09/15 19:46:56] 发送(hex): 20
[2026/09/15 19:46:56] 发送(hex): 20
[2026/09/15 19:46:56] 发送(hex): 20
[2026/09/15 19:46:56] 发送(hex): 20
[2026/09/15 19:46:56] 发送(hex): 20
[2026/09/15 19:46:56] 发送(hex): 20
[2026/09/15 19:46:56] 发送(hex): 20
[2026/09/15 19:46:56] 发送(hex): 20
[2026/09/15 19:46:56] 发送(hex): 20
[2026/09/15 19:46:56] 发送(hex): 20
[2026/09/15 19:46:56] 发送(hex): 20
[2026/09/15 19:46:56] 发送(hex): 20
[2026/09/15 19:46:56] 发送(hex): 20
[2026/09/15 19:46:56] 发送(hex): 20
[2026/09/15 19:46:56] 发送(hex): 20
[2026/09/15 19:46:56] 发送(hex): 20
[2026/09/15 19:46:56] 发送(hex): 20
[2026/09/15 19:46:56] 发送(hex): 20
[2026/09/15 19:46:56] 发送(hex): 20
[2026/09/15 19:46:56] 发送(hex): 20
[2026/09/15 19:46:56] 发送(hex): 20
[2026/09/15 19:46:56] 发送(hex): 20
[2026/09/15 19:46:56] 发送(hex): 20
[2026/09/15 19:46:56] 发送(hex): 20
[2026/09/15 19:46:56] 发送(hex): 20
[2026/09/15 19:46:56] 发送(hex): 20
[2026/09/15 19:46:56] 发送(hex): 20
[2026/09/15 19:46:56] 发送(hex): 20
[2026/09/15 19:46:56] 发送(hex): 20
[2026/09/15 19:46:56] 发送(hex): 20
[2026/09/15 19:46:56] 发送(hex): 20
[2026/09/15 19:46:56] 发送(hex): 20
[2026/09/15 19:46:56] 发送(hex): 20
[2026/09/15 19:46:56] 发送(hex): 20
[2026/09/15 19:46:56] 发送(hex): 20
[2026/09/15 19:46:56] 发送(hex): 20
[2026/09/15 19:46:56] 发送(hex): 20
[2026/09/15 19:46:56] 发送(hex): 20
[2026/09/15 19:46:56] 发送(hex): 20
[2026/09/15 19:46:56] 发送(hex): 20
[2026/09/15 19:46:56] 发送(hex): 20
[2026/09/15 19:46:56] 发送(hex): 20
[2026/09/15 19:46:56] 发送(hex): 20
[2026/09/15 19:46:56] 发送(hex): 20
[2026/09/15 19:46:56] 发送(hex): 20
[2026/09/15 19:46:56] 发送(hex): 20
[2026/09/15 19:46:56] 发送(hex): 20
[2026/09/15 19:46:56] 发送(hex): 20
[2026/09/15 19:46:56] 发送(hex): 20
[2026/09/15 19:46:56] 发送(hex): 20
[2026/09/15 19:46:56] 发送(hex): 20
[2026/09/15 19:46:56] 发送(hex): 20
[2026/09/15 19:46:56] 发送(hex): 20
[2026/09/15 19:46:56] 发送(hex): 20
[2026/09/15 19:46:56] 发送(hex): 20
[2026/09/15 19:46:56] 发送(hex): 20
[2026/09/15 19:46:56] 发送(hex): 20
[2026/09/15 19:46:56] 发送(hex): 20
[2026/09/15 19:46:56] 发送(hex): 20
[2026/09/15 19:46:56] 发送(hex): 20
[2026/09/15 19:46:56] 发送(hex): 20
[2026/09/15 19:46:56] 发送(hex): 20
[2026/09/15 19:46:56] 发送(hex): 20
[2026/09/15 19:46:56] 发送(hex): 20
[2026/09/15 19:46:56] 发送(hex): 20
[2026/09/15 19:46:56] 发送(hex): 20
[2026/09/15 19:46:56] 发送(hex): 20
[2026/09/15 19:46:57] 发送(hex): 20
[2026/09/15 19:46:57] 发送(hex): 20
[2026/09/15 19:46:57] 发送(hex): 20
[2026/09/15 19:46:57] 发送(hex): 20
[2026/09/15 19:46:57] 发送(hex): 20
[2026/09/15 19:46:57] 发送(hex): 20
[2026/09/15 19:46:57] 发送(hex): 20
[2026/09/15 19:46:57] 发送(hex): 20
[2026/09/15 19:46:57] 发送(hex): 20
[2026/09/15 19:46:57] 发送(hex): 20
[2026/09/15 19:46:57] 发送(hex): 20
[2026/09/15 19:46:57] 发送(hex): 20
[2026/09/15 19:46:57] 发送(hex): 20
[2026/09/15 19:46:57] 发送(hex): 20
[2026/09/15 19:46:57] 发送(hex): 20
[2026/09/15 19:46:57] 发送(hex): 20
[2026/09/15 19:46:57] 发送(hex): 20
[2026/09/15 19:46:57] 发送(hex): 20
[2026/09/15 19:46:57] 发送(hex): 20
[2026/09/15 19:46:57] 发送(hex): 20
[2026/09/15 19:46:57] 发送(hex): 20
[2026/09/15 19:46:57] 发送(hex): 20
[2026/09/15 19:46:57] 发送(hex): 20
[2026/09/15 19:46:57] 发送(hex): 20
[2026/09/15 19:46:57] 发送(hex): 20
[2026/09/15 19:46:57] 发送(hex): 20
[2026/09/15 19:46:57] 发送(hex): 20
[2026/09/15 19:46:57] 发送(hex): 20
[2026/09/15 19:46:57] 发送(hex): 20
[2026/09/15 19:46:57] 发送(hex): 20
[2026/09/15 19:46:57] 发送(hex): 20
[2026/09/15 19:46:57] 发送(hex): 20
[2026/09/15 19:46:57] 发送(hex): 20
[2026/09/15 19:46:57] 发送(hex): 20
[2026/09/15 19:46:57] 发送(hex): 20
[2026/09/15 19:46:57] 发送(hex): 20
[2026/09/15 19:46:57] 发送(hex): 20
[2026/09/15 19:46:57] 发送(hex): 20
[2026/09/15 19:46:57] 发送(hex): 20
[2026/09/15 19:46:57] 发送(hex): 20
[2026/09/15 19:46:57] 发送(hex): 20
[2026/09/15 19:46:57] 发送(hex): 20
[2026/09/15 19:46:57] 发送(hex): 20
[2026/09/15 19:46:57] 发送(hex): 20
[2026/09/15 19:46:57] 发送(hex): 20
[2026/09/15 19:46:57] 发送(hex): 20
[2026/09/15 19:46:57] 发送(hex): 20
[2026/09/15 19:46:57] 发送(hex): 20
[2026/09/15 19:46:57] 发送(hex): 20
[2026/09/15 19:46:57] 发送(hex): 20
[2026/09/15 19:46:57] 发送(hex): 20
[2026/09/15 19:46:57] 发送(hex): 20
[2026/09/15 19:46:57] 发送(hex): 20
[2026/09/15 19:46:57] 发送(hex): 20
[2026/09/15 19:46:57] 发送(hex): 20
[2026/09/15 19:46:57] 发送(hex): 20
[2026/09/15 19:46:57] 发送(hex): 20
[2026/09/15 19:46:57] 发送(hex): 20
[2026/09/15 19:46:57] 发送(hex): 20
[2026/09/15 19:46:57] 发送(hex): 20
[2026/09/15 19:46:57] 发送(hex): 20
[2026/09/15 19:46:57] 发送(hex): 20
[2026/09/15 19:46:57] 发送(hex): 20
[2026/09/15 19:46:57] 发送(hex): 20
[2026/09/15 19:46:57] 发送(hex): 20
[2026/09/15 19:46:57] 发送(hex): 20
[2026/09/15 19:46:57] 发送(hex): 20
[2026/09/15 19:46:57] 发送(hex): 20
[2026/09/15 19:46:57] 发送(hex): 20
[2026/09/15 19:46:57] 发送(hex): 20
[2026/09/15 19:46:57] 发送(hex): 20
[2026/09/15 19:46:57] 发送(hex): 20
[2026/09/15 19:46:57] 发送(hex): 20
[2026/09/15 19:46:57] 发送(hex): 20
[2026/09/15 19:46:57] 发送(hex): 20
[2026/09/15 19:46:57] 发送(hex): 20
[2026/09/15 19:46:57] 发送(hex): 20
[2026/09/15 19:46:57] 发送(hex): 20
[2026/09/15 19:46:57] 发送(hex): 20
[2026/09/15 19:46:57] 发送(hex): 20
[2026/09/15 19:46:57] 发送(hex): 20
[2026/09/15 19:46:57] 发送(hex): 20
[2026/09/15 19:46:57] 发送(hex): 20
[2026/09/15 19:46:57] 发送(hex): 20
[2026/09/15 19:46:57] 发送(hex): 20
[2026/09/15 19:46:57] 发送(hex): 20
[2026/09/15 19:46:57] 发送(hex): 20
[2026/09/15 19:46:57] 发送(hex): 20
[2026/09/15 19:46:57] 发送(hex): 20
[2026/09/15 19:46:57] 发送(hex): 20
[2026/09/15 19:46:57] 发送(hex): 20
[2026/09/15 19:46:57] 发送(hex): 20
[2026/09/15 19:46:57] 发送(hex): 20
[2026/09/15 19:46:58] 发送(hex): 20
[2026/09/15 19:46:58] 发送(hex): 20
[2026/09/15 19:46:58] 发送(hex): 20
[2026/09/15 19:46:58] 发送(hex): 20
[2026/09/15 19:46:58] 发送(hex): 20
[2026/09/15 19:46:58] 发送(hex): 20
[2026/09/15 19:46:58] 发送(hex): 20
[2026/09/15 19:46:58] 发送(hex): 20
[2026/09/15 19:46:58] 发送(hex): 20
[2026/09/15 19:46:58] 发送(hex): 20
[2026/09/15 19:46:58] 发送(hex): 20
[2026/09/15 19:46:58] 发送(hex): 20
[2026/09/15 19:46:58] 发送(hex): 20
[2026/09/15 19:46:58] 发送(hex): 20
[2026/09/15 19:46:58] 发送(hex): 20
[2026/09/15 19:46:58] 发送(hex): 20
[2026/09/15 19:46:58] 发送(hex): 20
[2026/09/15 19:46:58] 发送(hex): 20
[2026/09/15 19:46:58] 发送(hex): 20
[2026/09/15 19:46:58] 发送(hex): 20
[2026/09/15 19:46:58] 发送(hex): 20
[2026/09/15 19:46:58] 发送(hex): 20
[2026/09/15 19:46:58] 发送(hex): 20
[2026/09/15 19:46:58] 发送(hex): 20
[2026/09/15 19:46:58] 发送(hex): 20
[2026/09/15 19:46:58] 发送(hex): 20
[2026/09/15 19:46:58] 发送(hex): 20
[2026/09/15 19:46:58] 发送(hex): 20
[2026/09/15 19:46:58] 发送(hex): 20
[2026/09/15 19:46:58] 发送(hex): 20
[2026/09/15 19:46:58] 发送(hex): 20
[2026/09/15 19:46:58] 发送(hex): 20
[2026/09/15 19:46:58] 发送(hex): 20
[2026/09/15 19:46:58] 发送(hex): 20
[2026/09/15 19:46:58] 发送(hex): 20
[2026/09/15 19:46:58] 发送(hex): 20
[2026/09/15 19:46:58] 发送(hex): 20
[2026/09/15 19:46:58] 发送(hex): 20
[2026/09/15 19:46:58] 发送(hex): 20
[2026/09/15 19:46:58] 发送(hex): 20
[2026/09/15 19:46:58] 发送(hex): 20
[2026/09/15 19:46:58] 发送(hex): 20
[2026/09/15 19:46:58] 发送(hex): 20
[2026/09/15 19:46:58] 发送(hex): 20
[2026/09/15 19:46:58] 发送(hex): 20
[2026/09/15 19:46:58] 发送(hex): 20
[2026/09/15 19:46:58] 发送(hex): 20
[2026/09/15 19:46:58] 发送(hex): 20
[2026/09/15 19:46:58] 发送(hex): 20
[2026/09/15 19:46:58] 发送(hex): 20
[2026/09/15 19:46:58] 发送(hex): 20
[2026/09/15 19:46:58] 发送(hex): 20
[2026/09/15 19:46:58] 发送(hex): 20
[2026/09/15 19:46:58] 发送(hex): 20
[2026/09/15 19:46:58] 发送(hex): 20
[2026/09/15 19:46:58] 发送(hex): 20
[2026/09/15 19:46:58] 发送(hex): 20
[2026/09/15 19:46:58] 发送(hex): 20
[2026/09/15 19:46:58] 发送(hex): 20
[2026/09/15 19:46:58] 发送(hex): 20
[2026/09/15 19:46:58] 发送(hex): 20
[2026/09/15 19:46:58] 发送(hex): 20
[2026/09/15 19:46:58] 发送(hex): 20
[2026/09/15 19:46:58] 发送(hex): 20
[2026/09/15 19:46:58] 发送(hex): 20
[2026/09/15 19:46:58] 发送(hex): 20
[2026/09/15 19:46:58] 发送(hex): 20
[2026/09/15 19:46:58] 发送(hex): 20
[2026/09/15 19:46:58] 发送(hex): 20
[2026/09/15 19:46:58] 发送(hex): 20
[2026/09/15 19:46:58] 发送(hex): 20
[2026/09/15 19:46:58] 发送(hex): 20
[2026/09/15 19:46:58] 发送(hex): 20
[2026/09/15 19:46:58] 发送(hex): 20
[2026/09/15 19:46:58] 发送(hex): 20
[2026/09/15 19:46:58] 发送(hex): 20
[2026/09/15 19:46:58] 发送(hex): 20
[2026/09/15 19:46:58] 发送(hex): 20
[2026/09/15 19:46:58] 发送(hex): 20
[2026/09/15 19:46:58] 发送(hex): 20
[2026/09/15 19:46:58] 发送(hex): 20
[2026/09/15 19:46:58] 发送(hex): 20
[2026/09/15 19:46:58] 发送(hex): 20
[2026/09/15 19:46:58] 发送(hex): 20
[2026/09/15 19:46:58] 发送(hex): 20
[2026/09/15 19:46:58] 发送(hex): 20
[2026/09/15 19:46:58] 发送(hex): 20
[2026/09/15 19:46:58] 发送(hex): 20
[2026/09/15 19:46:58] 发送(hex): 20
[2026/09/15 19:46:58] 发送(hex): 20
[2026/09/15 19:46:58] 发送(hex): 20
[2026/09/15 19:46:58] 发送(hex): 20
[2026/09/15 19:46:58] 发送(hex): 20
[2026/09/15 19:46:59] 发送(hex): 20
[2026/09/15 19:46:59] 发送(hex): 20
[2026/09/15 19:46:59] 发送(hex): 20
[2026/09/15 19:46:59] 发送(hex): 20
[2026/09/15 19:46:59] 发送(hex): 20
[2026/09/15 19:46:59] 发送(hex): 20
[2026/09/15 19:46:59] 发送(hex): 20
[2026/09/15 19:46:59] 发送(hex): 20
[2026/09/15 19:46:59] 发送(hex): 20
[2026/09/15 19:46:59] 发送(hex): 20
[2026/09/15 19:46:59] 发送(hex): 20
[2026/09/15 19:46:59] 发送(hex): 20
[2026/09/15 19:46:59] 发送(hex): 20
[2026/09/15 19:46:59] 发送(hex): 20
[2026/09/15 19:46:59] 发送(hex): 20
[2026/09/15 19:46:59] 发送(hex): 20
[2026/09/15 19:46:59] 发送(hex): 20
[2026/09/15 19:46:59] 发送(hex): 20
[2026/09/15 19:46:59] 发送(hex): 20
[2026/09/15 19:46:59] 发送(hex): 20
[2026/09/15 19:46:59] 发送(hex): 20
[2026/09/15 19:46:59] 发送(hex): 20
[2026/09/15 19:46:59] 发送(hex): 20
[2026/09/15 19:46:59] 发送(hex): 20
[2026/09/15 19:46:59] 发送(hex): 20
[2026/09/15 19:46:59] 发送(hex): 20
[2026/09/15 19:46:59] 发送(hex): 20
[2026/09/15 19:46:59] 发送(hex): 20
[2026/09/15 19:46:59] 发送(hex): 20
[2026/09/15 19:46:59] 发送(hex): 20
[2026/09/15 19:46:59] 发送(hex): 20
[2026/09/15 19:46:59] 发送(hex): 20
[2026/09/15 19:46:59] 发送(hex): 20
[2026/09/15 19:46:59] 发送(hex): 20
[2026/09/15 19:46:59] 发送(hex): 20
[2026/09/15 19:46:59] 发送(hex): 20
[2026/09/15 19:46:59] 发送(hex): 20
[2026/09/15 19:46:59] 发送(hex): 20
[2026/09/15 19:46:59] 发送(hex): 20
[2026/09/15 19:46:59] 发送(hex): 20
[2026/09/15 19:46:59] 发送(hex): 20
[2026/09/15 19:46:59] 发送(hex): 20
[2026/09/15 19:46:59] 发送(hex): 20
[2026/09/15 19:46:59] 发送(hex): 20
[2026/09/15 19:46:59] 发送(hex): 20
[2026/09/15 19:46:59] 发送(hex): 20
[2026/09/15 19:46:59] 发送(hex): 20
[2026/09/15 19:46:59] 发送(hex): 20
[2026/09/15 19:46:59] 发送(hex): 20
[2026/09/15 19:46:59] 发送(hex): 20
[2026/09/15 19:46:59] 发送(hex): 20
[2026/09/15 19:46:59] 发送(hex): 20
[2026/09/15 19:46:59] 发送(hex): 20
[2026/09/15 19:46:59] 发送(hex): 20
[2026/09/15 19:46:59] 发送(hex): 20
[2026/09/15 19:46:59] 发送(hex): 20
[2026/09/15 19:46:59] 发送(hex): 20
[2026/09/15 19:46:59] 发送(hex): 20
[2026/09/15 19:46:59] 发送(hex): 20
[2026/09/15 19:46:59] 发送(hex): 20
[2026/09/15 19:46:59] 发送(hex): 20
[2026/09/15 19:46:59] 发送(hex): 20
[2026/09/15 19:46:59] 发送(hex): 20
[2026/09/15 19:46:59] 发送(hex): 20
[2026/09/15 19:46:59] 发送(hex): 20
[2026/09/15 19:46:59] 发送(hex): 20
[2026/09/15 19:46:59] 发送(hex): 20
[2026/09/15 19:46:59] 发送(hex): 20
[2026/09/15 19:46:59] 发送(hex): 20
[2026/09/15 19:46:59] 发送(hex): 20
[2026/09/15 19:46:59] 发送(hex): 20
[2026/09/15 19:46:59] 发送(hex): 20
[2026/09/15 19:46:59] 发送(hex): 20
[2026/09/15 19:46:59] 发送(hex): 20
[2026/09/15 19:46:59] 发送(hex): 20
[2026/09/15 19:46:59] 发送(hex): 20
[2026/09/15 19:46:59] 发送(hex): 20
[2026/09/15 19:46:59] 发送(hex): 20
[2026/09/15 19:46:59] 发送(hex): 20
[2026/09/15 19:46:59] 发送(hex): 20
[2026/09/15 19:46:59] 发送(hex): 20
[2026/09/15 19:46:59] 发送(hex): 20
[2026/09/15 19:46:59] 发送(hex): 20
[2026/09/15 19:46:59] 发送(hex): 20
[2026/09/15 19:46:59] 发送(hex): 20
[2026/09/15 19:46:59] 发送(hex): 20
[2026/09/15 19:46:59] 发送(hex): 20
[2026/09/15 19:46:59] 发送(hex): 20
[2026/09/15 19:46:59] 发送(hex): 20
[2026/09/15 19:46:59] 发送(hex): 20
[2026/09/15 19:46:59] 发送(hex): 20
[2026/09/15 19:46:59] 发送(hex): 20
[2026/09/15 19:46:59] 发送(hex): 20
[2026/09/15 19:46:59] 发送(hex): 20
[2026/09/15 19:47:00] 发送(hex): 20
[2026/09/15 19:47:00] 发送(hex): 20
[2026/09/15 19:47:00] 发送(hex): 20
[2026/09/15 19:47:00] 发送(hex): 20
[2026/09/15 19:47:00] 发送(hex): 20
[2026/09/15 19:47:00] 发送(hex): 20
[2026/09/15 19:47:00] 发送(hex): 20
[2026/09/15 19:47:00] 发送(hex): 20
[2026/09/15 19:47:00] 发送(hex): 20
[2026/09/15 19:47:00] 发送(hex): 20
[2026/09/15 19:47:00] 发送(hex): 20
[2026/09/15 19:47:00] 发送(hex): 20
[2026/09/15 19:47:00] 发送(hex): 20
[2026/09/15 19:47:00] 发送(hex): 20
[2026/09/15 19:47:00] 发送(hex): 20
[2026/09/15 19:47:00] 发送(hex): 20
[2026/09/15 19:47:00] 发送(hex): 20
[2026/09/15 19:47:00] 发送(hex): 20
[2026/09/15 19:47:00] 发送(hex): 20
[2026/09/15 19:47:00] 发送(hex): 20
[2026/09/15 19:47:00] 发送(hex): 20
[2026/09/15 19:47:00] 发送(hex): 20
[2026/09/15 19:47:00] 发送(hex): 20
[2026/09/15 19:47:00] 发送(hex): 20
[2026/09/15 19:47:00] 发送(hex): 20
[2026/09/15 19:47:00] 发送(hex): 20
[2026/09/15 19:47:00] 发送(hex): 20
[2026/09/15 19:47:00] 发送(hex): 20
[2026/09/15 19:47:00] 发送(hex): 20
[2026/09/15 19:47:00] 发送(hex): 20
[2026/09/15 19:47:00] 发送(hex): 20
[2026/09/15 19:47:00] 发送(hex): 20
[2026/09/15 19:47:00] 发送(hex): 20
[2026/09/15 19:47:00] 发送(hex): 20
[2026/09/15 19:47:00] 发送(hex): 20
[2026/09/15 19:47:00] 发送(hex): 20
[2026/09/15 19:47:00] 发送(hex): 20
[2026/09/15 19:47:00] 发送(hex): 20
[2026/09/15 19:47:00] 发送(hex): 20
[2026/09/15 19:47:00] 发送(hex): 20
[2026/09/15 19:47:00] 发送(hex): 20
[2026/09/15 19:47:00] 发送(hex): 20
[2026/09/15 19:47:00] 发送(hex): 20
[2026/09/15 19:47:00] 发送(hex): 20
[2026/09/15 19:47:00] 发送(hex): 20
[2026/09/15 19:47:00] 发送(hex): 20
[2026/09/15 19:47:00] 发送(hex): 20
[2026/09/15 19:47:00] 发送(hex): 20
[2026/09/15 19:47:00] 发送(hex): 20
[2026/09/15 19:47:00] 发送(hex): 20
[2026/09/15 19:47:00] 发送(hex): 20
[2026/09/15 19:47:00] 发送(hex): 20
[2026/09/15 19:47:00] 发送(hex): 20
[2026/09/15 19:47:00] 发送(hex): 20
[2026/09/15 19:47:00] 发送(hex): 20
[2026/09/15 19:47:00] 发送(hex): 20
[2026/09/15 19:47:00] 发送(hex): 20
[2026/09/15 19:47:00] 发送(hex): 20
[2026/09/15 19:47:00] 发送(hex): 20
[2026/09/15 19:47:00] 发送(hex): 20
[2026/09/15 19:47:00] 发送(hex): 20
[2026/09/15 19:47:00] 发送(hex): 20
[2026/09/15 19:47:00] 发送(hex): 20
[2026/09/15 19:47:00] 发送(hex): 20
[2026/09/15 19:47:00] 发送(hex): 20
[2026/09/15 19:47:00] 发送(hex): 20
[2026/09/15 19:47:00] 发送(hex): 20
[2026/09/15 19:47:00] 发送(hex): 20
[2026/09/15 19:47:00] 发送(hex): 20
[2026/09/15 19:47:00] 发送(hex): 20
[2026/09/15 19:47:00] 发送(hex): 20
[2026/09/15 19:47:00] 发送(hex): 20
[2026/09/15 19:47:00] 发送(hex): 20
[2026/09/15 19:47:00] 发送(hex): 20
[2026/09/15 19:47:00] 发送(hex): 20
[2026/09/15 19:47:00] 发送(hex): 20
[2026/09/15 19:47:00] 发送(hex): 20
[2026/09/15 19:47:00] 发送(hex): 20
[2026/09/15 19:47:00] 发送(hex): 20
[2026/09/15 19:47:00] 发送(hex): 20
[2026/09/15 19:47:00] 发送(hex): 20
[2026/09/15 19:47:00] 发送(hex): 20
[2026/09/15 19:47:00] 发送(hex): 20
[2026/09/15 19:47:00] 发送(hex): 20
[2026/09/15 19:47:00] 发送(hex): 20
[2026/09/15 19:47:00] 发送(hex): 20
[2026/09/15 19:47:00] 发送(hex): 20
[2026/09/15 19:47:00] 发送(hex): 20
[2026/09/15 19:47:00] 发送(hex): 20
[2026/09/15 19:47:00] 发送(hex): 20
[2026/09/15 19:47:00] 发送(hex): 20
[2026/09/15 19:47:00] 发送(hex): 20
[2026/09/15 19:47:00] 发送(hex): 20
[2026/09/15 19:47:01] 发送(hex): 20
[2026/09/15 19:47:01] 发送(hex): 20
[2026/09/15 19:47:01] 发送(hex): 20
[2026/09/15 19:47:01] 发送(hex): 20
[2026/09/15 19:47:01] 发送(hex): 20
[2026/09/15 19:47:01] 发送(hex): 20
[2026/09/15 19:47:01] 发送(hex): 20
[2026/09/15 19:47:01] 发送(hex): 20
[2026/09/15 19:47:01] 发送(hex): 20
[2026/09/15 19:47:01] 发送(hex): 20
[2026/09/15 19:47:01] 发送(hex): 20
[2026/09/15 19:47:01] 发送(hex): 20
[2026/09/15 19:47:01] 发送(hex): 20
[2026/09/15 19:47:01] 发送(hex): 20
[2026/09/15 19:47:01] 发送(hex): 20
[2026/09/15 19:47:01] 发送(hex): 20
[2026/09/15 19:47:01] 发送(hex): 20
[2026/09/15 19:47:01] 发送(hex): 20
[2026/09/15 19:47:01] 发送(hex): 20
[2026/09/15 19:47:01] 发送(hex): 20
[2026/09/15 19:47:01] 发送(hex): 20
[2026/09/15 19:47:01] 发送(hex): 20
[2026/09/15 19:47:01] 发送(hex): 20
[2026/09/15 19:47:01] 发送(hex): 20
[2026/09/15 19:47:01] 发送(hex): 20
[2026/09/15 19:47:01] 发送(hex): 20
[2026/09/15 19:47:01] 发送(hex): 20
[2026/09/15 19:47:01] 发送(hex): 20
[2026/09/15 19:47:01] 发送(hex): 20
[2026/09/15 19:47:01] 发送(hex): 20
[2026/09/15 19:47:01] 发送(hex): 20
[2026/09/15 19:47:01] 发送(hex): 20
[2026/09/15 19:47:01] 发送(hex): 20
[2026/09/15 19:47:01] 发送(hex): 20
[2026/09/15 19:47:01] 发送(hex): 20
[2026/09/15 19:47:01] 发送(hex): 20
[2026/09/15 19:47:01] 发送(hex): 20
[2026/09/15 19:47:01] 发送(hex): 20
[2026/09/15 19:47:01] 发送(hex): 20
[2026/09/15 19:47:01] 发送(hex): 20
[2026/09/15 19:47:01] 发送(hex): 20
[2026/09/15 19:47:01] 发送(hex): 20
[2026/09/15 19:47:01] 发送(hex): 20
[2026/09/15 19:47:01] 发送(hex): 20
[2026/09/15 19:47:01] 发送(hex): 20
[2026/09/15 19:47:01] 发送(hex): 20
[2026/09/15 19:47:01] 发送(hex): 20
[2026/09/15 19:47:01] 发送(hex): 20
[2026/09/15 19:47:01] 发送(hex): 20
[2026/09/15 19:47:01] 发送(hex): 20
[2026/09/15 19:47:01] 发送(hex): 20
[2026/09/15 19:47:01] 发送(hex): 20
[2026/09/15 19:47:01] 发送(hex): 20
[2026/09/15 19:47:01] 发送(hex): 20
[2026/09/15 19:47:01] 发送(hex): 20
[2026/09/15 19:47:01] 发送(hex): 20
[2026/09/15 19:47:01] 发送(hex): 20
[2026/09/15 19:47:01] 发送(hex): 20
[2026/09/15 19:47:01] 发送(hex): 20
[2026/09/15 19:47:01] 发送(hex): 20
[2026/09/15 19:47:01] 发送(hex): 20
[2026/09/15 19:47:01] 发送(hex): 20
[2026/09/15 19:47:01] 发送(hex): 20
[2026/09/15 19:47:01] 发送(hex): 20
[2026/09/15 19:47:01] 发送(hex): 20
[2026/09/15 19:47:01] 发送(hex): 20
[2026/09/15 19:47:01] 发送(hex): 20
[2026/09/15 19:47:01] 发送(hex): 20
[2026/09/15 19:47:01] 发送(hex): 20
[2026/09/15 19:47:01] 发送(hex): 20
[2026/09/15 19:47:01] 发送(hex): 20
[2026/09/15 19:47:01] 发送(hex): 20
[2026/09/15 19:47:01] 发送(hex): 20
[2026/09/15 19:47:01] 发送(hex): 20
[2026/09/15 19:47:01] 发送(hex): 20
[2026/09/15 19:47:01] 发送(hex): 20
[2026/09/15 19:47:01] 发送(hex): 20
[2026/09/15 19:47:01] 发送(hex): 20
[2026/09/15 19:47:01] 发送(hex): 20
[2026/09/15 19:47:01] 发送(hex): 20
[2026/09/15 19:47:01] 发送(hex): 20
[2026/09/15 19:47:01] 发送(hex): 20
[2026/09/15 19:47:01] 发送(hex): 20
[2026/09/15 19:47:01] 发送(hex): 20
[2026/09/15 19:47:01] 发送(hex): 20
[2026/09/15 19:47:01] 发送(hex): 20
[2026/09/15 19:47:01] 发送(hex): 20
[2026/09/15 19:47:01] 发送(hex): 20
[2026/09/15 19:47:01] 发送(hex): 20
[2026/09/15 19:47:01] 发送(hex): 20
[2026/09/15 19:47:01] 发送(hex): 20
[2026/09/15 19:47:01] 发送(hex): 20
[2026/09/15 19:47:01] 发送(hex): 20
[2026/09/15 19:47:02] 发送(hex): 20
[2026/09/15 19:47:02] 发送(hex): 20
[2026/09/15 19:47:02] 发送(hex): 20
[2026/09/15 19:47:02] 发送(hex): 20
[2026/09/15 19:47:02] 发送(hex): 20
[2026/09/15 19:47:02] 发送(hex): 20
[2026/09/15 19:47:02] 发送(hex): 20
[2026/09/15 19:47:02] 发送(hex): 20
[2026/09/15 19:47:02] 发送(hex): 20
[2026/09/15 19:47:02] 发送(hex): 20
[2026/09/15 19:47:02] 发送(hex): 20
[2026/09/15 19:47:02] 发送(hex): 20
[2026/09/15 19:47:02] 发送(hex): 20
[2026/09/15 19:47:02] 发送(hex): 20
[2026/09/15 19:47:02] 发送(hex): 20
[2026/09/15 19:47:02] 发送(hex): 20
[2026/09/15 19:47:02] 发送(hex): 20
[2026/09/15 19:47:02] 发送(hex): 20
[2026/09/15 19:47:02] 发送(hex): 20
[2026/09/15 19:47:02] 发送(hex): 20
[2026/09/15 19:47:02] 发送(hex): 20
[2026/09/15 19:47:02] 发送(hex): 20
[2026/09/15 19:47:02] 发送(hex): 20
[2026/09/15 19:47:02] 发送(hex): 20
[2026/09/15 19:47:02] 发送(hex): 20
[2026/09/15 19:47:02] 发送(hex): 20
[2026/09/15 19:47:02] 发送(hex): 20
[2026/09/15 19:47:02] 发送(hex): 20
[2026/09/15 19:47:02] 发送(hex): 20
[2026/09/15 19:47:02] 发送(hex): 20
[2026/09/15 19:47:02] 发送(hex): 20
[2026/09/15 19:47:02] 发送(hex): 20
[2026/09/15 19:47:02] 发送(hex): 20
[2026/09/15 19:47:02] 发送(hex): 20
[2026/09/15 19:47:02] 发送(hex): 20
[2026/09/15 19:47:02] 发送(hex): 20
[2026/09/15 19:47:02] 发送(hex): 20
[2026/09/15 19:47:02] 发送(hex): 20
[2026/09/15 19:47:02] 发送(hex): 20
[2026/09/15 19:47:02] 发送(hex): 20
[2026/09/15 19:47:02] 发送(hex): 20
[2026/09/15 19:47:02] 发送(hex): 20
[2026/09/15 19:47:02] 发送(hex): 20
[2026/09/15 19:47:02] 发送(hex): 20
[2026/09/15 19:47:02] 发送(hex): 20
[2026/09/15 19:47:02] 发送(hex): 20
[2026/09/15 19:47:02] 发送(hex): 20
[2026/09/15 19:47:02] 发送(hex): 20
[2026/09/15 19:47:02] 发送(hex): 20
[2026/09/15 19:47:02] 发送(hex): 20
[2026/09/15 19:47:02] 发送(hex): 20
[2026/09/15 19:47:02] 发送(hex): 20
[2026/09/15 19:47:02] 发送(hex): 20
[2026/09/15 19:47:02] 发送(hex): 20
[2026/09/15 19:47:02] 发送(hex): 20
[2026/09/15 19:47:02] 发送(hex): 20
[2026/09/15 19:47:02] 发送(hex): 20
[2026/09/15 19:47:02] 发送(hex): 20
[2026/09/15 19:47:02] 发送(hex): 20
[2026/09/15 19:47:02] 发送(hex): 20
[2026/09/15 19:47:02] 发送(hex): 20
[2026/09/15 19:47:02] 发送(hex): 20
[2026/09/15 19:47:02] 发送(hex): 20
[2026/09/15 19:47:02] 发送(hex): 20
[2026/09/15 19:47:02] 发送(hex): 20
[2026/09/15 19:47:02] 发送(hex): 20
[2026/09/15 19:47:02] 发送(hex): 20
[2026/09/15 19:47:02] 发送(hex): 20
[2026/09/15 19:47:02] 发送(hex): 20
[2026/09/15 19:47:02] 发送(hex): 20
[2026/09/15 19:47:02] 发送(hex): 20
[2026/09/15 19:47:02] 发送(hex): 20
[2026/09/15 19:47:02] 发送(hex): 20
[2026/09/15 19:47:02] 发送(hex): 20
[2026/09/15 19:47:02] 发送(hex): 20
[2026/09/15 19:47:02] 发送(hex): 20
[2026/09/15 19:47:02] 发送(hex): 20
[2026/09/15 19:47:02] 发送(hex): 20
[2026/09/15 19:47:02] 发送(hex): 20
[2026/09/15 19:47:02] 发送(hex): 20
[2026/09/15 19:47:02] 发送(hex): 20
[2026/09/15 19:47:02] 发送(hex): 20
[2026/09/15 19:47:02] 发送(hex): 20
[2026/09/15 19:47:02] 发送(hex): 20
[2026/09/15 19:47:02] 发送(hex): 20
[2026/09/15 19:47:02] 发送(hex): 20
[2026/09/15 19:47:02] 发送(hex): 20
[2026/09/15 19:47:02] 发送(hex): 20
[2026/09/15 19:47:02] 发送(hex): 20
[2026/09/15 19:47:02] 发送(hex): 20
[2026/09/15 19:47:02] 发送(hex): 20
[2026/09/15 19:47:02] 发送(hex): 20
[2026/09/15 19:47:02] 发送(hex): 20
[2026/09/15 19:47:02] 发送(hex): 20
[2026/09/15 19:47:03] 发送(hex): 20
[2026/09/15 19:47:03] 发送(hex): 20
[2026/09/15 19:47:03] 发送(hex): 20
[2026/09/15 19:47:03] 发送(hex): 20
[2026/09/15 19:47:03] 发送(hex): 20
[2026/09/15 19:47:03] 发送(hex): 20
[2026/09/15 19:47:03] 发送(hex): 20
[2026/09/15 19:47:03] 发送(hex): 20
[2026/09/15 19:47:03] 发送(hex): 20
[2026/09/15 19:47:03] 发送(hex): 20
[2026/09/15 19:47:03] 发送(hex): 20
[2026/09/15 19:47:03] 发送(hex): 20
[2026/09/15 19:47:03] 发送(hex): 20
[2026/09/15 19:47:03] 发送(hex): 20
[2026/09/15 19:47:03] 发送(hex): 20
[2026/09/15 19:47:03] 发送(hex): 20
[2026/09/15 19:47:03] 发送(hex): 20
[2026/09/15 19:47:03] 发送(hex): 20
[2026/09/15 19:47:03] 发送(hex): 20
[2026/09/15 19:47:03] 发送(hex): 20
[2026/09/15 19:47:03] 发送(hex): 20
[2026/09/15 19:47:03] 发送(hex): 20
[2026/09/15 19:47:03] 发送(hex): 20
[2026/09/15 19:47:03] 发送(hex): 20
[2026/09/15 19:47:03] 发送(hex): 20
[2026/09/15 19:47:03] 发送(hex): 20
[2026/09/15 19:47:03] 发送(hex): 20
[2026/09/15 19:47:03] 发送(hex): 20
[2026/09/15 19:47:03] 发送(hex): 20
[2026/09/15 19:47:03] 发送(hex): 20
[2026/09/15 19:47:03] 发送(hex): 20
[2026/09/15 19:47:03] 发送(hex): 20
[2026/09/15 19:47:03] 发送(hex): 20
[2026/09/15 19:47:03] 发送(hex): 20
[2026/09/15 19:47:03] 发送(hex): 20
[2026/09/15 19:47:03] 发送(hex): 20
[2026/09/15 19:47:03] 发送(hex): 20
[2026/09/15 19:47:03] 发送(hex): 20
[2026/09/15 19:47:03] 发送(hex): 20
[2026/09/15 19:47:03] 发送(hex): 20
[2026/09/15 19:47:03] 发送(hex): 20
[2026/09/15 19:47:03] 发送(hex): 20
[2026/09/15 19:47:03] 发送(hex): 20
[2026/09/15 19:47:03] 发送(hex): 20
[2026/09/15 19:47:03] 发送(hex): 20
[2026/09/15 19:47:03] 发送(hex): 20
[2026/09/15 19:47:03] 发送(hex): 20
[2026/09/15 19:47:03] 发送(hex): 20
[2026/09/15 19:47:03] 发送(hex): 20
[2026/09/15 19:47:03] 发送(hex): 20
[2026/09/15 19:47:03] 发送(hex): 20
[2026/09/15 19:47:03] 发送(hex): 20
[2026/09/15 19:47:03] 发送(hex): 20
[2026/09/15 19:47:03] 发送(hex): 20
[2026/09/15 19:47:03] 发送(hex): 20
[2026/09/15 19:47:03] 发送(hex): 20
[2026/09/15 19:47:03] 发送(hex): 20
[2026/09/15 19:47:03] 发送(hex): 20
[2026/09/15 19:47:03] 发送(hex): 20
[2026/09/15 19:47:03] 发送(hex): 20
[2026/09/15 19:47:03] 发送(hex): 20
[2026/09/15 19:47:03] 发送(hex): 20
[2026/09/15 19:47:03] 发送(hex): 20
[2026/09/15 19:47:03] 发送(hex): 20
[2026/09/15 19:47:03] 发送(hex): 20
[2026/09/15 19:47:03] 发送(hex): 20
[2026/09/15 19:47:03] 发送(hex): 20
[2026/09/15 19:47:03] 发送(hex): 20
[2026/09/15 19:47:03] 发送(hex): 20
[2026/09/15 19:47:03] 发送(hex): 20
[2026/09/15 19:47:03] 发送(hex): 20
[2026/09/15 19:47:05] 发送(hex): 0d
[2026/09/15 19:47:05] R
[2026/09/15 19:47:05] 发送(hex): 0d
[2026/09/15 19:47:05] 发送(hex): 0d
[2026/09/15 19:47:05] ealtek>
[2026/09/15 19:47:05] Realtek>
[2026/09/15 19:47:06] 发送(hex): 0d
[2026/09/15 19:47:06] Realtek>
[2026/09/15 19:47:06] 发送(hex): 0d
[2026/09/15 19:47:06] Realtek>
[2026/09/15 19:47:06] Realtek>
[2026/09/15 19:47:10] 发送(hex): 706d6f64652064697361626c653b72650d
[2026/09/15 19:47:10] pmode disable;re
[2026/09/15 19:47:11] uboot command for pmode disable!
[2026/09/15 19:47:11] resetting ...
[2026/09/15 19:47:11] $
[2026/09/15 19:47:11] Post romcode git ver:42df880604ac78a3 (Aug 28 2026 21:41:35)
[2026/09/15 19:47:11] $
[2026/09/15 19:47:11] Hello world, RTD2875P_CN2_TV030!
[2026/09/15 19:47:11] set_wifi_reset
[2026/09/15 19:47:11] Auxcode git ver:3a4deb9ea300359e (Aug 28 2026 21:41:29)
[2026/09/15 19:47:11] flash_type = 2, secure_type = 2
[2026/09/15 19:47:11] b8062204=20000
[2026/09/15 19:47:11] slot info 0 0x0 info 1 0x9021afbe
[2026/09/15 19:47:11] g_gpt_blk_start 0x1  g_offline_gpt 0x0 last_usable_lba 0x1cd2032 num_partition_entries 0x32
[2026/09/15 19:47:11] start 0x2e600000 clt_blk 0x1973004 ctrl size 0x20
[2026/09/15 19:47:11] choose active index 0
[2026/09/15 19:47:11] part name bootloader ative_slot _a real part name bootloader_a
[2026/09/15 19:47:11] part name hwsetting start 0x100000 size 0x33600
[2026/09/15 19:47:11] part name ext_fw start 0x133600 size 0x10400
[2026/09/15 19:47:11] part name kboot start 0x143a00 size 0x16e00
[2026/09/15 19:47:11] part name uboot start 0x15a800 size 0x120400
[2026/09/15 19:47:11] ls4 2 1 = 800040aa 8000207f 80001000
[2026/09/15 19:47:11] fNewHWsettingArch = 2
[2026/09/15 19:47:11] 1.lsadcidx = 2, brand =3, offset = 0
[2026/09/15 19:47:11] 1.lsadcidx = 2, brand =3, offset = 17800
[2026/09/15 19:47:11] hwsetting from mmc
[2026/09/15 19:47:11] AC on HW offset 0x809 start 0x800 reg 0x8090800
[2026/09/15 19:47:11] total = 2f00
[2026/09/15 19:47:11] A
[2026/09/15 19:47:11] A
[2026/09/15 19:47:11] A
[2026/09/15 19:47:11] A
[2026/09/15 19:47:11] A
[2026/09/15 19:47:11] {12 14}
[2026/09/15 19:47:11] ffeeddff
[2026/09/15 19:47:11] eeddddr ver: 62c63180
[2026/09/15 19:47:11] ori DQS0~7 {03 04 1a 1c 00 01 00 00}
[2026/09/15 19:47:11] {01 03 19 1b 00 01 00 00} {09 09 06 09 06 05 00 00}
[2026/09/15 19:47:11] r.y.0 r.y.0 SCPU BISR status: Done
[2026/09/15 19:47:11] [go kb]
[2026/09/15 19:47:11] pass bootcode info to kboot
[2026/09/15 19:47:11] num=1056
[2026/09/15 19:47:11] boot_magic=20230423
[2026/09/15 19:47:11] ---DEBUG kboot 21:41:14 Aug 28 2026 ---
[2026/09/15 19:47:11] [Kboot]eMMC(mid-15) MMC_HS50 (50000000Mhz)[8bit].
[2026/09/15 19:47:11] block info 0x1cd2032 0x3a3e000.
[2026/09/15 19:47:11] [MMC] 32 -----------> 16GB.
[2026/09/15 19:47:11] (2379beef) (0) bufsize=(null)
[2026/09/15 19:47:11] uboot start 0x15
[2026/09/15 19:47:11] a800 size 0x120400
[2026/09/15 19:47:11] board_version: ls1 = 0, ver: 0
[2026/09/15 19:47:11] [0;31mapp_main 325 board_version=0[0m
[2026/09/15 19:47:11] get FW_TZFW flash start 0xf100200 ddr buf start 0x180000 image size 010c2e3 ok!
[2026/09/15 19:47:11] [INFO]RPMB auth key not written !
[2026/09/15 19:47:11] [INFO]RPMB auth key not written !
[2026/09/15 19:47:11] Current board is not frist boot.
[2026/09/15 19:47:11] ALL zero, reserved_3 has removed.
[2026/09/15 19:47:11] Current board remove reserved_3 done.
[2026/09/15 19:47:11] get FW_VKERNEL flash st
[2026/09/15 19:47:11] art 0xc100200 ddr buf start 0x1a900000 image size 05f0300 ok!
[2026/09/15 19:47:11] get FW_VKERNEL2 flash start 0xd900200 ddr buf start 0x1af00000 image size 0f4920 ok!
[2026/09/15 19:47:12] get FW_AKERNEL flash start 0xa900200 ddr buf start 0x1b200000 image size 07fbf7c ok!
[2026/09/15 19:47:12] ATFATFATF:0 1 NOTICE: kill CPU(2)...
[2026/09/15 19:47:12] ATF:0 1 NOTICE: kill (2) : PACTIVE:0
[2026/09/15 19:47:12] ATF:0 1 NOTICE:  CPU(2) kill done, pstate(0x0)
[2026/09/15 19:47:12] U
[2026/09/15 19:47:12] fixup_node_name 555. set /reserved-
[2026/09/15 19:47:12] memory@5 to /reserved-memory
[2026/09/15 19:47:12] fixup_node_name 555. set /rtk_cma@5 to /rtk_cma
[2026/09/15 19:47:12] ### [1;31mERROR[0m ### get_movablecore 613. Can't find dtb node /reserved-memory/cma2_memory/reg
[2026/09/15 19:47:12] reinit_mem_info 1049  ddr_size 80000000
[2026/09/15 19:47:12] booting, boot_led_type: 0x00000000, led on[1]
[2026/09/15 19:47:12] set share register: 0x99100000
[2026/09/15 19:47:12] boot_power_on_mode=1
[2026/09/15 19:47:12] [get_layout:1264]!
[2026/09/15 19:47:12] boot_part value = 0 boot_tag value = 21
[2026/09/15 19:47:12] [get_oemkey] 1397: get oem.key = ATV00107525
[2026/09/15 19:47:12] Factory_RO: [EXT4] factory_ro_buffer:0a800000, factory_ro_buffer size:0x1000000!
[2026/09/15 19:47:12] Partiton factory_ro_a located at 0:6
[2026/09/15 19:47:12] factory_ro_a partition can not find /.000@bk@***!
[2026/09/15 19:47:12] Factory RO no need recovery!
[2026/09/15 19:47:12] Get tvconfigs_a partition block device index fail!
[2026/09/15 19:47:12] read customer.ini file fail!
[2026/09/15 19:47:12] parse SYS_INI path fail
[2026/09/15 19:47:12] Not support board ini mechansim!
[2026/09/15 19:47:12] Get tvconfigs_a partition block device index fail!
[2026/09/15 19:47:12] read customer.ini file fail!
[2026/09/15 19:47:12] parse SYS_INI path fail
[2026/09/15 19:47:12] load model ini file fail
[2026/09/15 19:47:12] cannot find PcbPath from ini file
[2026/09/15 19:47:12] no pcb.config in tvconfigs
[2026/09/15 19:47:12] no mnt/vendor/factorypcb.config
[2026/09/15 19:47:13] delay:342
[2026/09/15 19:47:13] Vwait V1go
[2026/09/15 19:47:13] Vwait V2go
[2026/09/15 19:47:13] DEMOD BISR check Pass and disable demod CLK!!
[2026/09/15 19:47:13] [0;31mboard_version=0 sz=18M[0m
[2026/09/15 19:47:13] ATF:0 1 NOTICE: atf enter time:1180ms, current time:2696ms
[2026/09/15 19:47:13] ATF:0 1 NOTICE: 1st boot elapsed 2701ms
[2026/09/15 19:47:16] c
[2026/09/15 19:47:16] onsole:/ $
[2026/09/15 19:47:45] 发送(hex): 0d
[2026/09/15 19:47:45] 发送(hex): 0d
[2026/09/15 19:47:46] 发送(hex): 0d
[2026/09/15 19:47:46] console:/ $
[2026/09/15 19:47:46] 发送(hex): 0d
[2026/09/15 19:47:46] console:/ $
[2026/09/15 19:47:46] console:/ $
[2026/09/15 19:47:46] console:/ $
[2026/09/15 19:47:46] 发送(hex): 6c6f67636174207c67726570206d5a697046696c654e616d650d
[2026/09/15 19:47:47] logcat |grep mZipFileName
[2026/09/15 19:47:48] 08-30 18:21:54.930  1036  1081 D BootAnimation: cxtest mZipFileName:/tvcust/aio_resources/resource/extension/common_TCL_LED_2K/bootanim/customized_bootanimation.zip
[2026/09/15 19:47:48] 发送(hex): 03
[2026/09/15 19:47:49] ^C
[2026/09/15 19:47:56] 发送(hex): 20
[2026/09/15 19:47:56] 发送(hex): 20
[2026/09/15 19:47:56] 发送(hex): 20
[2026/09/15 19:47:56] 发送(hex): 20
[2026/09/15 19:47:56] 发送(hex): 20
[2026/09/15 19:47:56] 发送(hex): 20
[2026/09/15 19:47:56] 发送(hex): 20
[2026/09/15 19:47:56] 发送(hex): 20
[2026/09/15 19:47:56] 发送(hex): 20
[2026/09/15 19:47:56] 发送(hex): 20
[2026/09/15 19:47:56] 发送(hex): 20
[2026/09/15 19:47:56] 发送(hex): 20
[2026/09/15 19:47:56] 发送(hex): 20
[2026/09/15 19:47:56] 发送(hex): 20
[2026/09/15 19:47:56] 发送(hex): 20
[2026/09/15 19:47:56] 发送(hex): 20
[2026/09/15 19:47:56] 发送(hex): 20
[2026/09/15 19:47:56] 发送(hex): 20
[2026/09/15 19:47:56] 发送(hex): 20
[2026/09/15 19:47:56] 发送(hex): 20
[2026/09/15 19:47:56] 发送(hex): 20
[2026/09/15 19:47:56] 发送(hex): 20
[2026/09/15 19:47:56] 发送(hex): 20
[2026/09/15 19:47:56] 发送(hex): 20
[2026/09/15 19:47:56] 发送(hex): 20
[2026/09/15 19:47:56] 发送(hex): 20
[2026/09/15 19:47:56] 发送(hex): 20
[2026/09/15 19:47:56] 发送(hex): 20
[2026/09/15 19:47:56] 发送(hex): 20
[2026/09/15 19:47:56] 发送(hex): 20
[2026/09/15 19:47:56] $
[2026/09/15 19:47:56] Post r
[2026/09/15 19:47:56] 发送(hex): 20
[2026/09/15 19:47:56] omcode git ver:42df880604ac78a3 (Aug 28 2026 21:41:35)
[2026/09/15 19:47:56] 发送(hex): 20
[2026/09/15 19:47:56] 发送(hex): 20
[2026/09/15 19:47:56] $
[2026/09/15 19:47:56] Hello world, RTD2875P_CN2_TV030!
[2026/09/15 19:47:56] set_wifi_reset
[2026/09/15 19:47:56] Auxcode git ver:3a4deb9ea300359e (Aug 28 2026 21:41:29)
[2026/09/15 19:47:56] flash_type = 2, secure_type = 2
[2026/09/15 19:47:56] b8062204=0
[2026/09/15 19:47:56] 发送(hex): 20
[2026/09/15 19:47:56] 发送(hex): 20
[2026/09/15 19:47:56] slot info 0 0x0 info 1 0x0
[2026/09/15 19:47:56] invalid reg slot status 0x0,ge
[2026/09/15 19:47:56] 发送(hex): 20
[2026/09/15 19:47:56] 发送(hex): 20
[2026/09/15 19:47:56] 发送(hex): 20
[2026/09/15 19:47:56] 发送(hex): 20
[2026/09/15 19:47:56] 发送(hex): 20
[2026/09/15 19:47:56] 发送(hex): 20
[2026/09/15 19:47:56] 发送(hex): 20
[2026/09/15 19:47:56] 发送(hex): 20
[2026/09/15 19:47:56] t slot info from flash!
[2026/09/15 19:47:56] g_gpt_blk_start 0x1  g_offline_gpt 0x0 last_usable_lba 0x1cd2032 num_partition_entries 0x32
[2026/09/15 19:47:56] start 0x2e600000 clt_blk 0x1973004 ctrl size 0x20
[2026/09/15 19:47:56] choose active index 0
[2026/09/15 19:47:56] part name bootloader ative_slot _a real part name bootloader_a
[2026/09/15 19:47:56] part name hwsetting start 0x100000 size 0x33600
[2026/09/15 19:47:56] part name ext_fw start 0x133600 size 0x10400
[2026/09/15 19:47:56] part name kboot start 0x143a00 size 0x16e00
[2026/09/15 19:47:56] part name uboot start 0x15a800 size 0x120400
[2026/09/15 19:47:56] ls4 2 1 = 800040ab 8000207f 80001000
[2026/09/15 19:47:56] fNewHWsettingArch = 2
[2026/09/15 19:47:56] 1.lsadcidx = 2, brand =3, offset = 0
[2026/09/15 19:47:56] 1.lsadcidx = 2, brand =3, offset = 17800
[2026/09/15 19:47:56] hwsetting from mmc
[2026/09/15 19:47:56] AC on HW offset 0x809 start 0x800 reg 0x8090800
[2026/09/15 19:47:56] total = 2f00
[2026/09/15 19:47:56] 发送(hex): 20
[2026/09/15 19:47:56] 发送(hex): 20
[2026/09/15 19:47:56] 发送(hex): 20
[2026/09/15 19:47:56] 发送(hex): 20
[2026/09/15 19:47:56] A
[2026/09/15 19:47:56] 发送(hex): 20
[2026/09/15 19:47:56] 发送(hex): 20
[2026/09/15 19:47:56] A
[2026/09/15 19:47:56] 发送(hex): 20
[2026/09/15 19:47:56] A
[2026/09/15 19:47:56] A
[2026/09/15 19:47:56] 发送(hex): 20
[2026/09/15 19:47:56] 发送(hex): 20
[2026/09/15 19:47:56] A
[2026/09/15 19:47:56] {12 14}
[2026/09/15 19:47:56] ffeeddf
[2026/09/15 19:47:56] 发送(hex): 20
[2026/09/15 19:47:56] 发送(hex): 20
[2026/09/15 19:47:56] feeddddr ver: 62c63180
[2026/09/15 19:47:56] ori DQS0~7 {03 04 1a 1c 00 01 00 00}
[2026/09/15 19:47:56] 发送(hex): 20
[2026/09/15 19:47:56] 发送(hex): 20
[2026/09/15 19:47:56] 发送(hex): 20
[2026/09/15 19:47:56] 发送(hex): 20
[2026/09/15 19:47:56] 发送(hex): 20
[2026/09/15 19:47:56] 发送(hex): 20
[2026/09/15 19:47:56] 发送(hex): 20
[2026/09/15 19:47:56] 发送(hex): 20
[2026/09/15 19:47:56] {01 02 19 1b 00 01 00 00} {08 08 06 09 06 06 00 00}
[2026/09/15 19:47:56] r.y.0 r.y.0 SCPU BISR status: Done
[2026/09/15 19:47:56] 发送(hex): 20
[2026/09/15 19:47:56] 发送(hex): 20
[2026/09/15 19:47:56] 发送(hex): 20
[2026/09/15 19:47:56] 发送(hex): 20
[2026/09/15 19:47:56] 发送(hex): 20
[2026/09/15 19:47:56] [go kb]
[2026/09/15 19:47:56] pass bootcode info to kboot
[2026/09/15 19:47:56] num=1100
[2026/09/15 19:47:56] boot_magic=7f676014
[2026/09/15 19:47:56] ---DEBUG kboot 21:41:14 Aug 28 2026 ---
[2026/09/15 19:47:56] [Kboot]eMMC(mid-15) MMC_HS50 (50000000Mhz)[8bit].
[2026/09/15 19:47:56] block info 0x1cd2032 0x3a3e000.
[2026/09/15 19:47:56] [MMC] 32 -----------> 16GB.
[2026/09/15 19:47:56] 发送(hex): 20
[2026/09/15 19:47:56] 发送(hex): 20
[2026/09/15 19:47:56] (00000000) (1) bufsize=(null)
[2026/09/15 19:47:56] 发送(hex): 20
[2026/09/15 19:47:56] 发送(hex): 20
[2026/09/15 19:47:56] 发送(hex): 20
[2026/09/15 19:47:56] uboot start 0x15a800 s
[2026/09/15 19:47:56] 发送(hex): 20
[2026/09/15 19:47:56] ize 0x120400
[2026/09/15 19:47:56] 发送(hex): 20
[2026/09/15 19:47:56] 发送(hex): 20
[2026/09/15 19:47:56] board_version: ls1 = 0, ver: 0
[2026/09/15 19:47:56] [0;31mapp_main 325 board_version=0[0m
[2026/09/15 19:47:56] 发送(hex): 20
[2026/09/15 19:47:56] 发送(hex): 20
[2026/09/15 19:47:56] 发送(hex): 20
[2026/09/15 19:47:56] 发送(hex): 20
[2026/09/15 19:47:56] 发送(hex): 20
[2026/09/15 19:47:56] 发送(hex): 20
[2026/09/15 19:47:56] 发送(hex): 20
[2026/09/15 19:47:56] get FW_TZFW flash start 0xf100200 ddr buf start 0x180000 image size 010c2e3 ok!
[2026/09/15 19:47:56] [INFO]RPMB auth key not written !
[2026/09/15 19:47:56] [INFO]RPMB auth key not written !
[2026/09/15 19:47:56] Current board is not frist boot.
[2026/09/15 19:47:56] ALL zero, reserved_3 has removed.
[2026/09/15 19:47:56] Current board remove reserved_3 done.
[2026/09/15 19:47:56] 发送(hex): 20
[2026/09/15 19:47:56] 发送(hex): 20
[2026/09/15 19:47:56] 发送(hex): 20
[2026/09/15 19:47:56] 发送(hex): 20
[2026/09/15 19:47:56] 发送(hex): 20
[2026/09/15 19:47:56] 发送(hex): 20
[2026/09/15 19:47:56] 发送(hex): 20
[2026/09/15 19:47:57] 发送(hex): 20
[2026/09/15 19:47:57] 发送(hex): 20
[2026/09/15 19:47:57] 发送(hex): 20
[2026/09/15 19:47:57] 发送(hex): 20
[2026/09/15 19:47:57] 发送(hex): 20
[2026/09/15 19:47:57] 发送(hex): 20
[2026/09/15 19:47:57] 发送(hex): 20
[2026/09/15 19:47:57] 发送(hex): 20
[2026/09/15 19:47:57] 发送(hex): 20
[2026/09/15 19:47:57] 发送(hex): 20
[2026/09/15 19:47:57] 发送(hex): 20
[2026/09/15 19:47:57] get FW_VKERNEL flash start 0xc
[2026/09/15 19:47:57] 发送(hex): 20
[2026/09/15 19:47:57] 100200 ddr buf start 0x1a900000 image size 05f0300 ok!
[2026/09/15 19:47:57] 发送(hex): 20
[2026/09/15 19:47:57] 发送(hex): 20
[2026/09/15 19:47:57] 发送(hex): 20
[2026/09/15 19:47:57] 发送(hex): 20
[2026/09/15 19:47:57] 发送(hex): 20
[2026/09/15 19:47:57] get FW_VKERNEL2 flash start 0xd900200 ddr buf start 0x1af00000 image size 0f4920 ok!
[2026/09/15 19:47:57] 发送(hex): 20
[2026/09/15 19:47:57] 发送(hex): 20
[2026/09/15 19:47:57] 发送(hex): 20
[2026/09/15 19:47:57] 发送(hex): 20
[2026/09/15 19:47:57] 发送(hex): 20
[2026/09/15 19:47:57] 发送(hex): 20
[2026/09/15 19:47:57] 发送(hex): 20
[2026/09/15 19:47:57] 发送(hex): 20
[2026/09/15 19:47:57] 发送(hex): 20
[2026/09/15 19:47:57] 发送(hex): 20
[2026/09/15 19:47:57] 发送(hex): 20
[2026/09/15 19:47:57] 发送(hex): 20
[2026/09/15 19:47:57] 发送(hex): 20
[2026/09/15 19:47:57] 发送(hex): 20
[2026/09/15 19:47:57] 发送(hex): 20
[2026/09/15 19:47:57] 发送(hex): 20
[2026/09/15 19:47:57] 发送(hex): 20
[2026/09/15 19:47:57] 发送(hex): 20
[2026/09/15 19:47:57] 发送(hex): 20
[2026/09/15 19:47:57] 发送(hex): 20
[2026/09/15 19:47:57] 发送(hex): 20
[2026/09/15 19:47:57] 发送(hex): 20
[2026/09/15 19:47:57] 发送(hex): 20
[2026/09/15 19:47:57] 发送(hex): 20
[2026/09/15 19:47:57] 发送(hex): 20
[2026/09/15 19:47:57] 发送(hex): 20
[2026/09/15 19:47:57] get FW_AKERNEL flash start 0xa900200 ddr buf start 0x1b200000 image size 07fbf7c ok!
[2026/09/15 19:47:57] 发送(hex): 20
[2026/09/15 19:47:57] 发送(hex): 20
[2026/09/15 19:47:57] 发送(hex): 20
[2026/09/15 19:47:57] 发送(hex): 20
[2026/09/15 19:47:57] 发送(hex): 20
[2026/09/15 19:47:57] 发送(hex): 20
[2026/09/15 19:47:57] 发送(hex): 20
[2026/09/15 19:47:57] 发送(hex): 20
[2026/09/15 19:47:57] 发送(hex): 20
[2026/09/15 19:47:57] 发送(hex): 20
[2026/09/15 19:47:57] ATFATFATF:0 1 NOTICE: kill CPU(2)...
[2026/09/15 19:47:57] ATF:0 1 NOTICE: kill (2) : PACTIVE:0
[2026/09/15 19:47:57] ATF:0 1 NOTICE:  CPU(2) kill done, pstate(0x0)
[2026/09/15 19:47:57] 发送(hex): 20
[2026/09/15 19:47:57] 发送(hex): 20
[2026/09/15 19:47:57] U
[2026/09/15 19:47:57] 发送(hex): 20
[2026/09/15 19:47:57] 发送(hex): 20
[2026/09/15 19:47:57] 发送(hex): 20
[2026/09/15 19:47:57] 发送(hex): 20
[2026/09/15 19:47:57] 发送(hex): 20
[2026/09/15 19:47:57] 发送(hex): 20
[2026/09/15 19:47:57] 发送(hex): 20
[2026/09/15 19:47:57] 发送(hex): 20
[2026/09/15 19:47:57] 发送(hex): 20
[2026/09/15 19:47:57] 发送(hex): 20
[2026/09/15 19:47:57] 发送(hex): 20
[2026/09/15 19:47:57] 发送(hex): 20
[2026/09/15 19:47:57] fixup_node_name 555. set /rese
[2026/09/15 19:47:57] 发送(hex): 20
[2026/09/15 19:47:57] 发送(hex): 20
[2026/09/15 19:47:57] 发送(hex): 20
[2026/09/15 19:47:57] rved-memory@5 to /reserved-memory
[2026/09/15 19:47:57] fixup_node_name 555. set /rtk_cma@5 to /rtk_cma
[2026/09/15 19:47:57] ### [1;31mERROR[0m ### get_movablecore 613. Can't find dtb node /reserved-memory/cma2_memory/reg
[2026/09/15 19:47:57] reinit_mem_info 1049  ddr_size 80000000
[2026/09/15 19:47:57] 发送(hex): 20
[2026/09/15 19:47:57] 发送(hex): 20
[2026/09/15 19:47:57] 发送(hex): 20
[2026/09/15 19:47:57] booting, boot_led_type: 0x00000000, led on[1]
[2026/09/15 19:47:57] set share register: 0x99100000
[2026/09/15 19:47:57] boot_power_on_mode=1
[2026/09/15 19:47:57] [get_layout:1264]!
[2026/09/15 19:47:57] 发送(hex): 20
[2026/09/15 19:47:57] 发送(hex): 20
[2026/09/15 19:47:57] 发送(hex): 20
[2026/09/15 19:47:57] 发送(hex): 20
[2026/09/15 19:47:57] 发送(hex): 20
[2026/09/15 19:47:57] 发送(hex): 20
[2026/09/15 19:47:57] 发送(hex): 20
[2026/09/15 19:47:57] 发送(hex): 20
[2026/09/15 19:47:57] boot_part value = 0 boot_tag value = 21
[2026/09/15 19:47:57] [get_oemkey] 1397: get oem.key = ATV00107525
[2026/09/15 19:47:57] Factory_RO: [EXT4] factory_ro_buffer:0a800000, factory_ro_buffer size:0x1000000!
[2026/09/15 19:47:57] Partiton factory_ro_a located at 0:6
[2026/09/15 19:47:57] factory_ro_a partition can not find /.000@bk@***!
[2026/09/15 19:47:57] Factory RO no need recovery!
[2026/09/15 19:47:57] Get tvconfigs_a partition block device index fail!
[2026/09/15 19:47:57] read customer.ini file fail!
[2026/09/15 19:47:57] parse SYS_INI path fail
[2026/09/15 19:47:57] Not support board ini mechansim!
[2026/09/15 19:47:57] Get tvconfigs_a partition block device index fail!
[2026/09/15 19:47:57] read customer.ini file fail!
[2026/09/15 19:47:57] parse SYS_INI path fail
[2026/09/15 19:47:57] load model ini file fail
[2026/09/15 19:47:57] cannot find PcbPath from ini file
[2026/09/15 19:47:57] no pcb.config in tvconfigs
[2026/09/15 19:47:57] no mnt/vendor/factorypcb.config
[2026/09/15 19:47:57] 发送(hex): 20
[2026/09/15 19:47:57] 发送(hex): 20
[2026/09/15 19:47:57] 发送(hex): 20
[2026/09/15 19:47:57] 发送(hex): 20
[2026/09/15 19:47:57] 发送(hex): 20
[2026/09/15 19:47:57] 发送(hex): 20
[2026/09/15 19:47:57] 发送(hex): 20
[2026/09/15 19:47:57] 发送(hex): 20
[2026/09/15 19:47:57] 发送(hex): 20
[2026/09/15 19:47:57] 发送(hex): 20
[2026/09/15 19:47:57] 发送(hex): 20
[2026/09/15 19:47:57] 发送(hex): 20
[2026/09/15 19:47:58] 发送(hex): 20
[2026/09/15 19:47:58] 发送(hex): 20
[2026/09/15 19:47:58] 发送(hex): 20
[2026/09/15 19:47:58] 发送(hex): 20
[2026/09/15 19:47:58] 发送(hex): 20
[2026/09/15 19:47:58] 发送(hex): 20
[2026/09/15 19:47:58] 发送(hex): 20
[2026/09/15 19:47:58] 发送(hex): 20
[2026/09/15 19:47:58] 发送(hex): 20
[2026/09/15 19:47:58] 发送(hex): 20
[2026/09/15 19:47:58] 发送(hex): 20
[2026/09/15 19:47:58] 发送(hex): 20
[2026/09/15 19:47:58] 发送(hex): 20
[2026/09/15 19:47:58] 发送(hex): 20
[2026/09/15 19:47:58] 发送(hex): 20
[2026/09/15 19:47:58] 发送(hex): 20
[2026/09/15 19:47:58] 发送(hex): 20
[2026/09/15 19:47:58] 发送(hex): 20
[2026/09/15 19:47:58] 发送(hex): 20
[2026/09/15 19:47:58] 发送(hex): 20
[2026/09/15 19:47:58] 发送(hex): 20
[2026/09/15 19:47:58] 发送(hex): 20
[2026/09/15 19:47:58] 发送(hex): 20
[2026/09/15 19:47:58] 发送(hex): 20
[2026/09/15 19:47:58] 发送(hex): 20
[2026/09/15 19:47:58] 发送(hex): 20
[2026/09/15 19:47:58] 发送(hex): 20
[2026/09/15 19:47:58] 发送(hex): 20
[2026/09/15 19:47:58] 发送(hex): 20
[2026/09/15 19:47:58] 发送(hex): 20
[2026/09/15 19:47:58] 发送(hex): 20
[2026/09/15 19:47:58] 发送(hex): 20
[2026/09/15 19:47:58] 发送(hex): 20
[2026/09/15 19:47:58] 发送(hex): 20
[2026/09/15 19:47:58] 发送(hex): 20
[2026/09/15 19:47:58] 发送(hex): 20
[2026/09/15 19:47:58] 发送(hex): 20
[2026/09/15 19:47:58] 发送(hex): 20
[2026/09/15 19:47:58] 发送(hex): 20
[2026/09/15 19:47:58] 发送(hex): 20
[2026/09/15 19:47:58] delay:426
[2026/09/15 19:47:58] 发送(hex): 20
[2026/09/15 19:47:58] 发送(hex): 20
[2026/09/15 19:47:58] 发送(hex): 20
[2026/09/15 19:47:58] 发送(hex): 20
[2026/09/15 19:47:58] 发送(hex): 20
[2026/09/15 19:47:58] 发送(hex): 20
[2026/09/15 19:47:58] 发送(hex): 20
[2026/09/15 19:47:58] 发送(hex): 20
[2026/09/15 19:47:58] 发送(hex): 20
[2026/09/15 19:47:58] 发送(hex): 20
[2026/09/15 19:47:58] 发送(hex): 20
[2026/09/15 19:47:58] 发送(hex): 20
[2026/09/15 19:47:58] 发送(hex): 20
[2026/09/15 19:47:58] 发送(hex): 20
[2026/09/15 19:47:58] 发送(hex): 20
[2026/09/15 19:47:58] 发送(hex): 20
[2026/09/15 19:47:58] 发送(hex): 20
[2026/09/15 19:47:58] 发送(hex): 20
[2026/09/15 19:47:58] 发送(hex): 20
[2026/09/15 19:47:58] 发送(hex): 20
[2026/09/15 19:47:58] 发送(hex): 20
[2026/09/15 19:47:58] 发送(hex): 20
[2026/09/15 19:47:58] 发送(hex): 20
[2026/09/15 19:47:58] 发送(hex): 20
[2026/09/15 19:47:58] 发送(hex): 20
[2026/09/15 19:47:58] 发送(hex): 20
[2026/09/15 19:47:58] 发送(hex): 20
[2026/09/15 19:47:58] 发送(hex): 20
[2026/09/15 19:47:58] 发送(hex): 20
[2026/09/15 19:47:58] 发送(hex): 20
[2026/09/15 19:47:58] 发送(hex): 20
[2026/09/15 19:47:58] 发送(hex): 20
[2026/09/15 19:47:58] 发送(hex): 20
[2026/09/15 19:47:58] 发送(hex): 20
[2026/09/15 19:47:58] 发送(hex): 20
[2026/09/15 19:47:58] 发送(hex): 20
[2026/09/15 19:47:58] 发送(hex): 20
[2026/09/15 19:47:58] 发送(hex): 20
[2026/09/15 19:47:58] 发送(hex): 20
[2026/09/15 19:47:58] 发送(hex): 20
[2026/09/15 19:47:58] 发送(hex): 20
[2026/09/15 19:47:58] 发送(hex): 20
[2026/09/15 19:47:58] 发送(hex): 20
[2026/09/15 19:47:58] 发送(hex): 20
[2026/09/15 19:47:58] 发送(hex): 20
[2026/09/15 19:47:58] 发送(hex): 20
[2026/09/15 19:47:58] Net:   r8168: REALTEK RTL8168 @0x18016000
[2026/09/15 19:47:58] 发送(hex): 20
[2026/09/15 19:47:58] 发送(hex): 20
[2026/09/15 19:47:58] 发送(hex): 20
[2026/09/15 19:47:58] 发送(hex): 20
[2026/09/15 19:47:58] Start Boot Setup ...
[2026/09/15 19:47:58] (powerMgr_get_wakeup_source)2012/05/30 19:50
[2026/09/15 19:47:58] wakeup source : AC
[2026/09/15 19:47:58] 发送(hex): 20
[2026/09/15 19:47:58] 发送(hex): 20
[2026/09/15 19:47:58] 发送(hex): 20
[2026/09/15 19:47:58] (powerMgr_get_wakeup_source)2012/05/30 19:50
[2026/09/15 19:47:58] wakeup source : AC
[2026/09/15 19:47:58] wakeup_src=0, boot_logo_enable=1, bgm_boot_type=0, POWER_ON_MODE_SILEN=0.
[2026/09/15 19:47:58] 发送(hex): 20
[2026/09/15 19:47:59] 发送(hex): 20
[2026/09/15 19:47:59] 发送(hex): 20
[2026/09/15 19:47:59] GDMA module_init finish
[2026/09/15 19:47:59] [GDMA] OSD size[3840,2160]
[2026/09/15 19:47:59] [GDMA] gdma_showlogo gdma show logo 2637
[2026/09/15 19:47:59] Net:   r8168: REALTEK RTL8168 @0x18016000
[2026/09/15 19:47:59] 发送(hex): 20
[2026/09/15 19:47:59] ## Android Verified Boot 2.0
[2026/09/15 19:47:59] 发送(hex): 20
[2026/09/15 19:47:59] 发送(hex): 20
[2026/09/15 19:47:59] version 1.1.0
[2026/09/15 19:47:59] 发送(hex): 20
[2026/09/15 19:47:59] 发送(hex): 20
[2026/09/15 19:47:59] 发送(hex): 20
[2026/09/15 19:47:59] 发送(hex): 20
[2026/09/15 19:47:59] 发送(hex): 20
[2026/09/15 19:47:59] 发送(hex): 20
[2026/09/15 19:47:59] 发送(hex): 20
[2026/09/15 19:47:59] 发送(hex): 20
[2026/09/15 19:47:59] 发送(hex): 20
[2026/09/15 19:47:59] 发送(hex): 20
[2026/09/15 19:47:59] 发送(hex): 20
[2026/09/15 19:47:59] 发送(hex): 20
[2026/09/15 19:47:59] 发送(hex): 20
[2026/09/15 19:47:59] 发送(hex): 20
[2026/09/15 19:47:59] 发送(hex): 20
[2026/09/15 19:47:59] 发送(hex): 20
[2026/09/15 19:47:59] 发送(hex): 20
[2026/09/15 19:47:59] 发送(hex): 20
[2026/09/15 19:47:59] 发送(hex): 20
[2026/09/15 19:47:59] 发送(hex): 20
[2026/09/15 19:47:59] 发送(hex): 20
[2026/09/15 19:47:59] 发送(hex): 20
[2026/09/15 19:47:59] 发送(hex): 20
[2026/09/15 19:47:59] 发送(hex): 20
[2026/09/15 19:47:59] 发送(hex): 20
[2026/09/15 19:47:59] 发送(hex): 20
[2026/09/15 19:47:59] 发送(hex): 20
[2026/09/15 19:47:59] 发送(hex): 20
[2026/09/15 19:47:59] 发送(hex): 20
[2026/09/15 19:47:59] 发送(hex): 20
[2026/09/15 19:47:59] 发送(hex): 20
[2026/09/15 19:47:59] 发送(hex): 20
[2026/09/15 19:47:59] 发送(hex): 20
[2026/09/15 19:47:59] 发送(hex): 20
[2026/09/15 19:47:59] 发送(hex): 20
[2026/09/15 19:47:59] 发送(hex): 20
[2026/09/15 19:47:59] 发送(hex): 20
[2026/09/15 19:47:59] 发送(hex): 20
[2026/09/15 19:47:59] 发送(hex): 20
[2026/09/15 19:47:59] 发送(hex): 20
[2026/09/15 19:47:59] 发送(hex): 20
[2026/09/15 19:47:59] 发送(hex): 20
[2026/09/15 19:47:59] 发送(hex): 20
[2026/09/15 19:47:59] 发送(hex): 20
[2026/09/15 19:47:59] 发送(hex): 20
[2026/09/15 19:47:59] 发送(hex): 20
[2026/09/15 19:47:59] 发送(hex): 20
[2026/09/15 19:47:59] Verification passed successfully
[2026/09/15 19:47:59] [Skip A] boot manual mode
[2026/09/15 19:47:59] [Skip V] boot manual mode
[2026/09/15 19:47:59] is_avb_verify_hash_partition 164 find avb verify part_name boot img_buf 0x66400000 size 0x307a000
[2026/09/15 19:47:59] boot header version : 4
[2026/09/15 19:47:59] is_avb_verify_hash_partition 164 find avb verify part_name vendor_boot img_buf 0x6bc00000 size 0x10a3000
[2026/09/15 19:47:59] get_partition_content_by_name 11954 get gpt_name init_boot_a err,try part name init_boot!
[2026/09/15 19:47:59] get_partition_content_by_name 11956 get part name init_boot err!
[2026/09/15 19:47:59] 发送(hex): 20
[2026/09/15 19:47:59] 发送(hex): 20
[2026/09/15 19:47:59] 发送(hex): 20
[2026/09/15 19:47:59] 发送(hex): 20
[2026/09/15 19:47:59] 发送(hex): 20
[2026/09/15 19:47:59] 发送(hex): 20
[2026/09/15 19:47:59] 发送(hex): 20
[2026/09/15 19:47:59] 发送(hex): 20
[2026/09/15 19:47:59] get_merge_ramdisk 11932 cur_ramdisk_size 0xf3096 real_cur_ramdisk_size 0xf3096
[2026/09/15 19:47:59] get_merge_ramdisk 11932 cur_ramdisk_size 0x2019e5 real_cur_ramdisk_size 0x2019e5
[2026/09/15 19:47:59] is_avb_verify_hash_partition 164 find avb verify part_name dtbo img_buf 0x6fc00000 size 0x1186
[2026/09/15 19:47:59] Net:   r8168: REALTEK RTL8168 @0x18016000
[2026/09/15 19:47:59] 发送(hex): 20
[2026/09/15 19:47:59] 发送(hex): 20
[2026/09/15 19:47:59] 发送(hex): 20
[2026/09/15 19:47:59] 发送(hex): 20
[2026/09/15 19:47:59] [Skip K] boot manual mode (execute "go all")
[2026/09/15 19:47:59] Enter console mode, disable watchdog ...
[2026/09/15 19:47:59] Realtek>
[2026/09/15 19:47:59] 发送(hex): 20
[2026/09/15 19:47:59] 发送(hex): 20
[2026/09/15 19:47:59] 发送(hex): 20
[2026/09/15 19:47:59] 发送(hex): 20
[2026/09/15 19:47:59] 发送(hex): 20
[2026/09/15 19:47:59] 发送(hex): 20
[2026/09/15 19:47:59] 发送(hex): 20
[2026/09/15 19:47:59] 发送(hex): 20
[2026/09/15 19:47:59] 发送(hex): 20
[2026/09/15 19:47:59] 发送(hex): 20
[2026/09/15 19:47:59] 发送(hex): 20
[2026/09/15 19:47:59] 发送(hex): 20
[2026/09/15 19:47:59] 发送(hex): 20
[2026/09/15 19:47:59] 发送(hex): 20
[2026/09/15 19:47:59] 发送(hex): 20
[2026/09/15 19:47:59] 发送(hex): 20
[2026/09/15 19:47:59] 发送(hex): 20
[2026/09/15 19:47:59] 发送(hex): 20
[2026/09/15 19:47:59] 发送(hex): 20
[2026/09/15 19:47:59] 发送(hex): 20
[2026/09/15 19:47:59] 发送(hex): 20
[2026/09/15 19:47:59] 发送(hex): 20
[2026/09/15 19:47:59] 发送(hex): 20
[2026/09/15 19:47:59] 发送(hex): 20
[2026/09/15 19:47:59] 发送(hex): 20
[2026/09/15 19:47:59] 发送(hex): 20
[2026/09/15 19:47:59] 发送(hex): 20
[2026/09/15 19:47:59] 发送(hex): 20
[2026/09/15 19:47:59] 发送(hex): 20
[2026/09/15 19:47:59] 发送(hex): 20
[2026/09/15 19:48:00] 发送(hex): 20
[2026/09/15 19:48:00] 发送(hex): 20
[2026/09/15 19:48:00] 发送(hex): 20
[2026/09/15 19:48:00] 发送(hex): 20
[2026/09/15 19:48:00] 发送(hex): 20
[2026/09/15 19:48:00] 发送(hex): 20
[2026/09/15 19:48:00] 发送(hex): 20
[2026/09/15 19:48:00] 发送(hex): 20
[2026/09/15 19:48:00] 发送(hex): 20
[2026/09/15 19:48:00] 发送(hex): 20
[2026/09/15 19:48:00] 发送(hex): 20
[2026/09/15 19:48:00] 发送(hex): 20
[2026/09/15 19:48:00] 发送(hex): 20
[2026/09/15 19:48:00] 发送(hex): 20
[2026/09/15 19:48:00] 发送(hex): 20
[2026/09/15 19:48:00] 发送(hex): 20
[2026/09/15 19:48:00] 发送(hex): 20
[2026/09/15 19:48:00] 发送(hex): 20
[2026/09/15 19:48:00] 发送(hex): 20
[2026/09/15 19:48:00] 发送(hex): 20
[2026/09/15 19:48:00] 发送(hex): 20
[2026/09/15 19:48:00] 发送(hex): 20
[2026/09/15 19:48:00] 发送(hex): 20
[2026/09/15 19:48:00] 发送(hex): 20
[2026/09/15 19:48:00] 发送(hex): 20
[2026/09/15 19:48:00] 发送(hex): 20
[2026/09/15 19:48:00] 发送(hex): 20
[2026/09/15 19:48:00] 发送(hex): 20
[2026/09/15 19:48:00] 发送(hex): 20
[2026/09/15 19:48:00] 发送(hex): 20
[2026/09/15 19:48:00] 发送(hex): 20
[2026/09/15 19:48:00] 发送(hex): 20
[2026/09/15 19:48:00] 发送(hex): 20
[2026/09/15 19:48:00] 发送(hex): 20
[2026/09/15 19:48:00] 发送(hex): 20
[2026/09/15 19:48:00] 发送(hex): 20
[2026/09/15 19:48:00] 发送(hex): 20
[2026/09/15 19:48:00] 发送(hex): 20
[2026/09/15 19:48:00] 发送(hex): 20
[2026/09/15 19:48:00] 发送(hex): 20
[2026/09/15 19:48:00] 发送(hex): 20
[2026/09/15 19:48:00] 发送(hex): 20
[2026/09/15 19:48:00] 发送(hex): 20
[2026/09/15 19:48:00] 发送(hex): 20
[2026/09/15 19:48:00] 发送(hex): 20
[2026/09/15 19:48:00] 发送(hex): 20
[2026/09/15 19:48:00] 发送(hex): 20
[2026/09/15 19:48:00] 发送(hex): 20
[2026/09/15 19:48:00] 发送(hex): 20
[2026/09/15 19:48:00] 发送(hex): 20
[2026/09/15 19:48:00] 发送(hex): 20
[2026/09/15 19:48:00] 发送(hex): 20
[2026/09/15 19:48:00] 发送(hex): 20
[2026/09/15 19:48:00] 发送(hex): 20
[2026/09/15 19:48:00] 发送(hex): 20
[2026/09/15 19:48:00] 发送(hex): 20
[2026/09/15 19:48:00] 发送(hex): 20
[2026/09/15 19:48:00] 发送(hex): 20
[2026/09/15 19:48:00] 发送(hex): 20
[2026/09/15 19:48:00] 发送(hex): 20
[2026/09/15 19:48:00] 发送(hex): 20
[2026/09/15 19:48:00] 发送(hex): 20
[2026/09/15 19:48:00] 发送(hex): 20
[2026/09/15 19:48:00] 发送(hex): 20
[2026/09/15 19:48:00] 发送(hex): 20
[2026/09/15 19:48:00] 发送(hex): 20
[2026/09/15 19:48:00] 发送(hex): 20
[2026/09/15 19:48:00] 发送(hex): 20
[2026/09/15 19:48:00] 发送(hex): 20
[2026/09/15 19:48:00] 发送(hex): 20
[2026/09/15 19:48:00] 发送(hex): 20
[2026/09/15 19:48:00] 发送(hex): 20
[2026/09/15 19:48:00] 发送(hex): 20
[2026/09/15 19:48:00] 发送(hex): 20
[2026/09/15 19:48:00] 发送(hex): 20
[2026/09/15 19:48:00] 发送(hex): 20
[2026/09/15 19:48:00] 发送(hex): 20
[2026/09/15 19:48:00] 发送(hex): 20
[2026/09/15 19:48:00] 发送(hex): 20
[2026/09/15 19:48:00] 发送(hex): 20
[2026/09/15 19:48:00] 发送(hex): 20
[2026/09/15 19:48:00] 发送(hex): 20
[2026/09/15 19:48:00] 发送(hex): 20
[2026/09/15 19:48:00] 发送(hex): 20
[2026/09/15 19:48:00] 发送(hex): 20
[2026/09/15 19:48:00] 发送(hex): 20
[2026/09/15 19:48:00] 发送(hex): 20
[2026/09/15 19:48:00] 发送(hex): 20
[2026/09/15 19:48:00] 发送(hex): 20
[2026/09/15 19:48:00] 发送(hex): 20
[2026/09/15 19:48:00] 发送(hex): 20
[2026/09/15 19:48:00] 发送(hex): 20
[2026/09/15 19:48:00] 发送(hex): 20
[2026/09/15 19:48:01] 发送(hex): 20
[2026/09/15 19:48:01] 发送(hex): 20
[2026/09/15 19:48:01] 发送(hex): 20
[2026/09/15 19:48:01] 发送(hex): 20
[2026/09/15 19:48:01] 发送(hex): 20
[2026/09/15 19:48:01] 发送(hex): 20
[2026/09/15 19:48:01] 发送(hex): 20
[2026/09/15 19:48:01] 发送(hex): 20
[2026/09/15 19:48:01] 发送(hex): 20
[2026/09/15 19:48:01] 发送(hex): 20
[2026/09/15 19:48:01] 发送(hex): 20
[2026/09/15 19:48:01] 发送(hex): 20
[2026/09/15 19:48:01] 发送(hex): 20
[2026/09/15 19:48:01] 发送(hex): 20
[2026/09/15 19:48:01] 发送(hex): 20
[2026/09/15 19:48:01] 发送(hex): 20
[2026/09/15 19:48:01] 发送(hex): 20
[2026/09/15 19:48:01] 发送(hex): 20
[2026/09/15 19:48:01] 发送(hex): 20
[2026/09/15 19:48:01] 发送(hex): 20
[2026/09/15 19:48:01] 发送(hex): 20
[2026/09/15 19:48:01] 发送(hex): 20
[2026/09/15 19:48:01] 发送(hex): 20
[2026/09/15 19:48:01] 发送(hex): 20
[2026/09/15 19:48:01] 发送(hex): 20
[2026/09/15 19:48:01] 发送(hex): 20
[2026/09/15 19:48:01] 发送(hex): 20
[2026/09/15 19:48:01] 发送(hex): 20
[2026/09/15 19:48:01] 发送(hex): 20
[2026/09/15 19:48:01] 发送(hex): 20
[2026/09/15 19:48:01] 发送(hex): 20
[2026/09/15 19:48:01] 发送(hex): 20
[2026/09/15 19:48:01] 发送(hex): 20
[2026/09/15 19:48:01] 发送(hex): 20
[2026/09/15 19:48:01] 发送(hex): 20
[2026/09/15 19:48:01] 发送(hex): 20
[2026/09/15 19:48:01] 发送(hex): 20
[2026/09/15 19:48:01] 发送(hex): 20
[2026/09/15 19:48:01] 发送(hex): 20
[2026/09/15 19:48:01] 发送(hex): 20
[2026/09/15 19:48:01] 发送(hex): 20
[2026/09/15 19:48:01] 发送(hex): 20
[2026/09/15 19:48:01] 发送(hex): 20
[2026/09/15 19:48:01] 发送(hex): 20
[2026/09/15 19:48:01] 发送(hex): 20
[2026/09/15 19:48:01] 发送(hex): 20
[2026/09/15 19:48:01] 发送(hex): 20
[2026/09/15 19:48:01] 发送(hex): 20
[2026/09/15 19:48:01] 发送(hex): 20
[2026/09/15 19:48:01] 发送(hex): 20
[2026/09/15 19:48:01] 发送(hex): 20
[2026/09/15 19:48:01] 发送(hex): 20
[2026/09/15 19:48:01] 发送(hex): 20
[2026/09/15 19:48:01] 发送(hex): 20
[2026/09/15 19:48:01] 发送(hex): 20
[2026/09/15 19:48:01] 发送(hex): 20
[2026/09/15 19:48:01] 发送(hex): 20
[2026/09/15 19:48:01] 发送(hex): 20
[2026/09/15 19:48:01] 发送(hex): 20
[2026/09/15 19:48:01] 发送(hex): 20
[2026/09/15 19:48:01] 发送(hex): 20
[2026/09/15 19:48:01] 发送(hex): 20
[2026/09/15 19:48:01] 发送(hex): 20
[2026/09/15 19:48:01] 发送(hex): 20
[2026/09/15 19:48:01] 发送(hex): 20
[2026/09/15 19:48:01] 发送(hex): 20
[2026/09/15 19:48:01] 发送(hex): 20
[2026/09/15 19:48:01] 发送(hex): 20
[2026/09/15 19:48:01] 发送(hex): 20
[2026/09/15 19:48:01] 发送(hex): 20
[2026/09/15 19:48:01] 发送(hex): 20
[2026/09/15 19:48:01] 发送(hex): 20
[2026/09/15 19:48:01] 发送(hex): 20
[2026/09/15 19:48:01] 发送(hex): 20
[2026/09/15 19:48:01] 发送(hex): 20
[2026/09/15 19:48:01] 发送(hex): 20
[2026/09/15 19:48:01] 发送(hex): 20
[2026/09/15 19:48:01] 发送(hex): 20
[2026/09/15 19:48:01] 发送(hex): 20
[2026/09/15 19:48:01] 发送(hex): 20
[2026/09/15 19:48:01] 发送(hex): 20
[2026/09/15 19:48:01] 发送(hex): 20
[2026/09/15 19:48:01] 发送(hex): 20
[2026/09/15 19:48:01] 发送(hex): 20
[2026/09/15 19:48:01] 发送(hex): 20
[2026/09/15 19:48:01] 发送(hex): 20
[2026/09/15 19:48:01] 发送(hex): 20
[2026/09/15 19:48:01] 发送(hex): 20
[2026/09/15 19:48:01] 发送(hex): 20
[2026/09/15 19:48:01] 发送(hex): 20
[2026/09/15 19:48:01] 发送(hex): 20
[2026/09/15 19:48:01] 发送(hex): 20
[2026/09/15 19:48:01] 发送(hex): 20
[2026/09/15 19:48:02] 发送(hex): 20
[2026/09/15 19:48:02] 发送(hex): 20
[2026/09/15 19:48:02] 发送(hex): 20
[2026/09/15 19:48:02] 发送(hex): 20
[2026/09/15 19:48:02] 发送(hex): 20
[2026/09/15 19:48:02] 发送(hex): 20
[2026/09/15 19:48:02] 发送(hex): 20
[2026/09/15 19:48:02] 发送(hex): 20
[2026/09/15 19:48:02] 发送(hex): 20
[2026/09/15 19:48:02] 发送(hex): 20
[2026/09/15 19:48:02] 发送(hex): 20
[2026/09/15 19:48:02] 发送(hex): 20
[2026/09/15 19:48:02] 发送(hex): 20
[2026/09/15 19:48:02] 发送(hex): 20
[2026/09/15 19:48:02] 发送(hex): 20
[2026/09/15 19:48:02] 发送(hex): 20
[2026/09/15 19:48:02] 发送(hex): 20
[2026/09/15 19:48:02] 发送(hex): 20
[2026/09/15 19:48:02] 发送(hex): 20
[2026/09/15 19:48:02] 发送(hex): 20
[2026/09/15 19:48:02] 发送(hex): 20
[2026/09/15 19:48:02] 发送(hex): 20
[2026/09/15 19:48:02] 发送(hex): 20
[2026/09/15 19:48:02] 发送(hex): 20
[2026/09/15 19:48:02] 发送(hex): 20
[2026/09/15 19:48:02] 发送(hex): 20
[2026/09/15 19:48:02] 发送(hex): 20
[2026/09/15 19:48:02] 发送(hex): 20
[2026/09/15 19:48:02] 发送(hex): 20
[2026/09/15 19:48:02] 发送(hex): 20
[2026/09/15 19:48:02] 发送(hex): 20
[2026/09/15 19:48:02] 发送(hex): 20
[2026/09/15 19:48:02] 发送(hex): 20
[2026/09/15 19:48:02] 发送(hex): 20
[2026/09/15 19:48:02] 发送(hex): 20
[2026/09/15 19:48:02] 发送(hex): 20
[2026/09/15 19:48:02] 发送(hex): 20
[2026/09/15 19:48:02] 发送(hex): 20
[2026/09/15 19:48:02] 发送(hex): 20
[2026/09/15 19:48:02] 发送(hex): 20
[2026/09/15 19:48:02] 发送(hex): 20
[2026/09/15 19:48:02] 发送(hex): 20
[2026/09/15 19:48:02] 发送(hex): 20
[2026/09/15 19:48:02] 发送(hex): 20
[2026/09/15 19:48:02] 发送(hex): 20
[2026/09/15 19:48:02] 发送(hex): 20
[2026/09/15 19:48:02] 发送(hex): 20
[2026/09/15 19:48:02] 发送(hex): 20
[2026/09/15 19:48:02] 发送(hex): 20
[2026/09/15 19:48:02] 发送(hex): 20
[2026/09/15 19:48:02] 发送(hex): 20
[2026/09/15 19:48:02] 发送(hex): 20
[2026/09/15 19:48:02] 发送(hex): 20
[2026/09/15 19:48:02] 发送(hex): 20
[2026/09/15 19:48:02] 发送(hex): 20
[2026/09/15 19:48:02] 发送(hex): 20
[2026/09/15 19:48:02] 发送(hex): 20
[2026/09/15 19:48:02] 发送(hex): 20
[2026/09/15 19:48:02] 发送(hex): 20
[2026/09/15 19:48:02] 发送(hex): 20
[2026/09/15 19:48:02] 发送(hex): 20
[2026/09/15 19:48:02] 发送(hex): 20
[2026/09/15 19:48:02] 发送(hex): 20
[2026/09/15 19:48:02] 发送(hex): 20
[2026/09/15 19:48:02] 发送(hex): 20
[2026/09/15 19:48:02] 发送(hex): 20
[2026/09/15 19:48:02] 发送(hex): 20
[2026/09/15 19:48:02] 发送(hex): 20
[2026/09/15 19:48:02] 发送(hex): 20
[2026/09/15 19:48:02] 发送(hex): 20
[2026/09/15 19:48:02] 发送(hex): 20
[2026/09/15 19:48:02] 发送(hex): 20
[2026/09/15 19:48:02] 发送(hex): 20
[2026/09/15 19:48:02] 发送(hex): 20
[2026/09/15 19:48:02] 发送(hex): 20
[2026/09/15 19:48:02] 发送(hex): 20
[2026/09/15 19:48:02] 发送(hex): 20
[2026/09/15 19:48:02] 发送(hex): 20
[2026/09/15 19:48:02] 发送(hex): 20
[2026/09/15 19:48:02] 发送(hex): 20
[2026/09/15 19:48:02] 发送(hex): 20
[2026/09/15 19:48:02] 发送(hex): 20
[2026/09/15 19:48:02] 发送(hex): 20
[2026/09/15 19:48:02] 发送(hex): 20
[2026/09/15 19:48:02] 发送(hex): 20
[2026/09/15 19:48:02] 发送(hex): 20
[2026/09/15 19:48:02] 发送(hex): 20
[2026/09/15 19:48:02] 发送(hex): 20
[2026/09/15 19:48:02] 发送(hex): 20
[2026/09/15 19:48:02] 发送(hex): 20
[2026/09/15 19:48:02] 发送(hex): 20
[2026/09/15 19:48:02] 发送(hex): 20
[2026/09/15 19:48:02] 发送(hex): 20
[2026/09/15 19:48:03] 发送(hex): 20
[2026/09/15 19:48:03] 发送(hex): 20
[2026/09/15 19:48:03] 发送(hex): 20
[2026/09/15 19:48:03] 发送(hex): 20
[2026/09/15 19:48:03] 发送(hex): 20
[2026/09/15 19:48:03] 发送(hex): 20
[2026/09/15 19:48:03] 发送(hex): 20
[2026/09/15 19:48:03] 发送(hex): 20
[2026/09/15 19:48:03] 发送(hex): 20
[2026/09/15 19:48:03] 发送(hex): 20
[2026/09/15 19:48:03] 发送(hex): 20
[2026/09/15 19:48:03] 发送(hex): 20
[2026/09/15 19:48:03] 发送(hex): 20
[2026/09/15 19:48:03] 发送(hex): 20
[2026/09/15 19:48:03] 发送(hex): 20
[2026/09/15 19:48:03] 发送(hex): 20
[2026/09/15 19:48:03] 发送(hex): 20
[2026/09/15 19:48:03] 发送(hex): 20
[2026/09/15 19:48:03] 发送(hex): 20
[2026/09/15 19:48:03] 发送(hex): 20
[2026/09/15 19:48:03] 发送(hex): 20
[2026/09/15 19:48:03] 发送(hex): 20
[2026/09/15 19:48:03] 发送(hex): 20
[2026/09/15 19:48:03] 发送(hex): 20
[2026/09/15 19:48:03] 发送(hex): 20
[2026/09/15 19:48:03] 发送(hex): 20
[2026/09/15 19:48:03] 发送(hex): 20
[2026/09/15 19:48:03] 发送(hex): 20
[2026/09/15 19:48:03] 发送(hex): 20
[2026/09/15 19:48:03] 发送(hex): 20
[2026/09/15 19:48:03] 发送(hex): 20
[2026/09/15 19:48:03] 发送(hex): 20
[2026/09/15 19:48:03] 发送(hex): 20
[2026/09/15 19:48:03] 发送(hex): 20
[2026/09/15 19:48:03] 发送(hex): 20
[2026/09/15 19:48:03] 发送(hex): 20
[2026/09/15 19:48:03] 发送(hex): 20
[2026/09/15 19:48:03] 发送(hex): 20
[2026/09/15 19:48:03] 发送(hex): 20
[2026/09/15 19:48:03] 发送(hex): 20
[2026/09/15 19:48:03] 发送(hex): 20
[2026/09/15 19:48:03] 发送(hex): 20
[2026/09/15 19:48:03] 发送(hex): 20
[2026/09/15 19:48:03] 发送(hex): 20
[2026/09/15 19:48:03] 发送(hex): 20
[2026/09/15 19:48:03] 发送(hex): 20
[2026/09/15 19:48:03] 发送(hex): 20
[2026/09/15 19:48:03] 发送(hex): 20
[2026/09/15 19:48:03] 发送(hex): 20
[2026/09/15 19:48:03] 发送(hex): 20
[2026/09/15 19:48:03] 发送(hex): 20
[2026/09/15 19:48:03] 发送(hex): 20
[2026/09/15 19:48:03] 发送(hex): 20
[2026/09/15 19:48:03] 发送(hex): 20
[2026/09/15 19:48:03] 发送(hex): 20
[2026/09/15 19:48:03] 发送(hex): 20
[2026/09/15 19:48:03] 发送(hex): 20
[2026/09/15 19:48:03] 发送(hex): 20
[2026/09/15 19:48:03] 发送(hex): 20
[2026/09/15 19:48:03] 发送(hex): 20
[2026/09/15 19:48:03] 发送(hex): 20
[2026/09/15 19:48:03] 发送(hex): 20
[2026/09/15 19:48:03] 发送(hex): 20
[2026/09/15 19:48:03] 发送(hex): 20
[2026/09/15 19:48:03] 发送(hex): 20
[2026/09/15 19:48:03] 发送(hex): 20
[2026/09/15 19:48:03] 发送(hex): 20
[2026/09/15 19:48:03] 发送(hex): 20
[2026/09/15 19:48:03] 发送(hex): 20
[2026/09/15 19:48:03] 发送(hex): 20
[2026/09/15 19:48:03] 发送(hex): 20
[2026/09/15 19:48:03] 发送(hex): 20
[2026/09/15 19:48:03] 发送(hex): 20
[2026/09/15 19:48:03] 发送(hex): 20
[2026/09/15 19:48:03] 发送(hex): 20
[2026/09/15 19:48:03] 发送(hex): 20
[2026/09/15 19:48:03] 发送(hex): 20
[2026/09/15 19:48:03] 发送(hex): 20
[2026/09/15 19:48:03] 发送(hex): 20
[2026/09/15 19:48:03] 发送(hex): 20
[2026/09/15 19:48:03] 发送(hex): 20
[2026/09/15 19:48:03] 发送(hex): 20
[2026/09/15 19:48:03] 发送(hex): 20
[2026/09/15 19:48:03] 发送(hex): 20
[2026/09/15 19:48:03] 发送(hex): 20
[2026/09/15 19:48:03] 发送(hex): 20
[2026/09/15 19:48:03] 发送(hex): 20
[2026/09/15 19:48:03] 发送(hex): 20
[2026/09/15 19:48:03] 发送(hex): 20
[2026/09/15 19:48:03] 发送(hex): 20
[2026/09/15 19:48:03] 发送(hex): 20
[2026/09/15 19:48:03] 发送(hex): 20
[2026/09/15 19:48:03] 发送(hex): 20
[2026/09/15 19:48:04] 发送(hex): 20
[2026/09/15 19:48:04] 发送(hex): 20
[2026/09/15 19:48:04] 发送(hex): 20
[2026/09/15 19:48:04] 发送(hex): 20
[2026/09/15 19:48:04] 发送(hex): 20
[2026/09/15 19:48:04] 发送(hex): 20
[2026/09/15 19:48:04] 发送(hex): 20
[2026/09/15 19:48:04] 发送(hex): 20
[2026/09/15 19:48:04] 发送(hex): 20
[2026/09/15 19:48:04] 发送(hex): 20
[2026/09/15 19:48:04] 发送(hex): 20
[2026/09/15 19:48:04] 发送(hex): 20
[2026/09/15 19:48:04] 发送(hex): 20
[2026/09/15 19:48:04] 发送(hex): 20
[2026/09/15 19:48:04] 发送(hex): 20
[2026/09/15 19:48:04] 发送(hex): 20
[2026/09/15 19:48:04] 发送(hex): 20
[2026/09/15 19:48:04] 发送(hex): 20
[2026/09/15 19:48:04] 发送(hex): 20
[2026/09/15 19:48:04] 发送(hex): 20
[2026/09/15 19:48:04] 发送(hex): 20
[2026/09/15 19:48:04] 发送(hex): 20
[2026/09/15 19:48:04] 发送(hex): 20
[2026/09/15 19:48:04] 发送(hex): 20
[2026/09/15 19:48:04] 发送(hex): 20
[2026/09/15 19:48:04] 发送(hex): 20
[2026/09/15 19:48:04] 发送(hex): 20
[2026/09/15 19:48:04] 发送(hex): 20
[2026/09/15 19:48:04] 发送(hex): 20
[2026/09/15 19:48:04] 发送(hex): 20
[2026/09/15 19:48:04] 发送(hex): 20
[2026/09/15 19:48:04] 发送(hex): 20
[2026/09/15 19:48:04] 发送(hex): 20
[2026/09/15 19:48:04] 发送(hex): 20
[2026/09/15 19:48:04] 发送(hex): 20
[2026/09/15 19:48:04] 发送(hex): 20
[2026/09/15 19:48:04] 发送(hex): 20
[2026/09/15 19:48:04] 发送(hex): 20
[2026/09/15 19:48:04] 发送(hex): 20
[2026/09/15 19:48:04] 发送(hex): 20
[2026/09/15 19:48:04] 发送(hex): 20
[2026/09/15 19:48:04] 发送(hex): 20
[2026/09/15 19:48:04] 发送(hex): 20
[2026/09/15 19:48:04] 发送(hex): 20
[2026/09/15 19:48:04] 发送(hex): 20
[2026/09/15 19:48:04] 发送(hex): 20
[2026/09/15 19:48:04] 发送(hex): 20
[2026/09/15 19:48:04] 发送(hex): 20
[2026/09/15 19:48:04] 发送(hex): 20
[2026/09/15 19:48:04] 发送(hex): 20
[2026/09/15 19:48:04] 发送(hex): 20
[2026/09/15 19:48:04] 发送(hex): 20
[2026/09/15 19:48:04] 发送(hex): 20
[2026/09/15 19:48:04] 发送(hex): 20
[2026/09/15 19:48:04] 发送(hex): 20
[2026/09/15 19:48:04] 发送(hex): 20
[2026/09/15 19:48:04] 发送(hex): 20
[2026/09/15 19:48:04] 发送(hex): 20
[2026/09/15 19:48:04] 发送(hex): 20
[2026/09/15 19:48:04] 发送(hex): 20
[2026/09/15 19:48:04] 发送(hex): 20
[2026/09/15 19:48:04] 发送(hex): 20
[2026/09/15 19:48:04] 发送(hex): 20
[2026/09/15 19:48:04] 发送(hex): 20
[2026/09/15 19:48:04] 发送(hex): 20
[2026/09/15 19:48:04] 发送(hex): 20
[2026/09/15 19:48:04] 发送(hex): 20
[2026/09/15 19:48:04] 发送(hex): 20
[2026/09/15 19:48:04] 发送(hex): 20
[2026/09/15 19:48:04] 发送(hex): 20
[2026/09/15 19:48:04] 发送(hex): 20
[2026/09/15 19:48:04] 发送(hex): 20
[2026/09/15 19:48:04] 发送(hex): 20
[2026/09/15 19:48:04] 发送(hex): 20
[2026/09/15 19:48:04] 发送(hex): 20
[2026/09/15 19:48:04] 发送(hex): 20
[2026/09/15 19:48:04] 发送(hex): 20
[2026/09/15 19:48:04] 发送(hex): 20
[2026/09/15 19:48:04] 发送(hex): 20
[2026/09/15 19:48:04] 发送(hex): 20
[2026/09/15 19:48:04] 发送(hex): 20
[2026/09/15 19:48:04] 发送(hex): 20
[2026/09/15 19:48:04] 发送(hex): 20
[2026/09/15 19:48:04] 发送(hex): 20
[2026/09/15 19:48:04] 发送(hex): 20
[2026/09/15 19:48:04] 发送(hex): 20
[2026/09/15 19:48:04] 发送(hex): 20
[2026/09/15 19:48:04] 发送(hex): 20
[2026/09/15 19:48:04] 发送(hex): 20
[2026/09/15 19:48:04] 发送(hex): 20
[2026/09/15 19:48:04] 发送(hex): 20
[2026/09/15 19:48:04] 发送(hex): 20
[2026/09/15 19:48:04] 发送(hex): 20
[2026/09/15 19:48:04] 发送(hex): 20
[2026/09/15 19:48:05] 发送(hex): 20
[2026/09/15 19:48:05] 发送(hex): 20
[2026/09/15 19:48:05] 发送(hex): 20
[2026/09/15 19:48:05] 发送(hex): 20
[2026/09/15 19:48:05] 发送(hex): 20
[2026/09/15 19:48:05] 发送(hex): 20
[2026/09/15 19:48:05] 发送(hex): 20
[2026/09/15 19:48:05] 发送(hex): 20
[2026/09/15 19:48:05] 发送(hex): 20
[2026/09/15 19:48:05] 发送(hex): 20
[2026/09/15 19:48:05] 发送(hex): 20
[2026/09/15 19:48:05] 发送(hex): 20
[2026/09/15 19:48:05] 发送(hex): 20
[2026/09/15 19:48:05] 发送(hex): 20
[2026/09/15 19:48:05] 发送(hex): 20
[2026/09/15 19:48:05] 发送(hex): 20
[2026/09/15 19:48:05] 发送(hex): 20
[2026/09/15 19:48:05] 发送(hex): 20
[2026/09/15 19:48:05] 发送(hex): 20
[2026/09/15 19:48:05] 发送(hex): 20
[2026/09/15 19:48:05] 发送(hex): 20
[2026/09/15 19:48:05] 发送(hex): 20
[2026/09/15 19:48:05] 发送(hex): 20
[2026/09/15 19:48:05] 发送(hex): 20
[2026/09/15 19:48:05] 发送(hex): 20
[2026/09/15 19:48:05] 发送(hex): 20
[2026/09/15 19:48:05] 发送(hex): 20
[2026/09/15 19:48:05] 发送(hex): 20
[2026/09/15 19:48:05] 发送(hex): 20
[2026/09/15 19:48:05] 发送(hex): 20
[2026/09/15 19:48:05] 发送(hex): 20
[2026/09/15 19:48:05] 发送(hex): 20
[2026/09/15 19:48:05] 发送(hex): 20
[2026/09/15 19:48:05] 发送(hex): 20
[2026/09/15 19:48:05] 发送(hex): 20
[2026/09/15 19:48:05] 发送(hex): 20
[2026/09/15 19:48:05] 发送(hex): 20
[2026/09/15 19:48:05] 发送(hex): 20
[2026/09/15 19:48:05] 发送(hex): 20
[2026/09/15 19:48:05] 发送(hex): 20
[2026/09/15 19:48:05] 发送(hex): 20
[2026/09/15 19:48:05] 发送(hex): 20
[2026/09/15 19:48:05] 发送(hex): 20
[2026/09/15 19:48:05] 发送(hex): 20
[2026/09/15 19:48:05] 发送(hex): 20
[2026/09/15 19:48:05] 发送(hex): 20
[2026/09/15 19:48:05] 发送(hex): 20
[2026/09/15 19:48:05] 发送(hex): 20
[2026/09/15 19:48:05] 发送(hex): 20
[2026/09/15 19:48:05] 发送(hex): 20
[2026/09/15 19:48:05] 发送(hex): 20
[2026/09/15 19:48:05] 发送(hex): 20
[2026/09/15 19:48:05] 发送(hex): 20
[2026/09/15 19:48:05] 发送(hex): 20
[2026/09/15 19:48:05] 发送(hex): 20
[2026/09/15 19:48:05] 发送(hex): 20
[2026/09/15 19:48:05] 发送(hex): 20
[2026/09/15 19:48:05] 发送(hex): 20
[2026/09/15 19:48:05] 发送(hex): 20
[2026/09/15 19:48:05] 发送(hex): 20
[2026/09/15 19:48:05] 发送(hex): 20
[2026/09/15 19:48:05] 发送(hex): 20
[2026/09/15 19:48:05] 发送(hex): 20
[2026/09/15 19:48:05] 发送(hex): 20
[2026/09/15 19:48:05] 发送(hex): 20
[2026/09/15 19:48:05] 发送(hex): 20
[2026/09/15 19:48:05] 发送(hex): 20
[2026/09/15 19:48:05] 发送(hex): 20
[2026/09/15 19:48:05] 发送(hex): 20
[2026/09/15 19:48:05] 发送(hex): 20
[2026/09/15 19:48:05] 发送(hex): 20
[2026/09/15 19:48:05] 发送(hex): 20
[2026/09/15 19:48:05] 发送(hex): 20
[2026/09/15 19:48:05] 发送(hex): 20
[2026/09/15 19:48:05] 发送(hex): 20
[2026/09/15 19:48:05] 发送(hex): 20
[2026/09/15 19:48:05] 发送(hex): 20
[2026/09/15 19:48:05] 发送(hex): 20
[2026/09/15 19:48:05] 发送(hex): 20
[2026/09/15 19:48:05] 发送(hex): 20
[2026/09/15 19:48:05] 发送(hex): 20
[2026/09/15 19:48:05] 发送(hex): 20
[2026/09/15 19:48:05] 发送(hex): 20
[2026/09/15 19:48:05] 发送(hex): 20
[2026/09/15 19:48:05] 发送(hex): 20
[2026/09/15 19:48:05] 发送(hex): 20
[2026/09/15 19:48:05] 发送(hex): 20
[2026/09/15 19:48:05] 发送(hex): 20
[2026/09/15 19:48:05] 发送(hex): 20
[2026/09/15 19:48:05] 发送(hex): 20
[2026/09/15 19:48:05] 发送(hex): 20
[2026/09/15 19:48:05] 发送(hex): 20
[2026/09/15 19:48:05] 发送(hex): 20
[2026/09/15 19:48:06] 发送(hex): 20
[2026/09/15 19:48:06] 发送(hex): 20
[2026/09/15 19:48:06] 发送(hex): 20
[2026/09/15 19:48:06] 发送(hex): 20
[2026/09/15 19:48:06] 发送(hex): 20
[2026/09/15 19:48:06] 发送(hex): 20
[2026/09/15 19:48:06] 发送(hex): 20
[2026/09/15 19:48:06] 发送(hex): 20
[2026/09/15 19:48:06] 发送(hex): 20
[2026/09/15 19:48:06] 发送(hex): 20
[2026/09/15 19:48:06] 发送(hex): 20
[2026/09/15 19:48:06] 发送(hex): 20
[2026/09/15 19:48:06] 发送(hex): 20
[2026/09/15 19:48:06] 发送(hex): 20
[2026/09/15 19:48:06] 发送(hex): 20
[2026/09/15 19:48:06] 发送(hex): 20
[2026/09/15 19:48:06] 发送(hex): 20
[2026/09/15 19:48:06] 发送(hex): 20
[2026/09/15 19:48:06] 发送(hex): 20
[2026/09/15 19:48:06] 发送(hex): 20
[2026/09/15 19:48:06] 发送(hex): 20
[2026/09/15 19:48:06] 发送(hex): 20
[2026/09/15 19:48:06] 发送(hex): 20
[2026/09/15 19:48:06] 发送(hex): 20
[2026/09/15 19:48:06] 发送(hex): 20
[2026/09/15 19:48:06] 发送(hex): 20
[2026/09/15 19:48:06] 发送(hex): 20
[2026/09/15 19:48:06] 发送(hex): 20
[2026/09/15 19:48:06] 发送(hex): 20
[2026/09/15 19:48:06] 发送(hex): 20
[2026/09/15 19:48:06] 发送(hex): 20
[2026/09/15 19:48:06] 发送(hex): 20
[2026/09/15 19:48:06] 发送(hex): 20
[2026/09/15 19:48:06] 发送(hex): 20
[2026/09/15 19:48:06] 发送(hex): 20
[2026/09/15 19:48:06] 发送(hex): 20
[2026/09/15 19:48:06] 发送(hex): 20
[2026/09/15 19:48:06] 发送(hex): 20
[2026/09/15 19:48:06] 发送(hex): 20
[2026/09/15 19:48:06] 发送(hex): 20
[2026/09/15 19:48:06] 发送(hex): 20
[2026/09/15 19:48:06] 发送(hex): 20
[2026/09/15 19:48:06] 发送(hex): 20
[2026/09/15 19:48:06] 发送(hex): 20
[2026/09/15 19:48:06] 发送(hex): 20
[2026/09/15 19:48:06] 发送(hex): 20
[2026/09/15 19:48:06] 发送(hex): 20
[2026/09/15 19:48:06] 发送(hex): 20
[2026/09/15 19:48:06] 发送(hex): 20
[2026/09/15 19:48:06] 发送(hex): 20
[2026/09/15 19:48:06] 发送(hex): 20
[2026/09/15 19:48:06] 发送(hex): 20
[2026/09/15 19:48:06] 发送(hex): 20
[2026/09/15 19:48:06] 发送(hex): 20
[2026/09/15 19:48:06] 发送(hex): 20
[2026/09/15 19:48:06] 发送(hex): 20
[2026/09/15 19:48:06] 发送(hex): 20
[2026/09/15 19:48:06] 发送(hex): 20
[2026/09/15 19:48:06] 发送(hex): 20
[2026/09/15 19:48:06] 发送(hex): 20
[2026/09/15 19:48:06] 发送(hex): 20
[2026/09/15 19:48:06] 发送(hex): 20
[2026/09/15 19:48:06] 发送(hex): 20
[2026/09/15 19:48:06] 发送(hex): 20
[2026/09/15 19:48:06] 发送(hex): 20
[2026/09/15 19:48:06] 发送(hex): 20
[2026/09/15 19:48:06] 发送(hex): 20
[2026/09/15 19:48:06] 发送(hex): 20
[2026/09/15 19:48:06] 发送(hex): 20
[2026/09/15 19:48:06] 发送(hex): 20
[2026/09/15 19:48:06] 发送(hex): 20
[2026/09/15 19:48:06] 发送(hex): 20
[2026/09/15 19:48:06] 发送(hex): 20
[2026/09/15 19:48:06] 发送(hex): 20
[2026/09/15 19:48:06] 发送(hex): 20
[2026/09/15 19:48:06] 发送(hex): 20
[2026/09/15 19:48:06] 发送(hex): 20
[2026/09/15 19:48:06] 发送(hex): 20
[2026/09/15 19:48:06] 发送(hex): 20
[2026/09/15 19:48:06] 发送(hex): 20
[2026/09/15 19:48:06] 发送(hex): 20
[2026/09/15 19:48:06] 发送(hex): 20
[2026/09/15 19:48:06] 发送(hex): 20
[2026/09/15 19:48:06] 发送(hex): 20
[2026/09/15 19:48:06] 发送(hex): 20
[2026/09/15 19:48:06] 发送(hex): 20
[2026/09/15 19:48:06] 发送(hex): 20
[2026/09/15 19:48:06] 发送(hex): 20
[2026/09/15 19:48:06] 发送(hex): 20
[2026/09/15 19:48:06] 发送(hex): 20
[2026/09/15 19:48:06] 发送(hex): 20
[2026/09/15 19:48:06] 发送(hex): 20
[2026/09/15 19:48:06] 发送(hex): 20
[2026/09/15 19:48:07] 发送(hex): 20
[2026/09/15 19:48:07] 发送(hex): 20
[2026/09/15 19:48:07] 发送(hex): 20
[2026/09/15 19:48:07] 发送(hex): 20
[2026/09/15 19:48:07] 发送(hex): 20
[2026/09/15 19:48:07] 发送(hex): 20
[2026/09/15 19:48:07] 发送(hex): 20
[2026/09/15 19:48:07] 发送(hex): 20
[2026/09/15 19:48:07] 发送(hex): 20
[2026/09/15 19:48:07] 发送(hex): 20
[2026/09/15 19:48:07] 发送(hex): 20
[2026/09/15 19:48:07] 发送(hex): 20
[2026/09/15 19:48:07] 发送(hex): 20
[2026/09/15 19:48:07] 发送(hex): 20
[2026/09/15 19:48:07] 发送(hex): 20
[2026/09/15 19:48:07] 发送(hex): 20
[2026/09/15 19:48:07] 发送(hex): 20
[2026/09/15 19:48:07] 发送(hex): 20
[2026/09/15 19:48:07] 发送(hex): 20
[2026/09/15 19:48:07] 发送(hex): 20
[2026/09/15 19:48:07] 发送(hex): 20
[2026/09/15 19:48:07] 发送(hex): 20
[2026/09/15 19:48:07] 发送(hex): 20
[2026/09/15 19:48:07] 发送(hex): 20
[2026/09/15 19:48:07] 发送(hex): 20
[2026/09/15 19:48:07] 发送(hex): 20
[2026/09/15 19:48:07] 发送(hex): 20
[2026/09/15 19:48:07] 发送(hex): 20
[2026/09/15 19:48:07] 发送(hex): 20
[2026/09/15 19:48:07] 发送(hex): 20
[2026/09/15 19:48:07] 发送(hex): 20
[2026/09/15 19:48:07] 发送(hex): 20
[2026/09/15 19:48:07] 发送(hex): 20
[2026/09/15 19:48:07] 发送(hex): 20
[2026/09/15 19:48:07] 发送(hex): 20
[2026/09/15 19:48:07] 发送(hex): 20
[2026/09/15 19:48:07] 发送(hex): 20
[2026/09/15 19:48:07] 发送(hex): 20
[2026/09/15 19:48:07] 发送(hex): 20
[2026/09/15 19:48:07] 发送(hex): 20
[2026/09/15 19:48:07] 发送(hex): 20
[2026/09/15 19:48:07] 发送(hex): 20
[2026/09/15 19:48:07] 发送(hex): 20
[2026/09/15 19:48:07] 发送(hex): 20
[2026/09/15 19:48:07] 发送(hex): 20
[2026/09/15 19:48:07] 发送(hex): 20
[2026/09/15 19:48:07] 发送(hex): 20
[2026/09/15 19:48:07] 发送(hex): 20
[2026/09/15 19:48:07] 发送(hex): 20
[2026/09/15 19:48:07] 发送(hex): 20
[2026/09/15 19:48:07] 发送(hex): 20
[2026/09/15 19:48:07] 发送(hex): 20
[2026/09/15 19:48:07] 发送(hex): 20
[2026/09/15 19:48:07] 发送(hex): 20
[2026/09/15 19:48:07] 发送(hex): 20
[2026/09/15 19:48:07] 发送(hex): 20
[2026/09/15 19:48:07] 发送(hex): 20
[2026/09/15 19:48:07] 发送(hex): 20
[2026/09/15 19:48:07] 发送(hex): 20
[2026/09/15 19:48:07] 发送(hex): 20
[2026/09/15 19:48:07] 发送(hex): 20
[2026/09/15 19:48:07] 发送(hex): 20
[2026/09/15 19:48:07] 发送(hex): 20
[2026/09/15 19:48:07] 发送(hex): 20
[2026/09/15 19:48:07] 发送(hex): 20
[2026/09/15 19:48:07] 发送(hex): 20
[2026/09/15 19:48:07] 发送(hex): 20
[2026/09/15 19:48:07] 发送(hex): 20
[2026/09/15 19:48:07] 发送(hex): 20
[2026/09/15 19:48:07] 发送(hex): 20
[2026/09/15 19:48:07] 发送(hex): 20
[2026/09/15 19:48:07] 发送(hex): 20
[2026/09/15 19:48:07] 发送(hex): 20
[2026/09/15 19:48:07] 发送(hex): 20
[2026/09/15 19:48:07] 发送(hex): 20
[2026/09/15 19:48:07] 发送(hex): 20
[2026/09/15 19:48:07] 发送(hex): 20
[2026/09/15 19:48:07] 发送(hex): 20
[2026/09/15 19:48:07] 发送(hex): 20
[2026/09/15 19:48:07] 发送(hex): 20
[2026/09/15 19:48:07] 发送(hex): 20
[2026/09/15 19:48:07] 发送(hex): 20
[2026/09/15 19:48:07] 发送(hex): 20
[2026/09/15 19:48:07] 发送(hex): 20
[2026/09/15 19:48:07] 发送(hex): 20
[2026/09/15 19:48:07] 发送(hex): 20
[2026/09/15 19:48:07] 发送(hex): 20
[2026/09/15 19:48:07] 发送(hex): 20
[2026/09/15 19:48:07] 发送(hex): 20
[2026/09/15 19:48:07] 发送(hex): 20
[2026/09/15 19:48:07] 发送(hex): 20
[2026/09/15 19:48:07] 发送(hex): 20
[2026/09/15 19:48:07] 发送(hex): 20
[2026/09/15 19:48:08] 发送(hex): 20
[2026/09/15 19:48:08] 发送(hex): 20
[2026/09/15 19:48:08] 发送(hex): 20
[2026/09/15 19:48:08] 发送(hex): 20
[2026/09/15 19:48:08] 发送(hex): 20
[2026/09/15 19:48:08] 发送(hex): 20
[2026/09/15 19:48:08] 发送(hex): 20
[2026/09/15 19:48:08] 发送(hex): 20
[2026/09/15 19:48:08] 发送(hex): 20
[2026/09/15 19:48:08] 发送(hex): 20
[2026/09/15 19:48:08] 发送(hex): 20
[2026/09/15 19:48:08] 发送(hex): 20
[2026/09/15 19:48:08] 发送(hex): 20
[2026/09/15 19:48:08] 发送(hex): 20
[2026/09/15 19:48:08] 发送(hex): 20
[2026/09/15 19:48:08] 发送(hex): 20
[2026/09/15 19:48:08] 发送(hex): 20
[2026/09/15 19:48:08] 发送(hex): 20
[2026/09/15 19:48:08] 发送(hex): 20
[2026/09/15 19:48:08] 发送(hex): 20
[2026/09/15 19:48:08] 发送(hex): 20
[2026/09/15 19:48:08] 发送(hex): 20
[2026/09/15 19:48:08] 发送(hex): 20
[2026/09/15 19:48:08] 发送(hex): 20
[2026/09/15 19:48:08] 发送(hex): 20
[2026/09/15 19:48:08] 发送(hex): 20
[2026/09/15 19:48:08] 发送(hex): 20
[2026/09/15 19:48:08] 发送(hex): 20
[2026/09/15 19:48:08] 发送(hex): 20
[2026/09/15 19:48:08] 发送(hex): 20
[2026/09/15 19:48:08] 发送(hex): 20
[2026/09/15 19:48:08] 发送(hex): 20
[2026/09/15 19:48:08] 发送(hex): 20
[2026/09/15 19:48:08] 发送(hex): 20
[2026/09/15 19:48:08] 发送(hex): 20
[2026/09/15 19:48:08] 发送(hex): 20
[2026/09/15 19:48:08] 发送(hex): 20
[2026/09/15 19:48:08] 发送(hex): 20
[2026/09/15 19:48:08] 发送(hex): 20
[2026/09/15 19:48:08] 发送(hex): 20
[2026/09/15 19:48:08] 发送(hex): 20
[2026/09/15 19:48:08] 发送(hex): 20
[2026/09/15 19:48:08] 发送(hex): 20
[2026/09/15 19:48:08] 发送(hex): 20
[2026/09/15 19:48:08] 发送(hex): 20
[2026/09/15 19:48:08] 发送(hex): 20
[2026/09/15 19:48:08] 发送(hex): 20
[2026/09/15 19:48:08] 发送(hex): 20
[2026/09/15 19:48:08] 发送(hex): 20
[2026/09/15 19:48:08] 发送(hex): 20
[2026/09/15 19:48:08] 发送(hex): 20
[2026/09/15 19:48:08] 发送(hex): 20
[2026/09/15 19:48:08] 发送(hex): 20
[2026/09/15 19:48:08] 发送(hex): 20
[2026/09/15 19:48:08] 发送(hex): 20
[2026/09/15 19:48:08] 发送(hex): 20
[2026/09/15 19:48:08] 发送(hex): 20
[2026/09/15 19:48:08] 发送(hex): 20
[2026/09/15 19:48:08] 发送(hex): 20
[2026/09/15 19:48:08] 发送(hex): 20
[2026/09/15 19:48:08] 发送(hex): 20
[2026/09/15 19:48:08] 发送(hex): 20
[2026/09/15 19:48:08] 发送(hex): 20
[2026/09/15 19:48:08] 发送(hex): 20
[2026/09/15 19:48:08] 发送(hex): 20
[2026/09/15 19:48:08] 发送(hex): 20
[2026/09/15 19:48:08] 发送(hex): 20
[2026/09/15 19:48:08] 发送(hex): 20
[2026/09/15 19:48:08] 发送(hex): 20
[2026/09/15 19:48:08] 发送(hex): 20
[2026/09/15 19:48:08] 发送(hex): 20
[2026/09/15 19:48:08] 发送(hex): 20
[2026/09/15 19:48:08] 发送(hex): 20
[2026/09/15 19:48:08] 发送(hex): 20
[2026/09/15 19:48:08] 发送(hex): 20
[2026/09/15 19:48:08] 发送(hex): 20
[2026/09/15 19:48:08] 发送(hex): 20
[2026/09/15 19:48:08] 发送(hex): 20
[2026/09/15 19:48:08] 发送(hex): 20
[2026/09/15 19:48:08] 发送(hex): 20
[2026/09/15 19:48:08] 发送(hex): 20
[2026/09/15 19:48:08] 发送(hex): 20
[2026/09/15 19:48:08] 发送(hex): 20
[2026/09/15 19:48:08] 发送(hex): 20
[2026/09/15 19:48:08] 发送(hex): 20
[2026/09/15 19:48:08] 发送(hex): 20
[2026/09/15 19:48:08] 发送(hex): 20
[2026/09/15 19:48:08] 发送(hex): 20
[2026/09/15 19:48:08] 发送(hex): 20
[2026/09/15 19:48:08] 发送(hex): 20
[2026/09/15 19:48:08] 发送(hex): 20
[2026/09/15 19:48:08] 发送(hex): 20
[2026/09/15 19:48:08] 发送(hex): 20
[2026/09/15 19:48:08] 发送(hex): 20
[2026/09/15 19:48:09] 发送(hex): 20
[2026/09/15 19:48:09] 发送(hex): 20
[2026/09/15 19:48:09] 发送(hex): 20
[2026/09/15 19:48:09] 发送(hex): 20
[2026/09/15 19:48:09] 发送(hex): 20
[2026/09/15 19:48:09] 发送(hex): 20
[2026/09/15 19:48:09] 发送(hex): 20
[2026/09/15 19:48:09] 发送(hex): 20
[2026/09/15 19:48:09] 发送(hex): 20
[2026/09/15 19:48:09] 发送(hex): 20
[2026/09/15 19:48:09] 发送(hex): 20
[2026/09/15 19:48:09] 发送(hex): 20
[2026/09/15 19:48:09] 发送(hex): 20
[2026/09/15 19:48:09] 发送(hex): 20
[2026/09/15 19:48:09] 发送(hex): 20
[2026/09/15 19:48:09] 发送(hex): 20
[2026/09/15 19:48:09] 发送(hex): 20
[2026/09/15 19:48:09] 发送(hex): 20
[2026/09/15 19:48:09] 发送(hex): 20
[2026/09/15 19:48:09] 发送(hex): 20
[2026/09/15 19:48:09] 发送(hex): 20
[2026/09/15 19:48:09] 发送(hex): 20
[2026/09/15 19:48:09] 发送(hex): 20
[2026/09/15 19:48:09] 发送(hex): 20
[2026/09/15 19:48:09] 发送(hex): 20
[2026/09/15 19:48:09] 发送(hex): 20
[2026/09/15 19:48:09] 发送(hex): 20
[2026/09/15 19:48:09] 发送(hex): 20
[2026/09/15 19:48:09] 发送(hex): 20
[2026/09/15 19:48:09] 发送(hex): 20
[2026/09/15 19:48:09] 发送(hex): 20
[2026/09/15 19:48:09] 发送(hex): 20
[2026/09/15 19:48:09] 发送(hex): 20
[2026/09/15 19:48:09] 发送(hex): 20
[2026/09/15 19:48:09] 发送(hex): 20
[2026/09/15 19:48:09] 发送(hex): 20
[2026/09/15 19:48:09] 发送(hex): 20
[2026/09/15 19:48:09] 发送(hex): 20
[2026/09/15 19:48:09] 发送(hex): 20
[2026/09/15 19:48:09] 发送(hex): 20
[2026/09/15 19:48:09] 发送(hex): 20
[2026/09/15 19:48:09] 发送(hex): 20
[2026/09/15 19:48:09] 发送(hex): 20
[2026/09/15 19:48:09] 发送(hex): 20
[2026/09/15 19:48:09] 发送(hex): 20
[2026/09/15 19:48:09] 发送(hex): 20
[2026/09/15 19:48:09] 发送(hex): 20
[2026/09/15 19:48:09] 发送(hex): 20
[2026/09/15 19:48:09] 发送(hex): 20
[2026/09/15 19:48:09] 发送(hex): 20
[2026/09/15 19:48:09] 发送(hex): 20
[2026/09/15 19:48:09] 发送(hex): 20
[2026/09/15 19:48:09] 发送(hex): 20
[2026/09/15 19:48:09] 发送(hex): 20
[2026/09/15 19:48:09] 发送(hex): 20
[2026/09/15 19:48:09] 发送(hex): 20
[2026/09/15 19:48:09] 发送(hex): 20
[2026/09/15 19:48:09] 发送(hex): 20
[2026/09/15 19:48:09] 发送(hex): 20
[2026/09/15 19:48:09] 发送(hex): 20
[2026/09/15 19:48:09] 发送(hex): 20
[2026/09/15 19:48:09] 发送(hex): 20
[2026/09/15 19:48:09] 发送(hex): 20
[2026/09/15 19:48:09] 发送(hex): 20
[2026/09/15 19:48:09] 发送(hex): 20
[2026/09/15 19:48:09] 发送(hex): 20
[2026/09/15 19:48:09] 发送(hex): 20
[2026/09/15 19:48:09] 发送(hex): 20
[2026/09/15 19:48:09] 发送(hex): 20
[2026/09/15 19:48:09] 发送(hex): 20
[2026/09/15 19:48:09] 发送(hex): 20
[2026/09/15 19:48:09] 发送(hex): 20
[2026/09/15 19:48:09] 发送(hex): 20
[2026/09/15 19:48:09] 发送(hex): 20
[2026/09/15 19:48:09] 发送(hex): 20
[2026/09/15 19:48:09] 发送(hex): 20
[2026/09/15 19:48:09] 发送(hex): 20
[2026/09/15 19:48:09] 发送(hex): 20
[2026/09/15 19:48:09] 发送(hex): 20
[2026/09/15 19:48:09] 发送(hex): 20
[2026/09/15 19:48:09] 发送(hex): 20
[2026/09/15 19:48:09] 发送(hex): 20
[2026/09/15 19:48:09] 发送(hex): 20
[2026/09/15 19:48:09] 发送(hex): 20
[2026/09/15 19:48:09] 发送(hex): 20
[2026/09/15 19:48:09] 发送(hex): 20
[2026/09/15 19:48:09] 发送(hex): 20
[2026/09/15 19:48:09] 发送(hex): 20
[2026/09/15 19:48:09] 发送(hex): 20
[2026/09/15 19:48:09] 发送(hex): 20
[2026/09/15 19:48:09] 发送(hex): 20
[2026/09/15 19:48:09] 发送(hex): 20
[2026/09/15 19:48:09] 发送(hex): 20
[2026/09/15 19:48:10] 发送(hex): 20
[2026/09/15 19:48:10] 发送(hex): 20
[2026/09/15 19:48:10] 发送(hex): 20
[2026/09/15 19:48:10] 发送(hex): 20
[2026/09/15 19:48:10] 发送(hex): 20
[2026/09/15 19:48:10] 发送(hex): 20
[2026/09/15 19:48:10] 发送(hex): 20
[2026/09/15 19:48:10] 发送(hex): 20
[2026/09/15 19:48:10] 发送(hex): 20
[2026/09/15 19:48:10] 发送(hex): 20
[2026/09/15 19:48:10] 发送(hex): 20
[2026/09/15 19:48:10] 发送(hex): 20
[2026/09/15 19:48:10] 发送(hex): 20
[2026/09/15 19:48:10] 发送(hex): 20
[2026/09/15 19:48:10] 发送(hex): 20
[2026/09/15 19:48:10] 发送(hex): 20
[2026/09/15 19:48:10] 发送(hex): 20
[2026/09/15 19:48:10] 发送(hex): 20
[2026/09/15 19:48:10] 发送(hex): 20
[2026/09/15 19:48:10] 发送(hex): 20
[2026/09/15 19:48:10] 发送(hex): 20
[2026/09/15 19:48:10] 发送(hex): 20
[2026/09/15 19:48:10] 发送(hex): 20
[2026/09/15 19:48:10] 发送(hex): 20
[2026/09/15 19:48:10] 发送(hex): 20
[2026/09/15 19:48:10] 发送(hex): 20
[2026/09/15 19:48:10] 发送(hex): 20
[2026/09/15 19:48:10] 发送(hex): 20
[2026/09/15 19:48:10] 发送(hex): 20
[2026/09/15 19:48:10] 发送(hex): 20
[2026/09/15 19:48:10] 发送(hex): 20
[2026/09/15 19:48:10] 发送(hex): 20
[2026/09/15 19:48:10] 发送(hex): 20
[2026/09/15 19:48:10] 发送(hex): 20
[2026/09/15 19:48:10] 发送(hex): 20
[2026/09/15 19:48:10] 发送(hex): 20
[2026/09/15 19:48:10] 发送(hex): 20
[2026/09/15 19:48:10] 发送(hex): 20
[2026/09/15 19:48:16] 发送(hex): 0d
[2026/09/15 19:48:16] 发送(hex): 0d
[2026/09/15 19:48:16] Realtek>
[2026/09/15 19:48:16] 发送(hex): 0d
[2026/09/15 19:48:16] 发送(hex): 0d
[2026/09/15 19:48:16] Realtek>
[2026/09/15 19:48:16] Realtek>
[2026/09/15 19:48:16] 发送(hex): 0d
[2026/09/15 19:48:16] Realtek>
[2026/09/15 19:48:16] Realtek>
[2026/09/15 19:48:21] 发送(hex): 706d6f646520656e61626c653b72650d
[2026/09/15 19:48:21] pmode enab
[2026/09/15 19:48:21] le;re
[2026/09/15 19:48:21] uboot command for pmode enable!
[2026/09/15 19:48:21] resetting ...
[2026/09/15 19:48:21] $
[2026/09/15 19:48:21] Post romcode git ver:42df880604ac78a3 (Aug 28 2026 21:41:35)
[2026/09/15 19:48:21] $
[2026/09/15 19:48:21] Hello world, RTD2875P_CN2_TV030!
[2026/09/15 19:48:21] set_wifi_reset
[2026/09/15 19:48:21] Auxcode git ver:3a4deb9ea300359e (Aug 28 2026 21:41:29)
[2026/09/15 19:48:21] flash_type = 2, secure_type = 2
[2026/09/15 19:48:21] b8062204=20000
[2026/09/15 19:48:21] slot info 0 0x0 info 1 0x9021afbe
[2026/09/15 19:48:21] g_gpt_blk_start 0x1  g_offline_gpt 0x0 last_usable_lba 0x1cd2032 num_partition_entries 0x32
[2026/09/15 19:48:21] start 0x2e600000 clt_blk 0x1973004 ctrl size 0x20
[2026/09/15 19:48:21] choose active index 0
[2026/09/15 19:48:21] part name bootloader ative_slot _a real part name bootloader_a
[2026/09/15 19:48:21] part name hwsetting start 0x100000 size 0x33600
[2026/09/15 19:48:21] part name ext_fw start 0x133600 size 0x10400
[2026/09/15 19:48:21] part name kboot start 0x143a00 size 0x16e00
[2026/09/15 19:48:21] part name uboot start 0x15a800 size 0x120400
[2026/09/15 19:48:21] ls4 2 1 = 800040aa 8000207f 80001000
[2026/09/15 19:48:21] fNewHWsettingArch = 2
[2026/09/15 19:48:21] 1.lsadcidx = 2, brand =3, offset = 0
[2026/09/15 19:48:21] 1.lsadcidx = 2, brand =3, offset = 17800
[2026/09/15 19:48:21] hwsetting from mmc
[2026/09/15 19:48:21] AC on HW offset 0x809 start 0x800 reg 0x8090800
[2026/09/15 19:48:21] total = 2f00
[2026/09/15 19:48:21] A
[2026/09/15 19:48:21] A
[2026/09/15 19:48:21] A
[2026/09/15 19:48:21] A
[2026/09/15 19:48:21] A
[2026/09/15 19:48:21] {12 14}
[2026/09/15 19:48:21] ffee
[2026/09/15 19:48:21] ddffeeddddr ver: 62c63180
[2026/09/15 19:48:21] ori DQS0~7 {03 04 1a 1c 00 01 00 00}
[2026/09/15 19:48:21] {01 03 19 1b 00 01 00 00} {0a 09 07 09 06 06 00 00}
[2026/09/15 19:48:21] r.y.0
[2026/09/15 19:48:21] r.y.0 SCPU BISR status: Done
[2026/09/15 19:48:21] [go kb]
[2026/09/15 19:48:21] pa
[2026/09/15 19:48:21] ss bootcode info to kboot
[2026/09/15 19:48:21] num=1056
[2026/09/15 19:48:21] boot_magic=20230423
[2026/09/15 19:48:21] ---DEBUG kboot 21:41:14 Aug 28 2026 ---
[2026/09/15 19:48:21] [Kboot]eMMC(mid-15) MMC_HS50 (50000000Mhz)[8bit].
[2026/09/15 19:48:21] block info 0x1cd2032 0x3a3e000.
[2026/09/15 19:48:21] [MMC] 32 -----------> 16GB.
[2026/09/15 19:48:21] (2379beef) (0) bufsize=(null)
[2026/09/15 19:48:21] uboot start 0x15a800 size 0x120400
[2026/09/15 19:48:21] board_vers
[2026/09/15 19:48:21] ion: ls1 = 0, ver: 0
[2026/09/15 19:48:21] [0;31mapp_main 325 board_version=0[0m
[2026/09/15 19:48:21] get FW_TZFW flash start 0xf100200 ddr buf start 0x180000 image size 010c2e3 ok!
[2026/09/15 19:48:21] [INFO]RPMB auth key not written !
[2026/09/15 19:48:21] [INFO]RPMB auth key not written !
[2026/09/15 19:48:21] Current board is not frist boot.
[2026/09/15 19:48:21] ALL zero, reserved_3 has removed.
[2026/09/15 19:48:21] Current board remove reserved_3 done.
[2026/09/15 19:48:22] get FW_VKERNEL flash start 0x
[2026/09/15 19:48:22] c100200 ddr buf start 0x1a900000 image size 05f0300 ok!
[2026/09/15 19:48:22] get FW_VKERNEL2 flash start 0xd900200 ddr buf start 0x1af00000 image size 0f4920 ok!
[2026/09/15 19:48:22] get FW_AKERNEL flash start 0xa900200 ddr buf start 0x1b200000 image size 07fbf7c ok!
[2026/09/15 19:48:22] ATFATFATF:0 1 NOTICE: kill CPU(2)...
[2026/09/15 19:48:22] ATF:0 1 NOTICE: kill (2) : PACTIVE:0
[2026/09/15 19:48:22] ATF:0 1 NOTICE:  CPU(2) kill done, pstate(0x0)
[2026/09/15 19:48:22] U
[2026/09/15 19:48:22] fixup_node_name 555. set /reserved-memory@5 to /reserved-memory
[2026/09/15 19:48:22] fixup_node_name 555. set /rtk_cma@5 to /rtk_cma
[2026/09/15 19:48:22] ### [1;31mERROR[0m ### get_movablecore 613. Can't find dtb node /reserved-memory/cma2_memory/reg
[2026/09/15 19:48:22] reinit_mem_info 1049  ddr_size 80000000
[2026/09/15 19:48:22] booting, boot_led_type: 0x00000000, led on[1]
[2026/09/15 19:48:22] set share register: 0x99100000
[2026/09/15 19:48:22] boot_power_on_mode=1
[2026/09/15 19:48:22] [get_layout:1264]!
[2026/09/15 19:48:22] boot_part value = 0 boot_tag value = 21
[2026/09/15 19:48:22] [get_oemkey] 1397: get oem.key = ATV00107525
[2026/09/15 19:48:22] Factory_RO: [EXT4] factory_ro_buffer:0a800000, factory_ro_buffer size:0x1000000!
[2026/09/15 19:48:22] Partiton factory_ro_a located at 0:6
[2026/09/15 19:48:22] factory_ro_a partition can not find /.000@bk@***!
[2026/09/15 19:48:22] Factory RO no need recovery!
[2026/09/15 19:48:22] Get tvconfigs_a partition block device index fail!
[2026/09/15 19:48:22] read customer.ini file fail!
[2026/09/15 19:48:22] parse SYS_INI path fail
[2026/09/15 19:48:22] Not support board ini mechansim!
[2026/09/15 19:48:22] Get tvconfigs_a partition block device index fail!
[2026/09/15 19:48:22] read customer.ini file fail!
[2026/09/15 19:48:22] parse SYS_INI path fail
[2026/09/15 19:48:22] load model ini file fail
[2026/09/15 19:48:22] cannot find PcbPath from ini file
[2026/09/15 19:48:22] no pcb.config in tvconfigs
[2026/09/15 19:48:22] no mnt/vendor/factorypcb.config
[2026/09/15 19:48:24] delay:342
[2026/09/15 19:48:25] Vwait V1go
[2026/09/15 19:48:25] Vwait V2go
[2026/09/15 19:48:25] DEMOD BISR check Pass and disable demod CLK!!
[2026/09/15 19:48:25] [0;31mboard_version=0 sz=18M[0m
[2026/09/15 19:48:25] ATF:0 1 NOTICE: atf enter time:1182ms, current time:3992ms
[2026/09/15 19:48:25] ATF:0 1 NOTICE: 1st boot elapsed 3998ms
[2026/09/15 19:48:28] console:/ $
[2026/09/15 19:48:35] factory auto test loop start
[2026/09/15 19:48:35]  
[2026/09/15 19:48:58] 发送(hex): aa061001a7ef
[2026/09/15 19:48:58] «
[2026/09/15 19:48:58] ßN
[2026/09/15 19:49:00] 发送(hex): aa06110194de
[2026/09/15 19:49:00] «
[2026/09/15 19:49:00] ßN
[2026/09/15 19:49:21] 发送(hex): aa06840063e1
[2026/09/15 19:49:21] «
[2026/09/15 19:49:21] ßN
[2026/09/15 19:49:21] «B =¾
[2026/09/15 19:49:25] $
[2026/09/15 19:49:25] Post romcode git ver:42df880604ac78a3 (Aug 28 2026 21:41:35)
[2026/09/15 19:49:25] $
[2026/09/15 19:49:25] Hello world, RTD2875P_CN2_TV030!
[2026/09/15 19:49:25] set_wifi_reset
[2026/09/15 19:49:25] Auxcode git ver:3a4deb9ea300359e (Aug 28 2026 21:41:29)
[2026/09/15 19:49:25] flash_type = 2, secure_type = 2
[2026/09/15 19:49:25] b8062204=0
[2026/09/15 19:49:25] slot info 0 0x0 info 1 0x0
[2026/09/15 19:49:25] invalid reg slot status 0x0,g
[2026/09/15 19:49:25] et slot info from flash!
[2026/09/15 19:49:25] g_gpt_blk_start 0x1  g_offline_gpt 0x0 last_usable_lba 0x1cd2032 num_partition_entries 0x32
[2026/09/15 19:49:25] start 0x2e600000 clt_blk 0x1973004 ctrl size 0x20
[2026/09/15 19:49:25] choose active index 0
[2026/09/15 19:49:25] part name bootloader ative_slot _a real part name bootloader_a
[2026/09/15 19:49:25] part name hwsetting start 0x100000 size 0x33600
[2026/09/15 19:49:25] part name ext_fw start 0x133600 size 0x10400
[2026/09/15 19:49:25] part name kboot start 0x143a00 size 0x16e00
[2026/09/15 19:49:25] part name uboot start 0x15a800 size 0x120400
[2026/09/15 19:49:25] ls4 2 1 = 800040aa 80002080 80001000
[2026/09/15 19:49:25] fNewHWsettingArch = 2
[2026/09/15 19:49:25] 1.lsadcidx = 2, brand =3, offset = 0
[2026/09/15 19:49:25] 1.lsadcidx = 2, brand =3, offset = 17800
[2026/09/15 19:49:25] hwsetting from mmc
[2026/09/15 19:49:25] AC on HW offset 0x809 start 0x800 reg 0x8090800
[2026/09/15 19:49:25] total = 2f00
[2026/09/15 19:49:25] A
[2026/09/15 19:49:25] A
[2026/09/15 19:49:25] A
[2026/09/15 19:49:25] A
[2026/09/15 19:49:25] A
[2026/09/15 19:49:25] {12 14}
[2026/09/15 19:49:25] ffeeddffeeddddr ver: 62c63180
[2026/09/15 19:49:25] ori DQS0~7 {03 04 1a 1c 00 01 00 00}
[2026/09/15 19:49:25] {01 03 19 1b 00 01 00 00} {08 08 06 09 06 06 00 00}
[2026/09/15 19:49:25] r.y.0
[2026/09/15 19:49:25] r.y.0 SCPU BISR status: Done
[2026/09/15 19:49:25] [go kb]
[2026/09/15 19:49:25] pass b
[2026/09/15 19:49:25] ootcode info to kboot
[2026/09/15 19:49:25] num=1100
[2026/09/15 19:49:25] boot_magic=50046000
[2026/09/15 19:49:25] ---DEBUG kboot 21:41:14 Aug 28 2026 ---
[2026/09/15 19:49:25] [Kboot]eMMC(mid-15) MMC_HS50 (50000000Mhz)[8bit].
[2026/09/15 19:49:25] block info 0x1cd2032 0x3a3e000.
[2026/09/15 19:49:25] [MMC] 32 -----------> 16GB.
[2026/09/15 19:49:25] (00000000) (1) bufsize=(null)
[2026/09/15 19:49:25] uboot start 0x15a800 size 0x120400
[2026/09/15 19:49:25] board_version: ls
[2026/09/15 19:49:25] 1 = 0, ver: 0
[2026/09/15 19:49:25] [0;31mapp_main 325 board_version=0[0m
[2026/09/15 19:49:25] get FW_TZFW flash start 0xf100200 ddr buf start 0
[2026/09/15 19:49:25] x180000 image size 010c2e3 ok!
[2026/09/15 19:49:25] [INFO]RPMB auth key not written !
[2026/09/15 19:49:25] [INFO]RPMB auth key not written !
[2026/09/15 19:49:25] Current board is not frist boot.
[2026/09/15 19:49:25] ALL zero, reserved_3 has removed.
[2026/09/15 19:49:25] Current board remove reserved_3 done.
[2026/09/15 19:49:25] get FW_VKERNEL
[2026/09/15 19:49:25] flash start 0xc100200 ddr buf start 0x1a900000 image size 05f0300 ok!
[2026/09/15 19:49:26] get FW_VKERNEL2 flash start 0xd900200 ddr buf start 0x1af00000 image size 0f4920 ok!
[2026/09/15 19:49:26] get FW_AKERNEL flash start 0xa900200 ddr buf start 0x1b200000 image size 07fbf7c ok!
[2026/09/15 19:49:26] ATFATFATF:0 1 NOTICE: kill CPU(2)...
[2026/09/15 19:49:26] ATF:0 1 NOTICE: kill (2) : PACTIVE:0
[2026/09/15 19:49:26] ATF:0 1 NOTICE:  CPU(2) kill done, pstate(0x0)
[2026/09/15 19:49:26] U
[2026/09/15 19:49:26] fixup_node_name 555. set /reserved-memory@5 to /reserved-memory
[2026/09/15 19:49:26] fixup_node_name 555. set /rtk_cma@5 to /rtk_cma
[2026/09/15 19:49:26] ### [1;31mERROR[0m ### get_movablecore 613. Can't find dtb node /reserved-memory/cma2_memory/reg
[2026/09/15 19:49:26] reinit_mem_info 1049  ddr_size 80000000
[2026/09/15 19:49:26] booting, boot_led_type: 0x00000000, led on[1]
[2026/09/15 19:49:26] set share register: 0x99100000
[2026/09/15 19:49:26] boot_power_on_mode=1
[2026/09/15 19:49:26] [get_layout:1264]!
[2026/09/15 19:49:26] boot_part value = 0 boot_tag value = 21
[2026/09/15 19:49:26] [get_oemkey] 1397: get oem.key = ATV00107525
[2026/09/15 19:49:26] Factory_RO: [EXT4] factory_ro_buffer:0a800000, factory_ro_buffer size:0x1000000!
[2026/09/15 19:49:26] Partiton factory_ro_a located at 0:6
[2026/09/15 19:49:26] factory_ro_a partition can not find /.000@bk@***!
[2026/09/15 19:49:26] Factory RO no need recovery!
[2026/09/15 19:49:26] Get tvconfigs_a partition block device index fail!
[2026/09/15 19:49:26] read customer.ini file fail!
[2026/09/15 19:49:26] parse SYS_INI path fail
[2026/09/15 19:49:26] Not support board ini mechansim!
[2026/09/15 19:49:26] Get tvconfigs_a partition block device index fail!
[2026/09/15 19:49:26] read customer.ini file fail!
[2026/09/15 19:49:26] parse SYS_INI path fail
[2026/09/15 19:49:26] load model ini file fail
[2026/09/15 19:49:26] cannot find PcbPath from ini file
[2026/09/15 19:49:26] no pcb.config in tvconfigs
[2026/09/15 19:49:26] no mnt/vendor/factorypcb.config
[2026/09/15 19:49:28] delay:292
[2026/09/15 19:49:29] Vwait V1go
[2026/09/15 19:49:29] Vwait V2go
[2026/09/15 19:49:29] DEMOD BISR check Pass and disable demod CLK!!
[2026/09/15 19:49:29] [0;31mboard_version=0 sz=18M[0m
[2026/09/15 19:49:29] ATF:0 1 NOTICE: atf enter time:1185ms, current time:4074ms
[2026/09/15 19:49:29] ATF:0 1 NOTICE: 1st boot elapsed 4079ms
[2026/09/15 19:49:32] console:/ $
[2026/09/15 19:49:40] factory auto test loop start
[2026/09/15 19:49:40]  
[2026/09/15 19:49:56] 发送(hex): 20
[2026/09/15 19:49:56] 发送(hex): 20
[2026/09/15 19:49:56] 发送(hex): 20
[2026/09/15 19:49:56] 发送(hex): 20
[2026/09/15 19:49:56] 发送(hex): 20
[2026/09/15 19:49:56] 发送(hex): 20
[2026/09/15 19:49:56] 发送(hex): 20
[2026/09/15 19:49:56] 发送(hex): 20
[2026/09/15 19:49:56] 发送(hex): 20
[2026/09/15 19:49:56] 发送(hex): 20
[2026/09/15 19:49:56] 发送(hex): 20
[2026/09/15 19:49:56] 发送(hex): 20
[2026/09/15 19:49:56] 发送(hex): 20
[2026/09/15 19:49:56] 发送(hex): 20
[2026/09/15 19:49:56] 发送(hex): 20
[2026/09/15 19:49:56] 发送(hex): 20
[2026/09/15 19:49:56] 发送(hex): 20
[2026/09/15 19:49:56] 发送(hex): 20
[2026/09/15 19:49:56] 发送(hex): 20
[2026/09/15 19:49:56] 发送(hex): 20
[2026/09/15 19:49:56] 发送(hex): 20
[2026/09/15 19:49:56] 发送(hex): 20
[2026/09/15 19:49:56] 发送(hex): 20
[2026/09/15 19:49:56] 发送(hex): 20
[2026/09/15 19:49:56] 发送(hex): 20
[2026/09/15 19:49:56] 发送(hex): 20
[2026/09/15 19:49:56] 发送(hex): 20
[2026/09/15 19:49:56] 发送(hex): 20
[2026/09/15 19:49:56] 发送(hex): 20
[2026/09/15 19:49:57] 发送(hex): 20
[2026/09/15 19:49:57] 发送(hex): 20
[2026/09/15 19:49:57] 发送(hex): 20
[2026/09/15 19:49:57] 发送(hex): 20
[2026/09/15 19:49:57] 发送(hex): 20
[2026/09/15 19:49:57] 发送(hex): 20
[2026/09/15 19:49:57] $
[2026/09/15 19:49:57] Post romcode git ver:42df880604ac78a3 (Aug 28 2026 21:41:35)
[2026/09/15 19:49:57] $
[2026/09/15 19:49:57] Hello world, RTD2875P_CN2_TV030!
[2026/09/15 19:49:57] set_wifi_reset
[2026/09/15 19:49:57] 发送(hex): 20
[2026/09/15 19:49:57] 发送(hex): 20
[2026/09/15 19:49:57] Auxcode git ver:3a4deb9ea300359e (Aug 28 2026 21:41:29)
[2026/09/15 19:49:57] flash_type = 2, secure_type = 2
[2026/09/15 19:49:57] b8062204=0
[2026/09/15 19:49:57] 发送(hex): 20
[2026/09/15 19:49:57] slot info 0 0x0 info 1 0x0
[2026/09/15 19:49:57] invalid reg slot status 0x
[2026/09/15 19:49:57] 发送(hex): 20
[2026/09/15 19:49:57] 发送(hex): 20
[2026/09/15 19:49:57] 发送(hex): 20
[2026/09/15 19:49:57] 发送(hex): 20
[2026/09/15 19:49:57] 发送(hex): 20
[2026/09/15 19:49:57] 发送(hex): 20
[2026/09/15 19:49:57] 发送(hex): 20
[2026/09/15 19:49:57] 发送(hex): 20
[2026/09/15 19:49:57] 0,get slot info from flash!
[2026/09/15 19:49:57] g_gpt_blk_start 0x1  g_offline_gpt 0x0 last_usable_lba 0x1cd2032 num_partition_entries 0x32
[2026/09/15 19:49:57] start 0x2e600000 clt_blk 0x1973004 ctrl size 0x20
[2026/09/15 19:49:57] choose active index 0
[2026/09/15 19:49:57] part name bootloader ative_slot _a real part name bootloader_a
[2026/09/15 19:49:57] part name hwsetting start 0x100000 size 0x33600
[2026/09/15 19:49:57] part name ext_fw start 0x133600 size 0x10400
[2026/09/15 19:49:57] part name kboot start 0x143a00 size 0x16e00
[2026/09/15 19:49:57] part name uboot start 0x15a800 size 0x120400
[2026/09/15 19:49:57] ls4 2 1 = 800040aa 8000207f 80001000
[2026/09/15 19:49:57] fNewHWsettingArch = 2
[2026/09/15 19:49:57] 1.lsadcidx = 2, brand =3, offset = 0
[2026/09/15 19:49:57] 1.lsadcidx = 2, brand =3, offset = 17800
[2026/09/15 19:49:57] hwsetting from mmc
[2026/09/15 19:49:57] AC on HW offset 0x809 start 0x800 reg 0x8090800
[2026/09/15 19:49:57] total = 2f00
[2026/09/15 19:49:57] 发送(hex): 20
[2026/09/15 19:49:57] 发送(hex): 20
[2026/09/15 19:49:57] 发送(hex): 20
[2026/09/15 19:49:57] 发送(hex): 20
[2026/09/15 19:49:57] 发送(hex): 20
[2026/09/15 19:49:57] A
[2026/09/15 19:49:57] 发送(hex): 20
[2026/09/15 19:49:57] A
[2026/09/15 19:49:57] 发送(hex): 20
[2026/09/15 19:49:57] 发送(hex): 20
[2026/09/15 19:49:57] A
[2026/09/15 19:49:57] A
[2026/09/15 19:49:57] 发送(hex): 20
[2026/09/15 19:49:57] A
[2026/09/15 19:49:57] 发送(hex): 20
[2026/09/15 19:49:57] 发送(hex): 20
[2026/09/15 19:49:57] {12 14}
[2026/09/15 19:49:57] ffeeddffeeddddr ver: 62c63180
[2026/09/15 19:49:57] ori DQS0~7 {03 04 1a 1c 00 01 00 00}
[2026/09/15 19:49:57] 发送(hex): 20
[2026/09/15 19:49:57] 发送(hex): 20
[2026/09/15 19:49:57] 发送(hex): 20
[2026/09/15 19:49:57] 发送(hex): 20
[2026/09/15 19:49:57] 发送(hex): 20
[2026/09/15 19:49:57] 发送(hex): 20
[2026/09/15 19:49:57] 发送(hex): 20
[2026/09/15 19:49:57] 发送(hex): 20
[2026/09/15 19:49:57] {01 03 19 1b 00 01 00 00} {09 09 06 09 06 06 00 00}
[2026/09/15 19:49:57] r.y.0
[2026/09/15 19:49:57] 发送(hex): 20
[2026/09/15 19:49:57] r.y.0 SCPU BISR status: Done
[2026/09/15 19:49:57] 发送(hex): 20
[2026/09/15 19:49:57] 发送(hex): 20
[2026/09/15 19:49:57] [go k
[2026/09/15 19:49:57] 发送(hex): 20
[2026/09/15 19:49:57] 发送(hex): 20
[2026/09/15 19:49:57] 发送(hex): 20
[2026/09/15 19:49:57] 发送(hex): 20
[2026/09/15 19:49:57] b]
[2026/09/15 19:49:57] pass bootcode info to kboot
[2026/09/15 19:49:57] num=1100
[2026/09/15 19:49:57] boot_magic=7f676014
[2026/09/15 19:49:57] ---DEBUG kboot 21:41:14 Aug 28 2026 ---
[2026/09/15 19:49:57] [Kboot]eMMC(mid-15) MMC_HS50 (50000000Mhz)[8bit].
[2026/09/15 19:49:57] block info 0x1cd2032 0x3a3e000.
[2026/09/15 19:49:57] [MMC] 32 -----------> 16GB.
[2026/09/15 19:49:57] 发送(hex): 20
[2026/09/15 19:49:57] (00000000) (1) bufsize=(null)
[2026/09/15 19:49:57] 发送(hex): 20
[2026/09/15 19:49:57] 发送(hex): 20
[2026/09/15 19:49:57] 发送(hex): 20
[2026/09/15 19:49:57] uboot start 0x15a800 size
[2026/09/15 19:49:57] 发送(hex): 20
[2026/09/15 19:49:57] 0x120400
[2026/09/15 19:49:57] 发送(hex): 20
[2026/09/15 19:49:57] 发送(hex): 20
[2026/09/15 19:49:57] board_version: ls1 = 0, ver: 0
[2026/09/15 19:49:57] [0;31mapp_main 325 board_version=0[0m
[2026/09/15 19:49:57] 发送(hex): 20
[2026/09/15 19:49:57] 发送(hex): 20
[2026/09/15 19:49:57] 发送(hex): 20
[2026/09/15 19:49:57] 发送(hex): 20
[2026/09/15 19:49:57] 发送(hex): 20
[2026/09/15 19:49:57] 发送(hex): 20
[2026/09/15 19:49:57] 发送(hex): 20
[2026/09/15 19:49:57] get FW_TZFW flash start 0xf100200 ddr buf start 0x180000 image size 010c2e3 ok!
[2026/09/15 19:49:57] [INFO]RPMB auth key not written !
[2026/09/15 19:49:57] [INFO]RPMB auth key not written !
[2026/09/15 19:49:57] Current board is not frist boot.
[2026/09/15 19:49:57] ALL zero, reserved_3 has removed.
[2026/09/15 19:49:57] Current board remove reserved_3 done.
[2026/09/15 19:49:57] 发送(hex): 20
[2026/09/15 19:49:57] 发送(hex): 20
[2026/09/15 19:49:57] 发送(hex): 20
[2026/09/15 19:49:57] 发送(hex): 20
[2026/09/15 19:49:57] 发送(hex): 20
[2026/09/15 19:49:57] 发送(hex): 20
[2026/09/15 19:49:57] 发送(hex): 20
[2026/09/15 19:49:57] 发送(hex): 20
[2026/09/15 19:49:57] 发送(hex): 20
[2026/09/15 19:49:57] 发送(hex): 20
[2026/09/15 19:49:57] 发送(hex): 20
[2026/09/15 19:49:57] 发送(hex): 20
[2026/09/15 19:49:57] 发送(hex): 20
[2026/09/15 19:49:57] 发送(hex): 20
[2026/09/15 19:49:57] 发送(hex): 20
[2026/09/15 19:49:57] 发送(hex): 20
[2026/09/15 19:49:57] 发送(hex): 20
[2026/09/15 19:49:57] 发送(hex): 20
[2026/09/15 19:49:57] get FW_VKERNEL flash star
[2026/09/15 19:49:57] 发送(hex): 20
[2026/09/15 19:49:57] t 0xc100200 ddr buf start 0x1a900000 image size 05f0300 ok!
[2026/09/15 19:49:57] 发送(hex): 20
[2026/09/15 19:49:57] 发送(hex): 20
[2026/09/15 19:49:57] 发送(hex): 20
[2026/09/15 19:49:57] 发送(hex): 20
[2026/09/15 19:49:57] get FW_VKERNEL2 flash start 0xd900200 ddr buf start 0x1af00000 image size 0f4920 ok!
[2026/09/15 19:49:57] 发送(hex): 20
[2026/09/15 19:49:57] 发送(hex): 20
[2026/09/15 19:49:57] 发送(hex): 20
[2026/09/15 19:49:57] 发送(hex): 20
[2026/09/15 19:49:57] 发送(hex): 20
[2026/09/15 19:49:57] 发送(hex): 20
[2026/09/15 19:49:57] 发送(hex): 20
[2026/09/15 19:49:57] 发送(hex): 20
[2026/09/15 19:49:57] 发送(hex): 20
[2026/09/15 19:49:57] 发送(hex): 20
[2026/09/15 19:49:57] 发送(hex): 20
[2026/09/15 19:49:57] 发送(hex): 20
[2026/09/15 19:49:57] 发送(hex): 20
[2026/09/15 19:49:58] 发送(hex): 20
[2026/09/15 19:49:58] 发送(hex): 20
[2026/09/15 19:49:58] 发送(hex): 20
[2026/09/15 19:49:58] 发送(hex): 20
[2026/09/15 19:49:58] 发送(hex): 20
[2026/09/15 19:49:58] 发送(hex): 20
[2026/09/15 19:49:58] 发送(hex): 20
[2026/09/15 19:49:58] 发送(hex): 20
[2026/09/15 19:49:58] 发送(hex): 20
[2026/09/15 19:49:58] 发送(hex): 20
[2026/09/15 19:49:58] 发送(hex): 20
[2026/09/15 19:49:58] 发送(hex): 20
[2026/09/15 19:49:58] 发送(hex): 20
[2026/09/15 19:49:58] 发送(hex): 20
[2026/09/15 19:49:58] get FW_AKERNEL flash start 0xa900200 ddr buf start 0x1b200000 image size 07fbf7c ok!
[2026/09/15 19:49:58] 发送(hex): 20
[2026/09/15 19:49:58] 发送(hex): 20
[2026/09/15 19:49:58] 发送(hex): 20
[2026/09/15 19:49:58] 发送(hex): 20
[2026/09/15 19:49:58] 发送(hex): 20
[2026/09/15 19:49:58] 发送(hex): 20
[2026/09/15 19:49:58] 发送(hex): 20
[2026/09/15 19:49:58] 发送(hex): 20
[2026/09/15 19:49:58] 发送(hex): 20
[2026/09/15 19:49:58] 发送(hex): 20
[2026/09/15 19:49:58] ATFATFATF:0 1 NOTICE: kill CPU(2)...
[2026/09/15 19:49:58] ATF:0 1 NOTICE: kill (2) : PACTIVE:0
[2026/09/15 19:49:58] ATF:0 1 NOTICE:  CPU(2) kill done, pstate(0x0)
[2026/09/15 19:49:58] 发送(hex): 20
[2026/09/15 19:49:58] 发送(hex): 20
[2026/09/15 19:49:58] U
[2026/09/15 19:49:58] 发送(hex): 20
[2026/09/15 19:49:58] 发送(hex): 20
[2026/09/15 19:49:58] 发送(hex): 20
[2026/09/15 19:49:58] 发送(hex): 20
[2026/09/15 19:49:58] 发送(hex): 20
[2026/09/15 19:49:58] 发送(hex): 20
[2026/09/15 19:49:58] 发送(hex): 20
[2026/09/15 19:49:58] 发送(hex): 20
[2026/09/15 19:49:58] 发送(hex): 20
[2026/09/15 19:49:58] 发送(hex): 20
[2026/09/15 19:49:58] 发送(hex): 20
[2026/09/15 19:49:58] 发送(hex): 20
[2026/09/15 19:49:58] 发送(hex): 20
[2026/09/15 19:49:58] 发送(hex): 20
[2026/09/15 19:49:58] 发送(hex): 20
[2026/09/15 19:49:58] 发送(hex): 20
[2026/09/15 19:49:58] fixup_node_name 555. set /reserved-memory@5 to /reserved-memory
[2026/09/15 19:49:58] fixup_node_name 555. set /rtk_cma@5 to /rtk_cma
[2026/09/15 19:49:58] ### [1;31mERROR[0m ### get_movablecore 613. Can't find dtb node /reserved-memory/cma2_memory/reg
[2026/09/15 19:49:58] reinit_mem_info 1049  ddr_size 80000000
[2026/09/15 19:49:58] 发送(hex): 20
[2026/09/15 19:49:58] 发送(hex): 20
[2026/09/15 19:49:58] booting, boot_led_type: 0x00000000, led on[1]
[2026/09/15 19:49:58] set share register: 0x99100000
[2026/09/15 19:49:58] boot_power_on_mode=1
[2026/09/15 19:49:58] [get_layout:1264]!
[2026/09/15 19:49:58] 发送(hex): 20
[2026/09/15 19:49:58] 发送(hex): 20
[2026/09/15 19:49:58] 发送(hex): 20
[2026/09/15 19:49:58] 发送(hex): 20
[2026/09/15 19:49:58] 发送(hex): 20
[2026/09/15 19:49:58] 发送(hex): 20
[2026/09/15 19:49:58] 发送(hex): 20
[2026/09/15 19:49:58] 发送(hex): 20
[2026/09/15 19:49:58] boot_part value = 0 boot_tag value = 21
[2026/09/15 19:49:58] [get_oemkey] 1397: get oem.key = ATV00107525
[2026/09/15 19:49:58] Factory_RO: [EXT4] factory_ro_buffer:0a800000, factory_ro_buffer size:0x1000000!
[2026/09/15 19:49:58] Partiton factory_ro_a located at 0:6
[2026/09/15 19:49:58] factory_ro_a partition can not find /.000@bk@***!
[2026/09/15 19:49:58] Factory RO no need recovery!
[2026/09/15 19:49:58] Get tvconfigs_a partition block device index fail!
[2026/09/15 19:49:58] read customer.ini file fail!
[2026/09/15 19:49:58] parse SYS_INI path fail
[2026/09/15 19:49:58] Not support board ini mechansim!
[2026/09/15 19:49:58] Get tvconfigs_a partition block device index fail!
[2026/09/15 19:49:58] read customer.ini file fail!
[2026/09/15 19:49:58] parse SYS_INI path fail
[2026/09/15 19:49:58] load model ini file fail
[2026/09/15 19:49:58] cannot find PcbPath from ini file
[2026/09/15 19:49:58] no pcb.config in tvconfigs
[2026/09/15 19:49:58] no mnt/vendor/factorypcb.config
[2026/09/15 19:49:58] 发送(hex): 20
[2026/09/15 19:49:58] 发送(hex): 20
[2026/09/15 19:49:58] 发送(hex): 20
[2026/09/15 19:49:58] 发送(hex): 20
[2026/09/15 19:49:58] 发送(hex): 20
[2026/09/15 19:49:58] 发送(hex): 20
[2026/09/15 19:49:58] 发送(hex): 20
[2026/09/15 19:49:58] 发送(hex): 20
[2026/09/15 19:49:58] 发送(hex): 20
[2026/09/15 19:49:58] 发送(hex): 20
[2026/09/15 19:49:58] 发送(hex): 20
[2026/09/15 19:49:58] 发送(hex): 20
[2026/09/15 19:49:58] 发送(hex): 20
[2026/09/15 19:49:58] 发送(hex): 20
[2026/09/15 19:49:58] 发送(hex): 20
[2026/09/15 19:49:58] 发送(hex): 20
[2026/09/15 19:49:58] 发送(hex): 20
[2026/09/15 19:49:58] 发送(hex): 20
[2026/09/15 19:49:58] 发送(hex): 20
[2026/09/15 19:49:58] 发送(hex): 20
[2026/09/15 19:49:58] 发送(hex): 20
[2026/09/15 19:49:58] 发送(hex): 20
[2026/09/15 19:49:58] 发送(hex): 20
[2026/09/15 19:49:58] 发送(hex): 20
[2026/09/15 19:49:58] 发送(hex): 20
[2026/09/15 19:49:58] 发送(hex): 20
[2026/09/15 19:49:58] 发送(hex): 20
[2026/09/15 19:49:58] 发送(hex): 20
[2026/09/15 19:49:58] 发送(hex): 20
[2026/09/15 19:49:58] 发送(hex): 20
[2026/09/15 19:49:58] 发送(hex): 20
[2026/09/15 19:49:58] 发送(hex): 20
[2026/09/15 19:49:58] 发送(hex): 20
[2026/09/15 19:49:58] 发送(hex): 20
[2026/09/15 19:49:58] 发送(hex): 20
[2026/09/15 19:49:58] 发送(hex): 20
[2026/09/15 19:49:58] 发送(hex): 20
[2026/09/15 19:49:58] 发送(hex): 20
[2026/09/15 19:49:58] 发送(hex): 20
[2026/09/15 19:49:58] 发送(hex): 20
[2026/09/15 19:49:58] 发送(hex): 20
[2026/09/15 19:49:58] 发送(hex): 20
[2026/09/15 19:49:59] 发送(hex): 20
[2026/09/15 19:49:59] 发送(hex): 20
[2026/09/15 19:49:59] 发送(hex): 20
[2026/09/15 19:49:59] 发送(hex): 20
[2026/09/15 19:49:59] 发送(hex): 20
[2026/09/15 19:49:59] 发送(hex): 20
[2026/09/15 19:49:59] 发送(hex): 20
[2026/09/15 19:49:59] 发送(hex): 20
[2026/09/15 19:49:59] 发送(hex): 20
[2026/09/15 19:49:59] 发送(hex): 20
[2026/09/15 19:49:59] 发送(hex): 20
[2026/09/15 19:49:59] 发送(hex): 20
[2026/09/15 19:49:59] 发送(hex): 20
[2026/09/15 19:49:59] 发送(hex): 20
[2026/09/15 19:49:59] 发送(hex): 20
[2026/09/15 19:49:59] 发送(hex): 20
[2026/09/15 19:49:59] 发送(hex): 20
[2026/09/15 19:49:59] 发送(hex): 20
[2026/09/15 19:49:59] 发送(hex): 20
[2026/09/15 19:49:59] 发送(hex): 20
[2026/09/15 19:49:59] 发送(hex): 20
[2026/09/15 19:49:59] 发送(hex): 20
[2026/09/15 19:49:59] 发送(hex): 20
[2026/09/15 19:49:59] 发送(hex): 20
[2026/09/15 19:49:59] 发送(hex): 20
[2026/09/15 19:49:59] 发送(hex): 20
[2026/09/15 19:49:59] 发送(hex): 20
[2026/09/15 19:49:59] 发送(hex): 20
[2026/09/15 19:49:59] 发送(hex): 20
[2026/09/15 19:49:59] 发送(hex): 20
[2026/09/15 19:49:59] 发送(hex): 20
[2026/09/15 19:49:59] 发送(hex): 20
[2026/09/15 19:49:59] 发送(hex): 20
[2026/09/15 19:49:59] 发送(hex): 20
[2026/09/15 19:49:59] 发送(hex): 20
[2026/09/15 19:49:59] 发送(hex): 20
[2026/09/15 19:49:59] 发送(hex): 20
[2026/09/15 19:49:59] 发送(hex): 20
[2026/09/15 19:49:59] 发送(hex): 20
[2026/09/15 19:49:59] 发送(hex): 20
[2026/09/15 19:49:59] 发送(hex): 20
[2026/09/15 19:49:59] 发送(hex): 20
[2026/09/15 19:49:59] 发送(hex): 20
[2026/09/15 19:49:59] 发送(hex): 20
[2026/09/15 19:49:59] 发送(hex): 20
[2026/09/15 19:49:59] 发送(hex): 20
[2026/09/15 19:49:59] 发送(hex): 20
[2026/09/15 19:49:59] 发送(hex): 20
[2026/09/15 19:49:59] 发送(hex): 20
[2026/09/15 19:49:59] 发送(hex): 20
[2026/09/15 19:49:59] 发送(hex): 20
[2026/09/15 19:49:59] 发送(hex): 20
[2026/09/15 19:49:59] 发送(hex): 20
[2026/09/15 19:49:59] 发送(hex): 20
[2026/09/15 19:49:59] 发送(hex): 20
[2026/09/15 19:49:59] 发送(hex): 20
[2026/09/15 19:49:59] 发送(hex): 20
[2026/09/15 19:49:59] 发送(hex): 20
[2026/09/15 19:49:59] 发送(hex): 20
[2026/09/15 19:49:59] 发送(hex): 20
[2026/09/15 19:49:59] 发送(hex): 20
[2026/09/15 19:49:59] 发送(hex): 20
[2026/09/15 19:49:59] 发送(hex): 20
[2026/09/15 19:49:59] 发送(hex): 20
[2026/09/15 19:49:59] 发送(hex): 20
[2026/09/15 19:49:59] 发送(hex): 20
[2026/09/15 19:49:59] 发送(hex): 20
[2026/09/15 19:49:59] 发送(hex): 20
[2026/09/15 19:49:59] 发送(hex): 20
[2026/09/15 19:49:59] 发送(hex): 20
[2026/09/15 19:49:59] 发送(hex): 20
[2026/09/15 19:49:59] 发送(hex): 20
[2026/09/15 19:49:59] 发送(hex): 20
[2026/09/15 19:49:59] 发送(hex): 20
[2026/09/15 19:49:59] 发送(hex): 20
[2026/09/15 19:49:59] 发送(hex): 20
[2026/09/15 19:49:59] 发送(hex): 20
[2026/09/15 19:49:59] 发送(hex): 20
[2026/09/15 19:49:59] 发送(hex): 20
[2026/09/15 19:49:59] 发送(hex): 20
[2026/09/15 19:49:59] 发送(hex): 20
[2026/09/15 19:49:59] 发送(hex): 20
[2026/09/15 19:49:59] 发送(hex): 20
[2026/09/15 19:49:59] 发送(hex): 20
[2026/09/15 19:49:59] 发送(hex): 20
[2026/09/15 19:49:59] 发送(hex): 20
[2026/09/15 19:49:59] 发送(hex): 20
[2026/09/15 19:49:59] 发送(hex): 20
[2026/09/15 19:49:59] 发送(hex): 20
[2026/09/15 19:49:59] 发送(hex): 20
[2026/09/15 19:49:59] 发送(hex): 20
[2026/09/15 19:49:59] 发送(hex): 20
[2026/09/15 19:49:59] 发送(hex): 20
[2026/09/15 19:50:00] 发送(hex): 20
[2026/09/15 19:50:00] 发送(hex): 20
[2026/09/15 19:50:00] 发送(hex): 20
[2026/09/15 19:50:00] 发送(hex): 20
[2026/09/15 19:50:00] 发送(hex): 20
[2026/09/15 19:50:00] 发送(hex): 20
[2026/09/15 19:50:00] 发送(hex): 20
[2026/09/15 19:50:00] 发送(hex): 20
[2026/09/15 19:50:00] 发送(hex): 20
[2026/09/15 19:50:00] 发送(hex): 20
[2026/09/15 19:50:00] 发送(hex): 20
[2026/09/15 19:50:00] 发送(hex): 20
[2026/09/15 19:50:00] 发送(hex): 20
[2026/09/15 19:50:00] 发送(hex): 20
[2026/09/15 19:50:00] 发送(hex): 20
[2026/09/15 19:50:00] 发送(hex): 20
[2026/09/15 19:50:00] 发送(hex): 20
[2026/09/15 19:50:00] 发送(hex): 20
[2026/09/15 19:50:00] 发送(hex): 20
[2026/09/15 19:50:00] 发送(hex): 20
[2026/09/15 19:50:00] 发送(hex): 20
[2026/09/15 19:50:00] 发送(hex): 20
[2026/09/15 19:50:00] 发送(hex): 20
[2026/09/15 19:50:00] 发送(hex): 20
[2026/09/15 19:50:00] 发送(hex): 20
[2026/09/15 19:50:00] 发送(hex): 20
[2026/09/15 19:50:00] 发送(hex): 20
[2026/09/15 19:50:00] 发送(hex): 20
[2026/09/15 19:50:00] 发送(hex): 20
[2026/09/15 19:50:00] 发送(hex): 20
[2026/09/15 19:50:00] 发送(hex): 20
[2026/09/15 19:50:00] 发送(hex): 20
[2026/09/15 19:50:00] 发送(hex): 20
[2026/09/15 19:50:00] 发送(hex): 20
[2026/09/15 19:50:00] 发送(hex): 20
[2026/09/15 19:50:00] 发送(hex): 20
[2026/09/15 19:50:00] 发送(hex): 20
[2026/09/15 19:50:00] 发送(hex): 20
[2026/09/15 19:50:00] delay:427
[2026/09/15 19:50:00] 发送(hex): 20
[2026/09/15 19:50:00] 发送(hex): 20
[2026/09/15 19:50:00] 发送(hex): 20
[2026/09/15 19:50:00] 发送(hex): 20
[2026/09/15 19:50:00] 发送(hex): 20
[2026/09/15 19:50:00] 发送(hex): 20
[2026/09/15 19:50:00] 发送(hex): 20
[2026/09/15 19:50:00] 发送(hex): 20
[2026/09/15 19:50:00] 发送(hex): 20
[2026/09/15 19:50:00] 发送(hex): 20
[2026/09/15 19:50:00] 发送(hex): 20
[2026/09/15 19:50:00] 发送(hex): 20
[2026/09/15 19:50:00] 发送(hex): 20
[2026/09/15 19:50:00] 发送(hex): 20
[2026/09/15 19:50:00] 发送(hex): 20
[2026/09/15 19:50:00] 发送(hex): 20
[2026/09/15 19:50:00] 发送(hex): 20
[2026/09/15 19:50:00] 发送(hex): 20
[2026/09/15 19:50:00] 发送(hex): 20
[2026/09/15 19:50:00] 发送(hex): 20
[2026/09/15 19:50:00] 发送(hex): 20
[2026/09/15 19:50:00] 发送(hex): 20
[2026/09/15 19:50:00] 发送(hex): 20
[2026/09/15 19:50:00] 发送(hex): 20
[2026/09/15 19:50:00] 发送(hex): 20
[2026/09/15 19:50:00] 发送(hex): 20
[2026/09/15 19:50:00] 发送(hex): 20
[2026/09/15 19:50:00] 发送(hex): 20
[2026/09/15 19:50:00] 发送(hex): 20
[2026/09/15 19:50:00] 发送(hex): 20
[2026/09/15 19:50:00] 发送(hex): 20
[2026/09/15 19:50:00] 发送(hex): 20
[2026/09/15 19:50:00] 发送(hex): 20
[2026/09/15 19:50:00] 发送(hex): 20
[2026/09/15 19:50:00] Net:   r8168: REALTEK RTL8168 @0x18016000
[2026/09/15 19:50:00] 发送(hex): 20
[2026/09/15 19:50:00] 发送(hex): 20
[2026/09/15 19:50:00] 发送(hex): 20
[2026/09/15 19:50:00] 发送(hex): 20
[2026/09/15 19:50:00] Start Boot Setup ...
[2026/09/15 19:50:00] (powerMgr_get_wakeup_source)2012/05/30 19:50
[2026/09/15 19:50:00] wakeup source : AC
[2026/09/15 19:50:00] 发送(hex): 20
[2026/09/15 19:50:00] 发送(hex): 20
[2026/09/15 19:50:00] 发送(hex): 20
[2026/09/15 19:50:00] (powerMgr_get_wakeup_source)2012/05/30 19:50
[2026/09/15 19:50:00] wakeup source : AC
[2026/09/15 19:50:00] wakeup_src=0, boot_logo_enable=1, bgm_boot_type=0, POWER_ON_MODE_SILEN=0.
[2026/09/15 19:50:00] 发送(hex): 20
[2026/09/15 19:50:00] 发送(hex): 20
[2026/09/15 19:50:00] 发送(hex): 20
[2026/09/15 19:50:00] 发送(hex): 20
[2026/09/15 19:50:00] GDMA module_init finish
[2026/09/15 19:50:00] [GDMA] OSD size[3840,2160]
[2026/09/15 19:50:00] [GDMA] gdma_showlogo gdma show logo 3823
[2026/09/15 19:50:00] Net:   r8168: REALTEK RTL8168 @0x18016000
[2026/09/15 19:50:00] 发送(hex): 20
[2026/09/15 19:50:00] ## Android Verified Boot 2.0 version
[2026/09/15 19:50:00] 发送(hex): 20
[2026/09/15 19:50:00] 1.1.0
[2026/09/15 19:50:00] 发送(hex): 20
[2026/09/15 19:50:00] 发送(hex): 20
[2026/09/15 19:50:00] 发送(hex): 20
[2026/09/15 19:50:00] 发送(hex): 20
[2026/09/15 19:50:00] 发送(hex): 20
[2026/09/15 19:50:00] 发送(hex): 20
[2026/09/15 19:50:00] 发送(hex): 20
[2026/09/15 19:50:00] 发送(hex): 20
[2026/09/15 19:50:01] 发送(hex): 20
[2026/09/15 19:50:01] 发送(hex): 20
[2026/09/15 19:50:01] 发送(hex): 20
[2026/09/15 19:50:01] 发送(hex): 20
[2026/09/15 19:50:01] 发送(hex): 20
[2026/09/15 19:50:01] 发送(hex): 20
[2026/09/15 19:50:01] 发送(hex): 20
[2026/09/15 19:50:01] 发送(hex): 20
[2026/09/15 19:50:01] 发送(hex): 20
[2026/09/15 19:50:01] 发送(hex): 20
[2026/09/15 19:50:01] 发送(hex): 20
[2026/09/15 19:50:01] 发送(hex): 20
[2026/09/15 19:50:01] 发送(hex): 20
[2026/09/15 19:50:01] 发送(hex): 20
[2026/09/15 19:50:01] 发送(hex): 20
[2026/09/15 19:50:01] 发送(hex): 20
[2026/09/15 19:50:01] 发送(hex): 20
[2026/09/15 19:50:01] 发送(hex): 20
[2026/09/15 19:50:01] 发送(hex): 20
[2026/09/15 19:50:01] 发送(hex): 20
[2026/09/15 19:50:01] 发送(hex): 20
[2026/09/15 19:50:01] 发送(hex): 20
[2026/09/15 19:50:01] 发送(hex): 20
[2026/09/15 19:50:01] 发送(hex): 20
[2026/09/15 19:50:01] 发送(hex): 20
[2026/09/15 19:50:01] 发送(hex): 20
[2026/09/15 19:50:01] 发送(hex): 20
[2026/09/15 19:50:01] 发送(hex): 20
[2026/09/15 19:50:01] 发送(hex): 20
[2026/09/15 19:50:01] 发送(hex): 20
[2026/09/15 19:50:01] 发送(hex): 20
[2026/09/15 19:50:01] 发送(hex): 20
[2026/09/15 19:50:01] 发送(hex): 20
[2026/09/15 19:50:01] 发送(hex): 20
[2026/09/15 19:50:01] 发送(hex): 20
[2026/09/15 19:50:01] 发送(hex): 20
[2026/09/15 19:50:01] 发送(hex): 20
[2026/09/15 19:50:01] 发送(hex): 20
[2026/09/15 19:50:01] 发送(hex): 20
[2026/09/15 19:50:01] Verification passed successfully
[2026/09/15 19:50:01] [Skip A] boot manual mode
[2026/09/15 19:50:01] [Skip V] boot manual mode
[2026/09/15 19:50:01] is_avb_verify_hash_partition 164 find avb verify part_name boot img_buf 0x66400000 size 0x307a000
[2026/09/15 19:50:01] boot header version : 4
[2026/09/15 19:50:01] is_avb_verify_hash_partition 164 find avb verify part_name vendor_boot img_buf 0x6bc00000 size 0x10a3000
[2026/09/15 19:50:01] get_partition_content_by_name 11954 get gpt_name init_boot_a err,try part name init_boot!
[2026/09/15 19:50:01] get_partition_content_by_name 11956 get part name init_boot err!
[2026/09/15 19:50:01] 发送(hex): 20
[2026/09/15 19:50:01] 发送(hex): 20
[2026/09/15 19:50:01] 发送(hex): 20
[2026/09/15 19:50:01] 发送(hex): 20
[2026/09/15 19:50:01] 发送(hex): 20
[2026/09/15 19:50:01] 发送(hex): 20
[2026/09/15 19:50:01] 发送(hex): 20
[2026/09/15 19:50:01] 发送(hex): 20
[2026/09/15 19:50:01] get_merge_ramdisk 11932 cur_ramdisk_size 0xf3096 real_cur_ramdisk_size 0xf3096
[2026/09/15 19:50:01] get_merge_ramdisk 11932 cur_ramdisk_size 0x2019e5 real_cur_ramdisk_size 0x2019e5
[2026/09/15 19:50:01] is_avb_verify_hash_partition 164 find avb verify part_name dtbo img_buf 0x6fc00000 size 0x1186
[2026/09/15 19:50:01] Net:   r8168: REALTEK RTL8168 @0x18016000
[2026/09/15 19:50:01] 发送(hex): 20
[2026/09/15 19:50:01] 发送(hex): 20
[2026/09/15 19:50:01] 发送(hex): 20
[2026/09/15 19:50:01] 发送(hex): 20
[2026/09/15 19:50:01] [Skip K] boot manual mode (execute "go all")
[2026/09/15 19:50:01] Enter console mode, disable watchdog ...
[2026/09/15 19:50:01] Realtek>
[2026/09/15 19:50:01] 发送(hex): 20
[2026/09/15 19:50:01] 发送(hex): 20
[2026/09/15 19:50:01] 发送(hex): 20
[2026/09/15 19:50:01] 发送(hex): 20
[2026/09/15 19:50:01] 发送(hex): 20
[2026/09/15 19:50:01] 发送(hex): 20
[2026/09/15 19:50:01] 发送(hex): 20
[2026/09/15 19:50:01] 发送(hex): 20
[2026/09/15 19:50:01] 发送(hex): 20
[2026/09/15 19:50:01] 发送(hex): 20
[2026/09/15 19:50:01] 发送(hex): 20
[2026/09/15 19:50:01] 发送(hex): 20
[2026/09/15 19:50:01] 发送(hex): 20
[2026/09/15 19:50:01] 发送(hex): 20
[2026/09/15 19:50:01] 发送(hex): 20
[2026/09/15 19:50:01] 发送(hex): 20
[2026/09/15 19:50:01] 发送(hex): 20
[2026/09/15 19:50:01] 发送(hex): 20
[2026/09/15 19:50:01] 发送(hex): 20
[2026/09/15 19:50:01] 发送(hex): 20
[2026/09/15 19:50:01] 发送(hex): 20
[2026/09/15 19:50:01] 发送(hex): 20
[2026/09/15 19:50:01] 发送(hex): 20
[2026/09/15 19:50:01] 发送(hex): 20
[2026/09/15 19:50:01] 发送(hex): 20
[2026/09/15 19:50:01] 发送(hex): 20
[2026/09/15 19:50:01] 发送(hex): 20
[2026/09/15 19:50:01] 发送(hex): 20
[2026/09/15 19:50:01] 发送(hex): 20
[2026/09/15 19:50:01] 发送(hex): 20
[2026/09/15 19:50:01] 发送(hex): 20
[2026/09/15 19:50:01] 发送(hex): 20
[2026/09/15 19:50:01] 发送(hex): 20
[2026/09/15 19:50:01] 发送(hex): 20
[2026/09/15 19:50:01] 发送(hex): 20
[2026/09/15 19:50:01] 发送(hex): 20
[2026/09/15 19:50:01] 发送(hex): 20
[2026/09/15 19:50:01] 发送(hex): 20
[2026/09/15 19:50:01] 发送(hex): 20
[2026/09/15 19:50:01] 发送(hex): 20
[2026/09/15 19:50:01] 发送(hex): 20
[2026/09/15 19:50:01] 发送(hex): 20
[2026/09/15 19:50:02] 发送(hex): 20
[2026/09/15 19:50:02] 发送(hex): 20
[2026/09/15 19:50:02] 发送(hex): 20
[2026/09/15 19:50:02] 发送(hex): 20
[2026/09/15 19:50:02] 发送(hex): 20
[2026/09/15 19:50:02] 发送(hex): 20
[2026/09/15 19:50:02] 发送(hex): 20
[2026/09/15 19:50:02] 发送(hex): 20
[2026/09/15 19:50:02] 发送(hex): 20
[2026/09/15 19:50:02] 发送(hex): 20
[2026/09/15 19:50:02] 发送(hex): 20
[2026/09/15 19:50:02] 发送(hex): 20
[2026/09/15 19:50:02] 发送(hex): 20
[2026/09/15 19:50:02] 发送(hex): 20
[2026/09/15 19:50:02] 发送(hex): 20
[2026/09/15 19:50:02] 发送(hex): 20
[2026/09/15 19:50:02] 发送(hex): 20
[2026/09/15 19:50:02] 发送(hex): 20
[2026/09/15 19:50:02] 发送(hex): 20
[2026/09/15 19:50:02] 发送(hex): 20
[2026/09/15 19:50:02] 发送(hex): 20
[2026/09/15 19:50:02] 发送(hex): 20
[2026/09/15 19:50:02] 发送(hex): 20
[2026/09/15 19:50:02] 发送(hex): 20
[2026/09/15 19:50:02] 发送(hex): 20
[2026/09/15 19:50:02] 发送(hex): 20
[2026/09/15 19:50:02] 发送(hex): 20
[2026/09/15 19:50:02] 发送(hex): 20
[2026/09/15 19:50:02] 发送(hex): 20
[2026/09/15 19:50:02] 发送(hex): 20
[2026/09/15 19:50:02] 发送(hex): 20
[2026/09/15 19:50:02] 发送(hex): 20
[2026/09/15 19:50:02] 发送(hex): 20
[2026/09/15 19:50:02] 发送(hex): 20
[2026/09/15 19:50:02] 发送(hex): 20
[2026/09/15 19:50:02] 发送(hex): 20
[2026/09/15 19:50:02] 发送(hex): 20
[2026/09/15 19:50:02] 发送(hex): 20
[2026/09/15 19:50:02] 发送(hex): 20
[2026/09/15 19:50:02] 发送(hex): 20
[2026/09/15 19:50:02] 发送(hex): 20
[2026/09/15 19:50:02] 发送(hex): 20
[2026/09/15 19:50:02] 发送(hex): 20
[2026/09/15 19:50:02] 发送(hex): 20
[2026/09/15 19:50:02] 发送(hex): 20
[2026/09/15 19:50:02] 发送(hex): 20
[2026/09/15 19:50:02] 发送(hex): 20
[2026/09/15 19:50:02] 发送(hex): 20
[2026/09/15 19:50:02] 发送(hex): 20
[2026/09/15 19:50:02] 发送(hex): 20
[2026/09/15 19:50:02] 发送(hex): 20
[2026/09/15 19:50:02] 发送(hex): 20
[2026/09/15 19:50:02] 发送(hex): 20
[2026/09/15 19:50:02] 发送(hex): 20
[2026/09/15 19:50:02] 发送(hex): 20
[2026/09/15 19:50:02] 发送(hex): 20
[2026/09/15 19:50:02] 发送(hex): 20
[2026/09/15 19:50:02] 发送(hex): 20
[2026/09/15 19:50:02] 发送(hex): 20
[2026/09/15 19:50:02] 发送(hex): 20
[2026/09/15 19:50:02] 发送(hex): 20
[2026/09/15 19:50:02] 发送(hex): 20
[2026/09/15 19:50:02] 发送(hex): 20
[2026/09/15 19:50:02] 发送(hex): 20
[2026/09/15 19:50:02] 发送(hex): 20
[2026/09/15 19:50:02] 发送(hex): 20
[2026/09/15 19:50:02] 发送(hex): 20
[2026/09/15 19:50:02] 发送(hex): 20
[2026/09/15 19:50:02] 发送(hex): 20
[2026/09/15 19:50:02] 发送(hex): 20
[2026/09/15 19:50:02] 发送(hex): 20
[2026/09/15 19:50:02] 发送(hex): 20
[2026/09/15 19:50:02] 发送(hex): 20
[2026/09/15 19:50:02] 发送(hex): 20
[2026/09/15 19:50:02] 发送(hex): 20
[2026/09/15 19:50:02] 发送(hex): 20
[2026/09/15 19:50:02] 发送(hex): 20
[2026/09/15 19:50:02] 发送(hex): 20
[2026/09/15 19:50:02] 发送(hex): 20
[2026/09/15 19:50:02] 发送(hex): 20
[2026/09/15 19:50:02] 发送(hex): 20
[2026/09/15 19:50:02] 发送(hex): 20
[2026/09/15 19:50:02] 发送(hex): 20
[2026/09/15 19:50:02] 发送(hex): 20
[2026/09/15 19:50:02] 发送(hex): 20
[2026/09/15 19:50:02] 发送(hex): 20
[2026/09/15 19:50:02] 发送(hex): 20
[2026/09/15 19:50:02] 发送(hex): 20
[2026/09/15 19:50:02] 发送(hex): 20
[2026/09/15 19:50:02] 发送(hex): 20
[2026/09/15 19:50:02] 发送(hex): 20
[2026/09/15 19:50:02] 发送(hex): 20
[2026/09/15 19:50:02] 发送(hex): 20
[2026/09/15 19:50:02] 发送(hex): 20
[2026/09/15 19:50:03] 发送(hex): 20
[2026/09/15 19:50:03] 发送(hex): 20
[2026/09/15 19:50:03] 发送(hex): 20
[2026/09/15 19:50:03] 发送(hex): 20
[2026/09/15 19:50:03] 发送(hex): 20
[2026/09/15 19:50:03] 发送(hex): 20
[2026/09/15 19:50:03] 发送(hex): 20
[2026/09/15 19:50:03] 发送(hex): 20
[2026/09/15 19:50:03] 发送(hex): 20
[2026/09/15 19:50:03] 发送(hex): 20
[2026/09/15 19:50:03] 发送(hex): 20
[2026/09/15 19:50:03] 发送(hex): 20
[2026/09/15 19:50:03] 发送(hex): 20
[2026/09/15 19:50:03] 发送(hex): 20
[2026/09/15 19:50:03] 发送(hex): 20
[2026/09/15 19:50:03] 发送(hex): 20
[2026/09/15 19:50:03] 发送(hex): 20
[2026/09/15 19:50:03] 发送(hex): 20
[2026/09/15 19:50:03] 发送(hex): 20
[2026/09/15 19:50:03] 发送(hex): 20
[2026/09/15 19:50:03] 发送(hex): 20
[2026/09/15 19:50:03] 发送(hex): 20
[2026/09/15 19:50:03] 发送(hex): 20
[2026/09/15 19:50:03] 发送(hex): 20
[2026/09/15 19:50:03] 发送(hex): 20
[2026/09/15 19:50:03] 发送(hex): 20
[2026/09/15 19:50:03] 发送(hex): 20
[2026/09/15 19:50:03] 发送(hex): 20
[2026/09/15 19:50:03] 发送(hex): 20
[2026/09/15 19:50:03] 发送(hex): 20
[2026/09/15 19:50:03] 发送(hex): 20
[2026/09/15 19:50:03] 发送(hex): 20
[2026/09/15 19:50:03] 发送(hex): 20
[2026/09/15 19:50:03] 发送(hex): 20
[2026/09/15 19:50:03] 发送(hex): 20
[2026/09/15 19:50:03] 发送(hex): 20
[2026/09/15 19:50:03] 发送(hex): 20
[2026/09/15 19:50:03] 发送(hex): 20
[2026/09/15 19:50:03] 发送(hex): 20
[2026/09/15 19:50:03] 发送(hex): 20
[2026/09/15 19:50:03] 发送(hex): 20
[2026/09/15 19:50:03] 发送(hex): 20
[2026/09/15 19:50:03] 发送(hex): 20
[2026/09/15 19:50:03] 发送(hex): 20
[2026/09/15 19:50:03] 发送(hex): 20
[2026/09/15 19:50:03] 发送(hex): 20
[2026/09/15 19:50:03] 发送(hex): 20
[2026/09/15 19:50:03] 发送(hex): 20
[2026/09/15 19:50:03] 发送(hex): 20
[2026/09/15 19:50:03] 发送(hex): 20
[2026/09/15 19:50:03] 发送(hex): 20
[2026/09/15 19:50:03] 发送(hex): 20
[2026/09/15 19:50:03] 发送(hex): 20
[2026/09/15 19:50:03] 发送(hex): 20
[2026/09/15 19:50:03] 发送(hex): 20
[2026/09/15 19:50:03] 发送(hex): 20
[2026/09/15 19:50:03] 发送(hex): 20
[2026/09/15 19:50:03] 发送(hex): 20
[2026/09/15 19:50:03] 发送(hex): 20
[2026/09/15 19:50:03] 发送(hex): 20
[2026/09/15 19:50:03] 发送(hex): 20
[2026/09/15 19:50:03] 发送(hex): 20
[2026/09/15 19:50:03] 发送(hex): 20
[2026/09/15 19:50:03] 发送(hex): 20
[2026/09/15 19:50:03] 发送(hex): 20
[2026/09/15 19:50:03] 发送(hex): 20
[2026/09/15 19:50:03] 发送(hex): 20
[2026/09/15 19:50:03] 发送(hex): 20
[2026/09/15 19:50:03] 发送(hex): 20
[2026/09/15 19:50:03] 发送(hex): 20
[2026/09/15 19:50:03] 发送(hex): 20
[2026/09/15 19:50:03] 发送(hex): 20
[2026/09/15 19:50:03] 发送(hex): 20
[2026/09/15 19:50:03] 发送(hex): 20
[2026/09/15 19:50:03] 发送(hex): 20
[2026/09/15 19:50:03] 发送(hex): 20
[2026/09/15 19:50:03] 发送(hex): 20
[2026/09/15 19:50:03] 发送(hex): 20
[2026/09/15 19:50:03] 发送(hex): 20
[2026/09/15 19:50:03] 发送(hex): 20
[2026/09/15 19:50:03] 发送(hex): 20
[2026/09/15 19:50:03] 发送(hex): 20
[2026/09/15 19:50:03] 发送(hex): 20
[2026/09/15 19:50:03] 发送(hex): 20
[2026/09/15 19:50:03] 发送(hex): 20
[2026/09/15 19:50:03] 发送(hex): 20
[2026/09/15 19:50:03] 发送(hex): 20
[2026/09/15 19:50:03] 发送(hex): 20
[2026/09/15 19:50:03] 发送(hex): 20
[2026/09/15 19:50:03] 发送(hex): 20
[2026/09/15 19:50:03] 发送(hex): 20
[2026/09/15 19:50:03] 发送(hex): 20
[2026/09/15 19:50:04] 发送(hex): 20
[2026/09/15 19:50:04] 发送(hex): 20
[2026/09/15 19:50:04] 发送(hex): 20
[2026/09/15 19:50:04] 发送(hex): 20
[2026/09/15 19:50:04] 发送(hex): 20
[2026/09/15 19:50:04] 发送(hex): 20
[2026/09/15 19:50:04] 发送(hex): 20
[2026/09/15 19:50:04] 发送(hex): 20
[2026/09/15 19:50:04] 发送(hex): 20
[2026/09/15 19:50:04] 发送(hex): 20
[2026/09/15 19:50:04] 发送(hex): 20
[2026/09/15 19:50:04] 发送(hex): 20
[2026/09/15 19:50:04] 发送(hex): 20
[2026/09/15 19:50:04] 发送(hex): 20
[2026/09/15 19:50:04] 发送(hex): 20
[2026/09/15 19:50:04] 发送(hex): 20
[2026/09/15 19:50:04] 发送(hex): 20
[2026/09/15 19:50:04] 发送(hex): 20
[2026/09/15 19:50:04] 发送(hex): 20
[2026/09/15 19:50:04] 发送(hex): 20
[2026/09/15 19:50:04] 发送(hex): 20
[2026/09/15 19:50:04] 发送(hex): 20
[2026/09/15 19:50:04] 发送(hex): 20
[2026/09/15 19:50:04] 发送(hex): 20
[2026/09/15 19:50:04] 发送(hex): 20
[2026/09/15 19:50:04] 发送(hex): 20
[2026/09/15 19:50:04] 发送(hex): 20
[2026/09/15 19:50:04] 发送(hex): 20
[2026/09/15 19:50:04] 发送(hex): 20
[2026/09/15 19:50:04] 发送(hex): 20
[2026/09/15 19:50:04] 发送(hex): 20
[2026/09/15 19:50:04] 发送(hex): 20
[2026/09/15 19:50:04] 发送(hex): 20
[2026/09/15 19:50:04] 发送(hex): 20
[2026/09/15 19:50:04] 发送(hex): 20
[2026/09/15 19:50:04] 发送(hex): 20
[2026/09/15 19:50:04] 发送(hex): 20
[2026/09/15 19:50:04] 发送(hex): 20
[2026/09/15 19:50:04] 发送(hex): 20
[2026/09/15 19:50:04] 发送(hex): 20
[2026/09/15 19:50:04] 发送(hex): 20
[2026/09/15 19:50:04] 发送(hex): 20
[2026/09/15 19:50:04] 发送(hex): 20
[2026/09/15 19:50:04] 发送(hex): 20
[2026/09/15 19:50:04] 发送(hex): 20
[2026/09/15 19:50:04] 发送(hex): 20
[2026/09/15 19:50:04] 发送(hex): 20
[2026/09/15 19:50:04] 发送(hex): 20
[2026/09/15 19:50:04] 发送(hex): 20
[2026/09/15 19:50:04] 发送(hex): 20
[2026/09/15 19:50:04] 发送(hex): 20
[2026/09/15 19:50:04] 发送(hex): 20
[2026/09/15 19:50:04] 发送(hex): 20
[2026/09/15 19:50:04] 发送(hex): 20
[2026/09/15 19:50:04] 发送(hex): 20
[2026/09/15 19:50:04] 发送(hex): 20
[2026/09/15 19:50:04] 发送(hex): 20
[2026/09/15 19:50:04] 发送(hex): 20
[2026/09/15 19:50:04] 发送(hex): 20
[2026/09/15 19:50:04] 发送(hex): 20
[2026/09/15 19:50:04] 发送(hex): 20
[2026/09/15 19:50:04] 发送(hex): 20
[2026/09/15 19:50:04] 发送(hex): 20
[2026/09/15 19:50:04] 发送(hex): 20
[2026/09/15 19:50:04] 发送(hex): 20
[2026/09/15 19:50:04] 发送(hex): 20
[2026/09/15 19:50:04] 发送(hex): 20
[2026/09/15 19:50:04] 发送(hex): 20
[2026/09/15 19:50:04] 发送(hex): 20
[2026/09/15 19:50:04] 发送(hex): 20
[2026/09/15 19:50:04] 发送(hex): 20
[2026/09/15 19:50:04] 发送(hex): 20
[2026/09/15 19:50:04] 发送(hex): 20
[2026/09/15 19:50:04] 发送(hex): 20
[2026/09/15 19:50:04] 发送(hex): 20
[2026/09/15 19:50:04] 发送(hex): 20
[2026/09/15 19:50:04] 发送(hex): 20
[2026/09/15 19:50:04] 发送(hex): 20
[2026/09/15 19:50:04] 发送(hex): 20
[2026/09/15 19:50:04] 发送(hex): 20
[2026/09/15 19:50:04] 发送(hex): 20
[2026/09/15 19:50:04] 发送(hex): 20
[2026/09/15 19:50:04] 发送(hex): 20
[2026/09/15 19:50:04] 发送(hex): 20
[2026/09/15 19:50:04] 发送(hex): 20
[2026/09/15 19:50:04] 发送(hex): 20
[2026/09/15 19:50:04] 发送(hex): 20
[2026/09/15 19:50:04] 发送(hex): 20
[2026/09/15 19:50:04] 发送(hex): 20
[2026/09/15 19:50:04] 发送(hex): 20
[2026/09/15 19:50:04] 发送(hex): 20
[2026/09/15 19:50:04] 发送(hex): 20
[2026/09/15 19:50:04] 发送(hex): 20
[2026/09/15 19:50:05] 发送(hex): 20
[2026/09/15 19:50:05] 发送(hex): 20
[2026/09/15 19:50:05] 发送(hex): 20
[2026/09/15 19:50:05] 发送(hex): 20
[2026/09/15 19:50:05] 发送(hex): 20
[2026/09/15 19:50:05] 发送(hex): 20
[2026/09/15 19:50:05] 发送(hex): 20
[2026/09/15 19:50:05] 发送(hex): 20
[2026/09/15 19:50:05] 发送(hex): 20
[2026/09/15 19:50:05] 发送(hex): 20
[2026/09/15 19:50:05] 发送(hex): 20
[2026/09/15 19:50:05] 发送(hex): 20
[2026/09/15 19:50:05] 发送(hex): 20
[2026/09/15 19:50:05] 发送(hex): 20
[2026/09/15 19:50:05] 发送(hex): 20
[2026/09/15 19:50:05] 发送(hex): 20
[2026/09/15 19:50:05] 发送(hex): 20
[2026/09/15 19:50:05] 发送(hex): 20
[2026/09/15 19:50:05] 发送(hex): 20
[2026/09/15 19:50:05] 发送(hex): 20
[2026/09/15 19:50:05] 发送(hex): 20
[2026/09/15 19:50:05] 发送(hex): 20
[2026/09/15 19:50:05] 发送(hex): 20
[2026/09/15 19:50:05] 发送(hex): 20
[2026/09/15 19:50:05] 发送(hex): 20
[2026/09/15 19:50:05] 发送(hex): 20
[2026/09/15 19:50:05] 发送(hex): 20
[2026/09/15 19:50:05] 发送(hex): 20
[2026/09/15 19:50:05] 发送(hex): 20
[2026/09/15 19:50:05] 发送(hex): 20
[2026/09/15 19:50:05] 发送(hex): 20
[2026/09/15 19:50:05] 发送(hex): 20
[2026/09/15 19:50:05] 发送(hex): 20
[2026/09/15 19:50:05] 发送(hex): 20
[2026/09/15 19:50:05] 发送(hex): 20
[2026/09/15 19:50:05] 发送(hex): 20
[2026/09/15 19:50:05] 发送(hex): 20
[2026/09/15 19:50:05] 发送(hex): 20
[2026/09/15 19:50:05] 发送(hex): 20
[2026/09/15 19:50:05] 发送(hex): 20
[2026/09/15 19:50:05] 发送(hex): 20
[2026/09/15 19:50:05] 发送(hex): 20
[2026/09/15 19:50:05] 发送(hex): 20
[2026/09/15 19:50:05] 发送(hex): 20
[2026/09/15 19:50:05] 发送(hex): 20
[2026/09/15 19:50:05] 发送(hex): 20
[2026/09/15 19:50:05] 发送(hex): 20
[2026/09/15 19:50:05] 发送(hex): 20
[2026/09/15 19:50:05] 发送(hex): 20
[2026/09/15 19:50:05] 发送(hex): 20
[2026/09/15 19:50:05] 发送(hex): 20
[2026/09/15 19:50:05] 发送(hex): 20
[2026/09/15 19:50:05] 发送(hex): 20
[2026/09/15 19:50:05] 发送(hex): 20
[2026/09/15 19:50:05] 发送(hex): 20
[2026/09/15 19:50:05] 发送(hex): 20
[2026/09/15 19:50:05] 发送(hex): 20
[2026/09/15 19:50:05] 发送(hex): 20
[2026/09/15 19:50:05] 发送(hex): 20
[2026/09/15 19:50:05] 发送(hex): 20
[2026/09/15 19:50:05] 发送(hex): 20
[2026/09/15 19:50:05] 发送(hex): 20
[2026/09/15 19:50:05] 发送(hex): 20
[2026/09/15 19:50:05] 发送(hex): 20
[2026/09/15 19:50:05] 发送(hex): 20
[2026/09/15 19:50:05] 发送(hex): 20
[2026/09/15 19:50:05] 发送(hex): 20
[2026/09/15 19:50:05] 发送(hex): 20
[2026/09/15 19:50:05] 发送(hex): 20
[2026/09/15 19:50:05] 发送(hex): 20
[2026/09/15 19:50:05] 发送(hex): 20
[2026/09/15 19:50:05] 发送(hex): 20
[2026/09/15 19:50:05] 发送(hex): 20
[2026/09/15 19:50:05] 发送(hex): 20
[2026/09/15 19:50:05] 发送(hex): 20
[2026/09/15 19:50:05] 发送(hex): 20
[2026/09/15 19:50:05] 发送(hex): 20
[2026/09/15 19:50:05] 发送(hex): 20
[2026/09/15 19:50:05] 发送(hex): 20
[2026/09/15 19:50:05] 发送(hex): 20
[2026/09/15 19:50:05] 发送(hex): 20
[2026/09/15 19:50:05] 发送(hex): 20
[2026/09/15 19:50:05] 发送(hex): 20
[2026/09/15 19:50:05] 发送(hex): 20
[2026/09/15 19:50:05] 发送(hex): 20
[2026/09/15 19:50:05] 发送(hex): 20
[2026/09/15 19:50:05] 发送(hex): 20
[2026/09/15 19:50:05] 发送(hex): 20
[2026/09/15 19:50:05] 发送(hex): 20
[2026/09/15 19:50:05] 发送(hex): 20
[2026/09/15 19:50:05] 发送(hex): 20
[2026/09/15 19:50:05] 发送(hex): 20
[2026/09/15 19:50:05] 发送(hex): 20
[2026/09/15 19:50:06] 发送(hex): 20
[2026/09/15 19:50:06] 发送(hex): 20
[2026/09/15 19:50:06] 发送(hex): 20
[2026/09/15 19:50:06] 发送(hex): 20
[2026/09/15 19:50:06] 发送(hex): 20
[2026/09/15 19:50:06] 发送(hex): 20
[2026/09/15 19:50:06] 发送(hex): 20
[2026/09/15 19:50:06] 发送(hex): 20
[2026/09/15 19:50:06] 发送(hex): 20
[2026/09/15 19:50:06] 发送(hex): 20
[2026/09/15 19:50:06] 发送(hex): 20
[2026/09/15 19:50:06] 发送(hex): 20
[2026/09/15 19:50:06] 发送(hex): 20
[2026/09/15 19:50:06] 发送(hex): 20
[2026/09/15 19:50:06] 发送(hex): 20
[2026/09/15 19:50:06] 发送(hex): 20
[2026/09/15 19:50:06] 发送(hex): 20
[2026/09/15 19:50:06] 发送(hex): 20
[2026/09/15 19:50:06] 发送(hex): 20
[2026/09/15 19:50:06] 发送(hex): 20
[2026/09/15 19:50:06] 发送(hex): 20
[2026/09/15 19:50:06] 发送(hex): 20
[2026/09/15 19:50:06] 发送(hex): 20
[2026/09/15 19:50:06] 发送(hex): 20
[2026/09/15 19:50:06] 发送(hex): 20
[2026/09/15 19:50:06] 发送(hex): 20
[2026/09/15 19:50:06] 发送(hex): 20
[2026/09/15 19:50:06] 发送(hex): 20
[2026/09/15 19:50:06] 发送(hex): 20
[2026/09/15 19:50:06] 发送(hex): 20
[2026/09/15 19:50:06] 发送(hex): 20
[2026/09/15 19:50:06] 发送(hex): 20
[2026/09/15 19:50:06] 发送(hex): 20
[2026/09/15 19:50:06] 发送(hex): 20
[2026/09/15 19:50:06] 发送(hex): 20
[2026/09/15 19:50:06] 发送(hex): 20
[2026/09/15 19:50:06] 发送(hex): 20
[2026/09/15 19:50:06] 发送(hex): 20
[2026/09/15 19:50:06] 发送(hex): 20
[2026/09/15 19:50:06] 发送(hex): 20
[2026/09/15 19:50:06] 发送(hex): 20
[2026/09/15 19:50:06] 发送(hex): 20
[2026/09/15 19:50:06] 发送(hex): 20
[2026/09/15 19:50:06] 发送(hex): 20
[2026/09/15 19:50:06] 发送(hex): 20
[2026/09/15 19:50:06] 发送(hex): 20
[2026/09/15 19:50:06] 发送(hex): 20
[2026/09/15 19:50:06] 发送(hex): 20
[2026/09/15 19:50:06] 发送(hex): 20
[2026/09/15 19:50:06] 发送(hex): 20
[2026/09/15 19:50:06] 发送(hex): 20
[2026/09/15 19:50:06] 发送(hex): 20
[2026/09/15 19:50:06] 发送(hex): 20
[2026/09/15 19:50:06] 发送(hex): 20
[2026/09/15 19:50:06] 发送(hex): 20
[2026/09/15 19:50:06] 发送(hex): 20
[2026/09/15 19:50:06] 发送(hex): 20
[2026/09/15 19:50:06] 发送(hex): 20
[2026/09/15 19:50:06] 发送(hex): 20
[2026/09/15 19:50:06] 发送(hex): 20
[2026/09/15 19:50:06] 发送(hex): 20
[2026/09/15 19:50:06] 发送(hex): 20
[2026/09/15 19:50:06] 发送(hex): 20
[2026/09/15 19:50:06] 发送(hex): 20
[2026/09/15 19:50:06] 发送(hex): 20
[2026/09/15 19:50:06] 发送(hex): 20
[2026/09/15 19:50:06] 发送(hex): 20
[2026/09/15 19:50:06] 发送(hex): 20
[2026/09/15 19:50:06] 发送(hex): 20
[2026/09/15 19:50:06] 发送(hex): 20
[2026/09/15 19:50:06] 发送(hex): 20
[2026/09/15 19:50:06] 发送(hex): 20
[2026/09/15 19:50:06] 发送(hex): 20
[2026/09/15 19:50:06] 发送(hex): 20
[2026/09/15 19:50:06] 发送(hex): 20
[2026/09/15 19:50:06] 发送(hex): 20
[2026/09/15 19:50:06] 发送(hex): 20
[2026/09/15 19:50:06] 发送(hex): 20
[2026/09/15 19:50:06] 发送(hex): 20
[2026/09/15 19:50:06] 发送(hex): 20
[2026/09/15 19:50:06] 发送(hex): 20
[2026/09/15 19:50:06] 发送(hex): 20
[2026/09/15 19:50:06] 发送(hex): 20
[2026/09/15 19:50:06] 发送(hex): 20
[2026/09/15 19:50:06] 发送(hex): 20
[2026/09/15 19:50:06] 发送(hex): 20
[2026/09/15 19:50:06] 发送(hex): 20
[2026/09/15 19:50:06] 发送(hex): 20
[2026/09/15 19:50:06] 发送(hex): 20
[2026/09/15 19:50:06] 发送(hex): 20
[2026/09/15 19:50:06] 发送(hex): 20
[2026/09/15 19:50:06] 发送(hex): 20
[2026/09/15 19:50:06] 发送(hex): 20
[2026/09/15 19:50:07] 发送(hex): 20
[2026/09/15 19:50:07] 发送(hex): 20
[2026/09/15 19:50:07] 发送(hex): 20
[2026/09/15 19:50:07] 发送(hex): 20
[2026/09/15 19:50:07] 发送(hex): 20
[2026/09/15 19:50:07] 发送(hex): 20
[2026/09/15 19:50:07] 发送(hex): 20
[2026/09/15 19:50:07] 发送(hex): 20
[2026/09/15 19:50:07] 发送(hex): 20
[2026/09/15 19:50:07] 发送(hex): 20
[2026/09/15 19:50:07] 发送(hex): 20
[2026/09/15 19:50:07] 发送(hex): 20
[2026/09/15 19:50:07] 发送(hex): 20
[2026/09/15 19:50:07] 发送(hex): 20
[2026/09/15 19:50:07] 发送(hex): 20
[2026/09/15 19:50:07] 发送(hex): 20
[2026/09/15 19:50:07] 发送(hex): 20
[2026/09/15 19:50:07] 发送(hex): 20
[2026/09/15 19:50:07] 发送(hex): 20
[2026/09/15 19:50:07] 发送(hex): 20
[2026/09/15 19:50:07] 发送(hex): 20
[2026/09/15 19:50:07] 发送(hex): 20
[2026/09/15 19:50:07] 发送(hex): 20
[2026/09/15 19:50:07] 发送(hex): 20
[2026/09/15 19:50:07] 发送(hex): 20
[2026/09/15 19:50:07] 发送(hex): 20
[2026/09/15 19:50:07] 发送(hex): 20
[2026/09/15 19:50:07] 发送(hex): 20
[2026/09/15 19:50:07] 发送(hex): 20
[2026/09/15 19:50:07] 发送(hex): 20
[2026/09/15 19:50:07] 发送(hex): 20
[2026/09/15 19:50:07] 发送(hex): 20
[2026/09/15 19:50:07] 发送(hex): 20
[2026/09/15 19:50:07] 发送(hex): 20
[2026/09/15 19:50:07] 发送(hex): 20
[2026/09/15 19:50:07] 发送(hex): 20
[2026/09/15 19:50:07] 发送(hex): 20
[2026/09/15 19:50:07] 发送(hex): 20
[2026/09/15 19:50:07] 发送(hex): 20
[2026/09/15 19:50:07] 发送(hex): 20
[2026/09/15 19:50:07] 发送(hex): 20
[2026/09/15 19:50:07] 发送(hex): 20
[2026/09/15 19:50:07] 发送(hex): 20
[2026/09/15 19:50:07] 发送(hex): 20
[2026/09/15 19:50:07] 发送(hex): 20
[2026/09/15 19:50:07] 发送(hex): 20
[2026/09/15 19:50:07] 发送(hex): 20
[2026/09/15 19:50:07] 发送(hex): 20
[2026/09/15 19:50:07] 发送(hex): 20
[2026/09/15 19:50:07] 发送(hex): 20
[2026/09/15 19:50:07] 发送(hex): 20
[2026/09/15 19:50:07] 发送(hex): 20
[2026/09/15 19:50:07] 发送(hex): 20
[2026/09/15 19:50:07] 发送(hex): 20
[2026/09/15 19:50:07] 发送(hex): 20
[2026/09/15 19:50:07] 发送(hex): 20
[2026/09/15 19:50:07] 发送(hex): 20
[2026/09/15 19:50:07] 发送(hex): 20
[2026/09/15 19:50:07] 发送(hex): 20
[2026/09/15 19:50:07] 发送(hex): 20
[2026/09/15 19:50:07] 发送(hex): 20
[2026/09/15 19:50:07] 发送(hex): 20
[2026/09/15 19:50:07] 发送(hex): 20
[2026/09/15 19:50:07] 发送(hex): 20
[2026/09/15 19:50:07] 发送(hex): 20
[2026/09/15 19:50:07] 发送(hex): 20
[2026/09/15 19:50:07] 发送(hex): 20
[2026/09/15 19:50:07] 发送(hex): 20
[2026/09/15 19:50:07] 发送(hex): 20
[2026/09/15 19:50:07] 发送(hex): 20
[2026/09/15 19:50:07] 发送(hex): 20
[2026/09/15 19:50:07] 发送(hex): 20
[2026/09/15 19:50:07] 发送(hex): 20
[2026/09/15 19:50:07] 发送(hex): 20
[2026/09/15 19:50:07] 发送(hex): 20
[2026/09/15 19:50:07] 发送(hex): 20
[2026/09/15 19:50:07] 发送(hex): 20
[2026/09/15 19:50:07] 发送(hex): 20
[2026/09/15 19:50:07] 发送(hex): 20
[2026/09/15 19:50:07] 发送(hex): 20
[2026/09/15 19:50:07] 发送(hex): 20
[2026/09/15 19:50:07] 发送(hex): 20
[2026/09/15 19:50:07] 发送(hex): 20
[2026/09/15 19:50:07] 发送(hex): 20
[2026/09/15 19:50:07] 发送(hex): 20
[2026/09/15 19:50:07] 发送(hex): 20
[2026/09/15 19:50:07] 发送(hex): 20
[2026/09/15 19:50:07] 发送(hex): 20
[2026/09/15 19:50:07] 发送(hex): 20
[2026/09/15 19:50:07] 发送(hex): 20
[2026/09/15 19:50:07] 发送(hex): 20
[2026/09/15 19:50:07] 发送(hex): 20
[2026/09/15 19:50:07] 发送(hex): 20
[2026/09/15 19:50:07] 发送(hex): 20
[2026/09/15 19:50:08] 发送(hex): 20
[2026/09/15 19:50:08] 发送(hex): 20
[2026/09/15 19:50:08] 发送(hex): 20
[2026/09/15 19:50:08] 发送(hex): 20
[2026/09/15 19:50:08] 发送(hex): 20
[2026/09/15 19:50:08] 发送(hex): 20
[2026/09/15 19:50:08] 发送(hex): 20
[2026/09/15 19:50:08] 发送(hex): 20
[2026/09/15 19:50:08] 发送(hex): 20
[2026/09/15 19:50:08] 发送(hex): 20
[2026/09/15 19:50:08] 发送(hex): 20
[2026/09/15 19:50:08] 发送(hex): 20
[2026/09/15 19:50:08] 发送(hex): 20
[2026/09/15 19:50:08] 发送(hex): 20
[2026/09/15 19:50:08] 发送(hex): 20
[2026/09/15 19:50:08] 发送(hex): 20
[2026/09/15 19:50:08] 发送(hex): 20
[2026/09/15 19:50:08] 发送(hex): 20
[2026/09/15 19:50:08] 发送(hex): 20
[2026/09/15 19:50:08] 发送(hex): 20
[2026/09/15 19:50:08] 发送(hex): 20
[2026/09/15 19:50:08] 发送(hex): 20
[2026/09/15 19:50:08] 发送(hex): 20
[2026/09/15 19:50:08] 发送(hex): 20
[2026/09/15 19:50:08] 发送(hex): 20
[2026/09/15 19:50:08] 发送(hex): 20
[2026/09/15 19:50:08] 发送(hex): 20
[2026/09/15 19:50:08] 发送(hex): 20
[2026/09/15 19:50:08] 发送(hex): 20
[2026/09/15 19:50:08] 发送(hex): 20
[2026/09/15 19:50:08] 发送(hex): 20
[2026/09/15 19:50:08] 发送(hex): 20
[2026/09/15 19:50:08] 发送(hex): 20
[2026/09/15 19:50:08] 发送(hex): 20
[2026/09/15 19:50:08] 发送(hex): 20
[2026/09/15 19:50:08] 发送(hex): 20
[2026/09/15 19:50:08] 发送(hex): 20
[2026/09/15 19:50:08] 发送(hex): 20
[2026/09/15 19:50:08] 发送(hex): 20
[2026/09/15 19:50:08] 发送(hex): 20
[2026/09/15 19:50:08] 发送(hex): 20
[2026/09/15 19:50:08] 发送(hex): 20
[2026/09/15 19:50:08] 发送(hex): 20
[2026/09/15 19:50:08] 发送(hex): 20
[2026/09/15 19:50:08] 发送(hex): 20
[2026/09/15 19:50:08] 发送(hex): 20
[2026/09/15 19:50:08] 发送(hex): 20
[2026/09/15 19:50:08] 发送(hex): 20
[2026/09/15 19:50:08] 发送(hex): 20
[2026/09/15 19:50:08] 发送(hex): 20
[2026/09/15 19:50:08] 发送(hex): 20
[2026/09/15 19:50:08] 发送(hex): 20
[2026/09/15 19:50:08] 发送(hex): 20
[2026/09/15 19:50:08] 发送(hex): 20
[2026/09/15 19:50:08] 发送(hex): 20
[2026/09/15 19:50:08] 发送(hex): 20
[2026/09/15 19:50:08] 发送(hex): 20
[2026/09/15 19:50:08] 发送(hex): 20
[2026/09/15 19:50:08] 发送(hex): 20
[2026/09/15 19:50:08] 发送(hex): 20
[2026/09/15 19:50:08] 发送(hex): 20
[2026/09/15 19:50:08] 发送(hex): 20
[2026/09/15 19:50:08] 发送(hex): 20
[2026/09/15 19:50:08] 发送(hex): 20
[2026/09/15 19:50:08] 发送(hex): 20
[2026/09/15 19:50:08] 发送(hex): 20
[2026/09/15 19:50:08] 发送(hex): 20
[2026/09/15 19:50:08] 发送(hex): 20
[2026/09/15 19:50:08] 发送(hex): 20
[2026/09/15 19:50:08] 发送(hex): 20
[2026/09/15 19:50:08] 发送(hex): 20
[2026/09/15 19:50:08] 发送(hex): 20
[2026/09/15 19:50:08] 发送(hex): 20
[2026/09/15 19:50:08] 发送(hex): 20
[2026/09/15 19:50:08] 发送(hex): 20
[2026/09/15 19:50:08] 发送(hex): 20
[2026/09/15 19:50:08] 发送(hex): 20
[2026/09/15 19:50:08] 发送(hex): 20
[2026/09/15 19:50:08] 发送(hex): 20
[2026/09/15 19:50:08] 发送(hex): 20
[2026/09/15 19:50:08] 发送(hex): 20
[2026/09/15 19:50:08] 发送(hex): 20
[2026/09/15 19:50:08] 发送(hex): 20
[2026/09/15 19:50:08] 发送(hex): 20
[2026/09/15 19:50:08] 发送(hex): 20
[2026/09/15 19:50:08] 发送(hex): 20
[2026/09/15 19:50:08] 发送(hex): 20
[2026/09/15 19:50:08] 发送(hex): 20
[2026/09/15 19:50:08] 发送(hex): 20
[2026/09/15 19:50:08] 发送(hex): 20
[2026/09/15 19:50:08] 发送(hex): 20
[2026/09/15 19:50:08] 发送(hex): 20
[2026/09/15 19:50:08] 发送(hex): 20
[2026/09/15 19:50:09] 发送(hex): 20
[2026/09/15 19:50:09] 发送(hex): 20
[2026/09/15 19:50:09] 发送(hex): 20
[2026/09/15 19:50:09] 发送(hex): 20
[2026/09/15 19:50:09] 发送(hex): 20
[2026/09/15 19:50:09] 发送(hex): 20
[2026/09/15 19:50:09] 发送(hex): 20
[2026/09/15 19:50:09] 发送(hex): 20
[2026/09/15 19:50:09] 发送(hex): 20
[2026/09/15 19:50:09] 发送(hex): 20
[2026/09/15 19:50:09] 发送(hex): 20
[2026/09/15 19:50:09] 发送(hex): 20
[2026/09/15 19:50:09] 发送(hex): 20
[2026/09/15 19:50:09] 发送(hex): 20
[2026/09/15 19:50:09] 发送(hex): 20
[2026/09/15 19:50:09] 发送(hex): 20
[2026/09/15 19:50:09] 发送(hex): 20
[2026/09/15 19:50:09] 发送(hex): 20
[2026/09/15 19:50:09] 发送(hex): 20
[2026/09/15 19:50:09] 发送(hex): 20
[2026/09/15 19:50:09] 发送(hex): 20
[2026/09/15 19:50:09] 发送(hex): 20
[2026/09/15 19:50:09] 发送(hex): 20
[2026/09/15 19:50:09] 发送(hex): 20
[2026/09/15 19:50:09] 发送(hex): 20
[2026/09/15 19:50:09] 发送(hex): 20
[2026/09/15 19:50:09] 发送(hex): 20
[2026/09/15 19:50:09] 发送(hex): 20
[2026/09/15 19:50:09] 发送(hex): 20
[2026/09/15 19:50:09] 发送(hex): 20
[2026/09/15 19:50:09] 发送(hex): 20
[2026/09/15 19:50:09] 发送(hex): 20
[2026/09/15 19:50:09] 发送(hex): 20
[2026/09/15 19:50:09] 发送(hex): 20
[2026/09/15 19:50:09] 发送(hex): 20
[2026/09/15 19:50:09] 发送(hex): 20
[2026/09/15 19:50:09] 发送(hex): 20
[2026/09/15 19:50:09] 发送(hex): 20
[2026/09/15 19:50:09] 发送(hex): 20
[2026/09/15 19:50:09] 发送(hex): 20
[2026/09/15 19:50:09] 发送(hex): 20
[2026/09/15 19:50:09] 发送(hex): 20
[2026/09/15 19:50:09] 发送(hex): 20
[2026/09/15 19:50:09] 发送(hex): 20
[2026/09/15 19:50:09] 发送(hex): 20
[2026/09/15 19:50:09] 发送(hex): 20
[2026/09/15 19:50:09] 发送(hex): 20
[2026/09/15 19:50:09] 发送(hex): 20
[2026/09/15 19:50:09] 发送(hex): 20
[2026/09/15 19:50:09] 发送(hex): 20
[2026/09/15 19:50:09] 发送(hex): 20
[2026/09/15 19:50:09] 发送(hex): 20
[2026/09/15 19:50:09] 发送(hex): 20
[2026/09/15 19:50:09] 发送(hex): 20
[2026/09/15 19:50:09] 发送(hex): 20
[2026/09/15 19:50:09] 发送(hex): 20
[2026/09/15 19:50:09] 发送(hex): 20
[2026/09/15 19:50:09] 发送(hex): 20
[2026/09/15 19:50:09] 发送(hex): 20
[2026/09/15 19:50:09] 发送(hex): 20
[2026/09/15 19:50:09] 发送(hex): 20
[2026/09/15 19:50:09] 发送(hex): 20
[2026/09/15 19:50:09] 发送(hex): 20
[2026/09/15 19:50:09] 发送(hex): 20
[2026/09/15 19:50:09] 发送(hex): 20
[2026/09/15 19:50:09] 发送(hex): 20
[2026/09/15 19:50:09] 发送(hex): 20
[2026/09/15 19:50:09] 发送(hex): 20
[2026/09/15 19:50:09] 发送(hex): 20
[2026/09/15 19:50:09] 发送(hex): 20
[2026/09/15 19:50:09] 发送(hex): 20
[2026/09/15 19:50:09] 发送(hex): 20
[2026/09/15 19:50:09] 发送(hex): 20
[2026/09/15 19:50:09] 发送(hex): 20
[2026/09/15 19:50:09] 发送(hex): 20
[2026/09/15 19:50:09] 发送(hex): 20
[2026/09/15 19:50:09] 发送(hex): 20
[2026/09/15 19:50:09] 发送(hex): 20
[2026/09/15 19:50:09] 发送(hex): 20
[2026/09/15 19:50:09] 发送(hex): 20
[2026/09/15 19:50:09] 发送(hex): 20
[2026/09/15 19:50:09] 发送(hex): 20
[2026/09/15 19:50:09] 发送(hex): 20
[2026/09/15 19:50:09] 发送(hex): 20
[2026/09/15 19:50:09] 发送(hex): 20
[2026/09/15 19:50:09] 发送(hex): 20
[2026/09/15 19:50:09] 发送(hex): 20
[2026/09/15 19:50:09] 发送(hex): 20
[2026/09/15 19:50:09] 发送(hex): 20
[2026/09/15 19:50:09] 发送(hex): 20
[2026/09/15 19:50:09] 发送(hex): 20
[2026/09/15 19:50:09] 发送(hex): 20
[2026/09/15 19:50:09] 发送(hex): 20
[2026/09/15 19:50:09] 发送(hex): 20
[2026/09/15 19:50:10] 发送(hex): 20
[2026/09/15 19:50:10] 发送(hex): 20
[2026/09/15 19:50:10] 发送(hex): 20
[2026/09/15 19:50:10] 发送(hex): 20
[2026/09/15 19:50:10] 发送(hex): 20
[2026/09/15 19:50:10] 发送(hex): 20
[2026/09/15 19:50:10] 发送(hex): 20
[2026/09/15 19:50:10] 发送(hex): 20
[2026/09/15 19:50:10] 发送(hex): 20
[2026/09/15 19:50:10] 发送(hex): 20
[2026/09/15 19:50:10] 发送(hex): 20
[2026/09/15 19:50:10] 发送(hex): 20
[2026/09/15 19:50:10] 发送(hex): 20
[2026/09/15 19:50:10] 发送(hex): 20
[2026/09/15 19:50:10] 发送(hex): 20
[2026/09/15 19:50:10] 发送(hex): 20
[2026/09/15 19:50:10] 发送(hex): 20
[2026/09/15 19:50:10] 发送(hex): 20
[2026/09/15 19:50:10] 发送(hex): 20
[2026/09/15 19:50:10] 发送(hex): 20
[2026/09/15 19:50:10] 发送(hex): 20
[2026/09/15 19:50:10] 发送(hex): 20
[2026/09/15 19:50:10] 发送(hex): 20
[2026/09/15 19:50:10] 发送(hex): 20
[2026/09/15 19:50:10] 发送(hex): 20
[2026/09/15 19:50:10] 发送(hex): 20
[2026/09/15 19:50:10] 发送(hex): 20
[2026/09/15 19:50:10] 发送(hex): 20
[2026/09/15 19:50:10] 发送(hex): 20
[2026/09/15 19:50:10] 发送(hex): 20
[2026/09/15 19:50:10] 发送(hex): 20
[2026/09/15 19:50:10] 发送(hex): 20
[2026/09/15 19:50:10] 发送(hex): 20
[2026/09/15 19:50:10] 发送(hex): 20
[2026/09/15 19:50:10] 发送(hex): 20
[2026/09/15 19:50:10] 发送(hex): 20
[2026/09/15 19:50:10] 发送(hex): 20
[2026/09/15 19:50:10] 发送(hex): 20
[2026/09/15 19:50:10] 发送(hex): 20
[2026/09/15 19:50:10] 发送(hex): 20
[2026/09/15 19:50:10] 发送(hex): 20
[2026/09/15 19:50:10] 发送(hex): 20
[2026/09/15 19:50:10] 发送(hex): 20
[2026/09/15 19:50:10] 发送(hex): 20
[2026/09/15 19:50:10] 发送(hex): 20
[2026/09/15 19:50:10] 发送(hex): 20
[2026/09/15 19:50:10] 发送(hex): 20
[2026/09/15 19:50:10] 发送(hex): 20
[2026/09/15 19:50:10] 发送(hex): 20
[2026/09/15 19:50:10] 发送(hex): 20
[2026/09/15 19:50:10] 发送(hex): 20
[2026/09/15 19:50:10] 发送(hex): 20
[2026/09/15 19:50:10] 发送(hex): 20
[2026/09/15 19:50:10] 发送(hex): 20
[2026/09/15 19:50:10] 发送(hex): 20
[2026/09/15 19:50:10] 发送(hex): 20
[2026/09/15 19:50:10] 发送(hex): 20
[2026/09/15 19:50:10] 发送(hex): 20
[2026/09/15 19:50:10] 发送(hex): 20
[2026/09/15 19:50:10] 发送(hex): 20
[2026/09/15 19:50:10] 发送(hex): 20
[2026/09/15 19:50:10] 发送(hex): 20
[2026/09/15 19:50:10] 发送(hex): 20
[2026/09/15 19:50:10] 发送(hex): 20
[2026/09/15 19:50:10] 发送(hex): 20
[2026/09/15 19:50:10] 发送(hex): 20
[2026/09/15 19:50:10] 发送(hex): 20
[2026/09/15 19:50:10] 发送(hex): 20
[2026/09/15 19:50:10] 发送(hex): 20
[2026/09/15 19:50:10] 发送(hex): 20
[2026/09/15 19:50:10] 发送(hex): 20
[2026/09/15 19:50:10] 发送(hex): 20
[2026/09/15 19:50:10] 发送(hex): 20
[2026/09/15 19:50:10] 发送(hex): 20
[2026/09/15 19:50:10] 发送(hex): 20
[2026/09/15 19:50:10] 发送(hex): 20
[2026/09/15 19:50:10] 发送(hex): 20
[2026/09/15 19:50:10] 发送(hex): 20
[2026/09/15 19:50:10] 发送(hex): 20
[2026/09/15 19:50:10] 发送(hex): 20
[2026/09/15 19:50:10] 发送(hex): 20
[2026/09/15 19:50:10] 发送(hex): 20
[2026/09/15 19:50:10] 发送(hex): 20
[2026/09/15 19:50:10] 发送(hex): 20
[2026/09/15 19:50:10] 发送(hex): 20
[2026/09/15 19:50:10] 发送(hex): 20
[2026/09/15 19:50:10] 发送(hex): 20
[2026/09/15 19:50:10] 发送(hex): 20
[2026/09/15 19:50:10] 发送(hex): 20
[2026/09/15 19:50:10] 发送(hex): 20
[2026/09/15 19:50:10] 发送(hex): 20
[2026/09/15 19:50:10] 发送(hex): 20
[2026/09/15 19:50:10] 发送(hex): 20
[2026/09/15 19:50:11] 发送(hex): 20
[2026/09/15 19:50:11] 发送(hex): 20
[2026/09/15 19:50:11] 发送(hex): 20
[2026/09/15 19:50:11] 发送(hex): 20
[2026/09/15 19:50:11] 发送(hex): 20
[2026/09/15 19:50:11] 发送(hex): 20
[2026/09/15 19:50:11] 发送(hex): 20
[2026/09/15 19:50:11] 发送(hex): 20
[2026/09/15 19:50:11] 发送(hex): 20
[2026/09/15 19:50:11] 发送(hex): 20
[2026/09/15 19:50:11] 发送(hex): 20
[2026/09/15 19:50:11] 发送(hex): 20
[2026/09/15 19:50:11] 发送(hex): 20
[2026/09/15 19:50:11] 发送(hex): 20
[2026/09/15 19:50:11] 发送(hex): 20
[2026/09/15 19:50:11] 发送(hex): 20
[2026/09/15 19:50:11] 发送(hex): 20
[2026/09/15 19:50:11] 发送(hex): 20
[2026/09/15 19:50:11] 发送(hex): 20
[2026/09/15 19:50:11] 发送(hex): 20
[2026/09/15 19:50:11] 发送(hex): 20
[2026/09/15 19:50:11] 发送(hex): 20
[2026/09/15 19:50:11] 发送(hex): 20
[2026/09/15 19:50:11] 发送(hex): 20
[2026/09/15 19:50:11] 发送(hex): 20
[2026/09/15 19:50:11] 发送(hex): 20
[2026/09/15 19:50:11] 发送(hex): 20
[2026/09/15 19:50:11] 发送(hex): 20
[2026/09/15 19:50:11] 发送(hex): 20
[2026/09/15 19:50:11] 发送(hex): 20
[2026/09/15 19:50:11] 发送(hex): 20
[2026/09/15 19:50:11] 发送(hex): 20
[2026/09/15 19:50:11] 发送(hex): 20
[2026/09/15 19:50:11] 发送(hex): 20
[2026/09/15 19:50:11] 发送(hex): 20
[2026/09/15 19:50:11] 发送(hex): 20
[2026/09/15 19:50:11] 发送(hex): 20
[2026/09/15 19:50:11] 发送(hex): 20
[2026/09/15 19:50:11] 发送(hex): 20
[2026/09/15 19:50:11] 发送(hex): 20
[2026/09/15 19:50:11] 发送(hex): 20
[2026/09/15 19:50:11] 发送(hex): 20
[2026/09/15 19:50:11] 发送(hex): 20
[2026/09/15 19:50:11] 发送(hex): 20
[2026/09/15 19:50:11] 发送(hex): 20
[2026/09/15 19:50:11] 发送(hex): 20
[2026/09/15 19:50:11] 发送(hex): 20
[2026/09/15 19:50:11] 发送(hex): 20
[2026/09/15 19:50:11] 发送(hex): 20
[2026/09/15 19:50:11] 发送(hex): 20
[2026/09/15 19:50:11] 发送(hex): 20
[2026/09/15 19:50:11] 发送(hex): 20
[2026/09/15 19:50:11] 发送(hex): 20
[2026/09/15 19:50:16] 发送(hex): 0d
[2026/09/15 19:50:16] 发送(hex): 0d
[2026/09/15 19:50:16] Realtek>
[2026/09/15 19:50:16] 发送(hex): 0d
[2026/09/15 19:50:16] 发送(hex): 0d
[2026/09/15 19:50:16] Realtek>
[2026/09/15 19:50:16] Realtek>
[2026/09/15 19:50:16] 发送(hex): 0d
[2026/09/15 19:50:16] Realtek>
[2026/09/15 19:50:16] Realtek>
[2026/09/15 19:50:21] 发送(hex): 706d6f64652064697361626c653b72650d
[2026/09/15 19:50:21] pmode disable;re
[2026/09/15 19:50:21] uboot command for pmode disable!
[2026/09/15 19:50:21] resetting ...
[2026/09/15 19:50:21] $
[2026/09/15 19:50:21] Post romcode git
[2026/09/15 19:50:21] ver:42df880604ac78a3 (Aug 28 2026 21:41:35)
[2026/09/15 19:50:21] $
[2026/09/15 19:50:21] Hello world, RTD2875P_CN2_TV030!
[2026/09/15 19:50:21] set_wifi_reset
[2026/09/15 19:50:21] Auxcode git ver:3a4deb9ea300359e (Aug 28 2026 21:41:29)
[2026/09/15 19:50:21] flash_type = 2, secure_type = 2
[2026/09/15 19:50:21] b8062204=20000
[2026/09/15 19:50:22] slot info 0 0x0 info 1 0x9021afbe
[2026/09/15 19:50:22] g_gpt_blk_start 0x1  g_offline_gpt 0x0 last_usable_lba 0x1cd2032 num_partition_entries 0x32
[2026/09/15 19:50:22] start 0x2e600000 clt_blk 0x1973004 ctrl size 0x20
[2026/09/15 19:50:22] choose active index 0
[2026/09/15 19:50:22] part name bootloader ative_slot _a real part name bootloader_a
[2026/09/15 19:50:22] part name hwsetting start 0x100000 size 0x33600
[2026/09/15 19:50:22] part name ext_fw start 0x133600 size 0x10400
[2026/09/15 19:50:22] part name kboot start 0x143a00 size 0x16e00
[2026/09/15 19:50:22] part name uboot start 0x15a800 size 0x120400
[2026/09/15 19:50:22] ls4 2 1 = 800040a9 8000207f 80001000
[2026/09/15 19:50:22] fNewHWsettingArch = 2
[2026/09/15 19:50:22] 1.lsadcidx = 2, brand =3, offset = 0
[2026/09/15 19:50:22] 1.lsadcidx = 2, brand =3, offset = 17800
[2026/09/15 19:50:22] hwsetting from mmc
[2026/09/15 19:50:22] AC on HW offset 0x809 start 0x800 reg 0x8090800
[2026/09/15 19:50:22] total = 2f00
[2026/09/15 19:50:22] A
[2026/09/15 19:50:22] A
[2026/09/15 19:50:22] A
[2026/09/15 19:50:22] A
[2026/09/15 19:50:22] A
[2026/09/15 19:50:22] {12 14}
[2026/09/15 19:50:22] ffeeddffeeddddr ver: 62c63180
[2026/09/15 19:50:22] ori DQS0~7 {03 04 1a 1c 00 01 00 00}
[2026/09/15 19:50:22] {01 03 19 1b 00 01 00 00} {0a 08 06 09 06 05 00 00}
[2026/09/15 19:50:22] r.y.0
[2026/09/15 19:50:22] r.y.0 SCPU BISR status: Done
[2026/09/15 19:50:22] [go kb]
[2026/09/15 19:50:22] pa
[2026/09/15 19:50:22] ss bootcode info to kboot
[2026/09/15 19:50:22] num=1056
[2026/09/15 19:50:22] boot_magic=20230423
[2026/09/15 19:50:22] ---DEBUG kboot 21:41:14 Aug 28 2026 ---
[2026/09/15 19:50:22] [Kboot]eMMC(mid-15) MMC_HS50 (50000000Mhz)[8bit].
[2026/09/15 19:50:22] block info 0x1cd2032 0x3a3e000.
[2026/09/15 19:50:22] [MMC] 32 -----------> 16GB.
[2026/09/15 19:50:22] (2379beef) (0) bufsize=(null)
[2026/09/15 19:50:22] uboot start 0x15a800 size 0x120400
[2026/09/15 19:50:22] board_version:
[2026/09/15 19:50:22] ls1 = 0, ver: 0
[2026/09/15 19:50:22] [0;31mapp_main 325 board_version=0[0m
[2026/09/15 19:50:22] get FW_TZFW flash start 0xf100200 ddr buf start
[2026/09/15 19:50:22] 0x180000 image size 010c2e3 ok!
[2026/09/15 19:50:22] [INFO]RPMB auth key not written !
[2026/09/15 19:50:22] [INFO]RPMB auth key not written !
[2026/09/15 19:50:22] Current board is not frist boot.
[2026/09/15 19:50:22] ALL zero, reserved_3 has removed.
[2026/09/15 19:50:22] Current board remove reserved_3 done.
[2026/09/15 19:50:22] get FW_VK
[2026/09/15 19:50:22] ERNEL flash start 0xc100200 ddr buf start 0x1a900000 image size 05f0300 ok!
[2026/09/15 19:50:22] get FW_VKERNEL2 flash start 0xd900200 ddr buf start 0x1af00000 image size 0f4920 ok!
[2026/09/15 19:50:23] get FW_AKERNEL flash start 0xa900200 ddr buf start 0x1b200000 image size 07fbf7c ok!
[2026/09/15 19:50:23] ATFATFATF:0 1 NOTICE: kill CPU(2)...
[2026/09/15 19:50:23] ATF:0 1 NOTICE: kill (2) : PACTIVE:0
[2026/09/15 19:50:23] ATF:0 1 NOTICE:  CPU(2) kill done, pstate(0x0)
[2026/09/15 19:50:23] U
[2026/09/15 19:50:23] fixup_node_name 555. set /rese
[2026/09/15 19:50:23] rved-memory@5 to /reserved-memory
[2026/09/15 19:50:23] fixup_node_name 555. set /rtk_cma@5 to /rtk_cma
[2026/09/15 19:50:23] ### [1;31mERROR[0m ### get_movablecore 613. Can't find dtb node /reserved-memory/cma2_memory/reg
[2026/09/15 19:50:23] reinit_mem_info 1049  ddr_size 80000000
[2026/09/15 19:50:23] booting, boot_led_type: 0x00000000, led on[1]
[2026/09/15 19:50:23] set share register: 0x99100000
[2026/09/15 19:50:23] boot_power_on_mode=1
[2026/09/15 19:50:23] [get_layout:1264]!
[2026/09/15 19:50:23] boot_part value = 0 boot_tag value = 21
[2026/09/15 19:50:23] [get_oemkey] 1397: get oem.key = ATV00107525
[2026/09/15 19:50:23] Factory_RO: [EXT4] factory_ro_buffer:0a800000, factory_ro_buffer size:0x1000000!
[2026/09/15 19:50:23] Partiton factory_ro_a located at 0:6
[2026/09/15 19:50:23] factory_ro_a partition can not find /.000@bk@***!
[2026/09/15 19:50:23] Factory RO no need recovery!
[2026/09/15 19:50:23] Get tvconfigs_a partition block device index fail!
[2026/09/15 19:50:23] read customer.ini file fail!
[2026/09/15 19:50:23] parse SYS_INI path fail
[2026/09/15 19:50:23] Not support board ini mechansim!
[2026/09/15 19:50:23] Get tvconfigs_a partition block device index fail!
[2026/09/15 19:50:23] read customer.ini file fail!
[2026/09/15 19:50:23] parse SYS_INI path fail
[2026/09/15 19:50:23] load model ini file fail
[2026/09/15 19:50:23] cannot find PcbPath from ini file
[2026/09/15 19:50:23] no pcb.config in tvconfigs
[2026/09/15 19:50:23] no mnt/vendor/factorypcb.config
[2026/09/15 19:50:24] delay:342
[2026/09/15 19:50:24] Vwait
[2026/09/15 19:50:24] V1go Vwait V2go
[2026/09/15 19:50:24] DEMOD BISR check Pass a
[2026/09/15 19:50:24] nd disable demod CLK!!
[2026/09/15 19:50:24] [0;31mboard_version=0 sz=18M[0m
[2026/09/15 19:50:24] ATF:0 1 NOTICE: atf enter time:1182ms, current time:2700ms
[2026/09/15 19:50:24] ATF:0 1 NOTICE: 1st boot elapsed 2705ms
[2026/09/15 19:50:26] console:/ $
[2026/09/15 19:50:56] 发送(hex): 0d
[2026/09/15 19:50:56] 发送(hex): 0d
[2026/09/15 19:50:56] 发送(hex): 0d
[2026/09/15 19:50:56] 发送(hex): 0d
[2026/09/15 19:50:56] console:/ $
[2026/09/15 19:50:56] console:/ $
[2026/09/15 19:50:56] console:/ $
[2026/09/15 19:50:56] console:/ $
[2026/09/15 19:50:57] 发送(hex): 6c6f67636174207c67726570206d5a697046696c654e616d650d
[2026/09/15 19:50:57] logcat |grep mZipFileName
[2026/09/15 19:50:58] 08-30 18:21:55.184  1045  1093 D BootAnimation: cxtest mZipFileName:/tvcust/aio_resources/resource/extension/common_TCL_QDMINI_2K/bootanim/customized_bootanimation.zip
[2026/09/15 19:50:59] 发送(hex): 03
[2026/09/15 19:50:59] ^C
[2026/09/15 19:51:06] 发送(hex): 20
[2026/09/15 19:51:06] 发送(hex): 20
[2026/09/15 19:51:06] 发送(hex): 20
[2026/09/15 19:51:06] 发送(hex): 20
[2026/09/15 19:51:06] 发送(hex): 20
[2026/09/15 19:51:06] 发送(hex): 20
[2026/09/15 19:51:06] 发送(hex): 20
[2026/09/15 19:51:06] 发送(hex): 20
[2026/09/15 19:51:06] 发送(hex): 20
[2026/09/15 19:51:06] 发送(hex): 20
[2026/09/15 19:51:06] 发送(hex): 20
[2026/09/15 19:51:06] 发送(hex): 20
[2026/09/15 19:51:06] 发送(hex): 20
[2026/09/15 19:51:06] 发送(hex): 20
[2026/09/15 19:51:06] 发送(hex): 20
[2026/09/15 19:51:06] 发送(hex): 20
[2026/09/15 19:51:07] 发送(hex): 20
[2026/09/15 19:51:07] 发送(hex): 20
[2026/09/15 19:51:07] 发送(hex): 20
[2026/09/15 19:51:07] 发送(hex): 20
[2026/09/15 19:51:07] 发送(hex): 20
[2026/09/15 19:51:07] 发送(hex): 20
[2026/09/15 19:51:07] 发送(hex): 20
[2026/09/15 19:51:07] 发送(hex): 20
[2026/09/15 19:51:07] 发送(hex): 20
[2026/09/15 19:51:07] 发送(hex): 20
[2026/09/15 19:51:07] 发送(hex): 20
[2026/09/15 19:51:07] 发送(hex): 20
[2026/09/15 19:51:07] 发送(hex): 20
[2026/09/15 19:51:07] 发送(hex): 20
[2026/09/15 19:51:07] $
[2026/09/15 19:51:07] P
[2026/09/15 19:51:07] 发送(hex): 20
[2026/09/15 19:51:07] 发送(hex): 20
[2026/09/15 19:51:07] 发送(hex): 20
[2026/09/15 19:51:07] 发送(hex): 20
[2026/09/15 19:51:07] ost romcode git ver:42df880604ac78a3 (Aug 28 2026 21:41:35)
[2026/09/15 19:51:07] $
[2026/09/15 19:51:07] Hello world, RTD2875P_CN2_TV030!
[2026/09/15 19:51:07] set_wifi_reset
[2026/09/15 19:51:07] Auxcode git ver:3a4deb9ea300359e (Aug 28 2026 21:41:29)
[2026/09/15 19:51:07] flash_type = 2, secure_type = 2
[2026/09/15 19:51:07] b8062204=0
[2026/09/15 19:51:07] 发送(hex): 20
[2026/09/15 19:51:07] 发送(hex): 20
[2026/09/15 19:51:07] 发送(hex): 20
[2026/09/15 19:51:07] 发送(hex): 20
[2026/09/15 19:51:07] 发送(hex): 20
[2026/09/15 19:51:07] 发送(hex): 20
[2026/09/15 19:51:07] 发送(hex): 20
[2026/09/15 19:51:07] 发送(hex): 20
[2026/09/15 19:51:07] 发送(hex): 20
[2026/09/15 19:51:07] 发送(hex): 20
[2026/09/15 19:51:07] slot info 0 0x0 info 1 0x0
[2026/09/15 19:51:07] invalid reg slot status 0x0,get slot info from flash!
[2026/09/15 19:51:07] g_gpt_blk_start 0x1  g_offline_gpt 0x0 last_usable_lba 0x1cd2032 num_partition_entries 0x32
[2026/09/15 19:51:07] start 0x2e600000 clt_blk 0x1973004 ctrl size 0x20
[2026/09/15 19:51:07] choose active index 0
[2026/09/15 19:51:07] part name bootloader ative_slot _a real part name bootloader_a
[2026/09/15 19:51:07] part name hwsetting start 0x100000 size 0x33600
[2026/09/15 19:51:07] part name ext_fw start 0x133600 size 0x10400
[2026/09/15 19:51:07] part name kboot start 0x143a00 size 0x16e00
[2026/09/15 19:51:07] part name uboot start 0x15a800 size 0x120400
[2026/09/15 19:51:07] ls4 2 1 = 800040ab 8000207f 80001000
[2026/09/15 19:51:07] fNewHWsettingArch = 2
[2026/09/15 19:51:07] 1.lsadcidx = 2, brand =3, offset = 0
[2026/09/15 19:51:07] 1.lsadcidx = 2, brand =3, offset = 17800
[2026/09/15 19:51:07] hwsetting from mmc
[2026/09/15 19:51:07] AC on HW offset 0x809 start 0x800 reg 0x8090800
[2026/09/15 19:51:07] total = 2f00
[2026/09/15 19:51:07] 发送(hex): 20
[2026/09/15 19:51:07] 发送(hex): 20
[2026/09/15 19:51:07] 发送(hex): 20
[2026/09/15 19:51:07] 发送(hex): 20
[2026/09/15 19:51:07] A
[2026/09/15 19:51:07] 发送(hex): 20
[2026/09/15 19:51:07] 发送(hex): 20
[2026/09/15 19:51:07] A
[2026/09/15 19:51:07] 发送(hex): 20
[2026/09/15 19:51:07] A
[2026/09/15 19:51:07] A
[2026/09/15 19:51:07] 发送(hex): 20
[2026/09/15 19:51:07] 发送(hex): 20
[2026/09/15 19:51:07] A
[2026/09/15 19:51:07] 发送(hex): 20
[2026/09/15 19:51:07] 发送(hex): 20
[2026/09/15 19:51:07] {12 14}
[2026/09/15 19:51:07] ffeeddffeeddddr ver: 62c63180
[2026/09/15 19:51:07] ori DQS0~7 {03 04 1a 1c 00 01 00 00}
[2026/09/15 19:51:07] 发送(hex): 20
[2026/09/15 19:51:07] 发送(hex): 20
[2026/09/15 19:51:07] 发送(hex): 20
[2026/09/15 19:51:07] 发送(hex): 20
[2026/09/15 19:51:07] 发送(hex): 20
[2026/09/15 19:51:07] 发送(hex): 20
[2026/09/15 19:51:07] 发送(hex): 20
[2026/09/15 19:51:07] {01 03 19 1b 00 01 00 00} {08 08 06 09 06 05 00 00}
[2026/09/15 19:51:07] r.y.0
[2026/09/15 19:51:07] 发送(hex): 20
[2026/09/15 19:51:07] 发送(hex): 20
[2026/09/15 19:51:07] r.y.0 SCPU BISR status: Done
[2026/09/15 19:51:07] 发送(hex): 20
[2026/09/15 19:51:07] [go kb]
[2026/09/15 19:51:07] pass
[2026/09/15 19:51:07] 发送(hex): 20
[2026/09/15 19:51:07] 发送(hex): 20
[2026/09/15 19:51:07] 发送(hex): 20
[2026/09/15 19:51:07] 发送(hex): 20
[2026/09/15 19:51:07] bootcode info to kboot
[2026/09/15 19:51:07] num=1100
[2026/09/15 19:51:07] boot_magic=7f676014
[2026/09/15 19:51:07] ---DEBUG kboot 21:41:14 Aug 28 2026 ---
[2026/09/15 19:51:07] [Kboot]eMMC(mid-15) MMC_HS50 (50000000Mhz)[8bit].
[2026/09/15 19:51:07] block info 0x1cd2032 0x3a3e000.
[2026/09/15 19:51:07] [MMC] 32 -----------> 16GB.
[2026/09/15 19:51:07] 发送(hex): 20
[2026/09/15 19:51:07] 发送(hex): 20
[2026/09/15 19:51:07] (00000000) (1) bufsize=(null)
[2026/09/15 19:51:07] 发送(hex): 20
[2026/09/15 19:51:07] 发送(hex): 20
[2026/09/15 19:51:07] 发送(hex): 20
[2026/09/15 19:51:07] uboot start 0x15a800 size 0x120400
[2026/09/15 19:51:07] 发送(hex): 20
[2026/09/15 19:51:07] board_versi
[2026/09/15 19:51:07] 发送(hex): 20
[2026/09/15 19:51:07] 发送(hex): 20
[2026/09/15 19:51:07] on: ls1 = 0, ver: 0
[2026/09/15 19:51:07] [0;31mapp_main 325 board_version=0[0m
[2026/09/15 19:51:07] 发送(hex): 20
[2026/09/15 19:51:07] 发送(hex): 20
[2026/09/15 19:51:07] 发送(hex): 20
[2026/09/15 19:51:07] 发送(hex): 20
[2026/09/15 19:51:07] 发送(hex): 20
[2026/09/15 19:51:07] 发送(hex): 20
[2026/09/15 19:51:07] 发送(hex): 20
[2026/09/15 19:51:07] get FW_TZFW flash start 0xf100200 ddr buf start 0x180000 image size 010c2e3 ok!
[2026/09/15 19:51:07] [INFO]RPMB auth key not written !
[2026/09/15 19:51:07] [INFO]RPMB auth key not written !
[2026/09/15 19:51:07] Current board is not frist boot.
[2026/09/15 19:51:07] ALL zero, reserved_3 has removed.
[2026/09/15 19:51:07] Current board remove reserved_3 done.
[2026/09/15 19:51:07] 发送(hex): 20
[2026/09/15 19:51:07] 发送(hex): 20
[2026/09/15 19:51:07] 发送(hex): 20
[2026/09/15 19:51:07] 发送(hex): 20
[2026/09/15 19:51:07] 发送(hex): 20
[2026/09/15 19:51:07] 发送(hex): 20
[2026/09/15 19:51:07] 发送(hex): 20
[2026/09/15 19:51:07] 发送(hex): 20
[2026/09/15 19:51:07] 发送(hex): 20
[2026/09/15 19:51:07] 发送(hex): 20
[2026/09/15 19:51:07] 发送(hex): 20
[2026/09/15 19:51:07] 发送(hex): 20
[2026/09/15 19:51:07] 发送(hex): 20
[2026/09/15 19:51:07] 发送(hex): 20
[2026/09/15 19:51:07] 发送(hex): 20
[2026/09/15 19:51:07] 发送(hex): 20
[2026/09/15 19:51:07] 发送(hex): 20
[2026/09/15 19:51:07] 发送(hex): 20
[2026/09/15 19:51:07] get FW_VKERNEL flash start 0x
[2026/09/15 19:51:07] 发送(hex): 20
[2026/09/15 19:51:07] c100200 ddr buf start 0x1a900000 image size 05f0300 ok!
[2026/09/15 19:51:07] 发送(hex): 20
[2026/09/15 19:51:07] 发送(hex): 20
[2026/09/15 19:51:07] 发送(hex): 20
[2026/09/15 19:51:07] 发送(hex): 20
[2026/09/15 19:51:07] get FW_VKERNEL2 flash start 0xd900200 ddr buf start 0x1af00000 image size 0f4920 ok!
[2026/09/15 19:51:07] 发送(hex): 20
[2026/09/15 19:51:07] 发送(hex): 20
[2026/09/15 19:51:07] 发送(hex): 20
[2026/09/15 19:51:08] 发送(hex): 20
[2026/09/15 19:51:08] 发送(hex): 20
[2026/09/15 19:51:08] 发送(hex): 20
[2026/09/15 19:51:08] 发送(hex): 20
[2026/09/15 19:51:08] 发送(hex): 20
[2026/09/15 19:51:08] 发送(hex): 20
[2026/09/15 19:51:08] 发送(hex): 20
[2026/09/15 19:51:08] 发送(hex): 20
[2026/09/15 19:51:08] 发送(hex): 20
[2026/09/15 19:51:08] 发送(hex): 20
[2026/09/15 19:51:08] 发送(hex): 20
[2026/09/15 19:51:08] 发送(hex): 20
[2026/09/15 19:51:08] 发送(hex): 20
[2026/09/15 19:51:08] 发送(hex): 20
[2026/09/15 19:51:08] 发送(hex): 20
[2026/09/15 19:51:08] 发送(hex): 20
[2026/09/15 19:51:08] 发送(hex): 20
[2026/09/15 19:51:08] 发送(hex): 20
[2026/09/15 19:51:08] 发送(hex): 20
[2026/09/15 19:51:08] 发送(hex): 20
[2026/09/15 19:51:08] 发送(hex): 20
[2026/09/15 19:51:08] 发送(hex): 20
[2026/09/15 19:51:08] 发送(hex): 20
[2026/09/15 19:51:08] 发送(hex): 20
[2026/09/15 19:51:08] get FW_AKERNEL flash start 0xa900200 ddr buf start 0x1b200000 image size 07fbf7c ok!
[2026/09/15 19:51:08] 发送(hex): 20
[2026/09/15 19:51:08] 发送(hex): 20
[2026/09/15 19:51:08] 发送(hex): 20
[2026/09/15 19:51:08] 发送(hex): 20
[2026/09/15 19:51:08] 发送(hex): 20
[2026/09/15 19:51:08] 发送(hex): 20
[2026/09/15 19:51:08] 发送(hex): 20
[2026/09/15 19:51:08] 发送(hex): 20
[2026/09/15 19:51:08] 发送(hex): 20
[2026/09/15 19:51:08] 发送(hex): 20
[2026/09/15 19:51:08] ATFATFATF:0 1 NOTICE: kill CPU(2)...
[2026/09/15 19:51:08] ATF:0 1 NOTICE: kill (2) : PACTIVE:0
[2026/09/15 19:51:08] ATF:0 1 NOTICE:  CPU(2) kill done, pstate(0x0)
[2026/09/15 19:51:08] 发送(hex): 20
[2026/09/15 19:51:08] 发送(hex): 20
[2026/09/15 19:51:08] U
[2026/09/15 19:51:08] 发送(hex): 20
[2026/09/15 19:51:08] 发送(hex): 20
[2026/09/15 19:51:08] 发送(hex): 20
[2026/09/15 19:51:08] 发送(hex): 20
[2026/09/15 19:51:08] 发送(hex): 20
[2026/09/15 19:51:08] 发送(hex): 20
[2026/09/15 19:51:08] 发送(hex): 20
[2026/09/15 19:51:08] 发送(hex): 20
[2026/09/15 19:51:08] 发送(hex): 20
[2026/09/15 19:51:08] 发送(hex): 20
[2026/09/15 19:51:08] 发送(hex): 20
[2026/09/15 19:51:08] 发送(hex): 20
[2026/09/15 19:51:08] fixup_node_name 555. set /reserved-memor
[2026/09/15 19:51:08] 发送(hex): 20
[2026/09/15 19:51:08] 发送(hex): 20
[2026/09/15 19:51:08] 发送(hex): 20
[2026/09/15 19:51:08] y@5 to /reserved-memory
[2026/09/15 19:51:08] fixup_node_name 555. set /rtk_cma@5 to /rtk_cma
[2026/09/15 19:51:08] ### [1;31mERROR[0m ### get_movablecore 613. Can't find dtb node /reserved-memory/cma2_memory/reg
[2026/09/15 19:51:08] reinit_mem_info 1049  ddr_size 80000000
[2026/09/15 19:51:08] 发送(hex): 20
[2026/09/15 19:51:08] 发送(hex): 20
[2026/09/15 19:51:08] 发送(hex): 20
[2026/09/15 19:51:08] booting, boot_led_type: 0x00000000, led on[1]
[2026/09/15 19:51:08] set share register: 0x99100000
[2026/09/15 19:51:08] boot_power_on_mode=1
[2026/09/15 19:51:08] [get_layout:1264]!
[2026/09/15 19:51:08] 发送(hex): 20
[2026/09/15 19:51:08] 发送(hex): 20
[2026/09/15 19:51:08] 发送(hex): 20
[2026/09/15 19:51:08] 发送(hex): 20
[2026/09/15 19:51:08] 发送(hex): 20
[2026/09/15 19:51:08] 发送(hex): 20
[2026/09/15 19:51:08] 发送(hex): 20
[2026/09/15 19:51:08] boot_part value = 0 boot_tag value = 21
[2026/09/15 19:51:08] [get_oemkey] 1397: get oem.key = ATV00107525
[2026/09/15 19:51:08] Factory_RO: [EXT4] factory_ro_buffer:0a800000, factory_ro_buffer size:0x1000000!
[2026/09/15 19:51:08] Partiton factory_ro_a located at 0:6
[2026/09/15 19:51:08] factory_ro_a partition can not find /.000@bk@***!
[2026/09/15 19:51:08] Factory RO no need recovery!
[2026/09/15 19:51:08] Get tvconfigs_a partition block device index fail!
[2026/09/15 19:51:08] read customer.ini file fail!
[2026/09/15 19:51:08] parse SYS_INI path fail
[2026/09/15 19:51:08] Not support board ini mechansim!
[2026/09/15 19:51:08] Get tvconfigs_a partition block device index fail!
[2026/09/15 19:51:08] read customer.ini file fail!
[2026/09/15 19:51:08] parse SYS_INI path fail
[2026/09/15 19:51:08] load model ini file fail
[2026/09/15 19:51:08] cannot find PcbPath from ini file
[2026/09/15 19:51:08] no pcb.config in tvconfigs
[2026/09/15 19:51:08] no mnt/vendor/factorypcb.config
[2026/09/15 19:51:08] 发送(hex): 20
[2026/09/15 19:51:08] 发送(hex): 20
[2026/09/15 19:51:08] 发送(hex): 20
[2026/09/15 19:51:08] 发送(hex): 20
[2026/09/15 19:51:08] 发送(hex): 20
[2026/09/15 19:51:08] 发送(hex): 20
[2026/09/15 19:51:08] 发送(hex): 20
[2026/09/15 19:51:08] 发送(hex): 20
[2026/09/15 19:51:08] 发送(hex): 20
[2026/09/15 19:51:08] 发送(hex): 20
[2026/09/15 19:51:08] 发送(hex): 20
[2026/09/15 19:51:08] 发送(hex): 20
[2026/09/15 19:51:08] 发送(hex): 20
[2026/09/15 19:51:08] 发送(hex): 20
[2026/09/15 19:51:08] 发送(hex): 20
[2026/09/15 19:51:08] 发送(hex): 20
[2026/09/15 19:51:08] 发送(hex): 20
[2026/09/15 19:51:08] 发送(hex): 20
[2026/09/15 19:51:08] 发送(hex): 20
[2026/09/15 19:51:08] 发送(hex): 20
[2026/09/15 19:51:08] 发送(hex): 20
[2026/09/15 19:51:08] 发送(hex): 20
[2026/09/15 19:51:08] 发送(hex): 20
[2026/09/15 19:51:08] 发送(hex): 20
[2026/09/15 19:51:08] 发送(hex): 20
[2026/09/15 19:51:08] 发送(hex): 20
[2026/09/15 19:51:08] 发送(hex): 20
[2026/09/15 19:51:08] 发送(hex): 20
[2026/09/15 19:51:08] 发送(hex): 20
[2026/09/15 19:51:08] 发送(hex): 20
[2026/09/15 19:51:08] 发送(hex): 20
[2026/09/15 19:51:08] 发送(hex): 20
[2026/09/15 19:51:09] 发送(hex): 20
[2026/09/15 19:51:09] 发送(hex): 20
[2026/09/15 19:51:09] 发送(hex): 20
[2026/09/15 19:51:09] 发送(hex): 20
[2026/09/15 19:51:09] 发送(hex): 20
[2026/09/15 19:51:09] 发送(hex): 20
[2026/09/15 19:51:09] 发送(hex): 20
[2026/09/15 19:51:09] 发送(hex): 20
[2026/09/15 19:51:09] 发送(hex): 20
[2026/09/15 19:51:09] 发送(hex): 20
[2026/09/15 19:51:09] 发送(hex): 20
[2026/09/15 19:51:09] 发送(hex): 20
[2026/09/15 19:51:09] 发送(hex): 20
[2026/09/15 19:51:09] 发送(hex): 20
[2026/09/15 19:51:09] 发送(hex): 20
[2026/09/15 19:51:09] 发送(hex): 20
[2026/09/15 19:51:09] 发送(hex): 20
[2026/09/15 19:51:09] 发送(hex): 20
[2026/09/15 19:51:09] 发送(hex): 20
[2026/09/15 19:51:09] 发送(hex): 20
[2026/09/15 19:51:09] 发送(hex): 20
[2026/09/15 19:51:09] delay:426
[2026/09/15 19:51:09] 发送(hex): 20
[2026/09/15 19:51:09] 发送(hex): 20
[2026/09/15 19:51:09] 发送(hex): 20
[2026/09/15 19:51:09] 发送(hex): 20
[2026/09/15 19:51:09] 发送(hex): 20
[2026/09/15 19:51:09] 发送(hex): 20
[2026/09/15 19:51:09] 发送(hex): 20
[2026/09/15 19:51:09] 发送(hex): 20
[2026/09/15 19:51:09] 发送(hex): 20
[2026/09/15 19:51:09] 发送(hex): 20
[2026/09/15 19:51:09] 发送(hex): 20
[2026/09/15 19:51:09] 发送(hex): 20
[2026/09/15 19:51:09] 发送(hex): 20
[2026/09/15 19:51:09] 发送(hex): 20
[2026/09/15 19:51:09] 发送(hex): 20
[2026/09/15 19:51:09] 发送(hex): 20
[2026/09/15 19:51:09] 发送(hex): 20
[2026/09/15 19:51:09] 发送(hex): 20
[2026/09/15 19:51:09] 发送(hex): 20
[2026/09/15 19:51:09] 发送(hex): 20
[2026/09/15 19:51:09] 发送(hex): 20
[2026/09/15 19:51:09] 发送(hex): 20
[2026/09/15 19:51:09] 发送(hex): 20
[2026/09/15 19:51:09] 发送(hex): 20
[2026/09/15 19:51:09] 发送(hex): 20
[2026/09/15 19:51:09] 发送(hex): 20
[2026/09/15 19:51:09] 发送(hex): 20
[2026/09/15 19:51:09] 发送(hex): 20
[2026/09/15 19:51:09] 发送(hex): 20
[2026/09/15 19:51:09] 发送(hex): 20
[2026/09/15 19:51:09] 发送(hex): 20
[2026/09/15 19:51:09] 发送(hex): 20
[2026/09/15 19:51:09] 发送(hex): 20
[2026/09/15 19:51:09] 发送(hex): 20
[2026/09/15 19:51:09] 发送(hex): 20
[2026/09/15 19:51:09] 发送(hex): 20
[2026/09/15 19:51:09] 发送(hex): 20
[2026/09/15 19:51:09] 发送(hex): 20
[2026/09/15 19:51:09] 发送(hex): 20
[2026/09/15 19:51:09] 发送(hex): 20
[2026/09/15 19:51:09] 发送(hex): 20
[2026/09/15 19:51:09] 发送(hex): 20
[2026/09/15 19:51:09] 发送(hex): 20
[2026/09/15 19:51:09] Ne
[2026/09/15 19:51:09] 发送(hex): 20
[2026/09/15 19:51:09] 发送(hex): 20
[2026/09/15 19:51:09] t:   r8168: REALTEK RTL8168 @0x18016000
[2026/09/15 19:51:09] 发送(hex): 20
[2026/09/15 19:51:09] Start Boot Set
[2026/09/15 19:51:09] 发送(hex): 20
[2026/09/15 19:51:09] 发送(hex): 20
[2026/09/15 19:51:09] up ...
[2026/09/15 19:51:09] (powerMgr_get_wakeup_source)2012/05/30 19:50
[2026/09/15 19:51:09] wakeup source : AC
[2026/09/15 19:51:09] 发送(hex): 20
[2026/09/15 19:51:09] 发送(hex): 20
[2026/09/15 19:51:09] 发送(hex): 20
[2026/09/15 19:51:09] (powerMgr_get_wakeup_source)2012/05/30 19:50
[2026/09/15 19:51:09] wakeup source : AC
[2026/09/15 19:51:09] wakeup_src=0, boot_logo_enable=1, bgm_boot_type=0, POWER_ON_MODE_SILEN=0.
[2026/09/15 19:51:09] 发送(hex): 20
[2026/09/15 19:51:09] 发送(hex): 20
[2026/09/15 19:51:09] 发送(hex): 20
[2026/09/15 19:51:09] GDMA module_init finish
[2026/09/15 19:51:09] [GDMA] OSD size[3840,2160]
[2026/09/15 19:51:09] [GDMA] gdma_showlogo gdma show logo 2629
[2026/09/15 19:51:09] Net:   r8168: REALTEK RTL8168 @0x18016000
[2026/09/15 19:51:09] 发送(hex): 20
[2026/09/15 19:51:09] 发送(hex): 20
[2026/09/15 19:51:09] ## Android Verified Boot 2.0 v
[2026/09/15 19:51:09] 发送(hex): 20
[2026/09/15 19:51:09] ersion 1.1.0
[2026/09/15 19:51:09] 发送(hex): 20
[2026/09/15 19:51:09] 发送(hex): 20
[2026/09/15 19:51:09] 发送(hex): 20
[2026/09/15 19:51:09] 发送(hex): 20
[2026/09/15 19:51:09] 发送(hex): 20
[2026/09/15 19:51:09] 发送(hex): 20
[2026/09/15 19:51:09] 发送(hex): 20
[2026/09/15 19:51:09] 发送(hex): 20
[2026/09/15 19:51:09] 发送(hex): 20
[2026/09/15 19:51:09] 发送(hex): 20
[2026/09/15 19:51:09] 发送(hex): 20
[2026/09/15 19:51:09] 发送(hex): 20
[2026/09/15 19:51:09] 发送(hex): 20
[2026/09/15 19:51:09] 发送(hex): 20
[2026/09/15 19:51:09] 发送(hex): 20
[2026/09/15 19:51:09] 发送(hex): 20
[2026/09/15 19:51:10] 发送(hex): 20
[2026/09/15 19:51:10] 发送(hex): 20
[2026/09/15 19:51:10] 发送(hex): 20
[2026/09/15 19:51:10] 发送(hex): 20
[2026/09/15 19:51:10] 发送(hex): 20
[2026/09/15 19:51:10] 发送(hex): 20
[2026/09/15 19:51:10] 发送(hex): 20
[2026/09/15 19:51:10] 发送(hex): 20
[2026/09/15 19:51:10] 发送(hex): 20
[2026/09/15 19:51:10] 发送(hex): 20
[2026/09/15 19:51:10] 发送(hex): 20
[2026/09/15 19:51:10] 发送(hex): 20
[2026/09/15 19:51:10] 发送(hex): 20
[2026/09/15 19:51:10] 发送(hex): 20
[2026/09/15 19:51:10] 发送(hex): 20
[2026/09/15 19:51:10] 发送(hex): 20
[2026/09/15 19:51:10] 发送(hex): 20
[2026/09/15 19:51:10] 发送(hex): 20
[2026/09/15 19:51:10] 发送(hex): 20
[2026/09/15 19:51:10] 发送(hex): 20
[2026/09/15 19:51:10] 发送(hex): 20
[2026/09/15 19:51:10] 发送(hex): 20
[2026/09/15 19:51:10] 发送(hex): 20
[2026/09/15 19:51:10] 发送(hex): 20
[2026/09/15 19:51:10] 发送(hex): 20
[2026/09/15 19:51:10] 发送(hex): 20
[2026/09/15 19:51:10] 发送(hex): 20
[2026/09/15 19:51:10] 发送(hex): 20
[2026/09/15 19:51:10] 发送(hex): 20
[2026/09/15 19:51:10] 发送(hex): 20
[2026/09/15 19:51:10] 发送(hex): 20
[2026/09/15 19:51:10] Verification passed successfully
[2026/09/15 19:51:10] [Skip A] boot manual mode
[2026/09/15 19:51:10] [Skip V] boot manual mode
[2026/09/15 19:51:10] is_avb_verify_hash_partition 164 find avb verify part_name boot img_buf 0x66400000 size 0x307a000
[2026/09/15 19:51:10] boot header version : 4
[2026/09/15 19:51:10] is_avb_verify_hash_partition 164 find avb verify part_name vendor_boot img_buf 0x6bc00000 size 0x10a3000
[2026/09/15 19:51:10] get_partition_content_by_name 11954 get gpt_name init_boot_a err,try part name init_boot!
[2026/09/15 19:51:10] get_partition_content_by_name 11956 get part name init_boot err!
[2026/09/15 19:51:10] 发送(hex): 20
[2026/09/15 19:51:10] 发送(hex): 20
[2026/09/15 19:51:10] 发送(hex): 20
[2026/09/15 19:51:10] 发送(hex): 20
[2026/09/15 19:51:10] 发送(hex): 20
[2026/09/15 19:51:10] 发送(hex): 20
[2026/09/15 19:51:10] 发送(hex): 20
[2026/09/15 19:51:10] 发送(hex): 20
[2026/09/15 19:51:10] get_merge_ramdisk 11932 cur_ramdisk_size 0xf3096 real_cur_ramdisk_size 0xf3096
[2026/09/15 19:51:10] get_merge_ramdisk 11932 cur_ramdisk_size 0x2019e5 real_cur_ramdisk_size 0x2019e5
[2026/09/15 19:51:10] is_avb_verify_hash_partition 164 find avb verify part_name dtbo img_buf 0x6fc00000 size 0x1186
[2026/09/15 19:51:10] Net:   r8168: REALTEK RTL8168 @0x18016000
[2026/09/15 19:51:10] 发送(hex): 20
[2026/09/15 19:51:10] 发送(hex): 20
[2026/09/15 19:51:10] 发送(hex): 20
[2026/09/15 19:51:10] 发送(hex): 20
[2026/09/15 19:51:10] [Skip K] boot manual mode (execute "go all")
[2026/09/15 19:51:10] Enter console mode, disable watchdog ...
[2026/09/15 19:51:10] Realtek>
[2026/09/15 19:51:10] 发送(hex): 20
[2026/09/15 19:51:10] 发送(hex): 20
[2026/09/15 19:51:10] 发送(hex): 20
[2026/09/15 19:51:10] 发送(hex): 20
[2026/09/15 19:51:10] 发送(hex): 20
[2026/09/15 19:51:10] 发送(hex): 20
[2026/09/15 19:51:10] 发送(hex): 20
[2026/09/15 19:51:10] 发送(hex): 20
[2026/09/15 19:51:10] 发送(hex): 20
[2026/09/15 19:51:10] 发送(hex): 20
[2026/09/15 19:51:10] 发送(hex): 20
[2026/09/15 19:51:10] 发送(hex): 20
[2026/09/15 19:51:10] 发送(hex): 20
[2026/09/15 19:51:10] 发送(hex): 20
[2026/09/15 19:51:10] 发送(hex): 20
[2026/09/15 19:51:10] 发送(hex): 20
[2026/09/15 19:51:10] 发送(hex): 20
[2026/09/15 19:51:10] 发送(hex): 20
[2026/09/15 19:51:10] 发送(hex): 20
[2026/09/15 19:51:10] 发送(hex): 20
[2026/09/15 19:51:10] 发送(hex): 20
[2026/09/15 19:51:10] 发送(hex): 20
[2026/09/15 19:51:10] 发送(hex): 20
[2026/09/15 19:51:10] 发送(hex): 20
[2026/09/15 19:51:10] 发送(hex): 20
[2026/09/15 19:51:10] 发送(hex): 20
[2026/09/15 19:51:10] 发送(hex): 20
[2026/09/15 19:51:10] 发送(hex): 20
[2026/09/15 19:51:10] 发送(hex): 20
[2026/09/15 19:51:10] 发送(hex): 20
[2026/09/15 19:51:10] 发送(hex): 20
[2026/09/15 19:51:10] 发送(hex): 20
[2026/09/15 19:51:10] 发送(hex): 20
[2026/09/15 19:51:10] 发送(hex): 20
[2026/09/15 19:51:10] 发送(hex): 20
[2026/09/15 19:51:10] 发送(hex): 20
[2026/09/15 19:51:10] 发送(hex): 20
[2026/09/15 19:51:10] 发送(hex): 20
[2026/09/15 19:51:10] 发送(hex): 20
[2026/09/15 19:51:10] 发送(hex): 20
[2026/09/15 19:51:10] 发送(hex): 20
[2026/09/15 19:51:10] 发送(hex): 20
[2026/09/15 19:51:10] 发送(hex): 20
[2026/09/15 19:51:10] 发送(hex): 20
[2026/09/15 19:51:10] 发送(hex): 20
[2026/09/15 19:51:10] 发送(hex): 20
[2026/09/15 19:51:10] 发送(hex): 20
[2026/09/15 19:51:10] 发送(hex): 20
[2026/09/15 19:51:10] 发送(hex): 20
[2026/09/15 19:51:10] 发送(hex): 20
[2026/09/15 19:51:11] 发送(hex): 20
[2026/09/15 19:51:11] 发送(hex): 20
[2026/09/15 19:51:11] 发送(hex): 20
[2026/09/15 19:51:11] 发送(hex): 20
[2026/09/15 19:51:11] 发送(hex): 20
[2026/09/15 19:51:11] 发送(hex): 20
[2026/09/15 19:51:11] 发送(hex): 20
[2026/09/15 19:51:11] 发送(hex): 20
[2026/09/15 19:51:11] 发送(hex): 20
[2026/09/15 19:51:11] 发送(hex): 20
[2026/09/15 19:51:11] 发送(hex): 20
[2026/09/15 19:51:11] 发送(hex): 20
[2026/09/15 19:51:11] 发送(hex): 20
[2026/09/15 19:51:11] 发送(hex): 20
[2026/09/15 19:51:11] 发送(hex): 20
[2026/09/15 19:51:11] 发送(hex): 20
[2026/09/15 19:51:11] 发送(hex): 20
[2026/09/15 19:51:11] 发送(hex): 20
[2026/09/15 19:51:11] 发送(hex): 20
[2026/09/15 19:51:11] 发送(hex): 20
[2026/09/15 19:51:11] 发送(hex): 20
[2026/09/15 19:51:11] 发送(hex): 20
[2026/09/15 19:51:11] 发送(hex): 20
[2026/09/15 19:51:11] 发送(hex): 20
[2026/09/15 19:51:11] 发送(hex): 20
[2026/09/15 19:51:11] 发送(hex): 20
[2026/09/15 19:51:11] 发送(hex): 20
[2026/09/15 19:51:11] 发送(hex): 20
[2026/09/15 19:51:11] 发送(hex): 20
[2026/09/15 19:51:11] 发送(hex): 20
[2026/09/15 19:51:11] 发送(hex): 20
[2026/09/15 19:51:11] 发送(hex): 20
[2026/09/15 19:51:11] 发送(hex): 20
[2026/09/15 19:51:11] 发送(hex): 20
[2026/09/15 19:51:11] 发送(hex): 20
[2026/09/15 19:51:11] 发送(hex): 20
[2026/09/15 19:51:11] 发送(hex): 20
[2026/09/15 19:51:11] 发送(hex): 20
[2026/09/15 19:51:11] 发送(hex): 20
[2026/09/15 19:51:11] 发送(hex): 20
[2026/09/15 19:51:11] 发送(hex): 20
[2026/09/15 19:51:11] 发送(hex): 20
[2026/09/15 19:51:11] 发送(hex): 20
[2026/09/15 19:51:11] 发送(hex): 20
[2026/09/15 19:51:11] 发送(hex): 20
[2026/09/15 19:51:11] 发送(hex): 20
[2026/09/15 19:51:11] 发送(hex): 20
[2026/09/15 19:51:11] 发送(hex): 20
[2026/09/15 19:51:11] 发送(hex): 20
[2026/09/15 19:51:11] 发送(hex): 20
[2026/09/15 19:51:11] 发送(hex): 20
[2026/09/15 19:51:11] 发送(hex): 20
[2026/09/15 19:51:11] 发送(hex): 20
[2026/09/15 19:51:11] 发送(hex): 20
[2026/09/15 19:51:11] 发送(hex): 20
[2026/09/15 19:51:11] 发送(hex): 20
[2026/09/15 19:51:11] 发送(hex): 20
[2026/09/15 19:51:11] 发送(hex): 20
[2026/09/15 19:51:11] 发送(hex): 20
[2026/09/15 19:51:11] 发送(hex): 20
[2026/09/15 19:51:11] 发送(hex): 20
[2026/09/15 19:51:11] 发送(hex): 20
[2026/09/15 19:51:11] 发送(hex): 20
[2026/09/15 19:51:11] 发送(hex): 20
[2026/09/15 19:51:11] 发送(hex): 20
[2026/09/15 19:51:11] 发送(hex): 20
[2026/09/15 19:51:11] 发送(hex): 20
[2026/09/15 19:51:11] 发送(hex): 20
[2026/09/15 19:51:11] 发送(hex): 20
[2026/09/15 19:51:11] 发送(hex): 20
[2026/09/15 19:51:11] 发送(hex): 20
[2026/09/15 19:51:11] 发送(hex): 20
[2026/09/15 19:51:11] 发送(hex): 20
[2026/09/15 19:51:11] 发送(hex): 20
[2026/09/15 19:51:11] 发送(hex): 20
[2026/09/15 19:51:11] 发送(hex): 20
[2026/09/15 19:51:11] 发送(hex): 20
[2026/09/15 19:51:11] 发送(hex): 20
[2026/09/15 19:51:11] 发送(hex): 20
[2026/09/15 19:51:11] 发送(hex): 20
[2026/09/15 19:51:11] 发送(hex): 20
[2026/09/15 19:51:11] 发送(hex): 20
[2026/09/15 19:51:11] 发送(hex): 20
[2026/09/15 19:51:11] 发送(hex): 20
[2026/09/15 19:51:11] 发送(hex): 20
[2026/09/15 19:51:11] 发送(hex): 20
[2026/09/15 19:51:11] 发送(hex): 20
[2026/09/15 19:51:11] 发送(hex): 20
[2026/09/15 19:51:11] 发送(hex): 20
[2026/09/15 19:51:11] 发送(hex): 20
[2026/09/15 19:51:11] 发送(hex): 20
[2026/09/15 19:51:11] 发送(hex): 20
[2026/09/15 19:51:11] 发送(hex): 20
[2026/09/15 19:51:11] 发送(hex): 20
[2026/09/15 19:51:12] 发送(hex): 20
[2026/09/15 19:51:12] 发送(hex): 20
[2026/09/15 19:51:12] 发送(hex): 20
[2026/09/15 19:51:12] 发送(hex): 20
[2026/09/15 19:51:12] 发送(hex): 20
[2026/09/15 19:51:12] 发送(hex): 20
[2026/09/15 19:51:12] 发送(hex): 20
[2026/09/15 19:51:12] 发送(hex): 20
[2026/09/15 19:51:12] 发送(hex): 20
[2026/09/15 19:51:12] 发送(hex): 20
[2026/09/15 19:51:12] 发送(hex): 20
[2026/09/15 19:51:12] 发送(hex): 20
[2026/09/15 19:51:12] 发送(hex): 20
[2026/09/15 19:51:12] 发送(hex): 20
[2026/09/15 19:51:12] 发送(hex): 20
[2026/09/15 19:51:12] 发送(hex): 20
[2026/09/15 19:51:12] 发送(hex): 20
[2026/09/15 19:51:12] 发送(hex): 20
[2026/09/15 19:51:12] 发送(hex): 20
[2026/09/15 19:51:12] 发送(hex): 20
[2026/09/15 19:51:12] 发送(hex): 20
[2026/09/15 19:51:12] 发送(hex): 20
[2026/09/15 19:51:12] 发送(hex): 20
[2026/09/15 19:51:12] 发送(hex): 20
[2026/09/15 19:51:12] 发送(hex): 20
[2026/09/15 19:51:12] 发送(hex): 20
[2026/09/15 19:51:12] 发送(hex): 20
[2026/09/15 19:51:12] 发送(hex): 20
[2026/09/15 19:51:12] 发送(hex): 20
[2026/09/15 19:51:12] 发送(hex): 20
[2026/09/15 19:51:12] 发送(hex): 20
[2026/09/15 19:51:12] 发送(hex): 20
[2026/09/15 19:51:12] 发送(hex): 20
[2026/09/15 19:51:12] 发送(hex): 20
[2026/09/15 19:51:12] 发送(hex): 20
[2026/09/15 19:51:12] 发送(hex): 20
[2026/09/15 19:51:12] 发送(hex): 20
[2026/09/15 19:51:12] 发送(hex): 20
[2026/09/15 19:51:12] 发送(hex): 20
[2026/09/15 19:51:12] 发送(hex): 20
[2026/09/15 19:51:12] 发送(hex): 20
[2026/09/15 19:51:12] 发送(hex): 20
[2026/09/15 19:51:12] 发送(hex): 20
[2026/09/15 19:51:12] 发送(hex): 20
[2026/09/15 19:51:12] 发送(hex): 20
[2026/09/15 19:51:12] 发送(hex): 20
[2026/09/15 19:51:12] 发送(hex): 20
[2026/09/15 19:51:12] 发送(hex): 20
[2026/09/15 19:51:12] 发送(hex): 20
[2026/09/15 19:51:12] 发送(hex): 20
[2026/09/15 19:51:12] 发送(hex): 20
[2026/09/15 19:51:12] 发送(hex): 20
[2026/09/15 19:51:12] 发送(hex): 20
[2026/09/15 19:51:12] 发送(hex): 20
[2026/09/15 19:51:12] 发送(hex): 20
[2026/09/15 19:51:12] 发送(hex): 20
[2026/09/15 19:51:12] 发送(hex): 20
[2026/09/15 19:51:12] 发送(hex): 20
[2026/09/15 19:51:12] 发送(hex): 20
[2026/09/15 19:51:12] 发送(hex): 20
[2026/09/15 19:51:12] 发送(hex): 20
[2026/09/15 19:51:12] 发送(hex): 20
[2026/09/15 19:51:12] 发送(hex): 20
[2026/09/15 19:51:12] 发送(hex): 20
[2026/09/15 19:51:12] 发送(hex): 20
[2026/09/15 19:51:12] 发送(hex): 20
[2026/09/15 19:51:12] 发送(hex): 20
[2026/09/15 19:51:12] 发送(hex): 20
[2026/09/15 19:51:12] 发送(hex): 20
[2026/09/15 19:51:12] 发送(hex): 20
[2026/09/15 19:51:12] 发送(hex): 20
[2026/09/15 19:51:12] 发送(hex): 20
[2026/09/15 19:51:12] 发送(hex): 20
[2026/09/15 19:51:12] 发送(hex): 20
[2026/09/15 19:51:12] 发送(hex): 20
[2026/09/15 19:51:12] 发送(hex): 20
[2026/09/15 19:51:12] 发送(hex): 20
[2026/09/15 19:51:12] 发送(hex): 20
[2026/09/15 19:51:12] 发送(hex): 20
[2026/09/15 19:51:12] 发送(hex): 20
[2026/09/15 19:51:12] 发送(hex): 20
[2026/09/15 19:51:12] 发送(hex): 20
[2026/09/15 19:51:12] 发送(hex): 20
[2026/09/15 19:51:12] 发送(hex): 20
[2026/09/15 19:51:12] 发送(hex): 20
[2026/09/15 19:51:12] 发送(hex): 20
[2026/09/15 19:51:12] 发送(hex): 20
[2026/09/15 19:51:12] 发送(hex): 20
[2026/09/15 19:51:12] 发送(hex): 20
[2026/09/15 19:51:12] 发送(hex): 20
[2026/09/15 19:51:12] 发送(hex): 20
[2026/09/15 19:51:12] 发送(hex): 20
[2026/09/15 19:51:12] 发送(hex): 20
[2026/09/15 19:51:13] 发送(hex): 20
[2026/09/15 19:51:13] 发送(hex): 20
[2026/09/15 19:51:13] 发送(hex): 20
[2026/09/15 19:51:13] 发送(hex): 20
[2026/09/15 19:51:13] 发送(hex): 20
[2026/09/15 19:51:13] 发送(hex): 20
[2026/09/15 19:51:13] 发送(hex): 20
[2026/09/15 19:51:13] 发送(hex): 20
[2026/09/15 19:51:13] 发送(hex): 20
[2026/09/15 19:51:13] 发送(hex): 20
[2026/09/15 19:51:13] 发送(hex): 20
[2026/09/15 19:51:13] 发送(hex): 20
[2026/09/15 19:51:13] 发送(hex): 20
[2026/09/15 19:51:13] 发送(hex): 20
[2026/09/15 19:51:13] 发送(hex): 20
[2026/09/15 19:51:13] 发送(hex): 20
[2026/09/15 19:51:13] 发送(hex): 20
[2026/09/15 19:51:13] 发送(hex): 20
[2026/09/15 19:51:13] 发送(hex): 20
[2026/09/15 19:51:13] 发送(hex): 20
[2026/09/15 19:51:13] 发送(hex): 20
[2026/09/15 19:51:13] 发送(hex): 20
[2026/09/15 19:51:13] 发送(hex): 20
[2026/09/15 19:51:13] 发送(hex): 20
[2026/09/15 19:51:13] 发送(hex): 20
[2026/09/15 19:51:13] 发送(hex): 20
[2026/09/15 19:51:13] 发送(hex): 20
[2026/09/15 19:51:13] 发送(hex): 20
[2026/09/15 19:51:13] 发送(hex): 20
[2026/09/15 19:51:13] 发送(hex): 20
[2026/09/15 19:51:13] 发送(hex): 20
[2026/09/15 19:51:13] 发送(hex): 20
[2026/09/15 19:51:13] 发送(hex): 20
[2026/09/15 19:51:13] 发送(hex): 20
[2026/09/15 19:51:13] 发送(hex): 20
[2026/09/15 19:51:13] 发送(hex): 20
[2026/09/15 19:51:13] 发送(hex): 20
[2026/09/15 19:51:13] 发送(hex): 20
[2026/09/15 19:51:13] 发送(hex): 20
[2026/09/15 19:51:13] 发送(hex): 20
[2026/09/15 19:51:13] 发送(hex): 20
[2026/09/15 19:51:13] 发送(hex): 20
[2026/09/15 19:51:13] 发送(hex): 20
[2026/09/15 19:51:13] 发送(hex): 20
[2026/09/15 19:51:13] 发送(hex): 20
[2026/09/15 19:51:13] 发送(hex): 20
[2026/09/15 19:51:13] 发送(hex): 20
[2026/09/15 19:51:13] 发送(hex): 20
[2026/09/15 19:51:13] 发送(hex): 20
[2026/09/15 19:51:13] 发送(hex): 20
[2026/09/15 19:51:13] 发送(hex): 20
[2026/09/15 19:51:13] 发送(hex): 20
[2026/09/15 19:51:13] 发送(hex): 20
[2026/09/15 19:51:13] 发送(hex): 20
[2026/09/15 19:51:13] 发送(hex): 20
[2026/09/15 19:51:13] 发送(hex): 20
[2026/09/15 19:51:13] 发送(hex): 20
[2026/09/15 19:51:13] 发送(hex): 20
[2026/09/15 19:51:13] 发送(hex): 20
[2026/09/15 19:51:13] 发送(hex): 20
[2026/09/15 19:51:13] 发送(hex): 20
[2026/09/15 19:51:13] 发送(hex): 20
[2026/09/15 19:51:13] 发送(hex): 20
[2026/09/15 19:51:13] 发送(hex): 20
[2026/09/15 19:51:13] 发送(hex): 20
[2026/09/15 19:51:13] 发送(hex): 20
[2026/09/15 19:51:13] 发送(hex): 20
[2026/09/15 19:51:13] 发送(hex): 20
[2026/09/15 19:51:13] 发送(hex): 20
[2026/09/15 19:51:13] 发送(hex): 20
[2026/09/15 19:51:13] 发送(hex): 20
[2026/09/15 19:51:13] 发送(hex): 20
[2026/09/15 19:51:13] 发送(hex): 20
[2026/09/15 19:51:13] 发送(hex): 20
[2026/09/15 19:51:13] 发送(hex): 20
[2026/09/15 19:51:13] 发送(hex): 20
[2026/09/15 19:51:13] 发送(hex): 20
[2026/09/15 19:51:13] 发送(hex): 20
[2026/09/15 19:51:13] 发送(hex): 20
[2026/09/15 19:51:13] 发送(hex): 20
[2026/09/15 19:51:13] 发送(hex): 20
[2026/09/15 19:51:13] 发送(hex): 20
[2026/09/15 19:51:13] 发送(hex): 20
[2026/09/15 19:51:13] 发送(hex): 20
[2026/09/15 19:51:13] 发送(hex): 20
[2026/09/15 19:51:13] 发送(hex): 20
[2026/09/15 19:51:13] 发送(hex): 20
[2026/09/15 19:51:13] 发送(hex): 20
[2026/09/15 19:51:13] 发送(hex): 20
[2026/09/15 19:51:13] 发送(hex): 20
[2026/09/15 19:51:13] 发送(hex): 20
[2026/09/15 19:51:13] 发送(hex): 20
[2026/09/15 19:51:13] 发送(hex): 20
[2026/09/15 19:51:14] 发送(hex): 20
[2026/09/15 19:51:14] 发送(hex): 20
[2026/09/15 19:51:14] 发送(hex): 20
[2026/09/15 19:51:14] 发送(hex): 20
[2026/09/15 19:51:14] 发送(hex): 20
[2026/09/15 19:51:14] 发送(hex): 20
[2026/09/15 19:51:14] 发送(hex): 20
[2026/09/15 19:51:14] 发送(hex): 20
[2026/09/15 19:51:14] 发送(hex): 20
[2026/09/15 19:51:14] 发送(hex): 20
[2026/09/15 19:51:14] 发送(hex): 20
[2026/09/15 19:51:14] 发送(hex): 20
[2026/09/15 19:51:14] 发送(hex): 20
[2026/09/15 19:51:14] 发送(hex): 20
[2026/09/15 19:51:14] 发送(hex): 20
[2026/09/15 19:51:14] 发送(hex): 20
[2026/09/15 19:51:14] 发送(hex): 20
[2026/09/15 19:51:14] 发送(hex): 20
[2026/09/15 19:51:14] 发送(hex): 20
[2026/09/15 19:51:14] 发送(hex): 20
[2026/09/15 19:51:14] 发送(hex): 20
[2026/09/15 19:51:14] 发送(hex): 20
[2026/09/15 19:51:14] 发送(hex): 20
[2026/09/15 19:51:14] 发送(hex): 20
[2026/09/15 19:51:14] 发送(hex): 20
[2026/09/15 19:51:14] 发送(hex): 20
[2026/09/15 19:51:14] 发送(hex): 20
[2026/09/15 19:51:14] 发送(hex): 20
[2026/09/15 19:51:14] 发送(hex): 20
[2026/09/15 19:51:14] 发送(hex): 20
[2026/09/15 19:51:14] 发送(hex): 20
[2026/09/15 19:51:14] 发送(hex): 20
[2026/09/15 19:51:14] 发送(hex): 20
[2026/09/15 19:51:14] 发送(hex): 20
[2026/09/15 19:51:14] 发送(hex): 20
[2026/09/15 19:51:14] 发送(hex): 20
[2026/09/15 19:51:14] 发送(hex): 20
[2026/09/15 19:51:14] 发送(hex): 20
[2026/09/15 19:51:14] 发送(hex): 20
[2026/09/15 19:51:14] 发送(hex): 20
[2026/09/15 19:51:14] 发送(hex): 20
[2026/09/15 19:51:14] 发送(hex): 20
[2026/09/15 19:51:14] 发送(hex): 20
[2026/09/15 19:51:14] 发送(hex): 20
[2026/09/15 19:51:14] 发送(hex): 20
[2026/09/15 19:51:14] 发送(hex): 20
[2026/09/15 19:51:14] 发送(hex): 20
[2026/09/15 19:51:14] 发送(hex): 20
[2026/09/15 19:51:14] 发送(hex): 20
[2026/09/15 19:51:14] 发送(hex): 20
[2026/09/15 19:51:14] 发送(hex): 20
[2026/09/15 19:51:14] 发送(hex): 20
[2026/09/15 19:51:14] 发送(hex): 20
[2026/09/15 19:51:14] 发送(hex): 20
[2026/09/15 19:51:14] 发送(hex): 20
[2026/09/15 19:51:14] 发送(hex): 20
[2026/09/15 19:51:14] 发送(hex): 20
[2026/09/15 19:51:14] 发送(hex): 20
[2026/09/15 19:51:14] 发送(hex): 20
[2026/09/15 19:51:14] 发送(hex): 20
[2026/09/15 19:51:14] 发送(hex): 20
[2026/09/15 19:51:14] 发送(hex): 20
[2026/09/15 19:51:14] 发送(hex): 20
[2026/09/15 19:51:14] 发送(hex): 20
[2026/09/15 19:51:14] 发送(hex): 20
[2026/09/15 19:51:14] 发送(hex): 20
[2026/09/15 19:51:14] 发送(hex): 20
[2026/09/15 19:51:14] 发送(hex): 20
[2026/09/15 19:51:14] 发送(hex): 20
[2026/09/15 19:51:14] 发送(hex): 20
[2026/09/15 19:51:14] 发送(hex): 20
[2026/09/15 19:51:14] 发送(hex): 20
[2026/09/15 19:51:14] 发送(hex): 20
[2026/09/15 19:51:14] 发送(hex): 20
[2026/09/15 19:51:14] 发送(hex): 20
[2026/09/15 19:51:14] 发送(hex): 20
[2026/09/15 19:51:14] 发送(hex): 20
[2026/09/15 19:51:14] 发送(hex): 20
[2026/09/15 19:51:14] 发送(hex): 20
[2026/09/15 19:51:14] 发送(hex): 20
[2026/09/15 19:51:14] 发送(hex): 20
[2026/09/15 19:51:14] 发送(hex): 20
[2026/09/15 19:51:14] 发送(hex): 20
[2026/09/15 19:51:14] 发送(hex): 20
[2026/09/15 19:51:14] 发送(hex): 20
[2026/09/15 19:51:14] 发送(hex): 20
[2026/09/15 19:51:14] 发送(hex): 20
[2026/09/15 19:51:14] 发送(hex): 20
[2026/09/15 19:51:14] 发送(hex): 20
[2026/09/15 19:51:14] 发送(hex): 20
[2026/09/15 19:51:14] 发送(hex): 20
[2026/09/15 19:51:14] 发送(hex): 20
[2026/09/15 19:51:14] 发送(hex): 20
[2026/09/15 19:51:14] 发送(hex): 20
[2026/09/15 19:51:15] 发送(hex): 20
[2026/09/15 19:51:15] 发送(hex): 20
[2026/09/15 19:51:15] 发送(hex): 20
[2026/09/15 19:51:15] 发送(hex): 20
[2026/09/15 19:51:15] 发送(hex): 20
[2026/09/15 19:51:15] 发送(hex): 20
[2026/09/15 19:51:15] 发送(hex): 20
[2026/09/15 19:51:15] 发送(hex): 20
[2026/09/15 19:51:15] 发送(hex): 20
[2026/09/15 19:51:15] 发送(hex): 20
[2026/09/15 19:51:15] 发送(hex): 20
[2026/09/15 19:51:15] 发送(hex): 20
[2026/09/15 19:51:15] 发送(hex): 20
[2026/09/15 19:51:15] 发送(hex): 20
[2026/09/15 19:51:15] 发送(hex): 20
[2026/09/15 19:51:15] 发送(hex): 20
[2026/09/15 19:51:15] 发送(hex): 20
[2026/09/15 19:51:15] 发送(hex): 20
[2026/09/15 19:51:15] 发送(hex): 20
[2026/09/15 19:51:15] 发送(hex): 20
[2026/09/15 19:51:15] 发送(hex): 20
[2026/09/15 19:51:15] 发送(hex): 20
[2026/09/15 19:51:15] 发送(hex): 20
[2026/09/15 19:51:15] 发送(hex): 20
[2026/09/15 19:51:15] 发送(hex): 20
[2026/09/15 19:51:15] 发送(hex): 20
[2026/09/15 19:51:15] 发送(hex): 20
[2026/09/15 19:51:15] 发送(hex): 20
[2026/09/15 19:51:15] 发送(hex): 20
[2026/09/15 19:51:15] 发送(hex): 20
[2026/09/15 19:51:15] 发送(hex): 20
[2026/09/15 19:51:15] 发送(hex): 20
[2026/09/15 19:51:15] 发送(hex): 20
[2026/09/15 19:51:15] 发送(hex): 20
[2026/09/15 19:51:15] 发送(hex): 20
[2026/09/15 19:51:15] 发送(hex): 20
[2026/09/15 19:51:15] 发送(hex): 20
[2026/09/15 19:51:15] 发送(hex): 20
[2026/09/15 19:51:15] 发送(hex): 20
[2026/09/15 19:51:15] 发送(hex): 20
[2026/09/15 19:51:15] 发送(hex): 20
[2026/09/15 19:51:15] 发送(hex): 20
[2026/09/15 19:51:15] 发送(hex): 20
[2026/09/15 19:51:15] 发送(hex): 20
[2026/09/15 19:51:15] 发送(hex): 20
[2026/09/15 19:51:15] 发送(hex): 20
[2026/09/15 19:51:15] 发送(hex): 20
[2026/09/15 19:51:15] 发送(hex): 20
[2026/09/15 19:51:15] 发送(hex): 20
[2026/09/15 19:51:15] 发送(hex): 20
[2026/09/15 19:51:15] 发送(hex): 20
[2026/09/15 19:51:15] 发送(hex): 20
[2026/09/15 19:51:15] 发送(hex): 20
[2026/09/15 19:51:15] 发送(hex): 20
[2026/09/15 19:51:15] 发送(hex): 20
[2026/09/15 19:51:15] 发送(hex): 20
[2026/09/15 19:51:15] 发送(hex): 20
[2026/09/15 19:51:15] 发送(hex): 20
[2026/09/15 19:51:15] 发送(hex): 20
[2026/09/15 19:51:15] 发送(hex): 20
[2026/09/15 19:51:15] 发送(hex): 20
[2026/09/15 19:51:15] 发送(hex): 20
[2026/09/15 19:51:15] 发送(hex): 20
[2026/09/15 19:51:15] 发送(hex): 20
[2026/09/15 19:51:15] 发送(hex): 20
[2026/09/15 19:51:15] 发送(hex): 20
[2026/09/15 19:51:15] 发送(hex): 20
[2026/09/15 19:51:15] 发送(hex): 20
[2026/09/15 19:51:15] 发送(hex): 20
[2026/09/15 19:51:15] 发送(hex): 20
[2026/09/15 19:51:15] 发送(hex): 20
[2026/09/15 19:51:15] 发送(hex): 20
[2026/09/15 19:51:15] 发送(hex): 20
[2026/09/15 19:51:15] 发送(hex): 20
[2026/09/15 19:51:15] 发送(hex): 20
[2026/09/15 19:51:15] 发送(hex): 20
[2026/09/15 19:51:15] 发送(hex): 20
[2026/09/15 19:51:15] 发送(hex): 20
[2026/09/15 19:51:15] 发送(hex): 20
[2026/09/15 19:51:15] 发送(hex): 20
[2026/09/15 19:51:15] 发送(hex): 20
[2026/09/15 19:51:15] 发送(hex): 20
[2026/09/15 19:51:15] 发送(hex): 20
[2026/09/15 19:51:15] 发送(hex): 20
[2026/09/15 19:51:15] 发送(hex): 20
[2026/09/15 19:51:15] 发送(hex): 20
[2026/09/15 19:51:15] 发送(hex): 20
[2026/09/15 19:51:15] 发送(hex): 20
[2026/09/15 19:51:15] 发送(hex): 20
[2026/09/15 19:51:15] 发送(hex): 20
[2026/09/15 19:51:15] 发送(hex): 20
[2026/09/15 19:51:15] 发送(hex): 20
[2026/09/15 19:51:15] 发送(hex): 20
[2026/09/15 19:51:16] 发送(hex): 20
[2026/09/15 19:51:16] 发送(hex): 20
[2026/09/15 19:51:16] 发送(hex): 20
[2026/09/15 19:51:16] 发送(hex): 20
[2026/09/15 19:51:16] 发送(hex): 20
[2026/09/15 19:51:16] 发送(hex): 20
[2026/09/15 19:51:16] 发送(hex): 20
[2026/09/15 19:51:16] 发送(hex): 20
[2026/09/15 19:51:16] 发送(hex): 20
[2026/09/15 19:51:16] 发送(hex): 20
[2026/09/15 19:51:16] 发送(hex): 20
[2026/09/15 19:51:16] 发送(hex): 20
[2026/09/15 19:51:16] 发送(hex): 20
[2026/09/15 19:51:16] 发送(hex): 20
[2026/09/15 19:51:16] 发送(hex): 20
[2026/09/15 19:51:16] 发送(hex): 20
[2026/09/15 19:51:16] 发送(hex): 20
[2026/09/15 19:51:16] 发送(hex): 20
[2026/09/15 19:51:16] 发送(hex): 20
[2026/09/15 19:51:16] 发送(hex): 20
[2026/09/15 19:51:16] 发送(hex): 20
[2026/09/15 19:51:16] 发送(hex): 20
[2026/09/15 19:51:16] 发送(hex): 20
[2026/09/15 19:51:16] 发送(hex): 20
[2026/09/15 19:51:16] 发送(hex): 20
[2026/09/15 19:51:16] 发送(hex): 20
[2026/09/15 19:51:16] 发送(hex): 20
[2026/09/15 19:51:16] 发送(hex): 20
[2026/09/15 19:51:16] 发送(hex): 20
[2026/09/15 19:51:16] 发送(hex): 20
[2026/09/15 19:51:16] 发送(hex): 20
[2026/09/15 19:51:16] 发送(hex): 20
[2026/09/15 19:51:16] 发送(hex): 20
[2026/09/15 19:51:16] 发送(hex): 20
[2026/09/15 19:51:16] 发送(hex): 20
[2026/09/15 19:51:16] 发送(hex): 20
[2026/09/15 19:51:16] 发送(hex): 20
[2026/09/15 19:51:16] 发送(hex): 20
[2026/09/15 19:51:16] 发送(hex): 20
[2026/09/15 19:51:16] 发送(hex): 20
[2026/09/15 19:51:16] 发送(hex): 20
[2026/09/15 19:51:16] 发送(hex): 20
[2026/09/15 19:51:16] 发送(hex): 20
[2026/09/15 19:51:16] 发送(hex): 20
[2026/09/15 19:51:16] 发送(hex): 20
[2026/09/15 19:51:16] 发送(hex): 20
[2026/09/15 19:51:16] 发送(hex): 20
[2026/09/15 19:51:16] 发送(hex): 20
[2026/09/15 19:51:16] 发送(hex): 20
[2026/09/15 19:51:16] 发送(hex): 20
[2026/09/15 19:51:16] 发送(hex): 20
[2026/09/15 19:51:16] 发送(hex): 20
[2026/09/15 19:51:16] 发送(hex): 20
[2026/09/15 19:51:16] 发送(hex): 20
[2026/09/15 19:51:16] 发送(hex): 20
[2026/09/15 19:51:16] 发送(hex): 20
[2026/09/15 19:51:16] 发送(hex): 20
[2026/09/15 19:51:16] 发送(hex): 20
[2026/09/15 19:51:16] 发送(hex): 20
[2026/09/15 19:51:16] 发送(hex): 20
[2026/09/15 19:51:16] 发送(hex): 20
[2026/09/15 19:51:16] 发送(hex): 20
[2026/09/15 19:51:16] 发送(hex): 20
[2026/09/15 19:51:16] 发送(hex): 20
[2026/09/15 19:51:16] 发送(hex): 20
[2026/09/15 19:51:16] 发送(hex): 20
[2026/09/15 19:51:16] 发送(hex): 20
[2026/09/15 19:51:16] 发送(hex): 20
[2026/09/15 19:51:16] 发送(hex): 20
[2026/09/15 19:51:16] 发送(hex): 20
[2026/09/15 19:51:16] 发送(hex): 20
[2026/09/15 19:51:16] 发送(hex): 20
[2026/09/15 19:51:16] 发送(hex): 20
[2026/09/15 19:51:16] 发送(hex): 20
[2026/09/15 19:51:16] 发送(hex): 20
[2026/09/15 19:51:16] 发送(hex): 20
[2026/09/15 19:51:16] 发送(hex): 20
[2026/09/15 19:51:16] 发送(hex): 20
[2026/09/15 19:51:16] 发送(hex): 20
[2026/09/15 19:51:16] 发送(hex): 20
[2026/09/15 19:51:16] 发送(hex): 20
[2026/09/15 19:51:16] 发送(hex): 20
[2026/09/15 19:51:16] 发送(hex): 20
[2026/09/15 19:51:16] 发送(hex): 20
[2026/09/15 19:51:16] 发送(hex): 20
[2026/09/15 19:51:16] 发送(hex): 20
[2026/09/15 19:51:16] 发送(hex): 20
[2026/09/15 19:51:16] 发送(hex): 20
[2026/09/15 19:51:16] 发送(hex): 20
[2026/09/15 19:51:16] 发送(hex): 20
[2026/09/15 19:51:16] 发送(hex): 20
[2026/09/15 19:51:16] 发送(hex): 20
[2026/09/15 19:51:16] 发送(hex): 20
[2026/09/15 19:51:16] 发送(hex): 20
[2026/09/15 19:51:17] 发送(hex): 20
[2026/09/15 19:51:17] 发送(hex): 20
[2026/09/15 19:51:17] 发送(hex): 20
[2026/09/15 19:51:17] 发送(hex): 20
[2026/09/15 19:51:17] 发送(hex): 20
[2026/09/15 19:51:17] 发送(hex): 20
[2026/09/15 19:51:17] 发送(hex): 20
[2026/09/15 19:51:17] 发送(hex): 20
[2026/09/15 19:51:17] 发送(hex): 20
[2026/09/15 19:51:17] 发送(hex): 20
[2026/09/15 19:51:17] 发送(hex): 20
[2026/09/15 19:51:17] 发送(hex): 20
[2026/09/15 19:51:17] 发送(hex): 20
[2026/09/15 19:51:17] 发送(hex): 20
[2026/09/15 19:51:17] 发送(hex): 20
[2026/09/15 19:51:17] 发送(hex): 20
[2026/09/15 19:51:17] 发送(hex): 20
[2026/09/15 19:51:17] 发送(hex): 20
[2026/09/15 19:51:17] 发送(hex): 20
[2026/09/15 19:51:17] 发送(hex): 20
[2026/09/15 19:51:17] 发送(hex): 20
[2026/09/15 19:51:17] 发送(hex): 20
[2026/09/15 19:51:17] 发送(hex): 20
[2026/09/15 19:51:17] 发送(hex): 20
[2026/09/15 19:51:17] 发送(hex): 20
[2026/09/15 19:51:17] 发送(hex): 20
[2026/09/15 19:51:17] 发送(hex): 20
[2026/09/15 19:51:17] 发送(hex): 20
[2026/09/15 19:51:17] 发送(hex): 20
[2026/09/15 19:51:17] 发送(hex): 20
[2026/09/15 19:51:17] 发送(hex): 20
[2026/09/15 19:51:17] 发送(hex): 20
[2026/09/15 19:51:17] 发送(hex): 20
[2026/09/15 19:51:17] 发送(hex): 20
[2026/09/15 19:51:17] 发送(hex): 20
[2026/09/15 19:51:17] 发送(hex): 20
[2026/09/15 19:51:17] 发送(hex): 20
[2026/09/15 19:51:17] 发送(hex): 20
[2026/09/15 19:51:17] 发送(hex): 20
[2026/09/15 19:51:17] 发送(hex): 20
[2026/09/15 19:51:17] 发送(hex): 20
[2026/09/15 19:51:17] 发送(hex): 20
[2026/09/15 19:51:17] 发送(hex): 20
[2026/09/15 19:51:17] 发送(hex): 20
[2026/09/15 19:51:17] 发送(hex): 20
[2026/09/15 19:51:17] 发送(hex): 20
[2026/09/15 19:51:17] 发送(hex): 20
[2026/09/15 19:51:17] 发送(hex): 20
[2026/09/15 19:51:17] 发送(hex): 20
[2026/09/15 19:51:17] 发送(hex): 20
[2026/09/15 19:51:17] 发送(hex): 20
[2026/09/15 19:51:17] 发送(hex): 20
[2026/09/15 19:51:17] 发送(hex): 20
[2026/09/15 19:51:17] 发送(hex): 20
[2026/09/15 19:51:17] 发送(hex): 20
[2026/09/15 19:51:17] 发送(hex): 20
[2026/09/15 19:51:17] 发送(hex): 20
[2026/09/15 19:51:17] 发送(hex): 20
[2026/09/15 19:51:17] 发送(hex): 20
[2026/09/15 19:51:17] 发送(hex): 20
[2026/09/15 19:51:17] 发送(hex): 20
[2026/09/15 19:51:17] 发送(hex): 20
[2026/09/15 19:51:17] 发送(hex): 20
[2026/09/15 19:51:17] 发送(hex): 20
[2026/09/15 19:51:17] 发送(hex): 20
[2026/09/15 19:51:17] 发送(hex): 20
[2026/09/15 19:51:17] 发送(hex): 20
[2026/09/15 19:51:17] 发送(hex): 20
[2026/09/15 19:51:17] 发送(hex): 20
[2026/09/15 19:51:17] 发送(hex): 20
[2026/09/15 19:51:17] 发送(hex): 20
[2026/09/15 19:51:17] 发送(hex): 20
[2026/09/15 19:51:17] 发送(hex): 20
[2026/09/15 19:51:17] 发送(hex): 20
[2026/09/15 19:51:17] 发送(hex): 20
[2026/09/15 19:51:17] 发送(hex): 20
[2026/09/15 19:51:17] 发送(hex): 20
[2026/09/15 19:51:17] 发送(hex): 20
[2026/09/15 19:51:17] 发送(hex): 20
[2026/09/15 19:51:17] 发送(hex): 20
[2026/09/15 19:51:17] 发送(hex): 20
[2026/09/15 19:51:17] 发送(hex): 20
[2026/09/15 19:51:17] 发送(hex): 20
[2026/09/15 19:51:17] 发送(hex): 20
[2026/09/15 19:51:17] 发送(hex): 20
[2026/09/15 19:51:17] 发送(hex): 20
[2026/09/15 19:51:17] 发送(hex): 20
[2026/09/15 19:51:17] 发送(hex): 20
[2026/09/15 19:51:17] 发送(hex): 20
[2026/09/15 19:51:17] 发送(hex): 20
[2026/09/15 19:51:17] 发送(hex): 20
[2026/09/15 19:51:17] 发送(hex): 20
[2026/09/15 19:51:17] 发送(hex): 20
[2026/09/15 19:51:18] 发送(hex): 20
[2026/09/15 19:51:18] 发送(hex): 20
[2026/09/15 19:51:18] 发送(hex): 20
[2026/09/15 19:51:18] 发送(hex): 20
[2026/09/15 19:51:18] 发送(hex): 20
[2026/09/15 19:51:18] 发送(hex): 20
[2026/09/15 19:51:18] 发送(hex): 20
[2026/09/15 19:51:18] 发送(hex): 20
[2026/09/15 19:51:18] 发送(hex): 20
[2026/09/15 19:51:18] 发送(hex): 20
[2026/09/15 19:51:18] 发送(hex): 20
[2026/09/15 19:51:18] 发送(hex): 20
[2026/09/15 19:51:18] 发送(hex): 20
[2026/09/15 19:51:18] 发送(hex): 20
[2026/09/15 19:51:18] 发送(hex): 20
[2026/09/15 19:51:18] 发送(hex): 20
[2026/09/15 19:51:18] 发送(hex): 20
[2026/09/15 19:51:18] 发送(hex): 20
[2026/09/15 19:51:18] 发送(hex): 20
[2026/09/15 19:51:18] 发送(hex): 20
[2026/09/15 19:51:18] 发送(hex): 20
[2026/09/15 19:51:18] 发送(hex): 20
[2026/09/15 19:51:18] 发送(hex): 20
[2026/09/15 19:51:18] 发送(hex): 20
[2026/09/15 19:51:18] 发送(hex): 20
[2026/09/15 19:51:18] 发送(hex): 20
[2026/09/15 19:51:18] 发送(hex): 20
[2026/09/15 19:51:18] 发送(hex): 20
[2026/09/15 19:51:18] 发送(hex): 20
[2026/09/15 19:51:18] 发送(hex): 20
[2026/09/15 19:51:18] 发送(hex): 20
[2026/09/15 19:51:18] 发送(hex): 20
[2026/09/15 19:51:18] 发送(hex): 20
[2026/09/15 19:51:18] 发送(hex): 20
[2026/09/15 19:51:18] 发送(hex): 20
[2026/09/15 19:51:18] 发送(hex): 20
[2026/09/15 19:51:18] 发送(hex): 20
[2026/09/15 19:51:18] 发送(hex): 20
[2026/09/15 19:51:18] 发送(hex): 20
[2026/09/15 19:51:18] 发送(hex): 20
[2026/09/15 19:51:18] 发送(hex): 20
[2026/09/15 19:51:18] 发送(hex): 20
[2026/09/15 19:51:18] 发送(hex): 20
[2026/09/15 19:51:18] 发送(hex): 20
[2026/09/15 19:51:18] 发送(hex): 20
[2026/09/15 19:51:18] 发送(hex): 20
[2026/09/15 19:51:18] 发送(hex): 20
[2026/09/15 19:51:18] 发送(hex): 20
[2026/09/15 19:51:18] 发送(hex): 20
[2026/09/15 19:51:18] 发送(hex): 20
[2026/09/15 19:51:18] 发送(hex): 20
[2026/09/15 19:51:18] 发送(hex): 20
[2026/09/15 19:51:18] 发送(hex): 20
[2026/09/15 19:51:18] 发送(hex): 20
[2026/09/15 19:51:18] 发送(hex): 20
[2026/09/15 19:51:18] 发送(hex): 20
[2026/09/15 19:51:18] 发送(hex): 20
[2026/09/15 19:51:18] 发送(hex): 20
[2026/09/15 19:51:18] 发送(hex): 20
[2026/09/15 19:51:18] 发送(hex): 20
[2026/09/15 19:51:18] 发送(hex): 20
[2026/09/15 19:51:18] 发送(hex): 20
[2026/09/15 19:51:18] 发送(hex): 20
[2026/09/15 19:51:18] 发送(hex): 20
[2026/09/15 19:51:18] 发送(hex): 20
[2026/09/15 19:51:18] 发送(hex): 20
[2026/09/15 19:51:18] 发送(hex): 20
[2026/09/15 19:51:18] 发送(hex): 20
[2026/09/15 19:51:18] 发送(hex): 20
[2026/09/15 19:51:18] 发送(hex): 20
[2026/09/15 19:51:18] 发送(hex): 20
[2026/09/15 19:51:18] 发送(hex): 20
[2026/09/15 19:51:18] 发送(hex): 20
[2026/09/15 19:51:18] 发送(hex): 20
[2026/09/15 19:51:18] 发送(hex): 20
[2026/09/15 19:51:18] 发送(hex): 20
[2026/09/15 19:51:18] 发送(hex): 20
[2026/09/15 19:51:18] 发送(hex): 20
[2026/09/15 19:51:18] 发送(hex): 20
[2026/09/15 19:51:18] 发送(hex): 20
[2026/09/15 19:51:18] 发送(hex): 20
[2026/09/15 19:51:18] 发送(hex): 20
[2026/09/15 19:51:18] 发送(hex): 20
[2026/09/15 19:51:18] 发送(hex): 20
[2026/09/15 19:51:18] 发送(hex): 20
[2026/09/15 19:51:18] 发送(hex): 20
[2026/09/15 19:51:18] 发送(hex): 20
[2026/09/15 19:51:18] 发送(hex): 20
[2026/09/15 19:51:18] 发送(hex): 20
[2026/09/15 19:51:18] 发送(hex): 20
[2026/09/15 19:51:18] 发送(hex): 20
[2026/09/15 19:51:18] 发送(hex): 20
[2026/09/15 19:51:18] 发送(hex): 20
[2026/09/15 19:51:18] 发送(hex): 20
[2026/09/15 19:51:19] 发送(hex): 20
[2026/09/15 19:51:19] 发送(hex): 20
[2026/09/15 19:51:19] 发送(hex): 20
[2026/09/15 19:51:19] 发送(hex): 20
[2026/09/15 19:51:19] 发送(hex): 20
[2026/09/15 19:51:19] 发送(hex): 20
[2026/09/15 19:51:19] 发送(hex): 20
[2026/09/15 19:51:19] 发送(hex): 20
[2026/09/15 19:51:19] 发送(hex): 20
[2026/09/15 19:51:19] 发送(hex): 20
[2026/09/15 19:51:19] 发送(hex): 20
[2026/09/15 19:51:19] 发送(hex): 20
[2026/09/15 19:51:19] 发送(hex): 20
[2026/09/15 19:51:19] 发送(hex): 20
[2026/09/15 19:51:19] 发送(hex): 20
[2026/09/15 19:51:19] 发送(hex): 20
[2026/09/15 19:51:19] 发送(hex): 20
[2026/09/15 19:51:19] 发送(hex): 20
[2026/09/15 19:51:19] 发送(hex): 20
[2026/09/15 19:51:19] 发送(hex): 20
[2026/09/15 19:51:19] 发送(hex): 20
[2026/09/15 19:51:19] 发送(hex): 20
[2026/09/15 19:51:19] 发送(hex): 20
[2026/09/15 19:51:19] 发送(hex): 20
[2026/09/15 19:51:19] 发送(hex): 20
[2026/09/15 19:51:19] 发送(hex): 20
[2026/09/15 19:51:19] 发送(hex): 20
[2026/09/15 19:51:19] 发送(hex): 20
[2026/09/15 19:51:19] 发送(hex): 20
[2026/09/15 19:51:19] 发送(hex): 20
[2026/09/15 19:51:19] 发送(hex): 20
[2026/09/15 19:51:19] 发送(hex): 20
[2026/09/15 19:51:19] 发送(hex): 20
[2026/09/15 19:51:19] 发送(hex): 20
[2026/09/15 19:51:19] 发送(hex): 20
[2026/09/15 19:51:19] 发送(hex): 20
[2026/09/15 19:51:19] 发送(hex): 20
[2026/09/15 19:51:19] 发送(hex): 20
[2026/09/15 19:51:19] 发送(hex): 20
[2026/09/15 19:51:19] 发送(hex): 20
[2026/09/15 19:51:19] 发送(hex): 20
[2026/09/15 19:51:19] 发送(hex): 20
[2026/09/15 19:51:19] 发送(hex): 20
[2026/09/15 19:51:19] 发送(hex): 20
[2026/09/15 19:51:19] 发送(hex): 20
[2026/09/15 19:51:19] 发送(hex): 20
[2026/09/15 19:51:19] 发送(hex): 20
[2026/09/15 19:51:19] 发送(hex): 20
[2026/09/15 19:51:19] 发送(hex): 20
[2026/09/15 19:51:19] 发送(hex): 20
[2026/09/15 19:51:19] 发送(hex): 20
[2026/09/15 19:51:19] 发送(hex): 20
[2026/09/15 19:51:19] 发送(hex): 20
[2026/09/15 19:51:19] 发送(hex): 20
[2026/09/15 19:51:19] 发送(hex): 20
[2026/09/15 19:51:19] 发送(hex): 20
[2026/09/15 19:51:19] 发送(hex): 20
[2026/09/15 19:51:19] 发送(hex): 20
[2026/09/15 19:51:19] 发送(hex): 20
[2026/09/15 19:51:19] 发送(hex): 20
[2026/09/15 19:51:19] 发送(hex): 20
[2026/09/15 19:51:19] 发送(hex): 20
[2026/09/15 19:51:19] 发送(hex): 20
[2026/09/15 19:51:19] 发送(hex): 20
[2026/09/15 19:51:19] 发送(hex): 20
[2026/09/15 19:51:19] 发送(hex): 20
[2026/09/15 19:51:19] 发送(hex): 20
[2026/09/15 19:51:19] 发送(hex): 20
[2026/09/15 19:51:19] 发送(hex): 20
[2026/09/15 19:51:19] 发送(hex): 20
[2026/09/15 19:51:19] 发送(hex): 20
[2026/09/15 19:51:19] 发送(hex): 20
[2026/09/15 19:51:19] 发送(hex): 20
[2026/09/15 19:51:19] 发送(hex): 20
[2026/09/15 19:51:19] 发送(hex): 20
[2026/09/15 19:51:19] 发送(hex): 20
[2026/09/15 19:51:19] 发送(hex): 20
[2026/09/15 19:51:19] 发送(hex): 20
[2026/09/15 19:51:19] 发送(hex): 20
[2026/09/15 19:51:19] 发送(hex): 20
[2026/09/15 19:51:19] 发送(hex): 20
[2026/09/15 19:51:19] 发送(hex): 20
[2026/09/15 19:51:19] 发送(hex): 20
[2026/09/15 19:51:19] 发送(hex): 20
[2026/09/15 19:51:19] 发送(hex): 20
[2026/09/15 19:51:19] 发送(hex): 20
[2026/09/15 19:51:19] 发送(hex): 20
[2026/09/15 19:51:19] 发送(hex): 20
[2026/09/15 19:51:19] 发送(hex): 20
[2026/09/15 19:51:19] 发送(hex): 20
[2026/09/15 19:51:19] 发送(hex): 20
[2026/09/15 19:51:19] 发送(hex): 20
[2026/09/15 19:51:19] 发送(hex): 20
[2026/09/15 19:51:19] 发送(hex): 20
[2026/09/15 19:51:20] 发送(hex): 20
[2026/09/15 19:51:20] 发送(hex): 20
[2026/09/15 19:51:20] 发送(hex): 20
[2026/09/15 19:51:20] 发送(hex): 20
[2026/09/15 19:51:20] 发送(hex): 20
[2026/09/15 19:51:20] 发送(hex): 20
[2026/09/15 19:51:20] 发送(hex): 20
[2026/09/15 19:51:20] 发送(hex): 20
[2026/09/15 19:51:20] 发送(hex): 20
[2026/09/15 19:51:20] 发送(hex): 20
[2026/09/15 19:51:20] 发送(hex): 20
[2026/09/15 19:51:20] 发送(hex): 20
[2026/09/15 19:51:20] 发送(hex): 20
[2026/09/15 19:51:20] 发送(hex): 20
[2026/09/15 19:51:20] 发送(hex): 20
[2026/09/15 19:51:20] 发送(hex): 20
[2026/09/15 19:51:20] 发送(hex): 20
[2026/09/15 19:51:20] 发送(hex): 20
[2026/09/15 19:51:20] 发送(hex): 20
[2026/09/15 19:51:20] 发送(hex): 20
[2026/09/15 19:51:20] 发送(hex): 20
[2026/09/15 19:51:20] 发送(hex): 20
[2026/09/15 19:51:20] 发送(hex): 20
[2026/09/15 19:51:20] 发送(hex): 20
[2026/09/15 19:51:20] 发送(hex): 20
[2026/09/15 19:51:20] 发送(hex): 20
[2026/09/15 19:51:20] 发送(hex): 20
[2026/09/15 19:51:20] 发送(hex): 20
[2026/09/15 19:51:20] 发送(hex): 20
[2026/09/15 19:51:20] 发送(hex): 20
[2026/09/15 19:51:20] 发送(hex): 20
[2026/09/15 19:51:20] 发送(hex): 20
[2026/09/15 19:51:20] 发送(hex): 20
[2026/09/15 19:51:20] 发送(hex): 20
[2026/09/15 19:51:20] 发送(hex): 20
[2026/09/15 19:51:20] 发送(hex): 20
[2026/09/15 19:51:20] 发送(hex): 20
[2026/09/15 19:51:20] 发送(hex): 20
[2026/09/15 19:51:20] 发送(hex): 20
[2026/09/15 19:51:20] 发送(hex): 20
[2026/09/15 19:51:20] 发送(hex): 20
[2026/09/15 19:51:20] 发送(hex): 20
[2026/09/15 19:51:20] 发送(hex): 20
[2026/09/15 19:51:20] 发送(hex): 20
[2026/09/15 19:51:20] 发送(hex): 20
[2026/09/15 19:51:20] 发送(hex): 20
[2026/09/15 19:51:20] 发送(hex): 20
[2026/09/15 19:51:20] 发送(hex): 20
[2026/09/15 19:51:20] 发送(hex): 20
[2026/09/15 19:51:20] 发送(hex): 20
[2026/09/15 19:51:20] 发送(hex): 20
[2026/09/15 19:51:20] 发送(hex): 20
[2026/09/15 19:51:20] 发送(hex): 20
[2026/09/15 19:51:20] 发送(hex): 20
[2026/09/15 19:51:20] 发送(hex): 20
[2026/09/15 19:51:20] 发送(hex): 20
[2026/09/15 19:51:20] 发送(hex): 20
[2026/09/15 19:51:20] 发送(hex): 20
[2026/09/15 19:51:20] 发送(hex): 20
[2026/09/15 19:51:20] 发送(hex): 20
[2026/09/15 19:51:20] 发送(hex): 20
[2026/09/15 19:51:20] 发送(hex): 20
[2026/09/15 19:51:20] 发送(hex): 20
[2026/09/15 19:51:20] 发送(hex): 20
[2026/09/15 19:51:20] 发送(hex): 20
[2026/09/15 19:51:20] 发送(hex): 20
[2026/09/15 19:51:20] 发送(hex): 20
[2026/09/15 19:51:20] 发送(hex): 20
[2026/09/15 19:51:20] 发送(hex): 20
[2026/09/15 19:51:20] 发送(hex): 20
[2026/09/15 19:51:20] 发送(hex): 20
[2026/09/15 19:51:20] 发送(hex): 20
[2026/09/15 19:51:20] 发送(hex): 20
[2026/09/15 19:51:20] 发送(hex): 20
[2026/09/15 19:51:20] 发送(hex): 20
[2026/09/15 19:51:20] 发送(hex): 20
[2026/09/15 19:51:20] 发送(hex): 20
[2026/09/15 19:51:20] 发送(hex): 20
[2026/09/15 19:51:20] 发送(hex): 20
[2026/09/15 19:51:20] 发送(hex): 20
[2026/09/15 19:51:20] 发送(hex): 20
[2026/09/15 19:51:20] 发送(hex): 20
[2026/09/15 19:51:20] 发送(hex): 20
[2026/09/15 19:51:20] 发送(hex): 20
[2026/09/15 19:51:20] 发送(hex): 20
[2026/09/15 19:51:20] 发送(hex): 20
[2026/09/15 19:51:20] 发送(hex): 20
[2026/09/15 19:51:20] 发送(hex): 20
[2026/09/15 19:51:20] 发送(hex): 20
[2026/09/15 19:51:20] 发送(hex): 20
[2026/09/15 19:51:20] 发送(hex): 20
[2026/09/15 19:51:20] 发送(hex): 20
[2026/09/15 19:51:20] 发送(hex): 20
[2026/09/15 19:51:20] 发送(hex): 20
[2026/09/15 19:51:21] 发送(hex): 20
[2026/09/15 19:51:21] 发送(hex): 20
[2026/09/15 19:51:21] 发送(hex): 20
[2026/09/15 19:51:21] 发送(hex): 20
[2026/09/15 19:51:21] 发送(hex): 20
[2026/09/15 19:51:21] 发送(hex): 20
[2026/09/15 19:51:21] 发送(hex): 20
[2026/09/15 19:51:21] 发送(hex): 20
[2026/09/15 19:51:21] 发送(hex): 20
[2026/09/15 19:51:21] 发送(hex): 20
[2026/09/15 19:51:21] 发送(hex): 20
[2026/09/15 19:51:21] 发送(hex): 20
[2026/09/15 19:51:21] 发送(hex): 20
[2026/09/15 19:51:21] 发送(hex): 20
[2026/09/15 19:51:21] 发送(hex): 20
[2026/09/15 19:51:21] 发送(hex): 20
[2026/09/15 19:51:21] 发送(hex): 20
[2026/09/15 19:51:21] 发送(hex): 20
[2026/09/15 19:51:21] 发送(hex): 20
[2026/09/15 19:51:21] 发送(hex): 20
[2026/09/15 19:51:21] 发送(hex): 20
[2026/09/15 19:51:21] 发送(hex): 20
[2026/09/15 19:51:21] 发送(hex): 20
[2026/09/15 19:51:21] 发送(hex): 20
[2026/09/15 19:51:21] 发送(hex): 20
[2026/09/15 19:51:21] 发送(hex): 20
[2026/09/15 19:51:21] 发送(hex): 20
[2026/09/15 19:51:21] 发送(hex): 20
[2026/09/15 19:51:21] 发送(hex): 20
[2026/09/15 19:51:21] 发送(hex): 20
[2026/09/15 19:51:21] 发送(hex): 20
[2026/09/15 19:51:21] 发送(hex): 20
[2026/09/15 19:51:21] 发送(hex): 20
[2026/09/15 19:51:21] 发送(hex): 20
[2026/09/15 19:51:21] 发送(hex): 20
[2026/09/15 19:51:21] 发送(hex): 20
[2026/09/15 19:51:21] 发送(hex): 20
[2026/09/15 19:51:21] 发送(hex): 20
[2026/09/15 19:51:21] 发送(hex): 20
[2026/09/15 19:51:21] 发送(hex): 20
[2026/09/15 19:51:21] 发送(hex): 20
[2026/09/15 19:51:21] 发送(hex): 20
[2026/09/15 19:51:21] 发送(hex): 20
[2026/09/15 19:51:21] 发送(hex): 20
[2026/09/15 19:51:21] 发送(hex): 20
[2026/09/15 19:51:21] 发送(hex): 20
[2026/09/15 19:51:21] 发送(hex): 20
[2026/09/15 19:51:21] 发送(hex): 20
[2026/09/15 19:51:21] 发送(hex): 20
[2026/09/15 19:51:21] 发送(hex): 20
[2026/09/15 19:51:21] 发送(hex): 20
[2026/09/15 19:51:21] 发送(hex): 20
[2026/09/15 19:51:21] 发送(hex): 20
[2026/09/15 19:51:21] 发送(hex): 20
[2026/09/15 19:51:21] 发送(hex): 20
[2026/09/15 19:51:21] 发送(hex): 20
[2026/09/15 19:51:21] 发送(hex): 20
[2026/09/15 19:51:21] 发送(hex): 20
[2026/09/15 19:51:21] 发送(hex): 20
[2026/09/15 19:51:21] 发送(hex): 20
[2026/09/15 19:51:21] 发送(hex): 20
[2026/09/15 19:51:21] 发送(hex): 20
[2026/09/15 19:51:21] 发送(hex): 20
[2026/09/15 19:51:21] 发送(hex): 20
[2026/09/15 19:51:21] 发送(hex): 20
[2026/09/15 19:51:21] 发送(hex): 20
[2026/09/15 19:51:21] 发送(hex): 20
[2026/09/15 19:51:21] 发送(hex): 20
[2026/09/15 19:51:21] 发送(hex): 20
[2026/09/15 19:51:21] 发送(hex): 20
[2026/09/15 19:51:21] 发送(hex): 20
[2026/09/15 19:51:21] 发送(hex): 20
[2026/09/15 19:51:21] 发送(hex): 20
[2026/09/15 19:51:21] 发送(hex): 20
[2026/09/15 19:51:21] 发送(hex): 20
[2026/09/15 19:51:21] 发送(hex): 20
[2026/09/15 19:51:21] 发送(hex): 20
[2026/09/15 19:51:21] 发送(hex): 20
[2026/09/15 19:51:21] 发送(hex): 20
[2026/09/15 19:51:21] 发送(hex): 20
[2026/09/15 19:51:21] 发送(hex): 20
[2026/09/15 19:51:21] 发送(hex): 20
[2026/09/15 19:51:21] 发送(hex): 20
[2026/09/15 19:51:21] 发送(hex): 20
[2026/09/15 19:51:21] 发送(hex): 20
[2026/09/15 19:51:21] 发送(hex): 20
[2026/09/15 19:51:21] 发送(hex): 20
[2026/09/15 19:51:21] 发送(hex): 20
[2026/09/15 19:51:21] 发送(hex): 20
[2026/09/15 19:51:21] 发送(hex): 20
[2026/09/15 19:51:21] 发送(hex): 20
[2026/09/15 19:51:21] 发送(hex): 20
[2026/09/15 19:51:21] 发送(hex): 20
[2026/09/15 19:51:22] 发送(hex): 20
[2026/09/15 19:51:22] 发送(hex): 20
[2026/09/15 19:51:22] 发送(hex): 20
[2026/09/15 19:51:22] 发送(hex): 20
[2026/09/15 19:51:22] 发送(hex): 20
[2026/09/15 19:51:22] 发送(hex): 20
[2026/09/15 19:51:22] 发送(hex): 20
[2026/09/15 19:51:22] 发送(hex): 20
[2026/09/15 19:51:22] 发送(hex): 20
[2026/09/15 19:51:22] 发送(hex): 20
[2026/09/15 19:51:22] 发送(hex): 20
[2026/09/15 19:51:22] 发送(hex): 20
[2026/09/15 19:51:22] 发送(hex): 20
[2026/09/15 19:51:22] 发送(hex): 20
[2026/09/15 19:51:22] 发送(hex): 20
[2026/09/15 19:51:22] 发送(hex): 20
[2026/09/15 19:51:22] 发送(hex): 20
[2026/09/15 19:51:22] 发送(hex): 20
[2026/09/15 19:51:22] 发送(hex): 20
[2026/09/15 19:51:22] 发送(hex): 20
[2026/09/15 19:51:22] 发送(hex): 20
[2026/09/15 19:51:22] 发送(hex): 20
[2026/09/15 19:51:22] 发送(hex): 20
[2026/09/15 19:51:22] 发送(hex): 20
[2026/09/15 19:51:22] 发送(hex): 20
[2026/09/15 19:51:22] 发送(hex): 20
[2026/09/15 19:51:22] 发送(hex): 20
[2026/09/15 19:51:22] 发送(hex): 20
[2026/09/15 19:51:22] 发送(hex): 20
[2026/09/15 19:51:22] 发送(hex): 20
[2026/09/15 19:51:22] 发送(hex): 20
[2026/09/15 19:51:22] 发送(hex): 20
[2026/09/15 19:51:22] 发送(hex): 20
[2026/09/15 19:51:22] 发送(hex): 20
[2026/09/15 19:51:22] 发送(hex): 20
[2026/09/15 19:51:22] 发送(hex): 20
[2026/09/15 19:51:22] 发送(hex): 20
[2026/09/15 19:51:22] 发送(hex): 20
[2026/09/15 19:51:22] 发送(hex): 20
[2026/09/15 19:51:22] 发送(hex): 20
[2026/09/15 19:51:22] 发送(hex): 20
[2026/09/15 19:51:22] 发送(hex): 20
[2026/09/15 19:51:22] 发送(hex): 20
[2026/09/15 19:51:22] 发送(hex): 20
[2026/09/15 19:51:22] 发送(hex): 20
[2026/09/15 19:51:22] 发送(hex): 20
[2026/09/15 19:51:22] 发送(hex): 20
[2026/09/15 19:51:22] 发送(hex): 20
[2026/09/15 19:51:22] 发送(hex): 20
[2026/09/15 19:51:22] 发送(hex): 20
[2026/09/15 19:51:22] 发送(hex): 20
[2026/09/15 19:51:22] 发送(hex): 20
[2026/09/15 19:51:22] 发送(hex): 20
[2026/09/15 19:51:22] 发送(hex): 20
[2026/09/15 19:51:22] 发送(hex): 20
[2026/09/15 19:51:22] 发送(hex): 20
[2026/09/15 19:51:22] 发送(hex): 20
[2026/09/15 19:51:22] 发送(hex): 20
[2026/09/15 19:51:22] 发送(hex): 20
[2026/09/15 19:51:22] 发送(hex): 20
[2026/09/15 19:51:22] 发送(hex): 20
[2026/09/15 19:51:22] 发送(hex): 20
[2026/09/15 19:51:22] 发送(hex): 20
[2026/09/15 19:51:22] 发送(hex): 20
[2026/09/15 19:51:22] 发送(hex): 20
[2026/09/15 19:51:22] 发送(hex): 20
[2026/09/15 19:51:22] 发送(hex): 20
[2026/09/15 19:51:22] 发送(hex): 20
[2026/09/15 19:51:22] 发送(hex): 20
[2026/09/15 19:51:22] 发送(hex): 20
[2026/09/15 19:51:22] 发送(hex): 20
[2026/09/15 19:51:22] 发送(hex): 20
[2026/09/15 19:51:22] 发送(hex): 20
[2026/09/15 19:51:22] 发送(hex): 20
[2026/09/15 19:51:22] 发送(hex): 20
[2026/09/15 19:51:22] 发送(hex): 20
[2026/09/15 19:51:22] 发送(hex): 20
[2026/09/15 19:51:22] 发送(hex): 20
[2026/09/15 19:51:22] 发送(hex): 20
[2026/09/15 19:51:22] 发送(hex): 20
[2026/09/15 19:51:22] 发送(hex): 20
[2026/09/15 19:51:22] 发送(hex): 20
[2026/09/15 19:51:22] 发送(hex): 20
[2026/09/15 19:51:22] 发送(hex): 20
[2026/09/15 19:51:26] 发送(hex): 0d
[2026/09/15 19:51:26] 发送(hex): 0d
[2026/09/15 19:51:26] Realtek>
[2026/09/15 19:51:26] 发送(hex): 0d
[2026/09/15 19:51:26] Realtek>
[2026/09/15 19:51:26] 发送(hex): 0d
[2026/09/15 19:51:26] 发送(hex): 0d
[2026/09/15 19:51:26] Realtek>
[2026/09/15 19:51:26] Realtek>
[2026/09/15 19:51:26] Realtek>
[2026/09/15 19:51:31] 发送(hex): 706d6f646520656e61626c653b72650d
[2026/09/15 19:51:31] pmode enable;re
[2026/09/15 19:51:31] uboot command for pmode enable!
[2026/09/15 19:51:31] resetting ...
[2026/09/15 19:51:32] $
[2026/09/15 19:51:32] Post romcode git ver:42df880604ac78a3 (Aug 28 2026 21:41:35)
[2026/09/15 19:51:32] $
[2026/09/15 19:51:32] Hello world, RTD2875P_CN2_TV030!
[2026/09/15 19:51:32] set_wifi_reset
[2026/09/15 19:51:32] Auxcode git ver:3a4deb9ea300359e (Aug 28 2026 21:41:29)
[2026/09/15 19:51:32] flash_type = 2, secure_type = 2
[2026/09/15 19:51:32] b8062204=20000
[2026/09/15 19:51:32] slot info 0 0x0 info 1 0x9021afbe
[2026/09/15 19:51:32] g_gpt_blk_start 0x1  g_offline_gpt 0x0 last_usable_lba 0x1cd2032 num_partition_entries 0x32
[2026/09/15 19:51:32] start 0x2e600000 clt_blk 0x1973004 ctrl size 0x20
[2026/09/15 19:51:32] choose active index 0
[2026/09/15 19:51:32] part name bootloader ative_slot _a real part name bootloader_a
[2026/09/15 19:51:32] part name hwsetting start 0x100000 size 0x33600
[2026/09/15 19:51:32] part name ext_fw start 0x133600 size 0x10400
[2026/09/15 19:51:32] part name kboot start 0x143a00 size 0x16e00
[2026/09/15 19:51:32] part name uboot start 0x15a800 size 0x120400
[2026/09/15 19:51:32] ls4 2 1 = 800040ab 8000207f 80001000
[2026/09/15 19:51:32] fNewHWsettingArch = 2
[2026/09/15 19:51:32] 1.lsadcidx = 2, brand =3, offset = 0
[2026/09/15 19:51:32] 1.lsadcidx = 2, brand =3, offset = 17800
[2026/09/15 19:51:32] hwsetting from mmc
[2026/09/15 19:51:32] AC on HW offset 0x809 start 0x800 reg 0x8090800
[2026/09/15 19:51:32] total = 2f00
[2026/09/15 19:51:32] A
[2026/09/15 19:51:32] A
[2026/09/15 19:51:32] A
[2026/09/15 19:51:32] A
[2026/09/15 19:51:32] A
[2026/09/15 19:51:32] {12 14}
[2026/09/15 19:51:32] f
[2026/09/15 19:51:32] feeddffeeddddr ver: 62c63180
[2026/09/15 19:51:32] ori DQS0~7 {03 04 1a 1c 00 01 00 00}
[2026/09/15 19:51:32] {01 03 19 1a 00 01 00 00} {09 09 07 09 06 05 00 00}
[2026/09/15 19:51:32] r.y.0
[2026/09/15 19:51:32] r.y.0 SCPU BISR status: Done
[2026/09/15 19:51:32] [go kb]
[2026/09/15 19:51:32] pass bootcode info to kboot
[2026/09/15 19:51:32] num=1056
[2026/09/15 19:51:32] boot_magic=20230423
[2026/09/15 19:51:32] ---DEBUG kboot 21:41:14 Aug 28 2026 ---
[2026/09/15 19:51:32] [Kboot]eMMC(mid-15) MMC_HS50 (50000000Mhz)[8bit].
[2026/09/15 19:51:32] block info 0x1cd2032 0x3a3e000.
[2026/09/15 19:51:32] [MMC] 32 -----------> 16GB.
[2026/09/15 19:51:32] (2379beef) (0) bufsize=(null)
[2026/09/15 19:51:32] uboot start 0x15a800 size 0x1204
[2026/09/15 19:51:32] 00
[2026/09/15 19:51:32] board_ver
[2026/09/15 19:51:32] sion: ls1 = 0, ver: 0
[2026/09/15 19:51:32] [0;31mapp_main 325 board_version=0[0m
[2026/09/15 19:51:32] get FW_TZFW flash start 0xf100200 ddr buf start 0x180000 image size 010c2e3 ok!
[2026/09/15 19:51:32] [INFO]RPMB auth key not written !
[2026/09/15 19:51:32] [INFO]RPMB auth key not written !
[2026/09/15 19:51:32] Current board is not frist boot.
[2026/09/15 19:51:32] ALL zero, reserved_3 has removed.
[2026/09/15 19:51:32] Current board remove reserved_3 done.
[2026/09/15 19:51:32] get FW_VKERNEL flash start 0x
[2026/09/15 19:51:32] c100200 ddr buf start 0x1a900000 image size 05f0300 ok!
[2026/09/15 19:51:32] get FW_VKERNEL2 flash start 0xd900200 ddr buf start 0x1af00000 image size 0f4920 ok!
[2026/09/15 19:51:33] get FW_AKERNEL flash start 0xa900200 ddr buf start 0x1b200000 image size 07fbf7c ok!
[2026/09/15 19:51:33] ATFATFATF:0 1 NOTICE: kill CPU(2)...
[2026/09/15 19:51:33] ATF:0 1 NOTICE: kill (2) : PACTIVE:0
[2026/09/15 19:51:33] ATF:0 1 NOTICE:  CPU(2) kill done, pstate(0x0)
[2026/09/15 19:51:33] U
[2026/09/15 19:51:33] fixup_node_name 555. set /reserved-memory@5 to /reserved-memory
[2026/09/15 19:51:33] fixup_node_name 555. set /rtk_cma@5 to /rtk_cma
[2026/09/15 19:51:33] ### [1;31mERROR[0m ### get_movablecore 613. Can't find dtb node /reserved-memory/cma2_memory/reg
[2026/09/15 19:51:33] reinit_mem_info 1049  ddr_size 80000000
[2026/09/15 19:51:33] booting, boot_led_type: 0x00000000, led on[1]
[2026/09/15 19:51:33] set share register: 0x99100000
[2026/09/15 19:51:33] boot_power_on_mode=1
[2026/09/15 19:51:33] [get_layout:1264]!
[2026/09/15 19:51:33] boot_part value = 0 boot_tag value = 21
[2026/09/15 19:51:33] [get_oemkey] 1397: get oem.key = ATV00107525
[2026/09/15 19:51:33] Factory_RO: [EXT4] factory_ro_buffer:0a800000, factory_ro_buffer size:0x1000000!
[2026/09/15 19:51:33] Partiton factory_ro_a located at 0:6
[2026/09/15 19:51:33] factory_ro_a partition can not find /.000@bk@***!
[2026/09/15 19:51:33] Factory RO no need recovery!
[2026/09/15 19:51:33] Get tvconfigs_a partition block device index fail!
[2026/09/15 19:51:33] read customer.ini file fail!
[2026/09/15 19:51:33] parse SYS_INI path fail
[2026/09/15 19:51:33] Not support board ini mechansim!
[2026/09/15 19:51:33] Get tvconfigs_a partition block device index fail!
[2026/09/15 19:51:33] read customer.ini file fail!
[2026/09/15 19:51:33] parse SYS_INI path fail
[2026/09/15 19:51:33] load model ini file fail
[2026/09/15 19:51:33] cannot find PcbPath from ini file
[2026/09/15 19:51:33] no pcb.config in tvconfigs
[2026/09/15 19:51:33] no mnt/vendor/factorypcb.config
[2026/09/15 19:51:35] delay:342
[2026/09/15 19:51:35] Vwait V1go
[2026/09/15 19:51:35] Vwait V2go
[2026/09/15 19:51:36] DEMOD BISR check Pass and disable demod CLK!!
[2026/09/15 19:51:36] [0;31mboard_version=0 sz=18M[0m
[2026/09/15 19:51:36] ATF:0 1 NOTICE: atf enter time:1182ms, current time:3994ms
[2026/09/15 19:51:36] ATF:0 1 NOTICE: 1st boot elapsed 4000ms
[2026/09/15 19:51:38] console:/ $
[2026/09/15 19:51:46] factory auto test loop start
[2026/09/15 19:51:46]  

[END] 2026/09/15 19:52:14
