[BEGIN] 2026/09/15 18:33:36
[2026/09/15 18:33:40] 发送(hex): 20
[2026/09/15 18:33:40] 发送(hex): 20
[2026/09/15 18:33:40] 发送(hex): 20
[2026/09/15 18:33:40] 发送(hex): 20
[2026/09/15 18:33:40] 发送(hex): 20
[2026/09/15 18:33:40] 发送(hex): 20
[2026/09/15 18:33:40] 发送(hex): 20
[2026/09/15 18:33:40] 发送(hex): 20
[2026/09/15 18:33:40] 发送(hex): 20
[2026/09/15 18:33:40] 发送(hex): 20
[2026/09/15 18:33:40] 发送(hex): 20
[2026/09/15 18:33:40] 发送(hex): 20
[2026/09/15 18:33:40] 发送(hex): 20
[2026/09/15 18:33:40] 发送(hex): 20
[2026/09/15 18:33:40] 发送(hex): 20
[2026/09/15 18:33:40] 发送(hex): 20
[2026/09/15 18:33:40] 发送(hex): 20
[2026/09/15 18:33:40] 发送(hex): 20
[2026/09/15 18:33:40] 发送(hex): 20
[2026/09/15 18:33:40] 发送(hex): 20
[2026/09/15 18:33:40] 发送(hex): 20
[2026/09/15 18:33:40] 发送(hex): 20
[2026/09/15 18:33:40] 发送(hex): 20
[2026/09/15 18:33:40] 发送(hex): 20
[2026/09/15 18:33:40] 发送(hex): 20
[2026/09/15 18:33:40] 发送(hex): 20
[2026/09/15 18:33:40] 发送(hex): 20
[2026/09/15 18:33:40] 发送(hex): 20
[2026/09/15 18:33:40] 发送(hex): 20
[2026/09/15 18:33:40] 发送(hex): 20
[2026/09/15 18:33:40] 发送(hex): 20
[2026/09/15 18:33:40] 发送(hex): 20
[2026/09/15 18:33:40] 发送(hex): 20
[2026/09/15 18:33:40] 发送(hex): 20
[2026/09/15 18:33:40] 发送(hex): 20
[2026/09/15 18:33:40] 发送(hex): 20
[2026/09/15 18:33:40] 发送(hex): 20
[2026/09/15 18:33:40] 发送(hex): 20
[2026/09/15 18:33:40] 发送(hex): 20
[2026/09/15 18:33:40] 发送(hex): 20
[2026/09/15 18:33:40] 发送(hex): 20
[2026/09/15 18:33:40] 发送(hex): 20
[2026/09/15 18:33:40] 发送(hex): 20
[2026/09/15 18:33:40] 发送(hex): 20
[2026/09/15 18:33:40] 发送(hex): 20
[2026/09/15 18:33:40] 发送(hex): 20
[2026/09/15 18:33:40] 发送(hex): 20
[2026/09/15 18:33:40] 发送(hex): 20
[2026/09/15 18:33:40] 发送(hex): 20
[2026/09/15 18:33:40] 发送(hex): 20
[2026/09/15 18:33:40] 发送(hex): 20
[2026/09/15 18:33:40] 发送(hex): 20
[2026/09/15 18:33:40] 发送(hex): 20
[2026/09/15 18:33:40] 发送(hex): 20
[2026/09/15 18:33:40] 发送(hex): 20
[2026/09/15 18:33:40] 发送(hex): 20
[2026/09/15 18:33:40] 发送(hex): 20
[2026/09/15 18:33:40] 发送(hex): 20
[2026/09/15 18:33:40] 发送(hex): 20
[2026/09/15 18:33:40] $
[2026/09/15 18:33:40] Post romcode git ver:42df880604ac78a3 (Aug 28 2026 21:41:35)
[2026/09/15 18:33:40] $
[2026/09/15 18:33:40] Hello world, RTD2875P_CN2_TV030!
[2026/09/15 18:33:40] set_wifi_reset
[2026/09/15 18:33:40] Auxcode git ver:3a4deb9ea300359e (Aug 28 2026 21:41:29)
[2026/09/15 18:33:40] flash_type = 2, secure_type = 2
[2026/09/15 18:33:40] b8062204=0
[2026/09/15 18:33:41] 发送(hex): 20
[2026/09/15 18:33:41] slot info 0 0x0 info 1 0x0
[2026/09/15 18:33:41] invalid reg slot status 0x0
[2026/09/15 18:33:41] 发送(hex): 20
[2026/09/15 18:33:41] 发送(hex): 20
[2026/09/15 18:33:41] 发送(hex): 20
[2026/09/15 18:33:41] 发送(hex): 20
[2026/09/15 18:33:41] 发送(hex): 20
[2026/09/15 18:33:41] 发送(hex): 20
[2026/09/15 18:33:41] 发送(hex): 20
[2026/09/15 18:33:41] 发送(hex): 20
[2026/09/15 18:33:41] ,get slot info from flash!
[2026/09/15 18:33:41] g_gpt_blk_start 0x1  g_offline_gpt 0x0 last_usable_lba 0x1cd2032 num_partition_entries 0x32
[2026/09/15 18:33:41] start 0x2e600000 clt_blk 0x1973004 ctrl size 0x20
[2026/09/15 18:33:41] choose active index 0
[2026/09/15 18:33:41] part name bootloader ative_slot _a real part name bootloader_a
[2026/09/15 18:33:41] part name hwsetting start 0x100000 size 0x33600
[2026/09/15 18:33:41] part name ext_fw start 0x133600 size 0x10400
[2026/09/15 18:33:41] part name kboot start 0x143a00 size 0x16e00
[2026/09/15 18:33:41] part name uboot start 0x15a800 size 0x120400
[2026/09/15 18:33:41] ls4 2 1 = 800040ab 8000207f 80001000
[2026/09/15 18:33:41] fNewHWsettingArch = 2
[2026/09/15 18:33:41] 1.lsadcidx = 2, brand =3, offset = 0
[2026/09/15 18:33:41] 1.lsadcidx = 2, brand =3, offset = 17800
[2026/09/15 18:33:41] hwsetting from mmc
[2026/09/15 18:33:41] AC on HW offset 0x809 start 0x800 reg 0x8090800
[2026/09/15 18:33:41] total = 2f00
[2026/09/15 18:33:41] 发送(hex): 20
[2026/09/15 18:33:41] 发送(hex): 20
[2026/09/15 18:33:41] 发送(hex): 20
[2026/09/15 18:33:41] 发送(hex): 20
[2026/09/15 18:33:41] 发送(hex): 20
[2026/09/15 18:33:41] A
[2026/09/15 18:33:41] 发送(hex): 20
[2026/09/15 18:33:41] A
[2026/09/15 18:33:41] 发送(hex): 20
[2026/09/15 18:33:41] 发送(hex): 20
[2026/09/15 18:33:41] A
[2026/09/15 18:33:41] A
[2026/09/15 18:33:41] 发送(hex): 20
[2026/09/15 18:33:41] A
[2026/09/15 18:33:41] 发送(hex): 20
[2026/09/15 18:33:41] 发送(hex): 20
[2026/09/15 18:33:41] {12 14}
[2026/09/15 18:33:41] ffeeddffeeddddr ver: 62c63180
[2026/09/15 18:33:41] ori DQS0~7 {03 04 1a 1c 00 01 00 00}
[2026/09/15 18:33:41] 发送(hex): 20
[2026/09/15 18:33:41] 发送(hex): 20
[2026/09/15 18:33:41] 发送(hex): 20
[2026/09/15 18:33:41] 发送(hex): 20
[2026/09/15 18:33:41] 发送(hex): 20
[2026/09/15 18:33:41] 发送(hex): 20
[2026/09/15 18:33:41] 发送(hex): 20
[2026/09/15 18:33:41] 发送(hex): 20
[2026/09/15 18:33:41] {01 02 19 1b 00 01 00 00} {08 08 06 09 06 06 00 00}
[2026/09/15 18:33:41] r.y.0
[2026/09/15 18:33:41] 发送(hex): 20
[2026/09/15 18:33:41] r.y.0 SCPU BISR status: Done
[2026/09/15 18:33:41] 发送(hex): 20
[2026/09/15 18:33:41] 发送(hex): 20
[2026/09/15 18:33:41] [go kb]
[2026/09/15 18:33:41] 发送(hex): 20
[2026/09/15 18:33:41] 发送(hex): 20
[2026/09/15 18:33:41] 发送(hex): 20
[2026/09/15 18:33:41] 发送(hex): 20
[2026/09/15 18:33:41] pass bootcode info to kboot
[2026/09/15 18:33:41] num=1100
[2026/09/15 18:33:41] boot_magic=0Í
[2026/09/15 18:33:41] ---DEBUG kboot 21:41:14 Aug 28 2026 ---
[2026/09/15 18:33:41] [Kboot]eMMC(mid-15) MMC_HS50 (50000000Mhz)[8bit].
[2026/09/15 18:33:41] block info 0x1cd2032 0x3a3e000.
[2026/09/15 18:33:41] [MMC] 32 -----------> 16GB.
[2026/09/15 18:33:41] 发送(hex): 20
[2026/09/15 18:33:41] (00000000) (0) bufsize=(null)
[2026/09/15 18:33:41] 发送(hex): 20
[2026/09/15 18:33:41] 发送(hex): 20
[2026/09/15 18:33:41] 发送(hex): 20
[2026/09/15 18:33:41] uboot start 0x15a800 size 0x120400
[2026/09/15 18:33:41] 发送(hex): 20
[2026/09/15 18:33:41] 发送(hex): 20
[2026/09/15 18:33:41] board
[2026/09/15 18:33:41] 发送(hex): 20
[2026/09/15 18:33:41] 发送(hex): 20
[2026/09/15 18:33:41] _version: ls1 = 0, ver: 0
[2026/09/15 18:33:41] [0;31mapp_main 325 board_version=0[0m
[2026/09/15 18:33:41] 发送(hex): 20
[2026/09/15 18:33:41] 发送(hex): 20
[2026/09/15 18:33:41] 发送(hex): 20
[2026/09/15 18:33:41] 发送(hex): 20
[2026/09/15 18:33:41] 发送(hex): 20
[2026/09/15 18:33:41] 发送(hex): 20
[2026/09/15 18:33:41] get FW_TZFW flash start 0xf100200 ddr buf start 0x180000 image size 010c2e3 ok!
[2026/09/15 18:33:41] [INFO]RPMB auth key not written !
[2026/09/15 18:33:41] [INFO]RPMB auth key not written !
[2026/09/15 18:33:41] Current board is not frist boot.
[2026/09/15 18:33:41] ALL zero, reserved_3 has removed.
[2026/09/15 18:33:41] Current board remove reserved_3 done.
[2026/09/15 18:33:41] 发送(hex): 20
[2026/09/15 18:33:41] 发送(hex): 20
[2026/09/15 18:33:41] 发送(hex): 20
[2026/09/15 18:33:41] 发送(hex): 20
[2026/09/15 18:33:41] 发送(hex): 20
[2026/09/15 18:33:41] 发送(hex): 20
[2026/09/15 18:33:41] 发送(hex): 20
[2026/09/15 18:33:41] 发送(hex): 20
[2026/09/15 18:33:41] 发送(hex): 20
[2026/09/15 18:33:41] 发送(hex): 20
[2026/09/15 18:33:41] 发送(hex): 20
[2026/09/15 18:33:41] 发送(hex): 20
[2026/09/15 18:33:41] 发送(hex): 20
[2026/09/15 18:33:41] 发送(hex): 20
[2026/09/15 18:33:41] 发送(hex): 20
[2026/09/15 18:33:41] 发送(hex): 20
[2026/09/15 18:33:41] 发送(hex): 20
[2026/09/15 18:33:41] 发送(hex): 20
[2026/09/15 18:33:41] get FW_VKERNEL flash start 0xc100
[2026/09/15 18:33:41] 发送(hex): 20
[2026/09/15 18:33:41] 发送(hex): 20
[2026/09/15 18:33:41] 200 ddr buf start 0x1a900000 image size 05f0300 ok!
[2026/09/15 18:33:41] 发送(hex): 20
[2026/09/15 18:33:41] 发送(hex): 20
[2026/09/15 18:33:41] 发送(hex): 20
[2026/09/15 18:33:41] 发送(hex): 20
[2026/09/15 18:33:41] get FW_VKERNEL2 flash start 0xd900200 ddr buf start 0x1af00000 image size 0f4920 ok!
[2026/09/15 18:33:41] 发送(hex): 20
[2026/09/15 18:33:41] 发送(hex): 20
[2026/09/15 18:33:41] 发送(hex): 20
[2026/09/15 18:33:41] 发送(hex): 20
[2026/09/15 18:33:41] 发送(hex): 20
[2026/09/15 18:33:41] 发送(hex): 20
[2026/09/15 18:33:41] 发送(hex): 20
[2026/09/15 18:33:41] 发送(hex): 20
[2026/09/15 18:33:41] 发送(hex): 20
[2026/09/15 18:33:41] 发送(hex): 20
[2026/09/15 18:33:41] 发送(hex): 20
[2026/09/15 18:33:41] 发送(hex): 20
[2026/09/15 18:33:41] 发送(hex): 20
[2026/09/15 18:33:41] 发送(hex): 20
[2026/09/15 18:33:41] 发送(hex): 20
[2026/09/15 18:33:41] 发送(hex): 20
[2026/09/15 18:33:41] 发送(hex): 20
[2026/09/15 18:33:41] 发送(hex): 20
[2026/09/15 18:33:41] 发送(hex): 20
[2026/09/15 18:33:41] 发送(hex): 20
[2026/09/15 18:33:41] 发送(hex): 20
[2026/09/15 18:33:42] 发送(hex): 20
[2026/09/15 18:33:42] 发送(hex): 20
[2026/09/15 18:33:42] 发送(hex): 20
[2026/09/15 18:33:42] 发送(hex): 20
[2026/09/15 18:33:42] 发送(hex): 20
[2026/09/15 18:33:42] get FW_AKERNEL flash start 0xa900200 ddr buf start 0x1b200000 image size 07fbf7c ok!
[2026/09/15 18:33:42] 发送(hex): 20
[2026/09/15 18:33:42] 发送(hex): 20
[2026/09/15 18:33:42] 发送(hex): 20
[2026/09/15 18:33:42] 发送(hex): 20
[2026/09/15 18:33:42] 发送(hex): 20
[2026/09/15 18:33:42] 发送(hex): 20
[2026/09/15 18:33:42] 发送(hex): 20
[2026/09/15 18:33:42] 发送(hex): 20
[2026/09/15 18:33:42] 发送(hex): 20
[2026/09/15 18:33:42] 发送(hex): 20
[2026/09/15 18:33:42] 发送(hex): 20
[2026/09/15 18:33:42] ATFATFATF:0 1 NOTICE: kill CPU(2)...
[2026/09/15 18:33:42] ATF:0 1 NOTICE: kill (2) : PACTIVE:0
[2026/09/15 18:33:42] ATF:0 1 NOTICE:  CPU(2) kill done, pstate(0x0)
[2026/09/15 18:33:42] 发送(hex): 20
[2026/09/15 18:33:42] U
[2026/09/15 18:33:42] 发送(hex): 20
[2026/09/15 18:33:42] 发送(hex): 20
[2026/09/15 18:33:42] 发送(hex): 20
[2026/09/15 18:33:42] 发送(hex): 20
[2026/09/15 18:33:42] 发送(hex): 20
[2026/09/15 18:33:42] 发送(hex): 20
[2026/09/15 18:33:42] 发送(hex): 20
[2026/09/15 18:33:42] 发送(hex): 20
[2026/09/15 18:33:42] 发送(hex): 20
[2026/09/15 18:33:42] 发送(hex): 20
[2026/09/15 18:33:42] 发送(hex): 20
[2026/09/15 18:33:42] 发送(hex): 20
[2026/09/15 18:33:42] 发送(hex): 20
[2026/09/15 18:33:42] 发送(hex): 20
[2026/09/15 18:33:42] 发送(hex): 20
[2026/09/15 18:33:42] 发送(hex): 20
[2026/09/15 18:33:42] fixup_node_name 555. set /reserved-memory@5 to /reserved-memory
[2026/09/15 18:33:42] fixup_node_name 555. set /rtk_cma@5 to /rtk_cma
[2026/09/15 18:33:42] ### [1;31mERROR[0m ### get_movablecore 613. Can't find dtb node /reserved-memory/cma2_memory/reg
[2026/09/15 18:33:42] reinit_mem_info 1049  ddr_size 80000000
[2026/09/15 18:33:42] 发送(hex): 20
[2026/09/15 18:33:42] 发送(hex): 20
[2026/09/15 18:33:42] 发送(hex): 20
[2026/09/15 18:33:42] booting, boot_led_type: 0x00000000, led on[1]
[2026/09/15 18:33:42] set share register: 0x99100000
[2026/09/15 18:33:42] boot_power_on_mode=1
[2026/09/15 18:33:42] [get_layout:1264]!
[2026/09/15 18:33:42] 发送(hex): 20
[2026/09/15 18:33:42] 发送(hex): 20
[2026/09/15 18:33:42] 发送(hex): 20
[2026/09/15 18:33:42] 发送(hex): 20
[2026/09/15 18:33:42] 发送(hex): 20
[2026/09/15 18:33:42] 发送(hex): 20
[2026/09/15 18:33:42] 发送(hex): 20
[2026/09/15 18:33:42] boot_part value = 0 boot_tag value = 21
[2026/09/15 18:33:42] [get_oemkey] 1397: get oem.key = ATV00107525
[2026/09/15 18:33:42] Factory_RO: [EXT4] factory_ro_buffer:0a800000, factory_ro_buffer size:0x1000000!
[2026/09/15 18:33:42] Partiton factory_ro_a located at 0:6
[2026/09/15 18:33:42] factory_ro_a partition can not find /.000@bk@***!
[2026/09/15 18:33:42] Factory RO no need recovery!
[2026/09/15 18:33:42] Get tvconfigs_a partition block device index fail!
[2026/09/15 18:33:42] read customer.ini file fail!
[2026/09/15 18:33:42] parse SYS_INI path fail
[2026/09/15 18:33:42] Not support board ini mechansim!
[2026/09/15 18:33:42] Get tvconfigs_a partition block device index fail!
[2026/09/15 18:33:42] read customer.ini file fail!
[2026/09/15 18:33:42] parse SYS_INI path fail
[2026/09/15 18:33:42] load model ini file fail
[2026/09/15 18:33:42] cannot find PcbPath from ini file
[2026/09/15 18:33:42] no pcb.config in tvconfigs
[2026/09/15 18:33:42] no mnt/vendor/factorypcb.config
[2026/09/15 18:33:42] 发送(hex): 20
[2026/09/15 18:33:42] 发送(hex): 20
[2026/09/15 18:33:42] 发送(hex): 20
[2026/09/15 18:33:42] 发送(hex): 20
[2026/09/15 18:33:42] 发送(hex): 20
[2026/09/15 18:33:42] 发送(hex): 20
[2026/09/15 18:33:42] 发送(hex): 20
[2026/09/15 18:33:42] 发送(hex): 20
[2026/09/15 18:33:42] 发送(hex): 20
[2026/09/15 18:33:42] 发送(hex): 20
[2026/09/15 18:33:42] 发送(hex): 20
[2026/09/15 18:33:42] 发送(hex): 20
[2026/09/15 18:33:42] 发送(hex): 20
[2026/09/15 18:33:42] 发送(hex): 20
[2026/09/15 18:33:42] 发送(hex): 20
[2026/09/15 18:33:42] 发送(hex): 20
[2026/09/15 18:33:42] 发送(hex): 20
[2026/09/15 18:33:42] 发送(hex): 20
[2026/09/15 18:33:42] 发送(hex): 20
[2026/09/15 18:33:42] 发送(hex): 20
[2026/09/15 18:33:42] 发送(hex): 20
[2026/09/15 18:33:42] 发送(hex): 20
[2026/09/15 18:33:42] 发送(hex): 20
[2026/09/15 18:33:42] 发送(hex): 20
[2026/09/15 18:33:42] 发送(hex): 20
[2026/09/15 18:33:42] 发送(hex): 20
[2026/09/15 18:33:42] 发送(hex): 20
[2026/09/15 18:33:42] 发送(hex): 20
[2026/09/15 18:33:42] 发送(hex): 20
[2026/09/15 18:33:42] 发送(hex): 20
[2026/09/15 18:33:42] 发送(hex): 20
[2026/09/15 18:33:42] 发送(hex): 20
[2026/09/15 18:33:42] 发送(hex): 20
[2026/09/15 18:33:42] 发送(hex): 20
[2026/09/15 18:33:42] 发送(hex): 20
[2026/09/15 18:33:42] 发送(hex): 20
[2026/09/15 18:33:42] 发送(hex): 20
[2026/09/15 18:33:42] 发送(hex): 20
[2026/09/15 18:33:42] 发送(hex): 20
[2026/09/15 18:33:42] 发送(hex): 20
[2026/09/15 18:33:42] 发送(hex): 20
[2026/09/15 18:33:42] 发送(hex): 20
[2026/09/15 18:33:42] 发送(hex): 20
[2026/09/15 18:33:42] 发送(hex): 20
[2026/09/15 18:33:42] 发送(hex): 20
[2026/09/15 18:33:42] 发送(hex): 20
[2026/09/15 18:33:42] 发送(hex): 20
[2026/09/15 18:33:42] 发送(hex): 20
[2026/09/15 18:33:42] 发送(hex): 20
[2026/09/15 18:33:42] 发送(hex): 20
[2026/09/15 18:33:43] 发送(hex): 20
[2026/09/15 18:33:43] 发送(hex): 20
[2026/09/15 18:33:43] 发送(hex): 20
[2026/09/15 18:33:43] 发送(hex): 20
[2026/09/15 18:33:43] 发送(hex): 20
[2026/09/15 18:33:43] 发送(hex): 20
[2026/09/15 18:33:43] 发送(hex): 20
[2026/09/15 18:33:43] 发送(hex): 20
[2026/09/15 18:33:43] 发送(hex): 20
[2026/09/15 18:33:43] 发送(hex): 20
[2026/09/15 18:33:43] 发送(hex): 20
[2026/09/15 18:33:43] 发送(hex): 20
[2026/09/15 18:33:43] 发送(hex): 20
[2026/09/15 18:33:43] 发送(hex): 20
[2026/09/15 18:33:43] 发送(hex): 20
[2026/09/15 18:33:43] 发送(hex): 20
[2026/09/15 18:33:43] 发送(hex): 20
[2026/09/15 18:33:43] 发送(hex): 20
[2026/09/15 18:33:43] 发送(hex): 20
[2026/09/15 18:33:43] 发送(hex): 20
[2026/09/15 18:33:43] 发送(hex): 20
[2026/09/15 18:33:43] 发送(hex): 20
[2026/09/15 18:33:43] 发送(hex): 20
[2026/09/15 18:33:43] 发送(hex): 20
[2026/09/15 18:33:43] 发送(hex): 20
[2026/09/15 18:33:43] 发送(hex): 20
[2026/09/15 18:33:43] 发送(hex): 20
[2026/09/15 18:33:43] 发送(hex): 20
[2026/09/15 18:33:43] 发送(hex): 20
[2026/09/15 18:33:43] 发送(hex): 20
[2026/09/15 18:33:43] 发送(hex): 20
[2026/09/15 18:33:43] 发送(hex): 20
[2026/09/15 18:33:43] 发送(hex): 20
[2026/09/15 18:33:43] 发送(hex): 20
[2026/09/15 18:33:43] 发送(hex): 20
[2026/09/15 18:33:43] 发送(hex): 20
[2026/09/15 18:33:43] 发送(hex): 20
[2026/09/15 18:33:43] 发送(hex): 20
[2026/09/15 18:33:43] 发送(hex): 20
[2026/09/15 18:33:43] 发送(hex): 20
[2026/09/15 18:33:43] 发送(hex): 20
[2026/09/15 18:33:43] 发送(hex): 20
[2026/09/15 18:33:43] 发送(hex): 20
[2026/09/15 18:33:43] 发送(hex): 20
[2026/09/15 18:33:43] 发送(hex): 20
[2026/09/15 18:33:43] 发送(hex): 20
[2026/09/15 18:33:43] 发送(hex): 20
[2026/09/15 18:33:43] 发送(hex): 20
[2026/09/15 18:33:43] 发送(hex): 20
[2026/09/15 18:33:43] 发送(hex): 20
[2026/09/15 18:33:43] 发送(hex): 20
[2026/09/15 18:33:43] 发送(hex): 20
[2026/09/15 18:33:43] 发送(hex): 20
[2026/09/15 18:33:43] 发送(hex): 20
[2026/09/15 18:33:43] 发送(hex): 20
[2026/09/15 18:33:43] 发送(hex): 20
[2026/09/15 18:33:43] 发送(hex): 20
[2026/09/15 18:33:43] 发送(hex): 20
[2026/09/15 18:33:43] 发送(hex): 20
[2026/09/15 18:33:43] 发送(hex): 20
[2026/09/15 18:33:43] 发送(hex): 20
[2026/09/15 18:33:43] 发送(hex): 20
[2026/09/15 18:33:43] 发送(hex): 20
[2026/09/15 18:33:43] 发送(hex): 20
[2026/09/15 18:33:43] 发送(hex): 20
[2026/09/15 18:33:43] 发送(hex): 20
[2026/09/15 18:33:43] 发送(hex): 20
[2026/09/15 18:33:43] 发送(hex): 20
[2026/09/15 18:33:43] 发送(hex): 20
[2026/09/15 18:33:43] 发送(hex): 20
[2026/09/15 18:33:43] 发送(hex): 20
[2026/09/15 18:33:43] 发送(hex): 20
[2026/09/15 18:33:43] 发送(hex): 20
[2026/09/15 18:33:43] 发送(hex): 20
[2026/09/15 18:33:43] 发送(hex): 20
[2026/09/15 18:33:43] 发送(hex): 20
[2026/09/15 18:33:43] 发送(hex): 20
[2026/09/15 18:33:43] 发送(hex): 20
[2026/09/15 18:33:43] 发送(hex): 20
[2026/09/15 18:33:43] 发送(hex): 20
[2026/09/15 18:33:43] 发送(hex): 20
[2026/09/15 18:33:43] 发送(hex): 20
[2026/09/15 18:33:43] 发送(hex): 20
[2026/09/15 18:33:43] 发送(hex): 20
[2026/09/15 18:33:43] 发送(hex): 20
[2026/09/15 18:33:43] 发送(hex): 20
[2026/09/15 18:33:43] 发送(hex): 20
[2026/09/15 18:33:43] 发送(hex): 20
[2026/09/15 18:33:43] 发送(hex): 20
[2026/09/15 18:33:43] 发送(hex): 20
[2026/09/15 18:33:43] 发送(hex): 20
[2026/09/15 18:33:43] 发送(hex): 20
[2026/09/15 18:33:43] 发送(hex): 20
[2026/09/15 18:33:43] 发送(hex): 20
[2026/09/15 18:33:44] 发送(hex): 20
[2026/09/15 18:33:44] 发送(hex): 20
[2026/09/15 18:33:44] 发送(hex): 20
[2026/09/15 18:33:44] 发送(hex): 20
[2026/09/15 18:33:44] 发送(hex): 20
[2026/09/15 18:33:44] 发送(hex): 20
[2026/09/15 18:33:44] 发送(hex): 20
[2026/09/15 18:33:44] 发送(hex): 20
[2026/09/15 18:33:44] 发送(hex): 20
[2026/09/15 18:33:44] 发送(hex): 20
[2026/09/15 18:33:44] 发送(hex): 20
[2026/09/15 18:33:44] 发送(hex): 20
[2026/09/15 18:33:44] 发送(hex): 20
[2026/09/15 18:33:44] 发送(hex): 20
[2026/09/15 18:33:44] 发送(hex): 20
[2026/09/15 18:33:44] 发送(hex): 20
[2026/09/15 18:33:44] 发送(hex): 20
[2026/09/15 18:33:44] 发送(hex): 20
[2026/09/15 18:33:44] 发送(hex): 20
[2026/09/15 18:33:44] 发送(hex): 20
[2026/09/15 18:33:44] 发送(hex): 20
[2026/09/15 18:33:44] 发送(hex): 20
[2026/09/15 18:33:44] 发送(hex): 20
[2026/09/15 18:33:44] 发送(hex): 20
[2026/09/15 18:33:44] 发送(hex): 20
[2026/09/15 18:33:44] 发送(hex): 20
[2026/09/15 18:33:44] 发送(hex): 20
[2026/09/15 18:33:44] 发送(hex): 20
[2026/09/15 18:33:44] 发送(hex): 20
[2026/09/15 18:33:44] 发送(hex): 20
[2026/09/15 18:33:44] 发送(hex): 20
[2026/09/15 18:33:44] 发送(hex): 20
[2026/09/15 18:33:44] 发送(hex): 20
[2026/09/15 18:33:44] 发送(hex): 20
[2026/09/15 18:33:44] 发送(hex): 20
[2026/09/15 18:33:44] 发送(hex): 20
[2026/09/15 18:33:44] delay:426
[2026/09/15 18:33:44] 发送(hex): 20
[2026/09/15 18:33:44] 发送(hex): 20
[2026/09/15 18:33:44] 发送(hex): 20
[2026/09/15 18:33:44] 发送(hex): 20
[2026/09/15 18:33:44] 发送(hex): 20
[2026/09/15 18:33:44] 发送(hex): 20
[2026/09/15 18:33:44] 发送(hex): 20
[2026/09/15 18:33:44] 发送(hex): 20
[2026/09/15 18:33:44] 发送(hex): 20
[2026/09/15 18:33:44] 发送(hex): 20
[2026/09/15 18:33:44] 发送(hex): 20
[2026/09/15 18:33:44] 发送(hex): 20
[2026/09/15 18:33:44] 发送(hex): 20
[2026/09/15 18:33:44] 发送(hex): 20
[2026/09/15 18:33:44] 发送(hex): 20
[2026/09/15 18:33:44] 发送(hex): 20
[2026/09/15 18:33:44] 发送(hex): 20
[2026/09/15 18:33:44] 发送(hex): 20
[2026/09/15 18:33:44] 发送(hex): 20
[2026/09/15 18:33:44] 发送(hex): 20
[2026/09/15 18:33:44] 发送(hex): 20
[2026/09/15 18:33:44] 发送(hex): 20
[2026/09/15 18:33:44] 发送(hex): 20
[2026/09/15 18:33:44] 发送(hex): 20
[2026/09/15 18:33:44] 发送(hex): 20
[2026/09/15 18:33:44] 发送(hex): 20
[2026/09/15 18:33:44] 发送(hex): 20
[2026/09/15 18:33:44] 发送(hex): 20
[2026/09/15 18:33:44] 发送(hex): 20
[2026/09/15 18:33:44] 发送(hex): 20
[2026/09/15 18:33:44] 发送(hex): 20
[2026/09/15 18:33:44] 发送(hex): 20
[2026/09/15 18:33:44] 发送(hex): 20
[2026/09/15 18:33:44] 发送(hex): 20
[2026/09/15 18:33:44] 发送(hex): 20
[2026/09/15 18:33:44] 发送(hex): 20
[2026/09/15 18:33:44] 发送(hex): 20
[2026/09/15 18:33:44] 发送(hex): 20
[2026/09/15 18:33:44] Net:   r8168: REALTEK RTL8168 @0x18016000
[2026/09/15 18:33:44] 发送(hex): 20
[2026/09/15 18:33:44] 发送(hex): 20
[2026/09/15 18:33:44] 发送(hex): 20
[2026/09/15 18:33:44] 发送(hex): 20
[2026/09/15 18:33:44] Start Boot Setup ...
[2026/09/15 18:33:44] (powerMgr_get_wakeup_source)2012/05/30 19:50
[2026/09/15 18:33:44] wakeup source : AC
[2026/09/15 18:33:44] 发送(hex): 20
[2026/09/15 18:33:44] 发送(hex): 20
[2026/09/15 18:33:44] 发送(hex): 20
[2026/09/15 18:33:44] (powerMgr_get_wakeup_source)2012/05/30 19:50
[2026/09/15 18:33:44] wakeup source : AC
[2026/09/15 18:33:44] wakeup_src=0, boot_logo_enable=1, bgm_boot_type=0, POWER_ON_MODE_SILEN=0.
[2026/09/15 18:33:44] 发送(hex): 20
[2026/09/15 18:33:44] 发送(hex): 20
[2026/09/15 18:33:44] GDMA module_init finish
[2026/09/15 18:33:44] [GDMA] OS
[2026/09/15 18:33:44] 发送(hex): 20
[2026/09/15 18:33:44] 发送(hex): 20
[2026/09/15 18:33:44] D size[3840,2160]
[2026/09/15 18:33:44] [GDMA] gdma_showlogo gdma show logo 3929
[2026/09/15 18:33:44] Net:   r8168: REALTEK RTL8168 @0x18016000
[2026/09/15 18:33:44] 发送(hex): 20
[2026/09/15 18:33:44] ## Andr
[2026/09/15 18:33:44] 发送(hex): 20
[2026/09/15 18:33:44] 发送(hex): 20
[2026/09/15 18:33:44] oid Verified Boot 2.0 version 1.1.0
[2026/09/15 18:33:44] 发送(hex): 20
[2026/09/15 18:33:44] 发送(hex): 20
[2026/09/15 18:33:44] 发送(hex): 20
[2026/09/15 18:33:44] 发送(hex): 20
[2026/09/15 18:33:44] 发送(hex): 20
[2026/09/15 18:33:44] 发送(hex): 20
[2026/09/15 18:33:45] 发送(hex): 20
[2026/09/15 18:33:45] 发送(hex): 20
[2026/09/15 18:33:45] 发送(hex): 20
[2026/09/15 18:33:45] 发送(hex): 20
[2026/09/15 18:33:45] 发送(hex): 20
[2026/09/15 18:33:45] 发送(hex): 20
[2026/09/15 18:33:45] 发送(hex): 20
[2026/09/15 18:33:45] 发送(hex): 20
[2026/09/15 18:33:45] 发送(hex): 20
[2026/09/15 18:33:45] 发送(hex): 20
[2026/09/15 18:33:45] 发送(hex): 20
[2026/09/15 18:33:45] 发送(hex): 20
[2026/09/15 18:33:45] 发送(hex): 20
[2026/09/15 18:33:45] 发送(hex): 20
[2026/09/15 18:33:45] 发送(hex): 20
[2026/09/15 18:33:45] 发送(hex): 20
[2026/09/15 18:33:45] 发送(hex): 20
[2026/09/15 18:33:45] 发送(hex): 20
[2026/09/15 18:33:45] 发送(hex): 20
[2026/09/15 18:33:45] 发送(hex): 20
[2026/09/15 18:33:45] 发送(hex): 20
[2026/09/15 18:33:45] 发送(hex): 20
[2026/09/15 18:33:45] 发送(hex): 20
[2026/09/15 18:33:45] 发送(hex): 20
[2026/09/15 18:33:45] 发送(hex): 20
[2026/09/15 18:33:45] 发送(hex): 20
[2026/09/15 18:33:45] 发送(hex): 20
[2026/09/15 18:33:45] 发送(hex): 20
[2026/09/15 18:33:45] 发送(hex): 20
[2026/09/15 18:33:45] 发送(hex): 20
[2026/09/15 18:33:45] 发送(hex): 20
[2026/09/15 18:33:45] 发送(hex): 20
[2026/09/15 18:33:45] 发送(hex): 20
[2026/09/15 18:33:45] 发送(hex): 20
[2026/09/15 18:33:45] 发送(hex): 20
[2026/09/15 18:33:45] 发送(hex): 20
[2026/09/15 18:33:45] 发送(hex): 20
[2026/09/15 18:33:45] 发送(hex): 20
[2026/09/15 18:33:45] 发送(hex): 20
[2026/09/15 18:33:45] 发送(hex): 20
[2026/09/15 18:33:45] 发送(hex): 20
[2026/09/15 18:33:45] Verification passed successfully
[2026/09/15 18:33:45] [Skip A] boot manual mode
[2026/09/15 18:33:45] [Skip V] boot manual mode
[2026/09/15 18:33:45] is_avb_verify_hash_partition 164 find avb verify part_name boot img_buf 0x66400000 size 0x307a000
[2026/09/15 18:33:45] boot header version : 4
[2026/09/15 18:33:45] is_avb_verify_hash_partition 164 find avb verify part_name vendor_boot img_buf 0x6bc00000 size 0x10a3000
[2026/09/15 18:33:45] get_partition_content_by_name 11954 get gpt_name init_boot_a err,try part name init_boot!
[2026/09/15 18:33:45] get_partition_content_by_name 11956 get part name init_boot err!
[2026/09/15 18:33:45] 发送(hex): 20
[2026/09/15 18:33:45] 发送(hex): 20
[2026/09/15 18:33:45] 发送(hex): 20
[2026/09/15 18:33:45] 发送(hex): 20
[2026/09/15 18:33:45] 发送(hex): 20
[2026/09/15 18:33:45] 发送(hex): 20
[2026/09/15 18:33:45] 发送(hex): 20
[2026/09/15 18:33:45] get_merge_ramdisk 11932 cur_ramdisk_size 0xf3096 real_cur_ramdisk_size 0xf3096
[2026/09/15 18:33:45] get_merge_ramdisk 11932 cur_ramdisk_size 0x2019e5 real_cur_ramdisk_size 0x2019e5
[2026/09/15 18:33:45] is_avb_verify_hash_partition 164 find avb verify part_name dtbo img_buf 0x6fc00000 size 0x1186
[2026/09/15 18:33:45] Net:   r8168: REALTEK RTL8168 @0x18016000
[2026/09/15 18:33:45] 发送(hex): 20
[2026/09/15 18:33:45] 发送(hex): 20
[2026/09/15 18:33:45] 发送(hex): 20
[2026/09/15 18:33:45] 发送(hex): 20
[2026/09/15 18:33:45] [Skip K] boot manual mode (execute "go all")
[2026/09/15 18:33:45] Enter console mode, disable watchdog ...
[2026/09/15 18:33:45] Realtek>
[2026/09/15 18:33:45] 发送(hex): 20
[2026/09/15 18:33:45] 发送(hex): 20
[2026/09/15 18:33:45] 发送(hex): 20
[2026/09/15 18:33:45] 发送(hex): 20
[2026/09/15 18:33:45] 发送(hex): 20
[2026/09/15 18:33:45] 发送(hex): 20
[2026/09/15 18:33:45] 发送(hex): 20
[2026/09/15 18:33:45] 发送(hex): 20
[2026/09/15 18:33:45] 发送(hex): 20
[2026/09/15 18:33:45] 发送(hex): 20
[2026/09/15 18:33:45] 发送(hex): 20
[2026/09/15 18:33:45] 发送(hex): 20
[2026/09/15 18:33:45] 发送(hex): 20
[2026/09/15 18:33:45] 发送(hex): 20
[2026/09/15 18:33:45] 发送(hex): 20
[2026/09/15 18:33:45] 发送(hex): 20
[2026/09/15 18:33:45] 发送(hex): 20
[2026/09/15 18:33:45] 发送(hex): 20
[2026/09/15 18:33:45] 发送(hex): 20
[2026/09/15 18:33:45] 发送(hex): 20
[2026/09/15 18:33:45] 发送(hex): 20
[2026/09/15 18:33:45] 发送(hex): 20
[2026/09/15 18:33:45] 发送(hex): 20
[2026/09/15 18:33:45] 发送(hex): 20
[2026/09/15 18:33:45] 发送(hex): 20
[2026/09/15 18:33:45] 发送(hex): 20
[2026/09/15 18:33:45] 发送(hex): 20
[2026/09/15 18:33:45] 发送(hex): 20
[2026/09/15 18:33:45] 发送(hex): 20
[2026/09/15 18:33:45] 发送(hex): 20
[2026/09/15 18:33:45] 发送(hex): 20
[2026/09/15 18:33:45] 发送(hex): 20
[2026/09/15 18:33:45] 发送(hex): 20
[2026/09/15 18:33:45] 发送(hex): 20
[2026/09/15 18:33:45] 发送(hex): 20
[2026/09/15 18:33:45] 发送(hex): 20
[2026/09/15 18:33:45] 发送(hex): 20
[2026/09/15 18:33:45] 发送(hex): 20
[2026/09/15 18:33:45] 发送(hex): 20
[2026/09/15 18:33:45] 发送(hex): 20
[2026/09/15 18:33:45] 发送(hex): 20
[2026/09/15 18:33:46] 发送(hex): 20
[2026/09/15 18:33:46] 发送(hex): 20
[2026/09/15 18:33:46] 发送(hex): 20
[2026/09/15 18:33:46] 发送(hex): 20
[2026/09/15 18:33:46] 发送(hex): 20
[2026/09/15 18:33:46] 发送(hex): 20
[2026/09/15 18:33:46] 发送(hex): 20
[2026/09/15 18:33:46] 发送(hex): 20
[2026/09/15 18:33:46] 发送(hex): 20
[2026/09/15 18:33:46] 发送(hex): 20
[2026/09/15 18:33:46] 发送(hex): 20
[2026/09/15 18:33:46] 发送(hex): 20
[2026/09/15 18:33:46] 发送(hex): 20
[2026/09/15 18:33:46] 发送(hex): 20
[2026/09/15 18:33:46] 发送(hex): 20
[2026/09/15 18:33:46] 发送(hex): 20
[2026/09/15 18:33:46] 发送(hex): 20
[2026/09/15 18:33:46] 发送(hex): 20
[2026/09/15 18:33:46] 发送(hex): 20
[2026/09/15 18:33:46] 发送(hex): 20
[2026/09/15 18:33:46] 发送(hex): 20
[2026/09/15 18:33:46] 发送(hex): 20
[2026/09/15 18:33:46] 发送(hex): 20
[2026/09/15 18:33:46] 发送(hex): 20
[2026/09/15 18:33:46] 发送(hex): 20
[2026/09/15 18:33:46] 发送(hex): 20
[2026/09/15 18:33:46] 发送(hex): 20
[2026/09/15 18:33:46] 发送(hex): 20
[2026/09/15 18:33:46] 发送(hex): 20
[2026/09/15 18:33:46] 发送(hex): 20
[2026/09/15 18:33:46] 发送(hex): 20
[2026/09/15 18:33:46] 发送(hex): 20
[2026/09/15 18:33:46] 发送(hex): 20
[2026/09/15 18:33:46] 发送(hex): 20
[2026/09/15 18:33:46] 发送(hex): 20
[2026/09/15 18:33:46] 发送(hex): 20
[2026/09/15 18:33:46] 发送(hex): 20
[2026/09/15 18:33:46] 发送(hex): 20
[2026/09/15 18:33:46] 发送(hex): 20
[2026/09/15 18:33:46] 发送(hex): 20
[2026/09/15 18:33:46] 发送(hex): 20
[2026/09/15 18:33:46] 发送(hex): 20
[2026/09/15 18:33:46] 发送(hex): 20
[2026/09/15 18:33:46] 发送(hex): 20
[2026/09/15 18:33:46] 发送(hex): 20
[2026/09/15 18:33:46] 发送(hex): 20
[2026/09/15 18:33:46] 发送(hex): 20
[2026/09/15 18:33:46] 发送(hex): 20
[2026/09/15 18:33:46] 发送(hex): 20
[2026/09/15 18:33:46] 发送(hex): 20
[2026/09/15 18:33:46] 发送(hex): 20
[2026/09/15 18:33:46] 发送(hex): 20
[2026/09/15 18:33:46] 发送(hex): 20
[2026/09/15 18:33:46] 发送(hex): 20
[2026/09/15 18:33:46] 发送(hex): 20
[2026/09/15 18:33:46] 发送(hex): 20
[2026/09/15 18:33:46] 发送(hex): 20
[2026/09/15 18:33:46] 发送(hex): 20
[2026/09/15 18:33:46] 发送(hex): 20
[2026/09/15 18:33:46] 发送(hex): 20
[2026/09/15 18:33:46] 发送(hex): 20
[2026/09/15 18:33:46] 发送(hex): 20
[2026/09/15 18:33:46] 发送(hex): 20
[2026/09/15 18:33:46] 发送(hex): 20
[2026/09/15 18:33:46] 发送(hex): 20
[2026/09/15 18:33:46] 发送(hex): 20
[2026/09/15 18:33:46] 发送(hex): 20
[2026/09/15 18:33:46] 发送(hex): 20
[2026/09/15 18:33:46] 发送(hex): 20
[2026/09/15 18:33:46] 发送(hex): 20
[2026/09/15 18:33:46] 发送(hex): 20
[2026/09/15 18:33:46] 发送(hex): 20
[2026/09/15 18:33:46] 发送(hex): 20
[2026/09/15 18:33:46] 发送(hex): 20
[2026/09/15 18:33:46] 发送(hex): 20
[2026/09/15 18:33:46] 发送(hex): 20
[2026/09/15 18:33:46] 发送(hex): 20
[2026/09/15 18:33:46] 发送(hex): 20
[2026/09/15 18:33:46] 发送(hex): 20
[2026/09/15 18:33:46] 发送(hex): 20
[2026/09/15 18:33:46] 发送(hex): 20
[2026/09/15 18:33:46] 发送(hex): 20
[2026/09/15 18:33:46] 发送(hex): 20
[2026/09/15 18:33:46] 发送(hex): 20
[2026/09/15 18:33:46] 发送(hex): 20
[2026/09/15 18:33:46] 发送(hex): 20
[2026/09/15 18:33:46] 发送(hex): 20
[2026/09/15 18:33:46] 发送(hex): 20
[2026/09/15 18:33:46] 发送(hex): 20
[2026/09/15 18:33:46] 发送(hex): 20
[2026/09/15 18:33:46] 发送(hex): 20
[2026/09/15 18:33:46] 发送(hex): 20
[2026/09/15 18:33:46] 发送(hex): 20
[2026/09/15 18:33:47] 发送(hex): 20
[2026/09/15 18:33:47] 发送(hex): 20
[2026/09/15 18:33:47] 发送(hex): 20
[2026/09/15 18:33:47] 发送(hex): 20
[2026/09/15 18:33:47] 发送(hex): 20
[2026/09/15 18:33:47] 发送(hex): 20
[2026/09/15 18:33:47] 发送(hex): 20
[2026/09/15 18:33:47] 发送(hex): 20
[2026/09/15 18:33:47] 发送(hex): 20
[2026/09/15 18:33:47] 发送(hex): 20
[2026/09/15 18:33:47] 发送(hex): 20
[2026/09/15 18:33:47] 发送(hex): 20
[2026/09/15 18:33:47] 发送(hex): 20
[2026/09/15 18:33:47] 发送(hex): 20
[2026/09/15 18:33:47] 发送(hex): 20
[2026/09/15 18:33:47] 发送(hex): 20
[2026/09/15 18:33:47] 发送(hex): 20
[2026/09/15 18:33:47] 发送(hex): 20
[2026/09/15 18:33:47] 发送(hex): 20
[2026/09/15 18:33:47] 发送(hex): 20
[2026/09/15 18:33:47] 发送(hex): 20
[2026/09/15 18:33:47] 发送(hex): 20
[2026/09/15 18:33:47] 发送(hex): 20
[2026/09/15 18:33:47] 发送(hex): 20
[2026/09/15 18:33:47] 发送(hex): 20
[2026/09/15 18:33:47] 发送(hex): 20
[2026/09/15 18:33:47] 发送(hex): 20
[2026/09/15 18:33:47] 发送(hex): 20
[2026/09/15 18:33:47] 发送(hex): 20
[2026/09/15 18:33:47] 发送(hex): 20
[2026/09/15 18:33:47] 发送(hex): 20
[2026/09/15 18:33:47] 发送(hex): 20
[2026/09/15 18:33:47] 发送(hex): 20
[2026/09/15 18:33:47] 发送(hex): 20
[2026/09/15 18:33:47] 发送(hex): 20
[2026/09/15 18:33:47] 发送(hex): 20
[2026/09/15 18:33:47] 发送(hex): 20
[2026/09/15 18:33:47] 发送(hex): 20
[2026/09/15 18:33:47] 发送(hex): 20
[2026/09/15 18:33:47] 发送(hex): 20
[2026/09/15 18:33:47] 发送(hex): 20
[2026/09/15 18:33:47] 发送(hex): 20
[2026/09/15 18:33:47] 发送(hex): 20
[2026/09/15 18:33:47] 发送(hex): 20
[2026/09/15 18:33:47] 发送(hex): 20
[2026/09/15 18:33:47] 发送(hex): 20
[2026/09/15 18:33:47] 发送(hex): 20
[2026/09/15 18:33:47] 发送(hex): 20
[2026/09/15 18:33:47] 发送(hex): 20
[2026/09/15 18:33:47] 发送(hex): 20
[2026/09/15 18:33:47] 发送(hex): 20
[2026/09/15 18:33:47] 发送(hex): 20
[2026/09/15 18:33:47] 发送(hex): 20
[2026/09/15 18:33:47] 发送(hex): 20
[2026/09/15 18:33:47] 发送(hex): 20
[2026/09/15 18:33:47] 发送(hex): 20
[2026/09/15 18:33:47] 发送(hex): 20
[2026/09/15 18:33:47] 发送(hex): 20
[2026/09/15 18:33:47] 发送(hex): 20
[2026/09/15 18:33:47] 发送(hex): 20
[2026/09/15 18:33:47] 发送(hex): 20
[2026/09/15 18:33:47] 发送(hex): 20
[2026/09/15 18:33:47] 发送(hex): 20
[2026/09/15 18:33:47] 发送(hex): 20
[2026/09/15 18:33:47] 发送(hex): 20
[2026/09/15 18:33:47] 发送(hex): 20
[2026/09/15 18:33:47] 发送(hex): 20
[2026/09/15 18:33:47] 发送(hex): 20
[2026/09/15 18:33:47] 发送(hex): 20
[2026/09/15 18:33:47] 发送(hex): 20
[2026/09/15 18:33:47] 发送(hex): 20
[2026/09/15 18:33:47] 发送(hex): 20
[2026/09/15 18:33:47] 发送(hex): 20
[2026/09/15 18:33:47] 发送(hex): 20
[2026/09/15 18:33:47] 发送(hex): 20
[2026/09/15 18:33:47] 发送(hex): 20
[2026/09/15 18:33:47] 发送(hex): 20
[2026/09/15 18:33:47] 发送(hex): 20
[2026/09/15 18:33:47] 发送(hex): 20
[2026/09/15 18:33:47] 发送(hex): 20
[2026/09/15 18:33:47] 发送(hex): 20
[2026/09/15 18:33:47] 发送(hex): 20
[2026/09/15 18:33:47] 发送(hex): 20
[2026/09/15 18:33:47] 发送(hex): 20
[2026/09/15 18:33:47] 发送(hex): 20
[2026/09/15 18:33:47] 发送(hex): 20
[2026/09/15 18:33:47] 发送(hex): 20
[2026/09/15 18:33:47] 发送(hex): 20
[2026/09/15 18:33:47] 发送(hex): 20
[2026/09/15 18:33:47] 发送(hex): 20
[2026/09/15 18:33:47] 发送(hex): 20
[2026/09/15 18:33:47] 发送(hex): 20
[2026/09/15 18:33:47] 发送(hex): 20
[2026/09/15 18:33:48] 发送(hex): 20
[2026/09/15 18:33:48] 发送(hex): 20
[2026/09/15 18:33:48] 发送(hex): 20
[2026/09/15 18:33:48] 发送(hex): 20
[2026/09/15 18:33:48] 发送(hex): 20
[2026/09/15 18:33:48] 发送(hex): 20
[2026/09/15 18:33:48] 发送(hex): 20
[2026/09/15 18:33:48] 发送(hex): 20
[2026/09/15 18:33:48] 发送(hex): 20
[2026/09/15 18:33:48] 发送(hex): 20
[2026/09/15 18:33:48] 发送(hex): 20
[2026/09/15 18:33:48] 发送(hex): 20
[2026/09/15 18:33:48] 发送(hex): 20
[2026/09/15 18:33:48] 发送(hex): 20
[2026/09/15 18:33:48] 发送(hex): 20
[2026/09/15 18:33:48] 发送(hex): 20
[2026/09/15 18:33:48] 发送(hex): 20
[2026/09/15 18:33:48] 发送(hex): 20
[2026/09/15 18:33:48] 发送(hex): 20
[2026/09/15 18:33:48] 发送(hex): 20
[2026/09/15 18:33:48] 发送(hex): 20
[2026/09/15 18:33:48] 发送(hex): 20
[2026/09/15 18:33:48] 发送(hex): 20
[2026/09/15 18:33:48] 发送(hex): 20
[2026/09/15 18:33:48] 发送(hex): 20
[2026/09/15 18:33:48] 发送(hex): 20
[2026/09/15 18:33:48] 发送(hex): 20
[2026/09/15 18:33:48] 发送(hex): 20
[2026/09/15 18:33:48] 发送(hex): 20
[2026/09/15 18:33:48] 发送(hex): 20
[2026/09/15 18:33:48] 发送(hex): 20
[2026/09/15 18:33:48] 发送(hex): 20
[2026/09/15 18:33:48] 发送(hex): 20
[2026/09/15 18:33:48] 发送(hex): 20
[2026/09/15 18:33:48] 发送(hex): 20
[2026/09/15 18:33:48] 发送(hex): 20
[2026/09/15 18:33:48] 发送(hex): 20
[2026/09/15 18:33:48] 发送(hex): 20
[2026/09/15 18:33:48] 发送(hex): 20
[2026/09/15 18:33:48] 发送(hex): 20
[2026/09/15 18:33:48] 发送(hex): 20
[2026/09/15 18:33:48] 发送(hex): 20
[2026/09/15 18:33:48] 发送(hex): 20
[2026/09/15 18:33:48] 发送(hex): 20
[2026/09/15 18:33:48] 发送(hex): 20
[2026/09/15 18:33:48] 发送(hex): 20
[2026/09/15 18:33:48] 发送(hex): 20
[2026/09/15 18:33:48] 发送(hex): 20
[2026/09/15 18:33:48] 发送(hex): 20
[2026/09/15 18:33:48] 发送(hex): 20
[2026/09/15 18:33:48] 发送(hex): 20
[2026/09/15 18:33:48] 发送(hex): 20
[2026/09/15 18:33:48] 发送(hex): 20
[2026/09/15 18:33:48] 发送(hex): 20
[2026/09/15 18:33:48] 发送(hex): 20
[2026/09/15 18:33:48] 发送(hex): 20
[2026/09/15 18:33:48] 发送(hex): 20
[2026/09/15 18:33:48] 发送(hex): 20
[2026/09/15 18:33:48] 发送(hex): 20
[2026/09/15 18:33:48] 发送(hex): 20
[2026/09/15 18:33:48] 发送(hex): 20
[2026/09/15 18:33:48] 发送(hex): 20
[2026/09/15 18:33:48] 发送(hex): 20
[2026/09/15 18:33:48] 发送(hex): 20
[2026/09/15 18:33:48] 发送(hex): 20
[2026/09/15 18:33:48] 发送(hex): 20
[2026/09/15 18:33:48] 发送(hex): 20
[2026/09/15 18:33:48] 发送(hex): 20
[2026/09/15 18:33:48] 发送(hex): 20
[2026/09/15 18:33:48] 发送(hex): 20
[2026/09/15 18:33:48] 发送(hex): 20
[2026/09/15 18:33:48] 发送(hex): 20
[2026/09/15 18:33:48] 发送(hex): 20
[2026/09/15 18:33:48] 发送(hex): 20
[2026/09/15 18:33:48] 发送(hex): 20
[2026/09/15 18:33:48] 发送(hex): 20
[2026/09/15 18:33:48] 发送(hex): 20
[2026/09/15 18:33:48] 发送(hex): 20
[2026/09/15 18:33:48] 发送(hex): 20
[2026/09/15 18:33:48] 发送(hex): 20
[2026/09/15 18:33:48] 发送(hex): 20
[2026/09/15 18:33:48] 发送(hex): 20
[2026/09/15 18:33:48] 发送(hex): 20
[2026/09/15 18:33:48] 发送(hex): 20
[2026/09/15 18:33:48] 发送(hex): 20
[2026/09/15 18:33:48] 发送(hex): 20
[2026/09/15 18:33:48] 发送(hex): 20
[2026/09/15 18:33:48] 发送(hex): 20
[2026/09/15 18:33:48] 发送(hex): 20
[2026/09/15 18:33:48] 发送(hex): 20
[2026/09/15 18:33:48] 发送(hex): 20
[2026/09/15 18:33:48] 发送(hex): 20
[2026/09/15 18:33:48] 发送(hex): 20
[2026/09/15 18:33:48] 发送(hex): 20
[2026/09/15 18:33:49] 发送(hex): 20
[2026/09/15 18:33:49] 发送(hex): 20
[2026/09/15 18:33:49] 发送(hex): 20
[2026/09/15 18:33:49] 发送(hex): 20
[2026/09/15 18:33:49] 发送(hex): 20
[2026/09/15 18:33:49] 发送(hex): 20
[2026/09/15 18:33:49] 发送(hex): 20
[2026/09/15 18:33:49] 发送(hex): 20
[2026/09/15 18:33:49] 发送(hex): 20
[2026/09/15 18:33:49] 发送(hex): 20
[2026/09/15 18:33:49] 发送(hex): 20
[2026/09/15 18:33:49] 发送(hex): 20
[2026/09/15 18:33:49] 发送(hex): 20
[2026/09/15 18:33:49] 发送(hex): 20
[2026/09/15 18:33:49] 发送(hex): 20
[2026/09/15 18:33:49] 发送(hex): 20
[2026/09/15 18:33:49] 发送(hex): 20
[2026/09/15 18:33:49] 发送(hex): 20
[2026/09/15 18:33:49] 发送(hex): 20
[2026/09/15 18:33:49] 发送(hex): 20
[2026/09/15 18:33:49] 发送(hex): 20
[2026/09/15 18:33:49] 发送(hex): 20
[2026/09/15 18:33:49] 发送(hex): 20
[2026/09/15 18:33:49] 发送(hex): 20
[2026/09/15 18:33:49] 发送(hex): 20
[2026/09/15 18:33:49] 发送(hex): 20
[2026/09/15 18:33:49] 发送(hex): 20
[2026/09/15 18:33:49] 发送(hex): 20
[2026/09/15 18:33:49] 发送(hex): 20
[2026/09/15 18:33:49] 发送(hex): 20
[2026/09/15 18:33:49] 发送(hex): 20
[2026/09/15 18:33:49] 发送(hex): 20
[2026/09/15 18:33:49] 发送(hex): 20
[2026/09/15 18:33:49] 发送(hex): 20
[2026/09/15 18:33:49] 发送(hex): 20
[2026/09/15 18:33:49] 发送(hex): 20
[2026/09/15 18:33:49] 发送(hex): 20
[2026/09/15 18:33:49] 发送(hex): 20
[2026/09/15 18:33:49] 发送(hex): 20
[2026/09/15 18:33:49] 发送(hex): 20
[2026/09/15 18:33:49] 发送(hex): 20
[2026/09/15 18:33:49] 发送(hex): 20
[2026/09/15 18:33:49] 发送(hex): 20
[2026/09/15 18:33:49] 发送(hex): 20
[2026/09/15 18:33:49] 发送(hex): 20
[2026/09/15 18:33:49] 发送(hex): 20
[2026/09/15 18:33:49] 发送(hex): 20
[2026/09/15 18:33:49] 发送(hex): 20
[2026/09/15 18:33:49] 发送(hex): 20
[2026/09/15 18:33:49] 发送(hex): 20
[2026/09/15 18:33:49] 发送(hex): 20
[2026/09/15 18:33:49] 发送(hex): 20
[2026/09/15 18:33:49] 发送(hex): 20
[2026/09/15 18:33:49] 发送(hex): 20
[2026/09/15 18:33:49] 发送(hex): 20
[2026/09/15 18:33:49] 发送(hex): 20
[2026/09/15 18:33:49] 发送(hex): 20
[2026/09/15 18:33:49] 发送(hex): 20
[2026/09/15 18:33:49] 发送(hex): 20
[2026/09/15 18:33:49] 发送(hex): 20
[2026/09/15 18:33:49] 发送(hex): 20
[2026/09/15 18:33:49] 发送(hex): 20
[2026/09/15 18:33:49] 发送(hex): 20
[2026/09/15 18:33:49] 发送(hex): 20
[2026/09/15 18:33:49] 发送(hex): 20
[2026/09/15 18:33:49] 发送(hex): 20
[2026/09/15 18:33:49] 发送(hex): 20
[2026/09/15 18:33:49] 发送(hex): 20
[2026/09/15 18:33:49] 发送(hex): 20
[2026/09/15 18:33:49] 发送(hex): 20
[2026/09/15 18:33:49] 发送(hex): 20
[2026/09/15 18:33:49] 发送(hex): 20
[2026/09/15 18:33:49] 发送(hex): 20
[2026/09/15 18:33:49] 发送(hex): 20
[2026/09/15 18:33:49] 发送(hex): 20
[2026/09/15 18:33:49] 发送(hex): 20
[2026/09/15 18:33:49] 发送(hex): 20
[2026/09/15 18:33:49] 发送(hex): 20
[2026/09/15 18:33:49] 发送(hex): 20
[2026/09/15 18:33:49] 发送(hex): 20
[2026/09/15 18:33:49] 发送(hex): 20
[2026/09/15 18:33:49] 发送(hex): 20
[2026/09/15 18:33:49] 发送(hex): 20
[2026/09/15 18:33:49] 发送(hex): 20
[2026/09/15 18:33:49] 发送(hex): 20
[2026/09/15 18:33:49] 发送(hex): 20
[2026/09/15 18:33:49] 发送(hex): 20
[2026/09/15 18:33:49] 发送(hex): 20
[2026/09/15 18:33:49] 发送(hex): 20
[2026/09/15 18:33:49] 发送(hex): 20
[2026/09/15 18:33:49] 发送(hex): 20
[2026/09/15 18:33:49] 发送(hex): 20
[2026/09/15 18:33:49] 发送(hex): 20
[2026/09/15 18:33:50] 发送(hex): 20
[2026/09/15 18:33:50] 发送(hex): 20
[2026/09/15 18:33:50] 发送(hex): 20
[2026/09/15 18:33:50] 发送(hex): 20
[2026/09/15 18:33:50] 发送(hex): 20
[2026/09/15 18:33:50] 发送(hex): 20
[2026/09/15 18:33:50] 发送(hex): 20
[2026/09/15 18:33:50] 发送(hex): 20
[2026/09/15 18:33:50] 发送(hex): 20
[2026/09/15 18:33:50] 发送(hex): 20
[2026/09/15 18:33:50] 发送(hex): 20
[2026/09/15 18:33:50] 发送(hex): 20
[2026/09/15 18:33:50] 发送(hex): 20
[2026/09/15 18:33:50] 发送(hex): 20
[2026/09/15 18:33:50] 发送(hex): 20
[2026/09/15 18:33:50] 发送(hex): 20
[2026/09/15 18:33:50] 发送(hex): 20
[2026/09/15 18:33:50] 发送(hex): 20
[2026/09/15 18:33:50] 发送(hex): 20
[2026/09/15 18:33:50] 发送(hex): 20
[2026/09/15 18:33:50] 发送(hex): 20
[2026/09/15 18:33:50] 发送(hex): 20
[2026/09/15 18:33:50] 发送(hex): 20
[2026/09/15 18:33:50] 发送(hex): 20
[2026/09/15 18:33:50] 发送(hex): 20
[2026/09/15 18:33:50] 发送(hex): 20
[2026/09/15 18:33:50] 发送(hex): 20
[2026/09/15 18:33:50] 发送(hex): 20
[2026/09/15 18:33:50] 发送(hex): 20
[2026/09/15 18:33:50] 发送(hex): 20
[2026/09/15 18:33:50] 发送(hex): 20
[2026/09/15 18:33:50] 发送(hex): 20
[2026/09/15 18:33:50] 发送(hex): 20
[2026/09/15 18:33:50] 发送(hex): 20
[2026/09/15 18:33:50] 发送(hex): 20
[2026/09/15 18:33:50] 发送(hex): 20
[2026/09/15 18:33:50] 发送(hex): 20
[2026/09/15 18:33:50] 发送(hex): 20
[2026/09/15 18:33:50] 发送(hex): 20
[2026/09/15 18:33:50] 发送(hex): 20
[2026/09/15 18:33:50] 发送(hex): 20
[2026/09/15 18:33:50] 发送(hex): 20
[2026/09/15 18:33:50] 发送(hex): 20
[2026/09/15 18:33:50] 发送(hex): 20
[2026/09/15 18:33:50] 发送(hex): 20
[2026/09/15 18:33:50] 发送(hex): 20
[2026/09/15 18:33:50] 发送(hex): 20
[2026/09/15 18:33:50] 发送(hex): 20
[2026/09/15 18:33:50] 发送(hex): 20
[2026/09/15 18:33:50] 发送(hex): 20
[2026/09/15 18:33:50] 发送(hex): 20
[2026/09/15 18:33:50] 发送(hex): 20
[2026/09/15 18:33:50] 发送(hex): 20
[2026/09/15 18:33:50] 发送(hex): 20
[2026/09/15 18:33:50] 发送(hex): 20
[2026/09/15 18:33:50] 发送(hex): 20
[2026/09/15 18:33:50] 发送(hex): 20
[2026/09/15 18:33:50] 发送(hex): 20
[2026/09/15 18:33:50] 发送(hex): 20
[2026/09/15 18:33:50] 发送(hex): 20
[2026/09/15 18:33:50] 发送(hex): 20
[2026/09/15 18:33:50] 发送(hex): 20
[2026/09/15 18:33:50] 发送(hex): 20
[2026/09/15 18:33:50] 发送(hex): 20
[2026/09/15 18:33:50] 发送(hex): 20
[2026/09/15 18:33:50] 发送(hex): 20
[2026/09/15 18:33:50] 发送(hex): 20
[2026/09/15 18:33:50] 发送(hex): 20
[2026/09/15 18:33:50] 发送(hex): 20
[2026/09/15 18:33:50] 发送(hex): 20
[2026/09/15 18:33:50] 发送(hex): 20
[2026/09/15 18:33:50] 发送(hex): 20
[2026/09/15 18:33:50] 发送(hex): 20
[2026/09/15 18:33:50] 发送(hex): 20
[2026/09/15 18:33:50] 发送(hex): 20
[2026/09/15 18:33:50] 发送(hex): 20
[2026/09/15 18:33:50] 发送(hex): 20
[2026/09/15 18:33:50] 发送(hex): 20
[2026/09/15 18:33:50] 发送(hex): 20
[2026/09/15 18:33:50] 发送(hex): 20
[2026/09/15 18:33:50] 发送(hex): 20
[2026/09/15 18:33:50] 发送(hex): 20
[2026/09/15 18:33:50] 发送(hex): 20
[2026/09/15 18:33:50] 发送(hex): 20
[2026/09/15 18:33:50] 发送(hex): 20
[2026/09/15 18:33:50] 发送(hex): 20
[2026/09/15 18:33:50] 发送(hex): 20
[2026/09/15 18:33:50] 发送(hex): 20
[2026/09/15 18:33:50] 发送(hex): 20
[2026/09/15 18:33:50] 发送(hex): 20
[2026/09/15 18:33:50] 发送(hex): 20
[2026/09/15 18:33:50] 发送(hex): 20
[2026/09/15 18:33:50] 发送(hex): 20
[2026/09/15 18:33:50] 发送(hex): 20
[2026/09/15 18:33:51] 发送(hex): 20
[2026/09/15 18:33:51] 发送(hex): 20
[2026/09/15 18:33:51] 发送(hex): 20
[2026/09/15 18:33:51] 发送(hex): 20
[2026/09/15 18:33:51] 发送(hex): 20
[2026/09/15 18:33:51] 发送(hex): 20
[2026/09/15 18:33:51] 发送(hex): 20
[2026/09/15 18:33:51] 发送(hex): 20
[2026/09/15 18:33:51] 发送(hex): 20
[2026/09/15 18:33:51] 发送(hex): 20
[2026/09/15 18:33:51] 发送(hex): 20
[2026/09/15 18:33:51] 发送(hex): 20
[2026/09/15 18:33:51] 发送(hex): 20
[2026/09/15 18:33:51] 发送(hex): 20
[2026/09/15 18:33:51] 发送(hex): 20
[2026/09/15 18:33:51] 发送(hex): 20
[2026/09/15 18:33:51] 发送(hex): 20
[2026/09/15 18:33:51] 发送(hex): 20
[2026/09/15 18:33:51] 发送(hex): 20
[2026/09/15 18:33:51] 发送(hex): 20
[2026/09/15 18:33:51] 发送(hex): 20
[2026/09/15 18:33:51] 发送(hex): 20
[2026/09/15 18:33:51] 发送(hex): 20
[2026/09/15 18:33:51] 发送(hex): 20
[2026/09/15 18:33:51] 发送(hex): 20
[2026/09/15 18:33:51] 发送(hex): 20
[2026/09/15 18:33:51] 发送(hex): 20
[2026/09/15 18:33:51] 发送(hex): 20
[2026/09/15 18:33:51] 发送(hex): 20
[2026/09/15 18:33:51] 发送(hex): 20
[2026/09/15 18:33:51] 发送(hex): 20
[2026/09/15 18:33:51] 发送(hex): 20
[2026/09/15 18:33:51] 发送(hex): 20
[2026/09/15 18:33:51] 发送(hex): 20
[2026/09/15 18:33:51] 发送(hex): 20
[2026/09/15 18:33:51] 发送(hex): 20
[2026/09/15 18:33:51] 发送(hex): 20
[2026/09/15 18:33:51] 发送(hex): 20
[2026/09/15 18:33:51] 发送(hex): 20
[2026/09/15 18:33:51] 发送(hex): 20
[2026/09/15 18:33:51] 发送(hex): 20
[2026/09/15 18:33:51] 发送(hex): 20
[2026/09/15 18:33:51] 发送(hex): 20
[2026/09/15 18:33:51] 发送(hex): 20
[2026/09/15 18:33:51] 发送(hex): 20
[2026/09/15 18:33:51] 发送(hex): 20
[2026/09/15 18:33:51] 发送(hex): 20
[2026/09/15 18:33:51] 发送(hex): 20
[2026/09/15 18:33:51] 发送(hex): 20
[2026/09/15 18:33:51] 发送(hex): 20
[2026/09/15 18:33:51] 发送(hex): 20
[2026/09/15 18:33:51] 发送(hex): 20
[2026/09/15 18:33:51] 发送(hex): 20
[2026/09/15 18:33:51] 发送(hex): 20
[2026/09/15 18:33:51] 发送(hex): 20
[2026/09/15 18:33:51] 发送(hex): 20
[2026/09/15 18:33:51] 发送(hex): 20
[2026/09/15 18:33:51] 发送(hex): 20
[2026/09/15 18:33:51] 发送(hex): 20
[2026/09/15 18:33:51] 发送(hex): 20
[2026/09/15 18:33:51] 发送(hex): 20
[2026/09/15 18:33:51] 发送(hex): 20
[2026/09/15 18:33:51] 发送(hex): 20
[2026/09/15 18:33:51] 发送(hex): 20
[2026/09/15 18:33:51] 发送(hex): 20
[2026/09/15 18:33:51] 发送(hex): 20
[2026/09/15 18:33:51] 发送(hex): 20
[2026/09/15 18:33:51] 发送(hex): 20
[2026/09/15 18:33:51] 发送(hex): 20
[2026/09/15 18:33:51] 发送(hex): 20
[2026/09/15 18:33:51] 发送(hex): 20
[2026/09/15 18:33:51] 发送(hex): 20
[2026/09/15 18:33:51] 发送(hex): 20
[2026/09/15 18:33:51] 发送(hex): 20
[2026/09/15 18:33:51] 发送(hex): 20
[2026/09/15 18:33:51] 发送(hex): 20
[2026/09/15 18:33:51] 发送(hex): 20
[2026/09/15 18:33:51] 发送(hex): 20
[2026/09/15 18:33:51] 发送(hex): 20
[2026/09/15 18:33:51] 发送(hex): 20
[2026/09/15 18:33:51] 发送(hex): 20
[2026/09/15 18:33:51] 发送(hex): 20
[2026/09/15 18:33:51] 发送(hex): 20
[2026/09/15 18:33:51] 发送(hex): 20
[2026/09/15 18:33:51] 发送(hex): 20
[2026/09/15 18:33:51] 发送(hex): 20
[2026/09/15 18:33:51] 发送(hex): 20
[2026/09/15 18:33:51] 发送(hex): 20
[2026/09/15 18:33:51] 发送(hex): 20
[2026/09/15 18:33:51] 发送(hex): 20
[2026/09/15 18:33:51] 发送(hex): 20
[2026/09/15 18:33:51] 发送(hex): 20
[2026/09/15 18:33:51] 发送(hex): 20
[2026/09/15 18:33:51] 发送(hex): 20
[2026/09/15 18:33:52] 发送(hex): 20
[2026/09/15 18:33:52] 发送(hex): 20
[2026/09/15 18:33:52] 发送(hex): 20
[2026/09/15 18:33:52] 发送(hex): 20
[2026/09/15 18:33:52] 发送(hex): 20
[2026/09/15 18:33:52] 发送(hex): 20
[2026/09/15 18:33:52] 发送(hex): 20
[2026/09/15 18:33:52] 发送(hex): 20
[2026/09/15 18:33:52] 发送(hex): 20
[2026/09/15 18:33:52] 发送(hex): 20
[2026/09/15 18:33:52] 发送(hex): 20
[2026/09/15 18:33:52] 发送(hex): 20
[2026/09/15 18:33:52] 发送(hex): 20
[2026/09/15 18:33:52] 发送(hex): 20
[2026/09/15 18:33:52] 发送(hex): 20
[2026/09/15 18:33:52] 发送(hex): 20
[2026/09/15 18:33:52] 发送(hex): 20
[2026/09/15 18:33:52] 发送(hex): 20
[2026/09/15 18:33:52] 发送(hex): 20
[2026/09/15 18:33:52] 发送(hex): 20
[2026/09/15 18:33:52] 发送(hex): 20
[2026/09/15 18:33:52] 发送(hex): 20
[2026/09/15 18:33:52] 发送(hex): 20
[2026/09/15 18:33:52] 发送(hex): 20
[2026/09/15 18:33:52] 发送(hex): 20
[2026/09/15 18:33:52] 发送(hex): 20
[2026/09/15 18:33:52] 发送(hex): 20
[2026/09/15 18:33:52] 发送(hex): 20
[2026/09/15 18:33:52] 发送(hex): 20
[2026/09/15 18:33:52] 发送(hex): 20
[2026/09/15 18:33:52] 发送(hex): 20
[2026/09/15 18:33:52] 发送(hex): 20
[2026/09/15 18:33:52] 发送(hex): 20
[2026/09/15 18:33:52] 发送(hex): 20
[2026/09/15 18:33:52] 发送(hex): 20
[2026/09/15 18:33:52] 发送(hex): 20
[2026/09/15 18:33:52] 发送(hex): 20
[2026/09/15 18:33:52] 发送(hex): 20
[2026/09/15 18:33:52] 发送(hex): 20
[2026/09/15 18:33:52] 发送(hex): 20
[2026/09/15 18:33:52] 发送(hex): 20
[2026/09/15 18:33:52] 发送(hex): 20
[2026/09/15 18:33:52] 发送(hex): 20
[2026/09/15 18:33:52] 发送(hex): 20
[2026/09/15 18:33:52] 发送(hex): 20
[2026/09/15 18:33:52] 发送(hex): 20
[2026/09/15 18:33:52] 发送(hex): 20
[2026/09/15 18:33:52] 发送(hex): 20
[2026/09/15 18:33:52] 发送(hex): 20
[2026/09/15 18:33:52] 发送(hex): 20
[2026/09/15 18:33:52] 发送(hex): 20
[2026/09/15 18:33:52] 发送(hex): 20
[2026/09/15 18:33:52] 发送(hex): 20
[2026/09/15 18:33:52] 发送(hex): 20
[2026/09/15 18:33:52] 发送(hex): 20
[2026/09/15 18:33:52] 发送(hex): 20
[2026/09/15 18:33:52] 发送(hex): 20
[2026/09/15 18:33:52] 发送(hex): 20
[2026/09/15 18:33:52] 发送(hex): 20
[2026/09/15 18:33:52] 发送(hex): 20
[2026/09/15 18:33:52] 发送(hex): 20
[2026/09/15 18:33:52] 发送(hex): 20
[2026/09/15 18:33:52] 发送(hex): 20
[2026/09/15 18:33:52] 发送(hex): 20
[2026/09/15 18:33:52] 发送(hex): 20
[2026/09/15 18:33:52] 发送(hex): 20
[2026/09/15 18:33:52] 发送(hex): 20
[2026/09/15 18:33:52] 发送(hex): 20
[2026/09/15 18:33:52] 发送(hex): 20
[2026/09/15 18:33:52] 发送(hex): 20
[2026/09/15 18:33:52] 发送(hex): 20
[2026/09/15 18:33:52] 发送(hex): 20
[2026/09/15 18:33:52] 发送(hex): 20
[2026/09/15 18:33:52] 发送(hex): 20
[2026/09/15 18:33:52] 发送(hex): 20
[2026/09/15 18:33:52] 发送(hex): 20
[2026/09/15 18:33:52] 发送(hex): 20
[2026/09/15 18:33:52] 发送(hex): 20
[2026/09/15 18:33:52] 发送(hex): 20
[2026/09/15 18:33:52] 发送(hex): 20
[2026/09/15 18:33:52] 发送(hex): 20
[2026/09/15 18:33:52] 发送(hex): 20
[2026/09/15 18:33:52] 发送(hex): 20
[2026/09/15 18:33:52] 发送(hex): 20
[2026/09/15 18:33:52] 发送(hex): 20
[2026/09/15 18:33:52] 发送(hex): 20
[2026/09/15 18:33:52] 发送(hex): 20
[2026/09/15 18:33:52] 发送(hex): 20
[2026/09/15 18:33:52] 发送(hex): 20
[2026/09/15 18:33:52] 发送(hex): 20
[2026/09/15 18:33:52] 发送(hex): 20
[2026/09/15 18:33:52] 发送(hex): 20
[2026/09/15 18:33:52] 发送(hex): 20
[2026/09/15 18:33:52] 发送(hex): 20
[2026/09/15 18:33:52] 发送(hex): 20
[2026/09/15 18:33:53] 发送(hex): 20
[2026/09/15 18:33:53] 发送(hex): 20
[2026/09/15 18:33:53] 发送(hex): 20
[2026/09/15 18:33:53] 发送(hex): 20
[2026/09/15 18:33:53] 发送(hex): 20
[2026/09/15 18:33:53] 发送(hex): 20
[2026/09/15 18:33:53] 发送(hex): 20
[2026/09/15 18:33:53] 发送(hex): 20
[2026/09/15 18:33:53] 发送(hex): 20
[2026/09/15 18:33:53] 发送(hex): 20
[2026/09/15 18:33:53] 发送(hex): 20
[2026/09/15 18:33:53] 发送(hex): 20
[2026/09/15 18:33:53] 发送(hex): 20
[2026/09/15 18:33:53] 发送(hex): 20
[2026/09/15 18:33:53] 发送(hex): 20
[2026/09/15 18:33:53] 发送(hex): 20
[2026/09/15 18:33:53] 发送(hex): 20
[2026/09/15 18:33:53] 发送(hex): 20
[2026/09/15 18:33:53] 发送(hex): 20
[2026/09/15 18:33:53] 发送(hex): 20
[2026/09/15 18:33:53] 发送(hex): 20
[2026/09/15 18:33:53] 发送(hex): 20
[2026/09/15 18:33:53] 发送(hex): 20
[2026/09/15 18:33:53] 发送(hex): 20
[2026/09/15 18:33:53] 发送(hex): 20
[2026/09/15 18:33:53] 发送(hex): 20
[2026/09/15 18:33:53] 发送(hex): 20
[2026/09/15 18:33:53] 发送(hex): 20
[2026/09/15 18:33:53] 发送(hex): 20
[2026/09/15 18:33:53] 发送(hex): 20
[2026/09/15 18:33:53] 发送(hex): 20
[2026/09/15 18:33:53] 发送(hex): 20
[2026/09/15 18:33:53] 发送(hex): 20
[2026/09/15 18:33:53] 发送(hex): 20
[2026/09/15 18:33:53] 发送(hex): 20
[2026/09/15 18:33:53] 发送(hex): 20
[2026/09/15 18:33:53] 发送(hex): 20
[2026/09/15 18:33:53] 发送(hex): 20
[2026/09/15 18:33:53] 发送(hex): 20
[2026/09/15 18:33:53] 发送(hex): 20
[2026/09/15 18:33:53] 发送(hex): 20
[2026/09/15 18:33:53] 发送(hex): 20
[2026/09/15 18:33:53] 发送(hex): 20
[2026/09/15 18:33:53] 发送(hex): 20
[2026/09/15 18:33:53] 发送(hex): 20
[2026/09/15 18:33:53] 发送(hex): 20
[2026/09/15 18:33:53] 发送(hex): 20
[2026/09/15 18:33:53] 发送(hex): 20
[2026/09/15 18:33:53] 发送(hex): 20
[2026/09/15 18:33:53] 发送(hex): 20
[2026/09/15 18:33:53] 发送(hex): 20
[2026/09/15 18:33:53] 发送(hex): 20
[2026/09/15 18:33:53] 发送(hex): 20
[2026/09/15 18:33:53] 发送(hex): 20
[2026/09/15 18:33:53] 发送(hex): 20
[2026/09/15 18:33:53] 发送(hex): 20
[2026/09/15 18:33:53] 发送(hex): 20
[2026/09/15 18:33:53] 发送(hex): 20
[2026/09/15 18:33:53] 发送(hex): 20
[2026/09/15 18:33:53] 发送(hex): 20
[2026/09/15 18:33:53] 发送(hex): 20
[2026/09/15 18:33:53] 发送(hex): 20
[2026/09/15 18:33:53] 发送(hex): 20
[2026/09/15 18:33:53] 发送(hex): 20
[2026/09/15 18:33:53] 发送(hex): 20
[2026/09/15 18:33:53] 发送(hex): 20
[2026/09/15 18:33:53] 发送(hex): 20
[2026/09/15 18:33:53] 发送(hex): 20
[2026/09/15 18:33:53] 发送(hex): 20
[2026/09/15 18:33:53] 发送(hex): 20
[2026/09/15 18:33:53] 发送(hex): 20
[2026/09/15 18:33:53] 发送(hex): 20
[2026/09/15 18:33:53] 发送(hex): 20
[2026/09/15 18:33:53] 发送(hex): 20
[2026/09/15 18:33:53] 发送(hex): 20
[2026/09/15 18:33:53] 发送(hex): 20
[2026/09/15 18:33:53] 发送(hex): 20
[2026/09/15 18:33:53] 发送(hex): 20
[2026/09/15 18:33:53] 发送(hex): 20
[2026/09/15 18:33:53] 发送(hex): 20
[2026/09/15 18:33:53] 发送(hex): 20
[2026/09/15 18:33:53] 发送(hex): 20
[2026/09/15 18:33:53] 发送(hex): 20
[2026/09/15 18:33:53] 发送(hex): 20
[2026/09/15 18:33:53] 发送(hex): 20
[2026/09/15 18:33:53] 发送(hex): 20
[2026/09/15 18:33:53] 发送(hex): 20
[2026/09/15 18:33:53] 发送(hex): 20
[2026/09/15 18:33:53] 发送(hex): 20
[2026/09/15 18:33:53] 发送(hex): 20
[2026/09/15 18:33:53] 发送(hex): 20
[2026/09/15 18:33:53] 发送(hex): 20
[2026/09/15 18:33:53] 发送(hex): 20
[2026/09/15 18:33:53] 发送(hex): 20
[2026/09/15 18:33:54] 发送(hex): 20
[2026/09/15 18:33:54] 发送(hex): 20
[2026/09/15 18:33:54] 发送(hex): 20
[2026/09/15 18:33:54] 发送(hex): 20
[2026/09/15 18:33:54] 发送(hex): 20
[2026/09/15 18:33:54] 发送(hex): 20
[2026/09/15 18:33:54] 发送(hex): 20
[2026/09/15 18:33:54] 发送(hex): 20
[2026/09/15 18:33:54] 发送(hex): 20
[2026/09/15 18:33:54] 发送(hex): 20
[2026/09/15 18:33:54] 发送(hex): 20
[2026/09/15 18:33:54] 发送(hex): 20
[2026/09/15 18:33:54] 发送(hex): 20
[2026/09/15 18:33:54] 发送(hex): 20
[2026/09/15 18:33:54] 发送(hex): 20
[2026/09/15 18:33:54] 发送(hex): 20
[2026/09/15 18:33:54] 发送(hex): 20
[2026/09/15 18:33:54] 发送(hex): 20
[2026/09/15 18:33:54] 发送(hex): 20
[2026/09/15 18:33:54] 发送(hex): 20
[2026/09/15 18:33:54] 发送(hex): 20
[2026/09/15 18:33:54] 发送(hex): 20
[2026/09/15 18:33:54] 发送(hex): 20
[2026/09/15 18:33:54] 发送(hex): 20
[2026/09/15 18:33:54] 发送(hex): 20
[2026/09/15 18:33:54] 发送(hex): 20
[2026/09/15 18:33:54] 发送(hex): 20
[2026/09/15 18:33:54] 发送(hex): 20
[2026/09/15 18:33:54] 发送(hex): 20
[2026/09/15 18:33:54] 发送(hex): 20
[2026/09/15 18:33:54] 发送(hex): 20
[2026/09/15 18:33:54] 发送(hex): 20
[2026/09/15 18:33:54] 发送(hex): 20
[2026/09/15 18:33:54] 发送(hex): 20
[2026/09/15 18:33:54] 发送(hex): 20
[2026/09/15 18:33:54] 发送(hex): 20
[2026/09/15 18:33:54] 发送(hex): 20
[2026/09/15 18:33:54] 发送(hex): 20
[2026/09/15 18:33:54] 发送(hex): 20
[2026/09/15 18:33:54] 发送(hex): 20
[2026/09/15 18:33:54] 发送(hex): 20
[2026/09/15 18:33:54] 发送(hex): 20
[2026/09/15 18:33:54] 发送(hex): 20
[2026/09/15 18:33:54] 发送(hex): 20
[2026/09/15 18:33:54] 发送(hex): 20
[2026/09/15 18:33:54] 发送(hex): 20
[2026/09/15 18:33:54] 发送(hex): 20
[2026/09/15 18:33:54] 发送(hex): 20
[2026/09/15 18:33:54] 发送(hex): 20
[2026/09/15 18:33:54] 发送(hex): 20
[2026/09/15 18:33:54] 发送(hex): 20
[2026/09/15 18:33:54] 发送(hex): 20
[2026/09/15 18:33:54] 发送(hex): 20
[2026/09/15 18:33:54] 发送(hex): 20
[2026/09/15 18:33:54] 发送(hex): 20
[2026/09/15 18:33:54] 发送(hex): 20
[2026/09/15 18:33:54] 发送(hex): 20
[2026/09/15 18:33:54] 发送(hex): 20
[2026/09/15 18:33:54] 发送(hex): 20
[2026/09/15 18:33:54] 发送(hex): 20
[2026/09/15 18:33:54] 发送(hex): 20
[2026/09/15 18:33:54] 发送(hex): 20
[2026/09/15 18:33:54] 发送(hex): 20
[2026/09/15 18:33:54] 发送(hex): 20
[2026/09/15 18:33:54] 发送(hex): 20
[2026/09/15 18:33:54] 发送(hex): 20
[2026/09/15 18:33:54] 发送(hex): 20
[2026/09/15 18:33:54] 发送(hex): 20
[2026/09/15 18:33:54] 发送(hex): 20
[2026/09/15 18:33:54] 发送(hex): 20
[2026/09/15 18:33:54] 发送(hex): 20
[2026/09/15 18:33:54] 发送(hex): 20
[2026/09/15 18:33:54] 发送(hex): 20
[2026/09/15 18:33:54] 发送(hex): 20
[2026/09/15 18:33:54] 发送(hex): 20
[2026/09/15 18:33:54] 发送(hex): 20
[2026/09/15 18:33:54] 发送(hex): 20
[2026/09/15 18:33:54] 发送(hex): 20
[2026/09/15 18:33:54] 发送(hex): 20
[2026/09/15 18:33:54] 发送(hex): 20
[2026/09/15 18:33:54] 发送(hex): 20
[2026/09/15 18:33:54] 发送(hex): 20
[2026/09/15 18:33:54] 发送(hex): 20
[2026/09/15 18:33:54] 发送(hex): 20
[2026/09/15 18:33:54] 发送(hex): 20
[2026/09/15 18:33:54] 发送(hex): 20
[2026/09/15 18:33:54] 发送(hex): 20
[2026/09/15 18:33:54] 发送(hex): 20
[2026/09/15 18:33:54] 发送(hex): 20
[2026/09/15 18:33:54] 发送(hex): 20
[2026/09/15 18:33:54] 发送(hex): 20
[2026/09/15 18:33:54] 发送(hex): 20
[2026/09/15 18:33:54] 发送(hex): 20
[2026/09/15 18:33:54] 发送(hex): 20
[2026/09/15 18:33:55] 发送(hex): 20
[2026/09/15 18:33:55] 发送(hex): 20
[2026/09/15 18:33:55] 发送(hex): 20
[2026/09/15 18:33:55] 发送(hex): 20
[2026/09/15 18:33:55] 发送(hex): 20
[2026/09/15 18:33:55] 发送(hex): 20
[2026/09/15 18:33:55] 发送(hex): 20
[2026/09/15 18:33:55] 发送(hex): 20
[2026/09/15 18:33:55] 发送(hex): 20
[2026/09/15 18:33:55] 发送(hex): 20
[2026/09/15 18:33:55] 发送(hex): 20
[2026/09/15 18:33:55] 发送(hex): 20
[2026/09/15 18:33:55] 发送(hex): 20
[2026/09/15 18:33:55] 发送(hex): 20
[2026/09/15 18:33:55] 发送(hex): 20
[2026/09/15 18:33:55] 发送(hex): 20
[2026/09/15 18:33:55] 发送(hex): 20
[2026/09/15 18:33:55] 发送(hex): 20
[2026/09/15 18:33:55] 发送(hex): 20
[2026/09/15 18:33:55] 发送(hex): 20
[2026/09/15 18:33:55] 发送(hex): 20
[2026/09/15 18:33:55] 发送(hex): 20
[2026/09/15 18:33:55] 发送(hex): 20
[2026/09/15 18:33:55] 发送(hex): 20
[2026/09/15 18:33:55] 发送(hex): 20
[2026/09/15 18:33:55] 发送(hex): 20
[2026/09/15 18:33:55] 发送(hex): 20
[2026/09/15 18:33:55] 发送(hex): 20
[2026/09/15 18:33:55] 发送(hex): 20
[2026/09/15 18:33:55] 发送(hex): 20
[2026/09/15 18:33:55] 发送(hex): 20
[2026/09/15 18:33:55] 发送(hex): 20
[2026/09/15 18:33:55] 发送(hex): 20
[2026/09/15 18:33:55] 发送(hex): 20
[2026/09/15 18:33:55] 发送(hex): 20
[2026/09/15 18:33:55] 发送(hex): 20
[2026/09/15 18:33:55] 发送(hex): 20
[2026/09/15 18:33:55] 发送(hex): 20
[2026/09/15 18:33:55] 发送(hex): 20
[2026/09/15 18:33:55] 发送(hex): 20
[2026/09/15 18:33:55] 发送(hex): 20
[2026/09/15 18:33:55] 发送(hex): 20
[2026/09/15 18:33:55] 发送(hex): 20
[2026/09/15 18:33:55] 发送(hex): 20
[2026/09/15 18:33:55] 发送(hex): 20
[2026/09/15 18:33:55] 发送(hex): 20
[2026/09/15 18:33:55] 发送(hex): 20
[2026/09/15 18:33:55] 发送(hex): 20
[2026/09/15 18:33:55] 发送(hex): 20
[2026/09/15 18:33:55] 发送(hex): 20
[2026/09/15 18:33:55] 发送(hex): 20
[2026/09/15 18:33:55] 发送(hex): 20
[2026/09/15 18:33:55] 发送(hex): 20
[2026/09/15 18:33:55] 发送(hex): 20
[2026/09/15 18:33:55] 发送(hex): 20
[2026/09/15 18:33:55] 发送(hex): 20
[2026/09/15 18:33:55] 发送(hex): 20
[2026/09/15 18:33:55] 发送(hex): 20
[2026/09/15 18:33:55] 发送(hex): 20
[2026/09/15 18:33:55] 发送(hex): 20
[2026/09/15 18:33:55] 发送(hex): 20
[2026/09/15 18:33:55] 发送(hex): 20
[2026/09/15 18:33:55] 发送(hex): 20
[2026/09/15 18:33:55] 发送(hex): 20
[2026/09/15 18:33:55] 发送(hex): 20
[2026/09/15 18:33:55] 发送(hex): 20
[2026/09/15 18:33:55] 发送(hex): 20
[2026/09/15 18:33:55] 发送(hex): 20
[2026/09/15 18:33:55] 发送(hex): 20
[2026/09/15 18:33:55] 发送(hex): 20
[2026/09/15 18:33:55] 发送(hex): 20
[2026/09/15 18:33:55] 发送(hex): 20
[2026/09/15 18:33:55] 发送(hex): 20
[2026/09/15 18:33:55] 发送(hex): 20
[2026/09/15 18:33:55] 发送(hex): 20
[2026/09/15 18:33:55] 发送(hex): 20
[2026/09/15 18:33:55] 发送(hex): 20
[2026/09/15 18:33:55] 发送(hex): 20
[2026/09/15 18:33:55] 发送(hex): 20
[2026/09/15 18:33:55] 发送(hex): 20
[2026/09/15 18:33:55] 发送(hex): 20
[2026/09/15 18:33:55] 发送(hex): 20
[2026/09/15 18:33:55] 发送(hex): 20
[2026/09/15 18:33:55] 发送(hex): 20
[2026/09/15 18:33:55] 发送(hex): 20
[2026/09/15 18:33:55] 发送(hex): 20
[2026/09/15 18:33:55] 发送(hex): 20
[2026/09/15 18:33:55] 发送(hex): 20
[2026/09/15 18:33:55] 发送(hex): 20
[2026/09/15 18:33:55] 发送(hex): 20
[2026/09/15 18:33:55] 发送(hex): 20
[2026/09/15 18:33:55] 发送(hex): 20
[2026/09/15 18:33:55] 发送(hex): 20
[2026/09/15 18:33:55] 发送(hex): 20
[2026/09/15 18:33:55] 发送(hex): 20
[2026/09/15 18:33:56] 发送(hex): 20
[2026/09/15 18:33:56] 发送(hex): 20
[2026/09/15 18:33:56] 发送(hex): 20
[2026/09/15 18:33:56] 发送(hex): 20
[2026/09/15 18:33:56] 发送(hex): 20
[2026/09/15 18:33:56] 发送(hex): 20
[2026/09/15 18:33:56] 发送(hex): 20
[2026/09/15 18:33:56] 发送(hex): 20
[2026/09/15 18:33:56] 发送(hex): 20
[2026/09/15 18:33:56] 发送(hex): 20
[2026/09/15 18:33:56] 发送(hex): 20
[2026/09/15 18:33:56] 发送(hex): 20
[2026/09/15 18:33:56] 发送(hex): 20
[2026/09/15 18:33:56] 发送(hex): 20
[2026/09/15 18:33:56] 发送(hex): 20
[2026/09/15 18:33:56] 发送(hex): 20
[2026/09/15 18:33:56] 发送(hex): 20
[2026/09/15 18:33:56] 发送(hex): 20
[2026/09/15 18:33:56] 发送(hex): 20
[2026/09/15 18:33:56] 发送(hex): 20
[2026/09/15 18:33:56] 发送(hex): 20
[2026/09/15 18:33:56] 发送(hex): 20
[2026/09/15 18:33:56] 发送(hex): 20
[2026/09/15 18:33:56] 发送(hex): 20
[2026/09/15 18:33:56] 发送(hex): 20
[2026/09/15 18:33:56] 发送(hex): 20
[2026/09/15 18:33:56] 发送(hex): 20
[2026/09/15 18:33:56] 发送(hex): 20
[2026/09/15 18:33:56] 发送(hex): 20
[2026/09/15 18:33:56] 发送(hex): 20
[2026/09/15 18:33:56] 发送(hex): 20
[2026/09/15 18:33:56] 发送(hex): 20
[2026/09/15 18:33:56] 发送(hex): 20
[2026/09/15 18:33:56] 发送(hex): 20
[2026/09/15 18:33:56] 发送(hex): 20
[2026/09/15 18:33:56] 发送(hex): 20
[2026/09/15 18:33:56] 发送(hex): 20
[2026/09/15 18:33:56] 发送(hex): 20
[2026/09/15 18:33:56] 发送(hex): 20
[2026/09/15 18:33:56] 发送(hex): 20
[2026/09/15 18:33:56] 发送(hex): 20
[2026/09/15 18:33:56] 发送(hex): 20
[2026/09/15 18:33:56] 发送(hex): 20
[2026/09/15 18:33:56] 发送(hex): 20
[2026/09/15 18:33:56] 发送(hex): 20
[2026/09/15 18:33:56] 发送(hex): 20
[2026/09/15 18:33:56] 发送(hex): 20
[2026/09/15 18:33:56] 发送(hex): 20
[2026/09/15 18:33:56] 发送(hex): 20
[2026/09/15 18:33:56] 发送(hex): 20
[2026/09/15 18:33:56] 发送(hex): 20
[2026/09/15 18:33:56] 发送(hex): 20
[2026/09/15 18:33:56] 发送(hex): 20
[2026/09/15 18:33:56] 发送(hex): 20
[2026/09/15 18:33:56] 发送(hex): 20
[2026/09/15 18:33:56] 发送(hex): 20
[2026/09/15 18:33:56] 发送(hex): 20
[2026/09/15 18:33:56] 发送(hex): 20
[2026/09/15 18:33:56] 发送(hex): 20
[2026/09/15 18:33:56] 发送(hex): 20
[2026/09/15 18:33:56] 发送(hex): 20
[2026/09/15 18:33:56] 发送(hex): 20
[2026/09/15 18:33:56] 发送(hex): 20
[2026/09/15 18:33:56] 发送(hex): 20
[2026/09/15 18:33:56] 发送(hex): 20
[2026/09/15 18:33:56] 发送(hex): 20
[2026/09/15 18:33:56] 发送(hex): 20
[2026/09/15 18:33:56] 发送(hex): 20
[2026/09/15 18:33:56] 发送(hex): 20
[2026/09/15 18:33:56] 发送(hex): 20
[2026/09/15 18:33:56] 发送(hex): 20
[2026/09/15 18:33:56] 发送(hex): 20
[2026/09/15 18:33:56] 发送(hex): 20
[2026/09/15 18:33:56] 发送(hex): 20
[2026/09/15 18:33:56] 发送(hex): 20
[2026/09/15 18:33:56] 发送(hex): 20
[2026/09/15 18:33:56] 发送(hex): 20
[2026/09/15 18:33:56] 发送(hex): 20
[2026/09/15 18:33:56] 发送(hex): 20
[2026/09/15 18:33:56] 发送(hex): 20
[2026/09/15 18:33:56] 发送(hex): 20
[2026/09/15 18:33:56] 发送(hex): 20
[2026/09/15 18:33:56] 发送(hex): 20
[2026/09/15 18:33:56] 发送(hex): 20
[2026/09/15 18:33:56] 发送(hex): 20
[2026/09/15 18:33:56] 发送(hex): 20
[2026/09/15 18:33:56] 发送(hex): 20
[2026/09/15 18:33:56] 发送(hex): 20
[2026/09/15 18:33:56] 发送(hex): 20
[2026/09/15 18:33:56] 发送(hex): 20
[2026/09/15 18:33:56] 发送(hex): 20
[2026/09/15 18:33:56] 发送(hex): 20
[2026/09/15 18:33:56] 发送(hex): 20
[2026/09/15 18:33:56] 发送(hex): 20
[2026/09/15 18:33:57] 发送(hex): 20
[2026/09/15 18:33:57] 发送(hex): 20
[2026/09/15 18:33:57] 发送(hex): 20
[2026/09/15 18:33:57] 发送(hex): 20
[2026/09/15 18:33:57] 发送(hex): 20
[2026/09/15 18:33:57] 发送(hex): 20
[2026/09/15 18:33:57] 发送(hex): 20
[2026/09/15 18:33:57] 发送(hex): 20
[2026/09/15 18:33:57] 发送(hex): 20
[2026/09/15 18:33:57] 发送(hex): 20
[2026/09/15 18:33:57] 发送(hex): 20
[2026/09/15 18:33:57] 发送(hex): 20
[2026/09/15 18:33:57] 发送(hex): 20
[2026/09/15 18:33:57] 发送(hex): 20
[2026/09/15 18:33:57] 发送(hex): 20
[2026/09/15 18:33:57] 发送(hex): 20
[2026/09/15 18:33:57] 发送(hex): 20
[2026/09/15 18:33:57] 发送(hex): 20
[2026/09/15 18:33:57] 发送(hex): 20
[2026/09/15 18:33:57] 发送(hex): 20
[2026/09/15 18:33:57] 发送(hex): 20
[2026/09/15 18:33:57] 发送(hex): 20
[2026/09/15 18:33:57] 发送(hex): 20
[2026/09/15 18:33:57] 发送(hex): 20
[2026/09/15 18:33:57] 发送(hex): 20
[2026/09/15 18:33:57] 发送(hex): 20
[2026/09/15 18:33:57] 发送(hex): 20
[2026/09/15 18:33:57] 发送(hex): 20
[2026/09/15 18:33:57] 发送(hex): 20
[2026/09/15 18:33:57] 发送(hex): 20
[2026/09/15 18:33:57] 发送(hex): 20
[2026/09/15 18:33:57] 发送(hex): 20
[2026/09/15 18:33:57] 发送(hex): 20
[2026/09/15 18:33:57] 发送(hex): 20
[2026/09/15 18:33:57] 发送(hex): 20
[2026/09/15 18:33:57] 发送(hex): 20
[2026/09/15 18:33:57] 发送(hex): 20
[2026/09/15 18:33:57] 发送(hex): 20
[2026/09/15 18:33:57] 发送(hex): 20
[2026/09/15 18:33:57] 发送(hex): 20
[2026/09/15 18:33:57] 发送(hex): 20
[2026/09/15 18:33:57] 发送(hex): 20
[2026/09/15 18:33:57] 发送(hex): 20
[2026/09/15 18:33:57] 发送(hex): 20
[2026/09/15 18:33:57] 发送(hex): 20
[2026/09/15 18:33:57] 发送(hex): 20
[2026/09/15 18:33:57] 发送(hex): 20
[2026/09/15 18:33:57] 发送(hex): 20
[2026/09/15 18:33:57] 发送(hex): 20
[2026/09/15 18:33:57] 发送(hex): 20
[2026/09/15 18:33:57] 发送(hex): 20
[2026/09/15 18:33:57] 发送(hex): 20
[2026/09/15 18:33:57] 发送(hex): 20
[2026/09/15 18:33:57] 发送(hex): 20
[2026/09/15 18:33:57] 发送(hex): 20
[2026/09/15 18:33:57] 发送(hex): 20
[2026/09/15 18:33:57] 发送(hex): 20
[2026/09/15 18:33:57] 发送(hex): 20
[2026/09/15 18:33:57] 发送(hex): 20
[2026/09/15 18:33:57] 发送(hex): 20
[2026/09/15 18:33:57] 发送(hex): 20
[2026/09/15 18:33:57] 发送(hex): 20
[2026/09/15 18:33:57] 发送(hex): 20
[2026/09/15 18:33:57] 发送(hex): 20
[2026/09/15 18:33:57] 发送(hex): 20
[2026/09/15 18:33:57] 发送(hex): 20
[2026/09/15 18:33:57] 发送(hex): 20
[2026/09/15 18:33:57] 发送(hex): 20
[2026/09/15 18:33:57] 发送(hex): 20
[2026/09/15 18:33:57] 发送(hex): 20
[2026/09/15 18:33:57] 发送(hex): 20
[2026/09/15 18:33:57] 发送(hex): 20
[2026/09/15 18:33:57] 发送(hex): 20
[2026/09/15 18:33:57] 发送(hex): 20
[2026/09/15 18:33:57] 发送(hex): 20
[2026/09/15 18:33:57] 发送(hex): 20
[2026/09/15 18:33:57] 发送(hex): 20
[2026/09/15 18:33:57] 发送(hex): 20
[2026/09/15 18:33:57] 发送(hex): 20
[2026/09/15 18:33:57] 发送(hex): 20
[2026/09/15 18:33:57] 发送(hex): 20
[2026/09/15 18:33:57] 发送(hex): 20
[2026/09/15 18:33:57] 发送(hex): 20
[2026/09/15 18:33:57] 发送(hex): 20
[2026/09/15 18:33:57] 发送(hex): 20
[2026/09/15 18:33:57] 发送(hex): 20
[2026/09/15 18:33:57] 发送(hex): 20
[2026/09/15 18:33:57] 发送(hex): 20
[2026/09/15 18:33:57] 发送(hex): 20
[2026/09/15 18:33:57] 发送(hex): 20
[2026/09/15 18:33:57] 发送(hex): 20
[2026/09/15 18:33:57] 发送(hex): 20
[2026/09/15 18:33:57] 发送(hex): 20
[2026/09/15 18:33:57] 发送(hex): 20
[2026/09/15 18:33:57] 发送(hex): 20
[2026/09/15 18:33:58] 发送(hex): 20
[2026/09/15 18:33:58] 发送(hex): 20
[2026/09/15 18:33:58] 发送(hex): 20
[2026/09/15 18:33:58] 发送(hex): 20
[2026/09/15 18:33:58] 发送(hex): 20
[2026/09/15 18:33:58] 发送(hex): 20
[2026/09/15 18:33:58] 发送(hex): 20
[2026/09/15 18:33:58] 发送(hex): 20
[2026/09/15 18:33:58] 发送(hex): 20
[2026/09/15 18:33:58] 发送(hex): 20
[2026/09/15 18:33:58] 发送(hex): 20
[2026/09/15 18:33:58] 发送(hex): 20
[2026/09/15 18:33:58] 发送(hex): 20
[2026/09/15 18:33:58] 发送(hex): 20
[2026/09/15 18:33:58] 发送(hex): 20
[2026/09/15 18:33:58] 发送(hex): 20
[2026/09/15 18:33:58] 发送(hex): 20
[2026/09/15 18:33:58] 发送(hex): 20
[2026/09/15 18:33:58] 发送(hex): 20
[2026/09/15 18:33:58] 发送(hex): 20
[2026/09/15 18:33:58] 发送(hex): 20
[2026/09/15 18:33:58] 发送(hex): 20
[2026/09/15 18:33:58] 发送(hex): 20
[2026/09/15 18:33:58] 发送(hex): 20
[2026/09/15 18:33:58] 发送(hex): 20
[2026/09/15 18:33:58] 发送(hex): 20
[2026/09/15 18:33:58] 发送(hex): 20
[2026/09/15 18:33:58] 发送(hex): 20
[2026/09/15 18:33:58] 发送(hex): 20
[2026/09/15 18:33:58] 发送(hex): 20
[2026/09/15 18:33:58] 发送(hex): 20
[2026/09/15 18:33:58] 发送(hex): 20
[2026/09/15 18:33:58] 发送(hex): 20
[2026/09/15 18:33:58] 发送(hex): 20
[2026/09/15 18:33:58] 发送(hex): 20
[2026/09/15 18:33:58] 发送(hex): 20
[2026/09/15 18:33:58] 发送(hex): 20
[2026/09/15 18:33:58] 发送(hex): 20
[2026/09/15 18:33:58] 发送(hex): 20
[2026/09/15 18:33:58] 发送(hex): 20
[2026/09/15 18:33:58] 发送(hex): 20
[2026/09/15 18:33:58] 发送(hex): 20
[2026/09/15 18:33:58] 发送(hex): 20
[2026/09/15 18:33:58] 发送(hex): 20
[2026/09/15 18:33:58] 发送(hex): 20
[2026/09/15 18:33:58] 发送(hex): 20
[2026/09/15 18:33:58] 发送(hex): 20
[2026/09/15 18:33:58] 发送(hex): 20
[2026/09/15 18:33:58] 发送(hex): 20
[2026/09/15 18:33:58] 发送(hex): 20
[2026/09/15 18:33:58] 发送(hex): 20
[2026/09/15 18:33:58] 发送(hex): 20
[2026/09/15 18:33:58] 发送(hex): 20
[2026/09/15 18:33:58] 发送(hex): 20
[2026/09/15 18:33:58] 发送(hex): 20
[2026/09/15 18:33:58] 发送(hex): 20
[2026/09/15 18:33:58] 发送(hex): 20
[2026/09/15 18:33:58] 发送(hex): 20
[2026/09/15 18:33:58] 发送(hex): 20
[2026/09/15 18:33:58] 发送(hex): 20
[2026/09/15 18:33:58] 发送(hex): 20
[2026/09/15 18:33:58] 发送(hex): 20
[2026/09/15 18:33:58] 发送(hex): 20
[2026/09/15 18:33:58] 发送(hex): 20
[2026/09/15 18:33:58] 发送(hex): 20
[2026/09/15 18:33:58] 发送(hex): 20
[2026/09/15 18:33:58] 发送(hex): 20
[2026/09/15 18:33:58] 发送(hex): 20
[2026/09/15 18:33:58] 发送(hex): 20
[2026/09/15 18:33:58] 发送(hex): 20
[2026/09/15 18:33:58] 发送(hex): 20
[2026/09/15 18:33:58] 发送(hex): 20
[2026/09/15 18:33:58] 发送(hex): 20
[2026/09/15 18:33:58] 发送(hex): 20
[2026/09/15 18:33:58] 发送(hex): 20
[2026/09/15 18:33:58] 发送(hex): 20
[2026/09/15 18:33:58] 发送(hex): 20
[2026/09/15 18:33:58] 发送(hex): 20
[2026/09/15 18:33:58] 发送(hex): 20
[2026/09/15 18:33:58] 发送(hex): 20
[2026/09/15 18:33:58] 发送(hex): 20
[2026/09/15 18:33:58] 发送(hex): 20
[2026/09/15 18:33:58] 发送(hex): 20
[2026/09/15 18:33:58] 发送(hex): 20
[2026/09/15 18:33:58] 发送(hex): 20
[2026/09/15 18:33:58] 发送(hex): 20
[2026/09/15 18:33:58] 发送(hex): 20
[2026/09/15 18:33:58] 发送(hex): 20
[2026/09/15 18:33:58] 发送(hex): 20
[2026/09/15 18:33:58] 发送(hex): 20
[2026/09/15 18:33:58] 发送(hex): 20
[2026/09/15 18:33:58] 发送(hex): 20
[2026/09/15 18:33:58] 发送(hex): 20
[2026/09/15 18:33:58] 发送(hex): 20
[2026/09/15 18:33:59] 发送(hex): 20
[2026/09/15 18:33:59] 发送(hex): 20
[2026/09/15 18:33:59] 发送(hex): 20
[2026/09/15 18:33:59] 发送(hex): 20
[2026/09/15 18:33:59] 发送(hex): 20
[2026/09/15 18:33:59] 发送(hex): 20
[2026/09/15 18:33:59] 发送(hex): 20
[2026/09/15 18:33:59] 发送(hex): 20
[2026/09/15 18:33:59] 发送(hex): 20
[2026/09/15 18:33:59] 发送(hex): 20
[2026/09/15 18:33:59] 发送(hex): 20
[2026/09/15 18:33:59] 发送(hex): 20
[2026/09/15 18:33:59] 发送(hex): 20
[2026/09/15 18:33:59] 发送(hex): 20
[2026/09/15 18:33:59] 发送(hex): 20
[2026/09/15 18:33:59] 发送(hex): 20
[2026/09/15 18:33:59] 发送(hex): 20
[2026/09/15 18:33:59] 发送(hex): 20
[2026/09/15 18:33:59] 发送(hex): 20
[2026/09/15 18:33:59] 发送(hex): 20
[2026/09/15 18:33:59] 发送(hex): 20
[2026/09/15 18:33:59] 发送(hex): 20
[2026/09/15 18:33:59] 发送(hex): 20
[2026/09/15 18:33:59] 发送(hex): 20
[2026/09/15 18:33:59] 发送(hex): 20
[2026/09/15 18:33:59] 发送(hex): 20
[2026/09/15 18:33:59] 发送(hex): 20
[2026/09/15 18:33:59] 发送(hex): 20
[2026/09/15 18:33:59] 发送(hex): 20
[2026/09/15 18:33:59] 发送(hex): 20
[2026/09/15 18:33:59] 发送(hex): 20
[2026/09/15 18:33:59] 发送(hex): 20
[2026/09/15 18:33:59] 发送(hex): 20
[2026/09/15 18:33:59] 发送(hex): 20
[2026/09/15 18:33:59] 发送(hex): 20
[2026/09/15 18:33:59] 发送(hex): 20
[2026/09/15 18:33:59] 发送(hex): 20
[2026/09/15 18:33:59] 发送(hex): 20
[2026/09/15 18:33:59] 发送(hex): 20
[2026/09/15 18:33:59] 发送(hex): 20
[2026/09/15 18:33:59] 发送(hex): 20
[2026/09/15 18:33:59] 发送(hex): 20
[2026/09/15 18:33:59] 发送(hex): 20
[2026/09/15 18:33:59] 发送(hex): 20
[2026/09/15 18:33:59] 发送(hex): 20
[2026/09/15 18:33:59] 发送(hex): 20
[2026/09/15 18:33:59] 发送(hex): 20
[2026/09/15 18:33:59] 发送(hex): 20
[2026/09/15 18:33:59] 发送(hex): 20
[2026/09/15 18:33:59] 发送(hex): 20
[2026/09/15 18:33:59] 发送(hex): 20
[2026/09/15 18:33:59] 发送(hex): 20
[2026/09/15 18:33:59] 发送(hex): 20
[2026/09/15 18:33:59] 发送(hex): 20
[2026/09/15 18:33:59] 发送(hex): 20
[2026/09/15 18:33:59] 发送(hex): 20
[2026/09/15 18:33:59] 发送(hex): 20
[2026/09/15 18:33:59] 发送(hex): 20
[2026/09/15 18:33:59] 发送(hex): 20
[2026/09/15 18:33:59] 发送(hex): 20
[2026/09/15 18:33:59] 发送(hex): 20
[2026/09/15 18:33:59] 发送(hex): 20
[2026/09/15 18:33:59] 发送(hex): 20
[2026/09/15 18:33:59] 发送(hex): 20
[2026/09/15 18:34:00] 发送(hex): 0d
[2026/09/15 18:34:00] 发送(hex): 0d
[2026/09/15 18:34:00] Realtek>
[2026/09/15 18:34:00] 发送(hex): 0d
[2026/09/15 18:34:00] Realtek>
[2026/09/15 18:34:00] 发送(hex): 0d
[2026/09/15 18:34:00] 发送(hex): 0d
[2026/09/15 18:34:00] Realtek>
[2026/09/15 18:34:00] Realtek>
[2026/09/15 18:34:00] Realtek>
[2026/09/15 18:34:09] 发送(hex): 20
[2026/09/15 18:34:09] 发送(hex): 20
[2026/09/15 18:34:09] 发送(hex): 20
[2026/09/15 18:34:09] 发送(hex): 20
[2026/09/15 18:34:09] 发送(hex): 20
[2026/09/15 18:34:09] 发送(hex): 20
[2026/09/15 18:34:09] 发送(hex): 20
[2026/09/15 18:34:09] 发送(hex): 20
[2026/09/15 18:34:09] 发送(hex): 20
[2026/09/15 18:34:09] 发送(hex): 20
[2026/09/15 18:34:09] 发送(hex): 20
[2026/09/15 18:34:09] 发送(hex): 20
[2026/09/15 18:34:09] 发送(hex): 20
[2026/09/15 18:34:09] 发送(hex): 20
[2026/09/15 18:34:09] 发送(hex): 20
[2026/09/15 18:34:09] 发送(hex): 20
[2026/09/15 18:34:09] 发送(hex): 20
[2026/09/15 18:34:09] 发送(hex): 20
[2026/09/15 18:34:09] 发送(hex): 20
[2026/09/15 18:34:09] 发送(hex): 20
[2026/09/15 18:34:09] 发送(hex): 20
[2026/09/15 18:34:09] 发送(hex): 20
[2026/09/15 18:34:09] 发送(hex): 20
[2026/09/15 18:34:09] 发送(hex): 20
[2026/09/15 18:34:09] 发送(hex): 20
[2026/09/15 18:34:09] 发送(hex): 20
[2026/09/15 18:34:09] 发送(hex): 20
[2026/09/15 18:34:09] 发送(hex): 20
[2026/09/15 18:34:09] 发送(hex): 20
[2026/09/15 18:34:09] 发送(hex): 20
[2026/09/15 18:34:09] 发送(hex): 20
[2026/09/15 18:34:09] 发送(hex): 20
[2026/09/15 18:34:09] 发送(hex): 20
[2026/09/15 18:34:09] 发送(hex): 20
[2026/09/15 18:34:09] 发送(hex): 20
[2026/09/15 18:34:09] 发送(hex): 20
[2026/09/15 18:34:09] 发送(hex): 20
[2026/09/15 18:34:09] 发送(hex): 20
[2026/09/15 18:34:09] 发送(hex): 20
[2026/09/15 18:34:09] 发送(hex): 20
[2026/09/15 18:34:09] 发送(hex): 20
[2026/09/15 18:34:09] 发送(hex): 20
[2026/09/15 18:34:09] 发送(hex): 20
[2026/09/15 18:34:09] 发送(hex): 20
[2026/09/15 18:34:09] 发送(hex): 20
[2026/09/15 18:34:09] 发送(hex): 20
[2026/09/15 18:34:09] 发送(hex): 20
[2026/09/15 18:34:09] 发送(hex): 20
[2026/09/15 18:34:09] 发送(hex): 20
[2026/09/15 18:34:09] 发送(hex): 20
[2026/09/15 18:34:09] 发送(hex): 20
[2026/09/15 18:34:09] 发送(hex): 20
[2026/09/15 18:34:09] $
[2026/09/15 18:34:09] Post romcode git ver:42df880604ac78a3 (Aug 28 2026 21:41:35)
[2026/09/15 18:34:09] $
[2026/09/15 18:34:09] Hello world, RTD2875P_CN2_TV030!
[2026/09/15 18:34:09] set_wifi_reset
[2026/09/15 18:34:09] 发送(hex): 20
[2026/09/15 18:34:09] 发送(hex): 20
[2026/09/15 18:34:09] Auxcode git ver:3a4deb9ea300359e (Aug 28 2026 21:41:29)
[2026/09/15 18:34:09] flash_type = 2, secure_type = 2
[2026/09/15 18:34:09] b8062204=0
[2026/09/15 18:34:09] 发送(hex): 20
[2026/09/15 18:34:09] slot info 0 0x0 info 1 0x0
[2026/09/15 18:34:09] invalid reg slot status 0
[2026/09/15 18:34:09] 发送(hex): 20
[2026/09/15 18:34:10] 发送(hex): 20
[2026/09/15 18:34:10] 发送(hex): 20
[2026/09/15 18:34:10] 发送(hex): 20
[2026/09/15 18:34:10] 发送(hex): 20
[2026/09/15 18:34:10] 发送(hex): 20
[2026/09/15 18:34:10] 发送(hex): 20
[2026/09/15 18:34:10] 发送(hex): 20
[2026/09/15 18:34:10] x0,get slot info from flash!
[2026/09/15 18:34:10] g_gpt_blk_start 0x1  g_offline_gpt 0x0 last_usable_lba 0x1cd2032 num_partition_entries 0x32
[2026/09/15 18:34:10] start 0x2e600000 clt_blk 0x1973004 ctrl size 0x20
[2026/09/15 18:34:10] choose active index 0
[2026/09/15 18:34:10] part name bootloader ative_slot _a real part name bootloader_a
[2026/09/15 18:34:10] part name hwsetting start 0x100000 size 0x33600
[2026/09/15 18:34:10] part name ext_fw start 0x133600 size 0x10400
[2026/09/15 18:34:10] part name kboot start 0x143a00 size 0x16e00
[2026/09/15 18:34:10] part name uboot start 0x15a800 size 0x120400
[2026/09/15 18:34:10] ls4 2 1 = 800040aa 8000207f 80001000
[2026/09/15 18:34:10] fNewHWsettingArch = 2
[2026/09/15 18:34:10] 1.lsadcidx = 2, brand =3, offset = 0
[2026/09/15 18:34:10] 1.lsadcidx = 2, brand =3, offset = 17800
[2026/09/15 18:34:10] hwsetting from mmc
[2026/09/15 18:34:10] AC on HW offset 0x809 start 0x800 reg 0x8090800
[2026/09/15 18:34:10] total = 2f00
[2026/09/15 18:34:10] 发送(hex): 20
[2026/09/15 18:34:10] 发送(hex): 20
[2026/09/15 18:34:10] 发送(hex): 20
[2026/09/15 18:34:10] 发送(hex): 20
[2026/09/15 18:34:10] 发送(hex): 20
[2026/09/15 18:34:10] A
[2026/09/15 18:34:10] 发送(hex): 20
[2026/09/15 18:34:10] A
[2026/09/15 18:34:10] 发送(hex): 20
[2026/09/15 18:34:10] 发送(hex): 20
[2026/09/15 18:34:10] A
[2026/09/15 18:34:10] A
[2026/09/15 18:34:10] 发送(hex): 20
[2026/09/15 18:34:10] A
[2026/09/15 18:34:10] 发送(hex): 20
[2026/09/15 18:34:10] 发送(hex): 20
[2026/09/15 18:34:10] 发送(hex): 20
[2026/09/15 18:34:10] {12 14}
[2026/09/15 18:34:10] ffeeddffeeddddr ver: 62c63180
[2026/09/15 18:34:10] ori DQS0~7 {03 04 1a 1c 00 01 00 00}
[2026/09/15 18:34:10] 发送(hex): 20
[2026/09/15 18:34:10] 发送(hex): 20
[2026/09/15 18:34:10] 发送(hex): 20
[2026/09/15 18:34:10] 发送(hex): 20
[2026/09/15 18:34:10] 发送(hex): 20
[2026/09/15 18:34:10] 发送(hex): 20
[2026/09/15 18:34:10] 发送(hex): 20
[2026/09/15 18:34:10] {01 03 19 1b 00 01 00 00} {08 09 06 09 06 06 00 00}
[2026/09/15 18:34:10] r.y.0
[2026/09/15 18:34:10] 发送(hex): 20
[2026/09/15 18:34:10] 发送(hex): 20
[2026/09/15 18:34:10] r.y.0 SCPU BISR status: Done
[2026/09/15 18:34:10] 发送(hex): 20
[2026/09/15 18:34:10] 发送(hex): 20
[2026/09/15 18:34:10] 发送(hex): 20
[2026/09/15 18:34:10] 发送(hex): 20
[2026/09/15 18:34:10] 发送(hex): 20
[2026/09/15 18:34:10] [go kb]
[2026/09/15 18:34:10] pass bootcode info to kboot
[2026/09/15 18:34:10] num=1100
[2026/09/15 18:34:10] boot_magic=20230423
[2026/09/15 18:34:10] ---DEBUG kboot 21:41:14 Aug 28 2026 ---
[2026/09/15 18:34:10] [Kboot]eMMC(mid-15) MMC_HS50 (50000000Mhz)[8bit].
[2026/09/15 18:34:10] block info 0x1cd2032 0x3a3e000.
[2026/09/15 18:34:10] [MMC] 32 -----------> 16GB.
[2026/09/15 18:34:10] 发送(hex): 20
[2026/09/15 18:34:10] (00000000) (0) bufsize=(null)
[2026/09/15 18:34:10] 发送(hex): 20
[2026/09/15 18:34:10] 发送(hex): 20
[2026/09/15 18:34:10] 发送(hex): 20
[2026/09/15 18:34:10] uboot start 0x15a80
[2026/09/15 18:34:10] 发送(hex): 20
[2026/09/15 18:34:10] 发送(hex): 20
[2026/09/15 18:34:10] 0 size 0x120400
[2026/09/15 18:34:10] 发送(hex): 20
[2026/09/15 18:34:10] 发送(hex): 20
[2026/09/15 18:34:10] board_version: ls1 = 0, ver: 0
[2026/09/15 18:34:10] [0;31mapp_main 325 board_version=0[0m
[2026/09/15 18:34:10] 发送(hex): 20
[2026/09/15 18:34:10] 发送(hex): 20
[2026/09/15 18:34:10] 发送(hex): 20
[2026/09/15 18:34:10] 发送(hex): 20
[2026/09/15 18:34:10] 发送(hex): 20
[2026/09/15 18:34:10] 发送(hex): 20
[2026/09/15 18:34:10] 发送(hex): 20
[2026/09/15 18:34:10] get FW_TZFW flash start 0xf100200 ddr buf start 0x180000 image size 010c2e3 ok!
[2026/09/15 18:34:10] [INFO]RPMB auth key not written !
[2026/09/15 18:34:10] [INFO]RPMB auth key not written !
[2026/09/15 18:34:10] Current board is not frist boot.
[2026/09/15 18:34:10] ALL zero, reserved_3 has removed.
[2026/09/15 18:34:10] Current board remove reserved_3 done.
[2026/09/15 18:34:10] 发送(hex): 20
[2026/09/15 18:34:10] 发送(hex): 20
[2026/09/15 18:34:10] 发送(hex): 20
[2026/09/15 18:34:10] 发送(hex): 20
[2026/09/15 18:34:10] 发送(hex): 20
[2026/09/15 18:34:10] 发送(hex): 20
[2026/09/15 18:34:10] 发送(hex): 20
[2026/09/15 18:34:10] 发送(hex): 20
[2026/09/15 18:34:10] 发送(hex): 20
[2026/09/15 18:34:10] 发送(hex): 20
[2026/09/15 18:34:10] 发送(hex): 20
[2026/09/15 18:34:10] 发送(hex): 20
[2026/09/15 18:34:10] 发送(hex): 20
[2026/09/15 18:34:10] 发送(hex): 20
[2026/09/15 18:34:10] 发送(hex): 20
[2026/09/15 18:34:10] 发送(hex): 20
[2026/09/15 18:34:10] 发送(hex): 20
[2026/09/15 18:34:10] 发送(hex): 20
[2026/09/15 18:34:10] get FW_VKERNEL flash st
[2026/09/15 18:34:10] 发送(hex): 20
[2026/09/15 18:34:10] 发送(hex): 20
[2026/09/15 18:34:10] art 0xc100200 ddr buf start 0x1a900000 image size 05f0300 ok!
[2026/09/15 18:34:10] 发送(hex): 20
[2026/09/15 18:34:10] 发送(hex): 20
[2026/09/15 18:34:10] 发送(hex): 20
[2026/09/15 18:34:10] get FW_VKERNEL2 flash start 0xd900200 ddr buf start 0x1af00000 image size 0f4920 ok!
[2026/09/15 18:34:10] 发送(hex): 20
[2026/09/15 18:34:10] 发送(hex): 20
[2026/09/15 18:34:10] 发送(hex): 20
[2026/09/15 18:34:10] 发送(hex): 20
[2026/09/15 18:34:10] 发送(hex): 20
[2026/09/15 18:34:10] 发送(hex): 20
[2026/09/15 18:34:10] 发送(hex): 20
[2026/09/15 18:34:10] 发送(hex): 20
[2026/09/15 18:34:10] 发送(hex): 20
[2026/09/15 18:34:10] 发送(hex): 20
[2026/09/15 18:34:10] 发送(hex): 20
[2026/09/15 18:34:10] 发送(hex): 20
[2026/09/15 18:34:10] 发送(hex): 20
[2026/09/15 18:34:10] 发送(hex): 20
[2026/09/15 18:34:10] 发送(hex): 20
[2026/09/15 18:34:10] 发送(hex): 20
[2026/09/15 18:34:10] 发送(hex): 20
[2026/09/15 18:34:10] 发送(hex): 20
[2026/09/15 18:34:10] 发送(hex): 20
[2026/09/15 18:34:10] 发送(hex): 20
[2026/09/15 18:34:10] 发送(hex): 20
[2026/09/15 18:34:10] 发送(hex): 20
[2026/09/15 18:34:10] 发送(hex): 20
[2026/09/15 18:34:10] 发送(hex): 20
[2026/09/15 18:34:11] 发送(hex): 20
[2026/09/15 18:34:11] 发送(hex): 20
[2026/09/15 18:34:11] 发送(hex): 20
[2026/09/15 18:34:11] get FW_AKERNEL flash start 0xa900200 ddr buf start 0x1b200000 image size 07fbf7c ok!
[2026/09/15 18:34:11] 发送(hex): 20
[2026/09/15 18:34:11] 发送(hex): 20
[2026/09/15 18:34:11] 发送(hex): 20
[2026/09/15 18:34:11] 发送(hex): 20
[2026/09/15 18:34:11] 发送(hex): 20
[2026/09/15 18:34:11] 发送(hex): 20
[2026/09/15 18:34:11] 发送(hex): 20
[2026/09/15 18:34:11] 发送(hex): 20
[2026/09/15 18:34:11] 发送(hex): 20
[2026/09/15 18:34:11] 发送(hex): 20
[2026/09/15 18:34:11] ATFATFATF:0 1 NOTICE: kill CPU(2)...
[2026/09/15 18:34:11] ATF:0 1 NOTICE: kill (2) : PACTIVE:0
[2026/09/15 18:34:11] ATF:0 1 NOTICE:  CPU(2) kill done, pstate(0x0)
[2026/09/15 18:34:11] 发送(hex): 20
[2026/09/15 18:34:11] 发送(hex): 20
[2026/09/15 18:34:11] U
[2026/09/15 18:34:11] 发送(hex): 20
[2026/09/15 18:34:11] 发送(hex): 20
[2026/09/15 18:34:11] 发送(hex): 20
[2026/09/15 18:34:11] 发送(hex): 20
[2026/09/15 18:34:11] 发送(hex): 20
[2026/09/15 18:34:11] 发送(hex): 20
[2026/09/15 18:34:11] 发送(hex): 20
[2026/09/15 18:34:11] 发送(hex): 20
[2026/09/15 18:34:11] 发送(hex): 20
[2026/09/15 18:34:11] 发送(hex): 20
[2026/09/15 18:34:11] 发送(hex): 20
[2026/09/15 18:34:11] 发送(hex): 20
[2026/09/15 18:34:11] 发送(hex): 20
[2026/09/15 18:34:11] 发送(hex): 20
[2026/09/15 18:34:11] 发送(hex): 20
[2026/09/15 18:34:11] 发送(hex): 20
[2026/09/15 18:34:11] fixup_node_name 555. set /reserved-memory@5 to /reserved-memory
[2026/09/15 18:34:11] fixup_node_name 555. set /rtk_cma@5 to /rtk_cma
[2026/09/15 18:34:11] ### [1;31mERROR[0m ### get_movablecore 613. Can't find dtb node /reserved-memory/cma2_memory/reg
[2026/09/15 18:34:11] reinit_mem_info 1049  ddr_size 80000000
[2026/09/15 18:34:11] 发送(hex): 20
[2026/09/15 18:34:11] 发送(hex): 20
[2026/09/15 18:34:11] booting, boot_led_type: 0x00000000, led on[1]
[2026/09/15 18:34:11] set share register: 0x99100000
[2026/09/15 18:34:11] boot_power_on_mode=1
[2026/09/15 18:34:11] [get_layout:1264]!
[2026/09/15 18:34:11] 发送(hex): 20
[2026/09/15 18:34:11] 发送(hex): 20
[2026/09/15 18:34:11] 发送(hex): 20
[2026/09/15 18:34:11] 发送(hex): 20
[2026/09/15 18:34:11] 发送(hex): 20
[2026/09/15 18:34:11] 发送(hex): 20
[2026/09/15 18:34:11] 发送(hex): 20
[2026/09/15 18:34:11] 发送(hex): 20
[2026/09/15 18:34:11] boot_part value = 0 boot_tag value = 21
[2026/09/15 18:34:11] [get_oemkey] 1397: get oem.key = ATV00107525
[2026/09/15 18:34:11] Factory_RO: [EXT4] factory_ro_buffer:0a800000, factory_ro_buffer size:0x1000000!
[2026/09/15 18:34:11] Partiton factory_ro_a located at 0:6
[2026/09/15 18:34:11] factory_ro_a partition can not find /.000@bk@***!
[2026/09/15 18:34:11] Factory RO no need recovery!
[2026/09/15 18:34:11] Get tvconfigs_a partition block device index fail!
[2026/09/15 18:34:11] read customer.ini file fail!
[2026/09/15 18:34:11] parse SYS_INI path fail
[2026/09/15 18:34:11] Not support board ini mechansim!
[2026/09/15 18:34:11] Get tvconfigs_a partition block device index fail!
[2026/09/15 18:34:11] read customer.ini file fail!
[2026/09/15 18:34:11] parse SYS_INI path fail
[2026/09/15 18:34:11] load model ini file fail
[2026/09/15 18:34:11] cannot find PcbPath from ini file
[2026/09/15 18:34:11] no pcb.config in tvconfigs
[2026/09/15 18:34:11] no mnt/vendor/factorypcb.config
[2026/09/15 18:34:11] 发送(hex): 20
[2026/09/15 18:34:11] 发送(hex): 20
[2026/09/15 18:34:11] 发送(hex): 20
[2026/09/15 18:34:11] 发送(hex): 20
[2026/09/15 18:34:11] 发送(hex): 20
[2026/09/15 18:34:11] 发送(hex): 20
[2026/09/15 18:34:11] 发送(hex): 20
[2026/09/15 18:34:11] 发送(hex): 20
[2026/09/15 18:34:11] 发送(hex): 20
[2026/09/15 18:34:11] 发送(hex): 20
[2026/09/15 18:34:11] 发送(hex): 20
[2026/09/15 18:34:11] 发送(hex): 20
[2026/09/15 18:34:11] 发送(hex): 20
[2026/09/15 18:34:11] 发送(hex): 20
[2026/09/15 18:34:11] 发送(hex): 20
[2026/09/15 18:34:11] 发送(hex): 20
[2026/09/15 18:34:11] 发送(hex): 20
[2026/09/15 18:34:11] 发送(hex): 20
[2026/09/15 18:34:11] 发送(hex): 20
[2026/09/15 18:34:11] 发送(hex): 20
[2026/09/15 18:34:11] 发送(hex): 20
[2026/09/15 18:34:11] 发送(hex): 20
[2026/09/15 18:34:11] 发送(hex): 20
[2026/09/15 18:34:11] 发送(hex): 20
[2026/09/15 18:34:11] 发送(hex): 20
[2026/09/15 18:34:11] 发送(hex): 20
[2026/09/15 18:34:11] 发送(hex): 20
[2026/09/15 18:34:11] 发送(hex): 20
[2026/09/15 18:34:11] 发送(hex): 20
[2026/09/15 18:34:11] 发送(hex): 20
[2026/09/15 18:34:11] 发送(hex): 20
[2026/09/15 18:34:11] 发送(hex): 20
[2026/09/15 18:34:11] 发送(hex): 20
[2026/09/15 18:34:11] 发送(hex): 20
[2026/09/15 18:34:11] 发送(hex): 20
[2026/09/15 18:34:11] 发送(hex): 20
[2026/09/15 18:34:11] 发送(hex): 20
[2026/09/15 18:34:11] 发送(hex): 20
[2026/09/15 18:34:11] 发送(hex): 20
[2026/09/15 18:34:11] 发送(hex): 20
[2026/09/15 18:34:11] 发送(hex): 20
[2026/09/15 18:34:11] 发送(hex): 20
[2026/09/15 18:34:11] 发送(hex): 20
[2026/09/15 18:34:11] 发送(hex): 20
[2026/09/15 18:34:11] 发送(hex): 20
[2026/09/15 18:34:11] 发送(hex): 20
[2026/09/15 18:34:11] 发送(hex): 20
[2026/09/15 18:34:11] 发送(hex): 20
[2026/09/15 18:34:11] 发送(hex): 20
[2026/09/15 18:34:11] 发送(hex): 20
[2026/09/15 18:34:11] 发送(hex): 20
[2026/09/15 18:34:11] 发送(hex): 20
[2026/09/15 18:34:11] 发送(hex): 20
[2026/09/15 18:34:12] 发送(hex): 20
[2026/09/15 18:34:12] 发送(hex): 20
[2026/09/15 18:34:12] 发送(hex): 20
[2026/09/15 18:34:12] 发送(hex): 20
[2026/09/15 18:34:12] 发送(hex): 20
[2026/09/15 18:34:12] 发送(hex): 20
[2026/09/15 18:34:12] 发送(hex): 20
[2026/09/15 18:34:12] 发送(hex): 20
[2026/09/15 18:34:12] 发送(hex): 20
[2026/09/15 18:34:12] 发送(hex): 20
[2026/09/15 18:34:12] 发送(hex): 20
[2026/09/15 18:34:12] 发送(hex): 20
[2026/09/15 18:34:12] 发送(hex): 20
[2026/09/15 18:34:12] 发送(hex): 20
[2026/09/15 18:34:12] 发送(hex): 20
[2026/09/15 18:34:12] 发送(hex): 20
[2026/09/15 18:34:12] 发送(hex): 20
[2026/09/15 18:34:12] 发送(hex): 20
[2026/09/15 18:34:12] 发送(hex): 20
[2026/09/15 18:34:12] 发送(hex): 20
[2026/09/15 18:34:12] 发送(hex): 20
[2026/09/15 18:34:12] 发送(hex): 20
[2026/09/15 18:34:12] 发送(hex): 20
[2026/09/15 18:34:12] 发送(hex): 20
[2026/09/15 18:34:12] 发送(hex): 20
[2026/09/15 18:34:12] 发送(hex): 20
[2026/09/15 18:34:12] 发送(hex): 20
[2026/09/15 18:34:12] 发送(hex): 20
[2026/09/15 18:34:12] 发送(hex): 20
[2026/09/15 18:34:12] 发送(hex): 20
[2026/09/15 18:34:12] 发送(hex): 20
[2026/09/15 18:34:12] 发送(hex): 20
[2026/09/15 18:34:12] 发送(hex): 20
[2026/09/15 18:34:12] 发送(hex): 20
[2026/09/15 18:34:12] 发送(hex): 20
[2026/09/15 18:34:12] 发送(hex): 20
[2026/09/15 18:34:12] 发送(hex): 20
[2026/09/15 18:34:12] 发送(hex): 20
[2026/09/15 18:34:12] 发送(hex): 20
[2026/09/15 18:34:12] 发送(hex): 20
[2026/09/15 18:34:12] 发送(hex): 20
[2026/09/15 18:34:12] 发送(hex): 20
[2026/09/15 18:34:12] 发送(hex): 20
[2026/09/15 18:34:12] 发送(hex): 20
[2026/09/15 18:34:12] 发送(hex): 20
[2026/09/15 18:34:12] 发送(hex): 20
[2026/09/15 18:34:12] 发送(hex): 20
[2026/09/15 18:34:12] 发送(hex): 20
[2026/09/15 18:34:12] 发送(hex): 20
[2026/09/15 18:34:12] 发送(hex): 20
[2026/09/15 18:34:12] 发送(hex): 20
[2026/09/15 18:34:12] 发送(hex): 20
[2026/09/15 18:34:12] 发送(hex): 20
[2026/09/15 18:34:12] 发送(hex): 20
[2026/09/15 18:34:12] 发送(hex): 20
[2026/09/15 18:34:12] 发送(hex): 20
[2026/09/15 18:34:12] 发送(hex): 20
[2026/09/15 18:34:12] 发送(hex): 20
[2026/09/15 18:34:12] 发送(hex): 20
[2026/09/15 18:34:12] 发送(hex): 20
[2026/09/15 18:34:12] 发送(hex): 20
[2026/09/15 18:34:12] 发送(hex): 20
[2026/09/15 18:34:12] 发送(hex): 20
[2026/09/15 18:34:12] 发送(hex): 20
[2026/09/15 18:34:12] 发送(hex): 20
[2026/09/15 18:34:12] 发送(hex): 20
[2026/09/15 18:34:12] 发送(hex): 20
[2026/09/15 18:34:12] 发送(hex): 20
[2026/09/15 18:34:12] 发送(hex): 20
[2026/09/15 18:34:12] 发送(hex): 20
[2026/09/15 18:34:12] 发送(hex): 20
[2026/09/15 18:34:12] 发送(hex): 20
[2026/09/15 18:34:12] 发送(hex): 20
[2026/09/15 18:34:12] 发送(hex): 20
[2026/09/15 18:34:12] 发送(hex): 20
[2026/09/15 18:34:12] 发送(hex): 20
[2026/09/15 18:34:12] 发送(hex): 20
[2026/09/15 18:34:12] 发送(hex): 20
[2026/09/15 18:34:12] 发送(hex): 20
[2026/09/15 18:34:12] 发送(hex): 20
[2026/09/15 18:34:12] 发送(hex): 20
[2026/09/15 18:34:12] 发送(hex): 20
[2026/09/15 18:34:12] 发送(hex): 20
[2026/09/15 18:34:12] 发送(hex): 20
[2026/09/15 18:34:12] 发送(hex): 20
[2026/09/15 18:34:12] 发送(hex): 20
[2026/09/15 18:34:12] 发送(hex): 20
[2026/09/15 18:34:12] 发送(hex): 20
[2026/09/15 18:34:12] 发送(hex): 20
[2026/09/15 18:34:12] 发送(hex): 20
[2026/09/15 18:34:12] 发送(hex): 20
[2026/09/15 18:34:12] 发送(hex): 20
[2026/09/15 18:34:12] 发送(hex): 20
[2026/09/15 18:34:12] 发送(hex): 20
[2026/09/15 18:34:13] 发送(hex): 20
[2026/09/15 18:34:13] 发送(hex): 20
[2026/09/15 18:34:13] 发送(hex): 20
[2026/09/15 18:34:13] 发送(hex): 20
[2026/09/15 18:34:13] 发送(hex): 20
[2026/09/15 18:34:13] 发送(hex): 20
[2026/09/15 18:34:13] 发送(hex): 20
[2026/09/15 18:34:13] 发送(hex): 20
[2026/09/15 18:34:13] 发送(hex): 20
[2026/09/15 18:34:13] 发送(hex): 20
[2026/09/15 18:34:13] 发送(hex): 20
[2026/09/15 18:34:13] 发送(hex): 20
[2026/09/15 18:34:13] 发送(hex): 20
[2026/09/15 18:34:13] 发送(hex): 20
[2026/09/15 18:34:13] 发送(hex): 20
[2026/09/15 18:34:13] 发送(hex): 20
[2026/09/15 18:34:13] 发送(hex): 20
[2026/09/15 18:34:13] 发送(hex): 20
[2026/09/15 18:34:13] 发送(hex): 20
[2026/09/15 18:34:13] 发送(hex): 20
[2026/09/15 18:34:13] 发送(hex): 20
[2026/09/15 18:34:13] 发送(hex): 20
[2026/09/15 18:34:13] 发送(hex): 20
[2026/09/15 18:34:13] 发送(hex): 20
[2026/09/15 18:34:13] 发送(hex): 20
[2026/09/15 18:34:13] 发送(hex): 20
[2026/09/15 18:34:13] delay:427
[2026/09/15 18:34:13] 发送(hex): 20
[2026/09/15 18:34:13] 发送(hex): 20
[2026/09/15 18:34:13] 发送(hex): 20
[2026/09/15 18:34:13] 发送(hex): 20
[2026/09/15 18:34:13] 发送(hex): 20
[2026/09/15 18:34:13] 发送(hex): 20
[2026/09/15 18:34:13] 发送(hex): 20
[2026/09/15 18:34:13] 发送(hex): 20
[2026/09/15 18:34:13] 发送(hex): 20
[2026/09/15 18:34:13] 发送(hex): 20
[2026/09/15 18:34:13] 发送(hex): 20
[2026/09/15 18:34:13] 发送(hex): 20
[2026/09/15 18:34:13] 发送(hex): 20
[2026/09/15 18:34:13] 发送(hex): 20
[2026/09/15 18:34:13] 发送(hex): 20
[2026/09/15 18:34:13] 发送(hex): 20
[2026/09/15 18:34:13] 发送(hex): 20
[2026/09/15 18:34:13] 发送(hex): 20
[2026/09/15 18:34:13] 发送(hex): 20
[2026/09/15 18:34:13] 发送(hex): 20
[2026/09/15 18:34:13] 发送(hex): 20
[2026/09/15 18:34:13] 发送(hex): 20
[2026/09/15 18:34:13] 发送(hex): 20
[2026/09/15 18:34:13] 发送(hex): 20
[2026/09/15 18:34:13] 发送(hex): 20
[2026/09/15 18:34:13] 发送(hex): 20
[2026/09/15 18:34:13] 发送(hex): 20
[2026/09/15 18:34:13] 发送(hex): 20
[2026/09/15 18:34:13] 发送(hex): 20
[2026/09/15 18:34:13] 发送(hex): 20
[2026/09/15 18:34:13] 发送(hex): 20
[2026/09/15 18:34:13] 发送(hex): 20
[2026/09/15 18:34:13] 发送(hex): 20
[2026/09/15 18:34:13] 发送(hex): 20
[2026/09/15 18:34:13] 发送(hex): 20
[2026/09/15 18:34:13] Net:   r8168: REALTEK RTL8168 @0x18016000
[2026/09/15 18:34:13] 发送(hex): 20
[2026/09/15 18:34:13] 发送(hex): 20
[2026/09/15 18:34:13] 发送(hex): 20
[2026/09/15 18:34:13] Start Boot Setup ...
[2026/09/15 18:34:13] (powerMgr_get_wakeup_source)2012/05/30 19:50
[2026/09/15 18:34:13] wakeup source : AC
[2026/09/15 18:34:13] 发送(hex): 20
[2026/09/15 18:34:13] 发送(hex): 20
[2026/09/15 18:34:13] 发送(hex): 20
[2026/09/15 18:34:13] (powerMgr_get_wakeup_source)2012/05/30 19:50
[2026/09/15 18:34:13] wakeup source : AC
[2026/09/15 18:34:13] wakeup_src=0, boot_logo_enable=1, bgm_boot_type=0, POWER_ON_MODE_SILEN=0.
[2026/09/15 18:34:13] 发送(hex): 20
[2026/09/15 18:34:13] 发送(hex): 20
[2026/09/15 18:34:13] GDMA module_init finish
[2026/09/15 18:34:13] [GDMA] OSD size[3840,2160]
[2026/09/15 18:34:13] [GDMA] g
[2026/09/15 18:34:13] 发送(hex): 20
[2026/09/15 18:34:13] 发送(hex): 20
[2026/09/15 18:34:13] dma_showlogo gdma show logo 3805
[2026/09/15 18:34:13] Net:   r8168: REALTEK RTL8168 @0x18016000
[2026/09/15 18:34:13] 发送(hex): 20
[2026/09/15 18:34:13] ## Android Verified Boot 2.0 versi
[2026/09/15 18:34:13] 发送(hex): 20
[2026/09/15 18:34:13] 发送(hex): 20
[2026/09/15 18:34:13] on 1.1.0
[2026/09/15 18:34:13] 发送(hex): 20
[2026/09/15 18:34:13] 发送(hex): 20
[2026/09/15 18:34:13] 发送(hex): 20
[2026/09/15 18:34:13] 发送(hex): 20
[2026/09/15 18:34:13] 发送(hex): 20
[2026/09/15 18:34:13] 发送(hex): 20
[2026/09/15 18:34:13] 发送(hex): 20
[2026/09/15 18:34:13] 发送(hex): 20
[2026/09/15 18:34:13] 发送(hex): 20
[2026/09/15 18:34:13] 发送(hex): 20
[2026/09/15 18:34:13] 发送(hex): 20
[2026/09/15 18:34:13] 发送(hex): 20
[2026/09/15 18:34:13] 发送(hex): 20
[2026/09/15 18:34:13] 发送(hex): 20
[2026/09/15 18:34:13] 发送(hex): 20
[2026/09/15 18:34:13] 发送(hex): 20
[2026/09/15 18:34:13] 发送(hex): 20
[2026/09/15 18:34:13] 发送(hex): 20
[2026/09/15 18:34:13] 发送(hex): 20
[2026/09/15 18:34:14] 发送(hex): 20
[2026/09/15 18:34:14] 发送(hex): 20
[2026/09/15 18:34:14] 发送(hex): 20
[2026/09/15 18:34:14] 发送(hex): 20
[2026/09/15 18:34:14] 发送(hex): 20
[2026/09/15 18:34:14] 发送(hex): 20
[2026/09/15 18:34:14] 发送(hex): 20
[2026/09/15 18:34:14] 发送(hex): 20
[2026/09/15 18:34:14] 发送(hex): 20
[2026/09/15 18:34:14] 发送(hex): 20
[2026/09/15 18:34:14] 发送(hex): 20
[2026/09/15 18:34:14] 发送(hex): 20
[2026/09/15 18:34:14] 发送(hex): 20
[2026/09/15 18:34:14] 发送(hex): 20
[2026/09/15 18:34:14] 发送(hex): 20
[2026/09/15 18:34:14] 发送(hex): 20
[2026/09/15 18:34:14] 发送(hex): 20
[2026/09/15 18:34:14] 发送(hex): 20
[2026/09/15 18:34:14] 发送(hex): 20
[2026/09/15 18:34:14] 发送(hex): 20
[2026/09/15 18:34:14] 发送(hex): 20
[2026/09/15 18:34:14] 发送(hex): 20
[2026/09/15 18:34:14] 发送(hex): 20
[2026/09/15 18:34:14] 发送(hex): 20
[2026/09/15 18:34:14] 发送(hex): 20
[2026/09/15 18:34:14] 发送(hex): 20
[2026/09/15 18:34:14] 发送(hex): 20
[2026/09/15 18:34:14] 发送(hex): 20
[2026/09/15 18:34:14] Verification passed successfully
[2026/09/15 18:34:14] [Skip A] boot manual mode
[2026/09/15 18:34:14] [Skip V] boot manual mode
[2026/09/15 18:34:14] is_avb_verify_hash_partition 164 find avb verify part_name boot img_buf 0x66400000 size 0x307a000
[2026/09/15 18:34:14] boot header version : 4
[2026/09/15 18:34:14] is_avb_verify_hash_partition 164 find avb verify part_name vendor_boot img_buf 0x6bc00000 size 0x10a3000
[2026/09/15 18:34:14] get_partition_content_by_name 11954 get gpt_name init_boot_a err,try part name init_boot!
[2026/09/15 18:34:14] get_partition_content_by_name 11956 get part name init_boot err!
[2026/09/15 18:34:14] 发送(hex): 20
[2026/09/15 18:34:14] 发送(hex): 20
[2026/09/15 18:34:14] 发送(hex): 20
[2026/09/15 18:34:14] 发送(hex): 20
[2026/09/15 18:34:14] 发送(hex): 20
[2026/09/15 18:34:14] 发送(hex): 20
[2026/09/15 18:34:14] 发送(hex): 20
[2026/09/15 18:34:14] 发送(hex): 20
[2026/09/15 18:34:14] get_merge_ramdisk 11932 cur_ramdisk_size 0xf3096 real_cur_ramdisk_size 0xf3096
[2026/09/15 18:34:14] get_merge_ramdisk 11932 cur_ramdisk_size 0x2019e5 real_cur_ramdisk_size 0x2019e5
[2026/09/15 18:34:14] is_avb_verify_hash_partition 164 find avb verify part_name dtbo img_buf 0x6fc00000 size 0x1186
[2026/09/15 18:34:14] Net:   r8168: REALTEK RTL8168 @0x18016000
[2026/09/15 18:34:14] 发送(hex): 20
[2026/09/15 18:34:14] 发送(hex): 20
[2026/09/15 18:34:14] 发送(hex): 20
[2026/09/15 18:34:14] 发送(hex): 20
[2026/09/15 18:34:14] [Skip K] boot manual mode (execute "go all")
[2026/09/15 18:34:14] Enter console mode, disable watchdog ...
[2026/09/15 18:34:14] Realtek>
[2026/09/15 18:34:14] 发送(hex): 20
[2026/09/15 18:34:14] 发送(hex): 20
[2026/09/15 18:34:14] 发送(hex): 20
[2026/09/15 18:34:14] 发送(hex): 20
[2026/09/15 18:34:14] 发送(hex): 20
[2026/09/15 18:34:14] 发送(hex): 20
[2026/09/15 18:34:14] 发送(hex): 20
[2026/09/15 18:34:14] 发送(hex): 20
[2026/09/15 18:34:14] 发送(hex): 20
[2026/09/15 18:34:14] 发送(hex): 20
[2026/09/15 18:34:14] 发送(hex): 20
[2026/09/15 18:34:14] 发送(hex): 20
[2026/09/15 18:34:14] 发送(hex): 20
[2026/09/15 18:34:14] 发送(hex): 20
[2026/09/15 18:34:14] 发送(hex): 20
[2026/09/15 18:34:14] 发送(hex): 20
[2026/09/15 18:34:14] 发送(hex): 20
[2026/09/15 18:34:14] 发送(hex): 20
[2026/09/15 18:34:14] 发送(hex): 20
[2026/09/15 18:34:14] 发送(hex): 20
[2026/09/15 18:34:14] 发送(hex): 20
[2026/09/15 18:34:14] 发送(hex): 20
[2026/09/15 18:34:14] 发送(hex): 20
[2026/09/15 18:34:14] 发送(hex): 20
[2026/09/15 18:34:14] 发送(hex): 20
[2026/09/15 18:34:14] 发送(hex): 20
[2026/09/15 18:34:14] 发送(hex): 20
[2026/09/15 18:34:14] 发送(hex): 20
[2026/09/15 18:34:14] 发送(hex): 20
[2026/09/15 18:34:14] 发送(hex): 20
[2026/09/15 18:34:14] 发送(hex): 20
[2026/09/15 18:34:14] 发送(hex): 20
[2026/09/15 18:34:14] 发送(hex): 20
[2026/09/15 18:34:14] 发送(hex): 20
[2026/09/15 18:34:14] 发送(hex): 20
[2026/09/15 18:34:14] 发送(hex): 20
[2026/09/15 18:34:14] 发送(hex): 20
[2026/09/15 18:34:14] 发送(hex): 20
[2026/09/15 18:34:14] 发送(hex): 20
[2026/09/15 18:34:14] 发送(hex): 20
[2026/09/15 18:34:14] 发送(hex): 20
[2026/09/15 18:34:14] 发送(hex): 20
[2026/09/15 18:34:14] 发送(hex): 20
[2026/09/15 18:34:14] 发送(hex): 20
[2026/09/15 18:34:14] 发送(hex): 20
[2026/09/15 18:34:14] 发送(hex): 20
[2026/09/15 18:34:14] 发送(hex): 20
[2026/09/15 18:34:14] 发送(hex): 20
[2026/09/15 18:34:14] 发送(hex): 20
[2026/09/15 18:34:14] 发送(hex): 20
[2026/09/15 18:34:14] 发送(hex): 20
[2026/09/15 18:34:14] 发送(hex): 20
[2026/09/15 18:34:14] 发送(hex): 20
[2026/09/15 18:34:14] 发送(hex): 20
[2026/09/15 18:34:15] 发送(hex): 20
[2026/09/15 18:34:15] 发送(hex): 20
[2026/09/15 18:34:15] 发送(hex): 20
[2026/09/15 18:34:15] 发送(hex): 20
[2026/09/15 18:34:15] 发送(hex): 20
[2026/09/15 18:34:15] 发送(hex): 20
[2026/09/15 18:34:15] 发送(hex): 20
[2026/09/15 18:34:15] 发送(hex): 20
[2026/09/15 18:34:15] 发送(hex): 20
[2026/09/15 18:34:15] 发送(hex): 20
[2026/09/15 18:34:15] 发送(hex): 20
[2026/09/15 18:34:15] 发送(hex): 20
[2026/09/15 18:34:15] 发送(hex): 20
[2026/09/15 18:34:15] 发送(hex): 20
[2026/09/15 18:34:15] 发送(hex): 20
[2026/09/15 18:34:15] 发送(hex): 20
[2026/09/15 18:34:15] 发送(hex): 20
[2026/09/15 18:34:15] 发送(hex): 20
[2026/09/15 18:34:15] 发送(hex): 20
[2026/09/15 18:34:15] 发送(hex): 20
[2026/09/15 18:34:15] 发送(hex): 20
[2026/09/15 18:34:15] 发送(hex): 20
[2026/09/15 18:34:15] 发送(hex): 20
[2026/09/15 18:34:15] 发送(hex): 20
[2026/09/15 18:34:15] 发送(hex): 20
[2026/09/15 18:34:15] 发送(hex): 20
[2026/09/15 18:34:15] 发送(hex): 20
[2026/09/15 18:34:15] 发送(hex): 20
[2026/09/15 18:34:15] 发送(hex): 20
[2026/09/15 18:34:15] 发送(hex): 20
[2026/09/15 18:34:15] 发送(hex): 20
[2026/09/15 18:34:15] 发送(hex): 20
[2026/09/15 18:34:15] 发送(hex): 20
[2026/09/15 18:34:15] 发送(hex): 20
[2026/09/15 18:34:15] 发送(hex): 20
[2026/09/15 18:34:15] 发送(hex): 20
[2026/09/15 18:34:15] 发送(hex): 20
[2026/09/15 18:34:15] 发送(hex): 20
[2026/09/15 18:34:15] 发送(hex): 20
[2026/09/15 18:34:15] 发送(hex): 20
[2026/09/15 18:34:15] 发送(hex): 20
[2026/09/15 18:34:15] 发送(hex): 20
[2026/09/15 18:34:15] 发送(hex): 20
[2026/09/15 18:34:15] 发送(hex): 20
[2026/09/15 18:34:15] 发送(hex): 20
[2026/09/15 18:34:15] 发送(hex): 20
[2026/09/15 18:34:15] 发送(hex): 20
[2026/09/15 18:34:15] 发送(hex): 20
[2026/09/15 18:34:15] 发送(hex): 20
[2026/09/15 18:34:15] 发送(hex): 20
[2026/09/15 18:34:15] 发送(hex): 20
[2026/09/15 18:34:15] 发送(hex): 20
[2026/09/15 18:34:15] 发送(hex): 20
[2026/09/15 18:34:15] 发送(hex): 20
[2026/09/15 18:34:15] 发送(hex): 20
[2026/09/15 18:34:15] 发送(hex): 20
[2026/09/15 18:34:15] 发送(hex): 20
[2026/09/15 18:34:15] 发送(hex): 20
[2026/09/15 18:34:15] 发送(hex): 20
[2026/09/15 18:34:15] 发送(hex): 20
[2026/09/15 18:34:15] 发送(hex): 20
[2026/09/15 18:34:15] 发送(hex): 20
[2026/09/15 18:34:15] 发送(hex): 20
[2026/09/15 18:34:15] 发送(hex): 20
[2026/09/15 18:34:15] 发送(hex): 20
[2026/09/15 18:34:15] 发送(hex): 20
[2026/09/15 18:34:15] 发送(hex): 20
[2026/09/15 18:34:15] 发送(hex): 20
[2026/09/15 18:34:15] 发送(hex): 20
[2026/09/15 18:34:15] 发送(hex): 20
[2026/09/15 18:34:15] 发送(hex): 20
[2026/09/15 18:34:15] 发送(hex): 20
[2026/09/15 18:34:15] 发送(hex): 20
[2026/09/15 18:34:15] 发送(hex): 20
[2026/09/15 18:34:15] 发送(hex): 20
[2026/09/15 18:34:15] 发送(hex): 20
[2026/09/15 18:34:15] 发送(hex): 20
[2026/09/15 18:34:15] 发送(hex): 20
[2026/09/15 18:34:15] 发送(hex): 20
[2026/09/15 18:34:15] 发送(hex): 20
[2026/09/15 18:34:15] 发送(hex): 20
[2026/09/15 18:34:15] 发送(hex): 20
[2026/09/15 18:34:15] 发送(hex): 20
[2026/09/15 18:34:15] 发送(hex): 20
[2026/09/15 18:34:15] 发送(hex): 20
[2026/09/15 18:34:15] 发送(hex): 20
[2026/09/15 18:34:15] 发送(hex): 20
[2026/09/15 18:34:15] 发送(hex): 20
[2026/09/15 18:34:15] 发送(hex): 20
[2026/09/15 18:34:15] 发送(hex): 20
[2026/09/15 18:34:15] 发送(hex): 20
[2026/09/15 18:34:15] 发送(hex): 20
[2026/09/15 18:34:15] 发送(hex): 20
[2026/09/15 18:34:16] 发送(hex): 20
[2026/09/15 18:34:16] 发送(hex): 20
[2026/09/15 18:34:16] 发送(hex): 20
[2026/09/15 18:34:16] 发送(hex): 20
[2026/09/15 18:34:16] 发送(hex): 20
[2026/09/15 18:34:16] 发送(hex): 20
[2026/09/15 18:34:16] 发送(hex): 20
[2026/09/15 18:34:16] 发送(hex): 20
[2026/09/15 18:34:16] 发送(hex): 20
[2026/09/15 18:34:16] 发送(hex): 20
[2026/09/15 18:34:16] 发送(hex): 20
[2026/09/15 18:34:16] 发送(hex): 20
[2026/09/15 18:34:16] 发送(hex): 20
[2026/09/15 18:34:16] 发送(hex): 20
[2026/09/15 18:34:16] 发送(hex): 20
[2026/09/15 18:34:16] 发送(hex): 20
[2026/09/15 18:34:16] 发送(hex): 20
[2026/09/15 18:34:16] 发送(hex): 20
[2026/09/15 18:34:16] 发送(hex): 20
[2026/09/15 18:34:16] 发送(hex): 20
[2026/09/15 18:34:16] 发送(hex): 20
[2026/09/15 18:34:16] 发送(hex): 20
[2026/09/15 18:34:16] 发送(hex): 20
[2026/09/15 18:34:16] 发送(hex): 20
[2026/09/15 18:34:16] 发送(hex): 20
[2026/09/15 18:34:16] 发送(hex): 20
[2026/09/15 18:34:16] 发送(hex): 20
[2026/09/15 18:34:16] 发送(hex): 20
[2026/09/15 18:34:16] 发送(hex): 20
[2026/09/15 18:34:16] 发送(hex): 20
[2026/09/15 18:34:16] 发送(hex): 20
[2026/09/15 18:34:16] 发送(hex): 20
[2026/09/15 18:34:16] 发送(hex): 20
[2026/09/15 18:34:16] 发送(hex): 20
[2026/09/15 18:34:16] 发送(hex): 20
[2026/09/15 18:34:16] 发送(hex): 20
[2026/09/15 18:34:16] 发送(hex): 20
[2026/09/15 18:34:16] 发送(hex): 20
[2026/09/15 18:34:16] 发送(hex): 20
[2026/09/15 18:34:16] 发送(hex): 20
[2026/09/15 18:34:16] 发送(hex): 20
[2026/09/15 18:34:16] 发送(hex): 20
[2026/09/15 18:34:16] 发送(hex): 20
[2026/09/15 18:34:16] 发送(hex): 20
[2026/09/15 18:34:16] 发送(hex): 20
[2026/09/15 18:34:16] 发送(hex): 20
[2026/09/15 18:34:16] 发送(hex): 20
[2026/09/15 18:34:16] 发送(hex): 20
[2026/09/15 18:34:16] 发送(hex): 20
[2026/09/15 18:34:16] 发送(hex): 20
[2026/09/15 18:34:16] 发送(hex): 20
[2026/09/15 18:34:16] 发送(hex): 20
[2026/09/15 18:34:16] 发送(hex): 20
[2026/09/15 18:34:16] 发送(hex): 20
[2026/09/15 18:34:16] 发送(hex): 20
[2026/09/15 18:34:16] 发送(hex): 20
[2026/09/15 18:34:16] 发送(hex): 20
[2026/09/15 18:34:16] 发送(hex): 20
[2026/09/15 18:34:16] 发送(hex): 20
[2026/09/15 18:34:16] 发送(hex): 20
[2026/09/15 18:34:16] 发送(hex): 20
[2026/09/15 18:34:16] 发送(hex): 20
[2026/09/15 18:34:16] 发送(hex): 20
[2026/09/15 18:34:16] 发送(hex): 20
[2026/09/15 18:34:16] 发送(hex): 20
[2026/09/15 18:34:16] 发送(hex): 20
[2026/09/15 18:34:16] 发送(hex): 20
[2026/09/15 18:34:16] 发送(hex): 20
[2026/09/15 18:34:16] 发送(hex): 20
[2026/09/15 18:34:16] 发送(hex): 20
[2026/09/15 18:34:16] 发送(hex): 20
[2026/09/15 18:34:16] 发送(hex): 20
[2026/09/15 18:34:16] 发送(hex): 20
[2026/09/15 18:34:16] 发送(hex): 20
[2026/09/15 18:34:16] 发送(hex): 20
[2026/09/15 18:34:16] 发送(hex): 20
[2026/09/15 18:34:16] 发送(hex): 20
[2026/09/15 18:34:16] 发送(hex): 20
[2026/09/15 18:34:16] 发送(hex): 20
[2026/09/15 18:34:16] 发送(hex): 20
[2026/09/15 18:34:16] 发送(hex): 20
[2026/09/15 18:34:16] 发送(hex): 20
[2026/09/15 18:34:16] 发送(hex): 20
[2026/09/15 18:34:16] 发送(hex): 20
[2026/09/15 18:34:16] 发送(hex): 20
[2026/09/15 18:34:16] 发送(hex): 20
[2026/09/15 18:34:16] 发送(hex): 20
[2026/09/15 18:34:16] 发送(hex): 20
[2026/09/15 18:34:16] 发送(hex): 20
[2026/09/15 18:34:16] 发送(hex): 20
[2026/09/15 18:34:16] 发送(hex): 20
[2026/09/15 18:34:16] 发送(hex): 20
[2026/09/15 18:34:16] 发送(hex): 20
[2026/09/15 18:34:16] 发送(hex): 20
[2026/09/15 18:34:17] 发送(hex): 20
[2026/09/15 18:34:17] 发送(hex): 20
[2026/09/15 18:34:17] 发送(hex): 20
[2026/09/15 18:34:17] 发送(hex): 20
[2026/09/15 18:34:17] 发送(hex): 20
[2026/09/15 18:34:17] 发送(hex): 20
[2026/09/15 18:34:17] 发送(hex): 20
[2026/09/15 18:34:17] 发送(hex): 20
[2026/09/15 18:34:17] 发送(hex): 20
[2026/09/15 18:34:17] 发送(hex): 20
[2026/09/15 18:34:17] 发送(hex): 20
[2026/09/15 18:34:17] 发送(hex): 20
[2026/09/15 18:34:17] 发送(hex): 20
[2026/09/15 18:34:17] 发送(hex): 20
[2026/09/15 18:34:17] 发送(hex): 20
[2026/09/15 18:34:17] 发送(hex): 20
[2026/09/15 18:34:17] 发送(hex): 20
[2026/09/15 18:34:17] 发送(hex): 20
[2026/09/15 18:34:17] 发送(hex): 20
[2026/09/15 18:34:17] 发送(hex): 20
[2026/09/15 18:34:17] 发送(hex): 20
[2026/09/15 18:34:17] 发送(hex): 20
[2026/09/15 18:34:17] 发送(hex): 20
[2026/09/15 18:34:17] 发送(hex): 20
[2026/09/15 18:34:17] 发送(hex): 20
[2026/09/15 18:34:17] 发送(hex): 20
[2026/09/15 18:34:17] 发送(hex): 20
[2026/09/15 18:34:17] 发送(hex): 20
[2026/09/15 18:34:17] 发送(hex): 20
[2026/09/15 18:34:17] 发送(hex): 20
[2026/09/15 18:34:17] 发送(hex): 20
[2026/09/15 18:34:17] 发送(hex): 20
[2026/09/15 18:34:17] 发送(hex): 20
[2026/09/15 18:34:17] 发送(hex): 20
[2026/09/15 18:34:17] 发送(hex): 20
[2026/09/15 18:34:17] 发送(hex): 20
[2026/09/15 18:34:17] 发送(hex): 20
[2026/09/15 18:34:17] 发送(hex): 20
[2026/09/15 18:34:17] 发送(hex): 20
[2026/09/15 18:34:17] 发送(hex): 20
[2026/09/15 18:34:17] 发送(hex): 20
[2026/09/15 18:34:17] 发送(hex): 20
[2026/09/15 18:34:17] 发送(hex): 20
[2026/09/15 18:34:17] 发送(hex): 20
[2026/09/15 18:34:17] 发送(hex): 20
[2026/09/15 18:34:17] 发送(hex): 20
[2026/09/15 18:34:17] 发送(hex): 20
[2026/09/15 18:34:17] 发送(hex): 20
[2026/09/15 18:34:17] 发送(hex): 20
[2026/09/15 18:34:17] 发送(hex): 20
[2026/09/15 18:34:17] 发送(hex): 20
[2026/09/15 18:34:17] 发送(hex): 20
[2026/09/15 18:34:17] 发送(hex): 20
[2026/09/15 18:34:17] 发送(hex): 20
[2026/09/15 18:34:17] 发送(hex): 20
[2026/09/15 18:34:17] 发送(hex): 20
[2026/09/15 18:34:17] 发送(hex): 20
[2026/09/15 18:34:17] 发送(hex): 20
[2026/09/15 18:34:17] 发送(hex): 20
[2026/09/15 18:34:17] 发送(hex): 20
[2026/09/15 18:34:17] 发送(hex): 20
[2026/09/15 18:34:17] 发送(hex): 20
[2026/09/15 18:34:17] 发送(hex): 20
[2026/09/15 18:34:17] 发送(hex): 20
[2026/09/15 18:34:17] 发送(hex): 20
[2026/09/15 18:34:17] 发送(hex): 20
[2026/09/15 18:34:17] 发送(hex): 20
[2026/09/15 18:34:17] 发送(hex): 20
[2026/09/15 18:34:17] 发送(hex): 20
[2026/09/15 18:34:17] 发送(hex): 20
[2026/09/15 18:34:17] 发送(hex): 20
[2026/09/15 18:34:17] 发送(hex): 20
[2026/09/15 18:34:17] 发送(hex): 20
[2026/09/15 18:34:17] 发送(hex): 20
[2026/09/15 18:34:17] 发送(hex): 20
[2026/09/15 18:34:17] 发送(hex): 20
[2026/09/15 18:34:17] 发送(hex): 20
[2026/09/15 18:34:17] 发送(hex): 20
[2026/09/15 18:34:17] 发送(hex): 20
[2026/09/15 18:34:17] 发送(hex): 20
[2026/09/15 18:34:17] 发送(hex): 20
[2026/09/15 18:34:17] 发送(hex): 20
[2026/09/15 18:34:17] 发送(hex): 20
[2026/09/15 18:34:17] 发送(hex): 20
[2026/09/15 18:34:17] 发送(hex): 20
[2026/09/15 18:34:17] 发送(hex): 20
[2026/09/15 18:34:17] 发送(hex): 20
[2026/09/15 18:34:17] 发送(hex): 20
[2026/09/15 18:34:17] 发送(hex): 20
[2026/09/15 18:34:17] 发送(hex): 20
[2026/09/15 18:34:17] 发送(hex): 20
[2026/09/15 18:34:17] 发送(hex): 20
[2026/09/15 18:34:17] 发送(hex): 20
[2026/09/15 18:34:18] 发送(hex): 20
[2026/09/15 18:34:18] 发送(hex): 20
[2026/09/15 18:34:18] 发送(hex): 20
[2026/09/15 18:34:18] 发送(hex): 20
[2026/09/15 18:34:18] 发送(hex): 20
[2026/09/15 18:34:18] 发送(hex): 20
[2026/09/15 18:34:18] 发送(hex): 20
[2026/09/15 18:34:18] 发送(hex): 20
[2026/09/15 18:34:18] 发送(hex): 20
[2026/09/15 18:34:18] 发送(hex): 20
[2026/09/15 18:34:18] 发送(hex): 20
[2026/09/15 18:34:18] 发送(hex): 20
[2026/09/15 18:34:18] 发送(hex): 20
[2026/09/15 18:34:18] 发送(hex): 20
[2026/09/15 18:34:18] 发送(hex): 20
[2026/09/15 18:34:18] 发送(hex): 20
[2026/09/15 18:34:18] 发送(hex): 20
[2026/09/15 18:34:18] 发送(hex): 20
[2026/09/15 18:34:18] 发送(hex): 20
[2026/09/15 18:34:18] 发送(hex): 20
[2026/09/15 18:34:18] 发送(hex): 20
[2026/09/15 18:34:18] 发送(hex): 20
[2026/09/15 18:34:18] 发送(hex): 20
[2026/09/15 18:34:18] 发送(hex): 20
[2026/09/15 18:34:18] 发送(hex): 20
[2026/09/15 18:34:18] 发送(hex): 20
[2026/09/15 18:34:18] 发送(hex): 20
[2026/09/15 18:34:18] 发送(hex): 20
[2026/09/15 18:34:18] 发送(hex): 20
[2026/09/15 18:34:18] 发送(hex): 20
[2026/09/15 18:34:18] 发送(hex): 20
[2026/09/15 18:34:18] 发送(hex): 20
[2026/09/15 18:34:18] 发送(hex): 20
[2026/09/15 18:34:18] 发送(hex): 20
[2026/09/15 18:34:18] 发送(hex): 20
[2026/09/15 18:34:18] 发送(hex): 20
[2026/09/15 18:34:18] 发送(hex): 20
[2026/09/15 18:34:18] 发送(hex): 20
[2026/09/15 18:34:18] 发送(hex): 20
[2026/09/15 18:34:18] 发送(hex): 20
[2026/09/15 18:34:18] 发送(hex): 20
[2026/09/15 18:34:18] 发送(hex): 20
[2026/09/15 18:34:18] 发送(hex): 20
[2026/09/15 18:34:18] 发送(hex): 20
[2026/09/15 18:34:18] 发送(hex): 20
[2026/09/15 18:34:18] 发送(hex): 20
[2026/09/15 18:34:18] 发送(hex): 20
[2026/09/15 18:34:18] 发送(hex): 20
[2026/09/15 18:34:18] 发送(hex): 20
[2026/09/15 18:34:18] 发送(hex): 20
[2026/09/15 18:34:18] 发送(hex): 20
[2026/09/15 18:34:18] 发送(hex): 20
[2026/09/15 18:34:18] 发送(hex): 20
[2026/09/15 18:34:18] 发送(hex): 20
[2026/09/15 18:34:18] 发送(hex): 20
[2026/09/15 18:34:18] 发送(hex): 20
[2026/09/15 18:34:18] 发送(hex): 20
[2026/09/15 18:34:18] 发送(hex): 20
[2026/09/15 18:34:18] 发送(hex): 20
[2026/09/15 18:34:18] 发送(hex): 20
[2026/09/15 18:34:18] 发送(hex): 20
[2026/09/15 18:34:18] 发送(hex): 20
[2026/09/15 18:34:18] 发送(hex): 20
[2026/09/15 18:34:18] 发送(hex): 20
[2026/09/15 18:34:18] 发送(hex): 20
[2026/09/15 18:34:18] 发送(hex): 20
[2026/09/15 18:34:18] 发送(hex): 20
[2026/09/15 18:34:18] 发送(hex): 20
[2026/09/15 18:34:18] 发送(hex): 20
[2026/09/15 18:34:18] 发送(hex): 20
[2026/09/15 18:34:18] 发送(hex): 20
[2026/09/15 18:34:18] 发送(hex): 20
[2026/09/15 18:34:18] 发送(hex): 20
[2026/09/15 18:34:18] 发送(hex): 20
[2026/09/15 18:34:18] 发送(hex): 20
[2026/09/15 18:34:18] 发送(hex): 20
[2026/09/15 18:34:18] 发送(hex): 20
[2026/09/15 18:34:18] 发送(hex): 20
[2026/09/15 18:34:18] 发送(hex): 20
[2026/09/15 18:34:18] 发送(hex): 20
[2026/09/15 18:34:18] 发送(hex): 20
[2026/09/15 18:34:18] 发送(hex): 20
[2026/09/15 18:34:18] 发送(hex): 20
[2026/09/15 18:34:18] 发送(hex): 20
[2026/09/15 18:34:18] 发送(hex): 20
[2026/09/15 18:34:18] 发送(hex): 20
[2026/09/15 18:34:18] 发送(hex): 20
[2026/09/15 18:34:18] 发送(hex): 20
[2026/09/15 18:34:18] 发送(hex): 20
[2026/09/15 18:34:18] 发送(hex): 20
[2026/09/15 18:34:18] 发送(hex): 20
[2026/09/15 18:34:18] 发送(hex): 20
[2026/09/15 18:34:18] 发送(hex): 20
[2026/09/15 18:34:18] 发送(hex): 20
[2026/09/15 18:34:19] 发送(hex): 20
[2026/09/15 18:34:19] 发送(hex): 20
[2026/09/15 18:34:19] 发送(hex): 20
[2026/09/15 18:34:19] 发送(hex): 20
[2026/09/15 18:34:19] 发送(hex): 20
[2026/09/15 18:34:19] 发送(hex): 20
[2026/09/15 18:34:19] 发送(hex): 20
[2026/09/15 18:34:19] 发送(hex): 20
[2026/09/15 18:34:19] 发送(hex): 20
[2026/09/15 18:34:19] 发送(hex): 20
[2026/09/15 18:34:19] 发送(hex): 20
[2026/09/15 18:34:19] 发送(hex): 20
[2026/09/15 18:34:19] 发送(hex): 20
[2026/09/15 18:34:19] 发送(hex): 20
[2026/09/15 18:34:19] 发送(hex): 20
[2026/09/15 18:34:19] 发送(hex): 20
[2026/09/15 18:34:19] 发送(hex): 20
[2026/09/15 18:34:19] 发送(hex): 20
[2026/09/15 18:34:19] 发送(hex): 20
[2026/09/15 18:34:19] 发送(hex): 20
[2026/09/15 18:34:19] 发送(hex): 20
[2026/09/15 18:34:19] 发送(hex): 20
[2026/09/15 18:34:19] 发送(hex): 20
[2026/09/15 18:34:19] 发送(hex): 20
[2026/09/15 18:34:19] 发送(hex): 20
[2026/09/15 18:34:19] 发送(hex): 20
[2026/09/15 18:34:19] 发送(hex): 20
[2026/09/15 18:34:19] 发送(hex): 20
[2026/09/15 18:34:19] 发送(hex): 20
[2026/09/15 18:34:19] 发送(hex): 20
[2026/09/15 18:34:19] 发送(hex): 20
[2026/09/15 18:34:19] 发送(hex): 20
[2026/09/15 18:34:19] 发送(hex): 20
[2026/09/15 18:34:19] 发送(hex): 20
[2026/09/15 18:34:19] 发送(hex): 20
[2026/09/15 18:34:19] 发送(hex): 20
[2026/09/15 18:34:19] 发送(hex): 20
[2026/09/15 18:34:19] 发送(hex): 20
[2026/09/15 18:34:19] 发送(hex): 20
[2026/09/15 18:34:19] 发送(hex): 20
[2026/09/15 18:34:19] 发送(hex): 20
[2026/09/15 18:34:19] 发送(hex): 20
[2026/09/15 18:34:19] 发送(hex): 20
[2026/09/15 18:34:19] 发送(hex): 20
[2026/09/15 18:34:19] 发送(hex): 20
[2026/09/15 18:34:19] 发送(hex): 20
[2026/09/15 18:34:19] 发送(hex): 20
[2026/09/15 18:34:19] 发送(hex): 20
[2026/09/15 18:34:19] 发送(hex): 20
[2026/09/15 18:34:19] 发送(hex): 20
[2026/09/15 18:34:19] 发送(hex): 20
[2026/09/15 18:34:19] 发送(hex): 20
[2026/09/15 18:34:19] 发送(hex): 20
[2026/09/15 18:34:19] 发送(hex): 20
[2026/09/15 18:34:19] 发送(hex): 20
[2026/09/15 18:34:19] 发送(hex): 20
[2026/09/15 18:34:19] 发送(hex): 20
[2026/09/15 18:34:19] 发送(hex): 20
[2026/09/15 18:34:19] 发送(hex): 20
[2026/09/15 18:34:19] 发送(hex): 20
[2026/09/15 18:34:19] 发送(hex): 20
[2026/09/15 18:34:19] 发送(hex): 20
[2026/09/15 18:34:19] 发送(hex): 20
[2026/09/15 18:34:19] 发送(hex): 20
[2026/09/15 18:34:19] 发送(hex): 20
[2026/09/15 18:34:19] 发送(hex): 20
[2026/09/15 18:34:19] 发送(hex): 20
[2026/09/15 18:34:19] 发送(hex): 20
[2026/09/15 18:34:19] 发送(hex): 20
[2026/09/15 18:34:19] 发送(hex): 20
[2026/09/15 18:34:19] 发送(hex): 20
[2026/09/15 18:34:19] 发送(hex): 20
[2026/09/15 18:34:19] 发送(hex): 20
[2026/09/15 18:34:19] 发送(hex): 20
[2026/09/15 18:34:19] 发送(hex): 20
[2026/09/15 18:34:19] 发送(hex): 20
[2026/09/15 18:34:19] 发送(hex): 20
[2026/09/15 18:34:19] 发送(hex): 20
[2026/09/15 18:34:19] 发送(hex): 20
[2026/09/15 18:34:19] 发送(hex): 20
[2026/09/15 18:34:19] 发送(hex): 20
[2026/09/15 18:34:19] 发送(hex): 20
[2026/09/15 18:34:19] 发送(hex): 20
[2026/09/15 18:34:19] 发送(hex): 20
[2026/09/15 18:34:19] 发送(hex): 20
[2026/09/15 18:34:19] 发送(hex): 20
[2026/09/15 18:34:19] 发送(hex): 20
[2026/09/15 18:34:19] 发送(hex): 20
[2026/09/15 18:34:19] 发送(hex): 20
[2026/09/15 18:34:19] 发送(hex): 20
[2026/09/15 18:34:19] 发送(hex): 20
[2026/09/15 18:34:19] 发送(hex): 20
[2026/09/15 18:34:19] 发送(hex): 20
[2026/09/15 18:34:19] 发送(hex): 20
[2026/09/15 18:34:20] 发送(hex): 20
[2026/09/15 18:34:20] 发送(hex): 20
[2026/09/15 18:34:20] 发送(hex): 20
[2026/09/15 18:34:20] 发送(hex): 20
[2026/09/15 18:34:20] 发送(hex): 20
[2026/09/15 18:34:20] 发送(hex): 20
[2026/09/15 18:34:20] 发送(hex): 20
[2026/09/15 18:34:20] 发送(hex): 20
[2026/09/15 18:34:20] 发送(hex): 20
[2026/09/15 18:34:20] 发送(hex): 20
[2026/09/15 18:34:20] 发送(hex): 20
[2026/09/15 18:34:20] 发送(hex): 20
[2026/09/15 18:34:20] 发送(hex): 20
[2026/09/15 18:34:20] 发送(hex): 20
[2026/09/15 18:34:20] 发送(hex): 20
[2026/09/15 18:34:20] 发送(hex): 20
[2026/09/15 18:34:20] 发送(hex): 20
[2026/09/15 18:34:20] 发送(hex): 20
[2026/09/15 18:34:20] 发送(hex): 20
[2026/09/15 18:34:20] 发送(hex): 20
[2026/09/15 18:34:20] 发送(hex): 20
[2026/09/15 18:34:20] 发送(hex): 20
[2026/09/15 18:34:20] 发送(hex): 20
[2026/09/15 18:34:20] 发送(hex): 20
[2026/09/15 18:34:20] 发送(hex): 20
[2026/09/15 18:34:20] 发送(hex): 20
[2026/09/15 18:34:20] 发送(hex): 20
[2026/09/15 18:34:20] 发送(hex): 20
[2026/09/15 18:34:20] 发送(hex): 20
[2026/09/15 18:34:20] 发送(hex): 20
[2026/09/15 18:34:20] 发送(hex): 20
[2026/09/15 18:34:20] 发送(hex): 20
[2026/09/15 18:34:20] 发送(hex): 20
[2026/09/15 18:34:20] 发送(hex): 20
[2026/09/15 18:34:20] 发送(hex): 20
[2026/09/15 18:34:20] 发送(hex): 20
[2026/09/15 18:34:20] 发送(hex): 20
[2026/09/15 18:34:20] 发送(hex): 20
[2026/09/15 18:34:20] 发送(hex): 20
[2026/09/15 18:34:20] 发送(hex): 20
[2026/09/15 18:34:20] 发送(hex): 20
[2026/09/15 18:34:20] 发送(hex): 20
[2026/09/15 18:34:20] 发送(hex): 20
[2026/09/15 18:34:20] 发送(hex): 20
[2026/09/15 18:34:20] 发送(hex): 20
[2026/09/15 18:34:20] 发送(hex): 20
[2026/09/15 18:34:20] 发送(hex): 20
[2026/09/15 18:34:20] 发送(hex): 20
[2026/09/15 18:34:20] 发送(hex): 20
[2026/09/15 18:34:20] 发送(hex): 20
[2026/09/15 18:34:20] 发送(hex): 20
[2026/09/15 18:34:20] 发送(hex): 20
[2026/09/15 18:34:20] 发送(hex): 20
[2026/09/15 18:34:20] 发送(hex): 20
[2026/09/15 18:34:20] 发送(hex): 20
[2026/09/15 18:34:20] 发送(hex): 20
[2026/09/15 18:34:20] 发送(hex): 20
[2026/09/15 18:34:20] 发送(hex): 20
[2026/09/15 18:34:20] 发送(hex): 20
[2026/09/15 18:34:20] 发送(hex): 20
[2026/09/15 18:34:20] 发送(hex): 20
[2026/09/15 18:34:20] 发送(hex): 20
[2026/09/15 18:34:20] 发送(hex): 20
[2026/09/15 18:34:20] 发送(hex): 20
[2026/09/15 18:34:20] 发送(hex): 20
[2026/09/15 18:34:20] 发送(hex): 20
[2026/09/15 18:34:20] 发送(hex): 20
[2026/09/15 18:34:20] 发送(hex): 20
[2026/09/15 18:34:20] 发送(hex): 20
[2026/09/15 18:34:20] 发送(hex): 20
[2026/09/15 18:34:20] 发送(hex): 20
[2026/09/15 18:34:20] 发送(hex): 20
[2026/09/15 18:34:20] 发送(hex): 20
[2026/09/15 18:34:20] 发送(hex): 20
[2026/09/15 18:34:20] 发送(hex): 20
[2026/09/15 18:34:20] 发送(hex): 20
[2026/09/15 18:34:20] 发送(hex): 20
[2026/09/15 18:34:20] 发送(hex): 20
[2026/09/15 18:34:20] 发送(hex): 20
[2026/09/15 18:34:20] 发送(hex): 20
[2026/09/15 18:34:20] 发送(hex): 20
[2026/09/15 18:34:20] 发送(hex): 20
[2026/09/15 18:34:20] 发送(hex): 20
[2026/09/15 18:34:20] 发送(hex): 20
[2026/09/15 18:34:20] 发送(hex): 20
[2026/09/15 18:34:20] 发送(hex): 20
[2026/09/15 18:34:20] 发送(hex): 20
[2026/09/15 18:34:20] 发送(hex): 20
[2026/09/15 18:34:20] 发送(hex): 20
[2026/09/15 18:34:20] 发送(hex): 20
[2026/09/15 18:34:20] 发送(hex): 20
[2026/09/15 18:34:20] 发送(hex): 20
[2026/09/15 18:34:20] 发送(hex): 20
[2026/09/15 18:34:20] 发送(hex): 20
[2026/09/15 18:34:21] 发送(hex): 20
[2026/09/15 18:34:21] 发送(hex): 20
[2026/09/15 18:34:21] 发送(hex): 20
[2026/09/15 18:34:21] 发送(hex): 20
[2026/09/15 18:34:21] 发送(hex): 20
[2026/09/15 18:34:21] 发送(hex): 20
[2026/09/15 18:34:21] 发送(hex): 20
[2026/09/15 18:34:21] 发送(hex): 20
[2026/09/15 18:34:21] 发送(hex): 20
[2026/09/15 18:34:21] 发送(hex): 20
[2026/09/15 18:34:21] 发送(hex): 20
[2026/09/15 18:34:21] 发送(hex): 20
[2026/09/15 18:34:21] 发送(hex): 20
[2026/09/15 18:34:21] 发送(hex): 20
[2026/09/15 18:34:21] 发送(hex): 20
[2026/09/15 18:34:21] 发送(hex): 20
[2026/09/15 18:34:21] 发送(hex): 20
[2026/09/15 18:34:21] 发送(hex): 20
[2026/09/15 18:34:21] 发送(hex): 20
[2026/09/15 18:34:21] 发送(hex): 20
[2026/09/15 18:34:21] 发送(hex): 20
[2026/09/15 18:34:21] 发送(hex): 20
[2026/09/15 18:34:21] 发送(hex): 20
[2026/09/15 18:34:21] 发送(hex): 20
[2026/09/15 18:34:21] 发送(hex): 20
[2026/09/15 18:34:21] 发送(hex): 20
[2026/09/15 18:34:21] 发送(hex): 20
[2026/09/15 18:34:21] 发送(hex): 20
[2026/09/15 18:34:21] 发送(hex): 20
[2026/09/15 18:34:21] 发送(hex): 20
[2026/09/15 18:34:21] 发送(hex): 20
[2026/09/15 18:34:21] 发送(hex): 20
[2026/09/15 18:34:21] 发送(hex): 20
[2026/09/15 18:34:21] 发送(hex): 20
[2026/09/15 18:34:21] 发送(hex): 20
[2026/09/15 18:34:21] 发送(hex): 20
[2026/09/15 18:34:21] 发送(hex): 20
[2026/09/15 18:34:21] 发送(hex): 20
[2026/09/15 18:34:21] 发送(hex): 20
[2026/09/15 18:34:21] 发送(hex): 20
[2026/09/15 18:34:21] 发送(hex): 20
[2026/09/15 18:34:21] 发送(hex): 20
[2026/09/15 18:34:21] 发送(hex): 20
[2026/09/15 18:34:21] 发送(hex): 20
[2026/09/15 18:34:21] 发送(hex): 20
[2026/09/15 18:34:21] 发送(hex): 20
[2026/09/15 18:34:21] 发送(hex): 20
[2026/09/15 18:34:21] 发送(hex): 20
[2026/09/15 18:34:21] 发送(hex): 20
[2026/09/15 18:34:21] 发送(hex): 20
[2026/09/15 18:34:21] 发送(hex): 20
[2026/09/15 18:34:21] 发送(hex): 20
[2026/09/15 18:34:21] 发送(hex): 20
[2026/09/15 18:34:21] 发送(hex): 20
[2026/09/15 18:34:21] 发送(hex): 20
[2026/09/15 18:34:21] 发送(hex): 20
[2026/09/15 18:34:21] 发送(hex): 20
[2026/09/15 18:34:21] 发送(hex): 20
[2026/09/15 18:34:21] 发送(hex): 20
[2026/09/15 18:34:21] 发送(hex): 20
[2026/09/15 18:34:21] 发送(hex): 20
[2026/09/15 18:34:21] 发送(hex): 20
[2026/09/15 18:34:21] 发送(hex): 20
[2026/09/15 18:34:21] 发送(hex): 20
[2026/09/15 18:34:21] 发送(hex): 20
[2026/09/15 18:34:21] 发送(hex): 20
[2026/09/15 18:34:21] 发送(hex): 20
[2026/09/15 18:34:21] 发送(hex): 20
[2026/09/15 18:34:21] 发送(hex): 20
[2026/09/15 18:34:21] 发送(hex): 20
[2026/09/15 18:34:21] 发送(hex): 20
[2026/09/15 18:34:21] 发送(hex): 20
[2026/09/15 18:34:21] 发送(hex): 20
[2026/09/15 18:34:21] 发送(hex): 20
[2026/09/15 18:34:21] 发送(hex): 20
[2026/09/15 18:34:21] 发送(hex): 20
[2026/09/15 18:34:21] 发送(hex): 20
[2026/09/15 18:34:21] 发送(hex): 20
[2026/09/15 18:34:21] 发送(hex): 20
[2026/09/15 18:34:21] 发送(hex): 20
[2026/09/15 18:34:21] 发送(hex): 20
[2026/09/15 18:34:21] 发送(hex): 20
[2026/09/15 18:34:21] 发送(hex): 20
[2026/09/15 18:34:21] 发送(hex): 20
[2026/09/15 18:34:21] 发送(hex): 20
[2026/09/15 18:34:21] 发送(hex): 20
[2026/09/15 18:34:21] 发送(hex): 20
[2026/09/15 18:34:21] 发送(hex): 20
[2026/09/15 18:34:21] 发送(hex): 20
[2026/09/15 18:34:21] 发送(hex): 20
[2026/09/15 18:34:21] 发送(hex): 20
[2026/09/15 18:34:21] 发送(hex): 20
[2026/09/15 18:34:21] 发送(hex): 20
[2026/09/15 18:34:21] 发送(hex): 20
[2026/09/15 18:34:22] 发送(hex): 20
[2026/09/15 18:34:22] 发送(hex): 20
[2026/09/15 18:34:22] 发送(hex): 20
[2026/09/15 18:34:22] 发送(hex): 20
[2026/09/15 18:34:22] 发送(hex): 20
[2026/09/15 18:34:22] 发送(hex): 20
[2026/09/15 18:34:22] 发送(hex): 20
[2026/09/15 18:34:22] 发送(hex): 20
[2026/09/15 18:34:22] 发送(hex): 20
[2026/09/15 18:34:22] 发送(hex): 20
[2026/09/15 18:34:22] 发送(hex): 20
[2026/09/15 18:34:22] 发送(hex): 20
[2026/09/15 18:34:22] 发送(hex): 20
[2026/09/15 18:34:22] 发送(hex): 20
[2026/09/15 18:34:22] 发送(hex): 20
[2026/09/15 18:34:22] 发送(hex): 20
[2026/09/15 18:34:22] 发送(hex): 20
[2026/09/15 18:34:22] 发送(hex): 20
[2026/09/15 18:34:22] 发送(hex): 20
[2026/09/15 18:34:22] 发送(hex): 20
[2026/09/15 18:34:22] 发送(hex): 20
[2026/09/15 18:34:22] 发送(hex): 20
[2026/09/15 18:34:22] 发送(hex): 20
[2026/09/15 18:34:22] 发送(hex): 20
[2026/09/15 18:34:22] 发送(hex): 20
[2026/09/15 18:34:22] 发送(hex): 20
[2026/09/15 18:34:22] 发送(hex): 20
[2026/09/15 18:34:22] 发送(hex): 20
[2026/09/15 18:34:22] 发送(hex): 20
[2026/09/15 18:34:22] 发送(hex): 20
[2026/09/15 18:34:22] 发送(hex): 20
[2026/09/15 18:34:22] 发送(hex): 20
[2026/09/15 18:34:22] 发送(hex): 20
[2026/09/15 18:34:22] 发送(hex): 20
[2026/09/15 18:34:22] 发送(hex): 20
[2026/09/15 18:34:22] 发送(hex): 20
[2026/09/15 18:34:22] 发送(hex): 20
[2026/09/15 18:34:22] 发送(hex): 20
[2026/09/15 18:34:22] 发送(hex): 20
[2026/09/15 18:34:22] 发送(hex): 20
[2026/09/15 18:34:22] 发送(hex): 20
[2026/09/15 18:34:22] 发送(hex): 20
[2026/09/15 18:34:22] 发送(hex): 20
[2026/09/15 18:34:22] 发送(hex): 20
[2026/09/15 18:34:22] 发送(hex): 20
[2026/09/15 18:34:22] 发送(hex): 20
[2026/09/15 18:34:22] 发送(hex): 20
[2026/09/15 18:34:22] 发送(hex): 20
[2026/09/15 18:34:22] 发送(hex): 20
[2026/09/15 18:34:22] 发送(hex): 20
[2026/09/15 18:34:22] 发送(hex): 20
[2026/09/15 18:34:22] 发送(hex): 20
[2026/09/15 18:34:22] 发送(hex): 20
[2026/09/15 18:34:22] 发送(hex): 20
[2026/09/15 18:34:22] 发送(hex): 20
[2026/09/15 18:34:22] 发送(hex): 20
[2026/09/15 18:34:22] 发送(hex): 20
[2026/09/15 18:34:22] 发送(hex): 20
[2026/09/15 18:34:22] 发送(hex): 20
[2026/09/15 18:34:22] 发送(hex): 20
[2026/09/15 18:34:22] 发送(hex): 20
[2026/09/15 18:34:22] 发送(hex): 20
[2026/09/15 18:34:22] 发送(hex): 20
[2026/09/15 18:34:22] 发送(hex): 20
[2026/09/15 18:34:22] 发送(hex): 20
[2026/09/15 18:34:22] 发送(hex): 20
[2026/09/15 18:34:22] 发送(hex): 20
[2026/09/15 18:34:22] 发送(hex): 20
[2026/09/15 18:34:22] 发送(hex): 20
[2026/09/15 18:34:22] 发送(hex): 20
[2026/09/15 18:34:22] 发送(hex): 20
[2026/09/15 18:34:22] 发送(hex): 20
[2026/09/15 18:34:22] 发送(hex): 20
[2026/09/15 18:34:22] 发送(hex): 20
[2026/09/15 18:34:22] 发送(hex): 20
[2026/09/15 18:34:22] 发送(hex): 20
[2026/09/15 18:34:22] 发送(hex): 20
[2026/09/15 18:34:22] 发送(hex): 20
[2026/09/15 18:34:22] 发送(hex): 20
[2026/09/15 18:34:22] 发送(hex): 20
[2026/09/15 18:34:22] 发送(hex): 20
[2026/09/15 18:34:22] 发送(hex): 20
[2026/09/15 18:34:22] 发送(hex): 20
[2026/09/15 18:34:22] 发送(hex): 20
[2026/09/15 18:34:22] 发送(hex): 20
[2026/09/15 18:34:22] 发送(hex): 20
[2026/09/15 18:34:22] 发送(hex): 20
[2026/09/15 18:34:22] 发送(hex): 20
[2026/09/15 18:34:22] 发送(hex): 20
[2026/09/15 18:34:22] 发送(hex): 20
[2026/09/15 18:34:22] 发送(hex): 20
[2026/09/15 18:34:22] 发送(hex): 20
[2026/09/15 18:34:22] 发送(hex): 20
[2026/09/15 18:34:22] 发送(hex): 20
[2026/09/15 18:34:22] 发送(hex): 20
[2026/09/15 18:34:23] 发送(hex): 20
[2026/09/15 18:34:23] 发送(hex): 20
[2026/09/15 18:34:23] 发送(hex): 20
[2026/09/15 18:34:23] 发送(hex): 20
[2026/09/15 18:34:23] 发送(hex): 20
[2026/09/15 18:34:23] 发送(hex): 20
[2026/09/15 18:34:23] 发送(hex): 20
[2026/09/15 18:34:23] 发送(hex): 20
[2026/09/15 18:34:23] 发送(hex): 20
[2026/09/15 18:34:23] 发送(hex): 20
[2026/09/15 18:34:23] 发送(hex): 20
[2026/09/15 18:34:23] 发送(hex): 20
[2026/09/15 18:34:23] 发送(hex): 20
[2026/09/15 18:34:23] 发送(hex): 20
[2026/09/15 18:34:23] 发送(hex): 20
[2026/09/15 18:34:23] 发送(hex): 20
[2026/09/15 18:34:23] 发送(hex): 20
[2026/09/15 18:34:23] 发送(hex): 20
[2026/09/15 18:34:23] 发送(hex): 20
[2026/09/15 18:34:23] 发送(hex): 20
[2026/09/15 18:34:23] 发送(hex): 20
[2026/09/15 18:34:23] 发送(hex): 20
[2026/09/15 18:34:23] 发送(hex): 20
[2026/09/15 18:34:23] 发送(hex): 20
[2026/09/15 18:34:23] 发送(hex): 20
[2026/09/15 18:34:23] 发送(hex): 20
[2026/09/15 18:34:23] 发送(hex): 20
[2026/09/15 18:34:23] 发送(hex): 20
[2026/09/15 18:34:23] 发送(hex): 20
[2026/09/15 18:34:23] 发送(hex): 20
[2026/09/15 18:34:23] 发送(hex): 20
[2026/09/15 18:34:23] 发送(hex): 20
[2026/09/15 18:34:23] 发送(hex): 20
[2026/09/15 18:34:23] 发送(hex): 20
[2026/09/15 18:34:23] 发送(hex): 20
[2026/09/15 18:34:23] 发送(hex): 20
[2026/09/15 18:34:23] 发送(hex): 20
[2026/09/15 18:34:23] 发送(hex): 20
[2026/09/15 18:34:23] 发送(hex): 20
[2026/09/15 18:34:23] 发送(hex): 20
[2026/09/15 18:34:23] 发送(hex): 20
[2026/09/15 18:34:23] 发送(hex): 20
[2026/09/15 18:34:23] 发送(hex): 20
[2026/09/15 18:34:23] 发送(hex): 20
[2026/09/15 18:34:23] 发送(hex): 20
[2026/09/15 18:34:23] 发送(hex): 20
[2026/09/15 18:34:23] 发送(hex): 20
[2026/09/15 18:34:23] 发送(hex): 20
[2026/09/15 18:34:23] 发送(hex): 20
[2026/09/15 18:34:23] 发送(hex): 20
[2026/09/15 18:34:23] 发送(hex): 20
[2026/09/15 18:34:23] 发送(hex): 20
[2026/09/15 18:34:23] 发送(hex): 20
[2026/09/15 18:34:23] 发送(hex): 20
[2026/09/15 18:34:23] 发送(hex): 20
[2026/09/15 18:34:23] 发送(hex): 20
[2026/09/15 18:34:23] 发送(hex): 20
[2026/09/15 18:34:23] 发送(hex): 20
[2026/09/15 18:34:23] 发送(hex): 20
[2026/09/15 18:34:23] 发送(hex): 20
[2026/09/15 18:34:23] 发送(hex): 20
[2026/09/15 18:34:23] 发送(hex): 20
[2026/09/15 18:34:23] 发送(hex): 20
[2026/09/15 18:34:23] 发送(hex): 20
[2026/09/15 18:34:23] 发送(hex): 20
[2026/09/15 18:34:23] 发送(hex): 20
[2026/09/15 18:34:23] 发送(hex): 20
[2026/09/15 18:34:23] 发送(hex): 20
[2026/09/15 18:34:23] 发送(hex): 20
[2026/09/15 18:34:23] 发送(hex): 20
[2026/09/15 18:34:23] 发送(hex): 20
[2026/09/15 18:34:23] 发送(hex): 20
[2026/09/15 18:34:23] 发送(hex): 20
[2026/09/15 18:34:23] 发送(hex): 20
[2026/09/15 18:34:23] 发送(hex): 20
[2026/09/15 18:34:23] 发送(hex): 20
[2026/09/15 18:34:23] 发送(hex): 20
[2026/09/15 18:34:23] 发送(hex): 20
[2026/09/15 18:34:23] 发送(hex): 20
[2026/09/15 18:34:23] 发送(hex): 20
[2026/09/15 18:34:23] 发送(hex): 20
[2026/09/15 18:34:23] 发送(hex): 20
[2026/09/15 18:34:23] 发送(hex): 20
[2026/09/15 18:34:23] 发送(hex): 20
[2026/09/15 18:34:23] 发送(hex): 20
[2026/09/15 18:34:23] 发送(hex): 20
[2026/09/15 18:34:23] 发送(hex): 20
[2026/09/15 18:34:23] 发送(hex): 20
[2026/09/15 18:34:23] 发送(hex): 20
[2026/09/15 18:34:23] 发送(hex): 20
[2026/09/15 18:34:23] 发送(hex): 20
[2026/09/15 18:34:23] 发送(hex): 20
[2026/09/15 18:34:23] 发送(hex): 20
[2026/09/15 18:34:23] 发送(hex): 20
[2026/09/15 18:34:24] 发送(hex): 20
[2026/09/15 18:34:24] 发送(hex): 20
[2026/09/15 18:34:24] 发送(hex): 20
[2026/09/15 18:34:24] 发送(hex): 20
[2026/09/15 18:34:24] 发送(hex): 20
[2026/09/15 18:34:24] 发送(hex): 20
[2026/09/15 18:34:24] 发送(hex): 20
[2026/09/15 18:34:24] 发送(hex): 20
[2026/09/15 18:34:24] 发送(hex): 20
[2026/09/15 18:34:24] 发送(hex): 20
[2026/09/15 18:34:24] 发送(hex): 20
[2026/09/15 18:34:24] 发送(hex): 20
[2026/09/15 18:34:24] 发送(hex): 20
[2026/09/15 18:34:24] 发送(hex): 20
[2026/09/15 18:34:24] 发送(hex): 20
[2026/09/15 18:34:24] 发送(hex): 20
[2026/09/15 18:34:24] 发送(hex): 20
[2026/09/15 18:34:24] 发送(hex): 20
[2026/09/15 18:34:24] 发送(hex): 20
[2026/09/15 18:34:24] 发送(hex): 20
[2026/09/15 18:34:24] 发送(hex): 20
[2026/09/15 18:34:24] 发送(hex): 20
[2026/09/15 18:34:24] 发送(hex): 20
[2026/09/15 18:34:24] 发送(hex): 20
[2026/09/15 18:34:24] 发送(hex): 20
[2026/09/15 18:34:24] 发送(hex): 20
[2026/09/15 18:34:24] 发送(hex): 20
[2026/09/15 18:34:24] 发送(hex): 20
[2026/09/15 18:34:24] 发送(hex): 20
[2026/09/15 18:34:24] 发送(hex): 20
[2026/09/15 18:34:24] 发送(hex): 20
[2026/09/15 18:34:24] 发送(hex): 20
[2026/09/15 18:34:24] 发送(hex): 20
[2026/09/15 18:34:24] 发送(hex): 20
[2026/09/15 18:34:24] 发送(hex): 20
[2026/09/15 18:34:24] 发送(hex): 20
[2026/09/15 18:34:24] 发送(hex): 20
[2026/09/15 18:34:24] 发送(hex): 20
[2026/09/15 18:34:24] 发送(hex): 20
[2026/09/15 18:34:24] 发送(hex): 20
[2026/09/15 18:34:24] 发送(hex): 20
[2026/09/15 18:34:24] 发送(hex): 20
[2026/09/15 18:34:24] 发送(hex): 20
[2026/09/15 18:34:24] 发送(hex): 20
[2026/09/15 18:34:24] 发送(hex): 20
[2026/09/15 18:34:24] 发送(hex): 20
[2026/09/15 18:34:24] 发送(hex): 20
[2026/09/15 18:34:24] 发送(hex): 20
[2026/09/15 18:34:24] 发送(hex): 20
[2026/09/15 18:34:24] 发送(hex): 20
[2026/09/15 18:34:24] 发送(hex): 20
[2026/09/15 18:34:24] 发送(hex): 20
[2026/09/15 18:34:24] 发送(hex): 20
[2026/09/15 18:34:24] 发送(hex): 20
[2026/09/15 18:34:24] 发送(hex): 20
[2026/09/15 18:34:24] 发送(hex): 20
[2026/09/15 18:34:24] 发送(hex): 20
[2026/09/15 18:34:24] 发送(hex): 20
[2026/09/15 18:34:24] 发送(hex): 20
[2026/09/15 18:34:24] 发送(hex): 20
[2026/09/15 18:34:24] 发送(hex): 20
[2026/09/15 18:34:24] 发送(hex): 20
[2026/09/15 18:34:24] 发送(hex): 20
[2026/09/15 18:34:24] 发送(hex): 20
[2026/09/15 18:34:24] 发送(hex): 20
[2026/09/15 18:34:24] 发送(hex): 20
[2026/09/15 18:34:24] 发送(hex): 20
[2026/09/15 18:34:24] 发送(hex): 20
[2026/09/15 18:34:24] 发送(hex): 20
[2026/09/15 18:34:24] 发送(hex): 20
[2026/09/15 18:34:24] 发送(hex): 20
[2026/09/15 18:34:24] 发送(hex): 20
[2026/09/15 18:34:24] 发送(hex): 20
[2026/09/15 18:34:24] 发送(hex): 20
[2026/09/15 18:34:24] 发送(hex): 20
[2026/09/15 18:34:24] 发送(hex): 20
[2026/09/15 18:34:24] 发送(hex): 20
[2026/09/15 18:34:24] 发送(hex): 20
[2026/09/15 18:34:24] 发送(hex): 20
[2026/09/15 18:34:24] 发送(hex): 20
[2026/09/15 18:34:24] 发送(hex): 20
[2026/09/15 18:34:24] 发送(hex): 20
[2026/09/15 18:34:24] 发送(hex): 20
[2026/09/15 18:34:24] 发送(hex): 20
[2026/09/15 18:34:24] 发送(hex): 20
[2026/09/15 18:34:24] 发送(hex): 20
[2026/09/15 18:34:24] 发送(hex): 20
[2026/09/15 18:34:24] 发送(hex): 20
[2026/09/15 18:34:24] 发送(hex): 20
[2026/09/15 18:34:24] 发送(hex): 20
[2026/09/15 18:34:24] 发送(hex): 20
[2026/09/15 18:34:24] 发送(hex): 20
[2026/09/15 18:34:24] 发送(hex): 20
[2026/09/15 18:34:24] 发送(hex): 20
[2026/09/15 18:34:25] 发送(hex): 20
[2026/09/15 18:34:25] 发送(hex): 20
[2026/09/15 18:34:25] 发送(hex): 20
[2026/09/15 18:34:25] 发送(hex): 20
[2026/09/15 18:34:25] 发送(hex): 20
[2026/09/15 18:34:25] 发送(hex): 20
[2026/09/15 18:34:25] 发送(hex): 20
[2026/09/15 18:34:25] 发送(hex): 20
[2026/09/15 18:34:25] 发送(hex): 20
[2026/09/15 18:34:25] 发送(hex): 20
[2026/09/15 18:34:25] 发送(hex): 20
[2026/09/15 18:34:25] 发送(hex): 20
[2026/09/15 18:34:25] 发送(hex): 20
[2026/09/15 18:34:25] 发送(hex): 20
[2026/09/15 18:34:25] 发送(hex): 20
[2026/09/15 18:34:25] 发送(hex): 20
[2026/09/15 18:34:25] 发送(hex): 20
[2026/09/15 18:34:25] 发送(hex): 20
[2026/09/15 18:34:25] 发送(hex): 20
[2026/09/15 18:34:25] 发送(hex): 20
[2026/09/15 18:34:25] 发送(hex): 20
[2026/09/15 18:34:25] 发送(hex): 20
[2026/09/15 18:34:25] 发送(hex): 20
[2026/09/15 18:34:25] 发送(hex): 20
[2026/09/15 18:34:25] 发送(hex): 20
[2026/09/15 18:34:25] 发送(hex): 20
[2026/09/15 18:34:25] 发送(hex): 20
[2026/09/15 18:34:25] 发送(hex): 20
[2026/09/15 18:34:25] 发送(hex): 20
[2026/09/15 18:34:25] 发送(hex): 20
[2026/09/15 18:34:25] 发送(hex): 20
[2026/09/15 18:34:25] 发送(hex): 20
[2026/09/15 18:34:25] 发送(hex): 20
[2026/09/15 18:34:25] 发送(hex): 20
[2026/09/15 18:34:25] 发送(hex): 20
[2026/09/15 18:34:25] 发送(hex): 20
[2026/09/15 18:34:25] 发送(hex): 20
[2026/09/15 18:34:25] 发送(hex): 20
[2026/09/15 18:34:25] 发送(hex): 20
[2026/09/15 18:34:25] 发送(hex): 20
[2026/09/15 18:34:25] 发送(hex): 20
[2026/09/15 18:34:25] 发送(hex): 20
[2026/09/15 18:34:25] 发送(hex): 20
[2026/09/15 18:34:25] 发送(hex): 20
[2026/09/15 18:34:25] 发送(hex): 20
[2026/09/15 18:34:25] 发送(hex): 20
[2026/09/15 18:34:25] 发送(hex): 20
[2026/09/15 18:34:25] 发送(hex): 20
[2026/09/15 18:34:25] 发送(hex): 20
[2026/09/15 18:34:25] 发送(hex): 20
[2026/09/15 18:34:25] 发送(hex): 20
[2026/09/15 18:34:25] 发送(hex): 20
[2026/09/15 18:34:25] 发送(hex): 20
[2026/09/15 18:34:25] 发送(hex): 20
[2026/09/15 18:34:25] 发送(hex): 20
[2026/09/15 18:34:25] 发送(hex): 20
[2026/09/15 18:34:25] 发送(hex): 20
[2026/09/15 18:34:25] 发送(hex): 20
[2026/09/15 18:34:25] 发送(hex): 20
[2026/09/15 18:34:25] 发送(hex): 20
[2026/09/15 18:34:25] 发送(hex): 20
[2026/09/15 18:34:25] 发送(hex): 20
[2026/09/15 18:34:25] 发送(hex): 20
[2026/09/15 18:34:25] 发送(hex): 20
[2026/09/15 18:34:25] 发送(hex): 20
[2026/09/15 18:34:25] 发送(hex): 20
[2026/09/15 18:34:25] 发送(hex): 20
[2026/09/15 18:34:25] 发送(hex): 20
[2026/09/15 18:34:25] 发送(hex): 20
[2026/09/15 18:34:25] 发送(hex): 20
[2026/09/15 18:34:25] 发送(hex): 20
[2026/09/15 18:34:25] 发送(hex): 20
[2026/09/15 18:34:25] 发送(hex): 20
[2026/09/15 18:34:25] 发送(hex): 20
[2026/09/15 18:34:25] 发送(hex): 20
[2026/09/15 18:34:25] 发送(hex): 20
[2026/09/15 18:34:25] 发送(hex): 20
[2026/09/15 18:34:25] 发送(hex): 20
[2026/09/15 18:34:25] 发送(hex): 20
[2026/09/15 18:34:25] 发送(hex): 20
[2026/09/15 18:34:25] 发送(hex): 20
[2026/09/15 18:34:25] 发送(hex): 20
[2026/09/15 18:34:25] 发送(hex): 20
[2026/09/15 18:34:25] 发送(hex): 20
[2026/09/15 18:34:25] 发送(hex): 20
[2026/09/15 18:34:25] 发送(hex): 20
[2026/09/15 18:34:25] 发送(hex): 20
[2026/09/15 18:34:25] 发送(hex): 20
[2026/09/15 18:34:25] 发送(hex): 20
[2026/09/15 18:34:25] 发送(hex): 20
[2026/09/15 18:34:25] 发送(hex): 20
[2026/09/15 18:34:25] 发送(hex): 20
[2026/09/15 18:34:25] 发送(hex): 20
[2026/09/15 18:34:25] 发送(hex): 20
[2026/09/15 18:34:26] 发送(hex): 20
[2026/09/15 18:34:26] 发送(hex): 20
[2026/09/15 18:34:26] 发送(hex): 20
[2026/09/15 18:34:26] 发送(hex): 20
[2026/09/15 18:34:26] 发送(hex): 20
[2026/09/15 18:34:26] 发送(hex): 20
[2026/09/15 18:34:26] 发送(hex): 20
[2026/09/15 18:34:26] 发送(hex): 20
[2026/09/15 18:34:26] 发送(hex): 20
[2026/09/15 18:34:26] 发送(hex): 20
[2026/09/15 18:34:26] 发送(hex): 20
[2026/09/15 18:34:26] 发送(hex): 20
[2026/09/15 18:34:26] 发送(hex): 20
[2026/09/15 18:34:26] 发送(hex): 20
[2026/09/15 18:34:26] 发送(hex): 20
[2026/09/15 18:34:26] 发送(hex): 20
[2026/09/15 18:34:26] 发送(hex): 20
[2026/09/15 18:34:26] 发送(hex): 20
[2026/09/15 18:34:26] 发送(hex): 20
[2026/09/15 18:34:26] 发送(hex): 20
[2026/09/15 18:34:26] 发送(hex): 20
[2026/09/15 18:34:26] 发送(hex): 20
[2026/09/15 18:34:26] 发送(hex): 20
[2026/09/15 18:34:26] 发送(hex): 20
[2026/09/15 18:34:26] 发送(hex): 20
[2026/09/15 18:34:26] 发送(hex): 20
[2026/09/15 18:34:26] 发送(hex): 20
[2026/09/15 18:34:26] 发送(hex): 20
[2026/09/15 18:34:26] 发送(hex): 20
[2026/09/15 18:34:26] 发送(hex): 20
[2026/09/15 18:34:26] 发送(hex): 20
[2026/09/15 18:34:26] 发送(hex): 20
[2026/09/15 18:34:26] 发送(hex): 20
[2026/09/15 18:34:26] 发送(hex): 20
[2026/09/15 18:34:26] 发送(hex): 20
[2026/09/15 18:34:26] 发送(hex): 20
[2026/09/15 18:34:26] 发送(hex): 20
[2026/09/15 18:34:26] 发送(hex): 20
[2026/09/15 18:34:26] 发送(hex): 20
[2026/09/15 18:34:26] 发送(hex): 20
[2026/09/15 18:34:26] 发送(hex): 20
[2026/09/15 18:34:26] 发送(hex): 20
[2026/09/15 18:34:26] 发送(hex): 20
[2026/09/15 18:34:26] 发送(hex): 20
[2026/09/15 18:34:26] 发送(hex): 20
[2026/09/15 18:34:26] 发送(hex): 20
[2026/09/15 18:34:26] 发送(hex): 20
[2026/09/15 18:34:26] 发送(hex): 20
[2026/09/15 18:34:26] 发送(hex): 20
[2026/09/15 18:34:26] 发送(hex): 20
[2026/09/15 18:34:26] 发送(hex): 20
[2026/09/15 18:34:26] 发送(hex): 20
[2026/09/15 18:34:26] 发送(hex): 20
[2026/09/15 18:34:26] 发送(hex): 20
[2026/09/15 18:34:26] 发送(hex): 20
[2026/09/15 18:34:26] 发送(hex): 20
[2026/09/15 18:34:26] 发送(hex): 20
[2026/09/15 18:34:26] 发送(hex): 20
[2026/09/15 18:34:26] 发送(hex): 20
[2026/09/15 18:34:26] 发送(hex): 20
[2026/09/15 18:34:26] 发送(hex): 20
[2026/09/15 18:34:26] 发送(hex): 20
[2026/09/15 18:34:26] 发送(hex): 20
[2026/09/15 18:34:26] 发送(hex): 20
[2026/09/15 18:34:26] 发送(hex): 20
[2026/09/15 18:34:26] 发送(hex): 20
[2026/09/15 18:34:26] 发送(hex): 20
[2026/09/15 18:34:26] 发送(hex): 20
[2026/09/15 18:34:26] 发送(hex): 20
[2026/09/15 18:34:26] 发送(hex): 20
[2026/09/15 18:34:26] 发送(hex): 20
[2026/09/15 18:34:26] 发送(hex): 20
[2026/09/15 18:34:26] 发送(hex): 20
[2026/09/15 18:34:26] 发送(hex): 20
[2026/09/15 18:34:26] 发送(hex): 20
[2026/09/15 18:34:26] 发送(hex): 20
[2026/09/15 18:34:26] 发送(hex): 20
[2026/09/15 18:34:26] 发送(hex): 20
[2026/09/15 18:34:26] 发送(hex): 20
[2026/09/15 18:34:26] 发送(hex): 20
[2026/09/15 18:34:26] 发送(hex): 20
[2026/09/15 18:34:26] 发送(hex): 20
[2026/09/15 18:34:26] 发送(hex): 20
[2026/09/15 18:34:26] 发送(hex): 20
[2026/09/15 18:34:26] 发送(hex): 20
[2026/09/15 18:34:26] 发送(hex): 20
[2026/09/15 18:34:26] 发送(hex): 20
[2026/09/15 18:34:26] 发送(hex): 20
[2026/09/15 18:34:26] 发送(hex): 20
[2026/09/15 18:34:26] 发送(hex): 20
[2026/09/15 18:34:26] 发送(hex): 20
[2026/09/15 18:34:26] 发送(hex): 20
[2026/09/15 18:34:26] 发送(hex): 20
[2026/09/15 18:34:26] 发送(hex): 20
[2026/09/15 18:34:27] 发送(hex): 20
[2026/09/15 18:34:27] 发送(hex): 20
[2026/09/15 18:34:27] 发送(hex): 20
[2026/09/15 18:34:27] 发送(hex): 20
[2026/09/15 18:34:27] 发送(hex): 20
[2026/09/15 18:34:27] 发送(hex): 20
[2026/09/15 18:34:27] 发送(hex): 20
[2026/09/15 18:34:27] 发送(hex): 20
[2026/09/15 18:34:27] 发送(hex): 20
[2026/09/15 18:34:27] 发送(hex): 20
[2026/09/15 18:34:27] 发送(hex): 20
[2026/09/15 18:34:27] 发送(hex): 20
[2026/09/15 18:34:27] 发送(hex): 20
[2026/09/15 18:34:27] 发送(hex): 20
[2026/09/15 18:34:27] 发送(hex): 20
[2026/09/15 18:34:27] 发送(hex): 20
[2026/09/15 18:34:27] 发送(hex): 20
[2026/09/15 18:34:27] 发送(hex): 20
[2026/09/15 18:34:27] 发送(hex): 20
[2026/09/15 18:34:27] 发送(hex): 20
[2026/09/15 18:34:27] 发送(hex): 20
[2026/09/15 18:34:27] 发送(hex): 20
[2026/09/15 18:34:27] 发送(hex): 20
[2026/09/15 18:34:27] 发送(hex): 20
[2026/09/15 18:34:27] 发送(hex): 20
[2026/09/15 18:34:27] 发送(hex): 20
[2026/09/15 18:34:27] 发送(hex): 20
[2026/09/15 18:34:27] 发送(hex): 20
[2026/09/15 18:34:27] 发送(hex): 20
[2026/09/15 18:34:27] 发送(hex): 20
[2026/09/15 18:34:27] 发送(hex): 20
[2026/09/15 18:34:27] 发送(hex): 20
[2026/09/15 18:34:27] 发送(hex): 20
[2026/09/15 18:34:27] 发送(hex): 20
[2026/09/15 18:34:27] 发送(hex): 20
[2026/09/15 18:34:27] 发送(hex): 20
[2026/09/15 18:34:27] 发送(hex): 20
[2026/09/15 18:34:27] 发送(hex): 20
[2026/09/15 18:34:27] 发送(hex): 20
[2026/09/15 18:34:27] 发送(hex): 20
[2026/09/15 18:34:27] 发送(hex): 20
[2026/09/15 18:34:27] 发送(hex): 20
[2026/09/15 18:34:27] 发送(hex): 20
[2026/09/15 18:34:27] 发送(hex): 20
[2026/09/15 18:34:27] 发送(hex): 20
[2026/09/15 18:34:27] 发送(hex): 20
[2026/09/15 18:34:27] 发送(hex): 20
[2026/09/15 18:34:27] 发送(hex): 20
[2026/09/15 18:34:27] 发送(hex): 20
[2026/09/15 18:34:27] 发送(hex): 20
[2026/09/15 18:34:27] 发送(hex): 20
[2026/09/15 18:34:27] 发送(hex): 20
[2026/09/15 18:34:27] 发送(hex): 20
[2026/09/15 18:34:27] 发送(hex): 20
[2026/09/15 18:34:27] 发送(hex): 20
[2026/09/15 18:34:27] 发送(hex): 20
[2026/09/15 18:34:27] 发送(hex): 20
[2026/09/15 18:34:27] 发送(hex): 20
[2026/09/15 18:34:27] 发送(hex): 20
[2026/09/15 18:34:27] 发送(hex): 20
[2026/09/15 18:34:27] 发送(hex): 20
[2026/09/15 18:34:27] 发送(hex): 20
[2026/09/15 18:34:27] 发送(hex): 20
[2026/09/15 18:34:27] 发送(hex): 20
[2026/09/15 18:34:27] 发送(hex): 20
[2026/09/15 18:34:27] 发送(hex): 20
[2026/09/15 18:34:27] 发送(hex): 20
[2026/09/15 18:34:27] 发送(hex): 20
[2026/09/15 18:34:27] 发送(hex): 20
[2026/09/15 18:34:27] 发送(hex): 20
[2026/09/15 18:34:27] 发送(hex): 20
[2026/09/15 18:34:27] 发送(hex): 20
[2026/09/15 18:34:27] 发送(hex): 20
[2026/09/15 18:34:27] 发送(hex): 20
[2026/09/15 18:34:27] 发送(hex): 20
[2026/09/15 18:34:27] 发送(hex): 20
[2026/09/15 18:34:27] 发送(hex): 20
[2026/09/15 18:34:27] 发送(hex): 20
[2026/09/15 18:34:27] 发送(hex): 20
[2026/09/15 18:34:27] 发送(hex): 20
[2026/09/15 18:34:27] 发送(hex): 20
[2026/09/15 18:34:27] 发送(hex): 20
[2026/09/15 18:34:27] 发送(hex): 20
[2026/09/15 18:34:27] 发送(hex): 20
[2026/09/15 18:34:27] 发送(hex): 20
[2026/09/15 18:34:27] 发送(hex): 20
[2026/09/15 18:34:27] 发送(hex): 20
[2026/09/15 18:34:27] 发送(hex): 20
[2026/09/15 18:34:27] 发送(hex): 20
[2026/09/15 18:34:27] 发送(hex): 20
[2026/09/15 18:34:27] 发送(hex): 20
[2026/09/15 18:34:27] 发送(hex): 20
[2026/09/15 18:34:27] 发送(hex): 20
[2026/09/15 18:34:27] 发送(hex): 20
[2026/09/15 18:34:28] 发送(hex): 20
[2026/09/15 18:34:28] 发送(hex): 20
[2026/09/15 18:34:28] 发送(hex): 20
[2026/09/15 18:34:28] 发送(hex): 20
[2026/09/15 18:34:28] 发送(hex): 20
[2026/09/15 18:34:28] 发送(hex): 20
[2026/09/15 18:34:28] 发送(hex): 20
[2026/09/15 18:34:28] 发送(hex): 20
[2026/09/15 18:34:28] 发送(hex): 20
[2026/09/15 18:34:28] 发送(hex): 20
[2026/09/15 18:34:28] 发送(hex): 20
[2026/09/15 18:34:28] 发送(hex): 20
[2026/09/15 18:34:28] 发送(hex): 20
[2026/09/15 18:34:28] 发送(hex): 20
[2026/09/15 18:34:28] 发送(hex): 20
[2026/09/15 18:34:28] 发送(hex): 20
[2026/09/15 18:34:28] 发送(hex): 20
[2026/09/15 18:34:28] 发送(hex): 20
[2026/09/15 18:34:28] 发送(hex): 20
[2026/09/15 18:34:28] 发送(hex): 20
[2026/09/15 18:34:28] 发送(hex): 20
[2026/09/15 18:34:28] 发送(hex): 20
[2026/09/15 18:34:28] 发送(hex): 20
[2026/09/15 18:34:28] 发送(hex): 20
[2026/09/15 18:34:28] 发送(hex): 20
[2026/09/15 18:34:28] 发送(hex): 20
[2026/09/15 18:34:28] 发送(hex): 20
[2026/09/15 18:34:28] 发送(hex): 20
[2026/09/15 18:34:28] 发送(hex): 20
[2026/09/15 18:34:28] 发送(hex): 20
[2026/09/15 18:34:28] 发送(hex): 20
[2026/09/15 18:34:28] 发送(hex): 20
[2026/09/15 18:34:28] 发送(hex): 20
[2026/09/15 18:34:28] 发送(hex): 20
[2026/09/15 18:34:28] 发送(hex): 20
[2026/09/15 18:34:28] 发送(hex): 20
[2026/09/15 18:34:28] 发送(hex): 20
[2026/09/15 18:34:28] 发送(hex): 20
[2026/09/15 18:34:28] 发送(hex): 20
[2026/09/15 18:34:28] 发送(hex): 20
[2026/09/15 18:34:28] 发送(hex): 20
[2026/09/15 18:34:28] 发送(hex): 20
[2026/09/15 18:34:28] 发送(hex): 20
[2026/09/15 18:34:28] 发送(hex): 20
[2026/09/15 18:34:28] 发送(hex): 20
[2026/09/15 18:34:28] 发送(hex): 20
[2026/09/15 18:34:28] 发送(hex): 20
[2026/09/15 18:34:28] 发送(hex): 20
[2026/09/15 18:34:28] 发送(hex): 20
[2026/09/15 18:34:28] 发送(hex): 20
[2026/09/15 18:34:28] 发送(hex): 20
[2026/09/15 18:34:28] 发送(hex): 20
[2026/09/15 18:34:28] 发送(hex): 20
[2026/09/15 18:34:28] 发送(hex): 20
[2026/09/15 18:34:28] 发送(hex): 20
[2026/09/15 18:34:28] 发送(hex): 20
[2026/09/15 18:34:28] 发送(hex): 20
[2026/09/15 18:34:28] 发送(hex): 20
[2026/09/15 18:34:28] 发送(hex): 20
[2026/09/15 18:34:28] 发送(hex): 20
[2026/09/15 18:34:28] 发送(hex): 20
[2026/09/15 18:34:28] 发送(hex): 20
[2026/09/15 18:34:28] 发送(hex): 20
[2026/09/15 18:34:28] 发送(hex): 20
[2026/09/15 18:34:28] 发送(hex): 20
[2026/09/15 18:34:28] 发送(hex): 20
[2026/09/15 18:34:28] 发送(hex): 20
[2026/09/15 18:34:28] 发送(hex): 20
[2026/09/15 18:34:28] 发送(hex): 20
[2026/09/15 18:34:28] 发送(hex): 20
[2026/09/15 18:34:28] 发送(hex): 20
[2026/09/15 18:34:28] 发送(hex): 20
[2026/09/15 18:34:28] 发送(hex): 20
[2026/09/15 18:34:28] 发送(hex): 20
[2026/09/15 18:34:28] 发送(hex): 20
[2026/09/15 18:34:29] 发送(hex): 0d
[2026/09/15 18:34:29] 发送(hex): 0d
[2026/09/15 18:34:29] Realtek>
[2026/09/15 18:34:29] 发送(hex): 0d
[2026/09/15 18:34:29] 发送(hex): 0d
[2026/09/15 18:34:29] Realtek>
[2026/09/15 18:34:29] Realtek>
[2026/09/15 18:34:29] 发送(hex): 0d
[2026/09/15 18:34:29] Realtek>
[2026/09/15 18:34:29] Realtek>
[2026/09/15 18:34:34] 发送(hex): 706d6f646520656e61626c653b72650d
[2026/09/15 18:34:34] pmode enable;re
[2026/09/15 18:34:34] uboot command f
[2026/09/15 18:34:34] or pmode enable!
[2026/09/15 18:34:34] resetting ...
[2026/09/15 18:34:34] $
[2026/09/15 18:34:34] Post romcode git ver:42df880604ac78a3 (Aug 28 2026 21:41:35)
[2026/09/15 18:34:34] $
[2026/09/15 18:34:34] Hello world, RTD2875P_CN2_TV030!
[2026/09/15 18:34:34] set_wifi_reset
[2026/09/15 18:34:34] Auxcode git ver:3a4deb9ea300359e (Aug 28 2026 21:41:29)
[2026/09/15 18:34:34] flash_type = 2, secure_type = 2
[2026/09/15 18:34:34] b8062204=20000
[2026/09/15 18:34:34] slot info 0 0x0 info 1 0x9021afbe
[2026/09/15 18:34:34] g_gpt_blk_start 0x1  g_offline_gpt 0x0 last_usable_lba 0x1cd2032 num_partition_entries 0x32
[2026/09/15 18:34:34] start 0x2e600000 clt_blk 0x1973004 ctrl size 0x20
[2026/09/15 18:34:34] choose active index 0
[2026/09/15 18:34:34] part name bootloader ative_slot _a real part name bootloader_a
[2026/09/15 18:34:34] part name hwsetting start 0x100000 size 0x33600
[2026/09/15 18:34:34] part name ext_fw start 0x133600 size 0x10400
[2026/09/15 18:34:34] part name kboot start 0x143a00 size 0x16e00
[2026/09/15 18:34:34] part name uboot start 0x15a800 size 0x120400
[2026/09/15 18:34:34] ls4 2 1 = 800040ac 8000207f 80001000
[2026/09/15 18:34:34] fNewHWsettingArch = 2
[2026/09/15 18:34:34] 1.lsadcidx = 2, brand =3, offset = 0
[2026/09/15 18:34:34] 1.lsadcidx = 2, brand =3, offset = 17800
[2026/09/15 18:34:34] hwsetting from mmc
[2026/09/15 18:34:34] AC on HW offset 0x809 start 0x800 reg 0x8090800
[2026/09/15 18:34:34] total = 2f00
[2026/09/15 18:34:34] A
[2026/09/15 18:34:34] A
[2026/09/15 18:34:34] A
[2026/09/15 18:34:34] A
[2026/09/15 18:34:34] A
[2026/09/15 18:34:34] {12 14}
[2026/09/15 18:34:34] ffee
[2026/09/15 18:34:34] ddffeeddddr ver: 62c63180
[2026/09/15 18:34:34] ori DQS0~7 {03 04 1a 1c 00 01 00 00}
[2026/09/15 18:34:34] {01 03 19 1b 00 01 00 00} {09 09 06 09 06 05 00 00}
[2026/09/15 18:34:34] r.y.0
[2026/09/15 18:34:34] r.y.0 SCPU BISR status: Done
[2026/09/15 18:34:34] [go kb]
[2026/09/15 18:34:34] pass bootcod
[2026/09/15 18:34:35] e info to kboot
[2026/09/15 18:34:35] num=1056
[2026/09/15 18:34:35] boot_magic=20230423
[2026/09/15 18:34:35] ---DEBUG kboot 21:41:14 Aug 28 2026 ---
[2026/09/15 18:34:35] [Kboot]eMMC(mid-15) MMC_HS50 (50000000Mhz)[8bit].
[2026/09/15 18:34:35] block info 0x1cd2032 0x3a3e000.
[2026/09/15 18:34:35] [MMC] 32 -----------> 16GB.
[2026/09/15 18:34:35] (2379beef) (0) bufsize=(null)
[2026/09/15 18:34:35] uboot start 0x15a800 size 0x120400
[2026/09/15 18:34:35] board_version: ls1
[2026/09/15 18:34:35] = 0, ver: 0
[2026/09/15 18:34:35] [0;31mapp_main 325 board_version=0[0m
[2026/09/15 18:34:35] get FW_TZFW flash start 0xf100200 ddr buf start 0x
[2026/09/15 18:34:35] 180000 image size 010c2e3 ok!
[2026/09/15 18:34:35] [INFO]RPMB auth key not written !
[2026/09/15 18:34:35] [INFO]RPMB auth key not written !
[2026/09/15 18:34:35] Current board is not frist boot.
[2026/09/15 18:34:35] ALL zero, reserved_3 has removed.
[2026/09/15 18:34:35] Current board remove reserved_3 done.
[2026/09/15 18:34:35] get FW_VKERNEL f
[2026/09/15 18:34:35] lash start 0xc100200 ddr buf start 0x1a900000 image size 05f0300 ok!
[2026/09/15 18:34:35] get FW_VKERNEL2 flash start 0xd900200 ddr buf start 0x1af00000 image size 0f4920 ok!
[2026/09/15 18:34:35] get FW_AKERNEL flash start 0xa900200 ddr buf start 0x1b200000 image size 07fbf7c ok!
[2026/09/15 18:34:35] ATFATFATF:0 1 NOTICE: kill CPU(2)...
[2026/09/15 18:34:35] ATF:0 1 NOTICE: kill (2) : PACTIVE:0
[2026/09/15 18:34:35] ATF:0 1 NOTICE:  CPU(2) kill done, pstate(0x0)
[2026/09/15 18:34:35] U
[2026/09/15 18:34:36] fixup_node_name 555. set /reserved-memory@5 to /reserved-memory
[2026/09/15 18:34:36] fixup_node_name 555. set /rtk_cma@5 to /rtk_cma
[2026/09/15 18:34:36] ### [1;31mERROR[0m ### get_movablecore 613. Can't find dtb node /reserved-memory/cma2_memory/reg
[2026/09/15 18:34:36] reinit_mem_info 1049  ddr_size 80000000
[2026/09/15 18:34:36] booting, boot_led_type: 0x00000000, led on[1]
[2026/09/15 18:34:36] set share register: 0x99100000
[2026/09/15 18:34:36] boot_power_on_mode=1
[2026/09/15 18:34:36] [get_layout:1264]!
[2026/09/15 18:34:36] boot_part value = 0 boot_tag value = 21
[2026/09/15 18:34:36] [get_oemkey] 1397: get oem.key = ATV00107525
[2026/09/15 18:34:36] Factory_RO: [EXT4] factory_ro_buffer:0a800000, factory_ro_buffer size:0x1000000!
[2026/09/15 18:34:36] Partiton factory_ro_a located at 0:6
[2026/09/15 18:34:36] factory_ro_a partition can not find /.000@bk@***!
[2026/09/15 18:34:36] Factory RO no need recovery!
[2026/09/15 18:34:36] Get tvconfigs_a partition block device index fail!
[2026/09/15 18:34:36] read customer.ini file fail!
[2026/09/15 18:34:36] parse SYS_INI path fail
[2026/09/15 18:34:36] Not support board ini mechansim!
[2026/09/15 18:34:36] Get tvconfigs_a partition block device index fail!
[2026/09/15 18:34:36] read customer.ini file fail!
[2026/09/15 18:34:36] parse SYS_INI path fail
[2026/09/15 18:34:36] load model ini file fail
[2026/09/15 18:34:36] cannot find PcbPath from ini file
[2026/09/15 18:34:36] no pcb.config in tvconfigs
[2026/09/15 18:34:36] no mnt/vendor/factorypcb.config
[2026/09/15 18:34:37] delay:342
[2026/09/15 18:34:38] Vwait V1go
[2026/09/15 18:34:38] Vwait V2go
[2026/09/15 18:34:38] DEMOD BISR check Pass and disable demod CLK!!
[2026/09/15 18:34:38] [0;31mboard_version=0 sz=18M[0m
[2026/09/15 18:34:38] ATF:0 1 NOTICE: atf enter time:1182ms, current time:3991ms
[2026/09/15 18:34:38] ATF:0 1 NOTICE: 1st boot elapsed 3997ms
[2026/09/15 18:34:41] console:/ $
[2026/09/15 18:34:50] factory auto test loop start
[2026/09/15 18:34:50]  
[2026/09/15 18:34:59] 发送(hex): aa061001a7ef
[2026/09/15 18:34:59] «
[2026/09/15 18:34:59] 
[2026/09/15 18:34:59] ßN
[2026/09/15 18:35:00] 发送(hex): aa09700000000092eb
[2026/09/15 18:35:01] «
[2026/09/15 18:35:01] ßN
[2026/09/15 18:35:11] 发送(hex): aa06840063e1
[2026/09/15 18:35:11] «
[2026/09/15 18:35:11] ßN« &d
[2026/09/15 18:35:14] $
[2026/09/15 18:35:14] Post romcode git ver:42df880604ac78a3 (Aug 28 2026 21:41:35)
[2026/09/15 18:35:14] $
[2026/09/15 18:35:14] Hello world, RTD2875P_CN2_TV030!
[2026/09/15 18:35:14] set_wifi_reset
[2026/09/15 18:35:14] Auxcode git ver:3a4deb9ea300359e (Aug 28 2026 21:41:29)
[2026/09/15 18:35:14] flash_type = 2, secure_type = 2
[2026/09/15 18:35:14] b8062204=0
[2026/09/15 18:35:14] slot info 0 0x0 info 1 0x0
[2026/09/15 18:35:14] invalid reg slot status 0x
[2026/09/15 18:35:15] 0,get slot info from flash!
[2026/09/15 18:35:15] g_gpt_blk_start 0x1  g_offline_gpt 0x0 last_usable_lba 0x1cd2032 num_partition_entries 0x32
[2026/09/15 18:35:15] start 0x2e600000 clt_blk 0x1973004 ctrl size 0x20
[2026/09/15 18:35:15] choose active index 0
[2026/09/15 18:35:15] part name bootloader ative_slot _a real part name bootloader_a
[2026/09/15 18:35:15] part name hwsetting start 0x100000 size 0x33600
[2026/09/15 18:35:15] part name ext_fw start 0x133600 size 0x10400
[2026/09/15 18:35:15] part name kboot start 0x143a00 size 0x16e00
[2026/09/15 18:35:15] part name uboot start 0x15a800 size 0x120400
[2026/09/15 18:35:15] ls4 2 1 = 800040aa 8000207f 80001000
[2026/09/15 18:35:15] fNewHWsettingArch = 2
[2026/09/15 18:35:15] 1.lsadcidx = 2, brand =3, offset = 0
[2026/09/15 18:35:15] 1.lsadcidx = 2, brand =3, offset = 17800
[2026/09/15 18:35:15] hwsetting from mmc
[2026/09/15 18:35:15] AC on HW offset 0x809 start 0x800 reg 0x8090800
[2026/09/15 18:35:15] total = 2f00
[2026/09/15 18:35:15] A
[2026/09/15 18:35:15] A
[2026/09/15 18:35:15] A
[2026/09/15 18:35:15] A
[2026/09/15 18:35:15] A
[2026/09/15 18:35:15] {12 14}
[2026/09/15 18:35:15] ffeeddffeeddddr ver: 62c63180
[2026/09/15 18:35:15] ori DQS0~7 {03 04 1a 1c 00 01 00 00}
[2026/09/15 18:35:15] {01 03 19 1b 00 01 00 00} {0a 09 07 09 06 05 00 00}
[2026/09/15 18:35:15] r.y.0
[2026/09/15 18:35:15] r.y.0 SCPU BISR status: Done
[2026/09/15 18:35:15] [go kb]
[2026/09/15 18:35:15] pass bootcode info to kboot
[2026/09/15 18:35:15] num=1100
[2026/09/15 18:35:15] boot_magic=0Í
[2026/09/15 18:35:15] ---DEBUG kboot 21:41:14 Aug 28 2026 ---
[2026/09/15 18:35:15] [Kboot]eMMC(mid-15) MMC_HS50 (50000000Mhz)[8bit].
[2026/09/15 18:35:15] block info 0x1cd2032 0x3a3e000.
[2026/09/15 18:35:15] [MMC] 32 -----------> 16GB.
[2026/09/15 18:35:15] (00000000) (0) bufsize=(null)
[2026/09/15 18:35:15] uboot start 0x15a800 size 0x120400
[2026/09/15 18:35:15] board_version:
[2026/09/15 18:35:15] ls1 = 0, ver: 0
[2026/09/15 18:35:15] [0;31mapp_main 325 board_version=0[0m
[2026/09/15 18:35:15] get FW_TZFW flash start 0xf100200 ddr buf star
[2026/09/15 18:35:15] t 0x180000 image size 010c2e3 ok!
[2026/09/15 18:35:15] [INFO]RPMB auth key not written !
[2026/09/15 18:35:15] [INFO]RPMB auth key not written !
[2026/09/15 18:35:15] Current board is not frist boot.
[2026/09/15 18:35:15] ALL zero, reserved_3 has removed.
[2026/09/15 18:35:15] Current board remove reserved_3 done.
[2026/09/15 18:35:15] get FW_V
[2026/09/15 18:35:15] KERNEL flash start 0xc100200 ddr buf start 0x1a900000 image size 05f0300 ok!
[2026/09/15 18:35:15] get FW_VKERNEL2 flash start 0xd900200 ddr buf start 0x1af00000 image size 0f4920 ok!
[2026/09/15 18:35:15] get FW_AKERNEL flash start 0xa900200 ddr buf start 0x1b200000 image size 07fbf7c ok!
[2026/09/15 18:35:16] ATFATFATF:0 1 NOTICE: kill CPU(2)...
[2026/09/15 18:35:16] ATF:0 1 NOTICE: kill (2) : PACTIVE:0
[2026/09/15 18:35:16] ATF:0 1 NOTICE:  CPU(2) kill done, pstate(0x0)
[2026/09/15 18:35:16] U
[2026/09/15 18:35:16] fixup_node_name 555. set /reserved-memory@5 to /reserved-memory
[2026/09/15 18:35:16] fixup_node_name 555. set /rtk_cma@5 to /rtk_cma
[2026/09/15 18:35:16] ### [1;31mERROR[0m ### get_movablecore 613. Can't find dtb node /reserved-memory/cma2_memory/reg
[2026/09/15 18:35:16] reinit_mem_info 1049  ddr_size 80000000
[2026/09/15 18:35:16] booting, boot_led_type: 0x00000000, led on[1]
[2026/09/15 18:35:16] set share register: 0x99100000
[2026/09/15 18:35:16] boot_power_on_mode=1
[2026/09/15 18:35:16] [get_layout:1264]!
[2026/09/15 18:35:16] boot_part value = 0 boot_tag value = 21
[2026/09/15 18:35:16] [get_oemkey] 1397: get oem.key = ATV00107525
[2026/09/15 18:35:16] Factory_RO: [EXT4] factory_ro_buffer:0a800000, factory_ro_buffer size:0x1000000!
[2026/09/15 18:35:16] Partiton factory_ro_a located at 0:6
[2026/09/15 18:35:16] factory_ro_a partition can not find /.000@bk@***!
[2026/09/15 18:35:16] Factory RO no need recovery!
[2026/09/15 18:35:16] Get tvconfigs_a partition block device index fail!
[2026/09/15 18:35:16] read customer.ini file fail!
[2026/09/15 18:35:16] parse SYS_INI path fail
[2026/09/15 18:35:16] Not support board ini mechansim!
[2026/09/15 18:35:16] Get tvconfigs_a partition block device index fail!
[2026/09/15 18:35:16] read customer.ini file fail!
[2026/09/15 18:35:16] parse SYS_INI path fail
[2026/09/15 18:35:16] load model ini file fail
[2026/09/15 18:35:16] cannot find PcbPath from ini file
[2026/09/15 18:35:16] no pcb.config in tvconfigs
[2026/09/15 18:35:16] no mnt/vendor/factorypcb.config
[2026/09/15 18:35:18] delay:342
[2026/09/15 18:35:18] Vwait V1go
[2026/09/15 18:35:18] Vwait V2go
[2026/09/15 18:35:18] DEMOD BISR check Pass and disable demod CLK!!
[2026/09/15 18:35:18] [0;31mboard_version=0 sz=18M[0m
[2026/09/15 18:35:18] ATF:0 1 NOTICE: atf enter time:1185ms, current time:4014ms
[2026/09/15 18:35:18] ATF:0 1 NOTICE: 1st boot elapsed 4020ms
[2026/09/15 18:35:21] consol
[2026/09/15 18:35:21] e:/ $
[2026/09/15 18:35:29] factory auto test loop start
[2026/09/15 18:35:29]  
[2026/09/15 18:35:39] 发送(hex): aa061001a7ef
[2026/09/15 18:35:39] «
[2026/09/15 18:35:39] ßN
[2026/09/15 18:35:40] 发送(hex): aa06110194de
[2026/09/15 18:35:40] «
[2026/09/15 18:35:40] ßN
[2026/09/15 18:36:00] 发送(hex): aa06840063e1
[2026/09/15 18:36:01] «
[2026/09/15 18:36:01] ßN« &d
[2026/09/15 18:36:01] 发送(hex): aa061001a7ef
[2026/09/15 18:36:01] «
[2026/09/15 18:36:01] ßN
[2026/09/15 18:36:02] 发送(hex): aa06110194de
[2026/09/15 18:36:02] «
[2026/09/15 18:36:02] ßN
[2026/09/15 18:36:22] 发送(hex): aa06840063e1
[2026/09/15 18:36:23] «
[2026/09/15 18:36:23] ßN«  Pö
[2026/09/15 18:36:26] $
[2026/09/15 18:36:26] Post romcode git v
[2026/09/15 18:36:26] er:42df880604ac78a3 (Aug 28 2026 21:41:35)
[2026/09/15 18:36:26] $
[2026/09/15 18:36:26] Hello world, RTD2875P_CN2_TV030!
[2026/09/15 18:36:26] set_wifi_reset
[2026/09/15 18:36:26] Auxcode git ver:3a4deb9ea300359e (Aug 28 2026 21:41:29)
[2026/09/15 18:36:26] flash_type = 2, secure_type = 2
[2026/09/15 18:36:26] b8062204=0
[2026/09/15 18:36:26] slot info 0 0x0 info 1 0x0
[2026/09/15 18:36:26] invalid reg slot status 0x0,get slot info from flash!
[2026/09/15 18:36:26] g_gpt_blk_start 0x1  g_offline_gpt 0x0 last_usable_lba 0x1cd2032 num_partition_entries 0x32
[2026/09/15 18:36:26] start 0x2e600000 clt_blk 0x1973004 ctrl size 0x20
[2026/09/15 18:36:26] choose active index 0
[2026/09/15 18:36:26] part name bootloader ative_slot _a real part name bootloader_a
[2026/09/15 18:36:26] part name hwsetting start 0x100000 size 0x33600
[2026/09/15 18:36:26] part name ext_fw start 0x133600 size 0x10400
[2026/09/15 18:36:26] part name kboot start 0x143a00 size 0x16e00
[2026/09/15 18:36:26] part name uboot start 0x15a800 size 0x120400
[2026/09/15 18:36:26] ls4 2 1 = 800040ab 8000207f 80001000
[2026/09/15 18:36:26] fNewHWsettingArch = 2
[2026/09/15 18:36:26] 1.lsadcidx = 2, brand =3, offset = 0
[2026/09/15 18:36:26] 1.lsadcidx = 2, brand =3, offset = 17800
[2026/09/15 18:36:26] hwsetting from mmc
[2026/09/15 18:36:26] AC on HW offset 0x809 start 0x800 reg 0x8090800
[2026/09/15 18:36:26] total = 2f00
[2026/09/15 18:36:26] A
[2026/09/15 18:36:26] A
[2026/09/15 18:36:26] A
[2026/09/15 18:36:26] A
[2026/09/15 18:36:26] A
[2026/09/15 18:36:26] {12 14}
[2026/09/15 18:36:26] ffeeddffeeddddr ver: 62c63180
[2026/09/15 18:36:26] ori DQS0~7 {03 04 1a 1c 00 01 00 00}
[2026/09/15 18:36:27] {01 03 19 1b 00 01 00 00} {08 09 06 09 06 06 00 00}
[2026/09/15 18:36:27] r.y.0
[2026/09/15 18:36:27] r.y.0 SCPU BISR status: Done
[2026/09/15 18:36:27] [go kb]
[2026/09/15 18:36:27] pass bootcode info to kboot
[2026/09/15 18:36:27] num=1100
[2026/09/15 18:36:27] boot_magic=0Í
[2026/09/15 18:36:27] ---DEBUG kboot 21:41:14 Aug 28 2026 ---
[2026/09/15 18:36:27] [Kboot]eMMC(mid-15) MMC_HS50 (50000000Mhz)[8bit].
[2026/09/15 18:36:27] block info 0x1cd2032 0x3a3e000.
[2026/09/15 18:36:27] [MMC] 32 -----------> 16GB.
[2026/09/15 18:36:27] (00000000) (0) bufsize=(null)
[2026/09/15 18:36:27] uboot start 0x15a800 size 0x120400
[2026/09/15 18:36:27] board_version: ls
[2026/09/15 18:36:27] 1 = 0, ver: 0
[2026/09/15 18:36:27] [0;31mapp_main 325 board_version=0[0m
[2026/09/15 18:36:27] get FW_TZFW flash start 0xf100200 ddr buf start 0x18
[2026/09/15 18:36:27] 0000 image size 010c2e3 ok!
[2026/09/15 18:36:27] [INFO]RPMB auth key not written !
[2026/09/15 18:36:27] [INFO]RPMB auth key not written !
[2026/09/15 18:36:27] Current board is not frist boot.
[2026/09/15 18:36:27] ALL zero, reserved_3 has removed.
[2026/09/15 18:36:27] Current board remove reserved_3 done.
[2026/09/15 18:36:27] get FW_VKERNEL
[2026/09/15 18:36:27] flash start 0xc100200 ddr buf start 0x1a900000 image size 05f0300 ok!
[2026/09/15 18:36:27] get FW_VKERNEL2 flash start 0xd900200 ddr buf start 0x1af00000 image size 0f4920 ok!
[2026/09/15 18:36:27] get FW_AKERNEL flash start 0xa900200 ddr buf start 0x1b200000 image size 07fbf7c ok!
[2026/09/15 18:36:27] ATFATFATF:0 1 NOTICE: kill CPU(2)...
[2026/09/15 18:36:27] ATF:0 1 NOTICE: kill (2) : PACTIVE:0
[2026/09/15 18:36:27] ATF:0 1 NOTICE:  CPU(2) kill done, pstate(0x0)
[2026/09/15 18:36:27] U
[2026/09/15 18:36:28] fixup_node_name 555. set /reserved-memory@5 to /reserved-memory
[2026/09/15 18:36:28] fixup_node_name 555. set /rtk_cma@5 to /rtk_cma
[2026/09/15 18:36:28] ### [1;31mERROR[0m ### get_movablecore 613. Can't find dtb node /reserved-memory/cma2_memory/reg
[2026/09/15 18:36:28] reinit_mem_info 1049  ddr_size 80000000
[2026/09/15 18:36:28] booting, boot_led_type: 0x00000000, led on[1]
[2026/09/15 18:36:28] set share register: 0x99100000
[2026/09/15 18:36:28] boot_power_on_mode=1
[2026/09/15 18:36:28] [get_layout:1264]!
[2026/09/15 18:36:28] boot_part value = 0 boot_tag value = 21
[2026/09/15 18:36:28] [get_oemkey] 1397: get oem.key = ATV00107525
[2026/09/15 18:36:28] Factory_RO: [EXT4] factory_ro_buffer:0a800000, factory_ro_buffer size:0x1000000!
[2026/09/15 18:36:28] Partiton factory_ro_a located at 0:6
[2026/09/15 18:36:28] factory_ro_a partition can not find /.000@bk@***!
[2026/09/15 18:36:28] Factory RO no need recovery!
[2026/09/15 18:36:28] Get tvconfigs_a partition block device index fail!
[2026/09/15 18:36:28] read customer.ini file fail!
[2026/09/15 18:36:28] parse SYS_INI path fail
[2026/09/15 18:36:28] Not support board ini mechansim!
[2026/09/15 18:36:28] Get tvconfigs_a partition block device index fail!
[2026/09/15 18:36:28] read customer.ini file fail!
[2026/09/15 18:36:28] parse SYS_INI path fail
[2026/09/15 18:36:28] load model ini file fail
[2026/09/15 18:36:28] cannot find PcbPath from ini file
[2026/09/15 18:36:28] no pcb.config in tvconfigs
[2026/09/15 18:36:28] no mnt/vendor/factorypcb.config
[2026/09/15 18:36:30] delay:342
[2026/09/15 18:36:30] Vwait V1go
[2026/09/15 18:36:30] Vwait V2go
[2026/09/15 18:36:30] DEMOD BISR check Pass and disable demod CLK!!
[2026/09/15 18:36:30] [0;31mboard_version=0 sz=18M[0m
[2026/09/15 18:36:30] ATF:0 1 NOTICE: atf enter time:1185ms, current time:4014ms
[2026/09/15 18:36:30] ATF:0 1 NOTICE: 1st boot elapsed 4020ms
[2026/09/15 18:36:33] console:/ $
[2026/09/15 18:36:41] factory auto test loop start
[2026/09/15 18:36:41]  
[2026/09/15 18:36:58] 发送(hex): 20
[2026/09/15 18:36:58] 发送(hex): 20
[2026/09/15 18:36:58] 发送(hex): 20
[2026/09/15 18:36:58] 发送(hex): 20
[2026/09/15 18:36:58] 发送(hex): 20
[2026/09/15 18:36:58] 发送(hex): 20
[2026/09/15 18:36:58] 发送(hex): 20
[2026/09/15 18:36:58] 发送(hex): 20
[2026/09/15 18:36:58] 发送(hex): 20
[2026/09/15 18:36:58] 发送(hex): 20
[2026/09/15 18:36:58] 发送(hex): 20
[2026/09/15 18:36:58] 发送(hex): 20
[2026/09/15 18:36:58] 发送(hex): 20
[2026/09/15 18:36:58] 发送(hex): 20
[2026/09/15 18:36:58] 发送(hex): 20
[2026/09/15 18:36:58] 发送(hex): 20
[2026/09/15 18:36:58] 发送(hex): 20
[2026/09/15 18:36:58] 发送(hex): 20
[2026/09/15 18:36:58] 发送(hex): 20
[2026/09/15 18:36:58] 发送(hex): 20
[2026/09/15 18:36:58] 发送(hex): 20
[2026/09/15 18:36:58] 发送(hex): 20
[2026/09/15 18:36:58] 发送(hex): 20
[2026/09/15 18:36:58] 发送(hex): 20
[2026/09/15 18:36:58] 发送(hex): 20
[2026/09/15 18:36:58] 发送(hex): 20
[2026/09/15 18:36:58] 发送(hex): 20
[2026/09/15 18:36:58] 发送(hex): 20
[2026/09/15 18:36:58] 发送(hex): 20
[2026/09/15 18:36:58] 发送(hex): 20
[2026/09/15 18:36:58] 发送(hex): 20
[2026/09/15 18:36:58] 发送(hex): 20
[2026/09/15 18:36:58] 发送(hex): 20
[2026/09/15 18:36:58] 发送(hex): 20
[2026/09/15 18:36:58] 发送(hex): 20
[2026/09/15 18:36:58] 发送(hex): 20
[2026/09/15 18:36:58] 发送(hex): 20
[2026/09/15 18:36:58] $
[2026/09/15 18:36:58] Post romcode git ver:42df880604ac78a3 (Aug 28 2026 21:41:35)
[2026/09/15 18:36:58] $
[2026/09/15 18:36:58] Hello world, RTD2875P_CN2_TV030!
[2026/09/15 18:36:58] set_wifi_reset
[2026/09/15 18:36:58] Auxcode git ver:3a4deb9ea300359e (Aug 28 2026 21:41:29)
[2026/09/15 18:36:58] flash_type = 2, secure_type = 2
[2026/09/15 18:36:58] b8062204=0
[2026/09/15 18:36:58] 发送(hex): 20
[2026/09/15 18:36:58] slot info 0 0x0 info 1 0x0
[2026/09/15 18:36:58] invalid reg slot status 0x0,get
[2026/09/15 18:36:58] 发送(hex): 20
[2026/09/15 18:36:58] 发送(hex): 20
[2026/09/15 18:36:58] 发送(hex): 20
[2026/09/15 18:36:58] 发送(hex): 20
[2026/09/15 18:36:58] 发送(hex): 20
[2026/09/15 18:36:58] 发送(hex): 20
[2026/09/15 18:36:58] 发送(hex): 20
[2026/09/15 18:36:58] 发送(hex): 20
[2026/09/15 18:36:58] slot info from flash!
[2026/09/15 18:36:58] g_gpt_blk_start 0x1  g_offline_gpt 0x0 last_usable_lba 0x1cd2032 num_partition_entries 0x32
[2026/09/15 18:36:58] start 0x2e600000 clt_blk 0x1973004 ctrl size 0x20
[2026/09/15 18:36:58] choose active index 0
[2026/09/15 18:36:58] part name bootloader ative_slot _a real part name bootloader_a
[2026/09/15 18:36:58] part name hwsetting start 0x100000 size 0x33600
[2026/09/15 18:36:58] part name ext_fw start 0x133600 size 0x10400
[2026/09/15 18:36:58] part name kboot start 0x143a00 size 0x16e00
[2026/09/15 18:36:58] part name uboot start 0x15a800 size 0x120400
[2026/09/15 18:36:58] ls4 2 1 = 800040ab 80002080 80001000
[2026/09/15 18:36:58] fNewHWsettingArch = 2
[2026/09/15 18:36:58] 1.lsadcidx = 2, brand =3, offset = 0
[2026/09/15 18:36:58] 1.lsadcidx = 2, brand =3, offset = 17800
[2026/09/15 18:36:58] hwsetting from mmc
[2026/09/15 18:36:58] AC on HW offset 0x809 start 0x800 reg 0x8090800
[2026/09/15 18:36:58] total = 2f00
[2026/09/15 18:36:58] 发送(hex): 20
[2026/09/15 18:36:58] 发送(hex): 20
[2026/09/15 18:36:58] 发送(hex): 20
[2026/09/15 18:36:58] 发送(hex): 20
[2026/09/15 18:36:58] A
[2026/09/15 18:36:58] 发送(hex): 20
[2026/09/15 18:36:58] 发送(hex): 20
[2026/09/15 18:36:58] A
[2026/09/15 18:36:58] 发送(hex): 20
[2026/09/15 18:36:58] A
[2026/09/15 18:36:58] A
[2026/09/15 18:36:58] 发送(hex): 20
[2026/09/15 18:36:58] 发送(hex): 20
[2026/09/15 18:36:58] A
[2026/09/15 18:36:58] 发送(hex): 20
[2026/09/15 18:36:58] 发送(hex): 20
[2026/09/15 18:36:58] {12 14}
[2026/09/15 18:36:58] ffeeddffeeddddr ver: 62c63180
[2026/09/15 18:36:58] ori DQS0~7 {03 04 1a 1c 00 01 00 00}
[2026/09/15 18:36:58] 发送(hex): 20
[2026/09/15 18:36:58] 发送(hex): 20
[2026/09/15 18:36:58] 发送(hex): 20
[2026/09/15 18:36:58] 发送(hex): 20
[2026/09/15 18:36:58] 发送(hex): 20
[2026/09/15 18:36:58] 发送(hex): 20
[2026/09/15 18:36:58] 发送(hex): 20
[2026/09/15 18:36:58] {01 03 19 1b 00 01 00 00} {08 09 06 09 06 05 00 00}
[2026/09/15 18:36:58] r.y.0
[2026/09/15 18:36:58] 发送(hex): 20
[2026/09/15 18:36:58] 发送(hex): 20
[2026/09/15 18:36:58] r.y.0 SCPU BISR status: Done
[2026/09/15 18:36:58] 发送(hex): 20
[2026/09/15 18:36:58] [go kb]
[2026/09/15 18:36:58] pa
[2026/09/15 18:36:58] 发送(hex): 20
[2026/09/15 18:36:58] 发送(hex): 20
[2026/09/15 18:36:58] 发送(hex): 20
[2026/09/15 18:36:58] 发送(hex): 20
[2026/09/15 18:36:58] ss bootcode info to kboot
[2026/09/15 18:36:58] num=1100
[2026/09/15 18:36:58] boot_magic=0Í
[2026/09/15 18:36:58] ---DEBUG kboot 21:41:14 Aug 28 2026 ---
[2026/09/15 18:36:58] [Kboot]eMMC(mid-15) MMC_HS50 (50000000Mhz)[8bit].
[2026/09/15 18:36:58] block info 0x1cd2032 0x3a3e000.
[2026/09/15 18:36:58] [MMC] 32 -----------> 16GB.
[2026/09/15 18:36:59] 发送(hex): 20
[2026/09/15 18:36:59] (00000000) (0) bufsize=(null)
[2026/09/15 18:36:59] 发送(hex): 20
[2026/09/15 18:36:59] 发送(hex): 20
[2026/09/15 18:36:59] 发送(hex): 20
[2026/09/15 18:36:59] uboot start 0x15a800 size 0x120400
[2026/09/15 18:36:59] 发送(hex): 20
[2026/09/15 18:36:59] 发送(hex): 20
[2026/09/15 18:36:59] board_version: l
[2026/09/15 18:36:59] 发送(hex): 20
[2026/09/15 18:36:59] s1 = 0, ver: 0
[2026/09/15 18:36:59] [0;31mapp_main 325 board_version=0[0m
[2026/09/15 18:36:59] 发送(hex): 20
[2026/09/15 18:36:59] 发送(hex): 20
[2026/09/15 18:36:59] 发送(hex): 20
[2026/09/15 18:36:59] get FW_TZFW flash start 0xf100200 ddr buf start 0x
[2026/09/15 18:36:59] 发送(hex): 20
[2026/09/15 18:36:59] 发送(hex): 20
[2026/09/15 18:36:59] 发送(hex): 20
[2026/09/15 18:36:59] 180000 image size 010c2e3 ok!
[2026/09/15 18:36:59] [INFO]RPMB auth key not written !
[2026/09/15 18:36:59] [INFO]RPMB auth key not written !
[2026/09/15 18:36:59] Current board is not frist boot.
[2026/09/15 18:36:59] ALL zero, reserved_3 has removed.
[2026/09/15 18:36:59] Current board remove reserved_3 done.
[2026/09/15 18:36:59] 发送(hex): 20
[2026/09/15 18:36:59] 发送(hex): 20
[2026/09/15 18:36:59] 发送(hex): 20
[2026/09/15 18:36:59] 发送(hex): 20
[2026/09/15 18:36:59] 发送(hex): 20
[2026/09/15 18:36:59] 发送(hex): 20
[2026/09/15 18:36:59] 发送(hex): 20
[2026/09/15 18:36:59] 发送(hex): 20
[2026/09/15 18:36:59] 发送(hex): 20
[2026/09/15 18:36:59] 发送(hex): 20
[2026/09/15 18:36:59] 发送(hex): 20
[2026/09/15 18:36:59] 发送(hex): 20
[2026/09/15 18:36:59] 发送(hex): 20
[2026/09/15 18:36:59] 发送(hex): 20
[2026/09/15 18:36:59] 发送(hex): 20
[2026/09/15 18:36:59] 发送(hex): 20
[2026/09/15 18:36:59] 发送(hex): 20
[2026/09/15 18:36:59] get FW_VKERNEL
[2026/09/15 18:36:59] 发送(hex): 20
[2026/09/15 18:36:59] 发送(hex): 20
[2026/09/15 18:36:59] flash start 0xc100200 ddr buf start 0x1a900000 image size 05f0300 ok!
[2026/09/15 18:36:59] 发送(hex): 20
[2026/09/15 18:36:59] 发送(hex): 20
[2026/09/15 18:36:59] 发送(hex): 20
[2026/09/15 18:36:59] 发送(hex): 20
[2026/09/15 18:36:59] get FW_VKERNEL2 flash start 0xd900200 ddr buf start 0x1af00000 image size 0f4920 ok!
[2026/09/15 18:36:59] 发送(hex): 20
[2026/09/15 18:36:59] 发送(hex): 20
[2026/09/15 18:36:59] 发送(hex): 20
[2026/09/15 18:36:59] 发送(hex): 20
[2026/09/15 18:36:59] 发送(hex): 20
[2026/09/15 18:36:59] 发送(hex): 20
[2026/09/15 18:36:59] 发送(hex): 20
[2026/09/15 18:36:59] 发送(hex): 20
[2026/09/15 18:36:59] 发送(hex): 20
[2026/09/15 18:36:59] 发送(hex): 20
[2026/09/15 18:36:59] 发送(hex): 20
[2026/09/15 18:36:59] 发送(hex): 20
[2026/09/15 18:36:59] 发送(hex): 20
[2026/09/15 18:36:59] 发送(hex): 20
[2026/09/15 18:36:59] 发送(hex): 20
[2026/09/15 18:36:59] 发送(hex): 20
[2026/09/15 18:36:59] 发送(hex): 20
[2026/09/15 18:36:59] 发送(hex): 20
[2026/09/15 18:36:59] 发送(hex): 20
[2026/09/15 18:36:59] 发送(hex): 20
[2026/09/15 18:36:59] 发送(hex): 20
[2026/09/15 18:36:59] 发送(hex): 20
[2026/09/15 18:36:59] 发送(hex): 20
[2026/09/15 18:36:59] 发送(hex): 20
[2026/09/15 18:36:59] 发送(hex): 20
[2026/09/15 18:36:59] get FW_AKERNEL flash start 0xa900200 ddr buf start 0x1b200000 image size 07fbf7c ok!
[2026/09/15 18:36:59] 发送(hex): 20
[2026/09/15 18:36:59] 发送(hex): 20
[2026/09/15 18:36:59] 发送(hex): 20
[2026/09/15 18:36:59] 发送(hex): 20
[2026/09/15 18:36:59] 发送(hex): 20
[2026/09/15 18:36:59] 发送(hex): 20
[2026/09/15 18:36:59] 发送(hex): 20
[2026/09/15 18:36:59] 发送(hex): 20
[2026/09/15 18:36:59] 发送(hex): 20
[2026/09/15 18:36:59] 发送(hex): 20
[2026/09/15 18:36:59] ATFATFATF:0 1 NOTICE: kill CPU(2)...
[2026/09/15 18:36:59] ATF:0 1 NOTICE: kill (2) : PACTIVE:0
[2026/09/15 18:36:59] ATF:0 1 NOTICE:  CPU(2) kill done, pstate(0x0)
[2026/09/15 18:36:59] 发送(hex): 20
[2026/09/15 18:36:59] 发送(hex): 20
[2026/09/15 18:36:59] U
[2026/09/15 18:36:59] 发送(hex): 20
[2026/09/15 18:36:59] 发送(hex): 20
[2026/09/15 18:36:59] 发送(hex): 20
[2026/09/15 18:36:59] 发送(hex): 20
[2026/09/15 18:36:59] 发送(hex): 20
[2026/09/15 18:36:59] 发送(hex): 20
[2026/09/15 18:36:59] 发送(hex): 20
[2026/09/15 18:36:59] 发送(hex): 20
[2026/09/15 18:36:59] 发送(hex): 20
[2026/09/15 18:36:59] 发送(hex): 20
[2026/09/15 18:36:59] 发送(hex): 20
[2026/09/15 18:36:59] 发送(hex): 20
[2026/09/15 18:36:59] 发送(hex): 20
[2026/09/15 18:36:59] 发送(hex): 20
[2026/09/15 18:36:59] 发送(hex): 20
[2026/09/15 18:36:59] 发送(hex): 20
[2026/09/15 18:36:59] fixup_node_name 555. set /reserved-memory@5 to /reserved-memory
[2026/09/15 18:36:59] fixup_node_name 555. set /rtk_cma@5 to /rtk_cma
[2026/09/15 18:36:59] ### [1;31mERROR[0m ### get_movablecore 613. Can't find dtb node /reserved-memory/cma2_memory/reg
[2026/09/15 18:36:59] reinit_mem_info 1049  ddr_size 80000000
[2026/09/15 18:36:59] 发送(hex): 20
[2026/09/15 18:37:00] 发送(hex): 20
[2026/09/15 18:37:00] booting, boot_led_type: 0x00000000, led on[1]
[2026/09/15 18:37:00] set share register: 0x99100000
[2026/09/15 18:37:00] boot_power_on_mode=1
[2026/09/15 18:37:00] [get_layout:1264]!
[2026/09/15 18:37:00] 发送(hex): 20
[2026/09/15 18:37:00] 发送(hex): 20
[2026/09/15 18:37:00] 发送(hex): 20
[2026/09/15 18:37:00] 发送(hex): 20
[2026/09/15 18:37:00] 发送(hex): 20
[2026/09/15 18:37:00] 发送(hex): 20
[2026/09/15 18:37:00] 发送(hex): 20
[2026/09/15 18:37:00] boot_part value = 0 boot_tag value = 21
[2026/09/15 18:37:00] [get_oemkey] 1397: get oem.key = ATV00107525
[2026/09/15 18:37:00] Factory_RO: [EXT4] factory_ro_buffer:0a800000, factory_ro_buffer size:0x1000000!
[2026/09/15 18:37:00] Partiton factory_ro_a located at 0:6
[2026/09/15 18:37:00] factory_ro_a partition can not find /.000@bk@***!
[2026/09/15 18:37:00] Factory RO no need recovery!
[2026/09/15 18:37:00] Get tvconfigs_a partition block device index fail!
[2026/09/15 18:37:00] read customer.ini file fail!
[2026/09/15 18:37:00] parse SYS_INI path fail
[2026/09/15 18:37:00] Not support board ini mechansim!
[2026/09/15 18:37:00] Get tvconfigs_a partition block device index fail!
[2026/09/15 18:37:00] read customer.ini file fail!
[2026/09/15 18:37:00] parse SYS_INI path fail
[2026/09/15 18:37:00] load model ini file fail
[2026/09/15 18:37:00] cannot find PcbPath from ini file
[2026/09/15 18:37:00] no pcb.config in tvconfigs
[2026/09/15 18:37:00] no mnt/vendor/factorypcb.config
[2026/09/15 18:37:00] 发送(hex): 20
[2026/09/15 18:37:00] 发送(hex): 20
[2026/09/15 18:37:00] 发送(hex): 20
[2026/09/15 18:37:00] 发送(hex): 20
[2026/09/15 18:37:00] 发送(hex): 20
[2026/09/15 18:37:00] 发送(hex): 20
[2026/09/15 18:37:00] 发送(hex): 20
[2026/09/15 18:37:00] 发送(hex): 20
[2026/09/15 18:37:00] 发送(hex): 20
[2026/09/15 18:37:00] 发送(hex): 20
[2026/09/15 18:37:00] 发送(hex): 20
[2026/09/15 18:37:00] 发送(hex): 20
[2026/09/15 18:37:00] 发送(hex): 20
[2026/09/15 18:37:00] 发送(hex): 20
[2026/09/15 18:37:00] 发送(hex): 20
[2026/09/15 18:37:00] 发送(hex): 20
[2026/09/15 18:37:00] 发送(hex): 20
[2026/09/15 18:37:00] 发送(hex): 20
[2026/09/15 18:37:00] 发送(hex): 20
[2026/09/15 18:37:00] 发送(hex): 20
[2026/09/15 18:37:00] 发送(hex): 20
[2026/09/15 18:37:00] 发送(hex): 20
[2026/09/15 18:37:00] 发送(hex): 20
[2026/09/15 18:37:00] 发送(hex): 20
[2026/09/15 18:37:00] 发送(hex): 20
[2026/09/15 18:37:00] 发送(hex): 20
[2026/09/15 18:37:00] 发送(hex): 20
[2026/09/15 18:37:00] 发送(hex): 20
[2026/09/15 18:37:00] 发送(hex): 20
[2026/09/15 18:37:00] 发送(hex): 20
[2026/09/15 18:37:00] 发送(hex): 20
[2026/09/15 18:37:00] 发送(hex): 20
[2026/09/15 18:37:00] 发送(hex): 20
[2026/09/15 18:37:00] 发送(hex): 20
[2026/09/15 18:37:00] 发送(hex): 20
[2026/09/15 18:37:00] 发送(hex): 20
[2026/09/15 18:37:00] 发送(hex): 20
[2026/09/15 18:37:00] 发送(hex): 20
[2026/09/15 18:37:00] 发送(hex): 20
[2026/09/15 18:37:00] 发送(hex): 20
[2026/09/15 18:37:00] 发送(hex): 20
[2026/09/15 18:37:00] 发送(hex): 20
[2026/09/15 18:37:00] 发送(hex): 20
[2026/09/15 18:37:00] 发送(hex): 20
[2026/09/15 18:37:00] 发送(hex): 20
[2026/09/15 18:37:00] 发送(hex): 20
[2026/09/15 18:37:00] 发送(hex): 20
[2026/09/15 18:37:00] 发送(hex): 20
[2026/09/15 18:37:00] 发送(hex): 20
[2026/09/15 18:37:00] 发送(hex): 20
[2026/09/15 18:37:00] 发送(hex): 20
[2026/09/15 18:37:00] 发送(hex): 20
[2026/09/15 18:37:00] 发送(hex): 20
[2026/09/15 18:37:00] 发送(hex): 20
[2026/09/15 18:37:00] 发送(hex): 20
[2026/09/15 18:37:00] 发送(hex): 20
[2026/09/15 18:37:00] 发送(hex): 20
[2026/09/15 18:37:00] 发送(hex): 20
[2026/09/15 18:37:00] 发送(hex): 20
[2026/09/15 18:37:00] 发送(hex): 20
[2026/09/15 18:37:00] 发送(hex): 20
[2026/09/15 18:37:00] 发送(hex): 20
[2026/09/15 18:37:00] 发送(hex): 20
[2026/09/15 18:37:00] 发送(hex): 20
[2026/09/15 18:37:00] 发送(hex): 20
[2026/09/15 18:37:00] 发送(hex): 20
[2026/09/15 18:37:00] 发送(hex): 20
[2026/09/15 18:37:00] 发送(hex): 20
[2026/09/15 18:37:00] 发送(hex): 20
[2026/09/15 18:37:00] 发送(hex): 20
[2026/09/15 18:37:00] 发送(hex): 20
[2026/09/15 18:37:00] 发送(hex): 20
[2026/09/15 18:37:00] 发送(hex): 20
[2026/09/15 18:37:00] 发送(hex): 20
[2026/09/15 18:37:00] 发送(hex): 20
[2026/09/15 18:37:00] 发送(hex): 20
[2026/09/15 18:37:00] 发送(hex): 20
[2026/09/15 18:37:00] 发送(hex): 20
[2026/09/15 18:37:00] 发送(hex): 20
[2026/09/15 18:37:00] 发送(hex): 20
[2026/09/15 18:37:00] 发送(hex): 20
[2026/09/15 18:37:00] 发送(hex): 20
[2026/09/15 18:37:00] 发送(hex): 20
[2026/09/15 18:37:00] 发送(hex): 20
[2026/09/15 18:37:01] 发送(hex): 20
[2026/09/15 18:37:01] 发送(hex): 20
[2026/09/15 18:37:01] 发送(hex): 20
[2026/09/15 18:37:01] 发送(hex): 20
[2026/09/15 18:37:01] 发送(hex): 20
[2026/09/15 18:37:01] 发送(hex): 20
[2026/09/15 18:37:01] 发送(hex): 20
[2026/09/15 18:37:01] 发送(hex): 20
[2026/09/15 18:37:01] 发送(hex): 20
[2026/09/15 18:37:01] 发送(hex): 20
[2026/09/15 18:37:01] 发送(hex): 20
[2026/09/15 18:37:01] 发送(hex): 20
[2026/09/15 18:37:01] 发送(hex): 20
[2026/09/15 18:37:01] 发送(hex): 20
[2026/09/15 18:37:01] 发送(hex): 20
[2026/09/15 18:37:01] 发送(hex): 20
[2026/09/15 18:37:01] 发送(hex): 20
[2026/09/15 18:37:01] 发送(hex): 20
[2026/09/15 18:37:01] 发送(hex): 20
[2026/09/15 18:37:01] 发送(hex): 20
[2026/09/15 18:37:01] 发送(hex): 20
[2026/09/15 18:37:01] 发送(hex): 20
[2026/09/15 18:37:01] 发送(hex): 20
[2026/09/15 18:37:01] 发送(hex): 20
[2026/09/15 18:37:01] 发送(hex): 20
[2026/09/15 18:37:01] 发送(hex): 20
[2026/09/15 18:37:01] 发送(hex): 20
[2026/09/15 18:37:01] 发送(hex): 20
[2026/09/15 18:37:01] 发送(hex): 20
[2026/09/15 18:37:01] 发送(hex): 20
[2026/09/15 18:37:01] 发送(hex): 20
[2026/09/15 18:37:01] 发送(hex): 20
[2026/09/15 18:37:01] 发送(hex): 20
[2026/09/15 18:37:01] 发送(hex): 20
[2026/09/15 18:37:01] 发送(hex): 20
[2026/09/15 18:37:01] 发送(hex): 20
[2026/09/15 18:37:01] 发送(hex): 20
[2026/09/15 18:37:01] 发送(hex): 20
[2026/09/15 18:37:01] 发送(hex): 20
[2026/09/15 18:37:01] 发送(hex): 20
[2026/09/15 18:37:01] 发送(hex): 20
[2026/09/15 18:37:01] 发送(hex): 20
[2026/09/15 18:37:01] 发送(hex): 20
[2026/09/15 18:37:01] 发送(hex): 20
[2026/09/15 18:37:01] 发送(hex): 20
[2026/09/15 18:37:01] 发送(hex): 20
[2026/09/15 18:37:01] 发送(hex): 20
[2026/09/15 18:37:01] 发送(hex): 20
[2026/09/15 18:37:01] 发送(hex): 20
[2026/09/15 18:37:01] 发送(hex): 20
[2026/09/15 18:37:01] 发送(hex): 20
[2026/09/15 18:37:01] 发送(hex): 20
[2026/09/15 18:37:01] 发送(hex): 20
[2026/09/15 18:37:01] 发送(hex): 20
[2026/09/15 18:37:01] 发送(hex): 20
[2026/09/15 18:37:01] 发送(hex): 20
[2026/09/15 18:37:01] 发送(hex): 20
[2026/09/15 18:37:01] 发送(hex): 20
[2026/09/15 18:37:01] 发送(hex): 20
[2026/09/15 18:37:01] 发送(hex): 20
[2026/09/15 18:37:01] 发送(hex): 20
[2026/09/15 18:37:01] 发送(hex): 20
[2026/09/15 18:37:01] 发送(hex): 20
[2026/09/15 18:37:01] 发送(hex): 20
[2026/09/15 18:37:01] 发送(hex): 20
[2026/09/15 18:37:01] 发送(hex): 20
[2026/09/15 18:37:01] 发送(hex): 20
[2026/09/15 18:37:01] 发送(hex): 20
[2026/09/15 18:37:01] 发送(hex): 20
[2026/09/15 18:37:01] 发送(hex): 20
[2026/09/15 18:37:01] 发送(hex): 20
[2026/09/15 18:37:01] 发送(hex): 20
[2026/09/15 18:37:01] 发送(hex): 20
[2026/09/15 18:37:01] 发送(hex): 20
[2026/09/15 18:37:01] 发送(hex): 20
[2026/09/15 18:37:01] 发送(hex): 20
[2026/09/15 18:37:01] 发送(hex): 20
[2026/09/15 18:37:01] 发送(hex): 20
[2026/09/15 18:37:01] 发送(hex): 20
[2026/09/15 18:37:01] 发送(hex): 20
[2026/09/15 18:37:01] 发送(hex): 20
[2026/09/15 18:37:01] 发送(hex): 20
[2026/09/15 18:37:01] 发送(hex): 20
[2026/09/15 18:37:01] 发送(hex): 20
[2026/09/15 18:37:01] 发送(hex): 20
[2026/09/15 18:37:01] 发送(hex): 20
[2026/09/15 18:37:01] 发送(hex): 20
[2026/09/15 18:37:01] 发送(hex): 20
[2026/09/15 18:37:01] delay:427
[2026/09/15 18:37:01] 发送(hex): 20
[2026/09/15 18:37:01] 发送(hex): 20
[2026/09/15 18:37:01] 发送(hex): 20
[2026/09/15 18:37:01] 发送(hex): 20
[2026/09/15 18:37:01] 发送(hex): 20
[2026/09/15 18:37:02] 发送(hex): 20
[2026/09/15 18:37:02] 发送(hex): 20
[2026/09/15 18:37:02] 发送(hex): 20
[2026/09/15 18:37:02] 发送(hex): 20
[2026/09/15 18:37:02] 发送(hex): 20
[2026/09/15 18:37:02] 发送(hex): 20
[2026/09/15 18:37:02] 发送(hex): 20
[2026/09/15 18:37:02] 发送(hex): 20
[2026/09/15 18:37:02] 发送(hex): 20
[2026/09/15 18:37:02] 发送(hex): 20
[2026/09/15 18:37:02] 发送(hex): 20
[2026/09/15 18:37:02] 发送(hex): 20
[2026/09/15 18:37:02] 发送(hex): 20
[2026/09/15 18:37:02] 发送(hex): 20
[2026/09/15 18:37:02] 发送(hex): 20
[2026/09/15 18:37:02] 发送(hex): 20
[2026/09/15 18:37:02] 发送(hex): 20
[2026/09/15 18:37:02] 发送(hex): 20
[2026/09/15 18:37:02] 发送(hex): 20
[2026/09/15 18:37:02] 发送(hex): 20
[2026/09/15 18:37:02] 发送(hex): 20
[2026/09/15 18:37:02] 发送(hex): 20
[2026/09/15 18:37:02] 发送(hex): 20
[2026/09/15 18:37:02] 发送(hex): 20
[2026/09/15 18:37:02] 发送(hex): 20
[2026/09/15 18:37:02] 发送(hex): 20
[2026/09/15 18:37:02] 发送(hex): 20
[2026/09/15 18:37:02] 发送(hex): 20
[2026/09/15 18:37:02] 发送(hex): 20
[2026/09/15 18:37:02] 发送(hex): 20
[2026/09/15 18:37:02] Net:   r8168: REALTEK RTL8168 @0x18016000
[2026/09/15 18:37:02] 发送(hex): 20
[2026/09/15 18:37:02] 发送(hex): 20
[2026/09/15 18:37:02] 发送(hex): 20
[2026/09/15 18:37:02] Start Boot Setup ...
[2026/09/15 18:37:02] (powerMgr_get_wakeup_source)2012/05/30 19:50
[2026/09/15 18:37:02] wakeup source : AC
[2026/09/15 18:37:02] 发送(hex): 20
[2026/09/15 18:37:02] 发送(hex): 20
[2026/09/15 18:37:02] 发送(hex): 20
[2026/09/15 18:37:02] (powerMgr_get_wakeup_source)2012/05/30 19:50
[2026/09/15 18:37:02] wakeup source : AC
[2026/09/15 18:37:02] wakeup_src=0, boot_logo_enable=1, bgm_boot_type=0, POWER_ON_MODE_SILEN=0.
[2026/09/15 18:37:02] 发送(hex): 20
[2026/09/15 18:37:02] 发送(hex): 20
[2026/09/15 18:37:02] GDMA module_init finish
[2026/09/15 18:37:02] [GDMA] OSD size[3840,2160
[2026/09/15 18:37:02] 发送(hex): 20
[2026/09/15 18:37:02] 发送(hex): 20
[2026/09/15 18:37:02] ]
[2026/09/15 18:37:02] [GDMA] gdma_showlogo gdma show logo 3821
[2026/09/15 18:37:02] Net:   r8168: REALTEK RTL8168 @0x18016000
[2026/09/15 18:37:02] 发送(hex): 20
[2026/09/15 18:37:02] ## Android Verified Boo
[2026/09/15 18:37:02] 发送(hex): 20
[2026/09/15 18:37:02] 发送(hex): 20
[2026/09/15 18:37:02] t 2.0 version 1.1.0
[2026/09/15 18:37:02] 发送(hex): 20
[2026/09/15 18:37:02] 发送(hex): 20
[2026/09/15 18:37:02] 发送(hex): 20
[2026/09/15 18:37:02] 发送(hex): 20
[2026/09/15 18:37:02] 发送(hex): 20
[2026/09/15 18:37:02] 发送(hex): 20
[2026/09/15 18:37:02] 发送(hex): 20
[2026/09/15 18:37:02] 发送(hex): 20
[2026/09/15 18:37:02] 发送(hex): 20
[2026/09/15 18:37:02] 发送(hex): 20
[2026/09/15 18:37:02] 发送(hex): 20
[2026/09/15 18:37:02] 发送(hex): 20
[2026/09/15 18:37:02] 发送(hex): 20
[2026/09/15 18:37:02] 发送(hex): 20
[2026/09/15 18:37:02] 发送(hex): 20
[2026/09/15 18:37:02] 发送(hex): 20
[2026/09/15 18:37:02] 发送(hex): 20
[2026/09/15 18:37:02] 发送(hex): 20
[2026/09/15 18:37:02] 发送(hex): 20
[2026/09/15 18:37:02] 发送(hex): 20
[2026/09/15 18:37:02] 发送(hex): 20
[2026/09/15 18:37:02] 发送(hex): 20
[2026/09/15 18:37:02] 发送(hex): 20
[2026/09/15 18:37:02] 发送(hex): 20
[2026/09/15 18:37:02] 发送(hex): 20
[2026/09/15 18:37:02] 发送(hex): 20
[2026/09/15 18:37:02] 发送(hex): 20
[2026/09/15 18:37:02] 发送(hex): 20
[2026/09/15 18:37:02] 发送(hex): 20
[2026/09/15 18:37:02] 发送(hex): 20
[2026/09/15 18:37:02] 发送(hex): 20
[2026/09/15 18:37:02] 发送(hex): 20
[2026/09/15 18:37:02] 发送(hex): 20
[2026/09/15 18:37:02] 发送(hex): 20
[2026/09/15 18:37:02] 发送(hex): 20
[2026/09/15 18:37:02] 发送(hex): 20
[2026/09/15 18:37:02] 发送(hex): 20
[2026/09/15 18:37:02] 发送(hex): 20
[2026/09/15 18:37:02] 发送(hex): 20
[2026/09/15 18:37:02] 发送(hex): 20
[2026/09/15 18:37:02] 发送(hex): 20
[2026/09/15 18:37:02] 发送(hex): 20
[2026/09/15 18:37:02] 发送(hex): 20
[2026/09/15 18:37:02] 发送(hex): 20
[2026/09/15 18:37:02] 发送(hex): 20
[2026/09/15 18:37:02] 发送(hex): 20
[2026/09/15 18:37:02] Verification passed successfully
[2026/09/15 18:37:02] [Skip A] boot manual mode
[2026/09/15 18:37:02] [Skip V] boot manual mode
[2026/09/15 18:37:02] is_avb_verify_hash_partition 164 find avb verify part_name boot img_buf 0x66400000 size 0x307a000
[2026/09/15 18:37:02] boot header version : 4
[2026/09/15 18:37:02] is_avb_verify_hash_partition 164 find avb verify part_name vendor_boot img_buf 0x6bc00000 size 0x10a3000
[2026/09/15 18:37:02] get_partition_content_by_name 11954 get gpt_name init_boot_a err,try part name init_boot!
[2026/09/15 18:37:02] get_partition_content_by_name 11956 get part name init_boot err!
[2026/09/15 18:37:02] 发送(hex): 20
[2026/09/15 18:37:02] 发送(hex): 20
[2026/09/15 18:37:02] 发送(hex): 20
[2026/09/15 18:37:02] 发送(hex): 20
[2026/09/15 18:37:03] 发送(hex): 20
[2026/09/15 18:37:03] 发送(hex): 20
[2026/09/15 18:37:03] 发送(hex): 20
[2026/09/15 18:37:03] 发送(hex): 20
[2026/09/15 18:37:03] get_merge_ramdisk 11932 cur_ramdisk_size 0xf3096 real_cur_ramdisk_size 0xf3096
[2026/09/15 18:37:03] get_merge_ramdisk 11932 cur_ramdisk_size 0x2019e5 real_cur_ramdisk_size 0x2019e5
[2026/09/15 18:37:03] is_avb_verify_hash_partition 164 find avb verify part_name dtbo img_buf 0x6fc00000 size 0x1186
[2026/09/15 18:37:03] Net:   r8168: REALTEK RTL8168 @0x18016000
[2026/09/15 18:37:03] 发送(hex): 20
[2026/09/15 18:37:03] 发送(hex): 20
[2026/09/15 18:37:03] 发送(hex): 20
[2026/09/15 18:37:03] 发送(hex): 20
[2026/09/15 18:37:03] [Skip K] boot manual mode (execute "go all")
[2026/09/15 18:37:03] Enter console mode, disable watchdog ...
[2026/09/15 18:37:03] Realtek>
[2026/09/15 18:37:03] 发送(hex): 20
[2026/09/15 18:37:03] 发送(hex): 20
[2026/09/15 18:37:03] 发送(hex): 20
[2026/09/15 18:37:03] 发送(hex): 20
[2026/09/15 18:37:03] 发送(hex): 20
[2026/09/15 18:37:03] 发送(hex): 20
[2026/09/15 18:37:03] 发送(hex): 20
[2026/09/15 18:37:03] 发送(hex): 20
[2026/09/15 18:37:03] 发送(hex): 20
[2026/09/15 18:37:03] 发送(hex): 20
[2026/09/15 18:37:03] 发送(hex): 20
[2026/09/15 18:37:03] 发送(hex): 20
[2026/09/15 18:37:03] 发送(hex): 20
[2026/09/15 18:37:03] 发送(hex): 20
[2026/09/15 18:37:03] 发送(hex): 20
[2026/09/15 18:37:03] 发送(hex): 20
[2026/09/15 18:37:03] 发送(hex): 20
[2026/09/15 18:37:03] 发送(hex): 20
[2026/09/15 18:37:03] 发送(hex): 20
[2026/09/15 18:37:03] 发送(hex): 20
[2026/09/15 18:37:03] 发送(hex): 20
[2026/09/15 18:37:03] 发送(hex): 20
[2026/09/15 18:37:03] 发送(hex): 20
[2026/09/15 18:37:03] 发送(hex): 20
[2026/09/15 18:37:03] 发送(hex): 20
[2026/09/15 18:37:03] 发送(hex): 20
[2026/09/15 18:37:03] 发送(hex): 20
[2026/09/15 18:37:03] 发送(hex): 20
[2026/09/15 18:37:03] 发送(hex): 20
[2026/09/15 18:37:03] 发送(hex): 20
[2026/09/15 18:37:03] 发送(hex): 20
[2026/09/15 18:37:03] 发送(hex): 20
[2026/09/15 18:37:03] 发送(hex): 20
[2026/09/15 18:37:03] 发送(hex): 20
[2026/09/15 18:37:03] 发送(hex): 20
[2026/09/15 18:37:03] 发送(hex): 20
[2026/09/15 18:37:03] 发送(hex): 20
[2026/09/15 18:37:03] 发送(hex): 20
[2026/09/15 18:37:03] 发送(hex): 20
[2026/09/15 18:37:03] 发送(hex): 20
[2026/09/15 18:37:03] 发送(hex): 20
[2026/09/15 18:37:03] 发送(hex): 20
[2026/09/15 18:37:03] 发送(hex): 20
[2026/09/15 18:37:03] 发送(hex): 20
[2026/09/15 18:37:03] 发送(hex): 20
[2026/09/15 18:37:03] 发送(hex): 20
[2026/09/15 18:37:03] 发送(hex): 20
[2026/09/15 18:37:03] 发送(hex): 20
[2026/09/15 18:37:03] 发送(hex): 20
[2026/09/15 18:37:03] 发送(hex): 20
[2026/09/15 18:37:03] 发送(hex): 20
[2026/09/15 18:37:03] 发送(hex): 20
[2026/09/15 18:37:03] 发送(hex): 20
[2026/09/15 18:37:03] 发送(hex): 20
[2026/09/15 18:37:03] 发送(hex): 20
[2026/09/15 18:37:03] 发送(hex): 20
[2026/09/15 18:37:03] 发送(hex): 20
[2026/09/15 18:37:03] 发送(hex): 20
[2026/09/15 18:37:03] 发送(hex): 20
[2026/09/15 18:37:03] 发送(hex): 20
[2026/09/15 18:37:03] 发送(hex): 20
[2026/09/15 18:37:03] 发送(hex): 20
[2026/09/15 18:37:03] 发送(hex): 20
[2026/09/15 18:37:03] 发送(hex): 20
[2026/09/15 18:37:03] 发送(hex): 20
[2026/09/15 18:37:03] 发送(hex): 20
[2026/09/15 18:37:03] 发送(hex): 20
[2026/09/15 18:37:03] 发送(hex): 20
[2026/09/15 18:37:03] 发送(hex): 20
[2026/09/15 18:37:03] 发送(hex): 20
[2026/09/15 18:37:03] 发送(hex): 20
[2026/09/15 18:37:03] 发送(hex): 20
[2026/09/15 18:37:03] 发送(hex): 20
[2026/09/15 18:37:03] 发送(hex): 20
[2026/09/15 18:37:03] 发送(hex): 20
[2026/09/15 18:37:03] 发送(hex): 20
[2026/09/15 18:37:03] 发送(hex): 20
[2026/09/15 18:37:03] 发送(hex): 20
[2026/09/15 18:37:03] 发送(hex): 20
[2026/09/15 18:37:03] 发送(hex): 20
[2026/09/15 18:37:03] 发送(hex): 20
[2026/09/15 18:37:03] 发送(hex): 20
[2026/09/15 18:37:03] 发送(hex): 20
[2026/09/15 18:37:03] 发送(hex): 20
[2026/09/15 18:37:04] 发送(hex): 20
[2026/09/15 18:37:04] 发送(hex): 20
[2026/09/15 18:37:04] 发送(hex): 20
[2026/09/15 18:37:04] 发送(hex): 20
[2026/09/15 18:37:04] 发送(hex): 20
[2026/09/15 18:37:04] 发送(hex): 20
[2026/09/15 18:37:04] 发送(hex): 20
[2026/09/15 18:37:04] 发送(hex): 20
[2026/09/15 18:37:04] 发送(hex): 20
[2026/09/15 18:37:04] 发送(hex): 20
[2026/09/15 18:37:04] 发送(hex): 20
[2026/09/15 18:37:04] 发送(hex): 20
[2026/09/15 18:37:04] 发送(hex): 20
[2026/09/15 18:37:04] 发送(hex): 20
[2026/09/15 18:37:04] 发送(hex): 20
[2026/09/15 18:37:04] 发送(hex): 20
[2026/09/15 18:37:04] 发送(hex): 20
[2026/09/15 18:37:04] 发送(hex): 20
[2026/09/15 18:37:04] 发送(hex): 20
[2026/09/15 18:37:04] 发送(hex): 20
[2026/09/15 18:37:04] 发送(hex): 20
[2026/09/15 18:37:04] 发送(hex): 20
[2026/09/15 18:37:04] 发送(hex): 20
[2026/09/15 18:37:04] 发送(hex): 20
[2026/09/15 18:37:04] 发送(hex): 20
[2026/09/15 18:37:04] 发送(hex): 20
[2026/09/15 18:37:04] 发送(hex): 20
[2026/09/15 18:37:04] 发送(hex): 20
[2026/09/15 18:37:04] 发送(hex): 20
[2026/09/15 18:37:04] 发送(hex): 20
[2026/09/15 18:37:04] 发送(hex): 20
[2026/09/15 18:37:04] 发送(hex): 20
[2026/09/15 18:37:04] 发送(hex): 20
[2026/09/15 18:37:04] 发送(hex): 20
[2026/09/15 18:37:04] 发送(hex): 20
[2026/09/15 18:37:04] 发送(hex): 20
[2026/09/15 18:37:04] 发送(hex): 20
[2026/09/15 18:37:04] 发送(hex): 20
[2026/09/15 18:37:04] 发送(hex): 20
[2026/09/15 18:37:04] 发送(hex): 20
[2026/09/15 18:37:04] 发送(hex): 20
[2026/09/15 18:37:04] 发送(hex): 20
[2026/09/15 18:37:04] 发送(hex): 20
[2026/09/15 18:37:04] 发送(hex): 20
[2026/09/15 18:37:04] 发送(hex): 20
[2026/09/15 18:37:04] 发送(hex): 20
[2026/09/15 18:37:04] 发送(hex): 20
[2026/09/15 18:37:04] 发送(hex): 20
[2026/09/15 18:37:04] 发送(hex): 20
[2026/09/15 18:37:04] 发送(hex): 20
[2026/09/15 18:37:04] 发送(hex): 20
[2026/09/15 18:37:04] 发送(hex): 20
[2026/09/15 18:37:04] 发送(hex): 20
[2026/09/15 18:37:04] 发送(hex): 20
[2026/09/15 18:37:04] 发送(hex): 20
[2026/09/15 18:37:04] 发送(hex): 20
[2026/09/15 18:37:04] 发送(hex): 20
[2026/09/15 18:37:04] 发送(hex): 20
[2026/09/15 18:37:04] 发送(hex): 20
[2026/09/15 18:37:04] 发送(hex): 20
[2026/09/15 18:37:04] 发送(hex): 20
[2026/09/15 18:37:04] 发送(hex): 20
[2026/09/15 18:37:04] 发送(hex): 20
[2026/09/15 18:37:04] 发送(hex): 20
[2026/09/15 18:37:04] 发送(hex): 20
[2026/09/15 18:37:04] 发送(hex): 20
[2026/09/15 18:37:04] 发送(hex): 20
[2026/09/15 18:37:04] 发送(hex): 20
[2026/09/15 18:37:04] 发送(hex): 20
[2026/09/15 18:37:04] 发送(hex): 20
[2026/09/15 18:37:04] 发送(hex): 20
[2026/09/15 18:37:04] 发送(hex): 20
[2026/09/15 18:37:04] 发送(hex): 20
[2026/09/15 18:37:04] 发送(hex): 20
[2026/09/15 18:37:04] 发送(hex): 20
[2026/09/15 18:37:04] 发送(hex): 20
[2026/09/15 18:37:04] 发送(hex): 20
[2026/09/15 18:37:04] 发送(hex): 20
[2026/09/15 18:37:04] 发送(hex): 20
[2026/09/15 18:37:04] 发送(hex): 20
[2026/09/15 18:37:04] 发送(hex): 20
[2026/09/15 18:37:04] 发送(hex): 20
[2026/09/15 18:37:04] 发送(hex): 20
[2026/09/15 18:37:04] 发送(hex): 20
[2026/09/15 18:37:04] 发送(hex): 20
[2026/09/15 18:37:04] 发送(hex): 20
[2026/09/15 18:37:04] 发送(hex): 20
[2026/09/15 18:37:04] 发送(hex): 20
[2026/09/15 18:37:04] 发送(hex): 20
[2026/09/15 18:37:04] 发送(hex): 20
[2026/09/15 18:37:04] 发送(hex): 20
[2026/09/15 18:37:04] 发送(hex): 20
[2026/09/15 18:37:05] 发送(hex): 20
[2026/09/15 18:37:05] 发送(hex): 20
[2026/09/15 18:37:05] 发送(hex): 20
[2026/09/15 18:37:05] 发送(hex): 20
[2026/09/15 18:37:05] 发送(hex): 20
[2026/09/15 18:37:05] 发送(hex): 20
[2026/09/15 18:37:05] 发送(hex): 20
[2026/09/15 18:37:05] 发送(hex): 20
[2026/09/15 18:37:05] 发送(hex): 20
[2026/09/15 18:37:05] 发送(hex): 20
[2026/09/15 18:37:05] 发送(hex): 20
[2026/09/15 18:37:05] 发送(hex): 20
[2026/09/15 18:37:05] 发送(hex): 20
[2026/09/15 18:37:05] 发送(hex): 20
[2026/09/15 18:37:05] 发送(hex): 20
[2026/09/15 18:37:05] 发送(hex): 20
[2026/09/15 18:37:05] 发送(hex): 20
[2026/09/15 18:37:05] 发送(hex): 20
[2026/09/15 18:37:05] 发送(hex): 20
[2026/09/15 18:37:05] 发送(hex): 20
[2026/09/15 18:37:05] 发送(hex): 20
[2026/09/15 18:37:05] 发送(hex): 20
[2026/09/15 18:37:05] 发送(hex): 20
[2026/09/15 18:37:05] 发送(hex): 20
[2026/09/15 18:37:05] 发送(hex): 20
[2026/09/15 18:37:05] 发送(hex): 20
[2026/09/15 18:37:05] 发送(hex): 20
[2026/09/15 18:37:05] 发送(hex): 20
[2026/09/15 18:37:05] 发送(hex): 20
[2026/09/15 18:37:05] 发送(hex): 20
[2026/09/15 18:37:05] 发送(hex): 20
[2026/09/15 18:37:05] 发送(hex): 20
[2026/09/15 18:37:05] 发送(hex): 20
[2026/09/15 18:37:05] 发送(hex): 20
[2026/09/15 18:37:05] 发送(hex): 20
[2026/09/15 18:37:05] 发送(hex): 20
[2026/09/15 18:37:05] 发送(hex): 20
[2026/09/15 18:37:05] 发送(hex): 20
[2026/09/15 18:37:05] 发送(hex): 20
[2026/09/15 18:37:05] 发送(hex): 20
[2026/09/15 18:37:05] 发送(hex): 20
[2026/09/15 18:37:05] 发送(hex): 20
[2026/09/15 18:37:05] 发送(hex): 20
[2026/09/15 18:37:05] 发送(hex): 20
[2026/09/15 18:37:05] 发送(hex): 20
[2026/09/15 18:37:05] 发送(hex): 20
[2026/09/15 18:37:05] 发送(hex): 20
[2026/09/15 18:37:05] 发送(hex): 20
[2026/09/15 18:37:05] 发送(hex): 20
[2026/09/15 18:37:05] 发送(hex): 20
[2026/09/15 18:37:05] 发送(hex): 20
[2026/09/15 18:37:05] 发送(hex): 20
[2026/09/15 18:37:05] 发送(hex): 20
[2026/09/15 18:37:05] 发送(hex): 20
[2026/09/15 18:37:05] 发送(hex): 20
[2026/09/15 18:37:05] 发送(hex): 20
[2026/09/15 18:37:05] 发送(hex): 20
[2026/09/15 18:37:05] 发送(hex): 20
[2026/09/15 18:37:05] 发送(hex): 20
[2026/09/15 18:37:05] 发送(hex): 20
[2026/09/15 18:37:05] 发送(hex): 20
[2026/09/15 18:37:05] 发送(hex): 20
[2026/09/15 18:37:05] 发送(hex): 20
[2026/09/15 18:37:05] 发送(hex): 20
[2026/09/15 18:37:05] 发送(hex): 20
[2026/09/15 18:37:05] 发送(hex): 20
[2026/09/15 18:37:05] 发送(hex): 20
[2026/09/15 18:37:05] 发送(hex): 20
[2026/09/15 18:37:05] 发送(hex): 20
[2026/09/15 18:37:05] 发送(hex): 20
[2026/09/15 18:37:05] 发送(hex): 20
[2026/09/15 18:37:05] 发送(hex): 20
[2026/09/15 18:37:05] 发送(hex): 20
[2026/09/15 18:37:05] 发送(hex): 20
[2026/09/15 18:37:05] 发送(hex): 20
[2026/09/15 18:37:05] 发送(hex): 20
[2026/09/15 18:37:05] 发送(hex): 20
[2026/09/15 18:37:05] 发送(hex): 20
[2026/09/15 18:37:05] 发送(hex): 20
[2026/09/15 18:37:05] 发送(hex): 20
[2026/09/15 18:37:05] 发送(hex): 20
[2026/09/15 18:37:05] 发送(hex): 20
[2026/09/15 18:37:05] 发送(hex): 20
[2026/09/15 18:37:05] 发送(hex): 20
[2026/09/15 18:37:05] 发送(hex): 20
[2026/09/15 18:37:05] 发送(hex): 20
[2026/09/15 18:37:05] 发送(hex): 20
[2026/09/15 18:37:05] 发送(hex): 20
[2026/09/15 18:37:05] 发送(hex): 20
[2026/09/15 18:37:05] 发送(hex): 20
[2026/09/15 18:37:05] 发送(hex): 20
[2026/09/15 18:37:05] 发送(hex): 20
[2026/09/15 18:37:06] 发送(hex): 20
[2026/09/15 18:37:06] 发送(hex): 20
[2026/09/15 18:37:06] 发送(hex): 20
[2026/09/15 18:37:06] 发送(hex): 20
[2026/09/15 18:37:06] 发送(hex): 20
[2026/09/15 18:37:06] 发送(hex): 20
[2026/09/15 18:37:06] 发送(hex): 20
[2026/09/15 18:37:06] 发送(hex): 20
[2026/09/15 18:37:06] 发送(hex): 20
[2026/09/15 18:37:06] 发送(hex): 20
[2026/09/15 18:37:06] 发送(hex): 20
[2026/09/15 18:37:06] 发送(hex): 20
[2026/09/15 18:37:06] 发送(hex): 20
[2026/09/15 18:37:06] 发送(hex): 20
[2026/09/15 18:37:06] 发送(hex): 20
[2026/09/15 18:37:06] 发送(hex): 20
[2026/09/15 18:37:06] 发送(hex): 20
[2026/09/15 18:37:06] 发送(hex): 20
[2026/09/15 18:37:06] 发送(hex): 20
[2026/09/15 18:37:06] 发送(hex): 20
[2026/09/15 18:37:06] 发送(hex): 20
[2026/09/15 18:37:06] 发送(hex): 20
[2026/09/15 18:37:06] 发送(hex): 20
[2026/09/15 18:37:06] 发送(hex): 20
[2026/09/15 18:37:06] 发送(hex): 20
[2026/09/15 18:37:06] 发送(hex): 20
[2026/09/15 18:37:06] 发送(hex): 20
[2026/09/15 18:37:06] 发送(hex): 20
[2026/09/15 18:37:06] 发送(hex): 20
[2026/09/15 18:37:06] 发送(hex): 20
[2026/09/15 18:37:06] 发送(hex): 20
[2026/09/15 18:37:06] 发送(hex): 20
[2026/09/15 18:37:06] 发送(hex): 20
[2026/09/15 18:37:06] 发送(hex): 20
[2026/09/15 18:37:06] 发送(hex): 20
[2026/09/15 18:37:06] 发送(hex): 20
[2026/09/15 18:37:06] 发送(hex): 20
[2026/09/15 18:37:06] 发送(hex): 20
[2026/09/15 18:37:06] 发送(hex): 20
[2026/09/15 18:37:06] 发送(hex): 20
[2026/09/15 18:37:06] 发送(hex): 20
[2026/09/15 18:37:06] 发送(hex): 20
[2026/09/15 18:37:06] 发送(hex): 20
[2026/09/15 18:37:06] 发送(hex): 20
[2026/09/15 18:37:06] 发送(hex): 20
[2026/09/15 18:37:06] 发送(hex): 20
[2026/09/15 18:37:06] 发送(hex): 20
[2026/09/15 18:37:06] 发送(hex): 20
[2026/09/15 18:37:06] 发送(hex): 20
[2026/09/15 18:37:06] 发送(hex): 20
[2026/09/15 18:37:06] 发送(hex): 20
[2026/09/15 18:37:06] 发送(hex): 20
[2026/09/15 18:37:06] 发送(hex): 20
[2026/09/15 18:37:06] 发送(hex): 20
[2026/09/15 18:37:06] 发送(hex): 20
[2026/09/15 18:37:06] 发送(hex): 20
[2026/09/15 18:37:06] 发送(hex): 20
[2026/09/15 18:37:06] 发送(hex): 20
[2026/09/15 18:37:06] 发送(hex): 20
[2026/09/15 18:37:06] 发送(hex): 20
[2026/09/15 18:37:06] 发送(hex): 20
[2026/09/15 18:37:06] 发送(hex): 20
[2026/09/15 18:37:06] 发送(hex): 20
[2026/09/15 18:37:06] 发送(hex): 20
[2026/09/15 18:37:06] 发送(hex): 20
[2026/09/15 18:37:06] 发送(hex): 20
[2026/09/15 18:37:06] 发送(hex): 20
[2026/09/15 18:37:06] 发送(hex): 20
[2026/09/15 18:37:06] 发送(hex): 20
[2026/09/15 18:37:06] 发送(hex): 20
[2026/09/15 18:37:06] 发送(hex): 20
[2026/09/15 18:37:06] 发送(hex): 20
[2026/09/15 18:37:06] 发送(hex): 20
[2026/09/15 18:37:06] 发送(hex): 20
[2026/09/15 18:37:06] 发送(hex): 20
[2026/09/15 18:37:06] 发送(hex): 20
[2026/09/15 18:37:06] 发送(hex): 20
[2026/09/15 18:37:06] 发送(hex): 20
[2026/09/15 18:37:06] 发送(hex): 20
[2026/09/15 18:37:06] 发送(hex): 20
[2026/09/15 18:37:06] 发送(hex): 20
[2026/09/15 18:37:06] 发送(hex): 20
[2026/09/15 18:37:06] 发送(hex): 20
[2026/09/15 18:37:06] 发送(hex): 20
[2026/09/15 18:37:06] 发送(hex): 20
[2026/09/15 18:37:06] 发送(hex): 20
[2026/09/15 18:37:06] 发送(hex): 20
[2026/09/15 18:37:06] 发送(hex): 20
[2026/09/15 18:37:06] 发送(hex): 20
[2026/09/15 18:37:06] 发送(hex): 20
[2026/09/15 18:37:06] 发送(hex): 20
[2026/09/15 18:37:06] 发送(hex): 20
[2026/09/15 18:37:07] 发送(hex): 20
[2026/09/15 18:37:07] 发送(hex): 20
[2026/09/15 18:37:07] 发送(hex): 20
[2026/09/15 18:37:07] 发送(hex): 20
[2026/09/15 18:37:07] 发送(hex): 20
[2026/09/15 18:37:07] 发送(hex): 20
[2026/09/15 18:37:07] 发送(hex): 20
[2026/09/15 18:37:07] 发送(hex): 20
[2026/09/15 18:37:07] 发送(hex): 20
[2026/09/15 18:37:07] 发送(hex): 20
[2026/09/15 18:37:07] 发送(hex): 20
[2026/09/15 18:37:07] 发送(hex): 20
[2026/09/15 18:37:07] 发送(hex): 20
[2026/09/15 18:37:07] 发送(hex): 20
[2026/09/15 18:37:07] 发送(hex): 20
[2026/09/15 18:37:07] 发送(hex): 20
[2026/09/15 18:37:07] 发送(hex): 20
[2026/09/15 18:37:07] 发送(hex): 20
[2026/09/15 18:37:07] 发送(hex): 20
[2026/09/15 18:37:07] 发送(hex): 20
[2026/09/15 18:37:07] 发送(hex): 20
[2026/09/15 18:37:07] 发送(hex): 20
[2026/09/15 18:37:07] 发送(hex): 20
[2026/09/15 18:37:07] 发送(hex): 20
[2026/09/15 18:37:07] 发送(hex): 20
[2026/09/15 18:37:07] 发送(hex): 20
[2026/09/15 18:37:07] 发送(hex): 20
[2026/09/15 18:37:07] 发送(hex): 20
[2026/09/15 18:37:07] 发送(hex): 20
[2026/09/15 18:37:07] 发送(hex): 20
[2026/09/15 18:37:07] 发送(hex): 20
[2026/09/15 18:37:07] 发送(hex): 20
[2026/09/15 18:37:07] 发送(hex): 20
[2026/09/15 18:37:07] 发送(hex): 20
[2026/09/15 18:37:07] 发送(hex): 20
[2026/09/15 18:37:07] 发送(hex): 20
[2026/09/15 18:37:07] 发送(hex): 20
[2026/09/15 18:37:07] 发送(hex): 20
[2026/09/15 18:37:07] 发送(hex): 20
[2026/09/15 18:37:07] 发送(hex): 20
[2026/09/15 18:37:07] 发送(hex): 20
[2026/09/15 18:37:07] 发送(hex): 20
[2026/09/15 18:37:07] 发送(hex): 20
[2026/09/15 18:37:07] 发送(hex): 20
[2026/09/15 18:37:07] 发送(hex): 20
[2026/09/15 18:37:07] 发送(hex): 20
[2026/09/15 18:37:07] 发送(hex): 20
[2026/09/15 18:37:07] 发送(hex): 20
[2026/09/15 18:37:07] 发送(hex): 20
[2026/09/15 18:37:07] 发送(hex): 20
[2026/09/15 18:37:07] 发送(hex): 20
[2026/09/15 18:37:07] 发送(hex): 20
[2026/09/15 18:37:07] 发送(hex): 20
[2026/09/15 18:37:07] 发送(hex): 20
[2026/09/15 18:37:07] 发送(hex): 20
[2026/09/15 18:37:07] 发送(hex): 20
[2026/09/15 18:37:07] 发送(hex): 20
[2026/09/15 18:37:07] 发送(hex): 20
[2026/09/15 18:37:07] 发送(hex): 20
[2026/09/15 18:37:07] 发送(hex): 20
[2026/09/15 18:37:07] 发送(hex): 20
[2026/09/15 18:37:07] 发送(hex): 20
[2026/09/15 18:37:07] 发送(hex): 20
[2026/09/15 18:37:07] 发送(hex): 20
[2026/09/15 18:37:07] 发送(hex): 20
[2026/09/15 18:37:07] 发送(hex): 20
[2026/09/15 18:37:07] 发送(hex): 20
[2026/09/15 18:37:07] 发送(hex): 20
[2026/09/15 18:37:07] 发送(hex): 20
[2026/09/15 18:37:07] 发送(hex): 20
[2026/09/15 18:37:07] 发送(hex): 20
[2026/09/15 18:37:07] 发送(hex): 20
[2026/09/15 18:37:07] 发送(hex): 20
[2026/09/15 18:37:07] 发送(hex): 20
[2026/09/15 18:37:07] 发送(hex): 20
[2026/09/15 18:37:07] 发送(hex): 20
[2026/09/15 18:37:07] 发送(hex): 20
[2026/09/15 18:37:07] 发送(hex): 20
[2026/09/15 18:37:07] 发送(hex): 20
[2026/09/15 18:37:07] 发送(hex): 20
[2026/09/15 18:37:07] 发送(hex): 20
[2026/09/15 18:37:07] 发送(hex): 20
[2026/09/15 18:37:07] 发送(hex): 20
[2026/09/15 18:37:07] 发送(hex): 20
[2026/09/15 18:37:07] 发送(hex): 20
[2026/09/15 18:37:07] 发送(hex): 20
[2026/09/15 18:37:07] 发送(hex): 20
[2026/09/15 18:37:07] 发送(hex): 20
[2026/09/15 18:37:07] 发送(hex): 20
[2026/09/15 18:37:07] 发送(hex): 20
[2026/09/15 18:37:07] 发送(hex): 20
[2026/09/15 18:37:07] 发送(hex): 20
[2026/09/15 18:37:08] 发送(hex): 20
[2026/09/15 18:37:08] 发送(hex): 20
[2026/09/15 18:37:08] 发送(hex): 20
[2026/09/15 18:37:08] 发送(hex): 20
[2026/09/15 18:37:08] 发送(hex): 20
[2026/09/15 18:37:08] 发送(hex): 20
[2026/09/15 18:37:08] 发送(hex): 20
[2026/09/15 18:37:08] 发送(hex): 20
[2026/09/15 18:37:08] 发送(hex): 20
[2026/09/15 18:37:08] 发送(hex): 20
[2026/09/15 18:37:08] 发送(hex): 20
[2026/09/15 18:37:08] 发送(hex): 20
[2026/09/15 18:37:08] 发送(hex): 20
[2026/09/15 18:37:08] 发送(hex): 20
[2026/09/15 18:37:08] 发送(hex): 20
[2026/09/15 18:37:08] 发送(hex): 20
[2026/09/15 18:37:08] 发送(hex): 20
[2026/09/15 18:37:08] 发送(hex): 20
[2026/09/15 18:37:08] 发送(hex): 20
[2026/09/15 18:37:08] 发送(hex): 20
[2026/09/15 18:37:08] 发送(hex): 20
[2026/09/15 18:37:08] 发送(hex): 20
[2026/09/15 18:37:08] 发送(hex): 20
[2026/09/15 18:37:08] 发送(hex): 20
[2026/09/15 18:37:08] 发送(hex): 20
[2026/09/15 18:37:08] 发送(hex): 20
[2026/09/15 18:37:08] 发送(hex): 20
[2026/09/15 18:37:08] 发送(hex): 20
[2026/09/15 18:37:08] 发送(hex): 20
[2026/09/15 18:37:08] 发送(hex): 20
[2026/09/15 18:37:08] 发送(hex): 20
[2026/09/15 18:37:08] 发送(hex): 20
[2026/09/15 18:37:08] 发送(hex): 20
[2026/09/15 18:37:08] 发送(hex): 20
[2026/09/15 18:37:08] 发送(hex): 20
[2026/09/15 18:37:08] 发送(hex): 20
[2026/09/15 18:37:08] 发送(hex): 20
[2026/09/15 18:37:08] 发送(hex): 20
[2026/09/15 18:37:08] 发送(hex): 20
[2026/09/15 18:37:08] 发送(hex): 20
[2026/09/15 18:37:08] 发送(hex): 20
[2026/09/15 18:37:08] 发送(hex): 20
[2026/09/15 18:37:08] 发送(hex): 20
[2026/09/15 18:37:08] 发送(hex): 20
[2026/09/15 18:37:08] 发送(hex): 20
[2026/09/15 18:37:08] 发送(hex): 20
[2026/09/15 18:37:08] 发送(hex): 20
[2026/09/15 18:37:08] 发送(hex): 20
[2026/09/15 18:37:08] 发送(hex): 20
[2026/09/15 18:37:08] 发送(hex): 20
[2026/09/15 18:37:08] 发送(hex): 20
[2026/09/15 18:37:08] 发送(hex): 20
[2026/09/15 18:37:08] 发送(hex): 20
[2026/09/15 18:37:08] 发送(hex): 20
[2026/09/15 18:37:08] 发送(hex): 20
[2026/09/15 18:37:08] 发送(hex): 20
[2026/09/15 18:37:08] 发送(hex): 20
[2026/09/15 18:37:08] 发送(hex): 20
[2026/09/15 18:37:08] 发送(hex): 20
[2026/09/15 18:37:08] 发送(hex): 20
[2026/09/15 18:37:08] 发送(hex): 20
[2026/09/15 18:37:08] 发送(hex): 20
[2026/09/15 18:37:08] 发送(hex): 20
[2026/09/15 18:37:08] 发送(hex): 20
[2026/09/15 18:37:08] 发送(hex): 20
[2026/09/15 18:37:08] 发送(hex): 20
[2026/09/15 18:37:08] 发送(hex): 20
[2026/09/15 18:37:08] 发送(hex): 20
[2026/09/15 18:37:08] 发送(hex): 20
[2026/09/15 18:37:08] 发送(hex): 20
[2026/09/15 18:37:08] 发送(hex): 20
[2026/09/15 18:37:08] 发送(hex): 20
[2026/09/15 18:37:08] 发送(hex): 20
[2026/09/15 18:37:08] 发送(hex): 20
[2026/09/15 18:37:08] 发送(hex): 20
[2026/09/15 18:37:08] 发送(hex): 20
[2026/09/15 18:37:08] 发送(hex): 20
[2026/09/15 18:37:08] 发送(hex): 20
[2026/09/15 18:37:08] 发送(hex): 20
[2026/09/15 18:37:08] 发送(hex): 20
[2026/09/15 18:37:08] 发送(hex): 20
[2026/09/15 18:37:08] 发送(hex): 20
[2026/09/15 18:37:08] 发送(hex): 20
[2026/09/15 18:37:08] 发送(hex): 20
[2026/09/15 18:37:08] 发送(hex): 20
[2026/09/15 18:37:08] 发送(hex): 20
[2026/09/15 18:37:08] 发送(hex): 20
[2026/09/15 18:37:08] 发送(hex): 20
[2026/09/15 18:37:08] 发送(hex): 20
[2026/09/15 18:37:08] 发送(hex): 20
[2026/09/15 18:37:08] 发送(hex): 20
[2026/09/15 18:37:08] 发送(hex): 20
[2026/09/15 18:37:08] 发送(hex): 20
[2026/09/15 18:37:08] 发送(hex): 20
[2026/09/15 18:37:09] 发送(hex): 20
[2026/09/15 18:37:09] 发送(hex): 20
[2026/09/15 18:37:09] 发送(hex): 20
[2026/09/15 18:37:09] 发送(hex): 20
[2026/09/15 18:37:09] 发送(hex): 20
[2026/09/15 18:37:09] 发送(hex): 20
[2026/09/15 18:37:09] 发送(hex): 20
[2026/09/15 18:37:09] 发送(hex): 20
[2026/09/15 18:37:09] 发送(hex): 20
[2026/09/15 18:37:09] 发送(hex): 20
[2026/09/15 18:37:09] 发送(hex): 20
[2026/09/15 18:37:09] 发送(hex): 20
[2026/09/15 18:37:09] 发送(hex): 20
[2026/09/15 18:37:09] 发送(hex): 20
[2026/09/15 18:37:09] 发送(hex): 20
[2026/09/15 18:37:09] 发送(hex): 20
[2026/09/15 18:37:09] 发送(hex): 20
[2026/09/15 18:37:09] 发送(hex): 20
[2026/09/15 18:37:09] 发送(hex): 20
[2026/09/15 18:37:09] 发送(hex): 20
[2026/09/15 18:37:09] 发送(hex): 20
[2026/09/15 18:37:09] 发送(hex): 20
[2026/09/15 18:37:09] 发送(hex): 20
[2026/09/15 18:37:09] 发送(hex): 20
[2026/09/15 18:37:09] 发送(hex): 20
[2026/09/15 18:37:09] 发送(hex): 20
[2026/09/15 18:37:09] 发送(hex): 20
[2026/09/15 18:37:09] 发送(hex): 20
[2026/09/15 18:37:09] 发送(hex): 20
[2026/09/15 18:37:09] 发送(hex): 20
[2026/09/15 18:37:09] 发送(hex): 20
[2026/09/15 18:37:09] 发送(hex): 20
[2026/09/15 18:37:09] 发送(hex): 20
[2026/09/15 18:37:09] 发送(hex): 20
[2026/09/15 18:37:09] 发送(hex): 20
[2026/09/15 18:37:09] 发送(hex): 20
[2026/09/15 18:37:09] 发送(hex): 20
[2026/09/15 18:37:09] 发送(hex): 20
[2026/09/15 18:37:09] 发送(hex): 20
[2026/09/15 18:37:09] 发送(hex): 20
[2026/09/15 18:37:09] 发送(hex): 20
[2026/09/15 18:37:09] 发送(hex): 20
[2026/09/15 18:37:09] 发送(hex): 20
[2026/09/15 18:37:09] 发送(hex): 20
[2026/09/15 18:37:09] 发送(hex): 20
[2026/09/15 18:37:09] 发送(hex): 20
[2026/09/15 18:37:09] 发送(hex): 20
[2026/09/15 18:37:09] 发送(hex): 20
[2026/09/15 18:37:09] 发送(hex): 20
[2026/09/15 18:37:09] 发送(hex): 20
[2026/09/15 18:37:09] 发送(hex): 20
[2026/09/15 18:37:09] 发送(hex): 20
[2026/09/15 18:37:09] 发送(hex): 20
[2026/09/15 18:37:09] 发送(hex): 20
[2026/09/15 18:37:09] 发送(hex): 20
[2026/09/15 18:37:09] 发送(hex): 20
[2026/09/15 18:37:09] 发送(hex): 20
[2026/09/15 18:37:09] 发送(hex): 20
[2026/09/15 18:37:09] 发送(hex): 20
[2026/09/15 18:37:09] 发送(hex): 20
[2026/09/15 18:37:09] 发送(hex): 20
[2026/09/15 18:37:09] 发送(hex): 20
[2026/09/15 18:37:09] 发送(hex): 20
[2026/09/15 18:37:09] 发送(hex): 20
[2026/09/15 18:37:09] 发送(hex): 20
[2026/09/15 18:37:09] 发送(hex): 20
[2026/09/15 18:37:09] 发送(hex): 20
[2026/09/15 18:37:09] 发送(hex): 20
[2026/09/15 18:37:09] 发送(hex): 20
[2026/09/15 18:37:09] 发送(hex): 20
[2026/09/15 18:37:09] 发送(hex): 20
[2026/09/15 18:37:09] 发送(hex): 20
[2026/09/15 18:37:09] 发送(hex): 20
[2026/09/15 18:37:09] 发送(hex): 20
[2026/09/15 18:37:09] 发送(hex): 20
[2026/09/15 18:37:09] 发送(hex): 20
[2026/09/15 18:37:09] 发送(hex): 20
[2026/09/15 18:37:09] 发送(hex): 20
[2026/09/15 18:37:09] 发送(hex): 20
[2026/09/15 18:37:09] 发送(hex): 20
[2026/09/15 18:37:09] 发送(hex): 20
[2026/09/15 18:37:09] 发送(hex): 20
[2026/09/15 18:37:09] 发送(hex): 20
[2026/09/15 18:37:09] 发送(hex): 20
[2026/09/15 18:37:09] 发送(hex): 20
[2026/09/15 18:37:09] 发送(hex): 20
[2026/09/15 18:37:09] 发送(hex): 20
[2026/09/15 18:37:09] 发送(hex): 20
[2026/09/15 18:37:09] 发送(hex): 20
[2026/09/15 18:37:09] 发送(hex): 20
[2026/09/15 18:37:09] 发送(hex): 20
[2026/09/15 18:37:09] 发送(hex): 20
[2026/09/15 18:37:09] 发送(hex): 20
[2026/09/15 18:37:10] 发送(hex): 20
[2026/09/15 18:37:10] 发送(hex): 20
[2026/09/15 18:37:10] 发送(hex): 20
[2026/09/15 18:37:10] 发送(hex): 20
[2026/09/15 18:37:10] 发送(hex): 20
[2026/09/15 18:37:10] 发送(hex): 20
[2026/09/15 18:37:10] 发送(hex): 20
[2026/09/15 18:37:10] 发送(hex): 20
[2026/09/15 18:37:10] 发送(hex): 20
[2026/09/15 18:37:10] 发送(hex): 20
[2026/09/15 18:37:10] 发送(hex): 20
[2026/09/15 18:37:10] 发送(hex): 20
[2026/09/15 18:37:10] 发送(hex): 20
[2026/09/15 18:37:10] 发送(hex): 20
[2026/09/15 18:37:10] 发送(hex): 20
[2026/09/15 18:37:10] 发送(hex): 20
[2026/09/15 18:37:10] 发送(hex): 20
[2026/09/15 18:37:10] 发送(hex): 20
[2026/09/15 18:37:10] 发送(hex): 20
[2026/09/15 18:37:10] 发送(hex): 20
[2026/09/15 18:37:10] 发送(hex): 20
[2026/09/15 18:37:10] 发送(hex): 20
[2026/09/15 18:37:10] 发送(hex): 20
[2026/09/15 18:37:10] 发送(hex): 20
[2026/09/15 18:37:10] 发送(hex): 20
[2026/09/15 18:37:10] 发送(hex): 20
[2026/09/15 18:37:10] 发送(hex): 20
[2026/09/15 18:37:10] 发送(hex): 20
[2026/09/15 18:37:10] 发送(hex): 20
[2026/09/15 18:37:10] 发送(hex): 20
[2026/09/15 18:37:10] 发送(hex): 20
[2026/09/15 18:37:10] 发送(hex): 20
[2026/09/15 18:37:10] 发送(hex): 20
[2026/09/15 18:37:10] 发送(hex): 20
[2026/09/15 18:37:10] 发送(hex): 20
[2026/09/15 18:37:10] 发送(hex): 20
[2026/09/15 18:37:10] 发送(hex): 20
[2026/09/15 18:37:10] 发送(hex): 20
[2026/09/15 18:37:10] 发送(hex): 20
[2026/09/15 18:37:10] 发送(hex): 20
[2026/09/15 18:37:10] 发送(hex): 20
[2026/09/15 18:37:10] 发送(hex): 20
[2026/09/15 18:37:10] 发送(hex): 20
[2026/09/15 18:37:10] 发送(hex): 20
[2026/09/15 18:37:10] 发送(hex): 20
[2026/09/15 18:37:10] 发送(hex): 20
[2026/09/15 18:37:10] 发送(hex): 20
[2026/09/15 18:37:10] 发送(hex): 20
[2026/09/15 18:37:10] 发送(hex): 20
[2026/09/15 18:37:10] 发送(hex): 20
[2026/09/15 18:37:10] 发送(hex): 20
[2026/09/15 18:37:10] 发送(hex): 20
[2026/09/15 18:37:10] 发送(hex): 20
[2026/09/15 18:37:10] 发送(hex): 20
[2026/09/15 18:37:10] 发送(hex): 20
[2026/09/15 18:37:10] 发送(hex): 20
[2026/09/15 18:37:10] 发送(hex): 20
[2026/09/15 18:37:10] 发送(hex): 20
[2026/09/15 18:37:10] 发送(hex): 20
[2026/09/15 18:37:10] 发送(hex): 20
[2026/09/15 18:37:10] 发送(hex): 20
[2026/09/15 18:37:10] 发送(hex): 20
[2026/09/15 18:37:10] 发送(hex): 20
[2026/09/15 18:37:10] 发送(hex): 20
[2026/09/15 18:37:10] 发送(hex): 20
[2026/09/15 18:37:10] 发送(hex): 20
[2026/09/15 18:37:10] 发送(hex): 20
[2026/09/15 18:37:10] 发送(hex): 20
[2026/09/15 18:37:10] 发送(hex): 20
[2026/09/15 18:37:10] 发送(hex): 20
[2026/09/15 18:37:10] 发送(hex): 20
[2026/09/15 18:37:10] 发送(hex): 20
[2026/09/15 18:37:10] 发送(hex): 20
[2026/09/15 18:37:10] 发送(hex): 20
[2026/09/15 18:37:10] 发送(hex): 20
[2026/09/15 18:37:10] 发送(hex): 20
[2026/09/15 18:37:10] 发送(hex): 20
[2026/09/15 18:37:10] 发送(hex): 20
[2026/09/15 18:37:10] 发送(hex): 20
[2026/09/15 18:37:10] 发送(hex): 20
[2026/09/15 18:37:10] 发送(hex): 20
[2026/09/15 18:37:10] 发送(hex): 20
[2026/09/15 18:37:10] 发送(hex): 20
[2026/09/15 18:37:10] 发送(hex): 20
[2026/09/15 18:37:10] 发送(hex): 20
[2026/09/15 18:37:10] 发送(hex): 20
[2026/09/15 18:37:10] 发送(hex): 20
[2026/09/15 18:37:10] 发送(hex): 20
[2026/09/15 18:37:10] 发送(hex): 20
[2026/09/15 18:37:10] 发送(hex): 20
[2026/09/15 18:37:10] 发送(hex): 20
[2026/09/15 18:37:10] 发送(hex): 20
[2026/09/15 18:37:10] 发送(hex): 20
[2026/09/15 18:37:10] 发送(hex): 20
[2026/09/15 18:37:11] 发送(hex): 20
[2026/09/15 18:37:11] 发送(hex): 20
[2026/09/15 18:37:11] 发送(hex): 20
[2026/09/15 18:37:11] 发送(hex): 20
[2026/09/15 18:37:11] 发送(hex): 20
[2026/09/15 18:37:11] 发送(hex): 20
[2026/09/15 18:37:11] 发送(hex): 20
[2026/09/15 18:37:11] 发送(hex): 20
[2026/09/15 18:37:11] 发送(hex): 20
[2026/09/15 18:37:11] 发送(hex): 20
[2026/09/15 18:37:11] 发送(hex): 20
[2026/09/15 18:37:11] 发送(hex): 20
[2026/09/15 18:37:11] 发送(hex): 20
[2026/09/15 18:37:11] 发送(hex): 20
[2026/09/15 18:37:11] 发送(hex): 20
[2026/09/15 18:37:11] 发送(hex): 20
[2026/09/15 18:37:11] 发送(hex): 20
[2026/09/15 18:37:11] 发送(hex): 20
[2026/09/15 18:37:11] 发送(hex): 20
[2026/09/15 18:37:11] 发送(hex): 20
[2026/09/15 18:37:11] 发送(hex): 20
[2026/09/15 18:37:11] 发送(hex): 20
[2026/09/15 18:37:11] 发送(hex): 20
[2026/09/15 18:37:11] 发送(hex): 20
[2026/09/15 18:37:11] 发送(hex): 20
[2026/09/15 18:37:11] 发送(hex): 20
[2026/09/15 18:37:11] 发送(hex): 20
[2026/09/15 18:37:11] 发送(hex): 20
[2026/09/15 18:37:11] 发送(hex): 20
[2026/09/15 18:37:11] 发送(hex): 20
[2026/09/15 18:37:11] 发送(hex): 20
[2026/09/15 18:37:11] 发送(hex): 20
[2026/09/15 18:37:11] 发送(hex): 20
[2026/09/15 18:37:11] 发送(hex): 20
[2026/09/15 18:37:11] 发送(hex): 20
[2026/09/15 18:37:11] 发送(hex): 20
[2026/09/15 18:37:11] 发送(hex): 20
[2026/09/15 18:37:11] 发送(hex): 20
[2026/09/15 18:37:11] 发送(hex): 20
[2026/09/15 18:37:11] 发送(hex): 20
[2026/09/15 18:37:11] 发送(hex): 20
[2026/09/15 18:37:11] 发送(hex): 20
[2026/09/15 18:37:11] 发送(hex): 20
[2026/09/15 18:37:11] 发送(hex): 20
[2026/09/15 18:37:11] 发送(hex): 20
[2026/09/15 18:37:11] 发送(hex): 20
[2026/09/15 18:37:11] 发送(hex): 20
[2026/09/15 18:37:11] 发送(hex): 20
[2026/09/15 18:37:11] 发送(hex): 20
[2026/09/15 18:37:11] 发送(hex): 20
[2026/09/15 18:37:11] 发送(hex): 20
[2026/09/15 18:37:11] 发送(hex): 20
[2026/09/15 18:37:11] 发送(hex): 20
[2026/09/15 18:37:11] 发送(hex): 20
[2026/09/15 18:37:11] 发送(hex): 20
[2026/09/15 18:37:11] 发送(hex): 20
[2026/09/15 18:37:11] 发送(hex): 20
[2026/09/15 18:37:11] 发送(hex): 20
[2026/09/15 18:37:11] 发送(hex): 20
[2026/09/15 18:37:11] 发送(hex): 20
[2026/09/15 18:37:11] 发送(hex): 20
[2026/09/15 18:37:11] 发送(hex): 20
[2026/09/15 18:37:11] 发送(hex): 20
[2026/09/15 18:37:11] 发送(hex): 20
[2026/09/15 18:37:11] 发送(hex): 20
[2026/09/15 18:37:11] 发送(hex): 20
[2026/09/15 18:37:11] 发送(hex): 20
[2026/09/15 18:37:11] 发送(hex): 20
[2026/09/15 18:37:11] 发送(hex): 20
[2026/09/15 18:37:11] 发送(hex): 20
[2026/09/15 18:37:11] 发送(hex): 20
[2026/09/15 18:37:11] 发送(hex): 20
[2026/09/15 18:37:11] 发送(hex): 20
[2026/09/15 18:37:11] 发送(hex): 20
[2026/09/15 18:37:11] 发送(hex): 20
[2026/09/15 18:37:11] 发送(hex): 20
[2026/09/15 18:37:11] 发送(hex): 20
[2026/09/15 18:37:11] 发送(hex): 20
[2026/09/15 18:37:11] 发送(hex): 20
[2026/09/15 18:37:11] 发送(hex): 20
[2026/09/15 18:37:11] 发送(hex): 20
[2026/09/15 18:37:11] 发送(hex): 20
[2026/09/15 18:37:11] 发送(hex): 20
[2026/09/15 18:37:11] 发送(hex): 20
[2026/09/15 18:37:11] 发送(hex): 20
[2026/09/15 18:37:11] 发送(hex): 20
[2026/09/15 18:37:11] 发送(hex): 20
[2026/09/15 18:37:11] 发送(hex): 20
[2026/09/15 18:37:11] 发送(hex): 20
[2026/09/15 18:37:11] 发送(hex): 20
[2026/09/15 18:37:11] 发送(hex): 20
[2026/09/15 18:37:11] 发送(hex): 20
[2026/09/15 18:37:11] 发送(hex): 20
[2026/09/15 18:37:11] 发送(hex): 20
[2026/09/15 18:37:12] 发送(hex): 20
[2026/09/15 18:37:12] 发送(hex): 20
[2026/09/15 18:37:12] 发送(hex): 20
[2026/09/15 18:37:12] 发送(hex): 20
[2026/09/15 18:37:12] 发送(hex): 20
[2026/09/15 18:37:12] 发送(hex): 20
[2026/09/15 18:37:12] 发送(hex): 20
[2026/09/15 18:37:12] 发送(hex): 20
[2026/09/15 18:37:12] 发送(hex): 20
[2026/09/15 18:37:12] 发送(hex): 20
[2026/09/15 18:37:12] 发送(hex): 20
[2026/09/15 18:37:12] 发送(hex): 20
[2026/09/15 18:37:12] 发送(hex): 20
[2026/09/15 18:37:12] 发送(hex): 20
[2026/09/15 18:37:12] 发送(hex): 20
[2026/09/15 18:37:12] 发送(hex): 20
[2026/09/15 18:37:12] 发送(hex): 20
[2026/09/15 18:37:12] 发送(hex): 20
[2026/09/15 18:37:12] 发送(hex): 20
[2026/09/15 18:37:12] 发送(hex): 20
[2026/09/15 18:37:12] 发送(hex): 20
[2026/09/15 18:37:12] 发送(hex): 20
[2026/09/15 18:37:12] 发送(hex): 20
[2026/09/15 18:37:12] 发送(hex): 20
[2026/09/15 18:37:12] 发送(hex): 20
[2026/09/15 18:37:12] 发送(hex): 20
[2026/09/15 18:37:12] 发送(hex): 20
[2026/09/15 18:37:12] 发送(hex): 20
[2026/09/15 18:37:12] 发送(hex): 20
[2026/09/15 18:37:12] 发送(hex): 20
[2026/09/15 18:37:12] 发送(hex): 20
[2026/09/15 18:37:12] 发送(hex): 20
[2026/09/15 18:37:12] 发送(hex): 20
[2026/09/15 18:37:12] 发送(hex): 20
[2026/09/15 18:37:12] 发送(hex): 20
[2026/09/15 18:37:12] 发送(hex): 20
[2026/09/15 18:37:12] 发送(hex): 20
[2026/09/15 18:37:12] 发送(hex): 20
[2026/09/15 18:37:12] 发送(hex): 20
[2026/09/15 18:37:12] 发送(hex): 20
[2026/09/15 18:37:12] 发送(hex): 20
[2026/09/15 18:37:12] 发送(hex): 20
[2026/09/15 18:37:12] 发送(hex): 20
[2026/09/15 18:37:12] 发送(hex): 20
[2026/09/15 18:37:12] 发送(hex): 20
[2026/09/15 18:37:12] 发送(hex): 20
[2026/09/15 18:37:12] 发送(hex): 20
[2026/09/15 18:37:12] 发送(hex): 20
[2026/09/15 18:37:12] 发送(hex): 20
[2026/09/15 18:37:12] 发送(hex): 20
[2026/09/15 18:37:12] 发送(hex): 20
[2026/09/15 18:37:12] 发送(hex): 20
[2026/09/15 18:37:12] 发送(hex): 20
[2026/09/15 18:37:12] 发送(hex): 20
[2026/09/15 18:37:12] 发送(hex): 20
[2026/09/15 18:37:12] 发送(hex): 20
[2026/09/15 18:37:12] 发送(hex): 20
[2026/09/15 18:37:12] 发送(hex): 20
[2026/09/15 18:37:12] 发送(hex): 20
[2026/09/15 18:37:12] 发送(hex): 20
[2026/09/15 18:37:12] 发送(hex): 20
[2026/09/15 18:37:12] 发送(hex): 20
[2026/09/15 18:37:12] 发送(hex): 20
[2026/09/15 18:37:12] 发送(hex): 20
[2026/09/15 18:37:12] 发送(hex): 20
[2026/09/15 18:37:12] 发送(hex): 20
[2026/09/15 18:37:12] 发送(hex): 20
[2026/09/15 18:37:12] 发送(hex): 20
[2026/09/15 18:37:12] 发送(hex): 20
[2026/09/15 18:37:12] 发送(hex): 20
[2026/09/15 18:37:12] 发送(hex): 20
[2026/09/15 18:37:12] 发送(hex): 20
[2026/09/15 18:37:12] 发送(hex): 20
[2026/09/15 18:37:12] 发送(hex): 20
[2026/09/15 18:37:12] 发送(hex): 20
[2026/09/15 18:37:12] 发送(hex): 20
[2026/09/15 18:37:12] 发送(hex): 20
[2026/09/15 18:37:12] 发送(hex): 20
[2026/09/15 18:37:12] 发送(hex): 20
[2026/09/15 18:37:12] 发送(hex): 20
[2026/09/15 18:37:12] 发送(hex): 20
[2026/09/15 18:37:12] 发送(hex): 20
[2026/09/15 18:37:12] 发送(hex): 20
[2026/09/15 18:37:12] 发送(hex): 20
[2026/09/15 18:37:12] 发送(hex): 20
[2026/09/15 18:37:12] 发送(hex): 20
[2026/09/15 18:37:12] 发送(hex): 20
[2026/09/15 18:37:12] 发送(hex): 20
[2026/09/15 18:37:12] 发送(hex): 20
[2026/09/15 18:37:12] 发送(hex): 20
[2026/09/15 18:37:12] 发送(hex): 20
[2026/09/15 18:37:12] 发送(hex): 20
[2026/09/15 18:37:12] 发送(hex): 20
[2026/09/15 18:37:13] 发送(hex): 20
[2026/09/15 18:37:13] 发送(hex): 20
[2026/09/15 18:37:13] 发送(hex): 20
[2026/09/15 18:37:13] 发送(hex): 20
[2026/09/15 18:37:13] 发送(hex): 20
[2026/09/15 18:37:13] 发送(hex): 20
[2026/09/15 18:37:13] 发送(hex): 20
[2026/09/15 18:37:13] 发送(hex): 20
[2026/09/15 18:37:13] 发送(hex): 20
[2026/09/15 18:37:13] 发送(hex): 20
[2026/09/15 18:37:13] 发送(hex): 20
[2026/09/15 18:37:13] 发送(hex): 20
[2026/09/15 18:37:13] 发送(hex): 20
[2026/09/15 18:37:13] 发送(hex): 20
[2026/09/15 18:37:13] 发送(hex): 20
[2026/09/15 18:37:13] 发送(hex): 20
[2026/09/15 18:37:13] 发送(hex): 20
[2026/09/15 18:37:13] 发送(hex): 20
[2026/09/15 18:37:13] 发送(hex): 20
[2026/09/15 18:37:13] 发送(hex): 20
[2026/09/15 18:37:13] 发送(hex): 20
[2026/09/15 18:37:13] 发送(hex): 20
[2026/09/15 18:37:13] 发送(hex): 20
[2026/09/15 18:37:13] 发送(hex): 20
[2026/09/15 18:37:13] 发送(hex): 20
[2026/09/15 18:37:13] 发送(hex): 20
[2026/09/15 18:37:13] 发送(hex): 20
[2026/09/15 18:37:13] 发送(hex): 20
[2026/09/15 18:37:13] 发送(hex): 20
[2026/09/15 18:37:13] 发送(hex): 20
[2026/09/15 18:37:13] 发送(hex): 20
[2026/09/15 18:37:13] 发送(hex): 20
[2026/09/15 18:37:13] 发送(hex): 20
[2026/09/15 18:37:13] 发送(hex): 20
[2026/09/15 18:37:13] 发送(hex): 20
[2026/09/15 18:37:13] 发送(hex): 20
[2026/09/15 18:37:13] 发送(hex): 20
[2026/09/15 18:37:13] 发送(hex): 20
[2026/09/15 18:37:13] 发送(hex): 20
[2026/09/15 18:37:13] 发送(hex): 20
[2026/09/15 18:37:13] 发送(hex): 20
[2026/09/15 18:37:13] 发送(hex): 20
[2026/09/15 18:37:13] 发送(hex): 20
[2026/09/15 18:37:13] 发送(hex): 20
[2026/09/15 18:37:18] 发送(hex): 0d
[2026/09/15 18:37:18] 发送(hex): 0d
[2026/09/15 18:37:18] Realtek>
[2026/09/15 18:37:18] 发送(hex): 0d
[2026/09/15 18:37:18] Realtek>
[2026/09/15 18:37:18] 发送(hex): 0d
[2026/09/15 18:37:18] 发送(hex): 0d
[2026/09/15 18:37:18] Realtek>
[2026/09/15 18:37:18] R
[2026/09/15 18:37:18] ealtek>
[2026/09/15 18:37:18] Realtek>
[2026/09/15 18:37:23] 发送(hex): 706d6f64652064697361626c653b72650d
[2026/09/15 18:37:23] pmode disable;re
[2026/09/15 18:37:23] uboot command for pmode disable!
[2026/09/15 18:37:23] resetting ...
[2026/09/15 18:37:23] $
[2026/09/15 18:37:23] Post romcode git ver:42df880604ac78a3 (Aug 28 2026 21:41:35)
[2026/09/15 18:37:23] $
[2026/09/15 18:37:23] Hello world, RTD2875P_CN2_TV030!
[2026/09/15 18:37:23] set_wifi_reset
[2026/09/15 18:37:23] Auxcode git ver:3a4deb9ea300359e (Aug 28 2026 21:41:29)
[2026/09/15 18:37:23] flash_type = 2, secure_type = 2
[2026/09/15 18:37:23] b8062204=20000
[2026/09/15 18:37:23] slot info 0 0x0 info 1 0x9021afbe
[2026/09/15 18:37:23] g_gpt_blk_start 0x1  g_offline_gpt 0x0 last_usable_lba 0x1cd2032 num_partition_entries 0x32
[2026/09/15 18:37:23] start 0x2e600000 clt_blk 0x1973004 ctrl size 0x20
[2026/09/15 18:37:23] choose active index 0
[2026/09/15 18:37:23] part name bootloader ative_slot _a real part name bootloader_a
[2026/09/15 18:37:23] part name hwsetting start 0x100000 size 0x33600
[2026/09/15 18:37:23] part name ext_fw start 0x133600 size 0x10400
[2026/09/15 18:37:23] part name kboot start 0x143a00 size 0x16e00
[2026/09/15 18:37:23] part name uboot start 0x15a800 size 0x120400
[2026/09/15 18:37:23] ls4 2 1 = 800040aa 8000207f 80001000
[2026/09/15 18:37:23] fNewHWsettingArch = 2
[2026/09/15 18:37:23] 1.lsadcidx = 2, brand =3, offset = 0
[2026/09/15 18:37:23] 1.lsadcidx = 2, brand =3, offset = 17800
[2026/09/15 18:37:23] hwsetting from mmc
[2026/09/15 18:37:23] AC on HW offset 0x809 start 0x800 reg 0x8090800
[2026/09/15 18:37:23] total = 2f00
[2026/09/15 18:37:23] A
[2026/09/15 18:37:23] A
[2026/09/15 18:37:23] A
[2026/09/15 18:37:23] A
[2026/09/15 18:37:23] A
[2026/09/15 18:37:23] {12 14}
[2026/09/15 18:37:23] ffeedd
[2026/09/15 18:37:23] ffeeddddr ver: 62c63180
[2026/09/15 18:37:23] ori DQS0~7 {03 04 1a 1c 00 01 00 00}
[2026/09/15 18:37:23] {01 03 19 1b 00 01 00 00} {09 09 07 09 06 05 00 00}
[2026/09/15 18:37:23] r.y.0 r.y.0 SCPU BISR status: Done
[2026/09/15 18:37:23] [go kb]
[2026/09/15 18:37:23] pass boo
[2026/09/15 18:37:23] tcode info to kboot
[2026/09/15 18:37:23] num=1056
[2026/09/15 18:37:23] boot_magic=20230423
[2026/09/15 18:37:23] ---DEBUG kboot 21:41:14 Aug 28 2026 ---
[2026/09/15 18:37:23] [Kboot]eMMC(mid-15) MMC_HS50 (50000000Mhz)[8bit].
[2026/09/15 18:37:23] block info 0x1cd2032 0x3a3e000.
[2026/09/15 18:37:23] [MMC] 32 -----------> 16GB.
[2026/09/15 18:37:23] (2379beef) (0) bufsize=(null)
[2026/09/15 18:37:23] uboot start 0x15a800 size 0x120400
[2026/09/15 18:37:23] board_versi
[2026/09/15 18:37:23] on: ls1 = 0, ver: 0
[2026/09/15 18:37:23] [0;31mapp_main 325 board_version=0[0m
[2026/09/15 18:37:24] get FW_TZFW flash start 0xf100200 ddr buf start 0x180000 image size 010c2e3 ok!
[2026/09/15 18:37:24] [INFO]RPMB auth key not written !
[2026/09/15 18:37:24] [INFO]RPMB auth key not written !
[2026/09/15 18:37:24] Current board is not frist boot.
[2026/09/15 18:37:24] ALL zero, reserved_3 has removed.
[2026/09/15 18:37:24] Current board remove reserved_3 done.
[2026/09/15 18:37:24] get FW_VKERNEL flash start 0x
[2026/09/15 18:37:24] c100200 ddr buf start 0x1a900000 image size 05f0300 ok!
[2026/09/15 18:37:24] get FW_VKERNEL2 flash start 0xd900200 ddr buf start 0x1af00000 image size 0f4920 ok!
[2026/09/15 18:37:24] get FW_AKERNEL flash start 0xa900200 ddr buf start 0x1b200000 image size 07fbf7c ok!
[2026/09/15 18:37:24] ATFATFATF:0 1 NOTICE: kill CPU(2)...
[2026/09/15 18:37:24] ATF:0 1 NOTICE: kill (2) : PACTIVE:0
[2026/09/15 18:37:24] ATF:0 1 NOTICE:  CPU(2) kill done, pstate(0x0)
[2026/09/15 18:37:24] U
[2026/09/15 18:37:24] fixup_node_name 555. set /reser
[2026/09/15 18:37:24] ved-memory@5 to /reserved-memory
[2026/09/15 18:37:24] fixup_node_name 555. set /rtk_cma@5 to /rtk_cma
[2026/09/15 18:37:24] ### [1;31mERROR[0m ### get_movablecore 613. Can't find dtb node /reserved-memory/cma2_memory/reg
[2026/09/15 18:37:24] reinit_mem_info 1049  ddr_size 80000000
[2026/09/15 18:37:24] booting, boot_led_type: 0x00000000, led on[1]
[2026/09/15 18:37:24] set share register: 0x99100000
[2026/09/15 18:37:24] boot_power_on_mode=1
[2026/09/15 18:37:24] [get_layout:1264]!
[2026/09/15 18:37:24] boot_part value = 0 boot_tag value = 21
[2026/09/15 18:37:24] [get_oemkey] 1397: get oem.key = ATV00107525
[2026/09/15 18:37:24] Factory_RO: [EXT4] factory_ro_buffer:0a800000, factory_ro_buffer size:0x1000000!
[2026/09/15 18:37:24] Partiton factory_ro_a located at 0:6
[2026/09/15 18:37:24] factory_ro_a partition can not find /.000@bk@***!
[2026/09/15 18:37:24] Factory RO no need recovery!
[2026/09/15 18:37:24] Get tvconfigs_a partition block device index fail!
[2026/09/15 18:37:24] read customer.ini file fail!
[2026/09/15 18:37:24] parse SYS_INI path fail
[2026/09/15 18:37:24] Not support board ini mechansim!
[2026/09/15 18:37:24] Get tvconfigs_a partition block device index fail!
[2026/09/15 18:37:24] read customer.ini file fail!
[2026/09/15 18:37:24] parse SYS_INI path fail
[2026/09/15 18:37:24] load model ini file fail
[2026/09/15 18:37:24] cannot find PcbPath from ini file
[2026/09/15 18:37:24] no pcb.config in tvconfigs
[2026/09/15 18:37:24] no mnt/vendor/factorypcb.config
[2026/09/15 18:37:25] delay:342
[2026/09/15 18:37:26] Vwait V1go
[2026/09/15 18:37:26] Vwait V2go
[2026/09/15 18:37:26] DEMOD BISR check Pass and disable demod CLK!!
[2026/09/15 18:37:26] [0;31mboard_version=0 sz=18M[0m
[2026/09/15 18:37:26] ATF:0 1 NOTICE: atf enter time:1181ms, current time:2696ms
[2026/09/15 18:37:26] ATF:0 1 NOTICE: 1st boot elapsed 2702ms
[2026/09/15 18:37:28] console:/ $
[2026/09/15 18:37:48] 发送(hex): 0d
[2026/09/15 18:37:48] 发送(hex): 0d
[2026/09/15 18:37:48] 发送(hex): 0d
[2026/09/15 18:37:48] console:/ $
[2026/09/15 18:37:48] console:/ $
[2026/09/15 18:37:48] conso
[2026/09/15 18:37:48] le:/ $
[2026/09/15 18:38:23] 发送(hex): 6c6f67636174207c67726570206d5a697046696c654e616d650d
[2026/09/15 18:38:23] logcat |grep mZipFileName
[2026/09/15 18:38:23] 09-1
[2026/09/15 18:38:23] 5 10:37:52.814  1035  1078 D BootAnimation: cxtest mZipFileName:/tvcust/aio_resources/resource/extension/common_TCL_LED_2K/bootanim/customized_bootanimation.zip
[2026/09/15 18:38:24] 发送(hex): 03
[2026/09/15 18:38:24] ^C
[2026/09/15 18:38:31] 发送(hex): 20
[2026/09/15 18:38:31] 发送(hex): 20
[2026/09/15 18:38:31] 发送(hex): 20
[2026/09/15 18:38:31] 发送(hex): 20
[2026/09/15 18:38:31] 发送(hex): 20
[2026/09/15 18:38:31] 发送(hex): 20
[2026/09/15 18:38:31] 发送(hex): 20
[2026/09/15 18:38:31] 发送(hex): 20
[2026/09/15 18:38:31] 发送(hex): 20
[2026/09/15 18:38:31] 发送(hex): 20
[2026/09/15 18:38:31] 发送(hex): 20
[2026/09/15 18:38:31] 发送(hex): 20
[2026/09/15 18:38:31] 发送(hex): 20
[2026/09/15 18:38:31] 发送(hex): 20
[2026/09/15 18:38:31] 发送(hex): 20
[2026/09/15 18:38:31] 发送(hex): 20
[2026/09/15 18:38:31] 发送(hex): 20
[2026/09/15 18:38:31] 发送(hex): 20
[2026/09/15 18:38:31] 发送(hex): 20
[2026/09/15 18:38:31] 发送(hex): 20
[2026/09/15 18:38:31] 发送(hex): 20
[2026/09/15 18:38:31] 发送(hex): 20
[2026/09/15 18:38:31] 发送(hex): 20
[2026/09/15 18:38:31] 发送(hex): 20
[2026/09/15 18:38:31] 发送(hex): 20
[2026/09/15 18:38:31] 发送(hex): 20
[2026/09/15 18:38:31] 发送(hex): 20
[2026/09/15 18:38:31] 发送(hex): 20
[2026/09/15 18:38:31] 发送(hex): 20
[2026/09/15 18:38:31] 发送(hex): 20
[2026/09/15 18:38:31] 发送(hex): 20
[2026/09/15 18:38:31] 发送(hex): 20
[2026/09/15 18:38:31] 发送(hex): 20
[2026/09/15 18:38:31] 发送(hex): 20
[2026/09/15 18:38:31] 发送(hex): 20
[2026/09/15 18:38:31] $
[2026/09/15 18:38:31] Post romcode git ver:42df880604ac78a3 (Aug 28 2026 21:41:35)
[2026/09/15 18:38:31] $
[2026/09/15 18:38:31] Hello world, RTD2875P_CN2_TV030!
[2026/09/15 18:38:31] set_wifi_reset
[2026/09/15 18:38:31] Auxcode git ver:3a4deb9ea300359e (Aug 28 2026 21:41:29)
[2026/09/15 18:38:31] flash_type = 2, secure_type = 2
[2026/09/15 18:38:31] b8062204=0
[2026/09/15 18:38:31] 发送(hex): 20
[2026/09/15 18:38:31] 发送(hex): 20
[2026/09/15 18:38:31] slot info 0 0x0 info 1 0x0
[2026/09/15 18:38:31] invalid reg slot status 0x0
[2026/09/15 18:38:31] 发送(hex): 20
[2026/09/15 18:38:31] 发送(hex): 20
[2026/09/15 18:38:31] 发送(hex): 20
[2026/09/15 18:38:31] 发送(hex): 20
[2026/09/15 18:38:31] 发送(hex): 20
[2026/09/15 18:38:31] 发送(hex): 20
[2026/09/15 18:38:31] 发送(hex): 20
[2026/09/15 18:38:31] 发送(hex): 20
[2026/09/15 18:38:31] ,get slot info from flash!
[2026/09/15 18:38:31] g_gpt_blk_start 0x1  g_offline_gpt 0x0 last_usable_lba 0x1cd2032 num_partition_entries 0x32
[2026/09/15 18:38:31] start 0x2e600000 clt_blk 0x1973004 ctrl size 0x20
[2026/09/15 18:38:31] choose active index 0
[2026/09/15 18:38:31] part name bootloader ative_slot _a real part name bootloader_a
[2026/09/15 18:38:31] part name hwsetting start 0x100000 size 0x33600
[2026/09/15 18:38:31] part name ext_fw start 0x133600 size 0x10400
[2026/09/15 18:38:31] part name kboot start 0x143a00 size 0x16e00
[2026/09/15 18:38:31] part name uboot start 0x15a800 size 0x120400
[2026/09/15 18:38:31] ls4 2 1 = 800040ab 8000207f 80001000
[2026/09/15 18:38:31] fNewHWsettingArch = 2
[2026/09/15 18:38:31] 1.lsadcidx = 2, brand =3, offset = 0
[2026/09/15 18:38:31] 1.lsadcidx = 2, brand =3, offset = 17800
[2026/09/15 18:38:31] hwsetting from mmc
[2026/09/15 18:38:31] AC on HW offset 0x809 start 0x800 reg 0x8090800
[2026/09/15 18:38:31] total = 2f00
[2026/09/15 18:38:31] 发送(hex): 20
[2026/09/15 18:38:31] 发送(hex): 20
[2026/09/15 18:38:31] 发送(hex): 20
[2026/09/15 18:38:31] 发送(hex): 20
[2026/09/15 18:38:31] A
[2026/09/15 18:38:31] 发送(hex): 20
[2026/09/15 18:38:31] 发送(hex): 20
[2026/09/15 18:38:31] A
[2026/09/15 18:38:31] 发送(hex): 20
[2026/09/15 18:38:31] A
[2026/09/15 18:38:31] A
[2026/09/15 18:38:31] 发送(hex): 20
[2026/09/15 18:38:31] 发送(hex): 20
[2026/09/15 18:38:31] A
[2026/09/15 18:38:31] 发送(hex): 20
[2026/09/15 18:38:31] 发送(hex): 20
[2026/09/15 18:38:31] {12 14}
[2026/09/15 18:38:31] ffeeddffeeddddr ver: 62c63180
[2026/09/15 18:38:31] ori DQS0~7 {03 04 1a 1c 00 01 00 00}
[2026/09/15 18:38:31] 发送(hex): 20
[2026/09/15 18:38:31] 发送(hex): 20
[2026/09/15 18:38:31] 发送(hex): 20
[2026/09/15 18:38:31] 发送(hex): 20
[2026/09/15 18:38:31] 发送(hex): 20
[2026/09/15 18:38:32] 发送(hex): 20
[2026/09/15 18:38:32] 发送(hex): 20
[2026/09/15 18:38:32] {01 03 19 1b 00 01 00 00} {0a 09 07 09 06 06 00 00}
[2026/09/15 18:38:32] r.y
[2026/09/15 18:38:32] 发送(hex): 20
[2026/09/15 18:38:32] 发送(hex): 20
[2026/09/15 18:38:32] .0 r.y.0 SCPU BISR status: Done
[2026/09/15 18:38:32] 发送(hex): 20
[2026/09/15 18:38:32] 发送(hex): 20
[2026/09/15 18:38:32] 发送(hex): 20
[2026/09/15 18:38:32] 发送(hex): 20
[2026/09/15 18:38:32] 发送(hex): 20
[2026/09/15 18:38:32] [go kb]
[2026/09/15 18:38:32] pass bootcode info to kboot
[2026/09/15 18:38:32] num=1100
[2026/09/15 18:38:32] boot_magic=2000
[2026/09/15 18:38:32] ---DEBUG kboot 21:41:14 Aug 28 2026 ---
[2026/09/15 18:38:32] [Kboot]eMMC(mid-15) MMC_HS50 (50000000Mhz)[8bit].
[2026/09/15 18:38:32] block info 0x1cd2032 0x3a3e000.
[2026/09/15 18:38:32] [MMC] 32 -----------> 16GB.
[2026/09/15 18:38:32] 发送(hex): 20
[2026/09/15 18:38:32] (00000000) (1) bufsize=(null)
[2026/09/15 18:38:32] 发送(hex): 20
[2026/09/15 18:38:32] 发送(hex): 20
[2026/09/15 18:38:32] 发送(hex): 20
[2026/09/15 18:38:32] uboot start 0x15a800 s
[2026/09/15 18:38:32] 发送(hex): 20
[2026/09/15 18:38:32] 发送(hex): 20
[2026/09/15 18:38:32] ize 0x120400
[2026/09/15 18:38:32] 发送(hex): 20
[2026/09/15 18:38:32] 发送(hex): 20
[2026/09/15 18:38:32] board_version: ls1 = 0, ver: 0
[2026/09/15 18:38:32] [0;31mapp_main 325 board_version=0[0m
[2026/09/15 18:38:32] 发送(hex): 20
[2026/09/15 18:38:32] 发送(hex): 20
[2026/09/15 18:38:32] 发送(hex): 20
[2026/09/15 18:38:32] 发送(hex): 20
[2026/09/15 18:38:32] 发送(hex): 20
[2026/09/15 18:38:32] 发送(hex): 20
[2026/09/15 18:38:32] get FW_TZFW flash start 0xf100200 ddr buf start 0x180000 image size 010c2e3 ok!
[2026/09/15 18:38:32] [INFO]RPMB auth key not written !
[2026/09/15 18:38:32] [INFO]RPMB auth key not written !
[2026/09/15 18:38:32] Current board is not frist boot.
[2026/09/15 18:38:32] ALL zero, reserved_3 has removed.
[2026/09/15 18:38:32] Current board remove reserved_3 done.
[2026/09/15 18:38:32] 发送(hex): 20
[2026/09/15 18:38:32] 发送(hex): 20
[2026/09/15 18:38:32] 发送(hex): 20
[2026/09/15 18:38:32] 发送(hex): 20
[2026/09/15 18:38:32] 发送(hex): 20
[2026/09/15 18:38:32] 发送(hex): 20
[2026/09/15 18:38:32] 发送(hex): 20
[2026/09/15 18:38:32] 发送(hex): 20
[2026/09/15 18:38:32] 发送(hex): 20
[2026/09/15 18:38:32] 发送(hex): 20
[2026/09/15 18:38:32] 发送(hex): 20
[2026/09/15 18:38:32] 发送(hex): 20
[2026/09/15 18:38:32] 发送(hex): 20
[2026/09/15 18:38:32] 发送(hex): 20
[2026/09/15 18:38:32] 发送(hex): 20
[2026/09/15 18:38:32] 发送(hex): 20
[2026/09/15 18:38:32] 发送(hex): 20
[2026/09/15 18:38:32] 发送(hex): 20
[2026/09/15 18:38:32] get FW_VKERNEL flash start
[2026/09/15 18:38:32] 发送(hex): 20
[2026/09/15 18:38:32] 发送(hex): 20
[2026/09/15 18:38:32] 0xc100200 ddr buf start 0x1a900000 image size 05f0300 ok!
[2026/09/15 18:38:32] 发送(hex): 20
[2026/09/15 18:38:32] 发送(hex): 20
[2026/09/15 18:38:32] 发送(hex): 20
[2026/09/15 18:38:32] 发送(hex): 20
[2026/09/15 18:38:32] get FW_VKERNEL2 flash start 0xd900200 ddr buf start 0x1af00000 image size 0f4920 ok!
[2026/09/15 18:38:32] 发送(hex): 20
[2026/09/15 18:38:32] 发送(hex): 20
[2026/09/15 18:38:32] 发送(hex): 20
[2026/09/15 18:38:32] 发送(hex): 20
[2026/09/15 18:38:32] 发送(hex): 20
[2026/09/15 18:38:32] 发送(hex): 20
[2026/09/15 18:38:32] 发送(hex): 20
[2026/09/15 18:38:32] 发送(hex): 20
[2026/09/15 18:38:32] 发送(hex): 20
[2026/09/15 18:38:32] 发送(hex): 20
[2026/09/15 18:38:32] 发送(hex): 20
[2026/09/15 18:38:32] 发送(hex): 20
[2026/09/15 18:38:32] 发送(hex): 20
[2026/09/15 18:38:32] 发送(hex): 20
[2026/09/15 18:38:32] 发送(hex): 20
[2026/09/15 18:38:32] 发送(hex): 20
[2026/09/15 18:38:32] 发送(hex): 20
[2026/09/15 18:38:32] 发送(hex): 20
[2026/09/15 18:38:32] 发送(hex): 20
[2026/09/15 18:38:32] 发送(hex): 20
[2026/09/15 18:38:32] 发送(hex): 20
[2026/09/15 18:38:32] 发送(hex): 20
[2026/09/15 18:38:32] 发送(hex): 20
[2026/09/15 18:38:32] 发送(hex): 20
[2026/09/15 18:38:32] 发送(hex): 20
[2026/09/15 18:38:32] 发送(hex): 20
[2026/09/15 18:38:32] get FW_AKERNEL flash start 0xa900200 ddr buf start 0x1b200000 image size 07fbf7c ok!
[2026/09/15 18:38:32] 发送(hex): 20
[2026/09/15 18:38:32] 发送(hex): 20
[2026/09/15 18:38:32] 发送(hex): 20
[2026/09/15 18:38:32] 发送(hex): 20
[2026/09/15 18:38:32] 发送(hex): 20
[2026/09/15 18:38:32] 发送(hex): 20
[2026/09/15 18:38:32] 发送(hex): 20
[2026/09/15 18:38:32] 发送(hex): 20
[2026/09/15 18:38:32] 发送(hex): 20
[2026/09/15 18:38:32] 发送(hex): 20
[2026/09/15 18:38:32] ATFATFATF:0 1 NOTICE: kill CPU(2)...
[2026/09/15 18:38:32] ATF:0 1 NOTICE: kill (2) : PACTIVE:0
[2026/09/15 18:38:32] ATF:0 1 NOTICE:  CPU(2) kill done, pstate(0x0)
[2026/09/15 18:38:32] 发送(hex): 20
[2026/09/15 18:38:32] 发送(hex): 20
[2026/09/15 18:38:32] U
[2026/09/15 18:38:32] 发送(hex): 20
[2026/09/15 18:38:32] 发送(hex): 20
[2026/09/15 18:38:32] 发送(hex): 20
[2026/09/15 18:38:32] 发送(hex): 20
[2026/09/15 18:38:32] 发送(hex): 20
[2026/09/15 18:38:32] 发送(hex): 20
[2026/09/15 18:38:32] 发送(hex): 20
[2026/09/15 18:38:32] 发送(hex): 20
[2026/09/15 18:38:33] 发送(hex): 20
[2026/09/15 18:38:33] 发送(hex): 20
[2026/09/15 18:38:33] 发送(hex): 20
[2026/09/15 18:38:33] fixup_node_name 555. set /reserv
[2026/09/15 18:38:33] 发送(hex): 20
[2026/09/15 18:38:33] 发送(hex): 20
[2026/09/15 18:38:33] 发送(hex): 20
[2026/09/15 18:38:33] 发送(hex): 20
[2026/09/15 18:38:33] ed-memory@5 to /reserved-memory
[2026/09/15 18:38:33] fixup_node_name 555. set /rtk_cma@5 to /rtk_cma
[2026/09/15 18:38:33] ### [1;31mERROR[0m ### get_movablecore 613. Can't find dtb node /reserved-memory/cma2_memory/reg
[2026/09/15 18:38:33] reinit_mem_info 1049  ddr_size 80000000
[2026/09/15 18:38:33] 发送(hex): 20
[2026/09/15 18:38:33] 发送(hex): 20
[2026/09/15 18:38:33] booting, boot_led_type: 0x00000000, led on[1]
[2026/09/15 18:38:33] set share register: 0x99100000
[2026/09/15 18:38:33] boot_power_on_mode=1
[2026/09/15 18:38:33] [get_layout:1264]!
[2026/09/15 18:38:33] 发送(hex): 20
[2026/09/15 18:38:33] 发送(hex): 20
[2026/09/15 18:38:33] 发送(hex): 20
[2026/09/15 18:38:33] 发送(hex): 20
[2026/09/15 18:38:33] 发送(hex): 20
[2026/09/15 18:38:33] 发送(hex): 20
[2026/09/15 18:38:33] 发送(hex): 20
[2026/09/15 18:38:33] 发送(hex): 20
[2026/09/15 18:38:33] boot_part value = 0 boot_tag value = 21
[2026/09/15 18:38:33] [get_oemkey] 1397: get oem.key = ATV00107525
[2026/09/15 18:38:33] Factory_RO: [EXT4] factory_ro_buffer:0a800000, factory_ro_buffer size:0x1000000!
[2026/09/15 18:38:33] Partiton factory_ro_a located at 0:6
[2026/09/15 18:38:33] factory_ro_a partition can not find /.000@bk@***!
[2026/09/15 18:38:33] Factory RO no need recovery!
[2026/09/15 18:38:33] Get tvconfigs_a partition block device index fail!
[2026/09/15 18:38:33] read customer.ini file fail!
[2026/09/15 18:38:33] parse SYS_INI path fail
[2026/09/15 18:38:33] Not support board ini mechansim!
[2026/09/15 18:38:33] Get tvconfigs_a partition block device index fail!
[2026/09/15 18:38:33] read customer.ini file fail!
[2026/09/15 18:38:33] parse SYS_INI path fail
[2026/09/15 18:38:33] load model ini file fail
[2026/09/15 18:38:33] cannot find PcbPath from ini file
[2026/09/15 18:38:33] no pcb.config in tvconfigs
[2026/09/15 18:38:33] no mnt/vendor/factorypcb.config
[2026/09/15 18:38:33] 发送(hex): 20
[2026/09/15 18:38:33] 发送(hex): 20
[2026/09/15 18:38:33] 发送(hex): 20
[2026/09/15 18:38:33] 发送(hex): 20
[2026/09/15 18:38:33] 发送(hex): 20
[2026/09/15 18:38:33] 发送(hex): 20
[2026/09/15 18:38:33] 发送(hex): 20
[2026/09/15 18:38:33] 发送(hex): 20
[2026/09/15 18:38:33] 发送(hex): 20
[2026/09/15 18:38:33] 发送(hex): 20
[2026/09/15 18:38:33] 发送(hex): 20
[2026/09/15 18:38:33] 发送(hex): 20
[2026/09/15 18:38:33] 发送(hex): 20
[2026/09/15 18:38:33] 发送(hex): 20
[2026/09/15 18:38:33] 发送(hex): 20
[2026/09/15 18:38:33] 发送(hex): 20
[2026/09/15 18:38:33] 发送(hex): 20
[2026/09/15 18:38:33] 发送(hex): 20
[2026/09/15 18:38:33] 发送(hex): 20
[2026/09/15 18:38:33] 发送(hex): 20
[2026/09/15 18:38:33] 发送(hex): 20
[2026/09/15 18:38:33] 发送(hex): 20
[2026/09/15 18:38:33] 发送(hex): 20
[2026/09/15 18:38:33] 发送(hex): 20
[2026/09/15 18:38:33] 发送(hex): 20
[2026/09/15 18:38:33] 发送(hex): 20
[2026/09/15 18:38:33] 发送(hex): 20
[2026/09/15 18:38:33] 发送(hex): 20
[2026/09/15 18:38:33] 发送(hex): 20
[2026/09/15 18:38:33] 发送(hex): 20
[2026/09/15 18:38:33] 发送(hex): 20
[2026/09/15 18:38:33] 发送(hex): 20
[2026/09/15 18:38:33] 发送(hex): 20
[2026/09/15 18:38:33] 发送(hex): 20
[2026/09/15 18:38:33] 发送(hex): 20
[2026/09/15 18:38:33] 发送(hex): 20
[2026/09/15 18:38:33] 发送(hex): 20
[2026/09/15 18:38:33] 发送(hex): 20
[2026/09/15 18:38:33] 发送(hex): 20
[2026/09/15 18:38:33] 发送(hex): 20
[2026/09/15 18:38:33] 发送(hex): 20
[2026/09/15 18:38:33] 发送(hex): 20
[2026/09/15 18:38:33] 发送(hex): 20
[2026/09/15 18:38:33] 发送(hex): 20
[2026/09/15 18:38:33] 发送(hex): 20
[2026/09/15 18:38:33] 发送(hex): 20
[2026/09/15 18:38:33] 发送(hex): 20
[2026/09/15 18:38:33] 发送(hex): 20
[2026/09/15 18:38:33] 发送(hex): 20
[2026/09/15 18:38:33] 发送(hex): 20
[2026/09/15 18:38:33] 发送(hex): 20
[2026/09/15 18:38:33] delay:426
[2026/09/15 18:38:33] 发送(hex): 20
[2026/09/15 18:38:33] 发送(hex): 20
[2026/09/15 18:38:33] 发送(hex): 20
[2026/09/15 18:38:33] 发送(hex): 20
[2026/09/15 18:38:33] 发送(hex): 20
[2026/09/15 18:38:33] 发送(hex): 20
[2026/09/15 18:38:33] 发送(hex): 20
[2026/09/15 18:38:33] 发送(hex): 20
[2026/09/15 18:38:33] 发送(hex): 20
[2026/09/15 18:38:33] 发送(hex): 20
[2026/09/15 18:38:33] 发送(hex): 20
[2026/09/15 18:38:33] 发送(hex): 20
[2026/09/15 18:38:33] 发送(hex): 20
[2026/09/15 18:38:33] 发送(hex): 20
[2026/09/15 18:38:33] 发送(hex): 20
[2026/09/15 18:38:33] 发送(hex): 20
[2026/09/15 18:38:33] 发送(hex): 20
[2026/09/15 18:38:33] 发送(hex): 20
[2026/09/15 18:38:33] 发送(hex): 20
[2026/09/15 18:38:33] 发送(hex): 20
[2026/09/15 18:38:33] 发送(hex): 20
[2026/09/15 18:38:33] 发送(hex): 20
[2026/09/15 18:38:33] 发送(hex): 20
[2026/09/15 18:38:34] 发送(hex): 20
[2026/09/15 18:38:34] 发送(hex): 20
[2026/09/15 18:38:34] 发送(hex): 20
[2026/09/15 18:38:34] 发送(hex): 20
[2026/09/15 18:38:34] 发送(hex): 20
[2026/09/15 18:38:34] 发送(hex): 20
[2026/09/15 18:38:34] 发送(hex): 20
[2026/09/15 18:38:34] 发送(hex): 20
[2026/09/15 18:38:34] 发送(hex): 20
[2026/09/15 18:38:34] 发送(hex): 20
[2026/09/15 18:38:34] 发送(hex): 20
[2026/09/15 18:38:34] 发送(hex): 20
[2026/09/15 18:38:34] 发送(hex): 20
[2026/09/15 18:38:34] 发送(hex): 20
[2026/09/15 18:38:34] 发送(hex): 20
[2026/09/15 18:38:34] 发送(hex): 20
[2026/09/15 18:38:34] 发送(hex): 20
[2026/09/15 18:38:34] 发送(hex): 20
[2026/09/15 18:38:34] 发送(hex): 20
[2026/09/15 18:38:34] 发送(hex): 20
[2026/09/15 18:38:34] 发送(hex): 20
[2026/09/15 18:38:34] Net:   r8168: REALTEK RTL8168 @0x18016000
[2026/09/15 18:38:34] 发送(hex): 20
[2026/09/15 18:38:34] Start B
[2026/09/15 18:38:34] 发送(hex): 20
[2026/09/15 18:38:34] 发送(hex): 20
[2026/09/15 18:38:34] oot Setup ...
[2026/09/15 18:38:34] (powerMgr_get_wakeup_source)2012/05/30 19:50
[2026/09/15 18:38:34] wakeup source : AC
[2026/09/15 18:38:34] 发送(hex): 20
[2026/09/15 18:38:34] 发送(hex): 20
[2026/09/15 18:38:34] 发送(hex): 20
[2026/09/15 18:38:34] (powerMgr_get_wakeup_source)2012/05/30 19:50
[2026/09/15 18:38:34] wakeup source : AC
[2026/09/15 18:38:34] wakeup_src=0, boot_logo_enable=1, bgm_boot_type=0, POWER_ON_MODE_SILEN=0.
[2026/09/15 18:38:34] 发送(hex): 20
[2026/09/15 18:38:34] 发送(hex): 20
[2026/09/15 18:38:34] 发送(hex): 20
[2026/09/15 18:38:34] GDMA module_init finish
[2026/09/15 18:38:34] [GDMA] OSD size[3840,2160]
[2026/09/15 18:38:34] [GDMA] gdma_showlogo gdma show logo 2632
[2026/09/15 18:38:34] Net:   r8168: REALTEK RTL8168 @0x18016000
[2026/09/15 18:38:34] 发送(hex): 20
[2026/09/15 18:38:34] 发送(hex): 20
[2026/09/15 18:38:34] ## Android Verified Boot 2.0 version
[2026/09/15 18:38:34] 发送(hex): 20
[2026/09/15 18:38:34] 1.1.0
[2026/09/15 18:38:34] 发送(hex): 20
[2026/09/15 18:38:34] 发送(hex): 20
[2026/09/15 18:38:34] 发送(hex): 20
[2026/09/15 18:38:34] 发送(hex): 20
[2026/09/15 18:38:34] 发送(hex): 20
[2026/09/15 18:38:34] 发送(hex): 20
[2026/09/15 18:38:34] 发送(hex): 20
[2026/09/15 18:38:34] 发送(hex): 20
[2026/09/15 18:38:34] 发送(hex): 20
[2026/09/15 18:38:34] 发送(hex): 20
[2026/09/15 18:38:34] 发送(hex): 20
[2026/09/15 18:38:34] 发送(hex): 20
[2026/09/15 18:38:34] 发送(hex): 20
[2026/09/15 18:38:34] 发送(hex): 20
[2026/09/15 18:38:34] 发送(hex): 20
[2026/09/15 18:38:34] 发送(hex): 20
[2026/09/15 18:38:34] 发送(hex): 20
[2026/09/15 18:38:34] 发送(hex): 20
[2026/09/15 18:38:34] 发送(hex): 20
[2026/09/15 18:38:34] 发送(hex): 20
[2026/09/15 18:38:34] 发送(hex): 20
[2026/09/15 18:38:34] 发送(hex): 20
[2026/09/15 18:38:34] 发送(hex): 20
[2026/09/15 18:38:34] 发送(hex): 20
[2026/09/15 18:38:34] 发送(hex): 20
[2026/09/15 18:38:34] 发送(hex): 20
[2026/09/15 18:38:34] 发送(hex): 20
[2026/09/15 18:38:34] 发送(hex): 20
[2026/09/15 18:38:34] 发送(hex): 20
[2026/09/15 18:38:34] 发送(hex): 20
[2026/09/15 18:38:34] 发送(hex): 20
[2026/09/15 18:38:34] 发送(hex): 20
[2026/09/15 18:38:34] 发送(hex): 20
[2026/09/15 18:38:34] 发送(hex): 20
[2026/09/15 18:38:34] 发送(hex): 20
[2026/09/15 18:38:34] 发送(hex): 20
[2026/09/15 18:38:34] 发送(hex): 20
[2026/09/15 18:38:34] 发送(hex): 20
[2026/09/15 18:38:34] 发送(hex): 20
[2026/09/15 18:38:34] 发送(hex): 20
[2026/09/15 18:38:34] 发送(hex): 20
[2026/09/15 18:38:34] 发送(hex): 20
[2026/09/15 18:38:34] 发送(hex): 20
[2026/09/15 18:38:34] 发送(hex): 20
[2026/09/15 18:38:34] 发送(hex): 20
[2026/09/15 18:38:34] 发送(hex): 20
[2026/09/15 18:38:34] 发送(hex): 20
[2026/09/15 18:38:34] Verification passed successfully
[2026/09/15 18:38:34] [Skip A] boot manual mode
[2026/09/15 18:38:34] [Skip V] boot manual mode
[2026/09/15 18:38:34] is_avb_verify_hash_partition 164 find avb verify part_name boot img_buf 0x66400000 size 0x307a000
[2026/09/15 18:38:34] boot header version : 4
[2026/09/15 18:38:34] is_avb_verify_hash_partition 164 find avb verify part_name vendor_boot img_buf 0x6bc00000 size 0x10a3000
[2026/09/15 18:38:34] get_partition_content_by_name 11954 get gpt_name init_boot_a err,try part name init_boot!
[2026/09/15 18:38:34] get_partition_content_by_name 11956 get part name init_boot err!
[2026/09/15 18:38:34] 发送(hex): 20
[2026/09/15 18:38:34] 发送(hex): 20
[2026/09/15 18:38:34] 发送(hex): 20
[2026/09/15 18:38:34] 发送(hex): 20
[2026/09/15 18:38:34] 发送(hex): 20
[2026/09/15 18:38:34] 发送(hex): 20
[2026/09/15 18:38:34] 发送(hex): 20
[2026/09/15 18:38:34] get_merge_ramdisk 11932 cur_ramdisk_size 0xf3096 real_cur_ramdisk_size 0xf3096
[2026/09/15 18:38:34] get_merge_ramdisk 11932 cur_ramdisk_size 0x2019e5 real_cur_ramdisk_size 0x2019e5
[2026/09/15 18:38:34] is_avb_verify_hash_partition 164 find avb verify part_name dtbo img_buf 0x6fc00000 size 0x1186
[2026/09/15 18:38:34] Net:   r8168: REALTEK RTL8168 @0x18016000
[2026/09/15 18:38:34] 发送(hex): 20
[2026/09/15 18:38:34] 发送(hex): 20
[2026/09/15 18:38:34] 发送(hex): 20
[2026/09/15 18:38:34] 发送(hex): 20
[2026/09/15 18:38:34] [Skip K] boot manual mode (execute "go all")
[2026/09/15 18:38:34] Enter console mode, disable watchdog ...
[2026/09/15 18:38:34] Realtek>
[2026/09/15 18:38:34] 发送(hex): 20
[2026/09/15 18:38:35] 发送(hex): 20
[2026/09/15 18:38:35] 发送(hex): 20
[2026/09/15 18:38:35] 发送(hex): 20
[2026/09/15 18:38:35] 发送(hex): 20
[2026/09/15 18:38:35] 发送(hex): 20
[2026/09/15 18:38:35] 发送(hex): 20
[2026/09/15 18:38:35] 发送(hex): 20
[2026/09/15 18:38:35] 发送(hex): 20
[2026/09/15 18:38:35] 发送(hex): 20
[2026/09/15 18:38:35] 发送(hex): 20
[2026/09/15 18:38:35] 发送(hex): 20
[2026/09/15 18:38:35] 发送(hex): 20
[2026/09/15 18:38:35] 发送(hex): 20
[2026/09/15 18:38:35] 发送(hex): 20
[2026/09/15 18:38:35] 发送(hex): 20
[2026/09/15 18:38:35] 发送(hex): 20
[2026/09/15 18:38:35] 发送(hex): 20
[2026/09/15 18:38:35] 发送(hex): 20
[2026/09/15 18:38:35] 发送(hex): 20
[2026/09/15 18:38:35] 发送(hex): 20
[2026/09/15 18:38:35] 发送(hex): 20
[2026/09/15 18:38:35] 发送(hex): 20
[2026/09/15 18:38:35] 发送(hex): 20
[2026/09/15 18:38:35] 发送(hex): 20
[2026/09/15 18:38:35] 发送(hex): 20
[2026/09/15 18:38:35] 发送(hex): 20
[2026/09/15 18:38:35] 发送(hex): 20
[2026/09/15 18:38:35] 发送(hex): 20
[2026/09/15 18:38:35] 发送(hex): 20
[2026/09/15 18:38:35] 发送(hex): 20
[2026/09/15 18:38:35] 发送(hex): 20
[2026/09/15 18:38:35] 发送(hex): 20
[2026/09/15 18:38:35] 发送(hex): 20
[2026/09/15 18:38:35] 发送(hex): 20
[2026/09/15 18:38:35] 发送(hex): 20
[2026/09/15 18:38:35] 发送(hex): 20
[2026/09/15 18:38:35] 发送(hex): 20
[2026/09/15 18:38:35] 发送(hex): 20
[2026/09/15 18:38:35] 发送(hex): 20
[2026/09/15 18:38:35] 发送(hex): 20
[2026/09/15 18:38:35] 发送(hex): 20
[2026/09/15 18:38:35] 发送(hex): 20
[2026/09/15 18:38:35] 发送(hex): 20
[2026/09/15 18:38:35] 发送(hex): 20
[2026/09/15 18:38:35] 发送(hex): 20
[2026/09/15 18:38:35] 发送(hex): 20
[2026/09/15 18:38:35] 发送(hex): 20
[2026/09/15 18:38:35] 发送(hex): 20
[2026/09/15 18:38:35] 发送(hex): 20
[2026/09/15 18:38:35] 发送(hex): 20
[2026/09/15 18:38:35] 发送(hex): 20
[2026/09/15 18:38:35] 发送(hex): 20
[2026/09/15 18:38:35] 发送(hex): 20
[2026/09/15 18:38:35] 发送(hex): 20
[2026/09/15 18:38:35] 发送(hex): 20
[2026/09/15 18:38:35] 发送(hex): 20
[2026/09/15 18:38:35] 发送(hex): 20
[2026/09/15 18:38:35] 发送(hex): 20
[2026/09/15 18:38:35] 发送(hex): 20
[2026/09/15 18:38:35] 发送(hex): 20
[2026/09/15 18:38:35] 发送(hex): 20
[2026/09/15 18:38:35] 发送(hex): 20
[2026/09/15 18:38:35] 发送(hex): 20
[2026/09/15 18:38:35] 发送(hex): 20
[2026/09/15 18:38:35] 发送(hex): 20
[2026/09/15 18:38:35] 发送(hex): 20
[2026/09/15 18:38:35] 发送(hex): 20
[2026/09/15 18:38:35] 发送(hex): 20
[2026/09/15 18:38:35] 发送(hex): 20
[2026/09/15 18:38:35] 发送(hex): 20
[2026/09/15 18:38:35] 发送(hex): 20
[2026/09/15 18:38:35] 发送(hex): 20
[2026/09/15 18:38:35] 发送(hex): 20
[2026/09/15 18:38:35] 发送(hex): 20
[2026/09/15 18:38:35] 发送(hex): 20
[2026/09/15 18:38:35] 发送(hex): 20
[2026/09/15 18:38:35] 发送(hex): 20
[2026/09/15 18:38:35] 发送(hex): 20
[2026/09/15 18:38:35] 发送(hex): 20
[2026/09/15 18:38:35] 发送(hex): 20
[2026/09/15 18:38:35] 发送(hex): 20
[2026/09/15 18:38:35] 发送(hex): 20
[2026/09/15 18:38:35] 发送(hex): 20
[2026/09/15 18:38:35] 发送(hex): 20
[2026/09/15 18:38:35] 发送(hex): 20
[2026/09/15 18:38:35] 发送(hex): 20
[2026/09/15 18:38:35] 发送(hex): 20
[2026/09/15 18:38:35] 发送(hex): 20
[2026/09/15 18:38:35] 发送(hex): 20
[2026/09/15 18:38:35] 发送(hex): 20
[2026/09/15 18:38:35] 发送(hex): 20
[2026/09/15 18:38:35] 发送(hex): 20
[2026/09/15 18:38:36] 发送(hex): 20
[2026/09/15 18:38:36] 发送(hex): 20
[2026/09/15 18:38:36] 发送(hex): 20
[2026/09/15 18:38:36] 发送(hex): 20
[2026/09/15 18:38:36] 发送(hex): 20
[2026/09/15 18:38:36] 发送(hex): 20
[2026/09/15 18:38:36] 发送(hex): 20
[2026/09/15 18:38:36] 发送(hex): 20
[2026/09/15 18:38:36] 发送(hex): 20
[2026/09/15 18:38:36] 发送(hex): 20
[2026/09/15 18:38:36] 发送(hex): 20
[2026/09/15 18:38:36] 发送(hex): 20
[2026/09/15 18:38:36] 发送(hex): 20
[2026/09/15 18:38:36] 发送(hex): 20
[2026/09/15 18:38:36] 发送(hex): 20
[2026/09/15 18:38:36] 发送(hex): 20
[2026/09/15 18:38:36] 发送(hex): 20
[2026/09/15 18:38:36] 发送(hex): 20
[2026/09/15 18:38:36] 发送(hex): 20
[2026/09/15 18:38:36] 发送(hex): 20
[2026/09/15 18:38:36] 发送(hex): 20
[2026/09/15 18:38:36] 发送(hex): 20
[2026/09/15 18:38:36] 发送(hex): 20
[2026/09/15 18:38:36] 发送(hex): 20
[2026/09/15 18:38:36] 发送(hex): 20
[2026/09/15 18:38:36] 发送(hex): 20
[2026/09/15 18:38:36] 发送(hex): 20
[2026/09/15 18:38:36] 发送(hex): 20
[2026/09/15 18:38:36] 发送(hex): 20
[2026/09/15 18:38:36] 发送(hex): 20
[2026/09/15 18:38:36] 发送(hex): 20
[2026/09/15 18:38:36] 发送(hex): 20
[2026/09/15 18:38:36] 发送(hex): 20
[2026/09/15 18:38:36] 发送(hex): 20
[2026/09/15 18:38:36] 发送(hex): 20
[2026/09/15 18:38:36] 发送(hex): 20
[2026/09/15 18:38:36] 发送(hex): 20
[2026/09/15 18:38:36] 发送(hex): 20
[2026/09/15 18:38:36] 发送(hex): 20
[2026/09/15 18:38:36] 发送(hex): 20
[2026/09/15 18:38:36] 发送(hex): 20
[2026/09/15 18:38:36] 发送(hex): 20
[2026/09/15 18:38:36] 发送(hex): 20
[2026/09/15 18:38:36] 发送(hex): 20
[2026/09/15 18:38:36] 发送(hex): 20
[2026/09/15 18:38:36] 发送(hex): 20
[2026/09/15 18:38:36] 发送(hex): 20
[2026/09/15 18:38:36] 发送(hex): 20
[2026/09/15 18:38:36] 发送(hex): 20
[2026/09/15 18:38:36] 发送(hex): 20
[2026/09/15 18:38:36] 发送(hex): 20
[2026/09/15 18:38:36] 发送(hex): 20
[2026/09/15 18:38:36] 发送(hex): 20
[2026/09/15 18:38:36] 发送(hex): 20
[2026/09/15 18:38:36] 发送(hex): 20
[2026/09/15 18:38:36] 发送(hex): 20
[2026/09/15 18:38:36] 发送(hex): 20
[2026/09/15 18:38:36] 发送(hex): 20
[2026/09/15 18:38:36] 发送(hex): 20
[2026/09/15 18:38:36] 发送(hex): 20
[2026/09/15 18:38:36] 发送(hex): 20
[2026/09/15 18:38:36] 发送(hex): 20
[2026/09/15 18:38:36] 发送(hex): 20
[2026/09/15 18:38:36] 发送(hex): 20
[2026/09/15 18:38:36] 发送(hex): 20
[2026/09/15 18:38:36] 发送(hex): 20
[2026/09/15 18:38:36] 发送(hex): 20
[2026/09/15 18:38:36] 发送(hex): 20
[2026/09/15 18:38:36] 发送(hex): 20
[2026/09/15 18:38:36] 发送(hex): 20
[2026/09/15 18:38:36] 发送(hex): 20
[2026/09/15 18:38:36] 发送(hex): 20
[2026/09/15 18:38:36] 发送(hex): 20
[2026/09/15 18:38:36] 发送(hex): 20
[2026/09/15 18:38:36] 发送(hex): 20
[2026/09/15 18:38:36] 发送(hex): 20
[2026/09/15 18:38:36] 发送(hex): 20
[2026/09/15 18:38:36] 发送(hex): 20
[2026/09/15 18:38:36] 发送(hex): 20
[2026/09/15 18:38:36] 发送(hex): 20
[2026/09/15 18:38:36] 发送(hex): 20
[2026/09/15 18:38:36] 发送(hex): 20
[2026/09/15 18:38:36] 发送(hex): 20
[2026/09/15 18:38:36] 发送(hex): 20
[2026/09/15 18:38:36] 发送(hex): 20
[2026/09/15 18:38:36] 发送(hex): 20
[2026/09/15 18:38:36] 发送(hex): 20
[2026/09/15 18:38:36] 发送(hex): 20
[2026/09/15 18:38:36] 发送(hex): 20
[2026/09/15 18:38:36] 发送(hex): 20
[2026/09/15 18:38:36] 发送(hex): 20
[2026/09/15 18:38:37] 发送(hex): 20
[2026/09/15 18:38:37] 发送(hex): 20
[2026/09/15 18:38:37] 发送(hex): 20
[2026/09/15 18:38:37] 发送(hex): 20
[2026/09/15 18:38:37] 发送(hex): 20
[2026/09/15 18:38:37] 发送(hex): 20
[2026/09/15 18:38:37] 发送(hex): 20
[2026/09/15 18:38:37] 发送(hex): 20
[2026/09/15 18:38:37] 发送(hex): 20
[2026/09/15 18:38:37] 发送(hex): 20
[2026/09/15 18:38:37] 发送(hex): 20
[2026/09/15 18:38:37] 发送(hex): 20
[2026/09/15 18:38:37] 发送(hex): 20
[2026/09/15 18:38:37] 发送(hex): 20
[2026/09/15 18:38:37] 发送(hex): 20
[2026/09/15 18:38:37] 发送(hex): 20
[2026/09/15 18:38:37] 发送(hex): 20
[2026/09/15 18:38:37] 发送(hex): 20
[2026/09/15 18:38:37] 发送(hex): 20
[2026/09/15 18:38:37] 发送(hex): 20
[2026/09/15 18:38:37] 发送(hex): 20
[2026/09/15 18:38:37] 发送(hex): 20
[2026/09/15 18:38:37] 发送(hex): 20
[2026/09/15 18:38:37] 发送(hex): 20
[2026/09/15 18:38:37] 发送(hex): 20
[2026/09/15 18:38:37] 发送(hex): 20
[2026/09/15 18:38:37] 发送(hex): 20
[2026/09/15 18:38:37] 发送(hex): 20
[2026/09/15 18:38:37] 发送(hex): 20
[2026/09/15 18:38:37] 发送(hex): 20
[2026/09/15 18:38:37] 发送(hex): 20
[2026/09/15 18:38:37] 发送(hex): 20
[2026/09/15 18:38:37] 发送(hex): 20
[2026/09/15 18:38:37] 发送(hex): 20
[2026/09/15 18:38:37] 发送(hex): 20
[2026/09/15 18:38:37] 发送(hex): 20
[2026/09/15 18:38:37] 发送(hex): 20
[2026/09/15 18:38:37] 发送(hex): 20
[2026/09/15 18:38:37] 发送(hex): 20
[2026/09/15 18:38:37] 发送(hex): 20
[2026/09/15 18:38:37] 发送(hex): 20
[2026/09/15 18:38:37] 发送(hex): 20
[2026/09/15 18:38:37] 发送(hex): 20
[2026/09/15 18:38:37] 发送(hex): 20
[2026/09/15 18:38:37] 发送(hex): 20
[2026/09/15 18:38:37] 发送(hex): 20
[2026/09/15 18:38:37] 发送(hex): 20
[2026/09/15 18:38:37] 发送(hex): 20
[2026/09/15 18:38:37] 发送(hex): 20
[2026/09/15 18:38:37] 发送(hex): 20
[2026/09/15 18:38:37] 发送(hex): 20
[2026/09/15 18:38:37] 发送(hex): 20
[2026/09/15 18:38:37] 发送(hex): 20
[2026/09/15 18:38:37] 发送(hex): 20
[2026/09/15 18:38:37] 发送(hex): 20
[2026/09/15 18:38:37] 发送(hex): 20
[2026/09/15 18:38:37] 发送(hex): 20
[2026/09/15 18:38:37] 发送(hex): 20
[2026/09/15 18:38:37] 发送(hex): 20
[2026/09/15 18:38:37] 发送(hex): 20
[2026/09/15 18:38:37] 发送(hex): 20
[2026/09/15 18:38:37] 发送(hex): 20
[2026/09/15 18:38:37] 发送(hex): 20
[2026/09/15 18:38:37] 发送(hex): 20
[2026/09/15 18:38:37] 发送(hex): 20
[2026/09/15 18:38:37] 发送(hex): 20
[2026/09/15 18:38:37] 发送(hex): 20
[2026/09/15 18:38:37] 发送(hex): 20
[2026/09/15 18:38:37] 发送(hex): 20
[2026/09/15 18:38:37] 发送(hex): 20
[2026/09/15 18:38:37] 发送(hex): 20
[2026/09/15 18:38:37] 发送(hex): 20
[2026/09/15 18:38:37] 发送(hex): 20
[2026/09/15 18:38:37] 发送(hex): 20
[2026/09/15 18:38:37] 发送(hex): 20
[2026/09/15 18:38:37] 发送(hex): 20
[2026/09/15 18:38:37] 发送(hex): 20
[2026/09/15 18:38:37] 发送(hex): 20
[2026/09/15 18:38:37] 发送(hex): 20
[2026/09/15 18:38:37] 发送(hex): 20
[2026/09/15 18:38:37] 发送(hex): 20
[2026/09/15 18:38:37] 发送(hex): 20
[2026/09/15 18:38:37] 发送(hex): 20
[2026/09/15 18:38:37] 发送(hex): 20
[2026/09/15 18:38:37] 发送(hex): 20
[2026/09/15 18:38:37] 发送(hex): 20
[2026/09/15 18:38:37] 发送(hex): 20
[2026/09/15 18:38:37] 发送(hex): 20
[2026/09/15 18:38:37] 发送(hex): 20
[2026/09/15 18:38:37] 发送(hex): 20
[2026/09/15 18:38:37] 发送(hex): 20
[2026/09/15 18:38:37] 发送(hex): 20
[2026/09/15 18:38:38] 发送(hex): 20
[2026/09/15 18:38:38] 发送(hex): 20
[2026/09/15 18:38:38] 发送(hex): 20
[2026/09/15 18:38:38] 发送(hex): 20
[2026/09/15 18:38:38] 发送(hex): 20
[2026/09/15 18:38:38] 发送(hex): 20
[2026/09/15 18:38:38] 发送(hex): 20
[2026/09/15 18:38:38] 发送(hex): 20
[2026/09/15 18:38:38] 发送(hex): 20
[2026/09/15 18:38:38] 发送(hex): 20
[2026/09/15 18:38:38] 发送(hex): 20
[2026/09/15 18:38:38] 发送(hex): 20
[2026/09/15 18:38:38] 发送(hex): 20
[2026/09/15 18:38:38] 发送(hex): 20
[2026/09/15 18:38:38] 发送(hex): 20
[2026/09/15 18:38:38] 发送(hex): 20
[2026/09/15 18:38:38] 发送(hex): 20
[2026/09/15 18:38:38] 发送(hex): 20
[2026/09/15 18:38:38] 发送(hex): 20
[2026/09/15 18:38:38] 发送(hex): 20
[2026/09/15 18:38:38] 发送(hex): 20
[2026/09/15 18:38:38] 发送(hex): 20
[2026/09/15 18:38:38] 发送(hex): 20
[2026/09/15 18:38:38] 发送(hex): 20
[2026/09/15 18:38:38] 发送(hex): 20
[2026/09/15 18:38:38] 发送(hex): 20
[2026/09/15 18:38:38] 发送(hex): 20
[2026/09/15 18:38:38] 发送(hex): 20
[2026/09/15 18:38:38] 发送(hex): 20
[2026/09/15 18:38:38] 发送(hex): 20
[2026/09/15 18:38:38] 发送(hex): 20
[2026/09/15 18:38:38] 发送(hex): 20
[2026/09/15 18:38:38] 发送(hex): 20
[2026/09/15 18:38:38] 发送(hex): 20
[2026/09/15 18:38:38] 发送(hex): 20
[2026/09/15 18:38:38] 发送(hex): 20
[2026/09/15 18:38:38] 发送(hex): 20
[2026/09/15 18:38:38] 发送(hex): 20
[2026/09/15 18:38:38] 发送(hex): 20
[2026/09/15 18:38:38] 发送(hex): 20
[2026/09/15 18:38:38] 发送(hex): 20
[2026/09/15 18:38:38] 发送(hex): 20
[2026/09/15 18:38:38] 发送(hex): 20
[2026/09/15 18:38:38] 发送(hex): 20
[2026/09/15 18:38:38] 发送(hex): 20
[2026/09/15 18:38:38] 发送(hex): 20
[2026/09/15 18:38:38] 发送(hex): 20
[2026/09/15 18:38:38] 发送(hex): 20
[2026/09/15 18:38:38] 发送(hex): 20
[2026/09/15 18:38:38] 发送(hex): 20
[2026/09/15 18:38:38] 发送(hex): 20
[2026/09/15 18:38:38] 发送(hex): 20
[2026/09/15 18:38:38] 发送(hex): 20
[2026/09/15 18:38:38] 发送(hex): 20
[2026/09/15 18:38:38] 发送(hex): 20
[2026/09/15 18:38:38] 发送(hex): 20
[2026/09/15 18:38:38] 发送(hex): 20
[2026/09/15 18:38:38] 发送(hex): 20
[2026/09/15 18:38:38] 发送(hex): 20
[2026/09/15 18:38:38] 发送(hex): 20
[2026/09/15 18:38:38] 发送(hex): 20
[2026/09/15 18:38:38] 发送(hex): 20
[2026/09/15 18:38:38] 发送(hex): 20
[2026/09/15 18:38:38] 发送(hex): 20
[2026/09/15 18:38:38] 发送(hex): 20
[2026/09/15 18:38:38] 发送(hex): 20
[2026/09/15 18:38:38] 发送(hex): 20
[2026/09/15 18:38:38] 发送(hex): 20
[2026/09/15 18:38:38] 发送(hex): 20
[2026/09/15 18:38:38] 发送(hex): 20
[2026/09/15 18:38:38] 发送(hex): 20
[2026/09/15 18:38:38] 发送(hex): 20
[2026/09/15 18:38:38] 发送(hex): 20
[2026/09/15 18:38:38] 发送(hex): 20
[2026/09/15 18:38:38] 发送(hex): 20
[2026/09/15 18:38:38] 发送(hex): 20
[2026/09/15 18:38:38] 发送(hex): 20
[2026/09/15 18:38:38] 发送(hex): 20
[2026/09/15 18:38:38] 发送(hex): 20
[2026/09/15 18:38:38] 发送(hex): 20
[2026/09/15 18:38:38] 发送(hex): 20
[2026/09/15 18:38:38] 发送(hex): 20
[2026/09/15 18:38:38] 发送(hex): 20
[2026/09/15 18:38:38] 发送(hex): 20
[2026/09/15 18:38:38] 发送(hex): 20
[2026/09/15 18:38:38] 发送(hex): 20
[2026/09/15 18:38:38] 发送(hex): 20
[2026/09/15 18:38:38] 发送(hex): 20
[2026/09/15 18:38:38] 发送(hex): 20
[2026/09/15 18:38:38] 发送(hex): 20
[2026/09/15 18:38:39] 发送(hex): 20
[2026/09/15 18:38:39] 发送(hex): 20
[2026/09/15 18:38:39] 发送(hex): 20
[2026/09/15 18:38:39] 发送(hex): 20
[2026/09/15 18:38:39] 发送(hex): 20
[2026/09/15 18:38:39] 发送(hex): 20
[2026/09/15 18:38:39] 发送(hex): 20
[2026/09/15 18:38:39] 发送(hex): 20
[2026/09/15 18:38:39] 发送(hex): 20
[2026/09/15 18:38:39] 发送(hex): 20
[2026/09/15 18:38:39] 发送(hex): 20
[2026/09/15 18:38:39] 发送(hex): 20
[2026/09/15 18:38:39] 发送(hex): 20
[2026/09/15 18:38:39] 发送(hex): 20
[2026/09/15 18:38:39] 发送(hex): 20
[2026/09/15 18:38:39] 发送(hex): 20
[2026/09/15 18:38:39] 发送(hex): 20
[2026/09/15 18:38:39] 发送(hex): 20
[2026/09/15 18:38:39] 发送(hex): 20
[2026/09/15 18:38:39] 发送(hex): 20
[2026/09/15 18:38:39] 发送(hex): 20
[2026/09/15 18:38:39] 发送(hex): 20
[2026/09/15 18:38:39] 发送(hex): 20
[2026/09/15 18:38:39] 发送(hex): 20
[2026/09/15 18:38:39] 发送(hex): 20
[2026/09/15 18:38:39] 发送(hex): 20
[2026/09/15 18:38:39] 发送(hex): 20
[2026/09/15 18:38:39] 发送(hex): 20
[2026/09/15 18:38:39] 发送(hex): 20
[2026/09/15 18:38:39] 发送(hex): 20
[2026/09/15 18:38:39] 发送(hex): 20
[2026/09/15 18:38:39] 发送(hex): 20
[2026/09/15 18:38:39] 发送(hex): 20
[2026/09/15 18:38:39] 发送(hex): 20
[2026/09/15 18:38:39] 发送(hex): 20
[2026/09/15 18:38:39] 发送(hex): 20
[2026/09/15 18:38:39] 发送(hex): 20
[2026/09/15 18:38:39] 发送(hex): 20
[2026/09/15 18:38:39] 发送(hex): 20
[2026/09/15 18:38:39] 发送(hex): 20
[2026/09/15 18:38:39] 发送(hex): 20
[2026/09/15 18:38:39] 发送(hex): 20
[2026/09/15 18:38:39] 发送(hex): 20
[2026/09/15 18:38:39] 发送(hex): 20
[2026/09/15 18:38:39] 发送(hex): 20
[2026/09/15 18:38:39] 发送(hex): 20
[2026/09/15 18:38:39] 发送(hex): 20
[2026/09/15 18:38:39] 发送(hex): 20
[2026/09/15 18:38:39] 发送(hex): 20
[2026/09/15 18:38:39] 发送(hex): 20
[2026/09/15 18:38:39] 发送(hex): 20
[2026/09/15 18:38:39] 发送(hex): 20
[2026/09/15 18:38:39] 发送(hex): 20
[2026/09/15 18:38:39] 发送(hex): 20
[2026/09/15 18:38:39] 发送(hex): 20
[2026/09/15 18:38:39] 发送(hex): 20
[2026/09/15 18:38:39] 发送(hex): 20
[2026/09/15 18:38:39] 发送(hex): 20
[2026/09/15 18:38:39] 发送(hex): 20
[2026/09/15 18:38:39] 发送(hex): 20
[2026/09/15 18:38:39] 发送(hex): 20
[2026/09/15 18:38:39] 发送(hex): 20
[2026/09/15 18:38:39] 发送(hex): 20
[2026/09/15 18:38:39] 发送(hex): 20
[2026/09/15 18:38:39] 发送(hex): 20
[2026/09/15 18:38:39] 发送(hex): 20
[2026/09/15 18:38:39] 发送(hex): 20
[2026/09/15 18:38:39] 发送(hex): 20
[2026/09/15 18:38:39] 发送(hex): 20
[2026/09/15 18:38:39] 发送(hex): 20
[2026/09/15 18:38:39] 发送(hex): 20
[2026/09/15 18:38:39] 发送(hex): 20
[2026/09/15 18:38:39] 发送(hex): 20
[2026/09/15 18:38:39] 发送(hex): 20
[2026/09/15 18:38:39] 发送(hex): 20
[2026/09/15 18:38:39] 发送(hex): 20
[2026/09/15 18:38:39] 发送(hex): 20
[2026/09/15 18:38:39] 发送(hex): 20
[2026/09/15 18:38:39] 发送(hex): 20
[2026/09/15 18:38:39] 发送(hex): 20
[2026/09/15 18:38:39] 发送(hex): 20
[2026/09/15 18:38:39] 发送(hex): 20
[2026/09/15 18:38:39] 发送(hex): 20
[2026/09/15 18:38:39] 发送(hex): 20
[2026/09/15 18:38:39] 发送(hex): 20
[2026/09/15 18:38:39] 发送(hex): 20
[2026/09/15 18:38:39] 发送(hex): 20
[2026/09/15 18:38:39] 发送(hex): 20
[2026/09/15 18:38:39] 发送(hex): 20
[2026/09/15 18:38:39] 发送(hex): 20
[2026/09/15 18:38:39] 发送(hex): 20
[2026/09/15 18:38:40] 发送(hex): 20
[2026/09/15 18:38:40] 发送(hex): 20
[2026/09/15 18:38:40] 发送(hex): 20
[2026/09/15 18:38:40] 发送(hex): 20
[2026/09/15 18:38:40] 发送(hex): 20
[2026/09/15 18:38:40] 发送(hex): 20
[2026/09/15 18:38:40] 发送(hex): 20
[2026/09/15 18:38:40] 发送(hex): 20
[2026/09/15 18:38:40] 发送(hex): 20
[2026/09/15 18:38:40] 发送(hex): 20
[2026/09/15 18:38:40] 发送(hex): 20
[2026/09/15 18:38:40] 发送(hex): 20
[2026/09/15 18:38:40] 发送(hex): 20
[2026/09/15 18:38:40] 发送(hex): 20
[2026/09/15 18:38:40] 发送(hex): 20
[2026/09/15 18:38:40] 发送(hex): 20
[2026/09/15 18:38:40] 发送(hex): 20
[2026/09/15 18:38:40] 发送(hex): 20
[2026/09/15 18:38:40] 发送(hex): 20
[2026/09/15 18:38:40] 发送(hex): 20
[2026/09/15 18:38:40] 发送(hex): 20
[2026/09/15 18:38:40] 发送(hex): 20
[2026/09/15 18:38:40] 发送(hex): 20
[2026/09/15 18:38:40] 发送(hex): 20
[2026/09/15 18:38:40] 发送(hex): 20
[2026/09/15 18:38:40] 发送(hex): 20
[2026/09/15 18:38:40] 发送(hex): 20
[2026/09/15 18:38:40] 发送(hex): 20
[2026/09/15 18:38:40] 发送(hex): 20
[2026/09/15 18:38:40] 发送(hex): 20
[2026/09/15 18:38:40] 发送(hex): 20
[2026/09/15 18:38:40] 发送(hex): 20
[2026/09/15 18:38:40] 发送(hex): 20
[2026/09/15 18:38:40] 发送(hex): 20
[2026/09/15 18:38:40] 发送(hex): 20
[2026/09/15 18:38:40] 发送(hex): 20
[2026/09/15 18:38:40] 发送(hex): 20
[2026/09/15 18:38:40] 发送(hex): 20
[2026/09/15 18:38:40] 发送(hex): 20
[2026/09/15 18:38:40] 发送(hex): 20
[2026/09/15 18:38:40] 发送(hex): 20
[2026/09/15 18:38:40] 发送(hex): 20
[2026/09/15 18:38:40] 发送(hex): 20
[2026/09/15 18:38:40] 发送(hex): 20
[2026/09/15 18:38:40] 发送(hex): 20
[2026/09/15 18:38:40] 发送(hex): 20
[2026/09/15 18:38:40] 发送(hex): 20
[2026/09/15 18:38:40] 发送(hex): 20
[2026/09/15 18:38:40] 发送(hex): 20
[2026/09/15 18:38:40] 发送(hex): 20
[2026/09/15 18:38:40] 发送(hex): 20
[2026/09/15 18:38:40] 发送(hex): 20
[2026/09/15 18:38:40] 发送(hex): 20
[2026/09/15 18:38:40] 发送(hex): 20
[2026/09/15 18:38:40] 发送(hex): 20
[2026/09/15 18:38:40] 发送(hex): 20
[2026/09/15 18:38:40] 发送(hex): 20
[2026/09/15 18:38:40] 发送(hex): 20
[2026/09/15 18:38:40] 发送(hex): 20
[2026/09/15 18:38:40] 发送(hex): 20
[2026/09/15 18:38:40] 发送(hex): 20
[2026/09/15 18:38:40] 发送(hex): 20
[2026/09/15 18:38:40] 发送(hex): 20
[2026/09/15 18:38:40] 发送(hex): 20
[2026/09/15 18:38:40] 发送(hex): 20
[2026/09/15 18:38:40] 发送(hex): 20
[2026/09/15 18:38:40] 发送(hex): 20
[2026/09/15 18:38:40] 发送(hex): 20
[2026/09/15 18:38:40] 发送(hex): 20
[2026/09/15 18:38:40] 发送(hex): 20
[2026/09/15 18:38:40] 发送(hex): 20
[2026/09/15 18:38:40] 发送(hex): 20
[2026/09/15 18:38:40] 发送(hex): 20
[2026/09/15 18:38:40] 发送(hex): 20
[2026/09/15 18:38:40] 发送(hex): 20
[2026/09/15 18:38:40] 发送(hex): 20
[2026/09/15 18:38:40] 发送(hex): 20
[2026/09/15 18:38:40] 发送(hex): 20
[2026/09/15 18:38:40] 发送(hex): 20
[2026/09/15 18:38:40] 发送(hex): 20
[2026/09/15 18:38:40] 发送(hex): 20
[2026/09/15 18:38:40] 发送(hex): 20
[2026/09/15 18:38:40] 发送(hex): 20
[2026/09/15 18:38:40] 发送(hex): 20
[2026/09/15 18:38:40] 发送(hex): 20
[2026/09/15 18:38:40] 发送(hex): 20
[2026/09/15 18:38:40] 发送(hex): 20
[2026/09/15 18:38:40] 发送(hex): 20
[2026/09/15 18:38:40] 发送(hex): 20
[2026/09/15 18:38:40] 发送(hex): 20
[2026/09/15 18:38:40] 发送(hex): 20
[2026/09/15 18:38:41] 发送(hex): 20
[2026/09/15 18:38:41] 发送(hex): 20
[2026/09/15 18:38:41] 发送(hex): 20
[2026/09/15 18:38:41] 发送(hex): 20
[2026/09/15 18:38:41] 发送(hex): 20
[2026/09/15 18:38:41] 发送(hex): 20
[2026/09/15 18:38:41] 发送(hex): 20
[2026/09/15 18:38:41] 发送(hex): 20
[2026/09/15 18:38:41] 发送(hex): 20
[2026/09/15 18:38:41] 发送(hex): 20
[2026/09/15 18:38:41] 发送(hex): 20
[2026/09/15 18:38:41] 发送(hex): 20
[2026/09/15 18:38:41] 发送(hex): 20
[2026/09/15 18:38:41] 发送(hex): 20
[2026/09/15 18:38:41] 发送(hex): 20
[2026/09/15 18:38:41] 发送(hex): 20
[2026/09/15 18:38:41] 发送(hex): 20
[2026/09/15 18:38:41] 发送(hex): 20
[2026/09/15 18:38:41] 发送(hex): 20
[2026/09/15 18:38:41] 发送(hex): 20
[2026/09/15 18:38:41] 发送(hex): 20
[2026/09/15 18:38:41] 发送(hex): 20
[2026/09/15 18:38:41] 发送(hex): 20
[2026/09/15 18:38:41] 发送(hex): 20
[2026/09/15 18:38:41] 发送(hex): 20
[2026/09/15 18:38:41] 发送(hex): 20
[2026/09/15 18:38:41] 发送(hex): 20
[2026/09/15 18:38:41] 发送(hex): 20
[2026/09/15 18:38:41] 发送(hex): 20
[2026/09/15 18:38:41] 发送(hex): 20
[2026/09/15 18:38:41] 发送(hex): 20
[2026/09/15 18:38:41] 发送(hex): 20
[2026/09/15 18:38:41] 发送(hex): 20
[2026/09/15 18:38:41] 发送(hex): 20
[2026/09/15 18:38:41] 发送(hex): 20
[2026/09/15 18:38:41] 发送(hex): 20
[2026/09/15 18:38:41] 发送(hex): 20
[2026/09/15 18:38:41] 发送(hex): 20
[2026/09/15 18:38:41] 发送(hex): 20
[2026/09/15 18:38:41] 发送(hex): 20
[2026/09/15 18:38:41] 发送(hex): 20
[2026/09/15 18:38:41] 发送(hex): 20
[2026/09/15 18:38:41] 发送(hex): 20
[2026/09/15 18:38:41] 发送(hex): 20
[2026/09/15 18:38:41] 发送(hex): 20
[2026/09/15 18:38:41] 发送(hex): 20
[2026/09/15 18:38:41] 发送(hex): 20
[2026/09/15 18:38:41] 发送(hex): 20
[2026/09/15 18:38:41] 发送(hex): 20
[2026/09/15 18:38:41] 发送(hex): 20
[2026/09/15 18:38:41] 发送(hex): 20
[2026/09/15 18:38:41] 发送(hex): 20
[2026/09/15 18:38:41] 发送(hex): 20
[2026/09/15 18:38:41] 发送(hex): 20
[2026/09/15 18:38:41] 发送(hex): 20
[2026/09/15 18:38:41] 发送(hex): 20
[2026/09/15 18:38:41] 发送(hex): 20
[2026/09/15 18:38:41] 发送(hex): 20
[2026/09/15 18:38:41] 发送(hex): 20
[2026/09/15 18:38:41] 发送(hex): 20
[2026/09/15 18:38:41] 发送(hex): 20
[2026/09/15 18:38:41] 发送(hex): 20
[2026/09/15 18:38:41] 发送(hex): 20
[2026/09/15 18:38:41] 发送(hex): 20
[2026/09/15 18:38:41] 发送(hex): 20
[2026/09/15 18:38:41] 发送(hex): 20
[2026/09/15 18:38:41] 发送(hex): 20
[2026/09/15 18:38:41] 发送(hex): 20
[2026/09/15 18:38:41] 发送(hex): 20
[2026/09/15 18:38:41] 发送(hex): 20
[2026/09/15 18:38:41] 发送(hex): 20
[2026/09/15 18:38:41] 发送(hex): 20
[2026/09/15 18:38:41] 发送(hex): 20
[2026/09/15 18:38:41] 发送(hex): 20
[2026/09/15 18:38:41] 发送(hex): 20
[2026/09/15 18:38:41] 发送(hex): 20
[2026/09/15 18:38:41] 发送(hex): 20
[2026/09/15 18:38:41] 发送(hex): 20
[2026/09/15 18:38:41] 发送(hex): 20
[2026/09/15 18:38:41] 发送(hex): 20
[2026/09/15 18:38:41] 发送(hex): 20
[2026/09/15 18:38:41] 发送(hex): 20
[2026/09/15 18:38:41] 发送(hex): 20
[2026/09/15 18:38:41] 发送(hex): 20
[2026/09/15 18:38:41] 发送(hex): 20
[2026/09/15 18:38:41] 发送(hex): 20
[2026/09/15 18:38:41] 发送(hex): 20
[2026/09/15 18:38:41] 发送(hex): 20
[2026/09/15 18:38:41] 发送(hex): 20
[2026/09/15 18:38:41] 发送(hex): 20
[2026/09/15 18:38:41] 发送(hex): 20
[2026/09/15 18:38:41] 发送(hex): 20
[2026/09/15 18:38:41] 发送(hex): 20
[2026/09/15 18:38:42] 发送(hex): 20
[2026/09/15 18:38:42] 发送(hex): 20
[2026/09/15 18:38:42] 发送(hex): 20
[2026/09/15 18:38:42] 发送(hex): 20
[2026/09/15 18:38:42] 发送(hex): 20
[2026/09/15 18:38:42] 发送(hex): 20
[2026/09/15 18:38:42] 发送(hex): 20
[2026/09/15 18:38:42] 发送(hex): 20
[2026/09/15 18:38:42] 发送(hex): 20
[2026/09/15 18:38:42] 发送(hex): 20
[2026/09/15 18:38:42] 发送(hex): 20
[2026/09/15 18:38:42] 发送(hex): 20
[2026/09/15 18:38:42] 发送(hex): 20
[2026/09/15 18:38:42] 发送(hex): 20
[2026/09/15 18:38:42] 发送(hex): 20
[2026/09/15 18:38:42] 发送(hex): 20
[2026/09/15 18:38:42] 发送(hex): 20
[2026/09/15 18:38:42] 发送(hex): 20
[2026/09/15 18:38:42] 发送(hex): 20
[2026/09/15 18:38:42] 发送(hex): 20
[2026/09/15 18:38:42] 发送(hex): 20
[2026/09/15 18:38:42] 发送(hex): 20
[2026/09/15 18:38:42] 发送(hex): 20
[2026/09/15 18:38:42] 发送(hex): 20
[2026/09/15 18:38:42] 发送(hex): 20
[2026/09/15 18:38:42] 发送(hex): 20
[2026/09/15 18:38:42] 发送(hex): 20
[2026/09/15 18:38:42] 发送(hex): 20
[2026/09/15 18:38:42] 发送(hex): 20
[2026/09/15 18:38:42] 发送(hex): 20
[2026/09/15 18:38:42] 发送(hex): 20
[2026/09/15 18:38:42] 发送(hex): 20
[2026/09/15 18:38:42] 发送(hex): 20
[2026/09/15 18:38:42] 发送(hex): 20
[2026/09/15 18:38:42] 发送(hex): 20
[2026/09/15 18:38:42] 发送(hex): 20
[2026/09/15 18:38:42] 发送(hex): 20
[2026/09/15 18:38:42] 发送(hex): 20
[2026/09/15 18:38:42] 发送(hex): 20
[2026/09/15 18:38:42] 发送(hex): 20
[2026/09/15 18:38:42] 发送(hex): 20
[2026/09/15 18:38:42] 发送(hex): 20
[2026/09/15 18:38:42] 发送(hex): 20
[2026/09/15 18:38:42] 发送(hex): 20
[2026/09/15 18:38:42] 发送(hex): 20
[2026/09/15 18:38:42] 发送(hex): 20
[2026/09/15 18:38:42] 发送(hex): 20
[2026/09/15 18:38:42] 发送(hex): 20
[2026/09/15 18:38:42] 发送(hex): 20
[2026/09/15 18:38:42] 发送(hex): 20
[2026/09/15 18:38:42] 发送(hex): 20
[2026/09/15 18:38:42] 发送(hex): 20
[2026/09/15 18:38:42] 发送(hex): 20
[2026/09/15 18:38:42] 发送(hex): 20
[2026/09/15 18:38:42] 发送(hex): 20
[2026/09/15 18:38:42] 发送(hex): 20
[2026/09/15 18:38:42] 发送(hex): 20
[2026/09/15 18:38:42] 发送(hex): 20
[2026/09/15 18:38:42] 发送(hex): 20
[2026/09/15 18:38:42] 发送(hex): 20
[2026/09/15 18:38:42] 发送(hex): 20
[2026/09/15 18:38:42] 发送(hex): 20
[2026/09/15 18:38:42] 发送(hex): 20
[2026/09/15 18:38:42] 发送(hex): 20
[2026/09/15 18:38:42] 发送(hex): 20
[2026/09/15 18:38:42] 发送(hex): 20
[2026/09/15 18:38:42] 发送(hex): 20
[2026/09/15 18:38:42] 发送(hex): 20
[2026/09/15 18:38:42] 发送(hex): 20
[2026/09/15 18:38:42] 发送(hex): 20
[2026/09/15 18:38:42] 发送(hex): 20
[2026/09/15 18:38:42] 发送(hex): 20
[2026/09/15 18:38:42] 发送(hex): 20
[2026/09/15 18:38:42] 发送(hex): 20
[2026/09/15 18:38:42] 发送(hex): 20
[2026/09/15 18:38:42] 发送(hex): 20
[2026/09/15 18:38:42] 发送(hex): 20
[2026/09/15 18:38:42] 发送(hex): 20
[2026/09/15 18:38:42] 发送(hex): 20
[2026/09/15 18:38:42] 发送(hex): 20
[2026/09/15 18:38:42] 发送(hex): 20
[2026/09/15 18:38:42] 发送(hex): 20
[2026/09/15 18:38:42] 发送(hex): 20
[2026/09/15 18:38:42] 发送(hex): 20
[2026/09/15 18:38:42] 发送(hex): 20
[2026/09/15 18:38:42] 发送(hex): 20
[2026/09/15 18:38:42] 发送(hex): 20
[2026/09/15 18:38:42] 发送(hex): 20
[2026/09/15 18:38:42] 发送(hex): 20
[2026/09/15 18:38:42] 发送(hex): 20
[2026/09/15 18:38:42] 发送(hex): 20
[2026/09/15 18:38:42] 发送(hex): 20
[2026/09/15 18:38:43] 发送(hex): 20
[2026/09/15 18:38:43] 发送(hex): 20
[2026/09/15 18:38:43] 发送(hex): 20
[2026/09/15 18:38:43] 发送(hex): 20
[2026/09/15 18:38:43] 发送(hex): 20
[2026/09/15 18:38:43] 发送(hex): 20
[2026/09/15 18:38:43] 发送(hex): 20
[2026/09/15 18:38:43] 发送(hex): 20
[2026/09/15 18:38:43] 发送(hex): 20
[2026/09/15 18:38:43] 发送(hex): 20
[2026/09/15 18:38:43] 发送(hex): 20
[2026/09/15 18:38:43] 发送(hex): 20
[2026/09/15 18:38:43] 发送(hex): 20
[2026/09/15 18:38:43] 发送(hex): 20
[2026/09/15 18:38:43] 发送(hex): 20
[2026/09/15 18:38:43] 发送(hex): 20
[2026/09/15 18:38:43] 发送(hex): 20
[2026/09/15 18:38:43] 发送(hex): 20
[2026/09/15 18:38:43] 发送(hex): 20
[2026/09/15 18:38:43] 发送(hex): 20
[2026/09/15 18:38:43] 发送(hex): 20
[2026/09/15 18:38:43] 发送(hex): 20
[2026/09/15 18:38:43] 发送(hex): 20
[2026/09/15 18:38:43] 发送(hex): 20
[2026/09/15 18:38:43] 发送(hex): 20
[2026/09/15 18:38:43] 发送(hex): 20
[2026/09/15 18:38:43] 发送(hex): 20
[2026/09/15 18:38:43] 发送(hex): 20
[2026/09/15 18:38:43] 发送(hex): 20
[2026/09/15 18:38:43] 发送(hex): 20
[2026/09/15 18:38:43] 发送(hex): 20
[2026/09/15 18:38:43] 发送(hex): 20
[2026/09/15 18:38:43] 发送(hex): 20
[2026/09/15 18:38:43] 发送(hex): 20
[2026/09/15 18:38:43] 发送(hex): 20
[2026/09/15 18:38:43] 发送(hex): 20
[2026/09/15 18:38:43] 发送(hex): 20
[2026/09/15 18:38:43] 发送(hex): 20
[2026/09/15 18:38:43] 发送(hex): 20
[2026/09/15 18:38:43] 发送(hex): 20
[2026/09/15 18:38:43] 发送(hex): 20
[2026/09/15 18:38:43] 发送(hex): 20
[2026/09/15 18:38:43] 发送(hex): 20
[2026/09/15 18:38:43] 发送(hex): 20
[2026/09/15 18:38:43] 发送(hex): 20
[2026/09/15 18:38:43] 发送(hex): 20
[2026/09/15 18:38:43] 发送(hex): 20
[2026/09/15 18:38:43] 发送(hex): 20
[2026/09/15 18:38:43] 发送(hex): 20
[2026/09/15 18:38:43] 发送(hex): 20
[2026/09/15 18:38:43] 发送(hex): 20
[2026/09/15 18:38:43] 发送(hex): 20
[2026/09/15 18:38:43] 发送(hex): 20
[2026/09/15 18:38:43] 发送(hex): 20
[2026/09/15 18:38:43] 发送(hex): 20
[2026/09/15 18:38:43] 发送(hex): 20
[2026/09/15 18:38:43] 发送(hex): 20
[2026/09/15 18:38:43] 发送(hex): 20
[2026/09/15 18:38:43] 发送(hex): 20
[2026/09/15 18:38:43] 发送(hex): 20
[2026/09/15 18:38:43] 发送(hex): 20
[2026/09/15 18:38:43] 发送(hex): 20
[2026/09/15 18:38:43] 发送(hex): 20
[2026/09/15 18:38:43] 发送(hex): 20
[2026/09/15 18:38:43] 发送(hex): 20
[2026/09/15 18:38:43] 发送(hex): 20
[2026/09/15 18:38:43] 发送(hex): 20
[2026/09/15 18:38:43] 发送(hex): 20
[2026/09/15 18:38:43] 发送(hex): 20
[2026/09/15 18:38:43] 发送(hex): 20
[2026/09/15 18:38:43] 发送(hex): 20
[2026/09/15 18:38:43] 发送(hex): 20
[2026/09/15 18:38:43] 发送(hex): 20
[2026/09/15 18:38:43] 发送(hex): 20
[2026/09/15 18:38:43] 发送(hex): 20
[2026/09/15 18:38:43] 发送(hex): 20
[2026/09/15 18:38:43] 发送(hex): 20
[2026/09/15 18:38:43] 发送(hex): 20
[2026/09/15 18:38:43] 发送(hex): 20
[2026/09/15 18:38:43] 发送(hex): 20
[2026/09/15 18:38:43] 发送(hex): 20
[2026/09/15 18:38:43] 发送(hex): 20
[2026/09/15 18:38:43] 发送(hex): 20
[2026/09/15 18:38:43] 发送(hex): 20
[2026/09/15 18:38:43] 发送(hex): 20
[2026/09/15 18:38:43] 发送(hex): 20
[2026/09/15 18:38:43] 发送(hex): 20
[2026/09/15 18:38:43] 发送(hex): 20
[2026/09/15 18:38:43] 发送(hex): 20
[2026/09/15 18:38:43] 发送(hex): 20
[2026/09/15 18:38:43] 发送(hex): 20
[2026/09/15 18:38:43] 发送(hex): 20
[2026/09/15 18:38:44] 发送(hex): 20
[2026/09/15 18:38:44] 发送(hex): 20
[2026/09/15 18:38:44] 发送(hex): 20
[2026/09/15 18:38:44] 发送(hex): 20
[2026/09/15 18:38:44] 发送(hex): 20
[2026/09/15 18:38:44] 发送(hex): 20
[2026/09/15 18:38:44] 发送(hex): 20
[2026/09/15 18:38:44] 发送(hex): 20
[2026/09/15 18:38:44] 发送(hex): 20
[2026/09/15 18:38:44] 发送(hex): 20
[2026/09/15 18:38:44] 发送(hex): 20
[2026/09/15 18:38:44] 发送(hex): 20
[2026/09/15 18:38:44] 发送(hex): 20
[2026/09/15 18:38:44] 发送(hex): 20
[2026/09/15 18:38:44] 发送(hex): 20
[2026/09/15 18:38:44] 发送(hex): 20
[2026/09/15 18:38:44] 发送(hex): 20
[2026/09/15 18:38:44] 发送(hex): 20
[2026/09/15 18:38:44] 发送(hex): 20
[2026/09/15 18:38:44] 发送(hex): 20
[2026/09/15 18:38:44] 发送(hex): 20
[2026/09/15 18:38:44] 发送(hex): 20
[2026/09/15 18:38:44] 发送(hex): 20
[2026/09/15 18:38:44] 发送(hex): 20
[2026/09/15 18:38:44] 发送(hex): 20
[2026/09/15 18:38:44] 发送(hex): 20
[2026/09/15 18:38:44] 发送(hex): 20
[2026/09/15 18:38:44] 发送(hex): 20
[2026/09/15 18:38:44] 发送(hex): 20
[2026/09/15 18:38:44] 发送(hex): 20
[2026/09/15 18:38:44] 发送(hex): 20
[2026/09/15 18:38:44] 发送(hex): 20
[2026/09/15 18:38:44] 发送(hex): 20
[2026/09/15 18:38:44] 发送(hex): 20
[2026/09/15 18:38:44] 发送(hex): 20
[2026/09/15 18:38:44] 发送(hex): 20
[2026/09/15 18:38:44] 发送(hex): 20
[2026/09/15 18:38:44] 发送(hex): 20
[2026/09/15 18:38:44] 发送(hex): 20
[2026/09/15 18:38:44] 发送(hex): 20
[2026/09/15 18:38:44] 发送(hex): 20
[2026/09/15 18:38:44] 发送(hex): 20
[2026/09/15 18:38:44] 发送(hex): 20
[2026/09/15 18:38:44] 发送(hex): 20
[2026/09/15 18:38:44] 发送(hex): 20
[2026/09/15 18:38:44] 发送(hex): 20
[2026/09/15 18:38:44] 发送(hex): 20
[2026/09/15 18:38:44] 发送(hex): 20
[2026/09/15 18:38:44] 发送(hex): 20
[2026/09/15 18:38:44] 发送(hex): 20
[2026/09/15 18:38:44] 发送(hex): 20
[2026/09/15 18:38:44] 发送(hex): 20
[2026/09/15 18:38:44] 发送(hex): 20
[2026/09/15 18:38:44] 发送(hex): 20
[2026/09/15 18:38:44] 发送(hex): 20
[2026/09/15 18:38:44] 发送(hex): 20
[2026/09/15 18:38:44] 发送(hex): 20
[2026/09/15 18:38:44] 发送(hex): 20
[2026/09/15 18:38:44] 发送(hex): 20
[2026/09/15 18:38:44] 发送(hex): 20
[2026/09/15 18:38:44] 发送(hex): 20
[2026/09/15 18:38:44] 发送(hex): 20
[2026/09/15 18:38:44] 发送(hex): 20
[2026/09/15 18:38:44] 发送(hex): 20
[2026/09/15 18:38:44] 发送(hex): 20
[2026/09/15 18:38:44] 发送(hex): 20
[2026/09/15 18:38:44] 发送(hex): 20
[2026/09/15 18:38:44] 发送(hex): 20
[2026/09/15 18:38:44] 发送(hex): 20
[2026/09/15 18:38:44] 发送(hex): 20
[2026/09/15 18:38:44] 发送(hex): 20
[2026/09/15 18:38:44] 发送(hex): 20
[2026/09/15 18:38:44] 发送(hex): 20
[2026/09/15 18:38:44] 发送(hex): 20
[2026/09/15 18:38:44] 发送(hex): 20
[2026/09/15 18:38:44] 发送(hex): 20
[2026/09/15 18:38:44] 发送(hex): 20
[2026/09/15 18:38:44] 发送(hex): 20
[2026/09/15 18:38:44] 发送(hex): 20
[2026/09/15 18:38:44] 发送(hex): 20
[2026/09/15 18:38:44] 发送(hex): 20
[2026/09/15 18:38:44] 发送(hex): 20
[2026/09/15 18:38:44] 发送(hex): 20
[2026/09/15 18:38:44] 发送(hex): 20
[2026/09/15 18:38:44] 发送(hex): 20
[2026/09/15 18:38:44] 发送(hex): 20
[2026/09/15 18:38:44] 发送(hex): 20
[2026/09/15 18:38:44] 发送(hex): 20
[2026/09/15 18:38:44] 发送(hex): 20
[2026/09/15 18:38:44] 发送(hex): 20
[2026/09/15 18:38:44] 发送(hex): 20
[2026/09/15 18:38:44] 发送(hex): 20
[2026/09/15 18:38:45] 发送(hex): 20
[2026/09/15 18:38:45] 发送(hex): 20
[2026/09/15 18:38:45] 发送(hex): 20
[2026/09/15 18:38:45] 发送(hex): 20
[2026/09/15 18:38:45] 发送(hex): 20
[2026/09/15 18:38:45] 发送(hex): 20
[2026/09/15 18:38:45] 发送(hex): 20
[2026/09/15 18:38:45] 发送(hex): 20
[2026/09/15 18:38:45] 发送(hex): 20
[2026/09/15 18:38:45] 发送(hex): 20
[2026/09/15 18:38:45] 发送(hex): 20
[2026/09/15 18:38:45] 发送(hex): 20
[2026/09/15 18:38:45] 发送(hex): 20
[2026/09/15 18:38:45] 发送(hex): 20
[2026/09/15 18:38:45] 发送(hex): 20
[2026/09/15 18:38:45] 发送(hex): 20
[2026/09/15 18:38:45] 发送(hex): 20
[2026/09/15 18:38:45] 发送(hex): 20
[2026/09/15 18:38:45] 发送(hex): 20
[2026/09/15 18:38:45] 发送(hex): 20
[2026/09/15 18:38:45] 发送(hex): 20
[2026/09/15 18:38:45] 发送(hex): 20
[2026/09/15 18:38:45] 发送(hex): 20
[2026/09/15 18:38:51] 发送(hex): 0d
[2026/09/15 18:38:51] 发送(hex): 0d
[2026/09/15 18:38:51] Realtek>
[2026/09/15 18:38:51] 发送(hex): 0d
[2026/09/15 18:38:51] 发送(hex): 0d
[2026/09/15 18:38:51] Realtek>
[2026/09/15 18:38:51] Realtek>
[2026/09/15 18:38:51] 发送(hex): 0d
[2026/09/15 18:38:51] Realtek>
[2026/09/15 18:38:51] Realtek>
[2026/09/15 18:38:56] 发送(hex): 706d6f646520656e61626c653b72650d
[2026/09/15 18:38:56] pmode enable;re
[2026/09/15 18:38:56] uboot command for pmode enable!
[2026/09/15 18:38:56] resetting ...
[2026/09/15 18:38:56] $
[2026/09/15 18:38:56] Post romcode git ver:42df880604ac78a3 (Aug 28 2026 21:41:35)
[2026/09/15 18:38:56] $
[2026/09/15 18:38:56] Hello world, RTD2875P_CN2_TV030!
[2026/09/15 18:38:56] set_wifi_reset
[2026/09/15 18:38:56] Auxcode git ver:3a4deb9ea300359e (Aug 28 2026 21:41:29)
[2026/09/15 18:38:56] flash_type = 2, secure_type = 2
[2026/09/15 18:38:56] b8062204=20000
[2026/09/15 18:38:56] slot info 0 0x0 info 1 0x9021afbe
[2026/09/15 18:38:56] g_gpt_blk_start 0x1  g_offline_gpt 0x0 last_usable_lba 0x1cd2032 num_partition_entries 0x32
[2026/09/15 18:38:56] start 0x2e600000 clt_blk 0x1973004 ctrl size 0x20
[2026/09/15 18:38:56] choose active index 0
[2026/09/15 18:38:56] part name bootloader ative_slot _a real part name bootloader_a
[2026/09/15 18:38:56] part name hwsetting start 0x100000 size 0x33600
[2026/09/15 18:38:56] part name ext_fw start 0x133600 size 0x10400
[2026/09/15 18:38:56] part name kboot start 0x143a00 size 0x16e00
[2026/09/15 18:38:56] part name uboot start 0x15a800 size 0x120400
[2026/09/15 18:38:56] ls4 2 1 = 800040ab 8000207f 80001000
[2026/09/15 18:38:56] fNewHWsettingArch = 2
[2026/09/15 18:38:56] 1.lsadcidx = 2, brand =3, offset = 0
[2026/09/15 18:38:56] 1.lsadcidx = 2, brand =3, offset = 17800
[2026/09/15 18:38:56] hwsetting from mmc
[2026/09/15 18:38:56] AC on HW offset 0x809 start 0x800 reg 0x8090800
[2026/09/15 18:38:56] total = 2f00
[2026/09/15 18:38:56] A
[2026/09/15 18:38:56] A
[2026/09/15 18:38:56] A
[2026/09/15 18:38:56] A
[2026/09/15 18:38:56] A
[2026/09/15 18:38:56] {12 14}
[2026/09/15 18:38:56] ffeedd
[2026/09/15 18:38:56] ffeeddddr ver: 62c63180
[2026/09/15 18:38:56] ori DQS0~7 {03 04 1a 1c 00 01 00 00}
[2026/09/15 18:38:56] {01 03 19 1b 00 01 00 00} {08 09 07 09 06 05 00 00}
[2026/09/15 18:38:56] r.y.0 r.y.0 SCPU BISR status: Done
[2026/09/15 18:38:56] [go kb]
[2026/09/15 18:38:56] pass
[2026/09/15 18:38:56] bootcode info to kboot
[2026/09/15 18:38:56] num=1056
[2026/09/15 18:38:56] boot_magic=20230423
[2026/09/15 18:38:56] ---DEBUG kboot 21:41:14 Aug 28 2026 ---
[2026/09/15 18:38:56] [Kboot]eMMC(mid-15) MMC_HS50 (50000000Mhz)[8bit].
[2026/09/15 18:38:56] block info 0x1cd2032 0x3a3e000.
[2026/09/15 18:38:56] [MMC] 32 -----------> 16GB.
[2026/09/15 18:38:56] (2379beef) (0) bufsize=(null)
[2026/09/15 18:38:57] uboot start 0x15a800 size 0x120400
[2026/09/15 18:38:57] board_versio
[2026/09/15 18:38:57] n: ls1 = 0, ver: 0
[2026/09/15 18:38:57] [0;31mapp_main 325 board_version=0[0m
[2026/09/15 18:38:57] get FW_TZFW flash start 0xf100200 ddr buf st
[2026/09/15 18:38:57] art 0x180000 image size 010c2e3 ok!
[2026/09/15 18:38:57] [INFO]RPMB auth key not written !
[2026/09/15 18:38:57] [INFO]RPMB auth key not written !
[2026/09/15 18:38:57] Current board is not frist boot.
[2026/09/15 18:38:57] ALL zero, reserved_3 has removed.
[2026/09/15 18:38:57] Current board remove reserved_3 done.
[2026/09/15 18:38:57] get FW_VKE
[2026/09/15 18:38:57] RNEL flash start 0xc100200 ddr buf start 0x1a900000 image size 05f0300 ok!
[2026/09/15 18:38:57] get FW_VKERNEL2 flash start 0xd900200 ddr buf start 0x1af00000 image size 0f4920 ok!
[2026/09/15 18:38:57] get FW_AKERNEL flash start 0xa900200 ddr buf start 0x1b200000 image size 07fbf7c ok!
[2026/09/15 18:38:57] ATFATFATF:0 1 NOTICE: kill CPU(2)...
[2026/09/15 18:38:57] ATF:0 1 NOTICE: kill (2) : PACTIVE:0
[2026/09/15 18:38:57] ATF:0 1 NOTICE:  CPU(2) kill done, pstate(0x0)
[2026/09/15 18:38:57] U
[2026/09/15 18:38:57] fixup_node_name 555. set /reserved-memory@5 to /reserved-memory
[2026/09/15 18:38:57] fixup_node_name 555. set /rtk_cma@5 to /rtk_cma
[2026/09/15 18:38:57] ### [1;31mERROR[0m ### get_movablecore 613. Can't find dtb node /reserved-memory/cma2_memory/reg
[2026/09/15 18:38:57] reinit_mem_info 1049  ddr_size 80000000
[2026/09/15 18:38:57] booting, boot_led_type: 0x00000000, led on[1]
[2026/09/15 18:38:57] set share register: 0x99100000
[2026/09/15 18:38:57] boot_power_on_mode=1
[2026/09/15 18:38:57] [get_layout:1264]!
[2026/09/15 18:38:58] boot_part value = 0 boot_tag value = 21
[2026/09/15 18:38:58] [get_oemkey] 1397: get oem.key = ATV00107525
[2026/09/15 18:38:58] Factory_RO: [EXT4] factory_ro_buffer:0a800000, factory_ro_buffer size:0x1000000!
[2026/09/15 18:38:58] Partiton factory_ro_a located at 0:6
[2026/09/15 18:38:58] factory_ro_a partition can not find /.000@bk@***!
[2026/09/15 18:38:58] Factory RO no need recovery!
[2026/09/15 18:38:58] Get tvconfigs_a partition block device index fail!
[2026/09/15 18:38:58] read customer.ini file fail!
[2026/09/15 18:38:58] parse SYS_INI path fail
[2026/09/15 18:38:58] Not support board ini mechansim!
[2026/09/15 18:38:58] Get tvconfigs_a partition block device index fail!
[2026/09/15 18:38:58] read customer.ini file fail!
[2026/09/15 18:38:58] parse SYS_INI path fail
[2026/09/15 18:38:58] load model ini file fail
[2026/09/15 18:38:58] cannot find PcbPath from ini file
[2026/09/15 18:38:58] no pcb.config in tvconfigs
[2026/09/15 18:38:58] no mnt/vendor/factorypcb.config
[2026/09/15 18:38:59] delay:342
[2026/09/15 18:39:00] Vwait V1go
[2026/09/15 18:39:00] Vwait V2go
[2026/09/15 18:39:00] DEMOD BISR check Pass and disable demod CLK!!
[2026/09/15 18:39:00] [0;31mboard_version=0 sz=18M[0m
[2026/09/15 18:39:00] ATF:0 1 NOTICE: atf enter time:1181ms, current time:3989ms
[2026/09/15 18:39:00] ATF:0 1 NOTICE: 1st boot elapsed 3995ms
[2026/09/15 18:39:03] con
[2026/09/15 18:39:03] sole:/ $
[2026/09/15 18:39:11] factory auto test loop start
[2026/09/15 18:39:11]  
[2026/09/15 18:39:34] 发送(hex): aa061001a7ef
[2026/09/15 18:39:34] «
[2026/09/15 18:39:34] ßN
[2026/09/15 18:39:35] 发送(hex): aa06110194de
[2026/09/15 18:39:35] «
[2026/09/15 18:39:35] ßN
[2026/09/15 18:39:56] 发送(hex): aa06840063e1
[2026/09/15 18:39:56] «
[2026/09/15 18:39:56] ßN«B =¾
[2026/09/15 18:39:59] $
[2026/09/15 18:39:59] Post romcode git ver:42df880604ac78a3 (Aug 28 2026 21:41:35)
[2026/09/15 18:39:59] $
[2026/09/15 18:39:59] Hello world, RTD2875P_CN2_TV030!
[2026/09/15 18:39:59] set_wifi_reset
[2026/09/15 18:39:59] Auxcode git ver:3a4deb9ea300359e (Aug 28 2026 21:41:29)
[2026/09/15 18:39:59] flash_type = 2, secure_type = 2
[2026/09/15 18:39:59] b8062204=0
[2026/09/15 18:39:59] slot info 0 0x0 info 1 0x0
[2026/09/15 18:39:59] invalid reg slot status
[2026/09/15 18:39:59] 0x0,get slot info from flash!
[2026/09/15 18:39:59] g_gpt_blk_start 0x1  g_offline_gpt 0x0 last_usable_lba 0x1cd2032 num_partition_entries 0x32
[2026/09/15 18:39:59] start 0x2e600000 clt_blk 0x1973004 ctrl size 0x20
[2026/09/15 18:39:59] choose active index 0
[2026/09/15 18:39:59] part name bootloader ative_slot _a real part name bootloader_a
[2026/09/15 18:39:59] part name hwsetting start 0x100000 size 0x33600
[2026/09/15 18:39:59] part name ext_fw start 0x133600 size 0x10400
[2026/09/15 18:39:59] part name kboot start 0x143a00 size 0x16e00
[2026/09/15 18:39:59] part name uboot start 0x15a800 size 0x120400
[2026/09/15 18:39:59] ls4 2 1 = 800040ab 8000207f 80001000
[2026/09/15 18:39:59] fNewHWsettingArch = 2
[2026/09/15 18:39:59] 1.lsadcidx = 2, brand =3, offset = 0
[2026/09/15 18:39:59] 1.lsadcidx = 2, brand =3, offset = 17800
[2026/09/15 18:39:59] hwsetting from mmc
[2026/09/15 18:39:59] AC on HW offset 0x809 start 0x800 reg 0x8090800
[2026/09/15 18:39:59] total = 2f00
[2026/09/15 18:39:59] A
[2026/09/15 18:39:59] A
[2026/09/15 18:39:59] A
[2026/09/15 18:39:59] A
[2026/09/15 18:39:59] A
[2026/09/15 18:39:59] {12 14}
[2026/09/15 18:39:59] ffeeddffeeddddr ver: 62c63180
[2026/09/15 18:39:59] ori DQS0~7 {03 04 1a 1c 00 01 00 00}
[2026/09/15 18:40:00] {01 03 19 1b 00 01 00 00} {08 09 06 09 06 05 00 00}
[2026/09/15 18:40:00] r.y.0
[2026/09/15 18:40:00] r.y.0 SCPU BISR status: Done
[2026/09/15 18:40:00] [go kb]
[2026/09/15 18:40:00] pass bootcode info to kboot
[2026/09/15 18:40:00] num=1100
[2026/09/15 18:40:00] boot_magic=0Í
[2026/09/15 18:40:00] ---DEBUG kboot 21:41:14 Aug 28 2026 ---
[2026/09/15 18:40:00] [Kboot]eMMC(mid-15) MMC_HS50 (50000000Mhz)[8bit].
[2026/09/15 18:40:00] block info 0x1cd2032 0x3a3e000.
[2026/09/15 18:40:00] [MMC] 32 -----------> 16GB.
[2026/09/15 18:40:00] (00000000) (0) bufsize=(null)
[2026/09/15 18:40:00] uboot start 0x15a800 size 0x120400
[2026/09/15 18:40:00] board_versi
[2026/09/15 18:40:00] on: ls1 = 0, ver: 0
[2026/09/15 18:40:00] [0;31mapp_main 325 board_version=0[0m
[2026/09/15 18:40:00] get FW_TZFW flash start 0xf100200 ddr buf start 0x180000 image size 010c2e3 ok!
[2026/09/15 18:40:00] [INFO]RPMB auth key not written !
[2026/09/15 18:40:00] [INFO]RPMB auth key not written !
[2026/09/15 18:40:00] Current board is not frist boot.
[2026/09/15 18:40:00] ALL zero, reserved_3 has removed.
[2026/09/15 18:40:00] Current board remove reserved_3 done.
[2026/09/15 18:40:00] get FW_VKERNEL flash start
[2026/09/15 18:40:00] 0xc100200 ddr buf start 0x1a900000 image size 05f0300 ok!
[2026/09/15 18:40:00] get FW_VKERNEL2 flash start 0xd900200 ddr buf start 0x1af00000 image size 0f4920 ok!
[2026/09/15 18:40:00] get FW_AKERNEL flash start 0xa900200 ddr buf start 0x1b200000 image size 07fbf7c ok!
[2026/09/15 18:40:00] ATFATFATF:0 1 NOTICE: kill CPU(2)...
[2026/09/15 18:40:00] ATF:0 1 NOTICE: kill (2) : PACTIVE:0
[2026/09/15 18:40:00] ATF:0 1 NOTICE:  CPU(2) kill done, pstate(0x0)
[2026/09/15 18:40:00] U
[2026/09/15 18:40:01] fixup_node_name 555. set /reserved-memory@5 to /reserved-memory
[2026/09/15 18:40:01] fixup_node_name 555. set /rtk_cma@5 to /rtk_cma
[2026/09/15 18:40:01] ### [1;31mERROR[0m ### get_movablecore 613. Can't find dtb node /reserved-memory/cma2_memory/reg
[2026/09/15 18:40:01] reinit_mem_info 1049  ddr_size 80000000
[2026/09/15 18:40:01] booting, boot_led_type: 0x00000000, led on[1]
[2026/09/15 18:40:01] set share register: 0x99100000
[2026/09/15 18:40:01] boot_power_on_mode=1
[2026/09/15 18:40:01] [get_layout:1264]!
[2026/09/15 18:40:01] boot_part value = 0 boot_tag value = 21
[2026/09/15 18:40:01] [get_oemkey] 1397: get oem.key = ATV00107525
[2026/09/15 18:40:01] Factory_RO: [EXT4] factory_ro_buffer:0a800000, factory_ro_buffer size:0x1000000!
[2026/09/15 18:40:01] Partiton factory_ro_a located at 0:6
[2026/09/15 18:40:01] factory_ro_a partition can not find /.000@bk@***!
[2026/09/15 18:40:01] Factory RO no need recovery!
[2026/09/15 18:40:01] Get tvconfigs_a partition block device index fail!
[2026/09/15 18:40:01] read customer.ini file fail!
[2026/09/15 18:40:01] parse SYS_INI path fail
[2026/09/15 18:40:01] Not support board ini mechansim!
[2026/09/15 18:40:01] Get tvconfigs_a partition block device index fail!
[2026/09/15 18:40:01] read customer.ini file fail!
[2026/09/15 18:40:01] parse SYS_INI path fail
[2026/09/15 18:40:01] load model ini file fail
[2026/09/15 18:40:01] cannot find PcbPath from ini file
[2026/09/15 18:40:01] no pcb.config in tvconfigs
[2026/09/15 18:40:01] no mnt/vendor/factorypcb.config
[2026/09/15 18:40:03] delay:292
[2026/09/15 18:40:03] Vwait V1go
[2026/09/15 18:40:03] Vwait V2go
[2026/09/15 18:40:03] DEMOD BISR check Pass and disable demod CLK!!
[2026/09/15 18:40:03] [0;31mboard_version=0 sz=18M[0m
[2026/09/15 18:40:03] ATF:0 1 NOTICE: atf enter time:1185ms, current time:4076ms
[2026/09/15 18:40:03] ATF:0 1 NOTICE: 1st boot elapsed 4081ms
[2026/09/15 18:40:06] console:/
[2026/09/15 18:40:06] $
[2026/09/15 18:40:14] factory auto test loop start
[2026/09/15 18:40:14]  
[2026/09/15 18:40:27] $
[2026/09/15 18:40:27] Post romcode git ve
[2026/09/15 18:40:27] r:42df880604ac78a3 (Aug 28 2026 21:41:35)
[2026/09/15 18:40:27] $
[2026/09/15 18:40:27] Hello world, RTD2875P_CN2_TV030!
[2026/09/15 18:40:27] set_wifi_reset
[2026/09/15 18:40:27] Auxcode git ver:3a4deb9ea300359e (Aug 28 2026 21:41:29)
[2026/09/15 18:40:27] flash_type = 2, secure_type = 2
[2026/09/15 18:40:27] b8062204=0
[2026/09/15 18:40:27] slot info 0 0x0 info 1 0x0
[2026/09/15 18:40:27] invalid reg slot status 0x0,get slot info from flash!
[2026/09/15 18:40:27] g_gpt_blk_start 0x1  g_offline_gpt 0x0 last_usable_lba 0x1cd2032 num_partition_entries 0x32
[2026/09/15 18:40:27] start 0x2e600000 clt_blk 0x1973004 ctrl size 0x20
[2026/09/15 18:40:27] choose active index 0
[2026/09/15 18:40:27] part name bootloader ative_slot _a real part name bootloader_a
[2026/09/15 18:40:27] part name hwsetting start 0x100000 size 0x33600
[2026/09/15 18:40:27] part name ext_fw start 0x133600 size 0x10400
[2026/09/15 18:40:27] part name kboot start 0x143a00 size 0x16e00
[2026/09/15 18:40:27] part name uboot start 0x15a800 size 0x120400
[2026/09/15 18:40:27] ls4 2 1 = 800040ab 8000207f 80001000
[2026/09/15 18:40:27] fNewHWsettingArch = 2
[2026/09/15 18:40:27] 1.lsadcidx = 2, brand =3, offset = 0
[2026/09/15 18:40:27] 1.lsadcidx = 2, brand =3, offset = 17800
[2026/09/15 18:40:27] hwsetting from mmc
[2026/09/15 18:40:27] AC on HW offset 0x809 start 0x800 reg 0x8090800
[2026/09/15 18:40:27] total = 2f00
[2026/09/15 18:40:27] A
[2026/09/15 18:40:27] A
[2026/09/15 18:40:27] A
[2026/09/15 18:40:27] A
[2026/09/15 18:40:27] A
[2026/09/15 18:40:28] {12 14}
[2026/09/15 18:40:28] ffeeddffeeddddr ver: 62c63180
[2026/09/15 18:40:28] ori DQS0~7 {03 04 1a 1c 00 01 00 00}
[2026/09/15 18:40:28] {01 03 19 1b 00 01 00 00} {08 08 06 09 06 06 00 00}
[2026/09/15 18:40:28] r.y.0
[2026/09/15 18:40:28] r.y.0 SCPU BISR status: Done
[2026/09/15 18:40:28] [go kb]
[2026/09/15 18:40:28] pass bootcode info to kboot
[2026/09/15 18:40:28] num=1100
[2026/09/15 18:40:28] boot_magic=2000
[2026/09/15 18:40:28] ---DEBUG kboot 21:41:14 Aug 28 2026 ---
[2026/09/15 18:40:28] [Kboot]eMMC(mid-15) MMC_HS50 (50000000Mhz)[8bit].
[2026/09/15 18:40:28] block info 0x1cd2032 0x3a3e000.
[2026/09/15 18:40:28] [MMC] 32 -----------> 16GB.
[2026/09/15 18:40:28] (00000000) (0) bufsize=(null)
[2026/09/15 18:40:28] uboot start 0x15a800 size 0x120400
[2026/09/15 18:40:28] board_versio
[2026/09/15 18:40:28] n: ls1 = 0, ver: 0
[2026/09/15 18:40:28] [0;31mapp_main 325 board_version=0[0m
[2026/09/15 18:40:28] get FW_TZFW flash start 0xf100200 ddr buf st
[2026/09/15 18:40:28] art 0x180000 image size 010c2e3 ok!
[2026/09/15 18:40:28] [INFO]RPMB auth key not written !
[2026/09/15 18:40:28] [INFO]RPMB auth key not written !
[2026/09/15 18:40:28] Current board is not frist boot.
[2026/09/15 18:40:28] ALL zero, reserved_3 has removed.
[2026/09/15 18:40:28] Current board remove reserved_3 done.
[2026/09/15 18:40:28] get FW
[2026/09/15 18:40:28] _VKERNEL flash start 0xc100200 ddr buf start 0x1a900000 image size 05f0300 ok!
[2026/09/15 18:40:28] get FW_VKERNEL2 flash start 0xd900200 ddr buf start 0x1af00000 image size 0f4920 ok!
[2026/09/15 18:40:28] Cý
[2026/09/15 18:40:31] 发送(hex): 20
[2026/09/15 18:40:31] 发送(hex): 20
[2026/09/15 18:40:31] 发送(hex): 20
[2026/09/15 18:40:31] 发送(hex): 20
[2026/09/15 18:40:31] 发送(hex): 20
[2026/09/15 18:40:31] 发送(hex): 20
[2026/09/15 18:40:31] 发送(hex): 20
[2026/09/15 18:40:31] 发送(hex): 20
[2026/09/15 18:40:31] 发送(hex): 20
[2026/09/15 18:40:31] 发送(hex): 20
[2026/09/15 18:40:31] 发送(hex): 20
[2026/09/15 18:40:31] 发送(hex): 20
[2026/09/15 18:40:31] 发送(hex): 20
[2026/09/15 18:40:31] 发送(hex): 20
[2026/09/15 18:40:31] 发送(hex): 20
[2026/09/15 18:40:31] 发送(hex): 20
[2026/09/15 18:40:31] 发送(hex): 20
[2026/09/15 18:40:31] 发送(hex): 20
[2026/09/15 18:40:31] 发送(hex): 20
[2026/09/15 18:40:31] 发送(hex): 20
[2026/09/15 18:40:31] 发送(hex): 20
[2026/09/15 18:40:31] 发送(hex): 20
[2026/09/15 18:40:31] 发送(hex): 20
[2026/09/15 18:40:31] 发送(hex): 20
[2026/09/15 18:40:31] 发送(hex): 20
[2026/09/15 18:40:31] 发送(hex): 20
[2026/09/15 18:40:31] 发送(hex): 20
[2026/09/15 18:40:31] 发送(hex): 20
[2026/09/15 18:40:31] 发送(hex): 20
[2026/09/15 18:40:31] 发送(hex): 20
[2026/09/15 18:40:31] 发送(hex): 20
[2026/09/15 18:40:31] 发送(hex): 20
[2026/09/15 18:40:31] 发送(hex): 20
[2026/09/15 18:40:31] 发送(hex): 20
[2026/09/15 18:40:31] 发送(hex): 20
[2026/09/15 18:40:31] 发送(hex): 20
[2026/09/15 18:40:31] 发送(hex): 20
[2026/09/15 18:40:31] 发送(hex): 20
[2026/09/15 18:40:31] 发送(hex): 20
[2026/09/15 18:40:31] 发送(hex): 20
[2026/09/15 18:40:31] 发送(hex): 20
[2026/09/15 18:40:31] 发送(hex): 20
[2026/09/15 18:40:31] 发送(hex): 20
[2026/09/15 18:40:31] 发送(hex): 20
[2026/09/15 18:40:31] 发送(hex): 20
[2026/09/15 18:40:31] 发送(hex): 20
[2026/09/15 18:40:31] 发送(hex): 20
[2026/09/15 18:40:31] 发送(hex): 20
[2026/09/15 18:40:31] 发送(hex): 20
[2026/09/15 18:40:31] 发送(hex): 20
[2026/09/15 18:40:31] 发送(hex): 20
[2026/09/15 18:40:31] 发送(hex): 20
[2026/09/15 18:40:31] $
[2026/09/15 18:40:31] Post romcode git ver:42df880604ac78a3 (Aug 28 2026 21:41:35)
[2026/09/15 18:40:31] $
[2026/09/15 18:40:31] Hello world, RTD2875P_CN2_TV030!
[2026/09/15 18:40:31] set_wifi_reset
[2026/09/15 18:40:31] Auxcode git ver:3a4deb9ea300359e (Aug 28 2026 21:41:29)
[2026/09/15 18:40:31] flash_type = 2, secure_type = 2
[2026/09/15 18:40:31] b8062204=0
[2026/09/15 18:40:31] 发送(hex): 20
[2026/09/15 18:40:31] 发送(hex): 20
[2026/09/15 18:40:31] slot info 0 0x0 info 1 0x0
[2026/09/15 18:40:31] invalid reg slot stat
[2026/09/15 18:40:31] 发送(hex): 20
[2026/09/15 18:40:31] 发送(hex): 20
[2026/09/15 18:40:31] 发送(hex): 20
[2026/09/15 18:40:31] 发送(hex): 20
[2026/09/15 18:40:31] 发送(hex): 20
[2026/09/15 18:40:31] 发送(hex): 20
[2026/09/15 18:40:31] 发送(hex): 20
[2026/09/15 18:40:31] us 0x0,get slot info from flash!
[2026/09/15 18:40:31] g_gpt_blk_start 0x1  g_offline_gpt 0x0 last_usable_lba 0x1cd2032 num_partition_entries 0x32
[2026/09/15 18:40:31] start 0x2e600000 clt_blk 0x1973004 ctrl size 0x20
[2026/09/15 18:40:31] choose active index 0
[2026/09/15 18:40:31] part name bootloader ative_slot _a real part name bootloader_a
[2026/09/15 18:40:31] part name hwsetting start 0x100000 size 0x33600
[2026/09/15 18:40:31] part name ext_fw start 0x133600 size 0x10400
[2026/09/15 18:40:31] part name kboot start 0x143a00 size 0x16e00
[2026/09/15 18:40:31] part name uboot start 0x15a800 size 0x120400
[2026/09/15 18:40:31] ls4 2 1 = 800040ab 80002080 80001000
[2026/09/15 18:40:31] fNewHWsettingArch = 2
[2026/09/15 18:40:31] 1.lsadcidx = 2, brand =3, offset = 0
[2026/09/15 18:40:31] 1.lsadcidx = 2, brand =3, offset = 17800
[2026/09/15 18:40:31] hwsetting from mmc
[2026/09/15 18:40:31] AC on HW offset 0x809 start 0x800 reg 0x8090800
[2026/09/15 18:40:31] total = 2f00
[2026/09/15 18:40:31] 发送(hex): 20
[2026/09/15 18:40:31] 发送(hex): 20
[2026/09/15 18:40:31] 发送(hex): 20
[2026/09/15 18:40:31] 发送(hex): 20
[2026/09/15 18:40:31] 发送(hex): 20
[2026/09/15 18:40:31] 发送(hex): 20
[2026/09/15 18:40:31] A
[2026/09/15 18:40:31] A
[2026/09/15 18:40:31] 发送(hex): 20
[2026/09/15 18:40:31] 发送(hex): 20
[2026/09/15 18:40:31] A
[2026/09/15 18:40:31] A
[2026/09/15 18:40:32] 发送(hex): 20
[2026/09/15 18:40:32] A
[2026/09/15 18:40:32] 发送(hex): 20
[2026/09/15 18:40:32] 发送(hex): 20
[2026/09/15 18:40:32] {12 14}
[2026/09/15 18:40:32] ffeeddffeeddddr ver: 62c63180
[2026/09/15 18:40:32] ori DQS0~7 {03 04 1a 1c 00 01 00 00}
[2026/09/15 18:40:32] 发送(hex): 20
[2026/09/15 18:40:32] 发送(hex): 20
[2026/09/15 18:40:32] 发送(hex): 20
[2026/09/15 18:40:32] 发送(hex): 20
[2026/09/15 18:40:32] 发送(hex): 20
[2026/09/15 18:40:32] 发送(hex): 20
[2026/09/15 18:40:32] 发送(hex): 20
[2026/09/15 18:40:32] 发送(hex): 20
[2026/09/15 18:40:32] {01 03 19 1b 00 01 00 00} {08 09 06 09 06 06 00 00}
[2026/09/15 18:40:32] r.y.0
[2026/09/15 18:40:32] 发送(hex): 20
[2026/09/15 18:40:32] r.y.0 SCPU BISR status: Done
[2026/09/15 18:40:32] 发送(hex): 20
[2026/09/15 18:40:32] 发送(hex): 20
[2026/09/15 18:40:32] [
[2026/09/15 18:40:32] 发送(hex): 20
[2026/09/15 18:40:32] 发送(hex): 20
[2026/09/15 18:40:32] 发送(hex): 20
[2026/09/15 18:40:32] go kb]
[2026/09/15 18:40:32] pass bootcode info to kboot
[2026/09/15 18:40:32] num=1100
[2026/09/15 18:40:32] boot_magic=20232422
[2026/09/15 18:40:32] ---DEBUG kboot 21:41:14 Aug 28 2026 ---
[2026/09/15 18:40:32] [Kboot]eMMC(mid-15) MMC_HS50 (50000000Mhz)[8bit].
[2026/09/15 18:40:32] block info 0x1cd2032 0x3a3e000.
[2026/09/15 18:40:32] [MMC] 32 -----------> 16GB.
[2026/09/15 18:40:32] 发送(hex): 20
[2026/09/15 18:40:32] 发送(hex): 20
[2026/09/15 18:40:32] (00000000) (1) bufsize=(null)
[2026/09/15 18:40:32] 发送(hex): 20
[2026/09/15 18:40:32] 发送(hex): 20
[2026/09/15 18:40:32] 发送(hex): 20
[2026/09/15 18:40:32] uboot start 0x15a800
[2026/09/15 18:40:32] 发送(hex): 20
[2026/09/15 18:40:32] size 0x120400
[2026/09/15 18:40:32] 发送(hex): 20
[2026/09/15 18:40:32] 发送(hex): 20
[2026/09/15 18:40:32] board_version: ls1 = 0, ver: 0
[2026/09/15 18:40:32] [0;31mapp_main 325 board_version=0[0m
[2026/09/15 18:40:32] 发送(hex): 20
[2026/09/15 18:40:32] 发送(hex): 20
[2026/09/15 18:40:32] 发送(hex): 20
[2026/09/15 18:40:32] 发送(hex): 20
[2026/09/15 18:40:32] 发送(hex): 20
[2026/09/15 18:40:32] 发送(hex): 20
[2026/09/15 18:40:32] get FW_TZFW flash start 0xf100200 ddr buf start 0x180000 image size 010c2e3 ok!
[2026/09/15 18:40:32] [INFO]RPMB auth key not written !
[2026/09/15 18:40:32] [INFO]RPMB auth key not written !
[2026/09/15 18:40:32] Current board is not frist boot.
[2026/09/15 18:40:32] ALL zero, reserved_3 has removed.
[2026/09/15 18:40:32] Current board remove reserved_3 done.
[2026/09/15 18:40:32] 发送(hex): 20
[2026/09/15 18:40:32] 发送(hex): 20
[2026/09/15 18:40:32] 发送(hex): 20
[2026/09/15 18:40:32] 发送(hex): 20
[2026/09/15 18:40:32] 发送(hex): 20
[2026/09/15 18:40:32] 发送(hex): 20
[2026/09/15 18:40:32] 发送(hex): 20
[2026/09/15 18:40:32] 发送(hex): 20
[2026/09/15 18:40:32] 发送(hex): 20
[2026/09/15 18:40:32] 发送(hex): 20
[2026/09/15 18:40:32] 发送(hex): 20
[2026/09/15 18:40:32] 发送(hex): 20
[2026/09/15 18:40:32] 发送(hex): 20
[2026/09/15 18:40:32] 发送(hex): 20
[2026/09/15 18:40:32] 发送(hex): 20
[2026/09/15 18:40:32] 发送(hex): 20
[2026/09/15 18:40:32] 发送(hex): 20
[2026/09/15 18:40:32] 发送(hex): 20
[2026/09/15 18:40:32] get FW_VKERNEL flash st
[2026/09/15 18:40:32] 发送(hex): 20
[2026/09/15 18:40:32] 发送(hex): 20
[2026/09/15 18:40:32] art 0xc100200 ddr buf start 0x1a900000 image size 05f0300 ok!
[2026/09/15 18:40:32] 发送(hex): 20
[2026/09/15 18:40:32] 发送(hex): 20
[2026/09/15 18:40:32] 发送(hex): 20
[2026/09/15 18:40:32] 发送(hex): 20
[2026/09/15 18:40:32] get FW_VKERNEL2 flash start 0xd900200 ddr buf start 0x1af00000 image size 0f4920 ok!
[2026/09/15 18:40:32] 发送(hex): 20
[2026/09/15 18:40:32] 发送(hex): 20
[2026/09/15 18:40:32] 发送(hex): 20
[2026/09/15 18:40:32] 发送(hex): 20
[2026/09/15 18:40:32] 发送(hex): 20
[2026/09/15 18:40:32] 发送(hex): 20
[2026/09/15 18:40:32] 发送(hex): 20
[2026/09/15 18:40:32] 发送(hex): 20
[2026/09/15 18:40:32] 发送(hex): 20
[2026/09/15 18:40:32] 发送(hex): 20
[2026/09/15 18:40:32] 发送(hex): 20
[2026/09/15 18:40:32] 发送(hex): 20
[2026/09/15 18:40:32] 发送(hex): 20
[2026/09/15 18:40:32] 发送(hex): 20
[2026/09/15 18:40:32] 发送(hex): 20
[2026/09/15 18:40:32] 发送(hex): 20
[2026/09/15 18:40:32] 发送(hex): 20
[2026/09/15 18:40:32] 发送(hex): 20
[2026/09/15 18:40:32] 发送(hex): 20
[2026/09/15 18:40:32] 发送(hex): 20
[2026/09/15 18:40:32] 发送(hex): 20
[2026/09/15 18:40:32] 发送(hex): 20
[2026/09/15 18:40:32] 发送(hex): 20
[2026/09/15 18:40:32] 发送(hex): 20
[2026/09/15 18:40:32] 发送(hex): 20
[2026/09/15 18:40:32] 发送(hex): 20
[2026/09/15 18:40:32] get FW_AKERNEL flash start 0xa900200 ddr buf start 0x1b200000 image size 07fbf7c ok!
[2026/09/15 18:40:32] 发送(hex): 20
[2026/09/15 18:40:32] 发送(hex): 20
[2026/09/15 18:40:32] 发送(hex): 20
[2026/09/15 18:40:32] 发送(hex): 20
[2026/09/15 18:40:32] 发送(hex): 20
[2026/09/15 18:40:32] 发送(hex): 20
[2026/09/15 18:40:32] 发送(hex): 20
[2026/09/15 18:40:32] 发送(hex): 20
[2026/09/15 18:40:32] 发送(hex): 20
[2026/09/15 18:40:32] 发送(hex): 20
[2026/09/15 18:40:32] 发送(hex): 20
[2026/09/15 18:40:32] ATFATFATF:0 1 NOTICE: kill CPU(2)...
[2026/09/15 18:40:32] ATF:0 1 NOTICE: kill (2) : PACTIVE:0
[2026/09/15 18:40:32] ATF:0 1 NOTICE:  CPU(2) kill done, pstate(0x0)
[2026/09/15 18:40:32] 发送(hex): 20
[2026/09/15 18:40:32] U
[2026/09/15 18:40:33] 发送(hex): 20
[2026/09/15 18:40:33] 发送(hex): 20
[2026/09/15 18:40:33] 发送(hex): 20
[2026/09/15 18:40:33] 发送(hex): 20
[2026/09/15 18:40:33] 发送(hex): 20
[2026/09/15 18:40:33] 发送(hex): 20
[2026/09/15 18:40:33] 发送(hex): 20
[2026/09/15 18:40:33] 发送(hex): 20
[2026/09/15 18:40:33] 发送(hex): 20
[2026/09/15 18:40:33] 发送(hex): 20
[2026/09/15 18:40:33] 发送(hex): 20
[2026/09/15 18:40:33] 发送(hex): 20
[2026/09/15 18:40:33] 发送(hex): 20
[2026/09/15 18:40:33] 发送(hex): 20
[2026/09/15 18:40:33] 发送(hex): 20
[2026/09/15 18:40:33] 发送(hex): 20
[2026/09/15 18:40:33] fixup_node_name 555. set /reserved-memory@5 to /reserved-memory
[2026/09/15 18:40:33] fixup_node_name 555. set /rtk_cma@5 to /rtk_cma
[2026/09/15 18:40:33] ### [1;31mERROR[0m ### get_movablecore 613. Can't find dtb node /reserved-memory/cma2_memory/reg
[2026/09/15 18:40:33] reinit_mem_info 1049  ddr_size 80000000
[2026/09/15 18:40:33] 发送(hex): 20
[2026/09/15 18:40:33] 发送(hex): 20
[2026/09/15 18:40:33] booting, boot_led_type: 0x00000000, led on[1]
[2026/09/15 18:40:33] set share register: 0x99100000
[2026/09/15 18:40:33] boot_power_on_mode=1
[2026/09/15 18:40:33] [get_layout:1264]!
[2026/09/15 18:40:33] 发送(hex): 20
[2026/09/15 18:40:33] 发送(hex): 20
[2026/09/15 18:40:33] 发送(hex): 20
[2026/09/15 18:40:33] 发送(hex): 20
[2026/09/15 18:40:33] 发送(hex): 20
[2026/09/15 18:40:33] 发送(hex): 20
[2026/09/15 18:40:33] 发送(hex): 20
[2026/09/15 18:40:33] 发送(hex): 20
[2026/09/15 18:40:33] boot_part value = 0 boot_tag value = 21
[2026/09/15 18:40:33] [get_oemkey] 1397: get oem.key = ATV00107525
[2026/09/15 18:40:33] Factory_RO: [EXT4] factory_ro_buffer:0a800000, factory_ro_buffer size:0x1000000!
[2026/09/15 18:40:33] Partiton factory_ro_a located at 0:6
[2026/09/15 18:40:33] factory_ro_a partition can not find /.000@bk@***!
[2026/09/15 18:40:33] Factory RO no need recovery!
[2026/09/15 18:40:33] Get tvconfigs_a partition block device index fail!
[2026/09/15 18:40:33] read customer.ini file fail!
[2026/09/15 18:40:33] parse SYS_INI path fail
[2026/09/15 18:40:33] Not support board ini mechansim!
[2026/09/15 18:40:33] Get tvconfigs_a partition block device index fail!
[2026/09/15 18:40:33] read customer.ini file fail!
[2026/09/15 18:40:33] parse SYS_INI path fail
[2026/09/15 18:40:33] load model ini file fail
[2026/09/15 18:40:33] cannot find PcbPath from ini file
[2026/09/15 18:40:33] no pcb.config in tvconfigs
[2026/09/15 18:40:33] no mnt/vendor/factorypcb.config
[2026/09/15 18:40:33] 发送(hex): 20
[2026/09/15 18:40:33] 发送(hex): 20
[2026/09/15 18:40:33] 发送(hex): 20
[2026/09/15 18:40:33] 发送(hex): 20
[2026/09/15 18:40:33] 发送(hex): 20
[2026/09/15 18:40:33] 发送(hex): 20
[2026/09/15 18:40:33] 发送(hex): 20
[2026/09/15 18:40:33] 发送(hex): 20
[2026/09/15 18:40:33] 发送(hex): 20
[2026/09/15 18:40:33] 发送(hex): 20
[2026/09/15 18:40:33] 发送(hex): 20
[2026/09/15 18:40:33] 发送(hex): 20
[2026/09/15 18:40:33] 发送(hex): 20
[2026/09/15 18:40:33] 发送(hex): 20
[2026/09/15 18:40:33] 发送(hex): 20
[2026/09/15 18:40:33] 发送(hex): 20
[2026/09/15 18:40:33] 发送(hex): 20
[2026/09/15 18:40:33] 发送(hex): 20
[2026/09/15 18:40:33] 发送(hex): 20
[2026/09/15 18:40:33] 发送(hex): 20
[2026/09/15 18:40:33] 发送(hex): 20
[2026/09/15 18:40:33] 发送(hex): 20
[2026/09/15 18:40:33] 发送(hex): 20
[2026/09/15 18:40:33] 发送(hex): 20
[2026/09/15 18:40:33] 发送(hex): 20
[2026/09/15 18:40:33] 发送(hex): 20
[2026/09/15 18:40:33] 发送(hex): 20
[2026/09/15 18:40:33] 发送(hex): 20
[2026/09/15 18:40:33] 发送(hex): 20
[2026/09/15 18:40:33] 发送(hex): 20
[2026/09/15 18:40:33] 发送(hex): 20
[2026/09/15 18:40:33] 发送(hex): 20
[2026/09/15 18:40:33] 发送(hex): 20
[2026/09/15 18:40:33] 发送(hex): 20
[2026/09/15 18:40:33] 发送(hex): 20
[2026/09/15 18:40:33] 发送(hex): 20
[2026/09/15 18:40:33] 发送(hex): 20
[2026/09/15 18:40:33] 发送(hex): 20
[2026/09/15 18:40:33] 发送(hex): 20
[2026/09/15 18:40:33] 发送(hex): 20
[2026/09/15 18:40:33] 发送(hex): 20
[2026/09/15 18:40:33] 发送(hex): 20
[2026/09/15 18:40:33] 发送(hex): 20
[2026/09/15 18:40:33] 发送(hex): 20
[2026/09/15 18:40:33] 发送(hex): 20
[2026/09/15 18:40:33] 发送(hex): 20
[2026/09/15 18:40:33] 发送(hex): 20
[2026/09/15 18:40:33] 发送(hex): 20
[2026/09/15 18:40:33] 发送(hex): 20
[2026/09/15 18:40:33] 发送(hex): 20
[2026/09/15 18:40:33] 发送(hex): 20
[2026/09/15 18:40:33] 发送(hex): 20
[2026/09/15 18:40:33] 发送(hex): 20
[2026/09/15 18:40:33] 发送(hex): 20
[2026/09/15 18:40:33] 发送(hex): 20
[2026/09/15 18:40:33] 发送(hex): 20
[2026/09/15 18:40:33] 发送(hex): 20
[2026/09/15 18:40:33] 发送(hex): 20
[2026/09/15 18:40:33] 发送(hex): 20
[2026/09/15 18:40:33] 发送(hex): 20
[2026/09/15 18:40:33] 发送(hex): 20
[2026/09/15 18:40:33] 发送(hex): 20
[2026/09/15 18:40:33] 发送(hex): 20
[2026/09/15 18:40:33] 发送(hex): 20
[2026/09/15 18:40:33] 发送(hex): 20
[2026/09/15 18:40:34] 发送(hex): 20
[2026/09/15 18:40:34] 发送(hex): 20
[2026/09/15 18:40:34] 发送(hex): 20
[2026/09/15 18:40:34] 发送(hex): 20
[2026/09/15 18:40:34] 发送(hex): 20
[2026/09/15 18:40:34] 发送(hex): 20
[2026/09/15 18:40:34] 发送(hex): 20
[2026/09/15 18:40:34] 发送(hex): 20
[2026/09/15 18:40:34] 发送(hex): 20
[2026/09/15 18:40:34] 发送(hex): 20
[2026/09/15 18:40:34] 发送(hex): 20
[2026/09/15 18:40:34] 发送(hex): 20
[2026/09/15 18:40:34] 发送(hex): 20
[2026/09/15 18:40:34] 发送(hex): 20
[2026/09/15 18:40:34] 发送(hex): 20
[2026/09/15 18:40:34] 发送(hex): 20
[2026/09/15 18:40:34] 发送(hex): 20
[2026/09/15 18:40:34] 发送(hex): 20
[2026/09/15 18:40:34] 发送(hex): 20
[2026/09/15 18:40:34] 发送(hex): 20
[2026/09/15 18:40:34] 发送(hex): 20
[2026/09/15 18:40:34] 发送(hex): 20
[2026/09/15 18:40:34] 发送(hex): 20
[2026/09/15 18:40:34] 发送(hex): 20
[2026/09/15 18:40:34] 发送(hex): 20
[2026/09/15 18:40:34] 发送(hex): 20
[2026/09/15 18:40:34] 发送(hex): 20
[2026/09/15 18:40:34] 发送(hex): 20
[2026/09/15 18:40:34] 发送(hex): 20
[2026/09/15 18:40:34] 发送(hex): 20
[2026/09/15 18:40:34] 发送(hex): 20
[2026/09/15 18:40:34] 发送(hex): 20
[2026/09/15 18:40:34] 发送(hex): 20
[2026/09/15 18:40:34] 发送(hex): 20
[2026/09/15 18:40:34] 发送(hex): 20
[2026/09/15 18:40:34] 发送(hex): 20
[2026/09/15 18:40:34] 发送(hex): 20
[2026/09/15 18:40:34] 发送(hex): 20
[2026/09/15 18:40:34] 发送(hex): 20
[2026/09/15 18:40:34] 发送(hex): 20
[2026/09/15 18:40:34] 发送(hex): 20
[2026/09/15 18:40:34] 发送(hex): 20
[2026/09/15 18:40:34] 发送(hex): 20
[2026/09/15 18:40:34] 发送(hex): 20
[2026/09/15 18:40:34] 发送(hex): 20
[2026/09/15 18:40:34] 发送(hex): 20
[2026/09/15 18:40:34] 发送(hex): 20
[2026/09/15 18:40:34] 发送(hex): 20
[2026/09/15 18:40:34] 发送(hex): 20
[2026/09/15 18:40:34] 发送(hex): 20
[2026/09/15 18:40:34] 发送(hex): 20
[2026/09/15 18:40:34] 发送(hex): 20
[2026/09/15 18:40:34] 发送(hex): 20
[2026/09/15 18:40:34] 发送(hex): 20
[2026/09/15 18:40:34] 发送(hex): 20
[2026/09/15 18:40:34] 发送(hex): 20
[2026/09/15 18:40:34] 发送(hex): 20
[2026/09/15 18:40:34] 发送(hex): 20
[2026/09/15 18:40:34] 发送(hex): 20
[2026/09/15 18:40:34] 发送(hex): 20
[2026/09/15 18:40:34] 发送(hex): 20
[2026/09/15 18:40:34] 发送(hex): 20
[2026/09/15 18:40:34] 发送(hex): 20
[2026/09/15 18:40:34] 发送(hex): 20
[2026/09/15 18:40:34] 发送(hex): 20
[2026/09/15 18:40:34] 发送(hex): 20
[2026/09/15 18:40:34] 发送(hex): 20
[2026/09/15 18:40:34] 发送(hex): 20
[2026/09/15 18:40:34] 发送(hex): 20
[2026/09/15 18:40:34] 发送(hex): 20
[2026/09/15 18:40:34] 发送(hex): 20
[2026/09/15 18:40:34] 发送(hex): 20
[2026/09/15 18:40:34] 发送(hex): 20
[2026/09/15 18:40:34] 发送(hex): 20
[2026/09/15 18:40:34] 发送(hex): 20
[2026/09/15 18:40:34] 发送(hex): 20
[2026/09/15 18:40:34] 发送(hex): 20
[2026/09/15 18:40:34] 发送(hex): 20
[2026/09/15 18:40:34] 发送(hex): 20
[2026/09/15 18:40:34] 发送(hex): 20
[2026/09/15 18:40:34] 发送(hex): 20
[2026/09/15 18:40:34] 发送(hex): 20
[2026/09/15 18:40:34] 发送(hex): 20
[2026/09/15 18:40:34] 发送(hex): 20
[2026/09/15 18:40:34] 发送(hex): 20
[2026/09/15 18:40:34] 发送(hex): 20
[2026/09/15 18:40:34] 发送(hex): 20
[2026/09/15 18:40:34] 发送(hex): 20
[2026/09/15 18:40:34] 发送(hex): 20
[2026/09/15 18:40:34] 发送(hex): 20
[2026/09/15 18:40:34] 发送(hex): 20
[2026/09/15 18:40:35] 发送(hex): 20
[2026/09/15 18:40:35] 发送(hex): 20
[2026/09/15 18:40:35] 发送(hex): 20
[2026/09/15 18:40:35] 发送(hex): 20
[2026/09/15 18:40:35] 发送(hex): 20
[2026/09/15 18:40:35] 发送(hex): 20
[2026/09/15 18:40:35] 发送(hex): 20
[2026/09/15 18:40:35] 发送(hex): 20
[2026/09/15 18:40:35] 发送(hex): 20
[2026/09/15 18:40:35] 发送(hex): 20
[2026/09/15 18:40:35] 发送(hex): 20
[2026/09/15 18:40:35] 发送(hex): 20
[2026/09/15 18:40:35] 发送(hex): 20
[2026/09/15 18:40:35] delay:427
[2026/09/15 18:40:35] 发送(hex): 20
[2026/09/15 18:40:35] 发送(hex): 20
[2026/09/15 18:40:35] 发送(hex): 20
[2026/09/15 18:40:35] 发送(hex): 20
[2026/09/15 18:40:35] 发送(hex): 20
[2026/09/15 18:40:35] 发送(hex): 20
[2026/09/15 18:40:35] 发送(hex): 20
[2026/09/15 18:40:35] 发送(hex): 20
[2026/09/15 18:40:35] 发送(hex): 20
[2026/09/15 18:40:35] 发送(hex): 20
[2026/09/15 18:40:35] 发送(hex): 20
[2026/09/15 18:40:35] 发送(hex): 20
[2026/09/15 18:40:35] 发送(hex): 20
[2026/09/15 18:40:35] 发送(hex): 20
[2026/09/15 18:40:35] 发送(hex): 20
[2026/09/15 18:40:35] 发送(hex): 20
[2026/09/15 18:40:35] 发送(hex): 20
[2026/09/15 18:40:35] 发送(hex): 20
[2026/09/15 18:40:35] 发送(hex): 20
[2026/09/15 18:40:35] 发送(hex): 20
[2026/09/15 18:40:35] 发送(hex): 20
[2026/09/15 18:40:35] 发送(hex): 20
[2026/09/15 18:40:35] 发送(hex): 20
[2026/09/15 18:40:35] 发送(hex): 20
[2026/09/15 18:40:35] 发送(hex): 20
[2026/09/15 18:40:35] 发送(hex): 20
[2026/09/15 18:40:35] 发送(hex): 20
[2026/09/15 18:40:35] 发送(hex): 20
[2026/09/15 18:40:35] 发送(hex): 20
[2026/09/15 18:40:35] 发送(hex): 20
[2026/09/15 18:40:35] 发送(hex): 20
[2026/09/15 18:40:35] 发送(hex): 20
[2026/09/15 18:40:35] 发送(hex): 20
[2026/09/15 18:40:35] 发送(hex): 20
[2026/09/15 18:40:35] Net:   r8168: REALTEK RTL8168 @0x18016000
[2026/09/15 18:40:35] 发送(hex): 20
[2026/09/15 18:40:35] St
[2026/09/15 18:40:35] 发送(hex): 20
[2026/09/15 18:40:35] 发送(hex): 20
[2026/09/15 18:40:35] art Boot Setup ...
[2026/09/15 18:40:35] (powerMgr_get_wakeup_source)2012/05/30 19:50
[2026/09/15 18:40:35] wakeup source : AC
[2026/09/15 18:40:35] 发送(hex): 20
[2026/09/15 18:40:35] 发送(hex): 20
[2026/09/15 18:40:35] 发送(hex): 20
[2026/09/15 18:40:35] (powerMgr_get_wakeup_source)2012/05/30 19:50
[2026/09/15 18:40:35] wakeup source : AC
[2026/09/15 18:40:35] wakeup_src=0, boot_logo_enable=1, bgm_boot_type=0, POWER_ON_MODE_SILEN=0.
[2026/09/15 18:40:35] 发送(hex): 20
[2026/09/15 18:40:35] GDMA module_init finish
[2026/09/15 18:40:35] [GDMA] OSD size[3840,2160]
[2026/09/15 18:40:35] [GDM
[2026/09/15 18:40:35] 发送(hex): 20
[2026/09/15 18:40:35] 发送(hex): 20
[2026/09/15 18:40:35] A] gdma_showlogo gdma show logo 3821
[2026/09/15 18:40:35] Net:   r8168: REALTEK RTL8168 @0x18016000
[2026/09/15 18:40:35] 发送(hex): 20
[2026/09/15 18:40:35] ## Android Verified Boot 2.0 v
[2026/09/15 18:40:35] 发送(hex): 20
[2026/09/15 18:40:35] 发送(hex): 20
[2026/09/15 18:40:35] ersion 1.1.0
[2026/09/15 18:40:35] 发送(hex): 20
[2026/09/15 18:40:35] 发送(hex): 20
[2026/09/15 18:40:35] 发送(hex): 20
[2026/09/15 18:40:35] 发送(hex): 20
[2026/09/15 18:40:35] 发送(hex): 20
[2026/09/15 18:40:35] 发送(hex): 20
[2026/09/15 18:40:35] 发送(hex): 20
[2026/09/15 18:40:35] 发送(hex): 20
[2026/09/15 18:40:35] 发送(hex): 20
[2026/09/15 18:40:35] 发送(hex): 20
[2026/09/15 18:40:35] 发送(hex): 20
[2026/09/15 18:40:35] 发送(hex): 20
[2026/09/15 18:40:35] 发送(hex): 20
[2026/09/15 18:40:35] 发送(hex): 20
[2026/09/15 18:40:35] 发送(hex): 20
[2026/09/15 18:40:35] 发送(hex): 20
[2026/09/15 18:40:35] 发送(hex): 20
[2026/09/15 18:40:35] 发送(hex): 20
[2026/09/15 18:40:35] 发送(hex): 20
[2026/09/15 18:40:35] 发送(hex): 20
[2026/09/15 18:40:35] 发送(hex): 20
[2026/09/15 18:40:35] 发送(hex): 20
[2026/09/15 18:40:35] 发送(hex): 20
[2026/09/15 18:40:35] 发送(hex): 20
[2026/09/15 18:40:35] 发送(hex): 20
[2026/09/15 18:40:35] 发送(hex): 20
[2026/09/15 18:40:35] 发送(hex): 20
[2026/09/15 18:40:35] 发送(hex): 20
[2026/09/15 18:40:35] 发送(hex): 20
[2026/09/15 18:40:35] 发送(hex): 20
[2026/09/15 18:40:35] 发送(hex): 20
[2026/09/15 18:40:36] 发送(hex): 20
[2026/09/15 18:40:36] 发送(hex): 20
[2026/09/15 18:40:36] 发送(hex): 20
[2026/09/15 18:40:36] 发送(hex): 20
[2026/09/15 18:40:36] 发送(hex): 20
[2026/09/15 18:40:36] 发送(hex): 20
[2026/09/15 18:40:36] 发送(hex): 20
[2026/09/15 18:40:36] 发送(hex): 20
[2026/09/15 18:40:36] 发送(hex): 20
[2026/09/15 18:40:36] 发送(hex): 20
[2026/09/15 18:40:36] 发送(hex): 20
[2026/09/15 18:40:36] 发送(hex): 20
[2026/09/15 18:40:36] 发送(hex): 20
[2026/09/15 18:40:36] Verification passed successfully
[2026/09/15 18:40:36] [Skip A] boot manual mode
[2026/09/15 18:40:36] [Skip V] boot manual mode
[2026/09/15 18:40:36] is_avb_verify_hash_partition 164 find avb verify part_name boot img_buf 0x66400000 size 0x307a000
[2026/09/15 18:40:36] boot header version : 4
[2026/09/15 18:40:36] is_avb_verify_hash_partition 164 find avb verify part_name vendor_boot img_buf 0x6bc00000 size 0x10a3000
[2026/09/15 18:40:36] get_partition_content_by_name 11954 get gpt_name init_boot_a err,try part name init_boot!
[2026/09/15 18:40:36] get_partition_content_by_name 11956 get part name init_boot err!
[2026/09/15 18:40:36] 发送(hex): 20
[2026/09/15 18:40:36] 发送(hex): 20
[2026/09/15 18:40:36] 发送(hex): 20
[2026/09/15 18:40:36] 发送(hex): 20
[2026/09/15 18:40:36] 发送(hex): 20
[2026/09/15 18:40:36] 发送(hex): 20
[2026/09/15 18:40:36] 发送(hex): 20
[2026/09/15 18:40:36] get_merge_ramdisk 11932 cur_ramdisk_size 0xf3096 real_cur_ramdisk_size 0xf3096
[2026/09/15 18:40:36] get_merge_ramdisk 11932 cur_ramdisk_size 0x2019e5 real_cur_ramdisk_size 0x2019e5
[2026/09/15 18:40:36] is_avb_verify_hash_partition 164 find avb verify part_name dtbo img_buf 0x6fc00000 size 0x1186
[2026/09/15 18:40:36] Net:   r8168: REALTEK RTL8168 @0x18016000
[2026/09/15 18:40:36] 发送(hex): 20
[2026/09/15 18:40:36] 发送(hex): 20
[2026/09/15 18:40:36] 发送(hex): 20
[2026/09/15 18:40:36] 发送(hex): 20
[2026/09/15 18:40:36] [Skip K] boot manual mode (execute "go all")
[2026/09/15 18:40:36] Enter console mode, disable watchdog ...
[2026/09/15 18:40:36] Realtek>
[2026/09/15 18:40:36] 发送(hex): 20
[2026/09/15 18:40:36] 发送(hex): 20
[2026/09/15 18:40:36] 发送(hex): 20
[2026/09/15 18:40:36] 发送(hex): 20
[2026/09/15 18:40:36] 发送(hex): 20
[2026/09/15 18:40:36] 发送(hex): 20
[2026/09/15 18:40:36] 发送(hex): 20
[2026/09/15 18:40:36] 发送(hex): 20
[2026/09/15 18:40:36] 发送(hex): 20
[2026/09/15 18:40:36] 发送(hex): 20
[2026/09/15 18:40:36] 发送(hex): 20
[2026/09/15 18:40:36] 发送(hex): 20
[2026/09/15 18:40:36] 发送(hex): 20
[2026/09/15 18:40:36] 发送(hex): 20
[2026/09/15 18:40:36] 发送(hex): 20
[2026/09/15 18:40:36] 发送(hex): 20
[2026/09/15 18:40:36] 发送(hex): 20
[2026/09/15 18:40:36] 发送(hex): 20
[2026/09/15 18:40:36] 发送(hex): 20
[2026/09/15 18:40:36] 发送(hex): 20
[2026/09/15 18:40:36] 发送(hex): 20
[2026/09/15 18:40:36] 发送(hex): 20
[2026/09/15 18:40:36] 发送(hex): 20
[2026/09/15 18:40:36] 发送(hex): 20
[2026/09/15 18:40:36] 发送(hex): 20
[2026/09/15 18:40:36] 发送(hex): 20
[2026/09/15 18:40:36] 发送(hex): 20
[2026/09/15 18:40:36] 发送(hex): 20
[2026/09/15 18:40:36] 发送(hex): 20
[2026/09/15 18:40:36] 发送(hex): 20
[2026/09/15 18:40:36] 发送(hex): 20
[2026/09/15 18:40:36] 发送(hex): 20
[2026/09/15 18:40:36] 发送(hex): 20
[2026/09/15 18:40:36] 发送(hex): 20
[2026/09/15 18:40:36] 发送(hex): 20
[2026/09/15 18:40:36] 发送(hex): 20
[2026/09/15 18:40:36] 发送(hex): 20
[2026/09/15 18:40:36] 发送(hex): 20
[2026/09/15 18:40:36] 发送(hex): 20
[2026/09/15 18:40:36] 发送(hex): 20
[2026/09/15 18:40:36] 发送(hex): 20
[2026/09/15 18:40:36] 发送(hex): 20
[2026/09/15 18:40:36] 发送(hex): 20
[2026/09/15 18:40:36] 发送(hex): 20
[2026/09/15 18:40:36] 发送(hex): 20
[2026/09/15 18:40:36] 发送(hex): 20
[2026/09/15 18:40:36] 发送(hex): 20
[2026/09/15 18:40:36] 发送(hex): 20
[2026/09/15 18:40:36] 发送(hex): 20
[2026/09/15 18:40:36] 发送(hex): 20
[2026/09/15 18:40:36] 发送(hex): 20
[2026/09/15 18:40:36] 发送(hex): 20
[2026/09/15 18:40:36] 发送(hex): 20
[2026/09/15 18:40:36] 发送(hex): 20
[2026/09/15 18:40:36] 发送(hex): 20
[2026/09/15 18:40:36] 发送(hex): 20
[2026/09/15 18:40:36] 发送(hex): 20
[2026/09/15 18:40:36] 发送(hex): 20
[2026/09/15 18:40:36] 发送(hex): 20
[2026/09/15 18:40:36] 发送(hex): 20
[2026/09/15 18:40:36] 发送(hex): 20
[2026/09/15 18:40:36] 发送(hex): 20
[2026/09/15 18:40:36] 发送(hex): 20
[2026/09/15 18:40:36] 发送(hex): 20
[2026/09/15 18:40:37] 发送(hex): 20
[2026/09/15 18:40:37] 发送(hex): 20
[2026/09/15 18:40:37] 发送(hex): 20
[2026/09/15 18:40:37] 发送(hex): 20
[2026/09/15 18:40:37] 发送(hex): 20
[2026/09/15 18:40:37] 发送(hex): 20
[2026/09/15 18:40:37] 发送(hex): 20
[2026/09/15 18:40:37] 发送(hex): 20
[2026/09/15 18:40:37] 发送(hex): 20
[2026/09/15 18:40:37] 发送(hex): 20
[2026/09/15 18:40:37] 发送(hex): 20
[2026/09/15 18:40:37] 发送(hex): 20
[2026/09/15 18:40:37] 发送(hex): 20
[2026/09/15 18:40:37] 发送(hex): 20
[2026/09/15 18:40:37] 发送(hex): 20
[2026/09/15 18:40:37] 发送(hex): 20
[2026/09/15 18:40:37] 发送(hex): 20
[2026/09/15 18:40:37] 发送(hex): 20
[2026/09/15 18:40:37] 发送(hex): 20
[2026/09/15 18:40:37] 发送(hex): 20
[2026/09/15 18:40:37] 发送(hex): 20
[2026/09/15 18:40:37] 发送(hex): 20
[2026/09/15 18:40:37] 发送(hex): 20
[2026/09/15 18:40:37] 发送(hex): 20
[2026/09/15 18:40:37] 发送(hex): 20
[2026/09/15 18:40:37] 发送(hex): 20
[2026/09/15 18:40:37] 发送(hex): 20
[2026/09/15 18:40:37] 发送(hex): 20
[2026/09/15 18:40:37] 发送(hex): 20
[2026/09/15 18:40:37] 发送(hex): 20
[2026/09/15 18:40:37] 发送(hex): 20
[2026/09/15 18:40:37] 发送(hex): 20
[2026/09/15 18:40:37] 发送(hex): 20
[2026/09/15 18:40:37] 发送(hex): 20
[2026/09/15 18:40:37] 发送(hex): 20
[2026/09/15 18:40:37] 发送(hex): 20
[2026/09/15 18:40:37] 发送(hex): 20
[2026/09/15 18:40:37] 发送(hex): 20
[2026/09/15 18:40:37] 发送(hex): 20
[2026/09/15 18:40:37] 发送(hex): 20
[2026/09/15 18:40:37] 发送(hex): 20
[2026/09/15 18:40:37] 发送(hex): 20
[2026/09/15 18:40:37] 发送(hex): 20
[2026/09/15 18:40:37] 发送(hex): 20
[2026/09/15 18:40:37] 发送(hex): 20
[2026/09/15 18:40:37] 发送(hex): 20
[2026/09/15 18:40:37] 发送(hex): 20
[2026/09/15 18:40:37] 发送(hex): 20
[2026/09/15 18:40:37] 发送(hex): 20
[2026/09/15 18:40:37] 发送(hex): 20
[2026/09/15 18:40:37] 发送(hex): 20
[2026/09/15 18:40:37] 发送(hex): 20
[2026/09/15 18:40:37] 发送(hex): 20
[2026/09/15 18:40:37] 发送(hex): 20
[2026/09/15 18:40:37] 发送(hex): 20
[2026/09/15 18:40:37] 发送(hex): 20
[2026/09/15 18:40:37] 发送(hex): 20
[2026/09/15 18:40:37] 发送(hex): 20
[2026/09/15 18:40:37] 发送(hex): 20
[2026/09/15 18:40:37] 发送(hex): 20
[2026/09/15 18:40:37] 发送(hex): 20
[2026/09/15 18:40:37] 发送(hex): 20
[2026/09/15 18:40:37] 发送(hex): 20
[2026/09/15 18:40:37] 发送(hex): 20
[2026/09/15 18:40:37] 发送(hex): 20
[2026/09/15 18:40:37] 发送(hex): 20
[2026/09/15 18:40:37] 发送(hex): 20
[2026/09/15 18:40:37] 发送(hex): 20
[2026/09/15 18:40:37] 发送(hex): 20
[2026/09/15 18:40:37] 发送(hex): 20
[2026/09/15 18:40:37] 发送(hex): 20
[2026/09/15 18:40:37] 发送(hex): 20
[2026/09/15 18:40:37] 发送(hex): 20
[2026/09/15 18:40:37] 发送(hex): 20
[2026/09/15 18:40:37] 发送(hex): 20
[2026/09/15 18:40:37] 发送(hex): 20
[2026/09/15 18:40:37] 发送(hex): 20
[2026/09/15 18:40:37] 发送(hex): 20
[2026/09/15 18:40:37] 发送(hex): 20
[2026/09/15 18:40:37] 发送(hex): 20
[2026/09/15 18:40:37] 发送(hex): 20
[2026/09/15 18:40:37] 发送(hex): 20
[2026/09/15 18:40:37] 发送(hex): 20
[2026/09/15 18:40:37] 发送(hex): 20
[2026/09/15 18:40:37] 发送(hex): 20
[2026/09/15 18:40:37] 发送(hex): 20
[2026/09/15 18:40:37] 发送(hex): 20
[2026/09/15 18:40:37] 发送(hex): 20
[2026/09/15 18:40:37] 发送(hex): 20
[2026/09/15 18:40:37] 发送(hex): 20
[2026/09/15 18:40:37] 发送(hex): 20
[2026/09/15 18:40:37] 发送(hex): 20
[2026/09/15 18:40:38] 发送(hex): 20
[2026/09/15 18:40:38] 发送(hex): 20
[2026/09/15 18:40:38] 发送(hex): 20
[2026/09/15 18:40:38] 发送(hex): 20
[2026/09/15 18:40:38] 发送(hex): 20
[2026/09/15 18:40:38] 发送(hex): 20
[2026/09/15 18:40:38] 发送(hex): 20
[2026/09/15 18:40:38] 发送(hex): 20
[2026/09/15 18:40:38] 发送(hex): 20
[2026/09/15 18:40:38] 发送(hex): 20
[2026/09/15 18:40:38] 发送(hex): 20
[2026/09/15 18:40:38] 发送(hex): 20
[2026/09/15 18:40:38] 发送(hex): 20
[2026/09/15 18:40:38] 发送(hex): 20
[2026/09/15 18:40:38] 发送(hex): 20
[2026/09/15 18:40:38] 发送(hex): 20
[2026/09/15 18:40:38] 发送(hex): 20
[2026/09/15 18:40:38] 发送(hex): 20
[2026/09/15 18:40:38] 发送(hex): 20
[2026/09/15 18:40:38] 发送(hex): 20
[2026/09/15 18:40:38] 发送(hex): 20
[2026/09/15 18:40:38] 发送(hex): 20
[2026/09/15 18:40:38] 发送(hex): 20
[2026/09/15 18:40:38] 发送(hex): 20
[2026/09/15 18:40:38] 发送(hex): 20
[2026/09/15 18:40:38] 发送(hex): 20
[2026/09/15 18:40:38] 发送(hex): 20
[2026/09/15 18:40:38] 发送(hex): 20
[2026/09/15 18:40:38] 发送(hex): 20
[2026/09/15 18:40:38] 发送(hex): 20
[2026/09/15 18:40:38] 发送(hex): 20
[2026/09/15 18:40:38] 发送(hex): 20
[2026/09/15 18:40:38] 发送(hex): 20
[2026/09/15 18:40:38] 发送(hex): 20
[2026/09/15 18:40:38] 发送(hex): 20
[2026/09/15 18:40:38] 发送(hex): 20
[2026/09/15 18:40:38] 发送(hex): 20
[2026/09/15 18:40:38] 发送(hex): 20
[2026/09/15 18:40:38] 发送(hex): 20
[2026/09/15 18:40:38] 发送(hex): 20
[2026/09/15 18:40:38] 发送(hex): 20
[2026/09/15 18:40:38] 发送(hex): 20
[2026/09/15 18:40:38] 发送(hex): 20
[2026/09/15 18:40:38] 发送(hex): 20
[2026/09/15 18:40:38] 发送(hex): 20
[2026/09/15 18:40:38] 发送(hex): 20
[2026/09/15 18:40:38] 发送(hex): 20
[2026/09/15 18:40:38] 发送(hex): 20
[2026/09/15 18:40:38] 发送(hex): 20
[2026/09/15 18:40:38] 发送(hex): 20
[2026/09/15 18:40:38] 发送(hex): 20
[2026/09/15 18:40:38] 发送(hex): 20
[2026/09/15 18:40:38] 发送(hex): 20
[2026/09/15 18:40:38] 发送(hex): 20
[2026/09/15 18:40:38] 发送(hex): 20
[2026/09/15 18:40:38] 发送(hex): 20
[2026/09/15 18:40:38] 发送(hex): 20
[2026/09/15 18:40:38] 发送(hex): 20
[2026/09/15 18:40:38] 发送(hex): 20
[2026/09/15 18:40:38] 发送(hex): 20
[2026/09/15 18:40:38] 发送(hex): 20
[2026/09/15 18:40:38] 发送(hex): 20
[2026/09/15 18:40:38] 发送(hex): 20
[2026/09/15 18:40:38] 发送(hex): 20
[2026/09/15 18:40:38] 发送(hex): 20
[2026/09/15 18:40:38] 发送(hex): 20
[2026/09/15 18:40:38] 发送(hex): 20
[2026/09/15 18:40:38] 发送(hex): 20
[2026/09/15 18:40:38] 发送(hex): 20
[2026/09/15 18:40:38] 发送(hex): 20
[2026/09/15 18:40:38] 发送(hex): 20
[2026/09/15 18:40:38] 发送(hex): 20
[2026/09/15 18:40:38] 发送(hex): 20
[2026/09/15 18:40:38] 发送(hex): 20
[2026/09/15 18:40:38] 发送(hex): 20
[2026/09/15 18:40:38] 发送(hex): 20
[2026/09/15 18:40:38] 发送(hex): 20
[2026/09/15 18:40:38] 发送(hex): 20
[2026/09/15 18:40:38] 发送(hex): 20
[2026/09/15 18:40:38] 发送(hex): 20
[2026/09/15 18:40:38] 发送(hex): 20
[2026/09/15 18:40:38] 发送(hex): 20
[2026/09/15 18:40:38] 发送(hex): 20
[2026/09/15 18:40:38] 发送(hex): 20
[2026/09/15 18:40:38] 发送(hex): 20
[2026/09/15 18:40:38] 发送(hex): 20
[2026/09/15 18:40:38] 发送(hex): 20
[2026/09/15 18:40:38] 发送(hex): 20
[2026/09/15 18:40:38] 发送(hex): 20
[2026/09/15 18:40:38] 发送(hex): 20
[2026/09/15 18:40:38] 发送(hex): 20
[2026/09/15 18:40:39] 发送(hex): 20
[2026/09/15 18:40:39] 发送(hex): 20
[2026/09/15 18:40:39] 发送(hex): 20
[2026/09/15 18:40:39] 发送(hex): 20
[2026/09/15 18:40:39] 发送(hex): 20
[2026/09/15 18:40:39] 发送(hex): 20
[2026/09/15 18:40:39] 发送(hex): 20
[2026/09/15 18:40:39] 发送(hex): 20
[2026/09/15 18:40:39] 发送(hex): 20
[2026/09/15 18:40:39] 发送(hex): 20
[2026/09/15 18:40:39] 发送(hex): 20
[2026/09/15 18:40:39] 发送(hex): 20
[2026/09/15 18:40:39] 发送(hex): 20
[2026/09/15 18:40:39] 发送(hex): 20
[2026/09/15 18:40:39] 发送(hex): 20
[2026/09/15 18:40:39] 发送(hex): 20
[2026/09/15 18:40:39] 发送(hex): 20
[2026/09/15 18:40:39] 发送(hex): 20
[2026/09/15 18:40:39] 发送(hex): 20
[2026/09/15 18:40:39] 发送(hex): 20
[2026/09/15 18:40:39] 发送(hex): 20
[2026/09/15 18:40:39] 发送(hex): 20
[2026/09/15 18:40:39] 发送(hex): 20
[2026/09/15 18:40:39] 发送(hex): 20
[2026/09/15 18:40:39] 发送(hex): 20
[2026/09/15 18:40:39] 发送(hex): 20
[2026/09/15 18:40:39] 发送(hex): 20
[2026/09/15 18:40:39] 发送(hex): 20
[2026/09/15 18:40:39] 发送(hex): 20
[2026/09/15 18:40:39] 发送(hex): 20
[2026/09/15 18:40:39] 发送(hex): 20
[2026/09/15 18:40:39] 发送(hex): 20
[2026/09/15 18:40:39] 发送(hex): 20
[2026/09/15 18:40:39] 发送(hex): 20
[2026/09/15 18:40:39] 发送(hex): 20
[2026/09/15 18:40:39] 发送(hex): 20
[2026/09/15 18:40:39] 发送(hex): 20
[2026/09/15 18:40:39] 发送(hex): 20
[2026/09/15 18:40:39] 发送(hex): 20
[2026/09/15 18:40:39] 发送(hex): 20
[2026/09/15 18:40:39] 发送(hex): 20
[2026/09/15 18:40:39] 发送(hex): 20
[2026/09/15 18:40:39] 发送(hex): 20
[2026/09/15 18:40:39] 发送(hex): 20
[2026/09/15 18:40:39] 发送(hex): 20
[2026/09/15 18:40:39] 发送(hex): 20
[2026/09/15 18:40:39] 发送(hex): 20
[2026/09/15 18:40:39] 发送(hex): 20
[2026/09/15 18:40:39] 发送(hex): 20
[2026/09/15 18:40:39] 发送(hex): 20
[2026/09/15 18:40:39] 发送(hex): 20
[2026/09/15 18:40:39] 发送(hex): 20
[2026/09/15 18:40:39] 发送(hex): 20
[2026/09/15 18:40:39] 发送(hex): 20
[2026/09/15 18:40:39] 发送(hex): 20
[2026/09/15 18:40:39] 发送(hex): 20
[2026/09/15 18:40:39] 发送(hex): 20
[2026/09/15 18:40:39] 发送(hex): 20
[2026/09/15 18:40:39] 发送(hex): 20
[2026/09/15 18:40:39] 发送(hex): 20
[2026/09/15 18:40:39] 发送(hex): 20
[2026/09/15 18:40:39] 发送(hex): 20
[2026/09/15 18:40:39] 发送(hex): 20
[2026/09/15 18:40:39] 发送(hex): 20
[2026/09/15 18:40:39] 发送(hex): 20
[2026/09/15 18:40:39] 发送(hex): 20
[2026/09/15 18:40:39] 发送(hex): 20
[2026/09/15 18:40:39] 发送(hex): 20
[2026/09/15 18:40:39] 发送(hex): 20
[2026/09/15 18:40:39] 发送(hex): 20
[2026/09/15 18:40:39] 发送(hex): 20
[2026/09/15 18:40:39] 发送(hex): 20
[2026/09/15 18:40:39] 发送(hex): 20
[2026/09/15 18:40:39] 发送(hex): 20
[2026/09/15 18:40:39] 发送(hex): 20
[2026/09/15 18:40:39] 发送(hex): 20
[2026/09/15 18:40:39] 发送(hex): 20
[2026/09/15 18:40:39] 发送(hex): 20
[2026/09/15 18:40:39] 发送(hex): 20
[2026/09/15 18:40:39] 发送(hex): 20
[2026/09/15 18:40:39] 发送(hex): 20
[2026/09/15 18:40:39] 发送(hex): 20
[2026/09/15 18:40:39] 发送(hex): 20
[2026/09/15 18:40:39] 发送(hex): 20
[2026/09/15 18:40:39] 发送(hex): 20
[2026/09/15 18:40:39] 发送(hex): 20
[2026/09/15 18:40:39] 发送(hex): 20
[2026/09/15 18:40:39] 发送(hex): 20
[2026/09/15 18:40:39] 发送(hex): 20
[2026/09/15 18:40:39] 发送(hex): 20
[2026/09/15 18:40:39] 发送(hex): 20
[2026/09/15 18:40:39] 发送(hex): 20
[2026/09/15 18:40:39] 发送(hex): 20
[2026/09/15 18:40:40] 发送(hex): 20
[2026/09/15 18:40:40] 发送(hex): 20
[2026/09/15 18:40:40] 发送(hex): 20
[2026/09/15 18:40:40] 发送(hex): 20
[2026/09/15 18:40:40] 发送(hex): 20
[2026/09/15 18:40:40] 发送(hex): 20
[2026/09/15 18:40:40] 发送(hex): 20
[2026/09/15 18:40:40] 发送(hex): 20
[2026/09/15 18:40:40] 发送(hex): 20
[2026/09/15 18:40:40] 发送(hex): 20
[2026/09/15 18:40:40] 发送(hex): 20
[2026/09/15 18:40:40] 发送(hex): 20
[2026/09/15 18:40:40] 发送(hex): 20
[2026/09/15 18:40:40] 发送(hex): 20
[2026/09/15 18:40:40] 发送(hex): 20
[2026/09/15 18:40:40] 发送(hex): 20
[2026/09/15 18:40:40] 发送(hex): 20
[2026/09/15 18:40:40] 发送(hex): 20
[2026/09/15 18:40:40] 发送(hex): 20
[2026/09/15 18:40:40] 发送(hex): 20
[2026/09/15 18:40:40] 发送(hex): 20
[2026/09/15 18:40:40] 发送(hex): 20
[2026/09/15 18:40:40] 发送(hex): 20
[2026/09/15 18:40:40] 发送(hex): 20
[2026/09/15 18:40:40] 发送(hex): 20
[2026/09/15 18:40:40] 发送(hex): 20
[2026/09/15 18:40:40] 发送(hex): 20
[2026/09/15 18:40:40] 发送(hex): 20
[2026/09/15 18:40:40] 发送(hex): 20
[2026/09/15 18:40:40] 发送(hex): 20
[2026/09/15 18:40:40] 发送(hex): 20
[2026/09/15 18:40:40] 发送(hex): 20
[2026/09/15 18:40:40] 发送(hex): 20
[2026/09/15 18:40:40] 发送(hex): 20
[2026/09/15 18:40:40] 发送(hex): 20
[2026/09/15 18:40:40] 发送(hex): 20
[2026/09/15 18:40:40] 发送(hex): 20
[2026/09/15 18:40:40] 发送(hex): 20
[2026/09/15 18:40:40] 发送(hex): 20
[2026/09/15 18:40:40] 发送(hex): 20
[2026/09/15 18:40:40] 发送(hex): 20
[2026/09/15 18:40:40] 发送(hex): 20
[2026/09/15 18:40:40] 发送(hex): 20
[2026/09/15 18:40:40] 发送(hex): 20
[2026/09/15 18:40:40] 发送(hex): 20
[2026/09/15 18:40:40] 发送(hex): 20
[2026/09/15 18:40:40] 发送(hex): 20
[2026/09/15 18:40:40] 发送(hex): 20
[2026/09/15 18:40:40] 发送(hex): 20
[2026/09/15 18:40:40] 发送(hex): 20
[2026/09/15 18:40:40] 发送(hex): 20
[2026/09/15 18:40:40] 发送(hex): 20
[2026/09/15 18:40:40] 发送(hex): 20
[2026/09/15 18:40:40] 发送(hex): 20
[2026/09/15 18:40:40] 发送(hex): 20
[2026/09/15 18:40:40] 发送(hex): 20
[2026/09/15 18:40:40] 发送(hex): 20
[2026/09/15 18:40:40] 发送(hex): 20
[2026/09/15 18:40:40] 发送(hex): 20
[2026/09/15 18:40:40] 发送(hex): 20
[2026/09/15 18:40:40] 发送(hex): 20
[2026/09/15 18:40:40] 发送(hex): 20
[2026/09/15 18:40:40] 发送(hex): 20
[2026/09/15 18:40:40] 发送(hex): 20
[2026/09/15 18:40:40] 发送(hex): 20
[2026/09/15 18:40:40] 发送(hex): 20
[2026/09/15 18:40:40] 发送(hex): 20
[2026/09/15 18:40:40] 发送(hex): 20
[2026/09/15 18:40:40] 发送(hex): 20
[2026/09/15 18:40:40] 发送(hex): 20
[2026/09/15 18:40:40] 发送(hex): 20
[2026/09/15 18:40:40] 发送(hex): 20
[2026/09/15 18:40:40] 发送(hex): 20
[2026/09/15 18:40:40] 发送(hex): 20
[2026/09/15 18:40:40] 发送(hex): 20
[2026/09/15 18:40:40] 发送(hex): 20
[2026/09/15 18:40:40] 发送(hex): 20
[2026/09/15 18:40:40] 发送(hex): 20
[2026/09/15 18:40:40] 发送(hex): 20
[2026/09/15 18:40:40] 发送(hex): 20
[2026/09/15 18:40:40] 发送(hex): 20
[2026/09/15 18:40:40] 发送(hex): 20
[2026/09/15 18:40:40] 发送(hex): 20
[2026/09/15 18:40:40] 发送(hex): 20
[2026/09/15 18:40:40] 发送(hex): 20
[2026/09/15 18:40:40] 发送(hex): 20
[2026/09/15 18:40:40] 发送(hex): 20
[2026/09/15 18:40:40] 发送(hex): 20
[2026/09/15 18:40:40] 发送(hex): 20
[2026/09/15 18:40:40] 发送(hex): 20
[2026/09/15 18:40:41] 发送(hex): 20
[2026/09/15 18:40:41] 发送(hex): 20
[2026/09/15 18:40:41] 发送(hex): 20
[2026/09/15 18:40:41] 发送(hex): 20
[2026/09/15 18:40:41] 发送(hex): 20
[2026/09/15 18:40:41] 发送(hex): 20
[2026/09/15 18:40:41] 发送(hex): 20
[2026/09/15 18:40:41] 发送(hex): 20
[2026/09/15 18:40:41] 发送(hex): 20
[2026/09/15 18:40:41] 发送(hex): 20
[2026/09/15 18:40:41] 发送(hex): 20
[2026/09/15 18:40:41] 发送(hex): 20
[2026/09/15 18:40:41] 发送(hex): 20
[2026/09/15 18:40:41] 发送(hex): 20
[2026/09/15 18:40:41] 发送(hex): 20
[2026/09/15 18:40:41] 发送(hex): 20
[2026/09/15 18:40:41] 发送(hex): 20
[2026/09/15 18:40:41] 发送(hex): 20
[2026/09/15 18:40:41] 发送(hex): 20
[2026/09/15 18:40:41] 发送(hex): 20
[2026/09/15 18:40:41] 发送(hex): 20
[2026/09/15 18:40:41] 发送(hex): 20
[2026/09/15 18:40:41] 发送(hex): 20
[2026/09/15 18:40:41] 发送(hex): 20
[2026/09/15 18:40:41] 发送(hex): 20
[2026/09/15 18:40:41] 发送(hex): 20
[2026/09/15 18:40:41] 发送(hex): 20
[2026/09/15 18:40:41] 发送(hex): 20
[2026/09/15 18:40:41] 发送(hex): 20
[2026/09/15 18:40:41] 发送(hex): 20
[2026/09/15 18:40:41] 发送(hex): 20
[2026/09/15 18:40:41] 发送(hex): 20
[2026/09/15 18:40:41] 发送(hex): 20
[2026/09/15 18:40:41] 发送(hex): 20
[2026/09/15 18:40:41] 发送(hex): 20
[2026/09/15 18:40:41] 发送(hex): 20
[2026/09/15 18:40:41] 发送(hex): 20
[2026/09/15 18:40:41] 发送(hex): 20
[2026/09/15 18:40:41] 发送(hex): 20
[2026/09/15 18:40:41] 发送(hex): 20
[2026/09/15 18:40:41] 发送(hex): 20
[2026/09/15 18:40:41] 发送(hex): 20
[2026/09/15 18:40:41] 发送(hex): 20
[2026/09/15 18:40:41] 发送(hex): 20
[2026/09/15 18:40:41] 发送(hex): 20
[2026/09/15 18:40:41] 发送(hex): 20
[2026/09/15 18:40:41] 发送(hex): 20
[2026/09/15 18:40:41] 发送(hex): 20
[2026/09/15 18:40:41] 发送(hex): 20
[2026/09/15 18:40:41] 发送(hex): 20
[2026/09/15 18:40:41] 发送(hex): 20
[2026/09/15 18:40:41] 发送(hex): 20
[2026/09/15 18:40:41] 发送(hex): 20
[2026/09/15 18:40:41] 发送(hex): 20
[2026/09/15 18:40:41] 发送(hex): 20
[2026/09/15 18:40:41] 发送(hex): 20
[2026/09/15 18:40:41] 发送(hex): 20
[2026/09/15 18:40:41] 发送(hex): 20
[2026/09/15 18:40:41] 发送(hex): 20
[2026/09/15 18:40:41] 发送(hex): 20
[2026/09/15 18:40:41] 发送(hex): 20
[2026/09/15 18:40:41] 发送(hex): 20
[2026/09/15 18:40:41] 发送(hex): 20
[2026/09/15 18:40:41] 发送(hex): 20
[2026/09/15 18:40:41] 发送(hex): 20
[2026/09/15 18:40:41] 发送(hex): 20
[2026/09/15 18:40:41] 发送(hex): 20
[2026/09/15 18:40:41] 发送(hex): 20
[2026/09/15 18:40:41] 发送(hex): 20
[2026/09/15 18:40:41] 发送(hex): 20
[2026/09/15 18:40:41] 发送(hex): 20
[2026/09/15 18:40:41] 发送(hex): 20
[2026/09/15 18:40:41] 发送(hex): 20
[2026/09/15 18:40:41] 发送(hex): 20
[2026/09/15 18:40:41] 发送(hex): 20
[2026/09/15 18:40:41] 发送(hex): 20
[2026/09/15 18:40:41] 发送(hex): 20
[2026/09/15 18:40:41] 发送(hex): 20
[2026/09/15 18:40:41] 发送(hex): 20
[2026/09/15 18:40:41] 发送(hex): 20
[2026/09/15 18:40:41] 发送(hex): 20
[2026/09/15 18:40:41] 发送(hex): 20
[2026/09/15 18:40:41] 发送(hex): 20
[2026/09/15 18:40:41] 发送(hex): 20
[2026/09/15 18:40:41] 发送(hex): 20
[2026/09/15 18:40:41] 发送(hex): 20
[2026/09/15 18:40:41] 发送(hex): 20
[2026/09/15 18:40:41] 发送(hex): 20
[2026/09/15 18:40:41] 发送(hex): 20
[2026/09/15 18:40:41] 发送(hex): 20
[2026/09/15 18:40:41] 发送(hex): 20
[2026/09/15 18:40:41] 发送(hex): 20
[2026/09/15 18:40:42] 发送(hex): 20
[2026/09/15 18:40:42] 发送(hex): 20
[2026/09/15 18:40:42] 发送(hex): 20
[2026/09/15 18:40:42] 发送(hex): 20
[2026/09/15 18:40:42] 发送(hex): 20
[2026/09/15 18:40:42] 发送(hex): 20
[2026/09/15 18:40:42] 发送(hex): 20
[2026/09/15 18:40:42] 发送(hex): 20
[2026/09/15 18:40:42] 发送(hex): 20
[2026/09/15 18:40:42] 发送(hex): 20
[2026/09/15 18:40:42] 发送(hex): 20
[2026/09/15 18:40:42] 发送(hex): 20
[2026/09/15 18:40:42] 发送(hex): 20
[2026/09/15 18:40:42] 发送(hex): 20
[2026/09/15 18:40:42] 发送(hex): 20
[2026/09/15 18:40:42] 发送(hex): 20
[2026/09/15 18:40:42] 发送(hex): 20
[2026/09/15 18:40:42] 发送(hex): 20
[2026/09/15 18:40:42] 发送(hex): 20
[2026/09/15 18:40:42] 发送(hex): 20
[2026/09/15 18:40:42] 发送(hex): 20
[2026/09/15 18:40:42] 发送(hex): 20
[2026/09/15 18:40:42] 发送(hex): 20
[2026/09/15 18:40:42] 发送(hex): 20
[2026/09/15 18:40:42] 发送(hex): 20
[2026/09/15 18:40:42] 发送(hex): 20
[2026/09/15 18:40:42] 发送(hex): 20
[2026/09/15 18:40:42] 发送(hex): 20
[2026/09/15 18:40:42] 发送(hex): 20
[2026/09/15 18:40:42] 发送(hex): 20
[2026/09/15 18:40:42] 发送(hex): 20
[2026/09/15 18:40:42] 发送(hex): 20
[2026/09/15 18:40:42] 发送(hex): 20
[2026/09/15 18:40:42] 发送(hex): 20
[2026/09/15 18:40:42] 发送(hex): 20
[2026/09/15 18:40:42] 发送(hex): 20
[2026/09/15 18:40:42] 发送(hex): 20
[2026/09/15 18:40:42] 发送(hex): 20
[2026/09/15 18:40:42] 发送(hex): 20
[2026/09/15 18:40:42] 发送(hex): 20
[2026/09/15 18:40:42] 发送(hex): 20
[2026/09/15 18:40:42] 发送(hex): 20
[2026/09/15 18:40:42] 发送(hex): 20
[2026/09/15 18:40:42] 发送(hex): 20
[2026/09/15 18:40:42] 发送(hex): 20
[2026/09/15 18:40:42] 发送(hex): 20
[2026/09/15 18:40:42] 发送(hex): 20
[2026/09/15 18:40:42] 发送(hex): 20
[2026/09/15 18:40:42] 发送(hex): 20
[2026/09/15 18:40:42] 发送(hex): 20
[2026/09/15 18:40:42] 发送(hex): 20
[2026/09/15 18:40:42] 发送(hex): 20
[2026/09/15 18:40:42] 发送(hex): 20
[2026/09/15 18:40:42] 发送(hex): 20
[2026/09/15 18:40:42] 发送(hex): 20
[2026/09/15 18:40:42] 发送(hex): 20
[2026/09/15 18:40:42] 发送(hex): 20
[2026/09/15 18:40:42] 发送(hex): 20
[2026/09/15 18:40:42] 发送(hex): 20
[2026/09/15 18:40:42] 发送(hex): 20
[2026/09/15 18:40:42] 发送(hex): 20
[2026/09/15 18:40:42] 发送(hex): 20
[2026/09/15 18:40:42] 发送(hex): 20
[2026/09/15 18:40:42] 发送(hex): 20
[2026/09/15 18:40:42] 发送(hex): 20
[2026/09/15 18:40:42] 发送(hex): 20
[2026/09/15 18:40:42] 发送(hex): 20
[2026/09/15 18:40:42] 发送(hex): 20
[2026/09/15 18:40:42] 发送(hex): 20
[2026/09/15 18:40:42] 发送(hex): 20
[2026/09/15 18:40:42] 发送(hex): 20
[2026/09/15 18:40:42] 发送(hex): 20
[2026/09/15 18:40:42] 发送(hex): 20
[2026/09/15 18:40:42] 发送(hex): 20
[2026/09/15 18:40:42] 发送(hex): 20
[2026/09/15 18:40:42] 发送(hex): 20
[2026/09/15 18:40:42] 发送(hex): 20
[2026/09/15 18:40:42] 发送(hex): 20
[2026/09/15 18:40:42] 发送(hex): 20
[2026/09/15 18:40:42] 发送(hex): 20
[2026/09/15 18:40:42] 发送(hex): 20
[2026/09/15 18:40:42] 发送(hex): 20
[2026/09/15 18:40:42] 发送(hex): 20
[2026/09/15 18:40:42] 发送(hex): 20
[2026/09/15 18:40:42] 发送(hex): 20
[2026/09/15 18:40:42] 发送(hex): 20
[2026/09/15 18:40:42] 发送(hex): 20
[2026/09/15 18:40:42] 发送(hex): 20
[2026/09/15 18:40:42] 发送(hex): 20
[2026/09/15 18:40:42] 发送(hex): 20
[2026/09/15 18:40:42] 发送(hex): 20
[2026/09/15 18:40:42] 发送(hex): 20
[2026/09/15 18:40:42] 发送(hex): 20
[2026/09/15 18:40:43] 发送(hex): 20
[2026/09/15 18:40:43] 发送(hex): 20
[2026/09/15 18:40:43] 发送(hex): 20
[2026/09/15 18:40:43] 发送(hex): 20
[2026/09/15 18:40:43] 发送(hex): 20
[2026/09/15 18:40:43] 发送(hex): 20
[2026/09/15 18:40:43] 发送(hex): 20
[2026/09/15 18:40:43] 发送(hex): 20
[2026/09/15 18:40:43] 发送(hex): 20
[2026/09/15 18:40:43] 发送(hex): 20
[2026/09/15 18:40:43] 发送(hex): 20
[2026/09/15 18:40:43] 发送(hex): 20
[2026/09/15 18:40:43] 发送(hex): 20
[2026/09/15 18:40:43] 发送(hex): 20
[2026/09/15 18:40:43] 发送(hex): 20
[2026/09/15 18:40:43] 发送(hex): 20
[2026/09/15 18:40:43] 发送(hex): 20
[2026/09/15 18:40:43] 发送(hex): 20
[2026/09/15 18:40:43] 发送(hex): 20
[2026/09/15 18:40:43] 发送(hex): 20
[2026/09/15 18:40:43] 发送(hex): 20
[2026/09/15 18:40:43] 发送(hex): 20
[2026/09/15 18:40:43] 发送(hex): 20
[2026/09/15 18:40:43] 发送(hex): 20
[2026/09/15 18:40:43] 发送(hex): 20
[2026/09/15 18:40:43] 发送(hex): 20
[2026/09/15 18:40:43] 发送(hex): 20
[2026/09/15 18:40:43] 发送(hex): 20
[2026/09/15 18:40:43] 发送(hex): 20
[2026/09/15 18:40:43] 发送(hex): 20
[2026/09/15 18:40:43] 发送(hex): 20
[2026/09/15 18:40:43] 发送(hex): 20
[2026/09/15 18:40:43] 发送(hex): 20
[2026/09/15 18:40:43] 发送(hex): 20
[2026/09/15 18:40:43] 发送(hex): 20
[2026/09/15 18:40:43] 发送(hex): 20
[2026/09/15 18:40:43] 发送(hex): 20
[2026/09/15 18:40:43] 发送(hex): 20
[2026/09/15 18:40:43] 发送(hex): 20
[2026/09/15 18:40:43] 发送(hex): 20
[2026/09/15 18:40:43] 发送(hex): 20
[2026/09/15 18:40:43] 发送(hex): 20
[2026/09/15 18:40:43] 发送(hex): 20
[2026/09/15 18:40:43] 发送(hex): 20
[2026/09/15 18:40:43] 发送(hex): 20
[2026/09/15 18:40:43] 发送(hex): 20
[2026/09/15 18:40:43] 发送(hex): 20
[2026/09/15 18:40:43] 发送(hex): 20
[2026/09/15 18:40:43] 发送(hex): 20
[2026/09/15 18:40:43] 发送(hex): 20
[2026/09/15 18:40:43] 发送(hex): 20
[2026/09/15 18:40:43] 发送(hex): 20
[2026/09/15 18:40:43] 发送(hex): 20
[2026/09/15 18:40:43] 发送(hex): 20
[2026/09/15 18:40:43] 发送(hex): 20
[2026/09/15 18:40:43] 发送(hex): 20
[2026/09/15 18:40:43] 发送(hex): 20
[2026/09/15 18:40:43] 发送(hex): 20
[2026/09/15 18:40:43] 发送(hex): 20
[2026/09/15 18:40:43] 发送(hex): 20
[2026/09/15 18:40:43] 发送(hex): 20
[2026/09/15 18:40:43] 发送(hex): 20
[2026/09/15 18:40:43] 发送(hex): 20
[2026/09/15 18:40:43] 发送(hex): 20
[2026/09/15 18:40:43] 发送(hex): 20
[2026/09/15 18:40:43] 发送(hex): 20
[2026/09/15 18:40:43] 发送(hex): 20
[2026/09/15 18:40:43] 发送(hex): 20
[2026/09/15 18:40:43] 发送(hex): 20
[2026/09/15 18:40:43] 发送(hex): 20
[2026/09/15 18:40:43] 发送(hex): 20
[2026/09/15 18:40:43] 发送(hex): 20
[2026/09/15 18:40:43] 发送(hex): 20
[2026/09/15 18:40:43] 发送(hex): 20
[2026/09/15 18:40:43] 发送(hex): 20
[2026/09/15 18:40:43] 发送(hex): 20
[2026/09/15 18:40:43] 发送(hex): 20
[2026/09/15 18:40:43] 发送(hex): 20
[2026/09/15 18:40:43] 发送(hex): 20
[2026/09/15 18:40:43] 发送(hex): 20
[2026/09/15 18:40:43] 发送(hex): 20
[2026/09/15 18:40:43] 发送(hex): 20
[2026/09/15 18:40:43] 发送(hex): 20
[2026/09/15 18:40:43] 发送(hex): 20
[2026/09/15 18:40:43] 发送(hex): 20
[2026/09/15 18:40:43] 发送(hex): 20
[2026/09/15 18:40:43] 发送(hex): 20
[2026/09/15 18:40:43] 发送(hex): 20
[2026/09/15 18:40:43] 发送(hex): 20
[2026/09/15 18:40:43] 发送(hex): 20
[2026/09/15 18:40:43] 发送(hex): 20
[2026/09/15 18:40:43] 发送(hex): 20
[2026/09/15 18:40:43] 发送(hex): 20
[2026/09/15 18:40:44] 发送(hex): 20
[2026/09/15 18:40:44] 发送(hex): 20
[2026/09/15 18:40:44] 发送(hex): 20
[2026/09/15 18:40:44] 发送(hex): 20
[2026/09/15 18:40:44] 发送(hex): 20
[2026/09/15 18:40:44] 发送(hex): 20
[2026/09/15 18:40:44] 发送(hex): 20
[2026/09/15 18:40:44] 发送(hex): 20
[2026/09/15 18:40:44] 发送(hex): 20
[2026/09/15 18:40:44] 发送(hex): 20
[2026/09/15 18:40:44] 发送(hex): 20
[2026/09/15 18:40:44] 发送(hex): 20
[2026/09/15 18:40:44] 发送(hex): 20
[2026/09/15 18:40:44] 发送(hex): 20
[2026/09/15 18:40:44] 发送(hex): 20
[2026/09/15 18:40:44] 发送(hex): 20
[2026/09/15 18:40:44] 发送(hex): 20
[2026/09/15 18:40:44] 发送(hex): 20
[2026/09/15 18:40:44] 发送(hex): 20
[2026/09/15 18:40:44] 发送(hex): 20
[2026/09/15 18:40:44] 发送(hex): 20
[2026/09/15 18:40:44] 发送(hex): 20
[2026/09/15 18:40:44] 发送(hex): 20
[2026/09/15 18:40:44] 发送(hex): 20
[2026/09/15 18:40:44] 发送(hex): 20
[2026/09/15 18:40:44] 发送(hex): 20
[2026/09/15 18:40:44] 发送(hex): 20
[2026/09/15 18:40:44] 发送(hex): 20
[2026/09/15 18:40:44] 发送(hex): 20
[2026/09/15 18:40:44] 发送(hex): 20
[2026/09/15 18:40:44] 发送(hex): 20
[2026/09/15 18:40:44] 发送(hex): 20
[2026/09/15 18:40:44] 发送(hex): 20
[2026/09/15 18:40:44] 发送(hex): 20
[2026/09/15 18:40:44] 发送(hex): 20
[2026/09/15 18:40:44] 发送(hex): 20
[2026/09/15 18:40:44] 发送(hex): 20
[2026/09/15 18:40:44] 发送(hex): 20
[2026/09/15 18:40:44] 发送(hex): 20
[2026/09/15 18:40:44] 发送(hex): 20
[2026/09/15 18:40:44] 发送(hex): 20
[2026/09/15 18:40:44] 发送(hex): 20
[2026/09/15 18:40:44] 发送(hex): 20
[2026/09/15 18:40:44] 发送(hex): 20
[2026/09/15 18:40:44] 发送(hex): 20
[2026/09/15 18:40:44] 发送(hex): 20
[2026/09/15 18:40:44] 发送(hex): 20
[2026/09/15 18:40:44] 发送(hex): 20
[2026/09/15 18:40:44] 发送(hex): 20
[2026/09/15 18:40:44] 发送(hex): 20
[2026/09/15 18:40:44] 发送(hex): 20
[2026/09/15 18:40:44] 发送(hex): 20
[2026/09/15 18:40:44] 发送(hex): 20
[2026/09/15 18:40:44] 发送(hex): 20
[2026/09/15 18:40:44] 发送(hex): 20
[2026/09/15 18:40:44] 发送(hex): 20
[2026/09/15 18:40:44] 发送(hex): 20
[2026/09/15 18:40:44] 发送(hex): 20
[2026/09/15 18:40:44] 发送(hex): 20
[2026/09/15 18:40:44] 发送(hex): 20
[2026/09/15 18:40:44] 发送(hex): 20
[2026/09/15 18:40:44] 发送(hex): 20
[2026/09/15 18:40:44] 发送(hex): 20
[2026/09/15 18:40:44] 发送(hex): 20
[2026/09/15 18:40:44] 发送(hex): 20
[2026/09/15 18:40:44] 发送(hex): 20
[2026/09/15 18:40:44] 发送(hex): 20
[2026/09/15 18:40:44] 发送(hex): 20
[2026/09/15 18:40:44] 发送(hex): 20
[2026/09/15 18:40:44] 发送(hex): 20
[2026/09/15 18:40:44] 发送(hex): 20
[2026/09/15 18:40:44] 发送(hex): 20
[2026/09/15 18:40:44] 发送(hex): 20
[2026/09/15 18:40:44] 发送(hex): 20
[2026/09/15 18:40:44] 发送(hex): 20
[2026/09/15 18:40:44] 发送(hex): 20
[2026/09/15 18:40:44] 发送(hex): 20
[2026/09/15 18:40:44] 发送(hex): 20
[2026/09/15 18:40:44] 发送(hex): 20
[2026/09/15 18:40:44] 发送(hex): 20
[2026/09/15 18:40:44] 发送(hex): 20
[2026/09/15 18:40:44] 发送(hex): 20
[2026/09/15 18:40:44] 发送(hex): 20
[2026/09/15 18:40:44] 发送(hex): 20
[2026/09/15 18:40:44] 发送(hex): 20
[2026/09/15 18:40:44] 发送(hex): 20
[2026/09/15 18:40:44] 发送(hex): 20
[2026/09/15 18:40:44] 发送(hex): 20
[2026/09/15 18:40:44] 发送(hex): 20
[2026/09/15 18:40:44] 发送(hex): 20
[2026/09/15 18:40:44] 发送(hex): 20
[2026/09/15 18:40:44] 发送(hex): 20
[2026/09/15 18:40:44] 发送(hex): 20
[2026/09/15 18:40:44] 发送(hex): 20
[2026/09/15 18:40:45] 发送(hex): 20
[2026/09/15 18:40:45] 发送(hex): 20
[2026/09/15 18:40:45] 发送(hex): 20
[2026/09/15 18:40:45] 发送(hex): 20
[2026/09/15 18:40:45] 发送(hex): 20
[2026/09/15 18:40:45] 发送(hex): 20
[2026/09/15 18:40:45] 发送(hex): 20
[2026/09/15 18:40:45] 发送(hex): 20
[2026/09/15 18:40:45] 发送(hex): 20
[2026/09/15 18:40:45] 发送(hex): 20
[2026/09/15 18:40:45] 发送(hex): 20
[2026/09/15 18:40:45] 发送(hex): 20
[2026/09/15 18:40:45] 发送(hex): 20
[2026/09/15 18:40:45] 发送(hex): 20
[2026/09/15 18:40:45] 发送(hex): 20
[2026/09/15 18:40:45] 发送(hex): 20
[2026/09/15 18:40:45] 发送(hex): 20
[2026/09/15 18:40:45] 发送(hex): 20
[2026/09/15 18:40:45] 发送(hex): 20
[2026/09/15 18:40:45] 发送(hex): 20
[2026/09/15 18:40:45] 发送(hex): 20
[2026/09/15 18:40:45] 发送(hex): 20
[2026/09/15 18:40:45] 发送(hex): 20
[2026/09/15 18:40:45] 发送(hex): 20
[2026/09/15 18:40:51] 发送(hex): 0d
[2026/09/15 18:40:51] 发送(hex): 0d
[2026/09/15 18:40:51] Realtek>
[2026/09/15 18:40:51] 发送(hex): 0d
[2026/09/15 18:40:51] 发送(hex): 0d
[2026/09/15 18:40:51] Realtek>
[2026/09/15 18:40:51] 发送(hex): 0d
[2026/09/15 18:40:51] Realtek>
[2026/09/15 18:40:51] Realtek>
[2026/09/15 18:40:51] Realtek>
[2026/09/15 18:40:56] 发送(hex): 706d6f64652064697361626c653b72650d
[2026/09/15 18:40:56] pmode disable;re
[2026/09/15 18:40:56] uboot command for pmode disa
[2026/09/15 18:40:56] ble!
[2026/09/15 18:40:56] resetting ...
[2026/09/15 18:40:56] $
[2026/09/15 18:40:56] Post romcode git ver:42df880604ac78a3 (Aug 28 2026 21:41:35)
[2026/09/15 18:40:56] $
[2026/09/15 18:40:56] Hello world, RTD2875P_CN2_TV030!
[2026/09/15 18:40:56] set_wifi_reset
[2026/09/15 18:40:56] Auxcode git ver:3a4deb9ea300359e (Aug 28 2026 21:41:29)
[2026/09/15 18:40:56] flash_type = 2, secure_type = 2
[2026/09/15 18:40:56] b8062204=20000
[2026/09/15 18:40:56] slot info 0 0x0 info 1 0x9021afbe
[2026/09/15 18:40:56] g_gpt_blk_start 0x1  g_offline_gpt 0x0 last_usable_lba 0x1cd2032 num_partition_entries 0x32
[2026/09/15 18:40:56] start 0x2e600000 clt_blk 0x1973004 ctrl size 0x20
[2026/09/15 18:40:56] choose active index 0
[2026/09/15 18:40:56] part name bootloader ative_slot _a real part name bootloader_a
[2026/09/15 18:40:56] part name hwsetting start 0x100000 size 0x33600
[2026/09/15 18:40:56] part name ext_fw start 0x133600 size 0x10400
[2026/09/15 18:40:56] part name kboot start 0x143a00 size 0x16e00
[2026/09/15 18:40:56] part name uboot start 0x15a800 size 0x120400
[2026/09/15 18:40:56] ls4 2 1 = 800040aa 8000207f 80001000
[2026/09/15 18:40:56] fNewHWsettingArch = 2
[2026/09/15 18:40:56] 1.lsadcidx = 2, brand =3, offset = 0
[2026/09/15 18:40:56] 1.lsadcidx = 2, brand =3, offset = 17800
[2026/09/15 18:40:56] hwsetting from mmc
[2026/09/15 18:40:56] AC on HW offset 0x809 start 0x800 reg 0x8090800
[2026/09/15 18:40:56] total = 2f00
[2026/09/15 18:40:56] A
[2026/09/15 18:40:56] A
[2026/09/15 18:40:56] A
[2026/09/15 18:40:56] A
[2026/09/15 18:40:56] A
[2026/09/15 18:40:56] {12 14}
[2026/09/15 18:40:56] ffeedd
[2026/09/15 18:40:56] ffeeddddr ver: 62c63180
[2026/09/15 18:40:56] ori DQS0~7 {03 04 1a 1c 00 01 00 00}
[2026/09/15 18:40:56] {01 03 19 1b 00 01 00 00} {0a 08 06 09 06 05 00 00}
[2026/09/15 18:40:56] r.y.0 r.y.0 SCPU BISR status: Done
[2026/09/15 18:40:56] [go kb]
[2026/09/15 18:40:56] pass bootcode
[2026/09/15 18:40:56] info to kboot
[2026/09/15 18:40:56] num=1056
[2026/09/15 18:40:56] boot_magic=20230423
[2026/09/15 18:40:56] ---DEBUG kboot 21:41:14 Aug 28 2026 ---
[2026/09/15 18:40:56] [Kboot]eMMC(mid-15) MMC_HS50 (50000000Mhz)[8bit].
[2026/09/15 18:40:56] block info 0x1cd2032 0x3a3e000.
[2026/09/15 18:40:56] [MMC] 32 -----------> 16GB.
[2026/09/15 18:40:56] (2379beef) (0) bufsize=(null)
[2026/09/15 18:40:56] uboot start 0x15a800 size 0x120400
[2026/09/15 18:40:56] board_version: ls1 = 0
[2026/09/15 18:40:56] , ver: 0
[2026/09/15 18:40:56] [0;31mapp_main 325 board_version=0[0m
[2026/09/15 18:40:57] get FW_TZFW flash start 0xf100200 ddr buf start 0x1800
[2026/09/15 18:40:57] 00 image size 010c2e3 ok!
[2026/09/15 18:40:57] [INFO]RPMB auth key not written !
[2026/09/15 18:40:57] [INFO]RPMB auth key not written !
[2026/09/15 18:40:57] Current board is not frist boot.
[2026/09/15 18:40:57] ALL zero, reserved_3 has removed.
[2026/09/15 18:40:57] Current board remove reserved_3 done.
[2026/09/15 18:40:57] get FW_VKERN
[2026/09/15 18:40:57] EL flash start 0xc100200 ddr buf start 0x1a900000 image size 05f0300 ok!
[2026/09/15 18:40:57] get FW_VKERNEL2 flash start 0xd900200 ddr buf start 0x1af00000 image size 0f4920 ok!
[2026/09/15 18:40:57] get FW_AKERNEL flash start 0xa900200 ddr buf start 0x1b200000 image size 07fbf7c ok!
[2026/09/15 18:40:57] ATFATFATF:0 1 NOTICE: kill CPU(2)...
[2026/09/15 18:40:57] ATF:0 1 NOTICE: kill (2) : PACTIVE:0
[2026/09/15 18:40:57] ATF:0 1 NOTICE:  CPU(2) kill done, pstate(0x0)
[2026/09/15 18:40:57] U
[2026/09/15 18:40:57] fixup_node_name 555. set /rese
[2026/09/15 18:40:57] rved-memory@5 to /reserved-memory
[2026/09/15 18:40:57] fixup_node_name 555. set /rtk_cma@5 to /rtk_cma
[2026/09/15 18:40:57] ### [1;31mERROR[0m ### get_movablecore 613. Can't find dtb node /reserved-memory/cma2_memory/reg
[2026/09/15 18:40:57] reinit_mem_info 1049  ddr_size 80000000
[2026/09/15 18:40:57] booting, boot_led_type: 0x00000000, led on[1]
[2026/09/15 18:40:57] set share register: 0x99100000
[2026/09/15 18:40:57] boot_power_on_mode=1
[2026/09/15 18:40:57] [get_layout:1264]!
[2026/09/15 18:40:57] boot_part value = 0 boot_tag value = 21
[2026/09/15 18:40:57] [get_oemkey] 1397: get oem.key = ATV00107525
[2026/09/15 18:40:57] Factory_RO: [EXT4] factory_ro_buffer:0a800000, factory_ro_buffer size:0x1000000!
[2026/09/15 18:40:57] Partiton factory_ro_a located at 0:6
[2026/09/15 18:40:57] factory_ro_a partition can not find /.000@bk@***!
[2026/09/15 18:40:57] Factory RO no need recovery!
[2026/09/15 18:40:57] Get tvconfigs_a partition block device index fail!
[2026/09/15 18:40:57] read customer.ini file fail!
[2026/09/15 18:40:57] parse SYS_INI path fail
[2026/09/15 18:40:57] Not support board ini mechansim!
[2026/09/15 18:40:57] Get tvconfigs_a partition block device index fail!
[2026/09/15 18:40:57] read customer.ini file fail!
[2026/09/15 18:40:57] parse SYS_INI path fail
[2026/09/15 18:40:57] load model ini file fail
[2026/09/15 18:40:57] cannot find PcbPath from ini file
[2026/09/15 18:40:57] no pcb.config in tvconfigs
[2026/09/15 18:40:57] no mnt/vendor/factorypcb.config
[2026/09/15 18:40:58] delay:341
[2026/09/15 18:40:59] Vwait V1go
[2026/09/15 18:40:59] Vwait V2go
[2026/09/15 18:40:59] DEMOD BISR check Pass and disable demod C
[2026/09/15 18:40:59] LK!!
[2026/09/15 18:40:59] [0;31mboard_version=0 sz=18M[0m
[2026/09/15 18:40:59] ATF:0 1 NOTICE: atf enter time:1180ms, current time:2697ms
[2026/09/15 18:40:59] ATF:0 1 NOTICE: 1st boot elapsed 2702ms
[2026/09/15 18:41:01] console:/ $
[2026/09/15 18:41:21] 发送(hex): 0d
[2026/09/15 18:41:21] 发送(hex): 0d
[2026/09/15 18:41:21] 发送(hex): 0d
[2026/09/15 18:41:21] console:/ $
[2026/09/15 18:41:21] console:/ $
[2026/09/15 18:41:21] console:/ $
[2026/09/15 18:41:56] 发送(hex): 6c6f67636174207c67726570206d5a697046696c654e616d650d
[2026/09/15 18:41:56] logcat |grep mZipFileName
[2026/09/15 18:41:56] 08-30 18:21:55.388  1030  1069 D BootAnima
[2026/09/15 18:41:56] tion: cxtest mZipFileName:/tvcust/aio_resources/resource/extension/common_TCL_QDMINI_2K/bootanim/customized_bootanimation.zip
[2026/09/15 18:41:57] 发送(hex): 03
[2026/09/15 18:41:57] ^C
[2026/09/15 18:42:04] 发送(hex): 20
[2026/09/15 18:42:04] 发送(hex): 20
[2026/09/15 18:42:04] 发送(hex): 20
[2026/09/15 18:42:04] 发送(hex): 20
[2026/09/15 18:42:04] 发送(hex): 20
[2026/09/15 18:42:04] 发送(hex): 20
[2026/09/15 18:42:04] 发送(hex): 20
[2026/09/15 18:42:04] 发送(hex): 20
[2026/09/15 18:42:04] 发送(hex): 20
[2026/09/15 18:42:04] 发送(hex): 20
[2026/09/15 18:42:04] 发送(hex): 20
[2026/09/15 18:42:04] 发送(hex): 20
[2026/09/15 18:42:04] 发送(hex): 20
[2026/09/15 18:42:04] 发送(hex): 20
[2026/09/15 18:42:04] 发送(hex): 20
[2026/09/15 18:42:04] 发送(hex): 20
[2026/09/15 18:42:04] 发送(hex): 20
[2026/09/15 18:42:04] 发送(hex): 20
[2026/09/15 18:42:04] 发送(hex): 20
[2026/09/15 18:42:04] 发送(hex): 20
[2026/09/15 18:42:04] 发送(hex): 20
[2026/09/15 18:42:04] 发送(hex): 20
[2026/09/15 18:42:04] 发送(hex): 20
[2026/09/15 18:42:04] 发送(hex): 20
[2026/09/15 18:42:04] 发送(hex): 20
[2026/09/15 18:42:04] 发送(hex): 20
[2026/09/15 18:42:04] 发送(hex): 20
[2026/09/15 18:42:04] 发送(hex): 20
[2026/09/15 18:42:04] 发送(hex): 20
[2026/09/15 18:42:04] 发送(hex): 20
[2026/09/15 18:42:04] $
[2026/09/15 18:42:04] Pos
[2026/09/15 18:42:04] 发送(hex): 20
[2026/09/15 18:42:04] 发送(hex): 20
[2026/09/15 18:42:04] 发送(hex): 20
[2026/09/15 18:42:04] t romcode git ver:42df880604ac78a3 (Aug 28 2026 21:41:35)
[2026/09/15 18:42:04] $
[2026/09/15 18:42:04] Hello world, RTD2875P_CN2_TV030!
[2026/09/15 18:42:04] set_wifi_reset
[2026/09/15 18:42:04] Auxcode git ver:3a4deb9ea300359e (Aug 28 2026 21:41:29)
[2026/09/15 18:42:04] flash_type = 2, secure_type = 2
[2026/09/15 18:42:04] b8062204=0
[2026/09/15 18:42:04] 发送(hex): 20
[2026/09/15 18:42:04] 发送(hex): 20
[2026/09/15 18:42:04] 发送(hex): 20
[2026/09/15 18:42:04] 发送(hex): 20
[2026/09/15 18:42:04] 发送(hex): 20
[2026/09/15 18:42:04] 发送(hex): 20
[2026/09/15 18:42:04] 发送(hex): 20
[2026/09/15 18:42:04] 发送(hex): 20
[2026/09/15 18:42:04] 发送(hex): 20
[2026/09/15 18:42:04] 发送(hex): 20
[2026/09/15 18:42:04] slot info 0 0x0 info 1 0x0
[2026/09/15 18:42:04] invalid reg slot status 0x0,get slot info from flash!
[2026/09/15 18:42:04] g_gpt_blk_start 0x1  g_offline_gpt 0x0 last_usable_lba 0x1cd2032 num_partition_entries 0x32
[2026/09/15 18:42:04] start 0x2e600000 clt_blk 0x1973004 ctrl size 0x20
[2026/09/15 18:42:04] choose active index 0
[2026/09/15 18:42:04] part name bootloader ative_slot _a real part name bootloader_a
[2026/09/15 18:42:04] part name hwsetting start 0x100000 size 0x33600
[2026/09/15 18:42:04] part name ext_fw start 0x133600 size 0x10400
[2026/09/15 18:42:04] part name kboot start 0x143a00 size 0x16e00
[2026/09/15 18:42:04] part name uboot start 0x15a800 size 0x120400
[2026/09/15 18:42:04] ls4 2 1 = 800040ab 8000207f 80001000
[2026/09/15 18:42:04] fNewHWsettingArch = 2
[2026/09/15 18:42:04] 1.lsadcidx = 2, brand =3, offset = 0
[2026/09/15 18:42:04] 1.lsadcidx = 2, brand =3, offset = 17800
[2026/09/15 18:42:04] hwsetting from mmc
[2026/09/15 18:42:04] AC on HW offset 0x809 start 0x800 reg 0x8090800
[2026/09/15 18:42:04] total = 2f00
[2026/09/15 18:42:04] 发送(hex): 20
[2026/09/15 18:42:04] 发送(hex): 20
[2026/09/15 18:42:04] 发送(hex): 20
[2026/09/15 18:42:04] 发送(hex): 20
[2026/09/15 18:42:04] 发送(hex): 20
[2026/09/15 18:42:04] 发送(hex): 20
[2026/09/15 18:42:04] A
[2026/09/15 18:42:04] A
[2026/09/15 18:42:04] 发送(hex): 20
[2026/09/15 18:42:04] A
[2026/09/15 18:42:04] A
[2026/09/15 18:42:04] 发送(hex): 20
[2026/09/15 18:42:04] 发送(hex): 20
[2026/09/15 18:42:04] A
[2026/09/15 18:42:04] 发送(hex): 20
[2026/09/15 18:42:04] 发送(hex): 20
[2026/09/15 18:42:04] {12 14}
[2026/09/15 18:42:04] ffeeddffeeddddr ver: 62c63180
[2026/09/15 18:42:04] ori DQS0~7 {03 04 1a 1c 00 01 00 00}
[2026/09/15 18:42:04] 发送(hex): 20
[2026/09/15 18:42:04] 发送(hex): 20
[2026/09/15 18:42:04] 发送(hex): 20
[2026/09/15 18:42:04] 发送(hex): 20
[2026/09/15 18:42:05] 发送(hex): 20
[2026/09/15 18:42:05] 发送(hex): 20
[2026/09/15 18:42:05] 发送(hex): 20
[2026/09/15 18:42:05] {01 03 19 1b 00 01 00 00} {08 08 06 09 06 06 00 00}
[2026/09/15 18:42:05] r.y.0
[2026/09/15 18:42:05] 发送(hex): 20
[2026/09/15 18:42:05] 发送(hex): 20
[2026/09/15 18:42:05] r.y.0 SCPU BISR status: Done
[2026/09/15 18:42:05] 发送(hex): 20
[2026/09/15 18:42:05] [go kb]
[2026/09/15 18:42:05] 发送(hex): 20
[2026/09/15 18:42:05] 发送(hex): 20
[2026/09/15 18:42:05] 发送(hex): 20
[2026/09/15 18:42:05] 发送(hex): 20
[2026/09/15 18:42:05] pass bootcode info to kboot
[2026/09/15 18:42:05] num=1100
[2026/09/15 18:42:05] boot_magic=72646004
[2026/09/15 18:42:05] ---DEBUG kboot 21:41:14 Aug 28 2026 ---
[2026/09/15 18:42:05] [Kboot]eMMC(mid-15) MMC_HS50 (50000000Mhz)[8bit].
[2026/09/15 18:42:05] block info 0x1cd2032 0x3a3e000.
[2026/09/15 18:42:05] [MMC] 32 -----------> 16GB.
[2026/09/15 18:42:05] 发送(hex): 20
[2026/09/15 18:42:05] (00000000) (1) bufsize=(null)
[2026/09/15 18:42:05] 发送(hex): 20
[2026/09/15 18:42:05] 发送(hex): 20
[2026/09/15 18:42:05] 发送(hex): 20
[2026/09/15 18:42:05] uboot start 0x15a800 size 0x
[2026/09/15 18:42:05] 发送(hex): 20
[2026/09/15 18:42:05] 发送(hex): 20
[2026/09/15 18:42:05] 120400
[2026/09/15 18:42:05] b
[2026/09/15 18:42:05] 发送(hex): 20
[2026/09/15 18:42:05] 发送(hex): 20
[2026/09/15 18:42:05] oard_version: ls1 = 0, ver: 0
[2026/09/15 18:42:05] [0;31mapp_main 325 board_version=0[0m
[2026/09/15 18:42:05] 发送(hex): 20
[2026/09/15 18:42:05] 发送(hex): 20
[2026/09/15 18:42:05] 发送(hex): 20
[2026/09/15 18:42:05] 发送(hex): 20
[2026/09/15 18:42:05] 发送(hex): 20
[2026/09/15 18:42:05] 发送(hex): 20
[2026/09/15 18:42:05] get FW_TZFW flash start 0xf100200 ddr buf start 0x180000 image size 010c2e3 ok!
[2026/09/15 18:42:05] [INFO]RPMB auth key not written !
[2026/09/15 18:42:05] [INFO]RPMB auth key not written !
[2026/09/15 18:42:05] Current board is not frist boot.
[2026/09/15 18:42:05] ALL zero, reserved_3 has removed.
[2026/09/15 18:42:05] Current board remove reserved_3 done.
[2026/09/15 18:42:05] 发送(hex): 20
[2026/09/15 18:42:05] 发送(hex): 20
[2026/09/15 18:42:05] 发送(hex): 20
[2026/09/15 18:42:05] 发送(hex): 20
[2026/09/15 18:42:05] 发送(hex): 20
[2026/09/15 18:42:05] 发送(hex): 20
[2026/09/15 18:42:05] 发送(hex): 20
[2026/09/15 18:42:05] 发送(hex): 20
[2026/09/15 18:42:05] 发送(hex): 20
[2026/09/15 18:42:05] 发送(hex): 20
[2026/09/15 18:42:05] 发送(hex): 20
[2026/09/15 18:42:05] 发送(hex): 20
[2026/09/15 18:42:05] 发送(hex): 20
[2026/09/15 18:42:05] 发送(hex): 20
[2026/09/15 18:42:05] 发送(hex): 20
[2026/09/15 18:42:05] 发送(hex): 20
[2026/09/15 18:42:05] 发送(hex): 20
[2026/09/15 18:42:05] 发送(hex): 20
[2026/09/15 18:42:05] get FW_VKERNEL flash start
[2026/09/15 18:42:05] 发送(hex): 20
[2026/09/15 18:42:05] 0xc100200 ddr buf start 0x1a900000 image size 05f0300 ok!
[2026/09/15 18:42:05] 发送(hex): 20
[2026/09/15 18:42:05] 发送(hex): 20
[2026/09/15 18:42:05] 发送(hex): 20
[2026/09/15 18:42:05] 发送(hex): 20
[2026/09/15 18:42:05] 发送(hex): 20
[2026/09/15 18:42:05] get FW_VKERNEL2 flash start 0xd900200 ddr buf start 0x1af00000 image size 0f4920 ok!
[2026/09/15 18:42:05] 发送(hex): 20
[2026/09/15 18:42:05] 发送(hex): 20
[2026/09/15 18:42:05] 发送(hex): 20
[2026/09/15 18:42:05] 发送(hex): 20
[2026/09/15 18:42:05] 发送(hex): 20
[2026/09/15 18:42:05] 发送(hex): 20
[2026/09/15 18:42:05] 发送(hex): 20
[2026/09/15 18:42:05] 发送(hex): 20
[2026/09/15 18:42:05] 发送(hex): 20
[2026/09/15 18:42:05] 发送(hex): 20
[2026/09/15 18:42:05] 发送(hex): 20
[2026/09/15 18:42:05] 发送(hex): 20
[2026/09/15 18:42:05] 发送(hex): 20
[2026/09/15 18:42:05] 发送(hex): 20
[2026/09/15 18:42:05] 发送(hex): 20
[2026/09/15 18:42:05] 发送(hex): 20
[2026/09/15 18:42:05] 发送(hex): 20
[2026/09/15 18:42:05] 发送(hex): 20
[2026/09/15 18:42:05] 发送(hex): 20
[2026/09/15 18:42:05] 发送(hex): 20
[2026/09/15 18:42:05] 发送(hex): 20
[2026/09/15 18:42:05] 发送(hex): 20
[2026/09/15 18:42:05] 发送(hex): 20
[2026/09/15 18:42:05] 发送(hex): 20
[2026/09/15 18:42:05] 发送(hex): 20
[2026/09/15 18:42:05] 发送(hex): 20
[2026/09/15 18:42:05] get FW_AKERNEL flash start 0xa900200 ddr buf start 0x1b200000 image size 07fbf7c ok!
[2026/09/15 18:42:05] 发送(hex): 20
[2026/09/15 18:42:05] 发送(hex): 20
[2026/09/15 18:42:05] 发送(hex): 20
[2026/09/15 18:42:05] 发送(hex): 20
[2026/09/15 18:42:05] 发送(hex): 20
[2026/09/15 18:42:05] 发送(hex): 20
[2026/09/15 18:42:05] 发送(hex): 20
[2026/09/15 18:42:05] 发送(hex): 20
[2026/09/15 18:42:05] 发送(hex): 20
[2026/09/15 18:42:05] 发送(hex): 20
[2026/09/15 18:42:05] ATFATFATF:0 1 NOTICE: kill CPU(2)...
[2026/09/15 18:42:05] ATF:0 1 NOTICE: kill (2) : PACTIVE:0
[2026/09/15 18:42:05] ATF:0 1 NOTICE:  CPU(2) kill done, pstate(0x0)
[2026/09/15 18:42:05] 发送(hex): 20
[2026/09/15 18:42:05] 发送(hex): 20
[2026/09/15 18:42:05] U
[2026/09/15 18:42:05] 发送(hex): 20
[2026/09/15 18:42:05] 发送(hex): 20
[2026/09/15 18:42:05] 发送(hex): 20
[2026/09/15 18:42:05] 发送(hex): 20
[2026/09/15 18:42:05] 发送(hex): 20
[2026/09/15 18:42:05] 发送(hex): 20
[2026/09/15 18:42:05] 发送(hex): 20
[2026/09/15 18:42:06] 发送(hex): 20
[2026/09/15 18:42:06] 发送(hex): 20
[2026/09/15 18:42:06] 发送(hex): 20
[2026/09/15 18:42:06] 发送(hex): 20
[2026/09/15 18:42:06] 发送(hex): 20
[2026/09/15 18:42:06] fixup_node_name 555. set /reserved-m
[2026/09/15 18:42:06] 发送(hex): 20
[2026/09/15 18:42:06] 发送(hex): 20
[2026/09/15 18:42:06] 发送(hex): 20
[2026/09/15 18:42:06] emory@5 to /reserved-memory
[2026/09/15 18:42:06] fixup_node_name 555. set /rtk_cma@5 to /rtk_cma
[2026/09/15 18:42:06] ### [1;31mERROR[0m ### get_movablecore 613. Can't find dtb node /reserved-memory/cma2_memory/reg
[2026/09/15 18:42:06] reinit_mem_info 1049  ddr_size 80000000
[2026/09/15 18:42:06] 发送(hex): 20
[2026/09/15 18:42:06] 发送(hex): 20
[2026/09/15 18:42:06] 发送(hex): 20
[2026/09/15 18:42:06] booting, boot_led_type: 0x00000000, led on[1]
[2026/09/15 18:42:06] set share register: 0x99100000
[2026/09/15 18:42:06] boot_power_on_mode=1
[2026/09/15 18:42:06] [get_layout:1264]!
[2026/09/15 18:42:06] 发送(hex): 20
[2026/09/15 18:42:06] 发送(hex): 20
[2026/09/15 18:42:06] 发送(hex): 20
[2026/09/15 18:42:06] 发送(hex): 20
[2026/09/15 18:42:06] 发送(hex): 20
[2026/09/15 18:42:06] 发送(hex): 20
[2026/09/15 18:42:06] 发送(hex): 20
[2026/09/15 18:42:06] 发送(hex): 20
[2026/09/15 18:42:06] boot_part value = 0 boot_tag value = 21
[2026/09/15 18:42:06] [get_oemkey] 1397: get oem.key = ATV00107525
[2026/09/15 18:42:06] Factory_RO: [EXT4] factory_ro_buffer:0a800000, factory_ro_buffer size:0x1000000!
[2026/09/15 18:42:06] Partiton factory_ro_a located at 0:6
[2026/09/15 18:42:06] factory_ro_a partition can not find /.000@bk@***!
[2026/09/15 18:42:06] Factory RO no need recovery!
[2026/09/15 18:42:06] Get tvconfigs_a partition block device index fail!
[2026/09/15 18:42:06] read customer.ini file fail!
[2026/09/15 18:42:06] parse SYS_INI path fail
[2026/09/15 18:42:06] Not support board ini mechansim!
[2026/09/15 18:42:06] Get tvconfigs_a partition block device index fail!
[2026/09/15 18:42:06] read customer.ini file fail!
[2026/09/15 18:42:06] parse SYS_INI path fail
[2026/09/15 18:42:06] load model ini file fail
[2026/09/15 18:42:06] cannot find PcbPath from ini file
[2026/09/15 18:42:06] no pcb.config in tvconfigs
[2026/09/15 18:42:06] no mnt/vendor/factorypcb.config
[2026/09/15 18:42:06] 发送(hex): 20
[2026/09/15 18:42:06] 发送(hex): 20
[2026/09/15 18:42:06] 发送(hex): 20
[2026/09/15 18:42:06] 发送(hex): 20
[2026/09/15 18:42:06] 发送(hex): 20
[2026/09/15 18:42:06] 发送(hex): 20
[2026/09/15 18:42:06] 发送(hex): 20
[2026/09/15 18:42:06] 发送(hex): 20
[2026/09/15 18:42:06] 发送(hex): 20
[2026/09/15 18:42:06] 发送(hex): 20
[2026/09/15 18:42:06] 发送(hex): 20
[2026/09/15 18:42:06] 发送(hex): 20
[2026/09/15 18:42:06] 发送(hex): 20
[2026/09/15 18:42:06] 发送(hex): 20
[2026/09/15 18:42:06] 发送(hex): 20
[2026/09/15 18:42:06] 发送(hex): 20
[2026/09/15 18:42:06] 发送(hex): 20
[2026/09/15 18:42:06] 发送(hex): 20
[2026/09/15 18:42:06] 发送(hex): 20
[2026/09/15 18:42:06] 发送(hex): 20
[2026/09/15 18:42:06] 发送(hex): 20
[2026/09/15 18:42:06] 发送(hex): 20
[2026/09/15 18:42:06] 发送(hex): 20
[2026/09/15 18:42:06] 发送(hex): 20
[2026/09/15 18:42:06] 发送(hex): 20
[2026/09/15 18:42:06] 发送(hex): 20
[2026/09/15 18:42:06] 发送(hex): 20
[2026/09/15 18:42:06] 发送(hex): 20
[2026/09/15 18:42:06] 发送(hex): 20
[2026/09/15 18:42:06] 发送(hex): 20
[2026/09/15 18:42:06] 发送(hex): 20
[2026/09/15 18:42:06] 发送(hex): 20
[2026/09/15 18:42:06] 发送(hex): 20
[2026/09/15 18:42:06] 发送(hex): 20
[2026/09/15 18:42:06] 发送(hex): 20
[2026/09/15 18:42:06] 发送(hex): 20
[2026/09/15 18:42:06] 发送(hex): 20
[2026/09/15 18:42:06] 发送(hex): 20
[2026/09/15 18:42:06] 发送(hex): 20
[2026/09/15 18:42:06] 发送(hex): 20
[2026/09/15 18:42:06] 发送(hex): 20
[2026/09/15 18:42:06] 发送(hex): 20
[2026/09/15 18:42:06] 发送(hex): 20
[2026/09/15 18:42:06] 发送(hex): 20
[2026/09/15 18:42:06] 发送(hex): 20
[2026/09/15 18:42:06] 发送(hex): 20
[2026/09/15 18:42:06] 发送(hex): 20
[2026/09/15 18:42:06] 发送(hex): 20
[2026/09/15 18:42:06] 发送(hex): 20
[2026/09/15 18:42:06] 发送(hex): 20
[2026/09/15 18:42:06] 发送(hex): 20
[2026/09/15 18:42:06] 发送(hex): 20
[2026/09/15 18:42:06] delay:427
[2026/09/15 18:42:06] 发送(hex): 20
[2026/09/15 18:42:06] 发送(hex): 20
[2026/09/15 18:42:06] 发送(hex): 20
[2026/09/15 18:42:06] 发送(hex): 20
[2026/09/15 18:42:06] 发送(hex): 20
[2026/09/15 18:42:06] 发送(hex): 20
[2026/09/15 18:42:06] 发送(hex): 20
[2026/09/15 18:42:06] 发送(hex): 20
[2026/09/15 18:42:06] 发送(hex): 20
[2026/09/15 18:42:06] 发送(hex): 20
[2026/09/15 18:42:06] 发送(hex): 20
[2026/09/15 18:42:06] 发送(hex): 20
[2026/09/15 18:42:06] 发送(hex): 20
[2026/09/15 18:42:06] 发送(hex): 20
[2026/09/15 18:42:06] 发送(hex): 20
[2026/09/15 18:42:06] 发送(hex): 20
[2026/09/15 18:42:06] 发送(hex): 20
[2026/09/15 18:42:06] 发送(hex): 20
[2026/09/15 18:42:06] 发送(hex): 20
[2026/09/15 18:42:06] 发送(hex): 20
[2026/09/15 18:42:06] 发送(hex): 20
[2026/09/15 18:42:06] 发送(hex): 20
[2026/09/15 18:42:07] 发送(hex): 20
[2026/09/15 18:42:07] 发送(hex): 20
[2026/09/15 18:42:07] 发送(hex): 20
[2026/09/15 18:42:07] 发送(hex): 20
[2026/09/15 18:42:07] 发送(hex): 20
[2026/09/15 18:42:07] 发送(hex): 20
[2026/09/15 18:42:07] 发送(hex): 20
[2026/09/15 18:42:07] 发送(hex): 20
[2026/09/15 18:42:07] 发送(hex): 20
[2026/09/15 18:42:07] 发送(hex): 20
[2026/09/15 18:42:07] 发送(hex): 20
[2026/09/15 18:42:07] 发送(hex): 20
[2026/09/15 18:42:07] 发送(hex): 20
[2026/09/15 18:42:07] 发送(hex): 20
[2026/09/15 18:42:07] 发送(hex): 20
[2026/09/15 18:42:07] 发送(hex): 20
[2026/09/15 18:42:07] 发送(hex): 20
[2026/09/15 18:42:07] 发送(hex): 20
[2026/09/15 18:42:07] 发送(hex): 20
[2026/09/15 18:42:07] 发送(hex): 20
[2026/09/15 18:42:07] 发送(hex): 20
[2026/09/15 18:42:07] 发送(hex): 20
[2026/09/15 18:42:07] 发送(hex): 20
[2026/09/15 18:42:07] Net:   r8168: REALTEK RTL8168 @0x18016000
[2026/09/15 18:42:07] 发送(hex): 20
[2026/09/15 18:42:07] 发送(hex): 20
[2026/09/15 18:42:07] 发送(hex): 20
[2026/09/15 18:42:07] 发送(hex): 20
[2026/09/15 18:42:07] Start Boot Setup ...
[2026/09/15 18:42:07] (powerMgr_get_wakeup_source)2012/05/30 19:50
[2026/09/15 18:42:07] wakeup source : AC
[2026/09/15 18:42:07] 发送(hex): 20
[2026/09/15 18:42:07] 发送(hex): 20
[2026/09/15 18:42:07] 发送(hex): 20
[2026/09/15 18:42:07] (powerMgr_get_wakeup_source)2012/05/30 19:50
[2026/09/15 18:42:07] wakeup source : AC
[2026/09/15 18:42:07] wakeup_src=0, boot_logo_enable=1, bgm_boot_type=0, POWER_ON_MODE_SILEN=0.
[2026/09/15 18:42:07] 发送(hex): 20
[2026/09/15 18:42:07] 发送(hex): 20
[2026/09/15 18:42:07] 发送(hex): 20
[2026/09/15 18:42:07] GDMA module_init finish
[2026/09/15 18:42:07] [GDMA] OSD size[3840,2160]
[2026/09/15 18:42:07] [GDMA] gdma_showlogo gdma show logo 2633
[2026/09/15 18:42:07] Net:   r8168: REALTEK RTL8168 @0x18016000
[2026/09/15 18:42:07] 发送(hex): 20
[2026/09/15 18:42:07] ## Android Verified Boot 2.0 version 1.
[2026/09/15 18:42:07] 发送(hex): 20
[2026/09/15 18:42:07] 发送(hex): 20
[2026/09/15 18:42:07] 1.0
[2026/09/15 18:42:07] 发送(hex): 20
[2026/09/15 18:42:07] 发送(hex): 20
[2026/09/15 18:42:07] 发送(hex): 20
[2026/09/15 18:42:07] 发送(hex): 20
[2026/09/15 18:42:07] 发送(hex): 20
[2026/09/15 18:42:07] 发送(hex): 20
[2026/09/15 18:42:07] 发送(hex): 20
[2026/09/15 18:42:07] 发送(hex): 20
[2026/09/15 18:42:07] 发送(hex): 20
[2026/09/15 18:42:07] 发送(hex): 20
[2026/09/15 18:42:07] 发送(hex): 20
[2026/09/15 18:42:07] 发送(hex): 20
[2026/09/15 18:42:07] 发送(hex): 20
[2026/09/15 18:42:07] 发送(hex): 20
[2026/09/15 18:42:07] 发送(hex): 20
[2026/09/15 18:42:07] 发送(hex): 20
[2026/09/15 18:42:07] 发送(hex): 20
[2026/09/15 18:42:07] 发送(hex): 20
[2026/09/15 18:42:07] 发送(hex): 20
[2026/09/15 18:42:07] 发送(hex): 20
[2026/09/15 18:42:07] 发送(hex): 20
[2026/09/15 18:42:07] 发送(hex): 20
[2026/09/15 18:42:07] 发送(hex): 20
[2026/09/15 18:42:07] 发送(hex): 20
[2026/09/15 18:42:07] 发送(hex): 20
[2026/09/15 18:42:07] 发送(hex): 20
[2026/09/15 18:42:07] 发送(hex): 20
[2026/09/15 18:42:07] 发送(hex): 20
[2026/09/15 18:42:07] 发送(hex): 20
[2026/09/15 18:42:07] 发送(hex): 20
[2026/09/15 18:42:07] 发送(hex): 20
[2026/09/15 18:42:07] 发送(hex): 20
[2026/09/15 18:42:07] 发送(hex): 20
[2026/09/15 18:42:07] 发送(hex): 20
[2026/09/15 18:42:07] 发送(hex): 20
[2026/09/15 18:42:07] 发送(hex): 20
[2026/09/15 18:42:07] 发送(hex): 20
[2026/09/15 18:42:07] 发送(hex): 20
[2026/09/15 18:42:07] 发送(hex): 20
[2026/09/15 18:42:07] 发送(hex): 20
[2026/09/15 18:42:07] 发送(hex): 20
[2026/09/15 18:42:07] 发送(hex): 20
[2026/09/15 18:42:07] 发送(hex): 20
[2026/09/15 18:42:07] 发送(hex): 20
[2026/09/15 18:42:07] 发送(hex): 20
[2026/09/15 18:42:07] Verification passed successfully
[2026/09/15 18:42:07] [Skip A] boot manual mode
[2026/09/15 18:42:07] [Skip V] boot manual mode
[2026/09/15 18:42:07] is_avb_verify_hash_partition 164 find avb verify part_name boot img_buf 0x66400000 size 0x307a000
[2026/09/15 18:42:07] boot header version : 4
[2026/09/15 18:42:07] is_avb_verify_hash_partition 164 find avb verify part_name vendor_boot img_buf 0x6bc00000 size 0x10a3000
[2026/09/15 18:42:07] get_partition_content_by_name 11954 get gpt_name init_boot_a err,try part name init_boot!
[2026/09/15 18:42:07] get_partition_content_by_name 11956 get part name init_boot err!
[2026/09/15 18:42:07] 发送(hex): 20
[2026/09/15 18:42:07] 发送(hex): 20
[2026/09/15 18:42:07] 发送(hex): 20
[2026/09/15 18:42:07] 发送(hex): 20
[2026/09/15 18:42:07] 发送(hex): 20
[2026/09/15 18:42:07] 发送(hex): 20
[2026/09/15 18:42:07] 发送(hex): 20
[2026/09/15 18:42:07] 发送(hex): 20
[2026/09/15 18:42:07] get_merge_ramdisk 11932 cur_ramdisk_size 0xf3096 real_cur_ramdisk_size 0xf3096
[2026/09/15 18:42:07] get_merge_ramdisk 11932 cur_ramdisk_size 0x2019e5 real_cur_ramdisk_size 0x2019e5
[2026/09/15 18:42:07] is_avb_verify_hash_partition 164 find avb verify part_name dtbo img_buf 0x6fc00000 size 0x1186
[2026/09/15 18:42:07] Net:   r8168: REALTEK RTL8168 @0x18016000
[2026/09/15 18:42:07] 发送(hex): 20
[2026/09/15 18:42:07] 发送(hex): 20
[2026/09/15 18:42:07] 发送(hex): 20
[2026/09/15 18:42:08] 发送(hex): 20
[2026/09/15 18:42:08] [Skip K] boot manual mode (execute "go all")
[2026/09/15 18:42:08] Enter console mode, disable watchdog ...
[2026/09/15 18:42:08] Realtek>
[2026/09/15 18:42:08] 发送(hex): 20
[2026/09/15 18:42:08] 发送(hex): 20
[2026/09/15 18:42:08] 发送(hex): 20
[2026/09/15 18:42:08] 发送(hex): 20
[2026/09/15 18:42:08] 发送(hex): 20
[2026/09/15 18:42:08] 发送(hex): 20
[2026/09/15 18:42:08] 发送(hex): 20
[2026/09/15 18:42:08] 发送(hex): 20
[2026/09/15 18:42:08] 发送(hex): 20
[2026/09/15 18:42:08] 发送(hex): 20
[2026/09/15 18:42:08] 发送(hex): 20
[2026/09/15 18:42:08] 发送(hex): 20
[2026/09/15 18:42:08] 发送(hex): 20
[2026/09/15 18:42:08] 发送(hex): 20
[2026/09/15 18:42:08] 发送(hex): 20
[2026/09/15 18:42:08] 发送(hex): 20
[2026/09/15 18:42:08] 发送(hex): 20
[2026/09/15 18:42:08] 发送(hex): 20
[2026/09/15 18:42:08] 发送(hex): 20
[2026/09/15 18:42:08] 发送(hex): 20
[2026/09/15 18:42:08] 发送(hex): 20
[2026/09/15 18:42:08] 发送(hex): 20
[2026/09/15 18:42:08] 发送(hex): 20
[2026/09/15 18:42:08] 发送(hex): 20
[2026/09/15 18:42:08] 发送(hex): 20
[2026/09/15 18:42:08] 发送(hex): 20
[2026/09/15 18:42:08] 发送(hex): 20
[2026/09/15 18:42:08] 发送(hex): 20
[2026/09/15 18:42:08] 发送(hex): 20
[2026/09/15 18:42:08] 发送(hex): 20
[2026/09/15 18:42:08] 发送(hex): 20
[2026/09/15 18:42:08] 发送(hex): 20
[2026/09/15 18:42:08] 发送(hex): 20
[2026/09/15 18:42:08] 发送(hex): 20
[2026/09/15 18:42:08] 发送(hex): 20
[2026/09/15 18:42:08] 发送(hex): 20
[2026/09/15 18:42:08] 发送(hex): 20
[2026/09/15 18:42:08] 发送(hex): 20
[2026/09/15 18:42:08] 发送(hex): 20
[2026/09/15 18:42:08] 发送(hex): 20
[2026/09/15 18:42:08] 发送(hex): 20
[2026/09/15 18:42:08] 发送(hex): 20
[2026/09/15 18:42:08] 发送(hex): 20
[2026/09/15 18:42:08] 发送(hex): 20
[2026/09/15 18:42:08] 发送(hex): 20
[2026/09/15 18:42:08] 发送(hex): 20
[2026/09/15 18:42:08] 发送(hex): 20
[2026/09/15 18:42:08] 发送(hex): 20
[2026/09/15 18:42:08] 发送(hex): 20
[2026/09/15 18:42:08] 发送(hex): 20
[2026/09/15 18:42:08] 发送(hex): 20
[2026/09/15 18:42:08] 发送(hex): 20
[2026/09/15 18:42:08] 发送(hex): 20
[2026/09/15 18:42:08] 发送(hex): 20
[2026/09/15 18:42:08] 发送(hex): 20
[2026/09/15 18:42:08] 发送(hex): 20
[2026/09/15 18:42:08] 发送(hex): 20
[2026/09/15 18:42:08] 发送(hex): 20
[2026/09/15 18:42:08] 发送(hex): 20
[2026/09/15 18:42:08] 发送(hex): 20
[2026/09/15 18:42:08] 发送(hex): 20
[2026/09/15 18:42:08] 发送(hex): 20
[2026/09/15 18:42:08] 发送(hex): 20
[2026/09/15 18:42:08] 发送(hex): 20
[2026/09/15 18:42:08] 发送(hex): 20
[2026/09/15 18:42:08] 发送(hex): 20
[2026/09/15 18:42:08] 发送(hex): 20
[2026/09/15 18:42:08] 发送(hex): 20
[2026/09/15 18:42:08] 发送(hex): 20
[2026/09/15 18:42:08] 发送(hex): 20
[2026/09/15 18:42:08] 发送(hex): 20
[2026/09/15 18:42:08] 发送(hex): 20
[2026/09/15 18:42:08] 发送(hex): 20
[2026/09/15 18:42:08] 发送(hex): 20
[2026/09/15 18:42:08] 发送(hex): 20
[2026/09/15 18:42:08] 发送(hex): 20
[2026/09/15 18:42:08] 发送(hex): 20
[2026/09/15 18:42:08] 发送(hex): 20
[2026/09/15 18:42:08] 发送(hex): 20
[2026/09/15 18:42:08] 发送(hex): 20
[2026/09/15 18:42:08] 发送(hex): 20
[2026/09/15 18:42:08] 发送(hex): 20
[2026/09/15 18:42:08] 发送(hex): 20
[2026/09/15 18:42:08] 发送(hex): 20
[2026/09/15 18:42:08] 发送(hex): 20
[2026/09/15 18:42:08] 发送(hex): 20
[2026/09/15 18:42:08] 发送(hex): 20
[2026/09/15 18:42:08] 发送(hex): 20
[2026/09/15 18:42:08] 发送(hex): 20
[2026/09/15 18:42:08] 发送(hex): 20
[2026/09/15 18:42:08] 发送(hex): 20
[2026/09/15 18:42:08] 发送(hex): 20
[2026/09/15 18:42:09] 发送(hex): 20
[2026/09/15 18:42:09] 发送(hex): 20
[2026/09/15 18:42:09] 发送(hex): 20
[2026/09/15 18:42:09] 发送(hex): 20
[2026/09/15 18:42:09] 发送(hex): 20
[2026/09/15 18:42:09] 发送(hex): 20
[2026/09/15 18:42:09] 发送(hex): 20
[2026/09/15 18:42:09] 发送(hex): 20
[2026/09/15 18:42:09] 发送(hex): 20
[2026/09/15 18:42:09] 发送(hex): 20
[2026/09/15 18:42:09] 发送(hex): 20
[2026/09/15 18:42:09] 发送(hex): 20
[2026/09/15 18:42:09] 发送(hex): 20
[2026/09/15 18:42:09] 发送(hex): 20
[2026/09/15 18:42:09] 发送(hex): 20
[2026/09/15 18:42:09] 发送(hex): 20
[2026/09/15 18:42:09] 发送(hex): 20
[2026/09/15 18:42:09] 发送(hex): 20
[2026/09/15 18:42:09] 发送(hex): 20
[2026/09/15 18:42:09] 发送(hex): 20
[2026/09/15 18:42:09] 发送(hex): 20
[2026/09/15 18:42:09] 发送(hex): 20
[2026/09/15 18:42:09] 发送(hex): 20
[2026/09/15 18:42:09] 发送(hex): 20
[2026/09/15 18:42:09] 发送(hex): 20
[2026/09/15 18:42:09] 发送(hex): 20
[2026/09/15 18:42:09] 发送(hex): 20
[2026/09/15 18:42:09] 发送(hex): 20
[2026/09/15 18:42:09] 发送(hex): 20
[2026/09/15 18:42:09] 发送(hex): 20
[2026/09/15 18:42:09] 发送(hex): 20
[2026/09/15 18:42:09] 发送(hex): 20
[2026/09/15 18:42:09] 发送(hex): 20
[2026/09/15 18:42:09] 发送(hex): 20
[2026/09/15 18:42:09] 发送(hex): 20
[2026/09/15 18:42:09] 发送(hex): 20
[2026/09/15 18:42:09] 发送(hex): 20
[2026/09/15 18:42:09] 发送(hex): 20
[2026/09/15 18:42:09] 发送(hex): 20
[2026/09/15 18:42:09] 发送(hex): 20
[2026/09/15 18:42:09] 发送(hex): 20
[2026/09/15 18:42:09] 发送(hex): 20
[2026/09/15 18:42:09] 发送(hex): 20
[2026/09/15 18:42:09] 发送(hex): 20
[2026/09/15 18:42:09] 发送(hex): 20
[2026/09/15 18:42:09] 发送(hex): 20
[2026/09/15 18:42:09] 发送(hex): 20
[2026/09/15 18:42:09] 发送(hex): 20
[2026/09/15 18:42:09] 发送(hex): 20
[2026/09/15 18:42:09] 发送(hex): 20
[2026/09/15 18:42:09] 发送(hex): 20
[2026/09/15 18:42:09] 发送(hex): 20
[2026/09/15 18:42:09] 发送(hex): 20
[2026/09/15 18:42:09] 发送(hex): 20
[2026/09/15 18:42:09] 发送(hex): 20
[2026/09/15 18:42:09] 发送(hex): 20
[2026/09/15 18:42:09] 发送(hex): 20
[2026/09/15 18:42:09] 发送(hex): 20
[2026/09/15 18:42:09] 发送(hex): 20
[2026/09/15 18:42:09] 发送(hex): 20
[2026/09/15 18:42:09] 发送(hex): 20
[2026/09/15 18:42:09] 发送(hex): 20
[2026/09/15 18:42:09] 发送(hex): 20
[2026/09/15 18:42:09] 发送(hex): 20
[2026/09/15 18:42:09] 发送(hex): 20
[2026/09/15 18:42:09] 发送(hex): 20
[2026/09/15 18:42:09] 发送(hex): 20
[2026/09/15 18:42:09] 发送(hex): 20
[2026/09/15 18:42:09] 发送(hex): 20
[2026/09/15 18:42:09] 发送(hex): 20
[2026/09/15 18:42:09] 发送(hex): 20
[2026/09/15 18:42:09] 发送(hex): 20
[2026/09/15 18:42:09] 发送(hex): 20
[2026/09/15 18:42:09] 发送(hex): 20
[2026/09/15 18:42:09] 发送(hex): 20
[2026/09/15 18:42:09] 发送(hex): 20
[2026/09/15 18:42:09] 发送(hex): 20
[2026/09/15 18:42:09] 发送(hex): 20
[2026/09/15 18:42:09] 发送(hex): 20
[2026/09/15 18:42:09] 发送(hex): 20
[2026/09/15 18:42:09] 发送(hex): 20
[2026/09/15 18:42:09] 发送(hex): 20
[2026/09/15 18:42:09] 发送(hex): 20
[2026/09/15 18:42:09] 发送(hex): 20
[2026/09/15 18:42:09] 发送(hex): 20
[2026/09/15 18:42:09] 发送(hex): 20
[2026/09/15 18:42:09] 发送(hex): 20
[2026/09/15 18:42:09] 发送(hex): 20
[2026/09/15 18:42:09] 发送(hex): 20
[2026/09/15 18:42:09] 发送(hex): 20
[2026/09/15 18:42:09] 发送(hex): 20
[2026/09/15 18:42:10] 发送(hex): 20
[2026/09/15 18:42:10] 发送(hex): 20
[2026/09/15 18:42:10] 发送(hex): 20
[2026/09/15 18:42:10] 发送(hex): 20
[2026/09/15 18:42:10] 发送(hex): 20
[2026/09/15 18:42:10] 发送(hex): 20
[2026/09/15 18:42:10] 发送(hex): 20
[2026/09/15 18:42:10] 发送(hex): 20
[2026/09/15 18:42:10] 发送(hex): 20
[2026/09/15 18:42:10] 发送(hex): 20
[2026/09/15 18:42:10] 发送(hex): 20
[2026/09/15 18:42:10] 发送(hex): 20
[2026/09/15 18:42:10] 发送(hex): 20
[2026/09/15 18:42:10] 发送(hex): 20
[2026/09/15 18:42:10] 发送(hex): 20
[2026/09/15 18:42:10] 发送(hex): 20
[2026/09/15 18:42:10] 发送(hex): 20
[2026/09/15 18:42:10] 发送(hex): 20
[2026/09/15 18:42:10] 发送(hex): 20
[2026/09/15 18:42:10] 发送(hex): 20
[2026/09/15 18:42:10] 发送(hex): 20
[2026/09/15 18:42:10] 发送(hex): 20
[2026/09/15 18:42:10] 发送(hex): 20
[2026/09/15 18:42:10] 发送(hex): 20
[2026/09/15 18:42:10] 发送(hex): 20
[2026/09/15 18:42:10] 发送(hex): 20
[2026/09/15 18:42:10] 发送(hex): 20
[2026/09/15 18:42:10] 发送(hex): 20
[2026/09/15 18:42:10] 发送(hex): 20
[2026/09/15 18:42:10] 发送(hex): 20
[2026/09/15 18:42:10] 发送(hex): 20
[2026/09/15 18:42:10] 发送(hex): 20
[2026/09/15 18:42:10] 发送(hex): 20
[2026/09/15 18:42:10] 发送(hex): 20
[2026/09/15 18:42:10] 发送(hex): 20
[2026/09/15 18:42:10] 发送(hex): 20
[2026/09/15 18:42:10] 发送(hex): 20
[2026/09/15 18:42:10] 发送(hex): 20
[2026/09/15 18:42:10] 发送(hex): 20
[2026/09/15 18:42:10] 发送(hex): 20
[2026/09/15 18:42:10] 发送(hex): 20
[2026/09/15 18:42:10] 发送(hex): 20
[2026/09/15 18:42:10] 发送(hex): 20
[2026/09/15 18:42:10] 发送(hex): 20
[2026/09/15 18:42:10] 发送(hex): 20
[2026/09/15 18:42:10] 发送(hex): 20
[2026/09/15 18:42:10] 发送(hex): 20
[2026/09/15 18:42:10] 发送(hex): 20
[2026/09/15 18:42:10] 发送(hex): 20
[2026/09/15 18:42:10] 发送(hex): 20
[2026/09/15 18:42:10] 发送(hex): 20
[2026/09/15 18:42:10] 发送(hex): 20
[2026/09/15 18:42:10] 发送(hex): 20
[2026/09/15 18:42:10] 发送(hex): 20
[2026/09/15 18:42:10] 发送(hex): 20
[2026/09/15 18:42:10] 发送(hex): 20
[2026/09/15 18:42:10] 发送(hex): 20
[2026/09/15 18:42:10] 发送(hex): 20
[2026/09/15 18:42:10] 发送(hex): 20
[2026/09/15 18:42:10] 发送(hex): 20
[2026/09/15 18:42:10] 发送(hex): 20
[2026/09/15 18:42:10] 发送(hex): 20
[2026/09/15 18:42:10] 发送(hex): 20
[2026/09/15 18:42:10] 发送(hex): 20
[2026/09/15 18:42:10] 发送(hex): 20
[2026/09/15 18:42:10] 发送(hex): 20
[2026/09/15 18:42:10] 发送(hex): 20
[2026/09/15 18:42:10] 发送(hex): 20
[2026/09/15 18:42:10] 发送(hex): 20
[2026/09/15 18:42:10] 发送(hex): 20
[2026/09/15 18:42:10] 发送(hex): 20
[2026/09/15 18:42:10] 发送(hex): 20
[2026/09/15 18:42:10] 发送(hex): 20
[2026/09/15 18:42:10] 发送(hex): 20
[2026/09/15 18:42:10] 发送(hex): 20
[2026/09/15 18:42:10] 发送(hex): 20
[2026/09/15 18:42:10] 发送(hex): 20
[2026/09/15 18:42:10] 发送(hex): 20
[2026/09/15 18:42:10] 发送(hex): 20
[2026/09/15 18:42:10] 发送(hex): 20
[2026/09/15 18:42:10] 发送(hex): 20
[2026/09/15 18:42:10] 发送(hex): 20
[2026/09/15 18:42:10] 发送(hex): 20
[2026/09/15 18:42:10] 发送(hex): 20
[2026/09/15 18:42:10] 发送(hex): 20
[2026/09/15 18:42:10] 发送(hex): 20
[2026/09/15 18:42:10] 发送(hex): 20
[2026/09/15 18:42:10] 发送(hex): 20
[2026/09/15 18:42:10] 发送(hex): 20
[2026/09/15 18:42:10] 发送(hex): 20
[2026/09/15 18:42:10] 发送(hex): 20
[2026/09/15 18:42:11] 发送(hex): 20
[2026/09/15 18:42:11] 发送(hex): 20
[2026/09/15 18:42:11] 发送(hex): 20
[2026/09/15 18:42:11] 发送(hex): 20
[2026/09/15 18:42:11] 发送(hex): 20
[2026/09/15 18:42:11] 发送(hex): 20
[2026/09/15 18:42:11] 发送(hex): 20
[2026/09/15 18:42:11] 发送(hex): 20
[2026/09/15 18:42:11] 发送(hex): 20
[2026/09/15 18:42:11] 发送(hex): 20
[2026/09/15 18:42:11] 发送(hex): 20
[2026/09/15 18:42:11] 发送(hex): 20
[2026/09/15 18:42:11] 发送(hex): 20
[2026/09/15 18:42:11] 发送(hex): 20
[2026/09/15 18:42:11] 发送(hex): 20
[2026/09/15 18:42:11] 发送(hex): 20
[2026/09/15 18:42:11] 发送(hex): 20
[2026/09/15 18:42:11] 发送(hex): 20
[2026/09/15 18:42:11] 发送(hex): 20
[2026/09/15 18:42:11] 发送(hex): 20
[2026/09/15 18:42:11] 发送(hex): 20
[2026/09/15 18:42:11] 发送(hex): 20
[2026/09/15 18:42:11] 发送(hex): 20
[2026/09/15 18:42:11] 发送(hex): 20
[2026/09/15 18:42:11] 发送(hex): 20
[2026/09/15 18:42:11] 发送(hex): 20
[2026/09/15 18:42:11] 发送(hex): 20
[2026/09/15 18:42:11] 发送(hex): 20
[2026/09/15 18:42:11] 发送(hex): 20
[2026/09/15 18:42:11] 发送(hex): 20
[2026/09/15 18:42:11] 发送(hex): 20
[2026/09/15 18:42:11] 发送(hex): 20
[2026/09/15 18:42:11] 发送(hex): 20
[2026/09/15 18:42:11] 发送(hex): 20
[2026/09/15 18:42:11] 发送(hex): 20
[2026/09/15 18:42:11] 发送(hex): 20
[2026/09/15 18:42:11] 发送(hex): 20
[2026/09/15 18:42:11] 发送(hex): 20
[2026/09/15 18:42:11] 发送(hex): 20
[2026/09/15 18:42:11] 发送(hex): 20
[2026/09/15 18:42:11] 发送(hex): 20
[2026/09/15 18:42:11] 发送(hex): 20
[2026/09/15 18:42:11] 发送(hex): 20
[2026/09/15 18:42:11] 发送(hex): 20
[2026/09/15 18:42:11] 发送(hex): 20
[2026/09/15 18:42:11] 发送(hex): 20
[2026/09/15 18:42:11] 发送(hex): 20
[2026/09/15 18:42:11] 发送(hex): 20
[2026/09/15 18:42:11] 发送(hex): 20
[2026/09/15 18:42:11] 发送(hex): 20
[2026/09/15 18:42:11] 发送(hex): 20
[2026/09/15 18:42:11] 发送(hex): 20
[2026/09/15 18:42:11] 发送(hex): 20
[2026/09/15 18:42:11] 发送(hex): 20
[2026/09/15 18:42:11] 发送(hex): 20
[2026/09/15 18:42:11] 发送(hex): 20
[2026/09/15 18:42:11] 发送(hex): 20
[2026/09/15 18:42:11] 发送(hex): 20
[2026/09/15 18:42:11] 发送(hex): 20
[2026/09/15 18:42:11] 发送(hex): 20
[2026/09/15 18:42:11] 发送(hex): 20
[2026/09/15 18:42:11] 发送(hex): 20
[2026/09/15 18:42:11] 发送(hex): 20
[2026/09/15 18:42:11] 发送(hex): 20
[2026/09/15 18:42:11] 发送(hex): 20
[2026/09/15 18:42:11] 发送(hex): 20
[2026/09/15 18:42:11] 发送(hex): 20
[2026/09/15 18:42:11] 发送(hex): 20
[2026/09/15 18:42:11] 发送(hex): 20
[2026/09/15 18:42:11] 发送(hex): 20
[2026/09/15 18:42:11] 发送(hex): 20
[2026/09/15 18:42:11] 发送(hex): 20
[2026/09/15 18:42:11] 发送(hex): 20
[2026/09/15 18:42:11] 发送(hex): 20
[2026/09/15 18:42:11] 发送(hex): 20
[2026/09/15 18:42:11] 发送(hex): 20
[2026/09/15 18:42:11] 发送(hex): 20
[2026/09/15 18:42:11] 发送(hex): 20
[2026/09/15 18:42:11] 发送(hex): 20
[2026/09/15 18:42:11] 发送(hex): 20
[2026/09/15 18:42:11] 发送(hex): 20
[2026/09/15 18:42:11] 发送(hex): 20
[2026/09/15 18:42:11] 发送(hex): 20
[2026/09/15 18:42:11] 发送(hex): 20
[2026/09/15 18:42:11] 发送(hex): 20
[2026/09/15 18:42:11] 发送(hex): 20
[2026/09/15 18:42:11] 发送(hex): 20
[2026/09/15 18:42:11] 发送(hex): 20
[2026/09/15 18:42:11] 发送(hex): 20
[2026/09/15 18:42:11] 发送(hex): 20
[2026/09/15 18:42:12] 发送(hex): 20
[2026/09/15 18:42:12] 发送(hex): 20
[2026/09/15 18:42:12] 发送(hex): 20
[2026/09/15 18:42:12] 发送(hex): 20
[2026/09/15 18:42:12] 发送(hex): 20
[2026/09/15 18:42:12] 发送(hex): 20
[2026/09/15 18:42:12] 发送(hex): 20
[2026/09/15 18:42:12] 发送(hex): 20
[2026/09/15 18:42:12] 发送(hex): 20
[2026/09/15 18:42:12] 发送(hex): 20
[2026/09/15 18:42:12] 发送(hex): 20
[2026/09/15 18:42:12] 发送(hex): 20
[2026/09/15 18:42:12] 发送(hex): 20
[2026/09/15 18:42:12] 发送(hex): 20
[2026/09/15 18:42:12] 发送(hex): 20
[2026/09/15 18:42:12] 发送(hex): 20
[2026/09/15 18:42:12] 发送(hex): 20
[2026/09/15 18:42:12] 发送(hex): 20
[2026/09/15 18:42:12] 发送(hex): 20
[2026/09/15 18:42:12] 发送(hex): 20
[2026/09/15 18:42:12] 发送(hex): 20
[2026/09/15 18:42:12] 发送(hex): 20
[2026/09/15 18:42:12] 发送(hex): 20
[2026/09/15 18:42:12] 发送(hex): 20
[2026/09/15 18:42:12] 发送(hex): 20
[2026/09/15 18:42:12] 发送(hex): 20
[2026/09/15 18:42:12] 发送(hex): 20
[2026/09/15 18:42:12] 发送(hex): 20
[2026/09/15 18:42:12] 发送(hex): 20
[2026/09/15 18:42:12] 发送(hex): 20
[2026/09/15 18:42:12] 发送(hex): 20
[2026/09/15 18:42:12] 发送(hex): 20
[2026/09/15 18:42:12] 发送(hex): 20
[2026/09/15 18:42:12] 发送(hex): 20
[2026/09/15 18:42:12] 发送(hex): 20
[2026/09/15 18:42:12] 发送(hex): 20
[2026/09/15 18:42:12] 发送(hex): 20
[2026/09/15 18:42:12] 发送(hex): 20
[2026/09/15 18:42:12] 发送(hex): 20
[2026/09/15 18:42:12] 发送(hex): 20
[2026/09/15 18:42:12] 发送(hex): 20
[2026/09/15 18:42:12] 发送(hex): 20
[2026/09/15 18:42:12] 发送(hex): 20
[2026/09/15 18:42:12] 发送(hex): 20
[2026/09/15 18:42:12] 发送(hex): 20
[2026/09/15 18:42:12] 发送(hex): 20
[2026/09/15 18:42:12] 发送(hex): 20
[2026/09/15 18:42:12] 发送(hex): 20
[2026/09/15 18:42:12] 发送(hex): 20
[2026/09/15 18:42:12] 发送(hex): 20
[2026/09/15 18:42:12] 发送(hex): 20
[2026/09/15 18:42:12] 发送(hex): 20
[2026/09/15 18:42:12] 发送(hex): 20
[2026/09/15 18:42:12] 发送(hex): 20
[2026/09/15 18:42:12] 发送(hex): 20
[2026/09/15 18:42:12] 发送(hex): 20
[2026/09/15 18:42:12] 发送(hex): 20
[2026/09/15 18:42:12] 发送(hex): 20
[2026/09/15 18:42:12] 发送(hex): 20
[2026/09/15 18:42:12] 发送(hex): 20
[2026/09/15 18:42:12] 发送(hex): 20
[2026/09/15 18:42:12] 发送(hex): 20
[2026/09/15 18:42:12] 发送(hex): 20
[2026/09/15 18:42:12] 发送(hex): 20
[2026/09/15 18:42:12] 发送(hex): 20
[2026/09/15 18:42:12] 发送(hex): 20
[2026/09/15 18:42:12] 发送(hex): 20
[2026/09/15 18:42:12] 发送(hex): 20
[2026/09/15 18:42:12] 发送(hex): 20
[2026/09/15 18:42:12] 发送(hex): 20
[2026/09/15 18:42:12] 发送(hex): 20
[2026/09/15 18:42:12] 发送(hex): 20
[2026/09/15 18:42:12] 发送(hex): 20
[2026/09/15 18:42:12] 发送(hex): 20
[2026/09/15 18:42:12] 发送(hex): 20
[2026/09/15 18:42:12] 发送(hex): 20
[2026/09/15 18:42:12] 发送(hex): 20
[2026/09/15 18:42:12] 发送(hex): 20
[2026/09/15 18:42:12] 发送(hex): 20
[2026/09/15 18:42:12] 发送(hex): 20
[2026/09/15 18:42:12] 发送(hex): 20
[2026/09/15 18:42:12] 发送(hex): 20
[2026/09/15 18:42:12] 发送(hex): 20
[2026/09/15 18:42:12] 发送(hex): 20
[2026/09/15 18:42:12] 发送(hex): 20
[2026/09/15 18:42:12] 发送(hex): 20
[2026/09/15 18:42:12] 发送(hex): 20
[2026/09/15 18:42:12] 发送(hex): 20
[2026/09/15 18:42:12] 发送(hex): 20
[2026/09/15 18:42:12] 发送(hex): 20
[2026/09/15 18:42:12] 发送(hex): 20
[2026/09/15 18:42:12] 发送(hex): 20
[2026/09/15 18:42:13] 发送(hex): 20
[2026/09/15 18:42:13] 发送(hex): 20
[2026/09/15 18:42:13] 发送(hex): 20
[2026/09/15 18:42:13] 发送(hex): 20
[2026/09/15 18:42:13] 发送(hex): 20
[2026/09/15 18:42:13] 发送(hex): 20
[2026/09/15 18:42:13] 发送(hex): 20
[2026/09/15 18:42:13] 发送(hex): 20
[2026/09/15 18:42:13] 发送(hex): 20
[2026/09/15 18:42:13] 发送(hex): 20
[2026/09/15 18:42:13] 发送(hex): 20
[2026/09/15 18:42:13] 发送(hex): 20
[2026/09/15 18:42:13] 发送(hex): 20
[2026/09/15 18:42:13] 发送(hex): 20
[2026/09/15 18:42:13] 发送(hex): 20
[2026/09/15 18:42:13] 发送(hex): 20
[2026/09/15 18:42:13] 发送(hex): 20
[2026/09/15 18:42:13] 发送(hex): 20
[2026/09/15 18:42:13] 发送(hex): 20
[2026/09/15 18:42:13] 发送(hex): 20
[2026/09/15 18:42:13] 发送(hex): 20
[2026/09/15 18:42:13] 发送(hex): 20
[2026/09/15 18:42:13] 发送(hex): 20
[2026/09/15 18:42:13] 发送(hex): 20
[2026/09/15 18:42:13] 发送(hex): 20
[2026/09/15 18:42:13] 发送(hex): 20
[2026/09/15 18:42:13] 发送(hex): 20
[2026/09/15 18:42:13] 发送(hex): 20
[2026/09/15 18:42:13] 发送(hex): 20
[2026/09/15 18:42:13] 发送(hex): 20
[2026/09/15 18:42:13] 发送(hex): 20
[2026/09/15 18:42:13] 发送(hex): 20
[2026/09/15 18:42:13] 发送(hex): 20
[2026/09/15 18:42:13] 发送(hex): 20
[2026/09/15 18:42:13] 发送(hex): 20
[2026/09/15 18:42:13] 发送(hex): 20
[2026/09/15 18:42:13] 发送(hex): 20
[2026/09/15 18:42:13] 发送(hex): 20
[2026/09/15 18:42:13] 发送(hex): 20
[2026/09/15 18:42:13] 发送(hex): 20
[2026/09/15 18:42:13] 发送(hex): 20
[2026/09/15 18:42:13] 发送(hex): 20
[2026/09/15 18:42:13] 发送(hex): 20
[2026/09/15 18:42:13] 发送(hex): 20
[2026/09/15 18:42:13] 发送(hex): 20
[2026/09/15 18:42:13] 发送(hex): 20
[2026/09/15 18:42:13] 发送(hex): 20
[2026/09/15 18:42:13] 发送(hex): 20
[2026/09/15 18:42:13] 发送(hex): 20
[2026/09/15 18:42:13] 发送(hex): 20
[2026/09/15 18:42:13] 发送(hex): 20
[2026/09/15 18:42:13] 发送(hex): 20
[2026/09/15 18:42:13] 发送(hex): 20
[2026/09/15 18:42:13] 发送(hex): 20
[2026/09/15 18:42:13] 发送(hex): 20
[2026/09/15 18:42:13] 发送(hex): 20
[2026/09/15 18:42:13] 发送(hex): 20
[2026/09/15 18:42:13] 发送(hex): 20
[2026/09/15 18:42:13] 发送(hex): 20
[2026/09/15 18:42:13] 发送(hex): 20
[2026/09/15 18:42:13] 发送(hex): 20
[2026/09/15 18:42:13] 发送(hex): 20
[2026/09/15 18:42:13] 发送(hex): 20
[2026/09/15 18:42:13] 发送(hex): 20
[2026/09/15 18:42:13] 发送(hex): 20
[2026/09/15 18:42:13] 发送(hex): 20
[2026/09/15 18:42:13] 发送(hex): 20
[2026/09/15 18:42:13] 发送(hex): 20
[2026/09/15 18:42:13] 发送(hex): 20
[2026/09/15 18:42:13] 发送(hex): 20
[2026/09/15 18:42:13] 发送(hex): 20
[2026/09/15 18:42:13] 发送(hex): 20
[2026/09/15 18:42:13] 发送(hex): 20
[2026/09/15 18:42:13] 发送(hex): 20
[2026/09/15 18:42:13] 发送(hex): 20
[2026/09/15 18:42:13] 发送(hex): 20
[2026/09/15 18:42:13] 发送(hex): 20
[2026/09/15 18:42:13] 发送(hex): 20
[2026/09/15 18:42:13] 发送(hex): 20
[2026/09/15 18:42:13] 发送(hex): 20
[2026/09/15 18:42:13] 发送(hex): 20
[2026/09/15 18:42:13] 发送(hex): 20
[2026/09/15 18:42:13] 发送(hex): 20
[2026/09/15 18:42:13] 发送(hex): 20
[2026/09/15 18:42:13] 发送(hex): 20
[2026/09/15 18:42:13] 发送(hex): 20
[2026/09/15 18:42:13] 发送(hex): 20
[2026/09/15 18:42:13] 发送(hex): 20
[2026/09/15 18:42:13] 发送(hex): 20
[2026/09/15 18:42:13] 发送(hex): 20
[2026/09/15 18:42:13] 发送(hex): 20
[2026/09/15 18:42:14] 发送(hex): 20
[2026/09/15 18:42:14] 发送(hex): 20
[2026/09/15 18:42:14] 发送(hex): 20
[2026/09/15 18:42:14] 发送(hex): 20
[2026/09/15 18:42:14] 发送(hex): 20
[2026/09/15 18:42:14] 发送(hex): 20
[2026/09/15 18:42:14] 发送(hex): 20
[2026/09/15 18:42:14] 发送(hex): 20
[2026/09/15 18:42:14] 发送(hex): 20
[2026/09/15 18:42:14] 发送(hex): 20
[2026/09/15 18:42:14] 发送(hex): 20
[2026/09/15 18:42:14] 发送(hex): 20
[2026/09/15 18:42:14] 发送(hex): 20
[2026/09/15 18:42:14] 发送(hex): 20
[2026/09/15 18:42:14] 发送(hex): 20
[2026/09/15 18:42:14] 发送(hex): 20
[2026/09/15 18:42:14] 发送(hex): 20
[2026/09/15 18:42:14] 发送(hex): 20
[2026/09/15 18:42:14] 发送(hex): 20
[2026/09/15 18:42:14] 发送(hex): 20
[2026/09/15 18:42:14] 发送(hex): 20
[2026/09/15 18:42:14] 发送(hex): 20
[2026/09/15 18:42:14] 发送(hex): 20
[2026/09/15 18:42:14] 发送(hex): 20
[2026/09/15 18:42:14] 发送(hex): 20
[2026/09/15 18:42:14] 发送(hex): 20
[2026/09/15 18:42:14] 发送(hex): 20
[2026/09/15 18:42:14] 发送(hex): 20
[2026/09/15 18:42:14] 发送(hex): 20
[2026/09/15 18:42:14] 发送(hex): 20
[2026/09/15 18:42:14] 发送(hex): 20
[2026/09/15 18:42:14] 发送(hex): 20
[2026/09/15 18:42:14] 发送(hex): 20
[2026/09/15 18:42:14] 发送(hex): 20
[2026/09/15 18:42:14] 发送(hex): 20
[2026/09/15 18:42:14] 发送(hex): 20
[2026/09/15 18:42:14] 发送(hex): 20
[2026/09/15 18:42:14] 发送(hex): 20
[2026/09/15 18:42:14] 发送(hex): 20
[2026/09/15 18:42:14] 发送(hex): 20
[2026/09/15 18:42:14] 发送(hex): 20
[2026/09/15 18:42:14] 发送(hex): 20
[2026/09/15 18:42:14] 发送(hex): 20
[2026/09/15 18:42:14] 发送(hex): 20
[2026/09/15 18:42:14] 发送(hex): 20
[2026/09/15 18:42:14] 发送(hex): 20
[2026/09/15 18:42:14] 发送(hex): 20
[2026/09/15 18:42:14] 发送(hex): 20
[2026/09/15 18:42:14] 发送(hex): 20
[2026/09/15 18:42:14] 发送(hex): 20
[2026/09/15 18:42:14] 发送(hex): 20
[2026/09/15 18:42:14] 发送(hex): 20
[2026/09/15 18:42:14] 发送(hex): 20
[2026/09/15 18:42:14] 发送(hex): 20
[2026/09/15 18:42:14] 发送(hex): 20
[2026/09/15 18:42:14] 发送(hex): 20
[2026/09/15 18:42:14] 发送(hex): 20
[2026/09/15 18:42:14] 发送(hex): 20
[2026/09/15 18:42:14] 发送(hex): 20
[2026/09/15 18:42:14] 发送(hex): 20
[2026/09/15 18:42:14] 发送(hex): 20
[2026/09/15 18:42:14] 发送(hex): 20
[2026/09/15 18:42:14] 发送(hex): 20
[2026/09/15 18:42:14] 发送(hex): 20
[2026/09/15 18:42:14] 发送(hex): 20
[2026/09/15 18:42:14] 发送(hex): 20
[2026/09/15 18:42:14] 发送(hex): 20
[2026/09/15 18:42:14] 发送(hex): 20
[2026/09/15 18:42:14] 发送(hex): 20
[2026/09/15 18:42:14] 发送(hex): 20
[2026/09/15 18:42:14] 发送(hex): 20
[2026/09/15 18:42:14] 发送(hex): 20
[2026/09/15 18:42:14] 发送(hex): 20
[2026/09/15 18:42:14] 发送(hex): 20
[2026/09/15 18:42:14] 发送(hex): 20
[2026/09/15 18:42:14] 发送(hex): 20
[2026/09/15 18:42:14] 发送(hex): 20
[2026/09/15 18:42:14] 发送(hex): 20
[2026/09/15 18:42:14] 发送(hex): 20
[2026/09/15 18:42:14] 发送(hex): 20
[2026/09/15 18:42:14] 发送(hex): 20
[2026/09/15 18:42:14] 发送(hex): 20
[2026/09/15 18:42:14] 发送(hex): 20
[2026/09/15 18:42:14] 发送(hex): 20
[2026/09/15 18:42:14] 发送(hex): 20
[2026/09/15 18:42:14] 发送(hex): 20
[2026/09/15 18:42:14] 发送(hex): 20
[2026/09/15 18:42:14] 发送(hex): 20
[2026/09/15 18:42:14] 发送(hex): 20
[2026/09/15 18:42:14] 发送(hex): 20
[2026/09/15 18:42:14] 发送(hex): 20
[2026/09/15 18:42:14] 发送(hex): 20
[2026/09/15 18:42:14] 发送(hex): 20
[2026/09/15 18:42:15] 发送(hex): 20
[2026/09/15 18:42:15] 发送(hex): 20
[2026/09/15 18:42:15] 发送(hex): 20
[2026/09/15 18:42:15] 发送(hex): 20
[2026/09/15 18:42:15] 发送(hex): 20
[2026/09/15 18:42:15] 发送(hex): 20
[2026/09/15 18:42:15] 发送(hex): 20
[2026/09/15 18:42:15] 发送(hex): 20
[2026/09/15 18:42:15] 发送(hex): 20
[2026/09/15 18:42:15] 发送(hex): 20
[2026/09/15 18:42:15] 发送(hex): 20
[2026/09/15 18:42:15] 发送(hex): 20
[2026/09/15 18:42:15] 发送(hex): 20
[2026/09/15 18:42:15] 发送(hex): 20
[2026/09/15 18:42:15] 发送(hex): 20
[2026/09/15 18:42:15] 发送(hex): 20
[2026/09/15 18:42:15] 发送(hex): 20
[2026/09/15 18:42:15] 发送(hex): 20
[2026/09/15 18:42:15] 发送(hex): 20
[2026/09/15 18:42:15] 发送(hex): 20
[2026/09/15 18:42:15] 发送(hex): 20
[2026/09/15 18:42:15] 发送(hex): 20
[2026/09/15 18:42:15] 发送(hex): 20
[2026/09/15 18:42:15] 发送(hex): 20
[2026/09/15 18:42:15] 发送(hex): 20
[2026/09/15 18:42:15] 发送(hex): 20
[2026/09/15 18:42:15] 发送(hex): 20
[2026/09/15 18:42:15] 发送(hex): 20
[2026/09/15 18:42:15] 发送(hex): 20
[2026/09/15 18:42:15] 发送(hex): 20
[2026/09/15 18:42:15] 发送(hex): 20
[2026/09/15 18:42:15] 发送(hex): 20
[2026/09/15 18:42:15] 发送(hex): 20
[2026/09/15 18:42:15] 发送(hex): 20
[2026/09/15 18:42:15] 发送(hex): 20
[2026/09/15 18:42:15] 发送(hex): 20
[2026/09/15 18:42:15] 发送(hex): 20
[2026/09/15 18:42:15] 发送(hex): 20
[2026/09/15 18:42:15] 发送(hex): 20
[2026/09/15 18:42:15] 发送(hex): 20
[2026/09/15 18:42:15] 发送(hex): 20
[2026/09/15 18:42:15] 发送(hex): 20
[2026/09/15 18:42:15] 发送(hex): 20
[2026/09/15 18:42:15] 发送(hex): 20
[2026/09/15 18:42:15] 发送(hex): 20
[2026/09/15 18:42:15] 发送(hex): 20
[2026/09/15 18:42:15] 发送(hex): 20
[2026/09/15 18:42:15] 发送(hex): 20
[2026/09/15 18:42:15] 发送(hex): 20
[2026/09/15 18:42:15] 发送(hex): 20
[2026/09/15 18:42:15] 发送(hex): 20
[2026/09/15 18:42:15] 发送(hex): 20
[2026/09/15 18:42:15] 发送(hex): 20
[2026/09/15 18:42:15] 发送(hex): 20
[2026/09/15 18:42:15] 发送(hex): 20
[2026/09/15 18:42:15] 发送(hex): 20
[2026/09/15 18:42:15] 发送(hex): 20
[2026/09/15 18:42:15] 发送(hex): 20
[2026/09/15 18:42:15] 发送(hex): 20
[2026/09/15 18:42:15] 发送(hex): 20
[2026/09/15 18:42:15] 发送(hex): 20
[2026/09/15 18:42:15] 发送(hex): 20
[2026/09/15 18:42:15] 发送(hex): 20
[2026/09/15 18:42:15] 发送(hex): 20
[2026/09/15 18:42:15] 发送(hex): 20
[2026/09/15 18:42:15] 发送(hex): 20
[2026/09/15 18:42:15] 发送(hex): 20
[2026/09/15 18:42:15] 发送(hex): 20
[2026/09/15 18:42:15] 发送(hex): 20
[2026/09/15 18:42:15] 发送(hex): 20
[2026/09/15 18:42:15] 发送(hex): 20
[2026/09/15 18:42:15] 发送(hex): 20
[2026/09/15 18:42:15] 发送(hex): 20
[2026/09/15 18:42:15] 发送(hex): 20
[2026/09/15 18:42:15] 发送(hex): 20
[2026/09/15 18:42:15] 发送(hex): 20
[2026/09/15 18:42:15] 发送(hex): 20
[2026/09/15 18:42:15] 发送(hex): 20
[2026/09/15 18:42:15] 发送(hex): 20
[2026/09/15 18:42:15] 发送(hex): 20
[2026/09/15 18:42:15] 发送(hex): 20
[2026/09/15 18:42:15] 发送(hex): 20
[2026/09/15 18:42:15] 发送(hex): 20
[2026/09/15 18:42:15] 发送(hex): 20
[2026/09/15 18:42:15] 发送(hex): 20
[2026/09/15 18:42:15] 发送(hex): 20
[2026/09/15 18:42:15] 发送(hex): 20
[2026/09/15 18:42:15] 发送(hex): 20
[2026/09/15 18:42:15] 发送(hex): 20
[2026/09/15 18:42:15] 发送(hex): 20
[2026/09/15 18:42:15] 发送(hex): 20
[2026/09/15 18:42:15] 发送(hex): 20
[2026/09/15 18:42:15] 发送(hex): 20
[2026/09/15 18:42:15] 发送(hex): 20
[2026/09/15 18:42:16] 发送(hex): 20
[2026/09/15 18:42:16] 发送(hex): 20
[2026/09/15 18:42:16] 发送(hex): 20
[2026/09/15 18:42:16] 发送(hex): 20
[2026/09/15 18:42:16] 发送(hex): 20
[2026/09/15 18:42:16] 发送(hex): 20
[2026/09/15 18:42:16] 发送(hex): 20
[2026/09/15 18:42:16] 发送(hex): 20
[2026/09/15 18:42:16] 发送(hex): 20
[2026/09/15 18:42:16] 发送(hex): 20
[2026/09/15 18:42:16] 发送(hex): 20
[2026/09/15 18:42:16] 发送(hex): 20
[2026/09/15 18:42:16] 发送(hex): 20
[2026/09/15 18:42:16] 发送(hex): 20
[2026/09/15 18:42:16] 发送(hex): 20
[2026/09/15 18:42:16] 发送(hex): 20
[2026/09/15 18:42:16] 发送(hex): 20
[2026/09/15 18:42:16] 发送(hex): 20
[2026/09/15 18:42:16] 发送(hex): 20
[2026/09/15 18:42:16] 发送(hex): 20
[2026/09/15 18:42:16] 发送(hex): 20
[2026/09/15 18:42:16] 发送(hex): 20
[2026/09/15 18:42:16] 发送(hex): 20
[2026/09/15 18:42:16] 发送(hex): 20
[2026/09/15 18:42:16] 发送(hex): 20
[2026/09/15 18:42:16] 发送(hex): 20
[2026/09/15 18:42:16] 发送(hex): 20
[2026/09/15 18:42:16] 发送(hex): 20
[2026/09/15 18:42:16] 发送(hex): 20
[2026/09/15 18:42:16] 发送(hex): 20
[2026/09/15 18:42:16] 发送(hex): 20
[2026/09/15 18:42:16] 发送(hex): 20
[2026/09/15 18:42:16] 发送(hex): 20
[2026/09/15 18:42:16] 发送(hex): 20
[2026/09/15 18:42:16] 发送(hex): 20
[2026/09/15 18:42:16] 发送(hex): 20
[2026/09/15 18:42:16] 发送(hex): 20
[2026/09/15 18:42:16] 发送(hex): 20
[2026/09/15 18:42:16] 发送(hex): 20
[2026/09/15 18:42:16] 发送(hex): 20
[2026/09/15 18:42:16] 发送(hex): 20
[2026/09/15 18:42:16] 发送(hex): 20
[2026/09/15 18:42:16] 发送(hex): 20
[2026/09/15 18:42:16] 发送(hex): 20
[2026/09/15 18:42:16] 发送(hex): 20
[2026/09/15 18:42:16] 发送(hex): 20
[2026/09/15 18:42:16] 发送(hex): 20
[2026/09/15 18:42:16] 发送(hex): 20
[2026/09/15 18:42:16] 发送(hex): 20
[2026/09/15 18:42:16] 发送(hex): 20
[2026/09/15 18:42:16] 发送(hex): 20
[2026/09/15 18:42:16] 发送(hex): 20
[2026/09/15 18:42:16] 发送(hex): 20
[2026/09/15 18:42:16] 发送(hex): 20
[2026/09/15 18:42:16] 发送(hex): 20
[2026/09/15 18:42:16] 发送(hex): 20
[2026/09/15 18:42:16] 发送(hex): 20
[2026/09/15 18:42:16] 发送(hex): 20
[2026/09/15 18:42:16] 发送(hex): 20
[2026/09/15 18:42:16] 发送(hex): 20
[2026/09/15 18:42:16] 发送(hex): 20
[2026/09/15 18:42:16] 发送(hex): 20
[2026/09/15 18:42:16] 发送(hex): 20
[2026/09/15 18:42:16] 发送(hex): 20
[2026/09/15 18:42:16] 发送(hex): 20
[2026/09/15 18:42:16] 发送(hex): 20
[2026/09/15 18:42:16] 发送(hex): 20
[2026/09/15 18:42:16] 发送(hex): 20
[2026/09/15 18:42:16] 发送(hex): 20
[2026/09/15 18:42:16] 发送(hex): 20
[2026/09/15 18:42:16] 发送(hex): 20
[2026/09/15 18:42:16] 发送(hex): 20
[2026/09/15 18:42:16] 发送(hex): 20
[2026/09/15 18:42:16] 发送(hex): 20
[2026/09/15 18:42:16] 发送(hex): 20
[2026/09/15 18:42:16] 发送(hex): 20
[2026/09/15 18:42:16] 发送(hex): 20
[2026/09/15 18:42:16] 发送(hex): 20
[2026/09/15 18:42:16] 发送(hex): 20
[2026/09/15 18:42:16] 发送(hex): 20
[2026/09/15 18:42:16] 发送(hex): 20
[2026/09/15 18:42:16] 发送(hex): 20
[2026/09/15 18:42:16] 发送(hex): 20
[2026/09/15 18:42:16] 发送(hex): 20
[2026/09/15 18:42:16] 发送(hex): 20
[2026/09/15 18:42:16] 发送(hex): 20
[2026/09/15 18:42:16] 发送(hex): 20
[2026/09/15 18:42:16] 发送(hex): 20
[2026/09/15 18:42:16] 发送(hex): 20
[2026/09/15 18:42:16] 发送(hex): 20
[2026/09/15 18:42:16] 发送(hex): 20
[2026/09/15 18:42:16] 发送(hex): 20
[2026/09/15 18:42:16] 发送(hex): 20
[2026/09/15 18:42:16] 发送(hex): 20
[2026/09/15 18:42:16] 发送(hex): 20
[2026/09/15 18:42:17] 发送(hex): 20
[2026/09/15 18:42:17] 发送(hex): 20
[2026/09/15 18:42:17] 发送(hex): 20
[2026/09/15 18:42:17] 发送(hex): 20
[2026/09/15 18:42:17] 发送(hex): 20
[2026/09/15 18:42:17] 发送(hex): 20
[2026/09/15 18:42:17] 发送(hex): 20
[2026/09/15 18:42:17] 发送(hex): 20
[2026/09/15 18:42:17] 发送(hex): 20
[2026/09/15 18:42:17] 发送(hex): 20
[2026/09/15 18:42:17] 发送(hex): 20
[2026/09/15 18:42:17] 发送(hex): 20
[2026/09/15 18:42:17] 发送(hex): 20
[2026/09/15 18:42:17] 发送(hex): 20
[2026/09/15 18:42:17] 发送(hex): 20
[2026/09/15 18:42:17] 发送(hex): 20
[2026/09/15 18:42:17] 发送(hex): 20
[2026/09/15 18:42:17] 发送(hex): 20
[2026/09/15 18:42:17] 发送(hex): 20
[2026/09/15 18:42:17] 发送(hex): 20
[2026/09/15 18:42:17] 发送(hex): 20
[2026/09/15 18:42:17] 发送(hex): 20
[2026/09/15 18:42:17] 发送(hex): 20
[2026/09/15 18:42:17] 发送(hex): 20
[2026/09/15 18:42:17] 发送(hex): 20
[2026/09/15 18:42:17] 发送(hex): 20
[2026/09/15 18:42:17] 发送(hex): 20
[2026/09/15 18:42:17] 发送(hex): 20
[2026/09/15 18:42:17] 发送(hex): 20
[2026/09/15 18:42:17] 发送(hex): 20
[2026/09/15 18:42:17] 发送(hex): 20
[2026/09/15 18:42:17] 发送(hex): 20
[2026/09/15 18:42:17] 发送(hex): 20
[2026/09/15 18:42:17] 发送(hex): 20
[2026/09/15 18:42:17] 发送(hex): 20
[2026/09/15 18:42:17] 发送(hex): 20
[2026/09/15 18:42:17] 发送(hex): 20
[2026/09/15 18:42:17] 发送(hex): 20
[2026/09/15 18:42:17] 发送(hex): 20
[2026/09/15 18:42:17] 发送(hex): 20
[2026/09/15 18:42:17] 发送(hex): 20
[2026/09/15 18:42:17] 发送(hex): 20
[2026/09/15 18:42:17] 发送(hex): 20
[2026/09/15 18:42:17] 发送(hex): 20
[2026/09/15 18:42:17] 发送(hex): 20
[2026/09/15 18:42:17] 发送(hex): 20
[2026/09/15 18:42:17] 发送(hex): 20
[2026/09/15 18:42:17] 发送(hex): 20
[2026/09/15 18:42:17] 发送(hex): 20
[2026/09/15 18:42:17] 发送(hex): 20
[2026/09/15 18:42:17] 发送(hex): 20
[2026/09/15 18:42:17] 发送(hex): 20
[2026/09/15 18:42:17] 发送(hex): 20
[2026/09/15 18:42:17] 发送(hex): 20
[2026/09/15 18:42:17] 发送(hex): 20
[2026/09/15 18:42:17] 发送(hex): 20
[2026/09/15 18:42:17] 发送(hex): 20
[2026/09/15 18:42:17] 发送(hex): 20
[2026/09/15 18:42:17] 发送(hex): 20
[2026/09/15 18:42:17] 发送(hex): 20
[2026/09/15 18:42:17] 发送(hex): 20
[2026/09/15 18:42:17] 发送(hex): 20
[2026/09/15 18:42:17] 发送(hex): 20
[2026/09/15 18:42:17] 发送(hex): 20
[2026/09/15 18:42:17] 发送(hex): 20
[2026/09/15 18:42:17] 发送(hex): 20
[2026/09/15 18:42:17] 发送(hex): 20
[2026/09/15 18:42:17] 发送(hex): 20
[2026/09/15 18:42:17] 发送(hex): 20
[2026/09/15 18:42:17] 发送(hex): 20
[2026/09/15 18:42:17] 发送(hex): 20
[2026/09/15 18:42:17] 发送(hex): 20
[2026/09/15 18:42:17] 发送(hex): 20
[2026/09/15 18:42:17] 发送(hex): 20
[2026/09/15 18:42:17] 发送(hex): 20
[2026/09/15 18:42:17] 发送(hex): 20
[2026/09/15 18:42:17] 发送(hex): 20
[2026/09/15 18:42:17] 发送(hex): 20
[2026/09/15 18:42:17] 发送(hex): 20
[2026/09/15 18:42:17] 发送(hex): 20
[2026/09/15 18:42:17] 发送(hex): 20
[2026/09/15 18:42:17] 发送(hex): 20
[2026/09/15 18:42:17] 发送(hex): 20
[2026/09/15 18:42:17] 发送(hex): 20
[2026/09/15 18:42:17] 发送(hex): 20
[2026/09/15 18:42:17] 发送(hex): 20
[2026/09/15 18:42:17] 发送(hex): 20
[2026/09/15 18:42:17] 发送(hex): 20
[2026/09/15 18:42:17] 发送(hex): 20
[2026/09/15 18:42:17] 发送(hex): 20
[2026/09/15 18:42:17] 发送(hex): 20
[2026/09/15 18:42:17] 发送(hex): 20
[2026/09/15 18:42:17] 发送(hex): 20
[2026/09/15 18:42:18] 发送(hex): 20
[2026/09/15 18:42:18] 发送(hex): 20
[2026/09/15 18:42:18] 发送(hex): 20
[2026/09/15 18:42:18] 发送(hex): 20
[2026/09/15 18:42:18] 发送(hex): 20
[2026/09/15 18:42:18] 发送(hex): 20
[2026/09/15 18:42:18] 发送(hex): 20
[2026/09/15 18:42:18] 发送(hex): 20
[2026/09/15 18:42:18] 发送(hex): 20
[2026/09/15 18:42:18] 发送(hex): 20
[2026/09/15 18:42:18] 发送(hex): 20
[2026/09/15 18:42:18] 发送(hex): 20
[2026/09/15 18:42:18] 发送(hex): 20
[2026/09/15 18:42:18] 发送(hex): 20
[2026/09/15 18:42:18] 发送(hex): 20
[2026/09/15 18:42:18] 发送(hex): 20
[2026/09/15 18:42:18] 发送(hex): 20
[2026/09/15 18:42:18] 发送(hex): 20
[2026/09/15 18:42:18] 发送(hex): 20
[2026/09/15 18:42:18] 发送(hex): 20
[2026/09/15 18:42:18] 发送(hex): 20
[2026/09/15 18:42:18] 发送(hex): 20
[2026/09/15 18:42:18] 发送(hex): 20
[2026/09/15 18:42:18] 发送(hex): 20
[2026/09/15 18:42:18] 发送(hex): 20
[2026/09/15 18:42:18] 发送(hex): 20
[2026/09/15 18:42:18] 发送(hex): 20
[2026/09/15 18:42:18] 发送(hex): 20
[2026/09/15 18:42:18] 发送(hex): 20
[2026/09/15 18:42:18] 发送(hex): 20
[2026/09/15 18:42:18] 发送(hex): 20
[2026/09/15 18:42:18] 发送(hex): 20
[2026/09/15 18:42:18] 发送(hex): 20
[2026/09/15 18:42:18] 发送(hex): 20
[2026/09/15 18:42:18] 发送(hex): 20
[2026/09/15 18:42:18] 发送(hex): 20
[2026/09/15 18:42:18] 发送(hex): 20
[2026/09/15 18:42:18] 发送(hex): 20
[2026/09/15 18:42:18] 发送(hex): 20
[2026/09/15 18:42:18] 发送(hex): 20
[2026/09/15 18:42:18] 发送(hex): 20
[2026/09/15 18:42:18] 发送(hex): 20
[2026/09/15 18:42:18] 发送(hex): 20
[2026/09/15 18:42:18] 发送(hex): 20
[2026/09/15 18:42:18] 发送(hex): 20
[2026/09/15 18:42:18] 发送(hex): 20
[2026/09/15 18:42:18] 发送(hex): 20
[2026/09/15 18:42:18] 发送(hex): 20
[2026/09/15 18:42:18] 发送(hex): 20
[2026/09/15 18:42:18] 发送(hex): 20
[2026/09/15 18:42:18] 发送(hex): 20
[2026/09/15 18:42:18] 发送(hex): 20
[2026/09/15 18:42:18] 发送(hex): 20
[2026/09/15 18:42:18] 发送(hex): 20
[2026/09/15 18:42:18] 发送(hex): 20
[2026/09/15 18:42:18] 发送(hex): 20
[2026/09/15 18:42:18] 发送(hex): 20
[2026/09/15 18:42:18] 发送(hex): 20
[2026/09/15 18:42:18] 发送(hex): 20
[2026/09/15 18:42:18] 发送(hex): 20
[2026/09/15 18:42:18] 发送(hex): 20
[2026/09/15 18:42:18] 发送(hex): 20
[2026/09/15 18:42:18] 发送(hex): 20
[2026/09/15 18:42:18] 发送(hex): 20
[2026/09/15 18:42:18] 发送(hex): 20
[2026/09/15 18:42:18] 发送(hex): 20
[2026/09/15 18:42:18] 发送(hex): 20
[2026/09/15 18:42:18] 发送(hex): 20
[2026/09/15 18:42:18] 发送(hex): 20
[2026/09/15 18:42:18] 发送(hex): 20
[2026/09/15 18:42:18] 发送(hex): 20
[2026/09/15 18:42:18] 发送(hex): 20
[2026/09/15 18:42:18] 发送(hex): 20
[2026/09/15 18:42:18] 发送(hex): 20
[2026/09/15 18:42:18] 发送(hex): 20
[2026/09/15 18:42:18] 发送(hex): 20
[2026/09/15 18:42:18] 发送(hex): 20
[2026/09/15 18:42:18] 发送(hex): 20
[2026/09/15 18:42:18] 发送(hex): 20
[2026/09/15 18:42:18] 发送(hex): 20
[2026/09/15 18:42:18] 发送(hex): 20
[2026/09/15 18:42:18] 发送(hex): 20
[2026/09/15 18:42:18] 发送(hex): 20
[2026/09/15 18:42:18] 发送(hex): 20
[2026/09/15 18:42:18] 发送(hex): 20
[2026/09/15 18:42:18] 发送(hex): 20
[2026/09/15 18:42:18] 发送(hex): 20
[2026/09/15 18:42:18] 发送(hex): 20
[2026/09/15 18:42:18] 发送(hex): 20
[2026/09/15 18:42:18] 发送(hex): 20
[2026/09/15 18:42:18] 发送(hex): 20
[2026/09/15 18:42:18] 发送(hex): 20
[2026/09/15 18:42:18] 发送(hex): 20
[2026/09/15 18:42:18] 发送(hex): 20
[2026/09/15 18:42:19] 发送(hex): 20
[2026/09/15 18:42:19] 发送(hex): 20
[2026/09/15 18:42:19] 发送(hex): 20
[2026/09/15 18:42:19] 发送(hex): 20
[2026/09/15 18:42:19] 发送(hex): 20
[2026/09/15 18:42:19] 发送(hex): 20
[2026/09/15 18:42:19] 发送(hex): 20
[2026/09/15 18:42:19] 发送(hex): 20
[2026/09/15 18:42:19] 发送(hex): 20
[2026/09/15 18:42:19] 发送(hex): 20
[2026/09/15 18:42:19] 发送(hex): 20
[2026/09/15 18:42:19] 发送(hex): 20
[2026/09/15 18:42:19] 发送(hex): 20
[2026/09/15 18:42:19] 发送(hex): 20
[2026/09/15 18:42:19] 发送(hex): 20
[2026/09/15 18:42:19] 发送(hex): 20
[2026/09/15 18:42:19] 发送(hex): 20
[2026/09/15 18:42:19] 发送(hex): 20
[2026/09/15 18:42:19] 发送(hex): 20
[2026/09/15 18:42:19] 发送(hex): 20
[2026/09/15 18:42:19] 发送(hex): 20
[2026/09/15 18:42:19] 发送(hex): 20
[2026/09/15 18:42:19] 发送(hex): 20
[2026/09/15 18:42:19] 发送(hex): 20
[2026/09/15 18:42:19] 发送(hex): 20
[2026/09/15 18:42:19] 发送(hex): 20
[2026/09/15 18:42:19] 发送(hex): 20
[2026/09/15 18:42:19] 发送(hex): 20
[2026/09/15 18:42:19] 发送(hex): 20
[2026/09/15 18:42:19] 发送(hex): 20
[2026/09/15 18:42:19] 发送(hex): 20
[2026/09/15 18:42:19] 发送(hex): 20
[2026/09/15 18:42:19] 发送(hex): 20
[2026/09/15 18:42:19] 发送(hex): 20
[2026/09/15 18:42:19] 发送(hex): 20
[2026/09/15 18:42:19] 发送(hex): 20
[2026/09/15 18:42:19] 发送(hex): 20
[2026/09/15 18:42:19] 发送(hex): 20
[2026/09/15 18:42:19] 发送(hex): 20
[2026/09/15 18:42:19] 发送(hex): 20
[2026/09/15 18:42:19] 发送(hex): 20
[2026/09/15 18:42:19] 发送(hex): 20
[2026/09/15 18:42:19] 发送(hex): 20
[2026/09/15 18:42:19] 发送(hex): 20
[2026/09/15 18:42:19] 发送(hex): 20
[2026/09/15 18:42:19] 发送(hex): 20
[2026/09/15 18:42:19] 发送(hex): 20
[2026/09/15 18:42:19] 发送(hex): 20
[2026/09/15 18:42:19] 发送(hex): 20
[2026/09/15 18:42:19] 发送(hex): 20
[2026/09/15 18:42:19] 发送(hex): 20
[2026/09/15 18:42:19] 发送(hex): 20
[2026/09/15 18:42:19] 发送(hex): 20
[2026/09/15 18:42:19] 发送(hex): 20
[2026/09/15 18:42:19] 发送(hex): 20
[2026/09/15 18:42:19] 发送(hex): 20
[2026/09/15 18:42:19] 发送(hex): 20
[2026/09/15 18:42:19] 发送(hex): 20
[2026/09/15 18:42:19] 发送(hex): 20
[2026/09/15 18:42:19] 发送(hex): 20
[2026/09/15 18:42:19] 发送(hex): 20
[2026/09/15 18:42:19] 发送(hex): 20
[2026/09/15 18:42:19] 发送(hex): 20
[2026/09/15 18:42:19] 发送(hex): 20
[2026/09/15 18:42:19] 发送(hex): 20
[2026/09/15 18:42:24] 发送(hex): 0d
[2026/09/15 18:42:24] 发送(hex): 0d
[2026/09/15 18:42:24] Realtek>
[2026/09/15 18:42:24] 发送(hex): 0d
[2026/09/15 18:42:24] Realtek>
[2026/09/15 18:42:24] 发送(hex): 0d
[2026/09/15 18:42:24] 发送(hex): 0d
[2026/09/15 18:42:24] Realtek>
[2026/09/15 18:42:24] Realtek
[2026/09/15 18:42:24] >
[2026/09/15 18:42:24] Realtek>
[2026/09/15 18:42:29] 发送(hex): 706d6f646520656e61626c653b72650d
[2026/09/15 18:42:29] pmode enable;re
[2026/09/15 18:42:29] uboot command for pmode enable!
[2026/09/15 18:42:29] resetting ...
[2026/09/15 18:42:29] $
[2026/09/15 18:42:29] Post romcode g
[2026/09/15 18:42:29] it ver:42df880604ac78a3 (Aug 28 2026 21:41:35)
[2026/09/15 18:42:29] $
[2026/09/15 18:42:29] Hello world, RTD2875P_CN2_TV030!
[2026/09/15 18:42:29] set_wifi_reset
[2026/09/15 18:42:29] Auxcode git ver:3a4deb9ea300359e (Aug 28 2026 21:41:29)
[2026/09/15 18:42:29] flash_type = 2, secure_type = 2
[2026/09/15 18:42:29] b8062204=20000
[2026/09/15 18:42:29] slot info 0 0x0 info 1 0x9021afbe
[2026/09/15 18:42:29] g_gpt_blk_start 0x1  g_offline_gpt 0x0 last_usable_lba 0x1cd2032 num_partition_entries 0x32
[2026/09/15 18:42:29] start 0x2e600000 clt_blk 0x1973004 ctrl size 0x20
[2026/09/15 18:42:29] choose active index 0
[2026/09/15 18:42:29] part name bootloader ative_slot _a real part name bootloader_a
[2026/09/15 18:42:29] part name hwsetting start 0x100000 size 0x33600
[2026/09/15 18:42:29] part name ext_fw start 0x133600 size 0x10400
[2026/09/15 18:42:29] part name kboot start 0x143a00 size 0x16e00
[2026/09/15 18:42:29] part name uboot start 0x15a800 size 0x120400
[2026/09/15 18:42:29] ls4 2 1 = 800040aa 8000207f 80001000
[2026/09/15 18:42:29] fNewHWsettingArch = 2
[2026/09/15 18:42:29] 1.lsadcidx = 2, brand =3, offset = 0
[2026/09/15 18:42:29] 1.lsadcidx = 2, brand =3, offset = 17800
[2026/09/15 18:42:29] hwsetting from mmc
[2026/09/15 18:42:29] AC on HW offset 0x809 start 0x800 reg 0x8090800
[2026/09/15 18:42:29] total = 2f00
[2026/09/15 18:42:29] A
[2026/09/15 18:42:29] A
[2026/09/15 18:42:29] A
[2026/09/15 18:42:29] A
[2026/09/15 18:42:29] A
[2026/09/15 18:42:29] {12 14}
[2026/09/15 18:42:29] ffeeddf
[2026/09/15 18:42:29] feeddddr ver: 62c63180
[2026/09/15 18:42:29] ori DQS0~7 {03 04 1a 1c 00 01 00 00}
[2026/09/15 18:42:29] {01 03 19 1b 00 01 00 00} {09 09 06 09 06 05 00 00}
[2026/09/15 18:42:29] r.y.0 r.y.0 SCPU BISR status: Done
[2026/09/15 18:42:29] [go kb]
[2026/09/15 18:42:29] pass b
[2026/09/15 18:42:30] ootcode info to kboot
[2026/09/15 18:42:30] num=1056
[2026/09/15 18:42:30] boot_magic=20230423
[2026/09/15 18:42:30] ---DEBUG kboot 21:41:14 Aug 28 2026 ---
[2026/09/15 18:42:30] [Kboot]eMMC(mid-15) MMC_HS50 (50000000Mhz)[8bit].
[2026/09/15 18:42:30] block info 0x1cd2032 0x3a3e000.
[2026/09/15 18:42:30] [MMC] 32 -----------> 16GB.
[2026/09/15 18:42:30] (2379beef) (0) bufsize=(null)
[2026/09/15 18:42:30] uboot start 0x15a800 size 0x120400
[2026/09/15 18:42:30] board_version:
[2026/09/15 18:42:30] ls1 = 0, ver: 0
[2026/09/15 18:42:30] [0;31mapp_main 325 board_version=0[0m
[2026/09/15 18:42:30] get FW_TZFW flash start 0xf100200 ddr buf start
[2026/09/15 18:42:30] 0x180000 image size 010c2e3 ok!
[2026/09/15 18:42:30] [INFO]RPMB auth key not written !
[2026/09/15 18:42:30] [INFO]RPMB auth key not written !
[2026/09/15 18:42:30] Current board is not frist boot.
[2026/09/15 18:42:30] ALL zero, reserved_3 has removed.
[2026/09/15 18:42:30] Current board remove reserved_3 done.
[2026/09/15 18:42:30] get FW_V
[2026/09/15 18:42:30] KERNEL flash start 0xc100200 ddr buf start 0x1a900000 image size 05f0300 ok!
[2026/09/15 18:42:30] get FW_VKERNEL2 flash start 0xd900200 ddr buf start 0x1af00000 image size 0f4920 ok!
[2026/09/15 18:42:30] get FW_AKERNEL flash start 0xa900200 ddr buf start 0x1b200000 image size 07fbf7c ok!
[2026/09/15 18:42:30] ATFATFATF:0 1 NOTICE: kill CPU(2)...
[2026/09/15 18:42:30] ATF:0 1 NOTICE: kill (2) : PACTIVE:0
[2026/09/15 18:42:30] ATF:0 1 NOTICE:  CPU(2) kill done, pstate(0x0)
[2026/09/15 18:42:30] U
[2026/09/15 18:42:31] fixup_node_name 555. set /reserved-memory@5 to /reserved-memory
[2026/09/15 18:42:31] fixup_node_name 555. set /rtk_cma@5 to /rtk_cma
[2026/09/15 18:42:31] ### [1;31mERROR[0m ### get_movablecore 613. Can't find dtb node /reserved-memory/cma2_memory/reg
[2026/09/15 18:42:31] reinit_mem_info 1049  ddr_size 80000000
[2026/09/15 18:42:31] booting, boot_led_type: 0x00000000, led on[1]
[2026/09/15 18:42:31] set share register: 0x99100000
[2026/09/15 18:42:31] boot_power_on_mode=1
[2026/09/15 18:42:31] [get_layout:1264]!
[2026/09/15 18:42:31] boot_part value = 0 boot_tag value = 21
[2026/09/15 18:42:31] [get_oemkey] 1397: get oem.key = ATV00107525
[2026/09/15 18:42:31] Factory_RO: [EXT4] factory_ro_buffer:0a800000, factory_ro_buffer size:0x1000000!
[2026/09/15 18:42:31] Partiton factory_ro_a located at 0:6
[2026/09/15 18:42:31] factory_ro_a partition can not find /.000@bk@***!
[2026/09/15 18:42:31] Factory RO no need recovery!
[2026/09/15 18:42:31] Get tvconfigs_a partition block device index fail!
[2026/09/15 18:42:31] read customer.ini file fail!
[2026/09/15 18:42:31] parse SYS_INI path fail
[2026/09/15 18:42:31] Not support board ini mechansim!
[2026/09/15 18:42:31] Get tvconfigs_a partition block device index fail!
[2026/09/15 18:42:31] read customer.ini file fail!
[2026/09/15 18:42:31] parse SYS_INI path fail
[2026/09/15 18:42:31] load model ini file fail
[2026/09/15 18:42:31] cannot find PcbPath from ini file
[2026/09/15 18:42:31] no pcb.config in tvconfigs
[2026/09/15 18:42:31] no mnt/vendor/factorypcb.config
[2026/09/15 18:42:32] delay:342
[2026/09/15 18:42:33] Vwait V1go
[2026/09/15 18:42:33] Vwait V2go
[2026/09/15 18:42:33] DEMOD BISR check Pass and disable demod CLK!!
[2026/09/15 18:42:33] [0;31mboard_version=0 sz=18M[0m
[2026/09/15 18:42:33] ATF:0 1 NOTICE: atf enter time:1181ms, current time:3993ms
[2026/09/15 18:42:33] ATF:0 1 NOTICE: 1st boot elapsed 3999ms
[2026/09/15 18:42:36] console:/ $
[2026/09/15 18:42:45] factory auto test loop start
[2026/09/15 18:42:45]  

[END] 2026/09/15 18:43:06
