[BEGIN] 2026/09/17 21:24:16
[2026/09/17 21:24:20] 发送(hex): 20
[2026/09/17 21:24:20] 发送(hex): 20
[2026/09/17 21:24:20] 发送(hex): 20
[2026/09/17 21:24:20] 发送(hex): 20
[2026/09/17 21:24:20] 发送(hex): 20
[2026/09/17 21:24:20] 发送(hex): 20
[2026/09/17 21:24:20] 发送(hex): 20
[2026/09/17 21:24:20] 发送(hex): 20
[2026/09/17 21:24:20] 发送(hex): 20
[2026/09/17 21:24:20] 发送(hex): 20
[2026/09/17 21:24:20] 发送(hex): 20
[2026/09/17 21:24:20] 发送(hex): 20
[2026/09/17 21:24:20] 发送(hex): 20
[2026/09/17 21:24:20] 发送(hex): 20
[2026/09/17 21:24:20] 发送(hex): 20
[2026/09/17 21:24:20] 发送(hex): 20
[2026/09/17 21:24:20] 发送(hex): 20
[2026/09/17 21:24:20] 发送(hex): 20
[2026/09/17 21:24:20] 发送(hex): 20
[2026/09/17 21:24:20] 发送(hex): 20
[2026/09/17 21:24:20] 发送(hex): 20
[2026/09/17 21:24:20] 发送(hex): 20
[2026/09/17 21:24:20] 发送(hex): 20
[2026/09/17 21:24:20] 发送(hex): 20
[2026/09/17 21:24:20] 发送(hex): 20
[2026/09/17 21:24:20] 发送(hex): 20
[2026/09/17 21:24:20] 发送(hex): 20
[2026/09/17 21:24:20] 发送(hex): 20
[2026/09/17 21:24:20] 发送(hex): 20
[2026/09/17 21:24:21] 发送(hex): 20
[2026/09/17 21:24:21] 发送(hex): 20
[2026/09/17 21:24:21] 发送(hex): 20
[2026/09/17 21:24:21] 发送(hex): 20
[2026/09/17 21:24:21] 发送(hex): 20
[2026/09/17 21:24:21] 发送(hex): 20
[2026/09/17 21:24:21] 发送(hex): 20
[2026/09/17 21:24:21] 发送(hex): 20
[2026/09/17 21:24:21] 发送(hex): 20
[2026/09/17 21:24:21] 发送(hex): 20
[2026/09/17 21:24:21] 发送(hex): 20
[2026/09/17 21:24:21] 发送(hex): 20
[2026/09/17 21:24:21] 发送(hex): 20
[2026/09/17 21:24:21] 发送(hex): 20
[2026/09/17 21:24:21] 发送(hex): 20
[2026/09/17 21:24:21] 发送(hex): 20
[2026/09/17 21:24:21] 发送(hex): 20
[2026/09/17 21:24:21] 发送(hex): 20
[2026/09/17 21:24:21] 发送(hex): 20
[2026/09/17 21:24:21] 发送(hex): 20
[2026/09/17 21:24:21] 发送(hex): 20
[2026/09/17 21:24:21] 发送(hex): 20
[2026/09/17 21:24:21] 发送(hex): 20
[2026/09/17 21:24:21] 发送(hex): 20
[2026/09/17 21:24:21] 发送(hex): 20
[2026/09/17 21:24:21] 发送(hex): 20
[2026/09/17 21:24:21] 发送(hex): 20
[2026/09/17 21:24:21] 发送(hex): 20
[2026/09/17 21:24:21] 发送(hex): 20
[2026/09/17 21:24:21] 发送(hex): 20
[2026/09/17 21:24:21] 发送(hex): 20
[2026/09/17 21:24:21] $
[2026/09/17 21:24:21] Post romcode git ver:42df880604ac78a3 (Aug 28 2026 21:41:35)
[2026/09/17 21:24:21] $
[2026/09/17 21:24:21] Hello world, RTD2875P_CN2_TV030!
[2026/09/17 21:24:21] set_wifi_reset
[2026/09/17 21:24:21] Auxcode git ver:3a4deb9ea300359e (Aug 28 2026 21:41:29)
[2026/09/17 21:24:21] flash_type = 2, secure_type = 2
[2026/09/17 21:24:21] b8062204=0
[2026/09/17 21:24:21] 发送(hex): 20
[2026/09/17 21:24:21] slot info 0 0x0 info 1 0x0
[2026/09/17 21:24:21] invalid reg slot status 0x0
[2026/09/17 21:24:21] 发送(hex): 20
[2026/09/17 21:24:21] 发送(hex): 20
[2026/09/17 21:24:21] 发送(hex): 20
[2026/09/17 21:24:21] 发送(hex): 20
[2026/09/17 21:24:21] 发送(hex): 20
[2026/09/17 21:24:21] 发送(hex): 20
[2026/09/17 21:24:21] 发送(hex): 20
[2026/09/17 21:24:21] 发送(hex): 20
[2026/09/17 21:24:21] ,get slot info from flash!
[2026/09/17 21:24:21] g_gpt_blk_start 0x1  g_offline_gpt 0x0 last_usable_lba 0x1cd2032 num_partition_entries 0x32
[2026/09/17 21:24:21] start 0x2e600000 clt_blk 0x1973004 ctrl size 0x20
[2026/09/17 21:24:21] choose active index 0
[2026/09/17 21:24:21] part name bootloader ative_slot _a real part name bootloader_a
[2026/09/17 21:24:21] part name hwsetting start 0x100000 size 0x33600
[2026/09/17 21:24:21] part name ext_fw start 0x133600 size 0x10400
[2026/09/17 21:24:21] part name kboot start 0x143a00 size 0x16e00
[2026/09/17 21:24:21] part name uboot start 0x15a800 size 0x120400
[2026/09/17 21:24:21] ls4 2 1 = 800040aa 8000207f 80001000
[2026/09/17 21:24:21] fNewHWsettingArch = 2
[2026/09/17 21:24:21] 1.lsadcidx = 2, brand =3, offset = 0
[2026/09/17 21:24:21] 1.lsadcidx = 2, brand =3, offset = 17800
[2026/09/17 21:24:21] hwsetting from mmc
[2026/09/17 21:24:21] AC on HW offset 0x809 start 0x800 reg 0x8090800
[2026/09/17 21:24:21] total = 2f00
[2026/09/17 21:24:21] 发送(hex): 20
[2026/09/17 21:24:21] 发送(hex): 20
[2026/09/17 21:24:21] 发送(hex): 20
[2026/09/17 21:24:21] 发送(hex): 20
[2026/09/17 21:24:21] A
[2026/09/17 21:24:21] 发送(hex): 20
[2026/09/17 21:24:21] 发送(hex): 20
[2026/09/17 21:24:21] A
[2026/09/17 21:24:21] 发送(hex): 20
[2026/09/17 21:24:21] A
[2026/09/17 21:24:21] A
[2026/09/17 21:24:21] 发送(hex): 20
[2026/09/17 21:24:21] 发送(hex): 20
[2026/09/17 21:24:21] A
[2026/09/17 21:24:21] 发送(hex): 20
[2026/09/17 21:24:21] 发送(hex): 20
[2026/09/17 21:24:21] {12 14}
[2026/09/17 21:24:21] ffeeddffeeddddr ver: 62c63180
[2026/09/17 21:24:21] ori DQS0~7 {03 04 1a 1c 00 01 00 00}
[2026/09/17 21:24:21] 发送(hex): 20
[2026/09/17 21:24:21] 发送(hex): 20
[2026/09/17 21:24:21] 发送(hex): 20
[2026/09/17 21:24:21] 发送(hex): 20
[2026/09/17 21:24:21] 发送(hex): 20
[2026/09/17 21:24:21] 发送(hex): 20
[2026/09/17 21:24:21] 发送(hex): 20
[2026/09/17 21:24:21] {01 03 19 1b 00 01 00 00} {08 08 06 09 06 05 00 00}
[2026/09/17 21:24:21] r.y.0
[2026/09/17 21:24:21] 发送(hex): 20
[2026/09/17 21:24:21] 发送(hex): 20
[2026/09/17 21:24:21] r.y.0 SCPU BISR status: Done
[2026/09/17 21:24:21] 发送(hex): 20
[2026/09/17 21:24:21] [go kb]
[2026/09/17 21:24:21] pass bootc
[2026/09/17 21:24:21] 发送(hex): 20
[2026/09/17 21:24:21] 发送(hex): 20
[2026/09/17 21:24:21] 发送(hex): 20
[2026/09/17 21:24:21] 发送(hex): 20
[2026/09/17 21:24:21] ode info to kboot
[2026/09/17 21:24:21] num=1100
[2026/09/17 21:24:21] boot_magic=0Í
[2026/09/17 21:24:21] ---DEBUG kboot 21:41:14 Aug 28 2026 ---
[2026/09/17 21:24:21] [Kboot]eMMC(mid-15) MMC_HS50 (50000000Mhz)[8bit].
[2026/09/17 21:24:21] block info 0x1cd2032 0x3a3e000.
[2026/09/17 21:24:21] [MMC] 32 -----------> 16GB.
[2026/09/17 21:24:21] 发送(hex): 20
[2026/09/17 21:24:21] (00000000) (0) bufsize=(null)
[2026/09/17 21:24:21] 发送(hex): 20
[2026/09/17 21:24:21] 发送(hex): 20
[2026/09/17 21:24:21] 发送(hex): 20
[2026/09/17 21:24:21] uboot start 0x15a800 size 0x120400
[2026/09/17 21:24:21] 发送(hex): 20
[2026/09/17 21:24:21] 发送(hex): 20
[2026/09/17 21:24:21] board_version: ls1 = 0
[2026/09/17 21:24:21] 发送(hex): 20
[2026/09/17 21:24:21] , ver: 0
[2026/09/17 21:24:21] [0;31mapp_main 325 board_version=0[0m
[2026/09/17 21:24:21] 发送(hex): 20
[2026/09/17 21:24:21] 发送(hex): 20
[2026/09/17 21:24:21] 发送(hex): 20
[2026/09/17 21:24:21] get FW_TZFW flash start 0xf100200 ddr buf start 0x18000
[2026/09/17 21:24:21] 发送(hex): 20
[2026/09/17 21:24:21] 发送(hex): 20
[2026/09/17 21:24:21] 发送(hex): 20
[2026/09/17 21:24:21] 发送(hex): 20
[2026/09/17 21:24:21] 0 image size 010c2e3 ok!
[2026/09/17 21:24:21] [INFO]RPMB auth key not written !
[2026/09/17 21:24:21] [INFO]RPMB auth key not written !
[2026/09/17 21:24:21] Current board is not frist boot.
[2026/09/17 21:24:21] ALL zero, reserved_3 has removed.
[2026/09/17 21:24:21] Current board remove reserved_3 done.
[2026/09/17 21:24:21] 发送(hex): 20
[2026/09/17 21:24:21] 发送(hex): 20
[2026/09/17 21:24:21] 发送(hex): 20
[2026/09/17 21:24:21] 发送(hex): 20
[2026/09/17 21:24:21] 发送(hex): 20
[2026/09/17 21:24:21] 发送(hex): 20
[2026/09/17 21:24:21] 发送(hex): 20
[2026/09/17 21:24:21] 发送(hex): 20
[2026/09/17 21:24:21] 发送(hex): 20
[2026/09/17 21:24:21] 发送(hex): 20
[2026/09/17 21:24:21] 发送(hex): 20
[2026/09/17 21:24:21] 发送(hex): 20
[2026/09/17 21:24:21] 发送(hex): 20
[2026/09/17 21:24:21] 发送(hex): 20
[2026/09/17 21:24:22] 发送(hex): 20
[2026/09/17 21:24:22] 发送(hex): 20
[2026/09/17 21:24:22] 发送(hex): 20
[2026/09/17 21:24:22] 发送(hex): 20
[2026/09/17 21:24:22] get FW_VKERNEL fla
[2026/09/17 21:24:22] 发送(hex): 20
[2026/09/17 21:24:22] 发送(hex): 20
[2026/09/17 21:24:22] sh start 0xc100200 ddr buf start 0x1a900000 image size 05f0300 ok!
[2026/09/17 21:24:22] 发送(hex): 20
[2026/09/17 21:24:22] 发送(hex): 20
[2026/09/17 21:24:22] 发送(hex): 20
[2026/09/17 21:24:22] 发送(hex): 20
[2026/09/17 21:24:22] get FW_VKERNEL2 flash start 0xd900200 ddr buf start 0x1af00000 image size 0f4920 ok!
[2026/09/17 21:24:22] 发送(hex): 20
[2026/09/17 21:24:22] 发送(hex): 20
[2026/09/17 21:24:22] 发送(hex): 20
[2026/09/17 21:24:22] 发送(hex): 20
[2026/09/17 21:24:22] 发送(hex): 20
[2026/09/17 21:24:22] 发送(hex): 20
[2026/09/17 21:24:22] 发送(hex): 20
[2026/09/17 21:24:22] 发送(hex): 20
[2026/09/17 21:24:22] 发送(hex): 20
[2026/09/17 21:24:22] 发送(hex): 20
[2026/09/17 21:24:22] 发送(hex): 20
[2026/09/17 21:24:22] 发送(hex): 20
[2026/09/17 21:24:22] 发送(hex): 20
[2026/09/17 21:24:22] 发送(hex): 20
[2026/09/17 21:24:22] 发送(hex): 20
[2026/09/17 21:24:22] 发送(hex): 20
[2026/09/17 21:24:22] 发送(hex): 20
[2026/09/17 21:24:22] 发送(hex): 20
[2026/09/17 21:24:22] 发送(hex): 20
[2026/09/17 21:24:22] 发送(hex): 20
[2026/09/17 21:24:22] 发送(hex): 20
[2026/09/17 21:24:22] 发送(hex): 20
[2026/09/17 21:24:22] 发送(hex): 20
[2026/09/17 21:24:22] 发送(hex): 20
[2026/09/17 21:24:22] 发送(hex): 20
[2026/09/17 21:24:22] 发送(hex): 20
[2026/09/17 21:24:22] get FW_AKERNEL flash start 0xa900200 ddr buf start 0x1b200000 image size 07fbf7c ok!
[2026/09/17 21:24:22] 发送(hex): 20
[2026/09/17 21:24:22] 发送(hex): 20
[2026/09/17 21:24:22] 发送(hex): 20
[2026/09/17 21:24:22] 发送(hex): 20
[2026/09/17 21:24:22] 发送(hex): 20
[2026/09/17 21:24:22] 发送(hex): 20
[2026/09/17 21:24:22] 发送(hex): 20
[2026/09/17 21:24:22] 发送(hex): 20
[2026/09/17 21:24:22] 发送(hex): 20
[2026/09/17 21:24:22] 发送(hex): 20
[2026/09/17 21:24:22] ATFATFATF:0 1 NOTICE: kill CPU(2)...
[2026/09/17 21:24:22] ATF:0 1 NOTICE: kill (2) : PACTIVE:0
[2026/09/17 21:24:22] ATF:0 1 NOTICE:  CPU(2) kill done, pstate(0x0)
[2026/09/17 21:24:22] 发送(hex): 20
[2026/09/17 21:24:22] 发送(hex): 20
[2026/09/17 21:24:22] U
[2026/09/17 21:24:22] 发送(hex): 20
[2026/09/17 21:24:22] 发送(hex): 20
[2026/09/17 21:24:22] 发送(hex): 20
[2026/09/17 21:24:22] 发送(hex): 20
[2026/09/17 21:24:22] 发送(hex): 20
[2026/09/17 21:24:22] 发送(hex): 20
[2026/09/17 21:24:22] 发送(hex): 20
[2026/09/17 21:24:22] 发送(hex): 20
[2026/09/17 21:24:22] 发送(hex): 20
[2026/09/17 21:24:22] 发送(hex): 20
[2026/09/17 21:24:22] 发送(hex): 20
[2026/09/17 21:24:22] 发送(hex): 20
[2026/09/17 21:24:22] 发送(hex): 20
[2026/09/17 21:24:22] 发送(hex): 20
[2026/09/17 21:24:22] 发送(hex): 20
[2026/09/17 21:24:22] 发送(hex): 20
[2026/09/17 21:24:22] fixup_node_name 555. set /reserved-memory@5 to /reserved-memory
[2026/09/17 21:24:22] fixup_node_name 555. set /rtk_cma@5 to /rtk_cma
[2026/09/17 21:24:22] ### [1;31mERROR[0m ### get_movablecore 613. Can't find dtb node /reserved-memory/cma2_memory/reg
[2026/09/17 21:24:22] reinit_mem_info 1049  ddr_size 80000000
[2026/09/17 21:24:22] 发送(hex): 20
[2026/09/17 21:24:22] 发送(hex): 20
[2026/09/17 21:24:22] booting, boot_led_type: 0x00000000, led on[1]
[2026/09/17 21:24:22] set share register: 0x99100000
[2026/09/17 21:24:22] boot_power_on_mode=1
[2026/09/17 21:24:22] [get_layout:1264]!
[2026/09/17 21:24:22] 发送(hex): 20
[2026/09/17 21:24:22] 发送(hex): 20
[2026/09/17 21:24:22] 发送(hex): 20
[2026/09/17 21:24:22] 发送(hex): 20
[2026/09/17 21:24:22] 发送(hex): 20
[2026/09/17 21:24:22] 发送(hex): 20
[2026/09/17 21:24:22] 发送(hex): 20
[2026/09/17 21:24:22] 发送(hex): 20
[2026/09/17 21:24:22] boot_part value = 0 boot_tag value = 21
[2026/09/17 21:24:22] [get_oemkey] 1397: get oem.key = ATV00107525
[2026/09/17 21:24:22] Factory_RO: [EXT4] factory_ro_buffer:0a800000, factory_ro_buffer size:0x1000000!
[2026/09/17 21:24:22] Partiton factory_ro_a located at 0:6
[2026/09/17 21:24:22] factory_ro_a partition can not find /.000@bk@***!
[2026/09/17 21:24:22] Factory RO no need recovery!
[2026/09/17 21:24:22] Get tvconfigs_a partition block device index fail!
[2026/09/17 21:24:22] read customer.ini file fail!
[2026/09/17 21:24:22] parse SYS_INI path fail
[2026/09/17 21:24:22] Not support board ini mechansim!
[2026/09/17 21:24:22] Get tvconfigs_a partition block device index fail!
[2026/09/17 21:24:22] read customer.ini file fail!
[2026/09/17 21:24:22] parse SYS_INI path fail
[2026/09/17 21:24:22] load model ini file fail
[2026/09/17 21:24:22] cannot find PcbPath from ini file
[2026/09/17 21:24:22] no pcb.config in tvconfigs
[2026/09/17 21:24:22] no mnt/vendor/factorypcb.config
[2026/09/17 21:24:22] 发送(hex): 20
[2026/09/17 21:24:22] 发送(hex): 20
[2026/09/17 21:24:22] 发送(hex): 20
[2026/09/17 21:24:22] 发送(hex): 20
[2026/09/17 21:24:22] 发送(hex): 20
[2026/09/17 21:24:22] 发送(hex): 20
[2026/09/17 21:24:22] 发送(hex): 20
[2026/09/17 21:24:22] 发送(hex): 20
[2026/09/17 21:24:22] 发送(hex): 20
[2026/09/17 21:24:22] 发送(hex): 20
[2026/09/17 21:24:22] 发送(hex): 20
[2026/09/17 21:24:22] 发送(hex): 20
[2026/09/17 21:24:22] 发送(hex): 20
[2026/09/17 21:24:22] 发送(hex): 20
[2026/09/17 21:24:22] 发送(hex): 20
[2026/09/17 21:24:22] 发送(hex): 20
[2026/09/17 21:24:22] 发送(hex): 20
[2026/09/17 21:24:22] 发送(hex): 20
[2026/09/17 21:24:22] 发送(hex): 20
[2026/09/17 21:24:23] 发送(hex): 20
[2026/09/17 21:24:23] 发送(hex): 20
[2026/09/17 21:24:23] 发送(hex): 20
[2026/09/17 21:24:23] 发送(hex): 20
[2026/09/17 21:24:23] 发送(hex): 20
[2026/09/17 21:24:23] 发送(hex): 20
[2026/09/17 21:24:23] 发送(hex): 20
[2026/09/17 21:24:23] 发送(hex): 20
[2026/09/17 21:24:23] 发送(hex): 20
[2026/09/17 21:24:23] 发送(hex): 20
[2026/09/17 21:24:23] 发送(hex): 20
[2026/09/17 21:24:23] 发送(hex): 20
[2026/09/17 21:24:23] 发送(hex): 20
[2026/09/17 21:24:23] 发送(hex): 20
[2026/09/17 21:24:23] 发送(hex): 20
[2026/09/17 21:24:23] 发送(hex): 20
[2026/09/17 21:24:23] 发送(hex): 20
[2026/09/17 21:24:23] 发送(hex): 20
[2026/09/17 21:24:23] 发送(hex): 20
[2026/09/17 21:24:23] 发送(hex): 20
[2026/09/17 21:24:23] 发送(hex): 20
[2026/09/17 21:24:23] 发送(hex): 20
[2026/09/17 21:24:23] 发送(hex): 20
[2026/09/17 21:24:23] 发送(hex): 20
[2026/09/17 21:24:23] 发送(hex): 20
[2026/09/17 21:24:23] 发送(hex): 20
[2026/09/17 21:24:23] 发送(hex): 20
[2026/09/17 21:24:23] 发送(hex): 20
[2026/09/17 21:24:23] 发送(hex): 20
[2026/09/17 21:24:23] 发送(hex): 20
[2026/09/17 21:24:23] 发送(hex): 20
[2026/09/17 21:24:23] 发送(hex): 20
[2026/09/17 21:24:23] 发送(hex): 20
[2026/09/17 21:24:23] 发送(hex): 20
[2026/09/17 21:24:23] 发送(hex): 20
[2026/09/17 21:24:23] 发送(hex): 20
[2026/09/17 21:24:23] 发送(hex): 20
[2026/09/17 21:24:23] 发送(hex): 20
[2026/09/17 21:24:23] 发送(hex): 20
[2026/09/17 21:24:23] 发送(hex): 20
[2026/09/17 21:24:23] 发送(hex): 20
[2026/09/17 21:24:23] 发送(hex): 20
[2026/09/17 21:24:23] 发送(hex): 20
[2026/09/17 21:24:23] 发送(hex): 20
[2026/09/17 21:24:23] 发送(hex): 20
[2026/09/17 21:24:23] 发送(hex): 20
[2026/09/17 21:24:23] 发送(hex): 20
[2026/09/17 21:24:23] 发送(hex): 20
[2026/09/17 21:24:23] 发送(hex): 20
[2026/09/17 21:24:23] 发送(hex): 20
[2026/09/17 21:24:23] 发送(hex): 20
[2026/09/17 21:24:23] 发送(hex): 20
[2026/09/17 21:24:23] 发送(hex): 20
[2026/09/17 21:24:23] 发送(hex): 20
[2026/09/17 21:24:23] 发送(hex): 20
[2026/09/17 21:24:23] 发送(hex): 20
[2026/09/17 21:24:23] 发送(hex): 20
[2026/09/17 21:24:23] 发送(hex): 20
[2026/09/17 21:24:23] 发送(hex): 20
[2026/09/17 21:24:23] 发送(hex): 20
[2026/09/17 21:24:23] 发送(hex): 20
[2026/09/17 21:24:23] 发送(hex): 20
[2026/09/17 21:24:23] 发送(hex): 20
[2026/09/17 21:24:23] 发送(hex): 20
[2026/09/17 21:24:23] 发送(hex): 20
[2026/09/17 21:24:23] 发送(hex): 20
[2026/09/17 21:24:23] 发送(hex): 20
[2026/09/17 21:24:23] 发送(hex): 20
[2026/09/17 21:24:23] 发送(hex): 20
[2026/09/17 21:24:23] 发送(hex): 20
[2026/09/17 21:24:23] 发送(hex): 20
[2026/09/17 21:24:23] 发送(hex): 20
[2026/09/17 21:24:23] 发送(hex): 20
[2026/09/17 21:24:23] 发送(hex): 20
[2026/09/17 21:24:23] 发送(hex): 20
[2026/09/17 21:24:23] 发送(hex): 20
[2026/09/17 21:24:23] 发送(hex): 20
[2026/09/17 21:24:23] 发送(hex): 20
[2026/09/17 21:24:23] 发送(hex): 20
[2026/09/17 21:24:23] 发送(hex): 20
[2026/09/17 21:24:23] 发送(hex): 20
[2026/09/17 21:24:23] 发送(hex): 20
[2026/09/17 21:24:23] 发送(hex): 20
[2026/09/17 21:24:23] 发送(hex): 20
[2026/09/17 21:24:23] 发送(hex): 20
[2026/09/17 21:24:23] 发送(hex): 20
[2026/09/17 21:24:23] 发送(hex): 20
[2026/09/17 21:24:23] 发送(hex): 20
[2026/09/17 21:24:23] 发送(hex): 20
[2026/09/17 21:24:23] 发送(hex): 20
[2026/09/17 21:24:23] 发送(hex): 20
[2026/09/17 21:24:23] 发送(hex): 20
[2026/09/17 21:24:23] 发送(hex): 20
[2026/09/17 21:24:24] 发送(hex): 20
[2026/09/17 21:24:24] 发送(hex): 20
[2026/09/17 21:24:24] 发送(hex): 20
[2026/09/17 21:24:24] 发送(hex): 20
[2026/09/17 21:24:24] 发送(hex): 20
[2026/09/17 21:24:24] 发送(hex): 20
[2026/09/17 21:24:24] 发送(hex): 20
[2026/09/17 21:24:24] 发送(hex): 20
[2026/09/17 21:24:24] 发送(hex): 20
[2026/09/17 21:24:24] 发送(hex): 20
[2026/09/17 21:24:24] 发送(hex): 20
[2026/09/17 21:24:24] 发送(hex): 20
[2026/09/17 21:24:24] 发送(hex): 20
[2026/09/17 21:24:24] 发送(hex): 20
[2026/09/17 21:24:24] 发送(hex): 20
[2026/09/17 21:24:24] 发送(hex): 20
[2026/09/17 21:24:24] 发送(hex): 20
[2026/09/17 21:24:24] 发送(hex): 20
[2026/09/17 21:24:24] 发送(hex): 20
[2026/09/17 21:24:24] 发送(hex): 20
[2026/09/17 21:24:24] 发送(hex): 20
[2026/09/17 21:24:24] 发送(hex): 20
[2026/09/17 21:24:24] 发送(hex): 20
[2026/09/17 21:24:24] 发送(hex): 20
[2026/09/17 21:24:24] 发送(hex): 20
[2026/09/17 21:24:24] 发送(hex): 20
[2026/09/17 21:24:24] 发送(hex): 20
[2026/09/17 21:24:24] 发送(hex): 20
[2026/09/17 21:24:24] 发送(hex): 20
[2026/09/17 21:24:24] 发送(hex): 20
[2026/09/17 21:24:24] 发送(hex): 20
[2026/09/17 21:24:24] 发送(hex): 20
[2026/09/17 21:24:24] 发送(hex): 20
[2026/09/17 21:24:24] 发送(hex): 20
[2026/09/17 21:24:24] 发送(hex): 20
[2026/09/17 21:24:24] 发送(hex): 20
[2026/09/17 21:24:24] 发送(hex): 20
[2026/09/17 21:24:24] 发送(hex): 20
[2026/09/17 21:24:24] 发送(hex): 20
[2026/09/17 21:24:24] 发送(hex): 20
[2026/09/17 21:24:24] 发送(hex): 20
[2026/09/17 21:24:24] 发送(hex): 20
[2026/09/17 21:24:24] 发送(hex): 20
[2026/09/17 21:24:24] 发送(hex): 20
[2026/09/17 21:24:24] 发送(hex): 20
[2026/09/17 21:24:24] 发送(hex): 20
[2026/09/17 21:24:24] 发送(hex): 20
[2026/09/17 21:24:24] 发送(hex): 20
[2026/09/17 21:24:24] 发送(hex): 20
[2026/09/17 21:24:24] 发送(hex): 20
[2026/09/17 21:24:24] 发送(hex): 20
[2026/09/17 21:24:24] 发送(hex): 20
[2026/09/17 21:24:24] 发送(hex): 20
[2026/09/17 21:24:24] 发送(hex): 20
[2026/09/17 21:24:24] 发送(hex): 20
[2026/09/17 21:24:24] 发送(hex): 20
[2026/09/17 21:24:24] 发送(hex): 20
[2026/09/17 21:24:24] 发送(hex): 20
[2026/09/17 21:24:24] 发送(hex): 20
[2026/09/17 21:24:24] 发送(hex): 20
[2026/09/17 21:24:24] 发送(hex): 20
[2026/09/17 21:24:24] 发送(hex): 20
[2026/09/17 21:24:24] 发送(hex): 20
[2026/09/17 21:24:24] 发送(hex): 20
[2026/09/17 21:24:24] 发送(hex): 20
[2026/09/17 21:24:24] 发送(hex): 20
[2026/09/17 21:24:24] 发送(hex): 20
[2026/09/17 21:24:24] delay:426
[2026/09/17 21:24:24] 发送(hex): 20
[2026/09/17 21:24:24] 发送(hex): 20
[2026/09/17 21:24:24] 发送(hex): 20
[2026/09/17 21:24:24] 发送(hex): 20
[2026/09/17 21:24:24] 发送(hex): 20
[2026/09/17 21:24:24] 发送(hex): 20
[2026/09/17 21:24:24] 发送(hex): 20
[2026/09/17 21:24:24] 发送(hex): 20
[2026/09/17 21:24:24] 发送(hex): 20
[2026/09/17 21:24:24] 发送(hex): 20
[2026/09/17 21:24:24] 发送(hex): 20
[2026/09/17 21:24:24] 发送(hex): 20
[2026/09/17 21:24:24] 发送(hex): 20
[2026/09/17 21:24:24] 发送(hex): 20
[2026/09/17 21:24:24] 发送(hex): 20
[2026/09/17 21:24:24] 发送(hex): 20
[2026/09/17 21:24:24] 发送(hex): 20
[2026/09/17 21:24:24] 发送(hex): 20
[2026/09/17 21:24:24] 发送(hex): 20
[2026/09/17 21:24:24] 发送(hex): 20
[2026/09/17 21:24:24] 发送(hex): 20
[2026/09/17 21:24:24] 发送(hex): 20
[2026/09/17 21:24:24] 发送(hex): 20
[2026/09/17 21:24:24] 发送(hex): 20
[2026/09/17 21:24:24] 发送(hex): 20
[2026/09/17 21:24:24] 发送(hex): 20
[2026/09/17 21:24:24] 发送(hex): 20
[2026/09/17 21:24:25] 发送(hex): 20
[2026/09/17 21:24:25] 发送(hex): 20
[2026/09/17 21:24:25] 发送(hex): 20
[2026/09/17 21:24:25] 发送(hex): 20
[2026/09/17 21:24:25] 发送(hex): 20
[2026/09/17 21:24:25] 发送(hex): 20
[2026/09/17 21:24:25] 发送(hex): 20
[2026/09/17 21:24:25] 发送(hex): 20
[2026/09/17 21:24:25] 发送(hex): 20
[2026/09/17 21:24:25] 发送(hex): 20
[2026/09/17 21:24:25] 发送(hex): 20
[2026/09/17 21:24:25] Net:   r8168: REALTEK RTL8168 @0x18016000
[2026/09/17 21:24:25] 发送(hex): 20
[2026/09/17 21:24:25] 发送(hex): 20
[2026/09/17 21:24:25] 发送(hex): 20
[2026/09/17 21:24:25] 发送(hex): 20
[2026/09/17 21:24:25] Start Boot Setup ...
[2026/09/17 21:24:25] (powerMgr_get_wakeup_source)2012/05/30 19:50
[2026/09/17 21:24:25] wakeup source : AC
[2026/09/17 21:24:25] 发送(hex): 20
[2026/09/17 21:24:25] 发送(hex): 20
[2026/09/17 21:24:25] 发送(hex): 20
[2026/09/17 21:24:25] 发送(hex): 20
[2026/09/17 21:24:25] (powerMgr_get_wakeup_source)2012/05/30 19:50
[2026/09/17 21:24:25] wakeup source : AC
[2026/09/17 21:24:25] wakeup_src=0, boot_logo_enable=1, bgm_boot_type=0, POWER_ON_MODE_SILEN=0.
[2026/09/17 21:24:25] 发送(hex): 20
[2026/09/17 21:24:25] GDMA module_init finish
[2026/09/17 21:24:25] [GDMA] OSD size[3840
[2026/09/17 21:24:25] 发送(hex): 20
[2026/09/17 21:24:25] 发送(hex): 20
[2026/09/17 21:24:25] ,2160]
[2026/09/17 21:24:25] [GDMA] gdma_showlogo gdma show logo 3926
[2026/09/17 21:24:25] Net:   r8168: REALTEK RTL8168 @0x18016000
[2026/09/17 21:24:25] 发送(hex): 20
[2026/09/17 21:24:25] 发送(hex): 20
[2026/09/17 21:24:25] ## Android Verifie
[2026/09/17 21:24:25] 发送(hex): 20
[2026/09/17 21:24:25] d Boot 2.0 version 1.1.0
[2026/09/17 21:24:25] 发送(hex): 20
[2026/09/17 21:24:25] 发送(hex): 20
[2026/09/17 21:24:25] 发送(hex): 20
[2026/09/17 21:24:25] 发送(hex): 20
[2026/09/17 21:24:25] 发送(hex): 20
[2026/09/17 21:24:25] 发送(hex): 20
[2026/09/17 21:24:25] 发送(hex): 20
[2026/09/17 21:24:25] 发送(hex): 20
[2026/09/17 21:24:25] 发送(hex): 20
[2026/09/17 21:24:25] 发送(hex): 20
[2026/09/17 21:24:25] 发送(hex): 20
[2026/09/17 21:24:25] 发送(hex): 20
[2026/09/17 21:24:25] 发送(hex): 20
[2026/09/17 21:24:25] 发送(hex): 20
[2026/09/17 21:24:25] 发送(hex): 20
[2026/09/17 21:24:25] 发送(hex): 20
[2026/09/17 21:24:25] 发送(hex): 20
[2026/09/17 21:24:25] 发送(hex): 20
[2026/09/17 21:24:25] 发送(hex): 20
[2026/09/17 21:24:25] 发送(hex): 20
[2026/09/17 21:24:25] 发送(hex): 20
[2026/09/17 21:24:25] 发送(hex): 20
[2026/09/17 21:24:25] 发送(hex): 20
[2026/09/17 21:24:25] 发送(hex): 20
[2026/09/17 21:24:25] 发送(hex): 20
[2026/09/17 21:24:25] 发送(hex): 20
[2026/09/17 21:24:25] 发送(hex): 20
[2026/09/17 21:24:25] 发送(hex): 20
[2026/09/17 21:24:25] 发送(hex): 20
[2026/09/17 21:24:25] 发送(hex): 20
[2026/09/17 21:24:25] 发送(hex): 20
[2026/09/17 21:24:25] 发送(hex): 20
[2026/09/17 21:24:25] 发送(hex): 20
[2026/09/17 21:24:25] 发送(hex): 20
[2026/09/17 21:24:25] 发送(hex): 20
[2026/09/17 21:24:25] 发送(hex): 20
[2026/09/17 21:24:25] 发送(hex): 20
[2026/09/17 21:24:25] 发送(hex): 20
[2026/09/17 21:24:25] 发送(hex): 20
[2026/09/17 21:24:25] 发送(hex): 20
[2026/09/17 21:24:25] 发送(hex): 20
[2026/09/17 21:24:25] 发送(hex): 20
[2026/09/17 21:24:25] 发送(hex): 20
[2026/09/17 21:24:25] 发送(hex): 20
[2026/09/17 21:24:25] 发送(hex): 20
[2026/09/17 21:24:25] 发送(hex): 20
[2026/09/17 21:24:25] 发送(hex): 20
[2026/09/17 21:24:25] Verification passed successfully
[2026/09/17 21:24:25] [Skip A] boot manual mode
[2026/09/17 21:24:25] [Skip V] boot manual mode
[2026/09/17 21:24:25] is_avb_verify_hash_partition 164 find avb verify part_name boot img_buf 0x66400000 size 0x307a000
[2026/09/17 21:24:25] boot header version : 4
[2026/09/17 21:24:25] is_avb_verify_hash_partition 164 find avb verify part_name vendor_boot img_buf 0x6bc00000 size 0x10a3000
[2026/09/17 21:24:25] get_partition_content_by_name 11954 get gpt_name init_boot_a err,try part name init_boot!
[2026/09/17 21:24:25] get_partition_content_by_name 11956 get part name init_boot err!
[2026/09/17 21:24:25] 发送(hex): 20
[2026/09/17 21:24:25] 发送(hex): 20
[2026/09/17 21:24:25] 发送(hex): 20
[2026/09/17 21:24:25] 发送(hex): 20
[2026/09/17 21:24:25] 发送(hex): 20
[2026/09/17 21:24:25] 发送(hex): 20
[2026/09/17 21:24:25] 发送(hex): 20
[2026/09/17 21:24:25] 发送(hex): 20
[2026/09/17 21:24:25] get_merge_ramdisk 11932 cur_ramdisk_size 0xf3096 real_cur_ramdisk_size 0xf3096
[2026/09/17 21:24:25] get_merge_ramdisk 11932 cur_ramdisk_size 0x2019e5 real_cur_ramdisk_size 0x2019e5
[2026/09/17 21:24:25] is_avb_verify_hash_partition 164 find avb verify part_name dtbo img_buf 0x6fc00000 size 0x1186
[2026/09/17 21:24:25] Net:   r8168: REALTEK RTL8168 @0x18016000
[2026/09/17 21:24:25] 发送(hex): 20
[2026/09/17 21:24:25] 发送(hex): 20
[2026/09/17 21:24:25] 发送(hex): 20
[2026/09/17 21:24:25] 发送(hex): 20
[2026/09/17 21:24:25] [Skip K] boot manual mode (execute "go all")
[2026/09/17 21:24:25] Enter console mode, disable watchdog ...
[2026/09/17 21:24:25] Realtek>
[2026/09/17 21:24:25] 发送(hex): 20
[2026/09/17 21:24:25] 发送(hex): 20
[2026/09/17 21:24:25] 发送(hex): 20
[2026/09/17 21:24:25] 发送(hex): 20
[2026/09/17 21:24:25] 发送(hex): 20
[2026/09/17 21:24:25] 发送(hex): 20
[2026/09/17 21:24:25] 发送(hex): 20
[2026/09/17 21:24:25] 发送(hex): 20
[2026/09/17 21:24:25] 发送(hex): 20
[2026/09/17 21:24:25] 发送(hex): 20
[2026/09/17 21:24:26] 发送(hex): 20
[2026/09/17 21:24:26] 发送(hex): 20
[2026/09/17 21:24:26] 发送(hex): 20
[2026/09/17 21:24:26] 发送(hex): 20
[2026/09/17 21:24:26] 发送(hex): 20
[2026/09/17 21:24:26] 发送(hex): 20
[2026/09/17 21:24:26] 发送(hex): 20
[2026/09/17 21:24:26] 发送(hex): 20
[2026/09/17 21:24:26] 发送(hex): 20
[2026/09/17 21:24:26] 发送(hex): 20
[2026/09/17 21:24:26] 发送(hex): 20
[2026/09/17 21:24:26] 发送(hex): 20
[2026/09/17 21:24:26] 发送(hex): 20
[2026/09/17 21:24:26] 发送(hex): 20
[2026/09/17 21:24:26] 发送(hex): 20
[2026/09/17 21:24:26] 发送(hex): 20
[2026/09/17 21:24:26] 发送(hex): 20
[2026/09/17 21:24:26] 发送(hex): 20
[2026/09/17 21:24:26] 发送(hex): 20
[2026/09/17 21:24:26] 发送(hex): 20
[2026/09/17 21:24:26] 发送(hex): 20
[2026/09/17 21:24:26] 发送(hex): 20
[2026/09/17 21:24:26] 发送(hex): 20
[2026/09/17 21:24:26] 发送(hex): 20
[2026/09/17 21:24:26] 发送(hex): 20
[2026/09/17 21:24:26] 发送(hex): 20
[2026/09/17 21:24:26] 发送(hex): 20
[2026/09/17 21:24:26] 发送(hex): 20
[2026/09/17 21:24:26] 发送(hex): 20
[2026/09/17 21:24:26] 发送(hex): 20
[2026/09/17 21:24:26] 发送(hex): 20
[2026/09/17 21:24:26] 发送(hex): 20
[2026/09/17 21:24:26] 发送(hex): 20
[2026/09/17 21:24:26] 发送(hex): 20
[2026/09/17 21:24:26] 发送(hex): 20
[2026/09/17 21:24:26] 发送(hex): 20
[2026/09/17 21:24:26] 发送(hex): 20
[2026/09/17 21:24:26] 发送(hex): 20
[2026/09/17 21:24:26] 发送(hex): 20
[2026/09/17 21:24:26] 发送(hex): 20
[2026/09/17 21:24:26] 发送(hex): 20
[2026/09/17 21:24:26] 发送(hex): 20
[2026/09/17 21:24:26] 发送(hex): 20
[2026/09/17 21:24:26] 发送(hex): 20
[2026/09/17 21:24:26] 发送(hex): 20
[2026/09/17 21:24:26] 发送(hex): 20
[2026/09/17 21:24:26] 发送(hex): 20
[2026/09/17 21:24:26] 发送(hex): 20
[2026/09/17 21:24:26] 发送(hex): 20
[2026/09/17 21:24:26] 发送(hex): 20
[2026/09/17 21:24:26] 发送(hex): 20
[2026/09/17 21:24:26] 发送(hex): 20
[2026/09/17 21:24:26] 发送(hex): 20
[2026/09/17 21:24:26] 发送(hex): 20
[2026/09/17 21:24:26] 发送(hex): 20
[2026/09/17 21:24:26] 发送(hex): 20
[2026/09/17 21:24:26] 发送(hex): 20
[2026/09/17 21:24:26] 发送(hex): 20
[2026/09/17 21:24:26] 发送(hex): 20
[2026/09/17 21:24:26] 发送(hex): 20
[2026/09/17 21:24:26] 发送(hex): 20
[2026/09/17 21:24:26] 发送(hex): 20
[2026/09/17 21:24:26] 发送(hex): 20
[2026/09/17 21:24:26] 发送(hex): 20
[2026/09/17 21:24:26] 发送(hex): 20
[2026/09/17 21:24:26] 发送(hex): 20
[2026/09/17 21:24:26] 发送(hex): 20
[2026/09/17 21:24:26] 发送(hex): 20
[2026/09/17 21:24:26] 发送(hex): 20
[2026/09/17 21:24:26] 发送(hex): 20
[2026/09/17 21:24:26] 发送(hex): 20
[2026/09/17 21:24:26] 发送(hex): 20
[2026/09/17 21:24:26] 发送(hex): 20
[2026/09/17 21:24:26] 发送(hex): 20
[2026/09/17 21:24:26] 发送(hex): 20
[2026/09/17 21:24:26] 发送(hex): 20
[2026/09/17 21:24:26] 发送(hex): 20
[2026/09/17 21:24:26] 发送(hex): 20
[2026/09/17 21:24:26] 发送(hex): 20
[2026/09/17 21:24:26] 发送(hex): 20
[2026/09/17 21:24:26] 发送(hex): 20
[2026/09/17 21:24:26] 发送(hex): 20
[2026/09/17 21:24:26] 发送(hex): 20
[2026/09/17 21:24:26] 发送(hex): 20
[2026/09/17 21:24:26] 发送(hex): 20
[2026/09/17 21:24:26] 发送(hex): 20
[2026/09/17 21:24:26] 发送(hex): 20
[2026/09/17 21:24:26] 发送(hex): 20
[2026/09/17 21:24:26] 发送(hex): 20
[2026/09/17 21:24:26] 发送(hex): 20
[2026/09/17 21:24:26] 发送(hex): 20
[2026/09/17 21:24:26] 发送(hex): 20
[2026/09/17 21:24:26] 发送(hex): 20
[2026/09/17 21:24:26] 发送(hex): 20
[2026/09/17 21:24:27] 发送(hex): 20
[2026/09/17 21:24:27] 发送(hex): 20
[2026/09/17 21:24:27] 发送(hex): 20
[2026/09/17 21:24:27] 发送(hex): 20
[2026/09/17 21:24:27] 发送(hex): 20
[2026/09/17 21:24:27] 发送(hex): 20
[2026/09/17 21:24:27] 发送(hex): 20
[2026/09/17 21:24:27] 发送(hex): 20
[2026/09/17 21:24:27] 发送(hex): 20
[2026/09/17 21:24:27] 发送(hex): 20
[2026/09/17 21:24:27] 发送(hex): 20
[2026/09/17 21:24:27] 发送(hex): 20
[2026/09/17 21:24:27] 发送(hex): 20
[2026/09/17 21:24:27] 发送(hex): 20
[2026/09/17 21:24:27] 发送(hex): 20
[2026/09/17 21:24:27] 发送(hex): 20
[2026/09/17 21:24:27] 发送(hex): 20
[2026/09/17 21:24:27] 发送(hex): 20
[2026/09/17 21:24:27] 发送(hex): 20
[2026/09/17 21:24:27] 发送(hex): 20
[2026/09/17 21:24:27] 发送(hex): 20
[2026/09/17 21:24:27] 发送(hex): 20
[2026/09/17 21:24:27] 发送(hex): 20
[2026/09/17 21:24:27] 发送(hex): 20
[2026/09/17 21:24:27] 发送(hex): 20
[2026/09/17 21:24:27] 发送(hex): 20
[2026/09/17 21:24:27] 发送(hex): 20
[2026/09/17 21:24:27] 发送(hex): 20
[2026/09/17 21:24:27] 发送(hex): 20
[2026/09/17 21:24:27] 发送(hex): 20
[2026/09/17 21:24:27] 发送(hex): 20
[2026/09/17 21:24:27] 发送(hex): 20
[2026/09/17 21:24:27] 发送(hex): 20
[2026/09/17 21:24:27] 发送(hex): 20
[2026/09/17 21:24:27] 发送(hex): 20
[2026/09/17 21:24:27] 发送(hex): 20
[2026/09/17 21:24:27] 发送(hex): 20
[2026/09/17 21:24:27] 发送(hex): 20
[2026/09/17 21:24:27] 发送(hex): 20
[2026/09/17 21:24:27] 发送(hex): 20
[2026/09/17 21:24:27] 发送(hex): 20
[2026/09/17 21:24:27] 发送(hex): 20
[2026/09/17 21:24:27] 发送(hex): 20
[2026/09/17 21:24:27] 发送(hex): 20
[2026/09/17 21:24:27] 发送(hex): 20
[2026/09/17 21:24:27] 发送(hex): 20
[2026/09/17 21:24:27] 发送(hex): 20
[2026/09/17 21:24:27] 发送(hex): 20
[2026/09/17 21:24:27] 发送(hex): 20
[2026/09/17 21:24:27] 发送(hex): 20
[2026/09/17 21:24:27] 发送(hex): 20
[2026/09/17 21:24:27] 发送(hex): 20
[2026/09/17 21:24:27] 发送(hex): 20
[2026/09/17 21:24:27] 发送(hex): 20
[2026/09/17 21:24:27] 发送(hex): 20
[2026/09/17 21:24:27] 发送(hex): 20
[2026/09/17 21:24:27] 发送(hex): 20
[2026/09/17 21:24:27] 发送(hex): 20
[2026/09/17 21:24:27] 发送(hex): 20
[2026/09/17 21:24:27] 发送(hex): 20
[2026/09/17 21:24:27] 发送(hex): 20
[2026/09/17 21:24:27] 发送(hex): 20
[2026/09/17 21:24:27] 发送(hex): 20
[2026/09/17 21:24:27] 发送(hex): 20
[2026/09/17 21:24:27] 发送(hex): 20
[2026/09/17 21:24:27] 发送(hex): 20
[2026/09/17 21:24:27] 发送(hex): 20
[2026/09/17 21:24:27] 发送(hex): 20
[2026/09/17 21:24:27] 发送(hex): 20
[2026/09/17 21:24:27] 发送(hex): 20
[2026/09/17 21:24:27] 发送(hex): 20
[2026/09/17 21:24:27] 发送(hex): 20
[2026/09/17 21:24:27] 发送(hex): 20
[2026/09/17 21:24:27] 发送(hex): 20
[2026/09/17 21:24:27] 发送(hex): 20
[2026/09/17 21:24:27] 发送(hex): 20
[2026/09/17 21:24:27] 发送(hex): 20
[2026/09/17 21:24:27] 发送(hex): 20
[2026/09/17 21:24:27] 发送(hex): 20
[2026/09/17 21:24:27] 发送(hex): 20
[2026/09/17 21:24:27] 发送(hex): 20
[2026/09/17 21:24:27] 发送(hex): 20
[2026/09/17 21:24:27] 发送(hex): 20
[2026/09/17 21:24:27] 发送(hex): 20
[2026/09/17 21:24:27] 发送(hex): 20
[2026/09/17 21:24:27] 发送(hex): 20
[2026/09/17 21:24:27] 发送(hex): 20
[2026/09/17 21:24:27] 发送(hex): 20
[2026/09/17 21:24:27] 发送(hex): 20
[2026/09/17 21:24:27] 发送(hex): 20
[2026/09/17 21:24:27] 发送(hex): 20
[2026/09/17 21:24:27] 发送(hex): 20
[2026/09/17 21:24:27] 发送(hex): 20
[2026/09/17 21:24:28] 发送(hex): 20
[2026/09/17 21:24:28] 发送(hex): 20
[2026/09/17 21:24:28] 发送(hex): 20
[2026/09/17 21:24:28] 发送(hex): 20
[2026/09/17 21:24:28] 发送(hex): 20
[2026/09/17 21:24:28] 发送(hex): 20
[2026/09/17 21:24:28] 发送(hex): 20
[2026/09/17 21:24:28] 发送(hex): 20
[2026/09/17 21:24:28] 发送(hex): 20
[2026/09/17 21:24:28] 发送(hex): 20
[2026/09/17 21:24:28] 发送(hex): 20
[2026/09/17 21:24:28] 发送(hex): 20
[2026/09/17 21:24:28] 发送(hex): 20
[2026/09/17 21:24:28] 发送(hex): 20
[2026/09/17 21:24:28] 发送(hex): 20
[2026/09/17 21:24:28] 发送(hex): 20
[2026/09/17 21:24:28] 发送(hex): 20
[2026/09/17 21:24:28] 发送(hex): 20
[2026/09/17 21:24:28] 发送(hex): 20
[2026/09/17 21:24:28] 发送(hex): 20
[2026/09/17 21:24:28] 发送(hex): 20
[2026/09/17 21:24:28] 发送(hex): 20
[2026/09/17 21:24:28] 发送(hex): 20
[2026/09/17 21:24:28] 发送(hex): 20
[2026/09/17 21:24:28] 发送(hex): 20
[2026/09/17 21:24:28] 发送(hex): 20
[2026/09/17 21:24:28] 发送(hex): 20
[2026/09/17 21:24:28] 发送(hex): 20
[2026/09/17 21:24:28] 发送(hex): 20
[2026/09/17 21:24:28] 发送(hex): 20
[2026/09/17 21:24:28] 发送(hex): 20
[2026/09/17 21:24:28] 发送(hex): 20
[2026/09/17 21:24:28] 发送(hex): 20
[2026/09/17 21:24:28] 发送(hex): 20
[2026/09/17 21:24:28] 发送(hex): 20
[2026/09/17 21:24:28] 发送(hex): 20
[2026/09/17 21:24:28] 发送(hex): 20
[2026/09/17 21:24:28] 发送(hex): 20
[2026/09/17 21:24:28] 发送(hex): 20
[2026/09/17 21:24:28] 发送(hex): 20
[2026/09/17 21:24:28] 发送(hex): 20
[2026/09/17 21:24:28] 发送(hex): 20
[2026/09/17 21:24:28] 发送(hex): 20
[2026/09/17 21:24:28] 发送(hex): 20
[2026/09/17 21:24:28] 发送(hex): 20
[2026/09/17 21:24:28] 发送(hex): 20
[2026/09/17 21:24:28] 发送(hex): 20
[2026/09/17 21:24:28] 发送(hex): 20
[2026/09/17 21:24:28] 发送(hex): 20
[2026/09/17 21:24:28] 发送(hex): 20
[2026/09/17 21:24:28] 发送(hex): 20
[2026/09/17 21:24:28] 发送(hex): 20
[2026/09/17 21:24:28] 发送(hex): 20
[2026/09/17 21:24:28] 发送(hex): 20
[2026/09/17 21:24:28] 发送(hex): 20
[2026/09/17 21:24:28] 发送(hex): 20
[2026/09/17 21:24:28] 发送(hex): 20
[2026/09/17 21:24:28] 发送(hex): 20
[2026/09/17 21:24:28] 发送(hex): 20
[2026/09/17 21:24:28] 发送(hex): 20
[2026/09/17 21:24:28] 发送(hex): 20
[2026/09/17 21:24:28] 发送(hex): 20
[2026/09/17 21:24:28] 发送(hex): 20
[2026/09/17 21:24:28] 发送(hex): 20
[2026/09/17 21:24:28] 发送(hex): 20
[2026/09/17 21:24:28] 发送(hex): 20
[2026/09/17 21:24:28] 发送(hex): 20
[2026/09/17 21:24:28] 发送(hex): 20
[2026/09/17 21:24:28] 发送(hex): 20
[2026/09/17 21:24:28] 发送(hex): 20
[2026/09/17 21:24:28] 发送(hex): 20
[2026/09/17 21:24:28] 发送(hex): 20
[2026/09/17 21:24:28] 发送(hex): 20
[2026/09/17 21:24:28] 发送(hex): 20
[2026/09/17 21:24:28] 发送(hex): 20
[2026/09/17 21:24:28] 发送(hex): 20
[2026/09/17 21:24:28] 发送(hex): 20
[2026/09/17 21:24:28] 发送(hex): 20
[2026/09/17 21:24:28] 发送(hex): 20
[2026/09/17 21:24:28] 发送(hex): 20
[2026/09/17 21:24:28] 发送(hex): 20
[2026/09/17 21:24:28] 发送(hex): 20
[2026/09/17 21:24:28] 发送(hex): 20
[2026/09/17 21:24:28] 发送(hex): 20
[2026/09/17 21:24:28] 发送(hex): 20
[2026/09/17 21:24:28] 发送(hex): 20
[2026/09/17 21:24:28] 发送(hex): 20
[2026/09/17 21:24:28] 发送(hex): 20
[2026/09/17 21:24:28] 发送(hex): 20
[2026/09/17 21:24:28] 发送(hex): 20
[2026/09/17 21:24:28] 发送(hex): 20
[2026/09/17 21:24:28] 发送(hex): 20
[2026/09/17 21:24:28] 发送(hex): 20
[2026/09/17 21:24:29] 发送(hex): 20
[2026/09/17 21:24:29] 发送(hex): 20
[2026/09/17 21:24:29] 发送(hex): 20
[2026/09/17 21:24:29] 发送(hex): 20
[2026/09/17 21:24:29] 发送(hex): 20
[2026/09/17 21:24:29] 发送(hex): 20
[2026/09/17 21:24:29] 发送(hex): 20
[2026/09/17 21:24:29] 发送(hex): 20
[2026/09/17 21:24:29] 发送(hex): 20
[2026/09/17 21:24:29] 发送(hex): 20
[2026/09/17 21:24:29] 发送(hex): 20
[2026/09/17 21:24:29] 发送(hex): 20
[2026/09/17 21:24:29] 发送(hex): 20
[2026/09/17 21:24:29] 发送(hex): 20
[2026/09/17 21:24:29] 发送(hex): 20
[2026/09/17 21:24:29] 发送(hex): 20
[2026/09/17 21:24:29] 发送(hex): 20
[2026/09/17 21:24:29] 发送(hex): 20
[2026/09/17 21:24:29] 发送(hex): 20
[2026/09/17 21:24:29] 发送(hex): 20
[2026/09/17 21:24:29] 发送(hex): 20
[2026/09/17 21:24:29] 发送(hex): 20
[2026/09/17 21:24:29] 发送(hex): 20
[2026/09/17 21:24:29] 发送(hex): 20
[2026/09/17 21:24:29] 发送(hex): 20
[2026/09/17 21:24:29] 发送(hex): 20
[2026/09/17 21:24:29] 发送(hex): 20
[2026/09/17 21:24:29] 发送(hex): 20
[2026/09/17 21:24:29] 发送(hex): 20
[2026/09/17 21:24:29] 发送(hex): 20
[2026/09/17 21:24:29] 发送(hex): 20
[2026/09/17 21:24:29] 发送(hex): 20
[2026/09/17 21:24:29] 发送(hex): 20
[2026/09/17 21:24:29] 发送(hex): 20
[2026/09/17 21:24:29] 发送(hex): 20
[2026/09/17 21:24:29] 发送(hex): 20
[2026/09/17 21:24:29] 发送(hex): 20
[2026/09/17 21:24:29] 发送(hex): 20
[2026/09/17 21:24:29] 发送(hex): 20
[2026/09/17 21:24:29] 发送(hex): 20
[2026/09/17 21:24:29] 发送(hex): 20
[2026/09/17 21:24:29] 发送(hex): 20
[2026/09/17 21:24:29] 发送(hex): 20
[2026/09/17 21:24:29] 发送(hex): 20
[2026/09/17 21:24:29] 发送(hex): 20
[2026/09/17 21:24:29] 发送(hex): 20
[2026/09/17 21:24:29] 发送(hex): 20
[2026/09/17 21:24:29] 发送(hex): 20
[2026/09/17 21:24:29] 发送(hex): 20
[2026/09/17 21:24:29] 发送(hex): 20
[2026/09/17 21:24:29] 发送(hex): 20
[2026/09/17 21:24:29] 发送(hex): 20
[2026/09/17 21:24:29] 发送(hex): 20
[2026/09/17 21:24:29] 发送(hex): 20
[2026/09/17 21:24:29] 发送(hex): 20
[2026/09/17 21:24:29] 发送(hex): 20
[2026/09/17 21:24:29] 发送(hex): 20
[2026/09/17 21:24:29] 发送(hex): 20
[2026/09/17 21:24:29] 发送(hex): 20
[2026/09/17 21:24:29] 发送(hex): 20
[2026/09/17 21:24:29] 发送(hex): 20
[2026/09/17 21:24:29] 发送(hex): 20
[2026/09/17 21:24:29] 发送(hex): 20
[2026/09/17 21:24:29] 发送(hex): 20
[2026/09/17 21:24:29] 发送(hex): 20
[2026/09/17 21:24:29] 发送(hex): 20
[2026/09/17 21:24:29] 发送(hex): 20
[2026/09/17 21:24:29] 发送(hex): 20
[2026/09/17 21:24:29] 发送(hex): 20
[2026/09/17 21:24:29] 发送(hex): 20
[2026/09/17 21:24:29] 发送(hex): 20
[2026/09/17 21:24:29] 发送(hex): 20
[2026/09/17 21:24:29] 发送(hex): 20
[2026/09/17 21:24:29] 发送(hex): 20
[2026/09/17 21:24:29] 发送(hex): 20
[2026/09/17 21:24:29] 发送(hex): 20
[2026/09/17 21:24:29] 发送(hex): 20
[2026/09/17 21:24:29] 发送(hex): 20
[2026/09/17 21:24:29] 发送(hex): 20
[2026/09/17 21:24:29] 发送(hex): 20
[2026/09/17 21:24:29] 发送(hex): 20
[2026/09/17 21:24:29] 发送(hex): 20
[2026/09/17 21:24:29] 发送(hex): 20
[2026/09/17 21:24:29] 发送(hex): 20
[2026/09/17 21:24:29] 发送(hex): 20
[2026/09/17 21:24:29] 发送(hex): 20
[2026/09/17 21:24:29] 发送(hex): 20
[2026/09/17 21:24:29] 发送(hex): 20
[2026/09/17 21:24:29] 发送(hex): 20
[2026/09/17 21:24:29] 发送(hex): 20
[2026/09/17 21:24:29] 发送(hex): 20
[2026/09/17 21:24:29] 发送(hex): 20
[2026/09/17 21:24:29] 发送(hex): 20
[2026/09/17 21:24:29] 发送(hex): 20
[2026/09/17 21:24:30] 发送(hex): 20
[2026/09/17 21:24:30] 发送(hex): 20
[2026/09/17 21:24:30] 发送(hex): 20
[2026/09/17 21:24:30] 发送(hex): 20
[2026/09/17 21:24:30] 发送(hex): 20
[2026/09/17 21:24:30] 发送(hex): 20
[2026/09/17 21:24:30] 发送(hex): 20
[2026/09/17 21:24:30] 发送(hex): 20
[2026/09/17 21:24:30] 发送(hex): 20
[2026/09/17 21:24:30] 发送(hex): 20
[2026/09/17 21:24:30] 发送(hex): 20
[2026/09/17 21:24:30] 发送(hex): 20
[2026/09/17 21:24:30] 发送(hex): 20
[2026/09/17 21:24:30] 发送(hex): 20
[2026/09/17 21:24:30] 发送(hex): 20
[2026/09/17 21:24:30] 发送(hex): 20
[2026/09/17 21:24:30] 发送(hex): 20
[2026/09/17 21:24:30] 发送(hex): 20
[2026/09/17 21:24:30] 发送(hex): 20
[2026/09/17 21:24:30] 发送(hex): 20
[2026/09/17 21:24:30] 发送(hex): 20
[2026/09/17 21:24:30] 发送(hex): 20
[2026/09/17 21:24:30] 发送(hex): 20
[2026/09/17 21:24:30] 发送(hex): 20
[2026/09/17 21:24:30] 发送(hex): 20
[2026/09/17 21:24:30] 发送(hex): 20
[2026/09/17 21:24:30] 发送(hex): 20
[2026/09/17 21:24:30] 发送(hex): 20
[2026/09/17 21:24:30] 发送(hex): 20
[2026/09/17 21:24:30] 发送(hex): 20
[2026/09/17 21:24:30] 发送(hex): 20
[2026/09/17 21:24:30] 发送(hex): 20
[2026/09/17 21:24:30] 发送(hex): 20
[2026/09/17 21:24:30] 发送(hex): 20
[2026/09/17 21:24:30] 发送(hex): 20
[2026/09/17 21:24:30] 发送(hex): 20
[2026/09/17 21:24:30] 发送(hex): 20
[2026/09/17 21:24:30] 发送(hex): 20
[2026/09/17 21:24:30] 发送(hex): 20
[2026/09/17 21:24:30] 发送(hex): 20
[2026/09/17 21:24:30] 发送(hex): 20
[2026/09/17 21:24:30] 发送(hex): 20
[2026/09/17 21:24:30] 发送(hex): 20
[2026/09/17 21:24:30] 发送(hex): 20
[2026/09/17 21:24:30] 发送(hex): 20
[2026/09/17 21:24:30] 发送(hex): 20
[2026/09/17 21:24:30] 发送(hex): 20
[2026/09/17 21:24:30] 发送(hex): 20
[2026/09/17 21:24:30] 发送(hex): 20
[2026/09/17 21:24:30] 发送(hex): 20
[2026/09/17 21:24:30] 发送(hex): 20
[2026/09/17 21:24:30] 发送(hex): 20
[2026/09/17 21:24:30] 发送(hex): 20
[2026/09/17 21:24:30] 发送(hex): 20
[2026/09/17 21:24:30] 发送(hex): 20
[2026/09/17 21:24:30] 发送(hex): 20
[2026/09/17 21:24:30] 发送(hex): 20
[2026/09/17 21:24:30] 发送(hex): 20
[2026/09/17 21:24:30] 发送(hex): 20
[2026/09/17 21:24:30] 发送(hex): 20
[2026/09/17 21:24:30] 发送(hex): 20
[2026/09/17 21:24:30] 发送(hex): 20
[2026/09/17 21:24:30] 发送(hex): 20
[2026/09/17 21:24:30] 发送(hex): 20
[2026/09/17 21:24:30] 发送(hex): 20
[2026/09/17 21:24:30] 发送(hex): 20
[2026/09/17 21:24:30] 发送(hex): 20
[2026/09/17 21:24:30] 发送(hex): 20
[2026/09/17 21:24:30] 发送(hex): 20
[2026/09/17 21:24:30] 发送(hex): 20
[2026/09/17 21:24:30] 发送(hex): 20
[2026/09/17 21:24:30] 发送(hex): 20
[2026/09/17 21:24:30] 发送(hex): 20
[2026/09/17 21:24:30] 发送(hex): 20
[2026/09/17 21:24:30] 发送(hex): 20
[2026/09/17 21:24:30] 发送(hex): 20
[2026/09/17 21:24:30] 发送(hex): 20
[2026/09/17 21:24:30] 发送(hex): 20
[2026/09/17 21:24:30] 发送(hex): 20
[2026/09/17 21:24:30] 发送(hex): 20
[2026/09/17 21:24:30] 发送(hex): 20
[2026/09/17 21:24:30] 发送(hex): 20
[2026/09/17 21:24:30] 发送(hex): 20
[2026/09/17 21:24:30] 发送(hex): 20
[2026/09/17 21:24:30] 发送(hex): 20
[2026/09/17 21:24:30] 发送(hex): 20
[2026/09/17 21:24:30] 发送(hex): 20
[2026/09/17 21:24:30] 发送(hex): 20
[2026/09/17 21:24:30] 发送(hex): 20
[2026/09/17 21:24:30] 发送(hex): 20
[2026/09/17 21:24:30] 发送(hex): 20
[2026/09/17 21:24:30] 发送(hex): 20
[2026/09/17 21:24:30] 发送(hex): 20
[2026/09/17 21:24:31] 发送(hex): 20
[2026/09/17 21:24:31] 发送(hex): 20
[2026/09/17 21:24:31] 发送(hex): 20
[2026/09/17 21:24:31] 发送(hex): 20
[2026/09/17 21:24:31] 发送(hex): 20
[2026/09/17 21:24:31] 发送(hex): 20
[2026/09/17 21:24:31] 发送(hex): 20
[2026/09/17 21:24:31] 发送(hex): 20
[2026/09/17 21:24:31] 发送(hex): 20
[2026/09/17 21:24:31] 发送(hex): 20
[2026/09/17 21:24:31] 发送(hex): 20
[2026/09/17 21:24:31] 发送(hex): 20
[2026/09/17 21:24:31] 发送(hex): 20
[2026/09/17 21:24:31] 发送(hex): 20
[2026/09/17 21:24:31] 发送(hex): 20
[2026/09/17 21:24:31] 发送(hex): 20
[2026/09/17 21:24:31] 发送(hex): 20
[2026/09/17 21:24:31] 发送(hex): 20
[2026/09/17 21:24:31] 发送(hex): 20
[2026/09/17 21:24:31] 发送(hex): 20
[2026/09/17 21:24:31] 发送(hex): 20
[2026/09/17 21:24:31] 发送(hex): 20
[2026/09/17 21:24:31] 发送(hex): 20
[2026/09/17 21:24:31] 发送(hex): 20
[2026/09/17 21:24:31] 发送(hex): 20
[2026/09/17 21:24:31] 发送(hex): 20
[2026/09/17 21:24:31] 发送(hex): 20
[2026/09/17 21:24:31] 发送(hex): 20
[2026/09/17 21:24:31] 发送(hex): 20
[2026/09/17 21:24:31] 发送(hex): 20
[2026/09/17 21:24:31] 发送(hex): 20
[2026/09/17 21:24:31] 发送(hex): 20
[2026/09/17 21:24:31] 发送(hex): 20
[2026/09/17 21:24:31] 发送(hex): 20
[2026/09/17 21:24:31] 发送(hex): 20
[2026/09/17 21:24:31] 发送(hex): 20
[2026/09/17 21:24:31] 发送(hex): 20
[2026/09/17 21:24:31] 发送(hex): 20
[2026/09/17 21:24:31] 发送(hex): 20
[2026/09/17 21:24:31] 发送(hex): 20
[2026/09/17 21:24:31] 发送(hex): 20
[2026/09/17 21:24:31] 发送(hex): 20
[2026/09/17 21:24:31] 发送(hex): 20
[2026/09/17 21:24:31] 发送(hex): 20
[2026/09/17 21:24:31] 发送(hex): 20
[2026/09/17 21:24:31] 发送(hex): 20
[2026/09/17 21:24:31] 发送(hex): 20
[2026/09/17 21:24:31] 发送(hex): 20
[2026/09/17 21:24:31] 发送(hex): 20
[2026/09/17 21:24:31] 发送(hex): 20
[2026/09/17 21:24:31] 发送(hex): 20
[2026/09/17 21:24:31] 发送(hex): 20
[2026/09/17 21:24:31] 发送(hex): 20
[2026/09/17 21:24:31] 发送(hex): 20
[2026/09/17 21:24:31] 发送(hex): 20
[2026/09/17 21:24:31] 发送(hex): 20
[2026/09/17 21:24:31] 发送(hex): 20
[2026/09/17 21:24:31] 发送(hex): 20
[2026/09/17 21:24:31] 发送(hex): 20
[2026/09/17 21:24:31] 发送(hex): 20
[2026/09/17 21:24:31] 发送(hex): 20
[2026/09/17 21:24:31] 发送(hex): 20
[2026/09/17 21:24:31] 发送(hex): 20
[2026/09/17 21:24:31] 发送(hex): 20
[2026/09/17 21:24:31] 发送(hex): 20
[2026/09/17 21:24:31] 发送(hex): 20
[2026/09/17 21:24:31] 发送(hex): 20
[2026/09/17 21:24:31] 发送(hex): 20
[2026/09/17 21:24:31] 发送(hex): 20
[2026/09/17 21:24:31] 发送(hex): 20
[2026/09/17 21:24:31] 发送(hex): 20
[2026/09/17 21:24:31] 发送(hex): 20
[2026/09/17 21:24:31] 发送(hex): 20
[2026/09/17 21:24:31] 发送(hex): 20
[2026/09/17 21:24:31] 发送(hex): 20
[2026/09/17 21:24:31] 发送(hex): 20
[2026/09/17 21:24:31] 发送(hex): 20
[2026/09/17 21:24:31] 发送(hex): 20
[2026/09/17 21:24:31] 发送(hex): 20
[2026/09/17 21:24:31] 发送(hex): 20
[2026/09/17 21:24:31] 发送(hex): 20
[2026/09/17 21:24:31] 发送(hex): 20
[2026/09/17 21:24:31] 发送(hex): 20
[2026/09/17 21:24:31] 发送(hex): 20
[2026/09/17 21:24:31] 发送(hex): 20
[2026/09/17 21:24:31] 发送(hex): 20
[2026/09/17 21:24:31] 发送(hex): 20
[2026/09/17 21:24:31] 发送(hex): 20
[2026/09/17 21:24:31] 发送(hex): 20
[2026/09/17 21:24:31] 发送(hex): 20
[2026/09/17 21:24:31] 发送(hex): 20
[2026/09/17 21:24:31] 发送(hex): 20
[2026/09/17 21:24:31] 发送(hex): 20
[2026/09/17 21:24:31] 发送(hex): 20
[2026/09/17 21:24:32] 发送(hex): 20
[2026/09/17 21:24:32] 发送(hex): 20
[2026/09/17 21:24:32] 发送(hex): 20
[2026/09/17 21:24:32] 发送(hex): 20
[2026/09/17 21:24:32] 发送(hex): 20
[2026/09/17 21:24:32] 发送(hex): 20
[2026/09/17 21:24:32] 发送(hex): 20
[2026/09/17 21:24:32] 发送(hex): 20
[2026/09/17 21:24:32] 发送(hex): 20
[2026/09/17 21:24:32] 发送(hex): 20
[2026/09/17 21:24:32] 发送(hex): 20
[2026/09/17 21:24:32] 发送(hex): 20
[2026/09/17 21:24:32] 发送(hex): 20
[2026/09/17 21:24:32] 发送(hex): 20
[2026/09/17 21:24:32] 发送(hex): 20
[2026/09/17 21:24:32] 发送(hex): 20
[2026/09/17 21:24:32] 发送(hex): 20
[2026/09/17 21:24:32] 发送(hex): 20
[2026/09/17 21:24:32] 发送(hex): 20
[2026/09/17 21:24:32] 发送(hex): 20
[2026/09/17 21:24:32] 发送(hex): 20
[2026/09/17 21:24:32] 发送(hex): 20
[2026/09/17 21:24:32] 发送(hex): 20
[2026/09/17 21:24:32] 发送(hex): 20
[2026/09/17 21:24:32] 发送(hex): 20
[2026/09/17 21:24:32] 发送(hex): 20
[2026/09/17 21:24:32] 发送(hex): 20
[2026/09/17 21:24:32] 发送(hex): 20
[2026/09/17 21:24:32] 发送(hex): 20
[2026/09/17 21:24:32] 发送(hex): 20
[2026/09/17 21:24:32] 发送(hex): 20
[2026/09/17 21:24:32] 发送(hex): 20
[2026/09/17 21:24:32] 发送(hex): 20
[2026/09/17 21:24:32] 发送(hex): 20
[2026/09/17 21:24:32] 发送(hex): 20
[2026/09/17 21:24:32] 发送(hex): 20
[2026/09/17 21:24:32] 发送(hex): 20
[2026/09/17 21:24:32] 发送(hex): 20
[2026/09/17 21:24:32] 发送(hex): 20
[2026/09/17 21:24:32] 发送(hex): 20
[2026/09/17 21:24:32] 发送(hex): 20
[2026/09/17 21:24:32] 发送(hex): 20
[2026/09/17 21:24:32] 发送(hex): 20
[2026/09/17 21:24:32] 发送(hex): 20
[2026/09/17 21:24:32] 发送(hex): 20
[2026/09/17 21:24:32] 发送(hex): 20
[2026/09/17 21:24:32] 发送(hex): 20
[2026/09/17 21:24:32] 发送(hex): 20
[2026/09/17 21:24:32] 发送(hex): 20
[2026/09/17 21:24:32] 发送(hex): 20
[2026/09/17 21:24:32] 发送(hex): 20
[2026/09/17 21:24:32] 发送(hex): 20
[2026/09/17 21:24:32] 发送(hex): 20
[2026/09/17 21:24:32] 发送(hex): 20
[2026/09/17 21:24:32] 发送(hex): 20
[2026/09/17 21:24:32] 发送(hex): 20
[2026/09/17 21:24:32] 发送(hex): 20
[2026/09/17 21:24:32] 发送(hex): 20
[2026/09/17 21:24:32] 发送(hex): 20
[2026/09/17 21:24:32] 发送(hex): 20
[2026/09/17 21:24:32] 发送(hex): 20
[2026/09/17 21:24:32] 发送(hex): 20
[2026/09/17 21:24:32] 发送(hex): 20
[2026/09/17 21:24:32] 发送(hex): 20
[2026/09/17 21:24:32] 发送(hex): 20
[2026/09/17 21:24:32] 发送(hex): 20
[2026/09/17 21:24:32] 发送(hex): 20
[2026/09/17 21:24:32] 发送(hex): 20
[2026/09/17 21:24:32] 发送(hex): 20
[2026/09/17 21:24:32] 发送(hex): 20
[2026/09/17 21:24:32] 发送(hex): 20
[2026/09/17 21:24:32] 发送(hex): 20
[2026/09/17 21:24:32] 发送(hex): 20
[2026/09/17 21:24:32] 发送(hex): 20
[2026/09/17 21:24:32] 发送(hex): 20
[2026/09/17 21:24:32] 发送(hex): 20
[2026/09/17 21:24:32] 发送(hex): 20
[2026/09/17 21:24:32] 发送(hex): 20
[2026/09/17 21:24:32] 发送(hex): 20
[2026/09/17 21:24:32] 发送(hex): 20
[2026/09/17 21:24:32] 发送(hex): 20
[2026/09/17 21:24:32] 发送(hex): 20
[2026/09/17 21:24:32] 发送(hex): 20
[2026/09/17 21:24:32] 发送(hex): 20
[2026/09/17 21:24:32] 发送(hex): 20
[2026/09/17 21:24:32] 发送(hex): 20
[2026/09/17 21:24:32] 发送(hex): 20
[2026/09/17 21:24:32] 发送(hex): 20
[2026/09/17 21:24:32] 发送(hex): 20
[2026/09/17 21:24:32] 发送(hex): 20
[2026/09/17 21:24:32] 发送(hex): 20
[2026/09/17 21:24:32] 发送(hex): 20
[2026/09/17 21:24:32] 发送(hex): 20
[2026/09/17 21:24:32] 发送(hex): 20
[2026/09/17 21:24:32] 发送(hex): 20
[2026/09/17 21:24:33] 发送(hex): 20
[2026/09/17 21:24:33] 发送(hex): 20
[2026/09/17 21:24:33] 发送(hex): 20
[2026/09/17 21:24:33] 发送(hex): 20
[2026/09/17 21:24:33] 发送(hex): 20
[2026/09/17 21:24:33] 发送(hex): 20
[2026/09/17 21:24:33] 发送(hex): 20
[2026/09/17 21:24:33] 发送(hex): 20
[2026/09/17 21:24:33] 发送(hex): 20
[2026/09/17 21:24:33] 发送(hex): 20
[2026/09/17 21:24:33] 发送(hex): 20
[2026/09/17 21:24:33] 发送(hex): 20
[2026/09/17 21:24:33] 发送(hex): 20
[2026/09/17 21:24:33] 发送(hex): 20
[2026/09/17 21:24:33] 发送(hex): 20
[2026/09/17 21:24:33] 发送(hex): 20
[2026/09/17 21:24:33] 发送(hex): 20
[2026/09/17 21:24:33] 发送(hex): 20
[2026/09/17 21:24:33] 发送(hex): 20
[2026/09/17 21:24:33] 发送(hex): 20
[2026/09/17 21:24:33] 发送(hex): 20
[2026/09/17 21:24:33] 发送(hex): 20
[2026/09/17 21:24:33] 发送(hex): 20
[2026/09/17 21:24:33] 发送(hex): 20
[2026/09/17 21:24:33] 发送(hex): 20
[2026/09/17 21:24:33] 发送(hex): 20
[2026/09/17 21:24:33] 发送(hex): 20
[2026/09/17 21:24:33] 发送(hex): 20
[2026/09/17 21:24:33] 发送(hex): 20
[2026/09/17 21:24:33] 发送(hex): 20
[2026/09/17 21:24:33] 发送(hex): 20
[2026/09/17 21:24:33] 发送(hex): 20
[2026/09/17 21:24:33] 发送(hex): 20
[2026/09/17 21:24:33] 发送(hex): 20
[2026/09/17 21:24:33] 发送(hex): 20
[2026/09/17 21:24:33] 发送(hex): 20
[2026/09/17 21:24:33] 发送(hex): 20
[2026/09/17 21:24:33] 发送(hex): 20
[2026/09/17 21:24:33] 发送(hex): 20
[2026/09/17 21:24:33] 发送(hex): 20
[2026/09/17 21:24:33] 发送(hex): 20
[2026/09/17 21:24:33] 发送(hex): 20
[2026/09/17 21:24:33] 发送(hex): 20
[2026/09/17 21:24:33] 发送(hex): 20
[2026/09/17 21:24:33] 发送(hex): 20
[2026/09/17 21:24:33] 发送(hex): 20
[2026/09/17 21:24:33] 发送(hex): 20
[2026/09/17 21:24:33] 发送(hex): 20
[2026/09/17 21:24:33] 发送(hex): 20
[2026/09/17 21:24:33] 发送(hex): 20
[2026/09/17 21:24:33] 发送(hex): 20
[2026/09/17 21:24:33] 发送(hex): 20
[2026/09/17 21:24:33] 发送(hex): 20
[2026/09/17 21:24:33] 发送(hex): 20
[2026/09/17 21:24:33] 发送(hex): 20
[2026/09/17 21:24:33] 发送(hex): 20
[2026/09/17 21:24:33] 发送(hex): 20
[2026/09/17 21:24:33] 发送(hex): 20
[2026/09/17 21:24:33] 发送(hex): 20
[2026/09/17 21:24:33] 发送(hex): 20
[2026/09/17 21:24:33] 发送(hex): 20
[2026/09/17 21:24:33] 发送(hex): 20
[2026/09/17 21:24:33] 发送(hex): 20
[2026/09/17 21:24:33] 发送(hex): 20
[2026/09/17 21:24:33] 发送(hex): 20
[2026/09/17 21:24:33] 发送(hex): 20
[2026/09/17 21:24:33] 发送(hex): 20
[2026/09/17 21:24:33] 发送(hex): 20
[2026/09/17 21:24:33] 发送(hex): 20
[2026/09/17 21:24:33] 发送(hex): 20
[2026/09/17 21:24:33] 发送(hex): 20
[2026/09/17 21:24:33] 发送(hex): 20
[2026/09/17 21:24:33] 发送(hex): 20
[2026/09/17 21:24:33] 发送(hex): 20
[2026/09/17 21:24:33] 发送(hex): 20
[2026/09/17 21:24:33] 发送(hex): 20
[2026/09/17 21:24:33] 发送(hex): 20
[2026/09/17 21:24:33] 发送(hex): 20
[2026/09/17 21:24:33] 发送(hex): 20
[2026/09/17 21:24:33] 发送(hex): 20
[2026/09/17 21:24:33] 发送(hex): 20
[2026/09/17 21:24:33] 发送(hex): 20
[2026/09/17 21:24:33] 发送(hex): 20
[2026/09/17 21:24:33] 发送(hex): 20
[2026/09/17 21:24:33] 发送(hex): 20
[2026/09/17 21:24:33] 发送(hex): 20
[2026/09/17 21:24:33] 发送(hex): 20
[2026/09/17 21:24:33] 发送(hex): 20
[2026/09/17 21:24:33] 发送(hex): 20
[2026/09/17 21:24:33] 发送(hex): 20
[2026/09/17 21:24:33] 发送(hex): 20
[2026/09/17 21:24:33] 发送(hex): 20
[2026/09/17 21:24:33] 发送(hex): 20
[2026/09/17 21:24:34] 发送(hex): 20
[2026/09/17 21:24:34] 发送(hex): 20
[2026/09/17 21:24:34] 发送(hex): 20
[2026/09/17 21:24:34] 发送(hex): 20
[2026/09/17 21:24:34] 发送(hex): 20
[2026/09/17 21:24:34] 发送(hex): 20
[2026/09/17 21:24:34] 发送(hex): 20
[2026/09/17 21:24:34] 发送(hex): 20
[2026/09/17 21:24:34] 发送(hex): 20
[2026/09/17 21:24:34] 发送(hex): 20
[2026/09/17 21:24:34] 发送(hex): 20
[2026/09/17 21:24:34] 发送(hex): 20
[2026/09/17 21:24:34] 发送(hex): 20
[2026/09/17 21:24:34] 发送(hex): 20
[2026/09/17 21:24:34] 发送(hex): 20
[2026/09/17 21:24:34] 发送(hex): 20
[2026/09/17 21:24:34] 发送(hex): 20
[2026/09/17 21:24:34] 发送(hex): 20
[2026/09/17 21:24:34] 发送(hex): 20
[2026/09/17 21:24:34] 发送(hex): 20
[2026/09/17 21:24:34] 发送(hex): 20
[2026/09/17 21:24:34] 发送(hex): 20
[2026/09/17 21:24:34] 发送(hex): 20
[2026/09/17 21:24:34] 发送(hex): 20
[2026/09/17 21:24:34] 发送(hex): 20
[2026/09/17 21:24:34] 发送(hex): 20
[2026/09/17 21:24:34] 发送(hex): 20
[2026/09/17 21:24:34] 发送(hex): 20
[2026/09/17 21:24:34] 发送(hex): 20
[2026/09/17 21:24:34] 发送(hex): 20
[2026/09/17 21:24:34] 发送(hex): 20
[2026/09/17 21:24:34] 发送(hex): 20
[2026/09/17 21:24:34] 发送(hex): 20
[2026/09/17 21:24:34] 发送(hex): 20
[2026/09/17 21:24:34] 发送(hex): 20
[2026/09/17 21:24:34] 发送(hex): 20
[2026/09/17 21:24:34] 发送(hex): 20
[2026/09/17 21:24:34] 发送(hex): 20
[2026/09/17 21:24:34] 发送(hex): 20
[2026/09/17 21:24:34] 发送(hex): 20
[2026/09/17 21:24:34] 发送(hex): 20
[2026/09/17 21:24:34] 发送(hex): 20
[2026/09/17 21:24:34] 发送(hex): 20
[2026/09/17 21:24:34] 发送(hex): 20
[2026/09/17 21:24:34] 发送(hex): 20
[2026/09/17 21:24:34] 发送(hex): 20
[2026/09/17 21:24:34] 发送(hex): 20
[2026/09/17 21:24:34] 发送(hex): 20
[2026/09/17 21:24:34] 发送(hex): 20
[2026/09/17 21:24:34] 发送(hex): 20
[2026/09/17 21:24:34] 发送(hex): 20
[2026/09/17 21:24:34] 发送(hex): 20
[2026/09/17 21:24:34] 发送(hex): 20
[2026/09/17 21:24:34] 发送(hex): 20
[2026/09/17 21:24:34] 发送(hex): 20
[2026/09/17 21:24:34] 发送(hex): 20
[2026/09/17 21:24:34] 发送(hex): 20
[2026/09/17 21:24:34] 发送(hex): 20
[2026/09/17 21:24:34] 发送(hex): 20
[2026/09/17 21:24:34] 发送(hex): 20
[2026/09/17 21:24:34] 发送(hex): 20
[2026/09/17 21:24:34] 发送(hex): 20
[2026/09/17 21:24:34] 发送(hex): 20
[2026/09/17 21:24:34] 发送(hex): 20
[2026/09/17 21:24:34] 发送(hex): 20
[2026/09/17 21:24:34] 发送(hex): 20
[2026/09/17 21:24:34] 发送(hex): 20
[2026/09/17 21:24:34] 发送(hex): 20
[2026/09/17 21:24:34] 发送(hex): 20
[2026/09/17 21:24:34] 发送(hex): 20
[2026/09/17 21:24:34] 发送(hex): 20
[2026/09/17 21:24:34] 发送(hex): 20
[2026/09/17 21:24:34] 发送(hex): 20
[2026/09/17 21:24:34] 发送(hex): 20
[2026/09/17 21:24:34] 发送(hex): 20
[2026/09/17 21:24:34] 发送(hex): 20
[2026/09/17 21:24:34] 发送(hex): 20
[2026/09/17 21:24:34] 发送(hex): 20
[2026/09/17 21:24:34] 发送(hex): 20
[2026/09/17 21:24:34] 发送(hex): 20
[2026/09/17 21:24:34] 发送(hex): 20
[2026/09/17 21:24:34] 发送(hex): 20
[2026/09/17 21:24:34] 发送(hex): 20
[2026/09/17 21:24:34] 发送(hex): 20
[2026/09/17 21:24:34] 发送(hex): 20
[2026/09/17 21:24:34] 发送(hex): 20
[2026/09/17 21:24:34] 发送(hex): 20
[2026/09/17 21:24:34] 发送(hex): 20
[2026/09/17 21:24:34] 发送(hex): 20
[2026/09/17 21:24:34] 发送(hex): 20
[2026/09/17 21:24:34] 发送(hex): 20
[2026/09/17 21:24:34] 发送(hex): 20
[2026/09/17 21:24:34] 发送(hex): 20
[2026/09/17 21:24:34] 发送(hex): 20
[2026/09/17 21:24:35] 发送(hex): 20
[2026/09/17 21:24:35] 发送(hex): 20
[2026/09/17 21:24:35] 发送(hex): 20
[2026/09/17 21:24:35] 发送(hex): 20
[2026/09/17 21:24:35] 发送(hex): 20
[2026/09/17 21:24:35] 发送(hex): 20
[2026/09/17 21:24:35] 发送(hex): 20
[2026/09/17 21:24:35] 发送(hex): 20
[2026/09/17 21:24:35] 发送(hex): 20
[2026/09/17 21:24:35] 发送(hex): 20
[2026/09/17 21:24:35] 发送(hex): 20
[2026/09/17 21:24:35] 发送(hex): 20
[2026/09/17 21:24:35] 发送(hex): 20
[2026/09/17 21:24:35] 发送(hex): 20
[2026/09/17 21:24:35] 发送(hex): 20
[2026/09/17 21:24:35] 发送(hex): 20
[2026/09/17 21:24:35] 发送(hex): 20
[2026/09/17 21:24:35] 发送(hex): 20
[2026/09/17 21:24:35] 发送(hex): 20
[2026/09/17 21:24:35] 发送(hex): 20
[2026/09/17 21:24:35] 发送(hex): 20
[2026/09/17 21:24:35] 发送(hex): 20
[2026/09/17 21:24:35] 发送(hex): 20
[2026/09/17 21:24:35] 发送(hex): 20
[2026/09/17 21:24:35] 发送(hex): 20
[2026/09/17 21:24:35] 发送(hex): 20
[2026/09/17 21:24:35] 发送(hex): 20
[2026/09/17 21:24:35] 发送(hex): 20
[2026/09/17 21:24:35] 发送(hex): 20
[2026/09/17 21:24:35] 发送(hex): 20
[2026/09/17 21:24:35] 发送(hex): 20
[2026/09/17 21:24:35] 发送(hex): 20
[2026/09/17 21:24:35] 发送(hex): 20
[2026/09/17 21:24:35] 发送(hex): 20
[2026/09/17 21:24:35] 发送(hex): 20
[2026/09/17 21:24:35] 发送(hex): 20
[2026/09/17 21:24:35] 发送(hex): 20
[2026/09/17 21:24:35] 发送(hex): 20
[2026/09/17 21:24:35] 发送(hex): 20
[2026/09/17 21:24:35] 发送(hex): 20
[2026/09/17 21:24:35] 发送(hex): 20
[2026/09/17 21:24:35] 发送(hex): 20
[2026/09/17 21:24:35] 发送(hex): 20
[2026/09/17 21:24:35] 发送(hex): 20
[2026/09/17 21:24:35] 发送(hex): 20
[2026/09/17 21:24:35] 发送(hex): 20
[2026/09/17 21:24:35] 发送(hex): 20
[2026/09/17 21:24:35] 发送(hex): 20
[2026/09/17 21:24:35] 发送(hex): 20
[2026/09/17 21:24:35] 发送(hex): 20
[2026/09/17 21:24:35] 发送(hex): 20
[2026/09/17 21:24:35] 发送(hex): 20
[2026/09/17 21:24:35] 发送(hex): 20
[2026/09/17 21:24:35] 发送(hex): 20
[2026/09/17 21:24:35] 发送(hex): 20
[2026/09/17 21:24:35] 发送(hex): 20
[2026/09/17 21:24:35] 发送(hex): 20
[2026/09/17 21:24:35] 发送(hex): 20
[2026/09/17 21:24:35] 发送(hex): 20
[2026/09/17 21:24:35] 发送(hex): 20
[2026/09/17 21:24:35] 发送(hex): 20
[2026/09/17 21:24:35] 发送(hex): 20
[2026/09/17 21:24:35] 发送(hex): 20
[2026/09/17 21:24:35] 发送(hex): 20
[2026/09/17 21:24:35] 发送(hex): 20
[2026/09/17 21:24:35] 发送(hex): 20
[2026/09/17 21:24:35] 发送(hex): 20
[2026/09/17 21:24:35] 发送(hex): 20
[2026/09/17 21:24:35] 发送(hex): 20
[2026/09/17 21:24:35] 发送(hex): 20
[2026/09/17 21:24:35] 发送(hex): 20
[2026/09/17 21:24:35] 发送(hex): 20
[2026/09/17 21:24:35] 发送(hex): 20
[2026/09/17 21:24:35] 发送(hex): 20
[2026/09/17 21:24:35] 发送(hex): 20
[2026/09/17 21:24:35] 发送(hex): 20
[2026/09/17 21:24:35] 发送(hex): 20
[2026/09/17 21:24:35] 发送(hex): 20
[2026/09/17 21:24:35] 发送(hex): 20
[2026/09/17 21:24:35] 发送(hex): 20
[2026/09/17 21:24:35] 发送(hex): 20
[2026/09/17 21:24:35] 发送(hex): 20
[2026/09/17 21:24:35] 发送(hex): 20
[2026/09/17 21:24:35] 发送(hex): 20
[2026/09/17 21:24:35] 发送(hex): 20
[2026/09/17 21:24:35] 发送(hex): 20
[2026/09/17 21:24:35] 发送(hex): 20
[2026/09/17 21:24:35] 发送(hex): 20
[2026/09/17 21:24:35] 发送(hex): 20
[2026/09/17 21:24:35] 发送(hex): 20
[2026/09/17 21:24:35] 发送(hex): 20
[2026/09/17 21:24:35] 发送(hex): 20
[2026/09/17 21:24:35] 发送(hex): 20
[2026/09/17 21:24:35] 发送(hex): 20
[2026/09/17 21:24:35] 发送(hex): 20
[2026/09/17 21:24:36] 发送(hex): 20
[2026/09/17 21:24:36] 发送(hex): 20
[2026/09/17 21:24:36] 发送(hex): 20
[2026/09/17 21:24:36] 发送(hex): 20
[2026/09/17 21:24:36] 发送(hex): 20
[2026/09/17 21:24:36] 发送(hex): 20
[2026/09/17 21:24:36] 发送(hex): 20
[2026/09/17 21:24:36] 发送(hex): 20
[2026/09/17 21:24:36] 发送(hex): 20
[2026/09/17 21:24:36] 发送(hex): 20
[2026/09/17 21:24:36] 发送(hex): 20
[2026/09/17 21:24:36] 发送(hex): 20
[2026/09/17 21:24:36] 发送(hex): 20
[2026/09/17 21:24:36] 发送(hex): 20
[2026/09/17 21:24:36] 发送(hex): 20
[2026/09/17 21:24:36] 发送(hex): 20
[2026/09/17 21:24:36] 发送(hex): 20
[2026/09/17 21:24:36] 发送(hex): 20
[2026/09/17 21:24:36] 发送(hex): 20
[2026/09/17 21:24:36] 发送(hex): 20
[2026/09/17 21:24:36] 发送(hex): 20
[2026/09/17 21:24:36] 发送(hex): 20
[2026/09/17 21:24:36] 发送(hex): 20
[2026/09/17 21:24:36] 发送(hex): 20
[2026/09/17 21:24:36] 发送(hex): 20
[2026/09/17 21:24:36] 发送(hex): 20
[2026/09/17 21:24:36] 发送(hex): 20
[2026/09/17 21:24:36] 发送(hex): 20
[2026/09/17 21:24:36] 发送(hex): 20
[2026/09/17 21:24:36] 发送(hex): 20
[2026/09/17 21:24:36] 发送(hex): 20
[2026/09/17 21:24:36] 发送(hex): 20
[2026/09/17 21:24:36] 发送(hex): 20
[2026/09/17 21:24:36] 发送(hex): 20
[2026/09/17 21:24:36] 发送(hex): 20
[2026/09/17 21:24:36] 发送(hex): 20
[2026/09/17 21:24:36] 发送(hex): 20
[2026/09/17 21:24:36] 发送(hex): 20
[2026/09/17 21:24:36] 发送(hex): 20
[2026/09/17 21:24:36] 发送(hex): 20
[2026/09/17 21:24:36] 发送(hex): 20
[2026/09/17 21:24:36] 发送(hex): 20
[2026/09/17 21:24:36] 发送(hex): 20
[2026/09/17 21:24:36] 发送(hex): 20
[2026/09/17 21:24:36] 发送(hex): 20
[2026/09/17 21:24:36] 发送(hex): 20
[2026/09/17 21:24:36] 发送(hex): 20
[2026/09/17 21:24:36] 发送(hex): 20
[2026/09/17 21:24:36] 发送(hex): 20
[2026/09/17 21:24:36] 发送(hex): 20
[2026/09/17 21:24:36] 发送(hex): 20
[2026/09/17 21:24:36] 发送(hex): 20
[2026/09/17 21:24:36] 发送(hex): 20
[2026/09/17 21:24:36] 发送(hex): 20
[2026/09/17 21:24:36] 发送(hex): 20
[2026/09/17 21:24:36] 发送(hex): 20
[2026/09/17 21:24:36] 发送(hex): 20
[2026/09/17 21:24:36] 发送(hex): 20
[2026/09/17 21:24:36] 发送(hex): 20
[2026/09/17 21:24:36] 发送(hex): 20
[2026/09/17 21:24:36] 发送(hex): 20
[2026/09/17 21:24:36] 发送(hex): 20
[2026/09/17 21:24:36] 发送(hex): 20
[2026/09/17 21:24:36] 发送(hex): 20
[2026/09/17 21:24:36] 发送(hex): 20
[2026/09/17 21:24:36] 发送(hex): 20
[2026/09/17 21:24:36] 发送(hex): 20
[2026/09/17 21:24:36] 发送(hex): 20
[2026/09/17 21:24:36] 发送(hex): 20
[2026/09/17 21:24:36] 发送(hex): 20
[2026/09/17 21:24:36] 发送(hex): 20
[2026/09/17 21:24:36] 发送(hex): 20
[2026/09/17 21:24:36] 发送(hex): 20
[2026/09/17 21:24:36] 发送(hex): 20
[2026/09/17 21:24:36] 发送(hex): 20
[2026/09/17 21:24:36] 发送(hex): 20
[2026/09/17 21:24:36] 发送(hex): 20
[2026/09/17 21:24:36] 发送(hex): 20
[2026/09/17 21:24:36] 发送(hex): 20
[2026/09/17 21:24:36] 发送(hex): 20
[2026/09/17 21:24:36] 发送(hex): 20
[2026/09/17 21:24:36] 发送(hex): 20
[2026/09/17 21:24:36] 发送(hex): 20
[2026/09/17 21:24:36] 发送(hex): 20
[2026/09/17 21:24:36] 发送(hex): 20
[2026/09/17 21:24:36] 发送(hex): 20
[2026/09/17 21:24:36] 发送(hex): 20
[2026/09/17 21:24:36] 发送(hex): 20
[2026/09/17 21:24:36] 发送(hex): 20
[2026/09/17 21:24:36] 发送(hex): 20
[2026/09/17 21:24:36] 发送(hex): 20
[2026/09/17 21:24:36] 发送(hex): 20
[2026/09/17 21:24:36] 发送(hex): 20
[2026/09/17 21:24:36] 发送(hex): 20
[2026/09/17 21:24:37] 发送(hex): 20
[2026/09/17 21:24:37] 发送(hex): 20
[2026/09/17 21:24:37] 发送(hex): 20
[2026/09/17 21:24:37] 发送(hex): 20
[2026/09/17 21:24:37] 发送(hex): 20
[2026/09/17 21:24:37] 发送(hex): 20
[2026/09/17 21:24:37] 发送(hex): 20
[2026/09/17 21:24:37] 发送(hex): 20
[2026/09/17 21:24:37] 发送(hex): 20
[2026/09/17 21:24:37] 发送(hex): 20
[2026/09/17 21:24:37] 发送(hex): 20
[2026/09/17 21:24:37] 发送(hex): 20
[2026/09/17 21:24:37] 发送(hex): 20
[2026/09/17 21:24:37] 发送(hex): 20
[2026/09/17 21:24:37] 发送(hex): 20
[2026/09/17 21:24:37] 发送(hex): 20
[2026/09/17 21:24:37] 发送(hex): 20
[2026/09/17 21:24:37] 发送(hex): 20
[2026/09/17 21:24:37] 发送(hex): 20
[2026/09/17 21:24:37] 发送(hex): 20
[2026/09/17 21:24:37] 发送(hex): 20
[2026/09/17 21:24:37] 发送(hex): 20
[2026/09/17 21:24:37] 发送(hex): 20
[2026/09/17 21:24:37] 发送(hex): 20
[2026/09/17 21:24:37] 发送(hex): 20
[2026/09/17 21:24:37] 发送(hex): 20
[2026/09/17 21:24:37] 发送(hex): 20
[2026/09/17 21:24:37] 发送(hex): 20
[2026/09/17 21:24:37] 发送(hex): 20
[2026/09/17 21:24:37] 发送(hex): 20
[2026/09/17 21:24:37] 发送(hex): 20
[2026/09/17 21:24:37] 发送(hex): 20
[2026/09/17 21:24:37] 发送(hex): 20
[2026/09/17 21:24:37] 发送(hex): 20
[2026/09/17 21:24:37] 发送(hex): 20
[2026/09/17 21:24:37] 发送(hex): 20
[2026/09/17 21:24:37] 发送(hex): 20
[2026/09/17 21:24:37] 发送(hex): 20
[2026/09/17 21:24:37] 发送(hex): 20
[2026/09/17 21:24:37] 发送(hex): 20
[2026/09/17 21:24:37] 发送(hex): 20
[2026/09/17 21:24:37] 发送(hex): 20
[2026/09/17 21:24:37] 发送(hex): 20
[2026/09/17 21:24:37] 发送(hex): 20
[2026/09/17 21:24:37] 发送(hex): 20
[2026/09/17 21:24:37] 发送(hex): 20
[2026/09/17 21:24:37] 发送(hex): 20
[2026/09/17 21:24:37] 发送(hex): 20
[2026/09/17 21:24:37] 发送(hex): 20
[2026/09/17 21:24:37] 发送(hex): 20
[2026/09/17 21:24:37] 发送(hex): 20
[2026/09/17 21:24:37] 发送(hex): 20
[2026/09/17 21:24:37] 发送(hex): 20
[2026/09/17 21:24:37] 发送(hex): 20
[2026/09/17 21:24:37] 发送(hex): 20
[2026/09/17 21:24:37] 发送(hex): 20
[2026/09/17 21:24:37] 发送(hex): 20
[2026/09/17 21:24:37] 发送(hex): 20
[2026/09/17 21:24:37] 发送(hex): 20
[2026/09/17 21:24:37] 发送(hex): 20
[2026/09/17 21:24:37] 发送(hex): 20
[2026/09/17 21:24:37] 发送(hex): 20
[2026/09/17 21:24:37] 发送(hex): 20
[2026/09/17 21:24:37] 发送(hex): 20
[2026/09/17 21:24:37] 发送(hex): 20
[2026/09/17 21:24:37] 发送(hex): 20
[2026/09/17 21:24:37] 发送(hex): 20
[2026/09/17 21:24:37] 发送(hex): 20
[2026/09/17 21:24:37] 发送(hex): 20
[2026/09/17 21:24:37] 发送(hex): 20
[2026/09/17 21:24:37] 发送(hex): 20
[2026/09/17 21:24:37] 发送(hex): 20
[2026/09/17 21:24:37] 发送(hex): 20
[2026/09/17 21:24:37] 发送(hex): 20
[2026/09/17 21:24:37] 发送(hex): 20
[2026/09/17 21:24:37] 发送(hex): 20
[2026/09/17 21:24:37] 发送(hex): 20
[2026/09/17 21:24:37] 发送(hex): 20
[2026/09/17 21:24:37] 发送(hex): 20
[2026/09/17 21:24:37] 发送(hex): 20
[2026/09/17 21:24:37] 发送(hex): 20
[2026/09/17 21:24:37] 发送(hex): 20
[2026/09/17 21:24:37] 发送(hex): 20
[2026/09/17 21:24:37] 发送(hex): 20
[2026/09/17 21:24:37] 发送(hex): 20
[2026/09/17 21:24:37] 发送(hex): 20
[2026/09/17 21:24:37] 发送(hex): 20
[2026/09/17 21:24:37] 发送(hex): 20
[2026/09/17 21:24:37] 发送(hex): 20
[2026/09/17 21:24:37] 发送(hex): 20
[2026/09/17 21:24:37] 发送(hex): 20
[2026/09/17 21:24:37] 发送(hex): 20
[2026/09/17 21:24:37] 发送(hex): 20
[2026/09/17 21:24:37] 发送(hex): 20
[2026/09/17 21:24:38] 发送(hex): 20
[2026/09/17 21:24:38] 发送(hex): 20
[2026/09/17 21:24:38] 发送(hex): 20
[2026/09/17 21:24:38] 发送(hex): 20
[2026/09/17 21:24:38] 发送(hex): 20
[2026/09/17 21:24:38] 发送(hex): 20
[2026/09/17 21:24:38] 发送(hex): 20
[2026/09/17 21:24:38] 发送(hex): 20
[2026/09/17 21:24:38] 发送(hex): 20
[2026/09/17 21:24:38] 发送(hex): 20
[2026/09/17 21:24:38] 发送(hex): 20
[2026/09/17 21:24:38] 发送(hex): 20
[2026/09/17 21:24:38] 发送(hex): 20
[2026/09/17 21:24:38] 发送(hex): 20
[2026/09/17 21:24:38] 发送(hex): 20
[2026/09/17 21:24:38] 发送(hex): 20
[2026/09/17 21:24:38] 发送(hex): 20
[2026/09/17 21:24:38] 发送(hex): 20
[2026/09/17 21:24:38] 发送(hex): 20
[2026/09/17 21:24:38] 发送(hex): 20
[2026/09/17 21:24:38] 发送(hex): 20
[2026/09/17 21:24:38] 发送(hex): 20
[2026/09/17 21:24:38] 发送(hex): 20
[2026/09/17 21:24:38] 发送(hex): 20
[2026/09/17 21:24:38] 发送(hex): 20
[2026/09/17 21:24:38] 发送(hex): 20
[2026/09/17 21:24:38] 发送(hex): 20
[2026/09/17 21:24:38] 发送(hex): 20
[2026/09/17 21:24:38] 发送(hex): 20
[2026/09/17 21:24:38] 发送(hex): 20
[2026/09/17 21:24:38] 发送(hex): 20
[2026/09/17 21:24:38] 发送(hex): 20
[2026/09/17 21:24:38] 发送(hex): 20
[2026/09/17 21:24:38] 发送(hex): 20
[2026/09/17 21:24:38] 发送(hex): 20
[2026/09/17 21:24:38] 发送(hex): 20
[2026/09/17 21:24:38] 发送(hex): 20
[2026/09/17 21:24:38] 发送(hex): 20
[2026/09/17 21:24:38] 发送(hex): 20
[2026/09/17 21:24:38] 发送(hex): 20
[2026/09/17 21:24:38] 发送(hex): 20
[2026/09/17 21:24:38] 发送(hex): 20
[2026/09/17 21:24:38] 发送(hex): 20
[2026/09/17 21:24:38] 发送(hex): 20
[2026/09/17 21:24:38] 发送(hex): 20
[2026/09/17 21:24:38] 发送(hex): 20
[2026/09/17 21:24:38] 发送(hex): 20
[2026/09/17 21:24:38] 发送(hex): 20
[2026/09/17 21:24:38] 发送(hex): 20
[2026/09/17 21:24:38] 发送(hex): 20
[2026/09/17 21:24:38] 发送(hex): 20
[2026/09/17 21:24:38] 发送(hex): 20
[2026/09/17 21:24:38] 发送(hex): 20
[2026/09/17 21:24:38] 发送(hex): 20
[2026/09/17 21:24:38] 发送(hex): 20
[2026/09/17 21:24:38] 发送(hex): 20
[2026/09/17 21:24:38] 发送(hex): 20
[2026/09/17 21:24:38] 发送(hex): 20
[2026/09/17 21:24:38] 发送(hex): 20
[2026/09/17 21:24:38] 发送(hex): 20
[2026/09/17 21:24:38] 发送(hex): 20
[2026/09/17 21:24:38] 发送(hex): 20
[2026/09/17 21:24:38] 发送(hex): 20
[2026/09/17 21:24:38] 发送(hex): 20
[2026/09/17 21:24:38] 发送(hex): 20
[2026/09/17 21:24:38] 发送(hex): 20
[2026/09/17 21:24:38] 发送(hex): 20
[2026/09/17 21:24:38] 发送(hex): 20
[2026/09/17 21:24:38] 发送(hex): 20
[2026/09/17 21:24:38] 发送(hex): 20
[2026/09/17 21:24:38] 发送(hex): 20
[2026/09/17 21:24:38] 发送(hex): 20
[2026/09/17 21:24:38] 发送(hex): 20
[2026/09/17 21:24:38] 发送(hex): 20
[2026/09/17 21:24:38] 发送(hex): 20
[2026/09/17 21:24:38] 发送(hex): 20
[2026/09/17 21:24:38] 发送(hex): 20
[2026/09/17 21:24:38] 发送(hex): 20
[2026/09/17 21:24:38] 发送(hex): 20
[2026/09/17 21:24:38] 发送(hex): 20
[2026/09/17 21:24:38] 发送(hex): 20
[2026/09/17 21:24:38] 发送(hex): 20
[2026/09/17 21:24:38] 发送(hex): 20
[2026/09/17 21:24:38] 发送(hex): 20
[2026/09/17 21:24:38] 发送(hex): 20
[2026/09/17 21:24:38] 发送(hex): 20
[2026/09/17 21:24:38] 发送(hex): 20
[2026/09/17 21:24:38] 发送(hex): 20
[2026/09/17 21:24:38] 发送(hex): 20
[2026/09/17 21:24:38] 发送(hex): 20
[2026/09/17 21:24:38] 发送(hex): 20
[2026/09/17 21:24:38] 发送(hex): 20
[2026/09/17 21:24:38] 发送(hex): 20
[2026/09/17 21:24:38] 发送(hex): 20
[2026/09/17 21:24:39] 发送(hex): 20
[2026/09/17 21:24:39] 发送(hex): 20
[2026/09/17 21:24:39] 发送(hex): 20
[2026/09/17 21:24:39] 发送(hex): 20
[2026/09/17 21:24:39] 发送(hex): 20
[2026/09/17 21:24:39] 发送(hex): 20
[2026/09/17 21:24:39] 发送(hex): 20
[2026/09/17 21:24:39] 发送(hex): 20
[2026/09/17 21:24:39] 发送(hex): 20
[2026/09/17 21:24:39] 发送(hex): 20
[2026/09/17 21:24:39] 发送(hex): 20
[2026/09/17 21:24:39] 发送(hex): 20
[2026/09/17 21:24:39] 发送(hex): 20
[2026/09/17 21:24:39] 发送(hex): 20
[2026/09/17 21:24:39] 发送(hex): 20
[2026/09/17 21:24:39] 发送(hex): 20
[2026/09/17 21:24:39] 发送(hex): 20
[2026/09/17 21:24:39] 发送(hex): 20
[2026/09/17 21:24:39] 发送(hex): 20
[2026/09/17 21:24:39] 发送(hex): 20
[2026/09/17 21:24:39] 发送(hex): 20
[2026/09/17 21:24:39] 发送(hex): 20
[2026/09/17 21:24:39] 发送(hex): 20
[2026/09/17 21:24:39] 发送(hex): 20
[2026/09/17 21:24:39] 发送(hex): 20
[2026/09/17 21:24:39] 发送(hex): 20
[2026/09/17 21:24:39] 发送(hex): 20
[2026/09/17 21:24:39] 发送(hex): 20
[2026/09/17 21:24:39] 发送(hex): 20
[2026/09/17 21:24:39] 发送(hex): 20
[2026/09/17 21:24:39] 发送(hex): 20
[2026/09/17 21:24:39] 发送(hex): 20
[2026/09/17 21:24:39] 发送(hex): 20
[2026/09/17 21:24:39] 发送(hex): 20
[2026/09/17 21:24:39] 发送(hex): 20
[2026/09/17 21:24:39] 发送(hex): 20
[2026/09/17 21:24:39] 发送(hex): 20
[2026/09/17 21:24:39] 发送(hex): 20
[2026/09/17 21:24:39] 发送(hex): 20
[2026/09/17 21:24:39] 发送(hex): 20
[2026/09/17 21:24:39] 发送(hex): 20
[2026/09/17 21:24:39] 发送(hex): 20
[2026/09/17 21:24:39] 发送(hex): 20
[2026/09/17 21:24:39] 发送(hex): 20
[2026/09/17 21:24:39] 发送(hex): 20
[2026/09/17 21:24:39] 发送(hex): 20
[2026/09/17 21:24:39] 发送(hex): 20
[2026/09/17 21:24:39] 发送(hex): 20
[2026/09/17 21:24:39] 发送(hex): 20
[2026/09/17 21:24:39] 发送(hex): 20
[2026/09/17 21:24:39] 发送(hex): 20
[2026/09/17 21:24:39] 发送(hex): 20
[2026/09/17 21:24:39] 发送(hex): 20
[2026/09/17 21:24:39] 发送(hex): 20
[2026/09/17 21:24:39] 发送(hex): 20
[2026/09/17 21:24:39] 发送(hex): 20
[2026/09/17 21:24:39] 发送(hex): 20
[2026/09/17 21:24:39] 发送(hex): 20
[2026/09/17 21:24:39] 发送(hex): 20
[2026/09/17 21:24:39] 发送(hex): 20
[2026/09/17 21:24:39] 发送(hex): 20
[2026/09/17 21:24:39] 发送(hex): 20
[2026/09/17 21:24:39] 发送(hex): 20
[2026/09/17 21:24:39] 发送(hex): 20
[2026/09/17 21:24:39] 发送(hex): 20
[2026/09/17 21:24:39] 发送(hex): 20
[2026/09/17 21:24:39] 发送(hex): 20
[2026/09/17 21:24:39] 发送(hex): 20
[2026/09/17 21:24:39] 发送(hex): 20
[2026/09/17 21:24:39] 发送(hex): 20
[2026/09/17 21:24:39] 发送(hex): 20
[2026/09/17 21:24:39] 发送(hex): 20
[2026/09/17 21:24:39] 发送(hex): 20
[2026/09/17 21:24:39] 发送(hex): 20
[2026/09/17 21:24:39] 发送(hex): 20
[2026/09/17 21:24:39] 发送(hex): 20
[2026/09/17 21:24:39] 发送(hex): 20
[2026/09/17 21:24:39] 发送(hex): 20
[2026/09/17 21:24:39] 发送(hex): 20
[2026/09/17 21:24:39] 发送(hex): 20
[2026/09/17 21:24:39] 发送(hex): 20
[2026/09/17 21:24:39] 发送(hex): 20
[2026/09/17 21:24:39] 发送(hex): 20
[2026/09/17 21:24:39] 发送(hex): 20
[2026/09/17 21:24:39] 发送(hex): 20
[2026/09/17 21:24:39] 发送(hex): 20
[2026/09/17 21:24:39] 发送(hex): 20
[2026/09/17 21:24:39] 发送(hex): 20
[2026/09/17 21:24:39] 发送(hex): 20
[2026/09/17 21:24:39] 发送(hex): 20
[2026/09/17 21:24:39] 发送(hex): 20
[2026/09/17 21:24:39] 发送(hex): 20
[2026/09/17 21:24:39] 发送(hex): 20
[2026/09/17 21:24:39] 发送(hex): 20
[2026/09/17 21:24:40] 发送(hex): 20
[2026/09/17 21:24:40] 发送(hex): 20
[2026/09/17 21:24:40] 发送(hex): 20
[2026/09/17 21:24:40] 发送(hex): 20
[2026/09/17 21:24:40] 发送(hex): 20
[2026/09/17 21:24:40] 发送(hex): 20
[2026/09/17 21:24:40] 发送(hex): 20
[2026/09/17 21:24:40] 发送(hex): 0d
[2026/09/17 21:24:40] 发送(hex): 0d
[2026/09/17 21:24:40] 发送(hex): 0d
[2026/09/17 21:24:40] Realtek>
[2026/09/17 21:24:40] Realtek>
[2026/09/17 21:24:40] 发送(hex): 0d
[2026/09/17 21:24:40] Realtek>
[2026/09/17 21:24:40] 发送(hex): 0d
[2026/09/17 21:24:40] Realtek>
[2026/09/17 21:24:40] Realtek>
[2026/09/17 21:24:45] 发送(hex): 706d6f646520656e61626c653b72650d
[2026/09/17 21:24:45] pmode enable;re
[2026/09/17 21:24:45] uboot command for pmode enable!
[2026/09/17 21:24:45] resetting .
[2026/09/17 21:24:45] ..
[2026/09/17 21:24:45] $
[2026/09/17 21:24:45] Post romcode git ver:42df880604ac78a3 (Aug 28 2026 21:41:35)
[2026/09/17 21:24:45] $
[2026/09/17 21:24:45] Hello world, RTD2875P_CN2_TV030!
[2026/09/17 21:24:45] set_wifi_reset
[2026/09/17 21:24:45] Auxcode git ver:3a4deb9ea300359e (Aug 28 2026 21:41:29)
[2026/09/17 21:24:45] flash_type = 2, secure_type = 2
[2026/09/17 21:24:45] b8062204=20000
[2026/09/17 21:24:45] slot info 0 0x0 info 1 0x9021afbe
[2026/09/17 21:24:46] g_gpt_blk_start 0x1  g_offline_gpt 0x0 last_usable_lba 0x1cd2032 num_partition_entries 0x32
[2026/09/17 21:24:46] start 0x2e600000 clt_blk 0x1973004 ctrl size 0x20
[2026/09/17 21:24:46] choose active index 0
[2026/09/17 21:24:46] part name bootloader ative_slot _a real part name bootloader_a
[2026/09/17 21:24:46] part name hwsetting start 0x100000 size 0x33600
[2026/09/17 21:24:46] part name ext_fw start 0x133600 size 0x10400
[2026/09/17 21:24:46] part name kboot start 0x143a00 size 0x16e00
[2026/09/17 21:24:46] part name uboot start 0x15a800 size 0x120400
[2026/09/17 21:24:46] ls4 2 1 = 800040aa 8000207f 80001000
[2026/09/17 21:24:46] fNewHWsettingArch = 2
[2026/09/17 21:24:46] 1.lsadcidx = 2, brand =3, offset = 0
[2026/09/17 21:24:46] 1.lsadcidx = 2, brand =3, offset = 17800
[2026/09/17 21:24:46] hwsetting from mmc
[2026/09/17 21:24:46] AC on HW offset 0x809 start 0x800 reg 0x8090800
[2026/09/17 21:24:46] total = 2f00
[2026/09/17 21:24:46] A
[2026/09/17 21:24:46] A
[2026/09/17 21:24:46] A
[2026/09/17 21:24:46] A
[2026/09/17 21:24:46] A
[2026/09/17 21:24:46] {12 14}
[2026/09/17 21:24:46] f
[2026/09/17 21:24:46] feeddffeeddddr ver: 62c63180
[2026/09/17 21:24:46] ori DQS0~7 {03 04 1a 1c 00 01 00 00}
[2026/09/17 21:24:46] {01 03 19 1b 00 01 00 00} {09 09 07 09 06 05 00 00}
[2026/09/17 21:24:46] r.y.0
[2026/09/17 21:24:46] r.y.0 SCPU BISR status: Done
[2026/09/17 21:24:46] [go kb]
[2026/09/17 21:24:46] pass bootcode info to kboot
[2026/09/17 21:24:46] num=1056
[2026/09/17 21:24:46] boot_magic=20230423
[2026/09/17 21:24:46] ---DEBUG kboot 21:41:14 Aug 28 2026 ---
[2026/09/17 21:24:46] [Kboot]eMMC(mid-15) MMC_HS50 (50000000Mhz)[8bit].
[2026/09/17 21:24:46] block info 0x1cd2032 0x3a3e000.
[2026/09/17 21:24:46] [MMC] 32 -----------> 16GB.
[2026/09/17 21:24:46] (2379beef) (0) bufsize=(null)
[2026/09/17 21:24:46] uboot start 0x15a800 size 0x1204
[2026/09/17 21:24:46] 00
[2026/09/17 21:24:46] board_ve
[2026/09/17 21:24:46] rsion: ls1 = 0, ver: 0
[2026/09/17 21:24:46] [0;31mapp_main 325 board_version=0[0m
[2026/09/17 21:24:46] get FW_TZFW flash start 0xf100200 ddr buf start 0x180000 image size 010c2e3 ok!
[2026/09/17 21:24:46] [INFO]RPMB auth key not written !
[2026/09/17 21:24:46] [INFO]RPMB auth key not written !
[2026/09/17 21:24:46] Current board is not frist boot.
[2026/09/17 21:24:46] ALL zero, reserved_3 has removed.
[2026/09/17 21:24:46] Current board remove reserved_3 done.
[2026/09/17 21:24:46] get FW_VKERNEL flash star
[2026/09/17 21:24:46] t 0xc100200 ddr buf start 0x1a900000 image size 05f0300 ok!
[2026/09/17 21:24:46] get FW_VKERNEL2 flash start 0xd900200 ddr buf start 0x1af00000 image size 0f4920 ok!
[2026/09/17 21:24:47] get FW_AKERNEL flash start 0xa900200 ddr buf start 0x1b200000 image size 07fbf7c ok!
[2026/09/17 21:24:47] ATFATFATF:0 1 NOTICE: kill CPU(2)...
[2026/09/17 21:24:47] ATF:0 1 NOTICE: kill (2) : PACTIVE:0
[2026/09/17 21:24:47] ATF:0 1 NOTICE:  CPU(2) kill done, pstate(0x0)
[2026/09/17 21:24:47] U
[2026/09/17 21:24:47] fixup_node_name 555. set /reserved-memory@5 to /reserved-memory
[2026/09/17 21:24:47] fixup_node_name 555. set /rtk_cma@5 to /rtk_cma
[2026/09/17 21:24:47] ### [1;31mERROR[0m ### get_movablecore 613. Can't find dtb node /reserved-memory/cma2_memory/reg
[2026/09/17 21:24:47] reinit_mem_info 1049  ddr_size 80000000
[2026/09/17 21:24:47] booting, boot_led_type: 0x00000000, led on[1]
[2026/09/17 21:24:47] set share register: 0x99100000
[2026/09/17 21:24:47] boot_power_on_mode=1
[2026/09/17 21:24:47] [get_layout:1264]!
[2026/09/17 21:24:47] boot_part value = 0 boot_tag value = 21
[2026/09/17 21:24:47] [get_oemkey] 1397: get oem.key = ATV00107525
[2026/09/17 21:24:47] Factory_RO: [EXT4] factory_ro_buffer:0a800000, factory_ro_buffer size:0x1000000!
[2026/09/17 21:24:47] Partiton factory_ro_a located at 0:6
[2026/09/17 21:24:47] factory_ro_a partition can not find /.000@bk@***!
[2026/09/17 21:24:47] Factory RO no need recovery!
[2026/09/17 21:24:47] Get tvconfigs_a partition block device index fail!
[2026/09/17 21:24:47] read customer.ini file fail!
[2026/09/17 21:24:47] parse SYS_INI path fail
[2026/09/17 21:24:47] Not support board ini mechansim!
[2026/09/17 21:24:47] Get tvconfigs_a partition block device index fail!
[2026/09/17 21:24:47] read customer.ini file fail!
[2026/09/17 21:24:47] parse SYS_INI path fail
[2026/09/17 21:24:47] load model ini file fail
[2026/09/17 21:24:47] cannot find PcbPath from ini file
[2026/09/17 21:24:47] no pcb.config in tvconfigs
[2026/09/17 21:24:47] no mnt/vendor/factorypcb.config
[2026/09/17 21:24:49] delay:342
[2026/09/17 21:24:49] Vwait V1go
[2026/09/17 21:24:49] Vwait V2go
[2026/09/17 21:24:49] DEMOD BISR check Pass and disable demod CLK!!
[2026/09/17 21:24:49] [0;31mboard_version=0 sz=18M[0m
[2026/09/17 21:24:49] ATF:0 1 NOTICE: atf enter time:1182ms, current time:3994ms
[2026/09/17 21:24:49] ATF:0 1 NOTICE: 1st boot elapsed 3999ms
[2026/09/17 21:24:52] console:/ $
[2026/09/17 21:25:01] factory auto test loop start
[2026/09/17 21:25:01]  
[2026/09/17 21:25:10] 发送(hex): aa061001a7ef
[2026/09/17 21:25:10] «
[2026/09/17 21:25:10] ßN
[2026/09/17 21:25:11] 发送(hex): aa09700000000092eb
[2026/09/17 21:25:12] «
[2026/09/17 21:25:12] ßN
[2026/09/17 21:25:22] 发送(hex): aa06840063e1
[2026/09/17 21:25:22] «
[2026/09/17 21:25:22] ßN« &d
[2026/09/17 21:25:26] $
[2026/09/17 21:25:26] Post romcode git ver:42df880604ac78a3 (Aug 28 2026 21:41:35)
[2026/09/17 21:25:26] $
[2026/09/17 21:25:26] Hello world, RTD2875P_CN2_TV030!
[2026/09/17 21:25:26] set_wifi_reset
[2026/09/17 21:25:26] Auxcode git ver:3a4deb9ea300359e (Aug 28 2026 21:41:29)
[2026/09/17 21:25:26] flash_type = 2, secure_type = 2
[2026/09/17 21:25:26] b8062204=0
[2026/09/17 21:25:26] slot info 0 0x0 info 1 0x0
[2026/09/17 21:25:26] invalid reg slot status 0x0,
[2026/09/17 21:25:26] get slot info from flash!
[2026/09/17 21:25:26] g_gpt_blk_start 0x1  g_offline_gpt 0x0 last_usable_lba 0x1cd2032 num_partition_entries 0x32
[2026/09/17 21:25:26] start 0x2e600000 clt_blk 0x1973004 ctrl size 0x20
[2026/09/17 21:25:26] choose active index 0
[2026/09/17 21:25:26] part name bootloader ative_slot _a real part name bootloader_a
[2026/09/17 21:25:26] part name hwsetting start 0x100000 size 0x33600
[2026/09/17 21:25:26] part name ext_fw start 0x133600 size 0x10400
[2026/09/17 21:25:26] part name kboot start 0x143a00 size 0x16e00
[2026/09/17 21:25:26] part name uboot start 0x15a800 size 0x120400
[2026/09/17 21:25:26] ls4 2 1 = 800040aa 8000207f 80001000
[2026/09/17 21:25:26] fNewHWsettingArch = 2
[2026/09/17 21:25:26] 1.lsadcidx = 2, brand =3, offset = 0
[2026/09/17 21:25:26] 1.lsadcidx = 2, brand =3, offset = 17800
[2026/09/17 21:25:26] hwsetting from mmc
[2026/09/17 21:25:26] AC on HW offset 0x809 start 0x800 reg 0x8090800
[2026/09/17 21:25:26] total = 2f00
[2026/09/17 21:25:26] A
[2026/09/17 21:25:26] A
[2026/09/17 21:25:26] A
[2026/09/17 21:25:26] A
[2026/09/17 21:25:26] A
[2026/09/17 21:25:26] {12 14}
[2026/09/17 21:25:26] ffeeddffeeddddr ver: 62c63180
[2026/09/17 21:25:26] ori DQS0~7 {03 04 1a 1c 00 01 00 00}
[2026/09/17 21:25:26] {01 03 19 1b 00 01 00 00} {09 09 06 09 06 06 00 00}
[2026/09/17 21:25:26] r.y.0 r.y.0 SCPU BISR status: Done
[2026/09/17 21:25:26] [go kb]
[2026/09/17 21:25:26] pass bootcode info to kboot
[2026/09/17 21:25:26] num=1100
[2026/09/17 21:25:26] boot_magic=0Í
[2026/09/17 21:25:26] ---DEBUG kboot 21:41:14 Aug 28 2026 ---
[2026/09/17 21:25:26] [Kboot]eMMC(mid-15) MMC_HS50 (50000000Mhz)[8bit].
[2026/09/17 21:25:26] block info 0x1cd2032 0x3a3e000.
[2026/09/17 21:25:26] [MMC] 32 -----------> 16GB.
[2026/09/17 21:25:26] (00000000) (0) bufsize=(null)
[2026/09/17 21:25:26] uboot start 0x15a800 size 0x120400
[2026/09/17 21:25:26] board_ver
[2026/09/17 21:25:26] sion: ls1 = 0, ver: 0
[2026/09/17 21:25:26] [0;31mapp_main 325 board_version=0[0m
[2026/09/17 21:25:26] get FW_TZFW flash start 0xf100200 ddr buf start 0x180000 image size 010c2e3 ok!
[2026/09/17 21:25:26] [INFO]RPMB auth key not written !
[2026/09/17 21:25:26] [INFO]RPMB auth key not written !
[2026/09/17 21:25:26] Current board is not frist boot.
[2026/09/17 21:25:26] ALL zero, reserved_3 has removed.
[2026/09/17 21:25:26] Current board remove reserved_3 done.
[2026/09/17 21:25:26] get FW_VKERNEL flash sta
[2026/09/17 21:25:26] rt 0xc100200 ddr buf start 0x1a900000 image size 05f0300 ok!
[2026/09/17 21:25:26] get FW_VKERNEL2 flash start 0xd900200 ddr buf start 0x1af00000 image size 0f4920 ok!
[2026/09/17 21:25:27] get FW_AKERNEL flash start 0xa900200 ddr buf start 0x1b200000 image size 07fbf7c ok!
[2026/09/17 21:25:27] ATFATFATF:0 1 NOTICE: kill CPU(2)...
[2026/09/17 21:25:27] ATF:0 1 NOTICE: kill (2) : PACTIVE:0
[2026/09/17 21:25:27] ATF:0 1 NOTICE:  CPU(2) kill done, pstate(0x0)
[2026/09/17 21:25:27] U
[2026/09/17 21:25:27] fixup_node_name 555. set /reserved-memory@5 to /reserved-memory
[2026/09/17 21:25:27] fixup_node_name 555. set /rtk_cma@5 to /rtk_cma
[2026/09/17 21:25:27] ### [1;31mERROR[0m ### get_movablecore 613. Can't find dtb node /reserved-memory/cma2_memory/reg
[2026/09/17 21:25:27] reinit_mem_info 1049  ddr_size 80000000
[2026/09/17 21:25:27] booting, boot_led_type: 0x00000000, led on[1]
[2026/09/17 21:25:27] set share register: 0x99100000
[2026/09/17 21:25:27] boot_power_on_mode=1
[2026/09/17 21:25:27] [get_layout:1264]!
[2026/09/17 21:25:27] boot_part value = 0 boot_tag value = 21
[2026/09/17 21:25:27] [get_oemkey] 1397: get oem.key = ATV00107525
[2026/09/17 21:25:27] Factory_RO: [EXT4] factory_ro_buffer:0a800000, factory_ro_buffer size:0x1000000!
[2026/09/17 21:25:27] Partiton factory_ro_a located at 0:6
[2026/09/17 21:25:27] factory_ro_a partition can not find /.000@bk@***!
[2026/09/17 21:25:27] Factory RO no need recovery!
[2026/09/17 21:25:27] Get tvconfigs_a partition block device index fail!
[2026/09/17 21:25:27] read customer.ini file fail!
[2026/09/17 21:25:27] parse SYS_INI path fail
[2026/09/17 21:25:27] Not support board ini mechansim!
[2026/09/17 21:25:27] Get tvconfigs_a partition block device index fail!
[2026/09/17 21:25:27] read customer.ini file fail!
[2026/09/17 21:25:27] parse SYS_INI path fail
[2026/09/17 21:25:27] load model ini file fail
[2026/09/17 21:25:27] cannot find PcbPath from ini file
[2026/09/17 21:25:27] no pcb.config in tvconfigs
[2026/09/17 21:25:27] no mnt/vendor/factorypcb.config
[2026/09/17 21:25:29] delay:342
[2026/09/17 21:25:29] Vwait V1go
[2026/09/17 21:25:29] Vwait V2go
[2026/09/17 21:25:30] DEMOD BISR check Pass and disable demod CLK!!
[2026/09/17 21:25:30] [0;31mboard_version=0 sz=18M[0m
[2026/09/17 21:25:30] ATF:0 1 NOTICE: atf enter time:1186ms, current time:4016ms
[2026/09/17 21:25:30] ATF:0 1 NOTICE: 1st boot elapsed 4021ms
[2026/09/17 21:25:33] console:/ $
[2026/09/17 21:25:40] factory auto test loop start
[2026/09/17 21:25:40]  
[2026/09/17 21:25:50] 发送(hex): aa061001a7ef
[2026/09/17 21:25:51] «
[2026/09/17 21:25:51] ßN
[2026/09/17 21:25:52] 发送(hex): aa06110194de
[2026/09/17 21:25:52] «
[2026/09/17 21:25:52] ßN
[2026/09/17 21:26:12] 发送(hex): aa06840063e1
[2026/09/17 21:26:12] «
[2026/09/17 21:26:12] ßN« &d
[2026/09/17 21:26:15] $
[2026/09/17 21:26:15] Post romcode git ver:42df880604ac78a3 (Aug 28 2026 21:41:35)
[2026/09/17 21:26:15] $
[2026/09/17 21:26:15] Hello world, RTD2875P_CN2_TV030!
[2026/09/17 21:26:15] set_wifi_reset
[2026/09/17 21:26:15] Auxcode git ver:3a4deb9ea300359e (Aug 28 2026 21:41:29)
[2026/09/17 21:26:15] flash_type = 2, secure_type = 2
[2026/09/17 21:26:15] b8062204=0
[2026/09/17 21:26:15] slot info 0 0x0 info 1 0x0
[2026/09/17 21:26:15] invalid reg slot status 0x0,g
[2026/09/17 21:26:15] et slot info from flash!
[2026/09/17 21:26:15] g_gpt_blk_start 0x1  g_offline_gpt 0x0 last_usable_lba 0x1cd2032 num_partition_entries 0x32
[2026/09/17 21:26:15] start 0x2e600000 clt_blk 0x1973004 ctrl size 0x20
[2026/09/17 21:26:15] choose active index 0
[2026/09/17 21:26:15] part name bootloader ative_slot _a real part name bootloader_a
[2026/09/17 21:26:15] part name hwsetting start 0x100000 size 0x33600
[2026/09/17 21:26:15] part name ext_fw start 0x133600 size 0x10400
[2026/09/17 21:26:15] part name kboot start 0x143a00 size 0x16e00
[2026/09/17 21:26:15] part name uboot start 0x15a800 size 0x120400
[2026/09/17 21:26:15] ls4 2 1 = 800040aa 8000207f 80001000
[2026/09/17 21:26:15] fNewHWsettingArch = 2
[2026/09/17 21:26:15] 1.lsadcidx = 2, brand =3, offset = 0
[2026/09/17 21:26:15] 1.lsadcidx = 2, brand =3, offset = 17800
[2026/09/17 21:26:15] hwsetting from mmc
[2026/09/17 21:26:15] AC on HW offset 0x809 start 0x800 reg 0x8090800
[2026/09/17 21:26:15] total = 2f00
[2026/09/17 21:26:15] A
[2026/09/17 21:26:15] A
[2026/09/17 21:26:16] A
[2026/09/17 21:26:16] A
[2026/09/17 21:26:16] A
[2026/09/17 21:26:16] {12 14}
[2026/09/17 21:26:16] ffeeddffeeddddr ver: 62c63180
[2026/09/17 21:26:16] ori DQS0~7 {03 04 1a 1c 00 01 00 00}
[2026/09/17 21:26:16] {01 03 19 1b 00 01 00 00} {0a 09 07 09 06 05 00 00}
[2026/09/17 21:26:16] r.y.0
[2026/09/17 21:26:16] r.y.0 SCPU BISR status: Done
[2026/09/17 21:26:16] [go kb]
[2026/09/17 21:26:16] pass bootcode info to kboot
[2026/09/17 21:26:16] num=1100
[2026/09/17 21:26:16] boot_magic=0Í
[2026/09/17 21:26:16] ---DEBUG kboot 21:41:14 Aug 28 2026 ---
[2026/09/17 21:26:16] [Kboot]eMMC(mid-15) MMC_HS50 (50000000Mhz)[8bit].
[2026/09/17 21:26:16] block info 0x1cd2032 0x3a3e000.
[2026/09/17 21:26:16] [MMC] 32 -----------> 16GB.
[2026/09/17 21:26:16] (00000000) (0) bufsize=(null)
[2026/09/17 21:26:16] uboot start 0x15a800 size
[2026/09/17 21:26:16] 0x120400
[2026/09/17 21:26:16] b
[2026/09/17 21:26:16] oard_version: ls1 = 0, ver: 0
[2026/09/17 21:26:16] [0;31mapp_main 325 board_version=0[0m
[2026/09/17 21:26:16] get FW_TZFW flash start 0xf100200 ddr buf start 0x180000 image size 010c2e3 ok!
[2026/09/17 21:26:16] [INFO]RPMB auth key not written !
[2026/09/17 21:26:16] [INFO]RPMB auth key not written !
[2026/09/17 21:26:16] Current board is not frist boot.
[2026/09/17 21:26:16] ALL zero, reserved_3 has removed.
[2026/09/17 21:26:16] Current board remove reserved_3 done.
[2026/09/17 21:26:16] get FW_VKERNEL flash st
[2026/09/17 21:26:16] art 0xc100200 ddr buf start 0x1a900000 image size 05f0300 ok!
[2026/09/17 21:26:16] get FW_VKERNEL2 flash start 0xd900200 ddr buf start 0x1af00000 image size 0f4920 ok!
[2026/09/17 21:26:16] get FW_AKERNEL flash start 0xa900200 ddr buf start 0x1b200000 image size 07fbf7c ok!
[2026/09/17 21:26:17] ATFATFATF:0 1 NOTICE: kill CPU(2)...
[2026/09/17 21:26:17] ATF:0 1 NOTICE: kill (2) : PACTIVE:0
[2026/09/17 21:26:17] ATF:0 1 NOTICE:  CPU(2) kill done, pstate(0x0)
[2026/09/17 21:26:17] U
[2026/09/17 21:26:17] fixup_node_name 555. set /reserved-memory@5 to /reserved-memory
[2026/09/17 21:26:17] fixup_node_name 555. set /rtk_cma@5 to /rtk_cma
[2026/09/17 21:26:17] ### [1;31mERROR[0m ### get_movablecore 613. Can't find dtb node /reserved-memory/cma2_memory/reg
[2026/09/17 21:26:17] reinit_mem_info 1049  ddr_size 80000000
[2026/09/17 21:26:17] booting, boot_led_type: 0x00000000, led on[1]
[2026/09/17 21:26:17] set share register: 0x99100000
[2026/09/17 21:26:17] boot_power_on_mode=1
[2026/09/17 21:26:17] [get_layout:1264]!
[2026/09/17 21:26:17] boot_part value = 0 boot_tag value = 21
[2026/09/17 21:26:17] [get_oemkey] 1397: get oem.key = ATV00107525
[2026/09/17 21:26:17] Factory_RO: [EXT4] factory_ro_buffer:0a800000, factory_ro_buffer size:0x1000000!
[2026/09/17 21:26:17] Partiton factory_ro_a located at 0:6
[2026/09/17 21:26:17] factory_ro_a partition can not find /.000@bk@***!
[2026/09/17 21:26:17] Factory RO no need recovery!
[2026/09/17 21:26:17] Get tvconfigs_a partition block device index fail!
[2026/09/17 21:26:17] read customer.ini file fail!
[2026/09/17 21:26:17] parse SYS_INI path fail
[2026/09/17 21:26:17] Not support board ini mechansim!
[2026/09/17 21:26:17] Get tvconfigs_a partition block device index fail!
[2026/09/17 21:26:17] read customer.ini file fail!
[2026/09/17 21:26:17] parse SYS_INI path fail
[2026/09/17 21:26:17] load model ini file fail
[2026/09/17 21:26:17] cannot find PcbPath from ini file
[2026/09/17 21:26:17] no pcb.config in tvconfigs
[2026/09/17 21:26:17] no mnt/vendor/factorypcb.config
[2026/09/17 21:26:19] delay:342
[2026/09/17 21:26:19] Vwait V1go
[2026/09/17 21:26:19] Vwait V2go
[2026/09/17 21:26:19] DEMOD BISR check Pass and disable demod CLK!!
[2026/09/17 21:26:19] [0;31mboard_version=0 sz=18M[0m
[2026/09/17 21:26:19] ATF:0 1 NOTICE: atf enter time:1184ms, current time:4014ms
[2026/09/17 21:26:19] ATF:0 1 NOTICE: 1st boot elapsed 4019ms
[2026/09/17 21:26:22] console:/ $
[2026/09/17 21:26:30] factory auto test loop start
[2026/09/17 21:26:30]  
[2026/09/17 21:26:47] 发送(hex): 20
[2026/09/17 21:26:47] 发送(hex): 20
[2026/09/17 21:26:47] 发送(hex): 20
[2026/09/17 21:26:47] 发送(hex): 20
[2026/09/17 21:26:47] 发送(hex): 20
[2026/09/17 21:26:47] 发送(hex): 20
[2026/09/17 21:26:47] 发送(hex): 20
[2026/09/17 21:26:47] 发送(hex): 20
[2026/09/17 21:26:47] 发送(hex): 20
[2026/09/17 21:26:47] 发送(hex): 20
[2026/09/17 21:26:47] 发送(hex): 20
[2026/09/17 21:26:47] 发送(hex): 20
[2026/09/17 21:26:47] 发送(hex): 20
[2026/09/17 21:26:47] 发送(hex): 20
[2026/09/17 21:26:47] 发送(hex): 20
[2026/09/17 21:26:47] 发送(hex): 20
[2026/09/17 21:26:47] 发送(hex): 20
[2026/09/17 21:26:47] 发送(hex): 20
[2026/09/17 21:26:47] 发送(hex): 20
[2026/09/17 21:26:47] 发送(hex): 20
[2026/09/17 21:26:47] 发送(hex): 20
[2026/09/17 21:26:47] 发送(hex): 20
[2026/09/17 21:26:47] 发送(hex): 20
[2026/09/17 21:26:47] 发送(hex): 20
[2026/09/17 21:26:47] 发送(hex): 20
[2026/09/17 21:26:47] 发送(hex): 20
[2026/09/17 21:26:47] 发送(hex): 20
[2026/09/17 21:26:47] 发送(hex): 20
[2026/09/17 21:26:47] 发送(hex): 20
[2026/09/17 21:26:47] 发送(hex): 20
[2026/09/17 21:26:47] 发送(hex): 20
[2026/09/17 21:26:47] 发送(hex): 20
[2026/09/17 21:26:47] 发送(hex): 20
[2026/09/17 21:26:47] 发送(hex): 20
[2026/09/17 21:26:47] 发送(hex): 20
[2026/09/17 21:26:47] 发送(hex): 20
[2026/09/17 21:26:47] 发送(hex): 20
[2026/09/17 21:26:47] 发送(hex): 20
[2026/09/17 21:26:47] 发送(hex): 20
[2026/09/17 21:26:47] 发送(hex): 20
[2026/09/17 21:26:47] 发送(hex): 20
[2026/09/17 21:26:47] 发送(hex): 20
[2026/09/17 21:26:47] 发送(hex): 20
[2026/09/17 21:26:47] 发送(hex): 20
[2026/09/17 21:26:47] 发送(hex): 20
[2026/09/17 21:26:47] 发送(hex): 20
[2026/09/17 21:26:47] 发送(hex): 20
[2026/09/17 21:26:47] 发送(hex): 20
[2026/09/17 21:26:47] 发送(hex): 20
[2026/09/17 21:26:47] 发送(hex): 20
[2026/09/17 21:26:47] 发送(hex): 20
[2026/09/17 21:26:47] 发送(hex): 20
[2026/09/17 21:26:47] 发送(hex): 20
[2026/09/17 21:26:47] 发送(hex): 20
[2026/09/17 21:26:47] 发送(hex): 20
[2026/09/17 21:26:47] $
[2026/09/17 21:26:47] Post ro
[2026/09/17 21:26:47] 发送(hex): 20
[2026/09/17 21:26:47] mcode git ver:42df880604ac78a3 (Aug 28 2026 21:41:35)
[2026/09/17 21:26:47] 发送(hex): 20
[2026/09/17 21:26:47] 发送(hex): 20
[2026/09/17 21:26:47] 发送(hex): 20
[2026/09/17 21:26:47] $
[2026/09/17 21:26:47] Hello world, RTD2875P_CN2_TV030!
[2026/09/17 21:26:47] set_wifi_reset
[2026/09/17 21:26:47] Auxcode git ver:3a4deb9ea300359e (Aug 28 2026 21:41:29)
[2026/09/17 21:26:47] flash_type = 2, secure_type = 2
[2026/09/17 21:26:47] b8062204=0
[2026/09/17 21:26:47] 发送(hex): 20
[2026/09/17 21:26:47] 发送(hex): 20
[2026/09/17 21:26:47] 发送(hex): 20
[2026/09/17 21:26:47] 发送(hex): 20
[2026/09/17 21:26:47] 发送(hex): 20
[2026/09/17 21:26:47] 发送(hex): 20
[2026/09/17 21:26:47] 发送(hex): 20
[2026/09/17 21:26:47] 发送(hex): 20
[2026/09/17 21:26:47] 发送(hex): 20
[2026/09/17 21:26:47] slot info 0 0x0 info 1 0x0
[2026/09/17 21:26:47] invalid reg slot status 0x0,get slot info from flash!
[2026/09/17 21:26:47] g_gpt_blk_start 0x1  g_offline_gpt 0x0 last_usable_lba 0x1cd2032 num_partition_entries 0x32
[2026/09/17 21:26:47] start 0x2e600000 clt_blk 0x1973004 ctrl size 0x20
[2026/09/17 21:26:47] choose active index 0
[2026/09/17 21:26:47] part name bootloader ative_slot _a real part name bootloader_a
[2026/09/17 21:26:47] part name hwsetting start 0x100000 size 0x33600
[2026/09/17 21:26:47] part name ext_fw start 0x133600 size 0x10400
[2026/09/17 21:26:47] part name kboot start 0x143a00 size 0x16e00
[2026/09/17 21:26:47] part name uboot start 0x15a800 size 0x120400
[2026/09/17 21:26:47] ls4 2 1 = 800040aa 8000207f 80001000
[2026/09/17 21:26:47] fNewHWsettingArch = 2
[2026/09/17 21:26:47] 1.lsadcidx = 2, brand =3, offset = 0
[2026/09/17 21:26:47] 1.lsadcidx = 2, brand =3, offset = 17800
[2026/09/17 21:26:47] hwsetting from mmc
[2026/09/17 21:26:47] AC on HW offset 0x809 start 0x800 reg 0x8090800
[2026/09/17 21:26:47] total = 2f00
[2026/09/17 21:26:48] 发送(hex): 20
[2026/09/17 21:26:48] 发送(hex): 20
[2026/09/17 21:26:48] 发送(hex): 20
[2026/09/17 21:26:48] 发送(hex): 20
[2026/09/17 21:26:48] A
[2026/09/17 21:26:48] 发送(hex): 20
[2026/09/17 21:26:48] 发送(hex): 20
[2026/09/17 21:26:48] A
[2026/09/17 21:26:48] 发送(hex): 20
[2026/09/17 21:26:48] A
[2026/09/17 21:26:48] A
[2026/09/17 21:26:48] 发送(hex): 20
[2026/09/17 21:26:48] 发送(hex): 20
[2026/09/17 21:26:48] A
[2026/09/17 21:26:48] 发送(hex): 20
[2026/09/17 21:26:48] 发送(hex): 20
[2026/09/17 21:26:48] {12 14}
[2026/09/17 21:26:48] ffeeddffeeddddr ver: 62c63180
[2026/09/17 21:26:48] ori DQS0~7 {03 04 1a 1c 00 01 00 00}
[2026/09/17 21:26:48] 发送(hex): 20
[2026/09/17 21:26:48] 发送(hex): 20
[2026/09/17 21:26:48] 发送(hex): 20
[2026/09/17 21:26:48] 发送(hex): 20
[2026/09/17 21:26:48] 发送(hex): 20
[2026/09/17 21:26:48] 发送(hex): 20
[2026/09/17 21:26:48] 发送(hex): 20
[2026/09/17 21:26:48] {01 03 19 1b 00 01 00 00} {09 09 07 09 06 05 00 00}
[2026/09/17 21:26:48] r.y.0
[2026/09/17 21:26:48] 发送(hex): 20
[2026/09/17 21:26:48] 发送(hex): 20
[2026/09/17 21:26:48] r.y.0 SCPU BISR status: Done
[2026/09/17 21:26:48] 发送(hex): 20
[2026/09/17 21:26:48] 发送(hex): 20
[2026/09/17 21:26:48] 发送(hex): 20
[2026/09/17 21:26:48] 发送(hex): 20
[2026/09/17 21:26:48] 发送(hex): 20
[2026/09/17 21:26:48] [go kb]
[2026/09/17 21:26:48] pass bootcode info to kboot
[2026/09/17 21:26:48] num=1100
[2026/09/17 21:26:48] boot_magic=0Í
[2026/09/17 21:26:48] ---DEBUG kboot 21:41:14 Aug 28 2026 ---
[2026/09/17 21:26:48] [Kboot]eMMC(mid-15) MMC_HS50 (50000000Mhz)[8bit].
[2026/09/17 21:26:48] block info 0x1cd2032 0x3a3e000.
[2026/09/17 21:26:48] [MMC] 32 -----------> 16GB.
[2026/09/17 21:26:48] 发送(hex): 20
[2026/09/17 21:26:48] 发送(hex): 20
[2026/09/17 21:26:48] (00000000) (0) bufsize=(null)
[2026/09/17 21:26:48] 发送(hex): 20
[2026/09/17 21:26:48] 发送(hex): 20
[2026/09/17 21:26:48] 发送(hex): 20
[2026/09/17 21:26:48] uboot start 0x15a800 s
[2026/09/17 21:26:48] 发送(hex): 20
[2026/09/17 21:26:48] ize 0x120400
[2026/09/17 21:26:48] 发送(hex): 20
[2026/09/17 21:26:48] 发送(hex): 20
[2026/09/17 21:26:48] board_version: ls1 = 0, ver: 0
[2026/09/17 21:26:48] [0;31mapp_main 325 board_version=0[0m
[2026/09/17 21:26:48] 发送(hex): 20
[2026/09/17 21:26:48] 发送(hex): 20
[2026/09/17 21:26:48] 发送(hex): 20
[2026/09/17 21:26:48] 发送(hex): 20
[2026/09/17 21:26:48] 发送(hex): 20
[2026/09/17 21:26:48] 发送(hex): 20
[2026/09/17 21:26:48] 发送(hex): 20
[2026/09/17 21:26:48] get FW_TZFW flash start 0xf100200 ddr buf start 0x180000 image size 010c2e3 ok!
[2026/09/17 21:26:48] [INFO]RPMB auth key not written !
[2026/09/17 21:26:48] [INFO]RPMB auth key not written !
[2026/09/17 21:26:48] Current board is not frist boot.
[2026/09/17 21:26:48] ALL zero, reserved_3 has removed.
[2026/09/17 21:26:48] Current board remove reserved_3 done.
[2026/09/17 21:26:48] 发送(hex): 20
[2026/09/17 21:26:48] 发送(hex): 20
[2026/09/17 21:26:48] 发送(hex): 20
[2026/09/17 21:26:48] 发送(hex): 20
[2026/09/17 21:26:48] 发送(hex): 20
[2026/09/17 21:26:48] 发送(hex): 20
[2026/09/17 21:26:48] 发送(hex): 20
[2026/09/17 21:26:48] 发送(hex): 20
[2026/09/17 21:26:48] 发送(hex): 20
[2026/09/17 21:26:48] 发送(hex): 20
[2026/09/17 21:26:48] 发送(hex): 20
[2026/09/17 21:26:48] 发送(hex): 20
[2026/09/17 21:26:48] 发送(hex): 20
[2026/09/17 21:26:48] 发送(hex): 20
[2026/09/17 21:26:48] 发送(hex): 20
[2026/09/17 21:26:48] 发送(hex): 20
[2026/09/17 21:26:48] 发送(hex): 20
[2026/09/17 21:26:48] get FW_VKERNEL flash start 0xc1
[2026/09/17 21:26:48] 发送(hex): 20
[2026/09/17 21:26:48] 发送(hex): 20
[2026/09/17 21:26:48] 00200 ddr buf start 0x1a900000 image size 05f0300 ok!
[2026/09/17 21:26:48] 发送(hex): 20
[2026/09/17 21:26:48] 发送(hex): 20
[2026/09/17 21:26:48] 发送(hex): 20
[2026/09/17 21:26:48] 发送(hex): 20
[2026/09/17 21:26:48] get FW_VKERNEL2 flash start 0xd900200 ddr buf start 0x1af00000 image size 0f4920 ok!
[2026/09/17 21:26:48] 发送(hex): 20
[2026/09/17 21:26:48] 发送(hex): 20
[2026/09/17 21:26:48] 发送(hex): 20
[2026/09/17 21:26:48] 发送(hex): 20
[2026/09/17 21:26:48] 发送(hex): 20
[2026/09/17 21:26:48] 发送(hex): 20
[2026/09/17 21:26:48] 发送(hex): 20
[2026/09/17 21:26:48] 发送(hex): 20
[2026/09/17 21:26:48] 发送(hex): 20
[2026/09/17 21:26:48] 发送(hex): 20
[2026/09/17 21:26:48] 发送(hex): 20
[2026/09/17 21:26:48] 发送(hex): 20
[2026/09/17 21:26:48] 发送(hex): 20
[2026/09/17 21:26:48] 发送(hex): 20
[2026/09/17 21:26:48] 发送(hex): 20
[2026/09/17 21:26:48] 发送(hex): 20
[2026/09/17 21:26:48] 发送(hex): 20
[2026/09/17 21:26:48] 发送(hex): 20
[2026/09/17 21:26:48] 发送(hex): 20
[2026/09/17 21:26:48] 发送(hex): 20
[2026/09/17 21:26:48] 发送(hex): 20
[2026/09/17 21:26:48] 发送(hex): 20
[2026/09/17 21:26:48] 发送(hex): 20
[2026/09/17 21:26:48] 发送(hex): 20
[2026/09/17 21:26:48] 发送(hex): 20
[2026/09/17 21:26:48] 发送(hex): 20
[2026/09/17 21:26:48] 发送(hex): 20
[2026/09/17 21:26:48] get FW_AKERNEL flash start 0xa900200 ddr buf start 0x1b200000 image size 07fbf7c ok!
[2026/09/17 21:26:48] 发送(hex): 20
[2026/09/17 21:26:48] 发送(hex): 20
[2026/09/17 21:26:48] 发送(hex): 20
[2026/09/17 21:26:49] 发送(hex): 20
[2026/09/17 21:26:49] 发送(hex): 20
[2026/09/17 21:26:49] 发送(hex): 20
[2026/09/17 21:26:49] 发送(hex): 20
[2026/09/17 21:26:49] 发送(hex): 20
[2026/09/17 21:26:49] 发送(hex): 20
[2026/09/17 21:26:49] 发送(hex): 20
[2026/09/17 21:26:49] ATFATFATF:0 1 NOTICE: kill CPU(2)...
[2026/09/17 21:26:49] ATF:0 1 NOTICE: kill (2) : PACTIVE:0
[2026/09/17 21:26:49] ATF:0 1 NOTICE:  CPU(2) kill done, pstate(0x0)
[2026/09/17 21:26:49] 发送(hex): 20
[2026/09/17 21:26:49] U
[2026/09/17 21:26:49] 发送(hex): 20
[2026/09/17 21:26:49] 发送(hex): 20
[2026/09/17 21:26:49] 发送(hex): 20
[2026/09/17 21:26:49] 发送(hex): 20
[2026/09/17 21:26:49] 发送(hex): 20
[2026/09/17 21:26:49] 发送(hex): 20
[2026/09/17 21:26:49] 发送(hex): 20
[2026/09/17 21:26:49] 发送(hex): 20
[2026/09/17 21:26:49] 发送(hex): 20
[2026/09/17 21:26:49] 发送(hex): 20
[2026/09/17 21:26:49] 发送(hex): 20
[2026/09/17 21:26:49] 发送(hex): 20
[2026/09/17 21:26:49] 发送(hex): 20
[2026/09/17 21:26:49] 发送(hex): 20
[2026/09/17 21:26:49] 发送(hex): 20
[2026/09/17 21:26:49] 发送(hex): 20
[2026/09/17 21:26:49] 发送(hex): 20
[2026/09/17 21:26:49] fixup_node_name 555. set /reserved-memory@5 to /reserved-memory
[2026/09/17 21:26:49] fixup_node_name 555. set /rtk_cma@5 to /rtk_cma
[2026/09/17 21:26:49] ### [1;31mERROR[0m ### get_movablecore 613. Can't find dtb node /reserved-memory/cma2_memory/reg
[2026/09/17 21:26:49] reinit_mem_info 1049  ddr_size 80000000
[2026/09/17 21:26:49] 发送(hex): 20
[2026/09/17 21:26:49] 发送(hex): 20
[2026/09/17 21:26:49] booting, boot_led_type: 0x00000000, led on[1]
[2026/09/17 21:26:49] set share register: 0x99100000
[2026/09/17 21:26:49] boot_power_on_mode=1
[2026/09/17 21:26:49] [get_layout:1264]!
[2026/09/17 21:26:49] 发送(hex): 20
[2026/09/17 21:26:49] 发送(hex): 20
[2026/09/17 21:26:49] 发送(hex): 20
[2026/09/17 21:26:49] 发送(hex): 20
[2026/09/17 21:26:49] 发送(hex): 20
[2026/09/17 21:26:49] 发送(hex): 20
[2026/09/17 21:26:49] 发送(hex): 20
[2026/09/17 21:26:49] 发送(hex): 20
[2026/09/17 21:26:49] boot_part value = 0 boot_tag value = 21
[2026/09/17 21:26:49] [get_oemkey] 1397: get oem.key = ATV00107525
[2026/09/17 21:26:49] Factory_RO: [EXT4] factory_ro_buffer:0a800000, factory_ro_buffer size:0x1000000!
[2026/09/17 21:26:49] Partiton factory_ro_a located at 0:6
[2026/09/17 21:26:49] factory_ro_a partition can not find /.000@bk@***!
[2026/09/17 21:26:49] Factory RO no need recovery!
[2026/09/17 21:26:49] Get tvconfigs_a partition block device index fail!
[2026/09/17 21:26:49] read customer.ini file fail!
[2026/09/17 21:26:49] parse SYS_INI path fail
[2026/09/17 21:26:49] Not support board ini mechansim!
[2026/09/17 21:26:49] Get tvconfigs_a partition block device index fail!
[2026/09/17 21:26:49] read customer.ini file fail!
[2026/09/17 21:26:49] parse SYS_INI path fail
[2026/09/17 21:26:49] load model ini file fail
[2026/09/17 21:26:49] cannot find PcbPath from ini file
[2026/09/17 21:26:49] no pcb.config in tvconfigs
[2026/09/17 21:26:49] no mnt/vendor/factorypcb.config
[2026/09/17 21:26:49] 发送(hex): 20
[2026/09/17 21:26:49] 发送(hex): 20
[2026/09/17 21:26:49] 发送(hex): 20
[2026/09/17 21:26:49] 发送(hex): 20
[2026/09/17 21:26:49] 发送(hex): 20
[2026/09/17 21:26:49] 发送(hex): 20
[2026/09/17 21:26:49] 发送(hex): 20
[2026/09/17 21:26:49] 发送(hex): 20
[2026/09/17 21:26:49] 发送(hex): 20
[2026/09/17 21:26:49] 发送(hex): 20
[2026/09/17 21:26:49] 发送(hex): 20
[2026/09/17 21:26:49] 发送(hex): 20
[2026/09/17 21:26:49] 发送(hex): 20
[2026/09/17 21:26:49] 发送(hex): 20
[2026/09/17 21:26:49] 发送(hex): 20
[2026/09/17 21:26:49] 发送(hex): 20
[2026/09/17 21:26:49] 发送(hex): 20
[2026/09/17 21:26:49] 发送(hex): 20
[2026/09/17 21:26:49] 发送(hex): 20
[2026/09/17 21:26:49] 发送(hex): 20
[2026/09/17 21:26:49] 发送(hex): 20
[2026/09/17 21:26:49] 发送(hex): 20
[2026/09/17 21:26:49] 发送(hex): 20
[2026/09/17 21:26:49] 发送(hex): 20
[2026/09/17 21:26:49] 发送(hex): 20
[2026/09/17 21:26:49] 发送(hex): 20
[2026/09/17 21:26:49] 发送(hex): 20
[2026/09/17 21:26:49] 发送(hex): 20
[2026/09/17 21:26:49] 发送(hex): 20
[2026/09/17 21:26:49] 发送(hex): 20
[2026/09/17 21:26:49] 发送(hex): 20
[2026/09/17 21:26:49] 发送(hex): 20
[2026/09/17 21:26:49] 发送(hex): 20
[2026/09/17 21:26:49] 发送(hex): 20
[2026/09/17 21:26:49] 发送(hex): 20
[2026/09/17 21:26:49] 发送(hex): 20
[2026/09/17 21:26:49] 发送(hex): 20
[2026/09/17 21:26:49] 发送(hex): 20
[2026/09/17 21:26:49] 发送(hex): 20
[2026/09/17 21:26:49] 发送(hex): 20
[2026/09/17 21:26:49] 发送(hex): 20
[2026/09/17 21:26:49] 发送(hex): 20
[2026/09/17 21:26:49] 发送(hex): 20
[2026/09/17 21:26:49] 发送(hex): 20
[2026/09/17 21:26:49] 发送(hex): 20
[2026/09/17 21:26:49] 发送(hex): 20
[2026/09/17 21:26:49] 发送(hex): 20
[2026/09/17 21:26:49] 发送(hex): 20
[2026/09/17 21:26:49] 发送(hex): 20
[2026/09/17 21:26:49] 发送(hex): 20
[2026/09/17 21:26:49] 发送(hex): 20
[2026/09/17 21:26:49] 发送(hex): 20
[2026/09/17 21:26:49] 发送(hex): 20
[2026/09/17 21:26:49] 发送(hex): 20
[2026/09/17 21:26:49] 发送(hex): 20
[2026/09/17 21:26:49] 发送(hex): 20
[2026/09/17 21:26:49] 发送(hex): 20
[2026/09/17 21:26:49] 发送(hex): 20
[2026/09/17 21:26:49] 发送(hex): 20
[2026/09/17 21:26:50] 发送(hex): 20
[2026/09/17 21:26:50] 发送(hex): 20
[2026/09/17 21:26:50] 发送(hex): 20
[2026/09/17 21:26:50] 发送(hex): 20
[2026/09/17 21:26:50] 发送(hex): 20
[2026/09/17 21:26:50] 发送(hex): 20
[2026/09/17 21:26:50] 发送(hex): 20
[2026/09/17 21:26:50] 发送(hex): 20
[2026/09/17 21:26:50] 发送(hex): 20
[2026/09/17 21:26:50] 发送(hex): 20
[2026/09/17 21:26:50] 发送(hex): 20
[2026/09/17 21:26:50] 发送(hex): 20
[2026/09/17 21:26:50] 发送(hex): 20
[2026/09/17 21:26:50] 发送(hex): 20
[2026/09/17 21:26:50] 发送(hex): 20
[2026/09/17 21:26:50] 发送(hex): 20
[2026/09/17 21:26:50] 发送(hex): 20
[2026/09/17 21:26:50] 发送(hex): 20
[2026/09/17 21:26:50] 发送(hex): 20
[2026/09/17 21:26:50] 发送(hex): 20
[2026/09/17 21:26:50] 发送(hex): 20
[2026/09/17 21:26:50] 发送(hex): 20
[2026/09/17 21:26:50] 发送(hex): 20
[2026/09/17 21:26:50] 发送(hex): 20
[2026/09/17 21:26:50] 发送(hex): 20
[2026/09/17 21:26:50] 发送(hex): 20
[2026/09/17 21:26:50] 发送(hex): 20
[2026/09/17 21:26:50] 发送(hex): 20
[2026/09/17 21:26:50] 发送(hex): 20
[2026/09/17 21:26:50] 发送(hex): 20
[2026/09/17 21:26:50] 发送(hex): 20
[2026/09/17 21:26:50] 发送(hex): 20
[2026/09/17 21:26:50] 发送(hex): 20
[2026/09/17 21:26:50] 发送(hex): 20
[2026/09/17 21:26:50] 发送(hex): 20
[2026/09/17 21:26:50] 发送(hex): 20
[2026/09/17 21:26:50] 发送(hex): 20
[2026/09/17 21:26:50] 发送(hex): 20
[2026/09/17 21:26:50] 发送(hex): 20
[2026/09/17 21:26:50] 发送(hex): 20
[2026/09/17 21:26:50] 发送(hex): 20
[2026/09/17 21:26:50] 发送(hex): 20
[2026/09/17 21:26:50] 发送(hex): 20
[2026/09/17 21:26:50] 发送(hex): 20
[2026/09/17 21:26:50] 发送(hex): 20
[2026/09/17 21:26:50] 发送(hex): 20
[2026/09/17 21:26:50] 发送(hex): 20
[2026/09/17 21:26:50] 发送(hex): 20
[2026/09/17 21:26:50] 发送(hex): 20
[2026/09/17 21:26:50] 发送(hex): 20
[2026/09/17 21:26:50] 发送(hex): 20
[2026/09/17 21:26:50] 发送(hex): 20
[2026/09/17 21:26:50] 发送(hex): 20
[2026/09/17 21:26:50] 发送(hex): 20
[2026/09/17 21:26:50] 发送(hex): 20
[2026/09/17 21:26:50] 发送(hex): 20
[2026/09/17 21:26:50] 发送(hex): 20
[2026/09/17 21:26:50] 发送(hex): 20
[2026/09/17 21:26:50] 发送(hex): 20
[2026/09/17 21:26:50] 发送(hex): 20
[2026/09/17 21:26:50] 发送(hex): 20
[2026/09/17 21:26:50] 发送(hex): 20
[2026/09/17 21:26:50] 发送(hex): 20
[2026/09/17 21:26:50] 发送(hex): 20
[2026/09/17 21:26:50] 发送(hex): 20
[2026/09/17 21:26:50] 发送(hex): 20
[2026/09/17 21:26:50] 发送(hex): 20
[2026/09/17 21:26:50] 发送(hex): 20
[2026/09/17 21:26:50] 发送(hex): 20
[2026/09/17 21:26:50] 发送(hex): 20
[2026/09/17 21:26:50] 发送(hex): 20
[2026/09/17 21:26:50] 发送(hex): 20
[2026/09/17 21:26:50] 发送(hex): 20
[2026/09/17 21:26:50] 发送(hex): 20
[2026/09/17 21:26:50] 发送(hex): 20
[2026/09/17 21:26:50] 发送(hex): 20
[2026/09/17 21:26:50] 发送(hex): 20
[2026/09/17 21:26:50] 发送(hex): 20
[2026/09/17 21:26:50] 发送(hex): 20
[2026/09/17 21:26:50] 发送(hex): 20
[2026/09/17 21:26:50] 发送(hex): 20
[2026/09/17 21:26:50] 发送(hex): 20
[2026/09/17 21:26:50] 发送(hex): 20
[2026/09/17 21:26:50] 发送(hex): 20
[2026/09/17 21:26:50] 发送(hex): 20
[2026/09/17 21:26:50] 发送(hex): 20
[2026/09/17 21:26:50] 发送(hex): 20
[2026/09/17 21:26:50] 发送(hex): 20
[2026/09/17 21:26:50] 发送(hex): 20
[2026/09/17 21:26:50] 发送(hex): 20
[2026/09/17 21:26:50] 发送(hex): 20
[2026/09/17 21:26:50] 发送(hex): 20
[2026/09/17 21:26:50] 发送(hex): 20
[2026/09/17 21:26:51] 发送(hex): 20
[2026/09/17 21:26:51] 发送(hex): 20
[2026/09/17 21:26:51] 发送(hex): 20
[2026/09/17 21:26:51] 发送(hex): 20
[2026/09/17 21:26:51] 发送(hex): 20
[2026/09/17 21:26:51] 发送(hex): 20
[2026/09/17 21:26:51] 发送(hex): 20
[2026/09/17 21:26:51] 发送(hex): 20
[2026/09/17 21:26:51] 发送(hex): 20
[2026/09/17 21:26:51] 发送(hex): 20
[2026/09/17 21:26:51] 发送(hex): 20
[2026/09/17 21:26:51] 发送(hex): 20
[2026/09/17 21:26:51] 发送(hex): 20
[2026/09/17 21:26:51] 发送(hex): 20
[2026/09/17 21:26:51] 发送(hex): 20
[2026/09/17 21:26:51] 发送(hex): 20
[2026/09/17 21:26:51] 发送(hex): 20
[2026/09/17 21:26:51] 发送(hex): 20
[2026/09/17 21:26:51] 发送(hex): 20
[2026/09/17 21:26:51] 发送(hex): 20
[2026/09/17 21:26:51] 发送(hex): 20
[2026/09/17 21:26:51] delay:428
[2026/09/17 21:26:51] 发送(hex): 20
[2026/09/17 21:26:51] 发送(hex): 20
[2026/09/17 21:26:51] 发送(hex): 20
[2026/09/17 21:26:51] 发送(hex): 20
[2026/09/17 21:26:51] 发送(hex): 20
[2026/09/17 21:26:51] 发送(hex): 20
[2026/09/17 21:26:51] 发送(hex): 20
[2026/09/17 21:26:51] 发送(hex): 20
[2026/09/17 21:26:51] 发送(hex): 20
[2026/09/17 21:26:51] 发送(hex): 20
[2026/09/17 21:26:51] 发送(hex): 20
[2026/09/17 21:26:51] 发送(hex): 20
[2026/09/17 21:26:51] 发送(hex): 20
[2026/09/17 21:26:51] 发送(hex): 20
[2026/09/17 21:26:51] 发送(hex): 20
[2026/09/17 21:26:51] 发送(hex): 20
[2026/09/17 21:26:51] 发送(hex): 20
[2026/09/17 21:26:51] 发送(hex): 20
[2026/09/17 21:26:51] 发送(hex): 20
[2026/09/17 21:26:51] 发送(hex): 20
[2026/09/17 21:26:51] 发送(hex): 20
[2026/09/17 21:26:51] 发送(hex): 20
[2026/09/17 21:26:51] 发送(hex): 20
[2026/09/17 21:26:51] 发送(hex): 20
[2026/09/17 21:26:51] 发送(hex): 20
[2026/09/17 21:26:51] 发送(hex): 20
[2026/09/17 21:26:51] 发送(hex): 20
[2026/09/17 21:26:51] 发送(hex): 20
[2026/09/17 21:26:51] 发送(hex): 20
[2026/09/17 21:26:51] 发送(hex): 20
[2026/09/17 21:26:51] 发送(hex): 20
[2026/09/17 21:26:51] 发送(hex): 20
[2026/09/17 21:26:51] 发送(hex): 20
[2026/09/17 21:26:51] 发送(hex): 20
[2026/09/17 21:26:51] 发送(hex): 20
[2026/09/17 21:26:51] Net:   r8168: REALTEK RTL8168 @0x18016000
[2026/09/17 21:26:51] 发送(hex): 20
[2026/09/17 21:26:51] 发送(hex): 20
[2026/09/17 21:26:51] 发送(hex): 20
[2026/09/17 21:26:51] 发送(hex): 20
[2026/09/17 21:26:51] Start Boot Setup ...
[2026/09/17 21:26:51] (powerMgr_get_wakeup_source)2012/05/30 19:50
[2026/09/17 21:26:51] wakeup source : AC
[2026/09/17 21:26:51] 发送(hex): 20
[2026/09/17 21:26:51] 发送(hex): 20
[2026/09/17 21:26:51] 发送(hex): 20
[2026/09/17 21:26:51] (powerMgr_get_wakeup_source)2012/05/30 19:50
[2026/09/17 21:26:51] wakeup source : AC
[2026/09/17 21:26:51] wakeup_src=0, boot_logo_enable=1, bgm_boot_type=0, POWER_ON_MODE_SILEN=0.
[2026/09/17 21:26:51] 发送(hex): 20
[2026/09/17 21:26:51] 发送(hex): 20
[2026/09/17 21:26:51] 发送(hex): 20
[2026/09/17 21:26:51] GDMA module_init finish
[2026/09/17 21:26:51] [GDMA] OSD size[3840,2160]
[2026/09/17 21:26:51] [GDMA] gdma_showlogo gdma show logo 3830
[2026/09/17 21:26:51] Net:   r8168: REALTEK RTL8168 @0x18016000
[2026/09/17 21:26:51] 发送(hex): 20
[2026/09/17 21:26:51] 发送(hex): 20
[2026/09/17 21:26:51] ## Android Verified Boot 2.0 v
[2026/09/17 21:26:51] 发送(hex): 20
[2026/09/17 21:26:51] ersion 1.1.0
[2026/09/17 21:26:51] 发送(hex): 20
[2026/09/17 21:26:51] 发送(hex): 20
[2026/09/17 21:26:51] 发送(hex): 20
[2026/09/17 21:26:51] 发送(hex): 20
[2026/09/17 21:26:51] 发送(hex): 20
[2026/09/17 21:26:51] 发送(hex): 20
[2026/09/17 21:26:51] 发送(hex): 20
[2026/09/17 21:26:51] 发送(hex): 20
[2026/09/17 21:26:51] 发送(hex): 20
[2026/09/17 21:26:51] 发送(hex): 20
[2026/09/17 21:26:51] 发送(hex): 20
[2026/09/17 21:26:51] 发送(hex): 20
[2026/09/17 21:26:51] 发送(hex): 20
[2026/09/17 21:26:51] 发送(hex): 20
[2026/09/17 21:26:51] 发送(hex): 20
[2026/09/17 21:26:51] 发送(hex): 20
[2026/09/17 21:26:51] 发送(hex): 20
[2026/09/17 21:26:51] 发送(hex): 20
[2026/09/17 21:26:51] 发送(hex): 20
[2026/09/17 21:26:51] 发送(hex): 20
[2026/09/17 21:26:51] 发送(hex): 20
[2026/09/17 21:26:51] 发送(hex): 20
[2026/09/17 21:26:51] 发送(hex): 20
[2026/09/17 21:26:51] 发送(hex): 20
[2026/09/17 21:26:52] 发送(hex): 20
[2026/09/17 21:26:52] 发送(hex): 20
[2026/09/17 21:26:52] 发送(hex): 20
[2026/09/17 21:26:52] 发送(hex): 20
[2026/09/17 21:26:52] 发送(hex): 20
[2026/09/17 21:26:52] 发送(hex): 20
[2026/09/17 21:26:52] 发送(hex): 20
[2026/09/17 21:26:52] 发送(hex): 20
[2026/09/17 21:26:52] 发送(hex): 20
[2026/09/17 21:26:52] 发送(hex): 20
[2026/09/17 21:26:52] 发送(hex): 20
[2026/09/17 21:26:52] 发送(hex): 20
[2026/09/17 21:26:52] 发送(hex): 20
[2026/09/17 21:26:52] 发送(hex): 20
[2026/09/17 21:26:52] 发送(hex): 20
[2026/09/17 21:26:52] 发送(hex): 20
[2026/09/17 21:26:52] 发送(hex): 20
[2026/09/17 21:26:52] 发送(hex): 20
[2026/09/17 21:26:52] 发送(hex): 20
[2026/09/17 21:26:52] 发送(hex): 20
[2026/09/17 21:26:52] 发送(hex): 20
[2026/09/17 21:26:52] 发送(hex): 20
[2026/09/17 21:26:52] 发送(hex): 20
[2026/09/17 21:26:52] Verification passed successfully
[2026/09/17 21:26:52] [Skip A] boot manual mode
[2026/09/17 21:26:52] [Skip V] boot manual mode
[2026/09/17 21:26:52] is_avb_verify_hash_partition 164 find avb verify part_name boot img_buf 0x66400000 size 0x307a000
[2026/09/17 21:26:52] boot header version : 4
[2026/09/17 21:26:52] is_avb_verify_hash_partition 164 find avb verify part_name vendor_boot img_buf 0x6bc00000 size 0x10a3000
[2026/09/17 21:26:52] get_partition_content_by_name 11954 get gpt_name init_boot_a err,try part name init_boot!
[2026/09/17 21:26:52] get_partition_content_by_name 11956 get part name init_boot err!
[2026/09/17 21:26:52] 发送(hex): 20
[2026/09/17 21:26:52] 发送(hex): 20
[2026/09/17 21:26:52] 发送(hex): 20
[2026/09/17 21:26:52] 发送(hex): 20
[2026/09/17 21:26:52] 发送(hex): 20
[2026/09/17 21:26:52] 发送(hex): 20
[2026/09/17 21:26:52] 发送(hex): 20
[2026/09/17 21:26:52] get_merge_ramdisk 11932 cur_ramdisk_size 0xf3096 real_cur_ramdisk_size 0xf3096
[2026/09/17 21:26:52] get_merge_ramdisk 11932 cur_ramdisk_size 0x2019e5 real_cur_ramdisk_size 0x2019e5
[2026/09/17 21:26:52] is_avb_verify_hash_partition 164 find avb verify part_name dtbo img_buf 0x6fc00000 size 0x1186
[2026/09/17 21:26:52] Net:   r8168: REALTEK RTL8168 @0x18016000
[2026/09/17 21:26:52] 发送(hex): 20
[2026/09/17 21:26:52] 发送(hex): 20
[2026/09/17 21:26:52] 发送(hex): 20
[2026/09/17 21:26:52] 发送(hex): 20
[2026/09/17 21:26:52] [Skip K] boot manual mode (execute "go all")
[2026/09/17 21:26:52] Enter console mode, disable watchdog ...
[2026/09/17 21:26:52] Realtek>
[2026/09/17 21:26:52] 发送(hex): 20
[2026/09/17 21:26:52] 发送(hex): 20
[2026/09/17 21:26:52] 发送(hex): 20
[2026/09/17 21:26:52] 发送(hex): 20
[2026/09/17 21:26:52] 发送(hex): 20
[2026/09/17 21:26:52] 发送(hex): 20
[2026/09/17 21:26:52] 发送(hex): 20
[2026/09/17 21:26:52] 发送(hex): 20
[2026/09/17 21:26:52] 发送(hex): 20
[2026/09/17 21:26:52] 发送(hex): 20
[2026/09/17 21:26:52] 发送(hex): 20
[2026/09/17 21:26:52] 发送(hex): 20
[2026/09/17 21:26:52] 发送(hex): 20
[2026/09/17 21:26:52] 发送(hex): 20
[2026/09/17 21:26:52] 发送(hex): 20
[2026/09/17 21:26:52] 发送(hex): 20
[2026/09/17 21:26:52] 发送(hex): 20
[2026/09/17 21:26:52] 发送(hex): 20
[2026/09/17 21:26:52] 发送(hex): 20
[2026/09/17 21:26:52] 发送(hex): 20
[2026/09/17 21:26:52] 发送(hex): 20
[2026/09/17 21:26:52] 发送(hex): 20
[2026/09/17 21:26:52] 发送(hex): 20
[2026/09/17 21:26:52] 发送(hex): 20
[2026/09/17 21:26:52] 发送(hex): 20
[2026/09/17 21:26:52] 发送(hex): 20
[2026/09/17 21:26:52] 发送(hex): 20
[2026/09/17 21:26:52] 发送(hex): 20
[2026/09/17 21:26:52] 发送(hex): 20
[2026/09/17 21:26:52] 发送(hex): 20
[2026/09/17 21:26:52] 发送(hex): 20
[2026/09/17 21:26:52] 发送(hex): 20
[2026/09/17 21:26:52] 发送(hex): 20
[2026/09/17 21:26:52] 发送(hex): 20
[2026/09/17 21:26:52] 发送(hex): 20
[2026/09/17 21:26:52] 发送(hex): 20
[2026/09/17 21:26:52] 发送(hex): 20
[2026/09/17 21:26:52] 发送(hex): 20
[2026/09/17 21:26:52] 发送(hex): 20
[2026/09/17 21:26:52] 发送(hex): 20
[2026/09/17 21:26:52] 发送(hex): 20
[2026/09/17 21:26:52] 发送(hex): 20
[2026/09/17 21:26:52] 发送(hex): 20
[2026/09/17 21:26:52] 发送(hex): 20
[2026/09/17 21:26:52] 发送(hex): 20
[2026/09/17 21:26:52] 发送(hex): 20
[2026/09/17 21:26:52] 发送(hex): 20
[2026/09/17 21:26:52] 发送(hex): 20
[2026/09/17 21:26:52] 发送(hex): 20
[2026/09/17 21:26:52] 发送(hex): 20
[2026/09/17 21:26:52] 发送(hex): 20
[2026/09/17 21:26:52] 发送(hex): 20
[2026/09/17 21:26:52] 发送(hex): 20
[2026/09/17 21:26:52] 发送(hex): 20
[2026/09/17 21:26:52] 发送(hex): 20
[2026/09/17 21:26:52] 发送(hex): 20
[2026/09/17 21:26:52] 发送(hex): 20
[2026/09/17 21:26:52] 发送(hex): 20
[2026/09/17 21:26:52] 发送(hex): 20
[2026/09/17 21:26:53] 发送(hex): 20
[2026/09/17 21:26:53] 发送(hex): 20
[2026/09/17 21:26:53] 发送(hex): 20
[2026/09/17 21:26:53] 发送(hex): 20
[2026/09/17 21:26:53] 发送(hex): 20
[2026/09/17 21:26:53] 发送(hex): 20
[2026/09/17 21:26:53] 发送(hex): 20
[2026/09/17 21:26:53] 发送(hex): 20
[2026/09/17 21:26:53] 发送(hex): 20
[2026/09/17 21:26:53] 发送(hex): 20
[2026/09/17 21:26:53] 发送(hex): 20
[2026/09/17 21:26:53] 发送(hex): 20
[2026/09/17 21:26:53] 发送(hex): 20
[2026/09/17 21:26:53] 发送(hex): 20
[2026/09/17 21:26:53] 发送(hex): 20
[2026/09/17 21:26:53] 发送(hex): 20
[2026/09/17 21:26:53] 发送(hex): 20
[2026/09/17 21:26:53] 发送(hex): 20
[2026/09/17 21:26:53] 发送(hex): 20
[2026/09/17 21:26:53] 发送(hex): 20
[2026/09/17 21:26:53] 发送(hex): 20
[2026/09/17 21:26:53] 发送(hex): 20
[2026/09/17 21:26:53] 发送(hex): 20
[2026/09/17 21:26:53] 发送(hex): 20
[2026/09/17 21:26:53] 发送(hex): 20
[2026/09/17 21:26:53] 发送(hex): 20
[2026/09/17 21:26:53] 发送(hex): 20
[2026/09/17 21:26:53] 发送(hex): 20
[2026/09/17 21:26:53] 发送(hex): 20
[2026/09/17 21:26:53] 发送(hex): 20
[2026/09/17 21:26:53] 发送(hex): 20
[2026/09/17 21:26:53] 发送(hex): 20
[2026/09/17 21:26:53] 发送(hex): 20
[2026/09/17 21:26:53] 发送(hex): 20
[2026/09/17 21:26:53] 发送(hex): 20
[2026/09/17 21:26:53] 发送(hex): 20
[2026/09/17 21:26:53] 发送(hex): 20
[2026/09/17 21:26:53] 发送(hex): 20
[2026/09/17 21:26:53] 发送(hex): 20
[2026/09/17 21:26:53] 发送(hex): 20
[2026/09/17 21:26:53] 发送(hex): 20
[2026/09/17 21:26:53] 发送(hex): 20
[2026/09/17 21:26:53] 发送(hex): 20
[2026/09/17 21:26:53] 发送(hex): 20
[2026/09/17 21:26:53] 发送(hex): 20
[2026/09/17 21:26:53] 发送(hex): 20
[2026/09/17 21:26:53] 发送(hex): 20
[2026/09/17 21:26:53] 发送(hex): 20
[2026/09/17 21:26:53] 发送(hex): 20
[2026/09/17 21:26:53] 发送(hex): 20
[2026/09/17 21:26:53] 发送(hex): 20
[2026/09/17 21:26:53] 发送(hex): 20
[2026/09/17 21:26:53] 发送(hex): 20
[2026/09/17 21:26:53] 发送(hex): 20
[2026/09/17 21:26:53] 发送(hex): 20
[2026/09/17 21:26:53] 发送(hex): 20
[2026/09/17 21:26:53] 发送(hex): 20
[2026/09/17 21:26:53] 发送(hex): 20
[2026/09/17 21:26:53] 发送(hex): 20
[2026/09/17 21:26:53] 发送(hex): 20
[2026/09/17 21:26:53] 发送(hex): 20
[2026/09/17 21:26:53] 发送(hex): 20
[2026/09/17 21:26:53] 发送(hex): 20
[2026/09/17 21:26:53] 发送(hex): 20
[2026/09/17 21:26:53] 发送(hex): 20
[2026/09/17 21:26:53] 发送(hex): 20
[2026/09/17 21:26:53] 发送(hex): 20
[2026/09/17 21:26:53] 发送(hex): 20
[2026/09/17 21:26:53] 发送(hex): 20
[2026/09/17 21:26:53] 发送(hex): 20
[2026/09/17 21:26:53] 发送(hex): 20
[2026/09/17 21:26:53] 发送(hex): 20
[2026/09/17 21:26:53] 发送(hex): 20
[2026/09/17 21:26:53] 发送(hex): 20
[2026/09/17 21:26:53] 发送(hex): 20
[2026/09/17 21:26:53] 发送(hex): 20
[2026/09/17 21:26:53] 发送(hex): 20
[2026/09/17 21:26:53] 发送(hex): 20
[2026/09/17 21:26:53] 发送(hex): 20
[2026/09/17 21:26:53] 发送(hex): 20
[2026/09/17 21:26:53] 发送(hex): 20
[2026/09/17 21:26:53] 发送(hex): 20
[2026/09/17 21:26:53] 发送(hex): 20
[2026/09/17 21:26:53] 发送(hex): 20
[2026/09/17 21:26:53] 发送(hex): 20
[2026/09/17 21:26:53] 发送(hex): 20
[2026/09/17 21:26:53] 发送(hex): 20
[2026/09/17 21:26:53] 发送(hex): 20
[2026/09/17 21:26:53] 发送(hex): 20
[2026/09/17 21:26:53] 发送(hex): 20
[2026/09/17 21:26:53] 发送(hex): 20
[2026/09/17 21:26:53] 发送(hex): 20
[2026/09/17 21:26:53] 发送(hex): 20
[2026/09/17 21:26:54] 发送(hex): 20
[2026/09/17 21:26:54] 发送(hex): 20
[2026/09/17 21:26:54] 发送(hex): 20
[2026/09/17 21:26:54] 发送(hex): 20
[2026/09/17 21:26:54] 发送(hex): 20
[2026/09/17 21:26:54] 发送(hex): 20
[2026/09/17 21:26:54] 发送(hex): 20
[2026/09/17 21:26:54] 发送(hex): 20
[2026/09/17 21:26:54] 发送(hex): 20
[2026/09/17 21:26:54] 发送(hex): 20
[2026/09/17 21:26:54] 发送(hex): 20
[2026/09/17 21:26:54] 发送(hex): 20
[2026/09/17 21:26:54] 发送(hex): 20
[2026/09/17 21:26:54] 发送(hex): 20
[2026/09/17 21:26:54] 发送(hex): 20
[2026/09/17 21:26:54] 发送(hex): 20
[2026/09/17 21:26:54] 发送(hex): 20
[2026/09/17 21:26:54] 发送(hex): 20
[2026/09/17 21:26:54] 发送(hex): 20
[2026/09/17 21:26:54] 发送(hex): 20
[2026/09/17 21:26:54] 发送(hex): 20
[2026/09/17 21:26:54] 发送(hex): 20
[2026/09/17 21:26:54] 发送(hex): 20
[2026/09/17 21:26:54] 发送(hex): 20
[2026/09/17 21:26:54] 发送(hex): 20
[2026/09/17 21:26:54] 发送(hex): 20
[2026/09/17 21:26:54] 发送(hex): 20
[2026/09/17 21:26:54] 发送(hex): 20
[2026/09/17 21:26:54] 发送(hex): 20
[2026/09/17 21:26:54] 发送(hex): 20
[2026/09/17 21:26:54] 发送(hex): 20
[2026/09/17 21:26:54] 发送(hex): 20
[2026/09/17 21:26:54] 发送(hex): 20
[2026/09/17 21:26:54] 发送(hex): 20
[2026/09/17 21:26:54] 发送(hex): 20
[2026/09/17 21:26:54] 发送(hex): 20
[2026/09/17 21:26:54] 发送(hex): 20
[2026/09/17 21:26:54] 发送(hex): 20
[2026/09/17 21:26:54] 发送(hex): 20
[2026/09/17 21:26:54] 发送(hex): 20
[2026/09/17 21:26:54] 发送(hex): 20
[2026/09/17 21:26:54] 发送(hex): 20
[2026/09/17 21:26:54] 发送(hex): 20
[2026/09/17 21:26:54] 发送(hex): 20
[2026/09/17 21:26:54] 发送(hex): 20
[2026/09/17 21:26:54] 发送(hex): 20
[2026/09/17 21:26:54] 发送(hex): 20
[2026/09/17 21:26:54] 发送(hex): 20
[2026/09/17 21:26:54] 发送(hex): 20
[2026/09/17 21:26:54] 发送(hex): 20
[2026/09/17 21:26:54] 发送(hex): 20
[2026/09/17 21:26:54] 发送(hex): 20
[2026/09/17 21:26:54] 发送(hex): 20
[2026/09/17 21:26:54] 发送(hex): 20
[2026/09/17 21:26:54] 发送(hex): 20
[2026/09/17 21:26:54] 发送(hex): 20
[2026/09/17 21:26:54] 发送(hex): 20
[2026/09/17 21:26:54] 发送(hex): 20
[2026/09/17 21:26:54] 发送(hex): 20
[2026/09/17 21:26:54] 发送(hex): 20
[2026/09/17 21:26:54] 发送(hex): 20
[2026/09/17 21:26:54] 发送(hex): 20
[2026/09/17 21:26:54] 发送(hex): 20
[2026/09/17 21:26:54] 发送(hex): 20
[2026/09/17 21:26:54] 发送(hex): 20
[2026/09/17 21:26:54] 发送(hex): 20
[2026/09/17 21:26:54] 发送(hex): 20
[2026/09/17 21:26:54] 发送(hex): 20
[2026/09/17 21:26:54] 发送(hex): 20
[2026/09/17 21:26:54] 发送(hex): 20
[2026/09/17 21:26:54] 发送(hex): 20
[2026/09/17 21:26:54] 发送(hex): 20
[2026/09/17 21:26:54] 发送(hex): 20
[2026/09/17 21:26:54] 发送(hex): 20
[2026/09/17 21:26:54] 发送(hex): 20
[2026/09/17 21:26:54] 发送(hex): 20
[2026/09/17 21:26:54] 发送(hex): 20
[2026/09/17 21:26:54] 发送(hex): 20
[2026/09/17 21:26:54] 发送(hex): 20
[2026/09/17 21:26:54] 发送(hex): 20
[2026/09/17 21:26:54] 发送(hex): 20
[2026/09/17 21:26:54] 发送(hex): 20
[2026/09/17 21:26:54] 发送(hex): 20
[2026/09/17 21:26:54] 发送(hex): 20
[2026/09/17 21:26:54] 发送(hex): 20
[2026/09/17 21:26:54] 发送(hex): 20
[2026/09/17 21:26:54] 发送(hex): 20
[2026/09/17 21:26:54] 发送(hex): 20
[2026/09/17 21:26:54] 发送(hex): 20
[2026/09/17 21:26:54] 发送(hex): 20
[2026/09/17 21:26:54] 发送(hex): 20
[2026/09/17 21:26:54] 发送(hex): 20
[2026/09/17 21:26:54] 发送(hex): 20
[2026/09/17 21:26:55] 发送(hex): 20
[2026/09/17 21:26:55] 发送(hex): 20
[2026/09/17 21:26:55] 发送(hex): 20
[2026/09/17 21:26:55] 发送(hex): 20
[2026/09/17 21:26:55] 发送(hex): 20
[2026/09/17 21:26:55] 发送(hex): 20
[2026/09/17 21:26:55] 发送(hex): 20
[2026/09/17 21:26:55] 发送(hex): 20
[2026/09/17 21:26:55] 发送(hex): 20
[2026/09/17 21:26:55] 发送(hex): 20
[2026/09/17 21:26:55] 发送(hex): 20
[2026/09/17 21:26:55] 发送(hex): 20
[2026/09/17 21:26:55] 发送(hex): 20
[2026/09/17 21:26:55] 发送(hex): 20
[2026/09/17 21:26:55] 发送(hex): 20
[2026/09/17 21:26:55] 发送(hex): 20
[2026/09/17 21:26:55] 发送(hex): 20
[2026/09/17 21:26:55] 发送(hex): 20
[2026/09/17 21:26:55] 发送(hex): 20
[2026/09/17 21:26:55] 发送(hex): 20
[2026/09/17 21:26:55] 发送(hex): 20
[2026/09/17 21:26:55] 发送(hex): 20
[2026/09/17 21:26:55] 发送(hex): 20
[2026/09/17 21:26:55] 发送(hex): 20
[2026/09/17 21:26:55] 发送(hex): 20
[2026/09/17 21:26:55] 发送(hex): 20
[2026/09/17 21:26:55] 发送(hex): 20
[2026/09/17 21:26:55] 发送(hex): 20
[2026/09/17 21:26:55] 发送(hex): 20
[2026/09/17 21:26:55] 发送(hex): 20
[2026/09/17 21:26:55] 发送(hex): 20
[2026/09/17 21:26:55] 发送(hex): 20
[2026/09/17 21:26:55] 发送(hex): 20
[2026/09/17 21:26:55] 发送(hex): 20
[2026/09/17 21:26:55] 发送(hex): 20
[2026/09/17 21:26:55] 发送(hex): 20
[2026/09/17 21:26:55] 发送(hex): 20
[2026/09/17 21:26:55] 发送(hex): 20
[2026/09/17 21:26:55] 发送(hex): 20
[2026/09/17 21:26:55] 发送(hex): 20
[2026/09/17 21:26:55] 发送(hex): 20
[2026/09/17 21:26:55] 发送(hex): 20
[2026/09/17 21:26:55] 发送(hex): 20
[2026/09/17 21:26:55] 发送(hex): 20
[2026/09/17 21:26:55] 发送(hex): 20
[2026/09/17 21:26:55] 发送(hex): 20
[2026/09/17 21:26:55] 发送(hex): 20
[2026/09/17 21:26:55] 发送(hex): 20
[2026/09/17 21:26:55] 发送(hex): 20
[2026/09/17 21:26:55] 发送(hex): 20
[2026/09/17 21:26:55] 发送(hex): 20
[2026/09/17 21:26:55] 发送(hex): 20
[2026/09/17 21:26:55] 发送(hex): 20
[2026/09/17 21:26:55] 发送(hex): 20
[2026/09/17 21:26:55] 发送(hex): 20
[2026/09/17 21:26:55] 发送(hex): 20
[2026/09/17 21:26:55] 发送(hex): 20
[2026/09/17 21:26:55] 发送(hex): 20
[2026/09/17 21:26:55] 发送(hex): 20
[2026/09/17 21:26:55] 发送(hex): 20
[2026/09/17 21:26:55] 发送(hex): 20
[2026/09/17 21:26:55] 发送(hex): 20
[2026/09/17 21:26:55] 发送(hex): 20
[2026/09/17 21:26:55] 发送(hex): 20
[2026/09/17 21:26:55] 发送(hex): 20
[2026/09/17 21:26:55] 发送(hex): 20
[2026/09/17 21:26:55] 发送(hex): 20
[2026/09/17 21:26:55] 发送(hex): 20
[2026/09/17 21:26:55] 发送(hex): 20
[2026/09/17 21:26:55] 发送(hex): 20
[2026/09/17 21:26:55] 发送(hex): 20
[2026/09/17 21:26:55] 发送(hex): 20
[2026/09/17 21:26:55] 发送(hex): 20
[2026/09/17 21:26:55] 发送(hex): 20
[2026/09/17 21:26:55] 发送(hex): 20
[2026/09/17 21:26:55] 发送(hex): 20
[2026/09/17 21:26:55] 发送(hex): 20
[2026/09/17 21:26:55] 发送(hex): 20
[2026/09/17 21:26:55] 发送(hex): 20
[2026/09/17 21:26:55] 发送(hex): 20
[2026/09/17 21:26:55] 发送(hex): 20
[2026/09/17 21:26:55] 发送(hex): 20
[2026/09/17 21:26:55] 发送(hex): 20
[2026/09/17 21:26:55] 发送(hex): 20
[2026/09/17 21:26:55] 发送(hex): 20
[2026/09/17 21:26:55] 发送(hex): 20
[2026/09/17 21:26:55] 发送(hex): 20
[2026/09/17 21:26:55] 发送(hex): 20
[2026/09/17 21:26:55] 发送(hex): 20
[2026/09/17 21:26:55] 发送(hex): 20
[2026/09/17 21:26:55] 发送(hex): 20
[2026/09/17 21:26:55] 发送(hex): 20
[2026/09/17 21:26:55] 发送(hex): 20
[2026/09/17 21:26:56] 发送(hex): 20
[2026/09/17 21:26:56] 发送(hex): 20
[2026/09/17 21:26:56] 发送(hex): 20
[2026/09/17 21:26:56] 发送(hex): 20
[2026/09/17 21:26:56] 发送(hex): 20
[2026/09/17 21:26:56] 发送(hex): 20
[2026/09/17 21:26:56] 发送(hex): 20
[2026/09/17 21:26:56] 发送(hex): 20
[2026/09/17 21:26:56] 发送(hex): 20
[2026/09/17 21:26:56] 发送(hex): 20
[2026/09/17 21:26:56] 发送(hex): 20
[2026/09/17 21:26:56] 发送(hex): 20
[2026/09/17 21:26:56] 发送(hex): 20
[2026/09/17 21:26:56] 发送(hex): 20
[2026/09/17 21:26:56] 发送(hex): 20
[2026/09/17 21:26:56] 发送(hex): 20
[2026/09/17 21:26:56] 发送(hex): 20
[2026/09/17 21:26:56] 发送(hex): 20
[2026/09/17 21:26:56] 发送(hex): 20
[2026/09/17 21:26:56] 发送(hex): 20
[2026/09/17 21:26:56] 发送(hex): 20
[2026/09/17 21:26:56] 发送(hex): 20
[2026/09/17 21:26:56] 发送(hex): 20
[2026/09/17 21:26:56] 发送(hex): 20
[2026/09/17 21:26:56] 发送(hex): 20
[2026/09/17 21:26:56] 发送(hex): 20
[2026/09/17 21:26:56] 发送(hex): 20
[2026/09/17 21:26:56] 发送(hex): 20
[2026/09/17 21:26:56] 发送(hex): 20
[2026/09/17 21:26:56] 发送(hex): 20
[2026/09/17 21:26:56] 发送(hex): 20
[2026/09/17 21:26:56] 发送(hex): 20
[2026/09/17 21:26:56] 发送(hex): 20
[2026/09/17 21:26:56] 发送(hex): 20
[2026/09/17 21:26:56] 发送(hex): 20
[2026/09/17 21:26:56] 发送(hex): 20
[2026/09/17 21:26:56] 发送(hex): 20
[2026/09/17 21:26:56] 发送(hex): 20
[2026/09/17 21:26:56] 发送(hex): 20
[2026/09/17 21:26:56] 发送(hex): 20
[2026/09/17 21:26:56] 发送(hex): 20
[2026/09/17 21:26:56] 发送(hex): 20
[2026/09/17 21:26:56] 发送(hex): 20
[2026/09/17 21:26:56] 发送(hex): 20
[2026/09/17 21:26:56] 发送(hex): 20
[2026/09/17 21:26:56] 发送(hex): 20
[2026/09/17 21:26:56] 发送(hex): 20
[2026/09/17 21:26:56] 发送(hex): 20
[2026/09/17 21:26:56] 发送(hex): 20
[2026/09/17 21:26:56] 发送(hex): 20
[2026/09/17 21:26:56] 发送(hex): 20
[2026/09/17 21:26:56] 发送(hex): 20
[2026/09/17 21:26:56] 发送(hex): 20
[2026/09/17 21:26:56] 发送(hex): 20
[2026/09/17 21:26:56] 发送(hex): 20
[2026/09/17 21:26:56] 发送(hex): 20
[2026/09/17 21:26:56] 发送(hex): 20
[2026/09/17 21:26:56] 发送(hex): 20
[2026/09/17 21:26:56] 发送(hex): 20
[2026/09/17 21:26:56] 发送(hex): 20
[2026/09/17 21:26:56] 发送(hex): 20
[2026/09/17 21:26:56] 发送(hex): 20
[2026/09/17 21:26:56] 发送(hex): 20
[2026/09/17 21:26:56] 发送(hex): 20
[2026/09/17 21:26:56] 发送(hex): 20
[2026/09/17 21:26:56] 发送(hex): 20
[2026/09/17 21:26:56] 发送(hex): 20
[2026/09/17 21:26:56] 发送(hex): 20
[2026/09/17 21:26:56] 发送(hex): 20
[2026/09/17 21:26:56] 发送(hex): 20
[2026/09/17 21:26:56] 发送(hex): 20
[2026/09/17 21:26:56] 发送(hex): 20
[2026/09/17 21:26:56] 发送(hex): 20
[2026/09/17 21:26:56] 发送(hex): 20
[2026/09/17 21:26:56] 发送(hex): 20
[2026/09/17 21:26:56] 发送(hex): 20
[2026/09/17 21:26:56] 发送(hex): 20
[2026/09/17 21:26:56] 发送(hex): 20
[2026/09/17 21:26:56] 发送(hex): 20
[2026/09/17 21:26:56] 发送(hex): 20
[2026/09/17 21:26:56] 发送(hex): 20
[2026/09/17 21:26:56] 发送(hex): 20
[2026/09/17 21:26:56] 发送(hex): 20
[2026/09/17 21:26:56] 发送(hex): 20
[2026/09/17 21:26:56] 发送(hex): 20
[2026/09/17 21:26:56] 发送(hex): 20
[2026/09/17 21:26:56] 发送(hex): 20
[2026/09/17 21:26:56] 发送(hex): 20
[2026/09/17 21:26:56] 发送(hex): 20
[2026/09/17 21:26:56] 发送(hex): 20
[2026/09/17 21:26:56] 发送(hex): 20
[2026/09/17 21:26:56] 发送(hex): 20
[2026/09/17 21:26:57] 发送(hex): 20
[2026/09/17 21:26:57] 发送(hex): 20
[2026/09/17 21:26:57] 发送(hex): 20
[2026/09/17 21:26:57] 发送(hex): 20
[2026/09/17 21:26:57] 发送(hex): 20
[2026/09/17 21:26:57] 发送(hex): 20
[2026/09/17 21:26:57] 发送(hex): 20
[2026/09/17 21:26:57] 发送(hex): 20
[2026/09/17 21:26:57] 发送(hex): 20
[2026/09/17 21:26:57] 发送(hex): 20
[2026/09/17 21:26:57] 发送(hex): 20
[2026/09/17 21:26:57] 发送(hex): 20
[2026/09/17 21:26:57] 发送(hex): 20
[2026/09/17 21:26:57] 发送(hex): 20
[2026/09/17 21:26:57] 发送(hex): 20
[2026/09/17 21:26:57] 发送(hex): 20
[2026/09/17 21:26:57] 发送(hex): 20
[2026/09/17 21:26:57] 发送(hex): 20
[2026/09/17 21:26:57] 发送(hex): 20
[2026/09/17 21:26:57] 发送(hex): 20
[2026/09/17 21:26:57] 发送(hex): 20
[2026/09/17 21:26:57] 发送(hex): 20
[2026/09/17 21:26:57] 发送(hex): 20
[2026/09/17 21:26:57] 发送(hex): 20
[2026/09/17 21:26:57] 发送(hex): 20
[2026/09/17 21:26:57] 发送(hex): 20
[2026/09/17 21:26:57] 发送(hex): 20
[2026/09/17 21:26:57] 发送(hex): 20
[2026/09/17 21:26:57] 发送(hex): 20
[2026/09/17 21:26:57] 发送(hex): 20
[2026/09/17 21:26:57] 发送(hex): 20
[2026/09/17 21:26:57] 发送(hex): 20
[2026/09/17 21:26:57] 发送(hex): 20
[2026/09/17 21:26:57] 发送(hex): 20
[2026/09/17 21:26:57] 发送(hex): 20
[2026/09/17 21:26:57] 发送(hex): 20
[2026/09/17 21:26:57] 发送(hex): 20
[2026/09/17 21:26:57] 发送(hex): 20
[2026/09/17 21:26:57] 发送(hex): 20
[2026/09/17 21:26:57] 发送(hex): 20
[2026/09/17 21:26:57] 发送(hex): 20
[2026/09/17 21:26:57] 发送(hex): 20
[2026/09/17 21:26:57] 发送(hex): 20
[2026/09/17 21:26:57] 发送(hex): 20
[2026/09/17 21:26:57] 发送(hex): 20
[2026/09/17 21:26:57] 发送(hex): 20
[2026/09/17 21:26:57] 发送(hex): 20
[2026/09/17 21:26:57] 发送(hex): 20
[2026/09/17 21:26:57] 发送(hex): 20
[2026/09/17 21:26:57] 发送(hex): 20
[2026/09/17 21:26:57] 发送(hex): 20
[2026/09/17 21:26:57] 发送(hex): 20
[2026/09/17 21:26:57] 发送(hex): 20
[2026/09/17 21:26:57] 发送(hex): 20
[2026/09/17 21:26:57] 发送(hex): 20
[2026/09/17 21:26:57] 发送(hex): 20
[2026/09/17 21:26:57] 发送(hex): 20
[2026/09/17 21:26:57] 发送(hex): 20
[2026/09/17 21:26:57] 发送(hex): 20
[2026/09/17 21:26:57] 发送(hex): 20
[2026/09/17 21:26:57] 发送(hex): 20
[2026/09/17 21:26:57] 发送(hex): 20
[2026/09/17 21:26:57] 发送(hex): 20
[2026/09/17 21:26:57] 发送(hex): 20
[2026/09/17 21:26:57] 发送(hex): 20
[2026/09/17 21:26:57] 发送(hex): 20
[2026/09/17 21:26:57] 发送(hex): 20
[2026/09/17 21:26:57] 发送(hex): 20
[2026/09/17 21:26:57] 发送(hex): 20
[2026/09/17 21:26:57] 发送(hex): 20
[2026/09/17 21:26:57] 发送(hex): 20
[2026/09/17 21:26:57] 发送(hex): 20
[2026/09/17 21:26:57] 发送(hex): 20
[2026/09/17 21:26:57] 发送(hex): 20
[2026/09/17 21:26:57] 发送(hex): 20
[2026/09/17 21:26:57] 发送(hex): 20
[2026/09/17 21:26:57] 发送(hex): 20
[2026/09/17 21:26:57] 发送(hex): 20
[2026/09/17 21:26:57] 发送(hex): 20
[2026/09/17 21:26:57] 发送(hex): 20
[2026/09/17 21:26:57] 发送(hex): 20
[2026/09/17 21:26:57] 发送(hex): 20
[2026/09/17 21:26:57] 发送(hex): 20
[2026/09/17 21:26:57] 发送(hex): 20
[2026/09/17 21:26:57] 发送(hex): 20
[2026/09/17 21:26:57] 发送(hex): 20
[2026/09/17 21:26:57] 发送(hex): 20
[2026/09/17 21:26:57] 发送(hex): 20
[2026/09/17 21:26:57] 发送(hex): 20
[2026/09/17 21:26:57] 发送(hex): 20
[2026/09/17 21:26:57] 发送(hex): 20
[2026/09/17 21:26:57] 发送(hex): 20
[2026/09/17 21:26:57] 发送(hex): 20
[2026/09/17 21:26:57] 发送(hex): 20
[2026/09/17 21:26:58] 发送(hex): 20
[2026/09/17 21:26:58] 发送(hex): 20
[2026/09/17 21:26:58] 发送(hex): 20
[2026/09/17 21:26:58] 发送(hex): 20
[2026/09/17 21:26:58] 发送(hex): 20
[2026/09/17 21:26:58] 发送(hex): 20
[2026/09/17 21:26:58] 发送(hex): 20
[2026/09/17 21:26:58] 发送(hex): 20
[2026/09/17 21:26:58] 发送(hex): 20
[2026/09/17 21:26:58] 发送(hex): 20
[2026/09/17 21:26:58] 发送(hex): 20
[2026/09/17 21:26:58] 发送(hex): 20
[2026/09/17 21:26:58] 发送(hex): 20
[2026/09/17 21:26:58] 发送(hex): 20
[2026/09/17 21:26:58] 发送(hex): 20
[2026/09/17 21:26:58] 发送(hex): 20
[2026/09/17 21:26:58] 发送(hex): 20
[2026/09/17 21:26:58] 发送(hex): 20
[2026/09/17 21:26:58] 发送(hex): 20
[2026/09/17 21:26:58] 发送(hex): 20
[2026/09/17 21:26:58] 发送(hex): 20
[2026/09/17 21:26:58] 发送(hex): 20
[2026/09/17 21:26:58] 发送(hex): 20
[2026/09/17 21:26:58] 发送(hex): 20
[2026/09/17 21:26:58] 发送(hex): 20
[2026/09/17 21:26:58] 发送(hex): 20
[2026/09/17 21:26:58] 发送(hex): 20
[2026/09/17 21:26:58] 发送(hex): 20
[2026/09/17 21:26:58] 发送(hex): 20
[2026/09/17 21:26:58] 发送(hex): 20
[2026/09/17 21:26:58] 发送(hex): 20
[2026/09/17 21:26:58] 发送(hex): 20
[2026/09/17 21:26:58] 发送(hex): 20
[2026/09/17 21:26:58] 发送(hex): 20
[2026/09/17 21:26:58] 发送(hex): 20
[2026/09/17 21:26:58] 发送(hex): 20
[2026/09/17 21:26:58] 发送(hex): 20
[2026/09/17 21:26:58] 发送(hex): 20
[2026/09/17 21:26:58] 发送(hex): 20
[2026/09/17 21:26:58] 发送(hex): 20
[2026/09/17 21:26:58] 发送(hex): 20
[2026/09/17 21:26:58] 发送(hex): 20
[2026/09/17 21:26:58] 发送(hex): 20
[2026/09/17 21:26:58] 发送(hex): 20
[2026/09/17 21:26:58] 发送(hex): 20
[2026/09/17 21:26:58] 发送(hex): 20
[2026/09/17 21:26:58] 发送(hex): 20
[2026/09/17 21:26:58] 发送(hex): 20
[2026/09/17 21:26:58] 发送(hex): 20
[2026/09/17 21:26:58] 发送(hex): 20
[2026/09/17 21:26:58] 发送(hex): 20
[2026/09/17 21:26:58] 发送(hex): 20
[2026/09/17 21:26:58] 发送(hex): 20
[2026/09/17 21:26:58] 发送(hex): 20
[2026/09/17 21:26:58] 发送(hex): 20
[2026/09/17 21:26:58] 发送(hex): 20
[2026/09/17 21:26:58] 发送(hex): 20
[2026/09/17 21:26:58] 发送(hex): 20
[2026/09/17 21:26:58] 发送(hex): 20
[2026/09/17 21:26:58] 发送(hex): 20
[2026/09/17 21:26:58] 发送(hex): 20
[2026/09/17 21:26:58] 发送(hex): 20
[2026/09/17 21:26:58] 发送(hex): 20
[2026/09/17 21:26:58] 发送(hex): 20
[2026/09/17 21:26:58] 发送(hex): 20
[2026/09/17 21:26:58] 发送(hex): 20
[2026/09/17 21:26:58] 发送(hex): 20
[2026/09/17 21:26:58] 发送(hex): 20
[2026/09/17 21:26:58] 发送(hex): 20
[2026/09/17 21:26:58] 发送(hex): 20
[2026/09/17 21:26:58] 发送(hex): 20
[2026/09/17 21:26:58] 发送(hex): 20
[2026/09/17 21:26:58] 发送(hex): 20
[2026/09/17 21:26:58] 发送(hex): 20
[2026/09/17 21:26:58] 发送(hex): 20
[2026/09/17 21:26:58] 发送(hex): 20
[2026/09/17 21:26:58] 发送(hex): 20
[2026/09/17 21:26:58] 发送(hex): 20
[2026/09/17 21:26:58] 发送(hex): 20
[2026/09/17 21:26:58] 发送(hex): 20
[2026/09/17 21:26:58] 发送(hex): 20
[2026/09/17 21:26:58] 发送(hex): 20
[2026/09/17 21:26:58] 发送(hex): 20
[2026/09/17 21:26:58] 发送(hex): 20
[2026/09/17 21:26:58] 发送(hex): 20
[2026/09/17 21:26:58] 发送(hex): 20
[2026/09/17 21:26:58] 发送(hex): 20
[2026/09/17 21:26:58] 发送(hex): 20
[2026/09/17 21:26:58] 发送(hex): 20
[2026/09/17 21:26:58] 发送(hex): 20
[2026/09/17 21:26:58] 发送(hex): 20
[2026/09/17 21:26:58] 发送(hex): 20
[2026/09/17 21:26:58] 发送(hex): 20
[2026/09/17 21:26:58] 发送(hex): 20
[2026/09/17 21:26:59] 发送(hex): 20
[2026/09/17 21:26:59] 发送(hex): 20
[2026/09/17 21:26:59] 发送(hex): 20
[2026/09/17 21:26:59] 发送(hex): 20
[2026/09/17 21:26:59] 发送(hex): 20
[2026/09/17 21:26:59] 发送(hex): 20
[2026/09/17 21:26:59] 发送(hex): 20
[2026/09/17 21:26:59] 发送(hex): 20
[2026/09/17 21:26:59] 发送(hex): 20
[2026/09/17 21:26:59] 发送(hex): 20
[2026/09/17 21:26:59] 发送(hex): 20
[2026/09/17 21:26:59] 发送(hex): 20
[2026/09/17 21:26:59] 发送(hex): 20
[2026/09/17 21:26:59] 发送(hex): 20
[2026/09/17 21:26:59] 发送(hex): 20
[2026/09/17 21:26:59] 发送(hex): 20
[2026/09/17 21:26:59] 发送(hex): 20
[2026/09/17 21:26:59] 发送(hex): 20
[2026/09/17 21:26:59] 发送(hex): 20
[2026/09/17 21:26:59] 发送(hex): 20
[2026/09/17 21:26:59] 发送(hex): 20
[2026/09/17 21:26:59] 发送(hex): 20
[2026/09/17 21:26:59] 发送(hex): 20
[2026/09/17 21:26:59] 发送(hex): 20
[2026/09/17 21:26:59] 发送(hex): 20
[2026/09/17 21:26:59] 发送(hex): 20
[2026/09/17 21:26:59] 发送(hex): 20
[2026/09/17 21:26:59] 发送(hex): 20
[2026/09/17 21:26:59] 发送(hex): 20
[2026/09/17 21:26:59] 发送(hex): 20
[2026/09/17 21:26:59] 发送(hex): 20
[2026/09/17 21:26:59] 发送(hex): 20
[2026/09/17 21:26:59] 发送(hex): 20
[2026/09/17 21:26:59] 发送(hex): 20
[2026/09/17 21:26:59] 发送(hex): 20
[2026/09/17 21:26:59] 发送(hex): 20
[2026/09/17 21:26:59] 发送(hex): 20
[2026/09/17 21:26:59] 发送(hex): 20
[2026/09/17 21:26:59] 发送(hex): 20
[2026/09/17 21:26:59] 发送(hex): 20
[2026/09/17 21:26:59] 发送(hex): 20
[2026/09/17 21:26:59] 发送(hex): 20
[2026/09/17 21:26:59] 发送(hex): 20
[2026/09/17 21:26:59] 发送(hex): 20
[2026/09/17 21:26:59] 发送(hex): 20
[2026/09/17 21:26:59] 发送(hex): 20
[2026/09/17 21:26:59] 发送(hex): 20
[2026/09/17 21:26:59] 发送(hex): 20
[2026/09/17 21:26:59] 发送(hex): 20
[2026/09/17 21:26:59] 发送(hex): 20
[2026/09/17 21:26:59] 发送(hex): 20
[2026/09/17 21:26:59] 发送(hex): 20
[2026/09/17 21:26:59] 发送(hex): 20
[2026/09/17 21:26:59] 发送(hex): 20
[2026/09/17 21:26:59] 发送(hex): 20
[2026/09/17 21:26:59] 发送(hex): 20
[2026/09/17 21:26:59] 发送(hex): 20
[2026/09/17 21:26:59] 发送(hex): 20
[2026/09/17 21:26:59] 发送(hex): 20
[2026/09/17 21:26:59] 发送(hex): 20
[2026/09/17 21:26:59] 发送(hex): 20
[2026/09/17 21:26:59] 发送(hex): 20
[2026/09/17 21:26:59] 发送(hex): 20
[2026/09/17 21:26:59] 发送(hex): 20
[2026/09/17 21:26:59] 发送(hex): 20
[2026/09/17 21:26:59] 发送(hex): 20
[2026/09/17 21:26:59] 发送(hex): 20
[2026/09/17 21:26:59] 发送(hex): 20
[2026/09/17 21:26:59] 发送(hex): 20
[2026/09/17 21:26:59] 发送(hex): 20
[2026/09/17 21:26:59] 发送(hex): 20
[2026/09/17 21:26:59] 发送(hex): 20
[2026/09/17 21:26:59] 发送(hex): 20
[2026/09/17 21:26:59] 发送(hex): 20
[2026/09/17 21:26:59] 发送(hex): 20
[2026/09/17 21:26:59] 发送(hex): 20
[2026/09/17 21:26:59] 发送(hex): 20
[2026/09/17 21:26:59] 发送(hex): 20
[2026/09/17 21:26:59] 发送(hex): 20
[2026/09/17 21:26:59] 发送(hex): 20
[2026/09/17 21:26:59] 发送(hex): 20
[2026/09/17 21:26:59] 发送(hex): 20
[2026/09/17 21:26:59] 发送(hex): 20
[2026/09/17 21:26:59] 发送(hex): 20
[2026/09/17 21:26:59] 发送(hex): 20
[2026/09/17 21:26:59] 发送(hex): 20
[2026/09/17 21:26:59] 发送(hex): 20
[2026/09/17 21:26:59] 发送(hex): 20
[2026/09/17 21:26:59] 发送(hex): 20
[2026/09/17 21:26:59] 发送(hex): 20
[2026/09/17 21:26:59] 发送(hex): 20
[2026/09/17 21:26:59] 发送(hex): 20
[2026/09/17 21:26:59] 发送(hex): 20
[2026/09/17 21:26:59] 发送(hex): 20
[2026/09/17 21:27:00] 发送(hex): 20
[2026/09/17 21:27:00] 发送(hex): 20
[2026/09/17 21:27:00] 发送(hex): 20
[2026/09/17 21:27:00] 发送(hex): 20
[2026/09/17 21:27:00] 发送(hex): 20
[2026/09/17 21:27:00] 发送(hex): 20
[2026/09/17 21:27:00] 发送(hex): 20
[2026/09/17 21:27:00] 发送(hex): 20
[2026/09/17 21:27:00] 发送(hex): 20
[2026/09/17 21:27:00] 发送(hex): 20
[2026/09/17 21:27:00] 发送(hex): 20
[2026/09/17 21:27:00] 发送(hex): 20
[2026/09/17 21:27:00] 发送(hex): 20
[2026/09/17 21:27:00] 发送(hex): 20
[2026/09/17 21:27:00] 发送(hex): 20
[2026/09/17 21:27:00] 发送(hex): 20
[2026/09/17 21:27:00] 发送(hex): 20
[2026/09/17 21:27:00] 发送(hex): 20
[2026/09/17 21:27:00] 发送(hex): 20
[2026/09/17 21:27:00] 发送(hex): 20
[2026/09/17 21:27:00] 发送(hex): 20
[2026/09/17 21:27:00] 发送(hex): 20
[2026/09/17 21:27:00] 发送(hex): 20
[2026/09/17 21:27:00] 发送(hex): 20
[2026/09/17 21:27:00] 发送(hex): 20
[2026/09/17 21:27:00] 发送(hex): 20
[2026/09/17 21:27:00] 发送(hex): 20
[2026/09/17 21:27:00] 发送(hex): 20
[2026/09/17 21:27:00] 发送(hex): 20
[2026/09/17 21:27:00] 发送(hex): 20
[2026/09/17 21:27:00] 发送(hex): 20
[2026/09/17 21:27:00] 发送(hex): 20
[2026/09/17 21:27:00] 发送(hex): 20
[2026/09/17 21:27:00] 发送(hex): 20
[2026/09/17 21:27:00] 发送(hex): 20
[2026/09/17 21:27:00] 发送(hex): 20
[2026/09/17 21:27:00] 发送(hex): 20
[2026/09/17 21:27:00] 发送(hex): 20
[2026/09/17 21:27:00] 发送(hex): 20
[2026/09/17 21:27:00] 发送(hex): 20
[2026/09/17 21:27:00] 发送(hex): 20
[2026/09/17 21:27:00] 发送(hex): 20
[2026/09/17 21:27:00] 发送(hex): 20
[2026/09/17 21:27:00] 发送(hex): 20
[2026/09/17 21:27:00] 发送(hex): 20
[2026/09/17 21:27:00] 发送(hex): 20
[2026/09/17 21:27:00] 发送(hex): 20
[2026/09/17 21:27:00] 发送(hex): 20
[2026/09/17 21:27:00] 发送(hex): 20
[2026/09/17 21:27:00] 发送(hex): 20
[2026/09/17 21:27:00] 发送(hex): 20
[2026/09/17 21:27:00] 发送(hex): 20
[2026/09/17 21:27:00] 发送(hex): 20
[2026/09/17 21:27:00] 发送(hex): 20
[2026/09/17 21:27:00] 发送(hex): 20
[2026/09/17 21:27:00] 发送(hex): 20
[2026/09/17 21:27:00] 发送(hex): 20
[2026/09/17 21:27:00] 发送(hex): 20
[2026/09/17 21:27:00] 发送(hex): 20
[2026/09/17 21:27:00] 发送(hex): 20
[2026/09/17 21:27:00] 发送(hex): 20
[2026/09/17 21:27:00] 发送(hex): 20
[2026/09/17 21:27:00] 发送(hex): 20
[2026/09/17 21:27:00] 发送(hex): 20
[2026/09/17 21:27:00] 发送(hex): 20
[2026/09/17 21:27:00] 发送(hex): 20
[2026/09/17 21:27:00] 发送(hex): 20
[2026/09/17 21:27:00] 发送(hex): 20
[2026/09/17 21:27:00] 发送(hex): 20
[2026/09/17 21:27:00] 发送(hex): 20
[2026/09/17 21:27:00] 发送(hex): 20
[2026/09/17 21:27:00] 发送(hex): 20
[2026/09/17 21:27:00] 发送(hex): 20
[2026/09/17 21:27:00] 发送(hex): 20
[2026/09/17 21:27:00] 发送(hex): 20
[2026/09/17 21:27:00] 发送(hex): 20
[2026/09/17 21:27:00] 发送(hex): 20
[2026/09/17 21:27:00] 发送(hex): 20
[2026/09/17 21:27:00] 发送(hex): 20
[2026/09/17 21:27:00] 发送(hex): 20
[2026/09/17 21:27:00] 发送(hex): 20
[2026/09/17 21:27:00] 发送(hex): 20
[2026/09/17 21:27:00] 发送(hex): 20
[2026/09/17 21:27:00] 发送(hex): 20
[2026/09/17 21:27:00] 发送(hex): 20
[2026/09/17 21:27:00] 发送(hex): 20
[2026/09/17 21:27:00] 发送(hex): 20
[2026/09/17 21:27:00] 发送(hex): 20
[2026/09/17 21:27:00] 发送(hex): 20
[2026/09/17 21:27:00] 发送(hex): 20
[2026/09/17 21:27:00] 发送(hex): 20
[2026/09/17 21:27:00] 发送(hex): 20
[2026/09/17 21:27:00] 发送(hex): 20
[2026/09/17 21:27:00] 发送(hex): 20
[2026/09/17 21:27:01] 发送(hex): 20
[2026/09/17 21:27:01] 发送(hex): 20
[2026/09/17 21:27:01] 发送(hex): 20
[2026/09/17 21:27:01] 发送(hex): 20
[2026/09/17 21:27:01] 发送(hex): 20
[2026/09/17 21:27:01] 发送(hex): 20
[2026/09/17 21:27:01] 发送(hex): 20
[2026/09/17 21:27:01] 发送(hex): 20
[2026/09/17 21:27:01] 发送(hex): 20
[2026/09/17 21:27:01] 发送(hex): 20
[2026/09/17 21:27:01] 发送(hex): 20
[2026/09/17 21:27:01] 发送(hex): 20
[2026/09/17 21:27:01] 发送(hex): 20
[2026/09/17 21:27:01] 发送(hex): 20
[2026/09/17 21:27:01] 发送(hex): 20
[2026/09/17 21:27:01] 发送(hex): 20
[2026/09/17 21:27:01] 发送(hex): 20
[2026/09/17 21:27:01] 发送(hex): 20
[2026/09/17 21:27:01] 发送(hex): 20
[2026/09/17 21:27:01] 发送(hex): 20
[2026/09/17 21:27:01] 发送(hex): 20
[2026/09/17 21:27:01] 发送(hex): 20
[2026/09/17 21:27:01] 发送(hex): 20
[2026/09/17 21:27:01] 发送(hex): 20
[2026/09/17 21:27:01] 发送(hex): 20
[2026/09/17 21:27:01] 发送(hex): 20
[2026/09/17 21:27:01] 发送(hex): 20
[2026/09/17 21:27:01] 发送(hex): 20
[2026/09/17 21:27:01] 发送(hex): 20
[2026/09/17 21:27:01] 发送(hex): 20
[2026/09/17 21:27:01] 发送(hex): 20
[2026/09/17 21:27:01] 发送(hex): 20
[2026/09/17 21:27:01] 发送(hex): 20
[2026/09/17 21:27:01] 发送(hex): 20
[2026/09/17 21:27:01] 发送(hex): 20
[2026/09/17 21:27:01] 发送(hex): 20
[2026/09/17 21:27:01] 发送(hex): 20
[2026/09/17 21:27:01] 发送(hex): 20
[2026/09/17 21:27:01] 发送(hex): 20
[2026/09/17 21:27:01] 发送(hex): 20
[2026/09/17 21:27:01] 发送(hex): 20
[2026/09/17 21:27:01] 发送(hex): 20
[2026/09/17 21:27:01] 发送(hex): 20
[2026/09/17 21:27:01] 发送(hex): 20
[2026/09/17 21:27:01] 发送(hex): 20
[2026/09/17 21:27:01] 发送(hex): 20
[2026/09/17 21:27:01] 发送(hex): 20
[2026/09/17 21:27:01] 发送(hex): 20
[2026/09/17 21:27:01] 发送(hex): 20
[2026/09/17 21:27:01] 发送(hex): 20
[2026/09/17 21:27:01] 发送(hex): 20
[2026/09/17 21:27:01] 发送(hex): 20
[2026/09/17 21:27:01] 发送(hex): 20
[2026/09/17 21:27:01] 发送(hex): 20
[2026/09/17 21:27:01] 发送(hex): 20
[2026/09/17 21:27:01] 发送(hex): 20
[2026/09/17 21:27:01] 发送(hex): 20
[2026/09/17 21:27:01] 发送(hex): 20
[2026/09/17 21:27:01] 发送(hex): 20
[2026/09/17 21:27:01] 发送(hex): 20
[2026/09/17 21:27:01] 发送(hex): 20
[2026/09/17 21:27:01] 发送(hex): 20
[2026/09/17 21:27:01] 发送(hex): 20
[2026/09/17 21:27:01] 发送(hex): 20
[2026/09/17 21:27:01] 发送(hex): 20
[2026/09/17 21:27:01] 发送(hex): 20
[2026/09/17 21:27:01] 发送(hex): 20
[2026/09/17 21:27:01] 发送(hex): 20
[2026/09/17 21:27:01] 发送(hex): 20
[2026/09/17 21:27:01] 发送(hex): 20
[2026/09/17 21:27:01] 发送(hex): 20
[2026/09/17 21:27:01] 发送(hex): 20
[2026/09/17 21:27:01] 发送(hex): 20
[2026/09/17 21:27:01] 发送(hex): 20
[2026/09/17 21:27:01] 发送(hex): 20
[2026/09/17 21:27:01] 发送(hex): 20
[2026/09/17 21:27:01] 发送(hex): 20
[2026/09/17 21:27:01] 发送(hex): 20
[2026/09/17 21:27:01] 发送(hex): 20
[2026/09/17 21:27:01] 发送(hex): 20
[2026/09/17 21:27:01] 发送(hex): 20
[2026/09/17 21:27:01] 发送(hex): 20
[2026/09/17 21:27:01] 发送(hex): 20
[2026/09/17 21:27:01] 发送(hex): 20
[2026/09/17 21:27:01] 发送(hex): 20
[2026/09/17 21:27:01] 发送(hex): 20
[2026/09/17 21:27:01] 发送(hex): 20
[2026/09/17 21:27:01] 发送(hex): 20
[2026/09/17 21:27:01] 发送(hex): 20
[2026/09/17 21:27:01] 发送(hex): 20
[2026/09/17 21:27:01] 发送(hex): 20
[2026/09/17 21:27:01] 发送(hex): 20
[2026/09/17 21:27:01] 发送(hex): 20
[2026/09/17 21:27:01] 发送(hex): 20
[2026/09/17 21:27:02] 发送(hex): 20
[2026/09/17 21:27:02] 发送(hex): 20
[2026/09/17 21:27:02] 发送(hex): 20
[2026/09/17 21:27:02] 发送(hex): 20
[2026/09/17 21:27:02] 发送(hex): 20
[2026/09/17 21:27:02] 发送(hex): 20
[2026/09/17 21:27:02] 发送(hex): 20
[2026/09/17 21:27:02] 发送(hex): 20
[2026/09/17 21:27:02] 发送(hex): 20
[2026/09/17 21:27:02] 发送(hex): 20
[2026/09/17 21:27:02] 发送(hex): 20
[2026/09/17 21:27:02] 发送(hex): 20
[2026/09/17 21:27:02] 发送(hex): 20
[2026/09/17 21:27:02] 发送(hex): 20
[2026/09/17 21:27:02] 发送(hex): 20
[2026/09/17 21:27:02] 发送(hex): 20
[2026/09/17 21:27:02] 发送(hex): 20
[2026/09/17 21:27:02] 发送(hex): 20
[2026/09/17 21:27:02] 发送(hex): 20
[2026/09/17 21:27:02] 发送(hex): 20
[2026/09/17 21:27:02] 发送(hex): 20
[2026/09/17 21:27:02] 发送(hex): 20
[2026/09/17 21:27:02] 发送(hex): 20
[2026/09/17 21:27:02] 发送(hex): 20
[2026/09/17 21:27:02] 发送(hex): 20
[2026/09/17 21:27:02] 发送(hex): 20
[2026/09/17 21:27:02] 发送(hex): 20
[2026/09/17 21:27:02] 发送(hex): 20
[2026/09/17 21:27:02] 发送(hex): 20
[2026/09/17 21:27:02] 发送(hex): 20
[2026/09/17 21:27:02] 发送(hex): 20
[2026/09/17 21:27:02] 发送(hex): 20
[2026/09/17 21:27:02] 发送(hex): 20
[2026/09/17 21:27:02] 发送(hex): 20
[2026/09/17 21:27:02] 发送(hex): 20
[2026/09/17 21:27:02] 发送(hex): 20
[2026/09/17 21:27:02] 发送(hex): 20
[2026/09/17 21:27:02] 发送(hex): 20
[2026/09/17 21:27:02] 发送(hex): 20
[2026/09/17 21:27:02] 发送(hex): 20
[2026/09/17 21:27:02] 发送(hex): 20
[2026/09/17 21:27:02] 发送(hex): 20
[2026/09/17 21:27:02] 发送(hex): 20
[2026/09/17 21:27:02] 发送(hex): 20
[2026/09/17 21:27:02] 发送(hex): 20
[2026/09/17 21:27:02] 发送(hex): 20
[2026/09/17 21:27:02] 发送(hex): 20
[2026/09/17 21:27:02] 发送(hex): 20
[2026/09/17 21:27:02] 发送(hex): 20
[2026/09/17 21:27:02] 发送(hex): 20
[2026/09/17 21:27:02] 发送(hex): 20
[2026/09/17 21:27:02] 发送(hex): 20
[2026/09/17 21:27:02] 发送(hex): 20
[2026/09/17 21:27:02] 发送(hex): 20
[2026/09/17 21:27:02] 发送(hex): 20
[2026/09/17 21:27:02] 发送(hex): 20
[2026/09/17 21:27:02] 发送(hex): 20
[2026/09/17 21:27:02] 发送(hex): 20
[2026/09/17 21:27:02] 发送(hex): 20
[2026/09/17 21:27:02] 发送(hex): 20
[2026/09/17 21:27:02] 发送(hex): 20
[2026/09/17 21:27:02] 发送(hex): 20
[2026/09/17 21:27:02] 发送(hex): 20
[2026/09/17 21:27:02] 发送(hex): 20
[2026/09/17 21:27:02] 发送(hex): 20
[2026/09/17 21:27:02] 发送(hex): 20
[2026/09/17 21:27:02] 发送(hex): 20
[2026/09/17 21:27:02] 发送(hex): 20
[2026/09/17 21:27:02] 发送(hex): 20
[2026/09/17 21:27:02] 发送(hex): 20
[2026/09/17 21:27:02] 发送(hex): 20
[2026/09/17 21:27:02] 发送(hex): 20
[2026/09/17 21:27:02] 发送(hex): 20
[2026/09/17 21:27:02] 发送(hex): 20
[2026/09/17 21:27:02] 发送(hex): 20
[2026/09/17 21:27:02] 发送(hex): 20
[2026/09/17 21:27:02] 发送(hex): 20
[2026/09/17 21:27:02] 发送(hex): 20
[2026/09/17 21:27:02] 发送(hex): 20
[2026/09/17 21:27:02] 发送(hex): 20
[2026/09/17 21:27:02] 发送(hex): 20
[2026/09/17 21:27:02] 发送(hex): 20
[2026/09/17 21:27:02] 发送(hex): 20
[2026/09/17 21:27:02] 发送(hex): 20
[2026/09/17 21:27:02] 发送(hex): 20
[2026/09/17 21:27:02] 发送(hex): 20
[2026/09/17 21:27:02] 发送(hex): 20
[2026/09/17 21:27:02] 发送(hex): 20
[2026/09/17 21:27:02] 发送(hex): 20
[2026/09/17 21:27:02] 发送(hex): 20
[2026/09/17 21:27:02] 发送(hex): 20
[2026/09/17 21:27:02] 发送(hex): 20
[2026/09/17 21:27:02] 发送(hex): 20
[2026/09/17 21:27:02] 发送(hex): 20
[2026/09/17 21:27:03] 发送(hex): 20
[2026/09/17 21:27:03] 发送(hex): 20
[2026/09/17 21:27:03] 发送(hex): 20
[2026/09/17 21:27:03] 发送(hex): 20
[2026/09/17 21:27:03] 发送(hex): 20
[2026/09/17 21:27:03] 发送(hex): 20
[2026/09/17 21:27:03] 发送(hex): 20
[2026/09/17 21:27:03] 发送(hex): 20
[2026/09/17 21:27:03] 发送(hex): 20
[2026/09/17 21:27:03] 发送(hex): 20
[2026/09/17 21:27:03] 发送(hex): 20
[2026/09/17 21:27:03] 发送(hex): 20
[2026/09/17 21:27:03] 发送(hex): 20
[2026/09/17 21:27:03] 发送(hex): 20
[2026/09/17 21:27:03] 发送(hex): 20
[2026/09/17 21:27:03] 发送(hex): 20
[2026/09/17 21:27:03] 发送(hex): 20
[2026/09/17 21:27:03] 发送(hex): 20
[2026/09/17 21:27:03] 发送(hex): 20
[2026/09/17 21:27:03] 发送(hex): 20
[2026/09/17 21:27:03] 发送(hex): 20
[2026/09/17 21:27:03] 发送(hex): 20
[2026/09/17 21:27:03] 发送(hex): 20
[2026/09/17 21:27:03] 发送(hex): 20
[2026/09/17 21:27:03] 发送(hex): 20
[2026/09/17 21:27:03] 发送(hex): 20
[2026/09/17 21:27:03] 发送(hex): 20
[2026/09/17 21:27:03] 发送(hex): 20
[2026/09/17 21:27:03] 发送(hex): 20
[2026/09/17 21:27:03] 发送(hex): 20
[2026/09/17 21:27:03] 发送(hex): 20
[2026/09/17 21:27:03] 发送(hex): 20
[2026/09/17 21:27:03] 发送(hex): 20
[2026/09/17 21:27:03] 发送(hex): 20
[2026/09/17 21:27:03] 发送(hex): 20
[2026/09/17 21:27:03] 发送(hex): 20
[2026/09/17 21:27:03] 发送(hex): 20
[2026/09/17 21:27:03] 发送(hex): 20
[2026/09/17 21:27:03] 发送(hex): 20
[2026/09/17 21:27:03] 发送(hex): 20
[2026/09/17 21:27:03] 发送(hex): 20
[2026/09/17 21:27:03] 发送(hex): 20
[2026/09/17 21:27:03] 发送(hex): 20
[2026/09/17 21:27:03] 发送(hex): 20
[2026/09/17 21:27:03] 发送(hex): 20
[2026/09/17 21:27:03] 发送(hex): 20
[2026/09/17 21:27:03] 发送(hex): 20
[2026/09/17 21:27:03] 发送(hex): 20
[2026/09/17 21:27:03] 发送(hex): 20
[2026/09/17 21:27:03] 发送(hex): 20
[2026/09/17 21:27:03] 发送(hex): 20
[2026/09/17 21:27:03] 发送(hex): 20
[2026/09/17 21:27:03] 发送(hex): 20
[2026/09/17 21:27:03] 发送(hex): 20
[2026/09/17 21:27:03] 发送(hex): 20
[2026/09/17 21:27:03] 发送(hex): 20
[2026/09/17 21:27:03] 发送(hex): 20
[2026/09/17 21:27:03] 发送(hex): 20
[2026/09/17 21:27:03] 发送(hex): 20
[2026/09/17 21:27:03] 发送(hex): 20
[2026/09/17 21:27:03] 发送(hex): 20
[2026/09/17 21:27:03] 发送(hex): 20
[2026/09/17 21:27:03] 发送(hex): 20
[2026/09/17 21:27:03] 发送(hex): 20
[2026/09/17 21:27:03] 发送(hex): 20
[2026/09/17 21:27:03] 发送(hex): 20
[2026/09/17 21:27:03] 发送(hex): 20
[2026/09/17 21:27:03] 发送(hex): 20
[2026/09/17 21:27:03] 发送(hex): 20
[2026/09/17 21:27:03] 发送(hex): 20
[2026/09/17 21:27:03] 发送(hex): 20
[2026/09/17 21:27:03] 发送(hex): 20
[2026/09/17 21:27:03] 发送(hex): 20
[2026/09/17 21:27:03] 发送(hex): 20
[2026/09/17 21:27:03] 发送(hex): 20
[2026/09/17 21:27:03] 发送(hex): 20
[2026/09/17 21:27:03] 发送(hex): 20
[2026/09/17 21:27:03] 发送(hex): 20
[2026/09/17 21:27:03] 发送(hex): 20
[2026/09/17 21:27:03] 发送(hex): 20
[2026/09/17 21:27:03] 发送(hex): 20
[2026/09/17 21:27:03] 发送(hex): 20
[2026/09/17 21:27:03] 发送(hex): 20
[2026/09/17 21:27:03] 发送(hex): 20
[2026/09/17 21:27:03] 发送(hex): 20
[2026/09/17 21:27:03] 发送(hex): 20
[2026/09/17 21:27:03] 发送(hex): 20
[2026/09/17 21:27:03] 发送(hex): 20
[2026/09/17 21:27:03] 发送(hex): 20
[2026/09/17 21:27:03] 发送(hex): 20
[2026/09/17 21:27:03] 发送(hex): 20
[2026/09/17 21:27:03] 发送(hex): 20
[2026/09/17 21:27:03] 发送(hex): 20
[2026/09/17 21:27:03] 发送(hex): 20
[2026/09/17 21:27:03] 发送(hex): 20
[2026/09/17 21:27:04] 发送(hex): 20
[2026/09/17 21:27:04] 发送(hex): 20
[2026/09/17 21:27:04] 发送(hex): 20
[2026/09/17 21:27:04] 发送(hex): 20
[2026/09/17 21:27:04] 发送(hex): 20
[2026/09/17 21:27:04] 发送(hex): 20
[2026/09/17 21:27:04] 发送(hex): 20
[2026/09/17 21:27:04] 发送(hex): 20
[2026/09/17 21:27:04] 发送(hex): 20
[2026/09/17 21:27:04] 发送(hex): 20
[2026/09/17 21:27:04] 发送(hex): 20
[2026/09/17 21:27:04] 发送(hex): 20
[2026/09/17 21:27:04] 发送(hex): 20
[2026/09/17 21:27:04] 发送(hex): 20
[2026/09/17 21:27:04] 发送(hex): 20
[2026/09/17 21:27:04] 发送(hex): 20
[2026/09/17 21:27:04] 发送(hex): 20
[2026/09/17 21:27:04] 发送(hex): 20
[2026/09/17 21:27:04] 发送(hex): 20
[2026/09/17 21:27:04] 发送(hex): 20
[2026/09/17 21:27:04] 发送(hex): 20
[2026/09/17 21:27:04] 发送(hex): 20
[2026/09/17 21:27:04] 发送(hex): 20
[2026/09/17 21:27:04] 发送(hex): 20
[2026/09/17 21:27:04] 发送(hex): 20
[2026/09/17 21:27:04] 发送(hex): 20
[2026/09/17 21:27:04] 发送(hex): 20
[2026/09/17 21:27:04] 发送(hex): 20
[2026/09/17 21:27:04] 发送(hex): 20
[2026/09/17 21:27:04] 发送(hex): 20
[2026/09/17 21:27:04] 发送(hex): 20
[2026/09/17 21:27:04] 发送(hex): 20
[2026/09/17 21:27:04] 发送(hex): 20
[2026/09/17 21:27:04] 发送(hex): 20
[2026/09/17 21:27:04] 发送(hex): 20
[2026/09/17 21:27:04] 发送(hex): 20
[2026/09/17 21:27:04] 发送(hex): 20
[2026/09/17 21:27:04] 发送(hex): 20
[2026/09/17 21:27:04] 发送(hex): 20
[2026/09/17 21:27:04] 发送(hex): 20
[2026/09/17 21:27:04] 发送(hex): 20
[2026/09/17 21:27:04] 发送(hex): 20
[2026/09/17 21:27:04] 发送(hex): 20
[2026/09/17 21:27:04] 发送(hex): 20
[2026/09/17 21:27:04] 发送(hex): 20
[2026/09/17 21:27:04] 发送(hex): 20
[2026/09/17 21:27:04] 发送(hex): 20
[2026/09/17 21:27:04] 发送(hex): 20
[2026/09/17 21:27:04] 发送(hex): 20
[2026/09/17 21:27:04] 发送(hex): 20
[2026/09/17 21:27:04] 发送(hex): 20
[2026/09/17 21:27:04] 发送(hex): 20
[2026/09/17 21:27:04] 发送(hex): 20
[2026/09/17 21:27:04] 发送(hex): 20
[2026/09/17 21:27:04] 发送(hex): 20
[2026/09/17 21:27:04] 发送(hex): 20
[2026/09/17 21:27:04] 发送(hex): 20
[2026/09/17 21:27:04] 发送(hex): 20
[2026/09/17 21:27:04] 发送(hex): 20
[2026/09/17 21:27:04] 发送(hex): 20
[2026/09/17 21:27:04] 发送(hex): 20
[2026/09/17 21:27:04] 发送(hex): 20
[2026/09/17 21:27:04] 发送(hex): 20
[2026/09/17 21:27:04] 发送(hex): 20
[2026/09/17 21:27:04] 发送(hex): 20
[2026/09/17 21:27:04] 发送(hex): 20
[2026/09/17 21:27:04] 发送(hex): 20
[2026/09/17 21:27:04] 发送(hex): 20
[2026/09/17 21:27:04] 发送(hex): 20
[2026/09/17 21:27:04] 发送(hex): 20
[2026/09/17 21:27:04] 发送(hex): 20
[2026/09/17 21:27:04] 发送(hex): 20
[2026/09/17 21:27:04] 发送(hex): 20
[2026/09/17 21:27:04] 发送(hex): 20
[2026/09/17 21:27:04] 发送(hex): 20
[2026/09/17 21:27:04] 发送(hex): 20
[2026/09/17 21:27:04] 发送(hex): 20
[2026/09/17 21:27:04] 发送(hex): 20
[2026/09/17 21:27:04] 发送(hex): 20
[2026/09/17 21:27:04] 发送(hex): 20
[2026/09/17 21:27:04] 发送(hex): 20
[2026/09/17 21:27:04] 发送(hex): 20
[2026/09/17 21:27:04] 发送(hex): 20
[2026/09/17 21:27:04] 发送(hex): 20
[2026/09/17 21:27:04] 发送(hex): 20
[2026/09/17 21:27:04] 发送(hex): 20
[2026/09/17 21:27:04] 发送(hex): 20
[2026/09/17 21:27:04] 发送(hex): 20
[2026/09/17 21:27:04] 发送(hex): 20
[2026/09/17 21:27:04] 发送(hex): 20
[2026/09/17 21:27:04] 发送(hex): 20
[2026/09/17 21:27:04] 发送(hex): 20
[2026/09/17 21:27:04] 发送(hex): 20
[2026/09/17 21:27:04] 发送(hex): 20
[2026/09/17 21:27:05] 发送(hex): 20
[2026/09/17 21:27:05] 发送(hex): 20
[2026/09/17 21:27:05] 发送(hex): 20
[2026/09/17 21:27:05] 发送(hex): 20
[2026/09/17 21:27:05] 发送(hex): 20
[2026/09/17 21:27:05] 发送(hex): 20
[2026/09/17 21:27:05] 发送(hex): 20
[2026/09/17 21:27:05] 发送(hex): 20
[2026/09/17 21:27:05] 发送(hex): 20
[2026/09/17 21:27:05] 发送(hex): 20
[2026/09/17 21:27:05] 发送(hex): 20
[2026/09/17 21:27:05] 发送(hex): 20
[2026/09/17 21:27:05] 发送(hex): 20
[2026/09/17 21:27:05] 发送(hex): 20
[2026/09/17 21:27:05] 发送(hex): 20
[2026/09/17 21:27:05] 发送(hex): 20
[2026/09/17 21:27:05] 发送(hex): 20
[2026/09/17 21:27:05] 发送(hex): 20
[2026/09/17 21:27:05] 发送(hex): 20
[2026/09/17 21:27:05] 发送(hex): 20
[2026/09/17 21:27:05] 发送(hex): 20
[2026/09/17 21:27:05] 发送(hex): 20
[2026/09/17 21:27:05] 发送(hex): 20
[2026/09/17 21:27:05] 发送(hex): 20
[2026/09/17 21:27:05] 发送(hex): 20
[2026/09/17 21:27:05] 发送(hex): 20
[2026/09/17 21:27:05] 发送(hex): 20
[2026/09/17 21:27:05] 发送(hex): 20
[2026/09/17 21:27:05] 发送(hex): 20
[2026/09/17 21:27:05] 发送(hex): 20
[2026/09/17 21:27:05] 发送(hex): 20
[2026/09/17 21:27:05] 发送(hex): 20
[2026/09/17 21:27:05] 发送(hex): 20
[2026/09/17 21:27:05] 发送(hex): 20
[2026/09/17 21:27:05] 发送(hex): 20
[2026/09/17 21:27:05] 发送(hex): 20
[2026/09/17 21:27:05] 发送(hex): 20
[2026/09/17 21:27:05] 发送(hex): 20
[2026/09/17 21:27:05] 发送(hex): 20
[2026/09/17 21:27:05] 发送(hex): 20
[2026/09/17 21:27:05] 发送(hex): 20
[2026/09/17 21:27:05] 发送(hex): 20
[2026/09/17 21:27:05] 发送(hex): 20
[2026/09/17 21:27:05] 发送(hex): 20
[2026/09/17 21:27:05] 发送(hex): 20
[2026/09/17 21:27:05] 发送(hex): 20
[2026/09/17 21:27:05] 发送(hex): 20
[2026/09/17 21:27:05] 发送(hex): 20
[2026/09/17 21:27:05] 发送(hex): 20
[2026/09/17 21:27:05] 发送(hex): 20
[2026/09/17 21:27:05] 发送(hex): 20
[2026/09/17 21:27:05] 发送(hex): 20
[2026/09/17 21:27:05] 发送(hex): 20
[2026/09/17 21:27:05] 发送(hex): 20
[2026/09/17 21:27:05] 发送(hex): 20
[2026/09/17 21:27:05] 发送(hex): 20
[2026/09/17 21:27:05] 发送(hex): 20
[2026/09/17 21:27:05] 发送(hex): 20
[2026/09/17 21:27:05] 发送(hex): 20
[2026/09/17 21:27:05] 发送(hex): 20
[2026/09/17 21:27:05] 发送(hex): 20
[2026/09/17 21:27:05] 发送(hex): 20
[2026/09/17 21:27:05] 发送(hex): 20
[2026/09/17 21:27:05] 发送(hex): 20
[2026/09/17 21:27:05] 发送(hex): 20
[2026/09/17 21:27:05] 发送(hex): 20
[2026/09/17 21:27:05] 发送(hex): 20
[2026/09/17 21:27:05] 发送(hex): 20
[2026/09/17 21:27:05] 发送(hex): 20
[2026/09/17 21:27:05] 发送(hex): 20
[2026/09/17 21:27:05] 发送(hex): 20
[2026/09/17 21:27:05] 发送(hex): 20
[2026/09/17 21:27:05] 发送(hex): 20
[2026/09/17 21:27:05] 发送(hex): 20
[2026/09/17 21:27:05] 发送(hex): 20
[2026/09/17 21:27:05] 发送(hex): 20
[2026/09/17 21:27:05] 发送(hex): 20
[2026/09/17 21:27:05] 发送(hex): 20
[2026/09/17 21:27:05] 发送(hex): 20
[2026/09/17 21:27:05] 发送(hex): 20
[2026/09/17 21:27:05] 发送(hex): 20
[2026/09/17 21:27:05] 发送(hex): 20
[2026/09/17 21:27:05] 发送(hex): 20
[2026/09/17 21:27:05] 发送(hex): 20
[2026/09/17 21:27:05] 发送(hex): 20
[2026/09/17 21:27:05] 发送(hex): 20
[2026/09/17 21:27:05] 发送(hex): 20
[2026/09/17 21:27:05] 发送(hex): 20
[2026/09/17 21:27:05] 发送(hex): 20
[2026/09/17 21:27:05] 发送(hex): 20
[2026/09/17 21:27:05] 发送(hex): 20
[2026/09/17 21:27:05] 发送(hex): 20
[2026/09/17 21:27:05] 发送(hex): 20
[2026/09/17 21:27:05] 发送(hex): 20
[2026/09/17 21:27:06] 发送(hex): 20
[2026/09/17 21:27:06] 发送(hex): 20
[2026/09/17 21:27:06] 发送(hex): 20
[2026/09/17 21:27:06] 发送(hex): 20
[2026/09/17 21:27:06] 发送(hex): 20
[2026/09/17 21:27:06] 发送(hex): 20
[2026/09/17 21:27:06] 发送(hex): 20
[2026/09/17 21:27:06] 发送(hex): 20
[2026/09/17 21:27:06] 发送(hex): 20
[2026/09/17 21:27:06] 发送(hex): 20
[2026/09/17 21:27:06] 发送(hex): 20
[2026/09/17 21:27:06] 发送(hex): 20
[2026/09/17 21:27:06] 发送(hex): 20
[2026/09/17 21:27:06] 发送(hex): 20
[2026/09/17 21:27:06] 发送(hex): 20
[2026/09/17 21:27:06] 发送(hex): 20
[2026/09/17 21:27:06] 发送(hex): 20
[2026/09/17 21:27:06] 发送(hex): 20
[2026/09/17 21:27:06] 发送(hex): 20
[2026/09/17 21:27:06] 发送(hex): 20
[2026/09/17 21:27:06] 发送(hex): 20
[2026/09/17 21:27:06] 发送(hex): 20
[2026/09/17 21:27:06] 发送(hex): 20
[2026/09/17 21:27:06] 发送(hex): 20
[2026/09/17 21:27:06] 发送(hex): 20
[2026/09/17 21:27:06] 发送(hex): 20
[2026/09/17 21:27:06] 发送(hex): 20
[2026/09/17 21:27:06] 发送(hex): 20
[2026/09/17 21:27:06] 发送(hex): 20
[2026/09/17 21:27:06] 发送(hex): 20
[2026/09/17 21:27:06] 发送(hex): 20
[2026/09/17 21:27:06] 发送(hex): 20
[2026/09/17 21:27:06] 发送(hex): 20
[2026/09/17 21:27:06] 发送(hex): 20
[2026/09/17 21:27:06] 发送(hex): 20
[2026/09/17 21:27:06] 发送(hex): 20
[2026/09/17 21:27:06] 发送(hex): 20
[2026/09/17 21:27:06] 发送(hex): 20
[2026/09/17 21:27:06] 发送(hex): 20
[2026/09/17 21:27:06] 发送(hex): 20
[2026/09/17 21:27:06] 发送(hex): 20
[2026/09/17 21:27:06] 发送(hex): 20
[2026/09/17 21:27:06] 发送(hex): 20
[2026/09/17 21:27:06] 发送(hex): 20
[2026/09/17 21:27:06] 发送(hex): 20
[2026/09/17 21:27:06] 发送(hex): 20
[2026/09/17 21:27:06] 发送(hex): 20
[2026/09/17 21:27:06] 发送(hex): 20
[2026/09/17 21:27:06] 发送(hex): 20
[2026/09/17 21:27:06] 发送(hex): 20
[2026/09/17 21:27:06] 发送(hex): 20
[2026/09/17 21:27:06] 发送(hex): 20
[2026/09/17 21:27:06] 发送(hex): 20
[2026/09/17 21:27:06] 发送(hex): 20
[2026/09/17 21:27:06] 发送(hex): 20
[2026/09/17 21:27:06] 发送(hex): 20
[2026/09/17 21:27:06] 发送(hex): 20
[2026/09/17 21:27:06] 发送(hex): 20
[2026/09/17 21:27:06] 发送(hex): 20
[2026/09/17 21:27:06] 发送(hex): 20
[2026/09/17 21:27:06] 发送(hex): 20
[2026/09/17 21:27:06] 发送(hex): 20
[2026/09/17 21:27:06] 发送(hex): 20
[2026/09/17 21:27:06] 发送(hex): 20
[2026/09/17 21:27:07] 发送(hex): 0d
[2026/09/17 21:27:07] 发送(hex): 0d
[2026/09/17 21:27:07] Realtek>
[2026/09/17 21:27:07] 发送(hex): 0d
[2026/09/17 21:27:07] Realtek>
[2026/09/17 21:27:07] 发送(hex): 0d
[2026/09/17 21:27:07] 发送(hex): 0d
[2026/09/17 21:27:07] Realtek>
[2026/09/17 21:27:07] Realtek>
[2026/09/17 21:27:07] Realtek>
[2026/09/17 21:27:12] 发送(hex): 706d6f64652064697361626c653b72650d
[2026/09/17 21:27:12] pmode disable;re
[2026/09/17 21:27:12] uboot command for pmode disable!
[2026/09/17 21:27:12] resetting ...
[2026/09/17 21:27:12] $
[2026/09/17 21:27:12] Post romcode git ver:42df880604ac78a3 (Aug 28 202
[2026/09/17 21:27:12] 6 21:41:35)
[2026/09/17 21:27:12] $
[2026/09/17 21:27:12] Hello world, RTD2875P_CN2_TV030!
[2026/09/17 21:27:12] set_wifi_reset
[2026/09/17 21:27:12] Auxcode git ver:3a4deb9ea300359e (Aug 28 2026 21:41:29)
[2026/09/17 21:27:12] flash_type = 2, secure_type = 2
[2026/09/17 21:27:12] b8062204=20000
[2026/09/17 21:27:12] slot info 0 0x0 info 1 0x9021afbe
[2026/09/17 21:27:12] g_gpt_blk_start 0x1  g_offline_gpt 0x0 last_usable_lba 0x1cd2032 num_partition_entries 0x32
[2026/09/17 21:27:12] start 0x2e600000 clt_blk 0x1973004 ctrl size 0x20
[2026/09/17 21:27:12] choose active index 0
[2026/09/17 21:27:12] part name bootloader ative_slot _a real part name bootloader_a
[2026/09/17 21:27:12] part name hwsetting start 0x100000 size 0x33600
[2026/09/17 21:27:12] part name ext_fw start 0x133600 size 0x10400
[2026/09/17 21:27:12] part name kboot start 0x143a00 size 0x16e00
[2026/09/17 21:27:12] part name uboot start 0x15a800 size 0x120400
[2026/09/17 21:27:12] ls4 2 1 = 800040ab 8000207f 80001000
[2026/09/17 21:27:12] fNewHWsettingArch = 2
[2026/09/17 21:27:12] 1.lsadcidx = 2, brand =3, offset = 0
[2026/09/17 21:27:12] 1.lsadcidx = 2, brand =3, offset = 17800
[2026/09/17 21:27:12] hwsetting from mmc
[2026/09/17 21:27:12] AC on HW offset 0x809 start 0x800 reg 0x8090800
[2026/09/17 21:27:12] total = 2f00
[2026/09/17 21:27:12] A
[2026/09/17 21:27:12] A
[2026/09/17 21:27:12] A
[2026/09/17 21:27:12] A
[2026/09/17 21:27:12] A
[2026/09/17 21:27:12] {12 14}
[2026/09/17 21:27:12] ffeeddffeeddddr ver: 62c63180
[2026/09/17 21:27:12] ori DQS0~7 {03 04 1a 1c 00 01 00 00}
[2026/09/17 21:27:12] {01 03 19 1b 00 01 00 00} {09 09 07 09 06 05 00 00}
[2026/09/17 21:27:12] r.y.0 r.
[2026/09/17 21:27:12] y.0 SCPU BISR status: Done
[2026/09/17 21:27:12] [go kb]
[2026/09/17 21:27:12] pass bootcode
[2026/09/17 21:27:12] info to kboot
[2026/09/17 21:27:12] num=1056
[2026/09/17 21:27:12] boot_magic=20230423
[2026/09/17 21:27:12] ---DEBUG kboot 21:41:14 Aug 28 2026 ---
[2026/09/17 21:27:12] [Kboot]eMMC(mid-15) MMC_HS50 (50000000Mhz)[8bit].
[2026/09/17 21:27:12] block info 0x1cd2032 0x3a3e000.
[2026/09/17 21:27:12] [MMC] 32 -----------> 16GB.
[2026/09/17 21:27:12] (2379beef) (0) bufsize=(null)
[2026/09/17 21:27:12] uboot start 0x15a800 size 0x120400
[2026/09/17 21:27:12] board_version: ls
[2026/09/17 21:27:12] 1 = 0, ver: 0
[2026/09/17 21:27:12] [0;31mapp_main 325 board_version=0[0m
[2026/09/17 21:27:13] get FW_TZFW flash start 0xf100200 ddr buf start 0x
[2026/09/17 21:27:13] 180000 image size 010c2e3 ok!
[2026/09/17 21:27:13] [INFO]RPMB auth key not written !
[2026/09/17 21:27:13] [INFO]RPMB auth key not written !
[2026/09/17 21:27:13] Current board is not frist boot.
[2026/09/17 21:27:13] ALL zero, reserved_3 has removed.
[2026/09/17 21:27:13] Current board remove reserved_3 done.
[2026/09/17 21:27:13] get FW_VKERNEL fl
[2026/09/17 21:27:13] ash start 0xc100200 ddr buf start 0x1a900000 image size 05f0300 ok!
[2026/09/17 21:27:13] get FW_VKERNEL2 flash start 0xd900200 ddr buf start 0x1af00000 image size 0f4920 ok!
[2026/09/17 21:27:13] get FW_AKERNEL flash start 0xa900200 ddr buf start 0x1b200000 image size 07fbf7c ok!
[2026/09/17 21:27:13] ATFATFATF:0 1 NOTICE: kill CPU(2)...
[2026/09/17 21:27:13] ATF:0 1 NOTICE: kill (2) : PACTIVE:0
[2026/09/17 21:27:13] ATF:0 1 NOTICE:  CPU(2) kill done, pstate(0x0)
[2026/09/17 21:27:13] U
[2026/09/17 21:27:13] fixup_node_name 555. set /reserved
[2026/09/17 21:27:13] -memory@5 to /reserved-memory
[2026/09/17 21:27:13] fixup_node_name 555. set /rtk_cma@5 to /rtk_cma
[2026/09/17 21:27:13] ### [1;31mERROR[0m ### get_movablecore 613. Can't find dtb node /reserved-memory/cma2_memory/reg
[2026/09/17 21:27:13] reinit_mem_info 1049  ddr_size 80000000
[2026/09/17 21:27:13] booting, boot_led_type: 0x00000000, led on[1]
[2026/09/17 21:27:13] set share register: 0x99100000
[2026/09/17 21:27:13] boot_power_on_mode=1
[2026/09/17 21:27:13] [get_layout:1264]!
[2026/09/17 21:27:13] boot_part value = 0 boot_tag value = 21
[2026/09/17 21:27:13] [get_oemkey] 1397: get oem.key = ATV00107525
[2026/09/17 21:27:13] Factory_RO: [EXT4] factory_ro_buffer:0a800000, factory_ro_buffer size:0x1000000!
[2026/09/17 21:27:13] Partiton factory_ro_a located at 0:6
[2026/09/17 21:27:13] factory_ro_a partition can not find /.000@bk@***!
[2026/09/17 21:27:13] Factory RO no need recovery!
[2026/09/17 21:27:13] Get tvconfigs_a partition block device index fail!
[2026/09/17 21:27:13] read customer.ini file fail!
[2026/09/17 21:27:13] parse SYS_INI path fail
[2026/09/17 21:27:13] Not support board ini mechansim!
[2026/09/17 21:27:13] Get tvconfigs_a partition block device index fail!
[2026/09/17 21:27:13] read customer.ini file fail!
[2026/09/17 21:27:13] parse SYS_INI path fail
[2026/09/17 21:27:13] load model ini file fail
[2026/09/17 21:27:13] cannot find PcbPath from ini file
[2026/09/17 21:27:13] no pcb.config in tvconfigs
[2026/09/17 21:27:13] no mnt/vendor/factorypcb.config
[2026/09/17 21:27:14] delay:342
[2026/09/17 21:27:15] Vwait V1go
[2026/09/17 21:27:15] Vwait V2go
[2026/09/17 21:27:15] DEMOD BISR check Pass and disable demod C
[2026/09/17 21:27:15] LK!!
[2026/09/17 21:27:15] [0;31mboard_version=0 sz=18M[0m
[2026/09/17 21:27:15] ATF:0 1 NOTICE: atf enter time:1181ms, current time:2696ms
[2026/09/17 21:27:15] ATF:0 1 NOTICE: 1st boot elapsed 2702ms
[2026/09/17 21:27:17] console:/ $
[2026/09/17 21:27:47] 发送(hex): 0d
[2026/09/17 21:27:47] 发送(hex): 0d
[2026/09/17 21:27:47] 发送(hex): 0d
[2026/09/17 21:27:47] console:/ $
[2026/09/17 21:27:47] 发送(hex): 0d
[2026/09/17 21:27:47] console:/ $
[2026/09/17 21:27:47] console:/ $
[2026/09/17 21:27:47] console:/ $
[2026/09/17 21:27:48] 发送(hex): 6c6f67636174207c67726570206d5a697046696c654e616d650d
[2026/09/17 21:27:48] logcat |grep mZipFileName
[2026/09/17 21:27:50] 08-30 18:21:55.386  1047  1092 D BootAnimation: cxtest mZipFileName:/tvcust/aio_resources/resource/brand/common_TCL/bootanim/customized_bootanimation.zip
[2026/09/17 21:27:50] 发送(hex): 03
[2026/09/17 21:27:50] ^C
[2026/09/17 21:27:57] 发送(hex): 20
[2026/09/17 21:27:57] 发送(hex): 20
[2026/09/17 21:27:57] 发送(hex): 20
[2026/09/17 21:27:57] 发送(hex): 20
[2026/09/17 21:27:57] 发送(hex): 20
[2026/09/17 21:27:57] 发送(hex): 20
[2026/09/17 21:27:57] 发送(hex): 20
[2026/09/17 21:27:57] 发送(hex): 20
[2026/09/17 21:27:57] 发送(hex): 20
[2026/09/17 21:27:57] 发送(hex): 20
[2026/09/17 21:27:57] 发送(hex): 20
[2026/09/17 21:27:57] 发送(hex): 20
[2026/09/17 21:27:57] 发送(hex): 20
[2026/09/17 21:27:57] 发送(hex): 20
[2026/09/17 21:27:57] 发送(hex): 20
[2026/09/17 21:27:57] 发送(hex): 20
[2026/09/17 21:27:57] 发送(hex): 20
[2026/09/17 21:27:57] 发送(hex): 20
[2026/09/17 21:27:57] 发送(hex): 20
[2026/09/17 21:27:57] 发送(hex): 20
[2026/09/17 21:27:57] 发送(hex): 20
[2026/09/17 21:27:57] 发送(hex): 20
[2026/09/17 21:27:57] 发送(hex): 20
[2026/09/17 21:27:57] 发送(hex): 20
[2026/09/17 21:27:57] 发送(hex): 20
[2026/09/17 21:27:57] 发送(hex): 20
[2026/09/17 21:27:57] 发送(hex): 20
[2026/09/17 21:27:57] 发送(hex): 20
[2026/09/17 21:27:57] 发送(hex): 20
[2026/09/17 21:27:57] 发送(hex): 20
[2026/09/17 21:27:57] $
[2026/09/17 21:27:57] Post ro
[2026/09/17 21:27:57] 发送(hex): 20
[2026/09/17 21:27:57] 发送(hex): 20
[2026/09/17 21:27:57] 发送(hex): 20
[2026/09/17 21:27:57] 发送(hex): 20
[2026/09/17 21:27:57] mcode git ver:42df880604ac78a3 (Aug 28 2026 21:41:35)
[2026/09/17 21:27:57] $
[2026/09/17 21:27:57] Hello world, RTD2875P_CN2_TV030!
[2026/09/17 21:27:57] set_wifi_reset
[2026/09/17 21:27:57] Auxcode git ver:3a4deb9ea300359e (Aug 28 2026 21:41:29)
[2026/09/17 21:27:57] flash_type = 2, secure_type = 2
[2026/09/17 21:27:57] b8062204=0
[2026/09/17 21:27:57] 发送(hex): 20
[2026/09/17 21:27:57] 发送(hex): 20
[2026/09/17 21:27:57] 发送(hex): 20
[2026/09/17 21:27:57] 发送(hex): 20
[2026/09/17 21:27:57] 发送(hex): 20
[2026/09/17 21:27:57] 发送(hex): 20
[2026/09/17 21:27:57] 发送(hex): 20
[2026/09/17 21:27:57] 发送(hex): 20
[2026/09/17 21:27:57] 发送(hex): 20
[2026/09/17 21:27:57] 发送(hex): 20
[2026/09/17 21:27:57] slot info 0 0x0 info 1 0x0
[2026/09/17 21:27:57] invalid reg slot status 0x0,get slot info from flash!
[2026/09/17 21:27:57] g_gpt_blk_start 0x1  g_offline_gpt 0x0 last_usable_lba 0x1cd2032 num_partition_entries 0x32
[2026/09/17 21:27:57] start 0x2e600000 clt_blk 0x1973004 ctrl size 0x20
[2026/09/17 21:27:57] choose active index 0
[2026/09/17 21:27:57] part name bootloader ative_slot _a real part name bootloader_a
[2026/09/17 21:27:57] part name hwsetting start 0x100000 size 0x33600
[2026/09/17 21:27:57] part name ext_fw start 0x133600 size 0x10400
[2026/09/17 21:27:57] part name kboot start 0x143a00 size 0x16e00
[2026/09/17 21:27:57] part name uboot start 0x15a800 size 0x120400
[2026/09/17 21:27:57] ls4 2 1 = 800040ab 8000207f 80001000
[2026/09/17 21:27:57] fNewHWsettingArch = 2
[2026/09/17 21:27:57] 1.lsadcidx = 2, brand =3, offset = 0
[2026/09/17 21:27:57] 1.lsadcidx = 2, brand =3, offset = 17800
[2026/09/17 21:27:57] hwsetting from mmc
[2026/09/17 21:27:57] AC on HW offset 0x809 start 0x800 reg 0x8090800
[2026/09/17 21:27:57] total = 2f00
[2026/09/17 21:27:57] 发送(hex): 20
[2026/09/17 21:27:57] 发送(hex): 20
[2026/09/17 21:27:57] 发送(hex): 20
[2026/09/17 21:27:57] 发送(hex): 20
[2026/09/17 21:27:57] A
[2026/09/17 21:27:57] 发送(hex): 20
[2026/09/17 21:27:57] 发送(hex): 20
[2026/09/17 21:27:57] A
[2026/09/17 21:27:57] 发送(hex): 20
[2026/09/17 21:27:57] A
[2026/09/17 21:27:57] A
[2026/09/17 21:27:57] 发送(hex): 20
[2026/09/17 21:27:57] 发送(hex): 20
[2026/09/17 21:27:57] A
[2026/09/17 21:27:57] 发送(hex): 20
[2026/09/17 21:27:57] 发送(hex): 20
[2026/09/17 21:27:57] {12 14}
[2026/09/17 21:27:57] ffeeddffeeddddr ver: 62c63180
[2026/09/17 21:27:57] ori DQS0~7 {03 04 1a 1c 00 01 00 00}
[2026/09/17 21:27:57] 发送(hex): 20
[2026/09/17 21:27:57] 发送(hex): 20
[2026/09/17 21:27:57] 发送(hex): 20
[2026/09/17 21:27:57] 发送(hex): 20
[2026/09/17 21:27:57] 发送(hex): 20
[2026/09/17 21:27:57] 发送(hex): 20
[2026/09/17 21:27:57] 发送(hex): 20
[2026/09/17 21:27:57] {01 03 19 1b 00 02 00 00} {09 09 07 09 06 05 00 00}
[2026/09/17 21:27:57] r.y.0
[2026/09/17 21:27:58] 发送(hex): 20
[2026/09/17 21:27:58] 发送(hex): 20
[2026/09/17 21:27:58] r.y.0 SCPU BISR status: Done
[2026/09/17 21:27:58] 发送(hex): 20
[2026/09/17 21:27:58] [go kb]
[2026/09/17 21:27:58] 发送(hex): 20
[2026/09/17 21:27:58] 发送(hex): 20
[2026/09/17 21:27:58] 发送(hex): 20
[2026/09/17 21:27:58] 发送(hex): 20
[2026/09/17 21:27:58] pass bootcode info to kboot
[2026/09/17 21:27:58] num=1100
[2026/09/17 21:27:58] boot_magic=50046000
[2026/09/17 21:27:58] ---DEBUG kboot 21:41:14 Aug 28 2026 ---
[2026/09/17 21:27:58] [Kboot]eMMC(mid-15) MMC_HS50 (50000000Mhz)[8bit].
[2026/09/17 21:27:58] block info 0x1cd2032 0x3a3e000.
[2026/09/17 21:27:58] [MMC] 32 -----------> 16GB.
[2026/09/17 21:27:58] 发送(hex): 20
[2026/09/17 21:27:58] (00000000) (1) bufsize=(null)
[2026/09/17 21:27:58] 发送(hex): 20
[2026/09/17 21:27:58] 发送(hex): 20
[2026/09/17 21:27:58] 发送(hex): 20
[2026/09/17 21:27:58] uboot start 0x15a800 size 0
[2026/09/17 21:27:58] 发送(hex): 20
[2026/09/17 21:27:58] 发送(hex): 20
[2026/09/17 21:27:58] x120400
[2026/09/17 21:27:58] bo
[2026/09/17 21:27:58] 发送(hex): 20
[2026/09/17 21:27:58] 发送(hex): 20
[2026/09/17 21:27:58] ard_version: ls1 = 0, ver: 0
[2026/09/17 21:27:58] [0;31mapp_main 325 board_version=0[0m
[2026/09/17 21:27:58] 发送(hex): 20
[2026/09/17 21:27:58] 发送(hex): 20
[2026/09/17 21:27:58] 发送(hex): 20
[2026/09/17 21:27:58] 发送(hex): 20
[2026/09/17 21:27:58] 发送(hex): 20
[2026/09/17 21:27:58] 发送(hex): 20
[2026/09/17 21:27:58] get FW_TZFW flash start 0xf100200 ddr buf start 0x180000 image size 010c2e3 ok!
[2026/09/17 21:27:58] [INFO]RPMB auth key not written !
[2026/09/17 21:27:58] [INFO]RPMB auth key not written !
[2026/09/17 21:27:58] Current board is not frist boot.
[2026/09/17 21:27:58] ALL zero, reserved_3 has removed.
[2026/09/17 21:27:58] Current board remove reserved_3 done.
[2026/09/17 21:27:58] 发送(hex): 20
[2026/09/17 21:27:58] 发送(hex): 20
[2026/09/17 21:27:58] 发送(hex): 20
[2026/09/17 21:27:58] 发送(hex): 20
[2026/09/17 21:27:58] 发送(hex): 20
[2026/09/17 21:27:58] 发送(hex): 20
[2026/09/17 21:27:58] 发送(hex): 20
[2026/09/17 21:27:58] 发送(hex): 20
[2026/09/17 21:27:58] 发送(hex): 20
[2026/09/17 21:27:58] 发送(hex): 20
[2026/09/17 21:27:58] 发送(hex): 20
[2026/09/17 21:27:58] 发送(hex): 20
[2026/09/17 21:27:58] 发送(hex): 20
[2026/09/17 21:27:58] 发送(hex): 20
[2026/09/17 21:27:58] 发送(hex): 20
[2026/09/17 21:27:58] 发送(hex): 20
[2026/09/17 21:27:58] 发送(hex): 20
[2026/09/17 21:27:58] 发送(hex): 20
[2026/09/17 21:27:58] get FW_VKERNEL flash sta
[2026/09/17 21:27:58] 发送(hex): 20
[2026/09/17 21:27:58] 发送(hex): 20
[2026/09/17 21:27:58] rt 0xc100200 ddr buf start 0x1a900000 image size 05f0300 ok!
[2026/09/17 21:27:58] 发送(hex): 20
[2026/09/17 21:27:58] 发送(hex): 20
[2026/09/17 21:27:58] 发送(hex): 20
[2026/09/17 21:27:58] 发送(hex): 20
[2026/09/17 21:27:58] get FW_VKERNEL2 flash start 0xd900200 ddr buf start 0x1af00000 image size 0f4920 ok!
[2026/09/17 21:27:58] 发送(hex): 20
[2026/09/17 21:27:58] 发送(hex): 20
[2026/09/17 21:27:58] 发送(hex): 20
[2026/09/17 21:27:58] 发送(hex): 20
[2026/09/17 21:27:58] 发送(hex): 20
[2026/09/17 21:27:58] 发送(hex): 20
[2026/09/17 21:27:58] 发送(hex): 20
[2026/09/17 21:27:58] 发送(hex): 20
[2026/09/17 21:27:58] 发送(hex): 20
[2026/09/17 21:27:58] 发送(hex): 20
[2026/09/17 21:27:58] 发送(hex): 20
[2026/09/17 21:27:58] 发送(hex): 20
[2026/09/17 21:27:58] 发送(hex): 20
[2026/09/17 21:27:58] 发送(hex): 20
[2026/09/17 21:27:58] 发送(hex): 20
[2026/09/17 21:27:58] 发送(hex): 20
[2026/09/17 21:27:58] 发送(hex): 20
[2026/09/17 21:27:58] 发送(hex): 20
[2026/09/17 21:27:58] 发送(hex): 20
[2026/09/17 21:27:58] 发送(hex): 20
[2026/09/17 21:27:58] 发送(hex): 20
[2026/09/17 21:27:58] 发送(hex): 20
[2026/09/17 21:27:58] 发送(hex): 20
[2026/09/17 21:27:58] 发送(hex): 20
[2026/09/17 21:27:58] 发送(hex): 20
[2026/09/17 21:27:58] 发送(hex): 20
[2026/09/17 21:27:58] get FW_AKERNEL flash start 0xa900200 ddr buf start 0x1b200000 image size 07fbf7c ok!
[2026/09/17 21:27:58] 发送(hex): 20
[2026/09/17 21:27:58] 发送(hex): 20
[2026/09/17 21:27:58] 发送(hex): 20
[2026/09/17 21:27:58] 发送(hex): 20
[2026/09/17 21:27:58] 发送(hex): 20
[2026/09/17 21:27:58] 发送(hex): 20
[2026/09/17 21:27:58] 发送(hex): 20
[2026/09/17 21:27:58] 发送(hex): 20
[2026/09/17 21:27:58] 发送(hex): 20
[2026/09/17 21:27:58] 发送(hex): 20
[2026/09/17 21:27:58] 发送(hex): 20
[2026/09/17 21:27:58] ATFATFATF:0 1 NOTICE: kill CPU(2)...
[2026/09/17 21:27:58] ATF:0 1 NOTICE: kill (2) : PACTIVE:0
[2026/09/17 21:27:58] ATF:0 1 NOTICE:  CPU(2) kill done, pstate(0x0)
[2026/09/17 21:27:58] 发送(hex): 20
[2026/09/17 21:27:58] U
[2026/09/17 21:27:58] 发送(hex): 20
[2026/09/17 21:27:58] 发送(hex): 20
[2026/09/17 21:27:58] 发送(hex): 20
[2026/09/17 21:27:58] 发送(hex): 20
[2026/09/17 21:27:58] 发送(hex): 20
[2026/09/17 21:27:58] 发送(hex): 20
[2026/09/17 21:27:58] 发送(hex): 20
[2026/09/17 21:27:58] 发送(hex): 20
[2026/09/17 21:27:58] 发送(hex): 20
[2026/09/17 21:27:58] 发送(hex): 20
[2026/09/17 21:27:59] 发送(hex): 20
[2026/09/17 21:27:59] 发送(hex): 20
[2026/09/17 21:27:59] fixup_node_name 555. set /reserved
[2026/09/17 21:27:59] 发送(hex): 20
[2026/09/17 21:27:59] 发送(hex): 20
[2026/09/17 21:27:59] 发送(hex): 20
[2026/09/17 21:27:59] 发送(hex): 20
[2026/09/17 21:27:59] -memory@5 to /reserved-memory
[2026/09/17 21:27:59] fixup_node_name 555. set /rtk_cma@5 to /rtk_cma
[2026/09/17 21:27:59] ### [1;31mERROR[0m ### get_movablecore 613. Can't find dtb node /reserved-memory/cma2_memory/reg
[2026/09/17 21:27:59] reinit_mem_info 1049  ddr_size 80000000
[2026/09/17 21:27:59] 发送(hex): 20
[2026/09/17 21:27:59] 发送(hex): 20
[2026/09/17 21:27:59] booting, boot_led_type: 0x00000000, led on[1]
[2026/09/17 21:27:59] set share register: 0x99100000
[2026/09/17 21:27:59] boot_power_on_mode=1
[2026/09/17 21:27:59] [get_layout:1264]!
[2026/09/17 21:27:59] 发送(hex): 20
[2026/09/17 21:27:59] 发送(hex): 20
[2026/09/17 21:27:59] 发送(hex): 20
[2026/09/17 21:27:59] 发送(hex): 20
[2026/09/17 21:27:59] 发送(hex): 20
[2026/09/17 21:27:59] 发送(hex): 20
[2026/09/17 21:27:59] 发送(hex): 20
[2026/09/17 21:27:59] 发送(hex): 20
[2026/09/17 21:27:59] boot_part value = 0 boot_tag value = 21
[2026/09/17 21:27:59] [get_oemkey] 1397: get oem.key = ATV00107525
[2026/09/17 21:27:59] Factory_RO: [EXT4] factory_ro_buffer:0a800000, factory_ro_buffer size:0x1000000!
[2026/09/17 21:27:59] Partiton factory_ro_a located at 0:6
[2026/09/17 21:27:59] factory_ro_a partition can not find /.000@bk@***!
[2026/09/17 21:27:59] Factory RO no need recovery!
[2026/09/17 21:27:59] Get tvconfigs_a partition block device index fail!
[2026/09/17 21:27:59] read customer.ini file fail!
[2026/09/17 21:27:59] parse SYS_INI path fail
[2026/09/17 21:27:59] Not support board ini mechansim!
[2026/09/17 21:27:59] Get tvconfigs_a partition block device index fail!
[2026/09/17 21:27:59] read customer.ini file fail!
[2026/09/17 21:27:59] parse SYS_INI path fail
[2026/09/17 21:27:59] load model ini file fail
[2026/09/17 21:27:59] cannot find PcbPath from ini file
[2026/09/17 21:27:59] no pcb.config in tvconfigs
[2026/09/17 21:27:59] no mnt/vendor/factorypcb.config
[2026/09/17 21:27:59] 发送(hex): 20
[2026/09/17 21:27:59] 发送(hex): 20
[2026/09/17 21:27:59] 发送(hex): 20
[2026/09/17 21:27:59] 发送(hex): 20
[2026/09/17 21:27:59] 发送(hex): 20
[2026/09/17 21:27:59] 发送(hex): 20
[2026/09/17 21:27:59] 发送(hex): 20
[2026/09/17 21:27:59] 发送(hex): 20
[2026/09/17 21:27:59] 发送(hex): 20
[2026/09/17 21:27:59] 发送(hex): 20
[2026/09/17 21:27:59] 发送(hex): 20
[2026/09/17 21:27:59] 发送(hex): 20
[2026/09/17 21:27:59] 发送(hex): 20
[2026/09/17 21:27:59] 发送(hex): 20
[2026/09/17 21:27:59] 发送(hex): 20
[2026/09/17 21:27:59] 发送(hex): 20
[2026/09/17 21:27:59] 发送(hex): 20
[2026/09/17 21:27:59] 发送(hex): 20
[2026/09/17 21:27:59] 发送(hex): 20
[2026/09/17 21:27:59] 发送(hex): 20
[2026/09/17 21:27:59] 发送(hex): 20
[2026/09/17 21:27:59] 发送(hex): 20
[2026/09/17 21:27:59] 发送(hex): 20
[2026/09/17 21:27:59] 发送(hex): 20
[2026/09/17 21:27:59] 发送(hex): 20
[2026/09/17 21:27:59] 发送(hex): 20
[2026/09/17 21:27:59] 发送(hex): 20
[2026/09/17 21:27:59] 发送(hex): 20
[2026/09/17 21:27:59] 发送(hex): 20
[2026/09/17 21:27:59] 发送(hex): 20
[2026/09/17 21:27:59] 发送(hex): 20
[2026/09/17 21:27:59] 发送(hex): 20
[2026/09/17 21:27:59] 发送(hex): 20
[2026/09/17 21:27:59] 发送(hex): 20
[2026/09/17 21:27:59] 发送(hex): 20
[2026/09/17 21:27:59] 发送(hex): 20
[2026/09/17 21:27:59] 发送(hex): 20
[2026/09/17 21:27:59] 发送(hex): 20
[2026/09/17 21:27:59] 发送(hex): 20
[2026/09/17 21:27:59] 发送(hex): 20
[2026/09/17 21:27:59] 发送(hex): 20
[2026/09/17 21:27:59] 发送(hex): 20
[2026/09/17 21:27:59] 发送(hex): 20
[2026/09/17 21:27:59] 发送(hex): 20
[2026/09/17 21:27:59] 发送(hex): 20
[2026/09/17 21:27:59] 发送(hex): 20
[2026/09/17 21:27:59] 发送(hex): 20
[2026/09/17 21:27:59] 发送(hex): 20
[2026/09/17 21:27:59] 发送(hex): 20
[2026/09/17 21:27:59] 发送(hex): 20
[2026/09/17 21:27:59] 发送(hex): 20
[2026/09/17 21:27:59] 发送(hex): 20
[2026/09/17 21:27:59] delay:426
[2026/09/17 21:27:59] 发送(hex): 20
[2026/09/17 21:27:59] 发送(hex): 20
[2026/09/17 21:27:59] 发送(hex): 20
[2026/09/17 21:27:59] 发送(hex): 20
[2026/09/17 21:27:59] 发送(hex): 20
[2026/09/17 21:27:59] 发送(hex): 20
[2026/09/17 21:27:59] 发送(hex): 20
[2026/09/17 21:27:59] 发送(hex): 20
[2026/09/17 21:27:59] 发送(hex): 20
[2026/09/17 21:27:59] 发送(hex): 20
[2026/09/17 21:27:59] 发送(hex): 20
[2026/09/17 21:27:59] 发送(hex): 20
[2026/09/17 21:27:59] 发送(hex): 20
[2026/09/17 21:27:59] 发送(hex): 20
[2026/09/17 21:27:59] 发送(hex): 20
[2026/09/17 21:27:59] 发送(hex): 20
[2026/09/17 21:27:59] 发送(hex): 20
[2026/09/17 21:27:59] 发送(hex): 20
[2026/09/17 21:27:59] 发送(hex): 20
[2026/09/17 21:27:59] 发送(hex): 20
[2026/09/17 21:27:59] 发送(hex): 20
[2026/09/17 21:27:59] 发送(hex): 20
[2026/09/17 21:27:59] 发送(hex): 20
[2026/09/17 21:27:59] 发送(hex): 20
[2026/09/17 21:27:59] 发送(hex): 20
[2026/09/17 21:28:00] 发送(hex): 20
[2026/09/17 21:28:00] 发送(hex): 20
[2026/09/17 21:28:00] 发送(hex): 20
[2026/09/17 21:28:00] 发送(hex): 20
[2026/09/17 21:28:00] 发送(hex): 20
[2026/09/17 21:28:00] 发送(hex): 20
[2026/09/17 21:28:00] 发送(hex): 20
[2026/09/17 21:28:00] 发送(hex): 20
[2026/09/17 21:28:00] 发送(hex): 20
[2026/09/17 21:28:00] 发送(hex): 20
[2026/09/17 21:28:00] 发送(hex): 20
[2026/09/17 21:28:00] 发送(hex): 20
[2026/09/17 21:28:00] 发送(hex): 20
[2026/09/17 21:28:00] 发送(hex): 20
[2026/09/17 21:28:00] 发送(hex): 20
[2026/09/17 21:28:00] 发送(hex): 20
[2026/09/17 21:28:00] 发送(hex): 20
[2026/09/17 21:28:00] 发送(hex): 20
[2026/09/17 21:28:00] Net:   r8168:
[2026/09/17 21:28:00] 发送(hex): 20
[2026/09/17 21:28:00] 发送(hex): 20
[2026/09/17 21:28:00] REALTEK RTL8168 @0x18016000
[2026/09/17 21:28:00] 发送(hex): 20
[2026/09/17 21:28:00] Start Boot Setup ...
[2026/09/17 21:28:00] 发送(hex): 20
[2026/09/17 21:28:00] 发送(hex): 20
[2026/09/17 21:28:00] (powerMgr_get_wakeup_source)2012/05/30 19:50
[2026/09/17 21:28:00] wakeup source : AC
[2026/09/17 21:28:00] 发送(hex): 20
[2026/09/17 21:28:00] 发送(hex): 20
[2026/09/17 21:28:00] 发送(hex): 20
[2026/09/17 21:28:00] (powerMgr_get_wakeup_source)2012/05/30 19:50
[2026/09/17 21:28:00] wakeup source : AC
[2026/09/17 21:28:00] wakeup_src=0, boot_logo_enable=1, bgm_boot_type=0, POWER_ON_MODE_SILEN=0.
[2026/09/17 21:28:00] 发送(hex): 20
[2026/09/17 21:28:00] 发送(hex): 20
[2026/09/17 21:28:00] 发送(hex): 20
[2026/09/17 21:28:00] 发送(hex): 20
[2026/09/17 21:28:00] GDMA module_init finish
[2026/09/17 21:28:00] [GDMA] OSD size[3840,2160]
[2026/09/17 21:28:00] [GDMA] gdma_showlogo gdma show logo 2631
[2026/09/17 21:28:00] Net:   r8168: REALTEK RTL8168 @0x18016000
[2026/09/17 21:28:00] 发送(hex): 20
[2026/09/17 21:28:00] ## Android Verified Boot 2.0 version 1
[2026/09/17 21:28:00] 发送(hex): 20
[2026/09/17 21:28:00] 发送(hex): 20
[2026/09/17 21:28:00] .1.0
[2026/09/17 21:28:00] 发送(hex): 20
[2026/09/17 21:28:00] 发送(hex): 20
[2026/09/17 21:28:00] 发送(hex): 20
[2026/09/17 21:28:00] 发送(hex): 20
[2026/09/17 21:28:00] 发送(hex): 20
[2026/09/17 21:28:00] 发送(hex): 20
[2026/09/17 21:28:00] 发送(hex): 20
[2026/09/17 21:28:00] 发送(hex): 20
[2026/09/17 21:28:00] 发送(hex): 20
[2026/09/17 21:28:00] 发送(hex): 20
[2026/09/17 21:28:00] 发送(hex): 20
[2026/09/17 21:28:00] 发送(hex): 20
[2026/09/17 21:28:00] 发送(hex): 20
[2026/09/17 21:28:00] 发送(hex): 20
[2026/09/17 21:28:00] 发送(hex): 20
[2026/09/17 21:28:00] 发送(hex): 20
[2026/09/17 21:28:00] 发送(hex): 20
[2026/09/17 21:28:00] 发送(hex): 20
[2026/09/17 21:28:00] 发送(hex): 20
[2026/09/17 21:28:00] 发送(hex): 20
[2026/09/17 21:28:00] 发送(hex): 20
[2026/09/17 21:28:00] 发送(hex): 20
[2026/09/17 21:28:00] 发送(hex): 20
[2026/09/17 21:28:00] 发送(hex): 20
[2026/09/17 21:28:00] 发送(hex): 20
[2026/09/17 21:28:00] 发送(hex): 20
[2026/09/17 21:28:00] 发送(hex): 20
[2026/09/17 21:28:00] 发送(hex): 20
[2026/09/17 21:28:00] 发送(hex): 20
[2026/09/17 21:28:00] 发送(hex): 20
[2026/09/17 21:28:00] 发送(hex): 20
[2026/09/17 21:28:00] 发送(hex): 20
[2026/09/17 21:28:00] 发送(hex): 20
[2026/09/17 21:28:00] 发送(hex): 20
[2026/09/17 21:28:00] 发送(hex): 20
[2026/09/17 21:28:00] 发送(hex): 20
[2026/09/17 21:28:00] 发送(hex): 20
[2026/09/17 21:28:00] 发送(hex): 20
[2026/09/17 21:28:00] 发送(hex): 20
[2026/09/17 21:28:00] 发送(hex): 20
[2026/09/17 21:28:00] 发送(hex): 20
[2026/09/17 21:28:00] 发送(hex): 20
[2026/09/17 21:28:00] 发送(hex): 20
[2026/09/17 21:28:00] 发送(hex): 20
[2026/09/17 21:28:00] 发送(hex): 20
[2026/09/17 21:28:00] 发送(hex): 20
[2026/09/17 21:28:00] 发送(hex): 20
[2026/09/17 21:28:00] Verification passed successfully
[2026/09/17 21:28:00] [Skip A] boot manual mode
[2026/09/17 21:28:00] [Skip V] boot manual mode
[2026/09/17 21:28:00] is_avb_verify_hash_partition 164 find avb verify part_name boot img_buf 0x66400000 size 0x307a000
[2026/09/17 21:28:00] boot header version : 4
[2026/09/17 21:28:00] is_avb_verify_hash_partition 164 find avb verify part_name vendor_boot img_buf 0x6bc00000 size 0x10a3000
[2026/09/17 21:28:00] get_partition_content_by_name 11954 get gpt_name init_boot_a err,try part name init_boot!
[2026/09/17 21:28:00] get_partition_content_by_name 11956 get part name init_boot err!
[2026/09/17 21:28:00] 发送(hex): 20
[2026/09/17 21:28:00] 发送(hex): 20
[2026/09/17 21:28:00] 发送(hex): 20
[2026/09/17 21:28:00] 发送(hex): 20
[2026/09/17 21:28:00] 发送(hex): 20
[2026/09/17 21:28:00] 发送(hex): 20
[2026/09/17 21:28:00] 发送(hex): 20
[2026/09/17 21:28:00] get_merge_ramdisk 11932 cur_ramdisk_size 0xf3096 real_cur_ramdisk_size 0xf3096
[2026/09/17 21:28:00] get_merge_ramdisk 11932 cur_ramdisk_size 0x2019e5 real_cur_ramdisk_size 0x2019e5
[2026/09/17 21:28:00] is_avb_verify_hash_partition 164 find avb verify part_name dtbo img_buf 0x6fc00000 size 0x1186
[2026/09/17 21:28:00] Net:   r8168: REALTEK RTL8168 @0x18016000
[2026/09/17 21:28:00] 发送(hex): 20
[2026/09/17 21:28:00] 发送(hex): 20
[2026/09/17 21:28:00] 发送(hex): 20
[2026/09/17 21:28:00] 发送(hex): 20
[2026/09/17 21:28:00] [Skip K] boot manual mode (execute "go all")
[2026/09/17 21:28:00] Enter console mode, disable watchdog ...
[2026/09/17 21:28:00] Realtek>
[2026/09/17 21:28:00] 发送(hex): 20
[2026/09/17 21:28:00] 发送(hex): 20
[2026/09/17 21:28:01] 发送(hex): 20
[2026/09/17 21:28:01] 发送(hex): 20
[2026/09/17 21:28:01] 发送(hex): 20
[2026/09/17 21:28:01] 发送(hex): 20
[2026/09/17 21:28:01] 发送(hex): 20
[2026/09/17 21:28:01] 发送(hex): 20
[2026/09/17 21:28:01] 发送(hex): 20
[2026/09/17 21:28:01] 发送(hex): 20
[2026/09/17 21:28:01] 发送(hex): 20
[2026/09/17 21:28:01] 发送(hex): 20
[2026/09/17 21:28:01] 发送(hex): 20
[2026/09/17 21:28:01] 发送(hex): 20
[2026/09/17 21:28:01] 发送(hex): 20
[2026/09/17 21:28:01] 发送(hex): 20
[2026/09/17 21:28:01] 发送(hex): 20
[2026/09/17 21:28:01] 发送(hex): 20
[2026/09/17 21:28:01] 发送(hex): 20
[2026/09/17 21:28:01] 发送(hex): 20
[2026/09/17 21:28:01] 发送(hex): 20
[2026/09/17 21:28:01] 发送(hex): 20
[2026/09/17 21:28:01] 发送(hex): 20
[2026/09/17 21:28:01] 发送(hex): 20
[2026/09/17 21:28:01] 发送(hex): 20
[2026/09/17 21:28:01] 发送(hex): 20
[2026/09/17 21:28:01] 发送(hex): 20
[2026/09/17 21:28:01] 发送(hex): 20
[2026/09/17 21:28:01] 发送(hex): 20
[2026/09/17 21:28:01] 发送(hex): 20
[2026/09/17 21:28:01] 发送(hex): 20
[2026/09/17 21:28:01] 发送(hex): 20
[2026/09/17 21:28:01] 发送(hex): 20
[2026/09/17 21:28:01] 发送(hex): 20
[2026/09/17 21:28:01] 发送(hex): 20
[2026/09/17 21:28:01] 发送(hex): 20
[2026/09/17 21:28:01] 发送(hex): 20
[2026/09/17 21:28:01] 发送(hex): 20
[2026/09/17 21:28:01] 发送(hex): 20
[2026/09/17 21:28:01] 发送(hex): 20
[2026/09/17 21:28:01] 发送(hex): 20
[2026/09/17 21:28:01] 发送(hex): 20
[2026/09/17 21:28:01] 发送(hex): 20
[2026/09/17 21:28:01] 发送(hex): 20
[2026/09/17 21:28:01] 发送(hex): 20
[2026/09/17 21:28:01] 发送(hex): 20
[2026/09/17 21:28:01] 发送(hex): 20
[2026/09/17 21:28:01] 发送(hex): 20
[2026/09/17 21:28:01] 发送(hex): 20
[2026/09/17 21:28:01] 发送(hex): 20
[2026/09/17 21:28:01] 发送(hex): 20
[2026/09/17 21:28:01] 发送(hex): 20
[2026/09/17 21:28:01] 发送(hex): 20
[2026/09/17 21:28:01] 发送(hex): 20
[2026/09/17 21:28:01] 发送(hex): 20
[2026/09/17 21:28:01] 发送(hex): 20
[2026/09/17 21:28:01] 发送(hex): 20
[2026/09/17 21:28:01] 发送(hex): 20
[2026/09/17 21:28:01] 发送(hex): 20
[2026/09/17 21:28:01] 发送(hex): 20
[2026/09/17 21:28:01] 发送(hex): 20
[2026/09/17 21:28:01] 发送(hex): 20
[2026/09/17 21:28:01] 发送(hex): 20
[2026/09/17 21:28:01] 发送(hex): 20
[2026/09/17 21:28:01] 发送(hex): 20
[2026/09/17 21:28:01] 发送(hex): 20
[2026/09/17 21:28:01] 发送(hex): 20
[2026/09/17 21:28:01] 发送(hex): 20
[2026/09/17 21:28:01] 发送(hex): 20
[2026/09/17 21:28:01] 发送(hex): 20
[2026/09/17 21:28:01] 发送(hex): 20
[2026/09/17 21:28:01] 发送(hex): 20
[2026/09/17 21:28:01] 发送(hex): 20
[2026/09/17 21:28:01] 发送(hex): 20
[2026/09/17 21:28:01] 发送(hex): 20
[2026/09/17 21:28:01] 发送(hex): 20
[2026/09/17 21:28:01] 发送(hex): 20
[2026/09/17 21:28:01] 发送(hex): 20
[2026/09/17 21:28:01] 发送(hex): 20
[2026/09/17 21:28:01] 发送(hex): 20
[2026/09/17 21:28:01] 发送(hex): 20
[2026/09/17 21:28:01] 发送(hex): 20
[2026/09/17 21:28:01] 发送(hex): 20
[2026/09/17 21:28:01] 发送(hex): 20
[2026/09/17 21:28:01] 发送(hex): 20
[2026/09/17 21:28:01] 发送(hex): 20
[2026/09/17 21:28:01] 发送(hex): 20
[2026/09/17 21:28:01] 发送(hex): 20
[2026/09/17 21:28:01] 发送(hex): 20
[2026/09/17 21:28:01] 发送(hex): 20
[2026/09/17 21:28:01] 发送(hex): 20
[2026/09/17 21:28:01] 发送(hex): 20
[2026/09/17 21:28:01] 发送(hex): 20
[2026/09/17 21:28:01] 发送(hex): 20
[2026/09/17 21:28:01] 发送(hex): 20
[2026/09/17 21:28:01] 发送(hex): 20
[2026/09/17 21:28:02] 发送(hex): 20
[2026/09/17 21:28:02] 发送(hex): 20
[2026/09/17 21:28:02] 发送(hex): 20
[2026/09/17 21:28:02] 发送(hex): 20
[2026/09/17 21:28:02] 发送(hex): 20
[2026/09/17 21:28:02] 发送(hex): 20
[2026/09/17 21:28:02] 发送(hex): 20
[2026/09/17 21:28:02] 发送(hex): 20
[2026/09/17 21:28:02] 发送(hex): 20
[2026/09/17 21:28:02] 发送(hex): 20
[2026/09/17 21:28:02] 发送(hex): 20
[2026/09/17 21:28:02] 发送(hex): 20
[2026/09/17 21:28:02] 发送(hex): 20
[2026/09/17 21:28:02] 发送(hex): 20
[2026/09/17 21:28:02] 发送(hex): 20
[2026/09/17 21:28:02] 发送(hex): 20
[2026/09/17 21:28:02] 发送(hex): 20
[2026/09/17 21:28:02] 发送(hex): 20
[2026/09/17 21:28:02] 发送(hex): 20
[2026/09/17 21:28:02] 发送(hex): 20
[2026/09/17 21:28:02] 发送(hex): 20
[2026/09/17 21:28:02] 发送(hex): 20
[2026/09/17 21:28:02] 发送(hex): 20
[2026/09/17 21:28:02] 发送(hex): 20
[2026/09/17 21:28:02] 发送(hex): 20
[2026/09/17 21:28:02] 发送(hex): 20
[2026/09/17 21:28:02] 发送(hex): 20
[2026/09/17 21:28:02] 发送(hex): 20
[2026/09/17 21:28:02] 发送(hex): 20
[2026/09/17 21:28:02] 发送(hex): 20
[2026/09/17 21:28:02] 发送(hex): 20
[2026/09/17 21:28:02] 发送(hex): 20
[2026/09/17 21:28:02] 发送(hex): 20
[2026/09/17 21:28:02] 发送(hex): 20
[2026/09/17 21:28:02] 发送(hex): 20
[2026/09/17 21:28:02] 发送(hex): 20
[2026/09/17 21:28:02] 发送(hex): 20
[2026/09/17 21:28:02] 发送(hex): 20
[2026/09/17 21:28:02] 发送(hex): 20
[2026/09/17 21:28:02] 发送(hex): 20
[2026/09/17 21:28:02] 发送(hex): 20
[2026/09/17 21:28:02] 发送(hex): 20
[2026/09/17 21:28:02] 发送(hex): 20
[2026/09/17 21:28:02] 发送(hex): 20
[2026/09/17 21:28:02] 发送(hex): 20
[2026/09/17 21:28:02] 发送(hex): 20
[2026/09/17 21:28:02] 发送(hex): 20
[2026/09/17 21:28:02] 发送(hex): 20
[2026/09/17 21:28:02] 发送(hex): 20
[2026/09/17 21:28:02] 发送(hex): 20
[2026/09/17 21:28:02] 发送(hex): 20
[2026/09/17 21:28:02] 发送(hex): 20
[2026/09/17 21:28:02] 发送(hex): 20
[2026/09/17 21:28:02] 发送(hex): 20
[2026/09/17 21:28:02] 发送(hex): 20
[2026/09/17 21:28:02] 发送(hex): 20
[2026/09/17 21:28:02] 发送(hex): 20
[2026/09/17 21:28:02] 发送(hex): 20
[2026/09/17 21:28:02] 发送(hex): 20
[2026/09/17 21:28:02] 发送(hex): 20
[2026/09/17 21:28:02] 发送(hex): 20
[2026/09/17 21:28:02] 发送(hex): 20
[2026/09/17 21:28:02] 发送(hex): 20
[2026/09/17 21:28:02] 发送(hex): 20
[2026/09/17 21:28:02] 发送(hex): 20
[2026/09/17 21:28:02] 发送(hex): 20
[2026/09/17 21:28:02] 发送(hex): 20
[2026/09/17 21:28:02] 发送(hex): 20
[2026/09/17 21:28:02] 发送(hex): 20
[2026/09/17 21:28:02] 发送(hex): 20
[2026/09/17 21:28:02] 发送(hex): 20
[2026/09/17 21:28:02] 发送(hex): 20
[2026/09/17 21:28:02] 发送(hex): 20
[2026/09/17 21:28:02] 发送(hex): 20
[2026/09/17 21:28:02] 发送(hex): 20
[2026/09/17 21:28:02] 发送(hex): 20
[2026/09/17 21:28:02] 发送(hex): 20
[2026/09/17 21:28:02] 发送(hex): 20
[2026/09/17 21:28:02] 发送(hex): 20
[2026/09/17 21:28:02] 发送(hex): 20
[2026/09/17 21:28:02] 发送(hex): 20
[2026/09/17 21:28:02] 发送(hex): 20
[2026/09/17 21:28:02] 发送(hex): 20
[2026/09/17 21:28:02] 发送(hex): 20
[2026/09/17 21:28:02] 发送(hex): 20
[2026/09/17 21:28:02] 发送(hex): 20
[2026/09/17 21:28:02] 发送(hex): 20
[2026/09/17 21:28:02] 发送(hex): 20
[2026/09/17 21:28:02] 发送(hex): 20
[2026/09/17 21:28:02] 发送(hex): 20
[2026/09/17 21:28:02] 发送(hex): 20
[2026/09/17 21:28:02] 发送(hex): 20
[2026/09/17 21:28:02] 发送(hex): 20
[2026/09/17 21:28:03] 发送(hex): 20
[2026/09/17 21:28:03] 发送(hex): 20
[2026/09/17 21:28:03] 发送(hex): 20
[2026/09/17 21:28:03] 发送(hex): 20
[2026/09/17 21:28:03] 发送(hex): 20
[2026/09/17 21:28:03] 发送(hex): 20
[2026/09/17 21:28:03] 发送(hex): 20
[2026/09/17 21:28:03] 发送(hex): 20
[2026/09/17 21:28:03] 发送(hex): 20
[2026/09/17 21:28:03] 发送(hex): 20
[2026/09/17 21:28:03] 发送(hex): 20
[2026/09/17 21:28:03] 发送(hex): 20
[2026/09/17 21:28:03] 发送(hex): 20
[2026/09/17 21:28:03] 发送(hex): 20
[2026/09/17 21:28:03] 发送(hex): 20
[2026/09/17 21:28:03] 发送(hex): 20
[2026/09/17 21:28:03] 发送(hex): 20
[2026/09/17 21:28:03] 发送(hex): 20
[2026/09/17 21:28:03] 发送(hex): 20
[2026/09/17 21:28:03] 发送(hex): 20
[2026/09/17 21:28:03] 发送(hex): 20
[2026/09/17 21:28:03] 发送(hex): 20
[2026/09/17 21:28:03] 发送(hex): 20
[2026/09/17 21:28:03] 发送(hex): 20
[2026/09/17 21:28:03] 发送(hex): 20
[2026/09/17 21:28:03] 发送(hex): 20
[2026/09/17 21:28:03] 发送(hex): 20
[2026/09/17 21:28:03] 发送(hex): 20
[2026/09/17 21:28:03] 发送(hex): 20
[2026/09/17 21:28:03] 发送(hex): 20
[2026/09/17 21:28:03] 发送(hex): 20
[2026/09/17 21:28:03] 发送(hex): 20
[2026/09/17 21:28:03] 发送(hex): 20
[2026/09/17 21:28:03] 发送(hex): 20
[2026/09/17 21:28:03] 发送(hex): 20
[2026/09/17 21:28:03] 发送(hex): 20
[2026/09/17 21:28:03] 发送(hex): 20
[2026/09/17 21:28:03] 发送(hex): 20
[2026/09/17 21:28:03] 发送(hex): 20
[2026/09/17 21:28:03] 发送(hex): 20
[2026/09/17 21:28:03] 发送(hex): 20
[2026/09/17 21:28:03] 发送(hex): 20
[2026/09/17 21:28:03] 发送(hex): 20
[2026/09/17 21:28:03] 发送(hex): 20
[2026/09/17 21:28:03] 发送(hex): 20
[2026/09/17 21:28:03] 发送(hex): 20
[2026/09/17 21:28:03] 发送(hex): 20
[2026/09/17 21:28:03] 发送(hex): 20
[2026/09/17 21:28:03] 发送(hex): 20
[2026/09/17 21:28:03] 发送(hex): 20
[2026/09/17 21:28:03] 发送(hex): 20
[2026/09/17 21:28:03] 发送(hex): 20
[2026/09/17 21:28:03] 发送(hex): 20
[2026/09/17 21:28:03] 发送(hex): 20
[2026/09/17 21:28:03] 发送(hex): 20
[2026/09/17 21:28:03] 发送(hex): 20
[2026/09/17 21:28:03] 发送(hex): 20
[2026/09/17 21:28:03] 发送(hex): 20
[2026/09/17 21:28:03] 发送(hex): 20
[2026/09/17 21:28:03] 发送(hex): 20
[2026/09/17 21:28:03] 发送(hex): 20
[2026/09/17 21:28:03] 发送(hex): 20
[2026/09/17 21:28:03] 发送(hex): 20
[2026/09/17 21:28:03] 发送(hex): 20
[2026/09/17 21:28:03] 发送(hex): 20
[2026/09/17 21:28:03] 发送(hex): 20
[2026/09/17 21:28:03] 发送(hex): 20
[2026/09/17 21:28:03] 发送(hex): 20
[2026/09/17 21:28:03] 发送(hex): 20
[2026/09/17 21:28:03] 发送(hex): 20
[2026/09/17 21:28:03] 发送(hex): 20
[2026/09/17 21:28:03] 发送(hex): 20
[2026/09/17 21:28:03] 发送(hex): 20
[2026/09/17 21:28:03] 发送(hex): 20
[2026/09/17 21:28:03] 发送(hex): 20
[2026/09/17 21:28:03] 发送(hex): 20
[2026/09/17 21:28:03] 发送(hex): 20
[2026/09/17 21:28:03] 发送(hex): 20
[2026/09/17 21:28:03] 发送(hex): 20
[2026/09/17 21:28:03] 发送(hex): 20
[2026/09/17 21:28:03] 发送(hex): 20
[2026/09/17 21:28:03] 发送(hex): 20
[2026/09/17 21:28:03] 发送(hex): 20
[2026/09/17 21:28:03] 发送(hex): 20
[2026/09/17 21:28:03] 发送(hex): 20
[2026/09/17 21:28:03] 发送(hex): 20
[2026/09/17 21:28:03] 发送(hex): 20
[2026/09/17 21:28:03] 发送(hex): 20
[2026/09/17 21:28:03] 发送(hex): 20
[2026/09/17 21:28:03] 发送(hex): 20
[2026/09/17 21:28:03] 发送(hex): 20
[2026/09/17 21:28:03] 发送(hex): 20
[2026/09/17 21:28:03] 发送(hex): 20
[2026/09/17 21:28:04] 发送(hex): 20
[2026/09/17 21:28:04] 发送(hex): 20
[2026/09/17 21:28:04] 发送(hex): 20
[2026/09/17 21:28:04] 发送(hex): 20
[2026/09/17 21:28:04] 发送(hex): 20
[2026/09/17 21:28:04] 发送(hex): 20
[2026/09/17 21:28:04] 发送(hex): 20
[2026/09/17 21:28:04] 发送(hex): 20
[2026/09/17 21:28:04] 发送(hex): 20
[2026/09/17 21:28:04] 发送(hex): 20
[2026/09/17 21:28:04] 发送(hex): 20
[2026/09/17 21:28:04] 发送(hex): 20
[2026/09/17 21:28:04] 发送(hex): 20
[2026/09/17 21:28:04] 发送(hex): 20
[2026/09/17 21:28:04] 发送(hex): 20
[2026/09/17 21:28:04] 发送(hex): 20
[2026/09/17 21:28:04] 发送(hex): 20
[2026/09/17 21:28:04] 发送(hex): 20
[2026/09/17 21:28:04] 发送(hex): 20
[2026/09/17 21:28:04] 发送(hex): 20
[2026/09/17 21:28:04] 发送(hex): 20
[2026/09/17 21:28:04] 发送(hex): 20
[2026/09/17 21:28:04] 发送(hex): 20
[2026/09/17 21:28:04] 发送(hex): 20
[2026/09/17 21:28:04] 发送(hex): 20
[2026/09/17 21:28:04] 发送(hex): 20
[2026/09/17 21:28:04] 发送(hex): 20
[2026/09/17 21:28:04] 发送(hex): 20
[2026/09/17 21:28:04] 发送(hex): 20
[2026/09/17 21:28:04] 发送(hex): 20
[2026/09/17 21:28:04] 发送(hex): 20
[2026/09/17 21:28:04] 发送(hex): 20
[2026/09/17 21:28:04] 发送(hex): 20
[2026/09/17 21:28:04] 发送(hex): 20
[2026/09/17 21:28:04] 发送(hex): 20
[2026/09/17 21:28:04] 发送(hex): 20
[2026/09/17 21:28:04] 发送(hex): 20
[2026/09/17 21:28:04] 发送(hex): 20
[2026/09/17 21:28:04] 发送(hex): 20
[2026/09/17 21:28:04] 发送(hex): 20
[2026/09/17 21:28:04] 发送(hex): 20
[2026/09/17 21:28:04] 发送(hex): 20
[2026/09/17 21:28:04] 发送(hex): 20
[2026/09/17 21:28:04] 发送(hex): 20
[2026/09/17 21:28:04] 发送(hex): 20
[2026/09/17 21:28:04] 发送(hex): 20
[2026/09/17 21:28:04] 发送(hex): 20
[2026/09/17 21:28:04] 发送(hex): 20
[2026/09/17 21:28:04] 发送(hex): 20
[2026/09/17 21:28:04] 发送(hex): 20
[2026/09/17 21:28:04] 发送(hex): 20
[2026/09/17 21:28:04] 发送(hex): 20
[2026/09/17 21:28:04] 发送(hex): 20
[2026/09/17 21:28:04] 发送(hex): 20
[2026/09/17 21:28:04] 发送(hex): 20
[2026/09/17 21:28:04] 发送(hex): 20
[2026/09/17 21:28:04] 发送(hex): 20
[2026/09/17 21:28:04] 发送(hex): 20
[2026/09/17 21:28:04] 发送(hex): 20
[2026/09/17 21:28:04] 发送(hex): 20
[2026/09/17 21:28:04] 发送(hex): 20
[2026/09/17 21:28:04] 发送(hex): 20
[2026/09/17 21:28:04] 发送(hex): 20
[2026/09/17 21:28:04] 发送(hex): 20
[2026/09/17 21:28:04] 发送(hex): 20
[2026/09/17 21:28:04] 发送(hex): 20
[2026/09/17 21:28:04] 发送(hex): 20
[2026/09/17 21:28:04] 发送(hex): 20
[2026/09/17 21:28:04] 发送(hex): 20
[2026/09/17 21:28:04] 发送(hex): 20
[2026/09/17 21:28:04] 发送(hex): 20
[2026/09/17 21:28:04] 发送(hex): 20
[2026/09/17 21:28:04] 发送(hex): 20
[2026/09/17 21:28:04] 发送(hex): 20
[2026/09/17 21:28:04] 发送(hex): 20
[2026/09/17 21:28:04] 发送(hex): 20
[2026/09/17 21:28:04] 发送(hex): 20
[2026/09/17 21:28:04] 发送(hex): 20
[2026/09/17 21:28:04] 发送(hex): 20
[2026/09/17 21:28:04] 发送(hex): 20
[2026/09/17 21:28:04] 发送(hex): 20
[2026/09/17 21:28:04] 发送(hex): 20
[2026/09/17 21:28:04] 发送(hex): 20
[2026/09/17 21:28:04] 发送(hex): 20
[2026/09/17 21:28:04] 发送(hex): 20
[2026/09/17 21:28:04] 发送(hex): 20
[2026/09/17 21:28:04] 发送(hex): 20
[2026/09/17 21:28:04] 发送(hex): 20
[2026/09/17 21:28:04] 发送(hex): 20
[2026/09/17 21:28:04] 发送(hex): 20
[2026/09/17 21:28:04] 发送(hex): 20
[2026/09/17 21:28:04] 发送(hex): 20
[2026/09/17 21:28:04] 发送(hex): 20
[2026/09/17 21:28:05] 发送(hex): 20
[2026/09/17 21:28:05] 发送(hex): 20
[2026/09/17 21:28:05] 发送(hex): 20
[2026/09/17 21:28:05] 发送(hex): 20
[2026/09/17 21:28:05] 发送(hex): 20
[2026/09/17 21:28:05] 发送(hex): 20
[2026/09/17 21:28:05] 发送(hex): 20
[2026/09/17 21:28:05] 发送(hex): 20
[2026/09/17 21:28:05] 发送(hex): 20
[2026/09/17 21:28:05] 发送(hex): 20
[2026/09/17 21:28:05] 发送(hex): 20
[2026/09/17 21:28:05] 发送(hex): 20
[2026/09/17 21:28:05] 发送(hex): 20
[2026/09/17 21:28:05] 发送(hex): 20
[2026/09/17 21:28:05] 发送(hex): 20
[2026/09/17 21:28:05] 发送(hex): 20
[2026/09/17 21:28:05] 发送(hex): 20
[2026/09/17 21:28:05] 发送(hex): 20
[2026/09/17 21:28:05] 发送(hex): 20
[2026/09/17 21:28:05] 发送(hex): 20
[2026/09/17 21:28:05] 发送(hex): 20
[2026/09/17 21:28:05] 发送(hex): 20
[2026/09/17 21:28:05] 发送(hex): 20
[2026/09/17 21:28:05] 发送(hex): 20
[2026/09/17 21:28:05] 发送(hex): 20
[2026/09/17 21:28:05] 发送(hex): 20
[2026/09/17 21:28:05] 发送(hex): 20
[2026/09/17 21:28:05] 发送(hex): 20
[2026/09/17 21:28:05] 发送(hex): 20
[2026/09/17 21:28:05] 发送(hex): 20
[2026/09/17 21:28:05] 发送(hex): 20
[2026/09/17 21:28:05] 发送(hex): 20
[2026/09/17 21:28:05] 发送(hex): 20
[2026/09/17 21:28:05] 发送(hex): 20
[2026/09/17 21:28:05] 发送(hex): 20
[2026/09/17 21:28:05] 发送(hex): 20
[2026/09/17 21:28:05] 发送(hex): 20
[2026/09/17 21:28:05] 发送(hex): 20
[2026/09/17 21:28:05] 发送(hex): 20
[2026/09/17 21:28:05] 发送(hex): 20
[2026/09/17 21:28:05] 发送(hex): 20
[2026/09/17 21:28:05] 发送(hex): 20
[2026/09/17 21:28:05] 发送(hex): 20
[2026/09/17 21:28:05] 发送(hex): 20
[2026/09/17 21:28:05] 发送(hex): 20
[2026/09/17 21:28:05] 发送(hex): 20
[2026/09/17 21:28:05] 发送(hex): 20
[2026/09/17 21:28:05] 发送(hex): 20
[2026/09/17 21:28:05] 发送(hex): 20
[2026/09/17 21:28:05] 发送(hex): 20
[2026/09/17 21:28:05] 发送(hex): 20
[2026/09/17 21:28:05] 发送(hex): 20
[2026/09/17 21:28:05] 发送(hex): 20
[2026/09/17 21:28:05] 发送(hex): 20
[2026/09/17 21:28:05] 发送(hex): 20
[2026/09/17 21:28:05] 发送(hex): 20
[2026/09/17 21:28:05] 发送(hex): 20
[2026/09/17 21:28:05] 发送(hex): 20
[2026/09/17 21:28:05] 发送(hex): 20
[2026/09/17 21:28:05] 发送(hex): 20
[2026/09/17 21:28:05] 发送(hex): 20
[2026/09/17 21:28:05] 发送(hex): 20
[2026/09/17 21:28:05] 发送(hex): 20
[2026/09/17 21:28:05] 发送(hex): 20
[2026/09/17 21:28:05] 发送(hex): 20
[2026/09/17 21:28:05] 发送(hex): 20
[2026/09/17 21:28:05] 发送(hex): 20
[2026/09/17 21:28:05] 发送(hex): 20
[2026/09/17 21:28:05] 发送(hex): 20
[2026/09/17 21:28:05] 发送(hex): 20
[2026/09/17 21:28:05] 发送(hex): 20
[2026/09/17 21:28:05] 发送(hex): 20
[2026/09/17 21:28:05] 发送(hex): 20
[2026/09/17 21:28:05] 发送(hex): 20
[2026/09/17 21:28:05] 发送(hex): 20
[2026/09/17 21:28:05] 发送(hex): 20
[2026/09/17 21:28:05] 发送(hex): 20
[2026/09/17 21:28:05] 发送(hex): 20
[2026/09/17 21:28:05] 发送(hex): 20
[2026/09/17 21:28:05] 发送(hex): 20
[2026/09/17 21:28:05] 发送(hex): 20
[2026/09/17 21:28:05] 发送(hex): 20
[2026/09/17 21:28:05] 发送(hex): 20
[2026/09/17 21:28:05] 发送(hex): 20
[2026/09/17 21:28:05] 发送(hex): 20
[2026/09/17 21:28:05] 发送(hex): 20
[2026/09/17 21:28:05] 发送(hex): 20
[2026/09/17 21:28:05] 发送(hex): 20
[2026/09/17 21:28:05] 发送(hex): 20
[2026/09/17 21:28:05] 发送(hex): 20
[2026/09/17 21:28:05] 发送(hex): 20
[2026/09/17 21:28:05] 发送(hex): 20
[2026/09/17 21:28:05] 发送(hex): 20
[2026/09/17 21:28:06] 发送(hex): 20
[2026/09/17 21:28:06] 发送(hex): 20
[2026/09/17 21:28:06] 发送(hex): 20
[2026/09/17 21:28:06] 发送(hex): 20
[2026/09/17 21:28:06] 发送(hex): 20
[2026/09/17 21:28:06] 发送(hex): 20
[2026/09/17 21:28:06] 发送(hex): 20
[2026/09/17 21:28:06] 发送(hex): 20
[2026/09/17 21:28:06] 发送(hex): 20
[2026/09/17 21:28:06] 发送(hex): 20
[2026/09/17 21:28:06] 发送(hex): 20
[2026/09/17 21:28:06] 发送(hex): 20
[2026/09/17 21:28:06] 发送(hex): 20
[2026/09/17 21:28:06] 发送(hex): 20
[2026/09/17 21:28:06] 发送(hex): 20
[2026/09/17 21:28:06] 发送(hex): 20
[2026/09/17 21:28:06] 发送(hex): 20
[2026/09/17 21:28:06] 发送(hex): 20
[2026/09/17 21:28:06] 发送(hex): 20
[2026/09/17 21:28:06] 发送(hex): 20
[2026/09/17 21:28:06] 发送(hex): 20
[2026/09/17 21:28:06] 发送(hex): 20
[2026/09/17 21:28:06] 发送(hex): 20
[2026/09/17 21:28:06] 发送(hex): 20
[2026/09/17 21:28:06] 发送(hex): 20
[2026/09/17 21:28:06] 发送(hex): 20
[2026/09/17 21:28:06] 发送(hex): 20
[2026/09/17 21:28:06] 发送(hex): 20
[2026/09/17 21:28:06] 发送(hex): 20
[2026/09/17 21:28:06] 发送(hex): 20
[2026/09/17 21:28:06] 发送(hex): 20
[2026/09/17 21:28:06] 发送(hex): 20
[2026/09/17 21:28:06] 发送(hex): 20
[2026/09/17 21:28:06] 发送(hex): 20
[2026/09/17 21:28:06] 发送(hex): 20
[2026/09/17 21:28:06] 发送(hex): 20
[2026/09/17 21:28:06] 发送(hex): 20
[2026/09/17 21:28:06] 发送(hex): 20
[2026/09/17 21:28:06] 发送(hex): 20
[2026/09/17 21:28:06] 发送(hex): 20
[2026/09/17 21:28:06] 发送(hex): 20
[2026/09/17 21:28:06] 发送(hex): 20
[2026/09/17 21:28:06] 发送(hex): 20
[2026/09/17 21:28:06] 发送(hex): 20
[2026/09/17 21:28:06] 发送(hex): 20
[2026/09/17 21:28:06] 发送(hex): 20
[2026/09/17 21:28:06] 发送(hex): 20
[2026/09/17 21:28:06] 发送(hex): 20
[2026/09/17 21:28:06] 发送(hex): 20
[2026/09/17 21:28:06] 发送(hex): 20
[2026/09/17 21:28:06] 发送(hex): 20
[2026/09/17 21:28:06] 发送(hex): 20
[2026/09/17 21:28:06] 发送(hex): 20
[2026/09/17 21:28:06] 发送(hex): 20
[2026/09/17 21:28:06] 发送(hex): 20
[2026/09/17 21:28:06] 发送(hex): 20
[2026/09/17 21:28:06] 发送(hex): 20
[2026/09/17 21:28:06] 发送(hex): 20
[2026/09/17 21:28:06] 发送(hex): 20
[2026/09/17 21:28:06] 发送(hex): 20
[2026/09/17 21:28:06] 发送(hex): 20
[2026/09/17 21:28:06] 发送(hex): 20
[2026/09/17 21:28:06] 发送(hex): 20
[2026/09/17 21:28:06] 发送(hex): 20
[2026/09/17 21:28:06] 发送(hex): 20
[2026/09/17 21:28:06] 发送(hex): 20
[2026/09/17 21:28:06] 发送(hex): 20
[2026/09/17 21:28:06] 发送(hex): 20
[2026/09/17 21:28:06] 发送(hex): 20
[2026/09/17 21:28:06] 发送(hex): 20
[2026/09/17 21:28:06] 发送(hex): 20
[2026/09/17 21:28:06] 发送(hex): 20
[2026/09/17 21:28:06] 发送(hex): 20
[2026/09/17 21:28:06] 发送(hex): 20
[2026/09/17 21:28:06] 发送(hex): 20
[2026/09/17 21:28:06] 发送(hex): 20
[2026/09/17 21:28:06] 发送(hex): 20
[2026/09/17 21:28:06] 发送(hex): 20
[2026/09/17 21:28:06] 发送(hex): 20
[2026/09/17 21:28:06] 发送(hex): 20
[2026/09/17 21:28:06] 发送(hex): 20
[2026/09/17 21:28:06] 发送(hex): 20
[2026/09/17 21:28:06] 发送(hex): 20
[2026/09/17 21:28:06] 发送(hex): 20
[2026/09/17 21:28:06] 发送(hex): 20
[2026/09/17 21:28:06] 发送(hex): 20
[2026/09/17 21:28:06] 发送(hex): 20
[2026/09/17 21:28:06] 发送(hex): 20
[2026/09/17 21:28:06] 发送(hex): 20
[2026/09/17 21:28:06] 发送(hex): 20
[2026/09/17 21:28:06] 发送(hex): 20
[2026/09/17 21:28:06] 发送(hex): 20
[2026/09/17 21:28:06] 发送(hex): 20
[2026/09/17 21:28:07] 发送(hex): 20
[2026/09/17 21:28:07] 发送(hex): 20
[2026/09/17 21:28:07] 发送(hex): 20
[2026/09/17 21:28:07] 发送(hex): 20
[2026/09/17 21:28:07] 发送(hex): 20
[2026/09/17 21:28:07] 发送(hex): 20
[2026/09/17 21:28:07] 发送(hex): 20
[2026/09/17 21:28:07] 发送(hex): 20
[2026/09/17 21:28:07] 发送(hex): 20
[2026/09/17 21:28:07] 发送(hex): 20
[2026/09/17 21:28:07] 发送(hex): 20
[2026/09/17 21:28:07] 发送(hex): 20
[2026/09/17 21:28:07] 发送(hex): 20
[2026/09/17 21:28:07] 发送(hex): 20
[2026/09/17 21:28:07] 发送(hex): 20
[2026/09/17 21:28:07] 发送(hex): 20
[2026/09/17 21:28:07] 发送(hex): 20
[2026/09/17 21:28:07] 发送(hex): 20
[2026/09/17 21:28:07] 发送(hex): 20
[2026/09/17 21:28:07] 发送(hex): 20
[2026/09/17 21:28:07] 发送(hex): 20
[2026/09/17 21:28:07] 发送(hex): 20
[2026/09/17 21:28:07] 发送(hex): 20
[2026/09/17 21:28:07] 发送(hex): 20
[2026/09/17 21:28:07] 发送(hex): 20
[2026/09/17 21:28:07] 发送(hex): 20
[2026/09/17 21:28:07] 发送(hex): 20
[2026/09/17 21:28:07] 发送(hex): 20
[2026/09/17 21:28:07] 发送(hex): 20
[2026/09/17 21:28:07] 发送(hex): 20
[2026/09/17 21:28:07] 发送(hex): 20
[2026/09/17 21:28:07] 发送(hex): 20
[2026/09/17 21:28:07] 发送(hex): 20
[2026/09/17 21:28:07] 发送(hex): 20
[2026/09/17 21:28:07] 发送(hex): 20
[2026/09/17 21:28:07] 发送(hex): 20
[2026/09/17 21:28:07] 发送(hex): 20
[2026/09/17 21:28:07] 发送(hex): 20
[2026/09/17 21:28:07] 发送(hex): 20
[2026/09/17 21:28:07] 发送(hex): 20
[2026/09/17 21:28:07] 发送(hex): 20
[2026/09/17 21:28:07] 发送(hex): 20
[2026/09/17 21:28:07] 发送(hex): 20
[2026/09/17 21:28:07] 发送(hex): 20
[2026/09/17 21:28:07] 发送(hex): 20
[2026/09/17 21:28:07] 发送(hex): 20
[2026/09/17 21:28:07] 发送(hex): 20
[2026/09/17 21:28:07] 发送(hex): 20
[2026/09/17 21:28:07] 发送(hex): 20
[2026/09/17 21:28:07] 发送(hex): 20
[2026/09/17 21:28:07] 发送(hex): 20
[2026/09/17 21:28:07] 发送(hex): 20
[2026/09/17 21:28:07] 发送(hex): 20
[2026/09/17 21:28:07] 发送(hex): 20
[2026/09/17 21:28:07] 发送(hex): 20
[2026/09/17 21:28:07] 发送(hex): 20
[2026/09/17 21:28:07] 发送(hex): 20
[2026/09/17 21:28:07] 发送(hex): 20
[2026/09/17 21:28:07] 发送(hex): 20
[2026/09/17 21:28:07] 发送(hex): 20
[2026/09/17 21:28:07] 发送(hex): 20
[2026/09/17 21:28:07] 发送(hex): 20
[2026/09/17 21:28:07] 发送(hex): 20
[2026/09/17 21:28:07] 发送(hex): 20
[2026/09/17 21:28:07] 发送(hex): 20
[2026/09/17 21:28:07] 发送(hex): 20
[2026/09/17 21:28:07] 发送(hex): 20
[2026/09/17 21:28:07] 发送(hex): 20
[2026/09/17 21:28:07] 发送(hex): 20
[2026/09/17 21:28:07] 发送(hex): 20
[2026/09/17 21:28:07] 发送(hex): 20
[2026/09/17 21:28:07] 发送(hex): 20
[2026/09/17 21:28:07] 发送(hex): 20
[2026/09/17 21:28:07] 发送(hex): 20
[2026/09/17 21:28:07] 发送(hex): 20
[2026/09/17 21:28:07] 发送(hex): 20
[2026/09/17 21:28:07] 发送(hex): 20
[2026/09/17 21:28:07] 发送(hex): 20
[2026/09/17 21:28:07] 发送(hex): 20
[2026/09/17 21:28:07] 发送(hex): 20
[2026/09/17 21:28:07] 发送(hex): 20
[2026/09/17 21:28:07] 发送(hex): 20
[2026/09/17 21:28:07] 发送(hex): 20
[2026/09/17 21:28:07] 发送(hex): 20
[2026/09/17 21:28:07] 发送(hex): 20
[2026/09/17 21:28:07] 发送(hex): 20
[2026/09/17 21:28:07] 发送(hex): 20
[2026/09/17 21:28:07] 发送(hex): 20
[2026/09/17 21:28:07] 发送(hex): 20
[2026/09/17 21:28:07] 发送(hex): 20
[2026/09/17 21:28:07] 发送(hex): 20
[2026/09/17 21:28:07] 发送(hex): 20
[2026/09/17 21:28:07] 发送(hex): 20
[2026/09/17 21:28:07] 发送(hex): 20
[2026/09/17 21:28:08] 发送(hex): 20
[2026/09/17 21:28:08] 发送(hex): 20
[2026/09/17 21:28:08] 发送(hex): 20
[2026/09/17 21:28:08] 发送(hex): 20
[2026/09/17 21:28:08] 发送(hex): 20
[2026/09/17 21:28:08] 发送(hex): 20
[2026/09/17 21:28:08] 发送(hex): 20
[2026/09/17 21:28:08] 发送(hex): 20
[2026/09/17 21:28:08] 发送(hex): 20
[2026/09/17 21:28:08] 发送(hex): 20
[2026/09/17 21:28:08] 发送(hex): 20
[2026/09/17 21:28:08] 发送(hex): 20
[2026/09/17 21:28:08] 发送(hex): 20
[2026/09/17 21:28:08] 发送(hex): 20
[2026/09/17 21:28:08] 发送(hex): 20
[2026/09/17 21:28:08] 发送(hex): 20
[2026/09/17 21:28:08] 发送(hex): 20
[2026/09/17 21:28:08] 发送(hex): 20
[2026/09/17 21:28:08] 发送(hex): 20
[2026/09/17 21:28:08] 发送(hex): 20
[2026/09/17 21:28:08] 发送(hex): 20
[2026/09/17 21:28:08] 发送(hex): 20
[2026/09/17 21:28:08] 发送(hex): 20
[2026/09/17 21:28:08] 发送(hex): 20
[2026/09/17 21:28:08] 发送(hex): 20
[2026/09/17 21:28:08] 发送(hex): 20
[2026/09/17 21:28:08] 发送(hex): 20
[2026/09/17 21:28:08] 发送(hex): 20
[2026/09/17 21:28:08] 发送(hex): 20
[2026/09/17 21:28:08] 发送(hex): 20
[2026/09/17 21:28:08] 发送(hex): 20
[2026/09/17 21:28:08] 发送(hex): 20
[2026/09/17 21:28:08] 发送(hex): 20
[2026/09/17 21:28:08] 发送(hex): 20
[2026/09/17 21:28:08] 发送(hex): 20
[2026/09/17 21:28:08] 发送(hex): 20
[2026/09/17 21:28:08] 发送(hex): 20
[2026/09/17 21:28:08] 发送(hex): 20
[2026/09/17 21:28:08] 发送(hex): 20
[2026/09/17 21:28:08] 发送(hex): 20
[2026/09/17 21:28:08] 发送(hex): 20
[2026/09/17 21:28:08] 发送(hex): 20
[2026/09/17 21:28:08] 发送(hex): 20
[2026/09/17 21:28:08] 发送(hex): 20
[2026/09/17 21:28:08] 发送(hex): 20
[2026/09/17 21:28:08] 发送(hex): 20
[2026/09/17 21:28:08] 发送(hex): 20
[2026/09/17 21:28:08] 发送(hex): 20
[2026/09/17 21:28:08] 发送(hex): 20
[2026/09/17 21:28:08] 发送(hex): 20
[2026/09/17 21:28:08] 发送(hex): 20
[2026/09/17 21:28:08] 发送(hex): 20
[2026/09/17 21:28:08] 发送(hex): 20
[2026/09/17 21:28:08] 发送(hex): 20
[2026/09/17 21:28:08] 发送(hex): 20
[2026/09/17 21:28:08] 发送(hex): 20
[2026/09/17 21:28:08] 发送(hex): 20
[2026/09/17 21:28:08] 发送(hex): 20
[2026/09/17 21:28:08] 发送(hex): 20
[2026/09/17 21:28:08] 发送(hex): 20
[2026/09/17 21:28:08] 发送(hex): 20
[2026/09/17 21:28:08] 发送(hex): 20
[2026/09/17 21:28:08] 发送(hex): 20
[2026/09/17 21:28:08] 发送(hex): 20
[2026/09/17 21:28:08] 发送(hex): 20
[2026/09/17 21:28:08] 发送(hex): 20
[2026/09/17 21:28:08] 发送(hex): 20
[2026/09/17 21:28:08] 发送(hex): 20
[2026/09/17 21:28:08] 发送(hex): 20
[2026/09/17 21:28:08] 发送(hex): 20
[2026/09/17 21:28:08] 发送(hex): 20
[2026/09/17 21:28:08] 发送(hex): 20
[2026/09/17 21:28:08] 发送(hex): 20
[2026/09/17 21:28:08] 发送(hex): 20
[2026/09/17 21:28:08] 发送(hex): 20
[2026/09/17 21:28:08] 发送(hex): 20
[2026/09/17 21:28:08] 发送(hex): 20
[2026/09/17 21:28:08] 发送(hex): 20
[2026/09/17 21:28:08] 发送(hex): 20
[2026/09/17 21:28:08] 发送(hex): 20
[2026/09/17 21:28:08] 发送(hex): 20
[2026/09/17 21:28:08] 发送(hex): 20
[2026/09/17 21:28:08] 发送(hex): 20
[2026/09/17 21:28:08] 发送(hex): 20
[2026/09/17 21:28:08] 发送(hex): 20
[2026/09/17 21:28:08] 发送(hex): 20
[2026/09/17 21:28:08] 发送(hex): 20
[2026/09/17 21:28:08] 发送(hex): 20
[2026/09/17 21:28:08] 发送(hex): 20
[2026/09/17 21:28:08] 发送(hex): 20
[2026/09/17 21:28:08] 发送(hex): 20
[2026/09/17 21:28:08] 发送(hex): 20
[2026/09/17 21:28:08] 发送(hex): 20
[2026/09/17 21:28:08] 发送(hex): 20
[2026/09/17 21:28:09] 发送(hex): 20
[2026/09/17 21:28:09] 发送(hex): 20
[2026/09/17 21:28:09] 发送(hex): 20
[2026/09/17 21:28:09] 发送(hex): 20
[2026/09/17 21:28:09] 发送(hex): 20
[2026/09/17 21:28:09] 发送(hex): 20
[2026/09/17 21:28:09] 发送(hex): 20
[2026/09/17 21:28:09] 发送(hex): 20
[2026/09/17 21:28:09] 发送(hex): 20
[2026/09/17 21:28:09] 发送(hex): 20
[2026/09/17 21:28:09] 发送(hex): 20
[2026/09/17 21:28:09] 发送(hex): 20
[2026/09/17 21:28:09] 发送(hex): 20
[2026/09/17 21:28:09] 发送(hex): 20
[2026/09/17 21:28:09] 发送(hex): 20
[2026/09/17 21:28:09] 发送(hex): 20
[2026/09/17 21:28:09] 发送(hex): 20
[2026/09/17 21:28:09] 发送(hex): 20
[2026/09/17 21:28:09] 发送(hex): 20
[2026/09/17 21:28:09] 发送(hex): 20
[2026/09/17 21:28:09] 发送(hex): 20
[2026/09/17 21:28:09] 发送(hex): 20
[2026/09/17 21:28:09] 发送(hex): 20
[2026/09/17 21:28:09] 发送(hex): 20
[2026/09/17 21:28:09] 发送(hex): 20
[2026/09/17 21:28:09] 发送(hex): 20
[2026/09/17 21:28:09] 发送(hex): 20
[2026/09/17 21:28:09] 发送(hex): 20
[2026/09/17 21:28:09] 发送(hex): 20
[2026/09/17 21:28:09] 发送(hex): 20
[2026/09/17 21:28:09] 发送(hex): 20
[2026/09/17 21:28:09] 发送(hex): 20
[2026/09/17 21:28:09] 发送(hex): 20
[2026/09/17 21:28:09] 发送(hex): 20
[2026/09/17 21:28:09] 发送(hex): 20
[2026/09/17 21:28:09] 发送(hex): 20
[2026/09/17 21:28:09] 发送(hex): 20
[2026/09/17 21:28:09] 发送(hex): 20
[2026/09/17 21:28:09] 发送(hex): 20
[2026/09/17 21:28:09] 发送(hex): 20
[2026/09/17 21:28:09] 发送(hex): 20
[2026/09/17 21:28:09] 发送(hex): 20
[2026/09/17 21:28:09] 发送(hex): 20
[2026/09/17 21:28:09] 发送(hex): 20
[2026/09/17 21:28:09] 发送(hex): 20
[2026/09/17 21:28:09] 发送(hex): 20
[2026/09/17 21:28:09] 发送(hex): 20
[2026/09/17 21:28:09] 发送(hex): 20
[2026/09/17 21:28:09] 发送(hex): 20
[2026/09/17 21:28:09] 发送(hex): 20
[2026/09/17 21:28:09] 发送(hex): 20
[2026/09/17 21:28:09] 发送(hex): 20
[2026/09/17 21:28:09] 发送(hex): 20
[2026/09/17 21:28:09] 发送(hex): 20
[2026/09/17 21:28:09] 发送(hex): 20
[2026/09/17 21:28:09] 发送(hex): 20
[2026/09/17 21:28:09] 发送(hex): 20
[2026/09/17 21:28:09] 发送(hex): 20
[2026/09/17 21:28:09] 发送(hex): 20
[2026/09/17 21:28:09] 发送(hex): 20
[2026/09/17 21:28:09] 发送(hex): 20
[2026/09/17 21:28:09] 发送(hex): 20
[2026/09/17 21:28:09] 发送(hex): 20
[2026/09/17 21:28:09] 发送(hex): 20
[2026/09/17 21:28:09] 发送(hex): 20
[2026/09/17 21:28:09] 发送(hex): 20
[2026/09/17 21:28:09] 发送(hex): 20
[2026/09/17 21:28:09] 发送(hex): 20
[2026/09/17 21:28:09] 发送(hex): 20
[2026/09/17 21:28:09] 发送(hex): 20
[2026/09/17 21:28:09] 发送(hex): 20
[2026/09/17 21:28:09] 发送(hex): 20
[2026/09/17 21:28:09] 发送(hex): 20
[2026/09/17 21:28:09] 发送(hex): 20
[2026/09/17 21:28:09] 发送(hex): 20
[2026/09/17 21:28:09] 发送(hex): 20
[2026/09/17 21:28:09] 发送(hex): 20
[2026/09/17 21:28:09] 发送(hex): 20
[2026/09/17 21:28:09] 发送(hex): 20
[2026/09/17 21:28:09] 发送(hex): 20
[2026/09/17 21:28:09] 发送(hex): 20
[2026/09/17 21:28:09] 发送(hex): 20
[2026/09/17 21:28:09] 发送(hex): 20
[2026/09/17 21:28:09] 发送(hex): 20
[2026/09/17 21:28:09] 发送(hex): 20
[2026/09/17 21:28:09] 发送(hex): 20
[2026/09/17 21:28:09] 发送(hex): 20
[2026/09/17 21:28:09] 发送(hex): 20
[2026/09/17 21:28:09] 发送(hex): 20
[2026/09/17 21:28:09] 发送(hex): 20
[2026/09/17 21:28:09] 发送(hex): 20
[2026/09/17 21:28:09] 发送(hex): 20
[2026/09/17 21:28:09] 发送(hex): 20
[2026/09/17 21:28:09] 发送(hex): 20
[2026/09/17 21:28:10] 发送(hex): 20
[2026/09/17 21:28:10] 发送(hex): 20
[2026/09/17 21:28:10] 发送(hex): 20
[2026/09/17 21:28:10] 发送(hex): 20
[2026/09/17 21:28:10] 发送(hex): 20
[2026/09/17 21:28:10] 发送(hex): 20
[2026/09/17 21:28:10] 发送(hex): 20
[2026/09/17 21:28:10] 发送(hex): 20
[2026/09/17 21:28:10] 发送(hex): 20
[2026/09/17 21:28:10] 发送(hex): 20
[2026/09/17 21:28:10] 发送(hex): 20
[2026/09/17 21:28:10] 发送(hex): 20
[2026/09/17 21:28:10] 发送(hex): 20
[2026/09/17 21:28:10] 发送(hex): 20
[2026/09/17 21:28:10] 发送(hex): 20
[2026/09/17 21:28:10] 发送(hex): 20
[2026/09/17 21:28:10] 发送(hex): 20
[2026/09/17 21:28:10] 发送(hex): 20
[2026/09/17 21:28:10] 发送(hex): 20
[2026/09/17 21:28:10] 发送(hex): 20
[2026/09/17 21:28:10] 发送(hex): 20
[2026/09/17 21:28:10] 发送(hex): 20
[2026/09/17 21:28:10] 发送(hex): 20
[2026/09/17 21:28:10] 发送(hex): 20
[2026/09/17 21:28:10] 发送(hex): 20
[2026/09/17 21:28:10] 发送(hex): 20
[2026/09/17 21:28:10] 发送(hex): 20
[2026/09/17 21:28:10] 发送(hex): 20
[2026/09/17 21:28:10] 发送(hex): 20
[2026/09/17 21:28:10] 发送(hex): 20
[2026/09/17 21:28:10] 发送(hex): 20
[2026/09/17 21:28:10] 发送(hex): 20
[2026/09/17 21:28:10] 发送(hex): 20
[2026/09/17 21:28:10] 发送(hex): 20
[2026/09/17 21:28:10] 发送(hex): 20
[2026/09/17 21:28:10] 发送(hex): 20
[2026/09/17 21:28:10] 发送(hex): 20
[2026/09/17 21:28:10] 发送(hex): 20
[2026/09/17 21:28:10] 发送(hex): 20
[2026/09/17 21:28:10] 发送(hex): 20
[2026/09/17 21:28:10] 发送(hex): 20
[2026/09/17 21:28:10] 发送(hex): 20
[2026/09/17 21:28:10] 发送(hex): 20
[2026/09/17 21:28:10] 发送(hex): 20
[2026/09/17 21:28:10] 发送(hex): 20
[2026/09/17 21:28:10] 发送(hex): 20
[2026/09/17 21:28:10] 发送(hex): 20
[2026/09/17 21:28:10] 发送(hex): 20
[2026/09/17 21:28:10] 发送(hex): 20
[2026/09/17 21:28:10] 发送(hex): 20
[2026/09/17 21:28:10] 发送(hex): 20
[2026/09/17 21:28:10] 发送(hex): 20
[2026/09/17 21:28:10] 发送(hex): 20
[2026/09/17 21:28:10] 发送(hex): 20
[2026/09/17 21:28:10] 发送(hex): 20
[2026/09/17 21:28:10] 发送(hex): 20
[2026/09/17 21:28:10] 发送(hex): 20
[2026/09/17 21:28:10] 发送(hex): 20
[2026/09/17 21:28:10] 发送(hex): 20
[2026/09/17 21:28:10] 发送(hex): 20
[2026/09/17 21:28:10] 发送(hex): 20
[2026/09/17 21:28:10] 发送(hex): 20
[2026/09/17 21:28:10] 发送(hex): 20
[2026/09/17 21:28:10] 发送(hex): 20
[2026/09/17 21:28:10] 发送(hex): 20
[2026/09/17 21:28:10] 发送(hex): 20
[2026/09/17 21:28:10] 发送(hex): 20
[2026/09/17 21:28:10] 发送(hex): 20
[2026/09/17 21:28:10] 发送(hex): 20
[2026/09/17 21:28:10] 发送(hex): 20
[2026/09/17 21:28:10] 发送(hex): 20
[2026/09/17 21:28:10] 发送(hex): 20
[2026/09/17 21:28:10] 发送(hex): 20
[2026/09/17 21:28:10] 发送(hex): 20
[2026/09/17 21:28:10] 发送(hex): 20
[2026/09/17 21:28:10] 发送(hex): 20
[2026/09/17 21:28:10] 发送(hex): 20
[2026/09/17 21:28:10] 发送(hex): 20
[2026/09/17 21:28:10] 发送(hex): 20
[2026/09/17 21:28:10] 发送(hex): 20
[2026/09/17 21:28:10] 发送(hex): 20
[2026/09/17 21:28:10] 发送(hex): 20
[2026/09/17 21:28:10] 发送(hex): 20
[2026/09/17 21:28:10] 发送(hex): 20
[2026/09/17 21:28:10] 发送(hex): 20
[2026/09/17 21:28:10] 发送(hex): 20
[2026/09/17 21:28:10] 发送(hex): 20
[2026/09/17 21:28:10] 发送(hex): 20
[2026/09/17 21:28:10] 发送(hex): 20
[2026/09/17 21:28:10] 发送(hex): 20
[2026/09/17 21:28:10] 发送(hex): 20
[2026/09/17 21:28:10] 发送(hex): 20
[2026/09/17 21:28:10] 发送(hex): 20
[2026/09/17 21:28:10] 发送(hex): 20
[2026/09/17 21:28:11] 发送(hex): 20
[2026/09/17 21:28:11] 发送(hex): 20
[2026/09/17 21:28:11] 发送(hex): 20
[2026/09/17 21:28:11] 发送(hex): 20
[2026/09/17 21:28:11] 发送(hex): 20
[2026/09/17 21:28:11] 发送(hex): 20
[2026/09/17 21:28:11] 发送(hex): 20
[2026/09/17 21:28:11] 发送(hex): 20
[2026/09/17 21:28:11] 发送(hex): 20
[2026/09/17 21:28:11] 发送(hex): 20
[2026/09/17 21:28:11] 发送(hex): 20
[2026/09/17 21:28:11] 发送(hex): 20
[2026/09/17 21:28:11] 发送(hex): 20
[2026/09/17 21:28:11] 发送(hex): 20
[2026/09/17 21:28:11] 发送(hex): 20
[2026/09/17 21:28:11] 发送(hex): 20
[2026/09/17 21:28:11] 发送(hex): 20
[2026/09/17 21:28:11] 发送(hex): 20
[2026/09/17 21:28:11] 发送(hex): 20
[2026/09/17 21:28:11] 发送(hex): 20
[2026/09/17 21:28:11] 发送(hex): 20
[2026/09/17 21:28:11] 发送(hex): 20
[2026/09/17 21:28:11] 发送(hex): 20
[2026/09/17 21:28:11] 发送(hex): 20
[2026/09/17 21:28:11] 发送(hex): 20
[2026/09/17 21:28:11] 发送(hex): 20
[2026/09/17 21:28:11] 发送(hex): 20
[2026/09/17 21:28:11] 发送(hex): 20
[2026/09/17 21:28:11] 发送(hex): 20
[2026/09/17 21:28:11] 发送(hex): 20
[2026/09/17 21:28:11] 发送(hex): 20
[2026/09/17 21:28:11] 发送(hex): 20
[2026/09/17 21:28:11] 发送(hex): 20
[2026/09/17 21:28:11] 发送(hex): 20
[2026/09/17 21:28:11] 发送(hex): 20
[2026/09/17 21:28:11] 发送(hex): 20
[2026/09/17 21:28:11] 发送(hex): 20
[2026/09/17 21:28:11] 发送(hex): 20
[2026/09/17 21:28:11] 发送(hex): 20
[2026/09/17 21:28:11] 发送(hex): 20
[2026/09/17 21:28:11] 发送(hex): 20
[2026/09/17 21:28:11] 发送(hex): 20
[2026/09/17 21:28:11] 发送(hex): 20
[2026/09/17 21:28:11] 发送(hex): 20
[2026/09/17 21:28:11] 发送(hex): 20
[2026/09/17 21:28:11] 发送(hex): 20
[2026/09/17 21:28:11] 发送(hex): 20
[2026/09/17 21:28:11] 发送(hex): 20
[2026/09/17 21:28:11] 发送(hex): 20
[2026/09/17 21:28:11] 发送(hex): 20
[2026/09/17 21:28:11] 发送(hex): 20
[2026/09/17 21:28:11] 发送(hex): 20
[2026/09/17 21:28:11] 发送(hex): 20
[2026/09/17 21:28:11] 发送(hex): 20
[2026/09/17 21:28:11] 发送(hex): 20
[2026/09/17 21:28:11] 发送(hex): 20
[2026/09/17 21:28:11] 发送(hex): 20
[2026/09/17 21:28:11] 发送(hex): 20
[2026/09/17 21:28:11] 发送(hex): 20
[2026/09/17 21:28:11] 发送(hex): 20
[2026/09/17 21:28:11] 发送(hex): 20
[2026/09/17 21:28:11] 发送(hex): 20
[2026/09/17 21:28:11] 发送(hex): 20
[2026/09/17 21:28:11] 发送(hex): 20
[2026/09/17 21:28:11] 发送(hex): 20
[2026/09/17 21:28:11] 发送(hex): 20
[2026/09/17 21:28:11] 发送(hex): 20
[2026/09/17 21:28:11] 发送(hex): 20
[2026/09/17 21:28:11] 发送(hex): 20
[2026/09/17 21:28:11] 发送(hex): 20
[2026/09/17 21:28:11] 发送(hex): 20
[2026/09/17 21:28:11] 发送(hex): 20
[2026/09/17 21:28:11] 发送(hex): 20
[2026/09/17 21:28:11] 发送(hex): 20
[2026/09/17 21:28:11] 发送(hex): 20
[2026/09/17 21:28:11] 发送(hex): 20
[2026/09/17 21:28:11] 发送(hex): 20
[2026/09/17 21:28:11] 发送(hex): 20
[2026/09/17 21:28:11] 发送(hex): 20
[2026/09/17 21:28:11] 发送(hex): 20
[2026/09/17 21:28:11] 发送(hex): 20
[2026/09/17 21:28:11] 发送(hex): 20
[2026/09/17 21:28:11] 发送(hex): 20
[2026/09/17 21:28:11] 发送(hex): 20
[2026/09/17 21:28:11] 发送(hex): 20
[2026/09/17 21:28:11] 发送(hex): 20
[2026/09/17 21:28:11] 发送(hex): 20
[2026/09/17 21:28:11] 发送(hex): 20
[2026/09/17 21:28:11] 发送(hex): 20
[2026/09/17 21:28:11] 发送(hex): 20
[2026/09/17 21:28:11] 发送(hex): 20
[2026/09/17 21:28:11] 发送(hex): 20
[2026/09/17 21:28:11] 发送(hex): 20
[2026/09/17 21:28:11] 发送(hex): 20
[2026/09/17 21:28:12] 发送(hex): 20
[2026/09/17 21:28:12] 发送(hex): 20
[2026/09/17 21:28:12] 发送(hex): 20
[2026/09/17 21:28:12] 发送(hex): 20
[2026/09/17 21:28:12] 发送(hex): 20
[2026/09/17 21:28:12] 发送(hex): 20
[2026/09/17 21:28:12] 发送(hex): 20
[2026/09/17 21:28:12] 发送(hex): 20
[2026/09/17 21:28:12] 发送(hex): 20
[2026/09/17 21:28:12] 发送(hex): 20
[2026/09/17 21:28:12] 发送(hex): 20
[2026/09/17 21:28:12] 发送(hex): 20
[2026/09/17 21:28:12] 发送(hex): 20
[2026/09/17 21:28:12] 发送(hex): 20
[2026/09/17 21:28:12] 发送(hex): 20
[2026/09/17 21:28:12] 发送(hex): 20
[2026/09/17 21:28:12] 发送(hex): 20
[2026/09/17 21:28:12] 发送(hex): 20
[2026/09/17 21:28:12] 发送(hex): 20
[2026/09/17 21:28:12] 发送(hex): 20
[2026/09/17 21:28:12] 发送(hex): 20
[2026/09/17 21:28:12] 发送(hex): 20
[2026/09/17 21:28:12] 发送(hex): 20
[2026/09/17 21:28:12] 发送(hex): 20
[2026/09/17 21:28:12] 发送(hex): 20
[2026/09/17 21:28:12] 发送(hex): 20
[2026/09/17 21:28:12] 发送(hex): 20
[2026/09/17 21:28:12] 发送(hex): 20
[2026/09/17 21:28:12] 发送(hex): 20
[2026/09/17 21:28:12] 发送(hex): 20
[2026/09/17 21:28:12] 发送(hex): 20
[2026/09/17 21:28:12] 发送(hex): 20
[2026/09/17 21:28:12] 发送(hex): 20
[2026/09/17 21:28:12] 发送(hex): 20
[2026/09/17 21:28:12] 发送(hex): 20
[2026/09/17 21:28:12] 发送(hex): 20
[2026/09/17 21:28:12] 发送(hex): 20
[2026/09/17 21:28:12] 发送(hex): 20
[2026/09/17 21:28:12] 发送(hex): 20
[2026/09/17 21:28:12] 发送(hex): 20
[2026/09/17 21:28:12] 发送(hex): 20
[2026/09/17 21:28:12] 发送(hex): 20
[2026/09/17 21:28:12] 发送(hex): 20
[2026/09/17 21:28:12] 发送(hex): 20
[2026/09/17 21:28:12] 发送(hex): 20
[2026/09/17 21:28:12] 发送(hex): 20
[2026/09/17 21:28:12] 发送(hex): 20
[2026/09/17 21:28:12] 发送(hex): 20
[2026/09/17 21:28:12] 发送(hex): 20
[2026/09/17 21:28:12] 发送(hex): 20
[2026/09/17 21:28:12] 发送(hex): 20
[2026/09/17 21:28:12] 发送(hex): 20
[2026/09/17 21:28:12] 发送(hex): 20
[2026/09/17 21:28:12] 发送(hex): 20
[2026/09/17 21:28:12] 发送(hex): 20
[2026/09/17 21:28:12] 发送(hex): 20
[2026/09/17 21:28:12] 发送(hex): 20
[2026/09/17 21:28:12] 发送(hex): 20
[2026/09/17 21:28:12] 发送(hex): 20
[2026/09/17 21:28:12] 发送(hex): 20
[2026/09/17 21:28:12] 发送(hex): 20
[2026/09/17 21:28:12] 发送(hex): 20
[2026/09/17 21:28:12] 发送(hex): 20
[2026/09/17 21:28:12] 发送(hex): 20
[2026/09/17 21:28:12] 发送(hex): 20
[2026/09/17 21:28:12] 发送(hex): 20
[2026/09/17 21:28:12] 发送(hex): 20
[2026/09/17 21:28:12] 发送(hex): 20
[2026/09/17 21:28:12] 发送(hex): 20
[2026/09/17 21:28:12] 发送(hex): 20
[2026/09/17 21:28:12] 发送(hex): 20
[2026/09/17 21:28:12] 发送(hex): 20
[2026/09/17 21:28:12] 发送(hex): 20
[2026/09/17 21:28:12] 发送(hex): 20
[2026/09/17 21:28:12] 发送(hex): 20
[2026/09/17 21:28:12] 发送(hex): 20
[2026/09/17 21:28:12] 发送(hex): 20
[2026/09/17 21:28:12] 发送(hex): 20
[2026/09/17 21:28:12] 发送(hex): 20
[2026/09/17 21:28:12] 发送(hex): 20
[2026/09/17 21:28:12] 发送(hex): 20
[2026/09/17 21:28:12] 发送(hex): 20
[2026/09/17 21:28:12] 发送(hex): 20
[2026/09/17 21:28:12] 发送(hex): 20
[2026/09/17 21:28:12] 发送(hex): 20
[2026/09/17 21:28:12] 发送(hex): 20
[2026/09/17 21:28:12] 发送(hex): 20
[2026/09/17 21:28:12] 发送(hex): 20
[2026/09/17 21:28:12] 发送(hex): 20
[2026/09/17 21:28:12] 发送(hex): 20
[2026/09/17 21:28:12] 发送(hex): 20
[2026/09/17 21:28:12] 发送(hex): 20
[2026/09/17 21:28:12] 发送(hex): 20
[2026/09/17 21:28:12] 发送(hex): 20
[2026/09/17 21:28:13] 发送(hex): 20
[2026/09/17 21:28:13] 发送(hex): 20
[2026/09/17 21:28:13] 发送(hex): 20
[2026/09/17 21:28:13] 发送(hex): 20
[2026/09/17 21:28:13] 发送(hex): 20
[2026/09/17 21:28:13] 发送(hex): 20
[2026/09/17 21:28:13] 发送(hex): 20
[2026/09/17 21:28:13] 发送(hex): 20
[2026/09/17 21:28:13] 发送(hex): 20
[2026/09/17 21:28:13] 发送(hex): 20
[2026/09/17 21:28:13] 发送(hex): 20
[2026/09/17 21:28:13] 发送(hex): 20
[2026/09/17 21:28:13] 发送(hex): 20
[2026/09/17 21:28:13] 发送(hex): 20
[2026/09/17 21:28:13] 发送(hex): 20
[2026/09/17 21:28:13] 发送(hex): 20
[2026/09/17 21:28:13] 发送(hex): 20
[2026/09/17 21:28:13] 发送(hex): 20
[2026/09/17 21:28:13] 发送(hex): 20
[2026/09/17 21:28:13] 发送(hex): 20
[2026/09/17 21:28:13] 发送(hex): 20
[2026/09/17 21:28:13] 发送(hex): 20
[2026/09/17 21:28:13] 发送(hex): 20
[2026/09/17 21:28:13] 发送(hex): 20
[2026/09/17 21:28:13] 发送(hex): 20
[2026/09/17 21:28:13] 发送(hex): 20
[2026/09/17 21:28:13] 发送(hex): 20
[2026/09/17 21:28:13] 发送(hex): 20
[2026/09/17 21:28:13] 发送(hex): 20
[2026/09/17 21:28:13] 发送(hex): 20
[2026/09/17 21:28:13] 发送(hex): 20
[2026/09/17 21:28:13] 发送(hex): 20
[2026/09/17 21:28:13] 发送(hex): 20
[2026/09/17 21:28:13] 发送(hex): 20
[2026/09/17 21:28:13] 发送(hex): 20
[2026/09/17 21:28:13] 发送(hex): 20
[2026/09/17 21:28:13] 发送(hex): 20
[2026/09/17 21:28:13] 发送(hex): 20
[2026/09/17 21:28:13] 发送(hex): 20
[2026/09/17 21:28:13] 发送(hex): 20
[2026/09/17 21:28:13] 发送(hex): 20
[2026/09/17 21:28:13] 发送(hex): 20
[2026/09/17 21:28:13] 发送(hex): 20
[2026/09/17 21:28:13] 发送(hex): 20
[2026/09/17 21:28:13] 发送(hex): 20
[2026/09/17 21:28:13] 发送(hex): 20
[2026/09/17 21:28:13] 发送(hex): 20
[2026/09/17 21:28:13] 发送(hex): 20
[2026/09/17 21:28:13] 发送(hex): 20
[2026/09/17 21:28:13] 发送(hex): 20
[2026/09/17 21:28:13] 发送(hex): 20
[2026/09/17 21:28:13] 发送(hex): 20
[2026/09/17 21:28:13] 发送(hex): 20
[2026/09/17 21:28:13] 发送(hex): 20
[2026/09/17 21:28:13] 发送(hex): 20
[2026/09/17 21:28:13] 发送(hex): 20
[2026/09/17 21:28:13] 发送(hex): 20
[2026/09/17 21:28:13] 发送(hex): 20
[2026/09/17 21:28:13] 发送(hex): 20
[2026/09/17 21:28:13] 发送(hex): 20
[2026/09/17 21:28:13] 发送(hex): 20
[2026/09/17 21:28:13] 发送(hex): 20
[2026/09/17 21:28:13] 发送(hex): 20
[2026/09/17 21:28:13] 发送(hex): 20
[2026/09/17 21:28:13] 发送(hex): 20
[2026/09/17 21:28:13] 发送(hex): 20
[2026/09/17 21:28:13] 发送(hex): 20
[2026/09/17 21:28:13] 发送(hex): 20
[2026/09/17 21:28:13] 发送(hex): 20
[2026/09/17 21:28:13] 发送(hex): 20
[2026/09/17 21:28:13] 发送(hex): 20
[2026/09/17 21:28:13] 发送(hex): 20
[2026/09/17 21:28:13] 发送(hex): 20
[2026/09/17 21:28:13] 发送(hex): 20
[2026/09/17 21:28:13] 发送(hex): 20
[2026/09/17 21:28:13] 发送(hex): 20
[2026/09/17 21:28:13] 发送(hex): 20
[2026/09/17 21:28:13] 发送(hex): 20
[2026/09/17 21:28:13] 发送(hex): 20
[2026/09/17 21:28:13] 发送(hex): 20
[2026/09/17 21:28:13] 发送(hex): 20
[2026/09/17 21:28:13] 发送(hex): 20
[2026/09/17 21:28:13] 发送(hex): 20
[2026/09/17 21:28:13] 发送(hex): 20
[2026/09/17 21:28:13] 发送(hex): 20
[2026/09/17 21:28:13] 发送(hex): 20
[2026/09/17 21:28:13] 发送(hex): 20
[2026/09/17 21:28:13] 发送(hex): 20
[2026/09/17 21:28:13] 发送(hex): 20
[2026/09/17 21:28:13] 发送(hex): 20
[2026/09/17 21:28:13] 发送(hex): 20
[2026/09/17 21:28:13] 发送(hex): 20
[2026/09/17 21:28:13] 发送(hex): 20
[2026/09/17 21:28:14] 发送(hex): 20
[2026/09/17 21:28:14] 发送(hex): 20
[2026/09/17 21:28:14] 发送(hex): 20
[2026/09/17 21:28:14] 发送(hex): 20
[2026/09/17 21:28:14] 发送(hex): 20
[2026/09/17 21:28:14] 发送(hex): 20
[2026/09/17 21:28:14] 发送(hex): 20
[2026/09/17 21:28:14] 发送(hex): 20
[2026/09/17 21:28:14] 发送(hex): 20
[2026/09/17 21:28:14] 发送(hex): 20
[2026/09/17 21:28:14] 发送(hex): 20
[2026/09/17 21:28:14] 发送(hex): 20
[2026/09/17 21:28:14] 发送(hex): 20
[2026/09/17 21:28:14] 发送(hex): 20
[2026/09/17 21:28:14] 发送(hex): 20
[2026/09/17 21:28:14] 发送(hex): 20
[2026/09/17 21:28:14] 发送(hex): 20
[2026/09/17 21:28:14] 发送(hex): 20
[2026/09/17 21:28:14] 发送(hex): 20
[2026/09/17 21:28:14] 发送(hex): 20
[2026/09/17 21:28:14] 发送(hex): 20
[2026/09/17 21:28:14] 发送(hex): 20
[2026/09/17 21:28:14] 发送(hex): 20
[2026/09/17 21:28:14] 发送(hex): 20
[2026/09/17 21:28:14] 发送(hex): 20
[2026/09/17 21:28:14] 发送(hex): 20
[2026/09/17 21:28:14] 发送(hex): 20
[2026/09/17 21:28:14] 发送(hex): 20
[2026/09/17 21:28:14] 发送(hex): 20
[2026/09/17 21:28:14] 发送(hex): 20
[2026/09/17 21:28:14] 发送(hex): 20
[2026/09/17 21:28:14] 发送(hex): 20
[2026/09/17 21:28:14] 发送(hex): 20
[2026/09/17 21:28:14] 发送(hex): 20
[2026/09/17 21:28:14] 发送(hex): 20
[2026/09/17 21:28:14] 发送(hex): 20
[2026/09/17 21:28:14] 发送(hex): 20
[2026/09/17 21:28:14] 发送(hex): 20
[2026/09/17 21:28:14] 发送(hex): 20
[2026/09/17 21:28:14] 发送(hex): 20
[2026/09/17 21:28:14] 发送(hex): 20
[2026/09/17 21:28:14] 发送(hex): 20
[2026/09/17 21:28:14] 发送(hex): 20
[2026/09/17 21:28:14] 发送(hex): 20
[2026/09/17 21:28:14] 发送(hex): 20
[2026/09/17 21:28:14] 发送(hex): 20
[2026/09/17 21:28:14] 发送(hex): 20
[2026/09/17 21:28:14] 发送(hex): 20
[2026/09/17 21:28:14] 发送(hex): 20
[2026/09/17 21:28:14] 发送(hex): 20
[2026/09/17 21:28:14] 发送(hex): 20
[2026/09/17 21:28:14] 发送(hex): 20
[2026/09/17 21:28:14] 发送(hex): 20
[2026/09/17 21:28:14] 发送(hex): 20
[2026/09/17 21:28:14] 发送(hex): 20
[2026/09/17 21:28:14] 发送(hex): 20
[2026/09/17 21:28:14] 发送(hex): 20
[2026/09/17 21:28:14] 发送(hex): 20
[2026/09/17 21:28:14] 发送(hex): 20
[2026/09/17 21:28:14] 发送(hex): 20
[2026/09/17 21:28:14] 发送(hex): 20
[2026/09/17 21:28:14] 发送(hex): 20
[2026/09/17 21:28:14] 发送(hex): 20
[2026/09/17 21:28:14] 发送(hex): 20
[2026/09/17 21:28:14] 发送(hex): 20
[2026/09/17 21:28:14] 发送(hex): 20
[2026/09/17 21:28:14] 发送(hex): 20
[2026/09/17 21:28:14] 发送(hex): 20
[2026/09/17 21:28:14] 发送(hex): 20
[2026/09/17 21:28:14] 发送(hex): 20
[2026/09/17 21:28:14] 发送(hex): 20
[2026/09/17 21:28:14] 发送(hex): 20
[2026/09/17 21:28:14] 发送(hex): 20
[2026/09/17 21:28:14] 发送(hex): 20
[2026/09/17 21:28:14] 发送(hex): 20
[2026/09/17 21:28:14] 发送(hex): 20
[2026/09/17 21:28:14] 发送(hex): 20
[2026/09/17 21:28:14] 发送(hex): 20
[2026/09/17 21:28:14] 发送(hex): 20
[2026/09/17 21:28:14] 发送(hex): 20
[2026/09/17 21:28:14] 发送(hex): 20
[2026/09/17 21:28:14] 发送(hex): 20
[2026/09/17 21:28:14] 发送(hex): 20
[2026/09/17 21:28:14] 发送(hex): 20
[2026/09/17 21:28:14] 发送(hex): 20
[2026/09/17 21:28:14] 发送(hex): 20
[2026/09/17 21:28:14] 发送(hex): 20
[2026/09/17 21:28:14] 发送(hex): 20
[2026/09/17 21:28:14] 发送(hex): 20
[2026/09/17 21:28:14] 发送(hex): 20
[2026/09/17 21:28:14] 发送(hex): 20
[2026/09/17 21:28:14] 发送(hex): 20
[2026/09/17 21:28:14] 发送(hex): 20
[2026/09/17 21:28:14] 发送(hex): 20
[2026/09/17 21:28:15] 发送(hex): 20
[2026/09/17 21:28:15] 发送(hex): 20
[2026/09/17 21:28:15] 发送(hex): 20
[2026/09/17 21:28:15] 发送(hex): 20
[2026/09/17 21:28:15] 发送(hex): 20
[2026/09/17 21:28:15] 发送(hex): 20
[2026/09/17 21:28:15] 发送(hex): 20
[2026/09/17 21:28:15] 发送(hex): 20
[2026/09/17 21:28:15] 发送(hex): 20
[2026/09/17 21:28:15] 发送(hex): 20
[2026/09/17 21:28:15] 发送(hex): 20
[2026/09/17 21:28:15] 发送(hex): 20
[2026/09/17 21:28:15] 发送(hex): 20
[2026/09/17 21:28:15] 发送(hex): 20
[2026/09/17 21:28:15] 发送(hex): 20
[2026/09/17 21:28:15] 发送(hex): 20
[2026/09/17 21:28:15] 发送(hex): 20
[2026/09/17 21:28:15] 发送(hex): 20
[2026/09/17 21:28:15] 发送(hex): 20
[2026/09/17 21:28:15] 发送(hex): 20
[2026/09/17 21:28:15] 发送(hex): 20
[2026/09/17 21:28:15] 发送(hex): 20
[2026/09/17 21:28:15] 发送(hex): 20
[2026/09/17 21:28:15] 发送(hex): 20
[2026/09/17 21:28:15] 发送(hex): 20
[2026/09/17 21:28:15] 发送(hex): 20
[2026/09/17 21:28:15] 发送(hex): 20
[2026/09/17 21:28:15] 发送(hex): 20
[2026/09/17 21:28:15] 发送(hex): 20
[2026/09/17 21:28:15] 发送(hex): 20
[2026/09/17 21:28:15] 发送(hex): 20
[2026/09/17 21:28:15] 发送(hex): 20
[2026/09/17 21:28:15] 发送(hex): 20
[2026/09/17 21:28:15] 发送(hex): 20
[2026/09/17 21:28:15] 发送(hex): 20
[2026/09/17 21:28:15] 发送(hex): 20
[2026/09/17 21:28:15] 发送(hex): 20
[2026/09/17 21:28:15] 发送(hex): 20
[2026/09/17 21:28:15] 发送(hex): 20
[2026/09/17 21:28:15] 发送(hex): 20
[2026/09/17 21:28:15] 发送(hex): 20
[2026/09/17 21:28:15] 发送(hex): 20
[2026/09/17 21:28:15] 发送(hex): 20
[2026/09/17 21:28:15] 发送(hex): 20
[2026/09/17 21:28:15] 发送(hex): 20
[2026/09/17 21:28:15] 发送(hex): 20
[2026/09/17 21:28:15] 发送(hex): 20
[2026/09/17 21:28:15] 发送(hex): 20
[2026/09/17 21:28:15] 发送(hex): 20
[2026/09/17 21:28:15] 发送(hex): 20
[2026/09/17 21:28:15] 发送(hex): 20
[2026/09/17 21:28:15] 发送(hex): 20
[2026/09/17 21:28:15] 发送(hex): 20
[2026/09/17 21:28:15] 发送(hex): 20
[2026/09/17 21:28:15] 发送(hex): 20
[2026/09/17 21:28:15] 发送(hex): 20
[2026/09/17 21:28:15] 发送(hex): 20
[2026/09/17 21:28:15] 发送(hex): 20
[2026/09/17 21:28:15] 发送(hex): 20
[2026/09/17 21:28:15] 发送(hex): 20
[2026/09/17 21:28:15] 发送(hex): 20
[2026/09/17 21:28:15] 发送(hex): 20
[2026/09/17 21:28:15] 发送(hex): 20
[2026/09/17 21:28:15] 发送(hex): 20
[2026/09/17 21:28:15] 发送(hex): 20
[2026/09/17 21:28:15] 发送(hex): 20
[2026/09/17 21:28:15] 发送(hex): 20
[2026/09/17 21:28:15] 发送(hex): 20
[2026/09/17 21:28:15] 发送(hex): 20
[2026/09/17 21:28:15] 发送(hex): 20
[2026/09/17 21:28:15] 发送(hex): 20
[2026/09/17 21:28:15] 发送(hex): 20
[2026/09/17 21:28:15] 发送(hex): 20
[2026/09/17 21:28:15] 发送(hex): 20
[2026/09/17 21:28:15] 发送(hex): 20
[2026/09/17 21:28:15] 发送(hex): 20
[2026/09/17 21:28:15] 发送(hex): 20
[2026/09/17 21:28:15] 发送(hex): 20
[2026/09/17 21:28:15] 发送(hex): 20
[2026/09/17 21:28:15] 发送(hex): 20
[2026/09/17 21:28:15] 发送(hex): 20
[2026/09/17 21:28:15] 发送(hex): 20
[2026/09/17 21:28:15] 发送(hex): 20
[2026/09/17 21:28:15] 发送(hex): 20
[2026/09/17 21:28:15] 发送(hex): 20
[2026/09/17 21:28:15] 发送(hex): 20
[2026/09/17 21:28:15] 发送(hex): 20
[2026/09/17 21:28:15] 发送(hex): 20
[2026/09/17 21:28:15] 发送(hex): 20
[2026/09/17 21:28:15] 发送(hex): 20
[2026/09/17 21:28:15] 发送(hex): 20
[2026/09/17 21:28:15] 发送(hex): 20
[2026/09/17 21:28:15] 发送(hex): 20
[2026/09/17 21:28:15] 发送(hex): 20
[2026/09/17 21:28:16] 发送(hex): 20
[2026/09/17 21:28:16] 发送(hex): 20
[2026/09/17 21:28:16] 发送(hex): 20
[2026/09/17 21:28:16] 发送(hex): 20
[2026/09/17 21:28:16] 发送(hex): 20
[2026/09/17 21:28:16] 发送(hex): 20
[2026/09/17 21:28:16] 发送(hex): 20
[2026/09/17 21:28:16] 发送(hex): 20
[2026/09/17 21:28:16] 发送(hex): 20
[2026/09/17 21:28:16] 发送(hex): 20
[2026/09/17 21:28:16] 发送(hex): 20
[2026/09/17 21:28:16] 发送(hex): 20
[2026/09/17 21:28:16] 发送(hex): 20
[2026/09/17 21:28:16] 发送(hex): 20
[2026/09/17 21:28:16] 发送(hex): 20
[2026/09/17 21:28:16] 发送(hex): 20
[2026/09/17 21:28:16] 发送(hex): 20
[2026/09/17 21:28:16] 发送(hex): 20
[2026/09/17 21:28:16] 发送(hex): 20
[2026/09/17 21:28:16] 发送(hex): 20
[2026/09/17 21:28:16] 发送(hex): 20
[2026/09/17 21:28:16] 发送(hex): 20
[2026/09/17 21:28:16] 发送(hex): 20
[2026/09/17 21:28:16] 发送(hex): 20
[2026/09/17 21:28:16] 发送(hex): 20
[2026/09/17 21:28:16] 发送(hex): 20
[2026/09/17 21:28:16] 发送(hex): 20
[2026/09/17 21:28:16] 发送(hex): 20
[2026/09/17 21:28:16] 发送(hex): 20
[2026/09/17 21:28:16] 发送(hex): 20
[2026/09/17 21:28:16] 发送(hex): 20
[2026/09/17 21:28:16] 发送(hex): 20
[2026/09/17 21:28:16] 发送(hex): 20
[2026/09/17 21:28:16] 发送(hex): 20
[2026/09/17 21:28:16] 发送(hex): 20
[2026/09/17 21:28:16] 发送(hex): 20
[2026/09/17 21:28:16] 发送(hex): 20
[2026/09/17 21:28:16] 发送(hex): 20
[2026/09/17 21:28:16] 发送(hex): 20
[2026/09/17 21:28:16] 发送(hex): 20
[2026/09/17 21:28:16] 发送(hex): 20
[2026/09/17 21:28:16] 发送(hex): 20
[2026/09/17 21:28:16] 发送(hex): 20
[2026/09/17 21:28:16] 发送(hex): 20
[2026/09/17 21:28:16] 发送(hex): 20
[2026/09/17 21:28:16] 发送(hex): 20
[2026/09/17 21:28:16] 发送(hex): 20
[2026/09/17 21:28:16] 发送(hex): 20
[2026/09/17 21:28:16] 发送(hex): 20
[2026/09/17 21:28:16] 发送(hex): 20
[2026/09/17 21:28:16] 发送(hex): 20
[2026/09/17 21:28:16] 发送(hex): 20
[2026/09/17 21:28:16] 发送(hex): 20
[2026/09/17 21:28:16] 发送(hex): 20
[2026/09/17 21:28:16] 发送(hex): 20
[2026/09/17 21:28:16] 发送(hex): 20
[2026/09/17 21:28:16] 发送(hex): 20
[2026/09/17 21:28:16] 发送(hex): 20
[2026/09/17 21:28:16] 发送(hex): 20
[2026/09/17 21:28:17] 发送(hex): 0d
[2026/09/17 21:28:17] 发送(hex): 0d
[2026/09/17 21:28:17] 发送(hex): 0d
[2026/09/17 21:28:17] Realtek>
[2026/09/17 21:28:17] Realtek>
[2026/09/17 21:28:17] 发送(hex): 0d
[2026/09/17 21:28:17] Realtek>
[2026/09/17 21:28:17] 发送(hex): 0d
[2026/09/17 21:28:17] Realtek>
[2026/09/17 21:28:17] Realtek>
[2026/09/17 21:28:22] 发送(hex): 706d6f646520656e61626c653b72650d
[2026/09/17 21:28:22] pmode enable;re
[2026/09/17 21:28:22] uboot command for pmode enable!
[2026/09/17 21:28:22] resetting ...
[2026/09/17 21:28:22] $
[2026/09/17 21:28:22] Post romcode git ver:42df88
[2026/09/17 21:28:22] 0604ac78a3 (Aug 28 2026 21:41:35)
[2026/09/17 21:28:22] $
[2026/09/17 21:28:22] Hello world, RTD2875P_CN2_TV030!
[2026/09/17 21:28:22] set_wifi_reset
[2026/09/17 21:28:22] Auxcode git ver:3a4deb9ea300359e (Aug 28 2026 21:41:29)
[2026/09/17 21:28:22] flash_type = 2, secure_type = 2
[2026/09/17 21:28:22] b8062204=20000
[2026/09/17 21:28:22] slot info 0 0x0 info 1 0x9021afbe
[2026/09/17 21:28:22] g_gpt_blk_start 0x1  g_offline_gpt 0x0 last_usable_lba 0x1cd2032 num_partition_entries 0x32
[2026/09/17 21:28:22] start 0x2e600000 clt_blk 0x1973004 ctrl size 0x20
[2026/09/17 21:28:22] choose active index 0
[2026/09/17 21:28:22] part name bootloader ative_slot _a real part name bootloader_a
[2026/09/17 21:28:22] part name hwsetting start 0x100000 size 0x33600
[2026/09/17 21:28:22] part name ext_fw start 0x133600 size 0x10400
[2026/09/17 21:28:22] part name kboot start 0x143a00 size 0x16e00
[2026/09/17 21:28:22] part name uboot start 0x15a800 size 0x120400
[2026/09/17 21:28:22] ls4 2 1 = 800040aa 8000207f 80001000
[2026/09/17 21:28:22] fNewHWsettingArch = 2
[2026/09/17 21:28:22] 1.lsadcidx = 2, brand =3, offset = 0
[2026/09/17 21:28:22] 1.lsadcidx = 2, brand =3, offset = 17800
[2026/09/17 21:28:22] hwsetting from mmc
[2026/09/17 21:28:22] AC on HW offset 0x809 start 0x800 reg 0x8090800
[2026/09/17 21:28:22] total = 2f00
[2026/09/17 21:28:22] A
[2026/09/17 21:28:22] A
[2026/09/17 21:28:22] A
[2026/09/17 21:28:22] A
[2026/09/17 21:28:22] A
[2026/09/17 21:28:22] {12 14}
[2026/09/17 21:28:22] ffee
[2026/09/17 21:28:22] ddffeeddddr ver: 62c63180
[2026/09/17 21:28:22] ori DQS0~7 {03 04 1a 1c 00 01 00 00}
[2026/09/17 21:28:22] {01 03 19 1b 00 01 00 00} {09 09 06 09 06 05 00 00}
[2026/09/17 21:28:22] r.y.0 r.y.0 SCPU BISR status: Done
[2026/09/17 21:28:22] [go kb]
[2026/09/17 21:28:22] pass b
[2026/09/17 21:28:22] ootcode info to kboot
[2026/09/17 21:28:22] num=1056
[2026/09/17 21:28:22] boot_magic=20230423
[2026/09/17 21:28:22] ---DEBUG kboot 21:41:14 Aug 28 2026 ---
[2026/09/17 21:28:22] [Kboot]eMMC(mid-15) MMC_HS50 (50000000Mhz)[8bit].
[2026/09/17 21:28:22] block info 0x1cd2032 0x3a3e000.
[2026/09/17 21:28:22] [MMC] 32 -----------> 16GB.
[2026/09/17 21:28:22] (2379beef) (0) bufsize=(null)
[2026/09/17 21:28:23] uboot start 0x15a800 size 0x120400
[2026/09/17 21:28:23] board_version:
[2026/09/17 21:28:23] ls1 = 0, ver: 0
[2026/09/17 21:28:23] [0;31mapp_main 325 board_version=0[0m
[2026/09/17 21:28:23] get FW_TZFW flash start 0xf100200 ddr buf start 0x1
[2026/09/17 21:28:23] 80000 image size 010c2e3 ok!
[2026/09/17 21:28:23] [INFO]RPMB auth key not written !
[2026/09/17 21:28:23] [INFO]RPMB auth key not written !
[2026/09/17 21:28:23] Current board is not frist boot.
[2026/09/17 21:28:23] ALL zero, reserved_3 has removed.
[2026/09/17 21:28:23] Current board remove reserved_3 done.
[2026/09/17 21:28:23] get FW_VKERNEL f
[2026/09/17 21:28:23] lash start 0xc100200 ddr buf start 0x1a900000 image size 05f0300 ok!
[2026/09/17 21:28:23] get FW_VKERNEL2 flash start 0xd900200 ddr buf start 0x1af00000 image size 0f4920 ok!
[2026/09/17 21:28:23] get FW_AKERNEL flash start 0xa900200 ddr buf start 0x1b200000 image size 07fbf7c ok!
[2026/09/17 21:28:23] ATFATFATF:0 1 NOTICE: kill CPU(2)...
[2026/09/17 21:28:23] ATF:0 1 NOTICE: kill (2) : PACTIVE:0
[2026/09/17 21:28:23] ATF:0 1 NOTICE:  CPU(2) kill done, pstate(0x0)
[2026/09/17 21:28:23] U
[2026/09/17 21:28:23] fixup_node_name 555. set /reserved-memory@5 to /reserved-memory
[2026/09/17 21:28:23] fixup_node_name 555. set /rtk_cma@5 to /rtk_cma
[2026/09/17 21:28:23] ### [1;31mERROR[0m ### get_movablecore 613. Can't find dtb node /reserved-memory/cma2_memory/reg
[2026/09/17 21:28:23] reinit_mem_info 1049  ddr_size 80000000
[2026/09/17 21:28:23] booting, boot_led_type: 0x00000000, led on[1]
[2026/09/17 21:28:23] set share register: 0x99100000
[2026/09/17 21:28:23] boot_power_on_mode=1
[2026/09/17 21:28:23] [get_layout:1264]!
[2026/09/17 21:28:24] boot_part value = 0 boot_tag value = 21
[2026/09/17 21:28:24] [get_oemkey] 1397: get oem.key = ATV00107525
[2026/09/17 21:28:24] Factory_RO: [EXT4] factory_ro_buffer:0a800000, factory_ro_buffer size:0x1000000!
[2026/09/17 21:28:24] Partiton factory_ro_a located at 0:6
[2026/09/17 21:28:24] factory_ro_a partition can not find /.000@bk@***!
[2026/09/17 21:28:24] Factory RO no need recovery!
[2026/09/17 21:28:24] Get tvconfigs_a partition block device index fail!
[2026/09/17 21:28:24] read customer.ini file fail!
[2026/09/17 21:28:24] parse SYS_INI path fail
[2026/09/17 21:28:24] Not support board ini mechansim!
[2026/09/17 21:28:24] Get tvconfigs_a partition block device index fail!
[2026/09/17 21:28:24] read customer.ini file fail!
[2026/09/17 21:28:24] parse SYS_INI path fail
[2026/09/17 21:28:24] load model ini file fail
[2026/09/17 21:28:24] cannot find PcbPath from ini file
[2026/09/17 21:28:24] no pcb.config in tvconfigs
[2026/09/17 21:28:24] no mnt/vendor/factorypcb.config
[2026/09/17 21:28:25] delay:342
[2026/09/17 21:28:26] Vwait V1go
[2026/09/17 21:28:26] Vwait V2go
[2026/09/17 21:28:26] DEMOD BISR check Pass and disable demod CLK!!
[2026/09/17 21:28:26] [0;31mboard_version=0 sz=18M[0m
[2026/09/17 21:28:26] ATF:0 1 NOTICE: atf enter time:1180ms, current time:3993ms
[2026/09/17 21:28:26] ATF:0 1 NOTICE: 1st boot elapsed 3999ms
[2026/09/17 21:28:29] console:/ $
[2026/09/17 21:28:37] factory auto test loop start
[2026/09/17 21:28:37]  
[2026/09/17 21:29:00] 发送(hex): aa061001a7ef
[2026/09/17 21:29:00] «
[2026/09/17 21:29:00] ßN
[2026/09/17 21:29:01] 发送(hex): aa06110194de
[2026/09/17 21:29:01] «
[2026/09/17 21:29:01] ßN
[2026/09/17 21:29:21] 发送(hex): aa06840063e1
[2026/09/17 21:29:21] «
[2026/09/17 21:29:21] ßN« ª
[2026/09/17 21:29:25] $
[2026/09/17 21:29:25] Post romcode git ver:42df880604ac78a3 (Aug 28 2026 21:41:35)
[2026/09/17 21:29:25] $
[2026/09/17 21:29:25] Hello world, RTD2875P_CN2_TV030!
[2026/09/17 21:29:25] set_wifi_reset
[2026/09/17 21:29:25] Auxcode git ver:3a4deb9ea300359e (Aug 28 2026 21:41:29)
[2026/09/17 21:29:25] flash_type = 2, secure_type = 2
[2026/09/17 21:29:25] b8062204=0
[2026/09/17 21:29:25] slot info 0 0x0 info 1 0x0
[2026/09/17 21:29:25] invalid reg slot status 0x0,
[2026/09/17 21:29:25] get slot info from flash!
[2026/09/17 21:29:25] g_gpt_blk_start 0x1  g_offline_gpt 0x0 last_usable_lba 0x1cd2032 num_partition_entries 0x32
[2026/09/17 21:29:25] start 0x2e600000 clt_blk 0x1973004 ctrl size 0x20
[2026/09/17 21:29:25] choose active index 0
[2026/09/17 21:29:25] part name bootloader ative_slot _a real part name bootloader_a
[2026/09/17 21:29:25] part name hwsetting start 0x100000 size 0x33600
[2026/09/17 21:29:25] part name ext_fw start 0x133600 size 0x10400
[2026/09/17 21:29:25] part name kboot start 0x143a00 size 0x16e00
[2026/09/17 21:29:25] part name uboot start 0x15a800 size 0x120400
[2026/09/17 21:29:25] ls4 2 1 = 800040aa 8000207f 80001000
[2026/09/17 21:29:25] fNewHWsettingArch = 2
[2026/09/17 21:29:25] 1.lsadcidx = 2, brand =3, offset = 0
[2026/09/17 21:29:25] 1.lsadcidx = 2, brand =3, offset = 17800
[2026/09/17 21:29:25] hwsetting from mmc
[2026/09/17 21:29:25] AC on HW offset 0x809 start 0x800 reg 0x8090800
[2026/09/17 21:29:25] total = 2f00
[2026/09/17 21:29:25] A
[2026/09/17 21:29:25] A
[2026/09/17 21:29:25] A
[2026/09/17 21:29:25] A
[2026/09/17 21:29:25] A
[2026/09/17 21:29:25] {12 14}
[2026/09/17 21:29:25] ffeeddffeeddddr ver: 62c63180
[2026/09/17 21:29:25] ori DQS0~7 {03 04 1a 1c 00 01 00 00}
[2026/09/17 21:29:25] {01 03 19 1b 00 01 00 00} {09 09 07 09 06 05 00 00}
[2026/09/17 21:29:25] r.y.0
[2026/09/17 21:29:25] r.y.0 SCPU BISR status: Done
[2026/09/17 21:29:25] [go kb]
[2026/09/17 21:29:25] pass b
[2026/09/17 21:29:25] ootcode info to kboot
[2026/09/17 21:29:25] num=1100
[2026/09/17 21:29:25] boot_magic=2000
[2026/09/17 21:29:25] ---DEBUG kboot 21:41:14 Aug 28 2026 ---
[2026/09/17 21:29:25] [Kboot]eMMC(mid-15) MMC_HS50 (50000000Mhz)[8bit].
[2026/09/17 21:29:25] block info 0x1cd2032 0x3a3e000.
[2026/09/17 21:29:25] [MMC] 32 -----------> 16GB.
[2026/09/17 21:29:25] (00000000) (1) bufsize=(null)
[2026/09/17 21:29:25] uboot start 0x15a800 size 0x120400
[2026/09/17 21:29:25] board_version
[2026/09/17 21:29:25] : ls1 = 0, ver: 0
[2026/09/17 21:29:25] [0;31mapp_main 325 board_version=0[0m
[2026/09/17 21:29:25] get FW_TZFW flash start 0xf100200 ddr buf star
[2026/09/17 21:29:25] t 0x180000 image size 010c2e3 ok!
[2026/09/17 21:29:25] [INFO]RPMB auth key not written !
[2026/09/17 21:29:25] [INFO]RPMB auth key not written !
[2026/09/17 21:29:25] Current board is not frist boot.
[2026/09/17 21:29:25] ALL zero, reserved_3 has removed.
[2026/09/17 21:29:25] Current board remove reserved_3 done.
[2026/09/17 21:29:25] get FW_VKERN
[2026/09/17 21:29:25] EL flash start 0xc100200 ddr buf start 0x1a900000 image size 05f0300 ok!
[2026/09/17 21:29:25] get FW_VKERNEL2 flash start 0xd900200 ddr buf start 0x1af00000 image size 0f4920 ok!
[2026/09/17 21:29:26] get FW_AKERNEL flash start 0xa900200 ddr buf start 0x1b200000 image size 07fbf7c ok!
[2026/09/17 21:29:26] ATFATFATF:0 1 NOTICE: kill CPU(2)...
[2026/09/17 21:29:26] ATF:0 1 NOTICE: kill (2) : PACTIVE:0
[2026/09/17 21:29:26] ATF:0 1 NOTICE:  CPU(2) kill done, pstate(0x0)
[2026/09/17 21:29:26] U
[2026/09/17 21:29:26] fixup_node_name 555. set /reserved-memory@5 to /reserved-memory
[2026/09/17 21:29:26] fixup_node_name 555. set /rtk_cma@5 to /rtk_cma
[2026/09/17 21:29:26] ### [1;31mERROR[0m ### get_movablecore 613. Can't find dtb node /reserved-memory/cma2_memory/reg
[2026/09/17 21:29:26] reinit_mem_info 1049  ddr_size 80000000
[2026/09/17 21:29:26] booting, boot_led_type: 0x00000000, led on[1]
[2026/09/17 21:29:26] set share register: 0x99100000
[2026/09/17 21:29:26] boot_power_on_mode=1
[2026/09/17 21:29:26] [get_layout:1264]!
[2026/09/17 21:29:26] boot_part value = 0 boot_tag value = 21
[2026/09/17 21:29:26] [get_oemkey] 1397: get oem.key = ATV00107525
[2026/09/17 21:29:26] Factory_RO: [EXT4] factory_ro_buffer:0a800000, factory_ro_buffer size:0x1000000!
[2026/09/17 21:29:26] Partiton factory_ro_a located at 0:6
[2026/09/17 21:29:26] factory_ro_a partition can not find /.000@bk@***!
[2026/09/17 21:29:26] Factory RO no need recovery!
[2026/09/17 21:29:26] Get tvconfigs_a partition block device index fail!
[2026/09/17 21:29:26] read customer.ini file fail!
[2026/09/17 21:29:26] parse SYS_INI path fail
[2026/09/17 21:29:26] Not support board ini mechansim!
[2026/09/17 21:29:26] Get tvconfigs_a partition block device index fail!
[2026/09/17 21:29:26] read customer.ini file fail!
[2026/09/17 21:29:26] parse SYS_INI path fail
[2026/09/17 21:29:26] load model ini file fail
[2026/09/17 21:29:26] cannot find PcbPath from ini file
[2026/09/17 21:29:26] no pcb.config in tvconfigs
[2026/09/17 21:29:26] no mnt/vendor/factorypcb.config
[2026/09/17 21:29:28] delay:292
[2026/09/17 21:29:29] Vwait V1go
[2026/09/17 21:29:29] Vwait V2go
[2026/09/17 21:29:29] DEMOD BISR check Pass and disable demod CLK!!
[2026/09/17 21:29:29] [0;31mboard_version=0 sz=18M[0m
[2026/09/17 21:29:29] ATF:0 1 NOTICE: atf enter time:1184ms, current time:4075ms
[2026/09/17 21:29:29] ATF:0 1 NOTICE: 1st boot elapsed 4081ms
[2026/09/17 21:29:32] console:/ $
[2026/09/17 21:29:41] factory auto test loop start
[2026/09/17 21:29:41]  
[2026/09/17 21:29:56] 发送(hex): 20
[2026/09/17 21:29:56] 发送(hex): 20
[2026/09/17 21:29:56] 发送(hex): 20
[2026/09/17 21:29:56] 发送(hex): 20
[2026/09/17 21:29:56] 发送(hex): 20
[2026/09/17 21:29:56] 发送(hex): 20
[2026/09/17 21:29:56] 发送(hex): 20
[2026/09/17 21:29:56] 发送(hex): 20
[2026/09/17 21:29:56] 发送(hex): 20
[2026/09/17 21:29:56] 发送(hex): 20
[2026/09/17 21:29:56] 发送(hex): 20
[2026/09/17 21:29:56] 发送(hex): 20
[2026/09/17 21:29:56] 发送(hex): 20
[2026/09/17 21:29:56] 发送(hex): 20
[2026/09/17 21:29:56] 发送(hex): 20
[2026/09/17 21:29:56] 发送(hex): 20
[2026/09/17 21:29:56] 发送(hex): 20
[2026/09/17 21:29:56] 发送(hex): 20
[2026/09/17 21:29:56] 发送(hex): 20
[2026/09/17 21:29:56] 发送(hex): 20
[2026/09/17 21:29:56] 发送(hex): 20
[2026/09/17 21:29:56] 发送(hex): 20
[2026/09/17 21:29:56] 发送(hex): 20
[2026/09/17 21:29:56] 发送(hex): 20
[2026/09/17 21:29:56] 发送(hex): 20
[2026/09/17 21:29:56] 发送(hex): 20
[2026/09/17 21:29:56] 发送(hex): 20
[2026/09/17 21:29:56] 发送(hex): 20
[2026/09/17 21:29:56] 发送(hex): 20
[2026/09/17 21:29:56] 发送(hex): 20
[2026/09/17 21:29:56] 发送(hex): 20
[2026/09/17 21:29:56] 发送(hex): 20
[2026/09/17 21:29:56] 发送(hex): 20
[2026/09/17 21:29:57] 发送(hex): 20
[2026/09/17 21:29:57] 发送(hex): 20
[2026/09/17 21:29:57] $
[2026/09/17 21:29:57] Post romcode git ver:42df880604ac78a3 (Aug 28 2026 21:41:35)
[2026/09/17 21:29:57] $
[2026/09/17 21:29:57] Hello world, RTD2875P_CN2_TV030!
[2026/09/17 21:29:57] set_wifi_reset
[2026/09/17 21:29:57] Auxcode git ver:3a4deb9ea300359e (Aug 28 2026 21:41:29)
[2026/09/17 21:29:57] flash_type = 2, secure_type = 2
[2026/09/17 21:29:57] b8062204=0
[2026/09/17 21:29:57] 发送(hex): 20
[2026/09/17 21:29:57] 发送(hex): 20
[2026/09/17 21:29:57] slot info 0 0x0 info 1 0x0
[2026/09/17 21:29:57] invalid reg slot status 0x0,g
[2026/09/17 21:29:57] 发送(hex): 20
[2026/09/17 21:29:57] 发送(hex): 20
[2026/09/17 21:29:57] 发送(hex): 20
[2026/09/17 21:29:57] 发送(hex): 20
[2026/09/17 21:29:57] 发送(hex): 20
[2026/09/17 21:29:57] 发送(hex): 20
[2026/09/17 21:29:57] 发送(hex): 20
[2026/09/17 21:29:57] 发送(hex): 20
[2026/09/17 21:29:57] et slot info from flash!
[2026/09/17 21:29:57] g_gpt_blk_start 0x1  g_offline_gpt 0x0 last_usable_lba 0x1cd2032 num_partition_entries 0x32
[2026/09/17 21:29:57] start 0x2e600000 clt_blk 0x1973004 ctrl size 0x20
[2026/09/17 21:29:57] choose active index 0
[2026/09/17 21:29:57] part name bootloader ative_slot _a real part name bootloader_a
[2026/09/17 21:29:57] part name hwsetting start 0x100000 size 0x33600
[2026/09/17 21:29:57] part name ext_fw start 0x133600 size 0x10400
[2026/09/17 21:29:57] part name kboot start 0x143a00 size 0x16e00
[2026/09/17 21:29:57] part name uboot start 0x15a800 size 0x120400
[2026/09/17 21:29:57] ls4 2 1 = 800040ab 8000207f 80001000
[2026/09/17 21:29:57] fNewHWsettingArch = 2
[2026/09/17 21:29:57] 1.lsadcidx = 2, brand =3, offset = 0
[2026/09/17 21:29:57] 1.lsadcidx = 2, brand =3, offset = 17800
[2026/09/17 21:29:57] hwsetting from mmc
[2026/09/17 21:29:57] AC on HW offset 0x809 start 0x800 reg 0x8090800
[2026/09/17 21:29:57] total = 2f00
[2026/09/17 21:29:57] 发送(hex): 20
[2026/09/17 21:29:57] 发送(hex): 20
[2026/09/17 21:29:57] 发送(hex): 20
[2026/09/17 21:29:57] 发送(hex): 20
[2026/09/17 21:29:57] A
[2026/09/17 21:29:57] 发送(hex): 20
[2026/09/17 21:29:57] 发送(hex): 20
[2026/09/17 21:29:57] A
[2026/09/17 21:29:57] 发送(hex): 20
[2026/09/17 21:29:57] A
[2026/09/17 21:29:57] A
[2026/09/17 21:29:57] 发送(hex): 20
[2026/09/17 21:29:57] 发送(hex): 20
[2026/09/17 21:29:57] A
[2026/09/17 21:29:57] 发送(hex): 20
[2026/09/17 21:29:57] 发送(hex): 20
[2026/09/17 21:29:57] {12 14}
[2026/09/17 21:29:57] ffeeddffeeddddr ver: 62c63180
[2026/09/17 21:29:57] ori DQS0~7 {03 04 1a 1c 00 01 00 00}
[2026/09/17 21:29:57] 发送(hex): 20
[2026/09/17 21:29:57] 发送(hex): 20
[2026/09/17 21:29:57] 发送(hex): 20
[2026/09/17 21:29:57] 发送(hex): 20
[2026/09/17 21:29:57] 发送(hex): 20
[2026/09/17 21:29:57] 发送(hex): 20
[2026/09/17 21:29:57] 发送(hex): 20
[2026/09/17 21:29:57] 发送(hex): 20
[2026/09/17 21:29:57] {01 03 19 1b 00 01 00 00} {08 08 06 09 06 05 00 00}
[2026/09/17 21:29:57] r.y.0 r
[2026/09/17 21:29:57] 发送(hex): 20
[2026/09/17 21:29:57] .y.0 SCPU BISR status: Done
[2026/09/17 21:29:57] 发送(hex): 20
[2026/09/17 21:29:57] 发送(hex): 20
[2026/09/17 21:29:57] [go kb]
[2026/09/17 21:29:57] pass bootcod
[2026/09/17 21:29:57] 发送(hex): 20
[2026/09/17 21:29:57] 发送(hex): 20
[2026/09/17 21:29:57] 发送(hex): 20
[2026/09/17 21:29:57] e info to kboot
[2026/09/17 21:29:57] num=1100
[2026/09/17 21:29:57] boot_magic=7a646004
[2026/09/17 21:29:57] ---DEBUG kboot 21:41:14 Aug 28 2026 ---
[2026/09/17 21:29:57] [Kboot]eMMC(mid-15) MMC_HS50 (50000000Mhz)[8bit].
[2026/09/17 21:29:57] block info 0x1cd2032 0x3a3e000.
[2026/09/17 21:29:57] [MMC] 32 -----------> 16GB.
[2026/09/17 21:29:57] 发送(hex): 20
[2026/09/17 21:29:57] 发送(hex): 20
[2026/09/17 21:29:57] (00000000) (1) bufsize=(null)
[2026/09/17 21:29:57] 发送(hex): 20
[2026/09/17 21:29:57] 发送(hex): 20
[2026/09/17 21:29:57] 发送(hex): 20
[2026/09/17 21:29:57] uboot start 0x15a800 size 0x120400
[2026/09/17 21:29:57] 发送(hex): 20
[2026/09/17 21:29:57] board_version: l
[2026/09/17 21:29:57] 发送(hex): 20
[2026/09/17 21:29:57] 发送(hex): 20
[2026/09/17 21:29:57] s1 = 0, ver: 0
[2026/09/17 21:29:57] [0;31mapp_main 325 board_version=0[0m
[2026/09/17 21:29:57] 发送(hex): 20
[2026/09/17 21:29:57] 发送(hex): 20
[2026/09/17 21:29:57] 发送(hex): 20
[2026/09/17 21:29:57] get FW_TZFW flash start 0xf100200 ddr buf start 0x
[2026/09/17 21:29:57] 发送(hex): 20
[2026/09/17 21:29:57] 发送(hex): 20
[2026/09/17 21:29:57] 发送(hex): 20
[2026/09/17 21:29:57] 180000 image size 010c2e3 ok!
[2026/09/17 21:29:57] [INFO]RPMB auth key not written !
[2026/09/17 21:29:57] [INFO]RPMB auth key not written !
[2026/09/17 21:29:57] Current board is not frist boot.
[2026/09/17 21:29:57] ALL zero, reserved_3 has removed.
[2026/09/17 21:29:57] Current board remove reserved_3 done.
[2026/09/17 21:29:57] 发送(hex): 20
[2026/09/17 21:29:57] 发送(hex): 20
[2026/09/17 21:29:57] 发送(hex): 20
[2026/09/17 21:29:57] 发送(hex): 20
[2026/09/17 21:29:57] 发送(hex): 20
[2026/09/17 21:29:57] 发送(hex): 20
[2026/09/17 21:29:57] 发送(hex): 20
[2026/09/17 21:29:57] 发送(hex): 20
[2026/09/17 21:29:57] 发送(hex): 20
[2026/09/17 21:29:57] 发送(hex): 20
[2026/09/17 21:29:57] 发送(hex): 20
[2026/09/17 21:29:57] 发送(hex): 20
[2026/09/17 21:29:57] 发送(hex): 20
[2026/09/17 21:29:57] 发送(hex): 20
[2026/09/17 21:29:57] 发送(hex): 20
[2026/09/17 21:29:57] 发送(hex): 20
[2026/09/17 21:29:57] 发送(hex): 20
[2026/09/17 21:29:57] 发送(hex): 20
[2026/09/17 21:29:57] 发送(hex): 20
[2026/09/17 21:29:57] get FW_VKERNEL f
[2026/09/17 21:29:57] 发送(hex): 20
[2026/09/17 21:29:57] 发送(hex): 20
[2026/09/17 21:29:57] lash start 0xc100200 ddr buf start 0x1a900000 image size 05f0300 ok!
[2026/09/17 21:29:57] 发送(hex): 20
[2026/09/17 21:29:57] 发送(hex): 20
[2026/09/17 21:29:57] 发送(hex): 20
[2026/09/17 21:29:57] 发送(hex): 20
[2026/09/17 21:29:57] get FW_VKERNEL2 flash start 0xd900200 ddr buf start 0x1af00000 image size 0f4920 ok!
[2026/09/17 21:29:57] 发送(hex): 20
[2026/09/17 21:29:57] 发送(hex): 20
[2026/09/17 21:29:57] 发送(hex): 20
[2026/09/17 21:29:57] 发送(hex): 20
[2026/09/17 21:29:57] 发送(hex): 20
[2026/09/17 21:29:57] 发送(hex): 20
[2026/09/17 21:29:57] 发送(hex): 20
[2026/09/17 21:29:57] 发送(hex): 20
[2026/09/17 21:29:57] 发送(hex): 20
[2026/09/17 21:29:57] 发送(hex): 20
[2026/09/17 21:29:57] 发送(hex): 20
[2026/09/17 21:29:57] 发送(hex): 20
[2026/09/17 21:29:57] 发送(hex): 20
[2026/09/17 21:29:57] 发送(hex): 20
[2026/09/17 21:29:57] 发送(hex): 20
[2026/09/17 21:29:57] 发送(hex): 20
[2026/09/17 21:29:57] 发送(hex): 20
[2026/09/17 21:29:57] 发送(hex): 20
[2026/09/17 21:29:58] 发送(hex): 20
[2026/09/17 21:29:58] 发送(hex): 20
[2026/09/17 21:29:58] 发送(hex): 20
[2026/09/17 21:29:58] 发送(hex): 20
[2026/09/17 21:29:58] 发送(hex): 20
[2026/09/17 21:29:58] 发送(hex): 20
[2026/09/17 21:29:58] 发送(hex): 20
[2026/09/17 21:29:58] 发送(hex): 20
[2026/09/17 21:29:58] get FW_AKERNEL flash start 0xa900200 ddr buf start 0x1b200000 image size 07fbf7c ok!
[2026/09/17 21:29:58] 发送(hex): 20
[2026/09/17 21:29:58] 发送(hex): 20
[2026/09/17 21:29:58] 发送(hex): 20
[2026/09/17 21:29:58] 发送(hex): 20
[2026/09/17 21:29:58] 发送(hex): 20
[2026/09/17 21:29:58] 发送(hex): 20
[2026/09/17 21:29:58] 发送(hex): 20
[2026/09/17 21:29:58] 发送(hex): 20
[2026/09/17 21:29:58] 发送(hex): 20
[2026/09/17 21:29:58] 发送(hex): 20
[2026/09/17 21:29:58] ATFATFATF:0 1 NOTICE: kill CPU(2)...
[2026/09/17 21:29:58] ATF:0 1 NOTICE: kill (2) : PACTIVE:0
[2026/09/17 21:29:58] ATF:0 1 NOTICE:  CPU(2) kill done, pstate(0x0)
[2026/09/17 21:29:58] 发送(hex): 20
[2026/09/17 21:29:58] 发送(hex): 20
[2026/09/17 21:29:58] U
[2026/09/17 21:29:58] 发送(hex): 20
[2026/09/17 21:29:58] 发送(hex): 20
[2026/09/17 21:29:58] 发送(hex): 20
[2026/09/17 21:29:58] 发送(hex): 20
[2026/09/17 21:29:58] 发送(hex): 20
[2026/09/17 21:29:58] 发送(hex): 20
[2026/09/17 21:29:58] 发送(hex): 20
[2026/09/17 21:29:58] 发送(hex): 20
[2026/09/17 21:29:58] 发送(hex): 20
[2026/09/17 21:29:58] 发送(hex): 20
[2026/09/17 21:29:58] 发送(hex): 20
[2026/09/17 21:29:58] 发送(hex): 20
[2026/09/17 21:29:58] 发送(hex): 20
[2026/09/17 21:29:58] 发送(hex): 20
[2026/09/17 21:29:58] 发送(hex): 20
[2026/09/17 21:29:58] 发送(hex): 20
[2026/09/17 21:29:58] fixup_node_name 555. set /reserved-memory@5 to /reserved-memory
[2026/09/17 21:29:58] fixup_node_name 555. set /rtk_cma@5 to /rtk_cma
[2026/09/17 21:29:58] ### [1;31mERROR[0m ### get_movablecore 613. Can't find dtb node /reserved-memory/cma2_memory/reg
[2026/09/17 21:29:58] reinit_mem_info 1049  ddr_size 80000000
[2026/09/17 21:29:58] 发送(hex): 20
[2026/09/17 21:29:58] 发送(hex): 20
[2026/09/17 21:29:58] 发送(hex): 20
[2026/09/17 21:29:58] booting, boot_led_type: 0x00000000, led on[1]
[2026/09/17 21:29:58] set share register: 0x99100000
[2026/09/17 21:29:58] boot_power_on_mode=1
[2026/09/17 21:29:58] [get_layout:1264]!
[2026/09/17 21:29:58] 发送(hex): 20
[2026/09/17 21:29:58] 发送(hex): 20
[2026/09/17 21:29:58] 发送(hex): 20
[2026/09/17 21:29:58] 发送(hex): 20
[2026/09/17 21:29:58] 发送(hex): 20
[2026/09/17 21:29:58] 发送(hex): 20
[2026/09/17 21:29:58] 发送(hex): 20
[2026/09/17 21:29:58] boot_part value = 0 boot_tag value = 21
[2026/09/17 21:29:58] [get_oemkey] 1397: get oem.key = ATV00107525
[2026/09/17 21:29:58] Factory_RO: [EXT4] factory_ro_buffer:0a800000, factory_ro_buffer size:0x1000000!
[2026/09/17 21:29:58] Partiton factory_ro_a located at 0:6
[2026/09/17 21:29:58] factory_ro_a partition can not find /.000@bk@***!
[2026/09/17 21:29:58] Factory RO no need recovery!
[2026/09/17 21:29:58] Get tvconfigs_a partition block device index fail!
[2026/09/17 21:29:58] read customer.ini file fail!
[2026/09/17 21:29:58] parse SYS_INI path fail
[2026/09/17 21:29:58] Not support board ini mechansim!
[2026/09/17 21:29:58] Get tvconfigs_a partition block device index fail!
[2026/09/17 21:29:58] read customer.ini file fail!
[2026/09/17 21:29:58] parse SYS_INI path fail
[2026/09/17 21:29:58] load model ini file fail
[2026/09/17 21:29:58] cannot find PcbPath from ini file
[2026/09/17 21:29:58] no pcb.config in tvconfigs
[2026/09/17 21:29:58] no mnt/vendor/factorypcb.config
[2026/09/17 21:29:58] 发送(hex): 20
[2026/09/17 21:29:58] 发送(hex): 20
[2026/09/17 21:29:58] 发送(hex): 20
[2026/09/17 21:29:58] 发送(hex): 20
[2026/09/17 21:29:58] 发送(hex): 20
[2026/09/17 21:29:58] 发送(hex): 20
[2026/09/17 21:29:58] 发送(hex): 20
[2026/09/17 21:29:58] 发送(hex): 20
[2026/09/17 21:29:58] 发送(hex): 20
[2026/09/17 21:29:58] 发送(hex): 20
[2026/09/17 21:29:58] 发送(hex): 20
[2026/09/17 21:29:58] 发送(hex): 20
[2026/09/17 21:29:58] 发送(hex): 20
[2026/09/17 21:29:58] 发送(hex): 20
[2026/09/17 21:29:58] 发送(hex): 20
[2026/09/17 21:29:58] 发送(hex): 20
[2026/09/17 21:29:58] 发送(hex): 20
[2026/09/17 21:29:58] 发送(hex): 20
[2026/09/17 21:29:58] 发送(hex): 20
[2026/09/17 21:29:58] 发送(hex): 20
[2026/09/17 21:29:58] 发送(hex): 20
[2026/09/17 21:29:58] 发送(hex): 20
[2026/09/17 21:29:58] 发送(hex): 20
[2026/09/17 21:29:58] 发送(hex): 20
[2026/09/17 21:29:58] 发送(hex): 20
[2026/09/17 21:29:58] 发送(hex): 20
[2026/09/17 21:29:58] 发送(hex): 20
[2026/09/17 21:29:58] 发送(hex): 20
[2026/09/17 21:29:58] 发送(hex): 20
[2026/09/17 21:29:58] 发送(hex): 20
[2026/09/17 21:29:58] 发送(hex): 20
[2026/09/17 21:29:58] 发送(hex): 20
[2026/09/17 21:29:58] 发送(hex): 20
[2026/09/17 21:29:58] 发送(hex): 20
[2026/09/17 21:29:58] 发送(hex): 20
[2026/09/17 21:29:58] 发送(hex): 20
[2026/09/17 21:29:58] 发送(hex): 20
[2026/09/17 21:29:58] 发送(hex): 20
[2026/09/17 21:29:58] 发送(hex): 20
[2026/09/17 21:29:58] 发送(hex): 20
[2026/09/17 21:29:58] 发送(hex): 20
[2026/09/17 21:29:58] 发送(hex): 20
[2026/09/17 21:29:58] 发送(hex): 20
[2026/09/17 21:29:58] 发送(hex): 20
[2026/09/17 21:29:58] 发送(hex): 20
[2026/09/17 21:29:58] 发送(hex): 20
[2026/09/17 21:29:58] 发送(hex): 20
[2026/09/17 21:29:58] 发送(hex): 20
[2026/09/17 21:29:59] 发送(hex): 20
[2026/09/17 21:29:59] 发送(hex): 20
[2026/09/17 21:29:59] 发送(hex): 20
[2026/09/17 21:29:59] 发送(hex): 20
[2026/09/17 21:29:59] 发送(hex): 20
[2026/09/17 21:29:59] 发送(hex): 20
[2026/09/17 21:29:59] 发送(hex): 20
[2026/09/17 21:29:59] 发送(hex): 20
[2026/09/17 21:29:59] 发送(hex): 20
[2026/09/17 21:29:59] 发送(hex): 20
[2026/09/17 21:29:59] 发送(hex): 20
[2026/09/17 21:29:59] 发送(hex): 20
[2026/09/17 21:29:59] 发送(hex): 20
[2026/09/17 21:29:59] 发送(hex): 20
[2026/09/17 21:29:59] 发送(hex): 20
[2026/09/17 21:29:59] 发送(hex): 20
[2026/09/17 21:29:59] 发送(hex): 20
[2026/09/17 21:29:59] 发送(hex): 20
[2026/09/17 21:29:59] 发送(hex): 20
[2026/09/17 21:29:59] 发送(hex): 20
[2026/09/17 21:29:59] 发送(hex): 20
[2026/09/17 21:29:59] 发送(hex): 20
[2026/09/17 21:29:59] 发送(hex): 20
[2026/09/17 21:29:59] 发送(hex): 20
[2026/09/17 21:29:59] 发送(hex): 20
[2026/09/17 21:29:59] 发送(hex): 20
[2026/09/17 21:29:59] 发送(hex): 20
[2026/09/17 21:29:59] 发送(hex): 20
[2026/09/17 21:29:59] 发送(hex): 20
[2026/09/17 21:29:59] 发送(hex): 20
[2026/09/17 21:29:59] 发送(hex): 20
[2026/09/17 21:29:59] 发送(hex): 20
[2026/09/17 21:29:59] 发送(hex): 20
[2026/09/17 21:29:59] 发送(hex): 20
[2026/09/17 21:29:59] 发送(hex): 20
[2026/09/17 21:29:59] 发送(hex): 20
[2026/09/17 21:29:59] 发送(hex): 20
[2026/09/17 21:29:59] 发送(hex): 20
[2026/09/17 21:29:59] 发送(hex): 20
[2026/09/17 21:29:59] 发送(hex): 20
[2026/09/17 21:29:59] 发送(hex): 20
[2026/09/17 21:29:59] 发送(hex): 20
[2026/09/17 21:29:59] 发送(hex): 20
[2026/09/17 21:29:59] 发送(hex): 20
[2026/09/17 21:29:59] 发送(hex): 20
[2026/09/17 21:29:59] 发送(hex): 20
[2026/09/17 21:29:59] 发送(hex): 20
[2026/09/17 21:29:59] 发送(hex): 20
[2026/09/17 21:29:59] 发送(hex): 20
[2026/09/17 21:29:59] 发送(hex): 20
[2026/09/17 21:29:59] 发送(hex): 20
[2026/09/17 21:29:59] 发送(hex): 20
[2026/09/17 21:29:59] 发送(hex): 20
[2026/09/17 21:29:59] 发送(hex): 20
[2026/09/17 21:29:59] 发送(hex): 20
[2026/09/17 21:29:59] 发送(hex): 20
[2026/09/17 21:29:59] 发送(hex): 20
[2026/09/17 21:29:59] 发送(hex): 20
[2026/09/17 21:29:59] 发送(hex): 20
[2026/09/17 21:29:59] 发送(hex): 20
[2026/09/17 21:29:59] 发送(hex): 20
[2026/09/17 21:29:59] 发送(hex): 20
[2026/09/17 21:29:59] 发送(hex): 20
[2026/09/17 21:29:59] 发送(hex): 20
[2026/09/17 21:29:59] 发送(hex): 20
[2026/09/17 21:29:59] 发送(hex): 20
[2026/09/17 21:29:59] 发送(hex): 20
[2026/09/17 21:29:59] 发送(hex): 20
[2026/09/17 21:29:59] 发送(hex): 20
[2026/09/17 21:29:59] 发送(hex): 20
[2026/09/17 21:29:59] 发送(hex): 20
[2026/09/17 21:29:59] 发送(hex): 20
[2026/09/17 21:29:59] 发送(hex): 20
[2026/09/17 21:29:59] 发送(hex): 20
[2026/09/17 21:29:59] 发送(hex): 20
[2026/09/17 21:29:59] 发送(hex): 20
[2026/09/17 21:29:59] 发送(hex): 20
[2026/09/17 21:29:59] 发送(hex): 20
[2026/09/17 21:29:59] 发送(hex): 20
[2026/09/17 21:29:59] 发送(hex): 20
[2026/09/17 21:29:59] 发送(hex): 20
[2026/09/17 21:29:59] 发送(hex): 20
[2026/09/17 21:29:59] 发送(hex): 20
[2026/09/17 21:29:59] 发送(hex): 20
[2026/09/17 21:29:59] 发送(hex): 20
[2026/09/17 21:29:59] 发送(hex): 20
[2026/09/17 21:29:59] 发送(hex): 20
[2026/09/17 21:29:59] 发送(hex): 20
[2026/09/17 21:29:59] 发送(hex): 20
[2026/09/17 21:29:59] 发送(hex): 20
[2026/09/17 21:29:59] 发送(hex): 20
[2026/09/17 21:29:59] 发送(hex): 20
[2026/09/17 21:29:59] 发送(hex): 20
[2026/09/17 21:29:59] 发送(hex): 20
[2026/09/17 21:30:00] 发送(hex): 20
[2026/09/17 21:30:00] 发送(hex): 20
[2026/09/17 21:30:00] 发送(hex): 20
[2026/09/17 21:30:00] 发送(hex): 20
[2026/09/17 21:30:00] 发送(hex): 20
[2026/09/17 21:30:00] 发送(hex): 20
[2026/09/17 21:30:00] 发送(hex): 20
[2026/09/17 21:30:00] 发送(hex): 20
[2026/09/17 21:30:00] 发送(hex): 20
[2026/09/17 21:30:00] 发送(hex): 20
[2026/09/17 21:30:00] 发送(hex): 20
[2026/09/17 21:30:00] 发送(hex): 20
[2026/09/17 21:30:00] 发送(hex): 20
[2026/09/17 21:30:00] 发送(hex): 20
[2026/09/17 21:30:00] 发送(hex): 20
[2026/09/17 21:30:00] 发送(hex): 20
[2026/09/17 21:30:00] 发送(hex): 20
[2026/09/17 21:30:00] 发送(hex): 20
[2026/09/17 21:30:00] 发送(hex): 20
[2026/09/17 21:30:00] 发送(hex): 20
[2026/09/17 21:30:00] 发送(hex): 20
[2026/09/17 21:30:00] 发送(hex): 20
[2026/09/17 21:30:00] 发送(hex): 20
[2026/09/17 21:30:00] 发送(hex): 20
[2026/09/17 21:30:00] 发送(hex): 20
[2026/09/17 21:30:00] 发送(hex): 20
[2026/09/17 21:30:00] 发送(hex): 20
[2026/09/17 21:30:00] 发送(hex): 20
[2026/09/17 21:30:00] 发送(hex): 20
[2026/09/17 21:30:00] 发送(hex): 20
[2026/09/17 21:30:00] 发送(hex): 20
[2026/09/17 21:30:00] 发送(hex): 20
[2026/09/17 21:30:00] 发送(hex): 20
[2026/09/17 21:30:00] delay:427
[2026/09/17 21:30:00] 发送(hex): 20
[2026/09/17 21:30:00] 发送(hex): 20
[2026/09/17 21:30:00] 发送(hex): 20
[2026/09/17 21:30:00] 发送(hex): 20
[2026/09/17 21:30:00] 发送(hex): 20
[2026/09/17 21:30:00] 发送(hex): 20
[2026/09/17 21:30:00] 发送(hex): 20
[2026/09/17 21:30:00] 发送(hex): 20
[2026/09/17 21:30:00] 发送(hex): 20
[2026/09/17 21:30:00] 发送(hex): 20
[2026/09/17 21:30:00] 发送(hex): 20
[2026/09/17 21:30:00] 发送(hex): 20
[2026/09/17 21:30:00] 发送(hex): 20
[2026/09/17 21:30:00] 发送(hex): 20
[2026/09/17 21:30:00] 发送(hex): 20
[2026/09/17 21:30:00] 发送(hex): 20
[2026/09/17 21:30:00] 发送(hex): 20
[2026/09/17 21:30:00] 发送(hex): 20
[2026/09/17 21:30:00] 发送(hex): 20
[2026/09/17 21:30:00] 发送(hex): 20
[2026/09/17 21:30:00] 发送(hex): 20
[2026/09/17 21:30:00] 发送(hex): 20
[2026/09/17 21:30:00] 发送(hex): 20
[2026/09/17 21:30:00] 发送(hex): 20
[2026/09/17 21:30:00] 发送(hex): 20
[2026/09/17 21:30:00] 发送(hex): 20
[2026/09/17 21:30:00] 发送(hex): 20
[2026/09/17 21:30:00] 发送(hex): 20
[2026/09/17 21:30:00] 发送(hex): 20
[2026/09/17 21:30:00] 发送(hex): 20
[2026/09/17 21:30:00] 发送(hex): 20
[2026/09/17 21:30:00] 发送(hex): 20
[2026/09/17 21:30:00] 发送(hex): 20
[2026/09/17 21:30:00] Net:   r8168: RE
[2026/09/17 21:30:00] 发送(hex): 20
[2026/09/17 21:30:00] ALTEK RTL8168 @0x18016000
[2026/09/17 21:30:00] 发送(hex): 20
[2026/09/17 21:30:00] 发送(hex): 20
[2026/09/17 21:30:00] Start Boot Setup ...
[2026/09/17 21:30:00] (po
[2026/09/17 21:30:00] 发送(hex): 20
[2026/09/17 21:30:00] 发送(hex): 20
[2026/09/17 21:30:00] werMgr_get_wakeup_source)2012/05/30 19:50
[2026/09/17 21:30:00] wakeup source : AC
[2026/09/17 21:30:00] 发送(hex): 20
[2026/09/17 21:30:00] 发送(hex): 20
[2026/09/17 21:30:00] 发送(hex): 20
[2026/09/17 21:30:00] (powerMgr_get_wakeup_source)2012/05/30 19:50
[2026/09/17 21:30:00] wakeup source : AC
[2026/09/17 21:30:00] wakeup_src=0, boot_logo_enable=1, bgm_boot_type=0, POWER_ON_MODE_SILEN=0.
[2026/09/17 21:30:00] 发送(hex): 20
[2026/09/17 21:30:00] GDMA module_init finish
[2026/09/17 21:30:00] [GDMA] OSD size[3840,2160]
[2026/09/17 21:30:00] 发送(hex): 20
[2026/09/17 21:30:00] 发送(hex): 20
[2026/09/17 21:30:00] [GDMA] gdma_showlogo gdma show logo 3819
[2026/09/17 21:30:00] Net:   r8168: REALTEK RTL8168 @0x18016000
[2026/09/17 21:30:00] 发送(hex): 20
[2026/09/17 21:30:00] 发送(hex): 20
[2026/09/17 21:30:00] ## Android Verified Boot
[2026/09/17 21:30:00] 发送(hex): 20
[2026/09/17 21:30:00] 2.0 version 1.1.0
[2026/09/17 21:30:00] 发送(hex): 20
[2026/09/17 21:30:00] 发送(hex): 20
[2026/09/17 21:30:00] 发送(hex): 20
[2026/09/17 21:30:00] 发送(hex): 20
[2026/09/17 21:30:00] 发送(hex): 20
[2026/09/17 21:30:00] 发送(hex): 20
[2026/09/17 21:30:00] 发送(hex): 20
[2026/09/17 21:30:00] 发送(hex): 20
[2026/09/17 21:30:00] 发送(hex): 20
[2026/09/17 21:30:00] 发送(hex): 20
[2026/09/17 21:30:00] 发送(hex): 20
[2026/09/17 21:30:00] 发送(hex): 20
[2026/09/17 21:30:00] 发送(hex): 20
[2026/09/17 21:30:00] 发送(hex): 20
[2026/09/17 21:30:01] 发送(hex): 20
[2026/09/17 21:30:01] 发送(hex): 20
[2026/09/17 21:30:01] 发送(hex): 20
[2026/09/17 21:30:01] 发送(hex): 20
[2026/09/17 21:30:01] 发送(hex): 20
[2026/09/17 21:30:01] 发送(hex): 20
[2026/09/17 21:30:01] 发送(hex): 20
[2026/09/17 21:30:01] 发送(hex): 20
[2026/09/17 21:30:01] 发送(hex): 20
[2026/09/17 21:30:01] 发送(hex): 20
[2026/09/17 21:30:01] 发送(hex): 20
[2026/09/17 21:30:01] 发送(hex): 20
[2026/09/17 21:30:01] 发送(hex): 20
[2026/09/17 21:30:01] 发送(hex): 20
[2026/09/17 21:30:01] 发送(hex): 20
[2026/09/17 21:30:01] 发送(hex): 20
[2026/09/17 21:30:01] 发送(hex): 20
[2026/09/17 21:30:01] 发送(hex): 20
[2026/09/17 21:30:01] 发送(hex): 20
[2026/09/17 21:30:01] 发送(hex): 20
[2026/09/17 21:30:01] 发送(hex): 20
[2026/09/17 21:30:01] 发送(hex): 20
[2026/09/17 21:30:01] 发送(hex): 20
[2026/09/17 21:30:01] 发送(hex): 20
[2026/09/17 21:30:01] 发送(hex): 20
[2026/09/17 21:30:01] 发送(hex): 20
[2026/09/17 21:30:01] 发送(hex): 20
[2026/09/17 21:30:01] 发送(hex): 20
[2026/09/17 21:30:01] 发送(hex): 20
[2026/09/17 21:30:01] 发送(hex): 20
[2026/09/17 21:30:01] 发送(hex): 20
[2026/09/17 21:30:01] 发送(hex): 20
[2026/09/17 21:30:01] 发送(hex): 20
[2026/09/17 21:30:01] 发送(hex): 20
[2026/09/17 21:30:01] Verification passed successfully
[2026/09/17 21:30:01] [Skip A] boot manual mode
[2026/09/17 21:30:01] [Skip V] boot manual mode
[2026/09/17 21:30:01] is_avb_verify_hash_partition 164 find avb verify part_name boot img_buf 0x66400000 size 0x307a000
[2026/09/17 21:30:01] boot header version : 4
[2026/09/17 21:30:01] is_avb_verify_hash_partition 164 find avb verify part_name vendor_boot img_buf 0x6bc00000 size 0x10a3000
[2026/09/17 21:30:01] get_partition_content_by_name 11954 get gpt_name init_boot_a err,try part name init_boot!
[2026/09/17 21:30:01] get_partition_content_by_name 11956 get part name init_boot err!
[2026/09/17 21:30:01] 发送(hex): 20
[2026/09/17 21:30:01] 发送(hex): 20
[2026/09/17 21:30:01] 发送(hex): 20
[2026/09/17 21:30:01] 发送(hex): 20
[2026/09/17 21:30:01] 发送(hex): 20
[2026/09/17 21:30:01] 发送(hex): 20
[2026/09/17 21:30:01] 发送(hex): 20
[2026/09/17 21:30:01] get_merge_ramdisk 11932 cur_ramdisk_size 0xf3096 real_cur_ramdisk_size 0xf3096
[2026/09/17 21:30:01] get_merge_ramdisk 11932 cur_ramdisk_size 0x2019e5 real_cur_ramdisk_size 0x2019e5
[2026/09/17 21:30:01] is_avb_verify_hash_partition 164 find avb verify part_name dtbo img_buf 0x6fc00000 size 0x1186
[2026/09/17 21:30:01] Net:   r8168: REALTEK RTL8168 @0x18016000
[2026/09/17 21:30:01] 发送(hex): 20
[2026/09/17 21:30:01] 发送(hex): 20
[2026/09/17 21:30:01] 发送(hex): 20
[2026/09/17 21:30:01] 发送(hex): 20
[2026/09/17 21:30:01] [Skip K] boot manual mode (execute "go all")
[2026/09/17 21:30:01] Enter console mode, disable watchdog ...
[2026/09/17 21:30:01] Realtek>
[2026/09/17 21:30:01] 发送(hex): 20
[2026/09/17 21:30:01] 发送(hex): 20
[2026/09/17 21:30:01] 发送(hex): 20
[2026/09/17 21:30:01] 发送(hex): 20
[2026/09/17 21:30:01] 发送(hex): 20
[2026/09/17 21:30:01] 发送(hex): 20
[2026/09/17 21:30:01] 发送(hex): 20
[2026/09/17 21:30:01] 发送(hex): 20
[2026/09/17 21:30:01] 发送(hex): 20
[2026/09/17 21:30:01] 发送(hex): 20
[2026/09/17 21:30:01] 发送(hex): 20
[2026/09/17 21:30:01] 发送(hex): 20
[2026/09/17 21:30:01] 发送(hex): 20
[2026/09/17 21:30:01] 发送(hex): 20
[2026/09/17 21:30:01] 发送(hex): 20
[2026/09/17 21:30:01] 发送(hex): 20
[2026/09/17 21:30:01] 发送(hex): 20
[2026/09/17 21:30:01] 发送(hex): 20
[2026/09/17 21:30:01] 发送(hex): 20
[2026/09/17 21:30:01] 发送(hex): 20
[2026/09/17 21:30:01] 发送(hex): 20
[2026/09/17 21:30:01] 发送(hex): 20
[2026/09/17 21:30:01] 发送(hex): 20
[2026/09/17 21:30:01] 发送(hex): 20
[2026/09/17 21:30:01] 发送(hex): 20
[2026/09/17 21:30:01] 发送(hex): 20
[2026/09/17 21:30:01] 发送(hex): 20
[2026/09/17 21:30:01] 发送(hex): 20
[2026/09/17 21:30:01] 发送(hex): 20
[2026/09/17 21:30:01] 发送(hex): 20
[2026/09/17 21:30:01] 发送(hex): 20
[2026/09/17 21:30:01] 发送(hex): 20
[2026/09/17 21:30:01] 发送(hex): 20
[2026/09/17 21:30:01] 发送(hex): 20
[2026/09/17 21:30:01] 发送(hex): 20
[2026/09/17 21:30:01] 发送(hex): 20
[2026/09/17 21:30:01] 发送(hex): 20
[2026/09/17 21:30:01] 发送(hex): 20
[2026/09/17 21:30:01] 发送(hex): 20
[2026/09/17 21:30:01] 发送(hex): 20
[2026/09/17 21:30:01] 发送(hex): 20
[2026/09/17 21:30:01] 发送(hex): 20
[2026/09/17 21:30:01] 发送(hex): 20
[2026/09/17 21:30:01] 发送(hex): 20
[2026/09/17 21:30:01] 发送(hex): 20
[2026/09/17 21:30:01] 发送(hex): 20
[2026/09/17 21:30:01] 发送(hex): 20
[2026/09/17 21:30:01] 发送(hex): 20
[2026/09/17 21:30:01] 发送(hex): 20
[2026/09/17 21:30:02] 发送(hex): 20
[2026/09/17 21:30:02] 发送(hex): 20
[2026/09/17 21:30:02] 发送(hex): 20
[2026/09/17 21:30:02] 发送(hex): 20
[2026/09/17 21:30:02] 发送(hex): 20
[2026/09/17 21:30:02] 发送(hex): 20
[2026/09/17 21:30:02] 发送(hex): 20
[2026/09/17 21:30:02] 发送(hex): 20
[2026/09/17 21:30:02] 发送(hex): 20
[2026/09/17 21:30:02] 发送(hex): 20
[2026/09/17 21:30:02] 发送(hex): 20
[2026/09/17 21:30:02] 发送(hex): 20
[2026/09/17 21:30:02] 发送(hex): 20
[2026/09/17 21:30:02] 发送(hex): 20
[2026/09/17 21:30:02] 发送(hex): 20
[2026/09/17 21:30:02] 发送(hex): 20
[2026/09/17 21:30:02] 发送(hex): 20
[2026/09/17 21:30:02] 发送(hex): 20
[2026/09/17 21:30:02] 发送(hex): 20
[2026/09/17 21:30:02] 发送(hex): 20
[2026/09/17 21:30:02] 发送(hex): 20
[2026/09/17 21:30:02] 发送(hex): 20
[2026/09/17 21:30:02] 发送(hex): 20
[2026/09/17 21:30:02] 发送(hex): 20
[2026/09/17 21:30:02] 发送(hex): 20
[2026/09/17 21:30:02] 发送(hex): 20
[2026/09/17 21:30:02] 发送(hex): 20
[2026/09/17 21:30:02] 发送(hex): 20
[2026/09/17 21:30:02] 发送(hex): 20
[2026/09/17 21:30:02] 发送(hex): 20
[2026/09/17 21:30:02] 发送(hex): 20
[2026/09/17 21:30:02] 发送(hex): 20
[2026/09/17 21:30:02] 发送(hex): 20
[2026/09/17 21:30:02] 发送(hex): 20
[2026/09/17 21:30:02] 发送(hex): 20
[2026/09/17 21:30:02] 发送(hex): 20
[2026/09/17 21:30:02] 发送(hex): 20
[2026/09/17 21:30:02] 发送(hex): 20
[2026/09/17 21:30:02] 发送(hex): 20
[2026/09/17 21:30:02] 发送(hex): 20
[2026/09/17 21:30:02] 发送(hex): 20
[2026/09/17 21:30:02] 发送(hex): 20
[2026/09/17 21:30:02] 发送(hex): 20
[2026/09/17 21:30:02] 发送(hex): 20
[2026/09/17 21:30:02] 发送(hex): 20
[2026/09/17 21:30:02] 发送(hex): 20
[2026/09/17 21:30:02] 发送(hex): 20
[2026/09/17 21:30:02] 发送(hex): 20
[2026/09/17 21:30:02] 发送(hex): 20
[2026/09/17 21:30:02] 发送(hex): 20
[2026/09/17 21:30:02] 发送(hex): 20
[2026/09/17 21:30:02] 发送(hex): 20
[2026/09/17 21:30:02] 发送(hex): 20
[2026/09/17 21:30:02] 发送(hex): 20
[2026/09/17 21:30:02] 发送(hex): 20
[2026/09/17 21:30:02] 发送(hex): 20
[2026/09/17 21:30:02] 发送(hex): 20
[2026/09/17 21:30:02] 发送(hex): 20
[2026/09/17 21:30:02] 发送(hex): 20
[2026/09/17 21:30:02] 发送(hex): 20
[2026/09/17 21:30:02] 发送(hex): 20
[2026/09/17 21:30:02] 发送(hex): 20
[2026/09/17 21:30:02] 发送(hex): 20
[2026/09/17 21:30:02] 发送(hex): 20
[2026/09/17 21:30:02] 发送(hex): 20
[2026/09/17 21:30:02] 发送(hex): 20
[2026/09/17 21:30:02] 发送(hex): 20
[2026/09/17 21:30:02] 发送(hex): 20
[2026/09/17 21:30:02] 发送(hex): 20
[2026/09/17 21:30:02] 发送(hex): 20
[2026/09/17 21:30:02] 发送(hex): 20
[2026/09/17 21:30:02] 发送(hex): 20
[2026/09/17 21:30:02] 发送(hex): 20
[2026/09/17 21:30:02] 发送(hex): 20
[2026/09/17 21:30:02] 发送(hex): 20
[2026/09/17 21:30:02] 发送(hex): 20
[2026/09/17 21:30:02] 发送(hex): 20
[2026/09/17 21:30:02] 发送(hex): 20
[2026/09/17 21:30:02] 发送(hex): 20
[2026/09/17 21:30:02] 发送(hex): 20
[2026/09/17 21:30:02] 发送(hex): 20
[2026/09/17 21:30:02] 发送(hex): 20
[2026/09/17 21:30:02] 发送(hex): 20
[2026/09/17 21:30:02] 发送(hex): 20
[2026/09/17 21:30:02] 发送(hex): 20
[2026/09/17 21:30:02] 发送(hex): 20
[2026/09/17 21:30:02] 发送(hex): 20
[2026/09/17 21:30:02] 发送(hex): 20
[2026/09/17 21:30:02] 发送(hex): 20
[2026/09/17 21:30:02] 发送(hex): 20
[2026/09/17 21:30:02] 发送(hex): 20
[2026/09/17 21:30:02] 发送(hex): 20
[2026/09/17 21:30:02] 发送(hex): 20
[2026/09/17 21:30:03] 发送(hex): 20
[2026/09/17 21:30:03] 发送(hex): 20
[2026/09/17 21:30:03] 发送(hex): 20
[2026/09/17 21:30:03] 发送(hex): 20
[2026/09/17 21:30:03] 发送(hex): 20
[2026/09/17 21:30:03] 发送(hex): 20
[2026/09/17 21:30:03] 发送(hex): 20
[2026/09/17 21:30:03] 发送(hex): 20
[2026/09/17 21:30:03] 发送(hex): 20
[2026/09/17 21:30:03] 发送(hex): 20
[2026/09/17 21:30:03] 发送(hex): 20
[2026/09/17 21:30:03] 发送(hex): 20
[2026/09/17 21:30:03] 发送(hex): 20
[2026/09/17 21:30:03] 发送(hex): 20
[2026/09/17 21:30:03] 发送(hex): 20
[2026/09/17 21:30:03] 发送(hex): 20
[2026/09/17 21:30:03] 发送(hex): 20
[2026/09/17 21:30:03] 发送(hex): 20
[2026/09/17 21:30:03] 发送(hex): 20
[2026/09/17 21:30:03] 发送(hex): 20
[2026/09/17 21:30:03] 发送(hex): 20
[2026/09/17 21:30:03] 发送(hex): 20
[2026/09/17 21:30:03] 发送(hex): 20
[2026/09/17 21:30:03] 发送(hex): 20
[2026/09/17 21:30:03] 发送(hex): 20
[2026/09/17 21:30:03] 发送(hex): 20
[2026/09/17 21:30:03] 发送(hex): 20
[2026/09/17 21:30:03] 发送(hex): 20
[2026/09/17 21:30:03] 发送(hex): 20
[2026/09/17 21:30:03] 发送(hex): 20
[2026/09/17 21:30:03] 发送(hex): 20
[2026/09/17 21:30:03] 发送(hex): 20
[2026/09/17 21:30:03] 发送(hex): 20
[2026/09/17 21:30:03] 发送(hex): 20
[2026/09/17 21:30:03] 发送(hex): 20
[2026/09/17 21:30:03] 发送(hex): 20
[2026/09/17 21:30:03] 发送(hex): 20
[2026/09/17 21:30:03] 发送(hex): 20
[2026/09/17 21:30:03] 发送(hex): 20
[2026/09/17 21:30:03] 发送(hex): 20
[2026/09/17 21:30:03] 发送(hex): 20
[2026/09/17 21:30:03] 发送(hex): 20
[2026/09/17 21:30:03] 发送(hex): 20
[2026/09/17 21:30:03] 发送(hex): 20
[2026/09/17 21:30:03] 发送(hex): 20
[2026/09/17 21:30:03] 发送(hex): 20
[2026/09/17 21:30:03] 发送(hex): 20
[2026/09/17 21:30:03] 发送(hex): 20
[2026/09/17 21:30:03] 发送(hex): 20
[2026/09/17 21:30:03] 发送(hex): 20
[2026/09/17 21:30:03] 发送(hex): 20
[2026/09/17 21:30:03] 发送(hex): 20
[2026/09/17 21:30:03] 发送(hex): 20
[2026/09/17 21:30:03] 发送(hex): 20
[2026/09/17 21:30:03] 发送(hex): 20
[2026/09/17 21:30:03] 发送(hex): 20
[2026/09/17 21:30:03] 发送(hex): 20
[2026/09/17 21:30:03] 发送(hex): 20
[2026/09/17 21:30:03] 发送(hex): 20
[2026/09/17 21:30:03] 发送(hex): 20
[2026/09/17 21:30:03] 发送(hex): 20
[2026/09/17 21:30:03] 发送(hex): 20
[2026/09/17 21:30:03] 发送(hex): 20
[2026/09/17 21:30:03] 发送(hex): 20
[2026/09/17 21:30:03] 发送(hex): 20
[2026/09/17 21:30:03] 发送(hex): 20
[2026/09/17 21:30:03] 发送(hex): 20
[2026/09/17 21:30:03] 发送(hex): 20
[2026/09/17 21:30:03] 发送(hex): 20
[2026/09/17 21:30:03] 发送(hex): 20
[2026/09/17 21:30:03] 发送(hex): 20
[2026/09/17 21:30:03] 发送(hex): 20
[2026/09/17 21:30:03] 发送(hex): 20
[2026/09/17 21:30:03] 发送(hex): 20
[2026/09/17 21:30:03] 发送(hex): 20
[2026/09/17 21:30:03] 发送(hex): 20
[2026/09/17 21:30:03] 发送(hex): 20
[2026/09/17 21:30:03] 发送(hex): 20
[2026/09/17 21:30:03] 发送(hex): 20
[2026/09/17 21:30:03] 发送(hex): 20
[2026/09/17 21:30:03] 发送(hex): 20
[2026/09/17 21:30:03] 发送(hex): 20
[2026/09/17 21:30:03] 发送(hex): 20
[2026/09/17 21:30:03] 发送(hex): 20
[2026/09/17 21:30:03] 发送(hex): 20
[2026/09/17 21:30:03] 发送(hex): 20
[2026/09/17 21:30:03] 发送(hex): 20
[2026/09/17 21:30:03] 发送(hex): 20
[2026/09/17 21:30:03] 发送(hex): 20
[2026/09/17 21:30:03] 发送(hex): 20
[2026/09/17 21:30:03] 发送(hex): 20
[2026/09/17 21:30:03] 发送(hex): 20
[2026/09/17 21:30:03] 发送(hex): 20
[2026/09/17 21:30:03] 发送(hex): 20
[2026/09/17 21:30:04] 发送(hex): 20
[2026/09/17 21:30:04] 发送(hex): 20
[2026/09/17 21:30:04] 发送(hex): 20
[2026/09/17 21:30:04] 发送(hex): 20
[2026/09/17 21:30:04] 发送(hex): 20
[2026/09/17 21:30:04] 发送(hex): 20
[2026/09/17 21:30:04] 发送(hex): 20
[2026/09/17 21:30:04] 发送(hex): 20
[2026/09/17 21:30:04] 发送(hex): 20
[2026/09/17 21:30:04] 发送(hex): 20
[2026/09/17 21:30:04] 发送(hex): 20
[2026/09/17 21:30:04] 发送(hex): 20
[2026/09/17 21:30:04] 发送(hex): 20
[2026/09/17 21:30:04] 发送(hex): 20
[2026/09/17 21:30:04] 发送(hex): 20
[2026/09/17 21:30:04] 发送(hex): 20
[2026/09/17 21:30:04] 发送(hex): 20
[2026/09/17 21:30:04] 发送(hex): 20
[2026/09/17 21:30:04] 发送(hex): 20
[2026/09/17 21:30:04] 发送(hex): 20
[2026/09/17 21:30:04] 发送(hex): 20
[2026/09/17 21:30:04] 发送(hex): 20
[2026/09/17 21:30:04] 发送(hex): 20
[2026/09/17 21:30:04] 发送(hex): 20
[2026/09/17 21:30:04] 发送(hex): 20
[2026/09/17 21:30:04] 发送(hex): 20
[2026/09/17 21:30:04] 发送(hex): 20
[2026/09/17 21:30:04] 发送(hex): 20
[2026/09/17 21:30:04] 发送(hex): 20
[2026/09/17 21:30:04] 发送(hex): 20
[2026/09/17 21:30:04] 发送(hex): 20
[2026/09/17 21:30:04] 发送(hex): 20
[2026/09/17 21:30:04] 发送(hex): 20
[2026/09/17 21:30:04] 发送(hex): 20
[2026/09/17 21:30:04] 发送(hex): 20
[2026/09/17 21:30:04] 发送(hex): 20
[2026/09/17 21:30:04] 发送(hex): 20
[2026/09/17 21:30:04] 发送(hex): 20
[2026/09/17 21:30:04] 发送(hex): 20
[2026/09/17 21:30:04] 发送(hex): 20
[2026/09/17 21:30:04] 发送(hex): 20
[2026/09/17 21:30:04] 发送(hex): 20
[2026/09/17 21:30:04] 发送(hex): 20
[2026/09/17 21:30:04] 发送(hex): 20
[2026/09/17 21:30:04] 发送(hex): 20
[2026/09/17 21:30:04] 发送(hex): 20
[2026/09/17 21:30:04] 发送(hex): 20
[2026/09/17 21:30:04] 发送(hex): 20
[2026/09/17 21:30:04] 发送(hex): 20
[2026/09/17 21:30:04] 发送(hex): 20
[2026/09/17 21:30:04] 发送(hex): 20
[2026/09/17 21:30:04] 发送(hex): 20
[2026/09/17 21:30:04] 发送(hex): 20
[2026/09/17 21:30:04] 发送(hex): 20
[2026/09/17 21:30:04] 发送(hex): 20
[2026/09/17 21:30:04] 发送(hex): 20
[2026/09/17 21:30:04] 发送(hex): 20
[2026/09/17 21:30:04] 发送(hex): 20
[2026/09/17 21:30:04] 发送(hex): 20
[2026/09/17 21:30:04] 发送(hex): 20
[2026/09/17 21:30:04] 发送(hex): 20
[2026/09/17 21:30:04] 发送(hex): 20
[2026/09/17 21:30:04] 发送(hex): 20
[2026/09/17 21:30:04] 发送(hex): 20
[2026/09/17 21:30:04] 发送(hex): 20
[2026/09/17 21:30:04] 发送(hex): 20
[2026/09/17 21:30:04] 发送(hex): 20
[2026/09/17 21:30:04] 发送(hex): 20
[2026/09/17 21:30:04] 发送(hex): 20
[2026/09/17 21:30:04] 发送(hex): 20
[2026/09/17 21:30:04] 发送(hex): 20
[2026/09/17 21:30:04] 发送(hex): 20
[2026/09/17 21:30:04] 发送(hex): 20
[2026/09/17 21:30:04] 发送(hex): 20
[2026/09/17 21:30:04] 发送(hex): 20
[2026/09/17 21:30:04] 发送(hex): 20
[2026/09/17 21:30:04] 发送(hex): 20
[2026/09/17 21:30:04] 发送(hex): 20
[2026/09/17 21:30:04] 发送(hex): 20
[2026/09/17 21:30:04] 发送(hex): 20
[2026/09/17 21:30:04] 发送(hex): 20
[2026/09/17 21:30:04] 发送(hex): 20
[2026/09/17 21:30:04] 发送(hex): 20
[2026/09/17 21:30:04] 发送(hex): 20
[2026/09/17 21:30:04] 发送(hex): 20
[2026/09/17 21:30:04] 发送(hex): 20
[2026/09/17 21:30:04] 发送(hex): 20
[2026/09/17 21:30:04] 发送(hex): 20
[2026/09/17 21:30:04] 发送(hex): 20
[2026/09/17 21:30:04] 发送(hex): 20
[2026/09/17 21:30:04] 发送(hex): 20
[2026/09/17 21:30:04] 发送(hex): 20
[2026/09/17 21:30:04] 发送(hex): 20
[2026/09/17 21:30:05] 发送(hex): 20
[2026/09/17 21:30:05] 发送(hex): 20
[2026/09/17 21:30:05] 发送(hex): 20
[2026/09/17 21:30:05] 发送(hex): 20
[2026/09/17 21:30:05] 发送(hex): 20
[2026/09/17 21:30:05] 发送(hex): 20
[2026/09/17 21:30:05] 发送(hex): 20
[2026/09/17 21:30:05] 发送(hex): 20
[2026/09/17 21:30:05] 发送(hex): 20
[2026/09/17 21:30:05] 发送(hex): 20
[2026/09/17 21:30:05] 发送(hex): 20
[2026/09/17 21:30:05] 发送(hex): 20
[2026/09/17 21:30:05] 发送(hex): 20
[2026/09/17 21:30:05] 发送(hex): 20
[2026/09/17 21:30:05] 发送(hex): 20
[2026/09/17 21:30:05] 发送(hex): 20
[2026/09/17 21:30:05] 发送(hex): 20
[2026/09/17 21:30:05] 发送(hex): 20
[2026/09/17 21:30:05] 发送(hex): 20
[2026/09/17 21:30:05] 发送(hex): 20
[2026/09/17 21:30:05] 发送(hex): 20
[2026/09/17 21:30:05] 发送(hex): 20
[2026/09/17 21:30:05] 发送(hex): 20
[2026/09/17 21:30:05] 发送(hex): 20
[2026/09/17 21:30:05] 发送(hex): 20
[2026/09/17 21:30:05] 发送(hex): 20
[2026/09/17 21:30:05] 发送(hex): 20
[2026/09/17 21:30:05] 发送(hex): 20
[2026/09/17 21:30:05] 发送(hex): 20
[2026/09/17 21:30:05] 发送(hex): 20
[2026/09/17 21:30:05] 发送(hex): 20
[2026/09/17 21:30:05] 发送(hex): 20
[2026/09/17 21:30:05] 发送(hex): 20
[2026/09/17 21:30:05] 发送(hex): 20
[2026/09/17 21:30:05] 发送(hex): 20
[2026/09/17 21:30:05] 发送(hex): 20
[2026/09/17 21:30:05] 发送(hex): 20
[2026/09/17 21:30:05] 发送(hex): 20
[2026/09/17 21:30:05] 发送(hex): 20
[2026/09/17 21:30:05] 发送(hex): 20
[2026/09/17 21:30:05] 发送(hex): 20
[2026/09/17 21:30:05] 发送(hex): 20
[2026/09/17 21:30:05] 发送(hex): 20
[2026/09/17 21:30:05] 发送(hex): 20
[2026/09/17 21:30:05] 发送(hex): 20
[2026/09/17 21:30:05] 发送(hex): 20
[2026/09/17 21:30:05] 发送(hex): 20
[2026/09/17 21:30:05] 发送(hex): 20
[2026/09/17 21:30:05] 发送(hex): 20
[2026/09/17 21:30:05] 发送(hex): 20
[2026/09/17 21:30:05] 发送(hex): 20
[2026/09/17 21:30:05] 发送(hex): 20
[2026/09/17 21:30:05] 发送(hex): 20
[2026/09/17 21:30:05] 发送(hex): 20
[2026/09/17 21:30:05] 发送(hex): 20
[2026/09/17 21:30:05] 发送(hex): 20
[2026/09/17 21:30:05] 发送(hex): 20
[2026/09/17 21:30:05] 发送(hex): 20
[2026/09/17 21:30:05] 发送(hex): 20
[2026/09/17 21:30:05] 发送(hex): 20
[2026/09/17 21:30:05] 发送(hex): 20
[2026/09/17 21:30:05] 发送(hex): 20
[2026/09/17 21:30:05] 发送(hex): 20
[2026/09/17 21:30:05] 发送(hex): 20
[2026/09/17 21:30:05] 发送(hex): 20
[2026/09/17 21:30:05] 发送(hex): 20
[2026/09/17 21:30:05] 发送(hex): 20
[2026/09/17 21:30:05] 发送(hex): 20
[2026/09/17 21:30:05] 发送(hex): 20
[2026/09/17 21:30:05] 发送(hex): 20
[2026/09/17 21:30:05] 发送(hex): 20
[2026/09/17 21:30:05] 发送(hex): 20
[2026/09/17 21:30:05] 发送(hex): 20
[2026/09/17 21:30:05] 发送(hex): 20
[2026/09/17 21:30:05] 发送(hex): 20
[2026/09/17 21:30:05] 发送(hex): 20
[2026/09/17 21:30:05] 发送(hex): 20
[2026/09/17 21:30:05] 发送(hex): 20
[2026/09/17 21:30:05] 发送(hex): 20
[2026/09/17 21:30:05] 发送(hex): 20
[2026/09/17 21:30:05] 发送(hex): 20
[2026/09/17 21:30:05] 发送(hex): 20
[2026/09/17 21:30:05] 发送(hex): 20
[2026/09/17 21:30:05] 发送(hex): 20
[2026/09/17 21:30:05] 发送(hex): 20
[2026/09/17 21:30:05] 发送(hex): 20
[2026/09/17 21:30:05] 发送(hex): 20
[2026/09/17 21:30:05] 发送(hex): 20
[2026/09/17 21:30:05] 发送(hex): 20
[2026/09/17 21:30:05] 发送(hex): 20
[2026/09/17 21:30:05] 发送(hex): 20
[2026/09/17 21:30:05] 发送(hex): 20
[2026/09/17 21:30:05] 发送(hex): 20
[2026/09/17 21:30:05] 发送(hex): 20
[2026/09/17 21:30:06] 发送(hex): 20
[2026/09/17 21:30:06] 发送(hex): 20
[2026/09/17 21:30:06] 发送(hex): 20
[2026/09/17 21:30:06] 发送(hex): 20
[2026/09/17 21:30:06] 发送(hex): 20
[2026/09/17 21:30:06] 发送(hex): 20
[2026/09/17 21:30:06] 发送(hex): 20
[2026/09/17 21:30:06] 发送(hex): 20
[2026/09/17 21:30:06] 发送(hex): 20
[2026/09/17 21:30:06] 发送(hex): 20
[2026/09/17 21:30:06] 发送(hex): 20
[2026/09/17 21:30:06] 发送(hex): 20
[2026/09/17 21:30:06] 发送(hex): 20
[2026/09/17 21:30:06] 发送(hex): 20
[2026/09/17 21:30:06] 发送(hex): 20
[2026/09/17 21:30:06] 发送(hex): 20
[2026/09/17 21:30:06] 发送(hex): 20
[2026/09/17 21:30:06] 发送(hex): 20
[2026/09/17 21:30:06] 发送(hex): 20
[2026/09/17 21:30:06] 发送(hex): 20
[2026/09/17 21:30:06] 发送(hex): 20
[2026/09/17 21:30:06] 发送(hex): 20
[2026/09/17 21:30:06] 发送(hex): 20
[2026/09/17 21:30:06] 发送(hex): 20
[2026/09/17 21:30:06] 发送(hex): 20
[2026/09/17 21:30:06] 发送(hex): 20
[2026/09/17 21:30:06] 发送(hex): 20
[2026/09/17 21:30:06] 发送(hex): 20
[2026/09/17 21:30:06] 发送(hex): 20
[2026/09/17 21:30:06] 发送(hex): 20
[2026/09/17 21:30:06] 发送(hex): 20
[2026/09/17 21:30:06] 发送(hex): 20
[2026/09/17 21:30:06] 发送(hex): 20
[2026/09/17 21:30:06] 发送(hex): 20
[2026/09/17 21:30:06] 发送(hex): 20
[2026/09/17 21:30:06] 发送(hex): 20
[2026/09/17 21:30:06] 发送(hex): 20
[2026/09/17 21:30:06] 发送(hex): 20
[2026/09/17 21:30:06] 发送(hex): 20
[2026/09/17 21:30:06] 发送(hex): 20
[2026/09/17 21:30:06] 发送(hex): 20
[2026/09/17 21:30:06] 发送(hex): 20
[2026/09/17 21:30:06] 发送(hex): 20
[2026/09/17 21:30:06] 发送(hex): 20
[2026/09/17 21:30:06] 发送(hex): 20
[2026/09/17 21:30:06] 发送(hex): 20
[2026/09/17 21:30:06] 发送(hex): 20
[2026/09/17 21:30:06] 发送(hex): 20
[2026/09/17 21:30:06] 发送(hex): 20
[2026/09/17 21:30:06] 发送(hex): 20
[2026/09/17 21:30:06] 发送(hex): 20
[2026/09/17 21:30:06] 发送(hex): 20
[2026/09/17 21:30:06] 发送(hex): 20
[2026/09/17 21:30:06] 发送(hex): 20
[2026/09/17 21:30:06] 发送(hex): 20
[2026/09/17 21:30:06] 发送(hex): 20
[2026/09/17 21:30:06] 发送(hex): 20
[2026/09/17 21:30:06] 发送(hex): 20
[2026/09/17 21:30:06] 发送(hex): 20
[2026/09/17 21:30:06] 发送(hex): 20
[2026/09/17 21:30:06] 发送(hex): 20
[2026/09/17 21:30:06] 发送(hex): 20
[2026/09/17 21:30:06] 发送(hex): 20
[2026/09/17 21:30:06] 发送(hex): 20
[2026/09/17 21:30:06] 发送(hex): 20
[2026/09/17 21:30:06] 发送(hex): 20
[2026/09/17 21:30:06] 发送(hex): 20
[2026/09/17 21:30:06] 发送(hex): 20
[2026/09/17 21:30:06] 发送(hex): 20
[2026/09/17 21:30:06] 发送(hex): 20
[2026/09/17 21:30:06] 发送(hex): 20
[2026/09/17 21:30:06] 发送(hex): 20
[2026/09/17 21:30:06] 发送(hex): 20
[2026/09/17 21:30:06] 发送(hex): 20
[2026/09/17 21:30:06] 发送(hex): 20
[2026/09/17 21:30:06] 发送(hex): 20
[2026/09/17 21:30:06] 发送(hex): 20
[2026/09/17 21:30:06] 发送(hex): 20
[2026/09/17 21:30:06] 发送(hex): 20
[2026/09/17 21:30:06] 发送(hex): 20
[2026/09/17 21:30:06] 发送(hex): 20
[2026/09/17 21:30:06] 发送(hex): 20
[2026/09/17 21:30:06] 发送(hex): 20
[2026/09/17 21:30:06] 发送(hex): 20
[2026/09/17 21:30:06] 发送(hex): 20
[2026/09/17 21:30:06] 发送(hex): 20
[2026/09/17 21:30:06] 发送(hex): 20
[2026/09/17 21:30:06] 发送(hex): 20
[2026/09/17 21:30:06] 发送(hex): 20
[2026/09/17 21:30:06] 发送(hex): 20
[2026/09/17 21:30:06] 发送(hex): 20
[2026/09/17 21:30:06] 发送(hex): 20
[2026/09/17 21:30:07] 发送(hex): 20
[2026/09/17 21:30:07] 发送(hex): 20
[2026/09/17 21:30:07] 发送(hex): 20
[2026/09/17 21:30:07] 发送(hex): 20
[2026/09/17 21:30:07] 发送(hex): 20
[2026/09/17 21:30:07] 发送(hex): 20
[2026/09/17 21:30:07] 发送(hex): 20
[2026/09/17 21:30:07] 发送(hex): 20
[2026/09/17 21:30:07] 发送(hex): 20
[2026/09/17 21:30:07] 发送(hex): 20
[2026/09/17 21:30:07] 发送(hex): 20
[2026/09/17 21:30:07] 发送(hex): 20
[2026/09/17 21:30:07] 发送(hex): 20
[2026/09/17 21:30:07] 发送(hex): 20
[2026/09/17 21:30:07] 发送(hex): 20
[2026/09/17 21:30:07] 发送(hex): 20
[2026/09/17 21:30:07] 发送(hex): 20
[2026/09/17 21:30:07] 发送(hex): 20
[2026/09/17 21:30:07] 发送(hex): 20
[2026/09/17 21:30:07] 发送(hex): 20
[2026/09/17 21:30:07] 发送(hex): 20
[2026/09/17 21:30:07] 发送(hex): 20
[2026/09/17 21:30:07] 发送(hex): 20
[2026/09/17 21:30:07] 发送(hex): 20
[2026/09/17 21:30:07] 发送(hex): 20
[2026/09/17 21:30:07] 发送(hex): 20
[2026/09/17 21:30:07] 发送(hex): 20
[2026/09/17 21:30:07] 发送(hex): 20
[2026/09/17 21:30:07] 发送(hex): 20
[2026/09/17 21:30:07] 发送(hex): 20
[2026/09/17 21:30:07] 发送(hex): 20
[2026/09/17 21:30:07] 发送(hex): 20
[2026/09/17 21:30:07] 发送(hex): 20
[2026/09/17 21:30:07] 发送(hex): 20
[2026/09/17 21:30:07] 发送(hex): 20
[2026/09/17 21:30:07] 发送(hex): 20
[2026/09/17 21:30:07] 发送(hex): 20
[2026/09/17 21:30:07] 发送(hex): 20
[2026/09/17 21:30:07] 发送(hex): 20
[2026/09/17 21:30:07] 发送(hex): 20
[2026/09/17 21:30:07] 发送(hex): 20
[2026/09/17 21:30:07] 发送(hex): 20
[2026/09/17 21:30:07] 发送(hex): 20
[2026/09/17 21:30:07] 发送(hex): 20
[2026/09/17 21:30:07] 发送(hex): 20
[2026/09/17 21:30:07] 发送(hex): 20
[2026/09/17 21:30:07] 发送(hex): 20
[2026/09/17 21:30:07] 发送(hex): 20
[2026/09/17 21:30:07] 发送(hex): 20
[2026/09/17 21:30:07] 发送(hex): 20
[2026/09/17 21:30:07] 发送(hex): 20
[2026/09/17 21:30:07] 发送(hex): 20
[2026/09/17 21:30:07] 发送(hex): 20
[2026/09/17 21:30:07] 发送(hex): 20
[2026/09/17 21:30:07] 发送(hex): 20
[2026/09/17 21:30:07] 发送(hex): 20
[2026/09/17 21:30:07] 发送(hex): 20
[2026/09/17 21:30:07] 发送(hex): 20
[2026/09/17 21:30:07] 发送(hex): 20
[2026/09/17 21:30:07] 发送(hex): 20
[2026/09/17 21:30:07] 发送(hex): 20
[2026/09/17 21:30:07] 发送(hex): 20
[2026/09/17 21:30:07] 发送(hex): 20
[2026/09/17 21:30:07] 发送(hex): 20
[2026/09/17 21:30:07] 发送(hex): 20
[2026/09/17 21:30:07] 发送(hex): 20
[2026/09/17 21:30:07] 发送(hex): 20
[2026/09/17 21:30:07] 发送(hex): 20
[2026/09/17 21:30:07] 发送(hex): 20
[2026/09/17 21:30:07] 发送(hex): 20
[2026/09/17 21:30:07] 发送(hex): 20
[2026/09/17 21:30:07] 发送(hex): 20
[2026/09/17 21:30:07] 发送(hex): 20
[2026/09/17 21:30:07] 发送(hex): 20
[2026/09/17 21:30:07] 发送(hex): 20
[2026/09/17 21:30:07] 发送(hex): 20
[2026/09/17 21:30:07] 发送(hex): 20
[2026/09/17 21:30:07] 发送(hex): 20
[2026/09/17 21:30:07] 发送(hex): 20
[2026/09/17 21:30:07] 发送(hex): 20
[2026/09/17 21:30:07] 发送(hex): 20
[2026/09/17 21:30:07] 发送(hex): 20
[2026/09/17 21:30:07] 发送(hex): 20
[2026/09/17 21:30:07] 发送(hex): 20
[2026/09/17 21:30:07] 发送(hex): 20
[2026/09/17 21:30:07] 发送(hex): 20
[2026/09/17 21:30:07] 发送(hex): 20
[2026/09/17 21:30:07] 发送(hex): 20
[2026/09/17 21:30:07] 发送(hex): 20
[2026/09/17 21:30:07] 发送(hex): 20
[2026/09/17 21:30:07] 发送(hex): 20
[2026/09/17 21:30:07] 发送(hex): 20
[2026/09/17 21:30:07] 发送(hex): 20
[2026/09/17 21:30:07] 发送(hex): 20
[2026/09/17 21:30:07] 发送(hex): 20
[2026/09/17 21:30:08] 发送(hex): 20
[2026/09/17 21:30:08] 发送(hex): 20
[2026/09/17 21:30:08] 发送(hex): 20
[2026/09/17 21:30:08] 发送(hex): 20
[2026/09/17 21:30:08] 发送(hex): 20
[2026/09/17 21:30:08] 发送(hex): 20
[2026/09/17 21:30:08] 发送(hex): 20
[2026/09/17 21:30:08] 发送(hex): 20
[2026/09/17 21:30:08] 发送(hex): 20
[2026/09/17 21:30:08] 发送(hex): 20
[2026/09/17 21:30:08] 发送(hex): 20
[2026/09/17 21:30:08] 发送(hex): 20
[2026/09/17 21:30:08] 发送(hex): 20
[2026/09/17 21:30:08] 发送(hex): 20
[2026/09/17 21:30:08] 发送(hex): 20
[2026/09/17 21:30:08] 发送(hex): 20
[2026/09/17 21:30:08] 发送(hex): 20
[2026/09/17 21:30:08] 发送(hex): 20
[2026/09/17 21:30:08] 发送(hex): 20
[2026/09/17 21:30:08] 发送(hex): 20
[2026/09/17 21:30:08] 发送(hex): 20
[2026/09/17 21:30:08] 发送(hex): 20
[2026/09/17 21:30:08] 发送(hex): 20
[2026/09/17 21:30:08] 发送(hex): 20
[2026/09/17 21:30:08] 发送(hex): 20
[2026/09/17 21:30:08] 发送(hex): 20
[2026/09/17 21:30:08] 发送(hex): 20
[2026/09/17 21:30:08] 发送(hex): 20
[2026/09/17 21:30:08] 发送(hex): 20
[2026/09/17 21:30:08] 发送(hex): 20
[2026/09/17 21:30:08] 发送(hex): 20
[2026/09/17 21:30:08] 发送(hex): 20
[2026/09/17 21:30:08] 发送(hex): 20
[2026/09/17 21:30:08] 发送(hex): 20
[2026/09/17 21:30:08] 发送(hex): 20
[2026/09/17 21:30:08] 发送(hex): 20
[2026/09/17 21:30:08] 发送(hex): 20
[2026/09/17 21:30:08] 发送(hex): 20
[2026/09/17 21:30:08] 发送(hex): 20
[2026/09/17 21:30:08] 发送(hex): 20
[2026/09/17 21:30:08] 发送(hex): 20
[2026/09/17 21:30:08] 发送(hex): 20
[2026/09/17 21:30:08] 发送(hex): 20
[2026/09/17 21:30:08] 发送(hex): 20
[2026/09/17 21:30:08] 发送(hex): 20
[2026/09/17 21:30:08] 发送(hex): 20
[2026/09/17 21:30:08] 发送(hex): 20
[2026/09/17 21:30:08] 发送(hex): 20
[2026/09/17 21:30:08] 发送(hex): 20
[2026/09/17 21:30:08] 发送(hex): 20
[2026/09/17 21:30:08] 发送(hex): 20
[2026/09/17 21:30:08] 发送(hex): 20
[2026/09/17 21:30:08] 发送(hex): 20
[2026/09/17 21:30:08] 发送(hex): 20
[2026/09/17 21:30:08] 发送(hex): 20
[2026/09/17 21:30:08] 发送(hex): 20
[2026/09/17 21:30:08] 发送(hex): 20
[2026/09/17 21:30:08] 发送(hex): 20
[2026/09/17 21:30:08] 发送(hex): 20
[2026/09/17 21:30:08] 发送(hex): 20
[2026/09/17 21:30:08] 发送(hex): 20
[2026/09/17 21:30:08] 发送(hex): 20
[2026/09/17 21:30:08] 发送(hex): 20
[2026/09/17 21:30:08] 发送(hex): 20
[2026/09/17 21:30:08] 发送(hex): 20
[2026/09/17 21:30:08] 发送(hex): 20
[2026/09/17 21:30:08] 发送(hex): 20
[2026/09/17 21:30:08] 发送(hex): 20
[2026/09/17 21:30:08] 发送(hex): 20
[2026/09/17 21:30:08] 发送(hex): 20
[2026/09/17 21:30:08] 发送(hex): 20
[2026/09/17 21:30:08] 发送(hex): 20
[2026/09/17 21:30:08] 发送(hex): 20
[2026/09/17 21:30:08] 发送(hex): 20
[2026/09/17 21:30:08] 发送(hex): 20
[2026/09/17 21:30:08] 发送(hex): 20
[2026/09/17 21:30:08] 发送(hex): 20
[2026/09/17 21:30:08] 发送(hex): 20
[2026/09/17 21:30:08] 发送(hex): 20
[2026/09/17 21:30:08] 发送(hex): 20
[2026/09/17 21:30:08] 发送(hex): 20
[2026/09/17 21:30:08] 发送(hex): 20
[2026/09/17 21:30:08] 发送(hex): 20
[2026/09/17 21:30:08] 发送(hex): 20
[2026/09/17 21:30:08] 发送(hex): 20
[2026/09/17 21:30:08] 发送(hex): 20
[2026/09/17 21:30:08] 发送(hex): 20
[2026/09/17 21:30:08] 发送(hex): 20
[2026/09/17 21:30:08] 发送(hex): 20
[2026/09/17 21:30:08] 发送(hex): 20
[2026/09/17 21:30:08] 发送(hex): 20
[2026/09/17 21:30:08] 发送(hex): 20
[2026/09/17 21:30:08] 发送(hex): 20
[2026/09/17 21:30:08] 发送(hex): 20
[2026/09/17 21:30:09] 发送(hex): 20
[2026/09/17 21:30:09] 发送(hex): 20
[2026/09/17 21:30:09] 发送(hex): 20
[2026/09/17 21:30:09] 发送(hex): 20
[2026/09/17 21:30:09] 发送(hex): 20
[2026/09/17 21:30:09] 发送(hex): 20
[2026/09/17 21:30:09] 发送(hex): 20
[2026/09/17 21:30:09] 发送(hex): 20
[2026/09/17 21:30:09] 发送(hex): 20
[2026/09/17 21:30:09] 发送(hex): 20
[2026/09/17 21:30:09] 发送(hex): 20
[2026/09/17 21:30:09] 发送(hex): 20
[2026/09/17 21:30:09] 发送(hex): 20
[2026/09/17 21:30:09] 发送(hex): 20
[2026/09/17 21:30:09] 发送(hex): 20
[2026/09/17 21:30:09] 发送(hex): 20
[2026/09/17 21:30:09] 发送(hex): 20
[2026/09/17 21:30:09] 发送(hex): 20
[2026/09/17 21:30:09] 发送(hex): 20
[2026/09/17 21:30:09] 发送(hex): 20
[2026/09/17 21:30:09] 发送(hex): 20
[2026/09/17 21:30:09] 发送(hex): 20
[2026/09/17 21:30:09] 发送(hex): 20
[2026/09/17 21:30:09] 发送(hex): 20
[2026/09/17 21:30:09] 发送(hex): 20
[2026/09/17 21:30:09] 发送(hex): 20
[2026/09/17 21:30:09] 发送(hex): 20
[2026/09/17 21:30:09] 发送(hex): 20
[2026/09/17 21:30:09] 发送(hex): 20
[2026/09/17 21:30:09] 发送(hex): 20
[2026/09/17 21:30:09] 发送(hex): 20
[2026/09/17 21:30:09] 发送(hex): 20
[2026/09/17 21:30:09] 发送(hex): 20
[2026/09/17 21:30:09] 发送(hex): 20
[2026/09/17 21:30:09] 发送(hex): 20
[2026/09/17 21:30:09] 发送(hex): 20
[2026/09/17 21:30:09] 发送(hex): 20
[2026/09/17 21:30:09] 发送(hex): 20
[2026/09/17 21:30:09] 发送(hex): 20
[2026/09/17 21:30:09] 发送(hex): 20
[2026/09/17 21:30:09] 发送(hex): 20
[2026/09/17 21:30:09] 发送(hex): 20
[2026/09/17 21:30:09] 发送(hex): 20
[2026/09/17 21:30:09] 发送(hex): 20
[2026/09/17 21:30:09] 发送(hex): 20
[2026/09/17 21:30:09] 发送(hex): 20
[2026/09/17 21:30:09] 发送(hex): 20
[2026/09/17 21:30:09] 发送(hex): 20
[2026/09/17 21:30:09] 发送(hex): 20
[2026/09/17 21:30:09] 发送(hex): 20
[2026/09/17 21:30:09] 发送(hex): 20
[2026/09/17 21:30:09] 发送(hex): 20
[2026/09/17 21:30:09] 发送(hex): 20
[2026/09/17 21:30:09] 发送(hex): 20
[2026/09/17 21:30:09] 发送(hex): 20
[2026/09/17 21:30:09] 发送(hex): 20
[2026/09/17 21:30:09] 发送(hex): 20
[2026/09/17 21:30:09] 发送(hex): 20
[2026/09/17 21:30:09] 发送(hex): 20
[2026/09/17 21:30:09] 发送(hex): 20
[2026/09/17 21:30:09] 发送(hex): 20
[2026/09/17 21:30:09] 发送(hex): 20
[2026/09/17 21:30:09] 发送(hex): 20
[2026/09/17 21:30:09] 发送(hex): 20
[2026/09/17 21:30:09] 发送(hex): 20
[2026/09/17 21:30:09] 发送(hex): 20
[2026/09/17 21:30:09] 发送(hex): 20
[2026/09/17 21:30:09] 发送(hex): 20
[2026/09/17 21:30:09] 发送(hex): 20
[2026/09/17 21:30:09] 发送(hex): 20
[2026/09/17 21:30:09] 发送(hex): 20
[2026/09/17 21:30:09] 发送(hex): 20
[2026/09/17 21:30:09] 发送(hex): 20
[2026/09/17 21:30:09] 发送(hex): 20
[2026/09/17 21:30:09] 发送(hex): 20
[2026/09/17 21:30:09] 发送(hex): 20
[2026/09/17 21:30:09] 发送(hex): 20
[2026/09/17 21:30:09] 发送(hex): 20
[2026/09/17 21:30:09] 发送(hex): 20
[2026/09/17 21:30:09] 发送(hex): 20
[2026/09/17 21:30:09] 发送(hex): 20
[2026/09/17 21:30:09] 发送(hex): 20
[2026/09/17 21:30:09] 发送(hex): 20
[2026/09/17 21:30:09] 发送(hex): 20
[2026/09/17 21:30:09] 发送(hex): 20
[2026/09/17 21:30:09] 发送(hex): 20
[2026/09/17 21:30:09] 发送(hex): 20
[2026/09/17 21:30:09] 发送(hex): 20
[2026/09/17 21:30:09] 发送(hex): 20
[2026/09/17 21:30:09] 发送(hex): 20
[2026/09/17 21:30:09] 发送(hex): 20
[2026/09/17 21:30:10] 发送(hex): 20
[2026/09/17 21:30:10] 发送(hex): 20
[2026/09/17 21:30:10] 发送(hex): 20
[2026/09/17 21:30:10] 发送(hex): 20
[2026/09/17 21:30:10] 发送(hex): 20
[2026/09/17 21:30:10] 发送(hex): 20
[2026/09/17 21:30:10] 发送(hex): 20
[2026/09/17 21:30:10] 发送(hex): 20
[2026/09/17 21:30:10] 发送(hex): 20
[2026/09/17 21:30:10] 发送(hex): 20
[2026/09/17 21:30:10] 发送(hex): 20
[2026/09/17 21:30:10] 发送(hex): 20
[2026/09/17 21:30:10] 发送(hex): 20
[2026/09/17 21:30:10] 发送(hex): 20
[2026/09/17 21:30:10] 发送(hex): 20
[2026/09/17 21:30:10] 发送(hex): 20
[2026/09/17 21:30:10] 发送(hex): 20
[2026/09/17 21:30:10] 发送(hex): 20
[2026/09/17 21:30:10] 发送(hex): 20
[2026/09/17 21:30:10] 发送(hex): 20
[2026/09/17 21:30:10] 发送(hex): 20
[2026/09/17 21:30:10] 发送(hex): 20
[2026/09/17 21:30:10] 发送(hex): 20
[2026/09/17 21:30:10] 发送(hex): 20
[2026/09/17 21:30:10] 发送(hex): 20
[2026/09/17 21:30:10] 发送(hex): 20
[2026/09/17 21:30:10] 发送(hex): 20
[2026/09/17 21:30:10] 发送(hex): 20
[2026/09/17 21:30:10] 发送(hex): 20
[2026/09/17 21:30:10] 发送(hex): 20
[2026/09/17 21:30:10] 发送(hex): 20
[2026/09/17 21:30:10] 发送(hex): 20
[2026/09/17 21:30:10] 发送(hex): 20
[2026/09/17 21:30:10] 发送(hex): 20
[2026/09/17 21:30:10] 发送(hex): 20
[2026/09/17 21:30:10] 发送(hex): 20
[2026/09/17 21:30:10] 发送(hex): 20
[2026/09/17 21:30:10] 发送(hex): 20
[2026/09/17 21:30:10] 发送(hex): 20
[2026/09/17 21:30:10] 发送(hex): 20
[2026/09/17 21:30:10] 发送(hex): 20
[2026/09/17 21:30:10] 发送(hex): 20
[2026/09/17 21:30:10] 发送(hex): 20
[2026/09/17 21:30:10] 发送(hex): 20
[2026/09/17 21:30:10] 发送(hex): 20
[2026/09/17 21:30:10] 发送(hex): 20
[2026/09/17 21:30:10] 发送(hex): 20
[2026/09/17 21:30:10] 发送(hex): 20
[2026/09/17 21:30:10] 发送(hex): 20
[2026/09/17 21:30:10] 发送(hex): 20
[2026/09/17 21:30:10] 发送(hex): 20
[2026/09/17 21:30:10] 发送(hex): 20
[2026/09/17 21:30:10] 发送(hex): 20
[2026/09/17 21:30:10] 发送(hex): 20
[2026/09/17 21:30:10] 发送(hex): 20
[2026/09/17 21:30:10] 发送(hex): 20
[2026/09/17 21:30:10] 发送(hex): 20
[2026/09/17 21:30:10] 发送(hex): 20
[2026/09/17 21:30:10] 发送(hex): 20
[2026/09/17 21:30:10] 发送(hex): 20
[2026/09/17 21:30:10] 发送(hex): 20
[2026/09/17 21:30:10] 发送(hex): 20
[2026/09/17 21:30:10] 发送(hex): 20
[2026/09/17 21:30:10] 发送(hex): 20
[2026/09/17 21:30:10] 发送(hex): 20
[2026/09/17 21:30:10] 发送(hex): 20
[2026/09/17 21:30:10] 发送(hex): 20
[2026/09/17 21:30:10] 发送(hex): 20
[2026/09/17 21:30:10] 发送(hex): 20
[2026/09/17 21:30:10] 发送(hex): 20
[2026/09/17 21:30:10] 发送(hex): 20
[2026/09/17 21:30:10] 发送(hex): 20
[2026/09/17 21:30:10] 发送(hex): 20
[2026/09/17 21:30:10] 发送(hex): 20
[2026/09/17 21:30:10] 发送(hex): 20
[2026/09/17 21:30:10] 发送(hex): 20
[2026/09/17 21:30:10] 发送(hex): 20
[2026/09/17 21:30:10] 发送(hex): 20
[2026/09/17 21:30:10] 发送(hex): 20
[2026/09/17 21:30:10] 发送(hex): 20
[2026/09/17 21:30:10] 发送(hex): 20
[2026/09/17 21:30:10] 发送(hex): 20
[2026/09/17 21:30:10] 发送(hex): 20
[2026/09/17 21:30:10] 发送(hex): 20
[2026/09/17 21:30:10] 发送(hex): 20
[2026/09/17 21:30:10] 发送(hex): 20
[2026/09/17 21:30:10] 发送(hex): 20
[2026/09/17 21:30:10] 发送(hex): 20
[2026/09/17 21:30:10] 发送(hex): 20
[2026/09/17 21:30:10] 发送(hex): 20
[2026/09/17 21:30:10] 发送(hex): 20
[2026/09/17 21:30:10] 发送(hex): 20
[2026/09/17 21:30:10] 发送(hex): 20
[2026/09/17 21:30:10] 发送(hex): 20
[2026/09/17 21:30:11] 发送(hex): 20
[2026/09/17 21:30:11] 发送(hex): 20
[2026/09/17 21:30:11] 发送(hex): 20
[2026/09/17 21:30:11] 发送(hex): 20
[2026/09/17 21:30:11] 发送(hex): 20
[2026/09/17 21:30:11] 发送(hex): 20
[2026/09/17 21:30:11] 发送(hex): 20
[2026/09/17 21:30:11] 发送(hex): 20
[2026/09/17 21:30:11] 发送(hex): 20
[2026/09/17 21:30:11] 发送(hex): 20
[2026/09/17 21:30:11] 发送(hex): 20
[2026/09/17 21:30:11] 发送(hex): 20
[2026/09/17 21:30:11] 发送(hex): 20
[2026/09/17 21:30:11] 发送(hex): 20
[2026/09/17 21:30:11] 发送(hex): 20
[2026/09/17 21:30:11] 发送(hex): 20
[2026/09/17 21:30:11] 发送(hex): 20
[2026/09/17 21:30:11] 发送(hex): 20
[2026/09/17 21:30:11] 发送(hex): 20
[2026/09/17 21:30:11] 发送(hex): 20
[2026/09/17 21:30:11] 发送(hex): 20
[2026/09/17 21:30:11] 发送(hex): 20
[2026/09/17 21:30:11] 发送(hex): 20
[2026/09/17 21:30:11] 发送(hex): 20
[2026/09/17 21:30:11] 发送(hex): 20
[2026/09/17 21:30:11] 发送(hex): 20
[2026/09/17 21:30:11] 发送(hex): 20
[2026/09/17 21:30:11] 发送(hex): 20
[2026/09/17 21:30:11] 发送(hex): 20
[2026/09/17 21:30:11] 发送(hex): 20
[2026/09/17 21:30:11] 发送(hex): 20
[2026/09/17 21:30:11] 发送(hex): 20
[2026/09/17 21:30:11] 发送(hex): 20
[2026/09/17 21:30:11] 发送(hex): 20
[2026/09/17 21:30:11] 发送(hex): 20
[2026/09/17 21:30:11] 发送(hex): 20
[2026/09/17 21:30:11] 发送(hex): 20
[2026/09/17 21:30:11] 发送(hex): 20
[2026/09/17 21:30:11] 发送(hex): 20
[2026/09/17 21:30:11] 发送(hex): 20
[2026/09/17 21:30:11] 发送(hex): 20
[2026/09/17 21:30:11] 发送(hex): 20
[2026/09/17 21:30:11] 发送(hex): 20
[2026/09/17 21:30:11] 发送(hex): 20
[2026/09/17 21:30:11] 发送(hex): 20
[2026/09/17 21:30:11] 发送(hex): 20
[2026/09/17 21:30:11] 发送(hex): 20
[2026/09/17 21:30:11] 发送(hex): 20
[2026/09/17 21:30:11] 发送(hex): 20
[2026/09/17 21:30:11] 发送(hex): 20
[2026/09/17 21:30:11] 发送(hex): 20
[2026/09/17 21:30:11] 发送(hex): 20
[2026/09/17 21:30:11] 发送(hex): 20
[2026/09/17 21:30:11] 发送(hex): 20
[2026/09/17 21:30:11] 发送(hex): 20
[2026/09/17 21:30:11] 发送(hex): 20
[2026/09/17 21:30:11] 发送(hex): 20
[2026/09/17 21:30:11] 发送(hex): 20
[2026/09/17 21:30:11] 发送(hex): 20
[2026/09/17 21:30:11] 发送(hex): 20
[2026/09/17 21:30:11] 发送(hex): 20
[2026/09/17 21:30:11] 发送(hex): 20
[2026/09/17 21:30:11] 发送(hex): 20
[2026/09/17 21:30:11] 发送(hex): 20
[2026/09/17 21:30:11] 发送(hex): 20
[2026/09/17 21:30:11] 发送(hex): 20
[2026/09/17 21:30:11] 发送(hex): 20
[2026/09/17 21:30:11] 发送(hex): 20
[2026/09/17 21:30:11] 发送(hex): 20
[2026/09/17 21:30:11] 发送(hex): 20
[2026/09/17 21:30:11] 发送(hex): 20
[2026/09/17 21:30:11] 发送(hex): 20
[2026/09/17 21:30:11] 发送(hex): 20
[2026/09/17 21:30:11] 发送(hex): 20
[2026/09/17 21:30:11] 发送(hex): 20
[2026/09/17 21:30:11] 发送(hex): 20
[2026/09/17 21:30:11] 发送(hex): 20
[2026/09/17 21:30:11] 发送(hex): 20
[2026/09/17 21:30:11] 发送(hex): 20
[2026/09/17 21:30:11] 发送(hex): 20
[2026/09/17 21:30:11] 发送(hex): 20
[2026/09/17 21:30:11] 发送(hex): 20
[2026/09/17 21:30:11] 发送(hex): 20
[2026/09/17 21:30:11] 发送(hex): 20
[2026/09/17 21:30:11] 发送(hex): 20
[2026/09/17 21:30:11] 发送(hex): 20
[2026/09/17 21:30:11] 发送(hex): 20
[2026/09/17 21:30:11] 发送(hex): 20
[2026/09/17 21:30:11] 发送(hex): 20
[2026/09/17 21:30:11] 发送(hex): 20
[2026/09/17 21:30:11] 发送(hex): 20
[2026/09/17 21:30:11] 发送(hex): 20
[2026/09/17 21:30:11] 发送(hex): 20
[2026/09/17 21:30:11] 发送(hex): 20
[2026/09/17 21:30:11] 发送(hex): 20
[2026/09/17 21:30:12] 发送(hex): 20
[2026/09/17 21:30:12] 发送(hex): 20
[2026/09/17 21:30:12] 发送(hex): 20
[2026/09/17 21:30:12] 发送(hex): 20
[2026/09/17 21:30:12] 发送(hex): 20
[2026/09/17 21:30:12] 发送(hex): 20
[2026/09/17 21:30:12] 发送(hex): 20
[2026/09/17 21:30:12] 发送(hex): 20
[2026/09/17 21:30:12] 发送(hex): 20
[2026/09/17 21:30:12] 发送(hex): 20
[2026/09/17 21:30:12] 发送(hex): 20
[2026/09/17 21:30:12] 发送(hex): 20
[2026/09/17 21:30:12] 发送(hex): 20
[2026/09/17 21:30:12] 发送(hex): 20
[2026/09/17 21:30:12] 发送(hex): 20
[2026/09/17 21:30:12] 发送(hex): 20
[2026/09/17 21:30:12] 发送(hex): 20
[2026/09/17 21:30:12] 发送(hex): 20
[2026/09/17 21:30:12] 发送(hex): 20
[2026/09/17 21:30:12] 发送(hex): 20
[2026/09/17 21:30:12] 发送(hex): 20
[2026/09/17 21:30:12] 发送(hex): 20
[2026/09/17 21:30:12] 发送(hex): 20
[2026/09/17 21:30:12] 发送(hex): 20
[2026/09/17 21:30:12] 发送(hex): 20
[2026/09/17 21:30:12] 发送(hex): 20
[2026/09/17 21:30:12] 发送(hex): 20
[2026/09/17 21:30:12] 发送(hex): 20
[2026/09/17 21:30:12] 发送(hex): 20
[2026/09/17 21:30:12] 发送(hex): 20
[2026/09/17 21:30:12] 发送(hex): 20
[2026/09/17 21:30:12] 发送(hex): 20
[2026/09/17 21:30:12] 发送(hex): 20
[2026/09/17 21:30:12] 发送(hex): 20
[2026/09/17 21:30:12] 发送(hex): 20
[2026/09/17 21:30:12] 发送(hex): 20
[2026/09/17 21:30:12] 发送(hex): 20
[2026/09/17 21:30:12] 发送(hex): 20
[2026/09/17 21:30:12] 发送(hex): 20
[2026/09/17 21:30:12] 发送(hex): 20
[2026/09/17 21:30:12] 发送(hex): 20
[2026/09/17 21:30:12] 发送(hex): 20
[2026/09/17 21:30:12] 发送(hex): 20
[2026/09/17 21:30:12] 发送(hex): 20
[2026/09/17 21:30:12] 发送(hex): 20
[2026/09/17 21:30:12] 发送(hex): 20
[2026/09/17 21:30:12] 发送(hex): 20
[2026/09/17 21:30:12] 发送(hex): 20
[2026/09/17 21:30:12] 发送(hex): 20
[2026/09/17 21:30:12] 发送(hex): 20
[2026/09/17 21:30:12] 发送(hex): 20
[2026/09/17 21:30:12] 发送(hex): 20
[2026/09/17 21:30:12] 发送(hex): 20
[2026/09/17 21:30:12] 发送(hex): 20
[2026/09/17 21:30:12] 发送(hex): 20
[2026/09/17 21:30:12] 发送(hex): 20
[2026/09/17 21:30:12] 发送(hex): 20
[2026/09/17 21:30:12] 发送(hex): 20
[2026/09/17 21:30:12] 发送(hex): 20
[2026/09/17 21:30:12] 发送(hex): 20
[2026/09/17 21:30:12] 发送(hex): 20
[2026/09/17 21:30:12] 发送(hex): 20
[2026/09/17 21:30:12] 发送(hex): 20
[2026/09/17 21:30:12] 发送(hex): 20
[2026/09/17 21:30:12] 发送(hex): 20
[2026/09/17 21:30:12] 发送(hex): 20
[2026/09/17 21:30:12] 发送(hex): 20
[2026/09/17 21:30:12] 发送(hex): 20
[2026/09/17 21:30:12] 发送(hex): 20
[2026/09/17 21:30:12] 发送(hex): 20
[2026/09/17 21:30:12] 发送(hex): 20
[2026/09/17 21:30:12] 发送(hex): 20
[2026/09/17 21:30:12] 发送(hex): 20
[2026/09/17 21:30:12] 发送(hex): 20
[2026/09/17 21:30:12] 发送(hex): 20
[2026/09/17 21:30:12] 发送(hex): 20
[2026/09/17 21:30:12] 发送(hex): 20
[2026/09/17 21:30:12] 发送(hex): 20
[2026/09/17 21:30:12] 发送(hex): 20
[2026/09/17 21:30:12] 发送(hex): 20
[2026/09/17 21:30:12] 发送(hex): 20
[2026/09/17 21:30:12] 发送(hex): 20
[2026/09/17 21:30:12] 发送(hex): 20
[2026/09/17 21:30:12] 发送(hex): 20
[2026/09/17 21:30:12] 发送(hex): 20
[2026/09/17 21:30:12] 发送(hex): 20
[2026/09/17 21:30:12] 发送(hex): 20
[2026/09/17 21:30:12] 发送(hex): 20
[2026/09/17 21:30:12] 发送(hex): 20
[2026/09/17 21:30:12] 发送(hex): 20
[2026/09/17 21:30:12] 发送(hex): 20
[2026/09/17 21:30:12] 发送(hex): 20
[2026/09/17 21:30:12] 发送(hex): 20
[2026/09/17 21:30:12] 发送(hex): 20
[2026/09/17 21:30:13] 发送(hex): 20
[2026/09/17 21:30:13] 发送(hex): 20
[2026/09/17 21:30:13] 发送(hex): 20
[2026/09/17 21:30:13] 发送(hex): 20
[2026/09/17 21:30:13] 发送(hex): 20
[2026/09/17 21:30:13] 发送(hex): 20
[2026/09/17 21:30:13] 发送(hex): 20
[2026/09/17 21:30:13] 发送(hex): 20
[2026/09/17 21:30:13] 发送(hex): 20
[2026/09/17 21:30:13] 发送(hex): 20
[2026/09/17 21:30:13] 发送(hex): 20
[2026/09/17 21:30:13] 发送(hex): 20
[2026/09/17 21:30:13] 发送(hex): 20
[2026/09/17 21:30:13] 发送(hex): 20
[2026/09/17 21:30:13] 发送(hex): 20
[2026/09/17 21:30:13] 发送(hex): 20
[2026/09/17 21:30:13] 发送(hex): 20
[2026/09/17 21:30:13] 发送(hex): 20
[2026/09/17 21:30:13] 发送(hex): 20
[2026/09/17 21:30:13] 发送(hex): 20
[2026/09/17 21:30:13] 发送(hex): 20
[2026/09/17 21:30:13] 发送(hex): 20
[2026/09/17 21:30:13] 发送(hex): 20
[2026/09/17 21:30:13] 发送(hex): 20
[2026/09/17 21:30:13] 发送(hex): 20
[2026/09/17 21:30:13] 发送(hex): 20
[2026/09/17 21:30:13] 发送(hex): 20
[2026/09/17 21:30:13] 发送(hex): 20
[2026/09/17 21:30:13] 发送(hex): 20
[2026/09/17 21:30:13] 发送(hex): 20
[2026/09/17 21:30:13] 发送(hex): 20
[2026/09/17 21:30:13] 发送(hex): 20
[2026/09/17 21:30:13] 发送(hex): 20
[2026/09/17 21:30:13] 发送(hex): 20
[2026/09/17 21:30:13] 发送(hex): 20
[2026/09/17 21:30:13] 发送(hex): 20
[2026/09/17 21:30:13] 发送(hex): 20
[2026/09/17 21:30:13] 发送(hex): 20
[2026/09/17 21:30:13] 发送(hex): 20
[2026/09/17 21:30:13] 发送(hex): 20
[2026/09/17 21:30:13] 发送(hex): 20
[2026/09/17 21:30:13] 发送(hex): 20
[2026/09/17 21:30:13] 发送(hex): 20
[2026/09/17 21:30:13] 发送(hex): 20
[2026/09/17 21:30:13] 发送(hex): 20
[2026/09/17 21:30:13] 发送(hex): 20
[2026/09/17 21:30:13] 发送(hex): 20
[2026/09/17 21:30:13] 发送(hex): 20
[2026/09/17 21:30:13] 发送(hex): 20
[2026/09/17 21:30:13] 发送(hex): 20
[2026/09/17 21:30:13] 发送(hex): 20
[2026/09/17 21:30:13] 发送(hex): 20
[2026/09/17 21:30:13] 发送(hex): 20
[2026/09/17 21:30:13] 发送(hex): 20
[2026/09/17 21:30:13] 发送(hex): 20
[2026/09/17 21:30:13] 发送(hex): 20
[2026/09/17 21:30:13] 发送(hex): 20
[2026/09/17 21:30:13] 发送(hex): 20
[2026/09/17 21:30:13] 发送(hex): 20
[2026/09/17 21:30:13] 发送(hex): 20
[2026/09/17 21:30:13] 发送(hex): 20
[2026/09/17 21:30:13] 发送(hex): 20
[2026/09/17 21:30:13] 发送(hex): 20
[2026/09/17 21:30:13] 发送(hex): 20
[2026/09/17 21:30:13] 发送(hex): 20
[2026/09/17 21:30:13] 发送(hex): 20
[2026/09/17 21:30:13] 发送(hex): 20
[2026/09/17 21:30:13] 发送(hex): 20
[2026/09/17 21:30:13] 发送(hex): 20
[2026/09/17 21:30:13] 发送(hex): 20
[2026/09/17 21:30:13] 发送(hex): 20
[2026/09/17 21:30:13] 发送(hex): 20
[2026/09/17 21:30:13] 发送(hex): 20
[2026/09/17 21:30:13] 发送(hex): 20
[2026/09/17 21:30:13] 发送(hex): 20
[2026/09/17 21:30:13] 发送(hex): 20
[2026/09/17 21:30:13] 发送(hex): 20
[2026/09/17 21:30:13] 发送(hex): 20
[2026/09/17 21:30:13] 发送(hex): 20
[2026/09/17 21:30:13] 发送(hex): 20
[2026/09/17 21:30:13] 发送(hex): 20
[2026/09/17 21:30:13] 发送(hex): 20
[2026/09/17 21:30:13] 发送(hex): 20
[2026/09/17 21:30:13] 发送(hex): 20
[2026/09/17 21:30:13] 发送(hex): 20
[2026/09/17 21:30:13] 发送(hex): 20
[2026/09/17 21:30:13] 发送(hex): 20
[2026/09/17 21:30:13] 发送(hex): 20
[2026/09/17 21:30:13] 发送(hex): 20
[2026/09/17 21:30:13] 发送(hex): 20
[2026/09/17 21:30:13] 发送(hex): 20
[2026/09/17 21:30:13] 发送(hex): 20
[2026/09/17 21:30:13] 发送(hex): 20
[2026/09/17 21:30:13] 发送(hex): 20
[2026/09/17 21:30:13] 发送(hex): 20
[2026/09/17 21:30:14] 发送(hex): 20
[2026/09/17 21:30:14] 发送(hex): 20
[2026/09/17 21:30:14] 发送(hex): 20
[2026/09/17 21:30:14] 发送(hex): 20
[2026/09/17 21:30:14] 发送(hex): 20
[2026/09/17 21:30:14] 发送(hex): 20
[2026/09/17 21:30:14] 发送(hex): 20
[2026/09/17 21:30:14] 发送(hex): 20
[2026/09/17 21:30:14] 发送(hex): 20
[2026/09/17 21:30:14] 发送(hex): 20
[2026/09/17 21:30:14] 发送(hex): 20
[2026/09/17 21:30:14] 发送(hex): 20
[2026/09/17 21:30:14] 发送(hex): 20
[2026/09/17 21:30:14] 发送(hex): 20
[2026/09/17 21:30:14] 发送(hex): 20
[2026/09/17 21:30:14] 发送(hex): 20
[2026/09/17 21:30:14] 发送(hex): 20
[2026/09/17 21:30:14] 发送(hex): 20
[2026/09/17 21:30:14] 发送(hex): 20
[2026/09/17 21:30:14] 发送(hex): 20
[2026/09/17 21:30:14] 发送(hex): 20
[2026/09/17 21:30:14] 发送(hex): 20
[2026/09/17 21:30:14] 发送(hex): 20
[2026/09/17 21:30:14] 发送(hex): 20
[2026/09/17 21:30:14] 发送(hex): 20
[2026/09/17 21:30:14] 发送(hex): 20
[2026/09/17 21:30:14] 发送(hex): 20
[2026/09/17 21:30:14] 发送(hex): 20
[2026/09/17 21:30:14] 发送(hex): 20
[2026/09/17 21:30:14] 发送(hex): 20
[2026/09/17 21:30:14] 发送(hex): 20
[2026/09/17 21:30:14] 发送(hex): 20
[2026/09/17 21:30:14] 发送(hex): 20
[2026/09/17 21:30:14] 发送(hex): 20
[2026/09/17 21:30:14] 发送(hex): 20
[2026/09/17 21:30:14] 发送(hex): 20
[2026/09/17 21:30:14] 发送(hex): 20
[2026/09/17 21:30:14] 发送(hex): 20
[2026/09/17 21:30:14] 发送(hex): 20
[2026/09/17 21:30:14] 发送(hex): 20
[2026/09/17 21:30:14] 发送(hex): 20
[2026/09/17 21:30:14] 发送(hex): 20
[2026/09/17 21:30:14] 发送(hex): 20
[2026/09/17 21:30:14] 发送(hex): 20
[2026/09/17 21:30:14] 发送(hex): 20
[2026/09/17 21:30:14] 发送(hex): 20
[2026/09/17 21:30:14] 发送(hex): 20
[2026/09/17 21:30:14] 发送(hex): 20
[2026/09/17 21:30:14] 发送(hex): 20
[2026/09/17 21:30:14] 发送(hex): 20
[2026/09/17 21:30:14] 发送(hex): 20
[2026/09/17 21:30:14] 发送(hex): 20
[2026/09/17 21:30:14] 发送(hex): 20
[2026/09/17 21:30:14] 发送(hex): 20
[2026/09/17 21:30:14] 发送(hex): 20
[2026/09/17 21:30:14] 发送(hex): 20
[2026/09/17 21:30:14] 发送(hex): 20
[2026/09/17 21:30:14] 发送(hex): 20
[2026/09/17 21:30:14] 发送(hex): 20
[2026/09/17 21:30:14] 发送(hex): 20
[2026/09/17 21:30:14] 发送(hex): 20
[2026/09/17 21:30:14] 发送(hex): 20
[2026/09/17 21:30:14] 发送(hex): 20
[2026/09/17 21:30:14] 发送(hex): 20
[2026/09/17 21:30:14] 发送(hex): 20
[2026/09/17 21:30:14] 发送(hex): 20
[2026/09/17 21:30:14] 发送(hex): 20
[2026/09/17 21:30:14] 发送(hex): 20
[2026/09/17 21:30:14] 发送(hex): 20
[2026/09/17 21:30:14] 发送(hex): 20
[2026/09/17 21:30:14] 发送(hex): 20
[2026/09/17 21:30:14] 发送(hex): 20
[2026/09/17 21:30:14] 发送(hex): 20
[2026/09/17 21:30:14] 发送(hex): 20
[2026/09/17 21:30:14] 发送(hex): 20
[2026/09/17 21:30:14] 发送(hex): 20
[2026/09/17 21:30:14] 发送(hex): 20
[2026/09/17 21:30:14] 发送(hex): 20
[2026/09/17 21:30:14] 发送(hex): 20
[2026/09/17 21:30:14] 发送(hex): 20
[2026/09/17 21:30:14] 发送(hex): 20
[2026/09/17 21:30:14] 发送(hex): 20
[2026/09/17 21:30:14] 发送(hex): 20
[2026/09/17 21:30:14] 发送(hex): 20
[2026/09/17 21:30:14] 发送(hex): 20
[2026/09/17 21:30:14] 发送(hex): 20
[2026/09/17 21:30:14] 发送(hex): 20
[2026/09/17 21:30:14] 发送(hex): 20
[2026/09/17 21:30:14] 发送(hex): 20
[2026/09/17 21:30:14] 发送(hex): 20
[2026/09/17 21:30:14] 发送(hex): 20
[2026/09/17 21:30:14] 发送(hex): 20
[2026/09/17 21:30:14] 发送(hex): 20
[2026/09/17 21:30:14] 发送(hex): 20
[2026/09/17 21:30:15] 发送(hex): 20
[2026/09/17 21:30:15] 发送(hex): 20
[2026/09/17 21:30:15] 发送(hex): 20
[2026/09/17 21:30:15] 发送(hex): 20
[2026/09/17 21:30:15] 发送(hex): 20
[2026/09/17 21:30:15] 发送(hex): 20
[2026/09/17 21:30:15] 发送(hex): 20
[2026/09/17 21:30:15] 发送(hex): 20
[2026/09/17 21:30:15] 发送(hex): 20
[2026/09/17 21:30:15] 发送(hex): 20
[2026/09/17 21:30:15] 发送(hex): 20
[2026/09/17 21:30:15] 发送(hex): 20
[2026/09/17 21:30:15] 发送(hex): 20
[2026/09/17 21:30:15] 发送(hex): 20
[2026/09/17 21:30:15] 发送(hex): 20
[2026/09/17 21:30:15] 发送(hex): 20
[2026/09/17 21:30:15] 发送(hex): 20
[2026/09/17 21:30:15] 发送(hex): 20
[2026/09/17 21:30:15] 发送(hex): 20
[2026/09/17 21:30:15] 发送(hex): 20
[2026/09/17 21:30:15] 发送(hex): 20
[2026/09/17 21:30:15] 发送(hex): 20
[2026/09/17 21:30:15] 发送(hex): 20
[2026/09/17 21:30:15] 发送(hex): 20
[2026/09/17 21:30:15] 发送(hex): 20
[2026/09/17 21:30:15] 发送(hex): 20
[2026/09/17 21:30:15] 发送(hex): 20
[2026/09/17 21:30:15] 发送(hex): 20
[2026/09/17 21:30:15] 发送(hex): 20
[2026/09/17 21:30:15] 发送(hex): 20
[2026/09/17 21:30:15] 发送(hex): 20
[2026/09/17 21:30:15] 发送(hex): 20
[2026/09/17 21:30:15] 发送(hex): 20
[2026/09/17 21:30:15] 发送(hex): 20
[2026/09/17 21:30:15] 发送(hex): 20
[2026/09/17 21:30:15] 发送(hex): 20
[2026/09/17 21:30:15] 发送(hex): 20
[2026/09/17 21:30:15] 发送(hex): 20
[2026/09/17 21:30:15] 发送(hex): 20
[2026/09/17 21:30:15] 发送(hex): 20
[2026/09/17 21:30:15] 发送(hex): 20
[2026/09/17 21:30:15] 发送(hex): 20
[2026/09/17 21:30:15] 发送(hex): 20
[2026/09/17 21:30:15] 发送(hex): 20
[2026/09/17 21:30:15] 发送(hex): 20
[2026/09/17 21:30:15] 发送(hex): 20
[2026/09/17 21:30:15] 发送(hex): 20
[2026/09/17 21:30:15] 发送(hex): 20
[2026/09/17 21:30:15] 发送(hex): 20
[2026/09/17 21:30:15] 发送(hex): 20
[2026/09/17 21:30:15] 发送(hex): 20
[2026/09/17 21:30:15] 发送(hex): 20
[2026/09/17 21:30:15] 发送(hex): 20
[2026/09/17 21:30:15] 发送(hex): 20
[2026/09/17 21:30:15] 发送(hex): 20
[2026/09/17 21:30:15] 发送(hex): 20
[2026/09/17 21:30:15] 发送(hex): 20
[2026/09/17 21:30:15] 发送(hex): 20
[2026/09/17 21:30:15] 发送(hex): 20
[2026/09/17 21:30:15] 发送(hex): 20
[2026/09/17 21:30:15] 发送(hex): 20
[2026/09/17 21:30:15] 发送(hex): 20
[2026/09/17 21:30:15] 发送(hex): 20
[2026/09/17 21:30:15] 发送(hex): 20
[2026/09/17 21:30:15] 发送(hex): 20
[2026/09/17 21:30:15] 发送(hex): 20
[2026/09/17 21:30:15] 发送(hex): 20
[2026/09/17 21:30:15] 发送(hex): 20
[2026/09/17 21:30:15] 发送(hex): 20
[2026/09/17 21:30:15] 发送(hex): 20
[2026/09/17 21:30:15] 发送(hex): 20
[2026/09/17 21:30:15] 发送(hex): 20
[2026/09/17 21:30:15] 发送(hex): 20
[2026/09/17 21:30:15] 发送(hex): 20
[2026/09/17 21:30:15] 发送(hex): 20
[2026/09/17 21:30:15] 发送(hex): 20
[2026/09/17 21:30:15] 发送(hex): 20
[2026/09/17 21:30:15] 发送(hex): 20
[2026/09/17 21:30:15] 发送(hex): 20
[2026/09/17 21:30:15] 发送(hex): 20
[2026/09/17 21:30:15] 发送(hex): 20
[2026/09/17 21:30:15] 发送(hex): 20
[2026/09/17 21:30:15] 发送(hex): 20
[2026/09/17 21:30:15] 发送(hex): 20
[2026/09/17 21:30:15] 发送(hex): 20
[2026/09/17 21:30:15] 发送(hex): 20
[2026/09/17 21:30:15] 发送(hex): 20
[2026/09/17 21:30:15] 发送(hex): 20
[2026/09/17 21:30:15] 发送(hex): 20
[2026/09/17 21:30:15] 发送(hex): 20
[2026/09/17 21:30:15] 发送(hex): 20
[2026/09/17 21:30:15] 发送(hex): 20
[2026/09/17 21:30:15] 发送(hex): 20
[2026/09/17 21:30:15] 发送(hex): 20
[2026/09/17 21:30:15] 发送(hex): 20
[2026/09/17 21:30:16] 发送(hex): 20
[2026/09/17 21:30:16] 发送(hex): 20
[2026/09/17 21:30:16] 发送(hex): 20
[2026/09/17 21:30:16] 发送(hex): 20
[2026/09/17 21:30:16] 发送(hex): 20
[2026/09/17 21:30:16] 发送(hex): 20
[2026/09/17 21:30:16] 发送(hex): 0d
[2026/09/17 21:30:16] 发送(hex): 0d
[2026/09/17 21:30:16] Realtek>
[2026/09/17 21:30:16] 发送(hex): 0d
[2026/09/17 21:30:16] Realtek>
[2026/09/17 21:30:16] 发送(hex): 0d
[2026/09/17 21:30:16] 发送(hex): 0d
[2026/09/17 21:30:16] Realtek>
[2026/09/17 21:30:16] Realtek>
[2026/09/17 21:30:16] Realtek>
[2026/09/17 21:30:21] 发送(hex): 706d6f64652064697361626c653b72650d
[2026/09/17 21:30:21] pmode disable;re
[2026/09/17 21:30:21] uboot command for pmode disable!
[2026/09/17 21:30:21] resetting ...
[2026/09/17 21:30:21] $
[2026/09/17 21:30:21] Post romcode git ver:42df880604ac78a3 (Aug 28 2026 21:41:35)
[2026/09/17 21:30:21] $
[2026/09/17 21:30:21] Hello world, RTD2875P_CN2_TV030!
[2026/09/17 21:30:21] set_wifi_reset
[2026/09/17 21:30:21] Auxcode git ver:3a4deb9ea300359e (Aug 28 2026 21:41:29)
[2026/09/17 21:30:21] flash_type = 2, secure_type = 2
[2026/09/17 21:30:21] b8062204=20000
[2026/09/17 21:30:21] slot info 0 0x0 info 1 0x9021afbe
[2026/09/17 21:30:22] g_gpt_blk_start 0x1  g_offline_gpt 0x0 last_usable_lba 0x1cd2032 num_partition_entries 0x32
[2026/09/17 21:30:22] start 0x2e600000 clt_blk 0x1973004 ctrl size 0x20
[2026/09/17 21:30:22] choose active index 0
[2026/09/17 21:30:22] part name bootloader ative_slot _a real part name bootloader_a
[2026/09/17 21:30:22] part name hwsetting start 0x100000 size 0x33600
[2026/09/17 21:30:22] part name ext_fw start 0x133600 size 0x10400
[2026/09/17 21:30:22] part name kboot start 0x143a00 size 0x16e00
[2026/09/17 21:30:22] part name uboot start 0x15a800 size 0x120400
[2026/09/17 21:30:22] ls4 2 1 = 800040ab 8000207f 80001000
[2026/09/17 21:30:22] fNewHWsettingArch = 2
[2026/09/17 21:30:22] 1.lsadcidx = 2, brand =3, offset = 0
[2026/09/17 21:30:22] 1.lsadcidx = 2, brand =3, offset = 17800
[2026/09/17 21:30:22] hwsetting from mmc
[2026/09/17 21:30:22] AC on HW offset 0x809 start 0x800 reg 0x8090800
[2026/09/17 21:30:22] total = 2f00
[2026/09/17 21:30:22] A
[2026/09/17 21:30:22] A
[2026/09/17 21:30:22] A
[2026/09/17 21:30:22] A
[2026/09/17 21:30:22] A
[2026/09/17 21:30:22] {12 14}
[2026/09/17 21:30:22] ffeedd
[2026/09/17 21:30:22] ffeeddddr ver: 62c63180
[2026/09/17 21:30:22] ori DQS0~7 {03 04 1a 1c 00 01 00 00}
[2026/09/17 21:30:22] {01 03 19 1b 00 01 00 00} {09 09 06 09 06 05 00 00}
[2026/09/17 21:30:22] r.y.0 r.y.0 SCPU BISR status: Done
[2026/09/17 21:30:22] [go kb]
[2026/09/17 21:30:22] pass
[2026/09/17 21:30:22] bootcode info to kboot
[2026/09/17 21:30:22] num=1056
[2026/09/17 21:30:22] boot_magic=20230423
[2026/09/17 21:30:22] ---DEBUG kboot 21:41:14 Aug 28 2026 ---
[2026/09/17 21:30:22] [Kboot]eMMC(mid-15) MMC_HS50 (50000000Mhz)[8bit].
[2026/09/17 21:30:22] block info 0x1cd2032 0x3a3e000.
[2026/09/17 21:30:22] [MMC] 32 -----------> 16GB.
[2026/09/17 21:30:22] (2379beef) (0) bufsize=(null)
[2026/09/17 21:30:22] uboot start 0x15a800 size 0x120400
[2026/09/17 21:30:22] board_versi
[2026/09/17 21:30:22] on: ls1 = 0, ver: 0
[2026/09/17 21:30:22] [0;31mapp_main 325 board_version=0[0m
[2026/09/17 21:30:22] get FW_TZFW flash start 0xf100200 ddr buf start 0x180000 image size 010c2e3 ok!
[2026/09/17 21:30:22] [INFO]RPMB auth key not written !
[2026/09/17 21:30:22] [INFO]RPMB auth key not written !
[2026/09/17 21:30:22] Current board is not frist boot.
[2026/09/17 21:30:22] ALL zero, reserved_3 has removed.
[2026/09/17 21:30:22] Current board remove reserved_3 done.
[2026/09/17 21:30:22] get FW_VKERNEL flash start 0xc
[2026/09/17 21:30:22] 100200 ddr buf start 0x1a900000 image size 05f0300 ok!
[2026/09/17 21:30:22] get FW_VKERNEL2 flash start 0xd900200 ddr buf start 0x1af00000 image size 0f4920 ok!
[2026/09/17 21:30:22] get FW_AKERNEL flash start 0xa900200 ddr buf start 0x1b200000 image size 07fbf7c ok!
[2026/09/17 21:30:23] ATFATFATF:0 1 NOTICE: kill CPU(2)...
[2026/09/17 21:30:23] ATF:0 1 NOTICE: kill (2) : PACTIVE:0
[2026/09/17 21:30:23] ATF:0 1 NOTICE:  CPU(2) kill done, pstate(0x0)
[2026/09/17 21:30:23] U
[2026/09/17 21:30:23] fixup_node_name 555. set /rese
[2026/09/17 21:30:23] rved-memory@5 to /reserved-memory
[2026/09/17 21:30:23] fixup_node_name 555. set /rtk_cma@5 to /rtk_cma
[2026/09/17 21:30:23] ### [1;31mERROR[0m ### get_movablecore 613. Can't find dtb node /reserved-memory/cma2_memory/reg
[2026/09/17 21:30:23] reinit_mem_info 1049  ddr_size 80000000
[2026/09/17 21:30:23] booting, boot_led_type: 0x00000000, led on[1]
[2026/09/17 21:30:23] set share register: 0x99100000
[2026/09/17 21:30:23] boot_power_on_mode=1
[2026/09/17 21:30:23] [get_layout:1264]!
[2026/09/17 21:30:23] boot_part value = 0 boot_tag value = 21
[2026/09/17 21:30:23] [get_oemkey] 1397: get oem.key = ATV00107525
[2026/09/17 21:30:23] Factory_RO: [EXT4] factory_ro_buffer:0a800000, factory_ro_buffer size:0x1000000!
[2026/09/17 21:30:23] Partiton factory_ro_a located at 0:6
[2026/09/17 21:30:23] factory_ro_a partition can not find /.000@bk@***!
[2026/09/17 21:30:23] Factory RO no need recovery!
[2026/09/17 21:30:23] Get tvconfigs_a partition block device index fail!
[2026/09/17 21:30:23] read customer.ini file fail!
[2026/09/17 21:30:23] parse SYS_INI path fail
[2026/09/17 21:30:23] Not support board ini mechansim!
[2026/09/17 21:30:23] Get tvconfigs_a partition block device index fail!
[2026/09/17 21:30:23] read customer.ini file fail!
[2026/09/17 21:30:23] parse SYS_INI path fail
[2026/09/17 21:30:23] load model ini file fail
[2026/09/17 21:30:23] cannot find PcbPath from ini file
[2026/09/17 21:30:23] no pcb.config in tvconfigs
[2026/09/17 21:30:23] no mnt/vendor/factorypcb.config
[2026/09/17 21:30:23] delay:342
[2026/09/17 21:30:24] Vwait V1go
[2026/09/17 21:30:24] Vwait V2go
[2026/09/17 21:30:24] DEMOD BISR check Pass and disable demod CLK!!
[2026/09/17 21:30:24] [0;31mboard_version=0 sz=18M[0m
[2026/09/17 21:30:24] ATF:0 1 NOTICE: atf enter time:1180ms, current time:2696ms
[2026/09/17 21:30:24] ATF:0 1 NOTICE: 1st boot elapsed 2702ms
[2026/09/17 21:30:26] console:/ $
[2026/09/17 21:30:56] 发送(hex): 0d
[2026/09/17 21:30:56] 发送(hex): 0d
[2026/09/17 21:30:56] 发送(hex): 0d
[2026/09/17 21:30:56] 发送(hex): 0d
[2026/09/17 21:30:56] console:/ $
[2026/09/17 21:30:56] console:/ $
[2026/09/17 21:30:56] console:/ $
[2026/09/17 21:30:56] console:/ $
[2026/09/17 21:30:57] 发送(hex): 6c6f67636174207c67726570206d5a697046696c654e616d650d
[2026/09/17 21:30:57] logcat |grep mZipFileName
[2026/09/17 21:30:58] 08-3
[2026/09/17 21:30:58] 0 18:21:46.516  1043  1091 D BootAnimation: cxtest mZipFileName:/tvcust/aio_resources/resource/extension/common_IFFALCON_2K/bootanim/customized_bootanimation.zip
[2026/09/17 21:30:58] 发送(hex): 03
[2026/09/17 21:30:58] ^C
[2026/09/17 21:31:05] 发送(hex): 20
[2026/09/17 21:31:05] 发送(hex): 20
[2026/09/17 21:31:05] 发送(hex): 20
[2026/09/17 21:31:05] 发送(hex): 20
[2026/09/17 21:31:05] 发送(hex): 20
[2026/09/17 21:31:05] 发送(hex): 20
[2026/09/17 21:31:05] 发送(hex): 20
[2026/09/17 21:31:05] 发送(hex): 20
[2026/09/17 21:31:05] 发送(hex): 20
[2026/09/17 21:31:05] 发送(hex): 20
[2026/09/17 21:31:05] 发送(hex): 20
[2026/09/17 21:31:05] 发送(hex): 20
[2026/09/17 21:31:05] 发送(hex): 20
[2026/09/17 21:31:05] 发送(hex): 20
[2026/09/17 21:31:05] 发送(hex): 20
[2026/09/17 21:31:05] 发送(hex): 20
[2026/09/17 21:31:05] 发送(hex): 20
[2026/09/17 21:31:05] 发送(hex): 20
[2026/09/17 21:31:05] 发送(hex): 20
[2026/09/17 21:31:05] 发送(hex): 20
[2026/09/17 21:31:05] 发送(hex): 20
[2026/09/17 21:31:05] 发送(hex): 20
[2026/09/17 21:31:05] 发送(hex): 20
[2026/09/17 21:31:05] 发送(hex): 20
[2026/09/17 21:31:05] 发送(hex): 20
[2026/09/17 21:31:05] 发送(hex): 20
[2026/09/17 21:31:05] 发送(hex): 20
[2026/09/17 21:31:06] 发送(hex): 20
[2026/09/17 21:31:06] 发送(hex): 20
[2026/09/17 21:31:06] 发送(hex): 20
[2026/09/17 21:31:06] 发送(hex): 20
[2026/09/17 21:31:06] 发送(hex): 20
[2026/09/17 21:31:06] $
[2026/09/17 21:31:06] 发送(hex): 20
[2026/09/17 21:31:06] 发送(hex): 20
[2026/09/17 21:31:06] 发送(hex): 20
[2026/09/17 21:31:06] 发送(hex): 20
[2026/09/17 21:31:06] Post romcode git ver:42df880604ac78a3 (Aug 28 2026 21:41:35)
[2026/09/17 21:31:06] $
[2026/09/17 21:31:06] Hello world, RTD2875P_CN2_TV030!
[2026/09/17 21:31:06] set_wifi_reset
[2026/09/17 21:31:06] Auxcode git ver:3a4deb9ea300359e (Aug 28 2026 21:41:29)
[2026/09/17 21:31:06] flash_type = 2, secure_type = 2
[2026/09/17 21:31:06] b8062204=0
[2026/09/17 21:31:06] 发送(hex): 20
[2026/09/17 21:31:06] slot info 0 0x0 info 1 0x0
[2026/09/17 21:31:06] invalid reg slot status 0x0,g
[2026/09/17 21:31:06] 发送(hex): 20
[2026/09/17 21:31:06] 发送(hex): 20
[2026/09/17 21:31:06] 发送(hex): 20
[2026/09/17 21:31:06] 发送(hex): 20
[2026/09/17 21:31:06] 发送(hex): 20
[2026/09/17 21:31:06] 发送(hex): 20
[2026/09/17 21:31:06] 发送(hex): 20
[2026/09/17 21:31:06] 发送(hex): 20
[2026/09/17 21:31:06] et slot info from flash!
[2026/09/17 21:31:06] g_gpt_blk_start 0x1  g_offline_gpt 0x0 last_usable_lba 0x1cd2032 num_partition_entries 0x32
[2026/09/17 21:31:06] start 0x2e600000 clt_blk 0x1973004 ctrl size 0x20
[2026/09/17 21:31:06] choose active index 0
[2026/09/17 21:31:06] part name bootloader ative_slot _a real part name bootloader_a
[2026/09/17 21:31:06] part name hwsetting start 0x100000 size 0x33600
[2026/09/17 21:31:06] part name ext_fw start 0x133600 size 0x10400
[2026/09/17 21:31:06] part name kboot start 0x143a00 size 0x16e00
[2026/09/17 21:31:06] part name uboot start 0x15a800 size 0x120400
[2026/09/17 21:31:06] ls4 2 1 = 800040ab 8000207f 80001000
[2026/09/17 21:31:06] fNewHWsettingArch = 2
[2026/09/17 21:31:06] 1.lsadcidx = 2, brand =3, offset = 0
[2026/09/17 21:31:06] 1.lsadcidx = 2, brand =3, offset = 17800
[2026/09/17 21:31:06] hwsetting from mmc
[2026/09/17 21:31:06] AC on HW offset 0x809 start 0x800 reg 0x8090800
[2026/09/17 21:31:06] total = 2f00
[2026/09/17 21:31:06] 发送(hex): 20
[2026/09/17 21:31:06] 发送(hex): 20
[2026/09/17 21:31:06] 发送(hex): 20
[2026/09/17 21:31:06] 发送(hex): 20
[2026/09/17 21:31:06] 发送(hex): 20
[2026/09/17 21:31:06] A
[2026/09/17 21:31:06] 发送(hex): 20
[2026/09/17 21:31:06] A
[2026/09/17 21:31:06] 发送(hex): 20
[2026/09/17 21:31:06] 发送(hex): 20
[2026/09/17 21:31:06] A
[2026/09/17 21:31:06] A
[2026/09/17 21:31:06] 发送(hex): 20
[2026/09/17 21:31:06] A
[2026/09/17 21:31:06] 发送(hex): 20
[2026/09/17 21:31:06] 发送(hex): 20
[2026/09/17 21:31:06] {12 14}
[2026/09/17 21:31:06] ffeeddffeeddddr ver: 62c63180
[2026/09/17 21:31:06] ori DQS0~7 {03 04 1a 1c 00 01 00 00}
[2026/09/17 21:31:06] 发送(hex): 20
[2026/09/17 21:31:06] 发送(hex): 20
[2026/09/17 21:31:06] 发送(hex): 20
[2026/09/17 21:31:06] 发送(hex): 20
[2026/09/17 21:31:06] 发送(hex): 20
[2026/09/17 21:31:06] 发送(hex): 20
[2026/09/17 21:31:06] 发送(hex): 20
[2026/09/17 21:31:06] 发送(hex): 20
[2026/09/17 21:31:06] {01 03 19 1b 00 01 00 00} {09 08 06 09 06 06 00 00}
[2026/09/17 21:31:06] r.y.0
[2026/09/17 21:31:06] 发送(hex): 20
[2026/09/17 21:31:06] 发送(hex): 20
[2026/09/17 21:31:06] r.y.0 SCPU BISR status: Done
[2026/09/17 21:31:06] 发送(hex): 20
[2026/09/17 21:31:06] [go kb]
[2026/09/17 21:31:06] p
[2026/09/17 21:31:06] 发送(hex): 20
[2026/09/17 21:31:06] 发送(hex): 20
[2026/09/17 21:31:06] 发送(hex): 20
[2026/09/17 21:31:06] 发送(hex): 20
[2026/09/17 21:31:06] ass bootcode info to kboot
[2026/09/17 21:31:06] num=1100
[2026/09/17 21:31:06] boot_magic=7f676014
[2026/09/17 21:31:06] ---DEBUG kboot 21:41:14 Aug 28 2026 ---
[2026/09/17 21:31:06] [Kboot]eMMC(mid-15) MMC_HS50 (50000000Mhz)[8bit].
[2026/09/17 21:31:06] block info 0x1cd2032 0x3a3e000.
[2026/09/17 21:31:06] [MMC] 32 -----------> 16GB.
[2026/09/17 21:31:06] 发送(hex): 20
[2026/09/17 21:31:06] (00000000) (1) bufsize=(null)
[2026/09/17 21:31:06] 发送(hex): 20
[2026/09/17 21:31:06] 发送(hex): 20
[2026/09/17 21:31:06] 发送(hex): 20
[2026/09/17 21:31:06] uboot start 0x15a800 size 0x120400
[2026/09/17 21:31:06] 发送(hex): 20
[2026/09/17 21:31:06] 发送(hex): 20
[2026/09/17 21:31:06] board_vers
[2026/09/17 21:31:06] 发送(hex): 20
[2026/09/17 21:31:06] 发送(hex): 20
[2026/09/17 21:31:06] ion: ls1 = 0, ver: 0
[2026/09/17 21:31:06] [0;31mapp_main 325 board_version=0[0m
[2026/09/17 21:31:06] 发送(hex): 20
[2026/09/17 21:31:06] 发送(hex): 20
[2026/09/17 21:31:06] 发送(hex): 20
[2026/09/17 21:31:06] 发送(hex): 20
[2026/09/17 21:31:06] 发送(hex): 20
[2026/09/17 21:31:06] 发送(hex): 20
[2026/09/17 21:31:06] get FW_TZFW flash start 0xf100200 ddr buf start 0x180000 image size 010c2e3 ok!
[2026/09/17 21:31:06] [INFO]RPMB auth key not written !
[2026/09/17 21:31:06] [INFO]RPMB auth key not written !
[2026/09/17 21:31:06] Current board is not frist boot.
[2026/09/17 21:31:06] ALL zero, reserved_3 has removed.
[2026/09/17 21:31:06] Current board remove reserved_3 done.
[2026/09/17 21:31:06] 发送(hex): 20
[2026/09/17 21:31:06] 发送(hex): 20
[2026/09/17 21:31:06] 发送(hex): 20
[2026/09/17 21:31:06] 发送(hex): 20
[2026/09/17 21:31:06] 发送(hex): 20
[2026/09/17 21:31:06] 发送(hex): 20
[2026/09/17 21:31:06] 发送(hex): 20
[2026/09/17 21:31:06] 发送(hex): 20
[2026/09/17 21:31:06] 发送(hex): 20
[2026/09/17 21:31:06] 发送(hex): 20
[2026/09/17 21:31:06] 发送(hex): 20
[2026/09/17 21:31:06] 发送(hex): 20
[2026/09/17 21:31:06] 发送(hex): 20
[2026/09/17 21:31:06] 发送(hex): 20
[2026/09/17 21:31:06] 发送(hex): 20
[2026/09/17 21:31:06] 发送(hex): 20
[2026/09/17 21:31:06] 发送(hex): 20
[2026/09/17 21:31:06] 发送(hex): 20
[2026/09/17 21:31:06] get FW_VKERNEL flash start
[2026/09/17 21:31:06] 发送(hex): 20
[2026/09/17 21:31:06] 发送(hex): 20
[2026/09/17 21:31:06] 0xc100200 ddr buf start 0x1a900000 image size 05f0300 ok!
[2026/09/17 21:31:06] 发送(hex): 20
[2026/09/17 21:31:06] 发送(hex): 20
[2026/09/17 21:31:06] 发送(hex): 20
[2026/09/17 21:31:06] 发送(hex): 20
[2026/09/17 21:31:06] get FW_VKERNEL2 flash start 0xd900200 ddr buf start 0x1af00000 image size 0f4920 ok!
[2026/09/17 21:31:06] 发送(hex): 20
[2026/09/17 21:31:06] 发送(hex): 20
[2026/09/17 21:31:06] 发送(hex): 20
[2026/09/17 21:31:06] 发送(hex): 20
[2026/09/17 21:31:06] 发送(hex): 20
[2026/09/17 21:31:06] 发送(hex): 20
[2026/09/17 21:31:06] 发送(hex): 20
[2026/09/17 21:31:06] 发送(hex): 20
[2026/09/17 21:31:06] 发送(hex): 20
[2026/09/17 21:31:06] 发送(hex): 20
[2026/09/17 21:31:06] 发送(hex): 20
[2026/09/17 21:31:06] 发送(hex): 20
[2026/09/17 21:31:07] 发送(hex): 20
[2026/09/17 21:31:07] 发送(hex): 20
[2026/09/17 21:31:07] 发送(hex): 20
[2026/09/17 21:31:07] 发送(hex): 20
[2026/09/17 21:31:07] 发送(hex): 20
[2026/09/17 21:31:07] 发送(hex): 20
[2026/09/17 21:31:07] 发送(hex): 20
[2026/09/17 21:31:07] 发送(hex): 20
[2026/09/17 21:31:07] 发送(hex): 20
[2026/09/17 21:31:07] 发送(hex): 20
[2026/09/17 21:31:07] 发送(hex): 20
[2026/09/17 21:31:07] 发送(hex): 20
[2026/09/17 21:31:07] 发送(hex): 20
[2026/09/17 21:31:07] 发送(hex): 20
[2026/09/17 21:31:07] get FW_AKERNEL flash start 0xa900200 ddr buf start 0x1b200000 image size 07fbf7c ok!
[2026/09/17 21:31:07] 发送(hex): 20
[2026/09/17 21:31:07] 发送(hex): 20
[2026/09/17 21:31:07] 发送(hex): 20
[2026/09/17 21:31:07] 发送(hex): 20
[2026/09/17 21:31:07] 发送(hex): 20
[2026/09/17 21:31:07] 发送(hex): 20
[2026/09/17 21:31:07] 发送(hex): 20
[2026/09/17 21:31:07] 发送(hex): 20
[2026/09/17 21:31:07] 发送(hex): 20
[2026/09/17 21:31:07] 发送(hex): 20
[2026/09/17 21:31:07] 发送(hex): 20
[2026/09/17 21:31:07] ATFATFATF:0 1 NOTICE: kill CPU(2)...
[2026/09/17 21:31:07] ATF:0 1 NOTICE: kill (2) : PACTIVE:0
[2026/09/17 21:31:07] ATF:0 1 NOTICE:  CPU(2) kill done, pstate(0x0)
[2026/09/17 21:31:07] 发送(hex): 20
[2026/09/17 21:31:07] U
[2026/09/17 21:31:07] 发送(hex): 20
[2026/09/17 21:31:07] 发送(hex): 20
[2026/09/17 21:31:07] 发送(hex): 20
[2026/09/17 21:31:07] 发送(hex): 20
[2026/09/17 21:31:07] 发送(hex): 20
[2026/09/17 21:31:07] 发送(hex): 20
[2026/09/17 21:31:07] 发送(hex): 20
[2026/09/17 21:31:07] 发送(hex): 20
[2026/09/17 21:31:07] 发送(hex): 20
[2026/09/17 21:31:07] 发送(hex): 20
[2026/09/17 21:31:07] 发送(hex): 20
[2026/09/17 21:31:07] 发送(hex): 20
[2026/09/17 21:31:07] fixup_node_name 555. set /rese
[2026/09/17 21:31:07] 发送(hex): 20
[2026/09/17 21:31:07] 发送(hex): 20
[2026/09/17 21:31:07] 发送(hex): 20
[2026/09/17 21:31:07] 发送(hex): 20
[2026/09/17 21:31:07] rved-memory@5 to /reserved-memory
[2026/09/17 21:31:07] fixup_node_name 555. set /rtk_cma@5 to /rtk_cma
[2026/09/17 21:31:07] ### [1;31mERROR[0m ### get_movablecore 613. Can't find dtb node /reserved-memory/cma2_memory/reg
[2026/09/17 21:31:07] reinit_mem_info 1049  ddr_size 80000000
[2026/09/17 21:31:07] 发送(hex): 20
[2026/09/17 21:31:07] 发送(hex): 20
[2026/09/17 21:31:07] booting, boot_led_type: 0x00000000, led on[1]
[2026/09/17 21:31:07] set share register: 0x99100000
[2026/09/17 21:31:07] boot_power_on_mode=1
[2026/09/17 21:31:07] [get_layout:1264]!
[2026/09/17 21:31:07] 发送(hex): 20
[2026/09/17 21:31:07] 发送(hex): 20
[2026/09/17 21:31:07] 发送(hex): 20
[2026/09/17 21:31:07] 发送(hex): 20
[2026/09/17 21:31:07] 发送(hex): 20
[2026/09/17 21:31:07] 发送(hex): 20
[2026/09/17 21:31:07] 发送(hex): 20
[2026/09/17 21:31:07] 发送(hex): 20
[2026/09/17 21:31:07] boot_part value = 0 boot_tag value = 21
[2026/09/17 21:31:07] [get_oemkey] 1397: get oem.key = ATV00107525
[2026/09/17 21:31:07] Factory_RO: [EXT4] factory_ro_buffer:0a800000, factory_ro_buffer size:0x1000000!
[2026/09/17 21:31:07] Partiton factory_ro_a located at 0:6
[2026/09/17 21:31:07] factory_ro_a partition can not find /.000@bk@***!
[2026/09/17 21:31:07] Factory RO no need recovery!
[2026/09/17 21:31:07] Get tvconfigs_a partition block device index fail!
[2026/09/17 21:31:07] read customer.ini file fail!
[2026/09/17 21:31:07] parse SYS_INI path fail
[2026/09/17 21:31:07] Not support board ini mechansim!
[2026/09/17 21:31:07] Get tvconfigs_a partition block device index fail!
[2026/09/17 21:31:07] read customer.ini file fail!
[2026/09/17 21:31:07] parse SYS_INI path fail
[2026/09/17 21:31:07] load model ini file fail
[2026/09/17 21:31:07] cannot find PcbPath from ini file
[2026/09/17 21:31:07] no pcb.config in tvconfigs
[2026/09/17 21:31:07] no mnt/vendor/factorypcb.config
[2026/09/17 21:31:07] 发送(hex): 20
[2026/09/17 21:31:07] 发送(hex): 20
[2026/09/17 21:31:07] 发送(hex): 20
[2026/09/17 21:31:07] 发送(hex): 20
[2026/09/17 21:31:07] 发送(hex): 20
[2026/09/17 21:31:07] 发送(hex): 20
[2026/09/17 21:31:07] 发送(hex): 20
[2026/09/17 21:31:07] 发送(hex): 20
[2026/09/17 21:31:07] 发送(hex): 20
[2026/09/17 21:31:07] 发送(hex): 20
[2026/09/17 21:31:07] 发送(hex): 20
[2026/09/17 21:31:07] 发送(hex): 20
[2026/09/17 21:31:07] 发送(hex): 20
[2026/09/17 21:31:07] 发送(hex): 20
[2026/09/17 21:31:07] 发送(hex): 20
[2026/09/17 21:31:07] 发送(hex): 20
[2026/09/17 21:31:07] 发送(hex): 20
[2026/09/17 21:31:07] 发送(hex): 20
[2026/09/17 21:31:07] 发送(hex): 20
[2026/09/17 21:31:07] 发送(hex): 20
[2026/09/17 21:31:07] 发送(hex): 20
[2026/09/17 21:31:07] 发送(hex): 20
[2026/09/17 21:31:07] 发送(hex): 20
[2026/09/17 21:31:07] 发送(hex): 20
[2026/09/17 21:31:07] 发送(hex): 20
[2026/09/17 21:31:07] 发送(hex): 20
[2026/09/17 21:31:07] 发送(hex): 20
[2026/09/17 21:31:07] 发送(hex): 20
[2026/09/17 21:31:07] 发送(hex): 20
[2026/09/17 21:31:07] 发送(hex): 20
[2026/09/17 21:31:07] 发送(hex): 20
[2026/09/17 21:31:07] 发送(hex): 20
[2026/09/17 21:31:07] 发送(hex): 20
[2026/09/17 21:31:07] 发送(hex): 20
[2026/09/17 21:31:07] 发送(hex): 20
[2026/09/17 21:31:07] 发送(hex): 20
[2026/09/17 21:31:07] 发送(hex): 20
[2026/09/17 21:31:07] 发送(hex): 20
[2026/09/17 21:31:07] 发送(hex): 20
[2026/09/17 21:31:07] 发送(hex): 20
[2026/09/17 21:31:07] 发送(hex): 20
[2026/09/17 21:31:07] 发送(hex): 20
[2026/09/17 21:31:08] 发送(hex): 20
[2026/09/17 21:31:08] 发送(hex): 20
[2026/09/17 21:31:08] 发送(hex): 20
[2026/09/17 21:31:08] 发送(hex): 20
[2026/09/17 21:31:08] 发送(hex): 20
[2026/09/17 21:31:08] 发送(hex): 20
[2026/09/17 21:31:08] 发送(hex): 20
[2026/09/17 21:31:08] 发送(hex): 20
[2026/09/17 21:31:08] 发送(hex): 20
[2026/09/17 21:31:08] 发送(hex): 20
[2026/09/17 21:31:08] 发送(hex): 20
[2026/09/17 21:31:08] delay:426
[2026/09/17 21:31:08] 发送(hex): 20
[2026/09/17 21:31:08] 发送(hex): 20
[2026/09/17 21:31:08] 发送(hex): 20
[2026/09/17 21:31:08] 发送(hex): 20
[2026/09/17 21:31:08] 发送(hex): 20
[2026/09/17 21:31:08] 发送(hex): 20
[2026/09/17 21:31:08] 发送(hex): 20
[2026/09/17 21:31:08] 发送(hex): 20
[2026/09/17 21:31:08] 发送(hex): 20
[2026/09/17 21:31:08] 发送(hex): 20
[2026/09/17 21:31:08] 发送(hex): 20
[2026/09/17 21:31:08] 发送(hex): 20
[2026/09/17 21:31:08] 发送(hex): 20
[2026/09/17 21:31:08] 发送(hex): 20
[2026/09/17 21:31:08] 发送(hex): 20
[2026/09/17 21:31:08] 发送(hex): 20
[2026/09/17 21:31:08] 发送(hex): 20
[2026/09/17 21:31:08] 发送(hex): 20
[2026/09/17 21:31:08] 发送(hex): 20
[2026/09/17 21:31:08] 发送(hex): 20
[2026/09/17 21:31:08] 发送(hex): 20
[2026/09/17 21:31:08] 发送(hex): 20
[2026/09/17 21:31:08] 发送(hex): 20
[2026/09/17 21:31:08] 发送(hex): 20
[2026/09/17 21:31:08] 发送(hex): 20
[2026/09/17 21:31:08] 发送(hex): 20
[2026/09/17 21:31:08] 发送(hex): 20
[2026/09/17 21:31:08] 发送(hex): 20
[2026/09/17 21:31:08] 发送(hex): 20
[2026/09/17 21:31:08] 发送(hex): 20
[2026/09/17 21:31:08] 发送(hex): 20
[2026/09/17 21:31:08] 发送(hex): 20
[2026/09/17 21:31:08] 发送(hex): 20
[2026/09/17 21:31:08] 发送(hex): 20
[2026/09/17 21:31:08] 发送(hex): 20
[2026/09/17 21:31:08] 发送(hex): 20
[2026/09/17 21:31:08] 发送(hex): 20
[2026/09/17 21:31:08] 发送(hex): 20
[2026/09/17 21:31:08] 发送(hex): 20
[2026/09/17 21:31:08] 发送(hex): 20
[2026/09/17 21:31:08] 发送(hex): 20
[2026/09/17 21:31:08] 发送(hex): 20
[2026/09/17 21:31:08] 发送(hex): 20
[2026/09/17 21:31:08] Net:   r8168: REALTEK RTL8168 @0x18016
[2026/09/17 21:31:08] 发送(hex): 20
[2026/09/17 21:31:08] 发送(hex): 20
[2026/09/17 21:31:08] 000
[2026/09/17 21:31:08] 发送(hex): 20
[2026/09/17 21:31:08] Start Boot Setup ...
[2026/09/17 21:31:08] (powerMgr_get_wakeup_sour
[2026/09/17 21:31:08] 发送(hex): 20
[2026/09/17 21:31:08] 发送(hex): 20
[2026/09/17 21:31:08] ce)2012/05/30 19:50
[2026/09/17 21:31:08] wakeup source : AC
[2026/09/17 21:31:08] 发送(hex): 20
[2026/09/17 21:31:08] 发送(hex): 20
[2026/09/17 21:31:08] 发送(hex): 20
[2026/09/17 21:31:08] (powerMgr_get_wakeup_source)2012/05/30 19:50
[2026/09/17 21:31:08] wakeup source : AC
[2026/09/17 21:31:08] wakeup_src=0, boot_logo_enable=1, bgm_boot_type=0, POWER_ON_MODE_SILEN=0.
[2026/09/17 21:31:08] 发送(hex): 20
[2026/09/17 21:31:08] GDMA module_init finish
[2026/09/17 21:31:08] [GDMA] OSD size[3
[2026/09/17 21:31:08] 发送(hex): 20
[2026/09/17 21:31:08] 发送(hex): 20
[2026/09/17 21:31:08] 840,2160]
[2026/09/17 21:31:08] [GDMA] gdma_showlogo gdma show logo 2629
[2026/09/17 21:31:08] Net:   r8168: REALTEK RTL8168 @0x18016000
[2026/09/17 21:31:08] 发送(hex): 20
[2026/09/17 21:31:08] 发送(hex): 20
[2026/09/17 21:31:08] ## Android Veri
[2026/09/17 21:31:08] 发送(hex): 20
[2026/09/17 21:31:08] fied Boot 2.0 version 1.1.0
[2026/09/17 21:31:08] 发送(hex): 20
[2026/09/17 21:31:08] 发送(hex): 20
[2026/09/17 21:31:08] 发送(hex): 20
[2026/09/17 21:31:08] 发送(hex): 20
[2026/09/17 21:31:08] 发送(hex): 20
[2026/09/17 21:31:08] 发送(hex): 20
[2026/09/17 21:31:08] 发送(hex): 20
[2026/09/17 21:31:08] 发送(hex): 20
[2026/09/17 21:31:08] 发送(hex): 20
[2026/09/17 21:31:08] 发送(hex): 20
[2026/09/17 21:31:08] 发送(hex): 20
[2026/09/17 21:31:08] 发送(hex): 20
[2026/09/17 21:31:08] 发送(hex): 20
[2026/09/17 21:31:08] 发送(hex): 20
[2026/09/17 21:31:08] 发送(hex): 20
[2026/09/17 21:31:08] 发送(hex): 20
[2026/09/17 21:31:08] 发送(hex): 20
[2026/09/17 21:31:08] 发送(hex): 20
[2026/09/17 21:31:08] 发送(hex): 20
[2026/09/17 21:31:08] 发送(hex): 20
[2026/09/17 21:31:08] 发送(hex): 20
[2026/09/17 21:31:08] 发送(hex): 20
[2026/09/17 21:31:08] 发送(hex): 20
[2026/09/17 21:31:08] 发送(hex): 20
[2026/09/17 21:31:08] 发送(hex): 20
[2026/09/17 21:31:08] 发送(hex): 20
[2026/09/17 21:31:09] 发送(hex): 20
[2026/09/17 21:31:09] 发送(hex): 20
[2026/09/17 21:31:09] 发送(hex): 20
[2026/09/17 21:31:09] 发送(hex): 20
[2026/09/17 21:31:09] 发送(hex): 20
[2026/09/17 21:31:09] 发送(hex): 20
[2026/09/17 21:31:09] 发送(hex): 20
[2026/09/17 21:31:09] 发送(hex): 20
[2026/09/17 21:31:09] 发送(hex): 20
[2026/09/17 21:31:09] 发送(hex): 20
[2026/09/17 21:31:09] 发送(hex): 20
[2026/09/17 21:31:09] 发送(hex): 20
[2026/09/17 21:31:09] 发送(hex): 20
[2026/09/17 21:31:09] 发送(hex): 20
[2026/09/17 21:31:09] 发送(hex): 20
[2026/09/17 21:31:09] 发送(hex): 20
[2026/09/17 21:31:09] 发送(hex): 20
[2026/09/17 21:31:09] 发送(hex): 20
[2026/09/17 21:31:09] 发送(hex): 20
[2026/09/17 21:31:09] 发送(hex): 20
[2026/09/17 21:31:09] 发送(hex): 20
[2026/09/17 21:31:09] 发送(hex): 20
[2026/09/17 21:31:09] Verification passed successfully
[2026/09/17 21:31:09] [Skip A] boot manual mode
[2026/09/17 21:31:09] [Skip V] boot manual mode
[2026/09/17 21:31:09] is_avb_verify_hash_partition 164 find avb verify part_name boot img_buf 0x66400000 size 0x307a000
[2026/09/17 21:31:09] boot header version : 4
[2026/09/17 21:31:09] is_avb_verify_hash_partition 164 find avb verify part_name vendor_boot img_buf 0x6bc00000 size 0x10a3000
[2026/09/17 21:31:09] get_partition_content_by_name 11954 get gpt_name init_boot_a err,try part name init_boot!
[2026/09/17 21:31:09] get_partition_content_by_name 11956 get part name init_boot err!
[2026/09/17 21:31:09] 发送(hex): 20
[2026/09/17 21:31:09] 发送(hex): 20
[2026/09/17 21:31:09] 发送(hex): 20
[2026/09/17 21:31:09] 发送(hex): 20
[2026/09/17 21:31:09] 发送(hex): 20
[2026/09/17 21:31:09] 发送(hex): 20
[2026/09/17 21:31:09] 发送(hex): 20
[2026/09/17 21:31:09] get_merge_ramdisk 11932 cur_ramdisk_size 0xf3096 real_cur_ramdisk_size 0xf3096
[2026/09/17 21:31:09] get_merge_ramdisk 11932 cur_ramdisk_size 0x2019e5 real_cur_ramdisk_size 0x2019e5
[2026/09/17 21:31:09] is_avb_verify_hash_partition 164 find avb verify part_name dtbo img_buf 0x6fc00000 size 0x1186
[2026/09/17 21:31:09] Net:   r8168: REALTEK RTL8168 @0x18016000
[2026/09/17 21:31:09] 发送(hex): 20
[2026/09/17 21:31:09] 发送(hex): 20
[2026/09/17 21:31:09] 发送(hex): 20
[2026/09/17 21:31:09] 发送(hex): 20
[2026/09/17 21:31:09] [Skip K] boot manual mode (execute "go all")
[2026/09/17 21:31:09] Enter console mode, disable watchdog ...
[2026/09/17 21:31:09] Realtek>
[2026/09/17 21:31:09] 发送(hex): 20
[2026/09/17 21:31:09] 发送(hex): 20
[2026/09/17 21:31:09] 发送(hex): 20
[2026/09/17 21:31:09] 发送(hex): 20
[2026/09/17 21:31:09] 发送(hex): 20
[2026/09/17 21:31:09] 发送(hex): 20
[2026/09/17 21:31:09] 发送(hex): 20
[2026/09/17 21:31:09] 发送(hex): 20
[2026/09/17 21:31:09] 发送(hex): 20
[2026/09/17 21:31:09] 发送(hex): 20
[2026/09/17 21:31:09] 发送(hex): 20
[2026/09/17 21:31:09] 发送(hex): 20
[2026/09/17 21:31:09] 发送(hex): 20
[2026/09/17 21:31:09] 发送(hex): 20
[2026/09/17 21:31:09] 发送(hex): 20
[2026/09/17 21:31:09] 发送(hex): 20
[2026/09/17 21:31:09] 发送(hex): 20
[2026/09/17 21:31:09] 发送(hex): 20
[2026/09/17 21:31:09] 发送(hex): 20
[2026/09/17 21:31:09] 发送(hex): 20
[2026/09/17 21:31:09] 发送(hex): 20
[2026/09/17 21:31:09] 发送(hex): 20
[2026/09/17 21:31:09] 发送(hex): 20
[2026/09/17 21:31:09] 发送(hex): 20
[2026/09/17 21:31:09] 发送(hex): 20
[2026/09/17 21:31:09] 发送(hex): 20
[2026/09/17 21:31:09] 发送(hex): 20
[2026/09/17 21:31:09] 发送(hex): 20
[2026/09/17 21:31:09] 发送(hex): 20
[2026/09/17 21:31:09] 发送(hex): 20
[2026/09/17 21:31:09] 发送(hex): 20
[2026/09/17 21:31:09] 发送(hex): 20
[2026/09/17 21:31:09] 发送(hex): 20
[2026/09/17 21:31:09] 发送(hex): 20
[2026/09/17 21:31:09] 发送(hex): 20
[2026/09/17 21:31:09] 发送(hex): 20
[2026/09/17 21:31:09] 发送(hex): 20
[2026/09/17 21:31:09] 发送(hex): 20
[2026/09/17 21:31:09] 发送(hex): 20
[2026/09/17 21:31:09] 发送(hex): 20
[2026/09/17 21:31:09] 发送(hex): 20
[2026/09/17 21:31:09] 发送(hex): 20
[2026/09/17 21:31:09] 发送(hex): 20
[2026/09/17 21:31:09] 发送(hex): 20
[2026/09/17 21:31:09] 发送(hex): 20
[2026/09/17 21:31:09] 发送(hex): 20
[2026/09/17 21:31:09] 发送(hex): 20
[2026/09/17 21:31:09] 发送(hex): 20
[2026/09/17 21:31:09] 发送(hex): 20
[2026/09/17 21:31:09] 发送(hex): 20
[2026/09/17 21:31:09] 发送(hex): 20
[2026/09/17 21:31:09] 发送(hex): 20
[2026/09/17 21:31:09] 发送(hex): 20
[2026/09/17 21:31:09] 发送(hex): 20
[2026/09/17 21:31:09] 发送(hex): 20
[2026/09/17 21:31:09] 发送(hex): 20
[2026/09/17 21:31:09] 发送(hex): 20
[2026/09/17 21:31:09] 发送(hex): 20
[2026/09/17 21:31:09] 发送(hex): 20
[2026/09/17 21:31:09] 发送(hex): 20
[2026/09/17 21:31:10] 发送(hex): 20
[2026/09/17 21:31:10] 发送(hex): 20
[2026/09/17 21:31:10] 发送(hex): 20
[2026/09/17 21:31:10] 发送(hex): 20
[2026/09/17 21:31:10] 发送(hex): 20
[2026/09/17 21:31:10] 发送(hex): 20
[2026/09/17 21:31:10] 发送(hex): 20
[2026/09/17 21:31:10] 发送(hex): 20
[2026/09/17 21:31:10] 发送(hex): 20
[2026/09/17 21:31:10] 发送(hex): 20
[2026/09/17 21:31:10] 发送(hex): 20
[2026/09/17 21:31:10] 发送(hex): 20
[2026/09/17 21:31:10] 发送(hex): 20
[2026/09/17 21:31:10] 发送(hex): 20
[2026/09/17 21:31:10] 发送(hex): 20
[2026/09/17 21:31:10] 发送(hex): 20
[2026/09/17 21:31:10] 发送(hex): 20
[2026/09/17 21:31:10] 发送(hex): 20
[2026/09/17 21:31:10] 发送(hex): 20
[2026/09/17 21:31:10] 发送(hex): 20
[2026/09/17 21:31:10] 发送(hex): 20
[2026/09/17 21:31:10] 发送(hex): 20
[2026/09/17 21:31:10] 发送(hex): 20
[2026/09/17 21:31:10] 发送(hex): 20
[2026/09/17 21:31:10] 发送(hex): 20
[2026/09/17 21:31:10] 发送(hex): 20
[2026/09/17 21:31:10] 发送(hex): 20
[2026/09/17 21:31:10] 发送(hex): 20
[2026/09/17 21:31:10] 发送(hex): 20
[2026/09/17 21:31:10] 发送(hex): 20
[2026/09/17 21:31:10] 发送(hex): 20
[2026/09/17 21:31:10] 发送(hex): 20
[2026/09/17 21:31:10] 发送(hex): 20
[2026/09/17 21:31:10] 发送(hex): 20
[2026/09/17 21:31:10] 发送(hex): 20
[2026/09/17 21:31:10] 发送(hex): 20
[2026/09/17 21:31:10] 发送(hex): 20
[2026/09/17 21:31:10] 发送(hex): 20
[2026/09/17 21:31:10] 发送(hex): 20
[2026/09/17 21:31:10] 发送(hex): 20
[2026/09/17 21:31:10] 发送(hex): 20
[2026/09/17 21:31:10] 发送(hex): 20
[2026/09/17 21:31:10] 发送(hex): 20
[2026/09/17 21:31:10] 发送(hex): 20
[2026/09/17 21:31:10] 发送(hex): 20
[2026/09/17 21:31:10] 发送(hex): 20
[2026/09/17 21:31:10] 发送(hex): 20
[2026/09/17 21:31:10] 发送(hex): 20
[2026/09/17 21:31:10] 发送(hex): 20
[2026/09/17 21:31:10] 发送(hex): 20
[2026/09/17 21:31:10] 发送(hex): 20
[2026/09/17 21:31:10] 发送(hex): 20
[2026/09/17 21:31:10] 发送(hex): 20
[2026/09/17 21:31:10] 发送(hex): 20
[2026/09/17 21:31:10] 发送(hex): 20
[2026/09/17 21:31:10] 发送(hex): 20
[2026/09/17 21:31:10] 发送(hex): 20
[2026/09/17 21:31:10] 发送(hex): 20
[2026/09/17 21:31:10] 发送(hex): 20
[2026/09/17 21:31:10] 发送(hex): 20
[2026/09/17 21:31:10] 发送(hex): 20
[2026/09/17 21:31:10] 发送(hex): 20
[2026/09/17 21:31:10] 发送(hex): 20
[2026/09/17 21:31:10] 发送(hex): 20
[2026/09/17 21:31:10] 发送(hex): 20
[2026/09/17 21:31:10] 发送(hex): 20
[2026/09/17 21:31:10] 发送(hex): 20
[2026/09/17 21:31:10] 发送(hex): 20
[2026/09/17 21:31:10] 发送(hex): 20
[2026/09/17 21:31:10] 发送(hex): 20
[2026/09/17 21:31:10] 发送(hex): 20
[2026/09/17 21:31:10] 发送(hex): 20
[2026/09/17 21:31:10] 发送(hex): 20
[2026/09/17 21:31:10] 发送(hex): 20
[2026/09/17 21:31:10] 发送(hex): 20
[2026/09/17 21:31:10] 发送(hex): 20
[2026/09/17 21:31:10] 发送(hex): 20
[2026/09/17 21:31:10] 发送(hex): 20
[2026/09/17 21:31:10] 发送(hex): 20
[2026/09/17 21:31:10] 发送(hex): 20
[2026/09/17 21:31:10] 发送(hex): 20
[2026/09/17 21:31:10] 发送(hex): 20
[2026/09/17 21:31:10] 发送(hex): 20
[2026/09/17 21:31:10] 发送(hex): 20
[2026/09/17 21:31:10] 发送(hex): 20
[2026/09/17 21:31:10] 发送(hex): 20
[2026/09/17 21:31:10] 发送(hex): 20
[2026/09/17 21:31:10] 发送(hex): 20
[2026/09/17 21:31:10] 发送(hex): 20
[2026/09/17 21:31:10] 发送(hex): 20
[2026/09/17 21:31:10] 发送(hex): 20
[2026/09/17 21:31:10] 发送(hex): 20
[2026/09/17 21:31:10] 发送(hex): 20
[2026/09/17 21:31:10] 发送(hex): 20
[2026/09/17 21:31:11] 发送(hex): 20
[2026/09/17 21:31:11] 发送(hex): 20
[2026/09/17 21:31:11] 发送(hex): 20
[2026/09/17 21:31:11] 发送(hex): 20
[2026/09/17 21:31:11] 发送(hex): 20
[2026/09/17 21:31:11] 发送(hex): 20
[2026/09/17 21:31:11] 发送(hex): 20
[2026/09/17 21:31:11] 发送(hex): 20
[2026/09/17 21:31:11] 发送(hex): 20
[2026/09/17 21:31:11] 发送(hex): 20
[2026/09/17 21:31:11] 发送(hex): 20
[2026/09/17 21:31:11] 发送(hex): 20
[2026/09/17 21:31:11] 发送(hex): 20
[2026/09/17 21:31:11] 发送(hex): 20
[2026/09/17 21:31:11] 发送(hex): 20
[2026/09/17 21:31:11] 发送(hex): 20
[2026/09/17 21:31:11] 发送(hex): 20
[2026/09/17 21:31:11] 发送(hex): 20
[2026/09/17 21:31:11] 发送(hex): 20
[2026/09/17 21:31:11] 发送(hex): 20
[2026/09/17 21:31:11] 发送(hex): 20
[2026/09/17 21:31:11] 发送(hex): 20
[2026/09/17 21:31:11] 发送(hex): 20
[2026/09/17 21:31:11] 发送(hex): 20
[2026/09/17 21:31:11] 发送(hex): 20
[2026/09/17 21:31:11] 发送(hex): 20
[2026/09/17 21:31:11] 发送(hex): 20
[2026/09/17 21:31:11] 发送(hex): 20
[2026/09/17 21:31:11] 发送(hex): 20
[2026/09/17 21:31:11] 发送(hex): 20
[2026/09/17 21:31:11] 发送(hex): 20
[2026/09/17 21:31:11] 发送(hex): 20
[2026/09/17 21:31:11] 发送(hex): 20
[2026/09/17 21:31:11] 发送(hex): 20
[2026/09/17 21:31:11] 发送(hex): 20
[2026/09/17 21:31:11] 发送(hex): 20
[2026/09/17 21:31:11] 发送(hex): 20
[2026/09/17 21:31:11] 发送(hex): 20
[2026/09/17 21:31:11] 发送(hex): 20
[2026/09/17 21:31:11] 发送(hex): 20
[2026/09/17 21:31:11] 发送(hex): 20
[2026/09/17 21:31:11] 发送(hex): 20
[2026/09/17 21:31:11] 发送(hex): 20
[2026/09/17 21:31:11] 发送(hex): 20
[2026/09/17 21:31:11] 发送(hex): 20
[2026/09/17 21:31:11] 发送(hex): 20
[2026/09/17 21:31:11] 发送(hex): 20
[2026/09/17 21:31:11] 发送(hex): 20
[2026/09/17 21:31:11] 发送(hex): 20
[2026/09/17 21:31:11] 发送(hex): 20
[2026/09/17 21:31:11] 发送(hex): 20
[2026/09/17 21:31:11] 发送(hex): 20
[2026/09/17 21:31:11] 发送(hex): 20
[2026/09/17 21:31:11] 发送(hex): 20
[2026/09/17 21:31:11] 发送(hex): 20
[2026/09/17 21:31:11] 发送(hex): 20
[2026/09/17 21:31:11] 发送(hex): 20
[2026/09/17 21:31:11] 发送(hex): 20
[2026/09/17 21:31:11] 发送(hex): 20
[2026/09/17 21:31:11] 发送(hex): 20
[2026/09/17 21:31:11] 发送(hex): 20
[2026/09/17 21:31:11] 发送(hex): 20
[2026/09/17 21:31:11] 发送(hex): 20
[2026/09/17 21:31:11] 发送(hex): 20
[2026/09/17 21:31:11] 发送(hex): 20
[2026/09/17 21:31:11] 发送(hex): 20
[2026/09/17 21:31:11] 发送(hex): 20
[2026/09/17 21:31:11] 发送(hex): 20
[2026/09/17 21:31:11] 发送(hex): 20
[2026/09/17 21:31:11] 发送(hex): 20
[2026/09/17 21:31:11] 发送(hex): 20
[2026/09/17 21:31:11] 发送(hex): 20
[2026/09/17 21:31:11] 发送(hex): 20
[2026/09/17 21:31:11] 发送(hex): 20
[2026/09/17 21:31:11] 发送(hex): 20
[2026/09/17 21:31:11] 发送(hex): 20
[2026/09/17 21:31:11] 发送(hex): 20
[2026/09/17 21:31:11] 发送(hex): 20
[2026/09/17 21:31:11] 发送(hex): 20
[2026/09/17 21:31:11] 发送(hex): 20
[2026/09/17 21:31:11] 发送(hex): 20
[2026/09/17 21:31:11] 发送(hex): 20
[2026/09/17 21:31:11] 发送(hex): 20
[2026/09/17 21:31:11] 发送(hex): 20
[2026/09/17 21:31:11] 发送(hex): 20
[2026/09/17 21:31:11] 发送(hex): 20
[2026/09/17 21:31:11] 发送(hex): 20
[2026/09/17 21:31:11] 发送(hex): 20
[2026/09/17 21:31:11] 发送(hex): 20
[2026/09/17 21:31:11] 发送(hex): 20
[2026/09/17 21:31:11] 发送(hex): 20
[2026/09/17 21:31:11] 发送(hex): 20
[2026/09/17 21:31:11] 发送(hex): 20
[2026/09/17 21:31:11] 发送(hex): 20
[2026/09/17 21:31:12] 发送(hex): 20
[2026/09/17 21:31:12] 发送(hex): 20
[2026/09/17 21:31:12] 发送(hex): 20
[2026/09/17 21:31:12] 发送(hex): 20
[2026/09/17 21:31:12] 发送(hex): 20
[2026/09/17 21:31:12] 发送(hex): 20
[2026/09/17 21:31:12] 发送(hex): 20
[2026/09/17 21:31:12] 发送(hex): 20
[2026/09/17 21:31:12] 发送(hex): 20
[2026/09/17 21:31:12] 发送(hex): 20
[2026/09/17 21:31:12] 发送(hex): 20
[2026/09/17 21:31:12] 发送(hex): 20
[2026/09/17 21:31:12] 发送(hex): 20
[2026/09/17 21:31:12] 发送(hex): 20
[2026/09/17 21:31:12] 发送(hex): 20
[2026/09/17 21:31:12] 发送(hex): 20
[2026/09/17 21:31:12] 发送(hex): 20
[2026/09/17 21:31:12] 发送(hex): 20
[2026/09/17 21:31:12] 发送(hex): 20
[2026/09/17 21:31:12] 发送(hex): 20
[2026/09/17 21:31:12] 发送(hex): 20
[2026/09/17 21:31:12] 发送(hex): 20
[2026/09/17 21:31:12] 发送(hex): 20
[2026/09/17 21:31:12] 发送(hex): 20
[2026/09/17 21:31:12] 发送(hex): 20
[2026/09/17 21:31:12] 发送(hex): 20
[2026/09/17 21:31:12] 发送(hex): 20
[2026/09/17 21:31:12] 发送(hex): 20
[2026/09/17 21:31:12] 发送(hex): 20
[2026/09/17 21:31:12] 发送(hex): 20
[2026/09/17 21:31:12] 发送(hex): 20
[2026/09/17 21:31:12] 发送(hex): 20
[2026/09/17 21:31:12] 发送(hex): 20
[2026/09/17 21:31:12] 发送(hex): 20
[2026/09/17 21:31:12] 发送(hex): 20
[2026/09/17 21:31:12] 发送(hex): 20
[2026/09/17 21:31:12] 发送(hex): 20
[2026/09/17 21:31:12] 发送(hex): 20
[2026/09/17 21:31:12] 发送(hex): 20
[2026/09/17 21:31:12] 发送(hex): 20
[2026/09/17 21:31:12] 发送(hex): 20
[2026/09/17 21:31:12] 发送(hex): 20
[2026/09/17 21:31:12] 发送(hex): 20
[2026/09/17 21:31:12] 发送(hex): 20
[2026/09/17 21:31:12] 发送(hex): 20
[2026/09/17 21:31:12] 发送(hex): 20
[2026/09/17 21:31:12] 发送(hex): 20
[2026/09/17 21:31:12] 发送(hex): 20
[2026/09/17 21:31:12] 发送(hex): 20
[2026/09/17 21:31:12] 发送(hex): 20
[2026/09/17 21:31:12] 发送(hex): 20
[2026/09/17 21:31:12] 发送(hex): 20
[2026/09/17 21:31:12] 发送(hex): 20
[2026/09/17 21:31:12] 发送(hex): 20
[2026/09/17 21:31:12] 发送(hex): 20
[2026/09/17 21:31:12] 发送(hex): 20
[2026/09/17 21:31:12] 发送(hex): 20
[2026/09/17 21:31:12] 发送(hex): 20
[2026/09/17 21:31:12] 发送(hex): 20
[2026/09/17 21:31:12] 发送(hex): 20
[2026/09/17 21:31:12] 发送(hex): 20
[2026/09/17 21:31:12] 发送(hex): 20
[2026/09/17 21:31:12] 发送(hex): 20
[2026/09/17 21:31:12] 发送(hex): 20
[2026/09/17 21:31:12] 发送(hex): 20
[2026/09/17 21:31:12] 发送(hex): 20
[2026/09/17 21:31:12] 发送(hex): 20
[2026/09/17 21:31:12] 发送(hex): 20
[2026/09/17 21:31:12] 发送(hex): 20
[2026/09/17 21:31:12] 发送(hex): 20
[2026/09/17 21:31:12] 发送(hex): 20
[2026/09/17 21:31:12] 发送(hex): 20
[2026/09/17 21:31:12] 发送(hex): 20
[2026/09/17 21:31:12] 发送(hex): 20
[2026/09/17 21:31:12] 发送(hex): 20
[2026/09/17 21:31:12] 发送(hex): 20
[2026/09/17 21:31:12] 发送(hex): 20
[2026/09/17 21:31:12] 发送(hex): 20
[2026/09/17 21:31:12] 发送(hex): 20
[2026/09/17 21:31:12] 发送(hex): 20
[2026/09/17 21:31:12] 发送(hex): 20
[2026/09/17 21:31:12] 发送(hex): 20
[2026/09/17 21:31:12] 发送(hex): 20
[2026/09/17 21:31:12] 发送(hex): 20
[2026/09/17 21:31:12] 发送(hex): 20
[2026/09/17 21:31:12] 发送(hex): 20
[2026/09/17 21:31:12] 发送(hex): 20
[2026/09/17 21:31:12] 发送(hex): 20
[2026/09/17 21:31:12] 发送(hex): 20
[2026/09/17 21:31:12] 发送(hex): 20
[2026/09/17 21:31:12] 发送(hex): 20
[2026/09/17 21:31:12] 发送(hex): 20
[2026/09/17 21:31:12] 发送(hex): 20
[2026/09/17 21:31:12] 发送(hex): 20
[2026/09/17 21:31:13] 发送(hex): 20
[2026/09/17 21:31:13] 发送(hex): 20
[2026/09/17 21:31:13] 发送(hex): 20
[2026/09/17 21:31:13] 发送(hex): 20
[2026/09/17 21:31:13] 发送(hex): 20
[2026/09/17 21:31:13] 发送(hex): 20
[2026/09/17 21:31:13] 发送(hex): 20
[2026/09/17 21:31:13] 发送(hex): 20
[2026/09/17 21:31:13] 发送(hex): 20
[2026/09/17 21:31:13] 发送(hex): 20
[2026/09/17 21:31:13] 发送(hex): 20
[2026/09/17 21:31:13] 发送(hex): 20
[2026/09/17 21:31:13] 发送(hex): 20
[2026/09/17 21:31:13] 发送(hex): 20
[2026/09/17 21:31:13] 发送(hex): 20
[2026/09/17 21:31:13] 发送(hex): 20
[2026/09/17 21:31:13] 发送(hex): 20
[2026/09/17 21:31:13] 发送(hex): 20
[2026/09/17 21:31:13] 发送(hex): 20
[2026/09/17 21:31:13] 发送(hex): 20
[2026/09/17 21:31:13] 发送(hex): 20
[2026/09/17 21:31:13] 发送(hex): 20
[2026/09/17 21:31:13] 发送(hex): 20
[2026/09/17 21:31:13] 发送(hex): 20
[2026/09/17 21:31:13] 发送(hex): 20
[2026/09/17 21:31:13] 发送(hex): 20
[2026/09/17 21:31:13] 发送(hex): 20
[2026/09/17 21:31:13] 发送(hex): 20
[2026/09/17 21:31:13] 发送(hex): 20
[2026/09/17 21:31:13] 发送(hex): 20
[2026/09/17 21:31:13] 发送(hex): 20
[2026/09/17 21:31:13] 发送(hex): 20
[2026/09/17 21:31:13] 发送(hex): 20
[2026/09/17 21:31:13] 发送(hex): 20
[2026/09/17 21:31:13] 发送(hex): 20
[2026/09/17 21:31:13] 发送(hex): 20
[2026/09/17 21:31:13] 发送(hex): 20
[2026/09/17 21:31:13] 发送(hex): 20
[2026/09/17 21:31:13] 发送(hex): 20
[2026/09/17 21:31:13] 发送(hex): 20
[2026/09/17 21:31:13] 发送(hex): 20
[2026/09/17 21:31:13] 发送(hex): 20
[2026/09/17 21:31:13] 发送(hex): 20
[2026/09/17 21:31:13] 发送(hex): 20
[2026/09/17 21:31:13] 发送(hex): 20
[2026/09/17 21:31:13] 发送(hex): 20
[2026/09/17 21:31:13] 发送(hex): 20
[2026/09/17 21:31:13] 发送(hex): 20
[2026/09/17 21:31:13] 发送(hex): 20
[2026/09/17 21:31:13] 发送(hex): 20
[2026/09/17 21:31:13] 发送(hex): 20
[2026/09/17 21:31:13] 发送(hex): 20
[2026/09/17 21:31:13] 发送(hex): 20
[2026/09/17 21:31:13] 发送(hex): 20
[2026/09/17 21:31:13] 发送(hex): 20
[2026/09/17 21:31:13] 发送(hex): 20
[2026/09/17 21:31:13] 发送(hex): 20
[2026/09/17 21:31:13] 发送(hex): 20
[2026/09/17 21:31:13] 发送(hex): 20
[2026/09/17 21:31:13] 发送(hex): 20
[2026/09/17 21:31:13] 发送(hex): 20
[2026/09/17 21:31:13] 发送(hex): 20
[2026/09/17 21:31:13] 发送(hex): 20
[2026/09/17 21:31:13] 发送(hex): 20
[2026/09/17 21:31:13] 发送(hex): 20
[2026/09/17 21:31:13] 发送(hex): 20
[2026/09/17 21:31:13] 发送(hex): 20
[2026/09/17 21:31:13] 发送(hex): 20
[2026/09/17 21:31:13] 发送(hex): 20
[2026/09/17 21:31:13] 发送(hex): 20
[2026/09/17 21:31:13] 发送(hex): 20
[2026/09/17 21:31:13] 发送(hex): 20
[2026/09/17 21:31:13] 发送(hex): 20
[2026/09/17 21:31:13] 发送(hex): 20
[2026/09/17 21:31:13] 发送(hex): 20
[2026/09/17 21:31:13] 发送(hex): 20
[2026/09/17 21:31:13] 发送(hex): 20
[2026/09/17 21:31:13] 发送(hex): 20
[2026/09/17 21:31:13] 发送(hex): 20
[2026/09/17 21:31:13] 发送(hex): 20
[2026/09/17 21:31:13] 发送(hex): 20
[2026/09/17 21:31:13] 发送(hex): 20
[2026/09/17 21:31:13] 发送(hex): 20
[2026/09/17 21:31:13] 发送(hex): 20
[2026/09/17 21:31:13] 发送(hex): 20
[2026/09/17 21:31:13] 发送(hex): 20
[2026/09/17 21:31:13] 发送(hex): 20
[2026/09/17 21:31:13] 发送(hex): 20
[2026/09/17 21:31:13] 发送(hex): 20
[2026/09/17 21:31:13] 发送(hex): 20
[2026/09/17 21:31:13] 发送(hex): 20
[2026/09/17 21:31:13] 发送(hex): 20
[2026/09/17 21:31:13] 发送(hex): 20
[2026/09/17 21:31:14] 发送(hex): 20
[2026/09/17 21:31:14] 发送(hex): 20
[2026/09/17 21:31:14] 发送(hex): 20
[2026/09/17 21:31:14] 发送(hex): 20
[2026/09/17 21:31:14] 发送(hex): 20
[2026/09/17 21:31:14] 发送(hex): 20
[2026/09/17 21:31:14] 发送(hex): 20
[2026/09/17 21:31:14] 发送(hex): 20
[2026/09/17 21:31:14] 发送(hex): 20
[2026/09/17 21:31:14] 发送(hex): 20
[2026/09/17 21:31:14] 发送(hex): 20
[2026/09/17 21:31:14] 发送(hex): 20
[2026/09/17 21:31:14] 发送(hex): 20
[2026/09/17 21:31:14] 发送(hex): 20
[2026/09/17 21:31:14] 发送(hex): 20
[2026/09/17 21:31:14] 发送(hex): 20
[2026/09/17 21:31:14] 发送(hex): 20
[2026/09/17 21:31:14] 发送(hex): 20
[2026/09/17 21:31:14] 发送(hex): 20
[2026/09/17 21:31:14] 发送(hex): 20
[2026/09/17 21:31:14] 发送(hex): 20
[2026/09/17 21:31:14] 发送(hex): 20
[2026/09/17 21:31:14] 发送(hex): 20
[2026/09/17 21:31:14] 发送(hex): 20
[2026/09/17 21:31:14] 发送(hex): 20
[2026/09/17 21:31:14] 发送(hex): 20
[2026/09/17 21:31:14] 发送(hex): 20
[2026/09/17 21:31:14] 发送(hex): 20
[2026/09/17 21:31:14] 发送(hex): 20
[2026/09/17 21:31:14] 发送(hex): 20
[2026/09/17 21:31:14] 发送(hex): 20
[2026/09/17 21:31:14] 发送(hex): 20
[2026/09/17 21:31:14] 发送(hex): 20
[2026/09/17 21:31:14] 发送(hex): 20
[2026/09/17 21:31:14] 发送(hex): 20
[2026/09/17 21:31:14] 发送(hex): 20
[2026/09/17 21:31:14] 发送(hex): 20
[2026/09/17 21:31:14] 发送(hex): 20
[2026/09/17 21:31:14] 发送(hex): 20
[2026/09/17 21:31:14] 发送(hex): 20
[2026/09/17 21:31:14] 发送(hex): 20
[2026/09/17 21:31:14] 发送(hex): 20
[2026/09/17 21:31:14] 发送(hex): 20
[2026/09/17 21:31:14] 发送(hex): 20
[2026/09/17 21:31:14] 发送(hex): 20
[2026/09/17 21:31:14] 发送(hex): 20
[2026/09/17 21:31:14] 发送(hex): 20
[2026/09/17 21:31:14] 发送(hex): 20
[2026/09/17 21:31:14] 发送(hex): 20
[2026/09/17 21:31:14] 发送(hex): 20
[2026/09/17 21:31:14] 发送(hex): 20
[2026/09/17 21:31:14] 发送(hex): 20
[2026/09/17 21:31:14] 发送(hex): 20
[2026/09/17 21:31:14] 发送(hex): 20
[2026/09/17 21:31:14] 发送(hex): 20
[2026/09/17 21:31:14] 发送(hex): 20
[2026/09/17 21:31:14] 发送(hex): 20
[2026/09/17 21:31:14] 发送(hex): 20
[2026/09/17 21:31:14] 发送(hex): 20
[2026/09/17 21:31:14] 发送(hex): 20
[2026/09/17 21:31:14] 发送(hex): 20
[2026/09/17 21:31:14] 发送(hex): 20
[2026/09/17 21:31:14] 发送(hex): 20
[2026/09/17 21:31:14] 发送(hex): 20
[2026/09/17 21:31:14] 发送(hex): 20
[2026/09/17 21:31:14] 发送(hex): 20
[2026/09/17 21:31:14] 发送(hex): 20
[2026/09/17 21:31:14] 发送(hex): 20
[2026/09/17 21:31:14] 发送(hex): 20
[2026/09/17 21:31:14] 发送(hex): 20
[2026/09/17 21:31:14] 发送(hex): 20
[2026/09/17 21:31:14] 发送(hex): 20
[2026/09/17 21:31:14] 发送(hex): 20
[2026/09/17 21:31:14] 发送(hex): 20
[2026/09/17 21:31:14] 发送(hex): 20
[2026/09/17 21:31:14] 发送(hex): 20
[2026/09/17 21:31:14] 发送(hex): 20
[2026/09/17 21:31:14] 发送(hex): 20
[2026/09/17 21:31:14] 发送(hex): 20
[2026/09/17 21:31:14] 发送(hex): 20
[2026/09/17 21:31:14] 发送(hex): 20
[2026/09/17 21:31:14] 发送(hex): 20
[2026/09/17 21:31:14] 发送(hex): 20
[2026/09/17 21:31:14] 发送(hex): 20
[2026/09/17 21:31:14] 发送(hex): 20
[2026/09/17 21:31:14] 发送(hex): 20
[2026/09/17 21:31:14] 发送(hex): 20
[2026/09/17 21:31:14] 发送(hex): 20
[2026/09/17 21:31:14] 发送(hex): 20
[2026/09/17 21:31:14] 发送(hex): 20
[2026/09/17 21:31:14] 发送(hex): 20
[2026/09/17 21:31:14] 发送(hex): 20
[2026/09/17 21:31:14] 发送(hex): 20
[2026/09/17 21:31:14] 发送(hex): 20
[2026/09/17 21:31:15] 发送(hex): 20
[2026/09/17 21:31:15] 发送(hex): 20
[2026/09/17 21:31:15] 发送(hex): 20
[2026/09/17 21:31:15] 发送(hex): 20
[2026/09/17 21:31:15] 发送(hex): 20
[2026/09/17 21:31:15] 发送(hex): 20
[2026/09/17 21:31:15] 发送(hex): 20
[2026/09/17 21:31:15] 发送(hex): 20
[2026/09/17 21:31:15] 发送(hex): 20
[2026/09/17 21:31:15] 发送(hex): 20
[2026/09/17 21:31:15] 发送(hex): 20
[2026/09/17 21:31:15] 发送(hex): 20
[2026/09/17 21:31:15] 发送(hex): 20
[2026/09/17 21:31:15] 发送(hex): 20
[2026/09/17 21:31:15] 发送(hex): 20
[2026/09/17 21:31:15] 发送(hex): 20
[2026/09/17 21:31:15] 发送(hex): 20
[2026/09/17 21:31:15] 发送(hex): 20
[2026/09/17 21:31:15] 发送(hex): 20
[2026/09/17 21:31:15] 发送(hex): 20
[2026/09/17 21:31:15] 发送(hex): 20
[2026/09/17 21:31:15] 发送(hex): 20
[2026/09/17 21:31:15] 发送(hex): 20
[2026/09/17 21:31:15] 发送(hex): 20
[2026/09/17 21:31:15] 发送(hex): 20
[2026/09/17 21:31:15] 发送(hex): 20
[2026/09/17 21:31:15] 发送(hex): 20
[2026/09/17 21:31:15] 发送(hex): 20
[2026/09/17 21:31:15] 发送(hex): 20
[2026/09/17 21:31:15] 发送(hex): 20
[2026/09/17 21:31:15] 发送(hex): 20
[2026/09/17 21:31:15] 发送(hex): 20
[2026/09/17 21:31:15] 发送(hex): 20
[2026/09/17 21:31:15] 发送(hex): 20
[2026/09/17 21:31:15] 发送(hex): 20
[2026/09/17 21:31:15] 发送(hex): 20
[2026/09/17 21:31:15] 发送(hex): 20
[2026/09/17 21:31:15] 发送(hex): 20
[2026/09/17 21:31:15] 发送(hex): 20
[2026/09/17 21:31:15] 发送(hex): 20
[2026/09/17 21:31:15] 发送(hex): 20
[2026/09/17 21:31:15] 发送(hex): 20
[2026/09/17 21:31:15] 发送(hex): 20
[2026/09/17 21:31:15] 发送(hex): 20
[2026/09/17 21:31:15] 发送(hex): 20
[2026/09/17 21:31:15] 发送(hex): 20
[2026/09/17 21:31:15] 发送(hex): 20
[2026/09/17 21:31:15] 发送(hex): 20
[2026/09/17 21:31:15] 发送(hex): 20
[2026/09/17 21:31:15] 发送(hex): 20
[2026/09/17 21:31:15] 发送(hex): 20
[2026/09/17 21:31:15] 发送(hex): 20
[2026/09/17 21:31:15] 发送(hex): 20
[2026/09/17 21:31:15] 发送(hex): 20
[2026/09/17 21:31:15] 发送(hex): 20
[2026/09/17 21:31:15] 发送(hex): 20
[2026/09/17 21:31:15] 发送(hex): 20
[2026/09/17 21:31:15] 发送(hex): 20
[2026/09/17 21:31:15] 发送(hex): 20
[2026/09/17 21:31:15] 发送(hex): 20
[2026/09/17 21:31:15] 发送(hex): 20
[2026/09/17 21:31:15] 发送(hex): 20
[2026/09/17 21:31:15] 发送(hex): 20
[2026/09/17 21:31:15] 发送(hex): 20
[2026/09/17 21:31:15] 发送(hex): 20
[2026/09/17 21:31:15] 发送(hex): 20
[2026/09/17 21:31:15] 发送(hex): 20
[2026/09/17 21:31:15] 发送(hex): 20
[2026/09/17 21:31:15] 发送(hex): 20
[2026/09/17 21:31:15] 发送(hex): 20
[2026/09/17 21:31:15] 发送(hex): 20
[2026/09/17 21:31:15] 发送(hex): 20
[2026/09/17 21:31:15] 发送(hex): 20
[2026/09/17 21:31:15] 发送(hex): 20
[2026/09/17 21:31:15] 发送(hex): 20
[2026/09/17 21:31:15] 发送(hex): 20
[2026/09/17 21:31:15] 发送(hex): 20
[2026/09/17 21:31:15] 发送(hex): 20
[2026/09/17 21:31:15] 发送(hex): 20
[2026/09/17 21:31:15] 发送(hex): 20
[2026/09/17 21:31:15] 发送(hex): 20
[2026/09/17 21:31:15] 发送(hex): 20
[2026/09/17 21:31:15] 发送(hex): 20
[2026/09/17 21:31:15] 发送(hex): 20
[2026/09/17 21:31:15] 发送(hex): 20
[2026/09/17 21:31:15] 发送(hex): 20
[2026/09/17 21:31:15] 发送(hex): 20
[2026/09/17 21:31:15] 发送(hex): 20
[2026/09/17 21:31:15] 发送(hex): 20
[2026/09/17 21:31:15] 发送(hex): 20
[2026/09/17 21:31:15] 发送(hex): 20
[2026/09/17 21:31:15] 发送(hex): 20
[2026/09/17 21:31:15] 发送(hex): 20
[2026/09/17 21:31:15] 发送(hex): 20
[2026/09/17 21:31:16] 发送(hex): 20
[2026/09/17 21:31:16] 发送(hex): 20
[2026/09/17 21:31:16] 发送(hex): 20
[2026/09/17 21:31:16] 发送(hex): 20
[2026/09/17 21:31:16] 发送(hex): 20
[2026/09/17 21:31:16] 发送(hex): 20
[2026/09/17 21:31:16] 发送(hex): 20
[2026/09/17 21:31:16] 发送(hex): 20
[2026/09/17 21:31:16] 发送(hex): 20
[2026/09/17 21:31:16] 发送(hex): 20
[2026/09/17 21:31:16] 发送(hex): 20
[2026/09/17 21:31:16] 发送(hex): 20
[2026/09/17 21:31:16] 发送(hex): 20
[2026/09/17 21:31:16] 发送(hex): 20
[2026/09/17 21:31:16] 发送(hex): 20
[2026/09/17 21:31:16] 发送(hex): 20
[2026/09/17 21:31:16] 发送(hex): 20
[2026/09/17 21:31:16] 发送(hex): 20
[2026/09/17 21:31:16] 发送(hex): 20
[2026/09/17 21:31:16] 发送(hex): 20
[2026/09/17 21:31:16] 发送(hex): 20
[2026/09/17 21:31:16] 发送(hex): 20
[2026/09/17 21:31:16] 发送(hex): 20
[2026/09/17 21:31:16] 发送(hex): 20
[2026/09/17 21:31:16] 发送(hex): 20
[2026/09/17 21:31:16] 发送(hex): 20
[2026/09/17 21:31:16] 发送(hex): 20
[2026/09/17 21:31:16] 发送(hex): 20
[2026/09/17 21:31:16] 发送(hex): 20
[2026/09/17 21:31:16] 发送(hex): 20
[2026/09/17 21:31:16] 发送(hex): 20
[2026/09/17 21:31:16] 发送(hex): 20
[2026/09/17 21:31:16] 发送(hex): 20
[2026/09/17 21:31:16] 发送(hex): 20
[2026/09/17 21:31:16] 发送(hex): 20
[2026/09/17 21:31:16] 发送(hex): 20
[2026/09/17 21:31:16] 发送(hex): 20
[2026/09/17 21:31:16] 发送(hex): 20
[2026/09/17 21:31:16] 发送(hex): 20
[2026/09/17 21:31:16] 发送(hex): 20
[2026/09/17 21:31:16] 发送(hex): 20
[2026/09/17 21:31:16] 发送(hex): 20
[2026/09/17 21:31:16] 发送(hex): 20
[2026/09/17 21:31:16] 发送(hex): 20
[2026/09/17 21:31:16] 发送(hex): 20
[2026/09/17 21:31:16] 发送(hex): 20
[2026/09/17 21:31:16] 发送(hex): 20
[2026/09/17 21:31:16] 发送(hex): 20
[2026/09/17 21:31:16] 发送(hex): 20
[2026/09/17 21:31:16] 发送(hex): 20
[2026/09/17 21:31:16] 发送(hex): 20
[2026/09/17 21:31:16] 发送(hex): 20
[2026/09/17 21:31:16] 发送(hex): 20
[2026/09/17 21:31:16] 发送(hex): 20
[2026/09/17 21:31:16] 发送(hex): 20
[2026/09/17 21:31:16] 发送(hex): 20
[2026/09/17 21:31:16] 发送(hex): 20
[2026/09/17 21:31:16] 发送(hex): 20
[2026/09/17 21:31:16] 发送(hex): 20
[2026/09/17 21:31:16] 发送(hex): 20
[2026/09/17 21:31:16] 发送(hex): 20
[2026/09/17 21:31:16] 发送(hex): 20
[2026/09/17 21:31:16] 发送(hex): 20
[2026/09/17 21:31:16] 发送(hex): 20
[2026/09/17 21:31:16] 发送(hex): 20
[2026/09/17 21:31:16] 发送(hex): 20
[2026/09/17 21:31:16] 发送(hex): 20
[2026/09/17 21:31:16] 发送(hex): 20
[2026/09/17 21:31:16] 发送(hex): 20
[2026/09/17 21:31:16] 发送(hex): 20
[2026/09/17 21:31:16] 发送(hex): 20
[2026/09/17 21:31:16] 发送(hex): 20
[2026/09/17 21:31:16] 发送(hex): 20
[2026/09/17 21:31:16] 发送(hex): 20
[2026/09/17 21:31:16] 发送(hex): 20
[2026/09/17 21:31:16] 发送(hex): 20
[2026/09/17 21:31:16] 发送(hex): 20
[2026/09/17 21:31:16] 发送(hex): 20
[2026/09/17 21:31:16] 发送(hex): 20
[2026/09/17 21:31:16] 发送(hex): 20
[2026/09/17 21:31:16] 发送(hex): 20
[2026/09/17 21:31:16] 发送(hex): 20
[2026/09/17 21:31:16] 发送(hex): 20
[2026/09/17 21:31:16] 发送(hex): 20
[2026/09/17 21:31:16] 发送(hex): 20
[2026/09/17 21:31:16] 发送(hex): 20
[2026/09/17 21:31:16] 发送(hex): 20
[2026/09/17 21:31:16] 发送(hex): 20
[2026/09/17 21:31:16] 发送(hex): 20
[2026/09/17 21:31:16] 发送(hex): 20
[2026/09/17 21:31:16] 发送(hex): 20
[2026/09/17 21:31:16] 发送(hex): 20
[2026/09/17 21:31:16] 发送(hex): 20
[2026/09/17 21:31:16] 发送(hex): 20
[2026/09/17 21:31:16] 发送(hex): 20
[2026/09/17 21:31:17] 发送(hex): 20
[2026/09/17 21:31:17] 发送(hex): 20
[2026/09/17 21:31:17] 发送(hex): 20
[2026/09/17 21:31:17] 发送(hex): 20
[2026/09/17 21:31:17] 发送(hex): 20
[2026/09/17 21:31:17] 发送(hex): 20
[2026/09/17 21:31:17] 发送(hex): 20
[2026/09/17 21:31:17] 发送(hex): 20
[2026/09/17 21:31:17] 发送(hex): 20
[2026/09/17 21:31:17] 发送(hex): 20
[2026/09/17 21:31:17] 发送(hex): 20
[2026/09/17 21:31:17] 发送(hex): 20
[2026/09/17 21:31:17] 发送(hex): 20
[2026/09/17 21:31:17] 发送(hex): 20
[2026/09/17 21:31:17] 发送(hex): 20
[2026/09/17 21:31:17] 发送(hex): 20
[2026/09/17 21:31:17] 发送(hex): 20
[2026/09/17 21:31:17] 发送(hex): 20
[2026/09/17 21:31:17] 发送(hex): 20
[2026/09/17 21:31:17] 发送(hex): 20
[2026/09/17 21:31:17] 发送(hex): 20
[2026/09/17 21:31:17] 发送(hex): 20
[2026/09/17 21:31:17] 发送(hex): 20
[2026/09/17 21:31:17] 发送(hex): 20
[2026/09/17 21:31:17] 发送(hex): 20
[2026/09/17 21:31:17] 发送(hex): 20
[2026/09/17 21:31:17] 发送(hex): 20
[2026/09/17 21:31:17] 发送(hex): 20
[2026/09/17 21:31:17] 发送(hex): 20
[2026/09/17 21:31:17] 发送(hex): 20
[2026/09/17 21:31:17] 发送(hex): 20
[2026/09/17 21:31:17] 发送(hex): 20
[2026/09/17 21:31:17] 发送(hex): 20
[2026/09/17 21:31:17] 发送(hex): 20
[2026/09/17 21:31:17] 发送(hex): 20
[2026/09/17 21:31:17] 发送(hex): 20
[2026/09/17 21:31:17] 发送(hex): 20
[2026/09/17 21:31:17] 发送(hex): 20
[2026/09/17 21:31:17] 发送(hex): 20
[2026/09/17 21:31:17] 发送(hex): 20
[2026/09/17 21:31:17] 发送(hex): 20
[2026/09/17 21:31:17] 发送(hex): 20
[2026/09/17 21:31:17] 发送(hex): 20
[2026/09/17 21:31:17] 发送(hex): 20
[2026/09/17 21:31:17] 发送(hex): 20
[2026/09/17 21:31:17] 发送(hex): 20
[2026/09/17 21:31:17] 发送(hex): 20
[2026/09/17 21:31:17] 发送(hex): 20
[2026/09/17 21:31:17] 发送(hex): 20
[2026/09/17 21:31:17] 发送(hex): 20
[2026/09/17 21:31:17] 发送(hex): 20
[2026/09/17 21:31:17] 发送(hex): 20
[2026/09/17 21:31:17] 发送(hex): 20
[2026/09/17 21:31:17] 发送(hex): 20
[2026/09/17 21:31:17] 发送(hex): 20
[2026/09/17 21:31:17] 发送(hex): 20
[2026/09/17 21:31:17] 发送(hex): 20
[2026/09/17 21:31:17] 发送(hex): 20
[2026/09/17 21:31:17] 发送(hex): 20
[2026/09/17 21:31:17] 发送(hex): 20
[2026/09/17 21:31:17] 发送(hex): 20
[2026/09/17 21:31:17] 发送(hex): 20
[2026/09/17 21:31:17] 发送(hex): 20
[2026/09/17 21:31:17] 发送(hex): 20
[2026/09/17 21:31:17] 发送(hex): 20
[2026/09/17 21:31:17] 发送(hex): 20
[2026/09/17 21:31:17] 发送(hex): 20
[2026/09/17 21:31:17] 发送(hex): 20
[2026/09/17 21:31:17] 发送(hex): 20
[2026/09/17 21:31:17] 发送(hex): 20
[2026/09/17 21:31:17] 发送(hex): 20
[2026/09/17 21:31:17] 发送(hex): 20
[2026/09/17 21:31:17] 发送(hex): 20
[2026/09/17 21:31:17] 发送(hex): 20
[2026/09/17 21:31:17] 发送(hex): 20
[2026/09/17 21:31:17] 发送(hex): 20
[2026/09/17 21:31:17] 发送(hex): 20
[2026/09/17 21:31:17] 发送(hex): 20
[2026/09/17 21:31:17] 发送(hex): 20
[2026/09/17 21:31:17] 发送(hex): 20
[2026/09/17 21:31:17] 发送(hex): 20
[2026/09/17 21:31:17] 发送(hex): 20
[2026/09/17 21:31:17] 发送(hex): 20
[2026/09/17 21:31:17] 发送(hex): 20
[2026/09/17 21:31:17] 发送(hex): 20
[2026/09/17 21:31:17] 发送(hex): 20
[2026/09/17 21:31:17] 发送(hex): 20
[2026/09/17 21:31:17] 发送(hex): 20
[2026/09/17 21:31:17] 发送(hex): 20
[2026/09/17 21:31:17] 发送(hex): 20
[2026/09/17 21:31:17] 发送(hex): 20
[2026/09/17 21:31:17] 发送(hex): 20
[2026/09/17 21:31:17] 发送(hex): 20
[2026/09/17 21:31:17] 发送(hex): 20
[2026/09/17 21:31:18] 发送(hex): 20
[2026/09/17 21:31:18] 发送(hex): 20
[2026/09/17 21:31:18] 发送(hex): 20
[2026/09/17 21:31:18] 发送(hex): 20
[2026/09/17 21:31:18] 发送(hex): 20
[2026/09/17 21:31:18] 发送(hex): 20
[2026/09/17 21:31:18] 发送(hex): 20
[2026/09/17 21:31:18] 发送(hex): 20
[2026/09/17 21:31:18] 发送(hex): 20
[2026/09/17 21:31:18] 发送(hex): 20
[2026/09/17 21:31:18] 发送(hex): 20
[2026/09/17 21:31:18] 发送(hex): 20
[2026/09/17 21:31:18] 发送(hex): 20
[2026/09/17 21:31:18] 发送(hex): 20
[2026/09/17 21:31:18] 发送(hex): 20
[2026/09/17 21:31:18] 发送(hex): 20
[2026/09/17 21:31:18] 发送(hex): 20
[2026/09/17 21:31:18] 发送(hex): 20
[2026/09/17 21:31:18] 发送(hex): 20
[2026/09/17 21:31:18] 发送(hex): 20
[2026/09/17 21:31:18] 发送(hex): 20
[2026/09/17 21:31:18] 发送(hex): 20
[2026/09/17 21:31:18] 发送(hex): 20
[2026/09/17 21:31:18] 发送(hex): 20
[2026/09/17 21:31:18] 发送(hex): 20
[2026/09/17 21:31:18] 发送(hex): 20
[2026/09/17 21:31:18] 发送(hex): 20
[2026/09/17 21:31:18] 发送(hex): 20
[2026/09/17 21:31:18] 发送(hex): 20
[2026/09/17 21:31:18] 发送(hex): 20
[2026/09/17 21:31:18] 发送(hex): 20
[2026/09/17 21:31:18] 发送(hex): 20
[2026/09/17 21:31:18] 发送(hex): 20
[2026/09/17 21:31:18] 发送(hex): 20
[2026/09/17 21:31:18] 发送(hex): 20
[2026/09/17 21:31:18] 发送(hex): 20
[2026/09/17 21:31:18] 发送(hex): 20
[2026/09/17 21:31:18] 发送(hex): 20
[2026/09/17 21:31:18] 发送(hex): 20
[2026/09/17 21:31:18] 发送(hex): 20
[2026/09/17 21:31:18] 发送(hex): 20
[2026/09/17 21:31:18] 发送(hex): 20
[2026/09/17 21:31:18] 发送(hex): 20
[2026/09/17 21:31:18] 发送(hex): 20
[2026/09/17 21:31:18] 发送(hex): 20
[2026/09/17 21:31:18] 发送(hex): 20
[2026/09/17 21:31:18] 发送(hex): 20
[2026/09/17 21:31:18] 发送(hex): 20
[2026/09/17 21:31:18] 发送(hex): 20
[2026/09/17 21:31:18] 发送(hex): 20
[2026/09/17 21:31:18] 发送(hex): 20
[2026/09/17 21:31:18] 发送(hex): 20
[2026/09/17 21:31:18] 发送(hex): 20
[2026/09/17 21:31:18] 发送(hex): 20
[2026/09/17 21:31:18] 发送(hex): 20
[2026/09/17 21:31:18] 发送(hex): 20
[2026/09/17 21:31:18] 发送(hex): 20
[2026/09/17 21:31:18] 发送(hex): 20
[2026/09/17 21:31:18] 发送(hex): 20
[2026/09/17 21:31:18] 发送(hex): 20
[2026/09/17 21:31:18] 发送(hex): 20
[2026/09/17 21:31:18] 发送(hex): 20
[2026/09/17 21:31:18] 发送(hex): 20
[2026/09/17 21:31:18] 发送(hex): 20
[2026/09/17 21:31:18] 发送(hex): 20
[2026/09/17 21:31:18] 发送(hex): 20
[2026/09/17 21:31:18] 发送(hex): 20
[2026/09/17 21:31:18] 发送(hex): 20
[2026/09/17 21:31:18] 发送(hex): 20
[2026/09/17 21:31:18] 发送(hex): 20
[2026/09/17 21:31:18] 发送(hex): 20
[2026/09/17 21:31:18] 发送(hex): 20
[2026/09/17 21:31:18] 发送(hex): 20
[2026/09/17 21:31:18] 发送(hex): 20
[2026/09/17 21:31:18] 发送(hex): 20
[2026/09/17 21:31:18] 发送(hex): 20
[2026/09/17 21:31:18] 发送(hex): 20
[2026/09/17 21:31:18] 发送(hex): 20
[2026/09/17 21:31:18] 发送(hex): 20
[2026/09/17 21:31:18] 发送(hex): 20
[2026/09/17 21:31:18] 发送(hex): 20
[2026/09/17 21:31:18] 发送(hex): 20
[2026/09/17 21:31:18] 发送(hex): 20
[2026/09/17 21:31:18] 发送(hex): 20
[2026/09/17 21:31:18] 发送(hex): 20
[2026/09/17 21:31:18] 发送(hex): 20
[2026/09/17 21:31:18] 发送(hex): 20
[2026/09/17 21:31:18] 发送(hex): 20
[2026/09/17 21:31:18] 发送(hex): 20
[2026/09/17 21:31:18] 发送(hex): 20
[2026/09/17 21:31:18] 发送(hex): 20
[2026/09/17 21:31:18] 发送(hex): 20
[2026/09/17 21:31:18] 发送(hex): 20
[2026/09/17 21:31:18] 发送(hex): 20
[2026/09/17 21:31:18] 发送(hex): 20
[2026/09/17 21:31:19] 发送(hex): 20
[2026/09/17 21:31:19] 发送(hex): 20
[2026/09/17 21:31:19] 发送(hex): 20
[2026/09/17 21:31:19] 发送(hex): 20
[2026/09/17 21:31:19] 发送(hex): 20
[2026/09/17 21:31:19] 发送(hex): 20
[2026/09/17 21:31:19] 发送(hex): 20
[2026/09/17 21:31:19] 发送(hex): 20
[2026/09/17 21:31:19] 发送(hex): 20
[2026/09/17 21:31:19] 发送(hex): 20
[2026/09/17 21:31:19] 发送(hex): 20
[2026/09/17 21:31:19] 发送(hex): 20
[2026/09/17 21:31:19] 发送(hex): 20
[2026/09/17 21:31:19] 发送(hex): 20
[2026/09/17 21:31:19] 发送(hex): 20
[2026/09/17 21:31:19] 发送(hex): 20
[2026/09/17 21:31:19] 发送(hex): 20
[2026/09/17 21:31:19] 发送(hex): 20
[2026/09/17 21:31:19] 发送(hex): 20
[2026/09/17 21:31:19] 发送(hex): 20
[2026/09/17 21:31:19] 发送(hex): 20
[2026/09/17 21:31:19] 发送(hex): 20
[2026/09/17 21:31:19] 发送(hex): 20
[2026/09/17 21:31:19] 发送(hex): 20
[2026/09/17 21:31:19] 发送(hex): 20
[2026/09/17 21:31:19] 发送(hex): 20
[2026/09/17 21:31:19] 发送(hex): 20
[2026/09/17 21:31:19] 发送(hex): 20
[2026/09/17 21:31:19] 发送(hex): 20
[2026/09/17 21:31:19] 发送(hex): 20
[2026/09/17 21:31:19] 发送(hex): 20
[2026/09/17 21:31:19] 发送(hex): 20
[2026/09/17 21:31:19] 发送(hex): 20
[2026/09/17 21:31:19] 发送(hex): 20
[2026/09/17 21:31:19] 发送(hex): 20
[2026/09/17 21:31:19] 发送(hex): 20
[2026/09/17 21:31:19] 发送(hex): 20
[2026/09/17 21:31:19] 发送(hex): 20
[2026/09/17 21:31:19] 发送(hex): 20
[2026/09/17 21:31:19] 发送(hex): 20
[2026/09/17 21:31:19] 发送(hex): 20
[2026/09/17 21:31:19] 发送(hex): 20
[2026/09/17 21:31:19] 发送(hex): 20
[2026/09/17 21:31:19] 发送(hex): 20
[2026/09/17 21:31:19] 发送(hex): 20
[2026/09/17 21:31:19] 发送(hex): 20
[2026/09/17 21:31:19] 发送(hex): 20
[2026/09/17 21:31:19] 发送(hex): 20
[2026/09/17 21:31:19] 发送(hex): 20
[2026/09/17 21:31:19] 发送(hex): 20
[2026/09/17 21:31:19] 发送(hex): 20
[2026/09/17 21:31:19] 发送(hex): 20
[2026/09/17 21:31:19] 发送(hex): 20
[2026/09/17 21:31:19] 发送(hex): 20
[2026/09/17 21:31:19] 发送(hex): 20
[2026/09/17 21:31:19] 发送(hex): 20
[2026/09/17 21:31:19] 发送(hex): 20
[2026/09/17 21:31:19] 发送(hex): 20
[2026/09/17 21:31:19] 发送(hex): 20
[2026/09/17 21:31:19] 发送(hex): 20
[2026/09/17 21:31:19] 发送(hex): 20
[2026/09/17 21:31:19] 发送(hex): 20
[2026/09/17 21:31:19] 发送(hex): 20
[2026/09/17 21:31:19] 发送(hex): 20
[2026/09/17 21:31:19] 发送(hex): 20
[2026/09/17 21:31:19] 发送(hex): 20
[2026/09/17 21:31:19] 发送(hex): 20
[2026/09/17 21:31:19] 发送(hex): 20
[2026/09/17 21:31:19] 发送(hex): 20
[2026/09/17 21:31:19] 发送(hex): 20
[2026/09/17 21:31:19] 发送(hex): 20
[2026/09/17 21:31:19] 发送(hex): 20
[2026/09/17 21:31:19] 发送(hex): 20
[2026/09/17 21:31:19] 发送(hex): 20
[2026/09/17 21:31:19] 发送(hex): 20
[2026/09/17 21:31:19] 发送(hex): 20
[2026/09/17 21:31:19] 发送(hex): 20
[2026/09/17 21:31:19] 发送(hex): 20
[2026/09/17 21:31:19] 发送(hex): 20
[2026/09/17 21:31:19] 发送(hex): 20
[2026/09/17 21:31:19] 发送(hex): 20
[2026/09/17 21:31:19] 发送(hex): 20
[2026/09/17 21:31:19] 发送(hex): 20
[2026/09/17 21:31:19] 发送(hex): 20
[2026/09/17 21:31:19] 发送(hex): 20
[2026/09/17 21:31:19] 发送(hex): 20
[2026/09/17 21:31:19] 发送(hex): 20
[2026/09/17 21:31:19] 发送(hex): 20
[2026/09/17 21:31:19] 发送(hex): 20
[2026/09/17 21:31:19] 发送(hex): 20
[2026/09/17 21:31:19] 发送(hex): 20
[2026/09/17 21:31:19] 发送(hex): 20
[2026/09/17 21:31:19] 发送(hex): 20
[2026/09/17 21:31:19] 发送(hex): 20
[2026/09/17 21:31:20] 发送(hex): 20
[2026/09/17 21:31:20] 发送(hex): 20
[2026/09/17 21:31:20] 发送(hex): 20
[2026/09/17 21:31:20] 发送(hex): 20
[2026/09/17 21:31:20] 发送(hex): 20
[2026/09/17 21:31:20] 发送(hex): 20
[2026/09/17 21:31:20] 发送(hex): 20
[2026/09/17 21:31:20] 发送(hex): 20
[2026/09/17 21:31:20] 发送(hex): 20
[2026/09/17 21:31:20] 发送(hex): 20
[2026/09/17 21:31:20] 发送(hex): 20
[2026/09/17 21:31:20] 发送(hex): 20
[2026/09/17 21:31:20] 发送(hex): 20
[2026/09/17 21:31:20] 发送(hex): 20
[2026/09/17 21:31:20] 发送(hex): 20
[2026/09/17 21:31:20] 发送(hex): 20
[2026/09/17 21:31:20] 发送(hex): 20
[2026/09/17 21:31:20] 发送(hex): 20
[2026/09/17 21:31:20] 发送(hex): 20
[2026/09/17 21:31:20] 发送(hex): 20
[2026/09/17 21:31:20] 发送(hex): 20
[2026/09/17 21:31:20] 发送(hex): 20
[2026/09/17 21:31:20] 发送(hex): 20
[2026/09/17 21:31:20] 发送(hex): 20
[2026/09/17 21:31:20] 发送(hex): 20
[2026/09/17 21:31:20] 发送(hex): 20
[2026/09/17 21:31:20] 发送(hex): 20
[2026/09/17 21:31:20] 发送(hex): 20
[2026/09/17 21:31:20] 发送(hex): 20
[2026/09/17 21:31:20] 发送(hex): 20
[2026/09/17 21:31:20] 发送(hex): 20
[2026/09/17 21:31:20] 发送(hex): 20
[2026/09/17 21:31:20] 发送(hex): 20
[2026/09/17 21:31:20] 发送(hex): 20
[2026/09/17 21:31:20] 发送(hex): 20
[2026/09/17 21:31:20] 发送(hex): 20
[2026/09/17 21:31:20] 发送(hex): 20
[2026/09/17 21:31:20] 发送(hex): 20
[2026/09/17 21:31:20] 发送(hex): 20
[2026/09/17 21:31:20] 发送(hex): 20
[2026/09/17 21:31:20] 发送(hex): 20
[2026/09/17 21:31:20] 发送(hex): 20
[2026/09/17 21:31:20] 发送(hex): 20
[2026/09/17 21:31:20] 发送(hex): 20
[2026/09/17 21:31:20] 发送(hex): 20
[2026/09/17 21:31:20] 发送(hex): 20
[2026/09/17 21:31:20] 发送(hex): 20
[2026/09/17 21:31:20] 发送(hex): 20
[2026/09/17 21:31:20] 发送(hex): 20
[2026/09/17 21:31:20] 发送(hex): 20
[2026/09/17 21:31:20] 发送(hex): 20
[2026/09/17 21:31:20] 发送(hex): 20
[2026/09/17 21:31:20] 发送(hex): 20
[2026/09/17 21:31:20] 发送(hex): 20
[2026/09/17 21:31:20] 发送(hex): 20
[2026/09/17 21:31:20] 发送(hex): 20
[2026/09/17 21:31:20] 发送(hex): 20
[2026/09/17 21:31:20] 发送(hex): 20
[2026/09/17 21:31:20] 发送(hex): 20
[2026/09/17 21:31:20] 发送(hex): 20
[2026/09/17 21:31:20] 发送(hex): 20
[2026/09/17 21:31:20] 发送(hex): 20
[2026/09/17 21:31:20] 发送(hex): 20
[2026/09/17 21:31:20] 发送(hex): 20
[2026/09/17 21:31:20] 发送(hex): 20
[2026/09/17 21:31:20] 发送(hex): 20
[2026/09/17 21:31:20] 发送(hex): 20
[2026/09/17 21:31:20] 发送(hex): 20
[2026/09/17 21:31:20] 发送(hex): 20
[2026/09/17 21:31:20] 发送(hex): 20
[2026/09/17 21:31:20] 发送(hex): 20
[2026/09/17 21:31:20] 发送(hex): 20
[2026/09/17 21:31:20] 发送(hex): 20
[2026/09/17 21:31:20] 发送(hex): 20
[2026/09/17 21:31:20] 发送(hex): 20
[2026/09/17 21:31:20] 发送(hex): 20
[2026/09/17 21:31:20] 发送(hex): 20
[2026/09/17 21:31:20] 发送(hex): 20
[2026/09/17 21:31:20] 发送(hex): 20
[2026/09/17 21:31:20] 发送(hex): 20
[2026/09/17 21:31:20] 发送(hex): 20
[2026/09/17 21:31:20] 发送(hex): 20
[2026/09/17 21:31:20] 发送(hex): 20
[2026/09/17 21:31:20] 发送(hex): 20
[2026/09/17 21:31:20] 发送(hex): 20
[2026/09/17 21:31:20] 发送(hex): 20
[2026/09/17 21:31:20] 发送(hex): 20
[2026/09/17 21:31:20] 发送(hex): 20
[2026/09/17 21:31:20] 发送(hex): 20
[2026/09/17 21:31:20] 发送(hex): 20
[2026/09/17 21:31:20] 发送(hex): 20
[2026/09/17 21:31:20] 发送(hex): 20
[2026/09/17 21:31:20] 发送(hex): 20
[2026/09/17 21:31:20] 发送(hex): 20
[2026/09/17 21:31:21] 发送(hex): 20
[2026/09/17 21:31:21] 发送(hex): 20
[2026/09/17 21:31:21] 发送(hex): 20
[2026/09/17 21:31:21] 发送(hex): 20
[2026/09/17 21:31:21] 发送(hex): 20
[2026/09/17 21:31:21] 发送(hex): 20
[2026/09/17 21:31:21] 发送(hex): 20
[2026/09/17 21:31:21] 发送(hex): 20
[2026/09/17 21:31:21] 发送(hex): 20
[2026/09/17 21:31:21] 发送(hex): 20
[2026/09/17 21:31:21] 发送(hex): 20
[2026/09/17 21:31:21] 发送(hex): 20
[2026/09/17 21:31:21] 发送(hex): 20
[2026/09/17 21:31:21] 发送(hex): 20
[2026/09/17 21:31:21] 发送(hex): 20
[2026/09/17 21:31:21] 发送(hex): 20
[2026/09/17 21:31:21] 发送(hex): 20
[2026/09/17 21:31:21] 发送(hex): 20
[2026/09/17 21:31:21] 发送(hex): 20
[2026/09/17 21:31:21] 发送(hex): 20
[2026/09/17 21:31:21] 发送(hex): 20
[2026/09/17 21:31:21] 发送(hex): 20
[2026/09/17 21:31:21] 发送(hex): 20
[2026/09/17 21:31:21] 发送(hex): 20
[2026/09/17 21:31:21] 发送(hex): 20
[2026/09/17 21:31:21] 发送(hex): 20
[2026/09/17 21:31:21] 发送(hex): 20
[2026/09/17 21:31:21] 发送(hex): 20
[2026/09/17 21:31:21] 发送(hex): 20
[2026/09/17 21:31:21] 发送(hex): 20
[2026/09/17 21:31:21] 发送(hex): 20
[2026/09/17 21:31:21] 发送(hex): 20
[2026/09/17 21:31:21] 发送(hex): 20
[2026/09/17 21:31:21] 发送(hex): 20
[2026/09/17 21:31:21] 发送(hex): 20
[2026/09/17 21:31:21] 发送(hex): 20
[2026/09/17 21:31:21] 发送(hex): 20
[2026/09/17 21:31:21] 发送(hex): 20
[2026/09/17 21:31:21] 发送(hex): 20
[2026/09/17 21:31:21] 发送(hex): 20
[2026/09/17 21:31:21] 发送(hex): 20
[2026/09/17 21:31:21] 发送(hex): 20
[2026/09/17 21:31:21] 发送(hex): 20
[2026/09/17 21:31:21] 发送(hex): 20
[2026/09/17 21:31:21] 发送(hex): 20
[2026/09/17 21:31:21] 发送(hex): 20
[2026/09/17 21:31:21] 发送(hex): 20
[2026/09/17 21:31:21] 发送(hex): 20
[2026/09/17 21:31:21] 发送(hex): 20
[2026/09/17 21:31:21] 发送(hex): 20
[2026/09/17 21:31:21] 发送(hex): 20
[2026/09/17 21:31:21] 发送(hex): 20
[2026/09/17 21:31:21] 发送(hex): 20
[2026/09/17 21:31:21] 发送(hex): 20
[2026/09/17 21:31:21] 发送(hex): 20
[2026/09/17 21:31:21] 发送(hex): 20
[2026/09/17 21:31:21] 发送(hex): 20
[2026/09/17 21:31:21] 发送(hex): 20
[2026/09/17 21:31:21] 发送(hex): 20
[2026/09/17 21:31:21] 发送(hex): 20
[2026/09/17 21:31:21] 发送(hex): 20
[2026/09/17 21:31:21] 发送(hex): 20
[2026/09/17 21:31:21] 发送(hex): 20
[2026/09/17 21:31:21] 发送(hex): 20
[2026/09/17 21:31:21] 发送(hex): 20
[2026/09/17 21:31:21] 发送(hex): 20
[2026/09/17 21:31:21] 发送(hex): 20
[2026/09/17 21:31:21] 发送(hex): 20
[2026/09/17 21:31:21] 发送(hex): 20
[2026/09/17 21:31:21] 发送(hex): 20
[2026/09/17 21:31:21] 发送(hex): 20
[2026/09/17 21:31:21] 发送(hex): 20
[2026/09/17 21:31:21] 发送(hex): 20
[2026/09/17 21:31:21] 发送(hex): 20
[2026/09/17 21:31:21] 发送(hex): 20
[2026/09/17 21:31:21] 发送(hex): 20
[2026/09/17 21:31:21] 发送(hex): 20
[2026/09/17 21:31:21] 发送(hex): 20
[2026/09/17 21:31:21] 发送(hex): 20
[2026/09/17 21:31:21] 发送(hex): 20
[2026/09/17 21:31:21] 发送(hex): 20
[2026/09/17 21:31:21] 发送(hex): 20
[2026/09/17 21:31:21] 发送(hex): 20
[2026/09/17 21:31:21] 发送(hex): 20
[2026/09/17 21:31:21] 发送(hex): 20
[2026/09/17 21:31:21] 发送(hex): 20
[2026/09/17 21:31:21] 发送(hex): 20
[2026/09/17 21:31:21] 发送(hex): 20
[2026/09/17 21:31:21] 发送(hex): 20
[2026/09/17 21:31:21] 发送(hex): 20
[2026/09/17 21:31:21] 发送(hex): 20
[2026/09/17 21:31:21] 发送(hex): 20
[2026/09/17 21:31:21] 发送(hex): 20
[2026/09/17 21:31:21] 发送(hex): 20
[2026/09/17 21:31:21] 发送(hex): 20
[2026/09/17 21:31:22] 发送(hex): 20
[2026/09/17 21:31:22] 发送(hex): 20
[2026/09/17 21:31:22] 发送(hex): 20
[2026/09/17 21:31:22] 发送(hex): 20
[2026/09/17 21:31:22] 发送(hex): 20
[2026/09/17 21:31:22] 发送(hex): 20
[2026/09/17 21:31:22] 发送(hex): 20
[2026/09/17 21:31:22] 发送(hex): 20
[2026/09/17 21:31:22] 发送(hex): 20
[2026/09/17 21:31:22] 发送(hex): 20
[2026/09/17 21:31:22] 发送(hex): 20
[2026/09/17 21:31:22] 发送(hex): 20
[2026/09/17 21:31:22] 发送(hex): 20
[2026/09/17 21:31:22] 发送(hex): 20
[2026/09/17 21:31:22] 发送(hex): 20
[2026/09/17 21:31:22] 发送(hex): 20
[2026/09/17 21:31:22] 发送(hex): 20
[2026/09/17 21:31:22] 发送(hex): 20
[2026/09/17 21:31:22] 发送(hex): 20
[2026/09/17 21:31:22] 发送(hex): 20
[2026/09/17 21:31:22] 发送(hex): 20
[2026/09/17 21:31:22] 发送(hex): 20
[2026/09/17 21:31:22] 发送(hex): 20
[2026/09/17 21:31:22] 发送(hex): 20
[2026/09/17 21:31:22] 发送(hex): 20
[2026/09/17 21:31:22] 发送(hex): 20
[2026/09/17 21:31:22] 发送(hex): 20
[2026/09/17 21:31:22] 发送(hex): 20
[2026/09/17 21:31:22] 发送(hex): 20
[2026/09/17 21:31:22] 发送(hex): 20
[2026/09/17 21:31:22] 发送(hex): 20
[2026/09/17 21:31:22] 发送(hex): 20
[2026/09/17 21:31:22] 发送(hex): 20
[2026/09/17 21:31:22] 发送(hex): 20
[2026/09/17 21:31:22] 发送(hex): 20
[2026/09/17 21:31:22] 发送(hex): 20
[2026/09/17 21:31:22] 发送(hex): 20
[2026/09/17 21:31:22] 发送(hex): 20
[2026/09/17 21:31:22] 发送(hex): 20
[2026/09/17 21:31:22] 发送(hex): 20
[2026/09/17 21:31:22] 发送(hex): 20
[2026/09/17 21:31:22] 发送(hex): 20
[2026/09/17 21:31:22] 发送(hex): 20
[2026/09/17 21:31:22] 发送(hex): 20
[2026/09/17 21:31:22] 发送(hex): 20
[2026/09/17 21:31:22] 发送(hex): 20
[2026/09/17 21:31:22] 发送(hex): 20
[2026/09/17 21:31:22] 发送(hex): 20
[2026/09/17 21:31:22] 发送(hex): 20
[2026/09/17 21:31:22] 发送(hex): 20
[2026/09/17 21:31:22] 发送(hex): 20
[2026/09/17 21:31:22] 发送(hex): 20
[2026/09/17 21:31:22] 发送(hex): 20
[2026/09/17 21:31:22] 发送(hex): 20
[2026/09/17 21:31:22] 发送(hex): 20
[2026/09/17 21:31:22] 发送(hex): 20
[2026/09/17 21:31:22] 发送(hex): 20
[2026/09/17 21:31:22] 发送(hex): 20
[2026/09/17 21:31:22] 发送(hex): 20
[2026/09/17 21:31:22] 发送(hex): 20
[2026/09/17 21:31:22] 发送(hex): 20
[2026/09/17 21:31:22] 发送(hex): 20
[2026/09/17 21:31:22] 发送(hex): 20
[2026/09/17 21:31:22] 发送(hex): 20
[2026/09/17 21:31:22] 发送(hex): 20
[2026/09/17 21:31:22] 发送(hex): 20
[2026/09/17 21:31:22] 发送(hex): 20
[2026/09/17 21:31:22] 发送(hex): 20
[2026/09/17 21:31:22] 发送(hex): 20
[2026/09/17 21:31:22] 发送(hex): 20
[2026/09/17 21:31:22] 发送(hex): 20
[2026/09/17 21:31:22] 发送(hex): 20
[2026/09/17 21:31:22] 发送(hex): 20
[2026/09/17 21:31:22] 发送(hex): 20
[2026/09/17 21:31:22] 发送(hex): 20
[2026/09/17 21:31:22] 发送(hex): 20
[2026/09/17 21:31:22] 发送(hex): 20
[2026/09/17 21:31:22] 发送(hex): 20
[2026/09/17 21:31:22] 发送(hex): 20
[2026/09/17 21:31:22] 发送(hex): 20
[2026/09/17 21:31:22] 发送(hex): 20
[2026/09/17 21:31:22] 发送(hex): 20
[2026/09/17 21:31:22] 发送(hex): 20
[2026/09/17 21:31:22] 发送(hex): 20
[2026/09/17 21:31:22] 发送(hex): 20
[2026/09/17 21:31:22] 发送(hex): 20
[2026/09/17 21:31:22] 发送(hex): 20
[2026/09/17 21:31:22] 发送(hex): 20
[2026/09/17 21:31:22] 发送(hex): 20
[2026/09/17 21:31:22] 发送(hex): 20
[2026/09/17 21:31:22] 发送(hex): 20
[2026/09/17 21:31:22] 发送(hex): 20
[2026/09/17 21:31:22] 发送(hex): 20
[2026/09/17 21:31:22] 发送(hex): 20
[2026/09/17 21:31:22] 发送(hex): 20
[2026/09/17 21:31:23] 发送(hex): 20
[2026/09/17 21:31:23] 发送(hex): 20
[2026/09/17 21:31:23] 发送(hex): 20
[2026/09/17 21:31:23] 发送(hex): 20
[2026/09/17 21:31:23] 发送(hex): 20
[2026/09/17 21:31:23] 发送(hex): 20
[2026/09/17 21:31:23] 发送(hex): 20
[2026/09/17 21:31:23] 发送(hex): 20
[2026/09/17 21:31:23] 发送(hex): 20
[2026/09/17 21:31:23] 发送(hex): 20
[2026/09/17 21:31:23] 发送(hex): 20
[2026/09/17 21:31:23] 发送(hex): 20
[2026/09/17 21:31:23] 发送(hex): 20
[2026/09/17 21:31:23] 发送(hex): 20
[2026/09/17 21:31:23] 发送(hex): 20
[2026/09/17 21:31:23] 发送(hex): 20
[2026/09/17 21:31:23] 发送(hex): 20
[2026/09/17 21:31:23] 发送(hex): 20
[2026/09/17 21:31:23] 发送(hex): 20
[2026/09/17 21:31:23] 发送(hex): 20
[2026/09/17 21:31:23] 发送(hex): 20
[2026/09/17 21:31:23] 发送(hex): 20
[2026/09/17 21:31:23] 发送(hex): 20
[2026/09/17 21:31:23] 发送(hex): 20
[2026/09/17 21:31:23] 发送(hex): 20
[2026/09/17 21:31:23] 发送(hex): 20
[2026/09/17 21:31:23] 发送(hex): 20
[2026/09/17 21:31:23] 发送(hex): 20
[2026/09/17 21:31:23] 发送(hex): 20
[2026/09/17 21:31:23] 发送(hex): 20
[2026/09/17 21:31:23] 发送(hex): 20
[2026/09/17 21:31:23] 发送(hex): 20
[2026/09/17 21:31:23] 发送(hex): 20
[2026/09/17 21:31:23] 发送(hex): 20
[2026/09/17 21:31:23] 发送(hex): 20
[2026/09/17 21:31:23] 发送(hex): 20
[2026/09/17 21:31:23] 发送(hex): 20
[2026/09/17 21:31:23] 发送(hex): 20
[2026/09/17 21:31:23] 发送(hex): 20
[2026/09/17 21:31:23] 发送(hex): 20
[2026/09/17 21:31:23] 发送(hex): 20
[2026/09/17 21:31:23] 发送(hex): 20
[2026/09/17 21:31:23] 发送(hex): 20
[2026/09/17 21:31:23] 发送(hex): 20
[2026/09/17 21:31:23] 发送(hex): 20
[2026/09/17 21:31:23] 发送(hex): 20
[2026/09/17 21:31:23] 发送(hex): 20
[2026/09/17 21:31:23] 发送(hex): 20
[2026/09/17 21:31:23] 发送(hex): 20
[2026/09/17 21:31:23] 发送(hex): 20
[2026/09/17 21:31:23] 发送(hex): 20
[2026/09/17 21:31:23] 发送(hex): 20
[2026/09/17 21:31:23] 发送(hex): 20
[2026/09/17 21:31:23] 发送(hex): 20
[2026/09/17 21:31:23] 发送(hex): 20
[2026/09/17 21:31:23] 发送(hex): 20
[2026/09/17 21:31:23] 发送(hex): 20
[2026/09/17 21:31:23] 发送(hex): 20
[2026/09/17 21:31:23] 发送(hex): 20
[2026/09/17 21:31:23] 发送(hex): 20
[2026/09/17 21:31:23] 发送(hex): 20
[2026/09/17 21:31:23] 发送(hex): 20
[2026/09/17 21:31:23] 发送(hex): 20
[2026/09/17 21:31:23] 发送(hex): 20
[2026/09/17 21:31:23] 发送(hex): 20
[2026/09/17 21:31:23] 发送(hex): 20
[2026/09/17 21:31:23] 发送(hex): 20
[2026/09/17 21:31:23] 发送(hex): 20
[2026/09/17 21:31:23] 发送(hex): 20
[2026/09/17 21:31:23] 发送(hex): 20
[2026/09/17 21:31:23] 发送(hex): 20
[2026/09/17 21:31:23] 发送(hex): 20
[2026/09/17 21:31:23] 发送(hex): 20
[2026/09/17 21:31:23] 发送(hex): 20
[2026/09/17 21:31:23] 发送(hex): 20
[2026/09/17 21:31:23] 发送(hex): 20
[2026/09/17 21:31:23] 发送(hex): 20
[2026/09/17 21:31:23] 发送(hex): 20
[2026/09/17 21:31:23] 发送(hex): 20
[2026/09/17 21:31:23] 发送(hex): 20
[2026/09/17 21:31:23] 发送(hex): 20
[2026/09/17 21:31:23] 发送(hex): 20
[2026/09/17 21:31:23] 发送(hex): 20
[2026/09/17 21:31:23] 发送(hex): 20
[2026/09/17 21:31:23] 发送(hex): 20
[2026/09/17 21:31:23] 发送(hex): 20
[2026/09/17 21:31:23] 发送(hex): 20
[2026/09/17 21:31:23] 发送(hex): 20
[2026/09/17 21:31:23] 发送(hex): 20
[2026/09/17 21:31:23] 发送(hex): 20
[2026/09/17 21:31:23] 发送(hex): 20
[2026/09/17 21:31:23] 发送(hex): 20
[2026/09/17 21:31:23] 发送(hex): 20
[2026/09/17 21:31:23] 发送(hex): 20
[2026/09/17 21:31:24] 发送(hex): 20
[2026/09/17 21:31:24] 发送(hex): 20
[2026/09/17 21:31:24] 发送(hex): 20
[2026/09/17 21:31:24] 发送(hex): 20
[2026/09/17 21:31:24] 发送(hex): 20
[2026/09/17 21:31:24] 发送(hex): 20
[2026/09/17 21:31:24] 发送(hex): 20
[2026/09/17 21:31:24] 发送(hex): 20
[2026/09/17 21:31:24] 发送(hex): 20
[2026/09/17 21:31:24] 发送(hex): 20
[2026/09/17 21:31:24] 发送(hex): 20
[2026/09/17 21:31:24] 发送(hex): 20
[2026/09/17 21:31:24] 发送(hex): 20
[2026/09/17 21:31:24] 发送(hex): 20
[2026/09/17 21:31:24] 发送(hex): 20
[2026/09/17 21:31:24] 发送(hex): 20
[2026/09/17 21:31:24] 发送(hex): 20
[2026/09/17 21:31:24] 发送(hex): 20
[2026/09/17 21:31:24] 发送(hex): 20
[2026/09/17 21:31:24] 发送(hex): 20
[2026/09/17 21:31:24] 发送(hex): 20
[2026/09/17 21:31:24] 发送(hex): 20
[2026/09/17 21:31:24] 发送(hex): 20
[2026/09/17 21:31:24] 发送(hex): 20
[2026/09/17 21:31:24] 发送(hex): 20
[2026/09/17 21:31:24] 发送(hex): 20
[2026/09/17 21:31:24] 发送(hex): 20
[2026/09/17 21:31:24] 发送(hex): 20
[2026/09/17 21:31:24] 发送(hex): 20
[2026/09/17 21:31:24] 发送(hex): 20
[2026/09/17 21:31:24] 发送(hex): 20
[2026/09/17 21:31:24] 发送(hex): 20
[2026/09/17 21:31:24] 发送(hex): 20
[2026/09/17 21:31:24] 发送(hex): 20
[2026/09/17 21:31:24] 发送(hex): 20
[2026/09/17 21:31:24] 发送(hex): 20
[2026/09/17 21:31:24] 发送(hex): 20
[2026/09/17 21:31:24] 发送(hex): 20
[2026/09/17 21:31:24] 发送(hex): 20
[2026/09/17 21:31:24] 发送(hex): 20
[2026/09/17 21:31:24] 发送(hex): 20
[2026/09/17 21:31:24] 发送(hex): 20
[2026/09/17 21:31:24] 发送(hex): 20
[2026/09/17 21:31:24] 发送(hex): 20
[2026/09/17 21:31:24] 发送(hex): 20
[2026/09/17 21:31:24] 发送(hex): 20
[2026/09/17 21:31:24] 发送(hex): 20
[2026/09/17 21:31:24] 发送(hex): 20
[2026/09/17 21:31:24] 发送(hex): 20
[2026/09/17 21:31:24] 发送(hex): 20
[2026/09/17 21:31:24] 发送(hex): 20
[2026/09/17 21:31:24] 发送(hex): 20
[2026/09/17 21:31:24] 发送(hex): 20
[2026/09/17 21:31:24] 发送(hex): 20
[2026/09/17 21:31:24] 发送(hex): 20
[2026/09/17 21:31:24] 发送(hex): 20
[2026/09/17 21:31:24] 发送(hex): 20
[2026/09/17 21:31:24] 发送(hex): 20
[2026/09/17 21:31:24] 发送(hex): 20
[2026/09/17 21:31:24] 发送(hex): 20
[2026/09/17 21:31:24] 发送(hex): 20
[2026/09/17 21:31:24] 发送(hex): 20
[2026/09/17 21:31:24] 发送(hex): 20
[2026/09/17 21:31:24] 发送(hex): 20
[2026/09/17 21:31:24] 发送(hex): 20
[2026/09/17 21:31:24] 发送(hex): 20
[2026/09/17 21:31:24] 发送(hex): 20
[2026/09/17 21:31:24] 发送(hex): 20
[2026/09/17 21:31:24] 发送(hex): 20
[2026/09/17 21:31:24] 发送(hex): 20
[2026/09/17 21:31:24] 发送(hex): 20
[2026/09/17 21:31:24] 发送(hex): 20
[2026/09/17 21:31:24] 发送(hex): 20
[2026/09/17 21:31:24] 发送(hex): 20
[2026/09/17 21:31:24] 发送(hex): 20
[2026/09/17 21:31:24] 发送(hex): 20
[2026/09/17 21:31:24] 发送(hex): 20
[2026/09/17 21:31:24] 发送(hex): 20
[2026/09/17 21:31:24] 发送(hex): 20
[2026/09/17 21:31:24] 发送(hex): 20
[2026/09/17 21:31:24] 发送(hex): 20
[2026/09/17 21:31:24] 发送(hex): 20
[2026/09/17 21:31:24] 发送(hex): 20
[2026/09/17 21:31:24] 发送(hex): 20
[2026/09/17 21:31:24] 发送(hex): 20
[2026/09/17 21:31:24] 发送(hex): 20
[2026/09/17 21:31:24] 发送(hex): 20
[2026/09/17 21:31:24] 发送(hex): 20
[2026/09/17 21:31:24] 发送(hex): 20
[2026/09/17 21:31:24] 发送(hex): 20
[2026/09/17 21:31:24] 发送(hex): 20
[2026/09/17 21:31:24] 发送(hex): 20
[2026/09/17 21:31:24] 发送(hex): 20
[2026/09/17 21:31:24] 发送(hex): 20
[2026/09/17 21:31:25] 发送(hex): 20
[2026/09/17 21:31:25] 发送(hex): 20
[2026/09/17 21:31:25] 发送(hex): 20
[2026/09/17 21:31:25] 发送(hex): 20
[2026/09/17 21:31:25] 发送(hex): 20
[2026/09/17 21:31:25] 发送(hex): 20
[2026/09/17 21:31:25] 发送(hex): 20
[2026/09/17 21:31:25] 发送(hex): 20
[2026/09/17 21:31:25] 发送(hex): 20
[2026/09/17 21:31:25] 发送(hex): 20
[2026/09/17 21:31:25] 发送(hex): 20
[2026/09/17 21:31:25] 发送(hex): 20
[2026/09/17 21:31:25] 发送(hex): 0d
[2026/09/17 21:31:25] 发送(hex): 0d
[2026/09/17 21:31:25] Realtek>
[2026/09/17 21:31:25] 发送(hex): 0d
[2026/09/17 21:31:25] 发送(hex): 0d
[2026/09/17 21:31:25] Realtek>
[2026/09/17 21:31:25] Realtek>
[2026/09/17 21:31:25] 发送(hex): 0d
[2026/09/17 21:31:25] Realtek>
[2026/09/17 21:31:25] Realtek>
[2026/09/17 21:31:30] 发送(hex): 706d6f646520656e61626c653b72650d
[2026/09/17 21:31:30] pmode enable;re
[2026/09/17 21:31:30] uboot command for pmode enable!
[2026/09/17 21:31:30] resetting ...
[2026/09/17 21:31:30] $
[2026/09/17 21:31:30] Post romcode git ver:42df880604ac78a3 (Aug 28 2026 21:41:35)
[2026/09/17 21:31:30] $
[2026/09/17 21:31:30] Hello world, RTD2875P_CN2_TV030!
[2026/09/17 21:31:30] set_wifi_reset
[2026/09/17 21:31:30] Auxcode git ver:3a4deb9ea300359e (Aug 28 2026 21:41:29)
[2026/09/17 21:31:30] flash_type = 2, secure_type = 2
[2026/09/17 21:31:30] b8062204=20000
[2026/09/17 21:31:30] slot info 0 0x0 info 1 0x9021afbe
[2026/09/17 21:31:31] g_gpt_blk_start 0x1  g_offline_gpt 0x0 last_usable_lba 0x1cd2032 num_partition_entries 0x32
[2026/09/17 21:31:31] start 0x2e600000 clt_blk 0x1973004 ctrl size 0x20
[2026/09/17 21:31:31] choose active index 0
[2026/09/17 21:31:31] part name bootloader ative_slot _a real part name bootloader_a
[2026/09/17 21:31:31] part name hwsetting start 0x100000 size 0x33600
[2026/09/17 21:31:31] part name ext_fw start 0x133600 size 0x10400
[2026/09/17 21:31:31] part name kboot start 0x143a00 size 0x16e00
[2026/09/17 21:31:31] part name uboot start 0x15a800 size 0x120400
[2026/09/17 21:31:31] ls4 2 1 = 800040ab 8000207f 80001000
[2026/09/17 21:31:31] fNewHWsettingArch = 2
[2026/09/17 21:31:31] 1.lsadcidx = 2, brand =3, offset = 0
[2026/09/17 21:31:31] 1.lsadcidx = 2, brand =3, offset = 17800
[2026/09/17 21:31:31] hwsetting from mmc
[2026/09/17 21:31:31] AC on HW offset 0x809 start 0x800 reg 0x8090800
[2026/09/17 21:31:31] total = 2f00
[2026/09/17 21:31:31] A
[2026/09/17 21:31:31] A
[2026/09/17 21:31:31] A
[2026/09/17 21:31:31] A
[2026/09/17 21:31:31] A
[2026/09/17 21:31:31] {12 14}
[2026/09/17 21:31:31] ffeeddf
[2026/09/17 21:31:31] feeddddr ver: 62c63180
[2026/09/17 21:31:31] ori DQS0~7 {03 04 1a 1c 00 01 00 00}
[2026/09/17 21:31:31] {01 03 19 1b 00 01 00 00} {09 09 07 09 06 05 00 00}
[2026/09/17 21:31:31] r.y.0 r.y.0 SCPU BISR status: Done
[2026/09/17 21:31:31] [go kb]
[2026/09/17 21:31:31] pass bootco
[2026/09/17 21:31:31] de info to kboot
[2026/09/17 21:31:31] num=1056
[2026/09/17 21:31:31] boot_magic=20230423
[2026/09/17 21:31:31] ---DEBUG kboot 21:41:14 Aug 28 2026 ---
[2026/09/17 21:31:31] [Kboot]eMMC(mid-15) MMC_HS50 (50000000Mhz)[8bit].
[2026/09/17 21:31:31] block info 0x1cd2032 0x3a3e000.
[2026/09/17 21:31:31] [MMC] 32 -----------> 16GB.
[2026/09/17 21:31:31] (2379beef) (0) bufsize=(null)
[2026/09/17 21:31:31] uboot start 0x15a800 size 0x120400
[2026/09/17 21:31:31] board_version: ls1 = 0,
[2026/09/17 21:31:31] ver: 0
[2026/09/17 21:31:31] [0;31mapp_main 325 board_version=0[0m
[2026/09/17 21:31:31] get FW_TZFW flash start 0xf100200 ddr buf start 0x18000
[2026/09/17 21:31:31] 0 image size 010c2e3 ok!
[2026/09/17 21:31:31] [INFO]RPMB auth key not written !
[2026/09/17 21:31:31] [INFO]RPMB auth key not written !
[2026/09/17 21:31:31] Current board is not frist boot.
[2026/09/17 21:31:31] ALL zero, reserved_3 has removed.
[2026/09/17 21:31:31] Current board remove reserved_3 done.
[2026/09/17 21:31:31] get FW_VKERNEL flash st
[2026/09/17 21:31:31] art 0xc100200 ddr buf start 0x1a900000 image size 05f0300 ok!
[2026/09/17 21:31:31] get FW_VKERNEL2 flash start 0xd900200 ddr buf start 0x1af00000 image size 0f4920 ok!
[2026/09/17 21:31:32] get FW_AKERNEL flash start 0xa900200 ddr buf start 0x1b200000 image size 07fbf7c ok!
[2026/09/17 21:31:32] ATFATFATF:0 1 NOTICE: kill CPU(2)...
[2026/09/17 21:31:32] ATF:0 1 NOTICE: kill (2) : PACTIVE:0
[2026/09/17 21:31:32] ATF:0 1 NOTICE:  CPU(2) kill done, pstate(0x0)
[2026/09/17 21:31:32] U
[2026/09/17 21:31:32] fixup_node_name 555. set /reserved-memory@5 to /reserved-memory
[2026/09/17 21:31:32] fixup_node_name 555. set /rtk_cma@5 to /rtk_cma
[2026/09/17 21:31:32] ### [1;31mERROR[0m ### get_movablecore 613. Can't find dtb node /reserved-memory/cma2_memory/reg
[2026/09/17 21:31:32] reinit_mem_info 1049  ddr_size 80000000
[2026/09/17 21:31:32] booting, boot_led_type: 0x00000000, led on[1]
[2026/09/17 21:31:32] set share register: 0x99100000
[2026/09/17 21:31:32] boot_power_on_mode=1
[2026/09/17 21:31:32] [get_layout:1264]!
[2026/09/17 21:31:32] boot_part value = 0 boot_tag value = 21
[2026/09/17 21:31:32] [get_oemkey] 1397: get oem.key = ATV00107525
[2026/09/17 21:31:32] Factory_RO: [EXT4] factory_ro_buffer:0a800000, factory_ro_buffer size:0x1000000!
[2026/09/17 21:31:32] Partiton factory_ro_a located at 0:6
[2026/09/17 21:31:32] factory_ro_a partition can not find /.000@bk@***!
[2026/09/17 21:31:32] Factory RO no need recovery!
[2026/09/17 21:31:32] Get tvconfigs_a partition block device index fail!
[2026/09/17 21:31:32] read customer.ini file fail!
[2026/09/17 21:31:32] parse SYS_INI path fail
[2026/09/17 21:31:32] Not support board ini mechansim!
[2026/09/17 21:31:32] Get tvconfigs_a partition block device index fail!
[2026/09/17 21:31:32] read customer.ini file fail!
[2026/09/17 21:31:32] parse SYS_INI path fail
[2026/09/17 21:31:32] load model ini file fail
[2026/09/17 21:31:32] cannot find PcbPath from ini file
[2026/09/17 21:31:32] no pcb.config in tvconfigs
[2026/09/17 21:31:32] no mnt/vendor/factorypcb.config
[2026/09/17 21:31:34] delay:342
[2026/09/17 21:31:34] Vwait V1go
[2026/09/17 21:31:34] Vwait V2go
[2026/09/17 21:31:34] DEMOD BISR check Pass and disable demod CLK!!
[2026/09/17 21:31:34] [0;31mboard_version=0 sz=18M[0m
[2026/09/17 21:31:34] ATF:0 1 NOTICE: atf enter time:1179ms, current time:3989ms
[2026/09/17 21:31:34] ATF:0 1 NOTICE: 1st boot elapsed 3995ms
[2026/09/17 21:31:37] console:/ $
[2026/09/17 21:31:45] factory auto test loop start
[2026/09/17 21:31:45]  
[2026/09/17 21:32:05] 发送(hex): aa061001a7ef
[2026/09/17 21:32:05] «
[2026/09/17 21:32:05] ßN
[2026/09/17 21:32:06] 发送(hex): aa06110194de
[2026/09/17 21:32:06] «
[2026/09/17 21:32:06] ßN
[2026/09/17 21:32:26] 发送(hex): aa06840063e1
[2026/09/17 21:32:26] «
[2026/09/17 21:32:26] ßN
[2026/09/17 21:32:26] «b ;X
[2026/09/17 21:32:29] $
[2026/09/17 21:32:29] Post romcode git ver:42df880604ac78a3 (Aug 28 2026 21:41:35)
[2026/09/17 21:32:29] $
[2026/09/17 21:32:29] Hello world, RTD2875P_CN2_TV030!
[2026/09/17 21:32:29] set_wifi_reset
[2026/09/17 21:32:29] Auxcode git ver:3a4deb9ea300359e (Aug 28 2026 21:41:29)
[2026/09/17 21:32:29] flash_type = 2, secure_type = 2
[2026/09/17 21:32:29] b8062204=0
[2026/09/17 21:32:29] slot info 0 0x0 info 1 0x0
[2026/09/17 21:32:29] invalid reg slot status
[2026/09/17 21:32:30] 0x0,get slot info from flash!
[2026/09/17 21:32:30] g_gpt_blk_start 0x1  g_offline_gpt 0x0 last_usable_lba 0x1cd2032 num_partition_entries 0x32
[2026/09/17 21:32:30] start 0x2e600000 clt_blk 0x1973004 ctrl size 0x20
[2026/09/17 21:32:30] choose active index 0
[2026/09/17 21:32:30] part name bootloader ative_slot _a real part name bootloader_a
[2026/09/17 21:32:30] part name hwsetting start 0x100000 size 0x33600
[2026/09/17 21:32:30] part name ext_fw start 0x133600 size 0x10400
[2026/09/17 21:32:30] part name kboot start 0x143a00 size 0x16e00
[2026/09/17 21:32:30] part name uboot start 0x15a800 size 0x120400
[2026/09/17 21:32:30] ls4 2 1 = 800040aa 8000207f 80001000
[2026/09/17 21:32:30] fNewHWsettingArch = 2
[2026/09/17 21:32:30] 1.lsadcidx = 2, brand =3, offset = 0
[2026/09/17 21:32:30] 1.lsadcidx = 2, brand =3, offset = 17800
[2026/09/17 21:32:30] hwsetting from mmc
[2026/09/17 21:32:30] AC on HW offset 0x809 start 0x800 reg 0x8090800
[2026/09/17 21:32:30] total = 2f00
[2026/09/17 21:32:30] A
[2026/09/17 21:32:30] A
[2026/09/17 21:32:30] A
[2026/09/17 21:32:30] A
[2026/09/17 21:32:30] A
[2026/09/17 21:32:30] {12 14}
[2026/09/17 21:32:30] ffeeddffeeddddr ver: 62c63180
[2026/09/17 21:32:30] ori DQS0~7 {03 04 1a 1c 00 01 00 00}
[2026/09/17 21:32:30] {01 03 19 1b 00 01 00 00} {09 09 06 09 06 06 00 00}
[2026/09/17 21:32:30] r.y.0
[2026/09/17 21:32:30] r.y.0 SCPU BISR status: Done
[2026/09/17 21:32:30] [go kb]
[2026/09/17 21:32:30] pass bootcode info to kboot
[2026/09/17 21:32:30] num=1100
[2026/09/17 21:32:30] boot_magic=72646004
[2026/09/17 21:32:30] ---DEBUG kboot 21:41:14 Aug 28 2026 ---
[2026/09/17 21:32:30] [Kboot]eMMC(mid-15) MMC_HS50 (50000000Mhz)[8bit].
[2026/09/17 21:32:30] block info 0x1cd2032 0x3a3e000.
[2026/09/17 21:32:30] [MMC] 32 -----------> 16GB.
[2026/09/17 21:32:30] (00000000) (1) bufsize=(null)
[2026/09/17 21:32:30] uboot start 0x15a800
[2026/09/17 21:32:30] size 0x120400
[2026/09/17 21:32:30] board_version: ls1 = 0, ver: 0
[2026/09/17 21:32:30] [0;31mapp_main 325 board_version=0[0m
[2026/09/17 21:32:30] get FW_TZFW flash start 0xf100200 ddr buf start 0x180000 image size 010c2e3 ok!
[2026/09/17 21:32:30] [INFO]RPMB auth key not written !
[2026/09/17 21:32:30] [INFO]RPMB auth key not written !
[2026/09/17 21:32:30] Current board is not frist boot.
[2026/09/17 21:32:30] ALL zero, reserved_3 has removed.
[2026/09/17 21:32:30] Current board remove reserved_3 done.
[2026/09/17 21:32:30] get FW_VKERNEL flash start
[2026/09/17 21:32:30] 0xc100200 ddr buf start 0x1a900000 image size 05f0300 ok!
[2026/09/17 21:32:30] get FW_VKERNEL2 flash start 0xd900200 ddr buf start 0x1af00000 image size 0f4920 ok!
[2026/09/17 21:32:31] get FW_AKERNEL flash start 0xa900200 ddr buf start 0x1b200000 image size 07fbf7c ok!
[2026/09/17 21:32:31] ATFATFATF:0 1 NOTICE: kill CPU(2)...
[2026/09/17 21:32:31] ATF:0 1 NOTICE: kill (2) : PACTIVE:0
[2026/09/17 21:32:31] ATF:0 1 NOTICE:  CPU(2) kill done, pstate(0x0)
[2026/09/17 21:32:31] U
[2026/09/17 21:32:31] fixup_node_name 555. set /reserved-memory@5 to /reserved-memory
[2026/09/17 21:32:31] fixup_node_name 555. set /rtk_cma@5 to /rtk_cma
[2026/09/17 21:32:31] ### [1;31mERROR[0m ### get_movablecore 613. Can't find dtb node /reserved-memory/cma2_memory/reg
[2026/09/17 21:32:31] reinit_mem_info 1049  ddr_size 80000000
[2026/09/17 21:32:31] booting, boot_led_type: 0x00000000, led on[1]
[2026/09/17 21:32:31] set share register: 0x99100000
[2026/09/17 21:32:31] boot_power_on_mode=1
[2026/09/17 21:32:31] [get_layout:1264]!
[2026/09/17 21:32:31] boot_part value = 0 boot_tag value = 21
[2026/09/17 21:32:31] [get_oemkey] 1397: get oem.key = ATV00107525
[2026/09/17 21:32:31] Factory_RO: [EXT4] factory_ro_buffer:0a800000, factory_ro_buffer size:0x1000000!
[2026/09/17 21:32:31] Partiton factory_ro_a located at 0:6
[2026/09/17 21:32:31] factory_ro_a partition can not find /.000@bk@***!
[2026/09/17 21:32:31] Factory RO no need recovery!
[2026/09/17 21:32:31] Get tvconfigs_a partition block device index fail!
[2026/09/17 21:32:31] read customer.ini file fail!
[2026/09/17 21:32:31] parse SYS_INI path fail
[2026/09/17 21:32:31] Not support board ini mechansim!
[2026/09/17 21:32:31] Get tvconfigs_a partition block device index fail!
[2026/09/17 21:32:31] read customer.ini file fail!
[2026/09/17 21:32:31] parse SYS_INI path fail
[2026/09/17 21:32:31] load model ini file fail
[2026/09/17 21:32:31] cannot find PcbPath from ini file
[2026/09/17 21:32:31] no pcb.config in tvconfigs
[2026/09/17 21:32:31] no mnt/vendor/factorypcb.config
[2026/09/17 21:32:33] delay:292
[2026/09/17 21:32:33] Vwait V1go
[2026/09/17 21:32:33] Vwait V2go
[2026/09/17 21:32:34] DEMOD BISR check Pass and disable demod CLK!!
[2026/09/17 21:32:34] [0;31mboard_version=0 sz=18M[0m
[2026/09/17 21:32:34] ATF:0 1 NOTICE: atf enter time:1186ms, current time:4076ms
[2026/09/17 21:32:34] ATF:0 1 NOTICE: 1st boot elapsed 4082ms
[2026/09/17 21:32:36] console:/ $
[2026/09/17 21:32:45] factory auto test loop start
[2026/09/17 21:32:45]  
[2026/09/17 21:33:01] 发送(hex): 20
[2026/09/17 21:33:01] 发送(hex): 20
[2026/09/17 21:33:01] 发送(hex): 20
[2026/09/17 21:33:01] 发送(hex): 20
[2026/09/17 21:33:01] 发送(hex): 20
[2026/09/17 21:33:01] 发送(hex): 20
[2026/09/17 21:33:01] 发送(hex): 20
[2026/09/17 21:33:01] 发送(hex): 20
[2026/09/17 21:33:01] 发送(hex): 20
[2026/09/17 21:33:01] 发送(hex): 20
[2026/09/17 21:33:01] 发送(hex): 20
[2026/09/17 21:33:01] 发送(hex): 20
[2026/09/17 21:33:01] 发送(hex): 20
[2026/09/17 21:33:01] 发送(hex): 20
[2026/09/17 21:33:01] 发送(hex): 20
[2026/09/17 21:33:01] 发送(hex): 20
[2026/09/17 21:33:01] 发送(hex): 20
[2026/09/17 21:33:01] 发送(hex): 20
[2026/09/17 21:33:01] 发送(hex): 20
[2026/09/17 21:33:01] 发送(hex): 20
[2026/09/17 21:33:01] 发送(hex): 20
[2026/09/17 21:33:01] 发送(hex): 20
[2026/09/17 21:33:01] 发送(hex): 20
[2026/09/17 21:33:01] 发送(hex): 20
[2026/09/17 21:33:01] 发送(hex): 20
[2026/09/17 21:33:01] 发送(hex): 20
[2026/09/17 21:33:01] 发送(hex): 20
[2026/09/17 21:33:01] 发送(hex): 20
[2026/09/17 21:33:01] 发送(hex): 20
[2026/09/17 21:33:01] 发送(hex): 20
[2026/09/17 21:33:01] 发送(hex): 20
[2026/09/17 21:33:01] 发送(hex): 20
[2026/09/17 21:33:01] 发送(hex): 20
[2026/09/17 21:33:01] $
[2026/09/17 21:33:01] Post romcode git ver:42df880604ac78a3 (Aug 28 2026 21:41:35)
[2026/09/17 21:33:01] $
[2026/09/17 21:33:01] Hello world, RTD2875P_CN2_TV030!
[2026/09/17 21:33:01] set_wifi_reset
[2026/09/17 21:33:01] 发送(hex): 20
[2026/09/17 21:33:01] 发送(hex): 20
[2026/09/17 21:33:01] Auxcode git ver:3a4deb9ea300359e (Aug 28 2026 21:41:29)
[2026/09/17 21:33:01] flash_type = 2, secure_type = 2
[2026/09/17 21:33:01] b8062204=0
[2026/09/17 21:33:01] 发送(hex): 20
[2026/09/17 21:33:01] slot info 0 0x0 info 1 0x0
[2026/09/17 21:33:01] invalid reg slot status
[2026/09/17 21:33:01] 发送(hex): 20
[2026/09/17 21:33:01] 发送(hex): 20
[2026/09/17 21:33:01] 发送(hex): 20
[2026/09/17 21:33:01] 发送(hex): 20
[2026/09/17 21:33:01] 发送(hex): 20
[2026/09/17 21:33:01] 发送(hex): 20
[2026/09/17 21:33:01] 发送(hex): 20
[2026/09/17 21:33:01] 发送(hex): 20
[2026/09/17 21:33:01] 0x0,get slot info from flash!
[2026/09/17 21:33:01] g_gpt_blk_start 0x1  g_offline_gpt 0x0 last_usable_lba 0x1cd2032 num_partition_entries 0x32
[2026/09/17 21:33:01] start 0x2e600000 clt_blk 0x1973004 ctrl size 0x20
[2026/09/17 21:33:01] choose active index 0
[2026/09/17 21:33:01] part name bootloader ative_slot _a real part name bootloader_a
[2026/09/17 21:33:01] part name hwsetting start 0x100000 size 0x33600
[2026/09/17 21:33:01] part name ext_fw start 0x133600 size 0x10400
[2026/09/17 21:33:01] part name kboot start 0x143a00 size 0x16e00
[2026/09/17 21:33:01] part name uboot start 0x15a800 size 0x120400
[2026/09/17 21:33:01] ls4 2 1 = 800040aa 8000207f 80001000
[2026/09/17 21:33:01] fNewHWsettingArch = 2
[2026/09/17 21:33:01] 1.lsadcidx = 2, brand =3, offset = 0
[2026/09/17 21:33:01] 1.lsadcidx = 2, brand =3, offset = 17800
[2026/09/17 21:33:01] hwsetting from mmc
[2026/09/17 21:33:01] AC on HW offset 0x809 start 0x800 reg 0x8090800
[2026/09/17 21:33:01] total = 2f00
[2026/09/17 21:33:01] 发送(hex): 20
[2026/09/17 21:33:01] 发送(hex): 20
[2026/09/17 21:33:01] 发送(hex): 20
[2026/09/17 21:33:01] 发送(hex): 20
[2026/09/17 21:33:01] 发送(hex): 20
[2026/09/17 21:33:01] 发送(hex): 20
[2026/09/17 21:33:01] A
[2026/09/17 21:33:01] A
[2026/09/17 21:33:01] 发送(hex): 20
[2026/09/17 21:33:01] 发送(hex): 20
[2026/09/17 21:33:01] A
[2026/09/17 21:33:01] A
[2026/09/17 21:33:01] 发送(hex): 20
[2026/09/17 21:33:01] A
[2026/09/17 21:33:01] 发送(hex): 20
[2026/09/17 21:33:01] 发送(hex): 20
[2026/09/17 21:33:01] {12 14}
[2026/09/17 21:33:01] ffeeddffeeddddr ver: 62c63180
[2026/09/17 21:33:01] ori DQS0~7 {03 04 1a 1c 00 01 00 00}
[2026/09/17 21:33:01] 发送(hex): 20
[2026/09/17 21:33:01] 发送(hex): 20
[2026/09/17 21:33:01] 发送(hex): 20
[2026/09/17 21:33:02] 发送(hex): 20
[2026/09/17 21:33:02] 发送(hex): 20
[2026/09/17 21:33:02] 发送(hex): 20
[2026/09/17 21:33:02] 发送(hex): 20
[2026/09/17 21:33:02] 发送(hex): 20
[2026/09/17 21:33:02] {01 03 19 1b 00 01 00 00} {09 09 07 09 06 05 00 00}
[2026/09/17 21:33:02] r.y.0
[2026/09/17 21:33:02] 发送(hex): 20
[2026/09/17 21:33:02] r.y.0 SCPU BISR status: Done
[2026/09/17 21:33:02] 发送(hex): 20
[2026/09/17 21:33:02] 发送(hex): 20
[2026/09/17 21:33:02] [go kb]
[2026/09/17 21:33:02] 发送(hex): 20
[2026/09/17 21:33:02] 发送(hex): 20
[2026/09/17 21:33:02] 发送(hex): 20
[2026/09/17 21:33:02] 发送(hex): 20
[2026/09/17 21:33:02] pass bootcode info to kboot
[2026/09/17 21:33:02] num=1100
[2026/09/17 21:33:02] boot_magic=7f676014
[2026/09/17 21:33:02] ---DEBUG kboot 21:41:14 Aug 28 2026 ---
[2026/09/17 21:33:02] [Kboot]eMMC(mid-15) MMC_HS50 (50000000Mhz)[8bit].
[2026/09/17 21:33:02] block info 0x1cd2032 0x3a3e000.
[2026/09/17 21:33:02] [MMC] 32 -----------> 16GB.
[2026/09/17 21:33:02] 发送(hex): 20
[2026/09/17 21:33:02] (00000000) (1) bufsize=(null)
[2026/09/17 21:33:02] 发送(hex): 20
[2026/09/17 21:33:02] 发送(hex): 20
[2026/09/17 21:33:02] 发送(hex): 20
[2026/09/17 21:33:02] uboot start 0x15a800 size 0x120400
[2026/09/17 21:33:02] 发送(hex): 20
[2026/09/17 21:33:02] 发送(hex): 20
[2026/09/17 21:33:02] board_ver
[2026/09/17 21:33:02] 发送(hex): 20
[2026/09/17 21:33:02] 发送(hex): 20
[2026/09/17 21:33:02] sion: ls1 = 0, ver: 0
[2026/09/17 21:33:02] [0;31mapp_main 325 board_version=0[0m
[2026/09/17 21:33:02] 发送(hex): 20
[2026/09/17 21:33:02] 发送(hex): 20
[2026/09/17 21:33:02] 发送(hex): 20
[2026/09/17 21:33:02] 发送(hex): 20
[2026/09/17 21:33:02] 发送(hex): 20
[2026/09/17 21:33:02] 发送(hex): 20
[2026/09/17 21:33:02] get FW_TZFW flash start 0xf100200 ddr buf start 0x180000 image size 010c2e3 ok!
[2026/09/17 21:33:02] [INFO]RPMB auth key not written !
[2026/09/17 21:33:02] [INFO]RPMB auth key not written !
[2026/09/17 21:33:02] Current board is not frist boot.
[2026/09/17 21:33:02] ALL zero, reserved_3 has removed.
[2026/09/17 21:33:02] Current board remove reserved_3 done.
[2026/09/17 21:33:02] 发送(hex): 20
[2026/09/17 21:33:02] 发送(hex): 20
[2026/09/17 21:33:02] 发送(hex): 20
[2026/09/17 21:33:02] 发送(hex): 20
[2026/09/17 21:33:02] 发送(hex): 20
[2026/09/17 21:33:02] 发送(hex): 20
[2026/09/17 21:33:02] 发送(hex): 20
[2026/09/17 21:33:02] 发送(hex): 20
[2026/09/17 21:33:02] 发送(hex): 20
[2026/09/17 21:33:02] 发送(hex): 20
[2026/09/17 21:33:02] 发送(hex): 20
[2026/09/17 21:33:02] 发送(hex): 20
[2026/09/17 21:33:02] 发送(hex): 20
[2026/09/17 21:33:02] 发送(hex): 20
[2026/09/17 21:33:02] 发送(hex): 20
[2026/09/17 21:33:02] 发送(hex): 20
[2026/09/17 21:33:02] 发送(hex): 20
[2026/09/17 21:33:02] 发送(hex): 20
[2026/09/17 21:33:02] get FW_VKERNEL flash start
[2026/09/17 21:33:02] 发送(hex): 20
[2026/09/17 21:33:02] 发送(hex): 20
[2026/09/17 21:33:02] 0xc100200 ddr buf start 0x1a900000 image size 05f0300 ok!
[2026/09/17 21:33:02] 发送(hex): 20
[2026/09/17 21:33:02] 发送(hex): 20
[2026/09/17 21:33:02] 发送(hex): 20
[2026/09/17 21:33:02] 发送(hex): 20
[2026/09/17 21:33:02] get FW_VKERNEL2 flash start 0xd900200 ddr buf start 0x1af00000 image size 0f4920 ok!
[2026/09/17 21:33:02] 发送(hex): 20
[2026/09/17 21:33:02] 发送(hex): 20
[2026/09/17 21:33:02] 发送(hex): 20
[2026/09/17 21:33:02] 发送(hex): 20
[2026/09/17 21:33:02] 发送(hex): 20
[2026/09/17 21:33:02] 发送(hex): 20
[2026/09/17 21:33:02] 发送(hex): 20
[2026/09/17 21:33:02] 发送(hex): 20
[2026/09/17 21:33:02] 发送(hex): 20
[2026/09/17 21:33:02] 发送(hex): 20
[2026/09/17 21:33:02] 发送(hex): 20
[2026/09/17 21:33:02] 发送(hex): 20
[2026/09/17 21:33:02] 发送(hex): 20
[2026/09/17 21:33:02] 发送(hex): 20
[2026/09/17 21:33:02] 发送(hex): 20
[2026/09/17 21:33:02] 发送(hex): 20
[2026/09/17 21:33:02] 发送(hex): 20
[2026/09/17 21:33:02] 发送(hex): 20
[2026/09/17 21:33:02] 发送(hex): 20
[2026/09/17 21:33:02] 发送(hex): 20
[2026/09/17 21:33:02] 发送(hex): 20
[2026/09/17 21:33:02] 发送(hex): 20
[2026/09/17 21:33:02] 发送(hex): 20
[2026/09/17 21:33:02] 发送(hex): 20
[2026/09/17 21:33:02] 发送(hex): 20
[2026/09/17 21:33:02] 发送(hex): 20
[2026/09/17 21:33:02] get FW_AKERNEL flash start 0xa900200 ddr buf start 0x1b200000 image size 07fbf7c ok!
[2026/09/17 21:33:02] 发送(hex): 20
[2026/09/17 21:33:02] 发送(hex): 20
[2026/09/17 21:33:02] 发送(hex): 20
[2026/09/17 21:33:02] 发送(hex): 20
[2026/09/17 21:33:02] 发送(hex): 20
[2026/09/17 21:33:02] 发送(hex): 20
[2026/09/17 21:33:02] 发送(hex): 20
[2026/09/17 21:33:02] 发送(hex): 20
[2026/09/17 21:33:02] 发送(hex): 20
[2026/09/17 21:33:02] 发送(hex): 20
[2026/09/17 21:33:02] 发送(hex): 20
[2026/09/17 21:33:02] ATFATFATF:0 1 NOTICE: kill CPU(2)...
[2026/09/17 21:33:02] ATF:0 1 NOTICE: kill (2) : PACTIVE:0
[2026/09/17 21:33:02] ATF:0 1 NOTICE:  CPU(2) kill done, pstate(0x0)
[2026/09/17 21:33:02] 发送(hex): 20
[2026/09/17 21:33:02] U
[2026/09/17 21:33:02] 发送(hex): 20
[2026/09/17 21:33:02] 发送(hex): 20
[2026/09/17 21:33:02] 发送(hex): 20
[2026/09/17 21:33:02] 发送(hex): 20
[2026/09/17 21:33:02] 发送(hex): 20
[2026/09/17 21:33:02] 发送(hex): 20
[2026/09/17 21:33:03] 发送(hex): 20
[2026/09/17 21:33:03] 发送(hex): 20
[2026/09/17 21:33:03] 发送(hex): 20
[2026/09/17 21:33:03] 发送(hex): 20
[2026/09/17 21:33:03] 发送(hex): 20
[2026/09/17 21:33:03] 发送(hex): 20
[2026/09/17 21:33:03] 发送(hex): 20
[2026/09/17 21:33:03] 发送(hex): 20
[2026/09/17 21:33:03] 发送(hex): 20
[2026/09/17 21:33:03] 发送(hex): 20
[2026/09/17 21:33:03] 发送(hex): 20
[2026/09/17 21:33:03] fixup_node_name 555. set /reserved-memory@5 to /reserved-memory
[2026/09/17 21:33:03] fixup_node_name 555. set /rtk_cma@5 to /rtk_cma
[2026/09/17 21:33:03] ### [1;31mERROR[0m ### get_movablecore 613. Can't find dtb node /reserved-memory/cma2_memory/reg
[2026/09/17 21:33:03] reinit_mem_info 1049  ddr_size 80000000
[2026/09/17 21:33:03] 发送(hex): 20
[2026/09/17 21:33:03] 发送(hex): 20
[2026/09/17 21:33:03] booting, boot_led_type: 0x00000000, led on[1]
[2026/09/17 21:33:03] set share register: 0x99100000
[2026/09/17 21:33:03] boot_power_on_mode=1
[2026/09/17 21:33:03] [get_layout:1264]!
[2026/09/17 21:33:03] 发送(hex): 20
[2026/09/17 21:33:03] 发送(hex): 20
[2026/09/17 21:33:03] 发送(hex): 20
[2026/09/17 21:33:03] 发送(hex): 20
[2026/09/17 21:33:03] 发送(hex): 20
[2026/09/17 21:33:03] 发送(hex): 20
[2026/09/17 21:33:03] 发送(hex): 20
[2026/09/17 21:33:03] 发送(hex): 20
[2026/09/17 21:33:03] boot_part value = 0 boot_tag value = 21
[2026/09/17 21:33:03] [get_oemkey] 1397: get oem.key = ATV00107525
[2026/09/17 21:33:03] Factory_RO: [EXT4] factory_ro_buffer:0a800000, factory_ro_buffer size:0x1000000!
[2026/09/17 21:33:03] Partiton factory_ro_a located at 0:6
[2026/09/17 21:33:03] factory_ro_a partition can not find /.000@bk@***!
[2026/09/17 21:33:03] Factory RO no need recovery!
[2026/09/17 21:33:03] Get tvconfigs_a partition block device index fail!
[2026/09/17 21:33:03] read customer.ini file fail!
[2026/09/17 21:33:03] parse SYS_INI path fail
[2026/09/17 21:33:03] Not support board ini mechansim!
[2026/09/17 21:33:03] Get tvconfigs_a partition block device index fail!
[2026/09/17 21:33:03] read customer.ini file fail!
[2026/09/17 21:33:03] parse SYS_INI path fail
[2026/09/17 21:33:03] load model ini file fail
[2026/09/17 21:33:03] cannot find PcbPath from ini file
[2026/09/17 21:33:03] no pcb.config in tvconfigs
[2026/09/17 21:33:03] no mnt/vendor/factorypcb.config
[2026/09/17 21:33:03] 发送(hex): 20
[2026/09/17 21:33:03] 发送(hex): 20
[2026/09/17 21:33:03] 发送(hex): 20
[2026/09/17 21:33:03] 发送(hex): 20
[2026/09/17 21:33:03] 发送(hex): 20
[2026/09/17 21:33:03] 发送(hex): 20
[2026/09/17 21:33:03] 发送(hex): 20
[2026/09/17 21:33:03] 发送(hex): 20
[2026/09/17 21:33:03] 发送(hex): 20
[2026/09/17 21:33:03] 发送(hex): 20
[2026/09/17 21:33:03] 发送(hex): 20
[2026/09/17 21:33:03] 发送(hex): 20
[2026/09/17 21:33:03] 发送(hex): 20
[2026/09/17 21:33:03] 发送(hex): 20
[2026/09/17 21:33:03] 发送(hex): 20
[2026/09/17 21:33:03] 发送(hex): 20
[2026/09/17 21:33:03] 发送(hex): 20
[2026/09/17 21:33:03] 发送(hex): 20
[2026/09/17 21:33:03] 发送(hex): 20
[2026/09/17 21:33:03] 发送(hex): 20
[2026/09/17 21:33:03] 发送(hex): 20
[2026/09/17 21:33:03] 发送(hex): 20
[2026/09/17 21:33:03] 发送(hex): 20
[2026/09/17 21:33:03] 发送(hex): 20
[2026/09/17 21:33:03] 发送(hex): 20
[2026/09/17 21:33:03] 发送(hex): 20
[2026/09/17 21:33:03] 发送(hex): 20
[2026/09/17 21:33:03] 发送(hex): 20
[2026/09/17 21:33:03] 发送(hex): 20
[2026/09/17 21:33:03] 发送(hex): 20
[2026/09/17 21:33:03] 发送(hex): 20
[2026/09/17 21:33:03] 发送(hex): 20
[2026/09/17 21:33:03] 发送(hex): 20
[2026/09/17 21:33:03] 发送(hex): 20
[2026/09/17 21:33:03] 发送(hex): 20
[2026/09/17 21:33:03] 发送(hex): 20
[2026/09/17 21:33:03] 发送(hex): 20
[2026/09/17 21:33:03] 发送(hex): 20
[2026/09/17 21:33:03] 发送(hex): 20
[2026/09/17 21:33:03] 发送(hex): 20
[2026/09/17 21:33:03] 发送(hex): 20
[2026/09/17 21:33:03] 发送(hex): 20
[2026/09/17 21:33:03] 发送(hex): 20
[2026/09/17 21:33:03] 发送(hex): 20
[2026/09/17 21:33:03] 发送(hex): 20
[2026/09/17 21:33:03] 发送(hex): 20
[2026/09/17 21:33:03] 发送(hex): 20
[2026/09/17 21:33:03] 发送(hex): 20
[2026/09/17 21:33:03] 发送(hex): 20
[2026/09/17 21:33:03] 发送(hex): 20
[2026/09/17 21:33:03] 发送(hex): 20
[2026/09/17 21:33:03] 发送(hex): 20
[2026/09/17 21:33:03] 发送(hex): 20
[2026/09/17 21:33:03] 发送(hex): 20
[2026/09/17 21:33:03] 发送(hex): 20
[2026/09/17 21:33:03] 发送(hex): 20
[2026/09/17 21:33:03] 发送(hex): 20
[2026/09/17 21:33:03] 发送(hex): 20
[2026/09/17 21:33:03] 发送(hex): 20
[2026/09/17 21:33:03] 发送(hex): 20
[2026/09/17 21:33:03] 发送(hex): 20
[2026/09/17 21:33:03] 发送(hex): 20
[2026/09/17 21:33:03] 发送(hex): 20
[2026/09/17 21:33:03] 发送(hex): 20
[2026/09/17 21:33:03] 发送(hex): 20
[2026/09/17 21:33:03] 发送(hex): 20
[2026/09/17 21:33:03] 发送(hex): 20
[2026/09/17 21:33:03] 发送(hex): 20
[2026/09/17 21:33:03] 发送(hex): 20
[2026/09/17 21:33:03] 发送(hex): 20
[2026/09/17 21:33:03] 发送(hex): 20
[2026/09/17 21:33:03] 发送(hex): 20
[2026/09/17 21:33:03] 发送(hex): 20
[2026/09/17 21:33:04] 发送(hex): 20
[2026/09/17 21:33:04] 发送(hex): 20
[2026/09/17 21:33:04] 发送(hex): 20
[2026/09/17 21:33:04] 发送(hex): 20
[2026/09/17 21:33:04] 发送(hex): 20
[2026/09/17 21:33:04] 发送(hex): 20
[2026/09/17 21:33:04] 发送(hex): 20
[2026/09/17 21:33:04] 发送(hex): 20
[2026/09/17 21:33:04] 发送(hex): 20
[2026/09/17 21:33:04] 发送(hex): 20
[2026/09/17 21:33:04] 发送(hex): 20
[2026/09/17 21:33:04] 发送(hex): 20
[2026/09/17 21:33:04] 发送(hex): 20
[2026/09/17 21:33:04] 发送(hex): 20
[2026/09/17 21:33:04] 发送(hex): 20
[2026/09/17 21:33:04] 发送(hex): 20
[2026/09/17 21:33:04] 发送(hex): 20
[2026/09/17 21:33:04] 发送(hex): 20
[2026/09/17 21:33:04] 发送(hex): 20
[2026/09/17 21:33:04] 发送(hex): 20
[2026/09/17 21:33:04] 发送(hex): 20
[2026/09/17 21:33:04] 发送(hex): 20
[2026/09/17 21:33:04] 发送(hex): 20
[2026/09/17 21:33:04] 发送(hex): 20
[2026/09/17 21:33:04] 发送(hex): 20
[2026/09/17 21:33:04] 发送(hex): 20
[2026/09/17 21:33:04] 发送(hex): 20
[2026/09/17 21:33:04] 发送(hex): 20
[2026/09/17 21:33:04] 发送(hex): 20
[2026/09/17 21:33:04] 发送(hex): 20
[2026/09/17 21:33:04] 发送(hex): 20
[2026/09/17 21:33:04] 发送(hex): 20
[2026/09/17 21:33:04] 发送(hex): 20
[2026/09/17 21:33:04] 发送(hex): 20
[2026/09/17 21:33:04] 发送(hex): 20
[2026/09/17 21:33:04] 发送(hex): 20
[2026/09/17 21:33:04] 发送(hex): 20
[2026/09/17 21:33:04] 发送(hex): 20
[2026/09/17 21:33:04] 发送(hex): 20
[2026/09/17 21:33:04] 发送(hex): 20
[2026/09/17 21:33:04] 发送(hex): 20
[2026/09/17 21:33:04] 发送(hex): 20
[2026/09/17 21:33:04] 发送(hex): 20
[2026/09/17 21:33:04] 发送(hex): 20
[2026/09/17 21:33:04] 发送(hex): 20
[2026/09/17 21:33:04] 发送(hex): 20
[2026/09/17 21:33:04] 发送(hex): 20
[2026/09/17 21:33:04] 发送(hex): 20
[2026/09/17 21:33:04] 发送(hex): 20
[2026/09/17 21:33:04] 发送(hex): 20
[2026/09/17 21:33:04] 发送(hex): 20
[2026/09/17 21:33:04] 发送(hex): 20
[2026/09/17 21:33:04] 发送(hex): 20
[2026/09/17 21:33:04] 发送(hex): 20
[2026/09/17 21:33:04] 发送(hex): 20
[2026/09/17 21:33:04] 发送(hex): 20
[2026/09/17 21:33:04] 发送(hex): 20
[2026/09/17 21:33:04] 发送(hex): 20
[2026/09/17 21:33:04] 发送(hex): 20
[2026/09/17 21:33:04] 发送(hex): 20
[2026/09/17 21:33:04] 发送(hex): 20
[2026/09/17 21:33:04] 发送(hex): 20
[2026/09/17 21:33:04] 发送(hex): 20
[2026/09/17 21:33:04] 发送(hex): 20
[2026/09/17 21:33:04] 发送(hex): 20
[2026/09/17 21:33:04] 发送(hex): 20
[2026/09/17 21:33:04] 发送(hex): 20
[2026/09/17 21:33:04] 发送(hex): 20
[2026/09/17 21:33:04] 发送(hex): 20
[2026/09/17 21:33:04] 发送(hex): 20
[2026/09/17 21:33:04] 发送(hex): 20
[2026/09/17 21:33:04] 发送(hex): 20
[2026/09/17 21:33:04] 发送(hex): 20
[2026/09/17 21:33:04] 发送(hex): 20
[2026/09/17 21:33:04] 发送(hex): 20
[2026/09/17 21:33:04] 发送(hex): 20
[2026/09/17 21:33:04] 发送(hex): 20
[2026/09/17 21:33:04] 发送(hex): 20
[2026/09/17 21:33:04] 发送(hex): 20
[2026/09/17 21:33:04] 发送(hex): 20
[2026/09/17 21:33:04] 发送(hex): 20
[2026/09/17 21:33:04] 发送(hex): 20
[2026/09/17 21:33:04] 发送(hex): 20
[2026/09/17 21:33:04] 发送(hex): 20
[2026/09/17 21:33:04] 发送(hex): 20
[2026/09/17 21:33:04] 发送(hex): 20
[2026/09/17 21:33:04] 发送(hex): 20
[2026/09/17 21:33:04] 发送(hex): 20
[2026/09/17 21:33:04] 发送(hex): 20
[2026/09/17 21:33:04] 发送(hex): 20
[2026/09/17 21:33:04] 发送(hex): 20
[2026/09/17 21:33:04] 发送(hex): 20
[2026/09/17 21:33:04] 发送(hex): 20
[2026/09/17 21:33:04] 发送(hex): 20
[2026/09/17 21:33:05] 发送(hex): 20
[2026/09/17 21:33:05] 发送(hex): 20
[2026/09/17 21:33:05] 发送(hex): 20
[2026/09/17 21:33:05] 发送(hex): 20
[2026/09/17 21:33:05] 发送(hex): 20
[2026/09/17 21:33:05] 发送(hex): 20
[2026/09/17 21:33:05] 发送(hex): 20
[2026/09/17 21:33:05] delay:426
[2026/09/17 21:33:05] 发送(hex): 20
[2026/09/17 21:33:05] 发送(hex): 20
[2026/09/17 21:33:05] 发送(hex): 20
[2026/09/17 21:33:05] 发送(hex): 20
[2026/09/17 21:33:05] 发送(hex): 20
[2026/09/17 21:33:05] 发送(hex): 20
[2026/09/17 21:33:05] 发送(hex): 20
[2026/09/17 21:33:05] 发送(hex): 20
[2026/09/17 21:33:05] 发送(hex): 20
[2026/09/17 21:33:05] 发送(hex): 20
[2026/09/17 21:33:05] 发送(hex): 20
[2026/09/17 21:33:05] 发送(hex): 20
[2026/09/17 21:33:05] 发送(hex): 20
[2026/09/17 21:33:05] 发送(hex): 20
[2026/09/17 21:33:05] 发送(hex): 20
[2026/09/17 21:33:05] 发送(hex): 20
[2026/09/17 21:33:05] 发送(hex): 20
[2026/09/17 21:33:05] 发送(hex): 20
[2026/09/17 21:33:05] 发送(hex): 20
[2026/09/17 21:33:05] 发送(hex): 20
[2026/09/17 21:33:05] 发送(hex): 20
[2026/09/17 21:33:05] 发送(hex): 20
[2026/09/17 21:33:05] 发送(hex): 20
[2026/09/17 21:33:05] 发送(hex): 20
[2026/09/17 21:33:05] 发送(hex): 20
[2026/09/17 21:33:05] 发送(hex): 20
[2026/09/17 21:33:05] 发送(hex): 20
[2026/09/17 21:33:05] 发送(hex): 20
[2026/09/17 21:33:05] 发送(hex): 20
[2026/09/17 21:33:05] 发送(hex): 20
[2026/09/17 21:33:05] 发送(hex): 20
[2026/09/17 21:33:05] 发送(hex): 20
[2026/09/17 21:33:05] 发送(hex): 20
[2026/09/17 21:33:05] Net:   r8168: REALTEK RTL8168 @
[2026/09/17 21:33:05] 发送(hex): 20
[2026/09/17 21:33:05] 0x18016000
[2026/09/17 21:33:05] 发送(hex): 20
[2026/09/17 21:33:05] 发送(hex): 20
[2026/09/17 21:33:05] Start Boot Setup ...
[2026/09/17 21:33:05] (powerMgr_get_wake
[2026/09/17 21:33:05] 发送(hex): 20
[2026/09/17 21:33:05] up_source)2012/05/30 19:50
[2026/09/17 21:33:05] wakeup source : AC
[2026/09/17 21:33:05] 发送(hex): 20
[2026/09/17 21:33:05] 发送(hex): 20
[2026/09/17 21:33:05] 发送(hex): 20
[2026/09/17 21:33:05] 发送(hex): 20
[2026/09/17 21:33:05] (powerMgr_get_wakeup_source)2012/05/30 19:50
[2026/09/17 21:33:05] wakeup source : AC
[2026/09/17 21:33:05] wakeup_src=0, boot_logo_enable=1, bgm_boot_type=0, POWER_ON_MODE_SILEN=0.
[2026/09/17 21:33:05] 发送(hex): 20
[2026/09/17 21:33:05] 发送(hex): 20
[2026/09/17 21:33:05] 发送(hex): 20
[2026/09/17 21:33:05] GDMA module_init finish
[2026/09/17 21:33:05] [GDMA] OSD size[3840,2160]
[2026/09/17 21:33:05] [GDMA] gdma_showlogo gdma show logo 3817
[2026/09/17 21:33:05] Net:   r8168: REALTEK RTL8168 @0x18016000
[2026/09/17 21:33:05] 发送(hex): 20
[2026/09/17 21:33:05] 发送(hex): 20
[2026/09/17 21:33:05] ## Android Verified Boot 2.0 version 1
[2026/09/17 21:33:05] 发送(hex): 20
[2026/09/17 21:33:05] .1.0
[2026/09/17 21:33:05] 发送(hex): 20
[2026/09/17 21:33:05] 发送(hex): 20
[2026/09/17 21:33:05] 发送(hex): 20
[2026/09/17 21:33:05] 发送(hex): 20
[2026/09/17 21:33:05] 发送(hex): 20
[2026/09/17 21:33:05] 发送(hex): 20
[2026/09/17 21:33:05] 发送(hex): 20
[2026/09/17 21:33:05] 发送(hex): 20
[2026/09/17 21:33:05] 发送(hex): 20
[2026/09/17 21:33:05] 发送(hex): 20
[2026/09/17 21:33:05] 发送(hex): 20
[2026/09/17 21:33:05] 发送(hex): 20
[2026/09/17 21:33:05] 发送(hex): 20
[2026/09/17 21:33:05] 发送(hex): 20
[2026/09/17 21:33:05] 发送(hex): 20
[2026/09/17 21:33:05] 发送(hex): 20
[2026/09/17 21:33:05] 发送(hex): 20
[2026/09/17 21:33:05] 发送(hex): 20
[2026/09/17 21:33:05] 发送(hex): 20
[2026/09/17 21:33:05] 发送(hex): 20
[2026/09/17 21:33:05] 发送(hex): 20
[2026/09/17 21:33:05] 发送(hex): 20
[2026/09/17 21:33:05] 发送(hex): 20
[2026/09/17 21:33:05] 发送(hex): 20
[2026/09/17 21:33:05] 发送(hex): 20
[2026/09/17 21:33:05] 发送(hex): 20
[2026/09/17 21:33:05] 发送(hex): 20
[2026/09/17 21:33:05] 发送(hex): 20
[2026/09/17 21:33:05] 发送(hex): 20
[2026/09/17 21:33:05] 发送(hex): 20
[2026/09/17 21:33:05] 发送(hex): 20
[2026/09/17 21:33:05] 发送(hex): 20
[2026/09/17 21:33:05] 发送(hex): 20
[2026/09/17 21:33:05] 发送(hex): 20
[2026/09/17 21:33:05] 发送(hex): 20
[2026/09/17 21:33:05] 发送(hex): 20
[2026/09/17 21:33:05] 发送(hex): 20
[2026/09/17 21:33:05] 发送(hex): 20
[2026/09/17 21:33:05] 发送(hex): 20
[2026/09/17 21:33:06] 发送(hex): 20
[2026/09/17 21:33:06] 发送(hex): 20
[2026/09/17 21:33:06] 发送(hex): 20
[2026/09/17 21:33:06] 发送(hex): 20
[2026/09/17 21:33:06] 发送(hex): 20
[2026/09/17 21:33:06] 发送(hex): 20
[2026/09/17 21:33:06] 发送(hex): 20
[2026/09/17 21:33:06] 发送(hex): 20
[2026/09/17 21:33:06] Verification passed successfully
[2026/09/17 21:33:06] [Skip A] boot manual mode
[2026/09/17 21:33:06] [Skip V] boot manual mode
[2026/09/17 21:33:06] is_avb_verify_hash_partition 164 find avb verify part_name boot img_buf 0x66400000 size 0x307a000
[2026/09/17 21:33:06] boot header version : 4
[2026/09/17 21:33:06] is_avb_verify_hash_partition 164 find avb verify part_name vendor_boot img_buf 0x6bc00000 size 0x10a3000
[2026/09/17 21:33:06] get_partition_content_by_name 11954 get gpt_name init_boot_a err,try part name init_boot!
[2026/09/17 21:33:06] get_partition_content_by_name 11956 get part name init_boot err!
[2026/09/17 21:33:06] 发送(hex): 20
[2026/09/17 21:33:06] 发送(hex): 20
[2026/09/17 21:33:06] 发送(hex): 20
[2026/09/17 21:33:06] 发送(hex): 20
[2026/09/17 21:33:06] 发送(hex): 20
[2026/09/17 21:33:06] 发送(hex): 20
[2026/09/17 21:33:06] 发送(hex): 20
[2026/09/17 21:33:06] 发送(hex): 20
[2026/09/17 21:33:06] get_merge_ramdisk 11932 cur_ramdisk_size 0xf3096 real_cur_ramdisk_size 0xf3096
[2026/09/17 21:33:06] get_merge_ramdisk 11932 cur_ramdisk_size 0x2019e5 real_cur_ramdisk_size 0x2019e5
[2026/09/17 21:33:06] is_avb_verify_hash_partition 164 find avb verify part_name dtbo img_buf 0x6fc00000 size 0x1186
[2026/09/17 21:33:06] Net:   r8168: REALTEK RTL8168 @0x18016000
[2026/09/17 21:33:06] 发送(hex): 20
[2026/09/17 21:33:06] 发送(hex): 20
[2026/09/17 21:33:06] 发送(hex): 20
[2026/09/17 21:33:06] 发送(hex): 20
[2026/09/17 21:33:06] [Skip K] boot manual mode (execute "go all")
[2026/09/17 21:33:06] Enter console mode, disable watchdog ...
[2026/09/17 21:33:06] Realtek>
[2026/09/17 21:33:06] 发送(hex): 20
[2026/09/17 21:33:06] 发送(hex): 20
[2026/09/17 21:33:06] 发送(hex): 20
[2026/09/17 21:33:06] 发送(hex): 20
[2026/09/17 21:33:06] 发送(hex): 20
[2026/09/17 21:33:06] 发送(hex): 20
[2026/09/17 21:33:06] 发送(hex): 20
[2026/09/17 21:33:06] 发送(hex): 20
[2026/09/17 21:33:06] 发送(hex): 20
[2026/09/17 21:33:06] 发送(hex): 20
[2026/09/17 21:33:06] 发送(hex): 20
[2026/09/17 21:33:06] 发送(hex): 20
[2026/09/17 21:33:06] 发送(hex): 20
[2026/09/17 21:33:06] 发送(hex): 20
[2026/09/17 21:33:06] 发送(hex): 20
[2026/09/17 21:33:06] 发送(hex): 20
[2026/09/17 21:33:06] 发送(hex): 20
[2026/09/17 21:33:06] 发送(hex): 20
[2026/09/17 21:33:06] 发送(hex): 20
[2026/09/17 21:33:06] 发送(hex): 20
[2026/09/17 21:33:06] 发送(hex): 20
[2026/09/17 21:33:06] 发送(hex): 20
[2026/09/17 21:33:06] 发送(hex): 20
[2026/09/17 21:33:06] 发送(hex): 20
[2026/09/17 21:33:06] 发送(hex): 20
[2026/09/17 21:33:06] 发送(hex): 20
[2026/09/17 21:33:06] 发送(hex): 20
[2026/09/17 21:33:06] 发送(hex): 20
[2026/09/17 21:33:06] 发送(hex): 20
[2026/09/17 21:33:06] 发送(hex): 20
[2026/09/17 21:33:06] 发送(hex): 20
[2026/09/17 21:33:06] 发送(hex): 20
[2026/09/17 21:33:06] 发送(hex): 20
[2026/09/17 21:33:06] 发送(hex): 20
[2026/09/17 21:33:06] 发送(hex): 20
[2026/09/17 21:33:06] 发送(hex): 20
[2026/09/17 21:33:06] 发送(hex): 20
[2026/09/17 21:33:06] 发送(hex): 20
[2026/09/17 21:33:06] 发送(hex): 20
[2026/09/17 21:33:06] 发送(hex): 20
[2026/09/17 21:33:06] 发送(hex): 20
[2026/09/17 21:33:06] 发送(hex): 20
[2026/09/17 21:33:06] 发送(hex): 20
[2026/09/17 21:33:06] 发送(hex): 20
[2026/09/17 21:33:06] 发送(hex): 20
[2026/09/17 21:33:06] 发送(hex): 20
[2026/09/17 21:33:06] 发送(hex): 20
[2026/09/17 21:33:06] 发送(hex): 20
[2026/09/17 21:33:06] 发送(hex): 20
[2026/09/17 21:33:06] 发送(hex): 20
[2026/09/17 21:33:06] 发送(hex): 20
[2026/09/17 21:33:06] 发送(hex): 20
[2026/09/17 21:33:06] 发送(hex): 20
[2026/09/17 21:33:06] 发送(hex): 20
[2026/09/17 21:33:06] 发送(hex): 20
[2026/09/17 21:33:06] 发送(hex): 20
[2026/09/17 21:33:06] 发送(hex): 20
[2026/09/17 21:33:06] 发送(hex): 20
[2026/09/17 21:33:06] 发送(hex): 20
[2026/09/17 21:33:06] 发送(hex): 20
[2026/09/17 21:33:06] 发送(hex): 20
[2026/09/17 21:33:06] 发送(hex): 20
[2026/09/17 21:33:06] 发送(hex): 20
[2026/09/17 21:33:06] 发送(hex): 20
[2026/09/17 21:33:06] 发送(hex): 20
[2026/09/17 21:33:06] 发送(hex): 20
[2026/09/17 21:33:06] 发送(hex): 20
[2026/09/17 21:33:06] 发送(hex): 20
[2026/09/17 21:33:06] 发送(hex): 20
[2026/09/17 21:33:06] 发送(hex): 20
[2026/09/17 21:33:06] 发送(hex): 20
[2026/09/17 21:33:06] 发送(hex): 20
[2026/09/17 21:33:06] 发送(hex): 20
[2026/09/17 21:33:06] 发送(hex): 20
[2026/09/17 21:33:07] 发送(hex): 20
[2026/09/17 21:33:07] 发送(hex): 20
[2026/09/17 21:33:07] 发送(hex): 20
[2026/09/17 21:33:07] 发送(hex): 20
[2026/09/17 21:33:07] 发送(hex): 20
[2026/09/17 21:33:07] 发送(hex): 20
[2026/09/17 21:33:07] 发送(hex): 20
[2026/09/17 21:33:07] 发送(hex): 20
[2026/09/17 21:33:07] 发送(hex): 20
[2026/09/17 21:33:07] 发送(hex): 20
[2026/09/17 21:33:07] 发送(hex): 20
[2026/09/17 21:33:07] 发送(hex): 20
[2026/09/17 21:33:07] 发送(hex): 20
[2026/09/17 21:33:07] 发送(hex): 20
[2026/09/17 21:33:07] 发送(hex): 20
[2026/09/17 21:33:07] 发送(hex): 20
[2026/09/17 21:33:07] 发送(hex): 20
[2026/09/17 21:33:07] 发送(hex): 20
[2026/09/17 21:33:07] 发送(hex): 20
[2026/09/17 21:33:07] 发送(hex): 20
[2026/09/17 21:33:07] 发送(hex): 20
[2026/09/17 21:33:07] 发送(hex): 20
[2026/09/17 21:33:07] 发送(hex): 20
[2026/09/17 21:33:07] 发送(hex): 20
[2026/09/17 21:33:07] 发送(hex): 20
[2026/09/17 21:33:07] 发送(hex): 20
[2026/09/17 21:33:07] 发送(hex): 20
[2026/09/17 21:33:07] 发送(hex): 20
[2026/09/17 21:33:07] 发送(hex): 20
[2026/09/17 21:33:07] 发送(hex): 20
[2026/09/17 21:33:07] 发送(hex): 20
[2026/09/17 21:33:07] 发送(hex): 20
[2026/09/17 21:33:07] 发送(hex): 20
[2026/09/17 21:33:07] 发送(hex): 20
[2026/09/17 21:33:07] 发送(hex): 20
[2026/09/17 21:33:07] 发送(hex): 20
[2026/09/17 21:33:07] 发送(hex): 20
[2026/09/17 21:33:07] 发送(hex): 20
[2026/09/17 21:33:07] 发送(hex): 20
[2026/09/17 21:33:07] 发送(hex): 20
[2026/09/17 21:33:07] 发送(hex): 20
[2026/09/17 21:33:07] 发送(hex): 20
[2026/09/17 21:33:07] 发送(hex): 20
[2026/09/17 21:33:07] 发送(hex): 20
[2026/09/17 21:33:07] 发送(hex): 20
[2026/09/17 21:33:07] 发送(hex): 20
[2026/09/17 21:33:07] 发送(hex): 20
[2026/09/17 21:33:07] 发送(hex): 20
[2026/09/17 21:33:07] 发送(hex): 20
[2026/09/17 21:33:07] 发送(hex): 20
[2026/09/17 21:33:07] 发送(hex): 20
[2026/09/17 21:33:07] 发送(hex): 20
[2026/09/17 21:33:07] 发送(hex): 20
[2026/09/17 21:33:07] 发送(hex): 20
[2026/09/17 21:33:07] 发送(hex): 20
[2026/09/17 21:33:07] 发送(hex): 20
[2026/09/17 21:33:07] 发送(hex): 20
[2026/09/17 21:33:07] 发送(hex): 20
[2026/09/17 21:33:07] 发送(hex): 20
[2026/09/17 21:33:07] 发送(hex): 20
[2026/09/17 21:33:07] 发送(hex): 20
[2026/09/17 21:33:07] 发送(hex): 20
[2026/09/17 21:33:07] 发送(hex): 20
[2026/09/17 21:33:07] 发送(hex): 20
[2026/09/17 21:33:07] 发送(hex): 20
[2026/09/17 21:33:07] 发送(hex): 20
[2026/09/17 21:33:07] 发送(hex): 20
[2026/09/17 21:33:07] 发送(hex): 20
[2026/09/17 21:33:07] 发送(hex): 20
[2026/09/17 21:33:07] 发送(hex): 20
[2026/09/17 21:33:07] 发送(hex): 20
[2026/09/17 21:33:07] 发送(hex): 20
[2026/09/17 21:33:07] 发送(hex): 20
[2026/09/17 21:33:07] 发送(hex): 20
[2026/09/17 21:33:07] 发送(hex): 20
[2026/09/17 21:33:07] 发送(hex): 20
[2026/09/17 21:33:07] 发送(hex): 20
[2026/09/17 21:33:07] 发送(hex): 20
[2026/09/17 21:33:07] 发送(hex): 20
[2026/09/17 21:33:07] 发送(hex): 20
[2026/09/17 21:33:07] 发送(hex): 20
[2026/09/17 21:33:07] 发送(hex): 20
[2026/09/17 21:33:07] 发送(hex): 20
[2026/09/17 21:33:07] 发送(hex): 20
[2026/09/17 21:33:07] 发送(hex): 20
[2026/09/17 21:33:07] 发送(hex): 20
[2026/09/17 21:33:07] 发送(hex): 20
[2026/09/17 21:33:07] 发送(hex): 20
[2026/09/17 21:33:07] 发送(hex): 20
[2026/09/17 21:33:07] 发送(hex): 20
[2026/09/17 21:33:07] 发送(hex): 20
[2026/09/17 21:33:07] 发送(hex): 20
[2026/09/17 21:33:07] 发送(hex): 20
[2026/09/17 21:33:07] 发送(hex): 20
[2026/09/17 21:33:08] 发送(hex): 20
[2026/09/17 21:33:08] 发送(hex): 20
[2026/09/17 21:33:08] 发送(hex): 20
[2026/09/17 21:33:08] 发送(hex): 20
[2026/09/17 21:33:08] 发送(hex): 20
[2026/09/17 21:33:08] 发送(hex): 20
[2026/09/17 21:33:08] 发送(hex): 20
[2026/09/17 21:33:08] 发送(hex): 20
[2026/09/17 21:33:08] 发送(hex): 20
[2026/09/17 21:33:08] 发送(hex): 20
[2026/09/17 21:33:08] 发送(hex): 20
[2026/09/17 21:33:08] 发送(hex): 20
[2026/09/17 21:33:08] 发送(hex): 20
[2026/09/17 21:33:08] 发送(hex): 20
[2026/09/17 21:33:08] 发送(hex): 20
[2026/09/17 21:33:08] 发送(hex): 20
[2026/09/17 21:33:08] 发送(hex): 20
[2026/09/17 21:33:08] 发送(hex): 20
[2026/09/17 21:33:08] 发送(hex): 20
[2026/09/17 21:33:08] 发送(hex): 20
[2026/09/17 21:33:08] 发送(hex): 20
[2026/09/17 21:33:08] 发送(hex): 20
[2026/09/17 21:33:08] 发送(hex): 20
[2026/09/17 21:33:08] 发送(hex): 20
[2026/09/17 21:33:08] 发送(hex): 20
[2026/09/17 21:33:08] 发送(hex): 20
[2026/09/17 21:33:08] 发送(hex): 20
[2026/09/17 21:33:08] 发送(hex): 20
[2026/09/17 21:33:08] 发送(hex): 20
[2026/09/17 21:33:08] 发送(hex): 20
[2026/09/17 21:33:08] 发送(hex): 20
[2026/09/17 21:33:08] 发送(hex): 20
[2026/09/17 21:33:08] 发送(hex): 20
[2026/09/17 21:33:08] 发送(hex): 20
[2026/09/17 21:33:08] 发送(hex): 20
[2026/09/17 21:33:08] 发送(hex): 20
[2026/09/17 21:33:08] 发送(hex): 20
[2026/09/17 21:33:08] 发送(hex): 20
[2026/09/17 21:33:08] 发送(hex): 20
[2026/09/17 21:33:08] 发送(hex): 20
[2026/09/17 21:33:08] 发送(hex): 20
[2026/09/17 21:33:08] 发送(hex): 20
[2026/09/17 21:33:08] 发送(hex): 20
[2026/09/17 21:33:08] 发送(hex): 20
[2026/09/17 21:33:08] 发送(hex): 20
[2026/09/17 21:33:08] 发送(hex): 20
[2026/09/17 21:33:08] 发送(hex): 20
[2026/09/17 21:33:08] 发送(hex): 20
[2026/09/17 21:33:08] 发送(hex): 20
[2026/09/17 21:33:08] 发送(hex): 20
[2026/09/17 21:33:08] 发送(hex): 20
[2026/09/17 21:33:08] 发送(hex): 20
[2026/09/17 21:33:08] 发送(hex): 20
[2026/09/17 21:33:08] 发送(hex): 20
[2026/09/17 21:33:08] 发送(hex): 20
[2026/09/17 21:33:08] 发送(hex): 20
[2026/09/17 21:33:08] 发送(hex): 20
[2026/09/17 21:33:08] 发送(hex): 20
[2026/09/17 21:33:08] 发送(hex): 20
[2026/09/17 21:33:08] 发送(hex): 20
[2026/09/17 21:33:08] 发送(hex): 20
[2026/09/17 21:33:08] 发送(hex): 20
[2026/09/17 21:33:08] 发送(hex): 20
[2026/09/17 21:33:08] 发送(hex): 20
[2026/09/17 21:33:08] 发送(hex): 20
[2026/09/17 21:33:08] 发送(hex): 20
[2026/09/17 21:33:08] 发送(hex): 20
[2026/09/17 21:33:08] 发送(hex): 20
[2026/09/17 21:33:08] 发送(hex): 20
[2026/09/17 21:33:08] 发送(hex): 20
[2026/09/17 21:33:08] 发送(hex): 20
[2026/09/17 21:33:08] 发送(hex): 20
[2026/09/17 21:33:08] 发送(hex): 20
[2026/09/17 21:33:08] 发送(hex): 20
[2026/09/17 21:33:08] 发送(hex): 20
[2026/09/17 21:33:08] 发送(hex): 20
[2026/09/17 21:33:08] 发送(hex): 20
[2026/09/17 21:33:08] 发送(hex): 20
[2026/09/17 21:33:08] 发送(hex): 20
[2026/09/17 21:33:08] 发送(hex): 20
[2026/09/17 21:33:08] 发送(hex): 20
[2026/09/17 21:33:08] 发送(hex): 20
[2026/09/17 21:33:08] 发送(hex): 20
[2026/09/17 21:33:08] 发送(hex): 20
[2026/09/17 21:33:08] 发送(hex): 20
[2026/09/17 21:33:08] 发送(hex): 20
[2026/09/17 21:33:08] 发送(hex): 20
[2026/09/17 21:33:08] 发送(hex): 20
[2026/09/17 21:33:08] 发送(hex): 20
[2026/09/17 21:33:08] 发送(hex): 20
[2026/09/17 21:33:08] 发送(hex): 20
[2026/09/17 21:33:08] 发送(hex): 20
[2026/09/17 21:33:08] 发送(hex): 20
[2026/09/17 21:33:09] 发送(hex): 20
[2026/09/17 21:33:09] 发送(hex): 20
[2026/09/17 21:33:09] 发送(hex): 20
[2026/09/17 21:33:09] 发送(hex): 20
[2026/09/17 21:33:09] 发送(hex): 20
[2026/09/17 21:33:09] 发送(hex): 20
[2026/09/17 21:33:09] 发送(hex): 20
[2026/09/17 21:33:09] 发送(hex): 20
[2026/09/17 21:33:09] 发送(hex): 20
[2026/09/17 21:33:09] 发送(hex): 20
[2026/09/17 21:33:09] 发送(hex): 20
[2026/09/17 21:33:09] 发送(hex): 20
[2026/09/17 21:33:09] 发送(hex): 20
[2026/09/17 21:33:09] 发送(hex): 20
[2026/09/17 21:33:09] 发送(hex): 20
[2026/09/17 21:33:09] 发送(hex): 20
[2026/09/17 21:33:09] 发送(hex): 20
[2026/09/17 21:33:09] 发送(hex): 20
[2026/09/17 21:33:09] 发送(hex): 20
[2026/09/17 21:33:09] 发送(hex): 20
[2026/09/17 21:33:09] 发送(hex): 20
[2026/09/17 21:33:09] 发送(hex): 20
[2026/09/17 21:33:09] 发送(hex): 20
[2026/09/17 21:33:09] 发送(hex): 20
[2026/09/17 21:33:09] 发送(hex): 20
[2026/09/17 21:33:09] 发送(hex): 20
[2026/09/17 21:33:09] 发送(hex): 20
[2026/09/17 21:33:09] 发送(hex): 20
[2026/09/17 21:33:09] 发送(hex): 20
[2026/09/17 21:33:09] 发送(hex): 20
[2026/09/17 21:33:09] 发送(hex): 20
[2026/09/17 21:33:09] 发送(hex): 20
[2026/09/17 21:33:09] 发送(hex): 20
[2026/09/17 21:33:09] 发送(hex): 20
[2026/09/17 21:33:09] 发送(hex): 20
[2026/09/17 21:33:09] 发送(hex): 20
[2026/09/17 21:33:09] 发送(hex): 20
[2026/09/17 21:33:09] 发送(hex): 20
[2026/09/17 21:33:09] 发送(hex): 20
[2026/09/17 21:33:09] 发送(hex): 20
[2026/09/17 21:33:09] 发送(hex): 20
[2026/09/17 21:33:09] 发送(hex): 20
[2026/09/17 21:33:09] 发送(hex): 20
[2026/09/17 21:33:09] 发送(hex): 20
[2026/09/17 21:33:09] 发送(hex): 20
[2026/09/17 21:33:09] 发送(hex): 20
[2026/09/17 21:33:09] 发送(hex): 20
[2026/09/17 21:33:09] 发送(hex): 20
[2026/09/17 21:33:09] 发送(hex): 20
[2026/09/17 21:33:09] 发送(hex): 20
[2026/09/17 21:33:09] 发送(hex): 20
[2026/09/17 21:33:09] 发送(hex): 20
[2026/09/17 21:33:09] 发送(hex): 20
[2026/09/17 21:33:09] 发送(hex): 20
[2026/09/17 21:33:09] 发送(hex): 20
[2026/09/17 21:33:09] 发送(hex): 20
[2026/09/17 21:33:09] 发送(hex): 20
[2026/09/17 21:33:09] 发送(hex): 20
[2026/09/17 21:33:09] 发送(hex): 20
[2026/09/17 21:33:09] 发送(hex): 20
[2026/09/17 21:33:09] 发送(hex): 20
[2026/09/17 21:33:09] 发送(hex): 20
[2026/09/17 21:33:09] 发送(hex): 20
[2026/09/17 21:33:09] 发送(hex): 20
[2026/09/17 21:33:09] 发送(hex): 20
[2026/09/17 21:33:09] 发送(hex): 20
[2026/09/17 21:33:09] 发送(hex): 20
[2026/09/17 21:33:09] 发送(hex): 20
[2026/09/17 21:33:09] 发送(hex): 20
[2026/09/17 21:33:09] 发送(hex): 20
[2026/09/17 21:33:09] 发送(hex): 20
[2026/09/17 21:33:09] 发送(hex): 20
[2026/09/17 21:33:09] 发送(hex): 20
[2026/09/17 21:33:09] 发送(hex): 20
[2026/09/17 21:33:09] 发送(hex): 20
[2026/09/17 21:33:09] 发送(hex): 20
[2026/09/17 21:33:09] 发送(hex): 20
[2026/09/17 21:33:09] 发送(hex): 20
[2026/09/17 21:33:09] 发送(hex): 20
[2026/09/17 21:33:09] 发送(hex): 20
[2026/09/17 21:33:09] 发送(hex): 20
[2026/09/17 21:33:09] 发送(hex): 20
[2026/09/17 21:33:09] 发送(hex): 20
[2026/09/17 21:33:09] 发送(hex): 20
[2026/09/17 21:33:09] 发送(hex): 20
[2026/09/17 21:33:09] 发送(hex): 20
[2026/09/17 21:33:09] 发送(hex): 20
[2026/09/17 21:33:09] 发送(hex): 20
[2026/09/17 21:33:09] 发送(hex): 20
[2026/09/17 21:33:09] 发送(hex): 20
[2026/09/17 21:33:09] 发送(hex): 20
[2026/09/17 21:33:09] 发送(hex): 20
[2026/09/17 21:33:09] 发送(hex): 20
[2026/09/17 21:33:09] 发送(hex): 20
[2026/09/17 21:33:10] 发送(hex): 20
[2026/09/17 21:33:10] 发送(hex): 20
[2026/09/17 21:33:10] 发送(hex): 20
[2026/09/17 21:33:10] 发送(hex): 20
[2026/09/17 21:33:10] 发送(hex): 20
[2026/09/17 21:33:10] 发送(hex): 20
[2026/09/17 21:33:10] 发送(hex): 20
[2026/09/17 21:33:10] 发送(hex): 20
[2026/09/17 21:33:10] 发送(hex): 20
[2026/09/17 21:33:10] 发送(hex): 20
[2026/09/17 21:33:10] 发送(hex): 20
[2026/09/17 21:33:10] 发送(hex): 20
[2026/09/17 21:33:10] 发送(hex): 20
[2026/09/17 21:33:10] 发送(hex): 20
[2026/09/17 21:33:10] 发送(hex): 20
[2026/09/17 21:33:10] 发送(hex): 20
[2026/09/17 21:33:10] 发送(hex): 20
[2026/09/17 21:33:10] 发送(hex): 20
[2026/09/17 21:33:10] 发送(hex): 20
[2026/09/17 21:33:10] 发送(hex): 20
[2026/09/17 21:33:10] 发送(hex): 20
[2026/09/17 21:33:10] 发送(hex): 20
[2026/09/17 21:33:10] 发送(hex): 20
[2026/09/17 21:33:10] 发送(hex): 20
[2026/09/17 21:33:10] 发送(hex): 20
[2026/09/17 21:33:10] 发送(hex): 20
[2026/09/17 21:33:10] 发送(hex): 20
[2026/09/17 21:33:10] 发送(hex): 20
[2026/09/17 21:33:10] 发送(hex): 20
[2026/09/17 21:33:10] 发送(hex): 20
[2026/09/17 21:33:10] 发送(hex): 20
[2026/09/17 21:33:10] 发送(hex): 20
[2026/09/17 21:33:10] 发送(hex): 20
[2026/09/17 21:33:10] 发送(hex): 20
[2026/09/17 21:33:10] 发送(hex): 20
[2026/09/17 21:33:10] 发送(hex): 20
[2026/09/17 21:33:10] 发送(hex): 20
[2026/09/17 21:33:10] 发送(hex): 20
[2026/09/17 21:33:10] 发送(hex): 20
[2026/09/17 21:33:10] 发送(hex): 20
[2026/09/17 21:33:10] 发送(hex): 20
[2026/09/17 21:33:10] 发送(hex): 20
[2026/09/17 21:33:10] 发送(hex): 20
[2026/09/17 21:33:10] 发送(hex): 20
[2026/09/17 21:33:10] 发送(hex): 20
[2026/09/17 21:33:10] 发送(hex): 20
[2026/09/17 21:33:10] 发送(hex): 20
[2026/09/17 21:33:10] 发送(hex): 20
[2026/09/17 21:33:10] 发送(hex): 20
[2026/09/17 21:33:10] 发送(hex): 20
[2026/09/17 21:33:10] 发送(hex): 20
[2026/09/17 21:33:10] 发送(hex): 20
[2026/09/17 21:33:10] 发送(hex): 20
[2026/09/17 21:33:10] 发送(hex): 20
[2026/09/17 21:33:10] 发送(hex): 20
[2026/09/17 21:33:10] 发送(hex): 20
[2026/09/17 21:33:10] 发送(hex): 20
[2026/09/17 21:33:10] 发送(hex): 20
[2026/09/17 21:33:10] 发送(hex): 20
[2026/09/17 21:33:10] 发送(hex): 20
[2026/09/17 21:33:10] 发送(hex): 20
[2026/09/17 21:33:10] 发送(hex): 20
[2026/09/17 21:33:10] 发送(hex): 20
[2026/09/17 21:33:10] 发送(hex): 20
[2026/09/17 21:33:10] 发送(hex): 20
[2026/09/17 21:33:10] 发送(hex): 20
[2026/09/17 21:33:10] 发送(hex): 20
[2026/09/17 21:33:10] 发送(hex): 20
[2026/09/17 21:33:10] 发送(hex): 20
[2026/09/17 21:33:10] 发送(hex): 20
[2026/09/17 21:33:10] 发送(hex): 20
[2026/09/17 21:33:10] 发送(hex): 20
[2026/09/17 21:33:10] 发送(hex): 20
[2026/09/17 21:33:10] 发送(hex): 20
[2026/09/17 21:33:10] 发送(hex): 20
[2026/09/17 21:33:10] 发送(hex): 20
[2026/09/17 21:33:10] 发送(hex): 20
[2026/09/17 21:33:10] 发送(hex): 20
[2026/09/17 21:33:10] 发送(hex): 20
[2026/09/17 21:33:10] 发送(hex): 20
[2026/09/17 21:33:10] 发送(hex): 20
[2026/09/17 21:33:10] 发送(hex): 20
[2026/09/17 21:33:10] 发送(hex): 20
[2026/09/17 21:33:10] 发送(hex): 20
[2026/09/17 21:33:10] 发送(hex): 20
[2026/09/17 21:33:10] 发送(hex): 20
[2026/09/17 21:33:10] 发送(hex): 20
[2026/09/17 21:33:10] 发送(hex): 20
[2026/09/17 21:33:10] 发送(hex): 20
[2026/09/17 21:33:10] 发送(hex): 20
[2026/09/17 21:33:10] 发送(hex): 20
[2026/09/17 21:33:10] 发送(hex): 20
[2026/09/17 21:33:10] 发送(hex): 20
[2026/09/17 21:33:11] 发送(hex): 20
[2026/09/17 21:33:11] 发送(hex): 20
[2026/09/17 21:33:11] 发送(hex): 20
[2026/09/17 21:33:11] 发送(hex): 20
[2026/09/17 21:33:11] 发送(hex): 20
[2026/09/17 21:33:11] 发送(hex): 20
[2026/09/17 21:33:11] 发送(hex): 20
[2026/09/17 21:33:11] 发送(hex): 20
[2026/09/17 21:33:11] 发送(hex): 20
[2026/09/17 21:33:11] 发送(hex): 20
[2026/09/17 21:33:11] 发送(hex): 20
[2026/09/17 21:33:11] 发送(hex): 20
[2026/09/17 21:33:11] 发送(hex): 20
[2026/09/17 21:33:11] 发送(hex): 20
[2026/09/17 21:33:11] 发送(hex): 20
[2026/09/17 21:33:11] 发送(hex): 20
[2026/09/17 21:33:11] 发送(hex): 20
[2026/09/17 21:33:11] 发送(hex): 20
[2026/09/17 21:33:11] 发送(hex): 20
[2026/09/17 21:33:11] 发送(hex): 20
[2026/09/17 21:33:11] 发送(hex): 20
[2026/09/17 21:33:11] 发送(hex): 20
[2026/09/17 21:33:11] 发送(hex): 20
[2026/09/17 21:33:11] 发送(hex): 20
[2026/09/17 21:33:11] 发送(hex): 20
[2026/09/17 21:33:11] 发送(hex): 20
[2026/09/17 21:33:11] 发送(hex): 20
[2026/09/17 21:33:11] 发送(hex): 20
[2026/09/17 21:33:11] 发送(hex): 20
[2026/09/17 21:33:11] 发送(hex): 20
[2026/09/17 21:33:11] 发送(hex): 20
[2026/09/17 21:33:11] 发送(hex): 20
[2026/09/17 21:33:11] 发送(hex): 20
[2026/09/17 21:33:11] 发送(hex): 20
[2026/09/17 21:33:11] 发送(hex): 20
[2026/09/17 21:33:11] 发送(hex): 20
[2026/09/17 21:33:11] 发送(hex): 20
[2026/09/17 21:33:11] 发送(hex): 20
[2026/09/17 21:33:11] 发送(hex): 20
[2026/09/17 21:33:11] 发送(hex): 20
[2026/09/17 21:33:11] 发送(hex): 20
[2026/09/17 21:33:11] 发送(hex): 20
[2026/09/17 21:33:11] 发送(hex): 20
[2026/09/17 21:33:11] 发送(hex): 20
[2026/09/17 21:33:11] 发送(hex): 20
[2026/09/17 21:33:11] 发送(hex): 20
[2026/09/17 21:33:11] 发送(hex): 20
[2026/09/17 21:33:11] 发送(hex): 20
[2026/09/17 21:33:11] 发送(hex): 20
[2026/09/17 21:33:11] 发送(hex): 20
[2026/09/17 21:33:11] 发送(hex): 20
[2026/09/17 21:33:11] 发送(hex): 20
[2026/09/17 21:33:11] 发送(hex): 20
[2026/09/17 21:33:11] 发送(hex): 20
[2026/09/17 21:33:11] 发送(hex): 20
[2026/09/17 21:33:11] 发送(hex): 20
[2026/09/17 21:33:11] 发送(hex): 20
[2026/09/17 21:33:11] 发送(hex): 20
[2026/09/17 21:33:11] 发送(hex): 20
[2026/09/17 21:33:11] 发送(hex): 20
[2026/09/17 21:33:11] 发送(hex): 20
[2026/09/17 21:33:11] 发送(hex): 20
[2026/09/17 21:33:11] 发送(hex): 20
[2026/09/17 21:33:11] 发送(hex): 20
[2026/09/17 21:33:11] 发送(hex): 20
[2026/09/17 21:33:11] 发送(hex): 20
[2026/09/17 21:33:11] 发送(hex): 20
[2026/09/17 21:33:11] 发送(hex): 20
[2026/09/17 21:33:11] 发送(hex): 20
[2026/09/17 21:33:11] 发送(hex): 20
[2026/09/17 21:33:11] 发送(hex): 20
[2026/09/17 21:33:11] 发送(hex): 20
[2026/09/17 21:33:11] 发送(hex): 20
[2026/09/17 21:33:11] 发送(hex): 20
[2026/09/17 21:33:11] 发送(hex): 20
[2026/09/17 21:33:11] 发送(hex): 20
[2026/09/17 21:33:11] 发送(hex): 20
[2026/09/17 21:33:11] 发送(hex): 20
[2026/09/17 21:33:11] 发送(hex): 20
[2026/09/17 21:33:11] 发送(hex): 20
[2026/09/17 21:33:11] 发送(hex): 20
[2026/09/17 21:33:11] 发送(hex): 20
[2026/09/17 21:33:11] 发送(hex): 20
[2026/09/17 21:33:11] 发送(hex): 20
[2026/09/17 21:33:11] 发送(hex): 20
[2026/09/17 21:33:11] 发送(hex): 20
[2026/09/17 21:33:11] 发送(hex): 20
[2026/09/17 21:33:11] 发送(hex): 20
[2026/09/17 21:33:11] 发送(hex): 20
[2026/09/17 21:33:11] 发送(hex): 20
[2026/09/17 21:33:11] 发送(hex): 20
[2026/09/17 21:33:11] 发送(hex): 20
[2026/09/17 21:33:11] 发送(hex): 20
[2026/09/17 21:33:11] 发送(hex): 20
[2026/09/17 21:33:11] 发送(hex): 20
[2026/09/17 21:33:12] 发送(hex): 20
[2026/09/17 21:33:12] 发送(hex): 20
[2026/09/17 21:33:12] 发送(hex): 20
[2026/09/17 21:33:12] 发送(hex): 20
[2026/09/17 21:33:12] 发送(hex): 20
[2026/09/17 21:33:12] 发送(hex): 20
[2026/09/17 21:33:12] 发送(hex): 20
[2026/09/17 21:33:12] 发送(hex): 20
[2026/09/17 21:33:12] 发送(hex): 20
[2026/09/17 21:33:12] 发送(hex): 20
[2026/09/17 21:33:12] 发送(hex): 20
[2026/09/17 21:33:12] 发送(hex): 20
[2026/09/17 21:33:12] 发送(hex): 20
[2026/09/17 21:33:12] 发送(hex): 20
[2026/09/17 21:33:12] 发送(hex): 20
[2026/09/17 21:33:12] 发送(hex): 20
[2026/09/17 21:33:12] 发送(hex): 20
[2026/09/17 21:33:12] 发送(hex): 20
[2026/09/17 21:33:12] 发送(hex): 20
[2026/09/17 21:33:12] 发送(hex): 20
[2026/09/17 21:33:12] 发送(hex): 20
[2026/09/17 21:33:12] 发送(hex): 20
[2026/09/17 21:33:12] 发送(hex): 20
[2026/09/17 21:33:12] 发送(hex): 20
[2026/09/17 21:33:12] 发送(hex): 20
[2026/09/17 21:33:12] 发送(hex): 20
[2026/09/17 21:33:12] 发送(hex): 20
[2026/09/17 21:33:12] 发送(hex): 20
[2026/09/17 21:33:12] 发送(hex): 20
[2026/09/17 21:33:12] 发送(hex): 20
[2026/09/17 21:33:12] 发送(hex): 20
[2026/09/17 21:33:12] 发送(hex): 20
[2026/09/17 21:33:12] 发送(hex): 20
[2026/09/17 21:33:12] 发送(hex): 20
[2026/09/17 21:33:12] 发送(hex): 20
[2026/09/17 21:33:12] 发送(hex): 20
[2026/09/17 21:33:12] 发送(hex): 20
[2026/09/17 21:33:12] 发送(hex): 20
[2026/09/17 21:33:12] 发送(hex): 20
[2026/09/17 21:33:12] 发送(hex): 20
[2026/09/17 21:33:12] 发送(hex): 20
[2026/09/17 21:33:12] 发送(hex): 20
[2026/09/17 21:33:12] 发送(hex): 20
[2026/09/17 21:33:12] 发送(hex): 20
[2026/09/17 21:33:12] 发送(hex): 20
[2026/09/17 21:33:12] 发送(hex): 20
[2026/09/17 21:33:12] 发送(hex): 20
[2026/09/17 21:33:12] 发送(hex): 20
[2026/09/17 21:33:12] 发送(hex): 20
[2026/09/17 21:33:12] 发送(hex): 20
[2026/09/17 21:33:12] 发送(hex): 20
[2026/09/17 21:33:12] 发送(hex): 20
[2026/09/17 21:33:12] 发送(hex): 20
[2026/09/17 21:33:12] 发送(hex): 20
[2026/09/17 21:33:12] 发送(hex): 20
[2026/09/17 21:33:12] 发送(hex): 20
[2026/09/17 21:33:12] 发送(hex): 20
[2026/09/17 21:33:12] 发送(hex): 20
[2026/09/17 21:33:12] 发送(hex): 20
[2026/09/17 21:33:12] 发送(hex): 20
[2026/09/17 21:33:12] 发送(hex): 20
[2026/09/17 21:33:12] 发送(hex): 20
[2026/09/17 21:33:12] 发送(hex): 20
[2026/09/17 21:33:12] 发送(hex): 20
[2026/09/17 21:33:12] 发送(hex): 20
[2026/09/17 21:33:12] 发送(hex): 20
[2026/09/17 21:33:12] 发送(hex): 20
[2026/09/17 21:33:12] 发送(hex): 20
[2026/09/17 21:33:12] 发送(hex): 20
[2026/09/17 21:33:12] 发送(hex): 20
[2026/09/17 21:33:12] 发送(hex): 20
[2026/09/17 21:33:12] 发送(hex): 20
[2026/09/17 21:33:12] 发送(hex): 20
[2026/09/17 21:33:12] 发送(hex): 20
[2026/09/17 21:33:12] 发送(hex): 20
[2026/09/17 21:33:12] 发送(hex): 20
[2026/09/17 21:33:12] 发送(hex): 20
[2026/09/17 21:33:12] 发送(hex): 20
[2026/09/17 21:33:12] 发送(hex): 20
[2026/09/17 21:33:12] 发送(hex): 20
[2026/09/17 21:33:12] 发送(hex): 20
[2026/09/17 21:33:12] 发送(hex): 20
[2026/09/17 21:33:12] 发送(hex): 20
[2026/09/17 21:33:12] 发送(hex): 20
[2026/09/17 21:33:12] 发送(hex): 20
[2026/09/17 21:33:12] 发送(hex): 20
[2026/09/17 21:33:12] 发送(hex): 20
[2026/09/17 21:33:12] 发送(hex): 20
[2026/09/17 21:33:12] 发送(hex): 20
[2026/09/17 21:33:12] 发送(hex): 20
[2026/09/17 21:33:12] 发送(hex): 20
[2026/09/17 21:33:12] 发送(hex): 20
[2026/09/17 21:33:12] 发送(hex): 20
[2026/09/17 21:33:12] 发送(hex): 20
[2026/09/17 21:33:13] 发送(hex): 20
[2026/09/17 21:33:13] 发送(hex): 20
[2026/09/17 21:33:13] 发送(hex): 20
[2026/09/17 21:33:13] 发送(hex): 20
[2026/09/17 21:33:13] 发送(hex): 20
[2026/09/17 21:33:13] 发送(hex): 20
[2026/09/17 21:33:13] 发送(hex): 20
[2026/09/17 21:33:13] 发送(hex): 20
[2026/09/17 21:33:13] 发送(hex): 20
[2026/09/17 21:33:13] 发送(hex): 20
[2026/09/17 21:33:13] 发送(hex): 20
[2026/09/17 21:33:13] 发送(hex): 20
[2026/09/17 21:33:13] 发送(hex): 20
[2026/09/17 21:33:13] 发送(hex): 20
[2026/09/17 21:33:13] 发送(hex): 20
[2026/09/17 21:33:13] 发送(hex): 20
[2026/09/17 21:33:13] 发送(hex): 20
[2026/09/17 21:33:13] 发送(hex): 20
[2026/09/17 21:33:13] 发送(hex): 20
[2026/09/17 21:33:13] 发送(hex): 20
[2026/09/17 21:33:13] 发送(hex): 20
[2026/09/17 21:33:13] 发送(hex): 20
[2026/09/17 21:33:13] 发送(hex): 20
[2026/09/17 21:33:13] 发送(hex): 20
[2026/09/17 21:33:13] 发送(hex): 20
[2026/09/17 21:33:13] 发送(hex): 20
[2026/09/17 21:33:13] 发送(hex): 20
[2026/09/17 21:33:13] 发送(hex): 20
[2026/09/17 21:33:13] 发送(hex): 20
[2026/09/17 21:33:13] 发送(hex): 20
[2026/09/17 21:33:13] 发送(hex): 20
[2026/09/17 21:33:13] 发送(hex): 20
[2026/09/17 21:33:13] 发送(hex): 20
[2026/09/17 21:33:13] 发送(hex): 20
[2026/09/17 21:33:13] 发送(hex): 20
[2026/09/17 21:33:13] 发送(hex): 20
[2026/09/17 21:33:13] 发送(hex): 20
[2026/09/17 21:33:13] 发送(hex): 20
[2026/09/17 21:33:13] 发送(hex): 20
[2026/09/17 21:33:13] 发送(hex): 20
[2026/09/17 21:33:13] 发送(hex): 20
[2026/09/17 21:33:13] 发送(hex): 20
[2026/09/17 21:33:13] 发送(hex): 20
[2026/09/17 21:33:13] 发送(hex): 20
[2026/09/17 21:33:13] 发送(hex): 20
[2026/09/17 21:33:13] 发送(hex): 20
[2026/09/17 21:33:13] 发送(hex): 20
[2026/09/17 21:33:13] 发送(hex): 20
[2026/09/17 21:33:13] 发送(hex): 20
[2026/09/17 21:33:13] 发送(hex): 20
[2026/09/17 21:33:13] 发送(hex): 20
[2026/09/17 21:33:13] 发送(hex): 20
[2026/09/17 21:33:13] 发送(hex): 20
[2026/09/17 21:33:13] 发送(hex): 20
[2026/09/17 21:33:13] 发送(hex): 20
[2026/09/17 21:33:13] 发送(hex): 20
[2026/09/17 21:33:13] 发送(hex): 20
[2026/09/17 21:33:13] 发送(hex): 20
[2026/09/17 21:33:13] 发送(hex): 20
[2026/09/17 21:33:13] 发送(hex): 20
[2026/09/17 21:33:13] 发送(hex): 20
[2026/09/17 21:33:13] 发送(hex): 20
[2026/09/17 21:33:13] 发送(hex): 20
[2026/09/17 21:33:13] 发送(hex): 20
[2026/09/17 21:33:13] 发送(hex): 20
[2026/09/17 21:33:13] 发送(hex): 20
[2026/09/17 21:33:13] 发送(hex): 20
[2026/09/17 21:33:13] 发送(hex): 20
[2026/09/17 21:33:13] 发送(hex): 20
[2026/09/17 21:33:13] 发送(hex): 20
[2026/09/17 21:33:13] 发送(hex): 20
[2026/09/17 21:33:13] 发送(hex): 20
[2026/09/17 21:33:13] 发送(hex): 20
[2026/09/17 21:33:13] 发送(hex): 20
[2026/09/17 21:33:13] 发送(hex): 20
[2026/09/17 21:33:13] 发送(hex): 20
[2026/09/17 21:33:13] 发送(hex): 20
[2026/09/17 21:33:13] 发送(hex): 20
[2026/09/17 21:33:13] 发送(hex): 20
[2026/09/17 21:33:13] 发送(hex): 20
[2026/09/17 21:33:13] 发送(hex): 20
[2026/09/17 21:33:13] 发送(hex): 20
[2026/09/17 21:33:13] 发送(hex): 20
[2026/09/17 21:33:13] 发送(hex): 20
[2026/09/17 21:33:13] 发送(hex): 20
[2026/09/17 21:33:13] 发送(hex): 20
[2026/09/17 21:33:13] 发送(hex): 20
[2026/09/17 21:33:13] 发送(hex): 20
[2026/09/17 21:33:13] 发送(hex): 20
[2026/09/17 21:33:13] 发送(hex): 20
[2026/09/17 21:33:13] 发送(hex): 20
[2026/09/17 21:33:13] 发送(hex): 20
[2026/09/17 21:33:14] 发送(hex): 20
[2026/09/17 21:33:14] 发送(hex): 20
[2026/09/17 21:33:14] 发送(hex): 20
[2026/09/17 21:33:14] 发送(hex): 20
[2026/09/17 21:33:14] 发送(hex): 20
[2026/09/17 21:33:14] 发送(hex): 20
[2026/09/17 21:33:14] 发送(hex): 20
[2026/09/17 21:33:14] 发送(hex): 20
[2026/09/17 21:33:14] 发送(hex): 20
[2026/09/17 21:33:14] 发送(hex): 20
[2026/09/17 21:33:14] 发送(hex): 20
[2026/09/17 21:33:14] 发送(hex): 20
[2026/09/17 21:33:14] 发送(hex): 20
[2026/09/17 21:33:14] 发送(hex): 20
[2026/09/17 21:33:14] 发送(hex): 20
[2026/09/17 21:33:14] 发送(hex): 20
[2026/09/17 21:33:14] 发送(hex): 20
[2026/09/17 21:33:14] 发送(hex): 20
[2026/09/17 21:33:14] 发送(hex): 20
[2026/09/17 21:33:14] 发送(hex): 20
[2026/09/17 21:33:14] 发送(hex): 20
[2026/09/17 21:33:14] 发送(hex): 20
[2026/09/17 21:33:14] 发送(hex): 20
[2026/09/17 21:33:14] 发送(hex): 20
[2026/09/17 21:33:14] 发送(hex): 20
[2026/09/17 21:33:14] 发送(hex): 20
[2026/09/17 21:33:14] 发送(hex): 20
[2026/09/17 21:33:14] 发送(hex): 20
[2026/09/17 21:33:14] 发送(hex): 20
[2026/09/17 21:33:14] 发送(hex): 20
[2026/09/17 21:33:14] 发送(hex): 20
[2026/09/17 21:33:14] 发送(hex): 20
[2026/09/17 21:33:14] 发送(hex): 20
[2026/09/17 21:33:14] 发送(hex): 20
[2026/09/17 21:33:14] 发送(hex): 20
[2026/09/17 21:33:14] 发送(hex): 20
[2026/09/17 21:33:14] 发送(hex): 20
[2026/09/17 21:33:14] 发送(hex): 20
[2026/09/17 21:33:14] 发送(hex): 20
[2026/09/17 21:33:14] 发送(hex): 20
[2026/09/17 21:33:14] 发送(hex): 20
[2026/09/17 21:33:14] 发送(hex): 20
[2026/09/17 21:33:14] 发送(hex): 20
[2026/09/17 21:33:14] 发送(hex): 20
[2026/09/17 21:33:14] 发送(hex): 20
[2026/09/17 21:33:14] 发送(hex): 20
[2026/09/17 21:33:14] 发送(hex): 20
[2026/09/17 21:33:14] 发送(hex): 20
[2026/09/17 21:33:14] 发送(hex): 20
[2026/09/17 21:33:14] 发送(hex): 20
[2026/09/17 21:33:14] 发送(hex): 20
[2026/09/17 21:33:14] 发送(hex): 20
[2026/09/17 21:33:14] 发送(hex): 20
[2026/09/17 21:33:14] 发送(hex): 20
[2026/09/17 21:33:14] 发送(hex): 20
[2026/09/17 21:33:14] 发送(hex): 20
[2026/09/17 21:33:14] 发送(hex): 20
[2026/09/17 21:33:14] 发送(hex): 20
[2026/09/17 21:33:14] 发送(hex): 20
[2026/09/17 21:33:14] 发送(hex): 20
[2026/09/17 21:33:14] 发送(hex): 20
[2026/09/17 21:33:14] 发送(hex): 20
[2026/09/17 21:33:14] 发送(hex): 20
[2026/09/17 21:33:14] 发送(hex): 20
[2026/09/17 21:33:14] 发送(hex): 20
[2026/09/17 21:33:14] 发送(hex): 20
[2026/09/17 21:33:14] 发送(hex): 20
[2026/09/17 21:33:14] 发送(hex): 20
[2026/09/17 21:33:14] 发送(hex): 20
[2026/09/17 21:33:14] 发送(hex): 20
[2026/09/17 21:33:14] 发送(hex): 20
[2026/09/17 21:33:14] 发送(hex): 20
[2026/09/17 21:33:14] 发送(hex): 20
[2026/09/17 21:33:14] 发送(hex): 20
[2026/09/17 21:33:14] 发送(hex): 20
[2026/09/17 21:33:14] 发送(hex): 20
[2026/09/17 21:33:14] 发送(hex): 20
[2026/09/17 21:33:14] 发送(hex): 20
[2026/09/17 21:33:14] 发送(hex): 20
[2026/09/17 21:33:14] 发送(hex): 20
[2026/09/17 21:33:14] 发送(hex): 20
[2026/09/17 21:33:14] 发送(hex): 20
[2026/09/17 21:33:14] 发送(hex): 20
[2026/09/17 21:33:14] 发送(hex): 20
[2026/09/17 21:33:14] 发送(hex): 20
[2026/09/17 21:33:14] 发送(hex): 20
[2026/09/17 21:33:14] 发送(hex): 20
[2026/09/17 21:33:14] 发送(hex): 20
[2026/09/17 21:33:14] 发送(hex): 20
[2026/09/17 21:33:14] 发送(hex): 20
[2026/09/17 21:33:14] 发送(hex): 20
[2026/09/17 21:33:14] 发送(hex): 20
[2026/09/17 21:33:14] 发送(hex): 20
[2026/09/17 21:33:15] 发送(hex): 20
[2026/09/17 21:33:15] 发送(hex): 20
[2026/09/17 21:33:15] 发送(hex): 20
[2026/09/17 21:33:15] 发送(hex): 20
[2026/09/17 21:33:15] 发送(hex): 20
[2026/09/17 21:33:15] 发送(hex): 20
[2026/09/17 21:33:15] 发送(hex): 20
[2026/09/17 21:33:15] 发送(hex): 20
[2026/09/17 21:33:15] 发送(hex): 20
[2026/09/17 21:33:15] 发送(hex): 20
[2026/09/17 21:33:15] 发送(hex): 20
[2026/09/17 21:33:15] 发送(hex): 20
[2026/09/17 21:33:15] 发送(hex): 20
[2026/09/17 21:33:15] 发送(hex): 20
[2026/09/17 21:33:15] 发送(hex): 20
[2026/09/17 21:33:15] 发送(hex): 20
[2026/09/17 21:33:15] 发送(hex): 20
[2026/09/17 21:33:15] 发送(hex): 20
[2026/09/17 21:33:15] 发送(hex): 20
[2026/09/17 21:33:15] 发送(hex): 20
[2026/09/17 21:33:15] 发送(hex): 20
[2026/09/17 21:33:15] 发送(hex): 20
[2026/09/17 21:33:15] 发送(hex): 20
[2026/09/17 21:33:15] 发送(hex): 20
[2026/09/17 21:33:15] 发送(hex): 20
[2026/09/17 21:33:15] 发送(hex): 20
[2026/09/17 21:33:15] 发送(hex): 20
[2026/09/17 21:33:15] 发送(hex): 20
[2026/09/17 21:33:15] 发送(hex): 20
[2026/09/17 21:33:15] 发送(hex): 20
[2026/09/17 21:33:15] 发送(hex): 20
[2026/09/17 21:33:15] 发送(hex): 20
[2026/09/17 21:33:15] 发送(hex): 20
[2026/09/17 21:33:15] 发送(hex): 20
[2026/09/17 21:33:15] 发送(hex): 20
[2026/09/17 21:33:15] 发送(hex): 20
[2026/09/17 21:33:15] 发送(hex): 20
[2026/09/17 21:33:15] 发送(hex): 20
[2026/09/17 21:33:15] 发送(hex): 20
[2026/09/17 21:33:15] 发送(hex): 20
[2026/09/17 21:33:15] 发送(hex): 20
[2026/09/17 21:33:15] 发送(hex): 20
[2026/09/17 21:33:15] 发送(hex): 20
[2026/09/17 21:33:15] 发送(hex): 20
[2026/09/17 21:33:15] 发送(hex): 20
[2026/09/17 21:33:15] 发送(hex): 20
[2026/09/17 21:33:15] 发送(hex): 20
[2026/09/17 21:33:15] 发送(hex): 20
[2026/09/17 21:33:15] 发送(hex): 20
[2026/09/17 21:33:15] 发送(hex): 20
[2026/09/17 21:33:15] 发送(hex): 20
[2026/09/17 21:33:15] 发送(hex): 20
[2026/09/17 21:33:15] 发送(hex): 20
[2026/09/17 21:33:15] 发送(hex): 20
[2026/09/17 21:33:15] 发送(hex): 20
[2026/09/17 21:33:15] 发送(hex): 20
[2026/09/17 21:33:15] 发送(hex): 20
[2026/09/17 21:33:15] 发送(hex): 20
[2026/09/17 21:33:15] 发送(hex): 20
[2026/09/17 21:33:15] 发送(hex): 20
[2026/09/17 21:33:15] 发送(hex): 20
[2026/09/17 21:33:15] 发送(hex): 20
[2026/09/17 21:33:15] 发送(hex): 20
[2026/09/17 21:33:15] 发送(hex): 20
[2026/09/17 21:33:15] 发送(hex): 20
[2026/09/17 21:33:15] 发送(hex): 20
[2026/09/17 21:33:15] 发送(hex): 20
[2026/09/17 21:33:15] 发送(hex): 20
[2026/09/17 21:33:15] 发送(hex): 20
[2026/09/17 21:33:15] 发送(hex): 20
[2026/09/17 21:33:15] 发送(hex): 20
[2026/09/17 21:33:15] 发送(hex): 20
[2026/09/17 21:33:15] 发送(hex): 20
[2026/09/17 21:33:15] 发送(hex): 20
[2026/09/17 21:33:15] 发送(hex): 20
[2026/09/17 21:33:15] 发送(hex): 20
[2026/09/17 21:33:15] 发送(hex): 20
[2026/09/17 21:33:15] 发送(hex): 20
[2026/09/17 21:33:15] 发送(hex): 20
[2026/09/17 21:33:15] 发送(hex): 20
[2026/09/17 21:33:15] 发送(hex): 20
[2026/09/17 21:33:15] 发送(hex): 20
[2026/09/17 21:33:15] 发送(hex): 20
[2026/09/17 21:33:15] 发送(hex): 20
[2026/09/17 21:33:15] 发送(hex): 20
[2026/09/17 21:33:15] 发送(hex): 20
[2026/09/17 21:33:15] 发送(hex): 20
[2026/09/17 21:33:15] 发送(hex): 20
[2026/09/17 21:33:15] 发送(hex): 20
[2026/09/17 21:33:15] 发送(hex): 20
[2026/09/17 21:33:15] 发送(hex): 20
[2026/09/17 21:33:15] 发送(hex): 20
[2026/09/17 21:33:15] 发送(hex): 20
[2026/09/17 21:33:15] 发送(hex): 20
[2026/09/17 21:33:16] 发送(hex): 20
[2026/09/17 21:33:16] 发送(hex): 20
[2026/09/17 21:33:16] 发送(hex): 20
[2026/09/17 21:33:16] 发送(hex): 20
[2026/09/17 21:33:16] 发送(hex): 20
[2026/09/17 21:33:16] 发送(hex): 20
[2026/09/17 21:33:16] 发送(hex): 20
[2026/09/17 21:33:16] 发送(hex): 20
[2026/09/17 21:33:16] 发送(hex): 20
[2026/09/17 21:33:16] 发送(hex): 20
[2026/09/17 21:33:16] 发送(hex): 20
[2026/09/17 21:33:16] 发送(hex): 20
[2026/09/17 21:33:16] 发送(hex): 20
[2026/09/17 21:33:16] 发送(hex): 20
[2026/09/17 21:33:16] 发送(hex): 20
[2026/09/17 21:33:16] 发送(hex): 20
[2026/09/17 21:33:16] 发送(hex): 20
[2026/09/17 21:33:16] 发送(hex): 20
[2026/09/17 21:33:16] 发送(hex): 20
[2026/09/17 21:33:16] 发送(hex): 20
[2026/09/17 21:33:16] 发送(hex): 20
[2026/09/17 21:33:16] 发送(hex): 20
[2026/09/17 21:33:16] 发送(hex): 20
[2026/09/17 21:33:16] 发送(hex): 20
[2026/09/17 21:33:16] 发送(hex): 20
[2026/09/17 21:33:16] 发送(hex): 20
[2026/09/17 21:33:16] 发送(hex): 20
[2026/09/17 21:33:16] 发送(hex): 20
[2026/09/17 21:33:16] 发送(hex): 20
[2026/09/17 21:33:16] 发送(hex): 20
[2026/09/17 21:33:16] 发送(hex): 20
[2026/09/17 21:33:16] 发送(hex): 20
[2026/09/17 21:33:16] 发送(hex): 20
[2026/09/17 21:33:16] 发送(hex): 20
[2026/09/17 21:33:16] 发送(hex): 20
[2026/09/17 21:33:16] 发送(hex): 20
[2026/09/17 21:33:16] 发送(hex): 20
[2026/09/17 21:33:16] 发送(hex): 20
[2026/09/17 21:33:16] 发送(hex): 20
[2026/09/17 21:33:16] 发送(hex): 20
[2026/09/17 21:33:16] 发送(hex): 20
[2026/09/17 21:33:16] 发送(hex): 20
[2026/09/17 21:33:16] 发送(hex): 20
[2026/09/17 21:33:16] 发送(hex): 20
[2026/09/17 21:33:16] 发送(hex): 20
[2026/09/17 21:33:16] 发送(hex): 20
[2026/09/17 21:33:16] 发送(hex): 20
[2026/09/17 21:33:16] 发送(hex): 20
[2026/09/17 21:33:16] 发送(hex): 20
[2026/09/17 21:33:16] 发送(hex): 20
[2026/09/17 21:33:16] 发送(hex): 20
[2026/09/17 21:33:16] 发送(hex): 20
[2026/09/17 21:33:16] 发送(hex): 20
[2026/09/17 21:33:16] 发送(hex): 20
[2026/09/17 21:33:16] 发送(hex): 20
[2026/09/17 21:33:16] 发送(hex): 20
[2026/09/17 21:33:16] 发送(hex): 20
[2026/09/17 21:33:16] 发送(hex): 20
[2026/09/17 21:33:16] 发送(hex): 20
[2026/09/17 21:33:16] 发送(hex): 20
[2026/09/17 21:33:16] 发送(hex): 20
[2026/09/17 21:33:16] 发送(hex): 20
[2026/09/17 21:33:16] 发送(hex): 20
[2026/09/17 21:33:16] 发送(hex): 20
[2026/09/17 21:33:16] 发送(hex): 20
[2026/09/17 21:33:16] 发送(hex): 20
[2026/09/17 21:33:16] 发送(hex): 20
[2026/09/17 21:33:16] 发送(hex): 20
[2026/09/17 21:33:16] 发送(hex): 20
[2026/09/17 21:33:16] 发送(hex): 20
[2026/09/17 21:33:16] 发送(hex): 20
[2026/09/17 21:33:16] 发送(hex): 20
[2026/09/17 21:33:16] 发送(hex): 20
[2026/09/17 21:33:16] 发送(hex): 20
[2026/09/17 21:33:16] 发送(hex): 20
[2026/09/17 21:33:16] 发送(hex): 20
[2026/09/17 21:33:16] 发送(hex): 20
[2026/09/17 21:33:16] 发送(hex): 20
[2026/09/17 21:33:16] 发送(hex): 20
[2026/09/17 21:33:16] 发送(hex): 20
[2026/09/17 21:33:16] 发送(hex): 20
[2026/09/17 21:33:16] 发送(hex): 20
[2026/09/17 21:33:16] 发送(hex): 20
[2026/09/17 21:33:16] 发送(hex): 20
[2026/09/17 21:33:16] 发送(hex): 20
[2026/09/17 21:33:16] 发送(hex): 20
[2026/09/17 21:33:16] 发送(hex): 20
[2026/09/17 21:33:16] 发送(hex): 20
[2026/09/17 21:33:16] 发送(hex): 20
[2026/09/17 21:33:16] 发送(hex): 20
[2026/09/17 21:33:16] 发送(hex): 20
[2026/09/17 21:33:16] 发送(hex): 20
[2026/09/17 21:33:16] 发送(hex): 20
[2026/09/17 21:33:16] 发送(hex): 20
[2026/09/17 21:33:17] 发送(hex): 20
[2026/09/17 21:33:17] 发送(hex): 20
[2026/09/17 21:33:17] 发送(hex): 20
[2026/09/17 21:33:17] 发送(hex): 20
[2026/09/17 21:33:17] 发送(hex): 20
[2026/09/17 21:33:17] 发送(hex): 20
[2026/09/17 21:33:17] 发送(hex): 20
[2026/09/17 21:33:17] 发送(hex): 20
[2026/09/17 21:33:17] 发送(hex): 20
[2026/09/17 21:33:17] 发送(hex): 20
[2026/09/17 21:33:17] 发送(hex): 20
[2026/09/17 21:33:17] 发送(hex): 20
[2026/09/17 21:33:17] 发送(hex): 20
[2026/09/17 21:33:17] 发送(hex): 20
[2026/09/17 21:33:17] 发送(hex): 20
[2026/09/17 21:33:17] 发送(hex): 20
[2026/09/17 21:33:17] 发送(hex): 20
[2026/09/17 21:33:17] 发送(hex): 20
[2026/09/17 21:33:17] 发送(hex): 20
[2026/09/17 21:33:17] 发送(hex): 20
[2026/09/17 21:33:17] 发送(hex): 20
[2026/09/17 21:33:17] 发送(hex): 20
[2026/09/17 21:33:17] 发送(hex): 20
[2026/09/17 21:33:17] 发送(hex): 20
[2026/09/17 21:33:17] 发送(hex): 20
[2026/09/17 21:33:17] 发送(hex): 20
[2026/09/17 21:33:17] 发送(hex): 20
[2026/09/17 21:33:17] 发送(hex): 20
[2026/09/17 21:33:17] 发送(hex): 20
[2026/09/17 21:33:17] 发送(hex): 20
[2026/09/17 21:33:17] 发送(hex): 20
[2026/09/17 21:33:17] 发送(hex): 20
[2026/09/17 21:33:17] 发送(hex): 20
[2026/09/17 21:33:17] 发送(hex): 20
[2026/09/17 21:33:17] 发送(hex): 20
[2026/09/17 21:33:17] 发送(hex): 20
[2026/09/17 21:33:17] 发送(hex): 20
[2026/09/17 21:33:17] 发送(hex): 20
[2026/09/17 21:33:17] 发送(hex): 20
[2026/09/17 21:33:17] 发送(hex): 20
[2026/09/17 21:33:17] 发送(hex): 20
[2026/09/17 21:33:17] 发送(hex): 20
[2026/09/17 21:33:17] 发送(hex): 20
[2026/09/17 21:33:17] 发送(hex): 20
[2026/09/17 21:33:17] 发送(hex): 20
[2026/09/17 21:33:17] 发送(hex): 20
[2026/09/17 21:33:17] 发送(hex): 20
[2026/09/17 21:33:17] 发送(hex): 20
[2026/09/17 21:33:17] 发送(hex): 20
[2026/09/17 21:33:17] 发送(hex): 20
[2026/09/17 21:33:17] 发送(hex): 20
[2026/09/17 21:33:17] 发送(hex): 20
[2026/09/17 21:33:17] 发送(hex): 20
[2026/09/17 21:33:17] 发送(hex): 20
[2026/09/17 21:33:17] 发送(hex): 20
[2026/09/17 21:33:17] 发送(hex): 20
[2026/09/17 21:33:17] 发送(hex): 20
[2026/09/17 21:33:17] 发送(hex): 20
[2026/09/17 21:33:17] 发送(hex): 20
[2026/09/17 21:33:17] 发送(hex): 20
[2026/09/17 21:33:17] 发送(hex): 20
[2026/09/17 21:33:17] 发送(hex): 20
[2026/09/17 21:33:17] 发送(hex): 20
[2026/09/17 21:33:17] 发送(hex): 20
[2026/09/17 21:33:17] 发送(hex): 20
[2026/09/17 21:33:17] 发送(hex): 20
[2026/09/17 21:33:17] 发送(hex): 20
[2026/09/17 21:33:17] 发送(hex): 20
[2026/09/17 21:33:17] 发送(hex): 20
[2026/09/17 21:33:17] 发送(hex): 20
[2026/09/17 21:33:17] 发送(hex): 20
[2026/09/17 21:33:17] 发送(hex): 20
[2026/09/17 21:33:17] 发送(hex): 20
[2026/09/17 21:33:17] 发送(hex): 20
[2026/09/17 21:33:17] 发送(hex): 20
[2026/09/17 21:33:17] 发送(hex): 20
[2026/09/17 21:33:17] 发送(hex): 20
[2026/09/17 21:33:17] 发送(hex): 20
[2026/09/17 21:33:17] 发送(hex): 20
[2026/09/17 21:33:17] 发送(hex): 20
[2026/09/17 21:33:17] 发送(hex): 20
[2026/09/17 21:33:17] 发送(hex): 20
[2026/09/17 21:33:17] 发送(hex): 20
[2026/09/17 21:33:17] 发送(hex): 20
[2026/09/17 21:33:17] 发送(hex): 20
[2026/09/17 21:33:17] 发送(hex): 20
[2026/09/17 21:33:17] 发送(hex): 20
[2026/09/17 21:33:17] 发送(hex): 20
[2026/09/17 21:33:17] 发送(hex): 20
[2026/09/17 21:33:17] 发送(hex): 20
[2026/09/17 21:33:17] 发送(hex): 20
[2026/09/17 21:33:17] 发送(hex): 20
[2026/09/17 21:33:17] 发送(hex): 20
[2026/09/17 21:33:17] 发送(hex): 20
[2026/09/17 21:33:17] 发送(hex): 20
[2026/09/17 21:33:18] 发送(hex): 20
[2026/09/17 21:33:18] 发送(hex): 20
[2026/09/17 21:33:18] 发送(hex): 20
[2026/09/17 21:33:18] 发送(hex): 20
[2026/09/17 21:33:18] 发送(hex): 20
[2026/09/17 21:33:18] 发送(hex): 20
[2026/09/17 21:33:18] 发送(hex): 20
[2026/09/17 21:33:18] 发送(hex): 20
[2026/09/17 21:33:18] 发送(hex): 20
[2026/09/17 21:33:18] 发送(hex): 20
[2026/09/17 21:33:18] 发送(hex): 20
[2026/09/17 21:33:18] 发送(hex): 20
[2026/09/17 21:33:18] 发送(hex): 20
[2026/09/17 21:33:18] 发送(hex): 20
[2026/09/17 21:33:18] 发送(hex): 20
[2026/09/17 21:33:18] 发送(hex): 20
[2026/09/17 21:33:18] 发送(hex): 20
[2026/09/17 21:33:18] 发送(hex): 20
[2026/09/17 21:33:18] 发送(hex): 20
[2026/09/17 21:33:18] 发送(hex): 20
[2026/09/17 21:33:18] 发送(hex): 20
[2026/09/17 21:33:18] 发送(hex): 20
[2026/09/17 21:33:18] 发送(hex): 20
[2026/09/17 21:33:18] 发送(hex): 20
[2026/09/17 21:33:18] 发送(hex): 20
[2026/09/17 21:33:18] 发送(hex): 20
[2026/09/17 21:33:18] 发送(hex): 20
[2026/09/17 21:33:18] 发送(hex): 20
[2026/09/17 21:33:18] 发送(hex): 20
[2026/09/17 21:33:18] 发送(hex): 20
[2026/09/17 21:33:18] 发送(hex): 20
[2026/09/17 21:33:18] 发送(hex): 20
[2026/09/17 21:33:18] 发送(hex): 20
[2026/09/17 21:33:18] 发送(hex): 20
[2026/09/17 21:33:18] 发送(hex): 20
[2026/09/17 21:33:18] 发送(hex): 20
[2026/09/17 21:33:18] 发送(hex): 20
[2026/09/17 21:33:18] 发送(hex): 20
[2026/09/17 21:33:18] 发送(hex): 20
[2026/09/17 21:33:18] 发送(hex): 20
[2026/09/17 21:33:18] 发送(hex): 20
[2026/09/17 21:33:18] 发送(hex): 20
[2026/09/17 21:33:18] 发送(hex): 20
[2026/09/17 21:33:18] 发送(hex): 20
[2026/09/17 21:33:18] 发送(hex): 20
[2026/09/17 21:33:18] 发送(hex): 20
[2026/09/17 21:33:18] 发送(hex): 20
[2026/09/17 21:33:18] 发送(hex): 20
[2026/09/17 21:33:18] 发送(hex): 20
[2026/09/17 21:33:18] 发送(hex): 20
[2026/09/17 21:33:18] 发送(hex): 20
[2026/09/17 21:33:18] 发送(hex): 20
[2026/09/17 21:33:18] 发送(hex): 20
[2026/09/17 21:33:18] 发送(hex): 20
[2026/09/17 21:33:18] 发送(hex): 20
[2026/09/17 21:33:18] 发送(hex): 20
[2026/09/17 21:33:18] 发送(hex): 20
[2026/09/17 21:33:18] 发送(hex): 20
[2026/09/17 21:33:18] 发送(hex): 20
[2026/09/17 21:33:18] 发送(hex): 20
[2026/09/17 21:33:18] 发送(hex): 20
[2026/09/17 21:33:18] 发送(hex): 20
[2026/09/17 21:33:18] 发送(hex): 20
[2026/09/17 21:33:18] 发送(hex): 20
[2026/09/17 21:33:18] 发送(hex): 20
[2026/09/17 21:33:18] 发送(hex): 20
[2026/09/17 21:33:18] 发送(hex): 20
[2026/09/17 21:33:18] 发送(hex): 20
[2026/09/17 21:33:18] 发送(hex): 20
[2026/09/17 21:33:18] 发送(hex): 20
[2026/09/17 21:33:18] 发送(hex): 20
[2026/09/17 21:33:18] 发送(hex): 20
[2026/09/17 21:33:18] 发送(hex): 20
[2026/09/17 21:33:18] 发送(hex): 20
[2026/09/17 21:33:18] 发送(hex): 20
[2026/09/17 21:33:18] 发送(hex): 20
[2026/09/17 21:33:18] 发送(hex): 20
[2026/09/17 21:33:18] 发送(hex): 20
[2026/09/17 21:33:18] 发送(hex): 20
[2026/09/17 21:33:18] 发送(hex): 20
[2026/09/17 21:33:18] 发送(hex): 20
[2026/09/17 21:33:18] 发送(hex): 20
[2026/09/17 21:33:18] 发送(hex): 20
[2026/09/17 21:33:18] 发送(hex): 20
[2026/09/17 21:33:18] 发送(hex): 20
[2026/09/17 21:33:18] 发送(hex): 20
[2026/09/17 21:33:18] 发送(hex): 20
[2026/09/17 21:33:18] 发送(hex): 20
[2026/09/17 21:33:18] 发送(hex): 20
[2026/09/17 21:33:18] 发送(hex): 20
[2026/09/17 21:33:18] 发送(hex): 20
[2026/09/17 21:33:18] 发送(hex): 20
[2026/09/17 21:33:18] 发送(hex): 20
[2026/09/17 21:33:18] 发送(hex): 20
[2026/09/17 21:33:19] 发送(hex): 20
[2026/09/17 21:33:19] 发送(hex): 20
[2026/09/17 21:33:19] 发送(hex): 20
[2026/09/17 21:33:19] 发送(hex): 20
[2026/09/17 21:33:19] 发送(hex): 20
[2026/09/17 21:33:19] 发送(hex): 20
[2026/09/17 21:33:19] 发送(hex): 20
[2026/09/17 21:33:19] 发送(hex): 20
[2026/09/17 21:33:19] 发送(hex): 20
[2026/09/17 21:33:19] 发送(hex): 20
[2026/09/17 21:33:19] 发送(hex): 20
[2026/09/17 21:33:19] 发送(hex): 20
[2026/09/17 21:33:19] 发送(hex): 20
[2026/09/17 21:33:19] 发送(hex): 20
[2026/09/17 21:33:19] 发送(hex): 20
[2026/09/17 21:33:19] 发送(hex): 20
[2026/09/17 21:33:19] 发送(hex): 20
[2026/09/17 21:33:19] 发送(hex): 20
[2026/09/17 21:33:19] 发送(hex): 20
[2026/09/17 21:33:19] 发送(hex): 20
[2026/09/17 21:33:19] 发送(hex): 20
[2026/09/17 21:33:19] 发送(hex): 20
[2026/09/17 21:33:19] 发送(hex): 20
[2026/09/17 21:33:19] 发送(hex): 20
[2026/09/17 21:33:19] 发送(hex): 20
[2026/09/17 21:33:19] 发送(hex): 20
[2026/09/17 21:33:19] 发送(hex): 20
[2026/09/17 21:33:19] 发送(hex): 20
[2026/09/17 21:33:19] 发送(hex): 20
[2026/09/17 21:33:19] 发送(hex): 20
[2026/09/17 21:33:19] 发送(hex): 20
[2026/09/17 21:33:19] 发送(hex): 20
[2026/09/17 21:33:19] 发送(hex): 20
[2026/09/17 21:33:19] 发送(hex): 20
[2026/09/17 21:33:19] 发送(hex): 20
[2026/09/17 21:33:19] 发送(hex): 20
[2026/09/17 21:33:19] 发送(hex): 20
[2026/09/17 21:33:19] 发送(hex): 20
[2026/09/17 21:33:19] 发送(hex): 20
[2026/09/17 21:33:19] 发送(hex): 20
[2026/09/17 21:33:19] 发送(hex): 20
[2026/09/17 21:33:19] 发送(hex): 20
[2026/09/17 21:33:19] 发送(hex): 20
[2026/09/17 21:33:19] 发送(hex): 20
[2026/09/17 21:33:19] 发送(hex): 20
[2026/09/17 21:33:19] 发送(hex): 20
[2026/09/17 21:33:19] 发送(hex): 20
[2026/09/17 21:33:19] 发送(hex): 20
[2026/09/17 21:33:19] 发送(hex): 20
[2026/09/17 21:33:19] 发送(hex): 20
[2026/09/17 21:33:19] 发送(hex): 20
[2026/09/17 21:33:19] 发送(hex): 20
[2026/09/17 21:33:19] 发送(hex): 20
[2026/09/17 21:33:19] 发送(hex): 20
[2026/09/17 21:33:19] 发送(hex): 20
[2026/09/17 21:33:19] 发送(hex): 20
[2026/09/17 21:33:19] 发送(hex): 20
[2026/09/17 21:33:19] 发送(hex): 20
[2026/09/17 21:33:19] 发送(hex): 20
[2026/09/17 21:33:19] 发送(hex): 20
[2026/09/17 21:33:19] 发送(hex): 20
[2026/09/17 21:33:19] 发送(hex): 20
[2026/09/17 21:33:19] 发送(hex): 20
[2026/09/17 21:33:19] 发送(hex): 20
[2026/09/17 21:33:19] 发送(hex): 20
[2026/09/17 21:33:19] 发送(hex): 20
[2026/09/17 21:33:19] 发送(hex): 20
[2026/09/17 21:33:19] 发送(hex): 20
[2026/09/17 21:33:19] 发送(hex): 20
[2026/09/17 21:33:19] 发送(hex): 20
[2026/09/17 21:33:19] 发送(hex): 20
[2026/09/17 21:33:19] 发送(hex): 20
[2026/09/17 21:33:19] 发送(hex): 20
[2026/09/17 21:33:19] 发送(hex): 20
[2026/09/17 21:33:19] 发送(hex): 20
[2026/09/17 21:33:19] 发送(hex): 20
[2026/09/17 21:33:19] 发送(hex): 20
[2026/09/17 21:33:19] 发送(hex): 20
[2026/09/17 21:33:19] 发送(hex): 20
[2026/09/17 21:33:19] 发送(hex): 20
[2026/09/17 21:33:19] 发送(hex): 20
[2026/09/17 21:33:19] 发送(hex): 20
[2026/09/17 21:33:19] 发送(hex): 20
[2026/09/17 21:33:19] 发送(hex): 20
[2026/09/17 21:33:19] 发送(hex): 20
[2026/09/17 21:33:19] 发送(hex): 20
[2026/09/17 21:33:19] 发送(hex): 20
[2026/09/17 21:33:19] 发送(hex): 20
[2026/09/17 21:33:19] 发送(hex): 20
[2026/09/17 21:33:20] 发送(hex): 20
[2026/09/17 21:33:20] 发送(hex): 20
[2026/09/17 21:33:20] 发送(hex): 20
[2026/09/17 21:33:20] 发送(hex): 20
[2026/09/17 21:33:20] 发送(hex): 20
[2026/09/17 21:33:20] 发送(hex): 20
[2026/09/17 21:33:20] 发送(hex): 20
[2026/09/17 21:33:20] 发送(hex): 20
[2026/09/17 21:33:20] 发送(hex): 20
[2026/09/17 21:33:20] 发送(hex): 20
[2026/09/17 21:33:20] 发送(hex): 20
[2026/09/17 21:33:20] 发送(hex): 20
[2026/09/17 21:33:20] 发送(hex): 20
[2026/09/17 21:33:20] 发送(hex): 20
[2026/09/17 21:33:20] 发送(hex): 20
[2026/09/17 21:33:20] 发送(hex): 20
[2026/09/17 21:33:20] 发送(hex): 20
[2026/09/17 21:33:20] 发送(hex): 20
[2026/09/17 21:33:20] 发送(hex): 20
[2026/09/17 21:33:20] 发送(hex): 20
[2026/09/17 21:33:20] 发送(hex): 20
[2026/09/17 21:33:20] 发送(hex): 20
[2026/09/17 21:33:20] 发送(hex): 20
[2026/09/17 21:33:20] 发送(hex): 20
[2026/09/17 21:33:20] 发送(hex): 20
[2026/09/17 21:33:20] 发送(hex): 20
[2026/09/17 21:33:20] 发送(hex): 20
[2026/09/17 21:33:20] 发送(hex): 20
[2026/09/17 21:33:20] 发送(hex): 20
[2026/09/17 21:33:20] 发送(hex): 20
[2026/09/17 21:33:20] 发送(hex): 20
[2026/09/17 21:33:20] 发送(hex): 20
[2026/09/17 21:33:20] 发送(hex): 20
[2026/09/17 21:33:20] 发送(hex): 20
[2026/09/17 21:33:20] 发送(hex): 20
[2026/09/17 21:33:20] 发送(hex): 20
[2026/09/17 21:33:20] 发送(hex): 20
[2026/09/17 21:33:20] 发送(hex): 20
[2026/09/17 21:33:20] 发送(hex): 20
[2026/09/17 21:33:20] 发送(hex): 20
[2026/09/17 21:33:20] 发送(hex): 20
[2026/09/17 21:33:20] 发送(hex): 20
[2026/09/17 21:33:20] 发送(hex): 20
[2026/09/17 21:33:20] 发送(hex): 20
[2026/09/17 21:33:20] 发送(hex): 20
[2026/09/17 21:33:20] 发送(hex): 20
[2026/09/17 21:33:20] 发送(hex): 20
[2026/09/17 21:33:20] 发送(hex): 20
[2026/09/17 21:33:20] 发送(hex): 20
[2026/09/17 21:33:20] 发送(hex): 20
[2026/09/17 21:33:20] 发送(hex): 20
[2026/09/17 21:33:20] 发送(hex): 20
[2026/09/17 21:33:20] 发送(hex): 20
[2026/09/17 21:33:20] 发送(hex): 20
[2026/09/17 21:33:20] 发送(hex): 20
[2026/09/17 21:33:20] 发送(hex): 20
[2026/09/17 21:33:20] 发送(hex): 20
[2026/09/17 21:33:20] 发送(hex): 20
[2026/09/17 21:33:20] 发送(hex): 20
[2026/09/17 21:33:20] 发送(hex): 20
[2026/09/17 21:33:20] 发送(hex): 20
[2026/09/17 21:33:20] 发送(hex): 20
[2026/09/17 21:33:20] 发送(hex): 20
[2026/09/17 21:33:20] 发送(hex): 20
[2026/09/17 21:33:20] 发送(hex): 20
[2026/09/17 21:33:20] 发送(hex): 20
[2026/09/17 21:33:20] 发送(hex): 20
[2026/09/17 21:33:20] 发送(hex): 20
[2026/09/17 21:33:20] 发送(hex): 20
[2026/09/17 21:33:20] 发送(hex): 20
[2026/09/17 21:33:20] 发送(hex): 20
[2026/09/17 21:33:20] 发送(hex): 20
[2026/09/17 21:33:21] 发送(hex): 0d
[2026/09/17 21:33:21] 发送(hex): 0d
[2026/09/17 21:33:21] Realtek>
[2026/09/17 21:33:21] 发送(hex): 0d
[2026/09/17 21:33:21] 发送(hex): 0d
[2026/09/17 21:33:21] Realtek>
[2026/09/17 21:33:21] Realtek>
[2026/09/17 21:33:21] 发送(hex): 0d
[2026/09/17 21:33:21] Realtek>
[2026/09/17 21:33:21] Realtek>
[2026/09/17 21:33:26] 发送(hex): 706d6f64652064697361626c653b72650d
[2026/09/17 21:33:26] pmode disable;re
[2026/09/17 21:33:26] uboot command for pmode disable!
[2026/09/17 21:33:26] resetting ...
[2026/09/17 21:33:26] $
[2026/09/17 21:33:26] Post romcode git ver:42df880604ac78a3 (Aug 28 2026 21:41:35)
[2026/09/17 21:33:26] $
[2026/09/17 21:33:26] Hello world, RTD2875P_CN2_TV030!
[2026/09/17 21:33:26] set_wifi_reset
[2026/09/17 21:33:26] Auxcode git ver:3a4deb9ea300359e (Aug 28 2026 21:41:29)
[2026/09/17 21:33:26] flash_type = 2, secure_type = 2
[2026/09/17 21:33:26] b8062204=20000
[2026/09/17 21:33:26] slot info 0 0x0 info 1 0x9021afbe
[2026/09/17 21:33:26] g_gpt_blk_start 0x1  g_offline_gpt 0x0 last_usable_lba 0x1cd2032 num_partition_entries 0x32
[2026/09/17 21:33:26] start 0x2e600000 clt_blk 0x1973004 ctrl size 0x20
[2026/09/17 21:33:26] choose active index 0
[2026/09/17 21:33:26] part name bootloader ative_slot _a real part name bootloader_a
[2026/09/17 21:33:26] part name hwsetting start 0x100000 size 0x33600
[2026/09/17 21:33:26] part name ext_fw start 0x133600 size 0x10400
[2026/09/17 21:33:26] part name kboot start 0x143a00 size 0x16e00
[2026/09/17 21:33:26] part name uboot start 0x15a800 size 0x120400
[2026/09/17 21:33:26] ls4 2 1 = 800040ab 8000207f 80001000
[2026/09/17 21:33:26] fNewHWsettingArch = 2
[2026/09/17 21:33:26] 1.lsadcidx = 2, brand =3, offset = 0
[2026/09/17 21:33:26] 1.lsadcidx = 2, brand =3, offset = 17800
[2026/09/17 21:33:26] hwsetting from mmc
[2026/09/17 21:33:26] AC on HW offset 0x809 start 0x800 reg 0x8090800
[2026/09/17 21:33:26] total = 2f00
[2026/09/17 21:33:26] A
[2026/09/17 21:33:26] A
[2026/09/17 21:33:26] A
[2026/09/17 21:33:26] A
[2026/09/17 21:33:26] A
[2026/09/17 21:33:26] {12 14}
[2026/09/17 21:33:26] ffeeddffeedd
[2026/09/17 21:33:26] ddr ver: 62c63180
[2026/09/17 21:33:26] ori DQS0~7 {03 04 1a 1c 00 01 00 00}
[2026/09/17 21:33:26] {01 03 19 1b 00 01 00 00} {09 09 06 09 06 05 00 00}
[2026/09/17 21:33:26] r.y.0 r.y.0 SCPU BISR status: Done
[2026/09/17 21:33:27] [go kb]
[2026/09/17 21:33:27] pass bootcode info to kboot
[2026/09/17 21:33:27] num=1056
[2026/09/17 21:33:27] boot_magic=20230423
[2026/09/17 21:33:27] ---DEBUG kboot 21:41:14 Aug 28 2026 ---
[2026/09/17 21:33:27] [Kboot]eMMC(mid-15) MMC_HS50 (50000000Mhz)[8bit].
[2026/09/17 21:33:27] block info 0x1cd2032 0x3a3e000.
[2026/09/17 21:33:27] [MMC] 32 -----------> 16GB.
[2026/09/17 21:33:27] (2379beef) (0) bufsize=(null)
[2026/09/17 21:33:27] uboot start 0x15a800
[2026/09/17 21:33:27] size 0x120400
[2026/09/17 21:33:27] board_version: ls1 = 0, ver: 0
[2026/09/17 21:33:27] [0;31mapp_main 325 board_version=0[0m
[2026/09/17 21:33:27] get FW_TZFW flash start 0xf100200 ddr buf start 0x180000 image size 010c2e3 ok!
[2026/09/17 21:33:27] [INFO]RPMB auth key not written !
[2026/09/17 21:33:27] [INFO]RPMB auth key not written !
[2026/09/17 21:33:27] Current board is not frist boot.
[2026/09/17 21:33:27] ALL zero, reserved_3 has removed.
[2026/09/17 21:33:27] Current board remove reserved_3 done.
[2026/09/17 21:33:27] get FW_VKERNEL flash start
[2026/09/17 21:33:27] 0xc100200 ddr buf start 0x1a900000 image size 05f0300 ok!
[2026/09/17 21:33:27] get FW_VKERNEL2 flash start 0xd900200 ddr buf start 0x1af00000 image size 0f4920 ok!
[2026/09/17 21:33:27] get FW_AKERNEL flash start 0xa900200 ddr buf start 0x1b200000 image size 07fbf7c ok!
[2026/09/17 21:33:27] ATFATFATF:0 1 NOTICE: kill CPU(2)...
[2026/09/17 21:33:27] ATF:0 1 NOTICE: kill (2) : PACTIVE:0
[2026/09/17 21:33:27] ATF:0 1 NOTICE:  CPU(2) kill done, pstate(0x0)
[2026/09/17 21:33:27] U
[2026/09/17 21:33:27] fixup_node_name 555. set /reserved-mem
[2026/09/17 21:33:27] ory@5 to /reserved-memory
[2026/09/17 21:33:27] fixup_node_name 555. set /rtk_cma@5 to /rtk_cma
[2026/09/17 21:33:27] ### [1;31mERROR[0m ### get_movablecore 613. Can't find dtb node /reserved-memory/cma2_memory/reg
[2026/09/17 21:33:27] reinit_mem_info 1049  ddr_size 80000000
[2026/09/17 21:33:28] booting, boot_led_type: 0x00000000, led on[1]
[2026/09/17 21:33:28] set share register: 0x99100000
[2026/09/17 21:33:28] boot_power_on_mode=1
[2026/09/17 21:33:28] [get_layout:1264]!
[2026/09/17 21:33:28] boot_part value = 0 boot_tag value = 21
[2026/09/17 21:33:28] [get_oemkey] 1397: get oem.key = ATV00107525
[2026/09/17 21:33:28] Factory_RO: [EXT4] factory_ro_buffer:0a800000, factory_ro_buffer size:0x1000000!
[2026/09/17 21:33:28] Partiton factory_ro_a located at 0:6
[2026/09/17 21:33:28] factory_ro_a partition can not find /.000@bk@***!
[2026/09/17 21:33:28] Factory RO no need recovery!
[2026/09/17 21:33:28] Get tvconfigs_a partition block device index fail!
[2026/09/17 21:33:28] read customer.ini file fail!
[2026/09/17 21:33:28] parse SYS_INI path fail
[2026/09/17 21:33:28] Not support board ini mechansim!
[2026/09/17 21:33:28] Get tvconfigs_a partition block device index fail!
[2026/09/17 21:33:28] read customer.ini file fail!
[2026/09/17 21:33:28] parse SYS_INI path fail
[2026/09/17 21:33:28] load model ini file fail
[2026/09/17 21:33:28] cannot find PcbPath from ini file
[2026/09/17 21:33:28] no pcb.config in tvconfigs
[2026/09/17 21:33:28] no mnt/vendor/factorypcb.config
[2026/09/17 21:33:28] delay:342
[2026/09/17 21:33:29] Vwait
[2026/09/17 21:33:29] V1go Vwait V2go
[2026/09/17 21:33:29] DEMOD BISR check
[2026/09/17 21:33:29] Pass and disable demod CLK!!
[2026/09/17 21:33:29] [0;31mboard_version=0 sz=18M[0m
[2026/09/17 21:33:29] ATF:0 1 NOTICE: atf enter time:1180ms, current time:2698ms
[2026/09/17 21:33:29] ATF:0 1 NOTICE: 1st boot elapsed 2704ms
[2026/09/17 21:33:31] console:/ $
[2026/09/17 21:34:01] 发送(hex): 0d
[2026/09/17 21:34:01] 发送(hex): 0d
[2026/09/17 21:34:01] 发送(hex): 0d
[2026/09/17 21:34:01] console:/ $
[2026/09/17 21:34:01] 发送(hex): 0d
[2026/09/17 21:34:01] console:/ $
[2026/09/17 21:34:01] console:/ $
[2026/09/17 21:34:01] console:/ $
[2026/09/17 21:34:02] 发送(hex): 6c6f67636174207c67726570206d5a697046696c654e616d650d
[2026/09/17 21:34:02] logcat |grep mZipFileName
[2026/09/17 21:34:04] 08-30 18:21:55.517  1042  1090 D BootAnimation: cxtest mZipFileName:/tvcust/aio_resources/resource/extension/common_IFFALCON_2K/bootanim/customized_bootanimation.zip
[2026/09/17 21:34:04] 发送(hex): 03
[2026/09/17 21:34:04] ^C
[2026/09/17 21:34:11] 发送(hex): 20
[2026/09/17 21:34:11] 发送(hex): 20
[2026/09/17 21:34:11] 发送(hex): 20
[2026/09/17 21:34:11] 发送(hex): 20
[2026/09/17 21:34:11] 发送(hex): 20
[2026/09/17 21:34:11] 发送(hex): 20
[2026/09/17 21:34:11] 发送(hex): 20
[2026/09/17 21:34:11] 发送(hex): 20
[2026/09/17 21:34:11] 发送(hex): 20
[2026/09/17 21:34:11] 发送(hex): 20
[2026/09/17 21:34:11] 发送(hex): 20
[2026/09/17 21:34:11] 发送(hex): 20
[2026/09/17 21:34:11] 发送(hex): 20
[2026/09/17 21:34:11] 发送(hex): 20
[2026/09/17 21:34:11] 发送(hex): 20
[2026/09/17 21:34:11] 发送(hex): 20
[2026/09/17 21:34:11] 发送(hex): 20
[2026/09/17 21:34:11] 发送(hex): 20
[2026/09/17 21:34:11] 发送(hex): 20
[2026/09/17 21:34:11] 发送(hex): 20
[2026/09/17 21:34:11] 发送(hex): 20
[2026/09/17 21:34:11] 发送(hex): 20
[2026/09/17 21:34:11] 发送(hex): 20
[2026/09/17 21:34:11] 发送(hex): 20
[2026/09/17 21:34:11] 发送(hex): 20
[2026/09/17 21:34:11] 发送(hex): 20
[2026/09/17 21:34:11] 发送(hex): 20
[2026/09/17 21:34:11] 发送(hex): 20
[2026/09/17 21:34:11] 发送(hex): 20
[2026/09/17 21:34:11] 发送(hex): 20
[2026/09/17 21:34:11] 发送(hex): 20
[2026/09/17 21:34:11] 发送(hex): 20
[2026/09/17 21:34:11] 发送(hex): 20
[2026/09/17 21:34:11] $
[2026/09/17 21:34:11] Post romcode git ver:42df880604ac78a3 (Aug 28 2026 21:41:35)
[2026/09/17 21:34:11] $
[2026/09/17 21:34:11] Hello world, RTD2875P_CN2_TV030!
[2026/09/17 21:34:11] set_wifi_reset
[2026/09/17 21:34:11] Auxcode git ver:3a4deb9ea300359e (Aug 28 2026 21:41:29)
[2026/09/17 21:34:11] flash_type = 2, secure_type = 2
[2026/09/17 21:34:11] b8062204=0
[2026/09/17 21:34:11] 发送(hex): 20
[2026/09/17 21:34:11] 发送(hex): 20
[2026/09/17 21:34:11] slot info 0 0x0 info 1 0x0
[2026/09/17 21:34:11] invalid reg slot status 0x0,get
[2026/09/17 21:34:11] 发送(hex): 20
[2026/09/17 21:34:11] 发送(hex): 20
[2026/09/17 21:34:11] 发送(hex): 20
[2026/09/17 21:34:11] 发送(hex): 20
[2026/09/17 21:34:11] 发送(hex): 20
[2026/09/17 21:34:11] 发送(hex): 20
[2026/09/17 21:34:11] 发送(hex): 20
[2026/09/17 21:34:11] 发送(hex): 20
[2026/09/17 21:34:11] slot info from flash!
[2026/09/17 21:34:11] g_gpt_blk_start 0x1  g_offline_gpt 0x0 last_usable_lba 0x1cd2032 num_partition_entries 0x32
[2026/09/17 21:34:11] start 0x2e600000 clt_blk 0x1973004 ctrl size 0x20
[2026/09/17 21:34:11] choose active index 0
[2026/09/17 21:34:11] part name bootloader ative_slot _a real part name bootloader_a
[2026/09/17 21:34:11] part name hwsetting start 0x100000 size 0x33600
[2026/09/17 21:34:11] part name ext_fw start 0x133600 size 0x10400
[2026/09/17 21:34:11] part name kboot start 0x143a00 size 0x16e00
[2026/09/17 21:34:11] part name uboot start 0x15a800 size 0x120400
[2026/09/17 21:34:11] ls4 2 1 = 800040ab 8000207f 80001000
[2026/09/17 21:34:11] fNewHWsettingArch = 2
[2026/09/17 21:34:11] 1.lsadcidx = 2, brand =3, offset = 0
[2026/09/17 21:34:11] 1.lsadcidx = 2, brand =3, offset = 17800
[2026/09/17 21:34:11] hwsetting from mmc
[2026/09/17 21:34:11] AC on HW offset 0x809 start 0x800 reg 0x8090800
[2026/09/17 21:34:11] total = 2f00
[2026/09/17 21:34:11] 发送(hex): 20
[2026/09/17 21:34:11] 发送(hex): 20
[2026/09/17 21:34:11] 发送(hex): 20
[2026/09/17 21:34:11] 发送(hex): 20
[2026/09/17 21:34:11] A
[2026/09/17 21:34:11] 发送(hex): 20
[2026/09/17 21:34:12] 发送(hex): 20
[2026/09/17 21:34:12] A
[2026/09/17 21:34:12] 发送(hex): 20
[2026/09/17 21:34:12] A
[2026/09/17 21:34:12] A
[2026/09/17 21:34:12] 发送(hex): 20
[2026/09/17 21:34:12] 发送(hex): 20
[2026/09/17 21:34:12] A
[2026/09/17 21:34:12] 发送(hex): 20
[2026/09/17 21:34:12] 发送(hex): 20
[2026/09/17 21:34:12] {12 14}
[2026/09/17 21:34:12] ffeeddffeeddddr ver: 62c63180
[2026/09/17 21:34:12] ori DQS0~7 {03 04 1a 1c 00 01 00 00}
[2026/09/17 21:34:12] 发送(hex): 20
[2026/09/17 21:34:12] 发送(hex): 20
[2026/09/17 21:34:12] 发送(hex): 20
[2026/09/17 21:34:12] 发送(hex): 20
[2026/09/17 21:34:12] 发送(hex): 20
[2026/09/17 21:34:12] 发送(hex): 20
[2026/09/17 21:34:12] 发送(hex): 20
[2026/09/17 21:34:12] {01 03 19 1b 00 01 00 00} {08 08 06 09 06 06 00 00}
[2026/09/17 21:34:12] r.y.0
[2026/09/17 21:34:12] 发送(hex): 20
[2026/09/17 21:34:12] 发送(hex): 20
[2026/09/17 21:34:12] r.y.0 SCPU BISR status: Done
[2026/09/17 21:34:12] 发送(hex): 20
[2026/09/17 21:34:12] [go k
[2026/09/17 21:34:12] 发送(hex): 20
[2026/09/17 21:34:12] 发送(hex): 20
[2026/09/17 21:34:12] 发送(hex): 20
[2026/09/17 21:34:12] 发送(hex): 20
[2026/09/17 21:34:12] b]
[2026/09/17 21:34:12] pass bootcode info to kboot
[2026/09/17 21:34:12] num=1100
[2026/09/17 21:34:12] boot_magic=7f676014
[2026/09/17 21:34:12] ---DEBUG kboot 21:41:14 Aug 28 2026 ---
[2026/09/17 21:34:12] [Kboot]eMMC(mid-15) MMC_HS50 (50000000Mhz)[8bit].
[2026/09/17 21:34:12] block info 0x1cd2032 0x3a3e000.
[2026/09/17 21:34:12] [MMC] 32 -----------> 16GB.
[2026/09/17 21:34:12] 发送(hex): 20
[2026/09/17 21:34:12] 发送(hex): 20
[2026/09/17 21:34:12] (00000000) (1) bufsize=(null)
[2026/09/17 21:34:12] 发送(hex): 20
[2026/09/17 21:34:12] 发送(hex): 20
[2026/09/17 21:34:12] 发送(hex): 20
[2026/09/17 21:34:12] uboot start 0x15a800 siz
[2026/09/17 21:34:12] 发送(hex): 20
[2026/09/17 21:34:12] e 0x120400
[2026/09/17 21:34:12] 发送(hex): 20
[2026/09/17 21:34:12] 发送(hex): 20
[2026/09/17 21:34:12] board_version: ls1 = 0, ver: 0
[2026/09/17 21:34:12] [0;31mapp_main 325 board_version=0[0m
[2026/09/17 21:34:12] 发送(hex): 20
[2026/09/17 21:34:12] 发送(hex): 20
[2026/09/17 21:34:12] 发送(hex): 20
[2026/09/17 21:34:12] 发送(hex): 20
[2026/09/17 21:34:12] 发送(hex): 20
[2026/09/17 21:34:12] 发送(hex): 20
[2026/09/17 21:34:12] 发送(hex): 20
[2026/09/17 21:34:12] get FW_TZFW flash start 0xf100200 ddr buf start 0x180000 image size 010c2e3 ok!
[2026/09/17 21:34:12] [INFO]RPMB auth key not written !
[2026/09/17 21:34:12] [INFO]RPMB auth key not written !
[2026/09/17 21:34:12] Current board is not frist boot.
[2026/09/17 21:34:12] ALL zero, reserved_3 has removed.
[2026/09/17 21:34:12] Current board remove reserved_3 done.
[2026/09/17 21:34:12] 发送(hex): 20
[2026/09/17 21:34:12] 发送(hex): 20
[2026/09/17 21:34:12] 发送(hex): 20
[2026/09/17 21:34:12] 发送(hex): 20
[2026/09/17 21:34:12] 发送(hex): 20
[2026/09/17 21:34:12] 发送(hex): 20
[2026/09/17 21:34:12] 发送(hex): 20
[2026/09/17 21:34:12] 发送(hex): 20
[2026/09/17 21:34:12] 发送(hex): 20
[2026/09/17 21:34:12] 发送(hex): 20
[2026/09/17 21:34:12] 发送(hex): 20
[2026/09/17 21:34:12] 发送(hex): 20
[2026/09/17 21:34:12] 发送(hex): 20
[2026/09/17 21:34:12] 发送(hex): 20
[2026/09/17 21:34:12] 发送(hex): 20
[2026/09/17 21:34:12] 发送(hex): 20
[2026/09/17 21:34:12] 发送(hex): 20
[2026/09/17 21:34:12] 发送(hex): 20
[2026/09/17 21:34:12] get FW_VKERNEL flash star
[2026/09/17 21:34:12] 发送(hex): 20
[2026/09/17 21:34:12] t 0xc100200 ddr buf start 0x1a900000 image size 05f0300 ok!
[2026/09/17 21:34:12] 发送(hex): 20
[2026/09/17 21:34:12] 发送(hex): 20
[2026/09/17 21:34:12] 发送(hex): 20
[2026/09/17 21:34:12] 发送(hex): 20
[2026/09/17 21:34:12] get FW_VKERNEL2 flash start 0xd900200 ddr buf start 0x1af00000 image size 0f4920 ok!
[2026/09/17 21:34:12] 发送(hex): 20
[2026/09/17 21:34:12] 发送(hex): 20
[2026/09/17 21:34:12] 发送(hex): 20
[2026/09/17 21:34:12] 发送(hex): 20
[2026/09/17 21:34:12] 发送(hex): 20
[2026/09/17 21:34:12] 发送(hex): 20
[2026/09/17 21:34:12] 发送(hex): 20
[2026/09/17 21:34:12] 发送(hex): 20
[2026/09/17 21:34:12] 发送(hex): 20
[2026/09/17 21:34:12] 发送(hex): 20
[2026/09/17 21:34:12] 发送(hex): 20
[2026/09/17 21:34:12] 发送(hex): 20
[2026/09/17 21:34:12] 发送(hex): 20
[2026/09/17 21:34:12] 发送(hex): 20
[2026/09/17 21:34:12] 发送(hex): 20
[2026/09/17 21:34:12] 发送(hex): 20
[2026/09/17 21:34:12] 发送(hex): 20
[2026/09/17 21:34:12] 发送(hex): 20
[2026/09/17 21:34:12] 发送(hex): 20
[2026/09/17 21:34:12] 发送(hex): 20
[2026/09/17 21:34:12] 发送(hex): 20
[2026/09/17 21:34:12] 发送(hex): 20
[2026/09/17 21:34:12] 发送(hex): 20
[2026/09/17 21:34:12] 发送(hex): 20
[2026/09/17 21:34:12] 发送(hex): 20
[2026/09/17 21:34:12] 发送(hex): 20
[2026/09/17 21:34:12] 发送(hex): 20
[2026/09/17 21:34:12] get FW_AKERNEL flash start 0xa900200 ddr buf start 0x1b200000 image size 07fbf7c ok!
[2026/09/17 21:34:12] 发送(hex): 20
[2026/09/17 21:34:12] 发送(hex): 20
[2026/09/17 21:34:12] 发送(hex): 20
[2026/09/17 21:34:12] 发送(hex): 20
[2026/09/17 21:34:12] 发送(hex): 20
[2026/09/17 21:34:12] 发送(hex): 20
[2026/09/17 21:34:12] 发送(hex): 20
[2026/09/17 21:34:12] 发送(hex): 20
[2026/09/17 21:34:12] 发送(hex): 20
[2026/09/17 21:34:13] 发送(hex): 20
[2026/09/17 21:34:13] ATFATFATF:0 1 NOTICE: kill CPU(2)...
[2026/09/17 21:34:13] ATF:0 1 NOTICE: kill (2) : PACTIVE:0
[2026/09/17 21:34:13] ATF:0 1 NOTICE:  CPU(2) kill done, pstate(0x0)
[2026/09/17 21:34:13] 发送(hex): 20
[2026/09/17 21:34:13] U
[2026/09/17 21:34:13] 发送(hex): 20
[2026/09/17 21:34:13] 发送(hex): 20
[2026/09/17 21:34:13] 发送(hex): 20
[2026/09/17 21:34:13] 发送(hex): 20
[2026/09/17 21:34:13] 发送(hex): 20
[2026/09/17 21:34:13] 发送(hex): 20
[2026/09/17 21:34:13] 发送(hex): 20
[2026/09/17 21:34:13] 发送(hex): 20
[2026/09/17 21:34:13] 发送(hex): 20
[2026/09/17 21:34:13] 发送(hex): 20
[2026/09/17 21:34:13] 发送(hex): 20
[2026/09/17 21:34:13] 发送(hex): 20
[2026/09/17 21:34:13] fixup_node_name 555. set /rese
[2026/09/17 21:34:13] 发送(hex): 20
[2026/09/17 21:34:13] 发送(hex): 20
[2026/09/17 21:34:13] 发送(hex): 20
[2026/09/17 21:34:13] 发送(hex): 20
[2026/09/17 21:34:13] rved-memory@5 to /reserved-memory
[2026/09/17 21:34:13] fixup_node_name 555. set /rtk_cma@5 to /rtk_cma
[2026/09/17 21:34:13] ### [1;31mERROR[0m ### get_movablecore 613. Can't find dtb node /reserved-memory/cma2_memory/reg
[2026/09/17 21:34:13] reinit_mem_info 1049  ddr_size 80000000
[2026/09/17 21:34:13] 发送(hex): 20
[2026/09/17 21:34:13] 发送(hex): 20
[2026/09/17 21:34:13] booting, boot_led_type: 0x00000000, led on[1]
[2026/09/17 21:34:13] set share register: 0x99100000
[2026/09/17 21:34:13] boot_power_on_mode=1
[2026/09/17 21:34:13] [get_layout:1264]!
[2026/09/17 21:34:13] 发送(hex): 20
[2026/09/17 21:34:13] 发送(hex): 20
[2026/09/17 21:34:13] 发送(hex): 20
[2026/09/17 21:34:13] 发送(hex): 20
[2026/09/17 21:34:13] 发送(hex): 20
[2026/09/17 21:34:13] 发送(hex): 20
[2026/09/17 21:34:13] 发送(hex): 20
[2026/09/17 21:34:13] 发送(hex): 20
[2026/09/17 21:34:13] boot_part value = 0 boot_tag value = 21
[2026/09/17 21:34:13] [get_oemkey] 1397: get oem.key = ATV00107525
[2026/09/17 21:34:13] Factory_RO: [EXT4] factory_ro_buffer:0a800000, factory_ro_buffer size:0x1000000!
[2026/09/17 21:34:13] Partiton factory_ro_a located at 0:6
[2026/09/17 21:34:13] factory_ro_a partition can not find /.000@bk@***!
[2026/09/17 21:34:13] Factory RO no need recovery!
[2026/09/17 21:34:13] Get tvconfigs_a partition block device index fail!
[2026/09/17 21:34:13] read customer.ini file fail!
[2026/09/17 21:34:13] parse SYS_INI path fail
[2026/09/17 21:34:13] Not support board ini mechansim!
[2026/09/17 21:34:13] Get tvconfigs_a partition block device index fail!
[2026/09/17 21:34:13] read customer.ini file fail!
[2026/09/17 21:34:13] parse SYS_INI path fail
[2026/09/17 21:34:13] load model ini file fail
[2026/09/17 21:34:13] cannot find PcbPath from ini file
[2026/09/17 21:34:13] no pcb.config in tvconfigs
[2026/09/17 21:34:13] no mnt/vendor/factorypcb.config
[2026/09/17 21:34:13] 发送(hex): 20
[2026/09/17 21:34:13] 发送(hex): 20
[2026/09/17 21:34:13] 发送(hex): 20
[2026/09/17 21:34:13] 发送(hex): 20
[2026/09/17 21:34:13] 发送(hex): 20
[2026/09/17 21:34:13] 发送(hex): 20
[2026/09/17 21:34:13] 发送(hex): 20
[2026/09/17 21:34:13] 发送(hex): 20
[2026/09/17 21:34:13] 发送(hex): 20
[2026/09/17 21:34:13] 发送(hex): 20
[2026/09/17 21:34:13] 发送(hex): 20
[2026/09/17 21:34:13] 发送(hex): 20
[2026/09/17 21:34:13] 发送(hex): 20
[2026/09/17 21:34:13] 发送(hex): 20
[2026/09/17 21:34:13] 发送(hex): 20
[2026/09/17 21:34:13] 发送(hex): 20
[2026/09/17 21:34:13] 发送(hex): 20
[2026/09/17 21:34:13] 发送(hex): 20
[2026/09/17 21:34:13] 发送(hex): 20
[2026/09/17 21:34:13] 发送(hex): 20
[2026/09/17 21:34:13] 发送(hex): 20
[2026/09/17 21:34:13] 发送(hex): 20
[2026/09/17 21:34:13] 发送(hex): 20
[2026/09/17 21:34:13] 发送(hex): 20
[2026/09/17 21:34:13] 发送(hex): 20
[2026/09/17 21:34:13] 发送(hex): 20
[2026/09/17 21:34:13] 发送(hex): 20
[2026/09/17 21:34:13] 发送(hex): 20
[2026/09/17 21:34:13] 发送(hex): 20
[2026/09/17 21:34:13] 发送(hex): 20
[2026/09/17 21:34:13] 发送(hex): 20
[2026/09/17 21:34:13] 发送(hex): 20
[2026/09/17 21:34:13] 发送(hex): 20
[2026/09/17 21:34:13] 发送(hex): 20
[2026/09/17 21:34:13] 发送(hex): 20
[2026/09/17 21:34:13] 发送(hex): 20
[2026/09/17 21:34:13] 发送(hex): 20
[2026/09/17 21:34:13] 发送(hex): 20
[2026/09/17 21:34:13] 发送(hex): 20
[2026/09/17 21:34:13] 发送(hex): 20
[2026/09/17 21:34:13] 发送(hex): 20
[2026/09/17 21:34:13] 发送(hex): 20
[2026/09/17 21:34:13] 发送(hex): 20
[2026/09/17 21:34:13] 发送(hex): 20
[2026/09/17 21:34:13] 发送(hex): 20
[2026/09/17 21:34:13] 发送(hex): 20
[2026/09/17 21:34:13] 发送(hex): 20
[2026/09/17 21:34:13] 发送(hex): 20
[2026/09/17 21:34:13] 发送(hex): 20
[2026/09/17 21:34:13] 发送(hex): 20
[2026/09/17 21:34:13] 发送(hex): 20
[2026/09/17 21:34:13] 发送(hex): 20
[2026/09/17 21:34:13] 发送(hex): 20
[2026/09/17 21:34:13] delay:426
[2026/09/17 21:34:13] 发送(hex): 20
[2026/09/17 21:34:13] 发送(hex): 20
[2026/09/17 21:34:13] 发送(hex): 20
[2026/09/17 21:34:13] 发送(hex): 20
[2026/09/17 21:34:13] 发送(hex): 20
[2026/09/17 21:34:13] 发送(hex): 20
[2026/09/17 21:34:13] 发送(hex): 20
[2026/09/17 21:34:13] 发送(hex): 20
[2026/09/17 21:34:13] 发送(hex): 20
[2026/09/17 21:34:13] 发送(hex): 20
[2026/09/17 21:34:13] 发送(hex): 20
[2026/09/17 21:34:13] 发送(hex): 20
[2026/09/17 21:34:13] 发送(hex): 20
[2026/09/17 21:34:14] 发送(hex): 20
[2026/09/17 21:34:14] 发送(hex): 20
[2026/09/17 21:34:14] 发送(hex): 20
[2026/09/17 21:34:14] 发送(hex): 20
[2026/09/17 21:34:14] 发送(hex): 20
[2026/09/17 21:34:14] 发送(hex): 20
[2026/09/17 21:34:14] 发送(hex): 20
[2026/09/17 21:34:14] 发送(hex): 20
[2026/09/17 21:34:14] 发送(hex): 20
[2026/09/17 21:34:14] 发送(hex): 20
[2026/09/17 21:34:14] 发送(hex): 20
[2026/09/17 21:34:14] 发送(hex): 20
[2026/09/17 21:34:14] 发送(hex): 20
[2026/09/17 21:34:14] 发送(hex): 20
[2026/09/17 21:34:14] 发送(hex): 20
[2026/09/17 21:34:14] 发送(hex): 20
[2026/09/17 21:34:14] 发送(hex): 20
[2026/09/17 21:34:14] 发送(hex): 20
[2026/09/17 21:34:14] 发送(hex): 20
[2026/09/17 21:34:14] 发送(hex): 20
[2026/09/17 21:34:14] 发送(hex): 20
[2026/09/17 21:34:14] 发送(hex): 20
[2026/09/17 21:34:14] 发送(hex): 20
[2026/09/17 21:34:14] 发送(hex): 20
[2026/09/17 21:34:14] 发送(hex): 20
[2026/09/17 21:34:14] 发送(hex): 20
[2026/09/17 21:34:14] 发送(hex): 20
[2026/09/17 21:34:14] 发送(hex): 20
[2026/09/17 21:34:14] 发送(hex): 20
[2026/09/17 21:34:14] 发送(hex): 20
[2026/09/17 21:34:14] 发送(hex): 20
[2026/09/17 21:34:14] Net:   r8
[2026/09/17 21:34:14] 发送(hex): 20
[2026/09/17 21:34:14] 168: REALTEK RTL8168 @0x18016000
[2026/09/17 21:34:14] 发送(hex): 20
[2026/09/17 21:34:14] 发送(hex): 20
[2026/09/17 21:34:14] Start Boot Setup ...
[2026/09/17 21:34:14] 发送(hex): 20
[2026/09/17 21:34:14] 发送(hex): 20
[2026/09/17 21:34:14] (powerMgr_get_wakeup_source)2012/05/30 19:50
[2026/09/17 21:34:14] wakeup source : AC
[2026/09/17 21:34:14] 发送(hex): 20
[2026/09/17 21:34:14] 发送(hex): 20
[2026/09/17 21:34:14] 发送(hex): 20
[2026/09/17 21:34:14] (powerMgr_get_wakeup_source)2012/05/30 19:50
[2026/09/17 21:34:14] wakeup source : AC
[2026/09/17 21:34:14] wakeup_src=0, boot_logo_enable=1, bgm_boot_type=0, POWER_ON_MODE_SILEN=0.
[2026/09/17 21:34:14] 发送(hex): 20
[2026/09/17 21:34:14] GDMA module_init finish
[2026/09/17 21:34:14] [GDMA] OSD size[3840,2160]
[2026/09/17 21:34:14] [GDMA
[2026/09/17 21:34:14] 发送(hex): 20
[2026/09/17 21:34:14] 发送(hex): 20
[2026/09/17 21:34:14] ] gdma_showlogo gdma show logo 2633
[2026/09/17 21:34:14] Net:   r8168: REALTEK RTL8168 @0x18016000
[2026/09/17 21:34:14] 发送(hex): 20
[2026/09/17 21:34:14] 发送(hex): 20
[2026/09/17 21:34:14] ## Android Verified Boot 2.0 ve
[2026/09/17 21:34:14] 发送(hex): 20
[2026/09/17 21:34:14] rsion 1.1.0
[2026/09/17 21:34:14] 发送(hex): 20
[2026/09/17 21:34:14] 发送(hex): 20
[2026/09/17 21:34:14] 发送(hex): 20
[2026/09/17 21:34:14] 发送(hex): 20
[2026/09/17 21:34:14] 发送(hex): 20
[2026/09/17 21:34:14] 发送(hex): 20
[2026/09/17 21:34:14] 发送(hex): 20
[2026/09/17 21:34:14] 发送(hex): 20
[2026/09/17 21:34:14] 发送(hex): 20
[2026/09/17 21:34:14] 发送(hex): 20
[2026/09/17 21:34:14] 发送(hex): 20
[2026/09/17 21:34:14] 发送(hex): 20
[2026/09/17 21:34:14] 发送(hex): 20
[2026/09/17 21:34:14] 发送(hex): 20
[2026/09/17 21:34:14] 发送(hex): 20
[2026/09/17 21:34:14] 发送(hex): 20
[2026/09/17 21:34:14] 发送(hex): 20
[2026/09/17 21:34:14] 发送(hex): 20
[2026/09/17 21:34:14] 发送(hex): 20
[2026/09/17 21:34:14] 发送(hex): 20
[2026/09/17 21:34:14] 发送(hex): 20
[2026/09/17 21:34:14] 发送(hex): 20
[2026/09/17 21:34:14] 发送(hex): 20
[2026/09/17 21:34:14] 发送(hex): 20
[2026/09/17 21:34:14] 发送(hex): 20
[2026/09/17 21:34:14] 发送(hex): 20
[2026/09/17 21:34:14] 发送(hex): 20
[2026/09/17 21:34:14] 发送(hex): 20
[2026/09/17 21:34:14] 发送(hex): 20
[2026/09/17 21:34:14] 发送(hex): 20
[2026/09/17 21:34:14] 发送(hex): 20
[2026/09/17 21:34:14] 发送(hex): 20
[2026/09/17 21:34:14] 发送(hex): 20
[2026/09/17 21:34:14] 发送(hex): 20
[2026/09/17 21:34:14] 发送(hex): 20
[2026/09/17 21:34:14] 发送(hex): 20
[2026/09/17 21:34:14] 发送(hex): 20
[2026/09/17 21:34:14] 发送(hex): 20
[2026/09/17 21:34:14] 发送(hex): 20
[2026/09/17 21:34:14] 发送(hex): 20
[2026/09/17 21:34:14] 发送(hex): 20
[2026/09/17 21:34:14] 发送(hex): 20
[2026/09/17 21:34:14] 发送(hex): 20
[2026/09/17 21:34:14] 发送(hex): 20
[2026/09/17 21:34:14] 发送(hex): 20
[2026/09/17 21:34:14] 发送(hex): 20
[2026/09/17 21:34:14] 发送(hex): 20
[2026/09/17 21:34:14] 发送(hex): 20
[2026/09/17 21:34:14] Verification passed successfully
[2026/09/17 21:34:14] [Skip A] boot manual mode
[2026/09/17 21:34:14] [Skip V] boot manual mode
[2026/09/17 21:34:14] is_avb_verify_hash_partition 164 find avb verify part_name boot img_buf 0x66400000 size 0x307a000
[2026/09/17 21:34:14] boot header version : 4
[2026/09/17 21:34:14] is_avb_verify_hash_partition 164 find avb verify part_name vendor_boot img_buf 0x6bc00000 size 0x10a3000
[2026/09/17 21:34:14] get_partition_content_by_name 11954 get gpt_name init_boot_a err,try part name init_boot!
[2026/09/17 21:34:14] get_partition_content_by_name 11956 get part name init_boot err!
[2026/09/17 21:34:14] 发送(hex): 20
[2026/09/17 21:34:15] 发送(hex): 20
[2026/09/17 21:34:15] 发送(hex): 20
[2026/09/17 21:34:15] 发送(hex): 20
[2026/09/17 21:34:15] 发送(hex): 20
[2026/09/17 21:34:15] 发送(hex): 20
[2026/09/17 21:34:15] 发送(hex): 20
[2026/09/17 21:34:15] get_merge_ramdisk 11932 cur_ramdisk_size 0xf3096 real_cur_ramdisk_size 0xf3096
[2026/09/17 21:34:15] get_merge_ramdisk 11932 cur_ramdisk_size 0x2019e5 real_cur_ramdisk_size 0x2019e5
[2026/09/17 21:34:15] is_avb_verify_hash_partition 164 find avb verify part_name dtbo img_buf 0x6fc00000 size 0x1186
[2026/09/17 21:34:15] Net:   r8168: REALTEK RTL8168 @0x18016000
[2026/09/17 21:34:15] 发送(hex): 20
[2026/09/17 21:34:15] 发送(hex): 20
[2026/09/17 21:34:15] 发送(hex): 20
[2026/09/17 21:34:15] 发送(hex): 20
[2026/09/17 21:34:15] [Skip K] boot manual mode (execute "go all")
[2026/09/17 21:34:15] Enter console mode, disable watchdog ...
[2026/09/17 21:34:15] Realtek>
[2026/09/17 21:34:15] 发送(hex): 20
[2026/09/17 21:34:15] 发送(hex): 20
[2026/09/17 21:34:15] 发送(hex): 20
[2026/09/17 21:34:15] 发送(hex): 20
[2026/09/17 21:34:15] 发送(hex): 20
[2026/09/17 21:34:15] 发送(hex): 20
[2026/09/17 21:34:15] 发送(hex): 20
[2026/09/17 21:34:15] 发送(hex): 20
[2026/09/17 21:34:15] 发送(hex): 20
[2026/09/17 21:34:15] 发送(hex): 20
[2026/09/17 21:34:15] 发送(hex): 20
[2026/09/17 21:34:15] 发送(hex): 20
[2026/09/17 21:34:15] 发送(hex): 20
[2026/09/17 21:34:15] 发送(hex): 20
[2026/09/17 21:34:15] 发送(hex): 20
[2026/09/17 21:34:15] 发送(hex): 20
[2026/09/17 21:34:15] 发送(hex): 20
[2026/09/17 21:34:15] 发送(hex): 20
[2026/09/17 21:34:15] 发送(hex): 20
[2026/09/17 21:34:15] 发送(hex): 20
[2026/09/17 21:34:15] 发送(hex): 20
[2026/09/17 21:34:15] 发送(hex): 20
[2026/09/17 21:34:15] 发送(hex): 20
[2026/09/17 21:34:15] 发送(hex): 20
[2026/09/17 21:34:15] 发送(hex): 20
[2026/09/17 21:34:15] 发送(hex): 20
[2026/09/17 21:34:15] 发送(hex): 20
[2026/09/17 21:34:15] 发送(hex): 20
[2026/09/17 21:34:15] 发送(hex): 20
[2026/09/17 21:34:15] 发送(hex): 20
[2026/09/17 21:34:15] 发送(hex): 20
[2026/09/17 21:34:15] 发送(hex): 20
[2026/09/17 21:34:15] 发送(hex): 20
[2026/09/17 21:34:15] 发送(hex): 20
[2026/09/17 21:34:15] 发送(hex): 20
[2026/09/17 21:34:15] 发送(hex): 20
[2026/09/17 21:34:15] 发送(hex): 20
[2026/09/17 21:34:15] 发送(hex): 20
[2026/09/17 21:34:15] 发送(hex): 20
[2026/09/17 21:34:15] 发送(hex): 20
[2026/09/17 21:34:15] 发送(hex): 20
[2026/09/17 21:34:15] 发送(hex): 20
[2026/09/17 21:34:15] 发送(hex): 20
[2026/09/17 21:34:15] 发送(hex): 20
[2026/09/17 21:34:15] 发送(hex): 20
[2026/09/17 21:34:15] 发送(hex): 20
[2026/09/17 21:34:15] 发送(hex): 20
[2026/09/17 21:34:15] 发送(hex): 20
[2026/09/17 21:34:15] 发送(hex): 20
[2026/09/17 21:34:15] 发送(hex): 20
[2026/09/17 21:34:15] 发送(hex): 20
[2026/09/17 21:34:15] 发送(hex): 20
[2026/09/17 21:34:15] 发送(hex): 20
[2026/09/17 21:34:15] 发送(hex): 20
[2026/09/17 21:34:15] 发送(hex): 20
[2026/09/17 21:34:15] 发送(hex): 20
[2026/09/17 21:34:15] 发送(hex): 20
[2026/09/17 21:34:15] 发送(hex): 20
[2026/09/17 21:34:15] 发送(hex): 20
[2026/09/17 21:34:15] 发送(hex): 20
[2026/09/17 21:34:15] 发送(hex): 20
[2026/09/17 21:34:15] 发送(hex): 20
[2026/09/17 21:34:15] 发送(hex): 20
[2026/09/17 21:34:15] 发送(hex): 20
[2026/09/17 21:34:15] 发送(hex): 20
[2026/09/17 21:34:15] 发送(hex): 20
[2026/09/17 21:34:15] 发送(hex): 20
[2026/09/17 21:34:15] 发送(hex): 20
[2026/09/17 21:34:15] 发送(hex): 20
[2026/09/17 21:34:15] 发送(hex): 20
[2026/09/17 21:34:15] 发送(hex): 20
[2026/09/17 21:34:15] 发送(hex): 20
[2026/09/17 21:34:15] 发送(hex): 20
[2026/09/17 21:34:15] 发送(hex): 20
[2026/09/17 21:34:15] 发送(hex): 20
[2026/09/17 21:34:15] 发送(hex): 20
[2026/09/17 21:34:15] 发送(hex): 20
[2026/09/17 21:34:15] 发送(hex): 20
[2026/09/17 21:34:15] 发送(hex): 20
[2026/09/17 21:34:15] 发送(hex): 20
[2026/09/17 21:34:15] 发送(hex): 20
[2026/09/17 21:34:15] 发送(hex): 20
[2026/09/17 21:34:15] 发送(hex): 20
[2026/09/17 21:34:16] 发送(hex): 20
[2026/09/17 21:34:16] 发送(hex): 20
[2026/09/17 21:34:16] 发送(hex): 20
[2026/09/17 21:34:16] 发送(hex): 20
[2026/09/17 21:34:16] 发送(hex): 20
[2026/09/17 21:34:16] 发送(hex): 20
[2026/09/17 21:34:16] 发送(hex): 20
[2026/09/17 21:34:16] 发送(hex): 20
[2026/09/17 21:34:16] 发送(hex): 20
[2026/09/17 21:34:16] 发送(hex): 20
[2026/09/17 21:34:16] 发送(hex): 20
[2026/09/17 21:34:16] 发送(hex): 20
[2026/09/17 21:34:16] 发送(hex): 20
[2026/09/17 21:34:16] 发送(hex): 20
[2026/09/17 21:34:16] 发送(hex): 20
[2026/09/17 21:34:16] 发送(hex): 20
[2026/09/17 21:34:16] 发送(hex): 20
[2026/09/17 21:34:16] 发送(hex): 20
[2026/09/17 21:34:16] 发送(hex): 20
[2026/09/17 21:34:16] 发送(hex): 20
[2026/09/17 21:34:16] 发送(hex): 20
[2026/09/17 21:34:16] 发送(hex): 20
[2026/09/17 21:34:16] 发送(hex): 20
[2026/09/17 21:34:16] 发送(hex): 20
[2026/09/17 21:34:16] 发送(hex): 20
[2026/09/17 21:34:16] 发送(hex): 20
[2026/09/17 21:34:16] 发送(hex): 20
[2026/09/17 21:34:16] 发送(hex): 20
[2026/09/17 21:34:16] 发送(hex): 20
[2026/09/17 21:34:16] 发送(hex): 20
[2026/09/17 21:34:16] 发送(hex): 20
[2026/09/17 21:34:16] 发送(hex): 20
[2026/09/17 21:34:16] 发送(hex): 20
[2026/09/17 21:34:16] 发送(hex): 20
[2026/09/17 21:34:16] 发送(hex): 20
[2026/09/17 21:34:16] 发送(hex): 20
[2026/09/17 21:34:16] 发送(hex): 20
[2026/09/17 21:34:16] 发送(hex): 20
[2026/09/17 21:34:16] 发送(hex): 20
[2026/09/17 21:34:16] 发送(hex): 20
[2026/09/17 21:34:16] 发送(hex): 20
[2026/09/17 21:34:16] 发送(hex): 20
[2026/09/17 21:34:16] 发送(hex): 20
[2026/09/17 21:34:16] 发送(hex): 20
[2026/09/17 21:34:16] 发送(hex): 20
[2026/09/17 21:34:16] 发送(hex): 20
[2026/09/17 21:34:16] 发送(hex): 20
[2026/09/17 21:34:16] 发送(hex): 20
[2026/09/17 21:34:16] 发送(hex): 20
[2026/09/17 21:34:16] 发送(hex): 20
[2026/09/17 21:34:16] 发送(hex): 20
[2026/09/17 21:34:16] 发送(hex): 20
[2026/09/17 21:34:16] 发送(hex): 20
[2026/09/17 21:34:16] 发送(hex): 20
[2026/09/17 21:34:16] 发送(hex): 20
[2026/09/17 21:34:16] 发送(hex): 20
[2026/09/17 21:34:16] 发送(hex): 20
[2026/09/17 21:34:16] 发送(hex): 20
[2026/09/17 21:34:16] 发送(hex): 20
[2026/09/17 21:34:16] 发送(hex): 20
[2026/09/17 21:34:16] 发送(hex): 20
[2026/09/17 21:34:16] 发送(hex): 20
[2026/09/17 21:34:16] 发送(hex): 20
[2026/09/17 21:34:16] 发送(hex): 20
[2026/09/17 21:34:16] 发送(hex): 20
[2026/09/17 21:34:16] 发送(hex): 20
[2026/09/17 21:34:16] 发送(hex): 20
[2026/09/17 21:34:16] 发送(hex): 20
[2026/09/17 21:34:16] 发送(hex): 20
[2026/09/17 21:34:16] 发送(hex): 20
[2026/09/17 21:34:16] 发送(hex): 20
[2026/09/17 21:34:16] 发送(hex): 20
[2026/09/17 21:34:16] 发送(hex): 20
[2026/09/17 21:34:16] 发送(hex): 20
[2026/09/17 21:34:16] 发送(hex): 20
[2026/09/17 21:34:16] 发送(hex): 20
[2026/09/17 21:34:16] 发送(hex): 20
[2026/09/17 21:34:16] 发送(hex): 20
[2026/09/17 21:34:16] 发送(hex): 20
[2026/09/17 21:34:16] 发送(hex): 20
[2026/09/17 21:34:16] 发送(hex): 20
[2026/09/17 21:34:16] 发送(hex): 20
[2026/09/17 21:34:16] 发送(hex): 20
[2026/09/17 21:34:16] 发送(hex): 20
[2026/09/17 21:34:16] 发送(hex): 20
[2026/09/17 21:34:16] 发送(hex): 20
[2026/09/17 21:34:16] 发送(hex): 20
[2026/09/17 21:34:16] 发送(hex): 20
[2026/09/17 21:34:16] 发送(hex): 20
[2026/09/17 21:34:16] 发送(hex): 20
[2026/09/17 21:34:16] 发送(hex): 20
[2026/09/17 21:34:16] 发送(hex): 20
[2026/09/17 21:34:16] 发送(hex): 20
[2026/09/17 21:34:16] 发送(hex): 20
[2026/09/17 21:34:17] 发送(hex): 20
[2026/09/17 21:34:17] 发送(hex): 20
[2026/09/17 21:34:17] 发送(hex): 20
[2026/09/17 21:34:17] 发送(hex): 20
[2026/09/17 21:34:17] 发送(hex): 20
[2026/09/17 21:34:17] 发送(hex): 20
[2026/09/17 21:34:17] 发送(hex): 20
[2026/09/17 21:34:17] 发送(hex): 20
[2026/09/17 21:34:17] 发送(hex): 20
[2026/09/17 21:34:17] 发送(hex): 20
[2026/09/17 21:34:17] 发送(hex): 20
[2026/09/17 21:34:17] 发送(hex): 20
[2026/09/17 21:34:17] 发送(hex): 20
[2026/09/17 21:34:17] 发送(hex): 20
[2026/09/17 21:34:17] 发送(hex): 20
[2026/09/17 21:34:17] 发送(hex): 20
[2026/09/17 21:34:17] 发送(hex): 20
[2026/09/17 21:34:17] 发送(hex): 20
[2026/09/17 21:34:17] 发送(hex): 20
[2026/09/17 21:34:17] 发送(hex): 20
[2026/09/17 21:34:17] 发送(hex): 20
[2026/09/17 21:34:17] 发送(hex): 20
[2026/09/17 21:34:17] 发送(hex): 20
[2026/09/17 21:34:17] 发送(hex): 20
[2026/09/17 21:34:17] 发送(hex): 20
[2026/09/17 21:34:17] 发送(hex): 20
[2026/09/17 21:34:17] 发送(hex): 20
[2026/09/17 21:34:17] 发送(hex): 20
[2026/09/17 21:34:17] 发送(hex): 20
[2026/09/17 21:34:17] 发送(hex): 20
[2026/09/17 21:34:17] 发送(hex): 20
[2026/09/17 21:34:17] 发送(hex): 20
[2026/09/17 21:34:17] 发送(hex): 20
[2026/09/17 21:34:17] 发送(hex): 20
[2026/09/17 21:34:17] 发送(hex): 20
[2026/09/17 21:34:17] 发送(hex): 20
[2026/09/17 21:34:17] 发送(hex): 20
[2026/09/17 21:34:17] 发送(hex): 20
[2026/09/17 21:34:17] 发送(hex): 20
[2026/09/17 21:34:17] 发送(hex): 20
[2026/09/17 21:34:17] 发送(hex): 20
[2026/09/17 21:34:17] 发送(hex): 20
[2026/09/17 21:34:17] 发送(hex): 20
[2026/09/17 21:34:17] 发送(hex): 20
[2026/09/17 21:34:17] 发送(hex): 20
[2026/09/17 21:34:17] 发送(hex): 20
[2026/09/17 21:34:17] 发送(hex): 20
[2026/09/17 21:34:17] 发送(hex): 20
[2026/09/17 21:34:17] 发送(hex): 20
[2026/09/17 21:34:17] 发送(hex): 20
[2026/09/17 21:34:17] 发送(hex): 20
[2026/09/17 21:34:17] 发送(hex): 20
[2026/09/17 21:34:17] 发送(hex): 20
[2026/09/17 21:34:17] 发送(hex): 20
[2026/09/17 21:34:17] 发送(hex): 20
[2026/09/17 21:34:17] 发送(hex): 20
[2026/09/17 21:34:17] 发送(hex): 20
[2026/09/17 21:34:17] 发送(hex): 20
[2026/09/17 21:34:17] 发送(hex): 20
[2026/09/17 21:34:17] 发送(hex): 20
[2026/09/17 21:34:17] 发送(hex): 20
[2026/09/17 21:34:17] 发送(hex): 20
[2026/09/17 21:34:17] 发送(hex): 20
[2026/09/17 21:34:17] 发送(hex): 20
[2026/09/17 21:34:17] 发送(hex): 20
[2026/09/17 21:34:17] 发送(hex): 20
[2026/09/17 21:34:17] 发送(hex): 20
[2026/09/17 21:34:17] 发送(hex): 20
[2026/09/17 21:34:17] 发送(hex): 20
[2026/09/17 21:34:17] 发送(hex): 20
[2026/09/17 21:34:17] 发送(hex): 20
[2026/09/17 21:34:17] 发送(hex): 20
[2026/09/17 21:34:17] 发送(hex): 20
[2026/09/17 21:34:17] 发送(hex): 20
[2026/09/17 21:34:17] 发送(hex): 20
[2026/09/17 21:34:17] 发送(hex): 20
[2026/09/17 21:34:17] 发送(hex): 20
[2026/09/17 21:34:17] 发送(hex): 20
[2026/09/17 21:34:17] 发送(hex): 20
[2026/09/17 21:34:17] 发送(hex): 20
[2026/09/17 21:34:17] 发送(hex): 20
[2026/09/17 21:34:17] 发送(hex): 20
[2026/09/17 21:34:17] 发送(hex): 20
[2026/09/17 21:34:17] 发送(hex): 20
[2026/09/17 21:34:17] 发送(hex): 20
[2026/09/17 21:34:17] 发送(hex): 20
[2026/09/17 21:34:17] 发送(hex): 20
[2026/09/17 21:34:17] 发送(hex): 20
[2026/09/17 21:34:17] 发送(hex): 20
[2026/09/17 21:34:17] 发送(hex): 20
[2026/09/17 21:34:17] 发送(hex): 20
[2026/09/17 21:34:17] 发送(hex): 20
[2026/09/17 21:34:17] 发送(hex): 20
[2026/09/17 21:34:18] 发送(hex): 20
[2026/09/17 21:34:18] 发送(hex): 20
[2026/09/17 21:34:18] 发送(hex): 20
[2026/09/17 21:34:18] 发送(hex): 20
[2026/09/17 21:34:18] 发送(hex): 20
[2026/09/17 21:34:18] 发送(hex): 20
[2026/09/17 21:34:18] 发送(hex): 20
[2026/09/17 21:34:18] 发送(hex): 20
[2026/09/17 21:34:18] 发送(hex): 20
[2026/09/17 21:34:18] 发送(hex): 20
[2026/09/17 21:34:18] 发送(hex): 20
[2026/09/17 21:34:18] 发送(hex): 20
[2026/09/17 21:34:18] 发送(hex): 20
[2026/09/17 21:34:18] 发送(hex): 20
[2026/09/17 21:34:18] 发送(hex): 20
[2026/09/17 21:34:18] 发送(hex): 20
[2026/09/17 21:34:18] 发送(hex): 20
[2026/09/17 21:34:18] 发送(hex): 20
[2026/09/17 21:34:18] 发送(hex): 20
[2026/09/17 21:34:18] 发送(hex): 20
[2026/09/17 21:34:18] 发送(hex): 20
[2026/09/17 21:34:18] 发送(hex): 20
[2026/09/17 21:34:18] 发送(hex): 20
[2026/09/17 21:34:18] 发送(hex): 20
[2026/09/17 21:34:18] 发送(hex): 20
[2026/09/17 21:34:18] 发送(hex): 20
[2026/09/17 21:34:18] 发送(hex): 20
[2026/09/17 21:34:18] 发送(hex): 20
[2026/09/17 21:34:18] 发送(hex): 20
[2026/09/17 21:34:18] 发送(hex): 20
[2026/09/17 21:34:18] 发送(hex): 20
[2026/09/17 21:34:18] 发送(hex): 20
[2026/09/17 21:34:18] 发送(hex): 20
[2026/09/17 21:34:18] 发送(hex): 20
[2026/09/17 21:34:18] 发送(hex): 20
[2026/09/17 21:34:18] 发送(hex): 20
[2026/09/17 21:34:18] 发送(hex): 20
[2026/09/17 21:34:18] 发送(hex): 20
[2026/09/17 21:34:18] 发送(hex): 20
[2026/09/17 21:34:18] 发送(hex): 20
[2026/09/17 21:34:18] 发送(hex): 20
[2026/09/17 21:34:18] 发送(hex): 20
[2026/09/17 21:34:18] 发送(hex): 20
[2026/09/17 21:34:18] 发送(hex): 20
[2026/09/17 21:34:18] 发送(hex): 20
[2026/09/17 21:34:18] 发送(hex): 20
[2026/09/17 21:34:18] 发送(hex): 20
[2026/09/17 21:34:18] 发送(hex): 20
[2026/09/17 21:34:18] 发送(hex): 20
[2026/09/17 21:34:18] 发送(hex): 20
[2026/09/17 21:34:18] 发送(hex): 20
[2026/09/17 21:34:18] 发送(hex): 20
[2026/09/17 21:34:18] 发送(hex): 20
[2026/09/17 21:34:18] 发送(hex): 20
[2026/09/17 21:34:18] 发送(hex): 20
[2026/09/17 21:34:18] 发送(hex): 20
[2026/09/17 21:34:18] 发送(hex): 20
[2026/09/17 21:34:18] 发送(hex): 20
[2026/09/17 21:34:18] 发送(hex): 20
[2026/09/17 21:34:18] 发送(hex): 20
[2026/09/17 21:34:18] 发送(hex): 20
[2026/09/17 21:34:18] 发送(hex): 20
[2026/09/17 21:34:18] 发送(hex): 20
[2026/09/17 21:34:18] 发送(hex): 20
[2026/09/17 21:34:18] 发送(hex): 20
[2026/09/17 21:34:18] 发送(hex): 20
[2026/09/17 21:34:18] 发送(hex): 20
[2026/09/17 21:34:18] 发送(hex): 20
[2026/09/17 21:34:18] 发送(hex): 20
[2026/09/17 21:34:18] 发送(hex): 20
[2026/09/17 21:34:18] 发送(hex): 20
[2026/09/17 21:34:18] 发送(hex): 20
[2026/09/17 21:34:18] 发送(hex): 20
[2026/09/17 21:34:18] 发送(hex): 20
[2026/09/17 21:34:18] 发送(hex): 20
[2026/09/17 21:34:18] 发送(hex): 20
[2026/09/17 21:34:18] 发送(hex): 20
[2026/09/17 21:34:18] 发送(hex): 20
[2026/09/17 21:34:18] 发送(hex): 20
[2026/09/17 21:34:18] 发送(hex): 20
[2026/09/17 21:34:18] 发送(hex): 20
[2026/09/17 21:34:18] 发送(hex): 20
[2026/09/17 21:34:18] 发送(hex): 20
[2026/09/17 21:34:18] 发送(hex): 20
[2026/09/17 21:34:18] 发送(hex): 20
[2026/09/17 21:34:18] 发送(hex): 20
[2026/09/17 21:34:18] 发送(hex): 20
[2026/09/17 21:34:18] 发送(hex): 20
[2026/09/17 21:34:18] 发送(hex): 20
[2026/09/17 21:34:18] 发送(hex): 20
[2026/09/17 21:34:18] 发送(hex): 20
[2026/09/17 21:34:18] 发送(hex): 20
[2026/09/17 21:34:18] 发送(hex): 20
[2026/09/17 21:34:18] 发送(hex): 20
[2026/09/17 21:34:19] 发送(hex): 20
[2026/09/17 21:34:19] 发送(hex): 20
[2026/09/17 21:34:19] 发送(hex): 20
[2026/09/17 21:34:19] 发送(hex): 20
[2026/09/17 21:34:19] 发送(hex): 20
[2026/09/17 21:34:19] 发送(hex): 20
[2026/09/17 21:34:19] 发送(hex): 20
[2026/09/17 21:34:19] 发送(hex): 20
[2026/09/17 21:34:19] 发送(hex): 20
[2026/09/17 21:34:19] 发送(hex): 20
[2026/09/17 21:34:19] 发送(hex): 20
[2026/09/17 21:34:19] 发送(hex): 20
[2026/09/17 21:34:19] 发送(hex): 20
[2026/09/17 21:34:19] 发送(hex): 20
[2026/09/17 21:34:19] 发送(hex): 20
[2026/09/17 21:34:19] 发送(hex): 20
[2026/09/17 21:34:19] 发送(hex): 20
[2026/09/17 21:34:19] 发送(hex): 20
[2026/09/17 21:34:19] 发送(hex): 20
[2026/09/17 21:34:19] 发送(hex): 20
[2026/09/17 21:34:19] 发送(hex): 20
[2026/09/17 21:34:19] 发送(hex): 20
[2026/09/17 21:34:19] 发送(hex): 20
[2026/09/17 21:34:19] 发送(hex): 20
[2026/09/17 21:34:19] 发送(hex): 20
[2026/09/17 21:34:19] 发送(hex): 20
[2026/09/17 21:34:19] 发送(hex): 20
[2026/09/17 21:34:19] 发送(hex): 20
[2026/09/17 21:34:19] 发送(hex): 20
[2026/09/17 21:34:19] 发送(hex): 20
[2026/09/17 21:34:19] 发送(hex): 20
[2026/09/17 21:34:19] 发送(hex): 20
[2026/09/17 21:34:19] 发送(hex): 20
[2026/09/17 21:34:19] 发送(hex): 20
[2026/09/17 21:34:19] 发送(hex): 20
[2026/09/17 21:34:19] 发送(hex): 20
[2026/09/17 21:34:19] 发送(hex): 20
[2026/09/17 21:34:19] 发送(hex): 20
[2026/09/17 21:34:19] 发送(hex): 20
[2026/09/17 21:34:19] 发送(hex): 20
[2026/09/17 21:34:19] 发送(hex): 20
[2026/09/17 21:34:19] 发送(hex): 20
[2026/09/17 21:34:19] 发送(hex): 20
[2026/09/17 21:34:19] 发送(hex): 20
[2026/09/17 21:34:19] 发送(hex): 20
[2026/09/17 21:34:19] 发送(hex): 20
[2026/09/17 21:34:19] 发送(hex): 20
[2026/09/17 21:34:19] 发送(hex): 20
[2026/09/17 21:34:19] 发送(hex): 20
[2026/09/17 21:34:19] 发送(hex): 20
[2026/09/17 21:34:19] 发送(hex): 20
[2026/09/17 21:34:19] 发送(hex): 20
[2026/09/17 21:34:19] 发送(hex): 20
[2026/09/17 21:34:19] 发送(hex): 20
[2026/09/17 21:34:19] 发送(hex): 20
[2026/09/17 21:34:19] 发送(hex): 20
[2026/09/17 21:34:19] 发送(hex): 20
[2026/09/17 21:34:19] 发送(hex): 20
[2026/09/17 21:34:19] 发送(hex): 20
[2026/09/17 21:34:19] 发送(hex): 20
[2026/09/17 21:34:19] 发送(hex): 20
[2026/09/17 21:34:19] 发送(hex): 20
[2026/09/17 21:34:19] 发送(hex): 20
[2026/09/17 21:34:19] 发送(hex): 20
[2026/09/17 21:34:19] 发送(hex): 20
[2026/09/17 21:34:19] 发送(hex): 20
[2026/09/17 21:34:19] 发送(hex): 20
[2026/09/17 21:34:19] 发送(hex): 20
[2026/09/17 21:34:19] 发送(hex): 20
[2026/09/17 21:34:19] 发送(hex): 20
[2026/09/17 21:34:19] 发送(hex): 20
[2026/09/17 21:34:19] 发送(hex): 20
[2026/09/17 21:34:19] 发送(hex): 20
[2026/09/17 21:34:19] 发送(hex): 20
[2026/09/17 21:34:19] 发送(hex): 20
[2026/09/17 21:34:19] 发送(hex): 20
[2026/09/17 21:34:19] 发送(hex): 20
[2026/09/17 21:34:19] 发送(hex): 20
[2026/09/17 21:34:19] 发送(hex): 20
[2026/09/17 21:34:19] 发送(hex): 20
[2026/09/17 21:34:19] 发送(hex): 20
[2026/09/17 21:34:19] 发送(hex): 20
[2026/09/17 21:34:19] 发送(hex): 20
[2026/09/17 21:34:19] 发送(hex): 20
[2026/09/17 21:34:19] 发送(hex): 20
[2026/09/17 21:34:19] 发送(hex): 20
[2026/09/17 21:34:19] 发送(hex): 20
[2026/09/17 21:34:19] 发送(hex): 20
[2026/09/17 21:34:19] 发送(hex): 20
[2026/09/17 21:34:19] 发送(hex): 20
[2026/09/17 21:34:19] 发送(hex): 20
[2026/09/17 21:34:19] 发送(hex): 20
[2026/09/17 21:34:20] 发送(hex): 20
[2026/09/17 21:34:20] 发送(hex): 20
[2026/09/17 21:34:20] 发送(hex): 20
[2026/09/17 21:34:20] 发送(hex): 20
[2026/09/17 21:34:20] 发送(hex): 20
[2026/09/17 21:34:20] 发送(hex): 20
[2026/09/17 21:34:20] 发送(hex): 20
[2026/09/17 21:34:20] 发送(hex): 20
[2026/09/17 21:34:20] 发送(hex): 20
[2026/09/17 21:34:20] 发送(hex): 20
[2026/09/17 21:34:20] 发送(hex): 20
[2026/09/17 21:34:20] 发送(hex): 20
[2026/09/17 21:34:20] 发送(hex): 20
[2026/09/17 21:34:20] 发送(hex): 20
[2026/09/17 21:34:20] 发送(hex): 20
[2026/09/17 21:34:20] 发送(hex): 20
[2026/09/17 21:34:20] 发送(hex): 20
[2026/09/17 21:34:20] 发送(hex): 20
[2026/09/17 21:34:20] 发送(hex): 20
[2026/09/17 21:34:20] 发送(hex): 20
[2026/09/17 21:34:20] 发送(hex): 20
[2026/09/17 21:34:20] 发送(hex): 20
[2026/09/17 21:34:20] 发送(hex): 20
[2026/09/17 21:34:20] 发送(hex): 20
[2026/09/17 21:34:20] 发送(hex): 20
[2026/09/17 21:34:20] 发送(hex): 20
[2026/09/17 21:34:20] 发送(hex): 20
[2026/09/17 21:34:20] 发送(hex): 20
[2026/09/17 21:34:20] 发送(hex): 20
[2026/09/17 21:34:20] 发送(hex): 20
[2026/09/17 21:34:20] 发送(hex): 20
[2026/09/17 21:34:20] 发送(hex): 20
[2026/09/17 21:34:20] 发送(hex): 20
[2026/09/17 21:34:20] 发送(hex): 20
[2026/09/17 21:34:20] 发送(hex): 20
[2026/09/17 21:34:20] 发送(hex): 20
[2026/09/17 21:34:20] 发送(hex): 20
[2026/09/17 21:34:20] 发送(hex): 20
[2026/09/17 21:34:20] 发送(hex): 20
[2026/09/17 21:34:20] 发送(hex): 20
[2026/09/17 21:34:20] 发送(hex): 20
[2026/09/17 21:34:20] 发送(hex): 20
[2026/09/17 21:34:20] 发送(hex): 20
[2026/09/17 21:34:20] 发送(hex): 20
[2026/09/17 21:34:20] 发送(hex): 20
[2026/09/17 21:34:20] 发送(hex): 20
[2026/09/17 21:34:20] 发送(hex): 20
[2026/09/17 21:34:20] 发送(hex): 20
[2026/09/17 21:34:20] 发送(hex): 20
[2026/09/17 21:34:20] 发送(hex): 20
[2026/09/17 21:34:20] 发送(hex): 20
[2026/09/17 21:34:20] 发送(hex): 20
[2026/09/17 21:34:20] 发送(hex): 20
[2026/09/17 21:34:20] 发送(hex): 20
[2026/09/17 21:34:20] 发送(hex): 20
[2026/09/17 21:34:20] 发送(hex): 20
[2026/09/17 21:34:20] 发送(hex): 20
[2026/09/17 21:34:20] 发送(hex): 20
[2026/09/17 21:34:20] 发送(hex): 20
[2026/09/17 21:34:20] 发送(hex): 20
[2026/09/17 21:34:20] 发送(hex): 20
[2026/09/17 21:34:20] 发送(hex): 20
[2026/09/17 21:34:20] 发送(hex): 20
[2026/09/17 21:34:20] 发送(hex): 20
[2026/09/17 21:34:20] 发送(hex): 20
[2026/09/17 21:34:20] 发送(hex): 20
[2026/09/17 21:34:20] 发送(hex): 20
[2026/09/17 21:34:20] 发送(hex): 20
[2026/09/17 21:34:20] 发送(hex): 20
[2026/09/17 21:34:20] 发送(hex): 20
[2026/09/17 21:34:20] 发送(hex): 20
[2026/09/17 21:34:20] 发送(hex): 20
[2026/09/17 21:34:20] 发送(hex): 20
[2026/09/17 21:34:20] 发送(hex): 20
[2026/09/17 21:34:20] 发送(hex): 20
[2026/09/17 21:34:20] 发送(hex): 20
[2026/09/17 21:34:20] 发送(hex): 20
[2026/09/17 21:34:20] 发送(hex): 20
[2026/09/17 21:34:20] 发送(hex): 20
[2026/09/17 21:34:20] 发送(hex): 20
[2026/09/17 21:34:20] 发送(hex): 20
[2026/09/17 21:34:20] 发送(hex): 20
[2026/09/17 21:34:20] 发送(hex): 20
[2026/09/17 21:34:20] 发送(hex): 20
[2026/09/17 21:34:20] 发送(hex): 20
[2026/09/17 21:34:20] 发送(hex): 20
[2026/09/17 21:34:20] 发送(hex): 20
[2026/09/17 21:34:20] 发送(hex): 20
[2026/09/17 21:34:20] 发送(hex): 20
[2026/09/17 21:34:20] 发送(hex): 20
[2026/09/17 21:34:20] 发送(hex): 20
[2026/09/17 21:34:20] 发送(hex): 20
[2026/09/17 21:34:20] 发送(hex): 20
[2026/09/17 21:34:20] 发送(hex): 20
[2026/09/17 21:34:21] 发送(hex): 20
[2026/09/17 21:34:21] 发送(hex): 20
[2026/09/17 21:34:21] 发送(hex): 20
[2026/09/17 21:34:21] 发送(hex): 20
[2026/09/17 21:34:21] 发送(hex): 20
[2026/09/17 21:34:21] 发送(hex): 20
[2026/09/17 21:34:21] 发送(hex): 20
[2026/09/17 21:34:21] 发送(hex): 20
[2026/09/17 21:34:21] 发送(hex): 20
[2026/09/17 21:34:21] 发送(hex): 20
[2026/09/17 21:34:21] 发送(hex): 20
[2026/09/17 21:34:21] 发送(hex): 20
[2026/09/17 21:34:21] 发送(hex): 20
[2026/09/17 21:34:21] 发送(hex): 20
[2026/09/17 21:34:21] 发送(hex): 20
[2026/09/17 21:34:21] 发送(hex): 20
[2026/09/17 21:34:21] 发送(hex): 20
[2026/09/17 21:34:21] 发送(hex): 20
[2026/09/17 21:34:21] 发送(hex): 20
[2026/09/17 21:34:21] 发送(hex): 20
[2026/09/17 21:34:21] 发送(hex): 20
[2026/09/17 21:34:21] 发送(hex): 20
[2026/09/17 21:34:21] 发送(hex): 20
[2026/09/17 21:34:21] 发送(hex): 20
[2026/09/17 21:34:21] 发送(hex): 20
[2026/09/17 21:34:21] 发送(hex): 20
[2026/09/17 21:34:21] 发送(hex): 20
[2026/09/17 21:34:21] 发送(hex): 20
[2026/09/17 21:34:21] 发送(hex): 20
[2026/09/17 21:34:21] 发送(hex): 20
[2026/09/17 21:34:21] 发送(hex): 20
[2026/09/17 21:34:21] 发送(hex): 20
[2026/09/17 21:34:21] 发送(hex): 20
[2026/09/17 21:34:21] 发送(hex): 20
[2026/09/17 21:34:21] 发送(hex): 20
[2026/09/17 21:34:21] 发送(hex): 20
[2026/09/17 21:34:21] 发送(hex): 20
[2026/09/17 21:34:21] 发送(hex): 20
[2026/09/17 21:34:21] 发送(hex): 20
[2026/09/17 21:34:21] 发送(hex): 20
[2026/09/17 21:34:21] 发送(hex): 20
[2026/09/17 21:34:21] 发送(hex): 20
[2026/09/17 21:34:21] 发送(hex): 20
[2026/09/17 21:34:21] 发送(hex): 20
[2026/09/17 21:34:21] 发送(hex): 20
[2026/09/17 21:34:21] 发送(hex): 20
[2026/09/17 21:34:21] 发送(hex): 20
[2026/09/17 21:34:21] 发送(hex): 20
[2026/09/17 21:34:21] 发送(hex): 20
[2026/09/17 21:34:21] 发送(hex): 20
[2026/09/17 21:34:21] 发送(hex): 20
[2026/09/17 21:34:21] 发送(hex): 20
[2026/09/17 21:34:21] 发送(hex): 20
[2026/09/17 21:34:21] 发送(hex): 20
[2026/09/17 21:34:21] 发送(hex): 20
[2026/09/17 21:34:21] 发送(hex): 20
[2026/09/17 21:34:21] 发送(hex): 20
[2026/09/17 21:34:21] 发送(hex): 20
[2026/09/17 21:34:21] 发送(hex): 20
[2026/09/17 21:34:21] 发送(hex): 20
[2026/09/17 21:34:21] 发送(hex): 20
[2026/09/17 21:34:21] 发送(hex): 20
[2026/09/17 21:34:21] 发送(hex): 20
[2026/09/17 21:34:21] 发送(hex): 20
[2026/09/17 21:34:21] 发送(hex): 20
[2026/09/17 21:34:21] 发送(hex): 20
[2026/09/17 21:34:21] 发送(hex): 20
[2026/09/17 21:34:21] 发送(hex): 20
[2026/09/17 21:34:21] 发送(hex): 20
[2026/09/17 21:34:21] 发送(hex): 20
[2026/09/17 21:34:21] 发送(hex): 20
[2026/09/17 21:34:21] 发送(hex): 20
[2026/09/17 21:34:21] 发送(hex): 20
[2026/09/17 21:34:21] 发送(hex): 20
[2026/09/17 21:34:21] 发送(hex): 20
[2026/09/17 21:34:21] 发送(hex): 20
[2026/09/17 21:34:21] 发送(hex): 20
[2026/09/17 21:34:21] 发送(hex): 20
[2026/09/17 21:34:21] 发送(hex): 20
[2026/09/17 21:34:21] 发送(hex): 20
[2026/09/17 21:34:21] 发送(hex): 20
[2026/09/17 21:34:21] 发送(hex): 20
[2026/09/17 21:34:21] 发送(hex): 20
[2026/09/17 21:34:21] 发送(hex): 20
[2026/09/17 21:34:21] 发送(hex): 20
[2026/09/17 21:34:21] 发送(hex): 20
[2026/09/17 21:34:21] 发送(hex): 20
[2026/09/17 21:34:21] 发送(hex): 20
[2026/09/17 21:34:21] 发送(hex): 20
[2026/09/17 21:34:21] 发送(hex): 20
[2026/09/17 21:34:21] 发送(hex): 20
[2026/09/17 21:34:21] 发送(hex): 20
[2026/09/17 21:34:21] 发送(hex): 20
[2026/09/17 21:34:21] 发送(hex): 20
[2026/09/17 21:34:22] 发送(hex): 20
[2026/09/17 21:34:22] 发送(hex): 20
[2026/09/17 21:34:22] 发送(hex): 20
[2026/09/17 21:34:22] 发送(hex): 20
[2026/09/17 21:34:22] 发送(hex): 20
[2026/09/17 21:34:22] 发送(hex): 20
[2026/09/17 21:34:22] 发送(hex): 20
[2026/09/17 21:34:22] 发送(hex): 20
[2026/09/17 21:34:22] 发送(hex): 20
[2026/09/17 21:34:22] 发送(hex): 20
[2026/09/17 21:34:22] 发送(hex): 20
[2026/09/17 21:34:22] 发送(hex): 20
[2026/09/17 21:34:22] 发送(hex): 20
[2026/09/17 21:34:22] 发送(hex): 20
[2026/09/17 21:34:22] 发送(hex): 20
[2026/09/17 21:34:22] 发送(hex): 20
[2026/09/17 21:34:22] 发送(hex): 20
[2026/09/17 21:34:22] 发送(hex): 20
[2026/09/17 21:34:22] 发送(hex): 20
[2026/09/17 21:34:22] 发送(hex): 20
[2026/09/17 21:34:22] 发送(hex): 20
[2026/09/17 21:34:22] 发送(hex): 20
[2026/09/17 21:34:22] 发送(hex): 20
[2026/09/17 21:34:22] 发送(hex): 20
[2026/09/17 21:34:22] 发送(hex): 20
[2026/09/17 21:34:22] 发送(hex): 20
[2026/09/17 21:34:22] 发送(hex): 20
[2026/09/17 21:34:22] 发送(hex): 20
[2026/09/17 21:34:22] 发送(hex): 20
[2026/09/17 21:34:22] 发送(hex): 20
[2026/09/17 21:34:22] 发送(hex): 20
[2026/09/17 21:34:22] 发送(hex): 20
[2026/09/17 21:34:22] 发送(hex): 20
[2026/09/17 21:34:22] 发送(hex): 20
[2026/09/17 21:34:22] 发送(hex): 20
[2026/09/17 21:34:22] 发送(hex): 20
[2026/09/17 21:34:22] 发送(hex): 20
[2026/09/17 21:34:22] 发送(hex): 20
[2026/09/17 21:34:22] 发送(hex): 20
[2026/09/17 21:34:22] 发送(hex): 20
[2026/09/17 21:34:22] 发送(hex): 20
[2026/09/17 21:34:22] 发送(hex): 20
[2026/09/17 21:34:22] 发送(hex): 20
[2026/09/17 21:34:22] 发送(hex): 20
[2026/09/17 21:34:22] 发送(hex): 20
[2026/09/17 21:34:22] 发送(hex): 20
[2026/09/17 21:34:22] 发送(hex): 20
[2026/09/17 21:34:22] 发送(hex): 20
[2026/09/17 21:34:22] 发送(hex): 20
[2026/09/17 21:34:22] 发送(hex): 20
[2026/09/17 21:34:22] 发送(hex): 20
[2026/09/17 21:34:22] 发送(hex): 20
[2026/09/17 21:34:22] 发送(hex): 20
[2026/09/17 21:34:22] 发送(hex): 20
[2026/09/17 21:34:22] 发送(hex): 20
[2026/09/17 21:34:22] 发送(hex): 20
[2026/09/17 21:34:22] 发送(hex): 20
[2026/09/17 21:34:22] 发送(hex): 20
[2026/09/17 21:34:22] 发送(hex): 20
[2026/09/17 21:34:22] 发送(hex): 20
[2026/09/17 21:34:22] 发送(hex): 20
[2026/09/17 21:34:22] 发送(hex): 20
[2026/09/17 21:34:22] 发送(hex): 20
[2026/09/17 21:34:22] 发送(hex): 20
[2026/09/17 21:34:22] 发送(hex): 20
[2026/09/17 21:34:22] 发送(hex): 20
[2026/09/17 21:34:22] 发送(hex): 20
[2026/09/17 21:34:22] 发送(hex): 20
[2026/09/17 21:34:22] 发送(hex): 20
[2026/09/17 21:34:22] 发送(hex): 20
[2026/09/17 21:34:22] 发送(hex): 20
[2026/09/17 21:34:22] 发送(hex): 20
[2026/09/17 21:34:22] 发送(hex): 20
[2026/09/17 21:34:22] 发送(hex): 20
[2026/09/17 21:34:22] 发送(hex): 20
[2026/09/17 21:34:22] 发送(hex): 20
[2026/09/17 21:34:22] 发送(hex): 20
[2026/09/17 21:34:22] 发送(hex): 20
[2026/09/17 21:34:22] 发送(hex): 20
[2026/09/17 21:34:22] 发送(hex): 20
[2026/09/17 21:34:22] 发送(hex): 20
[2026/09/17 21:34:22] 发送(hex): 20
[2026/09/17 21:34:22] 发送(hex): 20
[2026/09/17 21:34:22] 发送(hex): 20
[2026/09/17 21:34:22] 发送(hex): 20
[2026/09/17 21:34:22] 发送(hex): 20
[2026/09/17 21:34:22] 发送(hex): 20
[2026/09/17 21:34:22] 发送(hex): 20
[2026/09/17 21:34:22] 发送(hex): 20
[2026/09/17 21:34:22] 发送(hex): 20
[2026/09/17 21:34:22] 发送(hex): 20
[2026/09/17 21:34:22] 发送(hex): 20
[2026/09/17 21:34:22] 发送(hex): 20
[2026/09/17 21:34:22] 发送(hex): 20
[2026/09/17 21:34:23] 发送(hex): 20
[2026/09/17 21:34:23] 发送(hex): 20
[2026/09/17 21:34:23] 发送(hex): 20
[2026/09/17 21:34:23] 发送(hex): 20
[2026/09/17 21:34:23] 发送(hex): 20
[2026/09/17 21:34:23] 发送(hex): 20
[2026/09/17 21:34:23] 发送(hex): 20
[2026/09/17 21:34:23] 发送(hex): 20
[2026/09/17 21:34:23] 发送(hex): 20
[2026/09/17 21:34:23] 发送(hex): 20
[2026/09/17 21:34:23] 发送(hex): 20
[2026/09/17 21:34:23] 发送(hex): 20
[2026/09/17 21:34:23] 发送(hex): 20
[2026/09/17 21:34:23] 发送(hex): 20
[2026/09/17 21:34:23] 发送(hex): 20
[2026/09/17 21:34:23] 发送(hex): 20
[2026/09/17 21:34:23] 发送(hex): 20
[2026/09/17 21:34:23] 发送(hex): 20
[2026/09/17 21:34:23] 发送(hex): 20
[2026/09/17 21:34:23] 发送(hex): 20
[2026/09/17 21:34:23] 发送(hex): 20
[2026/09/17 21:34:23] 发送(hex): 20
[2026/09/17 21:34:23] 发送(hex): 20
[2026/09/17 21:34:23] 发送(hex): 20
[2026/09/17 21:34:23] 发送(hex): 20
[2026/09/17 21:34:23] 发送(hex): 20
[2026/09/17 21:34:23] 发送(hex): 20
[2026/09/17 21:34:23] 发送(hex): 20
[2026/09/17 21:34:23] 发送(hex): 20
[2026/09/17 21:34:23] 发送(hex): 20
[2026/09/17 21:34:23] 发送(hex): 20
[2026/09/17 21:34:23] 发送(hex): 20
[2026/09/17 21:34:23] 发送(hex): 20
[2026/09/17 21:34:23] 发送(hex): 20
[2026/09/17 21:34:23] 发送(hex): 20
[2026/09/17 21:34:23] 发送(hex): 20
[2026/09/17 21:34:23] 发送(hex): 20
[2026/09/17 21:34:23] 发送(hex): 20
[2026/09/17 21:34:23] 发送(hex): 20
[2026/09/17 21:34:23] 发送(hex): 20
[2026/09/17 21:34:23] 发送(hex): 20
[2026/09/17 21:34:23] 发送(hex): 20
[2026/09/17 21:34:23] 发送(hex): 20
[2026/09/17 21:34:23] 发送(hex): 20
[2026/09/17 21:34:23] 发送(hex): 20
[2026/09/17 21:34:23] 发送(hex): 20
[2026/09/17 21:34:23] 发送(hex): 20
[2026/09/17 21:34:23] 发送(hex): 20
[2026/09/17 21:34:23] 发送(hex): 20
[2026/09/17 21:34:23] 发送(hex): 20
[2026/09/17 21:34:23] 发送(hex): 20
[2026/09/17 21:34:23] 发送(hex): 20
[2026/09/17 21:34:23] 发送(hex): 20
[2026/09/17 21:34:23] 发送(hex): 20
[2026/09/17 21:34:23] 发送(hex): 20
[2026/09/17 21:34:23] 发送(hex): 20
[2026/09/17 21:34:23] 发送(hex): 20
[2026/09/17 21:34:23] 发送(hex): 20
[2026/09/17 21:34:23] 发送(hex): 20
[2026/09/17 21:34:23] 发送(hex): 20
[2026/09/17 21:34:23] 发送(hex): 20
[2026/09/17 21:34:23] 发送(hex): 20
[2026/09/17 21:34:23] 发送(hex): 20
[2026/09/17 21:34:23] 发送(hex): 20
[2026/09/17 21:34:23] 发送(hex): 20
[2026/09/17 21:34:23] 发送(hex): 20
[2026/09/17 21:34:23] 发送(hex): 20
[2026/09/17 21:34:23] 发送(hex): 20
[2026/09/17 21:34:23] 发送(hex): 20
[2026/09/17 21:34:23] 发送(hex): 20
[2026/09/17 21:34:23] 发送(hex): 20
[2026/09/17 21:34:23] 发送(hex): 20
[2026/09/17 21:34:23] 发送(hex): 20
[2026/09/17 21:34:23] 发送(hex): 20
[2026/09/17 21:34:23] 发送(hex): 20
[2026/09/17 21:34:23] 发送(hex): 20
[2026/09/17 21:34:23] 发送(hex): 20
[2026/09/17 21:34:23] 发送(hex): 20
[2026/09/17 21:34:23] 发送(hex): 20
[2026/09/17 21:34:23] 发送(hex): 20
[2026/09/17 21:34:23] 发送(hex): 20
[2026/09/17 21:34:23] 发送(hex): 20
[2026/09/17 21:34:23] 发送(hex): 20
[2026/09/17 21:34:23] 发送(hex): 20
[2026/09/17 21:34:23] 发送(hex): 20
[2026/09/17 21:34:23] 发送(hex): 20
[2026/09/17 21:34:23] 发送(hex): 20
[2026/09/17 21:34:23] 发送(hex): 20
[2026/09/17 21:34:23] 发送(hex): 20
[2026/09/17 21:34:23] 发送(hex): 20
[2026/09/17 21:34:23] 发送(hex): 20
[2026/09/17 21:34:23] 发送(hex): 20
[2026/09/17 21:34:23] 发送(hex): 20
[2026/09/17 21:34:23] 发送(hex): 20
[2026/09/17 21:34:24] 发送(hex): 20
[2026/09/17 21:34:24] 发送(hex): 20
[2026/09/17 21:34:24] 发送(hex): 20
[2026/09/17 21:34:24] 发送(hex): 20
[2026/09/17 21:34:24] 发送(hex): 20
[2026/09/17 21:34:24] 发送(hex): 20
[2026/09/17 21:34:24] 发送(hex): 20
[2026/09/17 21:34:24] 发送(hex): 20
[2026/09/17 21:34:24] 发送(hex): 20
[2026/09/17 21:34:24] 发送(hex): 20
[2026/09/17 21:34:24] 发送(hex): 20
[2026/09/17 21:34:24] 发送(hex): 20
[2026/09/17 21:34:24] 发送(hex): 20
[2026/09/17 21:34:24] 发送(hex): 20
[2026/09/17 21:34:24] 发送(hex): 20
[2026/09/17 21:34:24] 发送(hex): 20
[2026/09/17 21:34:24] 发送(hex): 20
[2026/09/17 21:34:24] 发送(hex): 20
[2026/09/17 21:34:24] 发送(hex): 20
[2026/09/17 21:34:24] 发送(hex): 20
[2026/09/17 21:34:24] 发送(hex): 20
[2026/09/17 21:34:24] 发送(hex): 20
[2026/09/17 21:34:24] 发送(hex): 20
[2026/09/17 21:34:24] 发送(hex): 20
[2026/09/17 21:34:24] 发送(hex): 20
[2026/09/17 21:34:24] 发送(hex): 20
[2026/09/17 21:34:24] 发送(hex): 20
[2026/09/17 21:34:24] 发送(hex): 20
[2026/09/17 21:34:24] 发送(hex): 20
[2026/09/17 21:34:24] 发送(hex): 20
[2026/09/17 21:34:24] 发送(hex): 20
[2026/09/17 21:34:24] 发送(hex): 20
[2026/09/17 21:34:24] 发送(hex): 20
[2026/09/17 21:34:24] 发送(hex): 20
[2026/09/17 21:34:24] 发送(hex): 20
[2026/09/17 21:34:24] 发送(hex): 20
[2026/09/17 21:34:24] 发送(hex): 20
[2026/09/17 21:34:24] 发送(hex): 20
[2026/09/17 21:34:24] 发送(hex): 20
[2026/09/17 21:34:24] 发送(hex): 20
[2026/09/17 21:34:24] 发送(hex): 20
[2026/09/17 21:34:24] 发送(hex): 20
[2026/09/17 21:34:24] 发送(hex): 20
[2026/09/17 21:34:24] 发送(hex): 20
[2026/09/17 21:34:24] 发送(hex): 20
[2026/09/17 21:34:24] 发送(hex): 20
[2026/09/17 21:34:24] 发送(hex): 20
[2026/09/17 21:34:24] 发送(hex): 20
[2026/09/17 21:34:24] 发送(hex): 20
[2026/09/17 21:34:24] 发送(hex): 20
[2026/09/17 21:34:24] 发送(hex): 20
[2026/09/17 21:34:24] 发送(hex): 20
[2026/09/17 21:34:24] 发送(hex): 20
[2026/09/17 21:34:24] 发送(hex): 20
[2026/09/17 21:34:24] 发送(hex): 20
[2026/09/17 21:34:24] 发送(hex): 20
[2026/09/17 21:34:24] 发送(hex): 20
[2026/09/17 21:34:24] 发送(hex): 20
[2026/09/17 21:34:24] 发送(hex): 20
[2026/09/17 21:34:24] 发送(hex): 20
[2026/09/17 21:34:24] 发送(hex): 20
[2026/09/17 21:34:24] 发送(hex): 20
[2026/09/17 21:34:24] 发送(hex): 20
[2026/09/17 21:34:24] 发送(hex): 20
[2026/09/17 21:34:24] 发送(hex): 20
[2026/09/17 21:34:24] 发送(hex): 20
[2026/09/17 21:34:24] 发送(hex): 20
[2026/09/17 21:34:24] 发送(hex): 20
[2026/09/17 21:34:24] 发送(hex): 20
[2026/09/17 21:34:24] 发送(hex): 20
[2026/09/17 21:34:24] 发送(hex): 20
[2026/09/17 21:34:24] 发送(hex): 20
[2026/09/17 21:34:24] 发送(hex): 20
[2026/09/17 21:34:24] 发送(hex): 20
[2026/09/17 21:34:24] 发送(hex): 20
[2026/09/17 21:34:24] 发送(hex): 20
[2026/09/17 21:34:24] 发送(hex): 20
[2026/09/17 21:34:24] 发送(hex): 20
[2026/09/17 21:34:24] 发送(hex): 20
[2026/09/17 21:34:24] 发送(hex): 20
[2026/09/17 21:34:24] 发送(hex): 20
[2026/09/17 21:34:24] 发送(hex): 20
[2026/09/17 21:34:24] 发送(hex): 20
[2026/09/17 21:34:24] 发送(hex): 20
[2026/09/17 21:34:24] 发送(hex): 20
[2026/09/17 21:34:24] 发送(hex): 20
[2026/09/17 21:34:24] 发送(hex): 20
[2026/09/17 21:34:24] 发送(hex): 20
[2026/09/17 21:34:24] 发送(hex): 20
[2026/09/17 21:34:24] 发送(hex): 20
[2026/09/17 21:34:24] 发送(hex): 20
[2026/09/17 21:34:24] 发送(hex): 20
[2026/09/17 21:34:24] 发送(hex): 20
[2026/09/17 21:34:24] 发送(hex): 20
[2026/09/17 21:34:25] 发送(hex): 20
[2026/09/17 21:34:25] 发送(hex): 20
[2026/09/17 21:34:25] 发送(hex): 20
[2026/09/17 21:34:25] 发送(hex): 20
[2026/09/17 21:34:25] 发送(hex): 20
[2026/09/17 21:34:25] 发送(hex): 20
[2026/09/17 21:34:25] 发送(hex): 20
[2026/09/17 21:34:25] 发送(hex): 20
[2026/09/17 21:34:25] 发送(hex): 20
[2026/09/17 21:34:25] 发送(hex): 20
[2026/09/17 21:34:25] 发送(hex): 20
[2026/09/17 21:34:25] 发送(hex): 20
[2026/09/17 21:34:25] 发送(hex): 20
[2026/09/17 21:34:25] 发送(hex): 20
[2026/09/17 21:34:25] 发送(hex): 20
[2026/09/17 21:34:25] 发送(hex): 20
[2026/09/17 21:34:25] 发送(hex): 20
[2026/09/17 21:34:25] 发送(hex): 20
[2026/09/17 21:34:25] 发送(hex): 20
[2026/09/17 21:34:25] 发送(hex): 20
[2026/09/17 21:34:25] 发送(hex): 20
[2026/09/17 21:34:25] 发送(hex): 20
[2026/09/17 21:34:25] 发送(hex): 20
[2026/09/17 21:34:25] 发送(hex): 20
[2026/09/17 21:34:25] 发送(hex): 20
[2026/09/17 21:34:25] 发送(hex): 20
[2026/09/17 21:34:25] 发送(hex): 20
[2026/09/17 21:34:25] 发送(hex): 20
[2026/09/17 21:34:25] 发送(hex): 20
[2026/09/17 21:34:25] 发送(hex): 20
[2026/09/17 21:34:25] 发送(hex): 20
[2026/09/17 21:34:25] 发送(hex): 20
[2026/09/17 21:34:25] 发送(hex): 20
[2026/09/17 21:34:25] 发送(hex): 20
[2026/09/17 21:34:25] 发送(hex): 20
[2026/09/17 21:34:25] 发送(hex): 20
[2026/09/17 21:34:25] 发送(hex): 20
[2026/09/17 21:34:25] 发送(hex): 20
[2026/09/17 21:34:25] 发送(hex): 20
[2026/09/17 21:34:25] 发送(hex): 20
[2026/09/17 21:34:25] 发送(hex): 20
[2026/09/17 21:34:25] 发送(hex): 20
[2026/09/17 21:34:25] 发送(hex): 20
[2026/09/17 21:34:25] 发送(hex): 20
[2026/09/17 21:34:25] 发送(hex): 20
[2026/09/17 21:34:25] 发送(hex): 20
[2026/09/17 21:34:25] 发送(hex): 20
[2026/09/17 21:34:25] 发送(hex): 20
[2026/09/17 21:34:25] 发送(hex): 20
[2026/09/17 21:34:25] 发送(hex): 20
[2026/09/17 21:34:25] 发送(hex): 20
[2026/09/17 21:34:25] 发送(hex): 20
[2026/09/17 21:34:25] 发送(hex): 20
[2026/09/17 21:34:25] 发送(hex): 20
[2026/09/17 21:34:25] 发送(hex): 20
[2026/09/17 21:34:25] 发送(hex): 20
[2026/09/17 21:34:25] 发送(hex): 20
[2026/09/17 21:34:25] 发送(hex): 20
[2026/09/17 21:34:25] 发送(hex): 20
[2026/09/17 21:34:25] 发送(hex): 20
[2026/09/17 21:34:25] 发送(hex): 20
[2026/09/17 21:34:25] 发送(hex): 20
[2026/09/17 21:34:25] 发送(hex): 20
[2026/09/17 21:34:25] 发送(hex): 20
[2026/09/17 21:34:25] 发送(hex): 20
[2026/09/17 21:34:25] 发送(hex): 20
[2026/09/17 21:34:25] 发送(hex): 20
[2026/09/17 21:34:25] 发送(hex): 20
[2026/09/17 21:34:25] 发送(hex): 20
[2026/09/17 21:34:25] 发送(hex): 20
[2026/09/17 21:34:25] 发送(hex): 20
[2026/09/17 21:34:25] 发送(hex): 20
[2026/09/17 21:34:25] 发送(hex): 20
[2026/09/17 21:34:25] 发送(hex): 20
[2026/09/17 21:34:25] 发送(hex): 20
[2026/09/17 21:34:25] 发送(hex): 20
[2026/09/17 21:34:25] 发送(hex): 20
[2026/09/17 21:34:25] 发送(hex): 20
[2026/09/17 21:34:25] 发送(hex): 20
[2026/09/17 21:34:25] 发送(hex): 20
[2026/09/17 21:34:25] 发送(hex): 20
[2026/09/17 21:34:25] 发送(hex): 20
[2026/09/17 21:34:25] 发送(hex): 20
[2026/09/17 21:34:25] 发送(hex): 20
[2026/09/17 21:34:25] 发送(hex): 20
[2026/09/17 21:34:25] 发送(hex): 20
[2026/09/17 21:34:25] 发送(hex): 20
[2026/09/17 21:34:25] 发送(hex): 20
[2026/09/17 21:34:25] 发送(hex): 20
[2026/09/17 21:34:25] 发送(hex): 20
[2026/09/17 21:34:25] 发送(hex): 20
[2026/09/17 21:34:25] 发送(hex): 20
[2026/09/17 21:34:25] 发送(hex): 20
[2026/09/17 21:34:25] 发送(hex): 20
[2026/09/17 21:34:25] 发送(hex): 20
[2026/09/17 21:34:26] 发送(hex): 20
[2026/09/17 21:34:26] 发送(hex): 20
[2026/09/17 21:34:26] 发送(hex): 20
[2026/09/17 21:34:26] 发送(hex): 20
[2026/09/17 21:34:26] 发送(hex): 20
[2026/09/17 21:34:26] 发送(hex): 20
[2026/09/17 21:34:26] 发送(hex): 20
[2026/09/17 21:34:26] 发送(hex): 20
[2026/09/17 21:34:26] 发送(hex): 20
[2026/09/17 21:34:26] 发送(hex): 20
[2026/09/17 21:34:26] 发送(hex): 20
[2026/09/17 21:34:26] 发送(hex): 20
[2026/09/17 21:34:26] 发送(hex): 20
[2026/09/17 21:34:26] 发送(hex): 20
[2026/09/17 21:34:26] 发送(hex): 20
[2026/09/17 21:34:26] 发送(hex): 20
[2026/09/17 21:34:26] 发送(hex): 20
[2026/09/17 21:34:26] 发送(hex): 20
[2026/09/17 21:34:26] 发送(hex): 20
[2026/09/17 21:34:26] 发送(hex): 20
[2026/09/17 21:34:26] 发送(hex): 20
[2026/09/17 21:34:26] 发送(hex): 20
[2026/09/17 21:34:26] 发送(hex): 20
[2026/09/17 21:34:26] 发送(hex): 20
[2026/09/17 21:34:26] 发送(hex): 20
[2026/09/17 21:34:26] 发送(hex): 20
[2026/09/17 21:34:26] 发送(hex): 20
[2026/09/17 21:34:26] 发送(hex): 20
[2026/09/17 21:34:26] 发送(hex): 20
[2026/09/17 21:34:26] 发送(hex): 20
[2026/09/17 21:34:26] 发送(hex): 20
[2026/09/17 21:34:26] 发送(hex): 20
[2026/09/17 21:34:26] 发送(hex): 20
[2026/09/17 21:34:26] 发送(hex): 20
[2026/09/17 21:34:26] 发送(hex): 20
[2026/09/17 21:34:26] 发送(hex): 20
[2026/09/17 21:34:26] 发送(hex): 20
[2026/09/17 21:34:26] 发送(hex): 20
[2026/09/17 21:34:26] 发送(hex): 20
[2026/09/17 21:34:26] 发送(hex): 20
[2026/09/17 21:34:26] 发送(hex): 20
[2026/09/17 21:34:26] 发送(hex): 20
[2026/09/17 21:34:26] 发送(hex): 20
[2026/09/17 21:34:26] 发送(hex): 20
[2026/09/17 21:34:26] 发送(hex): 20
[2026/09/17 21:34:26] 发送(hex): 20
[2026/09/17 21:34:26] 发送(hex): 20
[2026/09/17 21:34:26] 发送(hex): 20
[2026/09/17 21:34:26] 发送(hex): 20
[2026/09/17 21:34:26] 发送(hex): 20
[2026/09/17 21:34:26] 发送(hex): 20
[2026/09/17 21:34:26] 发送(hex): 20
[2026/09/17 21:34:26] 发送(hex): 20
[2026/09/17 21:34:26] 发送(hex): 20
[2026/09/17 21:34:26] 发送(hex): 20
[2026/09/17 21:34:26] 发送(hex): 20
[2026/09/17 21:34:26] 发送(hex): 20
[2026/09/17 21:34:26] 发送(hex): 20
[2026/09/17 21:34:26] 发送(hex): 20
[2026/09/17 21:34:26] 发送(hex): 20
[2026/09/17 21:34:26] 发送(hex): 20
[2026/09/17 21:34:26] 发送(hex): 20
[2026/09/17 21:34:26] 发送(hex): 20
[2026/09/17 21:34:26] 发送(hex): 20
[2026/09/17 21:34:26] 发送(hex): 20
[2026/09/17 21:34:26] 发送(hex): 20
[2026/09/17 21:34:26] 发送(hex): 20
[2026/09/17 21:34:26] 发送(hex): 20
[2026/09/17 21:34:26] 发送(hex): 20
[2026/09/17 21:34:26] 发送(hex): 20
[2026/09/17 21:34:26] 发送(hex): 20
[2026/09/17 21:34:26] 发送(hex): 20
[2026/09/17 21:34:26] 发送(hex): 20
[2026/09/17 21:34:26] 发送(hex): 20
[2026/09/17 21:34:26] 发送(hex): 20
[2026/09/17 21:34:26] 发送(hex): 20
[2026/09/17 21:34:26] 发送(hex): 20
[2026/09/17 21:34:26] 发送(hex): 20
[2026/09/17 21:34:26] 发送(hex): 20
[2026/09/17 21:34:26] 发送(hex): 20
[2026/09/17 21:34:26] 发送(hex): 20
[2026/09/17 21:34:26] 发送(hex): 20
[2026/09/17 21:34:26] 发送(hex): 20
[2026/09/17 21:34:26] 发送(hex): 20
[2026/09/17 21:34:26] 发送(hex): 20
[2026/09/17 21:34:26] 发送(hex): 20
[2026/09/17 21:34:26] 发送(hex): 20
[2026/09/17 21:34:26] 发送(hex): 20
[2026/09/17 21:34:26] 发送(hex): 20
[2026/09/17 21:34:26] 发送(hex): 20
[2026/09/17 21:34:26] 发送(hex): 20
[2026/09/17 21:34:26] 发送(hex): 20
[2026/09/17 21:34:26] 发送(hex): 20
[2026/09/17 21:34:26] 发送(hex): 20
[2026/09/17 21:34:27] 发送(hex): 20
[2026/09/17 21:34:27] 发送(hex): 20
[2026/09/17 21:34:27] 发送(hex): 20
[2026/09/17 21:34:27] 发送(hex): 20
[2026/09/17 21:34:27] 发送(hex): 20
[2026/09/17 21:34:27] 发送(hex): 20
[2026/09/17 21:34:27] 发送(hex): 20
[2026/09/17 21:34:27] 发送(hex): 20
[2026/09/17 21:34:27] 发送(hex): 20
[2026/09/17 21:34:27] 发送(hex): 20
[2026/09/17 21:34:27] 发送(hex): 20
[2026/09/17 21:34:27] 发送(hex): 20
[2026/09/17 21:34:27] 发送(hex): 20
[2026/09/17 21:34:27] 发送(hex): 20
[2026/09/17 21:34:27] 发送(hex): 20
[2026/09/17 21:34:27] 发送(hex): 20
[2026/09/17 21:34:27] 发送(hex): 20
[2026/09/17 21:34:27] 发送(hex): 20
[2026/09/17 21:34:27] 发送(hex): 20
[2026/09/17 21:34:27] 发送(hex): 20
[2026/09/17 21:34:27] 发送(hex): 20
[2026/09/17 21:34:27] 发送(hex): 20
[2026/09/17 21:34:27] 发送(hex): 20
[2026/09/17 21:34:27] 发送(hex): 20
[2026/09/17 21:34:27] 发送(hex): 20
[2026/09/17 21:34:27] 发送(hex): 20
[2026/09/17 21:34:27] 发送(hex): 20
[2026/09/17 21:34:27] 发送(hex): 20
[2026/09/17 21:34:27] 发送(hex): 20
[2026/09/17 21:34:27] 发送(hex): 20
[2026/09/17 21:34:27] 发送(hex): 20
[2026/09/17 21:34:27] 发送(hex): 20
[2026/09/17 21:34:27] 发送(hex): 20
[2026/09/17 21:34:27] 发送(hex): 20
[2026/09/17 21:34:27] 发送(hex): 20
[2026/09/17 21:34:27] 发送(hex): 20
[2026/09/17 21:34:27] 发送(hex): 20
[2026/09/17 21:34:27] 发送(hex): 20
[2026/09/17 21:34:27] 发送(hex): 20
[2026/09/17 21:34:27] 发送(hex): 20
[2026/09/17 21:34:27] 发送(hex): 20
[2026/09/17 21:34:27] 发送(hex): 20
[2026/09/17 21:34:27] 发送(hex): 20
[2026/09/17 21:34:27] 发送(hex): 20
[2026/09/17 21:34:27] 发送(hex): 20
[2026/09/17 21:34:27] 发送(hex): 20
[2026/09/17 21:34:27] 发送(hex): 20
[2026/09/17 21:34:27] 发送(hex): 20
[2026/09/17 21:34:27] 发送(hex): 20
[2026/09/17 21:34:27] 发送(hex): 20
[2026/09/17 21:34:27] 发送(hex): 20
[2026/09/17 21:34:27] 发送(hex): 20
[2026/09/17 21:34:27] 发送(hex): 20
[2026/09/17 21:34:27] 发送(hex): 20
[2026/09/17 21:34:27] 发送(hex): 20
[2026/09/17 21:34:27] 发送(hex): 20
[2026/09/17 21:34:27] 发送(hex): 20
[2026/09/17 21:34:27] 发送(hex): 20
[2026/09/17 21:34:27] 发送(hex): 20
[2026/09/17 21:34:27] 发送(hex): 20
[2026/09/17 21:34:27] 发送(hex): 20
[2026/09/17 21:34:27] 发送(hex): 20
[2026/09/17 21:34:27] 发送(hex): 20
[2026/09/17 21:34:27] 发送(hex): 20
[2026/09/17 21:34:27] 发送(hex): 20
[2026/09/17 21:34:27] 发送(hex): 20
[2026/09/17 21:34:27] 发送(hex): 20
[2026/09/17 21:34:27] 发送(hex): 20
[2026/09/17 21:34:27] 发送(hex): 20
[2026/09/17 21:34:27] 发送(hex): 20
[2026/09/17 21:34:27] 发送(hex): 20
[2026/09/17 21:34:27] 发送(hex): 20
[2026/09/17 21:34:27] 发送(hex): 20
[2026/09/17 21:34:27] 发送(hex): 20
[2026/09/17 21:34:27] 发送(hex): 20
[2026/09/17 21:34:27] 发送(hex): 20
[2026/09/17 21:34:27] 发送(hex): 20
[2026/09/17 21:34:27] 发送(hex): 20
[2026/09/17 21:34:27] 发送(hex): 20
[2026/09/17 21:34:27] 发送(hex): 20
[2026/09/17 21:34:27] 发送(hex): 20
[2026/09/17 21:34:27] 发送(hex): 20
[2026/09/17 21:34:27] 发送(hex): 20
[2026/09/17 21:34:27] 发送(hex): 20
[2026/09/17 21:34:27] 发送(hex): 20
[2026/09/17 21:34:27] 发送(hex): 20
[2026/09/17 21:34:27] 发送(hex): 20
[2026/09/17 21:34:27] 发送(hex): 20
[2026/09/17 21:34:27] 发送(hex): 20
[2026/09/17 21:34:27] 发送(hex): 20
[2026/09/17 21:34:27] 发送(hex): 20
[2026/09/17 21:34:27] 发送(hex): 20
[2026/09/17 21:34:27] 发送(hex): 20
[2026/09/17 21:34:27] 发送(hex): 20
[2026/09/17 21:34:28] 发送(hex): 20
[2026/09/17 21:34:28] 发送(hex): 20
[2026/09/17 21:34:28] 发送(hex): 20
[2026/09/17 21:34:28] 发送(hex): 20
[2026/09/17 21:34:28] 发送(hex): 20
[2026/09/17 21:34:28] 发送(hex): 20
[2026/09/17 21:34:28] 发送(hex): 20
[2026/09/17 21:34:28] 发送(hex): 20
[2026/09/17 21:34:28] 发送(hex): 20
[2026/09/17 21:34:28] 发送(hex): 20
[2026/09/17 21:34:28] 发送(hex): 20
[2026/09/17 21:34:28] 发送(hex): 20
[2026/09/17 21:34:28] 发送(hex): 20
[2026/09/17 21:34:28] 发送(hex): 20
[2026/09/17 21:34:28] 发送(hex): 20
[2026/09/17 21:34:28] 发送(hex): 20
[2026/09/17 21:34:28] 发送(hex): 20
[2026/09/17 21:34:28] 发送(hex): 20
[2026/09/17 21:34:28] 发送(hex): 20
[2026/09/17 21:34:28] 发送(hex): 20
[2026/09/17 21:34:28] 发送(hex): 20
[2026/09/17 21:34:28] 发送(hex): 20
[2026/09/17 21:34:28] 发送(hex): 20
[2026/09/17 21:34:28] 发送(hex): 20
[2026/09/17 21:34:28] 发送(hex): 20
[2026/09/17 21:34:28] 发送(hex): 20
[2026/09/17 21:34:28] 发送(hex): 20
[2026/09/17 21:34:28] 发送(hex): 20
[2026/09/17 21:34:28] 发送(hex): 20
[2026/09/17 21:34:28] 发送(hex): 20
[2026/09/17 21:34:28] 发送(hex): 20
[2026/09/17 21:34:28] 发送(hex): 20
[2026/09/17 21:34:28] 发送(hex): 20
[2026/09/17 21:34:28] 发送(hex): 20
[2026/09/17 21:34:28] 发送(hex): 20
[2026/09/17 21:34:28] 发送(hex): 20
[2026/09/17 21:34:28] 发送(hex): 20
[2026/09/17 21:34:28] 发送(hex): 20
[2026/09/17 21:34:28] 发送(hex): 20
[2026/09/17 21:34:28] 发送(hex): 20
[2026/09/17 21:34:28] 发送(hex): 20
[2026/09/17 21:34:28] 发送(hex): 20
[2026/09/17 21:34:28] 发送(hex): 20
[2026/09/17 21:34:28] 发送(hex): 20
[2026/09/17 21:34:28] 发送(hex): 20
[2026/09/17 21:34:28] 发送(hex): 20
[2026/09/17 21:34:28] 发送(hex): 20
[2026/09/17 21:34:28] 发送(hex): 20
[2026/09/17 21:34:28] 发送(hex): 20
[2026/09/17 21:34:28] 发送(hex): 20
[2026/09/17 21:34:28] 发送(hex): 20
[2026/09/17 21:34:28] 发送(hex): 20
[2026/09/17 21:34:28] 发送(hex): 20
[2026/09/17 21:34:28] 发送(hex): 20
[2026/09/17 21:34:28] 发送(hex): 20
[2026/09/17 21:34:28] 发送(hex): 20
[2026/09/17 21:34:28] 发送(hex): 20
[2026/09/17 21:34:28] 发送(hex): 20
[2026/09/17 21:34:28] 发送(hex): 20
[2026/09/17 21:34:28] 发送(hex): 20
[2026/09/17 21:34:28] 发送(hex): 20
[2026/09/17 21:34:28] 发送(hex): 20
[2026/09/17 21:34:28] 发送(hex): 20
[2026/09/17 21:34:28] 发送(hex): 20
[2026/09/17 21:34:28] 发送(hex): 20
[2026/09/17 21:34:28] 发送(hex): 20
[2026/09/17 21:34:28] 发送(hex): 20
[2026/09/17 21:34:28] 发送(hex): 20
[2026/09/17 21:34:28] 发送(hex): 20
[2026/09/17 21:34:28] 发送(hex): 20
[2026/09/17 21:34:28] 发送(hex): 20
[2026/09/17 21:34:28] 发送(hex): 20
[2026/09/17 21:34:28] 发送(hex): 20
[2026/09/17 21:34:28] 发送(hex): 20
[2026/09/17 21:34:28] 发送(hex): 20
[2026/09/17 21:34:28] 发送(hex): 20
[2026/09/17 21:34:28] 发送(hex): 20
[2026/09/17 21:34:28] 发送(hex): 20
[2026/09/17 21:34:28] 发送(hex): 20
[2026/09/17 21:34:28] 发送(hex): 20
[2026/09/17 21:34:28] 发送(hex): 20
[2026/09/17 21:34:28] 发送(hex): 20
[2026/09/17 21:34:28] 发送(hex): 20
[2026/09/17 21:34:28] 发送(hex): 20
[2026/09/17 21:34:28] 发送(hex): 20
[2026/09/17 21:34:28] 发送(hex): 20
[2026/09/17 21:34:28] 发送(hex): 20
[2026/09/17 21:34:28] 发送(hex): 20
[2026/09/17 21:34:28] 发送(hex): 20
[2026/09/17 21:34:28] 发送(hex): 20
[2026/09/17 21:34:28] 发送(hex): 20
[2026/09/17 21:34:28] 发送(hex): 20
[2026/09/17 21:34:28] 发送(hex): 20
[2026/09/17 21:34:28] 发送(hex): 20
[2026/09/17 21:34:28] 发送(hex): 20
[2026/09/17 21:34:29] 发送(hex): 20
[2026/09/17 21:34:29] 发送(hex): 20
[2026/09/17 21:34:29] 发送(hex): 20
[2026/09/17 21:34:29] 发送(hex): 20
[2026/09/17 21:34:29] 发送(hex): 20
[2026/09/17 21:34:29] 发送(hex): 20
[2026/09/17 21:34:29] 发送(hex): 20
[2026/09/17 21:34:29] 发送(hex): 20
[2026/09/17 21:34:29] 发送(hex): 20
[2026/09/17 21:34:29] 发送(hex): 20
[2026/09/17 21:34:29] 发送(hex): 20
[2026/09/17 21:34:29] 发送(hex): 20
[2026/09/17 21:34:29] 发送(hex): 20
[2026/09/17 21:34:29] 发送(hex): 20
[2026/09/17 21:34:29] 发送(hex): 20
[2026/09/17 21:34:29] 发送(hex): 20
[2026/09/17 21:34:29] 发送(hex): 20
[2026/09/17 21:34:29] 发送(hex): 20
[2026/09/17 21:34:29] 发送(hex): 20
[2026/09/17 21:34:29] 发送(hex): 20
[2026/09/17 21:34:29] 发送(hex): 20
[2026/09/17 21:34:29] 发送(hex): 20
[2026/09/17 21:34:29] 发送(hex): 20
[2026/09/17 21:34:29] 发送(hex): 20
[2026/09/17 21:34:29] 发送(hex): 20
[2026/09/17 21:34:29] 发送(hex): 20
[2026/09/17 21:34:29] 发送(hex): 20
[2026/09/17 21:34:29] 发送(hex): 20
[2026/09/17 21:34:29] 发送(hex): 20
[2026/09/17 21:34:29] 发送(hex): 20
[2026/09/17 21:34:29] 发送(hex): 20
[2026/09/17 21:34:29] 发送(hex): 20
[2026/09/17 21:34:29] 发送(hex): 20
[2026/09/17 21:34:29] 发送(hex): 20
[2026/09/17 21:34:29] 发送(hex): 20
[2026/09/17 21:34:29] 发送(hex): 20
[2026/09/17 21:34:29] 发送(hex): 20
[2026/09/17 21:34:29] 发送(hex): 20
[2026/09/17 21:34:29] 发送(hex): 20
[2026/09/17 21:34:29] 发送(hex): 20
[2026/09/17 21:34:29] 发送(hex): 20
[2026/09/17 21:34:29] 发送(hex): 20
[2026/09/17 21:34:29] 发送(hex): 20
[2026/09/17 21:34:29] 发送(hex): 20
[2026/09/17 21:34:29] 发送(hex): 20
[2026/09/17 21:34:29] 发送(hex): 20
[2026/09/17 21:34:29] 发送(hex): 20
[2026/09/17 21:34:29] 发送(hex): 20
[2026/09/17 21:34:29] 发送(hex): 20
[2026/09/17 21:34:29] 发送(hex): 20
[2026/09/17 21:34:29] 发送(hex): 20
[2026/09/17 21:34:29] 发送(hex): 20
[2026/09/17 21:34:29] 发送(hex): 20
[2026/09/17 21:34:29] 发送(hex): 20
[2026/09/17 21:34:29] 发送(hex): 20
[2026/09/17 21:34:29] 发送(hex): 20
[2026/09/17 21:34:29] 发送(hex): 20
[2026/09/17 21:34:29] 发送(hex): 20
[2026/09/17 21:34:29] 发送(hex): 20
[2026/09/17 21:34:29] 发送(hex): 20
[2026/09/17 21:34:29] 发送(hex): 20
[2026/09/17 21:34:29] 发送(hex): 20
[2026/09/17 21:34:29] 发送(hex): 20
[2026/09/17 21:34:29] 发送(hex): 20
[2026/09/17 21:34:29] 发送(hex): 20
[2026/09/17 21:34:29] 发送(hex): 20
[2026/09/17 21:34:29] 发送(hex): 20
[2026/09/17 21:34:29] 发送(hex): 20
[2026/09/17 21:34:29] 发送(hex): 20
[2026/09/17 21:34:29] 发送(hex): 20
[2026/09/17 21:34:29] 发送(hex): 20
[2026/09/17 21:34:29] 发送(hex): 20
[2026/09/17 21:34:29] 发送(hex): 20
[2026/09/17 21:34:29] 发送(hex): 20
[2026/09/17 21:34:29] 发送(hex): 20
[2026/09/17 21:34:29] 发送(hex): 20
[2026/09/17 21:34:29] 发送(hex): 20
[2026/09/17 21:34:29] 发送(hex): 20
[2026/09/17 21:34:29] 发送(hex): 20
[2026/09/17 21:34:29] 发送(hex): 20
[2026/09/17 21:34:29] 发送(hex): 20
[2026/09/17 21:34:29] 发送(hex): 20
[2026/09/17 21:34:29] 发送(hex): 20
[2026/09/17 21:34:29] 发送(hex): 20
[2026/09/17 21:34:29] 发送(hex): 20
[2026/09/17 21:34:29] 发送(hex): 20
[2026/09/17 21:34:29] 发送(hex): 20
[2026/09/17 21:34:29] 发送(hex): 20
[2026/09/17 21:34:29] 发送(hex): 20
[2026/09/17 21:34:29] 发送(hex): 20
[2026/09/17 21:34:29] 发送(hex): 20
[2026/09/17 21:34:29] 发送(hex): 20
[2026/09/17 21:34:29] 发送(hex): 20
[2026/09/17 21:34:29] 发送(hex): 20
[2026/09/17 21:34:29] 发送(hex): 20
[2026/09/17 21:34:30] 发送(hex): 20
[2026/09/17 21:34:30] 发送(hex): 20
[2026/09/17 21:34:30] 发送(hex): 20
[2026/09/17 21:34:30] 发送(hex): 20
[2026/09/17 21:34:30] 发送(hex): 20
[2026/09/17 21:34:30] 发送(hex): 20
[2026/09/17 21:34:30] 发送(hex): 20
[2026/09/17 21:34:30] 发送(hex): 20
[2026/09/17 21:34:30] 发送(hex): 20
[2026/09/17 21:34:30] 发送(hex): 20
[2026/09/17 21:34:30] 发送(hex): 20
[2026/09/17 21:34:30] 发送(hex): 20
[2026/09/17 21:34:30] 发送(hex): 20
[2026/09/17 21:34:30] 发送(hex): 20
[2026/09/17 21:34:30] 发送(hex): 20
[2026/09/17 21:34:30] 发送(hex): 20
[2026/09/17 21:34:30] 发送(hex): 20
[2026/09/17 21:34:30] 发送(hex): 20
[2026/09/17 21:34:30] 发送(hex): 20
[2026/09/17 21:34:30] 发送(hex): 20
[2026/09/17 21:34:30] 发送(hex): 20
[2026/09/17 21:34:30] 发送(hex): 20
[2026/09/17 21:34:30] 发送(hex): 20
[2026/09/17 21:34:30] 发送(hex): 20
[2026/09/17 21:34:30] 发送(hex): 20
[2026/09/17 21:34:30] 发送(hex): 20
[2026/09/17 21:34:30] 发送(hex): 20
[2026/09/17 21:34:30] 发送(hex): 20
[2026/09/17 21:34:30] 发送(hex): 20
[2026/09/17 21:34:30] 发送(hex): 20
[2026/09/17 21:34:30] 发送(hex): 20
[2026/09/17 21:34:30] 发送(hex): 20
[2026/09/17 21:34:30] 发送(hex): 20
[2026/09/17 21:34:30] 发送(hex): 20
[2026/09/17 21:34:30] 发送(hex): 20
[2026/09/17 21:34:30] 发送(hex): 20
[2026/09/17 21:34:30] 发送(hex): 20
[2026/09/17 21:34:30] 发送(hex): 20
[2026/09/17 21:34:30] 发送(hex): 20
[2026/09/17 21:34:30] 发送(hex): 20
[2026/09/17 21:34:30] 发送(hex): 20
[2026/09/17 21:34:30] 发送(hex): 20
[2026/09/17 21:34:30] 发送(hex): 20
[2026/09/17 21:34:30] 发送(hex): 20
[2026/09/17 21:34:30] 发送(hex): 20
[2026/09/17 21:34:30] 发送(hex): 20
[2026/09/17 21:34:30] 发送(hex): 20
[2026/09/17 21:34:30] 发送(hex): 20
[2026/09/17 21:34:30] 发送(hex): 20
[2026/09/17 21:34:30] 发送(hex): 20
[2026/09/17 21:34:30] 发送(hex): 20
[2026/09/17 21:34:30] 发送(hex): 20
[2026/09/17 21:34:30] 发送(hex): 20
[2026/09/17 21:34:30] 发送(hex): 20
[2026/09/17 21:34:30] 发送(hex): 20
[2026/09/17 21:34:30] 发送(hex): 20
[2026/09/17 21:34:30] 发送(hex): 20
[2026/09/17 21:34:30] 发送(hex): 20
[2026/09/17 21:34:30] 发送(hex): 20
[2026/09/17 21:34:30] 发送(hex): 20
[2026/09/17 21:34:30] 发送(hex): 20
[2026/09/17 21:34:30] 发送(hex): 20
[2026/09/17 21:34:30] 发送(hex): 20
[2026/09/17 21:34:30] 发送(hex): 20
[2026/09/17 21:34:30] 发送(hex): 20
[2026/09/17 21:34:30] 发送(hex): 20
[2026/09/17 21:34:30] 发送(hex): 20
[2026/09/17 21:34:30] 发送(hex): 20
[2026/09/17 21:34:30] 发送(hex): 20
[2026/09/17 21:34:30] 发送(hex): 20
[2026/09/17 21:34:30] 发送(hex): 20
[2026/09/17 21:34:30] 发送(hex): 20
[2026/09/17 21:34:30] 发送(hex): 20
[2026/09/17 21:34:30] 发送(hex): 20
[2026/09/17 21:34:30] 发送(hex): 20
[2026/09/17 21:34:30] 发送(hex): 20
[2026/09/17 21:34:30] 发送(hex): 20
[2026/09/17 21:34:30] 发送(hex): 20
[2026/09/17 21:34:30] 发送(hex): 20
[2026/09/17 21:34:30] 发送(hex): 20
[2026/09/17 21:34:30] 发送(hex): 20
[2026/09/17 21:34:31] 发送(hex): 0d
[2026/09/17 21:34:31] 发送(hex): 0d
[2026/09/17 21:34:31] Realtek>
[2026/09/17 21:34:31] 发送(hex): 0d
[2026/09/17 21:34:31] 发送(hex): 0d
[2026/09/17 21:34:31] Realtek>
[2026/09/17 21:34:31] Realtek>
[2026/09/17 21:34:31] 发送(hex): 0d
[2026/09/17 21:34:31] Realtek>
[2026/09/17 21:34:31] Realtek>
[2026/09/17 21:34:36] 发送(hex): 706d6f646520656e61626c653b72650d
[2026/09/17 21:34:36] pmode enable;re
[2026/09/17 21:34:36] uboot command for pmode enable!
[2026/09/17 21:34:36] resetting ...
[2026/09/17 21:34:36] $
[2026/09/17 21:34:36] Post romcode git ver:42df880604ac78a3 (Aug 28 2026 21:41:35)
[2026/09/17 21:34:36] $
[2026/09/17 21:34:36] Hello world, RTD2875P_CN2_TV030!
[2026/09/17 21:34:36] set_wifi_reset
[2026/09/17 21:34:36] Auxcode git ver:3a4deb9ea300359e (Aug 28 2026 21:41:29)
[2026/09/17 21:34:36] flash_type = 2, secure_type = 2
[2026/09/17 21:34:36] b8062204=20000
[2026/09/17 21:34:36] slot info 0 0x0 info 1 0x9021afbe
[2026/09/17 21:34:36] g_gpt_blk_start 0x1  g_offline_gpt 0x0 last_usable_lba 0x1cd2032 num_partition_entries 0x32
[2026/09/17 21:34:36] start 0x2e600000 clt_blk 0x1973004 ctrl size 0x20
[2026/09/17 21:34:36] choose active index 0
[2026/09/17 21:34:36] part name bootloader ative_slot _a real part name bootloader_a
[2026/09/17 21:34:36] part name hwsetting start 0x100000 size 0x33600
[2026/09/17 21:34:36] part name ext_fw start 0x133600 size 0x10400
[2026/09/17 21:34:36] part name kboot start 0x143a00 size 0x16e00
[2026/09/17 21:34:36] part name uboot start 0x15a800 size 0x120400
[2026/09/17 21:34:36] ls4 2 1 = 800040aa 8000207f 80001000
[2026/09/17 21:34:36] fNewHWsettingArch = 2
[2026/09/17 21:34:36] 1.lsadcidx = 2, brand =3, offset = 0
[2026/09/17 21:34:36] 1.lsadcidx = 2, brand =3, offset = 17800
[2026/09/17 21:34:36] hwsetting from mmc
[2026/09/17 21:34:36] AC on HW offset 0x809 start 0x800 reg 0x8090800
[2026/09/17 21:34:36] total = 2f00
[2026/09/17 21:34:36] A
[2026/09/17 21:34:36] A
[2026/09/17 21:34:36] A
[2026/09/17 21:34:36] A
[2026/09/17 21:34:36] A
[2026/09/17 21:34:36] {12 14}
[2026/09/17 21:34:36] ffeedd
[2026/09/17 21:34:36] ffeeddddr ver: 62c63180
[2026/09/17 21:34:36] ori DQS0~7 {03 04 1a 1c 00 01 00 00}
[2026/09/17 21:34:37] {01 03 19 1b 00 01 00 00} {09 09 06 09 06 05 00 00}
[2026/09/17 21:34:37] r.y.0 r.y.0 SCPU BISR status: Done
[2026/09/17 21:34:37] [go kb]
[2026/09/17 21:34:37] pass bootc
[2026/09/17 21:34:37] ode info to kboot
[2026/09/17 21:34:37] num=1056
[2026/09/17 21:34:37] boot_magic=20230423
[2026/09/17 21:34:37] ---DEBUG kboot 21:41:14 Aug 28 2026 ---
[2026/09/17 21:34:37] [Kboot]eMMC(mid-15) MMC_HS50 (50000000Mhz)[8bit].
[2026/09/17 21:34:37] block info 0x1cd2032 0x3a3e000.
[2026/09/17 21:34:37] [MMC] 32 -----------> 16GB.
[2026/09/17 21:34:37] (2379beef) (0) bufsize=(null)
[2026/09/17 21:34:37] uboot start 0x15a800 size 0x120400
[2026/09/17 21:34:37] board_version: ls
[2026/09/17 21:34:37] 1 = 0, ver: 0
[2026/09/17 21:34:37] [0;31mapp_main 325 board_version=0[0m
[2026/09/17 21:34:37] get FW_TZFW flash start 0xf100200 ddr buf start 0x
[2026/09/17 21:34:37] 180000 image size 010c2e3 ok!
[2026/09/17 21:34:37] [INFO]RPMB auth key not written !
[2026/09/17 21:34:37] [INFO]RPMB auth key not written !
[2026/09/17 21:34:37] Current board is not frist boot.
[2026/09/17 21:34:37] ALL zero, reserved_3 has removed.
[2026/09/17 21:34:37] Current board remove reserved_3 done.
[2026/09/17 21:34:37] get FW_VKERN
[2026/09/17 21:34:37] EL flash start 0xc100200 ddr buf start 0x1a900000 image size 05f0300 ok!
[2026/09/17 21:34:37] get FW_VKERNEL2 flash start 0xd900200 ddr buf start 0x1af00000 image size 0f4920 ok!
[2026/09/17 21:34:37] get FW_AKERNEL flash start 0xa900200 ddr buf start 0x1b200000 image size 07fbf7c ok!
[2026/09/17 21:34:37] ATFATFATF:0 1 NOTICE: kill CPU(2)...
[2026/09/17 21:34:37] ATF:0 1 NOTICE: kill (2) : PACTIVE:0
[2026/09/17 21:34:37] ATF:0 1 NOTICE:  CPU(2) kill done, pstate(0x0)
[2026/09/17 21:34:37] U
[2026/09/17 21:34:38] fixup_node_name 555. set /reserved-memory@5 to /reserved-memory
[2026/09/17 21:34:38] fixup_node_name 555. set /rtk_cma@5 to /rtk_cma
[2026/09/17 21:34:38] ### [1;31mERROR[0m ### get_movablecore 613. Can't find dtb node /reserved-memory/cma2_memory/reg
[2026/09/17 21:34:38] reinit_mem_info 1049  ddr_size 80000000
[2026/09/17 21:34:38] booting, boot_led_type: 0x00000000, led on[1]
[2026/09/17 21:34:38] set share register: 0x99100000
[2026/09/17 21:34:38] boot_power_on_mode=1
[2026/09/17 21:34:38] [get_layout:1264]!
[2026/09/17 21:34:38] boot_part value = 0 boot_tag value = 21
[2026/09/17 21:34:38] [get_oemkey] 1397: get oem.key = ATV00107525
[2026/09/17 21:34:38] Factory_RO: [EXT4] factory_ro_buffer:0a800000, factory_ro_buffer size:0x1000000!
[2026/09/17 21:34:38] Partiton factory_ro_a located at 0:6
[2026/09/17 21:34:38] factory_ro_a partition can not find /.000@bk@***!
[2026/09/17 21:34:38] Factory RO no need recovery!
[2026/09/17 21:34:38] Get tvconfigs_a partition block device index fail!
[2026/09/17 21:34:38] read customer.ini file fail!
[2026/09/17 21:34:38] parse SYS_INI path fail
[2026/09/17 21:34:38] Not support board ini mechansim!
[2026/09/17 21:34:38] Get tvconfigs_a partition block device index fail!
[2026/09/17 21:34:38] read customer.ini file fail!
[2026/09/17 21:34:38] parse SYS_INI path fail
[2026/09/17 21:34:38] load model ini file fail
[2026/09/17 21:34:38] cannot find PcbPath from ini file
[2026/09/17 21:34:38] no pcb.config in tvconfigs
[2026/09/17 21:34:38] no mnt/vendor/factorypcb.config
[2026/09/17 21:34:40] delay:342
[2026/09/17 21:34:40] Vwait V1go
[2026/09/17 21:34:40] Vwait V2go
[2026/09/17 21:34:40] DEMOD BISR check Pass and disable demod CLK!!
[2026/09/17 21:34:40] [0;31mbo
[2026/09/17 21:34:40] ard_version=0 sz=18M[0m
[2026/09/17 21:34:40] ATF:0 1 NOTICE: atf enter time:1181ms, current time:3995ms
[2026/09/17 21:34:40] ATF:0 1 NOTICE: 1st boot elapsed 4001ms
[2026/09/17 21:34:43] console:/ $
[2026/09/17 21:34:51] factory auto test loop start
[2026/09/17 21:34:51]  

[END] 2026/09/17 21:35:12
