[BEGIN] 2026/09/10 18:03:05
[2026/09/10 18:03:09] 发送(hex): 0d
[2026/09/10 18:03:09] 发送(hex): 20
[2026/09/10 18:03:09] 发送(hex): 03
[2026/09/10 18:03:09] 发送(hex): 0d
[2026/09/10 18:03:09] 发送(hex): 20
[2026/09/10 18:03:09] 发送(hex): 03
[2026/09/10 18:03:09] 发送(hex): 0d
[2026/09/10 18:03:09] 发送(hex): 20
[2026/09/10 18:03:09] 发送(hex): 03
[2026/09/10 18:03:09] 发送(hex): 0d
[2026/09/10 18:03:09] 发送(hex): 20
[2026/09/10 18:03:09] 发送(hex): 03
[2026/09/10 18:03:09] 发送(hex): 0d
[2026/09/10 18:03:09] 发送(hex): 20
[2026/09/10 18:03:09] 发送(hex): 03
[2026/09/10 18:03:09] 发送(hex): 0d
[2026/09/10 18:03:09] 发送(hex): 20
[2026/09/10 18:03:09] 发送(hex): 03
[2026/09/10 18:03:09] 发送(hex): 0d
[2026/09/10 18:03:09] 发送(hex): 20
[2026/09/10 18:03:09] 发送(hex): 03
[2026/09/10 18:03:09] 发送(hex): 0d
[2026/09/10 18:03:09] 发送(hex): 20
[2026/09/10 18:03:09] 发送(hex): 03
[2026/09/10 18:03:09] 发送(hex): 0d
[2026/09/10 18:03:09] 发送(hex): 20
[2026/09/10 18:03:09] 发送(hex): 03
[2026/09/10 18:03:09] 发送(hex): 0d
[2026/09/10 18:03:09] 发送(hex): 20
[2026/09/10 18:03:09] 发送(hex): 03
[2026/09/10 18:03:09] 发送(hex): 0d
[2026/09/10 18:03:09] 发送(hex): 20
[2026/09/10 18:03:09] 发送(hex): 03
[2026/09/10 18:03:09] 发送(hex): 0d
[2026/09/10 18:03:09] 发送(hex): 20
[2026/09/10 18:03:09] 发送(hex): 03
[2026/09/10 18:03:09] 发送(hex): 0d
[2026/09/10 18:03:09] 发送(hex): 20
[2026/09/10 18:03:09] 发送(hex): 03
[2026/09/10 18:03:09] 发送(hex): 0d
[2026/09/10 18:03:09] 发送(hex): 20
[2026/09/10 18:03:09] 发送(hex): 03
[2026/09/10 18:03:09] 发送(hex): 0d
[2026/09/10 18:03:09] 发送(hex): 20
[2026/09/10 18:03:09] 发送(hex): 03
[2026/09/10 18:03:09] UART
[2026/09/10 18:03:09] <.
[2026/09/10 18:03:09] AC_ON
[2026/09/10 18:03:09] 发送(hex): 0d
[2026/09/10 18:03:09] 发送(hex): 20
[2026/09/10 18:03:09] 发送(hex): 03
[2026/09/10 18:03:09] 发送(hex): 0d
[2026/09/10 18:03:09] 发送(hex): 20
[2026/09/10 18:03:09] 发送(hex): 03
[2026/09/10 18:03:09] 发送(hex): 0d
[2026/09/10 18:03:09] 发送(hex): 20
[2026/09/10 18:03:09] 发送(hex): 03
[2026/09/10 18:03:09] 发送(hex): 0d
[2026/09/10 18:03:09] 发送(hex): 20
[2026/09/10 18:03:09] 发送(hex): 03
[2026/09/10 18:03:09] 发送(hex): 0d
[2026/09/10 18:03:09] 发送(hex): 20
[2026/09/10 18:03:09] HASH1_VERSION=0x00000000 64bit
[2026/09/10 18:03:09] E-A
[2026/09/10 18:03:09] 发送(hex): 03
[2026/09/10 18:03:09] 发送(hex): 0d
[2026/09/10 18:03:09] 发送(hex): 20
[2026/09/10 18:03:09] [ETT_Main] Clock MPLL Init
[2026/09/10 18:03:09] [ETT_Main]MIU_ver 20260417-11996427-OneBin-V20.4-RefineWDTNew
[2026/09/10 18:03:09] [DRAMC] AC ON-0
[2026/09/10 18:03:09] [FAST_K]
[2026/09/10 18:03:09] [MOBF] Gen SW key
[2026/09/10 18:03:09] 发送(hex): 03
[2026/09/10 18:03:09] 发送(hex): 0d
[2026/09/10 18:03:09] 发送(hex): 20
[2026/09/10 18:03:09] 发送(hex): 03
[2026/09/10 18:03:09] CH0 DramsizeFlag_CH0 DUMMY_REG = 0x1
[2026/09/10 18:03:09] dramc_channel0 restore dramsize_flag = 0x1
[2026/09/10 18:03:09] [FAST_K]
[2026/09/10 18:03:09] 发送(hex): 0d
[2026/09/10 18:03:09] 发送(hex): 20
[2026/09/10 18:03:09] 发送(hex): 03
[2026/09/10 18:03:09] 发送(hex): 0d
[2026/09/10 18:03:09] 发送(hex): 20
[2026/09/10 18:03:09] 发送(hex): 03
[2026/09/10 18:03:09] 发送(hex): 0d
[2026/09/10 18:03:10] 发送(hex): 20
[2026/09/10 18:03:10] CH2 DramsizeFlag_CH2 DUMMY_REG = 0x0
[2026/09/10 18:03:10] dramc_channel2 restore dramsize_flag = 0x0
[2026/09/10 18:03:10] dispatch to 1 EMI 2 CH
[2026/09/10 18:03:10] MIUP set area: 3GB
[2026/09/10 18:03:10] EMI bist: [32mM0 pass[0m
[2026/09/10 18:03:10] EMI bist: [32mM2 pass[0m
[2026/09/10 18:03:10] fake engine: [32mpass[00000000][0m
[2026/09/10 18:03:10] fake engine: [32mpass[00000001][0m
[2026/09/10 18:03:10] u4dram_info=0x2406
[2026/09/10 18:03:10] TEELOADER_VERSION=0x00000000
[2026/09/10 18:03:10] 发送(hex): 03
[2026/09/10 18:03:10] optee teeloader entry
[2026/09/10 18:03:10] MultiOptee image detected, Mo
[2026/09/10 18:03:10] 发送(hex): 0d
[2026/09/10 18:03:10] 发送(hex): 20
[2026/09/10 18:03:10] delID=17B06E0B
[2026/09/10 18:03:10] 发送(hex): 03
[2026/09/10 18:03:10] MultiOptee image detected, ModelID=17B06E0B
[2026/09/10 18:03:10] 发送(hex): 0d
[2026/09/10 18:03:10] 发送(hex): 20
[2026/09/10 18:03:10] 发送(hex): 03
[2026/09/10 18:03:10] 发送(hex): 0d
[2026/09/10 18:03:10] 发送(hex): 20
[2026/09/10 18:03:10] CusConfig
[2026/09/10 18:03:10] 发送(hex): 03
[2026/09/10 18:03:10] 发送(hex): 0d
[2026/09/10 18:03:10] ARMFW_VERSION=0x00000000
[2026/09/10 18:03:10] OPTEE_VERSION=0x00000000
[2026/09/10 18:03:10] OPTEECUST_VERSION=0x00000000
[2026/09/10 18:03:10] REELOADER_VERSION=0x00000000
[2026/09/10 18:03:10] 发送(hex): 20
[2026/09/10 18:03:10] 发送(hex): 03
[2026/09/10 18:03:10] 发送(hex): 0d
[2026/09/10 18:03:10] 发送(hex): 20
[2026/09/10 18:03:10] ns_uboot_boot
[2026/09/10 18:03:10] NOTICE:  BL31: v2.4(debug):f102f7cc7
[2026/09/10 18:03:10] NOTICE:  BL31: Built : 20:53:08, Jul 17 2026
[2026/09/10 18:03:10] INFO:    BL31: Initializing runtime services
[2026/09/10 18:03:10] INFO:    BL31: Initializing BL32
[2026/09/10 18:03:10] [TEE] TRIAL BOOT: 0
[2026/09/10 18:03:10] 发送(hex): 03
[2026/09/10 18:03:10] 发送(hex): 0d
[2026/09/10 18:03:10] 发送(hex): 20
[2026/09/10 18:03:10] 发送(hex): 03
[2026/09/10 18:03:10] 发送(hex): 0d
[2026/09/10 18:03:10] 发送(hex): 20
[2026/09/10 18:03:10] [DynRamlog] wait for configuring by tee driver
[2026/09/10 18:03:10] 发送(hex): 03
[2026/09/10 18:03:10] 发送(hex): 0d
[2026/09/10 18:03:10] 发送(hex): 20
[2026/09/10 18:03:10] INFO:    BL31: Preparing for EL3 exit to normal world
[2026/09/10 18:03:10] INFO:    Entry point address = 0x20100010
[2026/09/10 18:03:10] ree_entry
[2026/09/10 18:03:10] Check WDT....
[2026/09/10 18:03:10] UBOOT_VERSION=0x00000000
[2026/09/10 18:03:10] 发送(hex): 03
[2026/09/10 18:03:10] 发送(hex): 0d
[2026/09/10 18:03:10] 发送(hex): 20
[2026/09/10 18:03:10] 发送(hex): 03
[2026/09/10 18:03:10] 发送(hex): 0d
[2026/09/10 18:03:10] 发送(hex): 20
[2026/09/10 18:03:10] 发送(hex): 03
[2026/09/10 18:03:10] 发送(hex): 0d
[2026/09/10 18:03:10] 发送(hex): 20
[2026/09/10 18:03:10] 发送(hex): 03
[2026/09/10 18:03:10] 发送(hex): 0d
[2026/09/10 18:03:10] 发送(hex): 20
[2026/09/10 18:03:10] 发送(hex): 03
[2026/09/10 18:03:10] 发送(hex): 0d
[2026/09/10 18:03:10] 发送(hex): 20
[2026/09/10 18:03:10] 发送(hex): 03
[2026/09/10 18:03:10] 发送(hex): 0d
[2026/09/10 18:03:10] 发送(hex): 20
[2026/09/10 18:03:10] 发送(hex): 03
[2026/09/10 18:03:10] 发送(hex): 0d
[2026/09/10 18:03:10] 发送(hex): 20
[2026/09/10 18:03:10] 发送(hex): 03
[2026/09/10 18:03:10] 发送(hex): 0d
[2026/09/10 18:03:10] 发送(hex): 20
[2026/09/10 18:03:10] 发送(hex): 03
[2026/09/10 18:03:10] 发送(hex): 0d
[2026/09/10 18:03:10] U-Boot2019.04-g23c3f665-dirty (Aug 23 2026 - 20:57:54 +0800)
[2026/09/10 18:03:10] Model: MediaTek MT5896 RFB
[2026/09/10 18:03:10] DRAM:  3 GiB
[2026/09/10 18:03:10] 发送(hex): 20
[2026/09/10 18:03:10] 发送(hex): 03
[2026/09/10 18:03:10] 发送(hex): 0d
[2026/09/10 18:03:10] 发送(hex): 20
[2026/09/10 18:03:10] 发送(hex): 03
[2026/09/10 18:03:10] 发送(hex): 0d
[2026/09/10 18:03:10] 发送(hex): 20
[2026/09/10 18:03:10] 发送(hex): 03
[2026/09/10 18:03:10] 发送(hex): 0d
[2026/09/10 18:03:10] 发送(hex): 20
[2026/09/10 18:03:10] 发送(hex): 03
[2026/09/10 18:03:10] 发送(hex): 0d
[2026/09/10 18:03:10] 发送(hex): 20
[2026/09/10 18:03:10] 发送(hex): 03
[2026/09/10 18:03:10] MMC:   mtk-mmc-fcie@1c660000: 0
[2026/09/10 18:03:10] 发送(hex): 0d
[2026/09/10 18:03:10] 发送(hex): 20
[2026/09/10 18:03:10] 发送(hex): 03
[2026/09/10 18:03:10] 发送(hex): 0d
[2026/09/10 18:03:10] 发送(hex): 20
[2026/09/10 18:03:10] 发送(hex): 03
[2026/09/10 18:03:10] 发送(hex): 0d
[2026/09/10 18:03:10] Loading Environment from E
[2026/09/10 18:03:10] 发送(hex): 20
[2026/09/10 18:03:10] 发送(hex): 03
[2026/09/10 18:03:10] 发送(hex): 0d
[2026/09/10 18:03:10] 发送(hex): 20
[2026/09/10 18:03:10] XT4... OK
[2026/09/10 18:03:10] jump_to_console start!!
[2026/09/10 18:03:10] => <INTERRUPT>
[2026/09/10 18:03:10] =>
[2026/09/10 18:03:10] =>  <INTERRUPT>
[2026/09/10 18:03:10] =>
[2026/09/10 18:03:10] =>  <INTERRUPT>
[2026/09/10 18:03:10] =>
[2026/09/10 18:03:10] =>  <INTERRUPT>
[2026/09/10 18:03:10] =>
[2026/09/10 18:03:10] =>  <INTERRUPT>
[2026/09/10 18:03:10] =>
[2026/09/10 18:03:10] =>  <INTERRUPT>
[2026/09/10 18:03:10] =>
[2026/09/10 18:03:10] =>  <INTERRUPT>
[2026/09/10 18:03:10] =>
[2026/09/10 18:03:10] =>  <INTERRUPT>
[2026/09/10 18:03:10] =>
[2026/09/10 18:03:10] =>  <INTERRUPT>
[2026/09/10 18:03:10] =>
[2026/09/10 18:03:10] =>  <INTERRUPT>
[2026/09/10 18:03:10] =>
[2026/09/10 18:03:10] =>  <INTERRUPT>
[2026/09/10 18:03:10] =>  <INTERRUPT>
[2026/09/10 18:03:10] =>
[2026/09/10 18:03:10] =>
[2026/09/10 18:03:10] 发送(hex): 03
[2026/09/10 18:03:10] 发送(hex): 0d
[2026/09/10 18:03:10] <INTERRUPT>
[2026/09/10 18:03:10] =>
[2026/09/10 18:03:10] 发送(hex): 20
[2026/09/10 18:03:10] =>
[2026/09/10 18:03:10] 发送(hex): 03
[2026/09/10 18:03:10] 发送(hex): 0d
[2026/09/10 18:03:10] <INTERRUPT>
[2026/09/10 18:03:10] =>
[2026/09/10 18:03:10] 发送(hex): 20
[2026/09/10 18:03:10] =>
[2026/09/10 18:03:10] 发送(hex): 03
[2026/09/10 18:03:10] 发送(hex): 0d
[2026/09/10 18:03:10] <INTERRUPT>
[2026/09/10 18:03:10] =>
[2026/09/10 18:03:10] 发送(hex): 20
[2026/09/10 18:03:10] =>
[2026/09/10 18:03:10] 发送(hex): 03
[2026/09/10 18:03:10] 发送(hex): 0d
[2026/09/10 18:03:10] <INTERRUPT>
[2026/09/10 18:03:10] =>
[2026/09/10 18:03:10] 发送(hex): 20
[2026/09/10 18:03:10] =>
[2026/09/10 18:03:10] 发送(hex): 03
[2026/09/10 18:03:10] 发送(hex): 0d
[2026/09/10 18:03:10] <INTERRUPT>
[2026/09/10 18:03:10] =>
[2026/09/10 18:03:10] 发送(hex): 20
[2026/09/10 18:03:10] =>
[2026/09/10 18:03:10] 发送(hex): 03
[2026/09/10 18:03:10] 发送(hex): 0d
[2026/09/10 18:03:11] 发送(hex): 20
[2026/09/10 18:03:11] <INTERRUPT>
[2026/09/10 18:03:11] =>
[2026/09/10 18:03:11] =>
[2026/09/10 18:03:11] 发送(hex): 03
[2026/09/10 18:03:11] 发送(hex): 0d
[2026/09/10 18:03:11] 发送(hex): 20
[2026/09/10 18:03:11] <INTERRUPT>
[2026/09/10 18:03:11] =>
[2026/09/10 18:03:11] =>
[2026/09/10 18:03:11] 发送(hex): 03
[2026/09/10 18:03:11] 发送(hex): 0d
[2026/09/10 18:03:11] 发送(hex): 20
[2026/09/10 18:03:11] <INTERRUPT>
[2026/09/10 18:03:11] =>
[2026/09/10 18:03:11] =>
[2026/09/10 18:03:11] 发送(hex): 03
[2026/09/10 18:03:11] 发送(hex): 0d
[2026/09/10 18:03:11] <INT
[2026/09/10 18:03:11] 发送(hex): 20
[2026/09/10 18:03:11] ERRUPT>
[2026/09/10 18:03:11] =>
[2026/09/10 18:03:11] =>
[2026/09/10 18:03:11] 发送(hex): 03
[2026/09/10 18:03:11] 发送(hex): 0d
[2026/09/10 18:03:11] <
[2026/09/10 18:03:11] 发送(hex): 20
[2026/09/10 18:03:11] INTERRUPT>
[2026/09/10 18:03:11] =>
[2026/09/10 18:03:11] =>
[2026/09/10 18:03:11] 发送(hex): 03
[2026/09/10 18:03:11] 发送(hex): 0d
[2026/09/10 18:03:11] <INTERR
[2026/09/10 18:03:11] 发送(hex): 20
[2026/09/10 18:03:11] UPT>
[2026/09/10 18:03:11] =>
[2026/09/10 18:03:11] =>
[2026/09/10 18:03:11] 发送(hex): 03
[2026/09/10 18:03:11] <
[2026/09/10 18:03:11] 发送(hex): 0d
[2026/09/10 18:03:11] 发送(hex): 20
[2026/09/10 18:03:11] INTERRUPT>
[2026/09/10 18:03:11] =>
[2026/09/10 18:03:11] =>
[2026/09/10 18:03:11] 发送(hex): 03
[2026/09/10 18:03:11] 发送(hex): 0d
[2026/09/10 18:03:11] 发送(hex): 20
[2026/09/10 18:03:11] <INTERRUPT>
[2026/09/10 18:03:11] =>
[2026/09/10 18:03:11] =>
[2026/09/10 18:03:11] 发送(hex): 03
[2026/09/10 18:03:11] 发送(hex): 0d
[2026/09/10 18:03:11] 发送(hex): 20
[2026/09/10 18:03:11] <INTERRUPT>
[2026/09/10 18:03:11] =>
[2026/09/10 18:03:11] =>
[2026/09/10 18:03:11] 发送(hex): 03
[2026/09/10 18:03:11] 发送(hex): 0d
[2026/09/10 18:03:11] 发送(hex): 20
[2026/09/10 18:03:11] <INTERRUPT>
[2026/09/10 18:03:11] =>
[2026/09/10 18:03:11] =>
[2026/09/10 18:03:11] 发送(hex): 03
[2026/09/10 18:03:11] 发送(hex): 0d
[2026/09/10 18:03:11] 发送(hex): 20
[2026/09/10 18:03:11] <INTERRUPT>
[2026/09/10 18:03:11] =>
[2026/09/10 18:03:11] =>
[2026/09/10 18:03:11] 发送(hex): 03
[2026/09/10 18:03:11] 发送(hex): 0d
[2026/09/10 18:03:11] 发送(hex): 20
[2026/09/10 18:03:11] <INTERRUPT>
[2026/09/10 18:03:11] =>
[2026/09/10 18:03:11] =>
[2026/09/10 18:03:11] 发送(hex): 03
[2026/09/10 18:03:11] 发送(hex): 0d
[2026/09/10 18:03:11] 发送(hex): 20
[2026/09/10 18:03:11] <INTERRUPT>
[2026/09/10 18:03:11] =>
[2026/09/10 18:03:11] =>
[2026/09/10 18:03:11] 发送(hex): 03
[2026/09/10 18:03:11] 发送(hex): 0d
[2026/09/10 18:03:11] 发送(hex): 20
[2026/09/10 18:03:11] <INTERRUPT>
[2026/09/10 18:03:11] =>
[2026/09/10 18:03:11] =>
[2026/09/10 18:03:11] 发送(hex): 03
[2026/09/10 18:03:11] 发送(hex): 0d
[2026/09/10 18:03:11] 发送(hex): 20
[2026/09/10 18:03:11] <INTERRUPT>
[2026/09/10 18:03:11] =>
[2026/09/10 18:03:11] =>
[2026/09/10 18:03:11] 发送(hex): 03
[2026/09/10 18:03:11] 发送(hex): 0d
[2026/09/10 18:03:11] 发送(hex): 20
[2026/09/10 18:03:11] <INTERRUPT>
[2026/09/10 18:03:11] =>
[2026/09/10 18:03:11] =>
[2026/09/10 18:03:11] 发送(hex): 03
[2026/09/10 18:03:11] 发送(hex): 0d
[2026/09/10 18:03:11] 发送(hex): 20
[2026/09/10 18:03:11] <INTERRUPT>
[2026/09/10 18:03:11] =>
[2026/09/10 18:03:11] =>
[2026/09/10 18:03:11] 发送(hex): 03
[2026/09/10 18:03:11] 发送(hex): 0d
[2026/09/10 18:03:11] 发送(hex): 20
[2026/09/10 18:03:11] <INTERRUPT>
[2026/09/10 18:03:11] =>
[2026/09/10 18:03:11] =>
[2026/09/10 18:03:11] 发送(hex): 03
[2026/09/10 18:03:11] 发送(hex): 0d
[2026/09/10 18:03:11] 发送(hex): 20
[2026/09/10 18:03:11] <INTERRUPT>
[2026/09/10 18:03:11] =>
[2026/09/10 18:03:11] =>
[2026/09/10 18:03:11] 发送(hex): 03
[2026/09/10 18:03:11] 发送(hex): 0d
[2026/09/10 18:03:11] 发送(hex): 20
[2026/09/10 18:03:11] <INTERRUPT>
[2026/09/10 18:03:11] =>
[2026/09/10 18:03:11] =>
[2026/09/10 18:03:11] 发送(hex): 03
[2026/09/10 18:03:11] 发送(hex): 0d
[2026/09/10 18:03:11] 发送(hex): 20
[2026/09/10 18:03:11] <INTERRUPT>
[2026/09/10 18:03:11] =>
[2026/09/10 18:03:11] =>
[2026/09/10 18:03:11] 发送(hex): 03
[2026/09/10 18:03:11] 发送(hex): 0d
[2026/09/10 18:03:11] 发送(hex): 20
[2026/09/10 18:03:11] <INTERRUPT>
[2026/09/10 18:03:11] =>
[2026/09/10 18:03:11] =>
[2026/09/10 18:03:11] 发送(hex): 03
[2026/09/10 18:03:11] 发送(hex): 0d
[2026/09/10 18:03:11] 发送(hex): 20
[2026/09/10 18:03:11] <INTERRUPT>
[2026/09/10 18:03:11] =>
[2026/09/10 18:03:11] =>
[2026/09/10 18:03:11] 发送(hex): 03
[2026/09/10 18:03:11] 发送(hex): 0d
[2026/09/10 18:03:11] 发送(hex): 20
[2026/09/10 18:03:11] <INTERRUPT>
[2026/09/10 18:03:11] =>
[2026/09/10 18:03:11] =>
[2026/09/10 18:03:11] 发送(hex): 03
[2026/09/10 18:03:11] 发送(hex): 0d
[2026/09/10 18:03:11] 发送(hex): 20
[2026/09/10 18:03:11] <INTERRUPT>
[2026/09/10 18:03:11] =>
[2026/09/10 18:03:11] =>
[2026/09/10 18:03:11] 发送(hex): 03
[2026/09/10 18:03:11] 发送(hex): 0d
[2026/09/10 18:03:11] 发送(hex): 20
[2026/09/10 18:03:11] <INTERRUPT>
[2026/09/10 18:03:11] =>
[2026/09/10 18:03:11] =>
[2026/09/10 18:03:11] 发送(hex): 03
[2026/09/10 18:03:11] 发送(hex): 0d
[2026/09/10 18:03:11] 发送(hex): 20
[2026/09/10 18:03:11] <INTERRUPT>
[2026/09/10 18:03:11] =>
[2026/09/10 18:03:11] =>
[2026/09/10 18:03:11] 发送(hex): 03
[2026/09/10 18:03:11] 发送(hex): 0d
[2026/09/10 18:03:11] 发送(hex): 20
[2026/09/10 18:03:11] <INTERRUPT>
[2026/09/10 18:03:11] =>
[2026/09/10 18:03:11] =>
[2026/09/10 18:03:11] 发送(hex): 03
[2026/09/10 18:03:11] 发送(hex): 0d
[2026/09/10 18:03:11] 发送(hex): 20
[2026/09/10 18:03:11] <INTERRUPT>
[2026/09/10 18:03:11] =>
[2026/09/10 18:03:11] =>
[2026/09/10 18:03:11] 发送(hex): 03
[2026/09/10 18:03:11] 发送(hex): 0d
[2026/09/10 18:03:11] 发送(hex): 20
[2026/09/10 18:03:11] <INTERRUPT>
[2026/09/10 18:03:11] =>
[2026/09/10 18:03:11] =>
[2026/09/10 18:03:11] 发送(hex): 03
[2026/09/10 18:03:11] 发送(hex): 0d
[2026/09/10 18:03:11] 发送(hex): 20
[2026/09/10 18:03:11] <INTERRUPT>
[2026/09/10 18:03:11] =>
[2026/09/10 18:03:11] =>
[2026/09/10 18:03:11] 发送(hex): 03
[2026/09/10 18:03:11] 发送(hex): 0d
[2026/09/10 18:03:11] 发送(hex): 20
[2026/09/10 18:03:11] <INTERRUPT>
[2026/09/10 18:03:11] =>
[2026/09/10 18:03:11] =>
[2026/09/10 18:03:12] 发送(hex): 03
[2026/09/10 18:03:12] 发送(hex): 0d
[2026/09/10 18:03:12] 发送(hex): 20
[2026/09/10 18:03:12] <INTERRUPT>
[2026/09/10 18:03:12] =>
[2026/09/10 18:03:12] =>
[2026/09/10 18:03:12] 发送(hex): 03
[2026/09/10 18:03:12] 发送(hex): 0d
[2026/09/10 18:03:12] 发送(hex): 20
[2026/09/10 18:03:12] <INTERRUPT>
[2026/09/10 18:03:12] =>
[2026/09/10 18:03:12] =>
[2026/09/10 18:03:12] 发送(hex): 03
[2026/09/10 18:03:12] 发送(hex): 0d
[2026/09/10 18:03:12] 发送(hex): 20
[2026/09/10 18:03:12] <INTERRUPT>
[2026/09/10 18:03:12] =>
[2026/09/10 18:03:12] =>
[2026/09/10 18:03:12] 发送(hex): 03
[2026/09/10 18:03:12] 发送(hex): 0d
[2026/09/10 18:03:12] 发送(hex): 20
[2026/09/10 18:03:12] <INTERRUPT>
[2026/09/10 18:03:12] =>
[2026/09/10 18:03:12] =>
[2026/09/10 18:03:12] 发送(hex): 03
[2026/09/10 18:03:12] 发送(hex): 0d
[2026/09/10 18:03:12] 发送(hex): 20
[2026/09/10 18:03:12] <INTERRUPT>
[2026/09/10 18:03:12] =>
[2026/09/10 18:03:12] =>
[2026/09/10 18:03:12] 发送(hex): 03
[2026/09/10 18:03:12] 发送(hex): 0d
[2026/09/10 18:03:12] 发送(hex): 20
[2026/09/10 18:03:12] <INTERRUPT>
[2026/09/10 18:03:12] =>
[2026/09/10 18:03:12] =>
[2026/09/10 18:03:12] 发送(hex): 03
[2026/09/10 18:03:12] 发送(hex): 0d
[2026/09/10 18:03:12] 发送(hex): 20
[2026/09/10 18:03:12] <INTERRUPT>
[2026/09/10 18:03:12] =>
[2026/09/10 18:03:12] =>
[2026/09/10 18:03:12] 发送(hex): 03
[2026/09/10 18:03:12] 发送(hex): 0d
[2026/09/10 18:03:12] 发送(hex): 20
[2026/09/10 18:03:12] <INTERRUPT>
[2026/09/10 18:03:12] =>
[2026/09/10 18:03:12] =>
[2026/09/10 18:03:12] 发送(hex): 03
[2026/09/10 18:03:12] 发送(hex): 0d
[2026/09/10 18:03:12] 发送(hex): 20
[2026/09/10 18:03:12] <INTERRUPT>
[2026/09/10 18:03:12] =>
[2026/09/10 18:03:12] =>
[2026/09/10 18:03:12] 发送(hex): 03
[2026/09/10 18:03:12] 发送(hex): 0d
[2026/09/10 18:03:12] 发送(hex): 20
[2026/09/10 18:03:12] <INTERRUPT>
[2026/09/10 18:03:12] =>
[2026/09/10 18:03:12] =>
[2026/09/10 18:03:12] 发送(hex): 03
[2026/09/10 18:03:12] 发送(hex): 0d
[2026/09/10 18:03:12] 发送(hex): 20
[2026/09/10 18:03:12] <INTERRUPT>
[2026/09/10 18:03:12] =>
[2026/09/10 18:03:12] =>
[2026/09/10 18:03:12] 发送(hex): 03
[2026/09/10 18:03:12] 发送(hex): 0d
[2026/09/10 18:03:12] 发送(hex): 20
[2026/09/10 18:03:12] <INTERRUPT>
[2026/09/10 18:03:12] =>
[2026/09/10 18:03:12] =>
[2026/09/10 18:03:12] 发送(hex): 03
[2026/09/10 18:03:12] 发送(hex): 0d
[2026/09/10 18:03:12] 发送(hex): 20
[2026/09/10 18:03:12] <INTERRUPT>
[2026/09/10 18:03:12] =>
[2026/09/10 18:03:12] =>
[2026/09/10 18:03:12] 发送(hex): 03
[2026/09/10 18:03:12] 发送(hex): 0d
[2026/09/10 18:03:12] 发送(hex): 20
[2026/09/10 18:03:12] <INTERRUPT>
[2026/09/10 18:03:12] =>
[2026/09/10 18:03:12] =>
[2026/09/10 18:03:12] 发送(hex): 03
[2026/09/10 18:03:12] 发送(hex): 0d
[2026/09/10 18:03:12] 发送(hex): 20
[2026/09/10 18:03:12] <INTERRUPT>
[2026/09/10 18:03:12] =>
[2026/09/10 18:03:12] =>
[2026/09/10 18:03:12] 发送(hex): 03
[2026/09/10 18:03:12] 发送(hex): 0d
[2026/09/10 18:03:12] 发送(hex): 20
[2026/09/10 18:03:12] <INTERRUPT>
[2026/09/10 18:03:12] =>
[2026/09/10 18:03:12] =>
[2026/09/10 18:03:12] 发送(hex): 03
[2026/09/10 18:03:12] 发送(hex): 0d
[2026/09/10 18:03:12] 发送(hex): 20
[2026/09/10 18:03:12] <INTERRUPT>
[2026/09/10 18:03:12] =>
[2026/09/10 18:03:12] =>
[2026/09/10 18:03:12] 发送(hex): 03
[2026/09/10 18:03:12] 发送(hex): 0d
[2026/09/10 18:03:12] 发送(hex): 20
[2026/09/10 18:03:12] <INTERRUPT>
[2026/09/10 18:03:12] =>
[2026/09/10 18:03:12] =>
[2026/09/10 18:03:12] 发送(hex): 03
[2026/09/10 18:03:12] 发送(hex): 0d
[2026/09/10 18:03:12] 发送(hex): 20
[2026/09/10 18:03:12] <INTERRUPT>
[2026/09/10 18:03:12] =>
[2026/09/10 18:03:12] =>
[2026/09/10 18:03:12] 发送(hex): 03
[2026/09/10 18:03:12] 发送(hex): 0d
[2026/09/10 18:03:12] 发送(hex): 20
[2026/09/10 18:03:12] <INTERRUPT>
[2026/09/10 18:03:12] =>
[2026/09/10 18:03:12] =>
[2026/09/10 18:03:12] 发送(hex): 03
[2026/09/10 18:03:12] 发送(hex): 0d
[2026/09/10 18:03:12] 发送(hex): 20
[2026/09/10 18:03:12] <INTERRUPT>
[2026/09/10 18:03:12] =>
[2026/09/10 18:03:12] 发送(hex): 03
[2026/09/10 18:03:12] =>
[2026/09/10 18:03:12] 发送(hex): 0d
[2026/09/10 18:03:12] 发送(hex): 20
[2026/09/10 18:03:12] <INTERRUPT>
[2026/09/10 18:03:12] =>
[2026/09/10 18:03:12] 发送(hex): 03
[2026/09/10 18:03:12] =>
[2026/09/10 18:03:12] 发送(hex): 0d
[2026/09/10 18:03:12] 发送(hex): 20
[2026/09/10 18:03:12] <INTERRUPT>
[2026/09/10 18:03:12] =>
[2026/09/10 18:03:12] =
[2026/09/10 18:03:12] 发送(hex): 03
[2026/09/10 18:03:12] >
[2026/09/10 18:03:12] 发送(hex): 0d
[2026/09/10 18:03:12] 发送(hex): 20
[2026/09/10 18:03:12] <INTERRUPT>
[2026/09/10 18:03:12] =>
[2026/09/10 18:03:12] =
[2026/09/10 18:03:12] 发送(hex): 03
[2026/09/10 18:03:12] >
[2026/09/10 18:03:12] 发送(hex): 0d
[2026/09/10 18:03:12] 发送(hex): 20
[2026/09/10 18:03:12] <INTERRUPT>
[2026/09/10 18:03:12] =>
[2026/09/10 18:03:12] 发送(hex): 03
[2026/09/10 18:03:12] =>
[2026/09/10 18:03:12] 发送(hex): 0d
[2026/09/10 18:03:12] <INTERRUPT>
[2026/09/10 18:03:12] =>
[2026/09/10 18:03:12] 发送(hex): 20
[2026/09/10 18:03:12] 发送(hex): 03
[2026/09/10 18:03:12] =>
[2026/09/10 18:03:12] 发送(hex): 0d
[2026/09/10 18:03:12] <INTERRUPT>
[2026/09/10 18:03:12] =>
[2026/09/10 18:03:12] 发送(hex): 20
[2026/09/10 18:03:12] 发送(hex): 03
[2026/09/10 18:03:12] =>
[2026/09/10 18:03:12] 发送(hex): 0d
[2026/09/10 18:03:12] <INTERRUPT>
[2026/09/10 18:03:12] =>
[2026/09/10 18:03:12] 发送(hex): 20
[2026/09/10 18:03:12] 发送(hex): 03
[2026/09/10 18:03:12] =>
[2026/09/10 18:03:12] 发送(hex): 0d
[2026/09/10 18:03:12] <INTERRUPT>
[2026/09/10 18:03:12] =>
[2026/09/10 18:03:12] 发送(hex): 20
[2026/09/10 18:03:12] 发送(hex): 03
[2026/09/10 18:03:12] =>
[2026/09/10 18:03:12] 发送(hex): 0d
[2026/09/10 18:03:12] <INTERRUPT>
[2026/09/10 18:03:12] =>
[2026/09/10 18:03:12] 发送(hex): 20
[2026/09/10 18:03:12] 发送(hex): 03
[2026/09/10 18:03:12] =>
[2026/09/10 18:03:12] 发送(hex): 0d
[2026/09/10 18:03:12] <INTERRUPT>
[2026/09/10 18:03:12] =>
[2026/09/10 18:03:12] 发送(hex): 20
[2026/09/10 18:03:13] 发送(hex): 03
[2026/09/10 18:03:13] =>
[2026/09/10 18:03:13] 发送(hex): 0d
[2026/09/10 18:03:13] <INTERRUPT>
[2026/09/10 18:03:13] =>
[2026/09/10 18:03:13] 发送(hex): 20
[2026/09/10 18:03:13] 发送(hex): 03
[2026/09/10 18:03:13] =>
[2026/09/10 18:03:13] 发送(hex): 0d
[2026/09/10 18:03:13] <INTERRUPT>
[2026/09/10 18:03:13] =>
[2026/09/10 18:03:13] 发送(hex): 20
[2026/09/10 18:03:13] 发送(hex): 03
[2026/09/10 18:03:13] =>
[2026/09/10 18:03:13] 发送(hex): 0d
[2026/09/10 18:03:13] <INTERRUPT>
[2026/09/10 18:03:13] =>
[2026/09/10 18:03:13] 发送(hex): 20
[2026/09/10 18:03:13] 发送(hex): 03
[2026/09/10 18:03:13] =>
[2026/09/10 18:03:13] 发送(hex): 0d
[2026/09/10 18:03:13] <INTERRUPT>
[2026/09/10 18:03:13] =>
[2026/09/10 18:03:13] 发送(hex): 20
[2026/09/10 18:03:13] 发送(hex): 03
[2026/09/10 18:03:13] =>
[2026/09/10 18:03:13] 发送(hex): 0d
[2026/09/10 18:03:13] <INTERRUPT>
[2026/09/10 18:03:13] =>
[2026/09/10 18:03:13] 发送(hex): 20
[2026/09/10 18:03:13] 发送(hex): 03
[2026/09/10 18:03:13] =>
[2026/09/10 18:03:13] 发送(hex): 0d
[2026/09/10 18:03:13] <INTERRUPT>
[2026/09/10 18:03:13] =>
[2026/09/10 18:03:13] 发送(hex): 20
[2026/09/10 18:03:13] 发送(hex): 03
[2026/09/10 18:03:13] =>
[2026/09/10 18:03:13] 发送(hex): 0d
[2026/09/10 18:03:13] <INTERRUPT>
[2026/09/10 18:03:13] =>
[2026/09/10 18:03:13] 发送(hex): 20
[2026/09/10 18:03:13] 发送(hex): 03
[2026/09/10 18:03:13] =>
[2026/09/10 18:03:13] 发送(hex): 0d
[2026/09/10 18:03:13] <INTERRUPT>
[2026/09/10 18:03:13] =>
[2026/09/10 18:03:13] 发送(hex): 20
[2026/09/10 18:03:13] =>
[2026/09/10 18:03:13] 发送(hex): 03
[2026/09/10 18:03:13] 发送(hex): 0d
[2026/09/10 18:03:13] 发送(hex): 20
[2026/09/10 18:03:13] <INTERRUPT>
[2026/09/10 18:03:13] =>
[2026/09/10 18:03:13] =>
[2026/09/10 18:03:13] 发送(hex): 03
[2026/09/10 18:03:13] 发送(hex): 0d
[2026/09/10 18:03:13] 发送(hex): 20
[2026/09/10 18:03:13] <INTERRUPT>
[2026/09/10 18:03:13] =>
[2026/09/10 18:03:13] =>
[2026/09/10 18:03:13] 发送(hex): 03
[2026/09/10 18:03:13] 发送(hex): 0d
[2026/09/10 18:03:13] 发送(hex): 20
[2026/09/10 18:03:13] <INTERRUPT>
[2026/09/10 18:03:13] =>
[2026/09/10 18:03:13] =>
[2026/09/10 18:03:13] 发送(hex): 03
[2026/09/10 18:03:13] 发送(hex): 0d
[2026/09/10 18:03:13] 发送(hex): 20
[2026/09/10 18:03:13] <INTERRUPT>
[2026/09/10 18:03:13] =>
[2026/09/10 18:03:13] =>
[2026/09/10 18:03:13] 发送(hex): 03
[2026/09/10 18:03:13] 发送(hex): 0d
[2026/09/10 18:03:13] 发送(hex): 20
[2026/09/10 18:03:13] <INTERRUPT>
[2026/09/10 18:03:13] =>
[2026/09/10 18:03:13] =>
[2026/09/10 18:03:13] 发送(hex): 03
[2026/09/10 18:03:13] 发送(hex): 0d
[2026/09/10 18:03:13] 发送(hex): 20
[2026/09/10 18:03:13] <INTERRUPT>
[2026/09/10 18:03:13] =>
[2026/09/10 18:03:13] =>
[2026/09/10 18:03:13] 发送(hex): 03
[2026/09/10 18:03:13] 发送(hex): 0d
[2026/09/10 18:03:13] 发送(hex): 20
[2026/09/10 18:03:13] <INTERRUPT>
[2026/09/10 18:03:13] =>
[2026/09/10 18:03:13] =>
[2026/09/10 18:03:13] 发送(hex): 03
[2026/09/10 18:03:13] 发送(hex): 0d
[2026/09/10 18:03:13] 发送(hex): 20
[2026/09/10 18:03:13] <INTERRUPT>
[2026/09/10 18:03:13] =>
[2026/09/10 18:03:13] =>
[2026/09/10 18:03:13] 发送(hex): 03
[2026/09/10 18:03:13] 发送(hex): 0d
[2026/09/10 18:03:13] 发送(hex): 20
[2026/09/10 18:03:13] <INTERRUPT>
[2026/09/10 18:03:13] =>
[2026/09/10 18:03:13] =>
[2026/09/10 18:03:13] 发送(hex): 03
[2026/09/10 18:03:13] 发送(hex): 0d
[2026/09/10 18:03:13] 发送(hex): 20
[2026/09/10 18:03:13] <INTERRUPT>
[2026/09/10 18:03:13] =>
[2026/09/10 18:03:13] =>
[2026/09/10 18:03:13] 发送(hex): 03
[2026/09/10 18:03:13] 发送(hex): 0d
[2026/09/10 18:03:13] 发送(hex): 20
[2026/09/10 18:03:13] <INTERRUPT>
[2026/09/10 18:03:13] =>
[2026/09/10 18:03:13] =>
[2026/09/10 18:03:13] 发送(hex): 03
[2026/09/10 18:03:13] 发送(hex): 0d
[2026/09/10 18:03:13] 发送(hex): 20
[2026/09/10 18:03:13] <INTERRUPT>
[2026/09/10 18:03:13] =>
[2026/09/10 18:03:13] =>
[2026/09/10 18:03:13] 发送(hex): 03
[2026/09/10 18:03:13] 发送(hex): 0d
[2026/09/10 18:03:13] 发送(hex): 20
[2026/09/10 18:03:13] <INTERRUPT>
[2026/09/10 18:03:13] =>
[2026/09/10 18:03:13] =>
[2026/09/10 18:03:13] 发送(hex): 03
[2026/09/10 18:03:13] 发送(hex): 0d
[2026/09/10 18:03:13] 发送(hex): 20
[2026/09/10 18:03:13] <INTERRUPT>
[2026/09/10 18:03:13] =>
[2026/09/10 18:03:13] =>
[2026/09/10 18:03:13] 发送(hex): 03
[2026/09/10 18:03:13] 发送(hex): 0d
[2026/09/10 18:03:13] 发送(hex): 20
[2026/09/10 18:03:13] <INTERRUPT>
[2026/09/10 18:03:13] =>
[2026/09/10 18:03:13] =>
[2026/09/10 18:03:13] 发送(hex): 03
[2026/09/10 18:03:13] 发送(hex): 0d
[2026/09/10 18:03:13] 发送(hex): 20
[2026/09/10 18:03:13] <INTERRUPT>
[2026/09/10 18:03:13] =>
[2026/09/10 18:03:13] =>
[2026/09/10 18:03:13] 发送(hex): 03
[2026/09/10 18:03:13] 发送(hex): 0d
[2026/09/10 18:03:13] 发送(hex): 20
[2026/09/10 18:03:13] <INTERRUPT>
[2026/09/10 18:03:13] =>
[2026/09/10 18:03:13] =>
[2026/09/10 18:03:13] 发送(hex): 03
[2026/09/10 18:03:13] 发送(hex): 0d
[2026/09/10 18:03:13] 发送(hex): 20
[2026/09/10 18:03:13] <INTERRUPT>
[2026/09/10 18:03:13] =>
[2026/09/10 18:03:13] =>
[2026/09/10 18:03:13] 发送(hex): 03
[2026/09/10 18:03:13] 发送(hex): 0d
[2026/09/10 18:03:13] 发送(hex): 20
[2026/09/10 18:03:13] <INTERRUPT>
[2026/09/10 18:03:13] =>
[2026/09/10 18:03:13] =>
[2026/09/10 18:03:13] 发送(hex): 03
[2026/09/10 18:03:13] 发送(hex): 0d
[2026/09/10 18:03:13] <
[2026/09/10 18:03:13] 发送(hex): 20
[2026/09/10 18:03:13] INTERRUPT>
[2026/09/10 18:03:13] =>
[2026/09/10 18:03:13] =>
[2026/09/10 18:03:13] 发送(hex): 03
[2026/09/10 18:03:13] 发送(hex): 0d
[2026/09/10 18:03:13] 发送(hex): 20
[2026/09/10 18:03:13] <INTERRUPT>
[2026/09/10 18:03:13] =>
[2026/09/10 18:03:13] =>
[2026/09/10 18:03:13] 发送(hex): 03
[2026/09/10 18:03:13] 发送(hex): 0d
[2026/09/10 18:03:13] 发送(hex): 20
[2026/09/10 18:03:13] <INTERRUPT>
[2026/09/10 18:03:13] =>
[2026/09/10 18:03:13] =>
[2026/09/10 18:03:14] 发送(hex): 03
[2026/09/10 18:03:14] 发送(hex): 0d
[2026/09/10 18:03:14] 发送(hex): 20
[2026/09/10 18:03:14] <INTERRUPT>
[2026/09/10 18:03:14] =>
[2026/09/10 18:03:14] =>
[2026/09/10 18:03:14] 发送(hex): 03
[2026/09/10 18:03:14] 发送(hex): 0d
[2026/09/10 18:03:14] 发送(hex): 20
[2026/09/10 18:03:14] <INTERRUPT>
[2026/09/10 18:03:14] =>
[2026/09/10 18:03:14] =>
[2026/09/10 18:03:14] 发送(hex): 03
[2026/09/10 18:03:14] 发送(hex): 0d
[2026/09/10 18:03:14] 发送(hex): 20
[2026/09/10 18:03:14] <INTERRUPT>
[2026/09/10 18:03:14] =>
[2026/09/10 18:03:14] =>
[2026/09/10 18:03:14] 发送(hex): 03
[2026/09/10 18:03:14] 发送(hex): 0d
[2026/09/10 18:03:14] <
[2026/09/10 18:03:14] 发送(hex): 20
[2026/09/10 18:03:14] INTERRUPT>
[2026/09/10 18:03:14] =>
[2026/09/10 18:03:14] =>
[2026/09/10 18:03:14] 发送(hex): 03
[2026/09/10 18:03:14] 发送(hex): 0d
[2026/09/10 18:03:14] 发送(hex): 20
[2026/09/10 18:03:14] <INTERRUPT>
[2026/09/10 18:03:14] =>
[2026/09/10 18:03:14] =>
[2026/09/10 18:03:14] 发送(hex): 03
[2026/09/10 18:03:14] 发送(hex): 0d
[2026/09/10 18:03:14] 发送(hex): 20
[2026/09/10 18:03:14] <INTERRUPT>
[2026/09/10 18:03:14] =>
[2026/09/10 18:03:14] =>
[2026/09/10 18:03:14] 发送(hex): 03
[2026/09/10 18:03:14] 发送(hex): 0d
[2026/09/10 18:03:14] 发送(hex): 20
[2026/09/10 18:03:14] <INTERRUPT>
[2026/09/10 18:03:14] =>
[2026/09/10 18:03:14] =>
[2026/09/10 18:03:14] 发送(hex): 03
[2026/09/10 18:03:14] 发送(hex): 0d
[2026/09/10 18:03:14] 发送(hex): 20
[2026/09/10 18:03:14] <INTERRUPT>
[2026/09/10 18:03:14] =>
[2026/09/10 18:03:14] =>
[2026/09/10 18:03:14] 发送(hex): 03
[2026/09/10 18:03:14] 发送(hex): 0d
[2026/09/10 18:03:14] 发送(hex): 20
[2026/09/10 18:03:14] <INTERRUPT>
[2026/09/10 18:03:14] =>
[2026/09/10 18:03:14] =>
[2026/09/10 18:03:14] 发送(hex): 03
[2026/09/10 18:03:14] 发送(hex): 0d
[2026/09/10 18:03:14] 发送(hex): 20
[2026/09/10 18:03:14] <INTERRUPT>
[2026/09/10 18:03:14] =>
[2026/09/10 18:03:14] =>
[2026/09/10 18:03:14] 发送(hex): 03
[2026/09/10 18:03:14] 发送(hex): 0d
[2026/09/10 18:03:14] 发送(hex): 20
[2026/09/10 18:03:14] <INTERRUPT>
[2026/09/10 18:03:14] =>
[2026/09/10 18:03:14] =>
[2026/09/10 18:03:14] 发送(hex): 03
[2026/09/10 18:03:14] 发送(hex): 0d
[2026/09/10 18:03:14] 发送(hex): 20
[2026/09/10 18:03:14] <INTERRUPT>
[2026/09/10 18:03:14] =>
[2026/09/10 18:03:14] =>
[2026/09/10 18:03:14] 发送(hex): 03
[2026/09/10 18:03:14] 发送(hex): 0d
[2026/09/10 18:03:14] 发送(hex): 20
[2026/09/10 18:03:14] <INTERRUPT>
[2026/09/10 18:03:14] =>
[2026/09/10 18:03:14] =>
[2026/09/10 18:03:14] 发送(hex): 03
[2026/09/10 18:03:14] 发送(hex): 0d
[2026/09/10 18:03:14] 发送(hex): 20
[2026/09/10 18:03:14] <INTERRUPT>
[2026/09/10 18:03:14] =>
[2026/09/10 18:03:14] =>
[2026/09/10 18:03:14] 发送(hex): 03
[2026/09/10 18:03:14] 发送(hex): 0d
[2026/09/10 18:03:14] 发送(hex): 20
[2026/09/10 18:03:14] <INTERRUPT>
[2026/09/10 18:03:14] =>
[2026/09/10 18:03:14] =>
[2026/09/10 18:03:14] 发送(hex): 03
[2026/09/10 18:03:14] 发送(hex): 0d
[2026/09/10 18:03:14] 发送(hex): 20
[2026/09/10 18:03:14] <INTERRUPT>
[2026/09/10 18:03:14] =>
[2026/09/10 18:03:14] =>
[2026/09/10 18:03:14] 发送(hex): 03
[2026/09/10 18:03:14] 发送(hex): 0d
[2026/09/10 18:03:14] 发送(hex): 20
[2026/09/10 18:03:14] <INTERRUPT>
[2026/09/10 18:03:14] =>
[2026/09/10 18:03:14] =>
[2026/09/10 18:03:14] 发送(hex): 03
[2026/09/10 18:03:14] 发送(hex): 0d
[2026/09/10 18:03:14] 发送(hex): 20
[2026/09/10 18:03:14] <INTERRUPT>
[2026/09/10 18:03:14] =>
[2026/09/10 18:03:14] =>
[2026/09/10 18:03:14] 发送(hex): 03
[2026/09/10 18:03:14] 发送(hex): 0d
[2026/09/10 18:03:14] 发送(hex): 20
[2026/09/10 18:03:14] <INTERRUPT>
[2026/09/10 18:03:14] =>
[2026/09/10 18:03:14] =>
[2026/09/10 18:03:14] 发送(hex): 03
[2026/09/10 18:03:14] 发送(hex): 0d
[2026/09/10 18:03:14] 发送(hex): 20
[2026/09/10 18:03:14] <INTERRUPT>
[2026/09/10 18:03:14] =>
[2026/09/10 18:03:14] =>
[2026/09/10 18:03:14] 发送(hex): 03
[2026/09/10 18:03:14] 发送(hex): 0d
[2026/09/10 18:03:14] 发送(hex): 20
[2026/09/10 18:03:14] <INTERRUPT>
[2026/09/10 18:03:14] =>
[2026/09/10 18:03:14] =>
[2026/09/10 18:03:14] 发送(hex): 03
[2026/09/10 18:03:14] 发送(hex): 0d
[2026/09/10 18:03:14] 发送(hex): 20
[2026/09/10 18:03:14] <INTERRUPT>
[2026/09/10 18:03:14] =>
[2026/09/10 18:03:14] =>
[2026/09/10 18:03:14] 发送(hex): 03
[2026/09/10 18:03:14] 发送(hex): 0d
[2026/09/10 18:03:14] 发送(hex): 20
[2026/09/10 18:03:14] <INTERRUPT>
[2026/09/10 18:03:14] =>
[2026/09/10 18:03:14] =>
[2026/09/10 18:03:14] 发送(hex): 03
[2026/09/10 18:03:14] 发送(hex): 0d
[2026/09/10 18:03:14] 发送(hex): 20
[2026/09/10 18:03:14] <INTERRUPT>
[2026/09/10 18:03:14] =>
[2026/09/10 18:03:14] =>
[2026/09/10 18:03:14] 发送(hex): 03
[2026/09/10 18:03:14] 发送(hex): 0d
[2026/09/10 18:03:14] 发送(hex): 20
[2026/09/10 18:03:14] <INTERRUPT>
[2026/09/10 18:03:14] =>
[2026/09/10 18:03:14] =>
[2026/09/10 18:03:14] 发送(hex): 03
[2026/09/10 18:03:14] 发送(hex): 0d
[2026/09/10 18:03:14] 发送(hex): 20
[2026/09/10 18:03:14] <INTERRUPT>
[2026/09/10 18:03:14] =>
[2026/09/10 18:03:14] =>
[2026/09/10 18:03:14] 发送(hex): 03
[2026/09/10 18:03:14] 发送(hex): 0d
[2026/09/10 18:03:14] <
[2026/09/10 18:03:14] 发送(hex): 20
[2026/09/10 18:03:14] INTERRUPT>
[2026/09/10 18:03:14] =>
[2026/09/10 18:03:14] =>
[2026/09/10 18:03:14] 发送(hex): 03
[2026/09/10 18:03:14] 发送(hex): 0d
[2026/09/10 18:03:14] 发送(hex): 20
[2026/09/10 18:03:14] <INTERRUPT>
[2026/09/10 18:03:14] =>
[2026/09/10 18:03:14] =>
[2026/09/10 18:03:14] 发送(hex): 03
[2026/09/10 18:03:14] 发送(hex): 0d
[2026/09/10 18:03:14] 发送(hex): 20
[2026/09/10 18:03:14] <INTERRUPT>
[2026/09/10 18:03:14] =>
[2026/09/10 18:03:14] =>
[2026/09/10 18:03:14] 发送(hex): 03
[2026/09/10 18:03:14] 发送(hex): 0d
[2026/09/10 18:03:14] 发送(hex): 20
[2026/09/10 18:03:14] <INTERRUPT>
[2026/09/10 18:03:14] =>
[2026/09/10 18:03:14] =>
[2026/09/10 18:03:14] 发送(hex): 03
[2026/09/10 18:03:14] 发送(hex): 0d
[2026/09/10 18:03:14] <INT
[2026/09/10 18:03:14] 发送(hex): 20
[2026/09/10 18:03:14] ERRUPT>
[2026/09/10 18:03:14] =>
[2026/09/10 18:03:14] =>
[2026/09/10 18:03:14] 发送(hex): 03
[2026/09/10 18:03:15] 发送(hex): 0d
[2026/09/10 18:03:15] <INTERR
[2026/09/10 18:03:15] 发送(hex): 20
[2026/09/10 18:03:15] UPT>
[2026/09/10 18:03:15] =>
[2026/09/10 18:03:15] =>
[2026/09/10 18:03:15] 发送(hex): 03
[2026/09/10 18:03:15] 发送(hex): 0d
[2026/09/10 18:03:15] <INTERR
[2026/09/10 18:03:15] 发送(hex): 20
[2026/09/10 18:03:15] UPT>
[2026/09/10 18:03:15] =>
[2026/09/10 18:03:15] =>
[2026/09/10 18:03:15] 发送(hex): 03
[2026/09/10 18:03:15] 发送(hex): 0d
[2026/09/10 18:03:15] <INTERRU
[2026/09/10 18:03:15] 发送(hex): 20
[2026/09/10 18:03:15] PT>
[2026/09/10 18:03:15] =>
[2026/09/10 18:03:15] =>
[2026/09/10 18:03:15] 发送(hex): 03
[2026/09/10 18:03:15] 发送(hex): 0d
[2026/09/10 18:03:15] <INTERRU
[2026/09/10 18:03:15] 发送(hex): 20
[2026/09/10 18:03:15] PT>
[2026/09/10 18:03:15] =>
[2026/09/10 18:03:15] =>
[2026/09/10 18:03:15] 发送(hex): 03
[2026/09/10 18:03:15] 发送(hex): 0d
[2026/09/10 18:03:15] <INTERRUP
[2026/09/10 18:03:15] 发送(hex): 20
[2026/09/10 18:03:15] T>
[2026/09/10 18:03:15] =>
[2026/09/10 18:03:15] =>
[2026/09/10 18:03:15] 发送(hex): 03
[2026/09/10 18:03:15] 发送(hex): 0d
[2026/09/10 18:03:15] <INTE
[2026/09/10 18:03:15] 发送(hex): 20
[2026/09/10 18:03:15] RRUPT>
[2026/09/10 18:03:15] =>
[2026/09/10 18:03:15] =>
[2026/09/10 18:03:15] 发送(hex): 03
[2026/09/10 18:03:15] 发送(hex): 0d
[2026/09/10 18:03:15] 发送(hex): 20
[2026/09/10 18:03:15] <INTERRUPT>
[2026/09/10 18:03:15] =>
[2026/09/10 18:03:15] =>
[2026/09/10 18:03:15] 发送(hex): 03
[2026/09/10 18:03:15] 发送(hex): 0d
[2026/09/10 18:03:15] 发送(hex): 20
[2026/09/10 18:03:15] <INTERRUPT>
[2026/09/10 18:03:15] =>
[2026/09/10 18:03:15] =>
[2026/09/10 18:03:15] 发送(hex): 03
[2026/09/10 18:03:15] 发送(hex): 0d
[2026/09/10 18:03:15] 发送(hex): 20
[2026/09/10 18:03:15] <INTERRUPT>
[2026/09/10 18:03:15] =>
[2026/09/10 18:03:15] =>
[2026/09/10 18:03:15] 发送(hex): 03
[2026/09/10 18:03:15] 发送(hex): 0d
[2026/09/10 18:03:15] <
[2026/09/10 18:03:15] 发送(hex): 20
[2026/09/10 18:03:15] INTERRUPT>
[2026/09/10 18:03:15] =>
[2026/09/10 18:03:15] =>
[2026/09/10 18:03:15] 发送(hex): 03
[2026/09/10 18:03:15] 发送(hex): 0d
[2026/09/10 18:03:15] 发送(hex): 20
[2026/09/10 18:03:15] <INTERRUPT>
[2026/09/10 18:03:15] =>
[2026/09/10 18:03:15] =>
[2026/09/10 18:03:15] 发送(hex): 03
[2026/09/10 18:03:15] 发送(hex): 0d
[2026/09/10 18:03:15] 发送(hex): 20
[2026/09/10 18:03:15] <INTERRUPT>
[2026/09/10 18:03:15] =>
[2026/09/10 18:03:15] =>
[2026/09/10 18:03:15] 发送(hex): 03
[2026/09/10 18:03:15] 发送(hex): 0d
[2026/09/10 18:03:15] 发送(hex): 20
[2026/09/10 18:03:15] <INTERRUPT>
[2026/09/10 18:03:15] =>
[2026/09/10 18:03:15] =>
[2026/09/10 18:03:15] 发送(hex): 03
[2026/09/10 18:03:15] 发送(hex): 0d
[2026/09/10 18:03:15] 发送(hex): 20
[2026/09/10 18:03:15] <INTERRUPT>
[2026/09/10 18:03:15] =>
[2026/09/10 18:03:15] =>
[2026/09/10 18:03:15] 发送(hex): 03
[2026/09/10 18:03:15] 发送(hex): 0d
[2026/09/10 18:03:15] 发送(hex): 20
[2026/09/10 18:03:15] <INTERRUPT>
[2026/09/10 18:03:15] =>
[2026/09/10 18:03:15] =>
[2026/09/10 18:03:15] 发送(hex): 03
[2026/09/10 18:03:15] 发送(hex): 0d
[2026/09/10 18:03:15] 发送(hex): 20
[2026/09/10 18:03:15] <INTERRUPT>
[2026/09/10 18:03:15] =>
[2026/09/10 18:03:15] =>
[2026/09/10 18:03:15] 发送(hex): 03
[2026/09/10 18:03:15] 发送(hex): 0d
[2026/09/10 18:03:15] 发送(hex): 20
[2026/09/10 18:03:15] <INTERRUPT>
[2026/09/10 18:03:15] =>
[2026/09/10 18:03:15] =>
[2026/09/10 18:03:15] 发送(hex): 03
[2026/09/10 18:03:15] 发送(hex): 0d
[2026/09/10 18:03:15] 发送(hex): 20
[2026/09/10 18:03:15] <INTERRUPT>
[2026/09/10 18:03:15] =>
[2026/09/10 18:03:15] =>
[2026/09/10 18:03:15] 发送(hex): 03
[2026/09/10 18:03:15] 发送(hex): 0d
[2026/09/10 18:03:15] 发送(hex): 20
[2026/09/10 18:03:15] <INTERRUPT>
[2026/09/10 18:03:15] =>
[2026/09/10 18:03:15] =>
[2026/09/10 18:03:15] 发送(hex): 03
[2026/09/10 18:03:15] 发送(hex): 0d
[2026/09/10 18:03:15] 发送(hex): 20
[2026/09/10 18:03:15] <INTERRUPT>
[2026/09/10 18:03:15] =>
[2026/09/10 18:03:15] =>
[2026/09/10 18:03:15] 发送(hex): 03
[2026/09/10 18:03:15] 发送(hex): 0d
[2026/09/10 18:03:15] 发送(hex): 20
[2026/09/10 18:03:15] <INTERRUPT>
[2026/09/10 18:03:15] =>
[2026/09/10 18:03:15] =>
[2026/09/10 18:03:15] 发送(hex): 03
[2026/09/10 18:03:15] 发送(hex): 0d
[2026/09/10 18:03:15] 发送(hex): 20
[2026/09/10 18:03:15] <INTERRUPT>
[2026/09/10 18:03:15] =>
[2026/09/10 18:03:15] =>
[2026/09/10 18:03:15] 发送(hex): 03
[2026/09/10 18:03:15] 发送(hex): 0d
[2026/09/10 18:03:15] 发送(hex): 20
[2026/09/10 18:03:15] <INTERRUPT>
[2026/09/10 18:03:15] =>
[2026/09/10 18:03:15] =>
[2026/09/10 18:03:15] 发送(hex): 03
[2026/09/10 18:03:15] 发送(hex): 0d
[2026/09/10 18:03:15] 发送(hex): 20
[2026/09/10 18:03:15] <INTERRUPT>
[2026/09/10 18:03:15] =>
[2026/09/10 18:03:15] =>
[2026/09/10 18:03:15] 发送(hex): 03
[2026/09/10 18:03:15] 发送(hex): 0d
[2026/09/10 18:03:15] 发送(hex): 20
[2026/09/10 18:03:15] <INTERRUPT>
[2026/09/10 18:03:15] =>
[2026/09/10 18:03:15] =>
[2026/09/10 18:03:15] 发送(hex): 03
[2026/09/10 18:03:15] 发送(hex): 0d
[2026/09/10 18:03:15] 发送(hex): 20
[2026/09/10 18:03:15] <INTERRUPT>
[2026/09/10 18:03:15] =>
[2026/09/10 18:03:15] =>
[2026/09/10 18:03:15] 发送(hex): 03
[2026/09/10 18:03:15] 发送(hex): 0d
[2026/09/10 18:03:15] 发送(hex): 20
[2026/09/10 18:03:15] <INTERRUPT>
[2026/09/10 18:03:15] =>
[2026/09/10 18:03:15] =>
[2026/09/10 18:03:15] 发送(hex): 03
[2026/09/10 18:03:15] 发送(hex): 0d
[2026/09/10 18:03:15] 发送(hex): 20
[2026/09/10 18:03:15] <INTERRUPT>
[2026/09/10 18:03:15] =>
[2026/09/10 18:03:15] =>
[2026/09/10 18:03:15] 发送(hex): 03
[2026/09/10 18:03:15] 发送(hex): 0d
[2026/09/10 18:03:15] 发送(hex): 20
[2026/09/10 18:03:15] <INTERRUPT>
[2026/09/10 18:03:15] =>
[2026/09/10 18:03:15] =>
[2026/09/10 18:03:15] 发送(hex): 03
[2026/09/10 18:03:15] 发送(hex): 0d
[2026/09/10 18:03:15] 发送(hex): 20
[2026/09/10 18:03:15] <INTERRUPT>
[2026/09/10 18:03:15] =>
[2026/09/10 18:03:15] =>
[2026/09/10 18:03:15] 发送(hex): 03
[2026/09/10 18:03:15] 发送(hex): 0d
[2026/09/10 18:03:15] 发送(hex): 20
[2026/09/10 18:03:15] <INTERRUPT>
[2026/09/10 18:03:15] =>
[2026/09/10 18:03:15] =>
[2026/09/10 18:03:15] 发送(hex): 03
[2026/09/10 18:03:16] 发送(hex): 0d
[2026/09/10 18:03:16] 发送(hex): 20
[2026/09/10 18:03:16] <INTERRUPT>
[2026/09/10 18:03:16] =>
[2026/09/10 18:03:16] =>
[2026/09/10 18:03:16] 发送(hex): 03
[2026/09/10 18:03:16] 发送(hex): 0d
[2026/09/10 18:03:16] 发送(hex): 20
[2026/09/10 18:03:16] <INTERRUPT>
[2026/09/10 18:03:16] =>
[2026/09/10 18:03:16] =>
[2026/09/10 18:03:16] 发送(hex): 03
[2026/09/10 18:03:16] 发送(hex): 0d
[2026/09/10 18:03:16] 发送(hex): 20
[2026/09/10 18:03:16] <INTERRUPT>
[2026/09/10 18:03:16] =>
[2026/09/10 18:03:16] =>
[2026/09/10 18:03:16] 发送(hex): 03
[2026/09/10 18:03:16] 发送(hex): 0d
[2026/09/10 18:03:16] 发送(hex): 20
[2026/09/10 18:03:16] <INTERRUPT>
[2026/09/10 18:03:16] =>
[2026/09/10 18:03:16] =>
[2026/09/10 18:03:16] 发送(hex): 03
[2026/09/10 18:03:16] 发送(hex): 0d
[2026/09/10 18:03:16] 发送(hex): 20
[2026/09/10 18:03:16] <INTERRUPT>
[2026/09/10 18:03:16] =>
[2026/09/10 18:03:16] =>
[2026/09/10 18:03:16] 发送(hex): 03
[2026/09/10 18:03:16] 发送(hex): 0d
[2026/09/10 18:03:16] 发送(hex): 20
[2026/09/10 18:03:16] <INTERRUPT>
[2026/09/10 18:03:16] =>
[2026/09/10 18:03:16] =>
[2026/09/10 18:03:16] 发送(hex): 03
[2026/09/10 18:03:16] 发送(hex): 0d
[2026/09/10 18:03:16] 发送(hex): 20
[2026/09/10 18:03:16] <INTERRUPT>
[2026/09/10 18:03:16] =>
[2026/09/10 18:03:16] =>
[2026/09/10 18:03:16] 发送(hex): 03
[2026/09/10 18:03:16] 发送(hex): 0d
[2026/09/10 18:03:16] 发送(hex): 20
[2026/09/10 18:03:16] <INTERRUPT>
[2026/09/10 18:03:16] =>
[2026/09/10 18:03:16] =>
[2026/09/10 18:03:16] 发送(hex): 03
[2026/09/10 18:03:16] 发送(hex): 0d
[2026/09/10 18:03:16] 发送(hex): 20
[2026/09/10 18:03:16] <INTERRUPT>
[2026/09/10 18:03:16] =>
[2026/09/10 18:03:16] =>
[2026/09/10 18:03:16] 发送(hex): 03
[2026/09/10 18:03:16] 发送(hex): 0d
[2026/09/10 18:03:16] 发送(hex): 20
[2026/09/10 18:03:16] <INTERRUPT>
[2026/09/10 18:03:16] =>
[2026/09/10 18:03:16] =>
[2026/09/10 18:03:16] 发送(hex): 03
[2026/09/10 18:03:16] 发送(hex): 0d
[2026/09/10 18:03:16] 发送(hex): 20
[2026/09/10 18:03:16] <INTERRUPT>
[2026/09/10 18:03:16] =>
[2026/09/10 18:03:16] =>
[2026/09/10 18:03:16] 发送(hex): 03
[2026/09/10 18:03:16] 发送(hex): 0d
[2026/09/10 18:03:16] 发送(hex): 20
[2026/09/10 18:03:16] <INTERRUPT>
[2026/09/10 18:03:16] =>
[2026/09/10 18:03:16] =>
[2026/09/10 18:03:16] 发送(hex): 03
[2026/09/10 18:03:16] 发送(hex): 0d
[2026/09/10 18:03:16] 发送(hex): 20
[2026/09/10 18:03:16] <INTERRUPT>
[2026/09/10 18:03:16] =>
[2026/09/10 18:03:16] =>
[2026/09/10 18:03:16] 发送(hex): 03
[2026/09/10 18:03:16] 发送(hex): 0d
[2026/09/10 18:03:16] 发送(hex): 20
[2026/09/10 18:03:16] <INTERRUPT>
[2026/09/10 18:03:16] =>
[2026/09/10 18:03:16] =>
[2026/09/10 18:03:16] 发送(hex): 03
[2026/09/10 18:03:16] 发送(hex): 0d
[2026/09/10 18:03:16] 发送(hex): 20
[2026/09/10 18:03:16] <INTERRUPT>
[2026/09/10 18:03:16] =>
[2026/09/10 18:03:16] =>
[2026/09/10 18:03:16] 发送(hex): 03
[2026/09/10 18:03:16] 发送(hex): 0d
[2026/09/10 18:03:16] 发送(hex): 20
[2026/09/10 18:03:16] <INTERRUPT>
[2026/09/10 18:03:16] =>
[2026/09/10 18:03:16] =>
[2026/09/10 18:03:16] 发送(hex): 03
[2026/09/10 18:03:16] 发送(hex): 0d
[2026/09/10 18:03:16] 发送(hex): 20
[2026/09/10 18:03:16] <INTERRUPT>
[2026/09/10 18:03:16] =>
[2026/09/10 18:03:16] =>
[2026/09/10 18:03:16] 发送(hex): 03
[2026/09/10 18:03:16] 发送(hex): 0d
[2026/09/10 18:03:16] 发送(hex): 20
[2026/09/10 18:03:16] <INTERRUPT>
[2026/09/10 18:03:16] =>
[2026/09/10 18:03:16] =>
[2026/09/10 18:03:16] 发送(hex): 03
[2026/09/10 18:03:16] 发送(hex): 0d
[2026/09/10 18:03:16] 发送(hex): 20
[2026/09/10 18:03:16] <INTERRUPT>
[2026/09/10 18:03:16] =>
[2026/09/10 18:03:16] =>
[2026/09/10 18:03:16] 发送(hex): 03
[2026/09/10 18:03:16] 发送(hex): 0d
[2026/09/10 18:03:16] 发送(hex): 20
[2026/09/10 18:03:16] <INTERRUPT>
[2026/09/10 18:03:16] =>
[2026/09/10 18:03:16] =>
[2026/09/10 18:03:16] 发送(hex): 03
[2026/09/10 18:03:16] 发送(hex): 0d
[2026/09/10 18:03:16] 发送(hex): 20
[2026/09/10 18:03:16] <INTERRUPT>
[2026/09/10 18:03:16] =>
[2026/09/10 18:03:16] =>
[2026/09/10 18:03:16] 发送(hex): 03
[2026/09/10 18:03:16] 发送(hex): 0d
[2026/09/10 18:03:16] 发送(hex): 20
[2026/09/10 18:03:16] <INTERRUPT>
[2026/09/10 18:03:16] =>
[2026/09/10 18:03:16] =>
[2026/09/10 18:03:16] 发送(hex): 03
[2026/09/10 18:03:16] 发送(hex): 0d
[2026/09/10 18:03:16] 发送(hex): 20
[2026/09/10 18:03:16] <INTERRUPT>
[2026/09/10 18:03:16] =>
[2026/09/10 18:03:16] =>
[2026/09/10 18:03:16] 发送(hex): 03
[2026/09/10 18:03:16] 发送(hex): 0d
[2026/09/10 18:03:16] 发送(hex): 20
[2026/09/10 18:03:16] <INTERRUPT>
[2026/09/10 18:03:16] =>
[2026/09/10 18:03:16] =>
[2026/09/10 18:03:16] 发送(hex): 03
[2026/09/10 18:03:16] 发送(hex): 0d
[2026/09/10 18:03:16] 发送(hex): 20
[2026/09/10 18:03:16] <INTERRUPT>
[2026/09/10 18:03:16] =>
[2026/09/10 18:03:16] =>
[2026/09/10 18:03:16] 发送(hex): 03
[2026/09/10 18:03:16] 发送(hex): 0d
[2026/09/10 18:03:16] 发送(hex): 20
[2026/09/10 18:03:16] <INTERRUPT>
[2026/09/10 18:03:16] =>
[2026/09/10 18:03:16] =>
[2026/09/10 18:03:16] 发送(hex): 03
[2026/09/10 18:03:16] 发送(hex): 0d
[2026/09/10 18:03:16] 发送(hex): 20
[2026/09/10 18:03:16] <INTERRUPT>
[2026/09/10 18:03:16] =>
[2026/09/10 18:03:16] =>
[2026/09/10 18:03:16] 发送(hex): 03
[2026/09/10 18:03:16] 发送(hex): 0d
[2026/09/10 18:03:16] 发送(hex): 20
[2026/09/10 18:03:16] <INTERRUPT>
[2026/09/10 18:03:16] =>
[2026/09/10 18:03:16] =>
[2026/09/10 18:03:16] 发送(hex): 03
[2026/09/10 18:03:16] 发送(hex): 0d
[2026/09/10 18:03:16] 发送(hex): 20
[2026/09/10 18:03:16] <INTERRUPT>
[2026/09/10 18:03:16] =>
[2026/09/10 18:03:16] =>
[2026/09/10 18:03:16] 发送(hex): 03
[2026/09/10 18:03:16] 发送(hex): 0d
[2026/09/10 18:03:16] 发送(hex): 20
[2026/09/10 18:03:16] <INTERRUPT>
[2026/09/10 18:03:16] =>
[2026/09/10 18:03:16] 发送(hex): 03
[2026/09/10 18:03:16] =>
[2026/09/10 18:03:16] 发送(hex): 0d
[2026/09/10 18:03:16] 发送(hex): 20
[2026/09/10 18:03:16] <INTERRUPT>
[2026/09/10 18:03:16] =>
[2026/09/10 18:03:16] 发送(hex): 03
[2026/09/10 18:03:16] =>
[2026/09/10 18:03:16] 发送(hex): 0d
[2026/09/10 18:03:17] 发送(hex): 20
[2026/09/10 18:03:17] <INTERRUPT>
[2026/09/10 18:03:17] =>
[2026/09/10 18:03:17] =
[2026/09/10 18:03:17] 发送(hex): 03
[2026/09/10 18:03:17] >
[2026/09/10 18:03:17] 发送(hex): 0d
[2026/09/10 18:03:17] 发送(hex): 20
[2026/09/10 18:03:17] <INTERRUPT>
[2026/09/10 18:03:17] =>
[2026/09/10 18:03:17] 发送(hex): 03
[2026/09/10 18:03:17] =>
[2026/09/10 18:03:17] 发送(hex): 0d
[2026/09/10 18:03:17] <INTERRUPT>
[2026/09/10 18:03:17] =>
[2026/09/10 18:03:17] 发送(hex): 20
[2026/09/10 18:03:17] 发送(hex): 03
[2026/09/10 18:03:17] =>
[2026/09/10 18:03:17] 发送(hex): 0d
[2026/09/10 18:03:17] <INTERRUPT>
[2026/09/10 18:03:17] =>
[2026/09/10 18:03:17] 发送(hex): 20
[2026/09/10 18:03:17] 发送(hex): 03
[2026/09/10 18:03:17] =>
[2026/09/10 18:03:17] 发送(hex): 0d
[2026/09/10 18:03:17] <INTERRUPT>
[2026/09/10 18:03:17] =>
[2026/09/10 18:03:17] 发送(hex): 20
[2026/09/10 18:03:17] 发送(hex): 03
[2026/09/10 18:03:17] =>
[2026/09/10 18:03:17] 发送(hex): 0d
[2026/09/10 18:03:17] <INTERRUPT>
[2026/09/10 18:03:17] =>
[2026/09/10 18:03:17] 发送(hex): 20
[2026/09/10 18:03:17] 发送(hex): 03
[2026/09/10 18:03:17] =>
[2026/09/10 18:03:17] 发送(hex): 0d
[2026/09/10 18:03:17] <INTERRUPT>
[2026/09/10 18:03:17] =>
[2026/09/10 18:03:17] 发送(hex): 20
[2026/09/10 18:03:17] 发送(hex): 03
[2026/09/10 18:03:17] =>
[2026/09/10 18:03:17] 发送(hex): 0d
[2026/09/10 18:03:17] <INTERRUPT>
[2026/09/10 18:03:17] =>
[2026/09/10 18:03:17] 发送(hex): 20
[2026/09/10 18:03:17] 发送(hex): 03
[2026/09/10 18:03:17] =>
[2026/09/10 18:03:17] 发送(hex): 0d
[2026/09/10 18:03:17] <INTERRUPT>
[2026/09/10 18:03:17] =>
[2026/09/10 18:03:17] 发送(hex): 20
[2026/09/10 18:03:17] 发送(hex): 03
[2026/09/10 18:03:17] =>
[2026/09/10 18:03:17] 发送(hex): 0d
[2026/09/10 18:03:17] <INTERRUPT>
[2026/09/10 18:03:17] =>
[2026/09/10 18:03:17] 发送(hex): 20
[2026/09/10 18:03:17] 发送(hex): 03
[2026/09/10 18:03:17] =>
[2026/09/10 18:03:17] 发送(hex): 0d
[2026/09/10 18:03:17] <INTERRUPT>
[2026/09/10 18:03:17] =>
[2026/09/10 18:03:17] 发送(hex): 20
[2026/09/10 18:03:17] 发送(hex): 03
[2026/09/10 18:03:17] =>
[2026/09/10 18:03:17] 发送(hex): 0d
[2026/09/10 18:03:17] <INTERRUPT>
[2026/09/10 18:03:17] =>
[2026/09/10 18:03:17] 发送(hex): 20
[2026/09/10 18:03:17] 发送(hex): 03
[2026/09/10 18:03:17] =>
[2026/09/10 18:03:17] 发送(hex): 0d
[2026/09/10 18:03:17] <INTERRUPT>
[2026/09/10 18:03:17] =>
[2026/09/10 18:03:17] 发送(hex): 20
[2026/09/10 18:03:17] 发送(hex): 03
[2026/09/10 18:03:17] =>
[2026/09/10 18:03:17] 发送(hex): 0d
[2026/09/10 18:03:17] <INTERRUPT>
[2026/09/10 18:03:17] =>
[2026/09/10 18:03:17] 发送(hex): 20
[2026/09/10 18:03:17] 发送(hex): 03
[2026/09/10 18:03:17] =>
[2026/09/10 18:03:17] 发送(hex): 0d
[2026/09/10 18:03:17] <INTERRUPT>
[2026/09/10 18:03:17] =>
[2026/09/10 18:03:17] 发送(hex): 20
[2026/09/10 18:03:17] 发送(hex): 03
[2026/09/10 18:03:17] =>
[2026/09/10 18:03:17] 发送(hex): 0d
[2026/09/10 18:03:17] <INTERRUPT>
[2026/09/10 18:03:17] =>
[2026/09/10 18:03:17] 发送(hex): 20
[2026/09/10 18:03:17] 发送(hex): 03
[2026/09/10 18:03:17] =>
[2026/09/10 18:03:17] 发送(hex): 0d
[2026/09/10 18:03:17] <INTERRUPT>
[2026/09/10 18:03:17] =>
[2026/09/10 18:03:17] 发送(hex): 20
[2026/09/10 18:03:17] 发送(hex): 03
[2026/09/10 18:03:17] =>
[2026/09/10 18:03:17] 发送(hex): 0d
[2026/09/10 18:03:17] <INTERRUPT>
[2026/09/10 18:03:17] =>
[2026/09/10 18:03:17] 发送(hex): 20
[2026/09/10 18:03:17] 发送(hex): 03
[2026/09/10 18:03:17] =>
[2026/09/10 18:03:17] 发送(hex): 0d
[2026/09/10 18:03:17] <INTERRUPT>
[2026/09/10 18:03:17] =>
[2026/09/10 18:03:17] 发送(hex): 20
[2026/09/10 18:03:17] 发送(hex): 03
[2026/09/10 18:03:17] =>
[2026/09/10 18:03:17] 发送(hex): 0d
[2026/09/10 18:03:17] <INTERRUPT>
[2026/09/10 18:03:17] =>
[2026/09/10 18:03:17] 发送(hex): 20
[2026/09/10 18:03:17] 发送(hex): 03
[2026/09/10 18:03:17] =>
[2026/09/10 18:03:17] 发送(hex): 0d
[2026/09/10 18:03:17] <INTERRUPT>
[2026/09/10 18:03:17] =>
[2026/09/10 18:03:17] 发送(hex): 20
[2026/09/10 18:03:17] 发送(hex): 03
[2026/09/10 18:03:17] =>
[2026/09/10 18:03:17] 发送(hex): 0d
[2026/09/10 18:03:17] <INTERRUPT>
[2026/09/10 18:03:17] =>
[2026/09/10 18:03:17] 发送(hex): 20
[2026/09/10 18:03:17] 发送(hex): 03
[2026/09/10 18:03:17] =>
[2026/09/10 18:03:17] 发送(hex): 0d
[2026/09/10 18:03:17] <INTERRUPT>
[2026/09/10 18:03:17] =>
[2026/09/10 18:03:17] 发送(hex): 20
[2026/09/10 18:03:17] 发送(hex): 03
[2026/09/10 18:03:17] =>
[2026/09/10 18:03:17] 发送(hex): 0d
[2026/09/10 18:03:17] <INTERRUPT>
[2026/09/10 18:03:17] =>
[2026/09/10 18:03:17] 发送(hex): 20
[2026/09/10 18:03:17] 发送(hex): 03
[2026/09/10 18:03:17] =>
[2026/09/10 18:03:17] 发送(hex): 0d
[2026/09/10 18:03:17] <INTERRUPT>
[2026/09/10 18:03:17] =>
[2026/09/10 18:03:17] 发送(hex): 20
[2026/09/10 18:03:17] 发送(hex): 03
[2026/09/10 18:03:17] =>
[2026/09/10 18:03:17] 发送(hex): 0d
[2026/09/10 18:03:17] <INTERRUPT>
[2026/09/10 18:03:17] =>
[2026/09/10 18:03:17] 发送(hex): 20
[2026/09/10 18:03:17] 发送(hex): 03
[2026/09/10 18:03:17] =>
[2026/09/10 18:03:17] 发送(hex): 0d
[2026/09/10 18:03:17] <INTERRUPT>
[2026/09/10 18:03:17] =>
[2026/09/10 18:03:17] 发送(hex): 20
[2026/09/10 18:03:17] 发送(hex): 03
[2026/09/10 18:03:17] =>
[2026/09/10 18:03:17] 发送(hex): 0d
[2026/09/10 18:03:17] <INTERRUPT>
[2026/09/10 18:03:17] =>
[2026/09/10 18:03:17] 发送(hex): 20
[2026/09/10 18:03:17] 发送(hex): 03
[2026/09/10 18:03:17] =>
[2026/09/10 18:03:17] 发送(hex): 0d
[2026/09/10 18:03:17] <INTERRUPT>
[2026/09/10 18:03:17] =>
[2026/09/10 18:03:17] 发送(hex): 20
[2026/09/10 18:03:17] 发送(hex): 03
[2026/09/10 18:03:17] =>
[2026/09/10 18:03:17] 发送(hex): 0d
[2026/09/10 18:03:17] <INTERRUPT>
[2026/09/10 18:03:17] =>
[2026/09/10 18:03:17] 发送(hex): 20
[2026/09/10 18:03:17] 发送(hex): 03
[2026/09/10 18:03:17] =>
[2026/09/10 18:03:17] 发送(hex): 0d
[2026/09/10 18:03:17] <INTERRUPT>
[2026/09/10 18:03:17] =>
[2026/09/10 18:03:17] 发送(hex): 20
[2026/09/10 18:03:17] 发送(hex): 03
[2026/09/10 18:03:17] =>
[2026/09/10 18:03:17] 发送(hex): 0d
[2026/09/10 18:03:17] <INTERRUPT>
[2026/09/10 18:03:17] =>
[2026/09/10 18:03:18] 发送(hex): 20
[2026/09/10 18:03:18] 发送(hex): 03
[2026/09/10 18:03:18] =>
[2026/09/10 18:03:18] 发送(hex): 0d
[2026/09/10 18:03:18] <INTERRUPT>
[2026/09/10 18:03:18] =>
[2026/09/10 18:03:18] 发送(hex): 20
[2026/09/10 18:03:18] 发送(hex): 03
[2026/09/10 18:03:18] =>
[2026/09/10 18:03:18] 发送(hex): 0d
[2026/09/10 18:03:18] <INTERRUPT>
[2026/09/10 18:03:18] =>
[2026/09/10 18:03:18] 发送(hex): 20
[2026/09/10 18:03:18] 发送(hex): 03
[2026/09/10 18:03:18] =>
[2026/09/10 18:03:18] 发送(hex): 0d
[2026/09/10 18:03:18] <INTERRUPT>
[2026/09/10 18:03:18] =>
[2026/09/10 18:03:18] 发送(hex): 20
[2026/09/10 18:03:18] 发送(hex): 03
[2026/09/10 18:03:18] =>
[2026/09/10 18:03:18] 发送(hex): 0d
[2026/09/10 18:03:18] <INTERRUPT>
[2026/09/10 18:03:18] =>
[2026/09/10 18:03:18] 发送(hex): 20
[2026/09/10 18:03:18] 发送(hex): 03
[2026/09/10 18:03:18] =>
[2026/09/10 18:03:18] 发送(hex): 0d
[2026/09/10 18:03:18] <INTERRUPT>
[2026/09/10 18:03:18] =>
[2026/09/10 18:03:18] 发送(hex): 20
[2026/09/10 18:03:18] 发送(hex): 03
[2026/09/10 18:03:18] =>
[2026/09/10 18:03:18] 发送(hex): 0d
[2026/09/10 18:03:18] <INTERRUPT>
[2026/09/10 18:03:18] =>
[2026/09/10 18:03:18] 发送(hex): 20
[2026/09/10 18:03:18] 发送(hex): 03
[2026/09/10 18:03:18] =>
[2026/09/10 18:03:18] 发送(hex): 0d
[2026/09/10 18:03:18] <INTERRUPT>
[2026/09/10 18:03:18] =>
[2026/09/10 18:03:18] 发送(hex): 20
[2026/09/10 18:03:18] 发送(hex): 03
[2026/09/10 18:03:18] =>
[2026/09/10 18:03:18] 发送(hex): 0d
[2026/09/10 18:03:18] <INTERRUPT>
[2026/09/10 18:03:18] =>
[2026/09/10 18:03:18] 发送(hex): 20
[2026/09/10 18:03:18] 发送(hex): 03
[2026/09/10 18:03:18] =>
[2026/09/10 18:03:18] 发送(hex): 0d
[2026/09/10 18:03:18] <INTERRUPT>
[2026/09/10 18:03:18] =>
[2026/09/10 18:03:18] 发送(hex): 20
[2026/09/10 18:03:18] 发送(hex): 03
[2026/09/10 18:03:18] =>
[2026/09/10 18:03:18] 发送(hex): 0d
[2026/09/10 18:03:18] <INTERRUPT>
[2026/09/10 18:03:18] =>
[2026/09/10 18:03:18] 发送(hex): 20
[2026/09/10 18:03:18] 发送(hex): 03
[2026/09/10 18:03:18] =>
[2026/09/10 18:03:18] 发送(hex): 0d
[2026/09/10 18:03:18] <INTERRUPT>
[2026/09/10 18:03:18] =>
[2026/09/10 18:03:18] 发送(hex): 20
[2026/09/10 18:03:18] 发送(hex): 03
[2026/09/10 18:03:18] =>
[2026/09/10 18:03:18] 发送(hex): 0d
[2026/09/10 18:03:18] <INTERRUPT>
[2026/09/10 18:03:18] =>
[2026/09/10 18:03:18] 发送(hex): 20
[2026/09/10 18:03:18] =>
[2026/09/10 18:03:18] 发送(hex): 03
[2026/09/10 18:03:18] 发送(hex): 0d
[2026/09/10 18:03:18] <INTERRUPT>
[2026/09/10 18:03:18] =>
[2026/09/10 18:03:18] 发送(hex): 20
[2026/09/10 18:03:18] =>
[2026/09/10 18:03:18] 发送(hex): 03
[2026/09/10 18:03:18] 发送(hex): 0d
[2026/09/10 18:03:18] <INTERRUPT>
[2026/09/10 18:03:18] =>
[2026/09/10 18:03:18] 发送(hex): 20
[2026/09/10 18:03:18] =>
[2026/09/10 18:03:18] 发送(hex): 03
[2026/09/10 18:03:18] 发送(hex): 0d
[2026/09/10 18:03:18] <INTERRUPT>
[2026/09/10 18:03:18] =>
[2026/09/10 18:03:18] 发送(hex): 20
[2026/09/10 18:03:18] =>
[2026/09/10 18:03:18] 发送(hex): 03
[2026/09/10 18:03:18] 发送(hex): 0d
[2026/09/10 18:03:18] <INTERRUPT>
[2026/09/10 18:03:18] =>
[2026/09/10 18:03:18] 发送(hex): 20
[2026/09/10 18:03:18] =>
[2026/09/10 18:03:18] 发送(hex): 03
[2026/09/10 18:03:18] 发送(hex): 0d
[2026/09/10 18:03:18] <INTERRUPT>
[2026/09/10 18:03:18] =>
[2026/09/10 18:03:18] 发送(hex): 20
[2026/09/10 18:03:18] =>
[2026/09/10 18:03:18] 发送(hex): 03
[2026/09/10 18:03:18] 发送(hex): 0d
[2026/09/10 18:03:18] <INTERRUPT>
[2026/09/10 18:03:18] =>
[2026/09/10 18:03:18] 发送(hex): 20
[2026/09/10 18:03:18] =>
[2026/09/10 18:03:18] 发送(hex): 03
[2026/09/10 18:03:18] 发送(hex): 0d
[2026/09/10 18:03:18] <INTERRUPT>
[2026/09/10 18:03:18] =>
[2026/09/10 18:03:18] 发送(hex): 20
[2026/09/10 18:03:18] =>
[2026/09/10 18:03:18] 发送(hex): 03
[2026/09/10 18:03:18] 发送(hex): 0d
[2026/09/10 18:03:18] <INTERRUPT>
[2026/09/10 18:03:18] =>
[2026/09/10 18:03:18] 发送(hex): 20
[2026/09/10 18:03:18] =>
[2026/09/10 18:03:18] 发送(hex): 03
[2026/09/10 18:03:18] 发送(hex): 0d
[2026/09/10 18:03:18] <INTERRUPT>
[2026/09/10 18:03:18] =>
[2026/09/10 18:03:18] 发送(hex): 20
[2026/09/10 18:03:18] =>
[2026/09/10 18:03:18] 发送(hex): 03
[2026/09/10 18:03:18] 发送(hex): 0d
[2026/09/10 18:03:18] <INTERRUPT>
[2026/09/10 18:03:18] =>
[2026/09/10 18:03:18] 发送(hex): 20
[2026/09/10 18:03:18] =>
[2026/09/10 18:03:18] 发送(hex): 03
[2026/09/10 18:03:18] 发送(hex): 0d
[2026/09/10 18:03:18] <INTERRUPT>
[2026/09/10 18:03:18] =>
[2026/09/10 18:03:18] 发送(hex): 20
[2026/09/10 18:03:18] =>
[2026/09/10 18:03:18] 发送(hex): 03
[2026/09/10 18:03:18] 发送(hex): 0d
[2026/09/10 18:03:18] <INTERRUPT>
[2026/09/10 18:03:18] =>
[2026/09/10 18:03:18] 发送(hex): 20
[2026/09/10 18:03:18] =>
[2026/09/10 18:03:18] 发送(hex): 03
[2026/09/10 18:03:18] 发送(hex): 0d
[2026/09/10 18:03:18] <INTERRUPT>
[2026/09/10 18:03:18] =>
[2026/09/10 18:03:18] 发送(hex): 20
[2026/09/10 18:03:18] =>
[2026/09/10 18:03:18] 发送(hex): 03
[2026/09/10 18:03:18] 发送(hex): 0d
[2026/09/10 18:03:18] <INTERRUPT>
[2026/09/10 18:03:18] =>
[2026/09/10 18:03:18] 发送(hex): 20
[2026/09/10 18:03:18] =>
[2026/09/10 18:03:18] 发送(hex): 03
[2026/09/10 18:03:18] 发送(hex): 0d
[2026/09/10 18:03:18] <INTERRUPT>
[2026/09/10 18:03:18] =>
[2026/09/10 18:03:18] 发送(hex): 20
[2026/09/10 18:03:18] =>
[2026/09/10 18:03:18] 发送(hex): 03
[2026/09/10 18:03:18] 发送(hex): 0d
[2026/09/10 18:03:18] <INTERRUPT>
[2026/09/10 18:03:18] =>
[2026/09/10 18:03:18] 发送(hex): 20
[2026/09/10 18:03:18] =>
[2026/09/10 18:03:18] 发送(hex): 03
[2026/09/10 18:03:18] 发送(hex): 0d
[2026/09/10 18:03:18] <INTERRUPT>
[2026/09/10 18:03:18] =>
[2026/09/10 18:03:18] 发送(hex): 20
[2026/09/10 18:03:18] =>
[2026/09/10 18:03:18] 发送(hex): 03
[2026/09/10 18:03:18] 发送(hex): 0d
[2026/09/10 18:03:18] <INTERRUPT>
[2026/09/10 18:03:18] =>
[2026/09/10 18:03:18] 发送(hex): 20
[2026/09/10 18:03:18] =>
[2026/09/10 18:03:18] 发送(hex): 03
[2026/09/10 18:03:18] 发送(hex): 0d
[2026/09/10 18:03:18] <INTERRUPT>
[2026/09/10 18:03:18] =>
[2026/09/10 18:03:18] 发送(hex): 20
[2026/09/10 18:03:18] =>
[2026/09/10 18:03:19] 发送(hex): 03
[2026/09/10 18:03:19] 发送(hex): 0d
[2026/09/10 18:03:19] <INTERRUPT>
[2026/09/10 18:03:19] =>
[2026/09/10 18:03:19] 发送(hex): 20
[2026/09/10 18:03:19] =>
[2026/09/10 18:03:19] 发送(hex): 03
[2026/09/10 18:03:19] 发送(hex): 0d
[2026/09/10 18:03:19] <INTERRUPT>
[2026/09/10 18:03:19] =>
[2026/09/10 18:03:19] 发送(hex): 20
[2026/09/10 18:03:19] =>
[2026/09/10 18:03:19] 发送(hex): 03
[2026/09/10 18:03:19] 发送(hex): 0d
[2026/09/10 18:03:19] <INTERRUPT>
[2026/09/10 18:03:19] =>
[2026/09/10 18:03:19] 发送(hex): 20
[2026/09/10 18:03:19] =>
[2026/09/10 18:03:19] 发送(hex): 03
[2026/09/10 18:03:19] 发送(hex): 0d
[2026/09/10 18:03:19] <INTERRUPT>
[2026/09/10 18:03:19] =>
[2026/09/10 18:03:19] 发送(hex): 20
[2026/09/10 18:03:19] =>
[2026/09/10 18:03:19] 发送(hex): 03
[2026/09/10 18:03:19] 发送(hex): 0d
[2026/09/10 18:03:19] <INTERRUPT>
[2026/09/10 18:03:19] =>
[2026/09/10 18:03:19] 发送(hex): 20
[2026/09/10 18:03:19] =>
[2026/09/10 18:03:19] 发送(hex): 03
[2026/09/10 18:03:19] 发送(hex): 0d
[2026/09/10 18:03:19] <INTERRUPT>
[2026/09/10 18:03:19] =
[2026/09/10 18:03:19] 发送(hex): 20
[2026/09/10 18:03:19] >
[2026/09/10 18:03:19] =>
[2026/09/10 18:03:19] 发送(hex): 03
[2026/09/10 18:03:19] 发送(hex): 0d
[2026/09/10 18:03:19] <INTERRUPT>
[2026/09/10 18:03:19] =>
[2026/09/10 18:03:19] 发送(hex): 20
[2026/09/10 18:03:19] =>
[2026/09/10 18:03:19] 发送(hex): 03
[2026/09/10 18:03:19] 发送(hex): 0d
[2026/09/10 18:03:19] <INTERRUPT>
[2026/09/10 18:03:19] 发送(hex): 20
[2026/09/10 18:03:19] =>
[2026/09/10 18:03:19] =>
[2026/09/10 18:03:19] 发送(hex): 03
[2026/09/10 18:03:19] 发送(hex): 0d
[2026/09/10 18:03:19] <INTERRUPT>
[2026/09/10 18:03:19] 发送(hex): 20
[2026/09/10 18:03:19] =>
[2026/09/10 18:03:19] =>
[2026/09/10 18:03:19] 发送(hex): 03
[2026/09/10 18:03:19] 发送(hex): 0d
[2026/09/10 18:03:19] <INTERRUPT>
[2026/09/10 18:03:19] =>
[2026/09/10 18:03:19] 发送(hex): 20
[2026/09/10 18:03:19] =>
[2026/09/10 18:03:19] 发送(hex): 03
[2026/09/10 18:03:19] 发送(hex): 0d
[2026/09/10 18:03:19] <INTERRUPT>
[2026/09/10 18:03:19] =>
[2026/09/10 18:03:19] 发送(hex): 20
[2026/09/10 18:03:19] =>
[2026/09/10 18:03:19] 发送(hex): 03
[2026/09/10 18:03:19] 发送(hex): 0d
[2026/09/10 18:03:19] <INTERRUPT>
[2026/09/10 18:03:19] =>
[2026/09/10 18:03:19] 发送(hex): 20
[2026/09/10 18:03:19] =>
[2026/09/10 18:03:19] 发送(hex): 03
[2026/09/10 18:03:19] 发送(hex): 0d
[2026/09/10 18:03:19] <INTERRUPT>
[2026/09/10 18:03:19] =>
[2026/09/10 18:03:19] 发送(hex): 20
[2026/09/10 18:03:19] =>
[2026/09/10 18:03:19] 发送(hex): 03
[2026/09/10 18:03:19] 发送(hex): 0d
[2026/09/10 18:03:19] <INTERRUPT>
[2026/09/10 18:03:19] =>
[2026/09/10 18:03:19] 发送(hex): 20
[2026/09/10 18:03:19] =>
[2026/09/10 18:03:19] 发送(hex): 03
[2026/09/10 18:03:19] 发送(hex): 0d
[2026/09/10 18:03:19] <INTERRUPT>
[2026/09/10 18:03:19] =>
[2026/09/10 18:03:19] 发送(hex): 20
[2026/09/10 18:03:19] =>
[2026/09/10 18:03:19] 发送(hex): 03
[2026/09/10 18:03:19] 发送(hex): 0d
[2026/09/10 18:03:19] <INTERRUPT>
[2026/09/10 18:03:19] =>
[2026/09/10 18:03:19] 发送(hex): 20
[2026/09/10 18:03:19] =>
[2026/09/10 18:03:19] 发送(hex): 03
[2026/09/10 18:03:19] 发送(hex): 0d
[2026/09/10 18:03:19] <INTERRUPT>
[2026/09/10 18:03:19] =>
[2026/09/10 18:03:19] 发送(hex): 20
[2026/09/10 18:03:19] =>
[2026/09/10 18:03:19] 发送(hex): 03
[2026/09/10 18:03:19] 发送(hex): 0d
[2026/09/10 18:03:19] <INTERRUPT>
[2026/09/10 18:03:19] =>
[2026/09/10 18:03:19] 发送(hex): 20
[2026/09/10 18:03:19] =>
[2026/09/10 18:03:19] 发送(hex): 03
[2026/09/10 18:03:19] 发送(hex): 0d
[2026/09/10 18:03:19] <INTERRUPT>
[2026/09/10 18:03:19] =>
[2026/09/10 18:03:19] 发送(hex): 20
[2026/09/10 18:03:19] =>
[2026/09/10 18:03:19] 发送(hex): 03
[2026/09/10 18:03:19] 发送(hex): 0d
[2026/09/10 18:03:19] <INTERRUPT>
[2026/09/10 18:03:19] =>
[2026/09/10 18:03:19] 发送(hex): 20
[2026/09/10 18:03:19] =>
[2026/09/10 18:03:19] 发送(hex): 03
[2026/09/10 18:03:19] 发送(hex): 0d
[2026/09/10 18:03:19] <INTERRUPT>
[2026/09/10 18:03:19] =>
[2026/09/10 18:03:19] 发送(hex): 20
[2026/09/10 18:03:19] =>
[2026/09/10 18:03:19] 发送(hex): 03
[2026/09/10 18:03:19] 发送(hex): 0d
[2026/09/10 18:03:19] <INTERRUPT>
[2026/09/10 18:03:19] =>
[2026/09/10 18:03:19] 发送(hex): 20
[2026/09/10 18:03:19] =>
[2026/09/10 18:03:19] 发送(hex): 03
[2026/09/10 18:03:19] 发送(hex): 0d
[2026/09/10 18:03:19] <INTERRUPT>
[2026/09/10 18:03:19] =>
[2026/09/10 18:03:19] 发送(hex): 20
[2026/09/10 18:03:19] =>
[2026/09/10 18:03:19] 发送(hex): 03
[2026/09/10 18:03:19] 发送(hex): 0d
[2026/09/10 18:03:19] <INTERRUPT>
[2026/09/10 18:03:19] =>
[2026/09/10 18:03:19] 发送(hex): 20
[2026/09/10 18:03:19] =>
[2026/09/10 18:03:19] 发送(hex): 03
[2026/09/10 18:03:19] 发送(hex): 0d
[2026/09/10 18:03:19] <INTERRUPT>
[2026/09/10 18:03:19] =>
[2026/09/10 18:03:19] 发送(hex): 20
[2026/09/10 18:03:19] =>
[2026/09/10 18:03:19] 发送(hex): 03
[2026/09/10 18:03:19] 发送(hex): 0d
[2026/09/10 18:03:19] <INTERRUPT>
[2026/09/10 18:03:19] =>
[2026/09/10 18:03:19] 发送(hex): 20
[2026/09/10 18:03:19] =>
[2026/09/10 18:03:19] 发送(hex): 03
[2026/09/10 18:03:19] 发送(hex): 0d
[2026/09/10 18:03:19] <INTERRUPT>
[2026/09/10 18:03:19] =>
[2026/09/10 18:03:19] 发送(hex): 20
[2026/09/10 18:03:19] =>
[2026/09/10 18:03:19] 发送(hex): 03
[2026/09/10 18:03:19] 发送(hex): 0d
[2026/09/10 18:03:19] <INTERRUPT>
[2026/09/10 18:03:19] =>
[2026/09/10 18:03:19] 发送(hex): 20
[2026/09/10 18:03:19] =>
[2026/09/10 18:03:19] 发送(hex): 03
[2026/09/10 18:03:19] 发送(hex): 0d
[2026/09/10 18:03:19] <INTERRUPT>
[2026/09/10 18:03:19] =>
[2026/09/10 18:03:19] 发送(hex): 20
[2026/09/10 18:03:19] 发送(hex): 03
[2026/09/10 18:03:19] =>
[2026/09/10 18:03:19] 发送(hex): 0d
[2026/09/10 18:03:19] <INTERRUPT>
[2026/09/10 18:03:19] =>
[2026/09/10 18:03:19] 发送(hex): 20
[2026/09/10 18:03:19] 发送(hex): 03
[2026/09/10 18:03:19] =>
[2026/09/10 18:03:19] 发送(hex): 0d
[2026/09/10 18:03:19] <INTERRUPT>
[2026/09/10 18:03:19] =>
[2026/09/10 18:03:19] 发送(hex): 20
[2026/09/10 18:03:19] 发送(hex): 03
[2026/09/10 18:03:19] =>
[2026/09/10 18:03:20] 发送(hex): 0d
[2026/09/10 18:03:20] <INTERRUPT>
[2026/09/10 18:03:20] =>
[2026/09/10 18:03:20] 发送(hex): 20
[2026/09/10 18:03:20] 发送(hex): 03
[2026/09/10 18:03:20] =>
[2026/09/10 18:03:20] 发送(hex): 0d
[2026/09/10 18:03:20] <INTERRUPT>
[2026/09/10 18:03:20] =>
[2026/09/10 18:03:20] 发送(hex): 20
[2026/09/10 18:03:20] 发送(hex): 03
[2026/09/10 18:03:20] =>
[2026/09/10 18:03:20] 发送(hex): 0d
[2026/09/10 18:03:20] <INTERRUPT>
[2026/09/10 18:03:20] =>
[2026/09/10 18:03:20] 发送(hex): 20
[2026/09/10 18:03:20] 发送(hex): 03
[2026/09/10 18:03:20] =>
[2026/09/10 18:03:20] 发送(hex): 0d
[2026/09/10 18:03:20] <INTERRUPT>
[2026/09/10 18:03:20] =>
[2026/09/10 18:03:20] 发送(hex): 20
[2026/09/10 18:03:20] 发送(hex): 03
[2026/09/10 18:03:20] =>
[2026/09/10 18:03:20] 发送(hex): 0d
[2026/09/10 18:03:20] <INTERRUPT>
[2026/09/10 18:03:20] =>
[2026/09/10 18:03:20] 发送(hex): 20
[2026/09/10 18:03:20] 发送(hex): 03
[2026/09/10 18:03:20] =>
[2026/09/10 18:03:20] 发送(hex): 0d
[2026/09/10 18:03:20] <INTERRUPT>
[2026/09/10 18:03:20] =>
[2026/09/10 18:03:20] 发送(hex): 20
[2026/09/10 18:03:20] 发送(hex): 03
[2026/09/10 18:03:20] =>
[2026/09/10 18:03:20] 发送(hex): 0d
[2026/09/10 18:03:20] <INTERRUPT>
[2026/09/10 18:03:20] =>
[2026/09/10 18:03:20] 发送(hex): 20
[2026/09/10 18:03:20] 发送(hex): 03
[2026/09/10 18:03:20] =>
[2026/09/10 18:03:20] 发送(hex): 0d
[2026/09/10 18:03:20] <INTERRUPT>
[2026/09/10 18:03:20] =>
[2026/09/10 18:03:20] 发送(hex): 20
[2026/09/10 18:03:20] 发送(hex): 03
[2026/09/10 18:03:20] =>
[2026/09/10 18:03:20] 发送(hex): 0d
[2026/09/10 18:03:20] <INTERRUPT>
[2026/09/10 18:03:20] =>
[2026/09/10 18:03:20] 发送(hex): 20
[2026/09/10 18:03:20] 发送(hex): 03
[2026/09/10 18:03:20] =>
[2026/09/10 18:03:20] 发送(hex): 0d
[2026/09/10 18:03:20] <INTERRUPT>
[2026/09/10 18:03:20] =>
[2026/09/10 18:03:20] 发送(hex): 20
[2026/09/10 18:03:20] 发送(hex): 03
[2026/09/10 18:03:20] =>
[2026/09/10 18:03:20] 发送(hex): 0d
[2026/09/10 18:03:20] <INTERRUPT>
[2026/09/10 18:03:20] =>
[2026/09/10 18:03:20] 发送(hex): 20
[2026/09/10 18:03:20] 发送(hex): 03
[2026/09/10 18:03:20] =>
[2026/09/10 18:03:20] 发送(hex): 0d
[2026/09/10 18:03:20] <INTERRUPT>
[2026/09/10 18:03:20] =>
[2026/09/10 18:03:20] 发送(hex): 20
[2026/09/10 18:03:20] 发送(hex): 03
[2026/09/10 18:03:20] =>
[2026/09/10 18:03:20] 发送(hex): 0d
[2026/09/10 18:03:20] <INTERRUPT>
[2026/09/10 18:03:20] =>
[2026/09/10 18:03:20] 发送(hex): 20
[2026/09/10 18:03:20] 发送(hex): 03
[2026/09/10 18:03:20] =>
[2026/09/10 18:03:20] 发送(hex): 0d
[2026/09/10 18:03:20] <INTERRUPT>
[2026/09/10 18:03:20] =>
[2026/09/10 18:03:20] 发送(hex): 20
[2026/09/10 18:03:20] 发送(hex): 03
[2026/09/10 18:03:20] =>
[2026/09/10 18:03:20] 发送(hex): 0d
[2026/09/10 18:03:20] <INTERRUPT>
[2026/09/10 18:03:20] =>
[2026/09/10 18:03:20] 发送(hex): 20
[2026/09/10 18:03:20] 发送(hex): 03
[2026/09/10 18:03:20] =>
[2026/09/10 18:03:20] 发送(hex): 0d
[2026/09/10 18:03:20] <INTERRUPT>
[2026/09/10 18:03:20] =>
[2026/09/10 18:03:20] 发送(hex): 20
[2026/09/10 18:03:20] 发送(hex): 03
[2026/09/10 18:03:20] =>
[2026/09/10 18:03:20] 发送(hex): 0d
[2026/09/10 18:03:20] <INTERRUPT>
[2026/09/10 18:03:20] =>
[2026/09/10 18:03:20] 发送(hex): 20
[2026/09/10 18:03:20] 发送(hex): 03
[2026/09/10 18:03:20] =>
[2026/09/10 18:03:20] 发送(hex): 0d
[2026/09/10 18:03:20] <INTERRUPT>
[2026/09/10 18:03:20] =>
[2026/09/10 18:03:20] 发送(hex): 20
[2026/09/10 18:03:20] 发送(hex): 03
[2026/09/10 18:03:20] =>
[2026/09/10 18:03:20] 发送(hex): 0d
[2026/09/10 18:03:20] <INTERRUPT>
[2026/09/10 18:03:20] =>
[2026/09/10 18:03:20] 发送(hex): 20
[2026/09/10 18:03:20] 发送(hex): 03
[2026/09/10 18:03:20] =>
[2026/09/10 18:03:20] 发送(hex): 0d
[2026/09/10 18:03:20] <INTERRUPT>
[2026/09/10 18:03:20] =>
[2026/09/10 18:03:20] 发送(hex): 20
[2026/09/10 18:03:20] 发送(hex): 03
[2026/09/10 18:03:20] =>
[2026/09/10 18:03:20] 发送(hex): 0d
[2026/09/10 18:03:20] <INTERRUPT>
[2026/09/10 18:03:20] =>
[2026/09/10 18:03:20] 发送(hex): 20
[2026/09/10 18:03:20] 发送(hex): 03
[2026/09/10 18:03:20] =>
[2026/09/10 18:03:20] 发送(hex): 0d
[2026/09/10 18:03:20] <INTERRUPT>
[2026/09/10 18:03:20] =>
[2026/09/10 18:03:20] 发送(hex): 20
[2026/09/10 18:03:20] 发送(hex): 03
[2026/09/10 18:03:20] =>
[2026/09/10 18:03:20] 发送(hex): 0d
[2026/09/10 18:03:20] <INTERRUPT>
[2026/09/10 18:03:20] =>
[2026/09/10 18:03:20] 发送(hex): 20
[2026/09/10 18:03:20] 发送(hex): 03
[2026/09/10 18:03:20] =>
[2026/09/10 18:03:20] 发送(hex): 0d
[2026/09/10 18:03:20] <INTERRUPT>
[2026/09/10 18:03:20] =>
[2026/09/10 18:03:20] 发送(hex): 20
[2026/09/10 18:03:20] =>
[2026/09/10 18:03:20] 发送(hex): 03
[2026/09/10 18:03:20] 发送(hex): 0d
[2026/09/10 18:03:20] <INTERRUPT>
[2026/09/10 18:03:20] =>
[2026/09/10 18:03:20] 发送(hex): 20
[2026/09/10 18:03:20] 发送(hex): 03
[2026/09/10 18:03:20] =>
[2026/09/10 18:03:20] 发送(hex): 0d
[2026/09/10 18:03:20] <INTERRUPT>
[2026/09/10 18:03:20] =>
[2026/09/10 18:03:20] 发送(hex): 20
[2026/09/10 18:03:20] 发送(hex): 03
[2026/09/10 18:03:20] =>
[2026/09/10 18:03:20] 发送(hex): 0d
[2026/09/10 18:03:20] <INTERRUPT>
[2026/09/10 18:03:20] =>
[2026/09/10 18:03:20] 发送(hex): 20
[2026/09/10 18:03:20] 发送(hex): 03
[2026/09/10 18:03:20] =>
[2026/09/10 18:03:20] 发送(hex): 0d
[2026/09/10 18:03:20] <INTERRUPT>
[2026/09/10 18:03:20] =>
[2026/09/10 18:03:20] 发送(hex): 20
[2026/09/10 18:03:20] 发送(hex): 03
[2026/09/10 18:03:20] =>
[2026/09/10 18:03:20] 发送(hex): 0d
[2026/09/10 18:03:20] <INTERRUPT>
[2026/09/10 18:03:20] =>
[2026/09/10 18:03:20] 发送(hex): 20
[2026/09/10 18:03:20] 发送(hex): 03
[2026/09/10 18:03:20] =>
[2026/09/10 18:03:20] 发送(hex): 0d
[2026/09/10 18:03:20] <INTERRUPT>
[2026/09/10 18:03:20] =>
[2026/09/10 18:03:20] 发送(hex): 20
[2026/09/10 18:03:20] 发送(hex): 03
[2026/09/10 18:03:20] =>
[2026/09/10 18:03:20] 发送(hex): 0d
[2026/09/10 18:03:20] <INTERRUPT>
[2026/09/10 18:03:20] =>
[2026/09/10 18:03:20] 发送(hex): 20
[2026/09/10 18:03:20] 发送(hex): 03
[2026/09/10 18:03:20] =>
[2026/09/10 18:03:20] 发送(hex): 0d
[2026/09/10 18:03:20] <INTERRUPT>
[2026/09/10 18:03:20] =>
[2026/09/10 18:03:21] 发送(hex): 20
[2026/09/10 18:03:21] 发送(hex): 03
[2026/09/10 18:03:21] =>
[2026/09/10 18:03:21] 发送(hex): 0d
[2026/09/10 18:03:21] <INTERRUPT>
[2026/09/10 18:03:21] =>
[2026/09/10 18:03:21] 发送(hex): 20
[2026/09/10 18:03:21] 发送(hex): 03
[2026/09/10 18:03:21] =>
[2026/09/10 18:03:21] 发送(hex): 0d
[2026/09/10 18:03:21] <INTERRUPT>
[2026/09/10 18:03:21] =>
[2026/09/10 18:03:21] 发送(hex): 20
[2026/09/10 18:03:21] 发送(hex): 03
[2026/09/10 18:03:21] =>
[2026/09/10 18:03:21] 发送(hex): 0d
[2026/09/10 18:03:21] <INTERRUPT>
[2026/09/10 18:03:21] =>
[2026/09/10 18:03:21] 发送(hex): 20
[2026/09/10 18:03:21] 发送(hex): 03
[2026/09/10 18:03:21] =>
[2026/09/10 18:03:21] 发送(hex): 0d
[2026/09/10 18:03:21] <INTERRUPT>
[2026/09/10 18:03:21] =>
[2026/09/10 18:03:21] 发送(hex): 20
[2026/09/10 18:03:21] 发送(hex): 03
[2026/09/10 18:03:21] =>
[2026/09/10 18:03:21] 发送(hex): 0d
[2026/09/10 18:03:21] <INTERRUPT>
[2026/09/10 18:03:21] =>
[2026/09/10 18:03:21] 发送(hex): 20
[2026/09/10 18:03:21] 发送(hex): 03
[2026/09/10 18:03:21] =>
[2026/09/10 18:03:21] 发送(hex): 0d
[2026/09/10 18:03:21] <INTERRUPT>
[2026/09/10 18:03:21] =>
[2026/09/10 18:03:21] 发送(hex): 20
[2026/09/10 18:03:21] 发送(hex): 03
[2026/09/10 18:03:21] =>
[2026/09/10 18:03:21] 发送(hex): 0d
[2026/09/10 18:03:21] <INTERRUPT>
[2026/09/10 18:03:21] =>
[2026/09/10 18:03:21] 发送(hex): 20
[2026/09/10 18:03:21] 发送(hex): 03
[2026/09/10 18:03:21] =>
[2026/09/10 18:03:21] 发送(hex): 0d
[2026/09/10 18:03:21] <INTERRUPT>
[2026/09/10 18:03:21] =>
[2026/09/10 18:03:21] 发送(hex): 20
[2026/09/10 18:03:21] 发送(hex): 03
[2026/09/10 18:03:21] =>
[2026/09/10 18:03:21] 发送(hex): 0d
[2026/09/10 18:03:21] <INTERRUPT>
[2026/09/10 18:03:21] =>
[2026/09/10 18:03:21] 发送(hex): 20
[2026/09/10 18:03:21] 发送(hex): 03
[2026/09/10 18:03:21] =>
[2026/09/10 18:03:21] 发送(hex): 0d
[2026/09/10 18:03:21] <INTERRUPT>
[2026/09/10 18:03:21] =>
[2026/09/10 18:03:21] 发送(hex): 20
[2026/09/10 18:03:21] 发送(hex): 03
[2026/09/10 18:03:21] =>
[2026/09/10 18:03:21] 发送(hex): 0d
[2026/09/10 18:03:21] <INTERRUPT>
[2026/09/10 18:03:21] =>
[2026/09/10 18:03:21] 发送(hex): 20
[2026/09/10 18:03:21] 发送(hex): 03
[2026/09/10 18:03:21] =>
[2026/09/10 18:03:21] 发送(hex): 0d
[2026/09/10 18:03:21] <INTERRUPT>
[2026/09/10 18:03:21] =>
[2026/09/10 18:03:21] 发送(hex): 20
[2026/09/10 18:03:21] 发送(hex): 03
[2026/09/10 18:03:21] =>
[2026/09/10 18:03:21] 发送(hex): 0d
[2026/09/10 18:03:21] <INTERRUPT>
[2026/09/10 18:03:21] =>
[2026/09/10 18:03:21] 发送(hex): 20
[2026/09/10 18:03:21] 发送(hex): 03
[2026/09/10 18:03:21] =>
[2026/09/10 18:03:21] 发送(hex): 0d
[2026/09/10 18:03:21] <INTERRUPT>
[2026/09/10 18:03:21] =>
[2026/09/10 18:03:21] 发送(hex): 20
[2026/09/10 18:03:21] 发送(hex): 03
[2026/09/10 18:03:21] =>
[2026/09/10 18:03:21] 发送(hex): 0d
[2026/09/10 18:03:21] <INTERRUPT>
[2026/09/10 18:03:21] =>
[2026/09/10 18:03:21] 发送(hex): 20
[2026/09/10 18:03:21] 发送(hex): 03
[2026/09/10 18:03:21] =>
[2026/09/10 18:03:21] 发送(hex): 0d
[2026/09/10 18:03:21] <INTERRUPT>
[2026/09/10 18:03:21] =>
[2026/09/10 18:03:21] 发送(hex): 20
[2026/09/10 18:03:21] 发送(hex): 03
[2026/09/10 18:03:21] =>
[2026/09/10 18:03:21] 发送(hex): 0d
[2026/09/10 18:03:21] <INTERRUPT>
[2026/09/10 18:03:21] =>
[2026/09/10 18:03:21] 发送(hex): 20
[2026/09/10 18:03:21] 发送(hex): 03
[2026/09/10 18:03:21] =>
[2026/09/10 18:03:21] 发送(hex): 0d
[2026/09/10 18:03:21] <INTERRUPT>
[2026/09/10 18:03:21] =>
[2026/09/10 18:03:21] 发送(hex): 20
[2026/09/10 18:03:21] 发送(hex): 03
[2026/09/10 18:03:21] =>
[2026/09/10 18:03:21] 发送(hex): 0d
[2026/09/10 18:03:21] <INTERRUPT>
[2026/09/10 18:03:21] =>
[2026/09/10 18:03:21] 发送(hex): 20
[2026/09/10 18:03:21] 发送(hex): 03
[2026/09/10 18:03:21] =>
[2026/09/10 18:03:21] 发送(hex): 0d
[2026/09/10 18:03:21] <INTERRUPT>
[2026/09/10 18:03:21] =>
[2026/09/10 18:03:21] 发送(hex): 20
[2026/09/10 18:03:21] 发送(hex): 03
[2026/09/10 18:03:21] =>
[2026/09/10 18:03:21] 发送(hex): 0d
[2026/09/10 18:03:21] <INTERRUPT>
[2026/09/10 18:03:21] =>
[2026/09/10 18:03:21] 发送(hex): 20
[2026/09/10 18:03:21] 发送(hex): 03
[2026/09/10 18:03:21] =>
[2026/09/10 18:03:21] 发送(hex): 0d
[2026/09/10 18:03:21] <INTERRUPT>
[2026/09/10 18:03:21] =>
[2026/09/10 18:03:21] 发送(hex): 20
[2026/09/10 18:03:21] 发送(hex): 03
[2026/09/10 18:03:21] =>
[2026/09/10 18:03:21] 发送(hex): 0d
[2026/09/10 18:03:21] <INTERRUPT>
[2026/09/10 18:03:21] =>
[2026/09/10 18:03:21] 发送(hex): 20
[2026/09/10 18:03:21] 发送(hex): 03
[2026/09/10 18:03:21] =>
[2026/09/10 18:03:21] 发送(hex): 0d
[2026/09/10 18:03:21] <INTERRUPT>
[2026/09/10 18:03:21] =>
[2026/09/10 18:03:21] 发送(hex): 20
[2026/09/10 18:03:21] 发送(hex): 03
[2026/09/10 18:03:21] =>
[2026/09/10 18:03:21] 发送(hex): 0d
[2026/09/10 18:03:21] <INTERRUPT>
[2026/09/10 18:03:21] =>
[2026/09/10 18:03:21] 发送(hex): 20
[2026/09/10 18:03:21] 发送(hex): 03
[2026/09/10 18:03:21] =>
[2026/09/10 18:03:21] 发送(hex): 0d
[2026/09/10 18:03:21] <INTERRUPT>
[2026/09/10 18:03:21] =>
[2026/09/10 18:03:21] 发送(hex): 20
[2026/09/10 18:03:21] 发送(hex): 03
[2026/09/10 18:03:21] =>
[2026/09/10 18:03:21] 发送(hex): 0d
[2026/09/10 18:03:21] <INTERRUPT>
[2026/09/10 18:03:21] =>
[2026/09/10 18:03:21] 发送(hex): 20
[2026/09/10 18:03:21] 发送(hex): 03
[2026/09/10 18:03:21] =>
[2026/09/10 18:03:21] 发送(hex): 0d
[2026/09/10 18:03:21] <INTERRUPT>
[2026/09/10 18:03:21] =>
[2026/09/10 18:03:21] 发送(hex): 20
[2026/09/10 18:03:21] 发送(hex): 03
[2026/09/10 18:03:21] =>
[2026/09/10 18:03:21] 发送(hex): 0d
[2026/09/10 18:03:21] <INTERRUPT>
[2026/09/10 18:03:21] =>
[2026/09/10 18:03:21] 发送(hex): 20
[2026/09/10 18:03:21] 发送(hex): 03
[2026/09/10 18:03:21] =>
[2026/09/10 18:03:21] 发送(hex): 0d
[2026/09/10 18:03:21] <INTERRUPT>
[2026/09/10 18:03:21] =>
[2026/09/10 18:03:21] 发送(hex): 20
[2026/09/10 18:03:21] 发送(hex): 03
[2026/09/10 18:03:21] =>
[2026/09/10 18:03:21] 发送(hex): 0d
[2026/09/10 18:03:21] <INTERRUPT>
[2026/09/10 18:03:21] =>
[2026/09/10 18:03:22] 发送(hex): 20
[2026/09/10 18:03:22] 发送(hex): 03
[2026/09/10 18:03:22] =>
[2026/09/10 18:03:22] 发送(hex): 0d
[2026/09/10 18:03:22] <INTERRUPT>
[2026/09/10 18:03:22] =>
[2026/09/10 18:03:22] 发送(hex): 20
[2026/09/10 18:03:22] 发送(hex): 03
[2026/09/10 18:03:22] =>
[2026/09/10 18:03:22] 发送(hex): 0d
[2026/09/10 18:03:22] <INTERRUPT>
[2026/09/10 18:03:22] =>
[2026/09/10 18:03:22] 发送(hex): 20
[2026/09/10 18:03:22] 发送(hex): 03
[2026/09/10 18:03:22] =>
[2026/09/10 18:03:22] 发送(hex): 0d
[2026/09/10 18:03:22] <INTERRUPT>
[2026/09/10 18:03:22] =>
[2026/09/10 18:03:22] 发送(hex): 20
[2026/09/10 18:03:22] 发送(hex): 03
[2026/09/10 18:03:22] =>
[2026/09/10 18:03:22] 发送(hex): 0d
[2026/09/10 18:03:22] <INTERRUPT>
[2026/09/10 18:03:22] =>
[2026/09/10 18:03:22] 发送(hex): 20
[2026/09/10 18:03:22] 发送(hex): 03
[2026/09/10 18:03:22] =>
[2026/09/10 18:03:22] 发送(hex): 0d
[2026/09/10 18:03:22] <INTERRUPT>
[2026/09/10 18:03:22] =>
[2026/09/10 18:03:22] 发送(hex): 20
[2026/09/10 18:03:22] 发送(hex): 03
[2026/09/10 18:03:22] =>
[2026/09/10 18:03:22] 发送(hex): 0d
[2026/09/10 18:03:22] <INTERRUPT>
[2026/09/10 18:03:22] =>
[2026/09/10 18:03:22] 发送(hex): 20
[2026/09/10 18:03:22] 发送(hex): 03
[2026/09/10 18:03:22] =>
[2026/09/10 18:03:22] 发送(hex): 0d
[2026/09/10 18:03:22] <INTERRUPT>
[2026/09/10 18:03:22] =>
[2026/09/10 18:03:22] 发送(hex): 20
[2026/09/10 18:03:22] 发送(hex): 03
[2026/09/10 18:03:22] =>
[2026/09/10 18:03:22] 发送(hex): 0d
[2026/09/10 18:03:22] <INTERRUPT>
[2026/09/10 18:03:22] =>
[2026/09/10 18:03:22] 发送(hex): 20
[2026/09/10 18:03:22] 发送(hex): 03
[2026/09/10 18:03:22] =>
[2026/09/10 18:03:22] 发送(hex): 0d
[2026/09/10 18:03:22] <INTERRUPT>
[2026/09/10 18:03:22] =>
[2026/09/10 18:03:22] 发送(hex): 20
[2026/09/10 18:03:22] 发送(hex): 03
[2026/09/10 18:03:22] =>
[2026/09/10 18:03:22] 发送(hex): 0d
[2026/09/10 18:03:22] <INTERRUPT>
[2026/09/10 18:03:22] =>
[2026/09/10 18:03:22] 发送(hex): 20
[2026/09/10 18:03:22] 发送(hex): 03
[2026/09/10 18:03:22] =>
[2026/09/10 18:03:22] 发送(hex): 0d
[2026/09/10 18:03:22] <INTERRUPT>
[2026/09/10 18:03:22] =>
[2026/09/10 18:03:22] 发送(hex): 20
[2026/09/10 18:03:22] 发送(hex): 03
[2026/09/10 18:03:22] =>
[2026/09/10 18:03:22] 发送(hex): 0d
[2026/09/10 18:03:22] 发送(hex): 20
[2026/09/10 18:03:22] <INTERRUPT>
[2026/09/10 18:03:22] =>
[2026/09/10 18:03:22] 发送(hex): 03
[2026/09/10 18:03:22] =>
[2026/09/10 18:03:22] 发送(hex): 0d
[2026/09/10 18:03:22] 发送(hex): 20
[2026/09/10 18:03:22] <INTERRUPT>
[2026/09/10 18:03:22] =>
[2026/09/10 18:03:22] 发送(hex): 03
[2026/09/10 18:03:22] =>
[2026/09/10 18:03:22] 发送(hex): 0d
[2026/09/10 18:03:22] 发送(hex): 20
[2026/09/10 18:03:22] <INTERRUPT>
[2026/09/10 18:03:22] =>
[2026/09/10 18:03:22] =
[2026/09/10 18:03:22] 发送(hex): 03
[2026/09/10 18:03:22] >
[2026/09/10 18:03:22] 发送(hex): 0d
[2026/09/10 18:03:22] 发送(hex): 20
[2026/09/10 18:03:22] <INTERRUPT>
[2026/09/10 18:03:22] =>
[2026/09/10 18:03:22] =
[2026/09/10 18:03:22] 发送(hex): 03
[2026/09/10 18:03:22] >
[2026/09/10 18:03:22] 发送(hex): 0d
[2026/09/10 18:03:22] 发送(hex): 20
[2026/09/10 18:03:22] <INTERRUPT>
[2026/09/10 18:03:22] =>
[2026/09/10 18:03:22] =>
[2026/09/10 18:03:22] 发送(hex): 03
[2026/09/10 18:03:22] 发送(hex): 0d
[2026/09/10 18:03:22] 发送(hex): 20
[2026/09/10 18:03:22] <INTERRUPT>
[2026/09/10 18:03:22] =>
[2026/09/10 18:03:22] =>
[2026/09/10 18:03:22] 发送(hex): 03
[2026/09/10 18:03:22] 发送(hex): 0d
[2026/09/10 18:03:22] 发送(hex): 20
[2026/09/10 18:03:22] <INTERRUPT>
[2026/09/10 18:03:22] =>
[2026/09/10 18:03:22] =>
[2026/09/10 18:03:22] 发送(hex): 03
[2026/09/10 18:03:22] 发送(hex): 0d
[2026/09/10 18:03:22] 发送(hex): 20
[2026/09/10 18:03:22] <INTERRUPT>
[2026/09/10 18:03:22] =>
[2026/09/10 18:03:22] =>
[2026/09/10 18:03:22] 发送(hex): 03
[2026/09/10 18:03:22] 发送(hex): 0d
[2026/09/10 18:03:22] 发送(hex): 20
[2026/09/10 18:03:22] <INTERRUPT>
[2026/09/10 18:03:22] =>
[2026/09/10 18:03:22] =>
[2026/09/10 18:03:22] 发送(hex): 03
[2026/09/10 18:03:22] 发送(hex): 0d
[2026/09/10 18:03:22] 发送(hex): 20
[2026/09/10 18:03:22] <INTERRUPT>
[2026/09/10 18:03:22] =>
[2026/09/10 18:03:22] =>
[2026/09/10 18:03:22] 发送(hex): 03
[2026/09/10 18:03:22] 发送(hex): 0d
[2026/09/10 18:03:22] 发送(hex): 20
[2026/09/10 18:03:22] <INTERRUPT>
[2026/09/10 18:03:22] =>
[2026/09/10 18:03:22] =>
[2026/09/10 18:03:22] 发送(hex): 03
[2026/09/10 18:03:22] 发送(hex): 0d
[2026/09/10 18:03:22] 发送(hex): 20
[2026/09/10 18:03:22] <INTERRUPT>
[2026/09/10 18:03:22] =>
[2026/09/10 18:03:22] =>
[2026/09/10 18:03:22] 发送(hex): 03
[2026/09/10 18:03:22] 发送(hex): 0d
[2026/09/10 18:03:22] 发送(hex): 20
[2026/09/10 18:03:22] <INTERRUPT>
[2026/09/10 18:03:22] =>
[2026/09/10 18:03:22] =>
[2026/09/10 18:03:22] 发送(hex): 03
[2026/09/10 18:03:22] 发送(hex): 0d
[2026/09/10 18:03:22] 发送(hex): 20
[2026/09/10 18:03:22] <INTERRUPT>
[2026/09/10 18:03:22] =>
[2026/09/10 18:03:22] =>
[2026/09/10 18:03:22] 发送(hex): 03
[2026/09/10 18:03:22] 发送(hex): 0d
[2026/09/10 18:03:22] 发送(hex): 20
[2026/09/10 18:03:22] <INTERRUPT>
[2026/09/10 18:03:22] =>
[2026/09/10 18:03:22] =>
[2026/09/10 18:03:22] 发送(hex): 03
[2026/09/10 18:03:22] 发送(hex): 0d
[2026/09/10 18:03:22] 发送(hex): 20
[2026/09/10 18:03:22] <INTERRUPT>
[2026/09/10 18:03:22] =>
[2026/09/10 18:03:22] =>
[2026/09/10 18:03:22] 发送(hex): 03
[2026/09/10 18:03:22] 发送(hex): 0d
[2026/09/10 18:03:22] 发送(hex): 20
[2026/09/10 18:03:22] <INTERRUPT>
[2026/09/10 18:03:22] =>
[2026/09/10 18:03:22] =>
[2026/09/10 18:03:22] 发送(hex): 03
[2026/09/10 18:03:22] 发送(hex): 0d
[2026/09/10 18:03:22] 发送(hex): 20
[2026/09/10 18:03:22] <INTERRUPT>
[2026/09/10 18:03:22] =>
[2026/09/10 18:03:22] =>
[2026/09/10 18:03:22] 发送(hex): 03
[2026/09/10 18:03:22] 发送(hex): 0d
[2026/09/10 18:03:22] 发送(hex): 20
[2026/09/10 18:03:22] <INTERRUPT>
[2026/09/10 18:03:22] =>
[2026/09/10 18:03:22] =>
[2026/09/10 18:03:22] 发送(hex): 03
[2026/09/10 18:03:22] 发送(hex): 0d
[2026/09/10 18:03:22] 发送(hex): 20
[2026/09/10 18:03:22] <INTERRUPT>
[2026/09/10 18:03:22] =>
[2026/09/10 18:03:22] =>
[2026/09/10 18:03:22] 发送(hex): 03
[2026/09/10 18:03:23] 发送(hex): 0d
[2026/09/10 18:03:23] 发送(hex): 20
[2026/09/10 18:03:23] <INTERRUPT>
[2026/09/10 18:03:23] =>
[2026/09/10 18:03:23] =>
[2026/09/10 18:03:23] 发送(hex): 03
[2026/09/10 18:03:23] 发送(hex): 0d
[2026/09/10 18:03:23] 发送(hex): 20
[2026/09/10 18:03:23] <INTERRUPT>
[2026/09/10 18:03:23] =>
[2026/09/10 18:03:23] =>
[2026/09/10 18:03:23] 发送(hex): 03
[2026/09/10 18:03:23] 发送(hex): 0d
[2026/09/10 18:03:23] 发送(hex): 20
[2026/09/10 18:03:23] <INTERRUPT>
[2026/09/10 18:03:23] =>
[2026/09/10 18:03:23] =>
[2026/09/10 18:03:23] 发送(hex): 03
[2026/09/10 18:03:23] 发送(hex): 0d
[2026/09/10 18:03:23] 发送(hex): 20
[2026/09/10 18:03:23] <INTERRUPT>
[2026/09/10 18:03:23] =>
[2026/09/10 18:03:23] =>
[2026/09/10 18:03:23] 发送(hex): 03
[2026/09/10 18:03:23] 发送(hex): 0d
[2026/09/10 18:03:23] 发送(hex): 20
[2026/09/10 18:03:23] <INTERRUPT>
[2026/09/10 18:03:23] =>
[2026/09/10 18:03:23] =>
[2026/09/10 18:03:23] 发送(hex): 03
[2026/09/10 18:03:23] 发送(hex): 0d
[2026/09/10 18:03:23] 发送(hex): 20
[2026/09/10 18:03:23] <INTERRUPT>
[2026/09/10 18:03:23] =>
[2026/09/10 18:03:23] =>
[2026/09/10 18:03:23] 发送(hex): 03
[2026/09/10 18:03:23] 发送(hex): 0d
[2026/09/10 18:03:23] 发送(hex): 20
[2026/09/10 18:03:23] <INTERRUPT>
[2026/09/10 18:03:23] =>
[2026/09/10 18:03:23] =>
[2026/09/10 18:03:23] 发送(hex): 03
[2026/09/10 18:03:23] 发送(hex): 0d
[2026/09/10 18:03:23] 发送(hex): 20
[2026/09/10 18:03:23] <INTERRUPT>
[2026/09/10 18:03:23] =>
[2026/09/10 18:03:23] =>
[2026/09/10 18:03:23] 发送(hex): 03
[2026/09/10 18:03:23] 发送(hex): 0d
[2026/09/10 18:03:23] 发送(hex): 20
[2026/09/10 18:03:23] <INTERRUPT>
[2026/09/10 18:03:23] =>
[2026/09/10 18:03:23] =>
[2026/09/10 18:03:23] 发送(hex): 03
[2026/09/10 18:03:23] 发送(hex): 0d
[2026/09/10 18:03:23] 发送(hex): 20
[2026/09/10 18:03:23] <INTERRUPT>
[2026/09/10 18:03:23] =>
[2026/09/10 18:03:23] =>
[2026/09/10 18:03:23] 发送(hex): 03
[2026/09/10 18:03:23] 发送(hex): 0d
[2026/09/10 18:03:23] 发送(hex): 20
[2026/09/10 18:03:23] <INTERRUPT>
[2026/09/10 18:03:23] =>
[2026/09/10 18:03:23] =>
[2026/09/10 18:03:23] 发送(hex): 03
[2026/09/10 18:03:23] 发送(hex): 0d
[2026/09/10 18:03:23] 发送(hex): 20
[2026/09/10 18:03:23] <INTERRUPT>
[2026/09/10 18:03:23] =>
[2026/09/10 18:03:23] =>
[2026/09/10 18:03:23] 发送(hex): 03
[2026/09/10 18:03:23] 发送(hex): 0d
[2026/09/10 18:03:23] 发送(hex): 20
[2026/09/10 18:03:23] <INTERRUPT>
[2026/09/10 18:03:23] =>
[2026/09/10 18:03:23] =>
[2026/09/10 18:03:23] 发送(hex): 03
[2026/09/10 18:03:23] 发送(hex): 0d
[2026/09/10 18:03:23] 发送(hex): 20
[2026/09/10 18:03:23] <INTERRUPT>
[2026/09/10 18:03:23] =>
[2026/09/10 18:03:23] =>
[2026/09/10 18:03:23] 发送(hex): 03
[2026/09/10 18:03:23] 发送(hex): 0d
[2026/09/10 18:03:23] 发送(hex): 20
[2026/09/10 18:03:23] <INTERRUPT>
[2026/09/10 18:03:23] =>
[2026/09/10 18:03:23] =>
[2026/09/10 18:03:23] 发送(hex): 03
[2026/09/10 18:03:23] 发送(hex): 0d
[2026/09/10 18:03:23] 发送(hex): 20
[2026/09/10 18:03:23] <INTERRUPT>
[2026/09/10 18:03:23] =>
[2026/09/10 18:03:23] =>
[2026/09/10 18:03:23] 发送(hex): 03
[2026/09/10 18:03:23] 发送(hex): 0d
[2026/09/10 18:03:23] 发送(hex): 20
[2026/09/10 18:03:23] <INTERRUPT>
[2026/09/10 18:03:23] =>
[2026/09/10 18:03:23] =>
[2026/09/10 18:03:23] 发送(hex): 03
[2026/09/10 18:03:23] 发送(hex): 0d
[2026/09/10 18:03:23] 发送(hex): 20
[2026/09/10 18:03:23] <INTERRUPT>
[2026/09/10 18:03:23] =>
[2026/09/10 18:03:23] =>
[2026/09/10 18:03:23] 发送(hex): 03
[2026/09/10 18:03:23] 发送(hex): 0d
[2026/09/10 18:03:23] <I
[2026/09/10 18:03:23] 发送(hex): 20
[2026/09/10 18:03:23] NTERRUPT>
[2026/09/10 18:03:23] =>
[2026/09/10 18:03:23] =>
[2026/09/10 18:03:23] 发送(hex): 03
[2026/09/10 18:03:23] 发送(hex): 0d
[2026/09/10 18:03:23] <INTERRUPT
[2026/09/10 18:03:23] 发送(hex): 20
[2026/09/10 18:03:23] >
[2026/09/10 18:03:23] =>
[2026/09/10 18:03:23] =>
[2026/09/10 18:03:23] 发送(hex): 03
[2026/09/10 18:03:23] 发送(hex): 0d
[2026/09/10 18:03:23] <INTERRUPT>
[2026/09/10 18:03:23] =>
[2026/09/10 18:03:23] 发送(hex): 20
[2026/09/10 18:03:23] =>
[2026/09/10 18:03:23] 发送(hex): 03
[2026/09/10 18:03:23] 发送(hex): 0d
[2026/09/10 18:03:23] <INTERRUPT>
[2026/09/10 18:03:23] =>
[2026/09/10 18:03:23] 发送(hex): 20
[2026/09/10 18:03:23] =>
[2026/09/10 18:03:23] 发送(hex): 03
[2026/09/10 18:03:23] 发送(hex): 0d
[2026/09/10 18:03:23] <INTERRUPT>
[2026/09/10 18:03:23] =>
[2026/09/10 18:03:23] 发送(hex): 20
[2026/09/10 18:03:23] =>
[2026/09/10 18:03:23] 发送(hex): 03
[2026/09/10 18:03:23] 发送(hex): 0d
[2026/09/10 18:03:23] <INTERRUPT>
[2026/09/10 18:03:23] =>
[2026/09/10 18:03:23] 发送(hex): 20
[2026/09/10 18:03:23] =>
[2026/09/10 18:03:23] 发送(hex): 03
[2026/09/10 18:03:23] 发送(hex): 0d
[2026/09/10 18:03:23] <INTERRUPT>
[2026/09/10 18:03:23] =>
[2026/09/10 18:03:23] 发送(hex): 20
[2026/09/10 18:03:23] =>
[2026/09/10 18:03:23] 发送(hex): 03
[2026/09/10 18:03:23] 发送(hex): 0d
[2026/09/10 18:03:23] <INTERRUPT>
[2026/09/10 18:03:23] =>
[2026/09/10 18:03:23] 发送(hex): 20
[2026/09/10 18:03:23] =>
[2026/09/10 18:03:23] 发送(hex): 03
[2026/09/10 18:03:23] 发送(hex): 0d
[2026/09/10 18:03:23] <INTERRUPT>
[2026/09/10 18:03:23] =>
[2026/09/10 18:03:23] 发送(hex): 20
[2026/09/10 18:03:23] =>
[2026/09/10 18:03:23] 发送(hex): 03
[2026/09/10 18:03:23] 发送(hex): 0d
[2026/09/10 18:03:23] <INTERRUPT>
[2026/09/10 18:03:23] =>
[2026/09/10 18:03:23] 发送(hex): 20
[2026/09/10 18:03:23] =>
[2026/09/10 18:03:23] 发送(hex): 03
[2026/09/10 18:03:23] 发送(hex): 0d
[2026/09/10 18:03:23] <INTERRUPT>
[2026/09/10 18:03:23] =>
[2026/09/10 18:03:23] 发送(hex): 20
[2026/09/10 18:03:23] =>
[2026/09/10 18:03:23] 发送(hex): 03
[2026/09/10 18:03:23] 发送(hex): 0d
[2026/09/10 18:03:23] <INTERRUPT>
[2026/09/10 18:03:23] =>
[2026/09/10 18:03:23] 发送(hex): 20
[2026/09/10 18:03:23] =>
[2026/09/10 18:03:23] 发送(hex): 03
[2026/09/10 18:03:23] 发送(hex): 0d
[2026/09/10 18:03:23] <INTERRUPT>
[2026/09/10 18:03:23] =>
[2026/09/10 18:03:23] 发送(hex): 20
[2026/09/10 18:03:23] =>
[2026/09/10 18:03:23] 发送(hex): 03
[2026/09/10 18:03:23] 发送(hex): 0d
[2026/09/10 18:03:23] <INTERRUPT>
[2026/09/10 18:03:23] =>
[2026/09/10 18:03:24] 发送(hex): 20
[2026/09/10 18:03:24] =>
[2026/09/10 18:03:24] 发送(hex): 03
[2026/09/10 18:03:24] 发送(hex): 0d
[2026/09/10 18:03:24] <INTERRUPT>
[2026/09/10 18:03:24] =>
[2026/09/10 18:03:24] 发送(hex): 20
[2026/09/10 18:03:24] =>
[2026/09/10 18:03:24] 发送(hex): 03
[2026/09/10 18:03:24] 发送(hex): 0d
[2026/09/10 18:03:24] <INTERRUPT>
[2026/09/10 18:03:24] =>
[2026/09/10 18:03:24] 发送(hex): 20
[2026/09/10 18:03:24] =>
[2026/09/10 18:03:24] 发送(hex): 03
[2026/09/10 18:03:24] 发送(hex): 0d
[2026/09/10 18:03:24] <INTERRUPT>
[2026/09/10 18:03:24] =>
[2026/09/10 18:03:24] 发送(hex): 20
[2026/09/10 18:03:24] =>
[2026/09/10 18:03:24] 发送(hex): 03
[2026/09/10 18:03:24] 发送(hex): 0d
[2026/09/10 18:03:24] <INTERRUPT>
[2026/09/10 18:03:24] =>
[2026/09/10 18:03:24] 发送(hex): 20
[2026/09/10 18:03:24] =>
[2026/09/10 18:03:24] 发送(hex): 03
[2026/09/10 18:03:24] 发送(hex): 0d
[2026/09/10 18:03:24] <INTERRUPT>
[2026/09/10 18:03:24] =>
[2026/09/10 18:03:24] 发送(hex): 20
[2026/09/10 18:03:24] =>
[2026/09/10 18:03:24] 发送(hex): 03
[2026/09/10 18:03:24] 发送(hex): 0d
[2026/09/10 18:03:24] <INTERRUPT>
[2026/09/10 18:03:24] =>
[2026/09/10 18:03:24] 发送(hex): 20
[2026/09/10 18:03:24] =>
[2026/09/10 18:03:24] 发送(hex): 03
[2026/09/10 18:03:24] 发送(hex): 0d
[2026/09/10 18:03:24] <INTERRUPT>
[2026/09/10 18:03:24] =>
[2026/09/10 18:03:24] 发送(hex): 20
[2026/09/10 18:03:24] =>
[2026/09/10 18:03:24] 发送(hex): 03
[2026/09/10 18:03:24] 发送(hex): 0d
[2026/09/10 18:03:24] <INTERRUPT>
[2026/09/10 18:03:24] =>
[2026/09/10 18:03:24] 发送(hex): 20
[2026/09/10 18:03:24] 发送(hex): 03
[2026/09/10 18:03:24] =>
[2026/09/10 18:03:24] 发送(hex): 0d
[2026/09/10 18:03:24] <INTERRUPT>
[2026/09/10 18:03:24] =>
[2026/09/10 18:03:24] 发送(hex): 20
[2026/09/10 18:03:24] 发送(hex): 03
[2026/09/10 18:03:24] =>
[2026/09/10 18:03:24] 发送(hex): 0d
[2026/09/10 18:03:24] <INTERRUPT>
[2026/09/10 18:03:24] =>
[2026/09/10 18:03:24] 发送(hex): 20
[2026/09/10 18:03:24] 发送(hex): 03
[2026/09/10 18:03:24] =>
[2026/09/10 18:03:24] 发送(hex): 0d
[2026/09/10 18:03:24] <INTERRUPT>
[2026/09/10 18:03:24] =>
[2026/09/10 18:03:24] 发送(hex): 20
[2026/09/10 18:03:24] 发送(hex): 03
[2026/09/10 18:03:24] =>
[2026/09/10 18:03:24] 发送(hex): 0d
[2026/09/10 18:03:24] <INTERRUPT>
[2026/09/10 18:03:24] =>
[2026/09/10 18:03:24] 发送(hex): 20
[2026/09/10 18:03:24] 发送(hex): 03
[2026/09/10 18:03:24] =>
[2026/09/10 18:03:24] 发送(hex): 0d
[2026/09/10 18:03:24] <INTERRUPT>
[2026/09/10 18:03:24] =>
[2026/09/10 18:03:24] 发送(hex): 20
[2026/09/10 18:03:24] 发送(hex): 03
[2026/09/10 18:03:24] =>
[2026/09/10 18:03:24] 发送(hex): 0d
[2026/09/10 18:03:24] <INTERRUPT>
[2026/09/10 18:03:24] =>
[2026/09/10 18:03:24] 发送(hex): 20
[2026/09/10 18:03:24] 发送(hex): 03
[2026/09/10 18:03:24] =>
[2026/09/10 18:03:24] 发送(hex): 0d
[2026/09/10 18:03:24] <INTERRUPT>
[2026/09/10 18:03:24] =>
[2026/09/10 18:03:24] 发送(hex): 20
[2026/09/10 18:03:24] 发送(hex): 03
[2026/09/10 18:03:24] =>
[2026/09/10 18:03:24] 发送(hex): 0d
[2026/09/10 18:03:24] <INTERRUPT>
[2026/09/10 18:03:24] =>
[2026/09/10 18:03:24] 发送(hex): 20
[2026/09/10 18:03:24] 发送(hex): 03
[2026/09/10 18:03:24] =>
[2026/09/10 18:03:24] 发送(hex): 0d
[2026/09/10 18:03:24] <INTERRUPT>
[2026/09/10 18:03:24] =>
[2026/09/10 18:03:24] 发送(hex): 20
[2026/09/10 18:03:24] 发送(hex): 03
[2026/09/10 18:03:24] =>
[2026/09/10 18:03:24] 发送(hex): 0d
[2026/09/10 18:03:24] <INTERRUPT>
[2026/09/10 18:03:24] =>
[2026/09/10 18:03:24] 发送(hex): 20
[2026/09/10 18:03:24] 发送(hex): 03
[2026/09/10 18:03:24] =>
[2026/09/10 18:03:24] 发送(hex): 0d
[2026/09/10 18:03:24] <INTERRUPT>
[2026/09/10 18:03:24] =>
[2026/09/10 18:03:24] 发送(hex): 20
[2026/09/10 18:03:24] 发送(hex): 03
[2026/09/10 18:03:24] =>
[2026/09/10 18:03:24] 发送(hex): 0d
[2026/09/10 18:03:24] <INTERRUPT>
[2026/09/10 18:03:24] =>
[2026/09/10 18:03:24] 发送(hex): 20
[2026/09/10 18:03:24] 发送(hex): 03
[2026/09/10 18:03:24] =>
[2026/09/10 18:03:24] 发送(hex): 0d
[2026/09/10 18:03:24] <INTERRUPT>
[2026/09/10 18:03:24] =>
[2026/09/10 18:03:24] 发送(hex): 20
[2026/09/10 18:03:24] 发送(hex): 03
[2026/09/10 18:03:24] =>
[2026/09/10 18:03:24] 发送(hex): 0d
[2026/09/10 18:03:24] <INTERRUPT>
[2026/09/10 18:03:24] =>
[2026/09/10 18:03:24] 发送(hex): 20
[2026/09/10 18:03:24] 发送(hex): 03
[2026/09/10 18:03:24] =>
[2026/09/10 18:03:24] 发送(hex): 0d
[2026/09/10 18:03:24] <INTERRUPT>
[2026/09/10 18:03:24] =>
[2026/09/10 18:03:24] 发送(hex): 20
[2026/09/10 18:03:24] 发送(hex): 03
[2026/09/10 18:03:24] =>
[2026/09/10 18:03:24] 发送(hex): 0d
[2026/09/10 18:03:24] <INTERRUPT>
[2026/09/10 18:03:24] =>
[2026/09/10 18:03:24] 发送(hex): 20
[2026/09/10 18:03:24] 发送(hex): 03
[2026/09/10 18:03:24] =>
[2026/09/10 18:03:24] 发送(hex): 0d
[2026/09/10 18:03:24] <INTERRUPT>
[2026/09/10 18:03:24] =>
[2026/09/10 18:03:24] 发送(hex): 20
[2026/09/10 18:03:24] 发送(hex): 03
[2026/09/10 18:03:24] =>
[2026/09/10 18:03:24] 发送(hex): 0d
[2026/09/10 18:03:24] <INTERRUPT>
[2026/09/10 18:03:24] =>
[2026/09/10 18:03:24] 发送(hex): 20
[2026/09/10 18:03:24] 发送(hex): 03
[2026/09/10 18:03:24] =>
[2026/09/10 18:03:24] 发送(hex): 0d
[2026/09/10 18:03:24] <INTERRUPT>
[2026/09/10 18:03:24] =>
[2026/09/10 18:03:24] 发送(hex): 20
[2026/09/10 18:03:24] 发送(hex): 03
[2026/09/10 18:03:24] =>
[2026/09/10 18:03:24] 发送(hex): 0d
[2026/09/10 18:03:24] <INTERRUPT>
[2026/09/10 18:03:24] =>
[2026/09/10 18:03:24] 发送(hex): 20
[2026/09/10 18:03:24] 发送(hex): 03
[2026/09/10 18:03:24] =>
[2026/09/10 18:03:24] 发送(hex): 0d
[2026/09/10 18:03:24] <INTERRUPT>
[2026/09/10 18:03:24] =>
[2026/09/10 18:03:24] 发送(hex): 20
[2026/09/10 18:03:24] 发送(hex): 03
[2026/09/10 18:03:24] =>
[2026/09/10 18:03:24] 发送(hex): 0d
[2026/09/10 18:03:24] <INTERRUPT>
[2026/09/10 18:03:24] =>
[2026/09/10 18:03:24] 发送(hex): 20
[2026/09/10 18:03:24] 发送(hex): 03
[2026/09/10 18:03:24] =>
[2026/09/10 18:03:24] 发送(hex): 0d
[2026/09/10 18:03:24] <INTERRUPT>
[2026/09/10 18:03:24] =>
[2026/09/10 18:03:24] 发送(hex): 20
[2026/09/10 18:03:25] 发送(hex): 03
[2026/09/10 18:03:25] =>
[2026/09/10 18:03:25] 发送(hex): 0d
[2026/09/10 18:03:25] <INTERRUPT>
[2026/09/10 18:03:25] =>
[2026/09/10 18:03:25] 发送(hex): 20
[2026/09/10 18:03:25] 发送(hex): 03
[2026/09/10 18:03:25] =>
[2026/09/10 18:03:25] 发送(hex): 0d
[2026/09/10 18:03:25] <INTERRUPT>
[2026/09/10 18:03:25] =>
[2026/09/10 18:03:25] 发送(hex): 20
[2026/09/10 18:03:25] 发送(hex): 03
[2026/09/10 18:03:25] =>
[2026/09/10 18:03:25] 发送(hex): 0d
[2026/09/10 18:03:25] <INTERRUPT>
[2026/09/10 18:03:25] =>
[2026/09/10 18:03:25] 发送(hex): 20
[2026/09/10 18:03:25] 发送(hex): 03
[2026/09/10 18:03:25] =>
[2026/09/10 18:03:25] 发送(hex): 0d
[2026/09/10 18:03:25] <INTERRUPT>
[2026/09/10 18:03:25] =>
[2026/09/10 18:03:25] 发送(hex): 20
[2026/09/10 18:03:25] 发送(hex): 03
[2026/09/10 18:03:25] =>
[2026/09/10 18:03:25] 发送(hex): 0d
[2026/09/10 18:03:25] 发送(hex): 20
[2026/09/10 18:03:25] <INTERRUPT>
[2026/09/10 18:03:25] =>
[2026/09/10 18:03:25] 发送(hex): 03
[2026/09/10 18:03:25] =>
[2026/09/10 18:03:25] 发送(hex): 0d
[2026/09/10 18:03:25] 发送(hex): 20
[2026/09/10 18:03:25] <INTERRUPT>
[2026/09/10 18:03:25] =>
[2026/09/10 18:03:25] =>
[2026/09/10 18:03:25] 发送(hex): 03
[2026/09/10 18:03:25] 发送(hex): 0d
[2026/09/10 18:03:25] <INTERRUPT>
[2026/09/10 18:03:25] =>
[2026/09/10 18:03:25] 发送(hex): 20
[2026/09/10 18:03:25] 发送(hex): 03
[2026/09/10 18:03:25] =>
[2026/09/10 18:03:25] 发送(hex): 0d
[2026/09/10 18:03:25] <INTERRUPT>
[2026/09/10 18:03:25] =>
[2026/09/10 18:03:25] 发送(hex): 20
[2026/09/10 18:03:25] 发送(hex): 03
[2026/09/10 18:03:25] =>
[2026/09/10 18:03:25] 发送(hex): 0d
[2026/09/10 18:03:25] <INTERRUPT>
[2026/09/10 18:03:25] =>
[2026/09/10 18:03:25] 发送(hex): 20
[2026/09/10 18:03:25] 发送(hex): 03
[2026/09/10 18:03:25] =>
[2026/09/10 18:03:25] 发送(hex): 0d
[2026/09/10 18:03:25] <INTERRUPT>
[2026/09/10 18:03:25] =>
[2026/09/10 18:03:25] 发送(hex): 20
[2026/09/10 18:03:25] 发送(hex): 03
[2026/09/10 18:03:25] =>
[2026/09/10 18:03:25] 发送(hex): 0d
[2026/09/10 18:03:25] <INTERRUPT>
[2026/09/10 18:03:25] =>
[2026/09/10 18:03:25] 发送(hex): 20
[2026/09/10 18:03:25] 发送(hex): 03
[2026/09/10 18:03:25] =>
[2026/09/10 18:03:25] 发送(hex): 0d
[2026/09/10 18:03:25] <INTERRUPT>
[2026/09/10 18:03:25] =>
[2026/09/10 18:03:25] 发送(hex): 20
[2026/09/10 18:03:25] 发送(hex): 03
[2026/09/10 18:03:25] =>
[2026/09/10 18:03:25] 发送(hex): 0d
[2026/09/10 18:03:25] <INTERRUPT>
[2026/09/10 18:03:25] =>
[2026/09/10 18:03:25] 发送(hex): 20
[2026/09/10 18:03:25] 发送(hex): 03
[2026/09/10 18:03:25] =>
[2026/09/10 18:03:25] 发送(hex): 0d
[2026/09/10 18:03:25] <INTERRUPT>
[2026/09/10 18:03:25] =>
[2026/09/10 18:03:25] 发送(hex): 20
[2026/09/10 18:03:25] 发送(hex): 03
[2026/09/10 18:03:25] =>
[2026/09/10 18:03:25] 发送(hex): 0d
[2026/09/10 18:03:25] <INTERRUPT>
[2026/09/10 18:03:25] =>
[2026/09/10 18:03:25] 发送(hex): 20
[2026/09/10 18:03:25] 发送(hex): 03
[2026/09/10 18:03:25] =>
[2026/09/10 18:03:25] 发送(hex): 0d
[2026/09/10 18:03:25] <INTERRUPT>
[2026/09/10 18:03:25] =>
[2026/09/10 18:03:25] 发送(hex): 20
[2026/09/10 18:03:25] 发送(hex): 03
[2026/09/10 18:03:25] =>
[2026/09/10 18:03:25] 发送(hex): 0d
[2026/09/10 18:03:25] <INTERRUPT>
[2026/09/10 18:03:25] =>
[2026/09/10 18:03:25] 发送(hex): 20
[2026/09/10 18:03:25] 发送(hex): 03
[2026/09/10 18:03:25] =>
[2026/09/10 18:03:25] 发送(hex): 0d
[2026/09/10 18:03:25] <INTERRUPT>
[2026/09/10 18:03:25] =>
[2026/09/10 18:03:25] 发送(hex): 20
[2026/09/10 18:03:25] 发送(hex): 03
[2026/09/10 18:03:25] =>
[2026/09/10 18:03:25] 发送(hex): 0d
[2026/09/10 18:03:25] <INTERRUPT>
[2026/09/10 18:03:25] =>
[2026/09/10 18:03:25] 发送(hex): 20
[2026/09/10 18:03:25] 发送(hex): 03
[2026/09/10 18:03:25] =>
[2026/09/10 18:03:25] 发送(hex): 0d
[2026/09/10 18:03:25] <INTERRUPT>
[2026/09/10 18:03:25] =>
[2026/09/10 18:03:25] 发送(hex): 20
[2026/09/10 18:03:25] 发送(hex): 03
[2026/09/10 18:03:25] =>
[2026/09/10 18:03:25] 发送(hex): 0d
[2026/09/10 18:03:25] 发送(hex): 20
[2026/09/10 18:03:25] <INTERRUPT>
[2026/09/10 18:03:25] =>
[2026/09/10 18:03:25] =>
[2026/09/10 18:03:25] 发送(hex): 03
[2026/09/10 18:03:25] 发送(hex): 0d
[2026/09/10 18:03:25] 发送(hex): 20
[2026/09/10 18:03:25] <INTERRUPT>
[2026/09/10 18:03:25] =>
[2026/09/10 18:03:25] =>
[2026/09/10 18:03:25] 发送(hex): 03
[2026/09/10 18:03:25] 发送(hex): 0d
[2026/09/10 18:03:25] 发送(hex): 20
[2026/09/10 18:03:25] <INTERRUPT>
[2026/09/10 18:03:25] =>
[2026/09/10 18:03:25] =>
[2026/09/10 18:03:25] 发送(hex): 03
[2026/09/10 18:03:25] 发送(hex): 0d
[2026/09/10 18:03:25] 发送(hex): 20
[2026/09/10 18:03:25] <INTERRUPT>
[2026/09/10 18:03:25] =>
[2026/09/10 18:03:25] =>
[2026/09/10 18:03:25] 发送(hex): 03
[2026/09/10 18:03:25] 发送(hex): 0d
[2026/09/10 18:03:25] 发送(hex): 20
[2026/09/10 18:03:25] <INTERRUPT>
[2026/09/10 18:03:25] =>
[2026/09/10 18:03:25] =>
[2026/09/10 18:03:25] 发送(hex): 03
[2026/09/10 18:03:25] 发送(hex): 0d
[2026/09/10 18:03:25] 发送(hex): 20
[2026/09/10 18:03:25] <INTERRUPT>
[2026/09/10 18:03:25] =>
[2026/09/10 18:03:25] =>
[2026/09/10 18:03:25] 发送(hex): 03
[2026/09/10 18:03:25] 发送(hex): 0d
[2026/09/10 18:03:25] 发送(hex): 20
[2026/09/10 18:03:25] <INTERRUPT>
[2026/09/10 18:03:25] =>
[2026/09/10 18:03:25] =>
[2026/09/10 18:03:25] 发送(hex): 03
[2026/09/10 18:03:25] 发送(hex): 0d
[2026/09/10 18:03:25] 发送(hex): 20
[2026/09/10 18:03:25] <INTERRUPT>
[2026/09/10 18:03:25] =>
[2026/09/10 18:03:25] =>
[2026/09/10 18:03:25] 发送(hex): 03
[2026/09/10 18:03:25] 发送(hex): 0d
[2026/09/10 18:03:25] 发送(hex): 20
[2026/09/10 18:03:25] <INTERRUPT>
[2026/09/10 18:03:25] =>
[2026/09/10 18:03:25] =>
[2026/09/10 18:03:25] 发送(hex): 03
[2026/09/10 18:03:25] 发送(hex): 0d
[2026/09/10 18:03:25] 发送(hex): 20
[2026/09/10 18:03:25] <INTERRUPT>
[2026/09/10 18:03:25] =>
[2026/09/10 18:03:25] =>
[2026/09/10 18:03:25] 发送(hex): 03
[2026/09/10 18:03:25] 发送(hex): 0d
[2026/09/10 18:03:25] 发送(hex): 20
[2026/09/10 18:03:25] <INTERRUPT>
[2026/09/10 18:03:25] =>
[2026/09/10 18:03:25] =>
[2026/09/10 18:03:25] 发送(hex): 03
[2026/09/10 18:03:26] 发送(hex): 0d
[2026/09/10 18:03:26] 发送(hex): 20
[2026/09/10 18:03:26] <INTERRUPT>
[2026/09/10 18:03:26] =>
[2026/09/10 18:03:26] =>
[2026/09/10 18:03:26] 发送(hex): 03
[2026/09/10 18:03:26] 发送(hex): 0d
[2026/09/10 18:03:26] 发送(hex): 20
[2026/09/10 18:03:26] <INTERRUPT>
[2026/09/10 18:03:26] =>
[2026/09/10 18:03:26] =>
[2026/09/10 18:03:26] 发送(hex): 03
[2026/09/10 18:03:26] 发送(hex): 0d
[2026/09/10 18:03:26] 发送(hex): 20
[2026/09/10 18:03:26] <INTERRUPT>
[2026/09/10 18:03:26] =>
[2026/09/10 18:03:26] =>
[2026/09/10 18:03:26] 发送(hex): 03
[2026/09/10 18:03:26] 发送(hex): 0d
[2026/09/10 18:03:26] 发送(hex): 20
[2026/09/10 18:03:26] <INTERRUPT>
[2026/09/10 18:03:26] =>
[2026/09/10 18:03:26] =>
[2026/09/10 18:03:26] 发送(hex): 03
[2026/09/10 18:03:26] 发送(hex): 0d
[2026/09/10 18:03:26] 发送(hex): 20
[2026/09/10 18:03:26] <INTERRUPT>
[2026/09/10 18:03:26] =>
[2026/09/10 18:03:26] =>
[2026/09/10 18:03:26] 发送(hex): 03
[2026/09/10 18:03:26] 发送(hex): 0d
[2026/09/10 18:03:26] 发送(hex): 20
[2026/09/10 18:03:26] <INTERRUPT>
[2026/09/10 18:03:26] =>
[2026/09/10 18:03:26] =>
[2026/09/10 18:03:26] 发送(hex): 03
[2026/09/10 18:03:26] 发送(hex): 0d
[2026/09/10 18:03:26] 发送(hex): 20
[2026/09/10 18:03:26] <INTERRUPT>
[2026/09/10 18:03:26] =>
[2026/09/10 18:03:26] =>
[2026/09/10 18:03:26] 发送(hex): 03
[2026/09/10 18:03:26] 发送(hex): 0d
[2026/09/10 18:03:26] 发送(hex): 20
[2026/09/10 18:03:26] <INTERRUPT>
[2026/09/10 18:03:26] =>
[2026/09/10 18:03:26] =>
[2026/09/10 18:03:26] 发送(hex): 03
[2026/09/10 18:03:26] 发送(hex): 0d
[2026/09/10 18:03:26] 发送(hex): 20
[2026/09/10 18:03:26] <INTERRUPT>
[2026/09/10 18:03:26] =>
[2026/09/10 18:03:26] =>
[2026/09/10 18:03:26] 发送(hex): 03
[2026/09/10 18:03:26] 发送(hex): 0d
[2026/09/10 18:03:26] 发送(hex): 20
[2026/09/10 18:03:26] <INTERRUPT>
[2026/09/10 18:03:26] =>
[2026/09/10 18:03:26] =>
[2026/09/10 18:03:26] 发送(hex): 03
[2026/09/10 18:03:26] 发送(hex): 0d
[2026/09/10 18:03:26] 发送(hex): 20
[2026/09/10 18:03:26] <INTERRUPT>
[2026/09/10 18:03:26] =>
[2026/09/10 18:03:26] =>
[2026/09/10 18:03:26] 发送(hex): 03
[2026/09/10 18:03:26] 发送(hex): 0d
[2026/09/10 18:03:26] 发送(hex): 20
[2026/09/10 18:03:26] <INTERRUPT>
[2026/09/10 18:03:26] =>
[2026/09/10 18:03:26] =>
[2026/09/10 18:03:26] 发送(hex): 03
[2026/09/10 18:03:26] 发送(hex): 0d
[2026/09/10 18:03:26] 发送(hex): 20
[2026/09/10 18:03:26] <INTERRUPT>
[2026/09/10 18:03:26] =>
[2026/09/10 18:03:26] =>
[2026/09/10 18:03:26] 发送(hex): 03
[2026/09/10 18:03:26] 发送(hex): 0d
[2026/09/10 18:03:26] 发送(hex): 20
[2026/09/10 18:03:26] <INTERRUPT>
[2026/09/10 18:03:26] =>
[2026/09/10 18:03:26] =>
[2026/09/10 18:03:26] 发送(hex): 03
[2026/09/10 18:03:26] 发送(hex): 0d
[2026/09/10 18:03:26] 发送(hex): 20
[2026/09/10 18:03:26] <INTERRUPT>
[2026/09/10 18:03:26] =>
[2026/09/10 18:03:26] =>
[2026/09/10 18:03:26] 发送(hex): 03
[2026/09/10 18:03:26] 发送(hex): 0d
[2026/09/10 18:03:26] <INT
[2026/09/10 18:03:26] 发送(hex): 20
[2026/09/10 18:03:26] ERRUPT>
[2026/09/10 18:03:26] =>
[2026/09/10 18:03:26] =>
[2026/09/10 18:03:26] 发送(hex): 03
[2026/09/10 18:03:26] 发送(hex): 0d
[2026/09/10 18:03:26] <INTERR
[2026/09/10 18:03:26] 发送(hex): 20
[2026/09/10 18:03:26] UPT>
[2026/09/10 18:03:26] =>
[2026/09/10 18:03:26] =>
[2026/09/10 18:03:26] 发送(hex): 03
[2026/09/10 18:03:26] 发送(hex): 0d
[2026/09/10 18:03:26] <INT
[2026/09/10 18:03:26] 发送(hex): 20
[2026/09/10 18:03:26] ERRUPT>
[2026/09/10 18:03:26] =>
[2026/09/10 18:03:26] =>
[2026/09/10 18:03:26] 发送(hex): 03
[2026/09/10 18:03:26] 发送(hex): 0d
[2026/09/10 18:03:26] <INTER
[2026/09/10 18:03:26] 发送(hex): 20
[2026/09/10 18:03:26] RUPT>
[2026/09/10 18:03:26] =>
[2026/09/10 18:03:26] =>
[2026/09/10 18:03:26] 发送(hex): 03
[2026/09/10 18:03:26] 发送(hex): 0d
[2026/09/10 18:03:26] <INTERRUPT>
[2026/09/10 18:03:26] 发送(hex): 20
[2026/09/10 18:03:26] =>
[2026/09/10 18:03:26] =>
[2026/09/10 18:03:26] 发送(hex): 03
[2026/09/10 18:03:26] 发送(hex): 0d
[2026/09/10 18:03:26] <INTERRUPT>
[2026/09/10 18:03:26] =>
[2026/09/10 18:03:26] 发送(hex): 20
[2026/09/10 18:03:26] =>
[2026/09/10 18:03:26] 发送(hex): 03
[2026/09/10 18:03:26] 发送(hex): 0d
[2026/09/10 18:03:26] <INTERRUPT>
[2026/09/10 18:03:26] =>
[2026/09/10 18:03:26] 发送(hex): 20
[2026/09/10 18:03:26] =>
[2026/09/10 18:03:26] 发送(hex): 03
[2026/09/10 18:03:26] 发送(hex): 0d
[2026/09/10 18:03:26] <INTERRUPT>
[2026/09/10 18:03:26] =>
[2026/09/10 18:03:26] 发送(hex): 20
[2026/09/10 18:03:26] =>
[2026/09/10 18:03:26] 发送(hex): 03
[2026/09/10 18:03:26] 发送(hex): 0d
[2026/09/10 18:03:26] <INTERRUPT>
[2026/09/10 18:03:26] =>
[2026/09/10 18:03:26] 发送(hex): 20
[2026/09/10 18:03:26] =>
[2026/09/10 18:03:26] 发送(hex): 03
[2026/09/10 18:03:26] 发送(hex): 0d
[2026/09/10 18:03:26] <INTERRUPT>
[2026/09/10 18:03:26] =>
[2026/09/10 18:03:26] 发送(hex): 20
[2026/09/10 18:03:26] =>
[2026/09/10 18:03:26] 发送(hex): 03
[2026/09/10 18:03:26] 发送(hex): 0d
[2026/09/10 18:03:26] <INTERRUPT>
[2026/09/10 18:03:26] =>
[2026/09/10 18:03:26] 发送(hex): 20
[2026/09/10 18:03:26] =>
[2026/09/10 18:03:26] 发送(hex): 03
[2026/09/10 18:03:26] 发送(hex): 0d
[2026/09/10 18:03:26] <INTERRUPT>
[2026/09/10 18:03:26] =>
[2026/09/10 18:03:26] 发送(hex): 20
[2026/09/10 18:03:26] =>
[2026/09/10 18:03:26] 发送(hex): 03
[2026/09/10 18:03:26] 发送(hex): 0d
[2026/09/10 18:03:26] <INTERRUPT>
[2026/09/10 18:03:26] =>
[2026/09/10 18:03:26] 发送(hex): 20
[2026/09/10 18:03:26] =>
[2026/09/10 18:03:26] 发送(hex): 03
[2026/09/10 18:03:26] 发送(hex): 0d
[2026/09/10 18:03:26] <INTERRUPT>
[2026/09/10 18:03:26] =>
[2026/09/10 18:03:26] 发送(hex): 20
[2026/09/10 18:03:26] =>
[2026/09/10 18:03:26] 发送(hex): 03
[2026/09/10 18:03:26] 发送(hex): 0d
[2026/09/10 18:03:26] <INTERRUPT>
[2026/09/10 18:03:26] =>
[2026/09/10 18:03:26] 发送(hex): 20
[2026/09/10 18:03:26] 发送(hex): 03
[2026/09/10 18:03:26] =>
[2026/09/10 18:03:26] 发送(hex): 0d
[2026/09/10 18:03:26] <INTERRUPT>
[2026/09/10 18:03:26] =>
[2026/09/10 18:03:26] 发送(hex): 20
[2026/09/10 18:03:26] 发送(hex): 03
[2026/09/10 18:03:26] =>
[2026/09/10 18:03:26] 发送(hex): 0d
[2026/09/10 18:03:26] <INTERRUPT>
[2026/09/10 18:03:26] =>
[2026/09/10 18:03:27] 发送(hex): 20
[2026/09/10 18:03:27] 发送(hex): 03
[2026/09/10 18:03:27] =>
[2026/09/10 18:03:27] 发送(hex): 0d
[2026/09/10 18:03:27] <INTERRUPT>
[2026/09/10 18:03:27] =>
[2026/09/10 18:03:27] 发送(hex): 20
[2026/09/10 18:03:27] 发送(hex): 03
[2026/09/10 18:03:27] =>
[2026/09/10 18:03:27] 发送(hex): 0d
[2026/09/10 18:03:27] <INTERRUPT>
[2026/09/10 18:03:27] =>
[2026/09/10 18:03:27] 发送(hex): 20
[2026/09/10 18:03:27] 发送(hex): 03
[2026/09/10 18:03:27] =>
[2026/09/10 18:03:27] 发送(hex): 0d
[2026/09/10 18:03:27] <INTERRUPT>
[2026/09/10 18:03:27] =>
[2026/09/10 18:03:27] 发送(hex): 20
[2026/09/10 18:03:27] 发送(hex): 03
[2026/09/10 18:03:27] =>
[2026/09/10 18:03:27] 发送(hex): 0d
[2026/09/10 18:03:27] <INTERRUPT>
[2026/09/10 18:03:27] =>
[2026/09/10 18:03:27] 发送(hex): 20
[2026/09/10 18:03:27] 发送(hex): 03
[2026/09/10 18:03:27] =>
[2026/09/10 18:03:27] 发送(hex): 0d
[2026/09/10 18:03:27] <INTERRUPT>
[2026/09/10 18:03:27] =>
[2026/09/10 18:03:27] 发送(hex): 20
[2026/09/10 18:03:27] 发送(hex): 03
[2026/09/10 18:03:27] =>
[2026/09/10 18:03:27] 发送(hex): 0d
[2026/09/10 18:03:27] <INTERRUPT>
[2026/09/10 18:03:27] =>
[2026/09/10 18:03:27] 发送(hex): 20
[2026/09/10 18:03:27] 发送(hex): 03
[2026/09/10 18:03:27] =>
[2026/09/10 18:03:27] 发送(hex): 0d
[2026/09/10 18:03:27] <INTERRUPT>
[2026/09/10 18:03:27] =>
[2026/09/10 18:03:27] 发送(hex): 20
[2026/09/10 18:03:27] 发送(hex): 03
[2026/09/10 18:03:27] =>
[2026/09/10 18:03:27] 发送(hex): 0d
[2026/09/10 18:03:27] <INTERRUPT>
[2026/09/10 18:03:27] =>
[2026/09/10 18:03:27] 发送(hex): 20
[2026/09/10 18:03:27] 发送(hex): 03
[2026/09/10 18:03:27] =>
[2026/09/10 18:03:27] 发送(hex): 0d
[2026/09/10 18:03:27] <INTERRUPT>
[2026/09/10 18:03:27] =>
[2026/09/10 18:03:27] 发送(hex): 20
[2026/09/10 18:03:27] 发送(hex): 03
[2026/09/10 18:03:27] =>
[2026/09/10 18:03:27] 发送(hex): 0d
[2026/09/10 18:03:27] <INTERRUPT>
[2026/09/10 18:03:27] =>
[2026/09/10 18:03:27] 发送(hex): 20
[2026/09/10 18:03:27] 发送(hex): 03
[2026/09/10 18:03:27] =>
[2026/09/10 18:03:27] 发送(hex): 0d
[2026/09/10 18:03:27] <INTERRUPT>
[2026/09/10 18:03:27] =>
[2026/09/10 18:03:27] 发送(hex): 20
[2026/09/10 18:03:27] 发送(hex): 03
[2026/09/10 18:03:27] =>
[2026/09/10 18:03:27] 发送(hex): 0d
[2026/09/10 18:03:27] <INTERRUPT>
[2026/09/10 18:03:27] =>
[2026/09/10 18:03:27] 发送(hex): 20
[2026/09/10 18:03:27] 发送(hex): 03
[2026/09/10 18:03:27] =>
[2026/09/10 18:03:27] 发送(hex): 0d
[2026/09/10 18:03:27] <INTERRUPT>
[2026/09/10 18:03:27] =>
[2026/09/10 18:03:27] 发送(hex): 20
[2026/09/10 18:03:27] 发送(hex): 03
[2026/09/10 18:03:27] =>
[2026/09/10 18:03:27] 发送(hex): 0d
[2026/09/10 18:03:27] <INTERRUPT>
[2026/09/10 18:03:27] =>
[2026/09/10 18:03:27] 发送(hex): 20
[2026/09/10 18:03:27] 发送(hex): 03
[2026/09/10 18:03:27] =>
[2026/09/10 18:03:27] 发送(hex): 0d
[2026/09/10 18:03:27] <INTERRUPT>
[2026/09/10 18:03:27] =>
[2026/09/10 18:03:27] 发送(hex): 20
[2026/09/10 18:03:27] 发送(hex): 03
[2026/09/10 18:03:27] =>
[2026/09/10 18:03:27] 发送(hex): 0d
[2026/09/10 18:03:27] <INTERRUPT>
[2026/09/10 18:03:27] =>
[2026/09/10 18:03:27] 发送(hex): 20
[2026/09/10 18:03:27] 发送(hex): 03
[2026/09/10 18:03:27] =>
[2026/09/10 18:03:27] 发送(hex): 0d
[2026/09/10 18:03:27] 发送(hex): 20
[2026/09/10 18:03:27] <INTERRUPT>
[2026/09/10 18:03:27] =>
[2026/09/10 18:03:27] 发送(hex): 03
[2026/09/10 18:03:27] =>
[2026/09/10 18:03:27] 发送(hex): 0d
[2026/09/10 18:03:27] <INTERRUPT>
[2026/09/10 18:03:27] =>
[2026/09/10 18:03:27] 发送(hex): 20
[2026/09/10 18:03:27] 发送(hex): 03
[2026/09/10 18:03:27] =>
[2026/09/10 18:03:27] 发送(hex): 0d
[2026/09/10 18:03:27] <INTERRUPT>
[2026/09/10 18:03:27] =>
[2026/09/10 18:03:27] 发送(hex): 20
[2026/09/10 18:03:27] 发送(hex): 03
[2026/09/10 18:03:27] =>
[2026/09/10 18:03:27] 发送(hex): 0d
[2026/09/10 18:03:27] <INTERRUPT>
[2026/09/10 18:03:27] =>
[2026/09/10 18:03:27] 发送(hex): 20
[2026/09/10 18:03:27] 发送(hex): 03
[2026/09/10 18:03:27] =>
[2026/09/10 18:03:27] 发送(hex): 0d
[2026/09/10 18:03:27] <INTERRUPT>
[2026/09/10 18:03:27] =>
[2026/09/10 18:03:27] 发送(hex): 20
[2026/09/10 18:03:27] 发送(hex): 03
[2026/09/10 18:03:27] =>
[2026/09/10 18:03:27] 发送(hex): 0d
[2026/09/10 18:03:27] <INTERRUPT>
[2026/09/10 18:03:27] =>
[2026/09/10 18:03:27] 发送(hex): 20
[2026/09/10 18:03:27] 发送(hex): 03
[2026/09/10 18:03:27] =>
[2026/09/10 18:03:27] 发送(hex): 0d
[2026/09/10 18:03:27] 发送(hex): 20
[2026/09/10 18:03:27] <INTERRUPT>
[2026/09/10 18:03:27] =>
[2026/09/10 18:03:27] 发送(hex): 03
[2026/09/10 18:03:27] =>
[2026/09/10 18:03:27] 发送(hex): 0d
[2026/09/10 18:03:27] 发送(hex): 20
[2026/09/10 18:03:27] <INTERRUPT>
[2026/09/10 18:03:27] =>
[2026/09/10 18:03:27] =>
[2026/09/10 18:03:27] 发送(hex): 03
[2026/09/10 18:03:27] 发送(hex): 0d
[2026/09/10 18:03:27] 发送(hex): 20
[2026/09/10 18:03:27] <INTERRUPT>
[2026/09/10 18:03:27] =>
[2026/09/10 18:03:27] 发送(hex): 03
[2026/09/10 18:03:27] =>
[2026/09/10 18:03:27] 发送(hex): 0d
[2026/09/10 18:03:27] 发送(hex): 20
[2026/09/10 18:03:27] <INTERRUPT>
[2026/09/10 18:03:27] =>
[2026/09/10 18:03:27] =>
[2026/09/10 18:03:27] 发送(hex): 03
[2026/09/10 18:03:27] 发送(hex): 0d
[2026/09/10 18:03:27] 发送(hex): 20
[2026/09/10 18:03:27] <INTERRUPT>
[2026/09/10 18:03:27] =>
[2026/09/10 18:03:27] =>
[2026/09/10 18:03:27] 发送(hex): 03
[2026/09/10 18:03:27] 发送(hex): 0d
[2026/09/10 18:03:27] 发送(hex): 20
[2026/09/10 18:03:27] <INTERRUPT>
[2026/09/10 18:03:27] =>
[2026/09/10 18:03:27] =>
[2026/09/10 18:03:27] 发送(hex): 03
[2026/09/10 18:03:27] 发送(hex): 0d
[2026/09/10 18:03:27] 发送(hex): 20
[2026/09/10 18:03:27] <INTERRUPT>
[2026/09/10 18:03:27] =>
[2026/09/10 18:03:27] =>
[2026/09/10 18:03:27] 发送(hex): 03
[2026/09/10 18:03:27] 发送(hex): 0d
[2026/09/10 18:03:27] 发送(hex): 20
[2026/09/10 18:03:27] <INTERRUPT>
[2026/09/10 18:03:27] =>
[2026/09/10 18:03:27] =>
[2026/09/10 18:03:27] 发送(hex): 03
[2026/09/10 18:03:27] 发送(hex): 0d
[2026/09/10 18:03:27] 发送(hex): 20
[2026/09/10 18:03:27] <INTERRUPT>
[2026/09/10 18:03:27] =>
[2026/09/10 18:03:27] =>
[2026/09/10 18:03:28] 发送(hex): 03
[2026/09/10 18:03:28] 发送(hex): 0d
[2026/09/10 18:03:28] 发送(hex): 20
[2026/09/10 18:03:28] <INTERRUPT>
[2026/09/10 18:03:28] =>
[2026/09/10 18:03:28] =>
[2026/09/10 18:03:28] 发送(hex): 03
[2026/09/10 18:03:28] 发送(hex): 0d
[2026/09/10 18:03:28] 发送(hex): 20
[2026/09/10 18:03:28] <INTERRUPT>
[2026/09/10 18:03:28] =>
[2026/09/10 18:03:28] =>
[2026/09/10 18:03:28] 发送(hex): 03
[2026/09/10 18:03:28] 发送(hex): 0d
[2026/09/10 18:03:28] 发送(hex): 20
[2026/09/10 18:03:28] <INTERRUPT>
[2026/09/10 18:03:28] =>
[2026/09/10 18:03:28] =>
[2026/09/10 18:03:28] 发送(hex): 03
[2026/09/10 18:03:28] 发送(hex): 0d
[2026/09/10 18:03:28] 发送(hex): 20
[2026/09/10 18:03:28] <INTERRUPT>
[2026/09/10 18:03:28] =>
[2026/09/10 18:03:28] =>
[2026/09/10 18:03:28] 发送(hex): 03
[2026/09/10 18:03:28] 发送(hex): 0d
[2026/09/10 18:03:28] 发送(hex): 20
[2026/09/10 18:03:28] <INTERRUPT>
[2026/09/10 18:03:28] =>
[2026/09/10 18:03:28] =>
[2026/09/10 18:03:28] 发送(hex): 03
[2026/09/10 18:03:28] 发送(hex): 0d
[2026/09/10 18:03:28] 发送(hex): 20
[2026/09/10 18:03:28] <INTERRUPT>
[2026/09/10 18:03:28] =>
[2026/09/10 18:03:28] =>
[2026/09/10 18:03:28] 发送(hex): 03
[2026/09/10 18:03:28] 发送(hex): 0d
[2026/09/10 18:03:28] 发送(hex): 20
[2026/09/10 18:03:28] <INTERRUPT>
[2026/09/10 18:03:28] =>
[2026/09/10 18:03:28] =>
[2026/09/10 18:03:28] 发送(hex): 03
[2026/09/10 18:03:28] 发送(hex): 0d
[2026/09/10 18:03:28] 发送(hex): 20
[2026/09/10 18:03:28] <INTERRUPT>
[2026/09/10 18:03:28] =>
[2026/09/10 18:03:28] =>
[2026/09/10 18:03:28] 发送(hex): 03
[2026/09/10 18:03:28] 发送(hex): 0d
[2026/09/10 18:03:28] 发送(hex): 20
[2026/09/10 18:03:28] <INTERRUPT>
[2026/09/10 18:03:28] =>
[2026/09/10 18:03:28] =>
[2026/09/10 18:03:28] 发送(hex): 03
[2026/09/10 18:03:28] 发送(hex): 0d
[2026/09/10 18:03:28] 发送(hex): 20
[2026/09/10 18:03:28] <INTERRUPT>
[2026/09/10 18:03:28] =>
[2026/09/10 18:03:28] =>
[2026/09/10 18:03:28] 发送(hex): 03
[2026/09/10 18:03:28] 发送(hex): 0d
[2026/09/10 18:03:28] 发送(hex): 20
[2026/09/10 18:03:28] <INTERRUPT>
[2026/09/10 18:03:28] =>
[2026/09/10 18:03:28] =>
[2026/09/10 18:03:28] 发送(hex): 03
[2026/09/10 18:03:28] 发送(hex): 0d
[2026/09/10 18:03:28] 发送(hex): 20
[2026/09/10 18:03:28] <INTERRUPT>
[2026/09/10 18:03:28] =>
[2026/09/10 18:03:28] =>
[2026/09/10 18:03:28] 发送(hex): 03
[2026/09/10 18:03:28] 发送(hex): 0d
[2026/09/10 18:03:28] <INT
[2026/09/10 18:03:28] 发送(hex): 20
[2026/09/10 18:03:28] ERRUPT>
[2026/09/10 18:03:28] =>
[2026/09/10 18:03:28] =>
[2026/09/10 18:03:28] 发送(hex): 03
[2026/09/10 18:03:28] 发送(hex): 0d
[2026/09/10 18:03:28] <INTERRUPT
[2026/09/10 18:03:28] 发送(hex): 20
[2026/09/10 18:03:28] >
[2026/09/10 18:03:28] =>
[2026/09/10 18:03:28] =>
[2026/09/10 18:03:28] 发送(hex): 03
[2026/09/10 18:03:28] 发送(hex): 0d
[2026/09/10 18:03:28] <INTERRUPT>
[2026/09/10 18:03:28] =>
[2026/09/10 18:03:28] 发送(hex): 20
[2026/09/10 18:03:28] =>
[2026/09/10 18:03:28] 发送(hex): 03
[2026/09/10 18:03:28] 发送(hex): 0d
[2026/09/10 18:03:28] <INTERRUPT>
[2026/09/10 18:03:28] =>
[2026/09/10 18:03:28] 发送(hex): 20
[2026/09/10 18:03:28] =>
[2026/09/10 18:03:28] 发送(hex): 03
[2026/09/10 18:03:28] 发送(hex): 0d
[2026/09/10 18:03:28] 发送(hex): 20
[2026/09/10 18:03:28] <INTERRUPT>
[2026/09/10 18:03:28] =>
[2026/09/10 18:03:28] =>
[2026/09/10 18:03:28] 发送(hex): 03
[2026/09/10 18:03:28] 发送(hex): 0d
[2026/09/10 18:03:28] 发送(hex): 20
[2026/09/10 18:03:28] <INTERRUPT>
[2026/09/10 18:03:28] =>
[2026/09/10 18:03:28] =>
[2026/09/10 18:03:28] 发送(hex): 03
[2026/09/10 18:03:28] 发送(hex): 0d
[2026/09/10 18:03:28] 发送(hex): 20
[2026/09/10 18:03:28] <INTERRUPT>
[2026/09/10 18:03:28] =>
[2026/09/10 18:03:28] =>
[2026/09/10 18:03:28] 发送(hex): 03
[2026/09/10 18:03:28] 发送(hex): 0d
[2026/09/10 18:03:28] 发送(hex): 20
[2026/09/10 18:03:28] <INTERRUPT>
[2026/09/10 18:03:28] =>
[2026/09/10 18:03:28] =>
[2026/09/10 18:03:28] 发送(hex): 03
[2026/09/10 18:03:28] <INTERRUPT>
[2026/09/10 18:03:28] =>
[2026/09/10 18:03:44] 发送(hex): 0d
[2026/09/10 18:03:44] 发送(hex): 0d
[2026/09/10 18:03:44] =>
[2026/09/10 18:03:44] 发送(hex): 0d
[2026/09/10 18:03:44] 发送(hex): 0d
[2026/09/10 18:03:44] =>
[2026/09/10 18:03:44] =>
[2026/09/10 18:03:44] 发送(hex): 0d
[2026/09/10 18:03:44] 发送(hex): 7575656e765f696e69743b7575656e765f73657420506d6f646520313b7575656e765f736176653b7265730d
[2026/09/10 18:03:44] =>
[2026/09/10 18:03:44] => uuenv_init;uuenv_set Pmode 1;uuenv_save;res
[2026/09/10 18:03:44] save done
[2026/09/10 18:03:44] resetting ...
[2026/09/10 18:03:44] UART
[2026/09/10 18:03:44] <.
[2026/09/10 18:03:44] AC_ON
[2026/09/10 18:03:44] SW Reset
[2026/09/10 18:03:44] HASH1_VERSION=0x00000000 64bit
[2026/09/10 18:03:44] E-A
[2026/09/10 18:03:44] [ETT_Main] Clock MPLL Init
[2026/09/10 18:03:44] [ETT_Main]MIU_ver 20260417-11996427-OneBin-V20.4-RefineWDTNew
[2026/09/10 18:03:44] [DRAMC] AC ON-0
[2026/09/10 18:03:44] [FAST_K]
[2026/09/10 18:03:44] [MOBF] Gen SW key
[2026/09/10 18:03:44] CH0 DramsizeFlag_CH0 DUMMY_REG = 0x1
[2026/09/10 18:03:44] dramc_channel0 restore dramsize_flag = 0x1
[2026/09/10 18:03:44] [FAST_K]
[2026/09/10 18:03:44] CH2 DramsizeFlag_CH2 DUMMY_REG = 0x0
[2026/09/10 18:03:44] dramc_channel2 restore dramsize_flag = 0x0
[2026/09/10 18:03:44] dispatch to 1 EMI 2 CH
[2026/09/10 18:03:44] MIUP set area: 3GB
[2026/09/10 18:03:44] EMI bist: [32mM0 pass[0m
[2026/09/10 18:03:44] EMI bist: [32mM2 pass[0m
[2026/09/10 18:03:44] fake engine: [32mpass[00000000][0m
[2026/09/10 18:03:44] fake engine: [32mpass[00000001][0m
[2026/09/10 18:03:44] u4dram_info=0x2406
[2026/09/10 18:03:44] TEELOADER_VERSION=0x00000000
[2026/09/10 18:03:44] optee teeloader entry
[2026/09/10 18:03:44] MultiOptee image detected, Mod
[2026/09/10 18:03:44] elID=17B06E0B
[2026/09/10 18:03:44] MultiOptee image detected, ModelID=17B06E0B
[2026/09/10 18:03:45] CusConfig
[2026/09/10 18:03:45] ARMFW_VERSION=0x00000000
[2026/09/10 18:03:45] OPTEE_VERSION=0x00000000
[2026/09/10 18:03:45] OPTEECUST_VERSION=0x00000000
[2026/09/10 18:03:45] REELOADER_VERSION=0x00000000
[2026/09/10 18:03:45] ns_uboot_boot
[2026/09/10 18:03:45] NOTICE:  BL31: v2.4(debug):f102f7cc7
[2026/09/10 18:03:45] NOTICE:  BL31: Built : 20:53:08, Jul 17 2026
[2026/09/10 18:03:45] INFO:    BL31: Initializing runtime services
[2026/09/10 18:03:45] INFO:    BL31: Initializing BL32
[2026/09/10 18:03:45] [TEE] TRIAL BOOT: 0
[2026/09/10 18:03:45] [DynRamlog] wait for configuring by tee driver
[2026/09/10 18:03:45] INFO:    BL31: Preparing for EL3 exit to normal world
[2026/09/10 18:03:45] INFO:    Entry point address = 0x20100010
[2026/09/10 18:03:45] ree_entry
[2026/09/10 18:03:45] Check WDT....
[2026/09/10 18:03:45] UBOOT_VERSION=0x00000000
[2026/09/10 18:03:45] U-Boot2019.04-g23c3f665-dirty (Aug 23 2026 - 20:57:54 +0800)
[2026/09/10 18:03:45] Model: MediaTek MT5896 RFB
[2026/09/10 18:03:45] DRAM:  3 GiB
[2026/09/10 18:03:45] MMC:   mtk-mmc-fcie@1c660000: 0
[2026/09/10 18:03:45] Loading Environment from EXT4...
[2026/09/10 18:03:45] OK
[2026/09/10 18:03:45] [0;31m[ERROR] get_data_separation_i
[2026/09/10 18:03:45] nfo:254: [0m[data spr][start:1323][end:1332][total time:9]
[2026/09/10 18:03:45] [0;31m[ERROR] get_partition_info:394: [0mCan not find corresponding suffixed partition name:factory_preset_a !!!
[2026/09/10 18:03:45] [0;31m[ERROR] get_pid_from_preset_partition:1495: [0mError: sys_get_storage_info from factory_preset failure
[2026/09/10 18:03:45] [0;31m[ERROR
[2026/09/10 18:03:46] ] parse_tcl_ffvoice_lednum:1124: [0mdrive_item is not exist!
[2026/09/10 18:03:46] [0;31m[ERROR] parse_tcl_ffvoice_lednum:1144: [0muse default ffvoice lednum: 4!!!
[2026/09/10 18:03:46] [0;31m[ERROR] parse_tcl_led_stagespacetime:1019: [0mdrive_item is not exist!
[2026/09/10 18:03:46] [0;31m[ERROR] parse_tcl_led_stagespacetime:1039: [0muse default_ledstage: 0!!!
[2026/09/10 18:03:46] [0;31m[ERROR] parse_tcl_led_stagespacetime:1041: [0mset uenv led_stagespace : 0
[2026/09/10 18:03:46] device properties match:sid = "0"
[2026/09/10 18:03:46] [0;31m[ERROR] get_data_separation_info:270: [0mRead ini file success !
[2026/09/10 18:03:46] [0;31m[ERROR] To_parse_tcl_standby_qhb_support:234: [0mtcl_env_qhb = 0 or null or other,not support TCL  QHB
[2026/09/10 18:03:46] [0;31m[ERROR] dataindex_dtbo_overlay:644: [0m[DATAINDEX DTBO LOAD][start:1852][end:1942][total time:90]
[2026/09/10 18:03:46] Model: MediaTek MT5896 RFB
[2026/09/10 18:03:46] Net:
[2026/09/10 18:03:46] eth0: ethernet@1c700000
[2026/09/10 18:03:46] Booting(Working) pLedMode = LED_ON,pLightRate=80
[2026/09/10 18:03:46] slot:0 slot retry:0 a_corrupt:0 b_corrupt:0 successful:[1:0]
[2026/09/10 18:03:46] 00000000: 00 00 00 00 00 00 00 00 00 00 00 00 00 00 00 00    ................
[2026/09/10 18:03:46] 00000010: 00 00 00 00 00 00 00 00 00 00 00 00 00 00 00 00    ................
[2026/09/10 18:03:46] [0;31m[ERROR] get_boot_mode_from_partition:354: [0mdump  OK
[2026/09/10 18:03:46] androidboot boot reason = ac
[2026/09/10 18:03:46] Reboot reason == PM_BR_AC
[2026/09/10 18:03:46] upgrade status:done
[2026/09/10 18:03:46] [0;31m[ERROR] standby_mode_enter_standby:187: [0m[panic case]: no panic occur, normal deal
[2026/09/10 18:03:46] Normal booting mode!
[2026/09/10 18:03:46] [wei] mtk_panel_probe 991, PANEL LIB VER 5
[2026/09/10 18:03:46] [wei] BOOT_PNL_VERSION OLD
[2026/09/10 18:03:46] [0;31m[ERROR] standby_mode_enter_qhb:274: [0mThis PID   unsupport  TCL QHB !!!
[2026/09/10 18:03:46] [0;31m[ERROR] mtk_panel_init_device:998: [0m[BEFORE DEMURA][start:2179][end:2218][total time:39]
[2026/09/10 18:03:46] [0;31m[ERROR] mtk_panel_enable:1149: [0m
[2026/09/10 18:03:46] ---mtk_panel_enable:1149 Set mtk_panel_enable DelayTask 7
[2026/09/10 18:03:46] Hit any key to stop autoboot:  0
[2026/09/10 18:03:46] [0;31m[ERROR] do_check_upgrade_mode:216: [0mresolve path fail: /mnt/vendor/tvconfig/bsp/common/misc/upgrade_mode.ini
[2026/09/10 18:03:46] check_auto_update
[2026/09/10 18:03:46] seconds : 2
[2026/09/10 18:03:46] Ticking:
[2026/09/10 18:03:46] jpd_api: [ERR] _MApi_NJPD_Decoder_PrintError: d
[2026/09/10 18:03:46] ata loss error!!
[2026/09/10 18:03:46] jpd_api: [ERR] _MApi_NJPD_Decoder_PrintError: bitstream error!!
[2026/09/10 18:03:46] [0;31m[ERROR] mtk_jpd_decode:361: [0mJPEG decode failed!!
[2026/09/10 18:03:46] [0;31m[ERROR] standby_mode_enter_standby:187: [0m[panic case]: no panic occur, normal deal
[2026/09/10 18:03:46] Normal booting mode!
[2026/09/10 18:03:47] [0;31m[ERROR] get_panel_pwm_duty_info:2644: [0mRead ini file to DRAM failure
[2026/09/10 18:03:47] [0;31m[ERROR] Check_TSR_PMIC_Version:229: [0mThis PID   unsupport   TSR IC !!!
[2026/09/10 18:03:47] [0;31m[ERROR] _mtk_pnl_cust_backlight_i2c_init:2672: [0mRead subnode (backlight_i2c_info) FAIL
[2026/09/10 18:03:47] kfault cur reboot mode: 0x0
[2026/09/10 18:03:47] kfault tcllog size: 0x4000000
[2026/09/10 18:03:47] kfault io buf 0x5be1e750, size 0x400, pos 0x0, is_read 1, ret 0
[2026/09/10 18:03:47] kfault io buf 0x5be1eb60, size 0x2000, pos 0x400, is_read 1, ret 0
[2026/09/10 18:03:47] kfault io buf 0x5bd56b20, size 0x1000, pos 0x37ff000, is_read 1, ret 0
[2026/09/10 18:03:47] normal boot, just do tmp dump
[2026/09/10 18:03:47] MMC write: dev # 0, block # 1480696, count 8 ...
[2026/09/10 18:03:47] 8 blocks writte
[2026/09/10 18:03:47] n: OK
[2026/09/10 18:03:47] kfault io buf 0x5bd56b20, size 0x1000, pos 0x37ff000, is_read 0, ret 0
[2026/09/10 18:03:47] kfault_boot->log_num = 0
[2026/09/10 18:03:47] MMC write: dev # 0, block # 1366016, count 2 ...
[2026/09/10 18:03:47] 2 blocks written: OK
[2026/09/10 18:03:47] kfault io buf 0x5be1e750, size 0x400, pos 0x0, is_read 0, ret 0
[2026/09/10 18:03:47] [0;31m[ERROR] standby_mode_enter_standby:187: [0m[panic case]: no panic occur, normal deal
[2026/09/10 18:03:47] Normal booting mode!
[2026/09/10 18:03:47] upgradecheck - upgrade mode check command
[2026/09/10 18:03:47] Usage:
[2026/09/10 18:03:47] upgradecheck command: upgradecheck
[2026/09/10 18:03:47] retry_count: 0
[2026/09/10 18:03:47] ## Android Verified Boot 2.0 version 1.1.0
[2026/09/10 18:03:47] Disable Flash Update Mode
[2026/09/10 18:03:47] Verification passed su
[2026/09/10 18:03:47] ccessfully
[2026/09/10 18:03:47] Boot state is: Green !
[2026/09/10 18:03:47] Kernel load addr 0x26000000 size 41887 KiB
[2026/09/10 18:03:47] RAM disk load addr 0x01000000 size 2039 KiB
[2026/09/10 18:03:47] [0;31m[ERROR] bootargs_append:2318: [0mset cfg is androidboot.device_name=G08 androidboot.series=C androidboot.product=C745 androidboot.product_name=G08_4K_GB androidboot.client_type=TCL-EU-MT9653-S1 androidboot.model_name=Smart*TV*Pro androidboot.code_name=AU04 androidboot.ecid=22000000 androidboot.tcl_brand=TCL androidboot.manufacturer=TCL androidboot.oem_tag=EU androidboot.certify=unknown androidboot.extension=unknown androidboot.extension_res=unknown androidboot.extension_db=unknown
[2026/09/10 18:03:47] [0;31m[ERROR] bootargs_append:2318: [0mset cfg is androidboot.pid=0
[2026/09/10 18:03:47] device properties match:sid = "0"
[2026/09/10 18:03:47] [0;31m[ERROR] set_crashkernel_rsvmem:2278: [0mError: Read kdump file to Dram failed
[2026/09/10 18:03:47] do_tcl_crashkernel - tcl_crashkernel
[2026/09/10 18:03:47] Usage:
[2026/09/10 18:03:47] do_tcl_crashkernel command: set reserved memory for crashkernel
[2026/09/10 18:03:47] Loading Kernel Image ... OK
[2026/09/10 18:03:47] Loading Ramdisk to 29f09000, end 2bdff751 ... OK
[2026/09/10 18:03:47] Loading Device Tree to 000000002c4e1000, end 000000002c5ff9bb ... OK
[2026/09/10 18:03:48] [0;31m[ERROR] dataindex_dtbo_overlay:644: [0m[DATAINDEX DTBO LOAD][start:3811][end:3927][total time:116]
[2026/09/10 18:03:48] [0;31m[ERROR] standby_mode_enter_qhb:274: [0mThis PID   unsupport  TCL QHB !!!
[2026/09/10 18:03:48] [AutoTest][mboot][start kernel][3992]
[2026/09/10 18:03:48] Starting kernel ...
[2026/09/10 18:03:48] kfault io buf 0x5be51660, size 0x28, pos 0x400, is_read 1, ret 0
[2026/09/10 18:03:48] last status:0x0
[2026/09/10 18:03:48] MMC write: dev # 0, block # 1480632, count 7 ...
[2026/09/10 18:03:48] 7 blocks written: OK
[2026/09/10 18:03:48] MMC write: dev # 0, block # 1480639, count 1 ...
[2026/09/10 18:03:48] 1 blocks written: OK
[2026/09/10 18:03:48] kfault io buf 0x5be4ae80, size 0xf1b, pos 0x37f7000, is_read 0, ret 0
[2026/09/10 18:03:48] MMC write: dev # 0, block # 1366018, count 1 ...
[2026/09/10 18:03:48] 1 blocks written: OK
[2026/09/10 18:03:48] kfault io buf 0x5bd63a30, size 0x28, pos 0x400, is_read 0, ret 0
[2026/09/10 18:03:48] WARNING: Unimple
[2026/09/10 18:03:48] mented Standard Service Call: 0x84000050
[2026/09/10 18:03:49] [    0.323467][    T1] cl
[2026/09/10 18:03:49] k_mt5896: we have : PM
[2026/09/10 18:03:49] [    0.323490][    T1] clk_mt5896: we have : NONPM
[2026/09/10 18:03:49] [Ramlog] tee_config_dyn_ramlog_by_cookie is success
[2026/09/10 18:03:49] [    0.473700][    T1] [K][EFUSE]mtk_efuse_init() ----- START
[2026/09/10 18:03:49] [    0.479355][    T1] [K][EFUSE]mtk_efuse_init() ----> OK
[2026/09/10 18:03:49] [    0.491812][    T1] ir set ir_arm_en to 1.
[2026/09/10 18:03:49] [    0.496024][    T1] ir get boot status 2.
[2026/09/10 18:03:49] [    0.500050][    T1] ir set boot status to 3.
[2026/09/10 18:03:49] [    0.504377][    T1] ir get key 65535.
[2026/09/10 18:03:49] [    0.508047][    T1] mtk-ir 1c080000.ir_in: ir probe done.
[2026/09/10 18:03:49] [    0.519821][    T1] [0][0][0]
[2026/09/10 18:03:49] [    0.530707][    T1] add null memory dma_heap with name mtk_nullmem_1
[2026/09/10 18:03:49] [    0.537076][    T1]     range from 0x3000000 to 0x13000000
[2026/09/10 18:03:49] [    0.537076][    T1]
[2026/09/10 18:03:49] [    0.537076][    T1]
[2026/09/10 18:03:49] [    0.570831][    T1] we have : seal
[2026/09/10 18:03:49] [
[2026/09/10 18:03:49] 0.656036][   T67] mtk_mci 1c660000.mtk-mmc-fcie: [ mtk_fcie_set_ios() Ln.4351 ]
[2026/09/10 18:03:49] [    0.663640][   T67] mtk_mci 1c660000.mtk-mmc-fcie: Ld HS400ES
[2026/09/10 18:03:49] [    0.671900][   T67] mtk_mci 1c660000.mtk-mmc-fcie: eMMC: HS400 5.1 200MHz
[2026/09/10 18:03:49] [    0.678740][    T1] [Alg Debug] MApi_PQ_CLI_CFD_Init sucess!!
[2026/09/10 18:03:49] [    0.678965][   T67] mtk_mci 1c660000.mtk-mmc-fcie: eMMC: HS400 5.1 200MHz
[2026/09/10 18:03:49] [    0.695591][    T1] lizw pp 1
[2026/09/10 18:03:49] [    0.706284][    T1] ux_thread: uxthread_init done!
[2026/09/10 18:03:49] [    0.711906][    T1] tcl_action_monitor: kfault kernel timeout init
[2026/09/10 18:03:50] [
[2026/09/10 18:03:50] 1.706023][  T122] tcl_action_monitor: kfault stop kernel init timeout
[2026/09/10 18:03:51] console:/ $
[2026/09/10 18:03:52] [0;32;31m [ramlog] tee_get_raml
[2026/09/10 18:03:52] og_config 586 [m
[2026/09/10 18:03:52] [ramlog] Chip ID: 27 f3 04 f5 fd 0b 95 c5 8d 04 00 00
[2026/09/10 18:03:52] [ramlog] TEE log is not enabled (I2C mode:1)
[2026/09/10 18:03:54] [    5.162975][  T320] mtk_and: line 0: glide-disk-cach%com.google.android.apps.tv.launcherx=S:N-20
[2026/09/10 18:03:54] [    5.171869][  T320] mtk_and: line 1: animation%com.netflix.ninja=S:N-10
[2026/09/10 18:03:54] [    5.178617][  T320] mtk_and: line 2: Thread-17%com.amazon.amazonvideo.livingroom=S:R1
[2026/09/10 18:03:54] [    5.186470][  T320] mtk_and: line 3: Thread-18%com.amazon.amazonvideo.livingroom=S:R1
[2026/09/10 18:03:54] [    5.529757][  T122] mtu3 1c7a3e00.usb: ssusb clock enable
[2026/09/10 18:03:54] [    5.548625][  T1
[2026/09/10 18:03:54] 22] mtu3 1c1b3e00.usb: ssusb clock enable
[2026/09/10 18:03:54] Info: get MI daemon priority before System Init: [-20]
[2026/09/10 18:03:54] [mi_daemon]!!!Enter MI daemon prcoess!! start time =5600
[2026/09/10 18:03:54] [mi_daemon][HASHKEY]{_Bin_Hashkey_Init,692} ----- START not bGingaSupported
[2026/09/10 18:03:54] [mi_daemon][HASHKEY]{_Bin_Hashkey_Init,697} ----- START
[2026/09/10 18:03:54] [m
[2026/09/10 18:03:54] i_daemon][HASHKEY]{_getPathFromDataIndex,620} pszFilePath:/tclconfig/hardware/param/soc/dataIndex_00_WW_4K60_VbyOne.ini
[2026/09/10 18:03:54] Cannot get key 'HASHKEY:hashkey_file' in dataIndex file /tclconfig/hardware/param/soc/dataIndex_00_WW_4K60_VbyOne.ini
[2026/09/10 18:03:54] [IPAUTH][HASHKEY]{MApi_IPAUTH_Init_by_bin,580} (iBinSize:306)
[2026/09/10 18:03:54] [IPAUTH]{_IPAUTH_ReadDebugFile,308} ----- START
[2026/09/10 18:03:54] [IPAUTH]{_IPAUTH_ReadDebugFile,317} Debug file is not exist~(/data/vendor/ipauth_debug.txt)
[2026/09/10 18:03:54] [IPAUTH][HASHKEY]{MApi_IPAUTH_Init_by_bin,631} u16CustomerId:0x19
[2026/09/10 18:03:54] [IPAUTH][HASHKEY]{MApi_IPAUTH_Init_by_bin,693} u16HashkeyChipId:0x10D
[2026/09/10 18:03:54] [IPAUTH][HASHKEY]{_IPAUTH_HASHKEY_Verify,406} call HASHKEY_Verify()
[2026/09/10 18:03:54] [IPAUTH][HASHKEY]{_IPAUTH_HASHKEY_Verify,408} HASHKEY_Verify() return 0
[2026/09/10 18:03:54] [IPAUTH][HASHKEY]{MApi_IPAUTH_Init_by_bin,750} set _u8_hashkey_verify_result=OK
[2026/09/10 18:03:54] [IPAUTH][HASHKEY]{_IPAUTH_HASHKEY_set_BinDataToKernel,503} (u32Para1:1, pu8BinBuf:0xFF8B1C00, u32BufSize:306)
[2026/09/10 18:03:54] [IPAUTH][HASHKEY]{_IPAUTH_HASHKEY_set_BinDataToKernel,523} cmd:0x8791, u32_para_1:0x1, u32BufSize_in:306
[2026/09/10 18:03:54] [mi_daemon]!!!Enter MI daemon flow time=5600!!
[2026/09/10 18:03:54] [mi_daemon]{_MI_SYS_Init,809} _MI_SYS_Init() ----- START
[2026/09/10 18:03:54] !!!MI daemon prcoess start! MI daemon cost time=183!!!
[2026/09/10 18:03:54] Info: get MI daemon priority after Module Init: [0]
[2026/09/10 18:03:55] [    6.7
[2026/09/10 18:03:55] 40282][  T122] realtime_framework_init is invoked
[2026/09/10 18:03:55] [    6.745604][  T122] realtime_module_init [538], REALTIME_UID=2941
[2026/09/10 18:03:55] [    6.760524][  T406] tcl_vdf: vdf_send_task run..
[2026/09/10 18:03:56] [    6.908803][  T412] [austin_demod_dd][demod_probe] name = [austin_demod]
[2026/09/10 18:03:56] [    6.917125][  T412] [demod_probe][120] austin_dev->client->addr = 0x79
[2026/09/10 18:03:56] modprobe: alias lines in modules.alias must have 3 entries, not 5
[2026/09/10 18:03:56] modprobe: alias lines in modules.alias must have 3 entries, not 5
[2026/09/10 18:03:56] modprobe: alias lines in modules.alias must have 3 entries, not 4
[2026/09/10 18:03:56] modprobe: alias lines in modules.alias must have 3 entries, not 7
[2026/09/10 18:03:56] modprobe: alias lines in modules.alias must have 3 entries, not 5
[2026/09/10 18:03:56] modprobe: alias l[    6.958796][  T412] [austin_chk_exist][74] ret -121, --- 0 9 3 2
[2026/09/10 18:03:56] ines in modules.alias must have 3 entries, not 4
[2026/09/10 18:03:56] modprobe: alias lines in modules.alias must have 3 entries, not 4
[2026/09/10 18:03:56] modprobe: alias lines in modules.alias must have 3 entries, not 6
[2026/09/10 18:03:56] modprobe: alias lines in modules.alias must have 3 entri[    6.984587][  T412] [mdbgin_merak_demod_dd][mtk_demod_custom_file_open][2503] __entry__
[2026/09/10 18:03:56] es, not 5
[2026/09/10 18:03:56] modpr[    6.993981][  T412] [mtk_demod_custom_file_open][2542] CUSTOM_EQ_TYPE7
[2026/09/10 18:03:56] obe: alias lines[    7.002036][  T412] [mtk_demod_custom_file_open][2554] custom file open fail !
[2026/09/10 18:03:56] in modules.alia[    7.010467][  T412] 1ce00000.mtk-demod is already registered, pass it
[2026/09/10 18:03:56] s must have 3 entries, not 5
[2026/09/10 18:03:56] modprobe: alias lines in modules.alias must have 3 entries, not 4
[2026/09/10 18:03:56] modprobe: alias lines in modules.alias must have 3 entries, not 5
[2026/09/10 18:03:56] modprobe: alias lines in modules.alias must have 3 entries, not 5
[2026/09/10 18:03:56] modprobe: alias lines in modules.alias must have 3 entries, not 5
[2026/09/10 18:03:56] modprobe: alias lines in modules.alias must have 3 entries, not 6
[2026/09/10 18:03:56] modprobe: alias lines in modules.alias must have 3 entries, not 5
[2026/09/10 18:03:56] modprobe: alias lines in modules.alias must have 3 entries, not 4
[2026/09/10 18:03:56] Loading module /vendor/lib/modules/spi-mtkdtv-ci.ko with args ''
[2026/09/10 18:03:56] Loaded kernel module /vendor/lib/modules/spi-mtkdtv-ci.ko
[2026/09/10 18:03:56] [    7.345355][  T410] drv_hwreg_srccap_hdmirx_attach b_attach = 1
[2026/09/10 18:03:56] [    7.345357][  T410] drv_hwreg_srccap_hdmirx_attach size = 1
[2026/09/10 18:03:56] [    7.351527][  T410] hal_hwreg_srccap_hdmirx_ops_array[0].hw_version = 6
[2026/09/10 18:03:56] [    7.365972][  T410] u32_addr_min = eb00
[2026/09/10 18:03:56] [    7.369873][  T410] u32_addr_max = ebf0
[2026/09/10 18:03:56] modprobe: alias lines in modules.alias must have 3 entries, not 5
[2026/09/10 18:03:56] modprobe: alias lines in modules.alias must have 3 entries, not 5
[2026/09/10 18:03:56] modprobe: alias lines in modules.alias must have 3 entries, not 4
[2026/09/10 18:03:56] modprobe: alias lines in modules.alias must have 3 entries, not 7
[2026/09/10 18:03:56] modprobe: alias lines in modules.alias must have 3 entries, not 5
[2026/09/10 18:03:56] modprobe: alias lines in modules.alias must have 3 entries, not 4
[2026/09/10 18:03:56] modprobe: alia[    7.511044][  T122] kallsyms_lookup_name with kp ffffffc00822d4dc,ret=0
[2026/09/10 18:03:56] s lines in modul[    7.518993][  T122] stall_debug: chip id 0
[2026/09/10 18:03:56] es.alias must have 3 entries, not 4
[2026/09/10 18:03:56] modprobe: alias lines in modules.alias must have 3 entries, not 6
[2026/09/10 18:03:56] modprobe: alias lines in modules.alias must have 3 entries, not 5
[2026/09/10 18:03:56] modpr[    7.542082][  T161] current tty: ttyS0, irq: 22
[2026/09/10 18:03:56] obe: alias lines[    7.542089][  T122] stall_debug: hook sysrq-c OK
[2026/09/10 18:03:56] in modules.alias must have 3 en[    7.555272][  T122] stall_debug: alloc 1000 memory ok
[2026/09/10 18:03:56] tries, not 5
[2026/09/10 18:03:56] modprobe: alias lines in modules.alias must have 3 entries, not 4
[2026/09/10 18:03:56] modprobe: alias lines in modules.alias must have 3 entries, not 5
[2026/09/10 18:03:56] modprobe: alias lines in modules.alias must have 3 entries, not 5
[2026/09/10 18:03:56] modprobe: alias lines in modules.alias must have 3 entries, not 5
[2026/09/10 18:03:56] modprobe: alias lines in modules.alias must have 3 entries, not 6
[2026/09/10 18:03:56] modprobe: alias lines in modules.alias must have 3 entries, not 5
[2026/09/10 18:03:56] modprobe: alias lines in modules[    7.601429][  T477] stall_debug: rd_pid_max is 32768
[2026/09/10 18:03:56] .alias must have 3 entries, not [    7.608389][  T477] stall_debug: ptr_task_scs=ffffffc00d041000,size=40000
[2026/09/10 18:03:56] 4
[2026/09/10 18:03:56] Loading modul[    7.609707][  T122] kallsyms_lookup_name with kp ffffffc00822d4dc,ret=0
[2026/09/10 18:03:56] e /vendor/lib/modules/mtktv-regulator-mt5876.ko with args ''
[2026/09/10 18:03:56] Loaded kernel module /vendor/lib/modules/mtktv-regulator-mt5876.ko
[2026/09/10 18:03:56] Loading module /vendor/lib/modules/mtktv-thermal.ko with args ''
[2026/09/10 18:03:56] Loading module /vendor/lib/modules/mtktv-cpufreq-ca.ko with args ''
[2026/09/10 18:03:56] Loaded kernel module /v[    7.648357][  T122] kallsyms_lookup_name with kp ffffffc00822d4dc,ret=0
[2026/09/10 18:03:56] endor/lib/modules/mtktv-cpufreq-[    7.657686][  T122] die_helper: log_buf is from ffffffc00a8f0060,len 20000
[2026/09/10 18:03:56] ca.ko
[2026/09/10 18:03:56] Loading m[    7.665834][  T122] die_helper: log_buf pa is from 0x00000000288f0060,len 20000
[2026/09/10 18:03:56] odule /vendor/lib/modules/mtktv-cpufreq.ko with args ''
[2026/09/10 18:03:56] Loaded kernel module /vendor/lib/modules/mtktv-cpufreq.ko
[2026/09/10 18:03:56] Loading module /vendor/lib/modules/mtk-dramc.ko with args ''
[2026/09/10 18:03:56] Loading module /vendor/lib/modules/mtk-mediator.ko with args '[    7.683411][  T161] current tty: ttyS0, irq: 22
[2026/09/10 18:03:56] '
[2026/09/10 18:03:56] Loading module /vendor/lib/modules/cpu-freq-adapter.ko with args ''
[2026/09/10 18:03:56] Loaded kernel module /vendor/lib/modules/cpu-freq-adapter.ko
[2026/09/10 18:03:56] Loading module /vendor/lib/modules/mtktv-gpu-thermal.ko with args ''
[2026/09/10 18:03:56] Loaded kernel module /vendor/lib/modules/mtktv-gpu-thermal.ko
[2026/09/10 18:03:56] [    7.728441][  T477] stall_debug: enable ip record by scs OK
[2026/09/10 18:03:57] [    8.571784][  T569] [UserWrittenI2CWrite]: [IIC] TU
[2026/09/10 18:03:57] NER WRITE : NG, aSlaveAddr=0x7b
[2026/09/10 18:03:57] [    8.665933][  T569] [UserWrittenI2CRead]: [IIC] TUNER READ : NG, SlaveAddr=0x7b
[2026/09/10 18:03:57] [    8.733277]
[2026/09/10 18:03:57] [  T569] [UserWrittenI2CWrite]: [IIC] TUNER WRITE : NG, aSlaveAddr=0x7b
[2026/09/10 18:03:57] [    8.868516][  T569] [R842_I2C_Check][10232] NG!!
[2026/09/10 18:03:57] [    8.933766][  T569] [UserWrittenI2CWrite]: [IIC] TUNER WRITE : NG, aSlaveAddr=0x7b
[2026/09/10 18:03:57] [    8.95
[2026/09/10 18:03:57] 3608][  T569] [R842_InitReg][3250] NG!!
[2026/09/10 18:03:57] [    8.958215][  T569] [R842_Init][3063] NG!!
[2026/09/10 18:03:57] [    8.962464][  T569] [R842_tuner_init] fail
[2026/09/10 18:03:58] [    9.539239][  T645]
[2026/09/10 18:03:58] watchdog: watchdog0: watchdog did not stop!
[2026/09/10 18:03:58] [    9.838212][  T697] watchdog: watchdog0: watchdog did not stop!
[2026/09/10 18:03:59] CPU_AUDIO is running!
[2026/09/10 18:03:59] [10243521][_cpuAudio_ALSA_Driver_GetCardInfo][198]to open /proc/asound/cards
[2026/09/10 18:03:59] [10243766][_cpuAudio_ALSA_Driver_GetCardInfo][225]Available Sound Cards:[
[2026/09/10 18:03:59] 0 [mtktvsndcard   ]: mtk-tvsnd-card - mtk-tvsnd-card
[2026/09/10 18:03:59] MTK-TV-SOUND-ASOC-AUDIO-DRV
[2026/09/10 18:03:59] 1 [Loopback       ]: Loopback - Loopback
[2026/09/10 18:03:59] Loopback 1
[2026/09/10 18:03:59] 2 [mtkaloopsndcard]: mtkaloopsndcard - mtkaloopsndcard
[2026/09/10 18:03:59] mtkaloopsndcard 1
[2026/09/10 18:03:59] 3 [vocsndcard     ]: vocsndcard - vocsndcard
[2026/09/10 18:03:59] vocsndcard 1
[2026/09/10 18:03:59] ]
[2026/09/10 18:03:59] [10243815][_cpuAudio_ALSA_Driver_GetCardInfo][239]index of mtktvsndcard : 0
[2026/09/10 18:03:59] [10243823][_cpuAudio_ALSA_Driver_GetCardInfo][254]mtktvsndcard : /dev/snd/controlC0
[2026/09/10 18:03:59] [10243843][_cpuAudio_ALSA_Driver_GetCardInfo][273]close /proc/asound/cards done
[2026/09/10 18:03:59] [10244080][_cpuAudio_ALSA_Driver_GetKcontolId][400]pKControl:Utopia controls,fd:3,elist.count:40
[2026/09/10 18:03:59] [10244098][_cpuAudio_ALSA_Driver_GetKcontolId][403]MM RATE
[2026/09/10 18:03:59] [10244105][_cpuAudio_ALSA_Driver_GetKcontolId][403]MM GET PB BUF LEVEL
[2026/09/10 18:03:59] [10244110][_cpuAudio_ALSA_Driver_GetKcontolId][403]MM GET CAP BUF LEVEL
[2026/09/10 18:03:59] [10244115][_cpuAudio_ALSA_Driver_GetKcontolId][403]Duplex mm controls
[2026/09/10 18:03:59] [10244121][_cpuAudio_ALSA_Driver_GetKcontolId][403]Capture MUTE EVENT
[2026/09/10 18:03:59] [10244126][_cpuAudio_ALSA_Driver_GetKcontolId][403]Capture NONPCM EVENT
[2026/09/10 18:03:59] [10244131][_cpuAudio_ALSA_Driver_GetKcontolId][403]Capture NONPCM FLAG
[2026/09/10 18:03:59] [10244137][_cpuAudio_ALSA_Driver_GetKcontolId][403]Capture FASTLOCK MODE
[2026/09/10 18:03:59] [10244142][_cpuAudio_ALSA_Driver_GetKcontolId][403]Capture TIMESTAMP
[2026/09/10 18:03:59] [10244147][_cpuAudio_ALSA_Driver_GetKcontolId][403]Capture controls
[2026/09/10 18:03:59] [10244152][_cpuAudio_ALSA_Driver_GetKcontolId][403]DSP Reload
[2026/09/10 18:03:59] [10244157][_cpuAudio_ALSA_Driver_GetKcontolId][403]Utopia controls
[2026/09/10 18:03:59] [10244178][_cpuAudio_ALSA_Driver_GetKcontolId][407]got Kcontrol[Utopia controls] at id[12]
[2026/09/10 18:03:59] [10244208][cpuAudio_ALSA_Driver_Init][690]Audio memory size(0x2E57000) phyAudioBase(0x200000) busAudioBase(0x20200000)
[2026/09/10 18:03:59] [10244220][_cpuAudio_ALSA_Driver_InitPcmDevice][301]Opening PCM device node=0/2, period=11863/1024, format=2/48000/0
[2026/09/10 18:03:59] [10244920][cpuAudio_ALSA_Driver_Init][701]phyAudioBase(0x200000) => UserVirtualAddr(0xee169000)
[2026/09/10 18:03:59] [10255088][cpuAudio_getInfo][562][1;35m cpuAudio[Info](thread-name:)(pid:0)(tid:0) [0m
[2026/09/10 18:03:59] [10255142][cpuAudio_getInfo][566][1;35m cpuAudio[decR2:0x2396,sndR2:0xd264][Version](0x20) [0m
[2026/09/10 18:03:59] [cpuAudio_createPostprocessMonitorThread][370]armAudio_postprocessrMonitor_ver: 0xff20 thread created successfully
[2026/09/10 18:03:59] [cpuAudio_postprocess_init][16] dec_base(ee169000) DEC_R2_SHM_DDR_OFFSET(0x1911000) snd_base(ef329000) SND_R2_SHM_DDR_OFFSET(0x753000) p_decR2_shm(0xefa7a000) p_sndR2_shm(0xefa7c000)
[2026/09/10 18:03:59] [1;35m [cpuAudioPostProcess_main][327]Enter while(1) l[   10.477112][  T762] [mzc] init done
[2026/09/10 18:03:59] oop. [0m
[2026/09/10 18:04:00] [   11.250587][  T486] ir set boot status to 5.
[2026/09/10 18:04:00] [   11.639706][  T517] PowerHAL: [AT][AN][DC finish boot]
[2026/09/10 18:04:03] factory auto test loop start
[2026/09/10 18:04:03]  
[2026/09/10 18:04:09] 发送(hex): aa061001a7ef
[2026/09/10 18:04:09] «
[2026/09/10 18:04:09] ßN
[2026/09/10 18:04:11] 发送(hex): aa09700000000092eb
[2026/09/10 18:04:11] «
[2026/09/10 18:04:11] ßN
[2026/09/10 18:04:15] UART
[2026/09/10 18:04:15] <.
[2026/09/10 18:04:15] AC_ON
[2026/09/10 18:04:15] HASH1_VERSION=
[2026/09/10 18:04:15] 0x00000000 64bit
[2026/09/10 18:04:15] E-A
[2026/09/10 18:04:15] [ETT_Main] Clock MPLL Init
[2026/09/10 18:04:15] [ETT_Main]MIU_ver 20260417-11996427-OneBin-V20.4-RefineWDTNew
[2026/09/10 18:04:15] [DRAMC] AC ON-0
[2026/09/10 18:04:15] [FAST_K]
[2026/09/10 18:04:15] [MOBF] Gen SW key
[2026/09/10 18:04:15] CH0 DramsizeFlag_CH0 DUMMY_REG = 0x1
[2026/09/10 18:04:15] dramc_channel0 restore dramsize_flag = 0x1
[2026/09/10 18:04:15] [FAST_K]
[2026/09/10 18:04:15] CH2 DramsizeFlag_CH2 DUMMY_REG = 0x0
[2026/09/10 18:04:15] dramc_channel2 restore dramsize_flag = 0x0
[2026/09/10 18:04:15] dispatch to 1 EMI 2 CH
[2026/09/10 18:04:15] MIUP set area: 3GB
[2026/09/10 18:04:15] EMI bist: [32mM0 pass[0m
[2026/09/10 18:04:15] EMI bist: [32mM2 pass[0m
[2026/09/10 18:04:15] fake engine: [32mpass[00000000][0m
[2026/09/10 18:04:15] fake engine: [32mpass[00000001][0m
[2026/09/10 18:04:15] u4dram_info=0x2406
[2026/09/10 18:04:15] TEELOADER_VERSION=0x00000000
[2026/09/10 18:04:15] optee teeloader entry
[2026/09/10 18:04:15] MultiOptee image detected, ModelI
[2026/09/10 18:04:15] D=17B06E0B
[2026/09/10 18:04:15] Mu
[2026/09/10 18:04:15] ltiOptee image detected, ModelID=17B06E0B
[2026/09/10 18:04:15] CusConfig
[2026/09/10 18:04:15] ARMFW_VERSION=0x00000000
[2026/09/10 18:04:15] OPTEE_VERSION=0x00000000
[2026/09/10 18:04:15] OPTEECUST_VERSION=0x00000000
[2026/09/10 18:04:15] REELOADER_VERSION=0x00000000
[2026/09/10 18:04:15] ns_uboot_boot
[2026/09/10 18:04:15] NOTICE:  BL31: v2.4(debug):f102f7cc7
[2026/09/10 18:04:15] NOTICE:  BL31: Built : 20:53:08, Jul 17 2026
[2026/09/10 18:04:15] INFO:    BL31: Initializing runtime services
[2026/09/10 18:04:15] INFO:    BL31: Initializing BL32
[2026/09/10 18:04:15] [TEE] TRIAL BOOT: 0
[2026/09/10 18:04:15] [DynRamlog] wait for configuring by tee driver
[2026/09/10 18:04:15] INFO:    BL31: Preparing for EL3 exit to normal world
[2026/09/10 18:04:15] INFO:    Entry point address = 0x20100010
[2026/09/10 18:04:15] ree_entry
[2026/09/10 18:04:15] Check WDT....
[2026/09/10 18:04:15] UBOOT_VERSION=0x00000000
[2026/09/10 18:04:16] U-Boot2019.04-g23c3f665-dirty (Aug 23 2026 - 20:57:54 +0800)
[2026/09/10 18:04:16] Model: MediaTek MT5896 RFB
[2026/09/10 18:04:16] DRAM:  3 GiB
[2026/09/10 18:04:16] MMC:   mtk-mmc-fcie@1c660000: 0
[2026/09/10 18:04:16] Loading Environment from EX
[2026/09/10 18:04:16] T4... OK
[2026/09/10 18:04:16] [0;31m[ERROR] get_d
[2026/09/10 18:04:16] ata_separation_info:254: [0m[data spr][start:1301][end:1310][total time:9]
[2026/09/10 18:04:16] [0;31m[ERROR] get_partition_info:394: [0mCan not find corresponding suffixed partition name:factory_preset_a !!!
[2026/09/10 18:04:16] [0;31m[ERROR] get_pid_from_preset_partition:1495: [0mError: sys_get_storage_info from factory_preset failure
[2026/09/10 18:04:16] [0;31m[ERROR] parse_tcl_ffvoice_lednum:1124: [0mdrive_item is not exist!
[2026/09/10 18:04:16] [0;31m[ERROR] parse_tcl_ffvoice_lednum:1144: [0muse default ffvoice lednum: 4!!!
[2026/09/10 18:04:16] [0;31m[ERROR] parse_tcl_led_stagespacetime:1019: [0mdrive_item is not exist!
[2026/09/10 18:04:16] [0;31m[ERROR] parse_tcl_led_stagespacetime:1039: [0muse default_ledstage: 0!!!
[2026/09/10 18:04:16] [0;31m[ERROR] parse_tcl_led_stagespacetime:1041: [0mset uenv led_stagespace : 0
[2026/09/10 18:04:16] device properties match:sid = "0"
[2026/09/10 18:04:16] [0;31m[ERROR] get_data_separation_info:270: [0mRead ini file success !
[2026/09/10 18:04:16] [0;31m[ERROR] To_parse_tcl_standby_qhb_support:234: [0mtcl_env_qhb = 0 or null or other,not support TCL  QHB
[2026/09/10 18:04:17] [0;31m[ERROR] dataindex_dtbo_overlay:644: [0m[DATAINDEX DTBO LOAD][start:1835][end:1926][total time:91]
[2026/09/10 18:04:17] Model: MediaTek MT5896 RFB
[2026/09/10 18:04:17] Net:
[2026/09/10 18:04:17] eth0: ethernet@1c700000
[2026/09/10 18:04:17] Booting(Working) pLedMode = LED_ON,pLightRate=80
[2026/09/10 18:04:17] slot:0 slot retry:0 a_corrupt:0 b_corrupt:0 successful:[1:0]
[2026/09/10 18:04:17] 00000000: 00 00 00 00 00 00 00 00 00 00 00 00 00 00 00 00    ................
[2026/09/10 18:04:17] 00000010: 00 00 00 00 00 00 00 00 00 00 00 00 00 00 00 00    ................
[2026/09/10 18:04:17] [0;31m[ERROR] get_boot_mode_from_partition:354: [0mdump  OK
[2026/09/10 18:04:17] androidboot boot reason = ac
[2026/09/10 18:04:17] Reboot reason == PM_BR_AC
[2026/09/10 18:04:17] upgrade status:done
[2026/09/10 18:04:17] [0;31m[ERROR] standby_mode_enter_standby:187: [0m[panic case]: no panic occur, normal deal
[2026/09/10 18:04:17] Normal booting mode!
[2026/09/10 18:04:17] [wei] mtk_panel_probe 991, PANEL LIB VER 5
[2026/09/10 18:04:17] [wei] BOOT_PNL_VERSION OLD
[2026/09/10 18:04:17] [0;31m[ERROR] standby_mode_enter_qhb:274: [0mThis PID   unsupport  TCL QHB !!!
[2026/09/10 18:04:17] [0;31m[ERROR] mtk_panel_init_device:998: [0m[BEFORE DEMURA][start:2163][end:2203][total time:40]
[2026/09/10 18:04:17] [0;31m[ERROR] mtk_panel_enable:1149: [0m
[2026/09/10 18:04:17] ---mtk_panel_enable:1149 Set mtk_panel_enable DelayTask 7
[2026/09/10 18:04:17] Hit any key to stop autoboot:  0
[2026/09/10 18:04:17] [0;31m[ERROR] do_check_upgrade_mode:216: [0mresolve path fail: /mnt/vendor/tvconfig/bsp/common/misc/upgrade_mode.ini
[2026/09/10 18:04:17] check_auto_update
[2026/09/10 18:04:17] seconds : 2
[2026/09/10 18:04:17] Ticking:
[2026/09/10 18:04:17] jpd_api: [ERR] _MApi_NJPD_Decoder_Pr
[2026/09/10 18:04:17] intError: data loss error!!
[2026/09/10 18:04:17] jpd_api: [ERR] _MApi_NJPD_Decoder_PrintError: bitstream error!!
[2026/09/10 18:04:17] [0;31m[ERROR] mtk_jpd_decode:361: [0mJPEG decode failed!!
[2026/09/10 18:04:17] [0;31m[ERROR] standby_mode_enter_standby:187: [0m[panic case]: no panic occur, normal deal
[2026/09/10 18:04:17] Normal booting mode!
[2026/09/10 18:04:17] [0;31m[ERROR] get_panel_pwm_duty_info:2644: [0mRead ini file to DRAM failure
[2026/09/10 18:04:17] [0;31m[ERROR] Check_TSR_PMIC_Version:229: [0mThis PID   unsupport   TSR IC !!!
[2026/09/10 18:04:17] [0;31m[ERROR] _mtk_pnl_cust_backlight_i2c_init:2672: [0mRead subnode (backlight_i2c_info) FAIL
[2026/09/10 18:04:17] kfault cur reboot mode: 0x0
[2026/09/10 18:04:17] kfault tcllog size: 0x4000000
[2026/09/10 18:04:17] kfault io buf 0x5be1e750, size 0x400, pos 0x0, is_read 1, ret 0
[2026/09/10 18:04:17] kfault io buf 0x5be1eb60, size 0x2000, pos 0x400, is_read 1, ret 0
[2026/09/10 18:04:17] kfault io buf 0x5bd56b20, size 0x1000, pos 0x37ff000, is_read 1, ret 0
[2026/09/10 18:04:17] normal boot, just do tmp dump
[2026/09/10 18:04:17] MMC write: dev # 0, block # 1480696, count 8 ...
[2026/09/10 18:04:17] 8 blocks written: OK
[2026/09/10 18:04:17] kfault io buf 0x5bd56b20, size 0x1000, pos 0x37ff000, is_read 0, ret 0
[2026/09/10 18:04:17] kfault_boot->log_num = 0
[2026/09/10 18:04:17] MMC write: dev # 0, block # 1366016, count 2 ... 2 blocks written: OK
[2026/09/10 18:04:17] kfault io buf 0x5be1e750, size 0x400, pos 0x0, is_read 0, ret 0
[2026/09/10 18:04:17] [0;31m[ERROR] standby_mode_enter_standby:187: [0m[panic case]: no panic occur, normal deal
[2026/09/10 18:04:17] Normal booting mode!
[2026/09/10 18:04:17] upgradecheck - upgrade mode check command
[2026/09/10 18:04:17] Usage:
[2026/09/10 18:04:17] upgradecheck command: upgradecheck
[2026/09/10 18:04:17] retry_count: 0
[2026/09/10 18:04:17] ## Android Verified Boot 2.0 version 1.1.0
[2026/09/10 18:04:17] Disable Flash Update Mode
[2026/09/10 18:04:18] Verification pass
[2026/09/10 18:04:18] ed successfully
[2026/09/10 18:04:18] Boot state is: Green !
[2026/09/10 18:04:18] Kernel load addr 0x26000000 size 41887 KiB
[2026/09/10 18:04:18] RAM disk load addr 0x01000000 size 2039 KiB
[2026/09/10 18:04:18] [0;31m[ERROR] bootargs_append:2318: [0mset cfg is androidboot.device_name=G08 androidboot.series=C androidboot.product=C745 androidboot.product_name=G08_4K_GB androidboot.client_type=TCL-EU-MT9653-S1 androidboot.model_name=Smart*TV*Pro androidboot.code_name=AU04 androidboot.ecid=22000000 androidboot.tcl_brand=TCL androidboot.manufacturer=TCL androidboot.oem_tag=EU androidboot.certify=unknown androidboot.extension=unknown androidboot.extension_res=unknown androidboot.extension_db=unknown
[2026/09/10 18:04:18] [0;31m[ERROR] bootargs_append:2318: [0mset cfg is androidboot.pid=0
[2026/09/10 18:04:18] device properties match:sid = "0"
[2026/09/10 18:04:18] [0;31m[ERROR] set_crashkernel_rsvmem:2278: [0mError: Read kdump file to Dram failed
[2026/09/10 18:04:18] do_tcl_crashkernel - tcl_crashkernel
[2026/09/10 18:04:18] Usage:
[2026/09/10 18:04:18] do_tcl_crashkernel command: set reserved memory for crashkernel
[2026/09/10 18:04:18] Loading Kernel Image ... OK
[2026/09/10 18:04:18] Loading Ramdisk to 29f09000, end 2bdff751 ... OK
[2026/09/10 18:04:18] Loading Device Tree to 000000002c4e1000, end 000000002c5ff9bb ... OK
[2026/09/10 18:04:19] [0;31m[ERROR] dataindex_dtbo_overlay:644: [0m[DATAINDEX DTBO LOAD][start:3897][end:4015][total time:118]
[2026/09/10 18:04:19] [0;31m[ERROR] standby_mode_enter_qhb:274: [0mThis PID   unsupport  TCL QHB !!!
[2026/09/10 18:04:19] [AutoTest][mboot][start kernel][4080]
[2026/09/10 18:04:19] Starting kernel ...
[2026/09/10 18:04:19] kfault io buf 0x5be51660, size 0x28, pos 0x400, is_read 1, ret 0
[2026/09/10 18:04:19] last status:0x0
[2026/09/10 18:04:19] MMC write: dev # 0, block # 1480632, count 7 ... 7 blocks written: OK
[2026/09/10 18:04:19] MMC write: dev # 0, block # 1480639, count 1 ... 1 blocks written: OK
[2026/09/10 18:04:19] kfault io buf 0x5be4ae80, size 0xf1b, pos 0x37f7000, is_read 0, ret 0
[2026/09/10 18:04:19] MMC write: dev # 0, block # 1366018, count 1 ... 1 blocks written: OK
[2026/09/10 18:04:19] kfault io buf 0x5bd63a30, size 0x28, pos 0x400, is_read 0, ret 0
[2026/09/10 18:04:19] WARNING: Unimpleme
[2026/09/10 18:04:19] nted Standard Service Call: 0x84000050
[2026/09/10 18:04:19] [    0.323941][    T1] clk_m
[2026/09/10 18:04:19] t5896: we have : PM
[2026/09/10 18:04:19] [    0.323963][    T1] clk_mt5896: we have : NONPM
[2026/09/10 18:04:20] [Ramlog] tee_config_dyn_ramlog_by_cookie is success
[2026/09/10 18:04:20] [    0.473710][    T1] [K][EFUSE]mtk_efuse_init() ----- START
[2026/09/10 18:04:20] [    0.479364][    T1] [K][EFUSE]mtk_efuse_init() ----> OK
[2026/09/10 18:04:20] [    0.491819][    T1] ir set ir_arm_en to 1.
[2026/09/10 18:04:20] [    0.496031][    T1] ir get boot status 2.
[2026/09/10 18:04:20] [    0.500053][    T1] ir set boot status to 3.
[2026/09/10 18:04:20] [    0.504388][    T1] ir get key 167.
[2026/09/10 18:04:20] [    0.507887][    T1] mtk-ir 1c080000.ir_in: ir probe done.
[2026/09/10 18:04:20] [    0.519628][    T1] [0][0][0]
[2026/09/10 18:04:20] [    0.530446][    T1] add null memory dma_heap with name mtk_nullmem_1
[2026/09/10 18:04:20] [    0.536926][    T1]     range from 0x3000000 to 0x13000000
[2026/09/10 18:04:20] [    0.536926][    T1]
[2026/09/10 18:04:20] [    0.536926][    T1]
[2026/09/10 18:04:20] [    0.570726][    T1] we have : seal
[2026/09/10 18:04:20] [    0.656225][   T67] mtk_mci 1c660000.mtk-mmc-fcie: [ mtk_fcie_set_ios() Ln.4351 ]
[2026/09/10 18:04:20] [    0.663832][   T67] mtk_mci 1c660000.mtk-mmc-fcie: Ld HS400ES
[2026/09/10 18:04:20] [    0.672151][   T67] mtk_mci 1c660000.mtk-mmc-fcie: eMMC: HS400 5.1 200MHz
[2026/09/10 18:04:20] [    0.678995][    T1] [Alg Debug] MApi_PQ_CLI_CFD_Init sucess!!
[2026/09/10 18:04:20] [    0.679290][   T67] mtk_mci 1c660000.mtk-mmc-fcie: eMMC: HS400 5.1 200MHz
[2026/09/10 18:04:20] [    0.696236][    T1] lizw pp 1
[2026/09/10 18:04:20] [    0.706712][    T1] ux_thread: uxthread_init done!
[2026/09/10 18:04:20] [    0.712333][    T1] tcl_action_monitor: kfault kernel timeout init
[2026/09/10 18:04:21] [    1.809317][  T122] tcl_action_monitor: kfault stop kernel init timeout
[2026/09/10 18:04:21] console:/ $
[2026/09/10 18:04:22] [0;32;31m [ramlog] tee_get_ramlog_config 586 [m
[2026/09/10 18:04:22] [ramlog] Chip ID: 27 f3 04 f5 fd 0b 95 c5 8d 04 00 00
[2026/09/10 18:04:22] [ramlog] TEE log is not enabled (I2C mode:1)
[2026/09/10 18:04:24] [    4.595524]
[2026/09/10 18:04:24] [  T323] mtk_and: line 0: glide-disk-cach%com.google.android.apps.tv.launcherx=S:N-20
[2026/09/10 18:04:24] [    4.604824][  T323] mtk_and: line 1: animation%com.netflix.ninja=S:N-10
[2026/09/10 18:04:24] [    4.611515][  T323] mtk_and: line 2: Thread-17%com.amazon.amazonvideo.livingroom=S:R1
[2026/09/10 18:04:24] [    4.619379][  T323] mtk_and: line 3: Thread-18%com.amazon.amazonvideo.livingroom=S:R1
[2026/09/10 18:04:24] [    4.944246][  T122] mtu3 1c7a3e00.usb: ssusb clock enable
[2026/09/10 18:04:24] [    4.958362][  T122] mtu3 1c1b3e00.usb: ssusb clock enable
[2026/09/10 18:04:24] Info: get MI daemon priority before System
[2026/09/10 18:04:24] Init: [-20]
[2026/09/10 18:04:24] [mi_daemon]!!!Enter MI daemon prcoess!! start time =5037
[2026/09/10 18:04:24] [mi_daemon][HASHKEY]{_Bin_Hashkey_Init,692} ----- START not bGingaSupported
[2026/09/10 18:04:24] [mi_daemon][HASHKEY]{_Bin_Hashkey_Init,697} ----- START
[2026/09/10 18:04:24] [mi_daemon][HASHKEY]{_getPathFromDataIndex,620} pszFilePath:/tclconfig/hardware/param/soc/dataIndex_00_WW_4K60_VbyOne.ini
[2026/09/10 18:04:24] Cannot get key 'HASHKEY:hashkey_file' in dataIndex file /tclconfig/hardware/param/soc/dataIndex_00_WW_4K60_VbyOne.ini
[2026/09/10 18:04:24] [IPAUTH][HASHKEY]{MApi_IPAUTH_Init_by_bin,580} (iBinSize:306)
[2026/09/10 18:04:24] [IPAUTH]{_IPAUTH_ReadDebugFile,308} ----- START
[2026/09/10 18:04:24] [IPAUTH]{_IPAUTH_ReadDebugFile,317} Debug file is not exist~(/data/vendor/ipauth_debug.txt)
[2026/09/10 18:04:24] [IPAUTH][HASHKEY]{MApi_IPAUTH_Init_by_bin,631} u16CustomerId:0x19
[2026/09/10 18:04:24] [IPAUTH][HASHKEY]{MApi_IPAUTH_Init_by_bin,693} u16HashkeyChipId:0x10D
[2026/09/10 18:04:24] [IPAUTH][HASHKEY]{_IPAUTH_HASHKEY_Verify,406} call HASHKEY_Verify()
[2026/09/10 18:04:24] [IPAUTH][HASHKEY]{_IPAUTH_HASHKEY_Verify,408} HASHKEY_Verify() return 0
[2026/09/10 18:04:24] [IPAUTH][HASHKEY]{MApi_IPAUTH_Init_by_bin,750} set _u8_hashkey_verify_result=OK
[2026/09/10 18:04:24] [IPAUTH][HASHKEY]{_IPAUTH_HASHKEY_set_BinDataToKernel,503} (u32Para1:1, pu8BinBuf:0xFFDB2FA0, u32BufSize:306)
[2026/09/10 18:04:24] [IPAUTH][HASHKEY]{_IPAUTH_HASHKEY_set_BinDataToKernel,523} cmd:0x8791, u32_para_1:0x1, u32BufSize_in:306
[2026/09/10 18:04:24] [mi_daemon]!!!Enter MI daemon flow time=5037!!
[2026/09/10 18:04:24] [mi_daemon]{_MI_SYS_Init,809} _MI_SYS_Init() ----- START
[2026/09/10 18:04:24] !!!MI daemon prcoess start! MI daemon cost time=176!!!
[2026/09/10 18:04:24] Info: get MI daemon priority after Module Init: [0]
[2026/09/10 18:04:25] [    5.981132][
[2026/09/10 18:04:25] T122] realtime_framework_init is invoked
[2026/09/10 18:04:25] [    5.986359][  T122] realtime_module_init [538], REALTIME_UID=2941
[2026/09/10 18:04:25] [    6.001534][  T408] tcl_vdf: vdf_send_task run..
[2026/09/10 18:04:25] [    6.114048][  T415] [austin_demod_dd][demod_probe] name = [austin_demod]
[2026/09/10 18:04:25] [    6.121993][  T415] [demod_probe][120] austin_dev->client->addr = 0x79
[2026/09/10 18:04:25] [    6.130916][  T415] [austin_chk_exist][74] ret -121, --- 0 9 3 2
[2026/09/10 18:04:25] [    6.165524][  T415] [mdbgin_merak_demod_dd][mtk_demod_custom_file_open][2503] __entry__
[2026/09/10 18:04:25] [    6.173819][  T415] [mtk_demod_custom_file_open][2542] CUSTOM_EQ_TYPE7
[2026/09/10 18:04:25] [    6.182508][  T415] [mtk_demod_custom_file_open][2554] custom file open fail !
[2026/09/10 18:04:25] modprobe: alias [    6.189949][  T415] 1ce00000.mtk-demod is already registered, pass it
[2026/09/10 18:04:25] lines in modules.alias must have 3 entries, not 5
[2026/09/10 18:04:25] modprobe: alias lines in modules.alias must have 3 entries, not 5
[2026/09/10 18:04:25] modprobe: alias lines in modules.alias must have 3 entries, not 4
[2026/09/10 18:04:25] modprobe: alias lines in modules.alias must have 3 entries, not 7
[2026/09/10 18:04:25] modprobe: alias lines in modules.alias must have 3 entries, not 5
[2026/09/10 18:04:25] modprobe: alias lines in modules.alias must have 3 entries, not 4
[2026/09/10 18:04:25] modprobe: alias lines in modules.alias must have 3 entries, not 4
[2026/09/10 18:04:25] modprobe: alias lines in modules.alias must have 3 entries, not 6
[2026/09/10 18:04:25] modprobe: alias lines in modules.alias must have 3 entries, not 5
[2026/09/10 18:04:25] modprobe: alias lines in modules.alias must have 3 entries, not 5
[2026/09/10 18:04:25] modprobe: alias lines in modules.alias must have 3 entries, not 4
[2026/09/10 18:04:25] modprobe: alias lines in modules.alias must have 3 entries, not 5
[2026/09/10 18:04:25] modprobe: alias lines in modules.alias must have 3 entries, not 5
[2026/09/10 18:04:25] modprobe: alias lines in modules.alias must have 3 entries, not 5
[2026/09/10 18:04:25] modprobe: alias lines in modules.alias must have 3 entries, not 6
[2026/09/10 18:04:25] modprobe: alias lines in modules.alias must have 3 entries, not 5
[2026/09/10 18:04:25] modprobe: alias lines in modules.alias must have 3 entries, not 4
[2026/09/10 18:04:25] Loading module /vendor/lib/modules/spi-mtkdtv-ci.ko with args ''
[2026/09/10 18:04:25] Loaded kernel module /vendor/lib/modules/spi-mtkdtv-ci.ko
[2026/09/10 18:04:26] [    6.555211][  T413] drv_hwreg_srccap_hdmirx_
[2026/09/10 18:04:26] attach b_attach = 1
[2026/09/10 18:04:26] [    6.555213][  T413] drv_hwreg_srccap_hdmirx_attach size = 1
[2026/09/10 18:04:26] [    6.561223][  T413] hal_hwreg_srccap_hdmirx_ops_array[0].hw_version = 6
[2026/09/10 18:04:26] [    6.575792][  T413] u32_addr_min = eb00
[2026/09/10 18:04:26] [    6.579925][  T413] u32_addr_max = ebf0
[2026/09/10 18:04:26] modprobe: alias lines in modules.alias must have 3 entries, not 5
[2026/09/10 18:04:26] modprobe: alias lines in modules.alias must have 3 entries, not 5
[2026/09/10 18:04:26] modprobe: alias lines in modules.alias must have 3 entries, not 4
[2026/09/10 18:04:26] modprobe: alias lines in modules.alias must have 3 entries, not 7
[2026/09/10 18:04:26] modprobe: alias lines in modules.alias must have 3 entries, not 5
[2026/09/10 18:04:26] modprobe: alias lines in modules.alias must have 3 entries, not 4
[2026/09/10 18:04:26] modprobe: alias lines in modules.alias must have 3 entries, not 4
[2026/09/10 18:04:26] modprobe: alias lines in modules.alias must have 3 entries, not 6
[2026/09/10 18:04:26] modprobe: alias lines in modules.alias must have 3 entries, not 5
[2026/09/10 18:04:26] modprobe: alias lines in modules.alias must have 3 entries, not 5
[2026/09/10 18:04:26] mo[    7.011262][  T122] kallsyms_lookup_name with kp ffffffc00822d4dc,ret=0
[2026/09/10 18:04:26] dprobe: alias li[    7.018868][  T122] stall_debug: chip id 0
[2026/09/10 18:04:26] nes in modules.alias must have 3 entries, not 4
[2026/09/10 18:04:26] modprobe: alias lines in modules.alias must hav[    7.031483][  T161] current tty: ttyS0, irq: 22
[2026/09/10 18:04:26] e 3 entries, not[    7.031486][  T122] stall_debug: hook sysrq-c OK
[2026/09/10 18:04:26] [    7.042950][  T122] stall_debug: alloc 1000 memory ok
[2026/09/10 18:04:26] 5
[2026/09/10 18:04:26] modprobe: alias lines in modules.alias must have 3 entries, not 5
[2026/09/10 18:04:26] modprobe: alias lines in modules.alias must have 3 entries, not 5
[2026/09/10 18:04:26] modprobe: alias lines in modules.alias must have 3 entries, not 6
[2026/09/10 18:04:26] modprobe: alias lines in modules.alias must have 3 [    7.069894][  T122] kallsyms_lookup_name with kp ffffffc00822d4dc,ret=0
[2026/09/10 18:04:26] entries, not 5
[2026/09/10 18:04:26] modprobe: alias lines in modules.alias must have 3 entries, not 4
[2026/09/10 18:04:26] Loading module /vendor/lib/modules/mtktv-regulator-mt5876.ko with args ''
[2026/09/10 18:04:26] Lo[    7.090580][  T490] stall_debug: rd_pid_max is 32768
[2026/09/10 18:04:26] aded kernel modu[    7.095925][  T490] stall_debug: ptr_task_scs=ffffffc00cf4d000,size=40000
[2026/09/10 18:04:26] le /vendor/lib/modules/mtktv-regulator-mt5876.ko[    7.107877][  T122] kallsyms_lookup_name with kp ffffffc00822d4dc,ret=0
[2026/09/10 18:04:26] Loading module /vendor/lib/mod[    7.116304][  T122] die_helper: log_buf is from ffffffc00a8f0060,len 20000
[2026/09/10 18:04:26] ules/mtktv-therm[    7.124400][  T122] die_helper: log_buf pa is from 0x00000000288f0060,len 20000
[2026/09/10 18:04:26] al.ko with args ''
[2026/09/10 18:04:26] Loading module /vendor/lib/modules/mtktv-cpu[    7.134691][  T161] current tty: ttyS0, irq: 22
[2026/09/10 18:04:26] freq-ca.ko with args ''
[2026/09/10 18:04:26] Loaded kernel module /vendor/lib/modules/mtktv-cpufreq-ca.ko
[2026/09/10 18:04:26] Loading module /vendor/lib/modules/mtktv-cpufreq.ko with args ''
[2026/09/10 18:04:26] Loaded kernel module /vendor/lib/modules/mtktv-cpufreq.ko
[2026/09/10 18:04:26] Loading module /vendor/lib/modules/mtk-dramc.ko with args ''
[2026/09/10 18:04:26] Loading module /vendor/lib/modules/mtk-mediator.ko with args ''
[2026/09/10 18:04:26] Loading module /vendor/lib/modules/cpu-freq-adapter.ko with args ''
[2026/09/10 18:04:26] Loaded kernel module /vendor/lib/modules/cpu-freq-adapter.ko
[2026/09/10 18:04:26] Loading module /vendor/lib/modules/mtktv-gpu-thermal.ko with args ''
[2026/09/10 18:04:26] Loaded kernel module /vendor/lib/modules/mtktv-gpu-thermal.ko
[2026/09/10 18:04:26] [    7.207283][  T490] stall_debug: enable ip record by scs OK
[2026/09/10 18:04:27] [    8.105577][  T572] [Use
[2026/09/10 18:04:27] rWrittenI2CWrite]: [IIC] TUNER WRITE : NG, aSlaveAddr=0x7b
[2026/09/10 18:04:27] [    8.202216][  T5
[2026/09/10 18:04:27] 72] [UserWrittenI2CRead]: [IIC] TUNER READ : NG, SlaveAddr=0x7b
[2026/09/10 18:04:27] [    8.242543][  T572] [UserWrittenI2CWrite]: [IIC] TUNER WRITE : NG, aSlaveAddr=0x7b
[2026/09/10 18:04:27] [    8.370725][  T572] [R842_I2C_Check][10232]
[2026/09/10 18:04:27] NG!!
[2026/09/10 18:04:27] [    8.436479][  T572] [Use
[2026/09/10 18:04:27] rWrittenI2CWrite]: [IIC] TUNER WRITE : NG, aSlaveAddr=0x7b
[2026/09/10 18:04:27] [    8.462876][  T572] [R842_InitReg][3250] NG!!
[2026/09/10 18:04:27] [    8.479543][  T572] [R842_Init][3063] NG!!
[2026/09/10 18:04:27] [    8.491372][  T572] [R842_tuner_init] fail
[2026/09/10 18:04:28] [    9.271772][  T683] watchdog: watchdog0: watchdog did not stop!
[2026/09/10 18:04:28] [    9.460024][  T722] watchdog: watchdog0: watchdog did not stop!
[2026/09/10 18:04:29] CPU_AUDIO is running!
[2026/09/10 18:04:29] [9752453][_cpuAudio_ALSA_Driver_GetCardInfo][198]to open /proc/asound/cards
[2026/09/10 18:04:29] [9752802][_cpuAudio_ALSA_Driver_GetCardInfo][225]Available Sound Cards:[
[2026/09/10 18:04:29] 0 [mtktvsndcard   ]: mtk-tvsnd-card - mtk-tvsnd-card
[2026/09/10 18:04:29] MTK-TV-SOUND-ASOC-AUDIO-DRV
[2026/09/10 18:04:29] 1 [Loopback       ]: Loopback - Loopback
[2026/09/10 18:04:29] Loopback 1
[2026/09/10 18:04:29] 2 [mtkaloopsndcard]: mtkaloopsndcard - mtkaloopsndcard
[2026/09/10 18:04:29] mtkaloopsndcard 1
[2026/09/10 18:04:29] 3 [vocsndcard     ]: vocsndcard - vocsndcard
[2026/09/10 18:04:29] vocsndcard 1
[2026/09/10 18:04:29] ]
[2026/09/10 18:04:29] [9752852][_cpuAudio_ALSA_Driver_GetCardInfo][239]index of mtktvsndcard : 0
[2026/09/10 18:04:29] [9752861][_cpuAudio_ALSA_Driver_GetCardInfo][254]mtktvsndcard : /dev/snd/controlC0
[2026/09/10 18:04:29] [9753323][_cpuAudio_ALSA_Driver_GetCardInfo][273]close /proc/asound/cards done
[2026/09/10 18:04:29] [9753601][_cpuAudio_ALSA_Driver_GetKcontolId][400]pKControl:Utopia controls,fd:3,elist.count:40
[2026/09/10 18:04:29] [9753622][_cpuAudio_ALSA_Driver_GetKcontolId][403]MM RATE
[2026/09/10 18:04:29] [9753628][_cpuAudio_ALSA_Driver_GetKcontolId][403]MM GET PB BUF LEVEL
[2026/09/10 18:04:29] [9753634][_cpuAudio_ALSA_Driver_GetKcontolId][403]MM GET CAP BUF LEVEL
[2026/09/10 18:04:29] [9753639][_cpuAudio_ALSA_Driver_GetKcontolId][403]Duplex mm controls
[2026/09/10 18:04:29] [9753644][_cpuAudio_ALSA_Driver_GetKcontolId][403]Capture MUTE EVENT
[2026/09/10 18:04:29] [9753649][_cpuAudio_ALSA_Driver_GetKcontolId][403]Capture NONPCM EVENT
[2026/09/10 18:04:29] [9753654][_cpuAudio_ALSA_Driver_GetKcontolId][403]Capture NONPCM FLAG
[2026/09/10 18:04:29] [9753659][_cpuAudio_ALSA_Driver_GetKcontolId][403]Capture FASTLOCK MODE
[2026/09/10 18:04:29] [9753664][_cpuAudio_ALSA_Driver_GetKcontolId][403]Capture TIMESTAMP
[2026/09/10 18:04:29] [9753669][_cpuAudio_ALSA_Driver_GetKcontolId][403]Capture controls
[2026/09/10 18:04:29] [9753674][_cpuAudio_ALSA_Driver_GetKcontolId][403]DSP Reload
[2026/09/10 18:04:29] [9753724][_cpuAudio_ALSA_Driver_GetKcontolId][403]Utopia controls
[2026/09/10 18:04:29] [9753734][_cpuAudio_ALSA_Driver_GetKcontolId][407]got Kcontrol[Utopia controls] at id[12]
[2026/09/10 18:04:29] [9753780][cpuAudio_ALSA_Driver_Init][690]Audio memory size(0x2E57000) phyAudioBase(0x200000) busAudioBase(0x20200000[    9.917507][  T764] [mzc] init done
[2026/09/10 18:04:29] )
[2026/09/10 18:04:29] [9753790][_cpuAudio_ALSA_Driver_InitPcmDevice][301]Opening PCM device node=0/2, period=11863/1024, format=2/48000/0
[2026/09/10 18:04:29] [9754548][cpuAudio_ALSA_Driver_Init][701]phyAudioBase(0x200000) => UserVirtualAddr(0xeda29000)
[2026/09/10 18:04:29] [9764702][cpuAudio_getInfo][562][1;35m cpuAudio[Info](thread-name:)(pid:0)(tid:0) [0m
[2026/09/10 18:04:29] [9764745][cpuAudio_getInfo][566][1;35m cpuAudio[decR2:0x2396,sndR2:0xd264][Version](0x20) [0m
[2026/09/10 18:04:29] [cpuAudio_createPostprocessMonitorThread][370]armAudio_postprocessrMonitor_ver: 0xff20 thread created successfully
[2026/09/10 18:04:29] [cpuAudio_postprocess_init][16] dec_base(eda29000) DEC_R2_SHM_DDR_OFFSET(0x1911000) snd_base(eebe9000) SND_R2_SHM_DDR_OFFSET(0x753000) p_decR2_shm(0xef33a000) p_sndR2_shm(0xef33c000)
[2026/09/10 18:04:29] [1;35m [cpuAudioPostProcess_main][327]Enter while(1) loop. [0m
[2026/09/10 18:04:29] [   10.502648][  T475] ir set boot status to 5.
[2026/09/10 18:04:30] [   10.837174][  T530] PowerHAL: [AT][AN][DC finish boot]
[2026/09/10 18:04:31] factory auto test loop start
[2026/09/10 18:04:31]  
[2026/09/10 18:04:50] 发送(hex): aa061001a7ef
[2026/09/10 18:04:50] «
[2026/09/10 18:04:50] ßN
[2026/09/10 18:04:51] 发送(hex): aa06110194de
[2026/09/10 18:04:51] «
[2026/09/10 18:04:51] ßN
[2026/09/10 18:04:56] [   37.427011][ T2317] [SRCCAP_HDMIRX_ERR][mtk_hdmirx_set_current_port][1855] set non-hdmi port
[2026/09/10 18:04:59] [   39.889183][    C0] [SRCCAP_HDMIRX_ERR][_irq_handler_pkt_parser_emp][5853] P81 sts=1
[2026/09/10 18:05:00] [   41.353363][   T68] mtk_mci 1c660000.mtk-mmc-fó
[2026/09/10 18:05:04] UART
[2026/09/10 18:05:04] <.
[2026/09/10 18:05:04] AC_ON
[2026/09/10 18:05:04] H
[2026/09/10 18:05:04] ASH1_VERSION=0x00000000 64bit
[2026/09/10 18:05:04] E-A
[2026/09/10 18:05:04] [ETT_Main] Clock MPLL Init
[2026/09/10 18:05:04] [ETT_Main]MIU_ver 20260417-11996427-OneBin-V20.4-RefineWDTNew
[2026/09/10 18:05:04] [DRAMC] AC ON-0
[2026/09/10 18:05:04] [FAST_K]
[2026/09/10 18:05:04] [MOBF] Gen SW key
[2026/09/10 18:05:04] CH0 DramsizeFlag_CH0 DUMMY_REG = 0x1
[2026/09/10 18:05:04] dramc_channel0 restore dramsize_flag = 0x1
[2026/09/10 18:05:04] [FAST_K]
[2026/09/10 18:05:04] CH2 DramsizeFlag_CH2 DUMMY_REG = 0x0
[2026/09/10 18:05:04] dramc_channel2 restore dramsize_flag = 0x0
[2026/09/10 18:05:04] dispatch to 1 EMI 2 CH
[2026/09/10 18:05:04] MIUP set area: 3GB
[2026/09/10 18:05:04] EMI bist: [32mM0 pass[0m
[2026/09/10 18:05:04] EMI bist: [32mM2 pass[0m
[2026/09/10 18:05:04] fake engine: [32mpass[00000000][0m
[2026/09/10 18:05:04] fake engine: [32mpass[00000001][0m
[2026/09/10 18:05:04] u4dram_info=0x2406
[2026/09/10 18:05:04] TEELOADER_VERSION=0x00000000
[2026/09/10 18:05:04] optee teeloader entry
[2026/09/10 18:05:04] MultiOptee image detected, Mod
[2026/09/10 18:05:04] elID=17B06E0B
[2026/09/10 18:05:04] MultiOptee image detected, ModelID=17B06E0B
[2026/09/10 18:05:04] CusConfig
[2026/09/10 18:05:04] ARMFW_VERSION=0x00000000
[2026/09/10 18:05:04] OPTEE_VERSION=0x00000000
[2026/09/10 18:05:04] OPTEECUST_VERSION=0x00000000
[2026/09/10 18:05:04] REELOADER_VERSION=0x00000000
[2026/09/10 18:05:04] ns_uboot_boot
[2026/09/10 18:05:04] NOTICE:  BL31: v2.4(debug):f102f7cc7
[2026/09/10 18:05:04] NOTICE:  BL31: Built : 20:53:08, Jul 17 2026
[2026/09/10 18:05:04] INFO:    BL31: Initializing runtime services
[2026/09/10 18:05:04] INFO:    BL31: Initializing BL32
[2026/09/10 18:05:04] [TEE] TRIAL BOOT: 0
[2026/09/10 18:05:04] [DynRamlog] wait for configuring by tee driver
[2026/09/10 18:05:04] INFO:    BL31: Preparing for EL3 exit to normal world
[2026/09/10 18:05:04] INFO:    Entry point address = 0x20100010
[2026/09/10 18:05:04] ree_entry
[2026/09/10 18:05:04] Check WDT....
[2026/09/10 18:05:04] UBOOT_VERSION=0x00000000
[2026/09/10 18:05:05] U-Boot2019.04-g23c3f665-dirty (Aug 23 2026 - 20:57:54 +0800)
[2026/09/10 18:05:05] Model: MediaTek MT5896 RFB
[2026/09/10 18:05:05] DRAM:  3 GiB
[2026/09/10 18:05:05] MMC:   mtk-mmc-fcie@1c660000: 0
[2026/09/10 18:05:05] Loading Environment from EXT4...
[2026/09/10 18:05:05] OK
[2026/09/10 18:05:05] [0;31m[ERROR] get_data_separation_info:25
[2026/09/10 18:05:05] 4: [0m[data spr][start:1297][end:1305][total time:8]
[2026/09/10 18:05:05] [0;31m[ERROR] get_partition_info:394: [0mCan not find corresponding suffixed partition name:factory_preset_a !!!
[2026/09/10 18:05:05] [0;31m[ERROR] get_pid_from_preset_partition:1495: [0mError: sys_get_storage_info from factory_preset failure
[2026/09/10 18:05:05] [0;31m[ERROR] parse_tcl_ffvoice_lednum:1124: [0mdr
[2026/09/10 18:05:05] ive_item is not exist!
[2026/09/10 18:05:05] [0;31m[ERROR] parse_tcl_ffvoice_lednum:1144: [0muse default ffvoice lednum: 4!!!
[2026/09/10 18:05:05] [0;31m[ERROR] parse_tcl_led_stagespacetime:1019: [0mdrive_item is not exist!
[2026/09/10 18:05:05] [0;31m[ERROR] parse_tcl_led_stagespacetime:1039: [0muse default_ledstage: 0!!!
[2026/09/10 18:05:05] [0;31m[ERROR] parse_tcl_led_stagespacetime:1041: [0mset uenv led_stagespace : 0
[2026/09/10 18:05:05] device properties match:sid = "0"
[2026/09/10 18:05:05] [0;31m[ERROR] get_data_separation_info:270: [0mRead ini file success !
[2026/09/10 18:05:05] [0;31m[ERROR] To_parse_tcl_standby_qhb_support:234: [0mtcl_env_qhb = 0 or null or other,not support TCL  QHB
[2026/09/10 18:05:06] [0;31m[ERROR] dataindex_dtbo_overlay:644: [0m[DATAINDEX DTBO LOAD][start:1820][end:1908][total time:88]
[2026/09/10 18:05:06] Model: MediaTek MT5896 RFB
[2026/09/10 18:05:06] Net:
[2026/09/10 18:05:06] eth0: ethernet@1c700000
[2026/09/10 18:05:06] Booting(Working) pLedMode = LED_ON,pLightRate=80
[2026/09/10 18:05:06] Saving Environment to EXT4...
[2026/09/10 18:05:06] done
[2026/09/10 18:05:06] OK
[2026/09/10 18:05:06] slot:0 slot
[2026/09/10 18:05:06] retry:0 a_corrupt:0 b_corrupt:0 successful:[1:0]
[2026/09/10 18:05:06] 00000000: 00 00 00 00 00 00 00 00 00 00 00 00 00 00 00 00    ................
[2026/09/10 18:05:06] 00000010: 00 00 00 00 00 00 00 00 00 00 00 00 00 00 00 00    ................
[2026/09/10 18:05:06] [0;31m[ERROR] get_boot_mode_from_partition:354: [0mdump  OK
[2026/09/10 18:05:06] androidboot boot reason = ac
[2026/09/10 18:05:06] Reboot reason == PM_BR_AC
[2026/09/10 18:05:06] upgrade status:done
[2026/09/10 18:05:06] [0;31m[ERROR] standby_mode_enter_standby:187: [0m[panic case]: no panic occur, normal deal
[2026/09/10 18:05:06] Normal booting mode!
[2026/09/10 18:05:06] [wei] mtk_panel_probe 991, PANEL LIB VER 5
[2026/09/10 18:05:06] [wei] BOOT_PNL_VERSION OLD
[2026/09/10 18:05:06] [0;31m[ERROR] standby_mode_enter_qhb:274: [0mThis PID   unsupport  TCL QHB !!!
[2026/09/10 18:05:06] [0;31m[ERROR] mtk_panel_init_device:998: [0m[BEFORE DEMURA][start:2255][end:2295][total time:40]
[2026/09/10 18:05:06] [0;31m[ERROR] mtk_panel_enable:1149: [0m
[2026/09/10 18:05:06] ---mtk_panel_enable:1149 Set mtk_panel_enable DelayTask 7
[2026/09/10 18:05:06] Hit any key to stop autoboot:  0
[2026/09/10 18:05:06] [0;31m[ERROR] do_check_upgrade_mode:216: [0mresolve path fail: /mnt/vendor/tvconfig/bsp/common/misc/upgrade_mode.ini
[2026/09/10 18:05:06] check_auto_update
[2026/09/10 18:05:06] seconds : 2
[2026/09/10 18:05:06] Ticking:
[2026/09/10 18:05:06] jpd_api: [ERR] _MApi_NJPD_Decoder_PrintError: data loss error!!
[2026/09/10 18:05:06] jpd_api: [ERR] _MApi_NJPD_Decoder_PrintError: bitstream error!!
[2026/09/10 18:05:06] [0;31m[ERROR] mtk_jpd_decode:361: [0mJPEG decode failed!!
[2026/09/10 18:05:06] [0;31m[ERROR] standby_mode_enter_standby:187: [0m[panic case]: no panic occur, normal deal
[2026/09/10 18:05:06] Normal booting mode!
[2026/09/10 18:05:06] [0;31m[ERROR] get_panel_pwm_duty_info:2644: [0mRead ini file to DRAM failure
[2026/09/10 18:05:06] [0;31m[ERROR] Check_TSR_PMIC_Version:229: [0mThis PID   unsupport   TSR IC !!!
[2026/09/10 18:05:06] [0;31m[ERROR] _mtk_pnl_cust_backlight_i2c_init:2672: [0mRead subnode (backlight_i2c_info) FAIL
[2026/09/10 18:05:06] kfault cur reboot mode: 0x0
[2026/09/10 18:05:06] kfault tcllog size: 0x4000000
[2026/09/10 18:05:06] kfault io buf 0x5be1ebf0, size 0x400, pos 0x0, is_read 1, ret 0
[2026/09/10 18:05:06] kfault io buf 0x5be1f000, size 0x2000, pos 0x400, is_read 1, ret 0
[2026/09/10 18:05:06] kfault io buf 0x5bd34760, size 0x1000, pos 0x37ff000, is_read 1, ret 0
[2026/09/10 18:05:06] normal boot, just do tmp dump
[2026/09/10 18:05:06] MMC write: dev # 0, block # 1480696, count 8 ...
[2026/09/10 18:05:06] 8 blocks written: OK
[2026/09/10 18:05:06] kfault io buf 0x5bd34760, size 0x1000, pos 0x37ff000, is_read 0, ret 0
[2026/09/10 18:05:06] kfault_boot->log_num = 0
[2026/09/10 18:05:06] MMC write: dev # 0, block # 1366016, count 2 ...
[2026/09/10 18:05:06] 2 blocks written: OK
[2026/09/10 18:05:06] kfault io buf 0x5be1ebf0, size 0x400, pos 0x0, is_read 0, ret 0
[2026/09/10 18:05:06] [0;31m[ERROR] standby_mode_enter_standby:187: [0m[panic case]: no panic occur, normal deal
[2026/09/10 18:05:06] Normal booting mode!
[2026/09/10 18:05:06] upgradecheck - upgrade mode check command
[2026/09/10 18:05:06] Usage:
[2026/09/10 18:05:06] upgradecheck command: upgradecheck
[2026/09/10 18:05:06] retry_count: 0
[2026/09/10 18:05:06] ## Android Verified Boot 2.0 version 1.1.0
[2026/09/10 18:05:06] Disable Flash Update Mode
[2026/09/10 18:05:07] Verification passed successfully
[2026/09/10 18:05:07] Boot state is: Green !
[2026/09/10 18:05:07] Kernel load addr 0x26000000 size 41887 KiB
[2026/09/10 18:05:07] RAM disk load addr 0x01000000 size 2039 KiB
[2026/09/10 18:05:07] [0;31m[ERROR] bootargs_append:2318: [0mset cfg is androidboot.device_name=G08 androidboot.series=C androidboot.product=C745 androidboot.product_name=G08_4K_GB androidboot.client_type=TCL-EU-MT9653-S1 androidboot.model_name=Smart*TV*Pro androidboot.code_name=AU04 androidboot.ecid=22000000 androidboot.tcl_brand=TCL androidboot.manufacturer=TCL androidboot.oem_tag=EU androidboot.certify=unknown androidboot.extension=unknown androidboot.extension_res=unknown androidboot.extension_db=unknown
[2026/09/10 18:05:07] [0;31m[ERROR] bootargs_append:2318: [0mset cfg is androidboot.pid=0
[2026/09/10 18:05:07] device properties match:sid = "0"
[2026/09/10 18:05:07] [0;31m[ERROR] set_crashkernel_rsvmem:2278: [0mError: Read kdump file to Dram failed
[2026/09/10 18:05:07] do_tcl_crashkernel - tcl_crashkernel
[2026/09/10 18:05:07] Usage:
[2026/09/10 18:05:07] do_tcl_crashkernel command: set reserved memory for crashkernel
[2026/09/10 18:05:07] Loading Kernel Image ...
[2026/09/10 18:05:07] OK
[2026/09/10 18:05:07] Loading Ramdisk to 29f09000, end 2bdff751 ... OK
[2026/09/10 18:05:07] Loading Device Tree to 000000002c4e1000, end 000000002c5ff9bb ... OK
[2026/09/10 18:05:08] [0;31m[ERROR] dataindex_dtbo_overlay:644: [0m[DATAINDEX DTBO LOAD][start:3874][end:3990][total time:116]
[2026/09/10 18:05:08] [0;31m[ERROR] standby_mode_enter_qhb:274: [0mThis PID   unsupport  TCL QHB !!!
[2026/09/10 18:05:08] [AutoTest][mboot][start kernel][4054]
[2026/09/10 18:05:08] Starting kernel ...
[2026/09/10 18:05:08] kfault io buf 0x5bebf1d0, size 0x28, pos 0x400, is_read 1, ret 0
[2026/09/10 18:05:08] last status:0x0
[2026/09/10 18:05:08] MMC write: dev # 0, block # 1480632, count 7 ...
[2026/09/10 18:05:08] 7 blocks written: OK
[2026/09/10 18:05:08] MMC write: dev # 0, block # 1480639, count 1 ...
[2026/09/10 18:05:08] 1 blocks written: OK
[2026/09/10 18:05:08] kfault io buf 0x5be40c00, size 0xf41, pos 0x37f7000, is_read 0, ret 0
[2026/09/10 18:05:08] MMC write: dev # 0, block # 1366018, count 1 ...
[2026/09/10 18:05:08] 1 blocks written: OK
[2026/09/10 18:05:08] kfault io buf 0x5bd4abe0, size 0x28, pos 0x400, is_read 0, ret 0
[2026/09/10 18:05:08] WARNING: Unimp
[2026/09/10 18:05:08] lemented Standard Service Call: 0x84000050
[2026/09/10 18:05:08] [    0.323520][    T1] clk
[2026/09/10 18:05:08] _mt5896: we have : PM
[2026/09/10 18:05:08] [    0.323542][    T1] clk_mt5896: we have : NONPM
[2026/09/10 18:05:09] [Ramlog] tee_config_dyn_ramlog_by_cookie is success
[2026/09/10 18:05:09] [    0.473185][    T1] [K][EFUSE]mtk_efuse_init() ----- START
[2026/09/10 18:05:09] [    0.478806][    T1] [K][EFUSE]mtk_efuse_init() ----> OK
[2026/09/10 18:05:09] [    0.491288][    T1] ir set ir_arm_en to 1.
[2026/09/10 18:05:09] [    0.495471][    T1] ir get boot status 2.
[2026/09/10 18:05:09] [    0.499523][    T1] ir set boot status to 3.
[2026/09/10 18:05:09] [    0.503794][    T1] ir get key 11.
[2026/09/10 18:05:09] [    0.507229][    T1] mtk-ir 1c080000.ir_in: ir probe done.
[2026/09/10 18:05:09] [    0.518942][    T1] [0][0][0]
[2026/09/10 18:05:09] [    0.529763][    T1] add null memory dma_heap with name mtk_nullmem_1
[2026/09/10 18:05:09] [    0.536185][    T1]     range from 0x3000000 to 0x13000000
[2026/09/10 18:05:09] [    0.536185][    T1]
[2026/09/10 18:05:09] [    0.536185][    T1]
[2026/09/10 18:05:09] [    0.569734][    T1] we have : seal
[2026/09/10 18:05:09] [    0.655788][   T67] mtk_mci 1c660000.mtk-mmc-fcie: [ mtk_fcie_set_ios() Ln.4351 ]
[2026/09/10 18:05:09] [    0.663400][   T67] mtk_mci 1c660000.mtk-mmc-fcie: Ld HS400ES
[2026/09/10 18:05:09] [    0.671648][   T67] mtk_mci 1c660000.mtk-mmc-fcie: eMMC: HS400 5.1 200MHz
[2026/09/10 18:05:09] [    0.678475][    T1] [Alg Debug] MApi_PQ_CLI_CFD_Init sucess!!
[2026/09/10 18:05:09] [    0.678726][   T67] mtk_mci 1c660000.mtk-mmc-fcie: eMMC: HS400 5.1 200MHz
[2026/09/10 18:05:09] [    0.695281][    T1] lizw pp 1
[2026/09/10 18:05:09] [
[2026/09/10 18:05:09] 0.705967][    T1] ux_thread: uxthread_init done!
[2026/09/10 18:05:09] [    0.711573][    T1] tcl_action_monitor: kfault kernel timeout init
[2026/09/10 18:05:10] [    1.728125][  T121] tcl_action_monitor: kfault stop kernel init timeout
[2026/09/10 18:05:10] console:/ $
[2026/09/10 18:05:12] [0;32;31m [ramlog] tee_get_ramlog_config 586 [m
[2026/09/10 18:05:12] [ramlog] Chip ID: 27 f3 04 f5 fd 0b 95 c5 8d 04 00 00
[2026/09/10 18:05:12] [ramlog] TEE log is not enabled (I2C mode:1)
[2026/09/10 18:05:13] [    4.671573][  T318] mtk_and: line 0: glide-disk-cac
[2026/09/10 18:05:13] h%com.google.android.apps.tv.launcherx=S:N-20
[2026/09/10 18:05:13] [    4.680857][  T318] mtk_and: line 1: animation%com.netflix.ninja=S:N-10
[2026/09/10 18:05:13] [    4.687494][  T318] mtk_and: line 2: Thread-17%com.amazon.amazonvideo.livingroom=S:R1
[2026/09/10 18:05:13] [    4.695363][  T318] mtk_and: line 3: Thread-18%com.amazon.amazonvideo.livingroom=S:R1
[2026/09/10 18:05:13] [    5.025743][  T121] mtu3 1c7a3e00.usb: ssusb clock enable
[2026/09/10 18:05:13] [    5.038576][  T121] mtu3 1c1b3e00.usb: ssusb clock enable
[2026/09/10 18:05:13] Info: get MI daemon priority before System Init: [-20]
[2026/09/10 18:05:13] [mi_daemon]!!!Enter MI daemon prcoess!! start time =5144
[2026/09/10 18:05:13] [mi_daemon][HASHKEY]{_Bin_Hashkey_Init,692} ----- START not bGingaSupported
[2026/09/10 18:05:13] [mi_daemon][HASHKEY]{_Bin_Hashkey_Init,697} ----- START
[2026/09/10 18:05:13] [mi_daemon][HASHKEY]{_getPathFromDataIndex,620} pszFilePath:/tclconfig/hardware/param/soc/dataIndex_00_WW_4K60_VbyOne.ini
[2026/09/10 18:05:13] Cannot get key 'HASHKEY:hashkey_file' in dataIndex file /tclconfig/hardware/param/soc/dataIndex_00_WW_4K60_VbyOne.ini
[2026/09/10 18:05:13] [IPAUTH][HASHKEY]{MApi_IPAUTH_Init_by_bin,580} (iBinSize:306)
[2026/09/10 18:05:13] [IPAUTH]{_IPAUTH_ReadDebugFile,308} ----- START
[2026/09/10 18:05:13] [IPAUTH]{_IPAUTH_ReadDebugFile,317} Debug file is not exist~(/data/vendor/ipauth_debug.txt)
[2026/09/10 18:05:13] [IPAUTH][HASHKEY]{MApi_IPAUTH_Init_by_bin,631} u16CustomerId:0x19
[2026/09/10 18:05:13] [IPAUTH][HASHKEY]{MApi_IPAUTH_Init_by_bin,693} u16HashkeyChipId:0x10D
[2026/09/10 18:05:13] [IPAUTH][HASHKEY]{_IPAUTH_HASHKEY_Verify,406} call HASHKEY_Verify()
[2026/09/10 18:05:13] [IPAUTH][HASHKEY]{_IPAUTH_HASHKEY_Verify,408} HASHKEY_Verify() return 0
[2026/09/10 18:05:13] [IPAUTH][HASHKEY]{MApi_IPAUTH_Init_by_bin,750} set _u8_hashkey_verify_result=OK
[2026/09/10 18:05:13] [IPAUTH][HASHKEY]{_IPAUTH_HASHKEY_set_BinDataToKernel,503} (u32Para1:1, pu8BinBuf:0xFFE66950, u32BufSize:306)
[2026/09/10 18:05:13] [IPAUTH][HASHKEY]{_IPAUTH_HASHKEY_set_BinDataToKernel,523} cmd:0x8791, u32_para_1:0x1, u32BufSize_in:306
[2026/09/10 18:05:13] [mi_daemon]!!!Enter MI daemon flow time=5144!!
[2026/09/10 18:05:13] [mi_daemon]{_MI_SYS_Init,809} _MI_SYS_Init() ----- START
[2026/09/10 18:05:13] !!!MI daemon prcoess start! MI daemon cost time=160!!!
[2026/09/10 18:05:13] Info: get MI daemon priority after Module Init: [0]
[2026/09/10 18:05:14] [    6.045902][  T121] realtime_framework_init is invoked
[2026/09/10 18:05:14] [    6.051136][  T121] realtime_module_init [538], REALTIME_UID=2941
[2026/09/10 18:05:14] [    6.070815
[2026/09/10 18:05:14] ][  T396] tcl_vdf: vdf_send_task run..
[2026/09/10 18:05:14] [    6.197982][  T402]
[2026/09/10 18:05:14] [austin_demod_dd][demod_probe] name = [austin_demod]
[2026/09/10 18:05:14] [    6.210669][  T402] [demod_probe][120] austin_dev->client->addr = 0x79
[2026/09/10 18:05:14] [    6.222761][  T402] [austin_chk_exist][74] ret -121, --- 0 9 3 2
[2026/09/10 18:05:14] modprobe: alias lines in modules.alias must have 3 entries, not 5
[2026/09/10 18:05:14] modprobe: alias lines in modules.alias must have 3 entries, not 5
[2026/09/10 18:05:14] modprobe: alias lines in modules.alias must have 3 entries, not 4
[2026/09/10 18:05:14] modprobe: alias lines i[    6.256089][  T402] [mdbgin_merak_demod_dd][mtk_demod_custom_file_open][2503] __entry__
[2026/09/10 18:05:14] n modules.alias [    6.264413][  T402] [mtk_demod_custom_file_open][2542] CUSTOM_EQ_TYPE7
[2026/09/10 18:05:14] must have 3 entr[    6.272425][  T402] [mtk_demod_custom_file_open][2554] custom file open fail !
[2026/09/10 18:05:14] ies, not 7
[2026/09/10 18:05:14] modp[    6.280895][  T402] 1ce00000.mtk-demod is already registered, pass it
[2026/09/10 18:05:14] robe: alias lines in modules.alias must have 3 entries, not 5
[2026/09/10 18:05:14] modprobe: alias lines in modules.alias must have 3 entries, not 4
[2026/09/10 18:05:14] modprobe: alias lines in modules.alias must have 3 entries, not 4
[2026/09/10 18:05:14] modprobe: alias lines in modules.alias must have 3 entries, not 6
[2026/09/10 18:05:14] modprobe: alias lines in modules.alias must have 3 entries, not 5
[2026/09/10 18:05:14] modprobe: alias lines in modules.alias must have 3 entries, not 5
[2026/09/10 18:05:14] modprobe: alias lines in modules.alias must have 3 entries, not 4
[2026/09/10 18:05:14] modprobe: alias lines in modules.alias must have 3 entries, not 5
[2026/09/10 18:05:14] modprobe: alias lines in modules.alias must have 3 entries, not 5
[2026/09/10 18:05:14] modprobe: alias lines in modules.alias must have 3 entries, not 5
[2026/09/10 18:05:14] modprobe: alias lines in modules.alias must have 3 entries, not 6
[2026/09/10 18:05:14] modprobe: alias lines in modules.alias must have 3 entries, not 5
[2026/09/10 18:05:14] modprobe: alias lines in modules.alias must have 3 entries, not 4
[2026/09/10 18:05:14] Loading module /vendor/lib/modules/spi-mtkdtv-ci.ko with args ''
[2026/09/10 18:05:14] Loaded kernel module /vendor/lib/modules/spi-mtkdtv-ci.ko
[2026/09/10 18:05:15] [    6.501139][  T399] drv_hwreg_srccap_hdmirx_attach b_attach = 1
[2026/09/10 18:05:15] [    6.501141][  T399] drv_hwreg_srccap_hdmirx_attach size = 1
[2026/09/10 18:05:15] [    6.507392][  T399] hal_hwreg_srccap_hdmirx_ops_array[0].hw_version = 6
[2026/09/10 18:05:15] [    6.521963][  T399] u32_addr_min = eb00
[2026/09/10 18:05:15] [    6.525840][  T399] u32_addr_max = ebf0
[2026/09/10 18:05:15] modprobe: alias lines in modules.alias must have 3 entries, not 5
[2026/09/10 18:05:15] modprobe: alias lines in modules.alias must have 3 entries, not 5
[2026/09/10 18:05:15] modprobe: alias lines in modules.alias must have 3 entries, not 4
[2026/09/10 18:05:15] modprobe: alias lines in modules.alias must have 3 entries, not 7
[2026/09/10 18:05:15] modprobe: alias lines in modules.alias must have 3 entries, not 5
[2026/09/10 18:05:15] modprobe: alias lines in modules.alias must have 3 entries, not 4
[2026/09/10 18:05:15] modprobe: alias lines in modules.alias must have 3 entries, not 4
[2026/09/10 18:05:15] modprobe: alias lines in modules.alias must have 3 entries,[    6.930332][  T121] kallsyms_lookup_name with kp ffffffc00822d4dc,ret=0
[2026/09/10 18:05:15] not 6
[2026/09/10 18:05:15] modprobe[    6.937315][  T121] stall_debug: chip id 0
[2026/09/10 18:05:15] : alias lines in modules.alias must have 3 entries, not 5
[2026/09/10 18:05:15] modprobe: alias lines in modules.alias must have 3 entries, not 5
[2026/09/10 18:05:15] modprobe: alias lines in modules.alias must have 3 entries, not 4
[2026/09/10 18:05:15] modprobe: alias lines in module[    6.962024][  T121] stall_debug: hook sysrq-c OK
[2026/09/10 18:05:15] s.alias must have 3 entries, not 5
[2026/09/10 18:05:15] modprobe: al[    6.967003][  T164] current tty: ttyS0, irq: 22
[2026/09/10 18:05:15] ias lines in mod[    6.970607][  T121] stall_debug: alloc 1000 memory ok
[2026/09/10 18:05:15] ules.alias must have 3 entries, not 5
[2026/09/10 18:05:15] modprobe: alias lines in modules.alias must have 3 entries, not 5
[2026/09/10 18:05:15] modprobe: alias lines in modules.alias must have 3 entries, not 6
[2026/09/10 18:05:15] modprobe: alias lines in modules.alias must have 3 entries, not 5
[2026/09/10 18:05:15] modprobe: alias lines in modules.alias must have 3 entries, not 4
[2026/09/10 18:05:15] Loading modul[    7.009350][  T121] kallsyms_lookup_name with kp ffffffc00822d4dc,ret=0
[2026/09/10 18:05:15] e /vendor/lib/modules/mtktv-regulator-mt5876.ko with args ''
[2026/09/10 18:05:15] Loaded kernel module /vendor/lib/modules/mtktv-reg[    7.024822][  T479] stall_debug: rd_pid_max is 32768
[2026/09/10 18:05:15] ulator-mt5876.ko[    7.031337][  T479] stall_debug: ptr_task_scs=ffffffc00d2a4000,size=40000
[2026/09/10 18:05:15] Loading module /vendor/lib/modules/mtktv-thermal.ko with args ''
[2026/09/10 18:05:15] Loading module /vendor/lib/modules/mtktv-cpufreq-ca.ko with args ''
[2026/09/10 18:05:15] Loaded kernel module /vendor/lib/modules/mtktv-cpufreq-ca.ko
[2026/09/10 18:05:15] Loading module /vendor/li[    7.058043][  T121] kallsyms_lookup_name with kp ffffffc00822d4dc,ret=0
[2026/09/10 18:05:15] b/modules/mtktv-cpufreq.ko with args ''
[2026/09/10 18:05:15] Loaded kernel module /v[    7.069359][  T121] die_helper: log_buf is from ffffffc00a8f0060,len 20000
[2026/09/10 18:05:15] endor/lib/module[    7.078796][  T121] die_helper: log_buf pa is from 0x00000000288f0060,len 20000
[2026/09/10 18:05:15] s/mtktv-cpufreq.[    7.087353][  T164] current tty: ttyS0, irq: 22
[2026/09/10 18:05:15] ko
[2026/09/10 18:05:15] Loading module /vendor/lib/modules/mtk-dramc.ko with args ''
[2026/09/10 18:05:15] Loading module /vendor/lib/modules/mtk-mediator.ko with args ''
[2026/09/10 18:05:15] Loading module /vendor/lib/modules/cpu-freq-adapter.ko with args ''
[2026/09/10 18:05:15] Loaded kernel module /vendor/lib/modules/cpu-freq-adapter.ko
[2026/09/10 18:05:15] Loading module /vendor/lib/modules/mtktv-gpu-thermal.ko with args ''
[2026/09/10 18:05:15] Loaded kernel module /vendor/lib/modules/mtktv-gpu-thermal.ko
[2026/09/10 18:05:15] [    7.126554][  T479] stall_debug: enable ip record by scs OK
[2026/09/10 18:05:17] [    8.697154][  T578] [UserWrittenI2CWrite]: [IIC] TUNER WRITE : NG, aSlaveAddr=0x7b
[2026/09/10 18:05:17] [    8.800349][  T578] [UserWrittenI2CRead]: [IIC] TUNER READ : NG, SlaveAddr=0x7b
[2026/09/10 18:05:17] [    8.867326][  T578]
[2026/09/10 18:05:17] [UserWrittenI2CWrite]: [IIC] TUNER WRITE : NG, aSlaveAddr=0x7b
[2026/09/10 18:05:17] [    9.000988]
[2026/09/10 18:05:17] [  T578] [R842_I2C_Check][10232] NG!!
[2026/09/10 18:05:17] [    9.034628][  T578] [UserWrittenI2CWrite]: [IIC] TUNER WRITE : NG, aSlaveAddr=0x7b
[2026/09/10 18:05:17] [    9.042279][  T578] [R842_InitReg][3250] NG!!
[2026/09/10 18:05:17] [    9.046689][  T578] [R842_Init][3063] NG!!
[2026/09/10 18:05:17] [    9.050853][  T578] [R842_tuner_init] fail
[2026/09/10 18:05:18] [    9.639074][  T662] watchdog: w
[2026/09/10 18:05:18] atchdog0: watchdog did not stop!
[2026/09/10 18:05:18] [    9.868425][  T702] watchdog: watchdog0: watchdog did not stop!
[2026/09/10 18:05:18] CPU_AUDIO is running!
[2026/09/10 18:05:18] [10073331][_cpuAudio_ALSA_Driver_GetCardInfo][198]to open
[2026/09/10 18:05:18] /proc/asound/cards
[2026/09/10 18:05:18] [10073607][_cpuAudio_ALSA_Driver_GetCardInfo][225]Available Sound Cards:[
[2026/09/10 18:05:18] 0 [mtktvsndcard   ]: mtk-tvsnd-card - mtk-tvsnd-card
[2026/09/10 18:05:18] MTK-TV-SOUND-ASOC-AUDIO-DRV
[2026/09/10 18:05:18] 1 [Loopback       ]: Loopback - Loopback
[2026/09/10 18:05:18] Loopback 1
[2026/09/10 18:05:18] 2 [vocsndcard     ]: vocsndcard - vocsndcard
[2026/09/10 18:05:18] vocsndcard 1
[2026/09/10 18:05:18] 3 [mtkaloopsndcard]: mtkaloopsndcard - mtkaloopsndcard
[2026/09/10 18:05:18] mtkaloopsndcard 1
[2026/09/10 18:05:18] ]
[2026/09/10 18:05:18] [10073651][_cpuAudio_ALSA_Driver_GetCardInfo][239]index of mtktvsndcard : 0
[2026/09/10 18:05:18] [10073659][_cpuAudio_ALSA_Driver_GetCardInfo][254]mtktvsndcard : /dev/snd/controlC0
[2026/09/10 18:05:18] [10073674][_cpuAudio_ALSA_Driver_GetCardInfo][273]close /proc/asound/cards done
[2026/09/10 18:05:18] [10073867][_cpuAudio_ALSA_Driver_GetKcontolId][400]pKControl:Utopia controls,fd:3,elist.count:40
[2026/09/10 18:05:18] [10073881][_cpuAudio_ALSA_Driver_GetKcontolId][403]MM RATE
[2026/09/10 18:05:18] [10073888][_cpuAudio_ALSA_Driver_GetKcontolId][403]MM GET PB BUF LEVEL
[2026/09/10 18:05:18] [10073894][_cpuAudio_ALSA_Driver_GetKcontolId][403]MM GET CAP BUF LEVEL
[2026/09/10 18:05:18] [10073899][_cpuAudio_ALSA_Driver_GetKcontolId][403]Duplex mm controls
[2026/09/10 18:05:18] [10073904][_cpuAudio_ALSA_Driver_GetKcontolId][403]Capture MUTE EVENT
[2026/09/10 18:05:18] [10073909][_cpuAudio_ALSA_Driver_GetKcontolId][403]Capture NONPCM EVENT
[2026/09/10 18:05:18] [10073914][_cpuAudio_ALSA_Driver_GetKcontolId][403]Capture NONPCM FLAG
[2026/09/10 18:05:18] [10073919][_cpuAudio_ALSA_Driver_GetKcontolId][403]Capture FASTLOCK MODE
[2026/09/10 18:05:18] [10073924][_cpuAudio_ALSA_Driver_GetKcontolId][403]Capture TIMESTAMP
[2026/09/10 18:05:18] [10073929][_cpuAudio_ALSA_Driver_GetKcontolId][403]Capture controls
[2026/09/10 18:05:18] [10073934][_cpuAudio_ALSA_Driver_GetKcontolId][403]DSP Reload
[2026/09/10 18:05:18] [10073939][_cpuAudio_ALSA_Driver_GetKcontolId][403]Utopia controls
[2026/09/10 18:05:18] [10073945][_cpuAudio_ALSA_Driver_GetKcontolId][407]got Kcontrol[Utopia controls] at id[12]
[2026/09/10 18:05:18] [10074257][cpuAudio_ALSA_Driver_Init][690]Audio memory size(0x2E57000) phyAudioBase(0x200000) busAudioBase(0x20200000)
[2026/09/10 18:05:18] [10074277][_cpuAudio_ALSA_Driver_InitPcmDevice][301]Opening PCM device node=0/2, period=11863/1024, format=2/48000/0
[2026/09/10 18:05:18] [10075013][cpuAudio_ALSA_Driver_Init][701]phyAudioBase(0x200000) => UserVirtualAddr(0xe9029000)
[2026/09/10 18:05:18] [10085166][cpuAudio_getInfo][562][1;35m cpuAudio[Info](thread-name:)(pid:0)(tid:0) [0m
[2026/09/10 18:05:18] [10085211][cpuAudio_getInfo][566][1;35m cpuAudio[decR2:0x2396,sndR2:0xd264][Version](0x20) [0m
[2026/09/10 18:05:18] [cpuAudio_createPostprocessMonitorThread][370]armAudio_postprocessrMonitor_ver: 0xff20 thread created successfully
[2026/09/10 18:05:18] [cpuAudio_postprocess_init][16] dec_base(e9029000) DEC_R2_SHM_DDR_OFFSET(0x1911000) snd_base(ea1e9000) SND_R2_SHM_DDR_OFFSET(0x753000) p_decR2_shm(0xea93a000) p_sndR2_shm(0xea93c000)
[2026/09/10 18:05:18] [1;35m [cpuAudioPostProcess_main][327]Enter while(1) loop. [0m
[2026/09/10 18:05:18] [   10.308840][  T762] [mzc] init done
[2026/09/10 18:05:19] [   10.934526]
[2026/09/10 18:05:19] [  T447] ir set boot status to 5.
[2026/09/10 18:05:20] [   11.608927][  T514] PowerHAL: [AT][AN][DC finish boot]
[2026/09/10 18:05:26] [armAudio_postprocess_allocate][63] allocate arm AudioPostProcess (type=0xff01)
[2026/09/10 18:05:26] [armAudio_postprocess_allocate][82] 1906464 bytes is needed by AudioPostProcess (type=0xff01)
[2026/09/10 18:05:26] [armAudio_postprocess_allocate][97] AudioPostProcess (type=0xff01) allocate 0x1d1720 bytes ok!!,va(0xe89e88e0) ok
[2026/09/10 18:05:26] [armAudio_postprocess_allocate][105] AudioPostProcess (type=0xff01) hook
[2026/09/10 18:05:28] [   19.811402][  T121] [AT][AN][finish boot]
[2026/09/10 18:05:29] insmod: /vendor/lib
[2026/09/10 18:05:29] /modules/mtk-pmu-keypad.ko: No such file or directory
[2026/09/10 18:05:29] insmod: /vendor/lib/modules/mtk-smi-tv.ko: No such file or directory
[2026/09/10 18:05:29] insmod: /vendor/
[2026/09/10 18:05:29] lib/modules/test_power.ko: No such file or directory
[2026/09/10 18:05:38] [   30.285119][   T68] mtk_mcý
[2026/09/10 18:05:42] 发送(hex): 0d
[2026/09/10 18:05:42] 发送(hex): 20
[2026/09/10 18:05:42] 发送(hex): 03
[2026/09/10 18:05:42] 发送(hex): 0d
[2026/09/10 18:05:42] 发送(hex): 20
[2026/09/10 18:05:42] 发送(hex): 03
[2026/09/10 18:05:42] 发送(hex): 0d
[2026/09/10 18:05:42] 发送(hex): 20
[2026/09/10 18:05:42] 发送(hex): 03
[2026/09/10 18:05:42] 发送(hex): 0d
[2026/09/10 18:05:42] 发送(hex): 20
[2026/09/10 18:05:42] 发送(hex): 03
[2026/09/10 18:05:42] 发送(hex): 0d
[2026/09/10 18:05:42] 发送(hex): 20
[2026/09/10 18:05:42] 发送(hex): 03
[2026/09/10 18:05:42] 发送(hex): 0d
[2026/09/10 18:05:42] 发送(hex): 20
[2026/09/10 18:05:42] 发送(hex): 03
[2026/09/10 18:05:42] 发送(hex): 0d
[2026/09/10 18:05:42] 发送(hex): 20
[2026/09/10 18:05:42] 发送(hex): 03
[2026/09/10 18:05:42] 发送(hex): 0d
[2026/09/10 18:05:42] 发送(hex): 20
[2026/09/10 18:05:43] 发送(hex): 03
[2026/09/10 18:05:43] 发送(hex): 0d
[2026/09/10 18:05:43] 发送(hex): 20
[2026/09/10 18:05:43] 发送(hex): 03
[2026/09/10 18:05:43] 发送(hex): 0d
[2026/09/10 18:05:43] 发送(hex): 20
[2026/09/10 18:05:43] 发送(hex): 03
[2026/09/10 18:05:43] 发送(hex): 0d
[2026/09/10 18:05:43] 发送(hex): 20
[2026/09/10 18:05:43] 发送(hex): 03
[2026/09/10 18:05:43] 发送(hex): 0d
[2026/09/10 18:05:43] 发送(hex): 20
[2026/09/10 18:05:43] 发送(hex): 03
[2026/09/10 18:05:43] 发送(hex): 0d
[2026/09/10 18:05:43] 发送(hex): 20
[2026/09/10 18:05:43] 发送(hex): 03
[2026/09/10 18:05:43] 发送(hex): 0d
[2026/09/10 18:05:43] 发送(hex): 20
[2026/09/10 18:05:43] 发送(hex): 03
[2026/09/10 18:05:43] 发送(hex): 0d
[2026/09/10 18:05:43] 发送(hex): 20
[2026/09/10 18:05:43] 发送(hex): 03
[2026/09/10 18:05:43] UART
[2026/09/10 18:05:43] <.
[2026/09/10 18:05:43] AC_ON
[2026/09/10 18:05:43] 发送(hex): 0d
[2026/09/10 18:05:43] 发送(hex): 20
[2026/09/10 18:05:43] 发送(hex): 03
[2026/09/10 18:05:43] 发送(hex): 0d
[2026/09/10 18:05:43] 发送(hex): 20
[2026/09/10 18:05:43] 发送(hex): 03
[2026/09/10 18:05:43] 发送(hex): 0d
[2026/09/10 18:05:43] 发送(hex): 20
[2026/09/10 18:05:43] 发送(hex): 03
[2026/09/10 18:05:43] 发送(hex): 0d
[2026/09/10 18:05:43] 发送(hex): 20
[2026/09/10 18:05:43] 发送(hex): 03
[2026/09/10 18:05:43] 发送(hex): 0d
[2026/09/10 18:05:43] 发送(hex): 20
[2026/09/10 18:05:43] 发送(hex): 03
[2026/09/10 18:05:43] 发送(hex): 0d
[2026/09/10 18:05:43] HASH1_VERSION=0x00000000 64bit
[2026/09/10 18:05:43] E-A
[2026/09/10 18:05:43] 发送(hex): 20
[2026/09/10 18:05:43] 发送(hex): 03
[2026/09/10 18:05:43] 发送(hex): 0d
[2026/09/10 18:05:43] [ETT_Main] Clock MPLL Init
[2026/09/10 18:05:43] [ETT_Main]MIU_ver 20260417-11996427-OneBin-V20.4-RefineWDTNew
[2026/09/10 18:05:43] [DRAMC] AC ON-0
[2026/09/10 18:05:43] [FAST_K]
[2026/09/10 18:05:43] [MOBF] Gen SW key
[2026/09/10 18:05:43] 发送(hex): 20
[2026/09/10 18:05:43] 发送(hex): 03
[2026/09/10 18:05:43] 发送(hex): 0d
[2026/09/10 18:05:43] 发送(hex): 20
[2026/09/10 18:05:43] CH0 DramsizeFlag_CH0 DUMMY_REG = 0x1
[2026/09/10 18:05:43] dramc_channel0 restore dramsize_flag = 0x1
[2026/09/10 18:05:43] [FAST_K]
[2026/09/10 18:05:43] 发送(hex): 03
[2026/09/10 18:05:43] 发送(hex): 0d
[2026/09/10 18:05:43] 发送(hex): 20
[2026/09/10 18:05:43] 发送(hex): 03
[2026/09/10 18:05:43] 发送(hex): 0d
[2026/09/10 18:05:43] 发送(hex): 20
[2026/09/10 18:05:43] 发送(hex): 03
[2026/09/10 18:05:43] 发送(hex): 0d
[2026/09/10 18:05:43] CH2 DramsizeFlag_CH2 DUMMY_REG = 0x0
[2026/09/10 18:05:43] dramc_channel2 restore dramsize_flag = 0x0
[2026/09/10 18:05:43] dispatch to 1 EMI 2 CH
[2026/09/10 18:05:43] MIUP set area: 3GB
[2026/09/10 18:05:43] EMI bist: [32mM0 pass[0m
[2026/09/10 18:05:43] EMI bist: [32mM2 pass[0m
[2026/09/10 18:05:43] fake engine: [32mpass[00000000][0m
[2026/09/10 18:05:43] fake engine: [32mpass[00000001][0m
[2026/09/10 18:05:43] u4dram_info=0x2406
[2026/09/10 18:05:43] TEELOADER_VERSION=0x00000000
[2026/09/10 18:05:43] 发送(hex): 20
[2026/09/10 18:05:43] 发送(hex): 03
[2026/09/10 18:05:43] optee teeloader entry
[2026/09/10 18:05:43] MultiOptee image detected,
[2026/09/10 18:05:43] 发送(hex): 0d
[2026/09/10 18:05:43] ModelID=17B06E0B
[2026/09/10 18:05:43] 发送(hex): 20
[2026/09/10 18:05:43] 发送(hex): 03
[2026/09/10 18:05:43] MultiOptee image detected, ModelID=17B06E0B
[2026/09/10 18:05:43] 发送(hex): 0d
[2026/09/10 18:05:43] 发送(hex): 20
[2026/09/10 18:05:43] 发送(hex): 03
[2026/09/10 18:05:43] 发送(hex): 0d
[2026/09/10 18:05:43] CusConfig
[2026/09/10 18:05:43] 发送(hex): 20
[2026/09/10 18:05:43] 发送(hex): 03
[2026/09/10 18:05:43] ARMFW_VERSION=0x00000000
[2026/09/10 18:05:43] OPTEE_VERSION=0x00000000
[2026/09/10 18:05:43] OPTEECUST_VERSION=0x00000000
[2026/09/10 18:05:43] REELOADER_VERSION=0x00000000
[2026/09/10 18:05:43] 发送(hex): 0d
[2026/09/10 18:05:43] 发送(hex): 20
[2026/09/10 18:05:43] 发送(hex): 03
[2026/09/10 18:05:43] 发送(hex): 0d
[2026/09/10 18:05:43] ns_uboot_boot
[2026/09/10 18:05:43] NOTICE:  BL31: v2.4(debug):f102f7cc7
[2026/09/10 18:05:43] NOTICE:  BL31: Built : 20:53:08, Jul 17 2026
[2026/09/10 18:05:43] INFO:    BL31: Initializing runtime services
[2026/09/10 18:05:43] INFO:    BL31: Initializing BL32
[2026/09/10 18:05:43] [TEE] TRIAL BOOT: 0
[2026/09/10 18:05:43] 发送(hex): 20
[2026/09/10 18:05:43] 发送(hex): 03
[2026/09/10 18:05:43] 发送(hex): 0d
[2026/09/10 18:05:43] 发送(hex): 20
[2026/09/10 18:05:43] 发送(hex): 03
[2026/09/10 18:05:43] 发送(hex): 0d
[2026/09/10 18:05:43] [DynRamlog] wait for configuring by tee driver
[2026/09/10 18:05:43] 发送(hex): 20
[2026/09/10 18:05:43] 发送(hex): 03
[2026/09/10 18:05:43] 发送(hex): 0d
[2026/09/10 18:05:43] INFO:    BL31: Preparing for EL3 exit to normal world
[2026/09/10 18:05:43] INFO:    Entry point address = 0x20100010
[2026/09/10 18:05:43] ree_entry
[2026/09/10 18:05:43] Check WDT....
[2026/09/10 18:05:43] UBOOT_VERSION=0x00000000
[2026/09/10 18:05:43] 发送(hex): 20
[2026/09/10 18:05:43] 发送(hex): 03
[2026/09/10 18:05:43] 发送(hex): 0d
[2026/09/10 18:05:43] 发送(hex): 20
[2026/09/10 18:05:43] 发送(hex): 03
[2026/09/10 18:05:43] 发送(hex): 0d
[2026/09/10 18:05:43] 发送(hex): 20
[2026/09/10 18:05:43] 发送(hex): 03
[2026/09/10 18:05:43] 发送(hex): 0d
[2026/09/10 18:05:43] 发送(hex): 20
[2026/09/10 18:05:43] 发送(hex): 03
[2026/09/10 18:05:43] 发送(hex): 0d
[2026/09/10 18:05:43] 发送(hex): 20
[2026/09/10 18:05:43] 发送(hex): 03
[2026/09/10 18:05:43] 发送(hex): 0d
[2026/09/10 18:05:43] 发送(hex): 20
[2026/09/10 18:05:43] 发送(hex): 03
[2026/09/10 18:05:44] 发送(hex): 0d
[2026/09/10 18:05:44] 发送(hex): 20
[2026/09/10 18:05:44] 发送(hex): 03
[2026/09/10 18:05:44] 发送(hex): 0d
[2026/09/10 18:05:44] 发送(hex): 20
[2026/09/10 18:05:44] 发送(hex): 03
[2026/09/10 18:05:44] 发送(hex): 0d
[2026/09/10 18:05:44] 发送(hex): 20
[2026/09/10 18:05:44] 发送(hex): 03
[2026/09/10 18:05:44] U-Boot2019.04-g23c3f665-dirty (Aug 23 2026 - 20:57:54 +0800)
[2026/09/10 18:05:44] Model: MediaTek MT5896 RFB
[2026/09/10 18:05:44] DRAM:  3 GiB
[2026/09/10 18:05:44] 发送(hex): 0d
[2026/09/10 18:05:44] 发送(hex): 20
[2026/09/10 18:05:44] 发送(hex): 03
[2026/09/10 18:05:44] 发送(hex): 0d
[2026/09/10 18:05:44] 发送(hex): 20
[2026/09/10 18:05:44] 发送(hex): 03
[2026/09/10 18:05:44] 发送(hex): 0d
[2026/09/10 18:05:44] 发送(hex): 20
[2026/09/10 18:05:44] 发送(hex): 03
[2026/09/10 18:05:44] 发送(hex): 0d
[2026/09/10 18:05:44] 发送(hex): 20
[2026/09/10 18:05:44] 发送(hex): 03
[2026/09/10 18:05:44] 发送(hex): 0d
[2026/09/10 18:05:44] 发送(hex): 20
[2026/09/10 18:05:44] MMC:   mtk-mmc-fcie@1c660000: 0
[2026/09/10 18:05:44] 发送(hex): 03
[2026/09/10 18:05:44] 发送(hex): 0d
[2026/09/10 18:05:44] 发送(hex): 20
[2026/09/10 18:05:44] 发送(hex): 03
[2026/09/10 18:05:44] 发送(hex): 0d
[2026/09/10 18:05:44] 发送(hex): 20
[2026/09/10 18:05:44] 发送(hex): 03
[2026/09/10 18:05:44] Loading Environment from EXT4...
[2026/09/10 18:05:44] 发送(hex): 0d
[2026/09/10 18:05:44] 发送(hex): 20
[2026/09/10 18:05:44] OK
[2026/09/10 18:05:44] 发送(hex): 03
[2026/09/10 18:05:44] 发送(hex): 0d
[2026/09/10 18:05:44] 发送(hex): 20
[2026/09/10 18:05:44] 发送(hex): 03
[2026/09/10 18:05:44] 发送(hex): 0d
[2026/09/10 18:05:44] 发送(hex): 20
[2026/09/10 18:05:44] 发送(hex): 03
[2026/09/10 18:05:44] 发送(hex): 0d
[2026/09/10 18:05:44] 发送(hex): 20
[2026/09/10 18:05:44] 发送(hex): 03
[2026/09/10 18:05:44] [0;31m[ERROR] get_data_separ
[2026/09/10 18:05:44] 发送(hex): 0d
[2026/09/10 18:05:44] 发送(hex): 20
[2026/09/10 18:05:44] ation_info:254: [0m[data spr][start:1323][end:1331][total time:8]
[2026/09/10 18:05:44] 发送(hex): 03
[2026/09/10 18:05:44] 发送(hex): 0d
[2026/09/10 18:05:44] 发送(hex): 20
[2026/09/10 18:05:44] 发送(hex): 03
[2026/09/10 18:05:44] 发送(hex): 0d
[2026/09/10 18:05:44] 发送(hex): 20
[2026/09/10 18:05:44] 发送(hex): 03
[2026/09/10 18:05:44] 发送(hex): 0d
[2026/09/10 18:05:44] 发送(hex): 20
[2026/09/10 18:05:44] 发送(hex): 03
[2026/09/10 18:05:44] 发送(hex): 0d
[2026/09/10 18:05:44] [0;31m[ERROR] parse_tcl_ffvoice_lednum:1124: [0mdr
[2026/09/10 18:05:44] 发送(hex): 20
[2026/09/10 18:05:44] 发送(hex): 03
[2026/09/10 18:05:44] ive_item is not exist!
[2026/09/10 18:05:44] [0;31m[ERROR] parse_tcl_ffvoice_lednum:1144: [0muse default ffvoice lednum: 4!!!
[2026/09/10 18:05:44] 发送(hex): 0d
[2026/09/10 18:05:44] 发送(hex): 20
[2026/09/10 18:05:44] 发送(hex): 03
[2026/09/10 18:05:44] 发送(hex): 0d
[2026/09/10 18:05:44] [0;31m[ERROR] parse_tcl_led_stagespacetime:1019: [0mdrive_item is not exist!
[2026/09/10 18:05:44] [0;31m[ERROR] parse_tcl_led_stagespacetime:1039: [0muse default_ledstage: 0!!!
[2026/09/10 18:05:44] [0;31m[ERROR] parse_tcl_led_stagespacetime:1041: [0mset uenv led_stagespace : 0
[2026/09/10 18:05:44] 发送(hex): 20
[2026/09/10 18:05:44] 发送(hex): 03
[2026/09/10 18:05:44] device properties match:sid = "0"
[2026/09/10 18:05:44] 发送(hex): 0d
[2026/09/10 18:05:44] 发送(hex): 20
[2026/09/10 18:05:44] 发送(hex): 03
[2026/09/10 18:05:44] 发送(hex): 0d
[2026/09/10 18:05:44] 发送(hex): 20
[2026/09/10 18:05:44] 发送(hex): 03
[2026/09/10 18:05:44] 发送(hex): 0d
[2026/09/10 18:05:44] 发送(hex): 20
[2026/09/10 18:05:44] 发送(hex): 03
[2026/09/10 18:05:44] [0;31m[ERROR] get_data_separation_info:270: [0mRead ini file success !
[2026/09/10 18:05:44] 发送(hex): 0d
[2026/09/10 18:05:44] 发送(hex): 20
[2026/09/10 18:05:44] [0;31m[ERROR] To_parse_tcl_standby_qhb_support:234: [0mtcl_env_qhb = 0 or null or other,not support TCL  QHB
[2026/09/10 18:05:44] 发送(hex): 03
[2026/09/10 18:05:44] 发送(hex): 0d
[2026/09/10 18:05:44] 发送(hex): 20
[2026/09/10 18:05:44] 发送(hex): 03
[2026/09/10 18:05:44] 发送(hex): 0d
[2026/09/10 18:05:44] 发送(hex): 20
[2026/09/10 18:05:44] 发送(hex): 03
[2026/09/10 18:05:44] 发送(hex): 0d
[2026/09/10 18:05:44] 发送(hex): 20
[2026/09/10 18:05:44] 发送(hex): 03
[2026/09/10 18:05:44] 发送(hex): 0d
[2026/09/10 18:05:44] 发送(hex): 20
[2026/09/10 18:05:44] 发送(hex): 03
[2026/09/10 18:05:44] 发送(hex): 0d
[2026/09/10 18:05:44] 发送(hex): 20
[2026/09/10 18:05:44] 发送(hex): 03
[2026/09/10 18:05:44] 发送(hex): 0d
[2026/09/10 18:05:44] 发送(hex): 20
[2026/09/10 18:05:44] 发送(hex): 03
[2026/09/10 18:05:44] 发送(hex): 0d
[2026/09/10 18:05:45] 发送(hex): 20
[2026/09/10 18:05:45] 发送(hex): 03
[2026/09/10 18:05:45] 发送(hex): 0d
[2026/09/10 18:05:45] 发送(hex): 20
[2026/09/10 18:05:45] 发送(hex): 03
[2026/09/10 18:05:45] 发送(hex): 0d
[2026/09/10 18:05:45] [0;31m[ERROR] dataindex_dtbo_overlay:644: [0m[DATAINDEX DTBO LOAD][start:1837][end:1927][total time:90]
[2026/09/10 18:05:45] 发送(hex): 20
[2026/09/10 18:05:45] Model: MediaTek MT5896 RFB
[2026/09/10 18:05:45] Net:
[2026/09/10 18:05:45] 发送(hex): 03
[2026/09/10 18:05:45] 发送(hex): 0d
[2026/09/10 18:05:45] 发送(hex): 20
[2026/09/10 18:05:45] 发送(hex): 03
[2026/09/10 18:05:45] 发送(hex): 0d
[2026/09/10 18:05:45] eth0: ethernet@1c700000
[2026/09/10 18:05:45] 发送(hex): 20
[2026/09/10 18:05:45] 发送(hex): 03
[2026/09/10 18:05:45] 发送(hex): 0d
[2026/09/10 18:05:45] 发送(hex): 20
[2026/09/10 18:05:45] 发送(hex): 03
[2026/09/10 18:05:45] 发送(hex): 0d
[2026/09/10 18:05:45] 发送(hex): 20
[2026/09/10 18:05:45] 发送(hex): 03
[2026/09/10 18:05:45] 发送(hex): 0d
[2026/09/10 18:05:45] 发送(hex): 20
[2026/09/10 18:05:45] 发送(hex): 03
[2026/09/10 18:05:45] Booting(Working) pLedMode = LED_ON,pLightRate=80
[2026/09/10 18:05:45] slot:0 slot retry:0 a_corrupt:0 b_corrupt:0 successful:[1:0]
[2026/09/10 18:05:45] 00000000: 00 00 00 00 00 00 00 00 00 00 00 00 00 00 00 00    ................
[2026/09/10 18:05:45] 00000010: 00 00 00 00 00 00 00 00 00 00 00 00 00 00 00 00    ................
[2026/09/10 18:05:45] [0;31m[ERROR] get_boot_mode_from_partition:354: [0mdump  OK
[2026/09/10 18:05:45] androidboot boot reason = ac
[2026/09/10 18:05:45] Reboot reason == PM_BR_AC
[2026/09/10 18:05:45] upgrade status:done
[2026/09/10 18:05:45] [0;31m[ERROR] standby_mode_enter_standby:187: [0m[panic case]: no panic occur, normal deal
[2026/09/10 18:05:45] Normal booting mode!
[2026/09/10 18:05:45] 发送(hex): 0d
[2026/09/10 18:05:45] 发送(hex): 20
[2026/09/10 18:05:45] 发送(hex): 03
[2026/09/10 18:05:45] 发送(hex): 0d
[2026/09/10 18:05:45] 发送(hex): 20
[2026/09/10 18:05:45] 发送(hex): 03
[2026/09/10 18:05:45] 发送(hex): 0d
[2026/09/10 18:05:45] [wei] mtk_panel_probe 991, PANEL LIB VER 5
[2026/09/10 18:05:45] [wei] BOOT_PNL_VERSION OLD
[2026/09/10 18:05:45] [0;31m[ERROR] standby_mode_enter_qhb:274: [0mThis PID   unsupport  TCL QHB !!!
[2026/09/10 18:05:45] 发送(hex): 20
[2026/09/10 18:05:45] 发送(hex): 03
[2026/09/10 18:05:45] 发送(hex): 0d
[2026/09/10 18:05:45] 发送(hex): 20
[2026/09/10 18:05:45] 发送(hex): 03
[2026/09/10 18:05:45] [0;31m[ERROR] mtk_panel_init_device:998: [0m[BEFORE DEMURA][start:2165][end:2204][total time:39]
[2026/09/10 18:05:45] [0;31m[ERROR] mtk_panel_enable:1149: [0m
[2026/09/10 18:05:45] ---mtk_panel_enable:1149 Set mtk_panel_enable DelayTask 7
[2026/09/10 18:05:45] Hit any key to stop autoboot:  0
[2026/09/10 18:05:45] [0;31m[ERROR] do_check_upgrade_mode:216: [0mresolve path fail: /mnt/vendor/tvconfig/bsp/common/misc/upgrade_mode.ini
[2026/09/10 18:05:45] 发送(hex): 0d
[2026/09/10 18:05:45] 发送(hex): 20
[2026/09/10 18:05:45] 发送(hex): 03
[2026/09/10 18:05:45] check_auto_update
[2026/09/10 18:05:45] seconds : 2
[2026/09/10 18:05:45] Ticking:
[2026/09/10 18:05:45] 发送(hex): 0d
[2026/09/10 18:05:45] 发送(hex): 20
[2026/09/10 18:05:45] 发送(hex): 03
[2026/09/10 18:05:45] 发送(hex): 0d
[2026/09/10 18:05:45] 发送(hex): 20
[2026/09/10 18:05:45] 发送(hex): 03
[2026/09/10 18:05:45] jpd_api: [ERR] _MApi_NJPD_Decoder_PrintError: data loss error!!
[2026/09/10 18:05:45] jpd_api: [ERR] _MApi_NJPD_Decoder_PrintError: bitstream error!!
[2026/09/10 18:05:45] [0;31m[ERROR] mtk_jpd_decode:361: [0mJPEG decode failed!!
[2026/09/10 18:05:45] 发送(hex): 0d
[2026/09/10 18:05:45] 发送(hex): 20
[2026/09/10 18:05:45] 发送(hex): 03
[2026/09/10 18:05:45] [0;31m[ERROR] standby_mode_enter_standby:187: [0m[panic case]: no panic occur, normal deal
[2026/09/10 18:05:45] Normal booting mode!
[2026/09/10 18:05:45] 发送(hex): 0d
[2026/09/10 18:05:45] 发送(hex): 20
[2026/09/10 18:05:45] 发送(hex): 03
[2026/09/10 18:05:45] 发送(hex): 0d
[2026/09/10 18:05:45] 发送(hex): 20
[2026/09/10 18:05:45] 发送(hex): 03
[2026/09/10 18:05:45] 发送(hex): 0d
[2026/09/10 18:05:45] 发送(hex): 20
[2026/09/10 18:05:45] 发送(hex): 03
[2026/09/10 18:05:45] 发送(hex): 0d
[2026/09/10 18:05:45] 发送(hex): 20
[2026/09/10 18:05:45] [0;31m[ERROR] get_panel_pwm_duty_info:2644: [0mRead ini file to DRAM failure
[2026/09/10 18:05:45] [0;31m[ERROR] Check_TSR_PMIC_Version:229: [0mThis PID   unsupport   TSR IC !!!
[2026/09/10 18:05:45] [0;31m[ERROR] _mtk_pnl_cust_backlight_i2c_init:2672: [0mRead subnode (backlight_i2c_info) FAIL
[2026/09/10 18:05:45] kfault cur reboot mode: 0x0
[2026/09/10 18:05:45] kfault tcllog size: 0x4000000
[2026/09/10 18:05:45] kfault io buf 0x5be20d80, size 0x400, pos 0x0, is_read 1, ret 0
[2026/09/10 18:05:45] kfault io buf 0x5be100e0, size 0x2000, pos 0x400, is_read 1, ret 0
[2026/09/10 18:05:45] kfault io buf 0x5bd2bde0, size 0x1000, pos 0x37ff000, is_read 1, ret 0
[2026/09/10 18:05:45] normal boot, just do tmp dump
[2026/09/10 18:05:45] MMC write: dev # 0, block # 1480696, count 8 ...
[2026/09/10 18:05:45] 发送(hex): 03
[2026/09/10 18:05:45] 发送(hex): 0d
[2026/09/10 18:05:45] 发送(hex): 20
[2026/09/10 18:05:45] 发送(hex): 03
[2026/09/10 18:05:45] 发送(hex): 0d
[2026/09/10 18:05:45] 发送(hex): 20
[2026/09/10 18:05:45] 发送(hex): 03
[2026/09/10 18:05:45] 发送(hex): 0d
[2026/09/10 18:05:45] 发送(hex): 20
[2026/09/10 18:05:45] 发送(hex): 03
[2026/09/10 18:05:45] 发送(hex): 0d
[2026/09/10 18:05:45] 发送(hex): 20
[2026/09/10 18:05:45] 发送(hex): 03
[2026/09/10 18:05:45] 发送(hex): 0d
[2026/09/10 18:05:45] 发送(hex): 20
[2026/09/10 18:05:45] 发送(hex): 03
[2026/09/10 18:05:45] 发送(hex): 0d
[2026/09/10 18:05:45] 发送(hex): 20
[2026/09/10 18:05:45] 发送(hex): 03
[2026/09/10 18:05:45] 8 blocks written: OK
[2026/09/10 18:05:45] kfault io buf 0x5bd2bde0,
[2026/09/10 18:05:45] 发送(hex): 0d
[2026/09/10 18:05:45] 发送(hex): 20
[2026/09/10 18:05:45] 发送(hex): 03
[2026/09/10 18:05:45] size 0x1000, pos 0x37ff000, is_read 0, ret 0
[2026/09/10 18:05:45] kfault_boot->log_num = 0
[2026/09/10 18:05:45] MMC write: dev # 0, block # 1366016, count 2 ...
[2026/09/10 18:05:45] 发送(hex): 0d
[2026/09/10 18:05:45] 发送(hex): 20
[2026/09/10 18:05:45] 发送(hex): 03
[2026/09/10 18:05:45] 发送(hex): 0d
[2026/09/10 18:05:45] 发送(hex): 20
[2026/09/10 18:05:45] 发送(hex): 03
[2026/09/10 18:05:45] 发送(hex): 0d
[2026/09/10 18:05:45] 发送(hex): 20
[2026/09/10 18:05:45] 2 blocks written: OK
[2026/09/10 18:05:45] kfault io buf 0x5be20d80, size 0x400, pos 0x0, is_read 0, ret 0
[2026/09/10 18:05:45] [0;31m[ERROR] standby_mode_enter_standby:187: [0m[panic case]: no panic occur, normal deal
[2026/09/10 18:05:45] Normal booting mode!
[2026/09/10 18:05:45] upgradecheck - upgrade mode check command
[2026/09/10 18:05:45] Usage:
[2026/09/10 18:05:45] upgradecheck command: upgradecheck
[2026/09/10 18:05:45] retry_count: 0
[2026/09/10 18:05:45] ## Android Verified Boot 2.0 version 1.1.0
[2026/09/10 18:05:45] Disable Flash Update Mode
[2026/09/10 18:05:45] 发送(hex): 03
[2026/09/10 18:05:45] 发送(hex): 0d
[2026/09/10 18:05:45] 发送(hex): 20
[2026/09/10 18:05:45] 发送(hex): 03
[2026/09/10 18:05:45] 发送(hex): 0d
[2026/09/10 18:05:45] 发送(hex): 20
[2026/09/10 18:05:46] 发送(hex): 03
[2026/09/10 18:05:46] 发送(hex): 0d
[2026/09/10 18:05:46] 发送(hex): 20
[2026/09/10 18:05:46] 发送(hex): 03
[2026/09/10 18:05:46] 发送(hex): 0d
[2026/09/10 18:05:46] 发送(hex): 20
[2026/09/10 18:05:46] 发送(hex): 03
[2026/09/10 18:05:46] 发送(hex): 0d
[2026/09/10 18:05:46] 发送(hex): 20
[2026/09/10 18:05:46] 发送(hex): 03
[2026/09/10 18:05:46] 发送(hex): 0d
[2026/09/10 18:05:46] 发送(hex): 20
[2026/09/10 18:05:46] 发送(hex): 03
[2026/09/10 18:05:46] 发送(hex): 0d
[2026/09/10 18:05:46] 发送(hex): 20
[2026/09/10 18:05:46] 发送(hex): 03
[2026/09/10 18:05:46] 发送(hex): 0d
[2026/09/10 18:05:46] 发送(hex): 20
[2026/09/10 18:05:46] 发送(hex): 03
[2026/09/10 18:05:46] 发送(hex): 0d
[2026/09/10 18:05:46] 发送(hex): 20
[2026/09/10 18:05:46] 发送(hex): 03
[2026/09/10 18:05:46] 发送(hex): 0d
[2026/09/10 18:05:46] 发送(hex): 20
[2026/09/10 18:05:46] 发送(hex): 03
[2026/09/10 18:05:46] 发送(hex): 0d
[2026/09/10 18:05:46] 发送(hex): 20
[2026/09/10 18:05:46] 发送(hex): 03
[2026/09/10 18:05:46] 发送(hex): 0d
[2026/09/10 18:05:46] 发送(hex): 20
[2026/09/10 18:05:46] 发送(hex): 03
[2026/09/10 18:05:46] 发送(hex): 0d
[2026/09/10 18:05:46] 发送(hex): 20
[2026/09/10 18:05:46] 发送(hex): 03
[2026/09/10 18:05:46] 发送(hex): 0d
[2026/09/10 18:05:46] 发送(hex): 20
[2026/09/10 18:05:46] 发送(hex): 03
[2026/09/10 18:05:46] 发送(hex): 0d
[2026/09/10 18:05:46] 发送(hex): 20
[2026/09/10 18:05:46] 发送(hex): 03
[2026/09/10 18:05:46] 发送(hex): 0d
[2026/09/10 18:05:46] 发送(hex): 20
[2026/09/10 18:05:46] 发送(hex): 03
[2026/09/10 18:05:46] 发送(hex): 0d
[2026/09/10 18:05:46] 发送(hex): 20
[2026/09/10 18:05:46] 发送(hex): 03
[2026/09/10 18:05:46] 发送(hex): 0d
[2026/09/10 18:05:46] 发送(hex): 20
[2026/09/10 18:05:46] 发送(hex): 03
[2026/09/10 18:05:46] 发送(hex): 0d
[2026/09/10 18:05:46] 发送(hex): 20
[2026/09/10 18:05:46] 发送(hex): 03
[2026/09/10 18:05:46] 发送(hex): 0d
[2026/09/10 18:05:46] 发送(hex): 20
[2026/09/10 18:05:46] 发送(hex): 03
[2026/09/10 18:05:46] 发送(hex): 0d
[2026/09/10 18:05:46] 发送(hex): 20
[2026/09/10 18:05:46] 发送(hex): 03
[2026/09/10 18:05:46] 发送(hex): 0d
[2026/09/10 18:05:46] 发送(hex): 20
[2026/09/10 18:05:46] 发送(hex): 03
[2026/09/10 18:05:46] 发送(hex): 0d
[2026/09/10 18:05:46] Verification passed successfully
[2026/09/10 18:05:46] Boot state is: Green !
[2026/09/10 18:05:46] Kernel load addr 0x26000000 size 41887 KiB
[2026/09/10 18:05:46] RAM disk load addr 0x01000000 size 2039 KiB
[2026/09/10 18:05:46] [0;31m[ERROR] bootargs_append:2318: [0mset cfg is androidboot.device_name=G08 androidboot.series=C androidboot.product=C745 androidboot.product_name=G08_4K_GB androidboot.client_type=TCL-EU-MT9653-S1 androidboot.model_name=Smart*TV*Pro androidboot.code_name=AU04 androidboot.ecid=22000000 androidboot.tcl_brand=TCL androidboot.manufacturer=TCL androidboot.oem_tag=EU androidboot.certify=unknown androidboot.extension=unknown androidboot.extension_res=unknown androidboot.extension_db=unknown
[2026/09/10 18:05:46] [0;31m[ERROR] bootargs_append:2318: [0mset cfg is androidboot.pid=0
[2026/09/10 18:05:46] device properties match:sid = "0"
[2026/09/10 18:05:46] [0;31m[ERROR] set_crashkernel_rsvmem:2278: [0mError: Read kdump file to Dram failed
[2026/09/10 18:05:46] do_tcl_crashkernel - tcl_crashkernel
[2026/09/10 18:05:46] Usage:
[2026/09/10 18:05:46] do_tcl_crashkernel command: set reserved memory for crashkernel
[2026/09/10 18:05:46] Loading Kernel Image ...
[2026/09/10 18:05:46] 发送(hex): 20
[2026/09/10 18:05:46] 发送(hex): 03
[2026/09/10 18:05:46] OK
[2026/09/10 18:05:46] 发送(hex): 0d
[2026/09/10 18:05:46] 发送(hex): 20
[2026/09/10 18:05:46] 发送(hex): 03
[2026/09/10 18:05:46] Loading Ramdisk to 29f09000, end 2bdff751 ... OK
[2026/09/10 18:05:46] Loading Device Tree to 000000002c4e1000, end 000000002c5ff9bb ... OK
[2026/09/10 18:05:46] 发送(hex): 0d
[2026/09/10 18:05:46] 发送(hex): 20
[2026/09/10 18:05:46] 发送(hex): 03
[2026/09/10 18:05:46] 发送(hex): 0d
[2026/09/10 18:05:46] 发送(hex): 20
[2026/09/10 18:05:46] 发送(hex): 03
[2026/09/10 18:05:46] 发送(hex): 0d
[2026/09/10 18:05:46] 发送(hex): 20
[2026/09/10 18:05:46] 发送(hex): 03
[2026/09/10 18:05:46] 发送(hex): 0d
[2026/09/10 18:05:46] 发送(hex): 20
[2026/09/10 18:05:46] 发送(hex): 03
[2026/09/10 18:05:46] 发送(hex): 0d
[2026/09/10 18:05:46] 发送(hex): 20
[2026/09/10 18:05:46] 发送(hex): 03
[2026/09/10 18:05:46] 发送(hex): 0d
[2026/09/10 18:05:46] 发送(hex): 20
[2026/09/10 18:05:46] 发送(hex): 03
[2026/09/10 18:05:46] 发送(hex): 0d
[2026/09/10 18:05:46] 发送(hex): 20
[2026/09/10 18:05:46] 发送(hex): 03
[2026/09/10 18:05:46] 发送(hex): 0d
[2026/09/10 18:05:46] 发送(hex): 20
[2026/09/10 18:05:46] 发送(hex): 03
[2026/09/10 18:05:46] 发送(hex): 0d
[2026/09/10 18:05:46] 发送(hex): 20
[2026/09/10 18:05:47] 发送(hex): 03
[2026/09/10 18:05:47] 发送(hex): 0d
[2026/09/10 18:05:47] 发送(hex): 20
[2026/09/10 18:05:47] 发送(hex): 03
[2026/09/10 18:05:47] 发送(hex): 0d
[2026/09/10 18:05:47] 发送(hex): 20
[2026/09/10 18:05:47] 发送(hex): 03
[2026/09/10 18:05:47] 发送(hex): 0d
[2026/09/10 18:05:47] 发送(hex): 20
[2026/09/10 18:05:47] 发送(hex): 03
[2026/09/10 18:05:47] 发送(hex): 0d
[2026/09/10 18:05:47] 发送(hex): 20
[2026/09/10 18:05:47] 发送(hex): 03
[2026/09/10 18:05:47] 发送(hex): 0d
[2026/09/10 18:05:47] 发送(hex): 20
[2026/09/10 18:05:47] 发送(hex): 03
[2026/09/10 18:05:47] 发送(hex): 0d
[2026/09/10 18:05:47] 发送(hex): 20
[2026/09/10 18:05:47] [0;31m[ERROR] dataindex_dtbo_overlay:644: [0m[DATAINDEX DTBO LOAD][start:3942][end:4059][total time:117]
[2026/09/10 18:05:47] 发送(hex): 03
[2026/09/10 18:05:47] 发送(hex): 0d
[2026/09/10 18:05:47] 发送(hex): 20
[2026/09/10 18:05:47] 发送(hex): 03
[2026/09/10 18:05:47] 发送(hex): 0d
[2026/09/10 18:05:47] 发送(hex): 20
[2026/09/10 18:05:47] 发送(hex): 03
[2026/09/10 18:05:47] [0;31m[ERROR] standby_mode_enter_qhb:274: [0mThis PID   unsupport  TCL QHB !!!
[2026/09/10 18:05:47] [AutoTest][mboot][start kernel][4124]
[2026/09/10 18:05:47] Starting kernel ...
[2026/09/10 18:05:47] kfault io buf 0x5be525d0, size 0x28, pos 0x400, is_read 1, ret 0
[2026/09/10 18:05:47] last status:0x0
[2026/09/10 18:05:47] MMC write: dev # 0, block # 1480632, count 7 ...
[2026/09/10 18:05:47] 发送(hex): 0d
[2026/09/10 18:05:47] 发送(hex): 20
[2026/09/10 18:05:47] 发送(hex): 03
[2026/09/10 18:05:47] 发送(hex): 0d
[2026/09/10 18:05:47] 发送(hex): 20
[2026/09/10 18:05:47] 7 blocks written: OK
[2026/09/10 18:05:47] MMC write: dev # 0, block # 1480639, count 1 ...
[2026/09/10 18:05:47] 发送(hex): 03
[2026/09/10 18:05:47] 发送(hex): 0d
[2026/09/10 18:05:47] 发送(hex): 20
[2026/09/10 18:05:47] 发送(hex): 03
[2026/09/10 18:05:47] 发送(hex): 0d
[2026/09/10 18:05:47] 1 blocks written: OK
[2026/09/10 18:05:47] kfault io buf 0x5be4cb10, size 0xf1b, pos 0x37f7000, is_read 0, ret 0
[2026/09/10 18:05:47] MMC write: dev # 0, block # 1366018, count 1 ...
[2026/09/10 18:05:47] 发送(hex): 20
[2026/09/10 18:05:47] 发送(hex): 03
[2026/09/10 18:05:47] 发送(hex): 0d
[2026/09/10 18:05:47] 发送(hex): 20
[2026/09/10 18:05:47] 发送(hex): 03
[2026/09/10 18:05:47] 发送(hex): 0d
[2026/09/10 18:05:47] 1 blocks written: OK
[2026/09/10 18:05:47] kfault io buf 0x5bd0d960, size 0x28, pos 0x400, is_read 0, ret 0
[2026/09/10 18:05:47] 发送(hex): 20
[2026/09/10 18:05:47] 发送(hex): 03
[2026/09/10 18:05:47] 发送(hex): 0d
[2026/09/10 18:05:47] 发送(hex): 20
[2026/09/10 18:05:47] 发送(hex): 03
[2026/09/10 18:05:47] 发送(hex): 0d
[2026/09/10 18:05:47] 发送(hex): 20
[2026/09/10 18:05:47] 发送(hex): 03
[2026/09/10 18:05:47] 发送(hex): 0d
[2026/09/10 18:05:47] 发送(hex): 20
[2026/09/10 18:05:47] 发送(hex): 03
[2026/09/10 18:05:47] 发送(hex): 0d
[2026/09/10 18:05:47] 发送(hex): 20
[2026/09/10 18:05:47] 发送(hex): 03
[2026/09/10 18:05:47] 发送(hex): 0d
[2026/09/10 18:05:47] 发送(hex): 20
[2026/09/10 18:05:47] WARNING: Unimpl
[2026/09/10 18:05:47] 发送(hex): 03
[2026/09/10 18:05:47] 发送(hex): 0d
[2026/09/10 18:05:47] emented Standard Service Call: 0x84000050
[2026/09/10 18:05:47] 发送(hex): 20
[2026/09/10 18:05:47] 发送(hex): 03
[2026/09/10 18:05:47] 发送(hex): 0d
[2026/09/10 18:05:47] 发送(hex): 20
[2026/09/10 18:05:47] 发送(hex): 03
[2026/09/10 18:05:47] 发送(hex): 0d
[2026/09/10 18:05:47] 发送(hex): 20
[2026/09/10 18:05:47] 发送(hex): 03
[2026/09/10 18:05:47] 发送(hex): 0d
[2026/09/10 18:05:47] 发送(hex): 20
[2026/09/10 18:05:47] 发送(hex): 03
[2026/09/10 18:05:47] 发送(hex): 0d
[2026/09/10 18:05:47] 发送(hex): 20
[2026/09/10 18:05:47] 发送(hex): 03
[2026/09/10 18:05:47] 发送(hex): 0d
[2026/09/10 18:05:47] 发送(hex): 20
[2026/09/10 18:05:47] 发送(hex): 03
[2026/09/10 18:05:47] 发送(hex): 0d
[2026/09/10 18:05:47] 发送(hex): 20
[2026/09/10 18:05:47] 发送(hex): 03
[2026/09/10 18:05:47] 发送(hex): 0d
[2026/09/10 18:05:47] 发送(hex): 20
[2026/09/10 18:05:47] 发送(hex): 03
[2026/09/10 18:05:47] 发送(hex): 0d
[2026/09/10 18:05:47] 发送(hex): 20
[2026/09/10 18:05:47] 发送(hex): 03
[2026/09/10 18:05:47] 发送(hex): 0d
[2026/09/10 18:05:47] 发送(hex): 20
[2026/09/10 18:05:47] 发送(hex): 03
[2026/09/10 18:05:47] 发送(hex): 0d
[2026/09/10 18:05:47] 发送(hex): 20
[2026/09/10 18:05:47] 发送(hex): 03
[2026/09/10 18:05:47] 发送(hex): 0d
[2026/09/10 18:05:47] 发送(hex): 20
[2026/09/10 18:05:47] 发送(hex): 03
[2026/09/10 18:05:48] 发送(hex): 0d
[2026/09/10 18:05:48] 发送(hex): 20
[2026/09/10 18:05:48] 发送(hex): 03
[2026/09/10 18:05:48] 发送(hex): 0d
[2026/09/10 18:05:48] 发送(hex): 20
[2026/09/10 18:05:48] 发送(hex): 03
[2026/09/10 18:05:48] [    0.324173][    T1] clk
[2026/09/10 18:05:48] 发送(hex): 0d
[2026/09/10 18:05:48] 发送(hex): 20
[2026/09/10 18:05:48] _mt5896: we have : PM
[2026/09/10 18:05:48] [    0.324196][    T1] clk_mt5896: we have : NONPM
[2026/09/10 18:05:48] 发送(hex): 03
[2026/09/10 18:05:48] 发送(hex): 0d
[2026/09/10 18:05:48] 发送(hex): 20
[2026/09/10 18:05:48] 发送(hex): 03
[2026/09/10 18:05:48] 发送(hex): 0d
[2026/09/10 18:05:48] 发送(hex): 20
[2026/09/10 18:05:48] 发送(hex): 03
[2026/09/10 18:05:48] 发送(hex): 0d
[2026/09/10 18:05:48] 发送(hex): 20
[2026/09/10 18:05:48] 发送(hex): 03
[2026/09/10 18:05:48] 发送(hex): 0d
[2026/09/10 18:05:48] 发送(hex): 20
[2026/09/10 18:05:48] [Ramlog] tee_config_dyn_ramlog_by_cookie is success
[2026/09/10 18:05:48] [    0.473463][    T1] [K][EFUSE]mtk_efuse_init() ----- START
[2026/09/10 18:05:48] [    0.479078][    T1] [K][EFUSE]mtk_efuse_init() ----> OK
[2026/09/10 18:05:48] [    0.491577][    T1] ir set ir_arm_en to 1.
[2026/09/10 18:05:48] [    0.495758][    T1] ir get boot status 2.
[2026/09/10 18:05:48] [    0.499809][    T1] ir set boot status to 3.
[2026/09/10 18:05:48] [    0.504080][    T1] ir get key 65535.
[2026/09/10 18:05:48] [    0.507775][    T1] mtk-ir 1c080000.ir_in: ir probe done.
[2026/09/10 18:05:48] [    0.519549][    T1] [0][0][0]
[2026/09/10 18:05:48] [    0.530381][    T1] add null memory dma_heap with name mtk_nullmem_1
[2026/09/10 18:05:48] [    0.536801][    T1]     range from 0x3000000 to 0x13000000
[2026/09/10 18:05:48] [    0.536801][    T1]
[2026/09/10 18:05:48] [    0.536801][    T1]
[2026/09/10 18:05:48] 发送(hex): 03
[2026/09/10 18:05:48] 发送(hex): 0d
[2026/09/10 18:05:48] [    0.570424][    T1] we have : seal
[2026/09/10 18:05:48] 发送(hex): 20
[2026/09/10 18:05:48] 发送(hex): 03
[2026/09/10 18:05:48] 发送(hex): 0d
[2026/09/10 18:05:48] 发送(hex): 20
[2026/09/10 18:05:48] 发送(hex): 03
[2026/09/10 18:05:48] 发送(hex): 0d
[2026/09/10 18:05:48] 发送(hex): 20
[2026/09/10 18:05:48] [
[2026/09/10 18:05:48] 发送(hex): 03
[2026/09/10 18:05:48] 发送(hex): 0d
[2026/09/10 18:05:48] 发送(hex): 20
[2026/09/10 18:05:48] 发送(hex): 03
[2026/09/10 18:05:48] 发送(hex): 0d
[2026/09/10 18:05:48] 发送(hex): 20
[2026/09/10 18:05:48] 发送(hex): 03
[2026/09/10 18:05:48] 0.655993][   T67] mtk_mci 1c660000.mtk-mmc-fcie: [ mtk_fcie_set_ios() Ln.4351 ]
[2026/09/10 18:05:48] [    0.663606][   T67] mtk_mci 1c660000.mtk-mmc-fcie: Ld HS400ES
[2026/09/10 18:05:48] [    0.671604][   T67] mtk_mci 1c660000.mtk-mmc-fcie: eMMC: HS400 5.1 200MHz
[2026/09/10 18:05:48] [    0.678436][    T1] [Alg Debug] MApi_PQ_CLI_CFD_Init sucess!!
[2026/09/10 18:05:48] [    0.678733][   T67] mtk_mci 1c660000.mtk-mmc-fcie: eMMC: HS400 5.1 200MHz
[2026/09/10 18:05:48] [    0.695260][    T1] lizw pp 1
[2026/09/10 18:05:48] [    0.705957][    T1] ux_thread: uxthread_init done!
[2026/09/10 18:05:48] [    0.711598][    T1] tcl_action_monitor: kfault kernel timeout init
[2026/09/10 18:05:48] 发送(hex): 0d
[2026/09/10 18:05:48] 发送(hex): 20
[2026/09/10 18:05:48] 发送(hex): 03
[2026/09/10 18:05:48] 发送(hex): 0d
[2026/09/10 18:05:48] 发送(hex): 20
[2026/09/10 18:05:48] 发送(hex): 03
[2026/09/10 18:05:48] 发送(hex): 0d
[2026/09/10 18:05:48] 发送(hex): 20
[2026/09/10 18:05:48] 发送(hex): 03
[2026/09/10 18:05:48] 发送(hex): 0d
[2026/09/10 18:05:48] 发送(hex): 20
[2026/09/10 18:05:48] 发送(hex): 03
[2026/09/10 18:05:48] 发送(hex): 0d
[2026/09/10 18:05:48] 发送(hex): 20
[2026/09/10 18:05:48] 发送(hex): 03
[2026/09/10 18:05:48] 发送(hex): 0d
[2026/09/10 18:05:48] 发送(hex): 20
[2026/09/10 18:05:48] 发送(hex): 03
[2026/09/10 18:05:48] 发送(hex): 0d
[2026/09/10 18:05:48] 发送(hex): 20
[2026/09/10 18:05:48] 发送(hex): 03
[2026/09/10 18:05:48] 发送(hex): 0d
[2026/09/10 18:05:48] 发送(hex): 20
[2026/09/10 18:05:48] 发送(hex): 03
[2026/09/10 18:05:48] 发送(hex): 0d
[2026/09/10 18:05:48] 发送(hex): 20
[2026/09/10 18:05:48] 发送(hex): 03
[2026/09/10 18:05:48] 发送(hex): 0d
[2026/09/10 18:05:48] 发送(hex): 20
[2026/09/10 18:05:48] 发送(hex): 03
[2026/09/10 18:05:48] 发送(hex): 0d
[2026/09/10 18:05:48] 发送(hex): 20
[2026/09/10 18:05:48] 发送(hex): 03
[2026/09/10 18:05:48] 发送(hex): 0d
[2026/09/10 18:05:48] 发送(hex): 20
[2026/09/10 18:05:48] 发送(hex): 03
[2026/09/10 18:05:48] 发送(hex): 0d
[2026/09/10 18:05:48] 发送(hex): 20
[2026/09/10 18:05:48] 发送(hex): 03
[2026/09/10 18:05:48] 发送(hex): 0d
[2026/09/10 18:05:48] 发送(hex): 20
[2026/09/10 18:05:48] 发送(hex): 03
[2026/09/10 18:05:48] 发送(hex): 0d
[2026/09/10 18:05:48] 发送(hex): 20
[2026/09/10 18:05:48] 发送(hex): 03
[2026/09/10 18:05:48] 发送(hex): 0d
[2026/09/10 18:05:48] 发送(hex): 20
[2026/09/10 18:05:48] 发送(hex): 03
[2026/09/10 18:05:48] 发送(hex): 0d
[2026/09/10 18:05:48] 发送(hex): 20
[2026/09/10 18:05:48] 发送(hex): 03
[2026/09/10 18:05:48] 发送(hex): 0d
[2026/09/10 18:05:48] 发送(hex): 20
[2026/09/10 18:05:48] 发送(hex): 03
[2026/09/10 18:05:48] 发送(hex): 0d
[2026/09/10 18:05:48] 发送(hex): 20
[2026/09/10 18:05:49] 发送(hex): 03
[2026/09/10 18:05:49] 发送(hex): 0d
[2026/09/10 18:05:49] 发送(hex): 20
[2026/09/10 18:05:49] 发送(hex): 03
[2026/09/10 18:05:49] 发送(hex): 0d
[2026/09/10 18:05:49] 发送(hex): 20
[2026/09/10 18:05:49] 发送(hex): 03
[2026/09/10 18:05:49] 发送(hex): 0d
[2026/09/10 18:05:49] 发送(hex): 20
[2026/09/10 18:05:49] 发送(hex): 03
[2026/09/10 18:05:49] 发送(hex): 0d
[2026/09/10 18:05:49] 发送(hex): 20
[2026/09/10 18:05:49] 发送(hex): 03
[2026/09/10 18:05:49] 发送(hex): 0d
[2026/09/10 18:05:49] 发送(hex): 20
[2026/09/10 18:05:49] 发送(hex): 03
[2026/09/10 18:05:49] 发送(hex): 0d
[2026/09/10 18:05:49] 发送(hex): 20
[2026/09/10 18:05:49] 发送(hex): 03
[2026/09/10 18:05:49] 发送(hex): 0d
[2026/09/10 18:05:49] 发送(hex): 20
[2026/09/10 18:05:49] 发送(hex): 03
[2026/09/10 18:05:49] 发送(hex): 0d
[2026/09/10 18:05:49] 发送(hex): 20
[2026/09/10 18:05:49] 发送(hex): 03
[2026/09/10 18:05:49] 发送(hex): 0d
[2026/09/10 18:05:49] 发送(hex): 20
[2026/09/10 18:05:49] 发送(hex): 03
[2026/09/10 18:05:49] 发送(hex): 0d
[2026/09/10 18:05:49] 发送(hex): 20
[2026/09/10 18:05:49] 发送(hex): 03
[2026/09/10 18:05:49] 发送(hex): 0d
[2026/09/10 18:05:49] 发送(hex): 20
[2026/09/10 18:05:49] 发送(hex): 03
[2026/09/10 18:05:49] 发送(hex): 0d
[2026/09/10 18:05:49] 发送(hex): 20
[2026/09/10 18:05:49] 发送(hex): 03
[2026/09/10 18:05:49] 发送(hex): 0d
[2026/09/10 18:05:49] 发送(hex): 20
[2026/09/10 18:05:49] 发送(hex): 03
[2026/09/10 18:05:49] 发送(hex): 0d
[2026/09/10 18:05:49] 发送(hex): 20
[2026/09/10 18:05:49] 发送(hex): 03
[2026/09/10 18:05:49] 发送(hex): 0d
[2026/09/10 18:05:49] 发送(hex): 20
[2026/09/10 18:05:49] 发送(hex): 03
[2026/09/10 18:05:49] 发送(hex): 0d
[2026/09/10 18:05:49] 发送(hex): 20
[2026/09/10 18:05:49] 发送(hex): 03
[2026/09/10 18:05:49] 发送(hex): 0d
[2026/09/10 18:05:49] 发送(hex): 20
[2026/09/10 18:05:49] 发送(hex): 03
[2026/09/10 18:05:49] [    1.869037][  T121] tcl_action_monitor: kfault stop kernel init timeout
[2026/09/10 18:05:49] 发送(hex): 0d
[2026/09/10 18:05:49] 发送(hex): 20
[2026/09/10 18:05:49] 发送(hex): 03
[2026/09/10 18:05:49] 发送(hex): 0d
[2026/09/10 18:05:49] 发送(hex): 20
[2026/09/10 18:05:49] 发送(hex): 03
[2026/09/10 18:05:49] 发送(hex): 0d
[2026/09/10 18:05:49] 发送(hex): 20
[2026/09/10 18:05:49] 发送(hex): 03
[2026/09/10 18:05:49] 发送(hex): 0d
[2026/09/10 18:05:49] 发送(hex): 20
[2026/09/10 18:05:49] 发送(hex): 03
[2026/09/10 18:05:49] 发送(hex): 0d
[2026/09/10 18:05:49] 发送(hex): 20
[2026/09/10 18:05:49] 发送(hex): 03
[2026/09/10 18:05:49] 发送(hex): 0d
[2026/09/10 18:05:49] 发送(hex): 20
[2026/09/10 18:05:49] 发送(hex): 03
[2026/09/10 18:05:49] 发送(hex): 0d
[2026/09/10 18:05:49] 发送(hex): 20
[2026/09/10 18:05:49] 发送(hex): 03
[2026/09/10 18:05:49] 发送(hex): 0d
[2026/09/10 18:05:49] 发送(hex): 20
[2026/09/10 18:05:49] 发送(hex): 03
[2026/09/10 18:05:49] 发送(hex): 0d
[2026/09/10 18:05:49] 发送(hex): 20
[2026/09/10 18:05:49] 发送(hex): 03
[2026/09/10 18:05:49] 发送(hex): 0d
[2026/09/10 18:05:49] 发送(hex): 20
[2026/09/10 18:05:49] 发送(hex): 03
[2026/09/10 18:05:49] 发送(hex): 0d
[2026/09/10 18:05:49] 发送(hex): 20
[2026/09/10 18:05:49] 发送(hex): 03
[2026/09/10 18:05:49] 发送(hex): 0d
[2026/09/10 18:05:49] 发送(hex): 20
[2026/09/10 18:05:49] 发送(hex): 03
[2026/09/10 18:05:49] 发送(hex): 0d
[2026/09/10 18:05:49] 发送(hex): 20
[2026/09/10 18:05:49] 发送(hex): 03
[2026/09/10 18:05:49] 发送(hex): 0d
[2026/09/10 18:05:49] 发送(hex): 20
[2026/09/10 18:05:50] 发送(hex): 03
[2026/09/10 18:05:50] 发送(hex): 0d
[2026/09/10 18:05:50] ^C
[2026/09/10 18:05:50] 发送(hex): 20
[2026/09/10 18:05:50] 发送(hex): 03
[2026/09/10 18:05:50] 发送(hex): 0d
[2026/09/10 18:05:50] 发送(hex): 20
[2026/09/10 18:05:50] 发送(hex): 03
[2026/09/10 18:05:50] 发送(hex): 0d
[2026/09/10 18:05:50] 发送(hex): 20
[2026/09/10 18:05:50] 发送(hex): 03
[2026/09/10 18:05:50] 发送(hex): 0d
[2026/09/10 18:05:50] 发送(hex): 20
[2026/09/10 18:05:50] 发送(hex): 03
[2026/09/10 18:05:50] 发送(hex): 0d
[2026/09/10 18:05:50] 发送(hex): 20
[2026/09/10 18:05:50] 发送(hex): 03
[2026/09/10 18:05:50] 发送(hex): 0d
[2026/09/10 18:05:50] 发送(hex): 20
[2026/09/10 18:05:50] 发送(hex): 03
[2026/09/10 18:05:50] 发送(hex): 0d
[2026/09/10 18:05:50] 发送(hex): 20
[2026/09/10 18:05:50] 发送(hex): 03
[2026/09/10 18:05:50] 发送(hex): 0d
[2026/09/10 18:05:50] 发送(hex): 20
[2026/09/10 18:05:50] 发送(hex): 03
[2026/09/10 18:05:50] 发送(hex): 0d
[2026/09/10 18:05:50] 发送(hex): 20
[2026/09/10 18:05:50] 发送(hex): 03
[2026/09/10 18:05:50] 发送(hex): 0d
[2026/09/10 18:05:50] 发送(hex): 20
[2026/09/10 18:05:50] 发送(hex): 03
[2026/09/10 18:05:50] 发送(hex): 0d
[2026/09/10 18:05:50] 发送(hex): 20
[2026/09/10 18:05:50] 发送(hex): 03
[2026/09/10 18:05:50] 发送(hex): 0d
[2026/09/10 18:05:50] 发送(hex): 20
[2026/09/10 18:05:50] 发送(hex): 03
[2026/09/10 18:05:50] 发送(hex): 0d
[2026/09/10 18:05:50] 发送(hex): 20
[2026/09/10 18:05:50] 发送(hex): 03
[2026/09/10 18:05:50] 发送(hex): 0d
[2026/09/10 18:05:50] 发送(hex): 20
[2026/09/10 18:05:50] 发送(hex): 03
[2026/09/10 18:05:50] 发送(hex): 0d
[2026/09/10 18:05:50] 发送(hex): 20
[2026/09/10 18:05:50] 发送(hex): 03
[2026/09/10 18:05:50] 发送(hex): 0d
[2026/09/10 18:05:50] 发送(hex): 20
[2026/09/10 18:05:50] 发送(hex): 03
[2026/09/10 18:05:50] 发送(hex): 0d
[2026/09/10 18:05:50] 发送(hex): 20
[2026/09/10 18:05:50] 发送(hex): 03
[2026/09/10 18:05:50] 发送(hex): 0d
[2026/09/10 18:05:50] 发送(hex): 20
[2026/09/10 18:05:50] 发送(hex): 03
[2026/09/10 18:05:50] 发送(hex): 0d
[2026/09/10 18:05:50] 发送(hex): 20
[2026/09/10 18:05:50] 发送(hex): 03
[2026/09/10 18:05:50] 发送(hex): 0d
[2026/09/10 18:05:50] 发送(hex): 20
[2026/09/10 18:05:50] 发送(hex): 03
[2026/09/10 18:05:50] 发送(hex): 0d
[2026/09/10 18:05:50] 发送(hex): 20
[2026/09/10 18:05:50] 发送(hex): 03
[2026/09/10 18:05:50] 发送(hex): 0d
[2026/09/10 18:05:50] 发送(hex): 20
[2026/09/10 18:05:50] 发送(hex): 03
[2026/09/10 18:05:50] 发送(hex): 0d
[2026/09/10 18:05:50] 发送(hex): 20
[2026/09/10 18:05:50] 发送(hex): 03
[2026/09/10 18:05:50] 发送(hex): 0d
[2026/09/10 18:05:50] 发送(hex): 20
[2026/09/10 18:05:50] 发送(hex): 03
[2026/09/10 18:05:50] 发送(hex): 0d
[2026/09/10 18:05:50] 发送(hex): 20
[2026/09/10 18:05:50] 发送(hex): 03
[2026/09/10 18:05:50] 发送(hex): 0d
[2026/09/10 18:05:50] 发送(hex): 20
[2026/09/10 18:05:50] 发送(hex): 03
[2026/09/10 18:05:50] 发送(hex): 0d
[2026/09/10 18:05:50] 发送(hex): 20
[2026/09/10 18:05:50] 发送(hex): 03
[2026/09/10 18:05:50] 发送(hex): 0d
[2026/09/10 18:05:50] 发送(hex): 20
[2026/09/10 18:05:50] 发送(hex): 03
[2026/09/10 18:05:50] 发送(hex): 0d
[2026/09/10 18:05:50] 发送(hex): 20
[2026/09/10 18:05:50] 发送(hex): 03
[2026/09/10 18:05:50] 发送(hex): 0d
[2026/09/10 18:05:50] 发送(hex): 20
[2026/09/10 18:05:50] 发送(hex): 03
[2026/09/10 18:05:50] 发送(hex): 0d
[2026/09/10 18:05:50] 发送(hex): 20
[2026/09/10 18:05:50] 发送(hex): 03
[2026/09/10 18:05:51] 发送(hex): 0d
[2026/09/10 18:05:51] 发送(hex): 20
[2026/09/10 18:05:51] 发送(hex): 03
[2026/09/10 18:05:51] 发送(hex): 0d
[2026/09/10 18:05:51] 发送(hex): 20
[2026/09/10 18:05:51] 发送(hex): 03
[2026/09/10 18:05:51] 发送(hex): 0d
[2026/09/10 18:05:51] 发送(hex): 20
[2026/09/10 18:05:51] 发送(hex): 03
[2026/09/10 18:05:51] 发送(hex): 0d
[2026/09/10 18:05:51] 发送(hex): 20
[2026/09/10 18:05:51] 发送(hex): 03
[2026/09/10 18:05:51] console:/ $
[2026/09/10 18:05:51] 发送(hex): 0d
[2026/09/10 18:05:51] 发送(hex): 20
[2026/09/10 18:05:51] 发送(hex): 03
[2026/09/10 18:05:51] 发送(hex): 0d
[2026/09/10 18:05:51] console:/ $ [0;32;31m [ramlog] tee_get_ramlog_config 586 [m
[2026/09/10 18:05:51] ^C[ramlog] Chip ID: 27 f3 04 f5 fd 0b 95 c5 8d 04 00 00
[2026/09/10 18:05:51] [ramlog] TEE log is not enabled (I2C mode:1)
[2026/09/10 18:05:51] 130|console:/ $
[2026/09/10 18:05:51] 130|console:/ $  ^C
[2026/09/10 18:05:51] 发送(hex): 20
[2026/09/10 18:05:51] 130|console:/ $
[2026/09/10 18:05:51] 发送(hex): 03
[2026/09/10 18:05:51] 发送(hex): 0d
[2026/09/10 18:05:51] 130|console:/ $  ^C
[2026/09/10 18:05:51] 发送(hex): 20
[2026/09/10 18:05:51] 发送(hex): 03
[2026/09/10 18:05:51] 发送(hex): 0d
[2026/09/10 18:05:51] 130|console:/ $
[2026/09/10 18:05:51] 130|console:/ $  ^C
[2026/09/10 18:05:51] 发送(hex): 20
[2026/09/10 18:05:51] 130|console:/ $
[2026/09/10 18:05:51] 发送(hex): 03
[2026/09/10 18:05:51] 发送(hex): 0d
[2026/09/10 18:05:51] 130|console:/ $  ^C
[2026/09/10 18:05:51] 发送(hex): 20
[2026/09/10 18:05:51] 130|console:/ $
[2026/09/10 18:05:51] 发送(hex): 03
[2026/09/10 18:05:51] 发送(hex): 0d
[2026/09/10 18:05:51] 130|console:/ $  ^
[2026/09/10 18:05:51] 发送(hex): 20
[2026/09/10 18:05:51] C
[2026/09/10 18:05:51] 发送(hex): 03
[2026/09/10 18:05:51] 130|console:/ $
[2026/09/10 18:05:51] 发送(hex): 0d
[2026/09/10 18:05:51] 发送(hex): 20
[2026/09/10 18:05:51] 130|console:/ $  ^C
[2026/09/10 18:05:51] 发送(hex): 03
[2026/09/10 18:05:51] 130|console:/ $
[2026/09/10 18:05:51] 发送(hex): 0d
[2026/09/10 18:05:51] 发送(hex): 20
[2026/09/10 18:05:51] 130|console:/ $  ^C
[2026/09/10 18:05:51] 发送(hex): 03
[2026/09/10 18:05:51] 130|console:/ $
[2026/09/10 18:05:51] 发送(hex): 0d
[2026/09/10 18:05:51] 发送(hex): 20
[2026/09/10 18:05:51] 130|console:/ $  ^C
[2026/09/10 18:05:51] 发送(hex): 03
[2026/09/10 18:05:51] 130|console:/ $
[2026/09/10 18:05:51] 发送(hex): 0d
[2026/09/10 18:05:51] 发送(hex): 20
[2026/09/10 18:05:51] 130|console:/ $  ^C
[2026/09/10 18:05:51] 发送(hex): 03
[2026/09/10 18:05:51] 130|console:/ $
[2026/09/10 18:05:51] 发送(hex): 0d
[2026/09/10 18:05:51] 130|console:/ $  ^C
[2026/09/10 18:05:51] 发送(hex): 20
[2026/09/10 18:05:51] 发送(hex): 03
[2026/09/10 18:05:51] 130|console:/ $
[2026/09/10 18:05:51] 130|console:/ $
[2026/09/10 18:05:51] 发送(hex): 0d
[2026/09/10 18:05:51] ^C
[2026/09/10 18:05:51] 发送(hex): 20
[2026/09/10 18:05:51] 发送(hex): 03
[2026/09/10 18:05:51] 130|console:/ $
[2026/09/10 18:05:51] 130|console:/ $
[2026/09/10 18:05:51] 发送(hex): 0d
[2026/09/10 18:05:51] ^C
[2026/09/10 18:05:51] 发送(hex): 20
[2026/09/10 18:05:51] 发送(hex): 03
[2026/09/10 18:05:51] 130|console:/ $
[2026/09/10 18:05:51] 130|console:/ $
[2026/09/10 18:05:51] 发送(hex): 0d
[2026/09/10 18:05:51] ^C
[2026/09/10 18:05:51] 发送(hex): 20
[2026/09/10 18:05:51] 130|console:/ $
[2026/09/10 18:05:51] 发送(hex): 03
[2026/09/10 18:05:51] 发送(hex): 0d
[2026/09/10 18:05:51] 130|console:/ $  ^C
[2026/09/10 18:05:51] 发送(hex): 20
[2026/09/10 18:05:51] 发送(hex): 03
[2026/09/10 18:05:51] 发送(hex): 0d
[2026/09/10 18:05:51] 130|console:/ $
[2026/09/10 18:05:51] 130|console:/ $  ^
[2026/09/10 18:05:51] 发送(hex): 20
[2026/09/10 18:05:51] C
[2026/09/10 18:05:51] 130|console:/ $
[2026/09/10 18:05:51] 发送(hex): 03
[2026/09/10 18:05:51] 发送(hex): 0d
[2026/09/10 18:05:51] 130|console:/ $  ^C
[2026/09/10 18:05:51] 发送(hex): 20
[2026/09/10 18:05:51] 130|console:/ $
[2026/09/10 18:05:51] 发送(hex): 03
[2026/09/10 18:05:51] 发送(hex): 0d
[2026/09/10 18:05:51] 130|console:/ $  ^C
[2026/09/10 18:05:51] 发送(hex): 20
[2026/09/10 18:05:51] 发送(hex): 03
[2026/09/10 18:05:51] 发送(hex): 0d
[2026/09/10 18:05:51] 130|console:/ $
[2026/09/10 18:05:51] 130|console:/ $  ^C
[2026/09/10 18:05:51] 发送(hex): 20
[2026/09/10 18:05:51] 发送(hex): 03
[2026/09/10 18:05:51] 发送(hex): 0d
[2026/09/10 18:05:51] 130|console:/ $
[2026/09/10 18:05:51] 发送(hex): 20
[2026/09/10 18:05:51] 130|console:/ $  ^C
[2026/09/10 18:05:51] 130|console:/ $
[2026/09/10 18:05:51] 发送(hex): 03
[2026/09/10 18:05:51] 发送(hex): 0d
[2026/09/10 18:05:51] 130|console:/ $  ^C
[2026/09/10 18:05:51] 发送(hex): 20
[2026/09/10 18:05:51] 发送(hex): 03
[2026/09/10 18:05:51] 发送(hex): 0d
[2026/09/10 18:05:51] 130|console:/ $
[2026/09/10 18:05:51] ^C
[2026/09/10 18:05:51] 发送(hex): 20
[2026/09/10 18:05:51] console:/ $
[2026/09/10 18:05:51] 发送(hex): 03
[2026/09/10 18:05:51] 发送(hex): 0d
[2026/09/10 18:05:51] 130|console:/ $  ^C
[2026/09/10 18:05:51] 发送(hex): 20
[2026/09/10 18:05:51] 发送(hex): 03
[2026/09/10 18:05:51] 发送(hex): 0d
[2026/09/10 18:05:51] 130|console:/ $
[2026/09/10 18:05:51] 发送(hex): 20
[2026/09/10 18:05:51] 130|console:/ $  ^C
[2026/09/10 18:05:51] 发送(hex): 03
[2026/09/10 18:05:51] 发送(hex): 0d
[2026/09/10 18:05:51] 130|console:/ $
[2026/09/10 18:05:51] 发送(hex): 20
[2026/09/10 18:05:51] 130|console:/ $  ^C
[2026/09/10 18:05:51] 发送(hex): 03
[2026/09/10 18:05:51] 发送(hex): 0d
[2026/09/10 18:05:51] 130|console:/ $
[2026/09/10 18:05:51] 发送(hex): 20
[2026/09/10 18:05:51] 130|console:/ $  ^C
[2026/09/10 18:05:51] 130|console:/ $
[2026/09/10 18:05:51] 发送(hex): 03
[2026/09/10 18:05:51] 130|console:/ $
[2026/09/10 18:05:51] 发送(hex): 0d
[2026/09/10 18:05:52] 发送(hex): 20
[2026/09/10 18:05:52] ^C
[2026/09/10 18:05:52] 130|console:/ $
[2026/09/10 18:05:52] 发送(hex): 03
[2026/09/10 18:05:52] 130|console:/ $
[2026/09/10 18:05:52] 发送(hex): 0d
[2026/09/10 18:05:52] 发送(hex): 20
[2026/09/10 18:05:52] ^C
[2026/09/10 18:05:52] 130|console:/ $
[2026/09/10 18:05:52] 发送(hex): 03
[2026/09/10 18:05:52] 130|console:/ $
[2026/09/10 18:05:52] 发送(hex): 0d
[2026/09/10 18:05:52] 发送(hex): 20
[2026/09/10 18:05:52] ^C
[2026/09/10 18:05:52] 发送(hex): 03
[2026/09/10 18:05:52] 130|console:/ $
[2026/09/10 18:05:52] 发送(hex): 0d
[2026/09/10 18:05:52] 发送(hex): 20
[2026/09/10 18:05:52] 130|console:/ $  ^C
[2026/09/10 18:05:52] 发送(hex): 03
[2026/09/10 18:05:52] 130|console:/ $
[2026/09/10 18:05:52] 发送(hex): 0d
[2026/09/10 18:05:52] 130|console:/ $  ^C
[2026/09/10 18:05:52] 发送(hex): 20
[2026/09/10 18:05:52] 发送(hex): 03
[2026/09/10 18:05:52] 发送(hex): 0d
[2026/09/10 18:05:52] 130|console:/ $
[2026/09/10 18:05:52] 130|console:/ $  ^
[2026/09/10 18:05:52] 发送(hex): 20
[2026/09/10 18:05:52] 发送(hex): 03
[2026/09/10 18:05:52] C
[2026/09/10 18:05:52] 发送(hex): 0d
[2026/09/10 18:05:52] 130|console:/ $
[2026/09/10 18:05:52] 发送(hex): 20
[2026/09/10 18:05:52] 发送(hex): 03
[2026/09/10 18:05:52] 130|console:/ $  ^C
[2026/09/10 18:05:52] 发送(hex): 0d
[2026/09/10 18:05:52] ^C130|console:/ $
[2026/09/10 18:05:52] 发送(hex): 20
[2026/09/10 18:05:52] 发送(hex): 03
[2026/09/10 18:05:52] 发送(hex): 0d
[2026/09/10 18:05:52] ^C130|console:/ $
[2026/09/10 18:05:52] 发送(hex): 20
[2026/09/10 18:05:52] 发送(hex): 03
[2026/09/10 18:05:52] 发送(hex): 0d
[2026/09/10 18:05:52] ^C130|console:/ $
[2026/09/10 18:05:52] 发送(hex): 20
[2026/09/10 18:05:52] 发送(hex): 03
[2026/09/10 18:05:52] 发送(hex): 0d
[2026/09/10 18:05:52] ^C130|console:/ $
[2026/09/10 18:05:52] 发送(hex): 20
[2026/09/10 18:05:52] 发送(hex): 03
[2026/09/10 18:05:52] 发送(hex): 0d
[2026/09/10 18:05:52] ^C
[2026/09/10 18:05:52] 发送(hex): 20
[2026/09/10 18:05:52] 发送(hex): 03
[2026/09/10 18:05:52] 130|console:/ $
[2026/09/10 18:05:52] 130|console:/ $
[2026/09/10 18:05:52] 发送(hex): 0d
[2026/09/10 18:05:52] ^C
[2026/09/10 18:05:52] 发送(hex): 20
[2026/09/10 18:05:52] 发送(hex): 03
[2026/09/10 18:05:52] 130|console:/ $
[2026/09/10 18:05:52] 发送(hex): 0d
[2026/09/10 18:05:52] 130|console:/ $  ^C
[2026/09/10 18:05:52] 发送(hex): 20
[2026/09/10 18:05:52] 发送(hex): 03
[2026/09/10 18:05:52] 130|console:/ $
[2026/09/10 18:05:52] 发送(hex): 0d
[2026/09/10 18:05:52] 130|console:/ $  ^C
[2026/09/10 18:05:52] 发送(hex): 20
[2026/09/10 18:05:52] 发送(hex): 03
[2026/09/10 18:05:52] 130|console:/ $
[2026/09/10 18:05:52] 130|console:/ $
[2026/09/10 18:05:52] 发送(hex): 0d
[2026/09/10 18:05:52] ^C
[2026/09/10 18:05:52] 发送(hex): 20
[2026/09/10 18:05:52] 发送(hex): 03
[2026/09/10 18:05:52] 130|console:/ $
[2026/09/10 18:05:52] 发送(hex): 0d
[2026/09/10 18:05:52] 130|console:/ $  ^C
[2026/09/10 18:05:52] 发送(hex): 20
[2026/09/10 18:05:52] 130|console:/ $
[2026/09/10 18:05:52] 发送(hex): 03
[2026/09/10 18:05:52] 发送(hex): 0d
[2026/09/10 18:05:52] 130|console:/ $  ^C
[2026/09/10 18:05:52] 发送(hex): 20
[2026/09/10 18:05:52] 130|console:/ $
[2026/09/10 18:05:52] 发送(hex): 03
[2026/09/10 18:05:52] 发送(hex): 0d
[2026/09/10 18:05:52] 130|console:/ $  ^C
[2026/09/10 18:05:52] 发送(hex): 20
[2026/09/10 18:05:52] 130|console:/ $
[2026/09/10 18:05:52] 发送(hex): 03
[2026/09/10 18:05:52] 发送(hex): 0d
[2026/09/10 18:05:52] 130|console:/ $  ^C
[2026/09/10 18:05:52] 发送(hex): 20
[2026/09/10 18:05:52] 130|console:/ $
[2026/09/10 18:05:52] 发送(hex): 03
[2026/09/10 18:05:52] 发送(hex): 0d
[2026/09/10 18:05:52] 130|console:/ $  ^C
[2026/09/10 18:05:52] 发送(hex): 20
[2026/09/10 18:05:52] 130|console:/ $
[2026/09/10 18:05:52] 发送(hex): 03
[2026/09/10 18:05:52] 发送(hex): 0d
[2026/09/10 18:05:52] 130|console:/ $  ^C
[2026/09/10 18:05:52] 发送(hex): 20
[2026/09/10 18:05:52] 130|console:/ $
[2026/09/10 18:05:52] 发送(hex): 03
[2026/09/10 18:05:52] 发送(hex): 0d
[2026/09/10 18:05:52] 130|console:/ $  ^C
[2026/09/10 18:05:52] 发送(hex): 20
[2026/09/10 18:05:52] 130|console:/ $
[2026/09/10 18:05:52] 发送(hex): 03
[2026/09/10 18:05:52] 发送(hex): 0d
[2026/09/10 18:05:52] 130|console:/ $  ^C
[2026/09/10 18:05:52] 发送(hex): 20
[2026/09/10 18:05:52] 130|console:/ $
[2026/09/10 18:05:52] 发送(hex): 03
[2026/09/10 18:05:52] 发送(hex): 0d
[2026/09/10 18:05:52] 130|console:/ $  ^C
[2026/09/10 18:05:52] 发送(hex): 20
[2026/09/10 18:05:52] 130|console:/ $
[2026/09/10 18:05:52] 发送(hex): 03
[2026/09/10 18:05:52] 发送(hex): 0d
[2026/09/10 18:05:52] 130|console:/ $  ^C
[2026/09/10 18:05:52] 发送(hex): 20
[2026/09/10 18:05:52] 130|console:/
[2026/09/10 18:05:52] 发送(hex): 03
[2026/09/10 18:05:52] 发送(hex): 0d
[2026/09/10 18:05:52] $
[2026/09/10 18:05:52] 130|console:/ $
[2026/09/10 18:05:52] 发送(hex): 20
[2026/09/10 18:05:52] ^C
[2026/09/10 18:05:52] 发送(hex): 03
[2026/09/10 18:05:52] 发送(hex): 0d
[2026/09/10 18:05:52] 130|console:/ $
[2026/09/10 18:05:52] 发送(hex): 20
[2026/09/10 18:05:52] 130|console:/ $  ^C
[2026/09/10 18:05:52] 发送(hex): 03
[2026/09/10 18:05:52] 发送(hex): 0d
[2026/09/10 18:05:52] 130|console:/ $
[2026/09/10 18:05:52] 发送(hex): 20
[2026/09/10 18:05:52] 130|console:/ $  ^C
[2026/09/10 18:05:52] 发送(hex): 03
[2026/09/10 18:05:52] 发送(hex): 0d
[2026/09/10 18:05:52] 130|console:/ $
[2026/09/10 18:05:52] 130|console:/
[2026/09/10 18:05:52] 发送(hex): 20
[2026/09/10 18:05:52] $  ^C
[2026/09/10 18:05:52] 130|console:/ $
[2026/09/10 18:05:52] 发送(hex): 03
[2026/09/10 18:05:52] 发送(hex): 0d
[2026/09/10 18:05:52] 130|console:/ $  ^C
[2026/09/10 18:05:52] 发送(hex): 20
[2026/09/10 18:05:52] 130|console:/
[2026/09/10 18:05:52] 发送(hex): 03
[2026/09/10 18:05:52] 发送(hex): 0d
[2026/09/10 18:05:52] $
[2026/09/10 18:05:52] 130|console:/
[2026/09/10 18:05:53] 发送(hex): 20
[2026/09/10 18:05:53] $  ^C
[2026/09/10 18:05:53] 130|console:/ $
[2026/09/10 18:05:53] 发送(hex): 03
[2026/09/10 18:05:53] 发送(hex): 0d
[2026/09/10 18:05:53] 130|console:/ $  ^C
[2026/09/10 18:05:53] 发送(hex): 20
[2026/09/10 18:05:53] 130|console:/ $
[2026/09/10 18:05:53] 发送(hex): 03
[2026/09/10 18:05:53] 发送(hex): 0d
[2026/09/10 18:05:53] 130|console:/ $  ^C
[2026/09/10 18:05:53] 发送(hex): 20
[2026/09/10 18:05:53] 130|console:/ $
[2026/09/10 18:05:53] 发送(hex): 03
[2026/09/10 18:05:53] 发送(hex): 0d
[2026/09/10 18:05:53] 130|console:/ $  ^C
[2026/09/10 18:05:53] 发送(hex): 20
[2026/09/10 18:05:53] 130|console:/ $
[2026/09/10 18:05:53] 发送(hex): 03
[2026/09/10 18:05:53] 发送(hex): 0d
[2026/09/10 18:05:53] 130|console:/ $  ^C
[2026/09/10 18:05:53] 发送(hex): 20
[2026/09/10 18:05:53] 130|console:/ $
[2026/09/10 18:05:53] 发送(hex): 03
[2026/09/10 18:05:53] 发送(hex): 0d
[2026/09/10 18:05:53] 130|console:/ $  ^C
[2026/09/10 18:05:53] 发送(hex): 20
[2026/09/10 18:05:53] 130|console:/
[2026/09/10 18:05:53] 发送(hex): 03
[2026/09/10 18:05:53] 发送(hex): 0d
[2026/09/10 18:05:53] $
[2026/09/10 18:05:53] 130|console:/
[2026/09/10 18:05:53] 发送(hex): 20
[2026/09/10 18:05:53] $  ^C
[2026/09/10 18:05:53] 130|console:/ $
[2026/09/10 18:05:53] 发送(hex): 03
[2026/09/10 18:05:53] 发送(hex): 0d
[2026/09/10 18:05:53] 130|console:/ $  ^C
[2026/09/10 18:05:53] 发送(hex): 20
[2026/09/10 18:05:53] 发送(hex): 03
[2026/09/10 18:05:53] 发送(hex): 0d
[2026/09/10 18:05:53] 发送(hex): 20
[2026/09/10 18:05:53] 发送(hex): 03
[2026/09/10 18:05:53] [    5.569214][  T321] mtk_and: line 0: glide-disk-cach%com.google.android.apps.tv.launcherx=S:N-20
[2026/09/10 18:05:53] [    5.578057][  T321] mtk_and: line 1: animation%com.netflix.ninja=S:N-10
[2026/09/10 18:05:53] [    5.584860][  T321] mtk_and: line 2: Thread-17%com.amazon.amazonvideo.livingroom=S:R1
[2026/09/10 18:05:53] 130|console:/ $ [    5.592691][  T321] mtk_and: line 3: Thread-18%com.amazon.amazonvideo.livingroom=S:R1
[2026/09/10 18:05:53] 130|console:/ $  ^C
[2026/09/10 18:05:53] 发送(hex): 0d
[2026/09/10 18:05:53] 发送(hex): 20
[2026/09/10 18:05:53] 130|console:/ $
[2026/09/10 18:05:53] 发送(hex): 03
[2026/09/10 18:05:53] 130|console:/ $  ^C
[2026/09/10 18:05:53] 发送(hex): 0d
[2026/09/10 18:05:53] 发送(hex): 20
[2026/09/10 18:05:53] 130|console:/ $
[2026/09/10 18:05:53] 发送(hex): 03
[2026/09/10 18:05:53] 130|console:/ $  ^C
[2026/09/10 18:05:53] 发送(hex): 0d
[2026/09/10 18:05:53] 发送(hex): 20
[2026/09/10 18:05:53] 130|console:/ $
[2026/09/10 18:05:53] 发送(hex): 03
[2026/09/10 18:05:53] 130|console:/ $  ^C
[2026/09/10 18:05:53] 130|console:/ $
[2026/09/10 18:05:53] 发送(hex): 0d
[2026/09/10 18:05:53] 发送(hex): 20
[2026/09/10 18:05:53] 130|console:/ $  ^C
[2026/09/10 18:05:53] 发送(hex): 03
[2026/09/10 18:05:53] 130|console:/ $
[2026/09/10 18:05:53] 发送(hex): 0d
[2026/09/10 18:05:53] 发送(hex): 20
[2026/09/10 18:05:53] 130|console:/ $  ^C
[2026/09/10 18:05:53] 发送(hex): 03
[2026/09/10 18:05:53] 130|console:/ $
[2026/09/10 18:05:53] 130|console:/ $
[2026/09/10 18:05:53] 发送(hex): 0d
[2026/09/10 18:05:53] 发送(hex): 20
[2026/09/10 18:05:53] ^C
[2026/09/10 18:05:53] 130|console:/ $
[2026/09/10 18:05:53] 发送(hex): 03
[2026/09/10 18:05:53] 130|console:/ $
[2026/09/10 18:05:53] 发送(hex): 0d
[2026/09/10 18:05:53] 发送(hex): 20
[2026/09/10 18:05:53] ^C
[2026/09/10 18:05:53] 130|console:/ $
[2026/09/10 18:05:53] 发送(hex): 03
[2026/09/10 18:05:53] 130|console:/ $
[2026/09/10 18:05:53] 发送(hex): 0d
[2026/09/10 18:05:53] 发送(hex): 20
[2026/09/10 18:05:53] ^C
[2026/09/10 18:05:53] 130|console:/ $
[2026/09/10 18:05:53] 发送(hex): 03
[2026/09/10 18:05:53] 130|console:/ $
[2026/09/10 18:05:53] 发送(hex): 0d
[2026/09/10 18:05:53] 发送(hex): 20
[2026/09/10 18:05:53] ^C
[2026/09/10 18:05:53] 发送(hex): 03
[2026/09/10 18:05:53] 发送(hex): 0d
[2026/09/10 18:05:53] 发送(hex): 20
[2026/09/10 18:05:53] 130|console:/ $
[2026/09/10 18:05:53] [    5.899018][  T121] mtu3 1c7a3e00.usb: ssusb clock enable
[2026/09/10 18:05:53] 130|console:/ $  ^C[    5.910956][  T121] mtu3 1c1b3e00.usb: ssusb clock enable
[2026/09/10 18:05:53] 130|console:/ $
[2026/09/10 18:05:53] 发送(hex): 03
[2026/09/10 18:05:53] 发送(hex): 0d
[2026/09/10 18:05:53] ^C130|console:/ $
[2026/09/10 18:05:53] 发送(hex): 20
[2026/09/10 18:05:53] 发送(hex): 03
[2026/09/10 18:05:53] 发送(hex): 0d
[2026/09/10 18:05:53] 130|console:/ $  ^C
[2026/09/10 18:05:53] 发送(hex): 20
[2026/09/10 18:05:53] 130|console:/ $
[2026/09/10 18:05:53] 发送(hex): 03
[2026/09/10 18:05:53] 发送(hex): 0d
[2026/09/10 18:05:53] 130|console:/ $  ^C
[2026/09/10 18:05:53] 发送(hex): 20
[2026/09/10 18:05:53] Info: get MI daemon priority before System Init: [-20]
[2026/09/10 18:05:53] [mi_
[2026/09/10 18:05:53] 发送(hex): 03
[2026/09/10 18:05:53] 发送(hex): 0d
[2026/09/10 18:05:53] 发送(hex): 20
[2026/09/10 18:05:53] daemon]!!!Enter MI daemon prcoess!! start time =6014
[2026/09/10 18:05:53] [mi_daemon][HASHKEY]{_Bin_Hashkey_Init,692} ----- START not bGingaSupported
[2026/09/10 18:05:53] [mi_daemon][HASHKEY]{_Bin_Hashkey_Init,697} ----- START
[2026/09/10 18:05:53] ^C130|console:/ $
[2026/09/10 18:05:53] 发送(hex): 03
[2026/09/10 18:05:53] 发送(hex): 0d
[2026/09/10 18:05:53] 130|console:/ $  ^C
[2026/09/10 18:05:53] 发送(hex): 20
[2026/09/10 18:05:53] 130|console:/ $
[2026/09/10 18:05:53] 发送(hex): 03
[2026/09/10 18:05:53] 发送(hex): 0d
[2026/09/10 18:05:53] 发送(hex): 20
[2026/09/10 18:05:53] [mi_daemon][HASHKEY]{_getPathFromDataIndex,620} pszFilePath:/tclconfig/hardware/param/soc/dataIndex_00_WW_4K60_V^C130|console:/ $
[2026/09/10 18:05:53] 发送(hex): 03
[2026/09/10 18:05:53] 发送(hex): 0d
[2026/09/10 18:05:53] 130|console:/ $
[2026/09/10 18:05:53] 发送(hex): 20
[2026/09/10 18:05:53] ^C
[2026/09/10 18:05:53] 130|console:/ $
[2026/09/10 18:05:53] 发送(hex): 03
[2026/09/10 18:05:53] 发送(hex): 0d
[2026/09/10 18:05:53] 发送(hex): 20
[2026/09/10 18:05:53] 发送(hex): 03
[2026/09/10 18:05:53] 发送(hex): 0d
[2026/09/10 18:05:53] 发送(hex): 20
[2026/09/10 18:05:53] 发送(hex): 03
[2026/09/10 18:05:53] 发送(hex): 0d
[2026/09/10 18:05:53] 130|console:/ $  [IPAUTH][HASHKEY]{_IPAUTH_HASHKEY_Verify,408} HASHKEY_Verify() return 0
[2026/09/10 18:05:53] [IPAUTH][HASHKEY]{MApi_IPAUTH_Init_by_bin,750} set _u8_hashkey_verify_result=OK
[2026/09/10 18:05:53] [IPAUTH][HASHKEY]{_IPAUTH_HASHKEY_set_BinDataToKernel,503} (u32Para1:1, pu8BinBuf:0xFFBAA8E0, u32BufSize:306)
[2026/09/10 18:05:53] [IPAUTH][HASHKEY]{_IPAUTH_HASHKEY_set_BinDataToKernel,523} cmd:0x8791, u32_para_1:0x1, u32BufSize_in:306
[2026/09/10 18:05:53] [mi_daemon]!!!Enter MI daemon flow time=6014!!
[2026/09/10 18:05:53] [mi_daemon]{_MI_SYS_Init,809} _MI_SYS_Init() ----- START
[2026/09/10 18:05:53] !!!MI daemon prcoess start! MI daemon cost time=145!!!
[2026/09/10 18:05:53] Info: get MI daemon priority after Module Init: [0]
[2026/09/10 18:05:53] ^C
[2026/09/10 18:05:53] 130|console:/ $
[2026/09/10 18:05:53] 130|console:/ $  ^C
[2026/09/10 18:05:53] 发送(hex): 20
[2026/09/10 18:05:53] 130|console:/ $
[2026/09/10 18:05:53] 发送(hex): 03
[2026/09/10 18:05:53] 发送(hex): 0d
[2026/09/10 18:05:53] 130|console:/ $  ^C
[2026/09/10 18:05:53] 发送(hex): 20
[2026/09/10 18:05:53] 130|console:/ $
[2026/09/10 18:05:53] 130|console:/ $  ^C
[2026/09/10 18:05:53] 发送(hex): 03
[2026/09/10 18:05:53] 发送(hex): 0d
[2026/09/10 18:05:53] 130|console:/ $
[2026/09/10 18:05:53] 发送(hex): 20
[2026/09/10 18:05:53] 130|console:/ $  ^C
[2026/09/10 18:05:53] 发送(hex): 03
[2026/09/10 18:05:53] 发送(hex): 0d
[2026/09/10 18:05:53] 130|console:/ $
[2026/09/10 18:05:54] 发送(hex): 20
[2026/09/10 18:05:54] 130|console:/ $  ^C
[2026/09/10 18:05:54] 发送(hex): 03
[2026/09/10 18:05:54] 发送(hex): 0d
[2026/09/10 18:05:54] 130|console:/ $
[2026/09/10 18:05:54] 130|console:/ $  ^C
[2026/09/10 18:05:54] 发送(hex): 20
[2026/09/10 18:05:54] 发送(hex): 03
[2026/09/10 18:05:54] 发送(hex): 0d
[2026/09/10 18:05:54] 130|console:/ $
[2026/09/10 18:05:54] 发送(hex): 20
[2026/09/10 18:05:54] 130|console:/ $  ^C
[2026/09/10 18:05:54] 发送(hex): 03
[2026/09/10 18:05:54] 发送(hex): 0d
[2026/09/10 18:05:54] 130|console:/ $
[2026/09/10 18:05:54] 发送(hex): 20
[2026/09/10 18:05:54] 130|console:/ $  ^C
[2026/09/10 18:05:54] 130|console:/ $
[2026/09/10 18:05:54] 发送(hex): 03
[2026/09/10 18:05:54] 发送(hex): 0d
[2026/09/10 18:05:54] 130|console:/ $  ^C
[2026/09/10 18:05:54] 发送(hex): 20
[2026/09/10 18:05:54] 130|console:/ $
[2026/09/10 18:05:54] 发送(hex): 03
[2026/09/10 18:05:54] 发送(hex): 0d
[2026/09/10 18:05:54] 130|console:/ $  ^C
[2026/09/10 18:05:54] 发送(hex): 20
[2026/09/10 18:05:54] 130|console:/ $
[2026/09/10 18:05:54] 发送(hex): 03
[2026/09/10 18:05:54] 发送(hex): 0d
[2026/09/10 18:05:54] 130|console:/ $  ^C
[2026/09/10 18:05:54] 发送(hex): 20
[2026/09/10 18:05:54] 130|console:/ $
[2026/09/10 18:05:54] 发送(hex): 03
[2026/09/10 18:05:54] 发送(hex): 0d
[2026/09/10 18:05:54] 130|console:/ $  ^C
[2026/09/10 18:05:54] 发送(hex): 20
[2026/09/10 18:05:54] 130|console:/ $
[2026/09/10 18:05:54] 发送(hex): 03
[2026/09/10 18:05:54] 发送(hex): 0d
[2026/09/10 18:05:54] 130|console:/ $  ^C
[2026/09/10 18:05:54] 发送(hex): 20
[2026/09/10 18:05:54] 130|console:/ $
[2026/09/10 18:05:54] 发送(hex): 03
[2026/09/10 18:05:54] 发送(hex): 0d
[2026/09/10 18:05:54] 130|console:/ $  ^C
[2026/09/10 18:05:54] 发送(hex): 20
[2026/09/10 18:05:54] 130|console:/ $
[2026/09/10 18:05:54] 130|console:/ $
[2026/09/10 18:05:54] 发送(hex): 03
[2026/09/10 18:05:54] 发送(hex): 0d
[2026/09/10 18:05:54] ^C
[2026/09/10 18:05:54] 发送(hex): 20
[2026/09/10 18:05:54] 130|console:/ $
[2026/09/10 18:05:54] 发送(hex): 03
[2026/09/10 18:05:54] 发送(hex): 0d
[2026/09/10 18:05:54] 130|console:/ $  ^C
[2026/09/10 18:05:54] 发送(hex): 20
[2026/09/10 18:05:54] 130|console:/ $
[2026/09/10 18:05:54] 发送(hex): 03
[2026/09/10 18:05:54] 发送(hex): 0d
[2026/09/10 18:05:54] 130|console:/ $  ^C
[2026/09/10 18:05:54] 发送(hex): 20
[2026/09/10 18:05:54] 130|console:/ $
[2026/09/10 18:05:54] 发送(hex): 03
[2026/09/10 18:05:54] 发送(hex): 0d
[2026/09/10 18:05:54] 130|console:/ $  ^C
[2026/09/10 18:05:54] 发送(hex): 20
[2026/09/10 18:05:54] 130|console:/ $
[2026/09/10 18:05:54] 发送(hex): 03
[2026/09/10 18:05:54] 发送(hex): 0d
[2026/09/10 18:05:54] 130|console:/ $  ^C
[2026/09/10 18:05:54] 发送(hex): 20
[2026/09/10 18:05:54] 130|console:/ $
[2026/09/10 18:05:54] 发送(hex): 03
[2026/09/10 18:05:54] 发送(hex): 0d
[2026/09/10 18:05:54] 130|console:/ $  ^C
[2026/09/10 18:05:54] 发送(hex): 20
[2026/09/10 18:05:54] 130|console:/ $
[2026/09/10 18:05:54] 发送(hex): 03
[2026/09/10 18:05:54] 发送(hex): 0d
[2026/09/10 18:05:54] 130|console:/ $  ^C
[2026/09/10 18:05:54] 发送(hex): 20
[2026/09/10 18:05:54] 130|console:/ $
[2026/09/10 18:05:54] 发送(hex): 03
[2026/09/10 18:05:54] 发送(hex): 0d
[2026/09/10 18:05:54] 130|console:/ $  ^C
[2026/09/10 18:05:54] 发送(hex): 20
[2026/09/10 18:05:54] 130|console:/ $
[2026/09/10 18:05:54] 发送(hex): 03
[2026/09/10 18:05:54] 发送(hex): 0d
[2026/09/10 18:05:54] 130|console:/ $  ^C
[2026/09/10 18:05:54] 发送(hex): 20
[2026/09/10 18:05:54] 130|console:/ $
[2026/09/10 18:05:54] 发送(hex): 03
[2026/09/10 18:05:54] 发送(hex): 0d
[2026/09/10 18:05:54] 130|console:/ $  ^C
[2026/09/10 18:05:54] 发送(hex): 20
[2026/09/10 18:05:54] 发送(hex): 03
[2026/09/10 18:05:54] 发送(hex): 0d
[2026/09/10 18:05:54] 130|console:/ $
[2026/09/10 18:05:54] [    6.951157][  T121] realtime_framework_init is invoked
[2026/09/10 18:05:54] [    6.956396][  T121] realtime_module_init [538], REALTIME_UID=2941
[2026/09/10 18:05:54] 130|console:/ $  ^C
[2026/09/10 18:05:54] 发送(hex): 20
[2026/09/10 18:05:54] 发送(hex): 03
[2026/09/10 18:05:54] 发送(hex): 0d
[2026/09/10 18:05:54] 130|console:/ $
[2026/09/10 18:05:54] [    6.982680][  T398] tcl_vdf: vdf_send_task run..
[2026/09/10 18:05:54] 130|console:/ $  ^C
[2026/09/10 18:05:54] 发送(hex): 20
[2026/09/10 18:05:54] 130|console:/ $
[2026/09/10 18:05:54] 发送(hex): 03
[2026/09/10 18:05:54] 发送(hex): 0d
[2026/09/10 18:05:54] 130|console:/ $  ^C
[2026/09/10 18:05:54] 发送(hex): 20
[2026/09/10 18:05:54] 130|console:/ $
[2026/09/10 18:05:54] 发送(hex): 03
[2026/09/10 18:05:54] 发送(hex): 0d
[2026/09/10 18:05:54] 130|console:/ $  ^C
[2026/09/10 18:05:54] 发送(hex): 20
[2026/09/10 18:05:54] 130|console:/ $
[2026/09/10 18:05:54] 130|console:/ $
[2026/09/10 18:05:54] 发送(hex): 03
[2026/09/10 18:05:54] 发送(hex): 0d
[2026/09/10 18:05:54] ^C
[2026/09/10 18:05:54] 发送(hex): 20
[2026/09/10 18:05:54] 130|console:/ $
[2026/09/10 18:05:54] 发送(hex): 03
[2026/09/10 18:05:54] 发送(hex): 0d
[2026/09/10 18:05:54] 130|console:/ $  ^C
[2026/09/10 18:05:54] 发送(hex): 20
[2026/09/10 18:05:54] 发送(hex): 03
[2026/09/10 18:05:54] 发送(hex): 0d
[2026/09/10 18:05:54] 发送(hex): 20
[2026/09/10 18:05:54] 发送(hex): 03
[2026/09/10 18:05:54] 发送(hex): 0d
[2026/09/10 18:05:54] 发送(hex): 20
[2026/09/10 18:05:54] 发送(hex): 03
[2026/09/10 18:05:54] 发送(hex): 0d
[2026/09/10 18:05:54] 130|console:/ $
[2026/09/10 18:05:54] [    7.141100][  T404] [austin_demod_dd][demod_probe] name = [austin_demod]
[2026/09/10 18:05:54] [    7.148150][  T404] [demod_probe][120] austin_dev->client->addr = 0x79
[2026/09/10 18:05:54] [    7.154963][  T404] [austin_chk_exist][74] ret -121, --- 0 9 3 2
[2026/09/10 18:05:54] modprobe: alias ^Cmodprobe: alias lines in modules.alias must have 3 entries, not 7
[2026/09/10 18:05:54] modprobe: alias lines in modules.alias must have 3 entries, not 5
[2026/09/10 18:05:54] modprobe: alias lines in modules.alias must have 3 entries, not 4
[2026/09/10 18:05:54] modprobe: alias lines i[    7.181519][  T404] [mdbgin_merak_demod_dd][mtk_demod_custom_file_open][2503] __entry__
[2026/09/10 18:05:54] n modules.alias [    7.190132][  T404] [mtk_demod_custom_file_open][2542] CUSTOM_EQ_TYPE7
[2026/09/10 18:05:54] ^C
[2026/09/10 18:05:54] [    7.198236][  T404] [mtk_demod_custom_file_open][2554] custom file open fail !
[2026/09/10 18:05:54] [    7.205578][  T404] 1ce00000.mtk-demod is already registered, pass it
[2026/09/10 18:05:54] 130|console:/ $
[2026/09/10 18:05:54] 发送(hex): 20
[2026/09/10 18:05:54] 130|console:/ $  ^C
[2026/09/10 18:05:54] 130|console:/ $
[2026/09/10 18:05:54] 发送(hex): 03
[2026/09/10 18:05:54] 发送(hex): 0d
[2026/09/10 18:05:54] 130|console:/ $  ^C
[2026/09/10 18:05:54] 发送(hex): 20
[2026/09/10 18:05:54] 130|console:/ $
[2026/09/10 18:05:54] 发送(hex): 03
[2026/09/10 18:05:54] 发送(hex): 0d
[2026/09/10 18:05:54] 130|console:/ $  ^C
[2026/09/10 18:05:54] 发送(hex): 20
[2026/09/10 18:05:54] 130|console:/ $
[2026/09/10 18:05:54] 130|console:/ $
[2026/09/10 18:05:54] 发送(hex): 03
[2026/09/10 18:05:54] 发送(hex): 0d
[2026/09/10 18:05:54] ^C
[2026/09/10 18:05:54] 发送(hex): 20
[2026/09/10 18:05:54] 130|console:/ $
[2026/09/10 18:05:55] 发送(hex): 03
[2026/09/10 18:05:55] 130|console:/ $
[2026/09/10 18:05:55] 发送(hex): 0d
[2026/09/10 18:05:55] 发送(hex): 20
[2026/09/10 18:05:55] ^C
[2026/09/10 18:05:55] 发送(hex): 03
[2026/09/10 18:05:55] 130|console:/ $
[2026/09/10 18:05:55] 发送(hex): 0d
[2026/09/10 18:05:55] 发送(hex): 20
[2026/09/10 18:05:55] 130|console:/ $  ^C
[2026/09/10 18:05:55] 130|console:/ $
[2026/09/10 18:05:55] 发送(hex): 03
[2026/09/10 18:05:55] 发送(hex): 0d
[2026/09/10 18:05:55] 发送(hex): 20
[2026/09/10 18:05:55] 发送(hex): 03
[2026/09/10 18:05:55] [    7.406365][  T402] drv_hwreg_srccap_hdmirx_attach b_attach = 1
[2026/09/10 18:05:55] [    7.406367][  T402] drv_hwreg_srccap_hdmirx_attach size = 1
[2026/09/10 18:05:55] [    7.412437][  T402] hal_hwreg_srccap_hdmirx_ops_array[0].hw_version = 6
[2026/09/10 18:05:55] 130|console:/ $  ^C[    7.427472][  T402] u32_addr_min = eb00
[2026/09/10 18:05:55] [    7.431613][  T402] u32_addr_max = ebf0
[2026/09/10 18:05:55] 130|console:/ $
[2026/09/10 18:05:55] 130|console:/ $
[2026/09/10 18:05:55] 发送(hex): 0d
[2026/09/10 18:05:55] 发送(hex): 20
[2026/09/10 18:05:55] ^C
[2026/09/10 18:05:55] 发送(hex): 03
[2026/09/10 18:05:55] 130|console:/ $
[2026/09/10 18:05:55] 130|console:/ $
[2026/09/10 18:05:55] 发送(hex): 0d
[2026/09/10 18:05:55] 发送(hex): 20
[2026/09/10 18:05:55] ^C
[2026/09/10 18:05:55] 130|console:/ $
[2026/09/10 18:05:55] 发送(hex): 03
[2026/09/10 18:05:55] 130|console:/ $
[2026/09/10 18:05:55] 发送(hex): 0d
[2026/09/10 18:05:55] 发送(hex): 20
[2026/09/10 18:05:55] ^C
[2026/09/10 18:05:55] 130|console:/ $
[2026/09/10 18:05:55] 发送(hex): 03
[2026/09/10 18:05:55] 130|console:/ $
[2026/09/10 18:05:55] 发送(hex): 0d
[2026/09/10 18:05:55] 发送(hex): 20
[2026/09/10 18:05:55] ^C
[2026/09/10 18:05:55] 130|console:/ $
[2026/09/10 18:05:55] 发送(hex): 03
[2026/09/10 18:05:55] 130|console:/ $
[2026/09/10 18:05:55] 发送(hex): 0d
[2026/09/10 18:05:55] 发送(hex): 20
[2026/09/10 18:05:55] ^C
[2026/09/10 18:05:55] 发送(hex): 03
[2026/09/10 18:05:55] 130|console:/ $
[2026/09/10 18:05:55] 130|console:/ $
[2026/09/10 18:05:55] 发送(hex): 0d
[2026/09/10 18:05:55] 发送(hex): 20
[2026/09/10 18:05:55] ^C
[2026/09/10 18:05:55] 发送(hex): 03
[2026/09/10 18:05:55] 130|console:/ $
[2026/09/10 18:05:55] 1
[2026/09/10 18:05:55] 发送(hex): 0d
[2026/09/10 18:05:55] 发送(hex): 20
[2026/09/10 18:05:55] 30|console:/ $  ^C
[2026/09/10 18:05:55] 130|console:/ $
[2026/09/10 18:05:55] 发送(hex): 03
[2026/09/10 18:05:55] 130|console:/ $
[2026/09/10 18:05:55] 发送(hex): 0d
[2026/09/10 18:05:55] 发送(hex): 20
[2026/09/10 18:05:55] ^C
[2026/09/10 18:05:55] 130|console:/ $
[2026/09/10 18:05:55] 发送(hex): 03
[2026/09/10 18:05:55] 130|console:/ $
[2026/09/10 18:05:55] 发送(hex): 0d
[2026/09/10 18:05:55] 发送(hex): 20
[2026/09/10 18:05:55] ^C
[2026/09/10 18:05:55] 发送(hex): 03
[2026/09/10 18:05:55] 130|console:/ $
[2026/09/10 18:05:55] 发送(hex): 0d
[2026/09/10 18:05:55] 发送(hex): 20
[2026/09/10 18:05:55] 130|console:/ $  ^C
[2026/09/10 18:05:55] 发送(hex): 03
[2026/09/10 18:05:55] 发送(hex): 0d
[2026/09/10 18:05:55] 130|console:/ $
[2026/09/10 18:05:55] 发送(hex): 20
[2026/09/10 18:05:55] ^C
[2026/09/10 18:05:55] console:/ $
[2026/09/10 18:05:55] 发送(hex): 03
[2026/09/10 18:05:55] 130|console:/ $
[2026/09/10 18:05:55] 发送(hex): 0d
[2026/09/10 18:05:55] 发送(hex): 20
[2026/09/10 18:05:55] ^C
[2026/09/10 18:05:55] 130|console:/ $
[2026/09/10 18:05:55] 发送(hex): 03
[2026/09/10 18:05:55] 130|console:/ $  modprobe: alias lin
[2026/09/10 18:05:55] 发送(hex): 0d
[2026/09/10 18:05:55] 发送(hex): 20
[2026/09/10 18:05:55] 发送(hex): 03
[2026/09/10 18:05:55] 发送(hex): 0d
[2026/09/10 18:05:55] 发送(hex): 20
[2026/09/10 18:05:55] 发送(hex): 03
[2026/09/10 18:05:55] 发送(hex): 0d
[2026/09/10 18:05:55] 发送(hex): 20
[2026/09/10 18:05:55] 发送(hex): 03
[2026/09/10 18:05:55] 发送(hex): 0d
[2026/09/10 18:05:55] 发送(hex): 20
[2026/09/10 18:05:55] 发送(hex): 03
[2026/09/10 18:05:55] 发送(hex): 0d
[2026/09/10 18:05:55] 发送(hex): 20
[2026/09/10 18:05:55] 发送(hex): 03
[2026/09/10 18:05:55] 发送(hex): 0d
[2026/09/10 18:05:55] 发送(hex): 20
[2026/09/10 18:05:55] 发送(hex): 03
[2026/09/10 18:05:55] 发送(hex): 0d
[2026/09/10 18:05:55] 发送(hex): 20
[2026/09/10 18:05:55] 发送(hex): 03
[2026/09/10 18:05:55] 发送(hex): 0d
[2026/09/10 18:05:55] 发送(hex): 20
[2026/09/10 18:05:55] 发送(hex): 03
[2026/09/10 18:05:55] 发送(hex): 0d
[2026/09/10 18:05:55] es in modules.alias must have 3 entries, not 5
[2026/09/10 18:05:55] modprobe: alias lines in modules.alias must have 3 entries, not 5
[2026/09/10 18:05:55] modprobe: alias lines in modules.alias must have 3 entries, not 4
[2026/09/10 18:05:55] modprobe: alias lines in modules.alias must have 3 entries, not 7
[2026/09/10 18:05:55] modprobe: alias lines in modules.alias must have 3 entries, not 5
[2026/09/10 18:05:55] modprobe: alias lines in modules.alias must have 3 entries, not 4
[2026/09/10 18:05:55] modprobe: alias lines in modules.alias must have 3 entries, not 4
[2026/09/10 18:05:55] modprobe: alias lines in modules.alias must have 3 entries, not 6
[2026/09/10 18:05:55] modprobe: alias lines in modules.alias must have 3 entries, not 5
[2026/09/10 18:05:55] modprobe: alias lines in modules.alias must have 3 entries, not 5
[2026/09/10 18:05:55] modprobe: alias lines in modules.[    7.893257][  T121] kallsyms_lookup_name with kp ffffffc00822d4dc,ret=0
[2026/09/10 18:05:55] alias must have [    7.900819][  T121] stall_debug: chip id 0
[2026/09/10 18:05:55] 3 entries, not 4
[2026/09/10 18:05:55] modprobe: alias lines in modules.alias must have 3 entries, no[    7.912239][  T228] current tty: ttyS0, irq: 22
[2026/09/10 18:05:55] t 5
[2026/09/10 18:05:55] modprobe: a[    7.912244][  T121] stall_debug: hook sysrq-c OK
[2026/09/10 18:05:55] lias lines in mo[    7.923949][  T121] stall_debug: alloc 1000 memory ok
[2026/09/10 18:05:55] dules.alias must have 3 entries, not 5
[2026/09/10 18:05:55] modprobe: alias lines in modules.alias must have 3 entries, not 5
[2026/09/10 18:05:55] modprobe: alias lines in modules.alias must have 3 entries, not 6
[2026/09/10 18:05:55] modprobe: alias lines in modules.alias must have 3 entries, not 5
[2026/09/10 18:05:55] modprobe: alias lines in modules.alias must have 3 entries, not[    7.955752][  T121] kallsyms_lookup_name with kp ffffffc00822d4dc,ret=0
[2026/09/10 18:05:55] 4
[2026/09/10 18:05:55] Loading modu[    7.963327][  T480] stall_debug: rd_pid_max is 32768
[2026/09/10 18:05:55] le /vendor/lib/m[    7.970053][  T480] stall_debug: ptr_task_scs=ffffffc00d70b000,size=40000
[2026/09/10 18:05:55] odules/mtktv-regulator-mt5876.ko with args ''
[2026/09/10 18:05:55] ^CLoaded kernel module /vendor/lib/modules/mtktv-regulator-mt5876.ko
[2026/09/10 18:05:55] Loading module /vendor/lib/modules/mtktv-thermal.ko with args ''
[2026/09/10 18:05:55] Loading module /vendor/lib/modules/mtktv-cpufreq-ca.ko with args ''
[2026/09/10 18:05:55] Load[    7.999484][  T121] kallsyms_lookup_name with kp ffffffc00822d4dc,ret=0
[2026/09/10 18:05:55] ed kernel module /vendor/lib/mod[    8.008239][  T121] die_helper: log_buf is from ffffffc00a8f0060,len 20000
[2026/09/10 18:05:55] ules/mtktv-cpufr[    8.017401][  T121] die_helper: log_buf pa is from 0x00000000288f0060,len 20000
[2026/09/10 18:05:55] eq-ca.ko
[2026/09/10 18:05:55] Loading module /vendor/lib/modules/mtktv-cpufreq.ko with args ''
[2026/09/10 18:05:55] Loaded kernel module /vendor/lib/modules/mtktv-cpufreq.ko
[2026/09/10 18:05:55] Loading m[    8.036360][  T228] current tty: ttyS0, irq: 22
[2026/09/10 18:05:55] odule /vendor/lib/modules/mtk-dramc.ko with args ''
[2026/09/10 18:05:55] Loading module /vendor/lib/modules/mtk-mediator.ko with args ''
[2026/09/10 18:05:55] Loading module /vendor/lib/modules/cpu-freq-adapter.ko with args ''
[2026/09/10 18:05:55] Loaded kernel module /vendor/lib/modules/cpu-freq-adapter.ko
[2026/09/10 18:05:55] Loading module /vendor/lib/modules/mtktv-gpu-thermal.ko with args ''
[2026/09/10 18:05:55] Loaded kernel module /vendor/lib/modules/mtktv-gpu-thermal.ko
[2026/09/10 18:05:55] [    8.074768][  T480] stall_debug: enable ip record by scs OK
[2026/09/10 18:05:55] 130|console:/ $
[2026/09/10 18:05:55] 发送(hex): 20
[2026/09/10 18:05:55] 130|console:/ $  ^C
[2026/09/10 18:05:55] 130|console:/ $
[2026/09/10 18:05:55] 发送(hex): 03
[2026/09/10 18:05:55] 发送(hex): 0d
[2026/09/10 18:05:55] 130|console:/ $  ^C
[2026/09/10 18:05:55] 发送(hex): 20
[2026/09/10 18:05:55] 130|console:/ $
[2026/09/10 18:05:55] 发送(hex): 03
[2026/09/10 18:05:55] 发送(hex): 0d
[2026/09/10 18:05:55] 130|console:/ $  ^C
[2026/09/10 18:05:55] 130|console:/ $
[2026/09/10 18:05:55] 发送(hex): 20
[2026/09/10 18:05:55] 130|console:/ $  ^C
[2026/09/10 18:05:55] 发送(hex): 03
[2026/09/10 18:05:55] 发送(hex): 0d
[2026/09/10 18:05:55] 130|console:/ $
[2026/09/10 18:05:55] 130|console:/ $  ^C
[2026/09/10 18:05:55] 发送(hex): 20
[2026/09/10 18:05:55] 130|console:/ $
[2026/09/10 18:05:55] 发送(hex): 03
[2026/09/10 18:05:55] 发送(hex): 0d
[2026/09/10 18:05:55] 130|console:/ $  ^C
[2026/09/10 18:05:55] 130|console:/
[2026/09/10 18:05:55] 发送(hex): 20
[2026/09/10 18:05:55] $
[2026/09/10 18:05:55] 130|console:/ $  ^C
[2026/09/10 18:05:55] 130|console:/ $
[2026/09/10 18:05:55] 发送(hex): 03
[2026/09/10 18:05:55] 发送(hex): 0d
[2026/09/10 18:05:55] 130|console:/ $  ^C
[2026/09/10 18:05:55] 130|console:/ $
[2026/09/10 18:05:55] 发送(hex): 20
[2026/09/10 18:05:55] 130|console:/ $  ^C
[2026/09/10 18:05:55] 130|console:/ $
[2026/09/10 18:05:55] 发送(hex): 03
[2026/09/10 18:05:55] 发送(hex): 0d
[2026/09/10 18:05:55] 130|console:/ $  ^C
[2026/09/10 18:05:55] 130|console:/ $
[2026/09/10 18:05:55] 发送(hex): 20
[2026/09/10 18:05:55] 130|console:/ $  ^C
[2026/09/10 18:05:55] 发送(hex): 03
[2026/09/10 18:05:55] 发送(hex): 0d
[2026/09/10 18:05:55] 130|console:/ $
[2026/09/10 18:05:55] 发送(hex): 20
[2026/09/10 18:05:55] 130|console:/ $  ^C
[2026/09/10 18:05:55] 130|console:/
[2026/09/10 18:05:55] 发送(hex): 03
[2026/09/10 18:05:56] 发送(hex): 0d
[2026/09/10 18:05:56] $
[2026/09/10 18:05:56] 130|console:/ $  ^C
[2026/09/10 18:05:56] 发送(hex): 20
[2026/09/10 18:05:56] 发送(hex): 03
[2026/09/10 18:05:56] 130|console:/ $
[2026/09/10 18:05:56] 发送(hex): 0d
[2026/09/10 18:05:56] 130|console:/ $  ^C
[2026/09/10 18:05:56] 130|console:/
[2026/09/10 18:05:56] 发送(hex): 20
[2026/09/10 18:05:56] 发送(hex): 03
[2026/09/10 18:05:56] $
[2026/09/10 18:05:56] 130|console:/ $  ^C
[2026/09/10 18:05:56] 发送(hex): 0d
[2026/09/10 18:05:56] 130|console:/ $
[2026/09/10 18:05:56] 发送(hex): 20
[2026/09/10 18:05:56] 发送(hex): 03
[2026/09/10 18:05:56] 130|console:/ $  ^C
[2026/09/10 18:05:56] 130|console:/ $
[2026/09/10 18:05:56] 130|console:/ $  ^C
[2026/09/10 18:05:56] 发送(hex): 0d
[2026/09/10 18:05:56] 130|console:/ $
[2026/09/10 18:05:56] 130|console:/ $
[2026/09/10 18:05:56] 发送(hex): 20
[2026/09/10 18:05:56] 发送(hex): 03
[2026/09/10 18:05:56] ^C
[2026/09/10 18:05:56] 130|console:/
[2026/09/10 18:05:56] 发送(hex): 0d
[2026/09/10 18:05:56] $
[2026/09/10 18:05:56] 130|console:/ $  ^C
[2026/09/10 18:05:56] 130|console:/ $
[2026/09/10 18:05:56] 发送(hex): 20
[2026/09/10 18:05:56] 发送(hex): 03
[2026/09/10 18:05:56] 130|console:/ $  ^C
[2026/09/10 18:05:56] 发送(hex): 0d
[2026/09/10 18:05:56] 130|console:/ $
[2026/09/10 18:05:56] 发送(hex): 20
[2026/09/10 18:05:56] 发送(hex): 03
[2026/09/10 18:05:56] 130|console:/ $  ^C
[2026/09/10 18:05:56] 130|console:/ $
[2026/09/10 18:05:56] 发送(hex): 0d
[2026/09/10 18:05:56] 130|console:/ $  ^C
[2026/09/10 18:05:56] 发送(hex): 20
[2026/09/10 18:05:56] 发送(hex): 03
[2026/09/10 18:05:56] 130|console:/ $
[2026/09/10 18:05:56] 发送(hex): 0d
[2026/09/10 18:05:56] 130|console:/ $  ^C
[2026/09/10 18:05:56] 发送(hex): 20
[2026/09/10 18:05:56] 130|console:/ $
[2026/09/10 18:05:56] 发送(hex): 03
[2026/09/10 18:05:56] 发送(hex): 0d
[2026/09/10 18:05:56] 130|console:/ $  ^C
[2026/09/10 18:05:56] 发送(hex): 20
[2026/09/10 18:05:56] 发送(hex): 03
[2026/09/10 18:05:56] 130|console:/ $
[2026/09/10 18:05:56] 发送(hex): 0d
[2026/09/10 18:05:56] 130|console:/ $  ^C
[2026/09/10 18:05:56] 发送(hex): 20
[2026/09/10 18:05:56] 发送(hex): 03
[2026/09/10 18:05:56] 发送(hex): 0d
[2026/09/10 18:05:56] 130|console:/ $
[2026/09/10 18:05:56] 130|console:/ $  ^
[2026/09/10 18:05:56] 发送(hex): 20
[2026/09/10 18:05:56] 发送(hex): 03
[2026/09/10 18:05:56] C
[2026/09/10 18:05:56] 发送(hex): 0d
[2026/09/10 18:05:56] 130|console:/ $
[2026/09/10 18:05:56] 发送(hex): 20
[2026/09/10 18:05:56] 发送(hex): 03
[2026/09/10 18:05:56] 130|console:/ $  ^C
[2026/09/10 18:05:56] 发送(hex): 0d
[2026/09/10 18:05:56] ^C130|console:/ $
[2026/09/10 18:05:56] 发送(hex): 20
[2026/09/10 18:05:56] 发送(hex): 03
[2026/09/10 18:05:56] 发送(hex): 0d
[2026/09/10 18:05:56] 130|console:/ $
[2026/09/10 18:05:56] 发送(hex): 20
[2026/09/10 18:05:56] 发送(hex): 03
[2026/09/10 18:05:56] 发送(hex): 0d
[2026/09/10 18:05:56] 130|console:/ $  ^C
[2026/09/10 18:05:56] 发送(hex): 20
[2026/09/10 18:05:56] 发送(hex): 03
[2026/09/10 18:05:56] 130|console:/ $
[2026/09/10 18:05:56] 130|console:/ $
[2026/09/10 18:05:56] 发送(hex): 0d
[2026/09/10 18:05:56] ^C
[2026/09/10 18:05:56] 发送(hex): 20
[2026/09/10 18:05:56] 发送(hex): 03
[2026/09/10 18:05:56] 130|console:/ $
[2026/09/10 18:05:56] 发送(hex): 0d
[2026/09/10 18:05:56] 130|console:/ $  ^C
[2026/09/10 18:05:56] 发送(hex): 20
[2026/09/10 18:05:56] 发送(hex): 03
[2026/09/10 18:05:56] 130|console:/ $
[2026/09/10 18:05:56] 发送(hex): 0d
[2026/09/10 18:05:56] 130|console:/ $  ^C
[2026/09/10 18:05:56] 发送(hex): 20
[2026/09/10 18:05:56] 发送(hex): 03
[2026/09/10 18:05:56] 130|console:/ $
[2026/09/10 18:05:56] 130|console:/
[2026/09/10 18:05:56] 发送(hex): 0d
[2026/09/10 18:05:56] $  ^C
[2026/09/10 18:05:56] 发送(hex): 20
[2026/09/10 18:05:56] 发送(hex): 03
[2026/09/10 18:05:56] 130|console:/ $
[2026/09/10 18:05:56] 发送(hex): 0d
[2026/09/10 18:05:56] 130|console:/ $  ^C
[2026/09/10 18:05:56] 发送(hex): 20
[2026/09/10 18:05:56] 发送(hex): 03
[2026/09/10 18:05:56] 130|console:/ $
[2026/09/10 18:05:56] 发送(hex): 0d
[2026/09/10 18:05:56] 130|console:/ $  ^C
[2026/09/10 18:05:56] 发送(hex): 20
[2026/09/10 18:05:56] 发送(hex): 03
[2026/09/10 18:05:56] 130|console:/ $
[2026/09/10 18:05:56] 发送(hex): 0d
[2026/09/10 18:05:56] ^C
[2026/09/10 18:05:56] 130|console:/ $
[2026/09/10 18:05:56] 发送(hex): 20
[2026/09/10 18:05:56] 发送(hex): 03
[2026/09/10 18:05:56] 发送(hex): 0d
[2026/09/10 18:05:56] 130|console:/ $  ^C
[2026/09/10 18:05:56] 发送(hex): 20
[2026/09/10 18:05:56] 130|console:/ $
[2026/09/10 18:05:56] 发送(hex): 03
[2026/09/10 18:05:56] 发送(hex): 0d
[2026/09/10 18:05:56] 130|console:/ $  ^C
[2026/09/10 18:05:56] 发送(hex): 20
[2026/09/10 18:05:56] 发送(hex): 03
[2026/09/10 18:05:56] 发送(hex): 0d
[2026/09/10 18:05:56] 130|console:/ $
[2026/09/10 18:05:56] 130|console:/
[2026/09/10 18:05:56] 发送(hex): 20
[2026/09/10 18:05:56] $  ^C
[2026/09/10 18:05:56] 130|console:/ $
[2026/09/10 18:05:56] 130|console:/
[2026/09/10 18:05:56] 发送(hex): 03
[2026/09/10 18:05:56] 发送(hex): 0d
[2026/09/10 18:05:56] $  ^C
[2026/09/10 18:05:56] 发送(hex): 20
[2026/09/10 18:05:56] 130|console:/ $
[2026/09/10 18:05:56] 发送(hex): 03
[2026/09/10 18:05:56] 发送(hex): 0d
[2026/09/10 18:05:56] 130|console:/ $  ^C
[2026/09/10 18:05:56] 发送(hex): 20
[2026/09/10 18:05:56] 130|console:/ $
[2026/09/10 18:05:56] 130|console:/ $
[2026/09/10 18:05:56] 发送(hex): 03
[2026/09/10 18:05:56] 发送(hex): 0d
[2026/09/10 18:05:56] ^C
[2026/09/10 18:05:56] 发送(hex): 20
[2026/09/10 18:05:56] [
[2026/09/10 18:05:56] 发送(hex): 03
[2026/09/10 18:05:56] 发送(hex): 0d
[2026/09/10 18:05:56] 9.227782][  T579] [UserWrittenI2CWrite]: [IIC] TUNER WRITE : NG, aSlaveAddr=0x7b
[2026/09/10 18:05:56] 130|console:/ $
[2026/09/10 18:05:56] 130|console:/ $  ^C
[2026/09/10 18:05:56] 发送(hex): 20
[2026/09/10 18:05:56] 发送(hex): 03
[2026/09/10 18:05:56] 130|console:/ $
[2026/09/10 18:05:56] 130|console:/ $
[2026/09/10 18:05:56] 发送(hex): 0d
[2026/09/10 18:05:56] ^C
[2026/09/10 18:05:56] 发送(hex): 20
[2026/09/10 18:05:56] 发送(hex): 03
[2026/09/10 18:05:56] 130|console:/ $
[2026/09/10 18:05:56] 130|console:/ $
[2026/09/10 18:05:56] 发送(hex): 0d
[2026/09/10 18:05:56] 发送(hex): 20
[2026/09/10 18:05:56] ^C
[2026/09/10 18:05:56] 发送(hex): 03
[2026/09/10 18:05:56] 130|console:/ $
[2026/09/10 18:05:56] 130|console:/ $
[2026/09/10 18:05:56] 发送(hex): 0d
[2026/09/10 18:05:57] 发送(hex): 20
[2026/09/10 18:05:57] [    9.330193][  T579] [R842_I2C_Check][10202] NG!!
[2026/09/10 18:05:57] ^C
[2026/09/10 18:05:57] 发送(hex): 03
[2026/09/10 18:05:57] 130|console:/ $
[2026/09/10 18:05:57] 130|console:/ $
[2026/09/10 18:05:57] 发送(hex): 0d
[2026/09/10 18:05:57] 发送(hex): 20
[2026/09/10 18:05:57] [    9.365227][  T579] [UserWrittenI2CWrite]: [IIC] TUNER WRITE : NG, aSlaveAddr=0x7b
[2026/09/10 18:05:57] ^C
[2026/09/10 18:05:57] 发送(hex): 03
[2026/09/10 18:05:57] 发送(hex): 0d
[2026/09/10 18:05:57] 130|console:/ $
[2026/09/10 18:05:57] 130|console:/ $  ^C
[2026/09/10 18:05:57] 发送(hex): 20
[2026/09/10 18:05:57] 发送(hex): 03
[2026/09/10 18:05:57] [    9.405921][  T579] [R842_InitReg][3260] NG!!
[2026/09/10 18:05:57] 130|console:/ $
[2026/09/10 18:05:57] 发送(hex): 0d
[2026/09/10 18:05:57] 发送(hex): 20
[2026/09/10 18:05:57] 发送(hex): 03
[2026/09/10 18:05:57] 130|console:/ $  ^C[    9.434740][  T579] [R842_Init][3063] NG!!
[2026/09/10 18:05:57] 130|console:/ $
[2026/09/10 18:05:57] 发送(hex): 0d
[2026/09/10 18:05:57] 发送(hex): 20
[2026/09/10 18:05:57] 发送(hex): 03
[2026/09/10 18:05:57] 130|console:/ $  ^C[    9.464781][  T579] [R842_tuner_init] fail
[2026/09/10 18:05:57] 130|console:/ $
[2026/09/10 18:05:57] 130|console:/ $
[2026/09/10 18:05:57] 发送(hex): 0d
[2026/09/10 18:05:57] ^C
[2026/09/10 18:05:57] 发送(hex): 20
[2026/09/10 18:05:57] 发送(hex): 03
[2026/09/10 18:05:57] 130|console:/ $
[2026/09/10 18:05:57] 发送(hex): 0d
[2026/09/10 18:05:57] 130|console:/ $  ^C
[2026/09/10 18:05:57] 发送(hex): 20
[2026/09/10 18:05:57] 发送(hex): 03
[2026/09/10 18:05:57] 130|console:/ $
[2026/09/10 18:05:57] 发送(hex): 0d
[2026/09/10 18:05:57] 130|console:/ $  ^C
[2026/09/10 18:05:57] 发送(hex): 20
[2026/09/10 18:05:57] 发送(hex): 03
[2026/09/10 18:05:57] 130|console:/ $
[2026/09/10 18:05:57] 发送(hex): 0d
[2026/09/10 18:05:57] 130|console:/ $  ^C
[2026/09/10 18:05:57] 发送(hex): 20
[2026/09/10 18:05:57] 发送(hex): 03
[2026/09/10 18:05:57] 130|console:/ $
[2026/09/10 18:05:57] 130|console:
[2026/09/10 18:05:57] 发送(hex): 0d
[2026/09/10 18:05:57] / $  ^C
[2026/09/10 18:05:57] 发送(hex): 20
[2026/09/10 18:05:57] 发送(hex): 03
[2026/09/10 18:05:57] 130|console:/ $
[2026/09/10 18:05:57] 130|console:/
[2026/09/10 18:05:57] 发送(hex): 0d
[2026/09/10 18:05:57] $  ^C
[2026/09/10 18:05:57] 发送(hex): 20
[2026/09/10 18:05:57] 发送(hex): 03
[2026/09/10 18:05:57] 130|console:/ $
[2026/09/10 18:05:57] 发送(hex): 0d
[2026/09/10 18:05:57] 130|console:/ $  ^C
[2026/09/10 18:05:57] 发送(hex): 20
[2026/09/10 18:05:57] 发送(hex): 03
[2026/09/10 18:05:57] 130|console:/ $
[2026/09/10 18:05:57] 130|console:/
[2026/09/10 18:05:57] 发送(hex): 0d
[2026/09/10 18:05:57] 发送(hex): 20
[2026/09/10 18:05:57] $  [    9.710476][  T640] watchdog: watchdog0: watchdog did not stop!
[2026/09/10 18:05:57] ^C
[2026/09/10 18:05:57] 130|console:/ $
[2026/09/10 18:05:57] 发送(hex): 03
[2026/09/10 18:05:57] 130|console:/ $
[2026/09/10 18:05:57] 发送(hex): 0d
[2026/09/10 18:05:57] 发送(hex): 20
[2026/09/10 18:05:57] ^C
[2026/09/10 18:05:57] 130|console:/ $
[2026/09/10 18:05:57] 发送(hex): 03
[2026/09/10 18:05:57] 发送(hex): 0d
[2026/09/10 18:05:57] 发送(hex): 20
[2026/09/10 18:05:57] ^C130|console:/ $
[2026/09/10 18:05:57] 发送(hex): 03
[2026/09/10 18:05:57] 130|console:/ $
[2026/09/10 18:05:57] 发送(hex): 0d
[2026/09/10 18:05:57] 发送(hex): 20
[2026/09/10 18:05:57] ^C
[2026/09/10 18:05:57] 130|console:/ $
[2026/09/10 18:05:57] 发送(hex): 03
[2026/09/10 18:05:57] 130|console:/ $
[2026/09/10 18:05:57] 发送(hex): 0d
[2026/09/10 18:05:57] 发送(hex): 20
[2026/09/10 18:05:57] ^C
[2026/09/10 18:05:57] 130|console:/ $
[2026/09/10 18:05:57] 发送(hex): 03
[2026/09/10 18:05:57] 130|console:/ $
[2026/09/10 18:05:57] 发送(hex): 0d
[2026/09/10 18:05:57] 发送(hex): 20
[2026/09/10 18:05:57] ^C
[2026/09/10 18:05:57] 130|console:/ $
[2026/09/10 18:05:57] 发送(hex): 03
[2026/09/10 18:05:57] 130|console:/ $
[2026/09/10 18:05:57] 发送(hex): 0d
[2026/09/10 18:05:57] 发送(hex): 20
[2026/09/10 18:05:57] ^C
[2026/09/10 18:05:57] 130|console:/ $
[2026/09/10 18:05:57] 发送(hex): 03
[2026/09/10 18:05:57] 130|console:/ $
[2026/09/10 18:05:57] 发送(hex): 0d
[2026/09/10 18:05:57] 发送(hex): 20
[2026/09/10 18:05:57] ^C
[2026/09/10 18:05:57] 发送(hex): 03
[2026/09/10 18:05:57] 发送(hex): 0d
[2026/09/10 18:05:57] 130|console:/ $
[2026/09/10 18:05:57] 发送(hex): 20
[2026/09/10 18:05:57] 130|console:/ $  ^C
[2026/09/10 18:05:57] 发送(hex): 03
[2026/09/10 18:05:57] 发送(hex): 0d
[2026/09/10 18:05:57] 130|console:/ $
[2026/09/10 18:05:57] 1
[2026/09/10 18:05:57] 发送(hex): 20
[2026/09/10 18:05:57] 30|console:/ $  ^C
[2026/09/10 18:05:57] 发送(hex): 03
[2026/09/10 18:05:57] 发送(hex): 0d
[2026/09/10 18:05:57] 130|console:/ $
[2026/09/10 18:05:57] 发送(hex): 20
[2026/09/10 18:05:57] 130|console:/ $  ^C
[2026/09/10 18:05:57] 发送(hex): 03
[2026/09/10 18:05:57] 发送(hex): 0d
[2026/09/10 18:05:57] 130|console:/ $
[2026/09/10 18:05:57] 130|console:/ $  ^C
[2026/09/10 18:05:57] 发送(hex): 20
[2026/09/10 18:05:57] 130|console:/ $
[2026/09/10 18:05:57] 发送(hex): 03
[2026/09/10 18:05:57] 发送(hex): 0d
[2026/09/10 18:05:57] 130|console:/ $  ^C
[2026/09/10 18:05:57] 发送(hex): 20
[2026/09/10 18:05:57] 130|console:/ $
[2026/09/10 18:05:57] 发送(hex): 03
[2026/09/10 18:05:57] 发送(hex): 0d
[2026/09/10 18:05:57] 130|console:/ $
[2026/09/10 18:05:57] 发送(hex): 20
[2026/09/10 18:05:57] ^C
[2026/09/10 18:05:57] 130|console:/ $ [   10.143954][  T675] watch
[2026/09/10 18:05:57] 发送(hex): 03
[2026/09/10 18:05:57] dog: watchdog0: watchdog did not stop!
[2026/09/10 18:05:57] 130|console:/ $
[2026/09/10 18:05:57] 发送(hex): 0d
[2026/09/10 18:05:57] 发送(hex): 20
[2026/09/10 18:05:57] ^C
[2026/09/10 18:05:57] 130|console:/ $
[2026/09/10 18:05:57] 发送(hex): 03
[2026/09/10 18:05:57] 130|console:/ $
[2026/09/10 18:05:57] 发送(hex): 0d
[2026/09/10 18:05:57] 发送(hex): 20
[2026/09/10 18:05:57] ^C
[2026/09/10 18:05:57] 130|console:/ $
[2026/09/10 18:05:57] 发送(hex): 03
[2026/09/10 18:05:57] 130|console:/ $
[2026/09/10 18:05:57] 发送(hex): 0d
[2026/09/10 18:05:57] 发送(hex): 20
[2026/09/10 18:05:57] ^C
[2026/09/10 18:05:57] 发送(hex): 03
[2026/09/10 18:05:57] 130|console:/ $
[2026/09/10 18:05:57] 130|console:/ $
[2026/09/10 18:05:57] 发送(hex): 0d
[2026/09/10 18:05:57] 发送(hex): 20
[2026/09/10 18:05:57] ^C
[2026/09/10 18:05:57] 发送(hex): 03
[2026/09/10 18:05:57] 130|console:/ $
[2026/09/10 18:05:57] 发送(hex): 0d
[2026/09/10 18:05:57] 发送(hex): 20
[2026/09/10 18:05:57] 130|console:/ $  ^C
[2026/09/10 18:05:57] 发送(hex): 03
[2026/09/10 18:05:57] 发送(hex): 0d
[2026/09/10 18:05:57] 130|console:/ $
[2026/09/10 18:05:57] 发送(hex): 20
[2026/09/10 18:05:57] 130|console:/ $  ^C
[2026/09/10 18:05:57] 130|console:/ $
[2026/09/10 18:05:58] 发送(hex): 03
[2026/09/10 18:05:58] 发送(hex): 0d
[2026/09/10 18:05:58] 130|console:/ $
[2026/09/10 18:05:58] 发送(hex): 20
[2026/09/10 18:05:58] ^C
[2026/09/10 18:05:58] 130|console:/ $
[2026/09/10 18:05:58] 发送(hex): 03
[2026/09/10 18:05:58] 发送(hex): 0d
[2026/09/10 18:05:58] 130|console:/ $
[2026/09/10 18:05:58] 发送(hex): 20
[2026/09/10 18:05:58] ^C
[2026/09/10 18:05:58] 130|console:/ $
[2026/09/10 18:05:58] 发送(hex): 03
[2026/09/10 18:05:58] 发送(hex): 0d
[2026/09/10 18:05:58] 130|console:/ $
[2026/09/10 18:05:58] CPU_AUDIO is running!
[2026/09/10 18:05:58] 发送(hex): 20
[2026/09/10 18:05:58] ^C
[2026/09/10 18:05:58] 发送(hex): 03
[2026/09/10 18:05:58] 发送(hex): 0d
[2026/09/10 18:05:58] 130|console:/ $
[2026/09/10 18:05:58] 130|console:/ $
[2026/09/10 18:05:58] 发送(hex): 20
[2026/09/10 18:05:58] ^C
[2026/09/10 18:05:58] 发送(hex): 03
[2026/09/10 18:05:58] 发送(hex): 0d
[2026/09/10 18:05:58] 发送(hex): 20
[2026/09/10 18:05:58] [10460448][_cpuAudio_ALSA_Driver_GetCardInfo][198]to open /proc/asound/cards
[2026/09/10 18:05:58] [10464631][_cpuAudio_ALSA_Driver_GetCardInfo][225]Available Sound Cards:[
[2026/09/10 18:05:58] 0 [mtktvsndcard   ]: mtk-tvsnd-card ^C130|console:/ $
[2026/09/10 18:05:58] 发送(hex): 03
[2026/09/10 18:05:58] 发送(hex): 0d
[2026/09/10 18:05:58] 130|console:/ $  ^
[2026/09/10 18:05:58] 发送(hex): 20
[2026/09/10 18:05:58] C
[2026/09/10 18:05:58] 130|console:/ $
[2026/09/10 18:05:58] 发送(hex): 03
[2026/09/10 18:05:58] 发送(hex): 0d
[2026/09/10 18:05:58] 130|console:/ $
[2026/09/10 18:05:58] 发送(hex): 20
[2026/09/10 18:05:58] ^C
[2026/09/10 18:05:58] 130|console:/ $
[2026/09/10 18:05:58] 发送(hex): 03
[2026/09/10 18:05:58] 发送(hex): 0d
[2026/09/10 18:05:58] 130|console:/ $  ^C
[2026/09/10 18:05:58] 发送(hex): 20
[2026/09/10 18:05:58] 130|console:/ $
[2026/09/10 18:05:58] 发送(hex): 03
[2026/09/10 18:05:58] 发送(hex): 0d
[2026/09/10 18:05:58] 130|console:/ $
[2026/09/10 18:05:58] 发送(hex): 20
[2026/09/10 18:05:58] ^C
[2026/09/10 18:05:58] 130|console:/ $
[2026/09/10 18:05:58] 发送(hex): 03
[2026/09/10 18:05:58] 发送(hex): 0d
[2026/09/10 18:05:58] 130|console:/ $  ^C
[2026/09/10 18:05:58] 发送(hex): 20
[2026/09/10 18:05:58] 130|console:/ $
[2026/09/10 18:05:58] 发送(hex): 03
[2026/09/10 18:05:58] 发送(hex): 0d
[2026/09/10 18:05:58] 130|console:/ $  ^C[   10.672371][  T745] [mzc]
[2026/09/10 18:05:58] 发送(hex): 20
[2026/09/10 18:05:58] init done
[2026/09/10 18:05:58] 130|console:/ $
[2026/09/10 18:05:58] 发送(hex): 03
[2026/09/10 18:05:58] 发送(hex): 0d
[2026/09/10 18:05:58] 130|console:/ $  ^C
[2026/09/10 18:05:58] 发送(hex): 20
[2026/09/10 18:05:58] 130|console:/ $
[2026/09/10 18:05:58] 发送(hex): 03
[2026/09/10 18:05:58] 发送(hex): 0d
[2026/09/10 18:05:58] 130|console:/ $  ^C
[2026/09/10 18:05:58] 发送(hex): 20
[2026/09/10 18:05:58] 130|con
[2026/09/10 18:05:58] 发送(hex): 03
[2026/09/10 18:05:58] 发送(hex): 0d
[2026/09/10 18:05:58] sole:/ $
[2026/09/10 18:05:58] 130|console:/
[2026/09/10 18:05:58] 发送(hex): 20
[2026/09/10 18:05:58] $  ^C
[2026/09/10 18:05:58] 130|console:/ $
[2026/09/10 18:05:58] 130|console:/ $
[2026/09/10 18:05:58] 发送(hex): 03
[2026/09/10 18:05:58] 发送(hex): 0d
[2026/09/10 18:05:58] ^C
[2026/09/10 18:05:58] 发送(hex): 20
[2026/09/10 18:05:58] 130|console:/ $
[2026/09/10 18:05:58] 发送(hex): 03
[2026/09/10 18:05:58] 发送(hex): 0d
[2026/09/10 18:05:58] 130|console:/ $  ^C
[2026/09/10 18:05:58] 发送(hex): 20
[2026/09/10 18:05:58] 130|console:/ $
[2026/09/10 18:05:58] 发送(hex): 03
[2026/09/10 18:05:58] 发送(hex): 0d
[2026/09/10 18:05:58] 130|console:/ $  ^C
[2026/09/10 18:05:58] 发送(hex): 20
[2026/09/10 18:05:58] 130|console:/ $
[2026/09/10 18:05:58] 发送(hex): 03
[2026/09/10 18:05:58] 发送(hex): 0d
[2026/09/10 18:05:58] 130|console:/ $  ^C
[2026/09/10 18:05:58] 发送(hex): 20
[2026/09/10 18:05:58] 130|console:/ $
[2026/09/10 18:05:58] 发送(hex): 03
[2026/09/10 18:05:58] 发送(hex): 0d
[2026/09/10 18:05:58] 130|console:/ $
[2026/09/10 18:05:58] 发送(hex): 20
[2026/09/10 18:05:58] ^C
[2026/09/10 18:05:58] 发送(hex): 03
[2026/09/10 18:05:58] 发送(hex): 0d
[2026/09/10 18:05:58] 130|console:/ $
[2026/09/10 18:05:58] 130|console:/ $  ^C
[2026/09/10 18:05:58] 发送(hex): 20
[2026/09/10 18:05:58] 130|console:/ $
[2026/09/10 18:05:58] 发送(hex): 03
[2026/09/10 18:05:58] 发送(hex): 0d
[2026/09/10 18:05:58] 130|console:/ $  ^C
[2026/09/10 18:05:58] 发送(hex): 20
[2026/09/10 18:05:58] 130|console:/ $
[2026/09/10 18:05:58] 发送(hex): 03
[2026/09/10 18:05:58] 发送(hex): 0d
[2026/09/10 18:05:58] 130|console:/ $  ^C
[2026/09/10 18:05:58] 发送(hex): 20
[2026/09/10 18:05:58] 130|console:/ $
[2026/09/10 18:05:58] 发送(hex): 03
[2026/09/10 18:05:58] 发送(hex): 0d
[2026/09/10 18:05:58] 130|console:/ $  ^C
[2026/09/10 18:05:58] 发送(hex): 20
[2026/09/10 18:05:58] 130|console:/ $
[2026/09/10 18:05:58] 发送(hex): 03
[2026/09/10 18:05:58] 发送(hex): 0d
[2026/09/10 18:05:58] 130|console:/ $  ^C
[2026/09/10 18:05:58] 发送(hex): 20
[2026/09/10 18:05:58] 130|console:/ $
[2026/09/10 18:05:58] 发送(hex): 03
[2026/09/10 18:05:58] 发送(hex): 0d
[2026/09/10 18:05:58] 130|console:/ $
[2026/09/10 18:05:58] 发送(hex): 20
[2026/09/10 18:05:58] ^C
[2026/09/10 18:05:58] 发送(hex): 03
[2026/09/10 18:05:58] 发送(hex): 0d
[2026/09/10 18:05:58] 130|console:/ $
[2026/09/10 18:05:58] 130|console:/ $  ^C
[2026/09/10 18:05:58] 发送(hex): 20
[2026/09/10 18:05:58] 130|console:/ $
[2026/09/10 18:05:58] 发送(hex): 03
[2026/09/10 18:05:58] 发送(hex): 0d
[2026/09/10 18:05:58] 130|console:/ $  ^C
[2026/09/10 18:05:58] 发送(hex): 20
[2026/09/10 18:05:58] 130|console:/ $
[2026/09/10 18:05:58] 发送(hex): 03
[2026/09/10 18:05:58] 发送(hex): 0d
[2026/09/10 18:05:58] 130|console:/ $  ^C
[2026/09/10 18:05:58] 130|con
[2026/09/10 18:05:58] 发送(hex): 20
[2026/09/10 18:05:58] sole:/ $
[2026/09/10 18:05:58] 发送(hex): 03
[2026/09/10 18:05:58] 发送(hex): 0d
[2026/09/10 18:05:58] 130|console:/ $  ^C
[2026/09/10 18:05:58] 发送(hex): 20
[2026/09/10 18:05:58] 130|console:/ $
[2026/09/10 18:05:58] 发送(hex): 03
[2026/09/10 18:05:58] 发送(hex): 0d
[2026/09/10 18:05:58] 130|console:/ $  ^C
[2026/09/10 18:05:58] 发送(hex): 20
[2026/09/10 18:05:58] 130|console:/ $
[2026/09/10 18:05:58] 发送(hex): 03
[2026/09/10 18:05:58] 发送(hex): 0d
[2026/09/10 18:05:58] 130|console:/ $  ^C
[2026/09/10 18:05:58] 发送(hex): 20
[2026/09/10 18:05:58] 130|console:/ $
[2026/09/10 18:05:58] 发送(hex): 03
[2026/09/10 18:05:59] 发送(hex): 0d
[2026/09/10 18:05:59] 130|console:/ $  ^C
[2026/09/10 18:05:59] 发送(hex): 20
[2026/09/10 18:05:59] 130|console:/ $
[2026/09/10 18:05:59] 发送(hex): 03
[2026/09/10 18:05:59] 发送(hex): 0d
[2026/09/10 18:05:59] 130|console:/ $  ^C
[2026/09/10 18:05:59] 发送(hex): 20
[2026/09/10 18:05:59] 130|console:/ $
[2026/09/10 18:05:59] 发送(hex): 03
[2026/09/10 18:05:59] 发送(hex): 0d
[2026/09/10 18:05:59] [   11.394789][  T449] ir set boot status to 5.
[2026/09/10 18:05:59] 130|console:/ $  ^C
[2026/09/10 18:05:59] 130|con
[2026/09/10 18:05:59] 发送(hex): 20
[2026/09/10 18:05:59] 发送(hex): 03
[2026/09/10 18:05:59] sole:/ $
[2026/09/10 18:05:59] 130|console:/ $
[2026/09/10 18:05:59] 发送(hex): 0d
[2026/09/10 18:05:59] ^C
[2026/09/10 18:05:59] 发送(hex): 20
[2026/09/10 18:05:59] 发送(hex): 03
[2026/09/10 18:05:59] 130|console:/ $
[2026/09/10 18:05:59] 130|c
[2026/09/10 18:05:59] 发送(hex): 0d
[2026/09/10 18:05:59] onsole:/ $  ^C
[2026/09/10 18:05:59] 发送(hex): 20
[2026/09/10 18:05:59] 发送(hex): 03
[2026/09/10 18:05:59] 130|consol
[2026/09/10 18:05:59] 发送(hex): 0d
[2026/09/10 18:05:59] e:/ $
[2026/09/10 18:05:59] 130|console:/ $  ^C
[2026/09/10 18:05:59] 发送(hex): 20
[2026/09/10 18:05:59] 发送(hex): 03
[2026/09/10 18:05:59] 130|console:/ $
[2026/09/10 18:05:59] 发送(hex): 0d
[2026/09/10 18:05:59] 130|console:/ $  ^C
[2026/09/10 18:05:59] 发送(hex): 20
[2026/09/10 18:05:59] 发送(hex): 03
[2026/09/10 18:05:59] 130|console:/ $
[2026/09/10 18:05:59] 130|con
[2026/09/10 18:05:59] 发送(hex): 0d
[2026/09/10 18:05:59] sole:/ $  ^C
[2026/09/10 18:05:59] 发送(hex): 20
[2026/09/10 18:05:59] 发送(hex): 03
[2026/09/10 18:05:59] 130|console:/ $
[2026/09/10 18:05:59] 130|console:/ $
[2026/09/10 18:05:59] 发送(hex): 0d
[2026/09/10 18:05:59] ^C
[2026/09/10 18:05:59] 发送(hex): 20
[2026/09/10 18:05:59] 发送(hex): 03
[2026/09/10 18:05:59] 130|console:/ $
[2026/09/10 18:05:59] 130|con
[2026/09/10 18:05:59] 发送(hex): 0d
[2026/09/10 18:05:59] sole:/ $  ^C
[2026/09/10 18:05:59] 发送(hex): 20
[2026/09/10 18:05:59] 发送(hex): 03
[2026/09/10 18:05:59] 130|console:/ $
[2026/09/10 18:05:59] 130|co
[2026/09/10 18:05:59] 发送(hex): 0d
[2026/09/10 18:05:59] nsole:/ $  ^C
[2026/09/10 18:05:59] 发送(hex): 20
[2026/09/10 18:05:59] 发送(hex): 03
[2026/09/10 18:05:59] 130|console:/ $
[2026/09/10 18:05:59] 130|con
[2026/09/10 18:05:59] 发送(hex): 0d
[2026/09/10 18:05:59] sole:/ $  ^C
[2026/09/10 18:05:59] 发送(hex): 20
[2026/09/10 18:05:59] 发送(hex): 03
[2026/09/10 18:05:59] 130|console:/ $
[2026/09/10 18:05:59] 发送(hex): 0d
[2026/09/10 18:05:59] 130|console:/ $  ^C
[2026/09/10 18:05:59] 发送(hex): 20
[2026/09/10 18:05:59] 发送(hex): 03
[2026/09/10 18:05:59] 130|console:/ $
[2026/09/10 18:05:59] 130|console:/ $
[2026/09/10 18:05:59] 发送(hex): 0d
[2026/09/10 18:05:59] ^C
[2026/09/10 18:05:59] 发送(hex): 20
[2026/09/10 18:05:59] 发送(hex): 03
[2026/09/10 18:05:59] 130|console:/ $
[2026/09/10 18:05:59] 130|console:/ $
[2026/09/10 18:05:59] 发送(hex): 0d
[2026/09/10 18:05:59] ^C
[2026/09/10 18:05:59] 发送(hex): 20
[2026/09/10 18:05:59] 发送(hex): 03
[2026/09/10 18:05:59] 130|conso
[2026/09/10 18:05:59] 发送(hex): 0d
[2026/09/10 18:05:59] le:/ $
[2026/09/10 18:05:59] 130|console:/ $  ^C
[2026/09/10 18:05:59] 发送(hex): 20
[2026/09/10 18:05:59] 发送(hex): 03
[2026/09/10 18:05:59] 130|console:/ $
[2026/09/10 18:05:59] 发送(hex): 0d
[2026/09/10 18:05:59] 130|console:/ $  ^C
[2026/09/10 18:05:59] 发送(hex): 20
[2026/09/10 18:05:59] 发送(hex): 03
[2026/09/10 18:05:59] 130|console:/ $
[2026/09/10 18:05:59] 发送(hex): 0d
[2026/09/10 18:05:59] 130|console:/ $  ^C
[2026/09/10 18:05:59] 发送(hex): 20
[2026/09/10 18:05:59] 发送(hex): 03
[2026/09/10 18:05:59] 130|console:/ $
[2026/09/10 18:05:59] 发送(hex): 0d
[2026/09/10 18:05:59] 130|console:/ $  ^C
[2026/09/10 18:05:59] 发送(hex): 20
[2026/09/10 18:05:59] 发送(hex): 03
[2026/09/10 18:05:59] 130|console:/ $
[2026/09/10 18:05:59] 发送(hex): 0d
[2026/09/10 18:05:59] 130|console:/ $  ^C
[2026/09/10 18:05:59] 发送(hex): 20
[2026/09/10 18:05:59] 发送(hex): 03
[2026/09/10 18:05:59] 130|console:/ $
[2026/09/10 18:05:59] 发送(hex): 0d
[2026/09/10 18:05:59] 130|console:/ $  ^C
[2026/09/10 18:05:59] 发送(hex): 20
[2026/09/10 18:05:59] 发送(hex): 03
[2026/09/10 18:05:59] [   11.996429][  T509] PowerHAL: [AT][AN][DC finish boot]
[2026/09/10 18:05:59] 130|console:/ $
[2026/09/10 18:05:59] 130|console:/ $
[2026/09/10 18:05:59] 发送(hex): 0d
[2026/09/10 18:05:59] 发送(hex): 20
[2026/09/10 18:05:59] ^C
[2026/09/10 18:05:59] 发送(hex): 03
[2026/09/10 18:05:59] 130|console:/ $
[2026/09/10 18:05:59] 130|console:/ $
[2026/09/10 18:05:59] 发送(hex): 0d
[2026/09/10 18:05:59] 发送(hex): 20
[2026/09/10 18:05:59] ^C
[2026/09/10 18:05:59] 130|console:/ $
[2026/09/10 18:05:59] 发送(hex): 03
[2026/09/10 18:05:59] 130|console:/ $
[2026/09/10 18:05:59] 发送(hex): 0d
[2026/09/10 18:05:59] 发送(hex): 20
[2026/09/10 18:05:59] ^C
[2026/09/10 18:05:59] 130|console:/ $
[2026/09/10 18:05:59] 发送(hex): 03
[2026/09/10 18:05:59] 130|console:/ $
[2026/09/10 18:05:59] 发送(hex): 0d
[2026/09/10 18:05:59] 发送(hex): 20
[2026/09/10 18:05:59] ^C
[2026/09/10 18:05:59] 130|console:/ $
[2026/09/10 18:05:59] 发送(hex): 03
[2026/09/10 18:05:59] 130|console:/ $
[2026/09/10 18:05:59] 发送(hex): 0d
[2026/09/10 18:05:59] 发送(hex): 20
[2026/09/10 18:05:59] ^C
[2026/09/10 18:05:59] 130|console:/ $
[2026/09/10 18:05:59] 发送(hex): 03
[2026/09/10 18:05:59] 发送(hex): 0d
[2026/09/10 18:05:59] 130|console:/ $
[2026/09/10 18:05:59] 发送(hex): 20
[2026/09/10 18:05:59] ^C
[2026/09/10 18:05:59] 130|console:/ $
[2026/09/10 18:05:59] 发送(hex): 03
[2026/09/10 18:05:59] 发送(hex): 0d
[2026/09/10 18:05:59] 130|console:/ $
[2026/09/10 18:05:59] 发送(hex): 20
[2026/09/10 18:05:59] ^C
[2026/09/10 18:05:59] 发送(hex): 03
[2026/09/10 18:05:59] 发送(hex): 0d
[2026/09/10 18:05:59] 130|console:/ $
[2026/09/10 18:05:59] 发送(hex): 20
[2026/09/10 18:05:59] 130|console:/ $  ^C
[2026/09/10 18:05:59] 发送(hex): 03
[2026/09/10 18:05:59] 130|console:/ $
[2026/09/10 18:05:59] 发送(hex): 0d
[2026/09/10 18:05:59] 发送(hex): 20
[2026/09/10 18:05:59] 130|console:/ $  ^C
[2026/09/10 18:05:59] 发送(hex): 03
[2026/09/10 18:05:59] 130|console:/ $
[2026/09/10 18:05:59] 发送(hex): 0d
[2026/09/10 18:05:59] 发送(hex): 20
[2026/09/10 18:05:59] 130|console:/ $  ^C
[2026/09/10 18:05:59] 130|console:/ $
[2026/09/10 18:05:59] 发送(hex): 03
[2026/09/10 18:05:59] 130|console:/ $
[2026/09/10 18:06:00] 发送(hex): 0d
[2026/09/10 18:06:00] 发送(hex): 20
[2026/09/10 18:06:00] ^C
[2026/09/10 18:06:00] 130|console:/ $
[2026/09/10 18:06:00] 发送(hex): 03
[2026/09/10 18:06:00] 130|console:/ $
[2026/09/10 18:06:00] 发送(hex): 0d
[2026/09/10 18:06:00] 发送(hex): 20
[2026/09/10 18:06:00] ^C
[2026/09/10 18:06:00] 130|console:/ $
[2026/09/10 18:06:00] 发送(hex): 03
[2026/09/10 18:06:00] 130|console:/ $
[2026/09/10 18:06:00] 发送(hex): 0d
[2026/09/10 18:06:00] 发送(hex): 20
[2026/09/10 18:06:00] ^C
[2026/09/10 18:06:00] 130|console:/ $
[2026/09/10 18:06:00] 发送(hex): 03
[2026/09/10 18:06:00] 130|console:/ $
[2026/09/10 18:06:00] 发送(hex): 0d
[2026/09/10 18:06:00] 发送(hex): 20
[2026/09/10 18:06:00] ^C
[2026/09/10 18:06:00] 130|console:/ $
[2026/09/10 18:06:00] 发送(hex): 03
[2026/09/10 18:06:00] 130|console:/ $
[2026/09/10 18:06:00] 发送(hex): 0d
[2026/09/10 18:06:00] 发送(hex): 20
[2026/09/10 18:06:00] ^C
[2026/09/10 18:06:00] 130|console:/ $
[2026/09/10 18:06:00] 发送(hex): 03
[2026/09/10 18:06:00] 发送(hex): 0d
[2026/09/10 18:06:00] 130|console:/ $
[2026/09/10 18:06:00] 发送(hex): 20
[2026/09/10 18:06:00] ^C
[2026/09/10 18:06:00] 130|console:/ $
[2026/09/10 18:06:00] 1
[2026/09/10 18:06:00] 发送(hex): 03
[2026/09/10 18:06:00] 发送(hex): 0d
[2026/09/10 18:06:00] 30|console:/ $
[2026/09/10 18:06:00] 发送(hex): 20
[2026/09/10 18:06:00] ^C
[2026/09/10 18:06:00] 130|console:/ $
[2026/09/10 18:06:00] 发送(hex): 03
[2026/09/10 18:06:00] 发送(hex): 0d
[2026/09/10 18:06:00] 130|console:/ $  ^C
[2026/09/10 18:06:00] 发送(hex): 20
[2026/09/10 18:06:00] 130|console:/ $
[2026/09/10 18:06:00] 发送(hex): 03
[2026/09/10 18:06:00] 发送(hex): 0d
[2026/09/10 18:06:00] 130|console:/ $  ^C
[2026/09/10 18:06:00] 发送(hex): 20
[2026/09/10 18:06:00] 发送(hex): 03
[2026/09/10 18:06:00] 发送(hex): 0d
[2026/09/10 18:06:00] 130|console:/ $
[2026/09/10 18:06:00] 发送(hex): 20
[2026/09/10 18:06:00] 130|console:/ $  ^C
[2026/09/10 18:06:00] 130|console:/ $
[2026/09/10 18:06:00] 发送(hex): 03
[2026/09/10 18:06:00] 发送(hex): 0d
[2026/09/10 18:06:00] 130|console:/ $
[2026/09/10 18:06:00] 发送(hex): 20
[2026/09/10 18:06:00] ^C
[2026/09/10 18:06:00] 130|console:/ $
[2026/09/10 18:06:00] 发送(hex): 03
[2026/09/10 18:06:00] 发送(hex): 0d
[2026/09/10 18:06:00] 130|console:/ $
[2026/09/10 18:06:00] 发送(hex): 20
[2026/09/10 18:06:00] ^C
[2026/09/10 18:06:00] 130|console:/ $
[2026/09/10 18:06:00] 发送(hex): 03
[2026/09/10 18:06:00] 130|console:/ $
[2026/09/10 18:06:00] 发送(hex): 0d
[2026/09/10 18:06:00] 发送(hex): 20
[2026/09/10 18:06:00] ^C
[2026/09/10 18:06:00] 130|console:/ $
[2026/09/10 18:06:00] 发送(hex): 03
[2026/09/10 18:06:00] 130|console:/ $
[2026/09/10 18:06:00] 发送(hex): 0d
[2026/09/10 18:06:00] 发送(hex): 20
[2026/09/10 18:06:00] ^C
[2026/09/10 18:06:00] 130|console:/ $
[2026/09/10 18:06:00] 发送(hex): 03
[2026/09/10 18:06:00] 130|console:/ $
[2026/09/10 18:06:00] 发送(hex): 0d
[2026/09/10 18:06:00] 发送(hex): 20
[2026/09/10 18:06:00] ^C
[2026/09/10 18:06:00] 130|console:/ $
[2026/09/10 18:06:00] 发送(hex): 03
[2026/09/10 18:06:00] 130|console:/ $
[2026/09/10 18:06:00] 发送(hex): 0d
[2026/09/10 18:06:00] 发送(hex): 20
[2026/09/10 18:06:00] ^C
[2026/09/10 18:06:00] 130|console:/ $
[2026/09/10 18:06:00] 发送(hex): 03
[2026/09/10 18:06:00] 130|console:/ $
[2026/09/10 18:06:00] 发送(hex): 0d
[2026/09/10 18:06:00] 发送(hex): 20
[2026/09/10 18:06:00] ^C
[2026/09/10 18:06:00] 130|console:/ $
[2026/09/10 18:06:00] 发送(hex): 03
[2026/09/10 18:06:00] 130|console:/ $
[2026/09/10 18:06:00] 发送(hex): 0d
[2026/09/10 18:06:00] 发送(hex): 20
[2026/09/10 18:06:00] ^C
[2026/09/10 18:06:00] 130|console:/ $
[2026/09/10 18:06:00] 发送(hex): 03
[2026/09/10 18:06:00] 130|console:/ $
[2026/09/10 18:06:00] 发送(hex): 0d
[2026/09/10 18:06:00] 发送(hex): 20
[2026/09/10 18:06:00] ^C
[2026/09/10 18:06:00] 发送(hex): 03
[2026/09/10 18:06:00] 130|console:/ $
[2026/09/10 18:06:00] 130|console:/ $
[2026/09/10 18:06:00] 发送(hex): 0d
[2026/09/10 18:06:00] 发送(hex): 20
[2026/09/10 18:06:00] ^C
[2026/09/10 18:06:00] 130|console:/ $
[2026/09/10 18:06:00] 发送(hex): 03
[2026/09/10 18:06:00] 130|console:/ $
[2026/09/10 18:06:00] 发送(hex): 0d
[2026/09/10 18:06:00] 发送(hex): 20
[2026/09/10 18:06:00] ^C
[2026/09/10 18:06:00] 130|console:/ $
[2026/09/10 18:06:00] 发送(hex): 03
[2026/09/10 18:06:00] 130|console:/ $
[2026/09/10 18:06:00] 发送(hex): 0d
[2026/09/10 18:06:00] 发送(hex): 20
[2026/09/10 18:06:00] ^C
[2026/09/10 18:06:00] 发送(hex): 03
[2026/09/10 18:06:00] 130|console:/ $
[2026/09/10 18:06:00] 130|console:/ $
[2026/09/10 18:06:00] 发送(hex): 0d
[2026/09/10 18:06:00] 发送(hex): 20
[2026/09/10 18:06:00] ^C
[2026/09/10 18:06:00] 130|console:/ $
[2026/09/10 18:06:00] 发送(hex): 03
[2026/09/10 18:06:00] 130|console:/ $
[2026/09/10 18:06:00] 发送(hex): 0d
[2026/09/10 18:06:00] 发送(hex): 20
[2026/09/10 18:06:00] ^C
[2026/09/10 18:06:00] 130|console:/ $
[2026/09/10 18:06:00] 发送(hex): 03
[2026/09/10 18:06:00] 130|console:/ $
[2026/09/10 18:06:00] 发送(hex): 0d
[2026/09/10 18:06:00] 发送(hex): 20
[2026/09/10 18:06:00] ^C
[2026/09/10 18:06:00] 发送(hex): 03
[2026/09/10 18:06:00] 130|console:/ $
[2026/09/10 18:06:00] 130|console:/ $
[2026/09/10 18:06:00] 发送(hex): 0d
[2026/09/10 18:06:00] ^C
[2026/09/10 18:06:00] 发送(hex): 20
[2026/09/10 18:06:00] 130|console:/ $
[2026/09/10 18:06:00] 130|console:/ $
[2026/09/10 18:06:00] 发送(hex): 03
[2026/09/10 18:06:00] 发送(hex): 0d
[2026/09/10 18:06:00] ^C
[2026/09/10 18:06:00] 发送(hex): 20
[2026/09/10 18:06:00] 发送(hex): 03
[2026/09/10 18:06:00] 发送(hex): 0d
[2026/09/10 18:06:00] 130|console:/ $
[2026/09/10 18:06:00] 130|console:/ $  ^C
[2026/09/10 18:06:00] 发送(hex): 20
[2026/09/10 18:06:00] 130|console:/ $
[2026/09/10 18:06:00] 发送(hex): 03
[2026/09/10 18:06:00] 发送(hex): 0d
[2026/09/10 18:06:00] 130|console:/ $  ^C
[2026/09/10 18:06:00] 发送(hex): 20
[2026/09/10 18:06:00] 130|console:/ $
[2026/09/10 18:06:00] 发送(hex): 03
[2026/09/10 18:06:00] 发送(hex): 0d
[2026/09/10 18:06:00] 130|console:/ $  ^C
[2026/09/10 18:06:00] 发送(hex): 20
[2026/09/10 18:06:00] 130|console:/ $
[2026/09/10 18:06:00] 发送(hex): 03
[2026/09/10 18:06:00] 发送(hex): 0d
[2026/09/10 18:06:00] 130|console:/ $  ^C
[2026/09/10 18:06:00] 发送(hex): 20
[2026/09/10 18:06:00] 130|console:/ $
[2026/09/10 18:06:00] 发送(hex): 03
[2026/09/10 18:06:01] 发送(hex): 0d
[2026/09/10 18:06:01] 130|console:/ $  ^C
[2026/09/10 18:06:01] 发送(hex): 20
[2026/09/10 18:06:01] 130|console:/ $
[2026/09/10 18:06:01] 130|cons
[2026/09/10 18:06:01] 发送(hex): 03
[2026/09/10 18:06:01] 发送(hex): 0d
[2026/09/10 18:06:01] ole:/ $
[2026/09/10 18:06:01] 发送(hex): 20
[2026/09/10 18:06:01] ^C
[2026/09/10 18:06:01] 130|console:/ $
[2026/09/10 18:06:01] 发送(hex): 03
[2026/09/10 18:06:01] 发送(hex): 0d
[2026/09/10 18:06:01] 130|console:/ $
[2026/09/10 18:06:01] 发送(hex): 20
[2026/09/10 18:06:01] ^C
[2026/09/10 18:06:01] 130|console:/ $
[2026/09/10 18:06:01] 发送(hex): 03
[2026/09/10 18:06:01] 130|console:/ $
[2026/09/10 18:06:01] 发送(hex): 0d
[2026/09/10 18:06:01] 发送(hex): 20
[2026/09/10 18:06:01] ^C
[2026/09/10 18:06:01] 130|console:/ $
[2026/09/10 18:06:01] 发送(hex): 03
[2026/09/10 18:06:01] 130|console:/ $
[2026/09/10 18:06:01] 发送(hex): 0d
[2026/09/10 18:06:01] 发送(hex): 20
[2026/09/10 18:06:01] ^C
[2026/09/10 18:06:01] 130|console:/ $
[2026/09/10 18:06:01] 发送(hex): 03
[2026/09/10 18:06:01] 130|console:/ $
[2026/09/10 18:06:01] 发送(hex): 0d
[2026/09/10 18:06:01] 发送(hex): 20
[2026/09/10 18:06:01] ^C
[2026/09/10 18:06:01] 130|console:/ $
[2026/09/10 18:06:01] 发送(hex): 03
[2026/09/10 18:06:01] 130|console:/ $
[2026/09/10 18:06:01] 发送(hex): 0d
[2026/09/10 18:06:01] 发送(hex): 20
[2026/09/10 18:06:01] ^C
[2026/09/10 18:06:01] 130|console:/ $
[2026/09/10 18:06:01] 发送(hex): 03
[2026/09/10 18:06:01] 130|console:/ $
[2026/09/10 18:06:01] 发送(hex): 0d
[2026/09/10 18:06:01] 发送(hex): 20
[2026/09/10 18:06:01] ^C
[2026/09/10 18:06:01] 130|console:/ $
[2026/09/10 18:06:01] 发送(hex): 03
[2026/09/10 18:06:01] 130|console:/ $
[2026/09/10 18:06:01] 发送(hex): 0d
[2026/09/10 18:06:01] 发送(hex): 20
[2026/09/10 18:06:01] ^C
[2026/09/10 18:06:01] 130|console:/ $
[2026/09/10 18:06:01] 发送(hex): 03
[2026/09/10 18:06:01] 130|console:/ $
[2026/09/10 18:06:01] 发送(hex): 0d
[2026/09/10 18:06:01] ^C
[2026/09/10 18:06:01] 发送(hex): 20
[2026/09/10 18:06:01] 发送(hex): 03
[2026/09/10 18:06:01] 130|console:/ $
[2026/09/10 18:06:01] 130|console:/ $
[2026/09/10 18:06:01] 发送(hex): 0d
[2026/09/10 18:06:01] ^C
[2026/09/10 18:06:01] 发送(hex): 20
[2026/09/10 18:06:01] 发送(hex): 03
[2026/09/10 18:06:01] 发送(hex): 0d
[2026/09/10 18:06:01] ^C130|consol
[2026/09/10 18:06:01] 发送(hex): 20
[2026/09/10 18:06:01] 发送(hex): 03
[2026/09/10 18:06:01] e:/ $
[2026/09/10 18:06:01] 130|console:/ $
[2026/09/10 18:06:01] 发送(hex): 0d
[2026/09/10 18:06:01] 发送(hex): 20
[2026/09/10 18:06:01] 发送(hex): 03
[2026/09/10 18:06:01] ^C
[2026/09/10 18:06:01] 130|console:/ $
[2026/09/10 18:06:01] 发送(hex): 0d
[2026/09/10 18:06:01] 130|console:/ $  ^C
[2026/09/10 18:06:01] 发送(hex): 20
[2026/09/10 18:06:01] 发送(hex): 03
[2026/09/10 18:06:01] 130|console:/ $
[2026/09/10 18:06:01] 发送(hex): 0d
[2026/09/10 18:06:01] 130|console:/ $  ^C
[2026/09/10 18:06:01] 发送(hex): 20
[2026/09/10 18:06:01] 发送(hex): 03
[2026/09/10 18:06:01] 130|console:/ $
[2026/09/10 18:06:01] 发送(hex): 0d
[2026/09/10 18:06:01] 130|console:/ $  ^C
[2026/09/10 18:06:01] 发送(hex): 20
[2026/09/10 18:06:01] 发送(hex): 03
[2026/09/10 18:06:01] 130|console:/ $
[2026/09/10 18:06:01] 发送(hex): 0d
[2026/09/10 18:06:01] 130|console:/ $  ^C
[2026/09/10 18:06:01] 发送(hex): 20
[2026/09/10 18:06:01] 130|console:/ $
[2026/09/10 18:06:01] 发送(hex): 03
[2026/09/10 18:06:01] 发送(hex): 0d
[2026/09/10 18:06:01] 130|console:/ $  ^C
[2026/09/10 18:06:01] 发送(hex): 20
[2026/09/10 18:06:01] 130|console:/ $
[2026/09/10 18:06:01] 发送(hex): 03
[2026/09/10 18:06:01] 发送(hex): 0d
[2026/09/10 18:06:01] 130|console:/ $  ^C
[2026/09/10 18:06:01] 发送(hex): 20
[2026/09/10 18:06:01] 发送(hex): 03
[2026/09/10 18:06:01] 130|console:/ $
[2026/09/10 18:06:01] 发送(hex): 0d
[2026/09/10 18:06:01] 130|console:/ $  ^C
[2026/09/10 18:06:01] 发送(hex): 20
[2026/09/10 18:06:01] 发送(hex): 03
[2026/09/10 18:06:01] 130|console:/ $
[2026/09/10 18:06:01] 发送(hex): 0d
[2026/09/10 18:06:01] 130|console:/ $  ^C
[2026/09/10 18:06:01] 发送(hex): 20
[2026/09/10 18:06:01] 发送(hex): 03
[2026/09/10 18:06:01] 130|console:/ $
[2026/09/10 18:06:01] 发送(hex): 0d
[2026/09/10 18:06:01] 130|console:/ $  ^C
[2026/09/10 18:06:01] 发送(hex): 20
[2026/09/10 18:06:01] 130|console:/ $
[2026/09/10 18:06:01] 发送(hex): 03
[2026/09/10 18:06:01] 发送(hex): 0d
[2026/09/10 18:06:01] 130|console:/ $  ^C
[2026/09/10 18:06:01] 发送(hex): 20
[2026/09/10 18:06:01] 130|console:/ $
[2026/09/10 18:06:01] 发送(hex): 03
[2026/09/10 18:06:01] 发送(hex): 0d
[2026/09/10 18:06:01] 130|console:/ $  ^C
[2026/09/10 18:06:01] 发送(hex): 20
[2026/09/10 18:06:01] 130|console:/ $
[2026/09/10 18:06:01] 发送(hex): 03
[2026/09/10 18:06:01] 发送(hex): 0d
[2026/09/10 18:06:01] 130|console:/ $  ^C
[2026/09/10 18:06:01] 发送(hex): 20
[2026/09/10 18:06:01] 130|console:/ $
[2026/09/10 18:06:01] 发送(hex): 03
[2026/09/10 18:06:01] 发送(hex): 0d
[2026/09/10 18:06:01] 130|console:/ $  ^C
[2026/09/10 18:06:01] 发送(hex): 20
[2026/09/10 18:06:01] 130|console:/ $
[2026/09/10 18:06:01] 发送(hex): 03
[2026/09/10 18:06:01] 发送(hex): 0d
[2026/09/10 18:06:01] 130|console:/ $  ^C
[2026/09/10 18:06:01] 发送(hex): 20
[2026/09/10 18:06:01] 130|console:/ $
[2026/09/10 18:06:01] 发送(hex): 03
[2026/09/10 18:06:01] 发送(hex): 0d
[2026/09/10 18:06:01] 130|console:/ $  ^C
[2026/09/10 18:06:01] 发送(hex): 20
[2026/09/10 18:06:01] 发送(hex): 03
[2026/09/10 18:06:01] 130|console:/ $
[2026/09/10 18:06:01] 发送(hex): 0d
[2026/09/10 18:06:01] 发送(hex): 20
[2026/09/10 18:06:01] 130|console:/ $  ^C
[2026/09/10 18:06:01] 130|console:/ $
[2026/09/10 18:06:01] 发送(hex): 03
[2026/09/10 18:06:01] 130|console:/ $
[2026/09/10 18:06:01] 发送(hex): 0d
[2026/09/10 18:06:01] 发送(hex): 20
[2026/09/10 18:06:01] ^C
[2026/09/10 18:06:01] 130|console:/ $
[2026/09/10 18:06:01] 发送(hex): 03
[2026/09/10 18:06:01] 130|console:/ $
[2026/09/10 18:06:01] 发送(hex): 0d
[2026/09/10 18:06:01] 发送(hex): 20
[2026/09/10 18:06:01] ^C
[2026/09/10 18:06:02] 发送(hex): 03
[2026/09/10 18:06:02] 130|console:/ $
[2026/09/10 18:06:02] 发送(hex): 0d
[2026/09/10 18:06:02] 发送(hex): 20
[2026/09/10 18:06:02] 130|console:/ $  ^C
[2026/09/10 18:06:02] 发送(hex): 03
[2026/09/10 18:06:02] 130|console:/ $
[2026/09/10 18:06:02] 130|console:/ $
[2026/09/10 18:06:02] 发送(hex): 0d
[2026/09/10 18:06:02] 发送(hex): 20
[2026/09/10 18:06:02] ^C
[2026/09/10 18:06:02] 发送(hex): 03
[2026/09/10 18:06:02] 130|console:/ $
[2026/09/10 18:06:02] 130|console:/ $
[2026/09/10 18:06:02] 发送(hex): 0d
[2026/09/10 18:06:02] 发送(hex): 20
[2026/09/10 18:06:02] ^C
[2026/09/10 18:06:02] 130|console:/ $
[2026/09/10 18:06:02] 发送(hex): 03
[2026/09/10 18:06:02] 130|console:/ $
[2026/09/10 18:06:02] 发送(hex): 0d
[2026/09/10 18:06:02] 发送(hex): 20
[2026/09/10 18:06:02] ^C
[2026/09/10 18:06:02] 130|console:/ $
[2026/09/10 18:06:02] 发送(hex): 03
[2026/09/10 18:06:02] 130|console:/ $
[2026/09/10 18:06:02] 发送(hex): 0d
[2026/09/10 18:06:02] 发送(hex): 20
[2026/09/10 18:06:02] ^C
[2026/09/10 18:06:02] 发送(hex): 03
[2026/09/10 18:06:02] 130|console:/ $
[2026/09/10 18:06:02] 130|console:/ $  ^C
[2026/09/10 18:06:02] 130|console:/ $
[2026/09/10 18:06:05] [armAudio_postprocess_allocate][63] allocate
[2026/09/10 18:06:05] arm AudioPostProcess (type=0xff01)
[2026/09/10 18:06:05] [armAudio_postprocess_allocate][82] 1906464 bytes is needed by AudioPostProcess (type=0xff01)
[2026/09/10 18:06:05] [armAudio_postprocess_allocate][97] AudioPostProcess (type=0xff01) allocate 0x1d1720 bytes ok!!,va(0xe6a118e0) ok
[2026/09/10 18:06:05] [armAudio_postprocess_allocate][105] AudioPostProcess (type=0xff01) hook
[2026/09/10 18:06:08] [   21.263807][  T121] [AT][AN][finish boot]
[2026/09/10 18:06:09] insmod: /vendor/lib/modules/mtk-pmu-keypad.ko: No such file or directory
[2026/09/10 18:06:09] insmod: /vendor/lib/modules/mtk-smi-tv.ko: N
[2026/09/10 18:06:09] o such file or directory
[2026/09/10 18:06:09] insmod: /vendor/lib/mo
[2026/09/10 18:06:09] dules/test_power.ko: No such file or directory
[2026/09/10 18:06:17] 发送(hex): 0d
[2026/09/10 18:06:17] 发送(hex): 0d
[2026/09/10 18:06:17] 发送(hex): 0d
[2026/09/10 18:06:17] 130|console:/ $
[2026/09/10 18:06:17] 发送(hex): 0d
[2026/09/10 18:06:17] 130|console:/ $
[2026/09/10 18:06:17] 发送(hex): 0d
[2026/09/10 18:06:17] 130|console:/ $
[2026/09/10 18:06:17] 130|console:/ $
[2026/09/10 18:06:17] 130|console:/ $
[2026/09/10 18:06:17] [   30.211932][   ÿ
[2026/09/10 18:06:21] 发送(hex): 0d
[2026/09/10 18:06:21] 发送(hex): 20
[2026/09/10 18:06:21] 发送(hex): 03
[2026/09/10 18:06:21] 发送(hex): 0d
[2026/09/10 18:06:21] 发送(hex): 20
[2026/09/10 18:06:21] 发送(hex): 03
[2026/09/10 18:06:21] 发送(hex): 0d
[2026/09/10 18:06:21] 发送(hex): 20
[2026/09/10 18:06:21] 发送(hex): 03
[2026/09/10 18:06:21] 发送(hex): 0d
[2026/09/10 18:06:21] 发送(hex): 20
[2026/09/10 18:06:21] 发送(hex): 03
[2026/09/10 18:06:21] 发送(hex): 0d
[2026/09/10 18:06:21] 发送(hex): 20
[2026/09/10 18:06:21] 发送(hex): 03
[2026/09/10 18:06:21] 发送(hex): 0d
[2026/09/10 18:06:21] 发送(hex): 20
[2026/09/10 18:06:21] 发送(hex): 03
[2026/09/10 18:06:21] 发送(hex): 0d
[2026/09/10 18:06:22] 发送(hex): 20
[2026/09/10 18:06:22] 发送(hex): 03
[2026/09/10 18:06:22] 发送(hex): 0d
[2026/09/10 18:06:22] 发送(hex): 20
[2026/09/10 18:06:22] 发送(hex): 03
[2026/09/10 18:06:22] 发送(hex): 0d
[2026/09/10 18:06:22] 发送(hex): 20
[2026/09/10 18:06:22] 发送(hex): 03
[2026/09/10 18:06:22] 发送(hex): 0d
[2026/09/10 18:06:22] 发送(hex): 20
[2026/09/10 18:06:22] 发送(hex): 03
[2026/09/10 18:06:22] 发送(hex): 0d
[2026/09/10 18:06:22] 发送(hex): 20
[2026/09/10 18:06:22] 发送(hex): 03
[2026/09/10 18:06:22] 发送(hex): 0d
[2026/09/10 18:06:22] 发送(hex): 20
[2026/09/10 18:06:22] 发送(hex): 03
[2026/09/10 18:06:22] 发送(hex): 0d
[2026/09/10 18:06:22] 发送(hex): 20
[2026/09/10 18:06:22] 发送(hex): 03
[2026/09/10 18:06:22] 发送(hex): 0d
[2026/09/10 18:06:22] 发送(hex): 20
[2026/09/10 18:06:22] 发送(hex): 03
[2026/09/10 18:06:22] 发送(hex): 0d
[2026/09/10 18:06:22] UART
[2026/09/10 18:06:22] <.
[2026/09/10 18:06:22] AC_ON
[2026/09/10 18:06:22] 发送(hex): 20
[2026/09/10 18:06:22] 发送(hex): 03
[2026/09/10 18:06:22] 发送(hex): 0d
[2026/09/10 18:06:22] 发送(hex): 20
[2026/09/10 18:06:22] 发送(hex): 03
[2026/09/10 18:06:22] 发送(hex): 0d
[2026/09/10 18:06:22] 发送(hex): 20
[2026/09/10 18:06:22] 发送(hex): 03
[2026/09/10 18:06:22] 发送(hex): 0d
[2026/09/10 18:06:22] 发送(hex): 20
[2026/09/10 18:06:22] 发送(hex): 03
[2026/09/10 18:06:22] 发送(hex): 0d
[2026/09/10 18:06:22] 发送(hex): 20
[2026/09/10 18:06:22] 发送(hex): 03
[2026/09/10 18:06:22] 发送(hex): 0d
[2026/09/10 18:06:22] 发送(hex): 20
[2026/09/10 18:06:22] 发送(hex): 03
[2026/09/10 18:06:22] HASH1_VERSION=0x00000000 64bit
[2026/09/10 18:06:22] E-A
[2026/09/10 18:06:22] [ETT_Main] Clock MPLL Init
[2026/09/10 18:06:22] [ETT_Main]MIU_ver 20260417-11996427-OneBin-V20.4-RefineWDTNew
[2026/09/10 18:06:22] [DRAMC] AC ON-0
[2026/09/10 18:06:22] [FAST_K]
[2026/09/10 18:06:22] [MOBF] Gen SW key
[2026/09/10 18:06:22] 发送(hex): 0d
[2026/09/10 18:06:22] 发送(hex): 20
[2026/09/10 18:06:22] 发送(hex): 03
[2026/09/10 18:06:22] 发送(hex): 0d
[2026/09/10 18:06:22] 发送(hex): 20
[2026/09/10 18:06:22] CH0 DramsizeFlag_CH0 DUMMY_REG = 0x1
[2026/09/10 18:06:22] dramc_channel0 restore dramsize_flag = 0x1
[2026/09/10 18:06:22] [FAST_K]
[2026/09/10 18:06:22] 发送(hex): 03
[2026/09/10 18:06:22] 发送(hex): 0d
[2026/09/10 18:06:22] 发送(hex): 20
[2026/09/10 18:06:22] 发送(hex): 03
[2026/09/10 18:06:22] 发送(hex): 0d
[2026/09/10 18:06:22] 发送(hex): 20
[2026/09/10 18:06:22] 发送(hex): 03
[2026/09/10 18:06:22] 发送(hex): 0d
[2026/09/10 18:06:22] CH2 DramsizeFlag_CH2 DUMMY_REG = 0x0
[2026/09/10 18:06:22] dramc_channel2 restore dramsize_flag = 0x0
[2026/09/10 18:06:22] dispatch to 1 EMI 2 CH
[2026/09/10 18:06:22] MIUP set area: 3GB
[2026/09/10 18:06:22] EMI bist: [32mM0 pass[0m
[2026/09/10 18:06:22] EMI bist: [32mM2 pass[0m
[2026/09/10 18:06:22] fake engine: [32mpass[00000000][0m
[2026/09/10 18:06:22] fake engine: [32mpass[00000001][0m
[2026/09/10 18:06:22] u4dram_info=0x2406
[2026/09/10 18:06:22] TEELOADER_VERSION=0x00000000
[2026/09/10 18:06:22] 发送(hex): 20
[2026/09/10 18:06:22] 发送(hex): 03
[2026/09/10 18:06:22] optee teeloader entry
[2026/09/10 18:06:22] MultiOptee image detected,
[2026/09/10 18:06:22] 发送(hex): 0d
[2026/09/10 18:06:22] ModelID=17B06E0B
[2026/09/10 18:06:22] 发送(hex): 20
[2026/09/10 18:06:22] 发送(hex): 03
[2026/09/10 18:06:22] MultiOptee image detected, ModelID=17B06E0B
[2026/09/10 18:06:22] 发送(hex): 0d
[2026/09/10 18:06:22] 发送(hex): 20
[2026/09/10 18:06:22] 发送(hex): 03
[2026/09/10 18:06:22] 发送(hex): 0d
[2026/09/10 18:06:22] CusConfig
[2026/09/10 18:06:22] 发送(hex): 20
[2026/09/10 18:06:22] 发送(hex): 03
[2026/09/10 18:06:22] ARMFW_VERSION=0x00000000
[2026/09/10 18:06:22] OPTEE_VERSION=0x00000000
[2026/09/10 18:06:22] OPTEECUST_VERSION=0x00000000
[2026/09/10 18:06:22] REELOADER_VERSION=0x00000000
[2026/09/10 18:06:22] 发送(hex): 0d
[2026/09/10 18:06:22] 发送(hex): 20
[2026/09/10 18:06:22] 发送(hex): 03
[2026/09/10 18:06:22] 发送(hex): 0d
[2026/09/10 18:06:22] ns_uboot_boot
[2026/09/10 18:06:22] NOTICE:  BL31: v2.4(debug):f102f7cc7
[2026/09/10 18:06:22] NOTICE:  BL31: Built : 20:53:08, Jul 17 2026
[2026/09/10 18:06:22] INFO:    BL31: Initializing runtime services
[2026/09/10 18:06:22] INFO:    BL31: Initializing BL32
[2026/09/10 18:06:22] [TEE] TRIAL BOOT: 0
[2026/09/10 18:06:22] 发送(hex): 20
[2026/09/10 18:06:22] 发送(hex): 03
[2026/09/10 18:06:22] 发送(hex): 0d
[2026/09/10 18:06:22] 发送(hex): 20
[2026/09/10 18:06:22] 发送(hex): 03
[2026/09/10 18:06:22] 发送(hex): 0d
[2026/09/10 18:06:22] [DynRamlog] wait for configuring by tee driver
[2026/09/10 18:06:22] INF
[2026/09/10 18:06:22] 发送(hex): 20
[2026/09/10 18:06:22] 发送(hex): 03
[2026/09/10 18:06:22] O:    BL31: Preparing for EL3 exit to normal world
[2026/09/10 18:06:22] INFO:    Entry point address = 0x20100010
[2026/09/10 18:06:22] ree_entry
[2026/09/10 18:06:22] Check WDT....
[2026/09/10 18:06:22] 发送(hex): 0d
[2026/09/10 18:06:22] 发送(hex): 20
[2026/09/10 18:06:22] UBOOT_VERSION=0x00000000
[2026/09/10 18:06:22] 发送(hex): 03
[2026/09/10 18:06:22] 发送(hex): 0d
[2026/09/10 18:06:22] 发送(hex): 20
[2026/09/10 18:06:22] 发送(hex): 03
[2026/09/10 18:06:22] 发送(hex): 0d
[2026/09/10 18:06:22] 发送(hex): 20
[2026/09/10 18:06:22] 发送(hex): 03
[2026/09/10 18:06:22] 发送(hex): 0d
[2026/09/10 18:06:22] 发送(hex): 20
[2026/09/10 18:06:22] 发送(hex): 03
[2026/09/10 18:06:22] 发送(hex): 0d
[2026/09/10 18:06:22] 发送(hex): 20
[2026/09/10 18:06:22] 发送(hex): 03
[2026/09/10 18:06:22] 发送(hex): 0d
[2026/09/10 18:06:22] 发送(hex): 20
[2026/09/10 18:06:23] 发送(hex): 03
[2026/09/10 18:06:23] 发送(hex): 0d
[2026/09/10 18:06:23] 发送(hex): 20
[2026/09/10 18:06:23] 发送(hex): 03
[2026/09/10 18:06:23] 发送(hex): 0d
[2026/09/10 18:06:23] 发送(hex): 20
[2026/09/10 18:06:23] 发送(hex): 03
[2026/09/10 18:06:23] 发送(hex): 0d
[2026/09/10 18:06:23] 发送(hex): 20
[2026/09/10 18:06:23] 发送(hex): 03
[2026/09/10 18:06:23] U-Boot2019.04-g23c3f665-dirty (Aug 23 2026 - 20:57:54 +0800)
[2026/09/10 18:06:23] Model: MediaTek MT5896 RFB
[2026/09/10 18:06:23] DRAM:  3 GiB
[2026/09/10 18:06:23] 发送(hex): 0d
[2026/09/10 18:06:23] 发送(hex): 20
[2026/09/10 18:06:23] 发送(hex): 03
[2026/09/10 18:06:23] 发送(hex): 0d
[2026/09/10 18:06:23] 发送(hex): 20
[2026/09/10 18:06:23] 发送(hex): 03
[2026/09/10 18:06:23] 发送(hex): 0d
[2026/09/10 18:06:23] 发送(hex): 20
[2026/09/10 18:06:23] 发送(hex): 03
[2026/09/10 18:06:23] 发送(hex): 0d
[2026/09/10 18:06:23] 发送(hex): 20
[2026/09/10 18:06:23] 发送(hex): 03
[2026/09/10 18:06:23] 发送(hex): 0d
[2026/09/10 18:06:23] 发送(hex): 20
[2026/09/10 18:06:23] MMC:   mtk-mmc-fcie@1c660000: 0
[2026/09/10 18:06:23] 发送(hex): 03
[2026/09/10 18:06:23] 发送(hex): 0d
[2026/09/10 18:06:23] 发送(hex): 20
[2026/09/10 18:06:23] 发送(hex): 03
[2026/09/10 18:06:23] 发送(hex): 0d
[2026/09/10 18:06:23] 发送(hex): 20
[2026/09/10 18:06:23] 发送(hex): 03
[2026/09/10 18:06:23] Loading Environment from EXT
[2026/09/10 18:06:23] 发送(hex): 0d
[2026/09/10 18:06:23] 发送(hex): 20
[2026/09/10 18:06:23] 4... OK
[2026/09/10 18:06:23] 发送(hex): 03
[2026/09/10 18:06:23] 发送(hex): 0d
[2026/09/10 18:06:23] 发送(hex): 20
[2026/09/10 18:06:23] 发送(hex): 03
[2026/09/10 18:06:23] 发送(hex): 0d
[2026/09/10 18:06:23] 发送(hex): 20
[2026/09/10 18:06:23] 发送(hex): 03
[2026/09/10 18:06:23] 发送(hex): 0d
[2026/09/10 18:06:23] 发送(hex): 20
[2026/09/10 18:06:23] 发送(hex): 03
[2026/09/10 18:06:23] [0;31m[ERROR] get_data
[2026/09/10 18:06:23] 发送(hex): 0d
[2026/09/10 18:06:23] 发送(hex): 20
[2026/09/10 18:06:23] _separation_info:254: [0m[data spr][start:1306][end:1314][total time:8]
[2026/09/10 18:06:23] 发送(hex): 03
[2026/09/10 18:06:23] 发送(hex): 0d
[2026/09/10 18:06:23] 发送(hex): 20
[2026/09/10 18:06:23] 发送(hex): 03
[2026/09/10 18:06:23] 发送(hex): 0d
[2026/09/10 18:06:23] 发送(hex): 20
[2026/09/10 18:06:23] 发送(hex): 03
[2026/09/10 18:06:23] 发送(hex): 0d
[2026/09/10 18:06:23] 发送(hex): 20
[2026/09/10 18:06:23] 发送(hex): 03
[2026/09/10 18:06:23] 发送(hex): 0d
[2026/09/10 18:06:23] 发送(hex): 20
[2026/09/10 18:06:23] 发送(hex): 03
[2026/09/10 18:06:23] [0;31m[ERROR] parse_tcl_ffvoice_lednum:1124: [0mdrive_item is not exist!
[2026/09/10 18:06:23] [0;31m[ERROR] parse_tcl_ffvoice_lednum:1144: [0muse default ffvoice lednum: 4!!!
[2026/09/10 18:06:23] 发送(hex): 0d
[2026/09/10 18:06:23] 发送(hex): 20
[2026/09/10 18:06:23] 发送(hex): 03
[2026/09/10 18:06:23] 发送(hex): 0d
[2026/09/10 18:06:23] 发送(hex): 20
[2026/09/10 18:06:23] [0;31m[ERROR] parse_tcl_led_stagespacetime:1019: [0mdrive_item is not exist!
[2026/09/10 18:06:23] [0;31m[ERROR] parse_tcl_led_stagespacetime:1039: [0muse default_ledstage: 0!!!
[2026/09/10 18:06:23] [0;31m[ERROR] parse_tcl_led_stagespacetime:1041: [0mset uenv led_stagespace : 0
[2026/09/10 18:06:23] 发送(hex): 03
[2026/09/10 18:06:23] device properties match:sid = "0"
[2026/09/10 18:06:23] 发送(hex): 0d
[2026/09/10 18:06:23] 发送(hex): 20
[2026/09/10 18:06:23] 发送(hex): 03
[2026/09/10 18:06:23] 发送(hex): 0d
[2026/09/10 18:06:23] 发送(hex): 20
[2026/09/10 18:06:23] 发送(hex): 03
[2026/09/10 18:06:23] 发送(hex): 0d
[2026/09/10 18:06:23] 发送(hex): 20
[2026/09/10 18:06:23] 发送(hex): 03
[2026/09/10 18:06:23] [0;31m[ERROR] get_data_separation_info:270: [0mRead ini file success !
[2026/09/10 18:06:23] 发送(hex): 0d
[2026/09/10 18:06:23] 发送(hex): 20
[2026/09/10 18:06:23] [0;31m[ERROR] To_parse_tcl_standby_qhb_support:234: [0mtcl_env_qhb = 0 or null or other,not support TCL  QHB
[2026/09/10 18:06:23] 发送(hex): 03
[2026/09/10 18:06:23] 发送(hex): 0d
[2026/09/10 18:06:23] 发送(hex): 20
[2026/09/10 18:06:23] 发送(hex): 03
[2026/09/10 18:06:23] 发送(hex): 0d
[2026/09/10 18:06:23] 发送(hex): 20
[2026/09/10 18:06:23] 发送(hex): 03
[2026/09/10 18:06:23] 发送(hex): 0d
[2026/09/10 18:06:23] 发送(hex): 20
[2026/09/10 18:06:23] 发送(hex): 03
[2026/09/10 18:06:23] 发送(hex): 0d
[2026/09/10 18:06:23] 发送(hex): 20
[2026/09/10 18:06:23] 发送(hex): 03
[2026/09/10 18:06:23] 发送(hex): 0d
[2026/09/10 18:06:23] 发送(hex): 20
[2026/09/10 18:06:23] 发送(hex): 03
[2026/09/10 18:06:23] 发送(hex): 0d
[2026/09/10 18:06:23] 发送(hex): 20
[2026/09/10 18:06:24] 发送(hex): 03
[2026/09/10 18:06:24] 发送(hex): 0d
[2026/09/10 18:06:24] 发送(hex): 20
[2026/09/10 18:06:24] 发送(hex): 03
[2026/09/10 18:06:24] 发送(hex): 0d
[2026/09/10 18:06:24] 发送(hex): 20
[2026/09/10 18:06:24] 发送(hex): 03
[2026/09/10 18:06:24] [0;31m[ERROR] dataindex_dtbo_overlay:644: [0m[DATAINDEX DTBO LOAD][start:1809][end:1897][total time:88]
[2026/09/10 18:06:24] 发送(hex): 0d
[2026/09/10 18:06:24] Model: MediaTek MT5896 RFB
[2026/09/10 18:06:24] Net:
[2026/09/10 18:06:24] 发送(hex): 20
[2026/09/10 18:06:24] 发送(hex): 03
[2026/09/10 18:06:24] 发送(hex): 0d
[2026/09/10 18:06:24] 发送(hex): 20
[2026/09/10 18:06:24] 发送(hex): 03
[2026/09/10 18:06:24] eth0: ethernet@1c700000
[2026/09/10 18:06:24] 发送(hex): 0d
[2026/09/10 18:06:24] 发送(hex): 20
[2026/09/10 18:06:24] 发送(hex): 03
[2026/09/10 18:06:24] 发送(hex): 0d
[2026/09/10 18:06:24] 发送(hex): 20
[2026/09/10 18:06:24] 发送(hex): 03
[2026/09/10 18:06:24] 发送(hex): 0d
[2026/09/10 18:06:24] 发送(hex): 20
[2026/09/10 18:06:24] 发送(hex): 03
[2026/09/10 18:06:24] 发送(hex): 0d
[2026/09/10 18:06:24] 发送(hex): 20
[2026/09/10 18:06:24] Booting(Working) pLedMode = LED_ON,pLightRate=80
[2026/09/10 18:06:24] slot:0 slot retry:0 a_corrupt:0 b_corrupt:0 successful:[1:0]
[2026/09/10 18:06:24] 00000000: 00 00 00 00 00 00 00 00 00 00 00 00 00 00 00 00    ................
[2026/09/10 18:06:24] 00000010: 00 00 00 00 00 00 00 00 00 00 00 00 00 00 00 00    ................
[2026/09/10 18:06:24] [0;31m[ERROR] get_boot_mode_from_partition:358: [0mdump  failed
[2026/09/10 18:06:24] androidboot boot reason = ac
[2026/09/10 18:06:24] Reboot reason == PM_BR_AC
[2026/09/10 18:06:24] upgrade status:done
[2026/09/10 18:06:24] [0;31m[ERROR] standby_mode_enter_standby:187: [0m[panic case]: no panic occur, normal deal
[2026/09/10 18:06:24] Normal booting mode!
[2026/09/10 18:06:24] 发送(hex): 03
[2026/09/10 18:06:24] 发送(hex): 0d
[2026/09/10 18:06:24] 发送(hex): 20
[2026/09/10 18:06:24] 发送(hex): 03
[2026/09/10 18:06:24] 发送(hex): 0d
[2026/09/10 18:06:24] 发送(hex): 20
[2026/09/10 18:06:24] 发送(hex): 03
[2026/09/10 18:06:24] [wei] mtk_panel_probe 991, PANEL LIB VER 5
[2026/09/10 18:06:24] [wei] BOOT_PNL_VERSION OLD
[2026/09/10 18:06:24] [0;31m[ERROR] standby_mode_enter_qhb:274: [0mThis PID   unsupport  TCL QHB !!!
[2026/09/10 18:06:24] 发送(hex): 0d
[2026/09/10 18:06:24] 发送(hex): 20
[2026/09/10 18:06:24] 发送(hex): 03
[2026/09/10 18:06:24] 发送(hex): 0d
[2026/09/10 18:06:24] 发送(hex): 20
[2026/09/10 18:06:24] 发送(hex): 03
[2026/09/10 18:06:24] [0;31m[ERROR] mtk_panel_init_device:998: [0m[BEFORE DEMURA][start:2134][end:2174][total time:40]
[2026/09/10 18:06:24] [0;31m[ERROR] mtk_panel_enable:1149: [0m
[2026/09/10 18:06:24] ---mtk_panel_enable:1149 Set mtk_panel_enable DelayTask 7
[2026/09/10 18:06:24] Hit any key to stop autoboot:  0  0
[2026/09/10 18:06:24] jump to console
[2026/09/10 18:06:24] disable DRM
[2026/09/10 18:06:24] =>  <INTERRUPT>
[2026/09/10 18:06:24] =>
[2026/09/10 18:06:24] =>  <INTERRUPT>
[2026/09/10 18:06:24] =>
[2026/09/10 18:06:24] =>  <INTERRUPT>
[2026/09/10 18:06:24] =>
[2026/09/10 18:06:24] =>  <INTERRUPT>
[2026/09/10 18:06:24] =>
[2026/09/10 18:06:24] =>  <INTERRUPT>
[2026/09/10 18:06:24] =>
[2026/09/10 18:06:24] =>  <INTERRUPT>
[2026/09/10 18:06:24] =>
[2026/09/10 18:06:24] =>  <INTERRUPT>
[2026/09/10 18:06:24] =>
[2026/09/10 18:06:24] =>  <INTERRUPT>
[2026/09/10 18:06:24] =>
[2026/09/10 18:06:24] =>  <INTERRUPT>
[2026/09/10 18:06:24] =>
[2026/09/10 18:06:24] =>
[2026/09/10 18:06:24] => <INTERRUPT>
[2026/09/10 18:06:24] =>
[2026/09/10 18:06:24] => <INTERRUPT>
[2026/09/10 18:06:24] =>
[2026/09/10 18:06:24] =>
[2026/09/10 18:06:24] 发送(hex): 0d
[2026/09/10 18:06:24] 发送(hex): 20
[2026/09/10 18:06:24] <INTERRUPT>
[2026/09/10 18:06:24] =>
[2026/09/10 18:06:24] 发送(hex): 03
[2026/09/10 18:06:24] =>
[2026/09/10 18:06:24] 发送(hex): 0d
[2026/09/10 18:06:24] 发送(hex): 20
[2026/09/10 18:06:24] <INTERRUPT>
[2026/09/10 18:06:24] =>
[2026/09/10 18:06:24] =
[2026/09/10 18:06:24] 发送(hex): 03
[2026/09/10 18:06:24] >
[2026/09/10 18:06:24] 发送(hex): 0d
[2026/09/10 18:06:24] 发送(hex): 20
[2026/09/10 18:06:24] <INTERRUPT>
[2026/09/10 18:06:24] =>
[2026/09/10 18:06:24] 发送(hex): 03
[2026/09/10 18:06:24] =>
[2026/09/10 18:06:24] 发送(hex): 0d
[2026/09/10 18:06:24] 发送(hex): 20
[2026/09/10 18:06:24] <INTERRUPT>
[2026/09/10 18:06:24] =>
[2026/09/10 18:06:24] 发送(hex): 03
[2026/09/10 18:06:24] =>
[2026/09/10 18:06:24] 发送(hex): 0d
[2026/09/10 18:06:24] 发送(hex): 20
[2026/09/10 18:06:24] <INTERRUPT>
[2026/09/10 18:06:24] =>
[2026/09/10 18:06:24] =>
[2026/09/10 18:06:24] 发送(hex): 03
[2026/09/10 18:06:24] 发送(hex): 0d
[2026/09/10 18:06:24] 发送(hex): 20
[2026/09/10 18:06:24] <INTERRUPT>
[2026/09/10 18:06:24] =>
[2026/09/10 18:06:24] 发送(hex): 03
[2026/09/10 18:06:24] =>
[2026/09/10 18:06:24] 发送(hex): 0d
[2026/09/10 18:06:24] 发送(hex): 20
[2026/09/10 18:06:24] <INTERRUPT>
[2026/09/10 18:06:24] =>
[2026/09/10 18:06:24] 发送(hex): 03
[2026/09/10 18:06:24] =>
[2026/09/10 18:06:24] 发送(hex): 0d
[2026/09/10 18:06:24] <INTERRUPT>
[2026/09/10 18:06:24] =>
[2026/09/10 18:06:24] 发送(hex): 20
[2026/09/10 18:06:24] 发送(hex): 03
[2026/09/10 18:06:24] =>
[2026/09/10 18:06:24] 发送(hex): 0d
[2026/09/10 18:06:24] <INTERRUPT>
[2026/09/10 18:06:24] =>
[2026/09/10 18:06:24] 发送(hex): 20
[2026/09/10 18:06:24] 发送(hex): 03
[2026/09/10 18:06:24] =>
[2026/09/10 18:06:24] 发送(hex): 0d
[2026/09/10 18:06:24] <INTERRUPT>
[2026/09/10 18:06:24] =>
[2026/09/10 18:06:24] 发送(hex): 20
[2026/09/10 18:06:24] 发送(hex): 03
[2026/09/10 18:06:24] =>
[2026/09/10 18:06:24] 发送(hex): 0d
[2026/09/10 18:06:24] <INTERRUPT>
[2026/09/10 18:06:24] =>
[2026/09/10 18:06:24] 发送(hex): 20
[2026/09/10 18:06:24] 发送(hex): 03
[2026/09/10 18:06:24] =>
[2026/09/10 18:06:24] 发送(hex): 0d
[2026/09/10 18:06:24] <INTERRUPT>
[2026/09/10 18:06:24] =>
[2026/09/10 18:06:24] 发送(hex): 20
[2026/09/10 18:06:24] 发送(hex): 03
[2026/09/10 18:06:24] =>
[2026/09/10 18:06:24] 发送(hex): 0d
[2026/09/10 18:06:24] <INTERRUPT>
[2026/09/10 18:06:24] =>
[2026/09/10 18:06:24] 发送(hex): 20
[2026/09/10 18:06:24] 发送(hex): 03
[2026/09/10 18:06:24] =>
[2026/09/10 18:06:24] 发送(hex): 0d
[2026/09/10 18:06:24] <INTERRUPT>
[2026/09/10 18:06:24] =>
[2026/09/10 18:06:24] 发送(hex): 20
[2026/09/10 18:06:24] 发送(hex): 03
[2026/09/10 18:06:24] =>
[2026/09/10 18:06:24] 发送(hex): 0d
[2026/09/10 18:06:24] <INTERRUPT>
[2026/09/10 18:06:24] =>
[2026/09/10 18:06:24] 发送(hex): 20
[2026/09/10 18:06:24] 发送(hex): 03
[2026/09/10 18:06:24] =>
[2026/09/10 18:06:24] 发送(hex): 0d
[2026/09/10 18:06:24] <INTERRUPT>
[2026/09/10 18:06:24] =>
[2026/09/10 18:06:24] 发送(hex): 20
[2026/09/10 18:06:24] 发送(hex): 03
[2026/09/10 18:06:24] =>
[2026/09/10 18:06:24] 发送(hex): 0d
[2026/09/10 18:06:24] <INTERRUPT>
[2026/09/10 18:06:24] =>
[2026/09/10 18:06:24] 发送(hex): 20
[2026/09/10 18:06:24] 发送(hex): 03
[2026/09/10 18:06:24] =>
[2026/09/10 18:06:24] 发送(hex): 0d
[2026/09/10 18:06:24] <INTERRUPT>
[2026/09/10 18:06:24] =>
[2026/09/10 18:06:24] 发送(hex): 20
[2026/09/10 18:06:24] 发送(hex): 03
[2026/09/10 18:06:24] =>
[2026/09/10 18:06:24] 发送(hex): 0d
[2026/09/10 18:06:24] <INTERRUPT>
[2026/09/10 18:06:24] =>
[2026/09/10 18:06:24] 发送(hex): 20
[2026/09/10 18:06:24] 发送(hex): 03
[2026/09/10 18:06:24] =>
[2026/09/10 18:06:25] 发送(hex): 0d
[2026/09/10 18:06:25] <INTERRUPT>
[2026/09/10 18:06:25] =>
[2026/09/10 18:06:25] 发送(hex): 20
[2026/09/10 18:06:25] 发送(hex): 03
[2026/09/10 18:06:25] =>
[2026/09/10 18:06:25] 发送(hex): 0d
[2026/09/10 18:06:25] <INTERRUPT>
[2026/09/10 18:06:25] =>
[2026/09/10 18:06:25] 发送(hex): 20
[2026/09/10 18:06:25] 发送(hex): 03
[2026/09/10 18:06:25] =>
[2026/09/10 18:06:25] 发送(hex): 0d
[2026/09/10 18:06:25] <INTERRUPT>
[2026/09/10 18:06:25] =>
[2026/09/10 18:06:25] 发送(hex): 20
[2026/09/10 18:06:25] 发送(hex): 03
[2026/09/10 18:06:25] =>
[2026/09/10 18:06:25] 发送(hex): 0d
[2026/09/10 18:06:25] <INTERRUPT>
[2026/09/10 18:06:25] =>
[2026/09/10 18:06:25] 发送(hex): 20
[2026/09/10 18:06:25] 发送(hex): 03
[2026/09/10 18:06:25] =>
[2026/09/10 18:06:25] 发送(hex): 0d
[2026/09/10 18:06:25] <INTERRUPT>
[2026/09/10 18:06:25] =>
[2026/09/10 18:06:25] 发送(hex): 20
[2026/09/10 18:06:25] 发送(hex): 03
[2026/09/10 18:06:25] =>
[2026/09/10 18:06:25] 发送(hex): 0d
[2026/09/10 18:06:25] <INTERRUPT>
[2026/09/10 18:06:25] =>
[2026/09/10 18:06:25] 发送(hex): 20
[2026/09/10 18:06:25] 发送(hex): 03
[2026/09/10 18:06:25] =>
[2026/09/10 18:06:25] 发送(hex): 0d
[2026/09/10 18:06:25] <INTERRUPT>
[2026/09/10 18:06:25] =>
[2026/09/10 18:06:25] 发送(hex): 20
[2026/09/10 18:06:25] 发送(hex): 03
[2026/09/10 18:06:25] =>
[2026/09/10 18:06:25] 发送(hex): 0d
[2026/09/10 18:06:25] <INTERRUPT>
[2026/09/10 18:06:25] =>
[2026/09/10 18:06:25] 发送(hex): 20
[2026/09/10 18:06:25] 发送(hex): 03
[2026/09/10 18:06:25] =>
[2026/09/10 18:06:25] 发送(hex): 0d
[2026/09/10 18:06:25] <INTERRUPT>
[2026/09/10 18:06:25] =>
[2026/09/10 18:06:25] 发送(hex): 20
[2026/09/10 18:06:25] 发送(hex): 03
[2026/09/10 18:06:25] =>
[2026/09/10 18:06:25] 发送(hex): 0d
[2026/09/10 18:06:25] <INTERRUPT>
[2026/09/10 18:06:25] =>
[2026/09/10 18:06:25] 发送(hex): 20
[2026/09/10 18:06:25] 发送(hex): 03
[2026/09/10 18:06:25] =>
[2026/09/10 18:06:25] 发送(hex): 0d
[2026/09/10 18:06:25] <INTERRUPT>
[2026/09/10 18:06:25] =>
[2026/09/10 18:06:25] 发送(hex): 20
[2026/09/10 18:06:25] 发送(hex): 03
[2026/09/10 18:06:25] =>
[2026/09/10 18:06:25] 发送(hex): 0d
[2026/09/10 18:06:25] <INTERRUPT>
[2026/09/10 18:06:25] =>
[2026/09/10 18:06:25] 发送(hex): 20
[2026/09/10 18:06:25] 发送(hex): 03
[2026/09/10 18:06:25] =>
[2026/09/10 18:06:25] 发送(hex): 0d
[2026/09/10 18:06:25] <INTERRUPT>
[2026/09/10 18:06:25] =>
[2026/09/10 18:06:25] 发送(hex): 20
[2026/09/10 18:06:25] =>
[2026/09/10 18:06:25] 发送(hex): 03
[2026/09/10 18:06:25] 发送(hex): 0d
[2026/09/10 18:06:25] <INTERRUPT>
[2026/09/10 18:06:25] =>
[2026/09/10 18:06:25] 发送(hex): 20
[2026/09/10 18:06:25] =>
[2026/09/10 18:06:25] 发送(hex): 03
[2026/09/10 18:06:25] 发送(hex): 0d
[2026/09/10 18:06:25] <INTERRUPT>
[2026/09/10 18:06:25] =>
[2026/09/10 18:06:25] 发送(hex): 20
[2026/09/10 18:06:25] =>
[2026/09/10 18:06:25] 发送(hex): 03
[2026/09/10 18:06:25] 发送(hex): 0d
[2026/09/10 18:06:25] <INTERRUPT>
[2026/09/10 18:06:25] =>
[2026/09/10 18:06:25] 发送(hex): 20
[2026/09/10 18:06:25] =>
[2026/09/10 18:06:25] 发送(hex): 03
[2026/09/10 18:06:25] 发送(hex): 0d
[2026/09/10 18:06:25] <INTERRUPT>
[2026/09/10 18:06:25] =>
[2026/09/10 18:06:25] 发送(hex): 20
[2026/09/10 18:06:25] =>
[2026/09/10 18:06:25] 发送(hex): 03
[2026/09/10 18:06:25] 发送(hex): 0d
[2026/09/10 18:06:25] <INTERRUPT>
[2026/09/10 18:06:25] 发送(hex): 20
[2026/09/10 18:06:25] =>
[2026/09/10 18:06:25] =>
[2026/09/10 18:06:25] 发送(hex): 03
[2026/09/10 18:06:25] 发送(hex): 0d
[2026/09/10 18:06:25] 发送(hex): 20
[2026/09/10 18:06:25] <INTERRUPT>
[2026/09/10 18:06:25] =>
[2026/09/10 18:06:25] =>
[2026/09/10 18:06:25] 发送(hex): 03
[2026/09/10 18:06:25] 发送(hex): 0d
[2026/09/10 18:06:25] 发送(hex): 20
[2026/09/10 18:06:25] <INTERRUPT>
[2026/09/10 18:06:25] =>
[2026/09/10 18:06:25] =>
[2026/09/10 18:06:25] 发送(hex): 03
[2026/09/10 18:06:25] 发送(hex): 0d
[2026/09/10 18:06:25] 发送(hex): 20
[2026/09/10 18:06:25] <INTERRUPT>
[2026/09/10 18:06:25] =>
[2026/09/10 18:06:25] =>
[2026/09/10 18:06:25] 发送(hex): 03
[2026/09/10 18:06:25] 发送(hex): 0d
[2026/09/10 18:06:25] 发送(hex): 20
[2026/09/10 18:06:25] <INTERRUPT>
[2026/09/10 18:06:25] =>
[2026/09/10 18:06:25] =
[2026/09/10 18:06:25] 发送(hex): 03
[2026/09/10 18:06:25] >
[2026/09/10 18:06:25] 发送(hex): 0d
[2026/09/10 18:06:25] <INTERRUPT>
[2026/09/10 18:06:25] =>
[2026/09/10 18:06:25] 发送(hex): 20
[2026/09/10 18:06:25] 发送(hex): 03
[2026/09/10 18:06:25] =>
[2026/09/10 18:06:25] 发送(hex): 0d
[2026/09/10 18:06:25] <INTERRUPT>
[2026/09/10 18:06:25] =>
[2026/09/10 18:06:25] 发送(hex): 20
[2026/09/10 18:06:25] 发送(hex): 03
[2026/09/10 18:06:25] =>
[2026/09/10 18:06:25] 发送(hex): 0d
[2026/09/10 18:06:25] <INTERRUPT>
[2026/09/10 18:06:25] =>
[2026/09/10 18:06:25] 发送(hex): 20
[2026/09/10 18:06:25] 发送(hex): 03
[2026/09/10 18:06:25] =>
[2026/09/10 18:06:25] 发送(hex): 0d
[2026/09/10 18:06:25] <INTERRUPT>
[2026/09/10 18:06:25] =>
[2026/09/10 18:06:25] 发送(hex): 20
[2026/09/10 18:06:25] 发送(hex): 03
[2026/09/10 18:06:25] =>
[2026/09/10 18:06:25] 发送(hex): 0d
[2026/09/10 18:06:25] <INTERRUPT>
[2026/09/10 18:06:25] =>
[2026/09/10 18:06:25] 发送(hex): 20
[2026/09/10 18:06:25] =>
[2026/09/10 18:06:25] 发送(hex): 03
[2026/09/10 18:06:25] 发送(hex): 0d
[2026/09/10 18:06:25] <INTERRUPT>
[2026/09/10 18:06:25] =>
[2026/09/10 18:06:25] 发送(hex): 20
[2026/09/10 18:06:25] =>
[2026/09/10 18:06:25] 发送(hex): 03
[2026/09/10 18:06:25] 发送(hex): 0d
[2026/09/10 18:06:25] <INTERRUPT>
[2026/09/10 18:06:25] =>
[2026/09/10 18:06:25] 发送(hex): 20
[2026/09/10 18:06:25] =>
[2026/09/10 18:06:25] 发送(hex): 03
[2026/09/10 18:06:25] 发送(hex): 0d
[2026/09/10 18:06:25] <INTERRUPT>
[2026/09/10 18:06:25] =>
[2026/09/10 18:06:25] 发送(hex): 20
[2026/09/10 18:06:25] =>
[2026/09/10 18:06:25] 发送(hex): 03
[2026/09/10 18:06:25] 发送(hex): 0d
[2026/09/10 18:06:25] <INTERRUPT>
[2026/09/10 18:06:26] 发送(hex): 20
[2026/09/10 18:06:26] =>
[2026/09/10 18:06:26] =>
[2026/09/10 18:06:26] 发送(hex): 03
[2026/09/10 18:06:26] 发送(hex): 0d
[2026/09/10 18:06:26] 发送(hex): 20
[2026/09/10 18:06:26] <INTERRUPT>
[2026/09/10 18:06:26] =>
[2026/09/10 18:06:26] =>
[2026/09/10 18:06:26] 发送(hex): 03
[2026/09/10 18:06:26] 发送(hex): 0d
[2026/09/10 18:06:26] 发送(hex): 20
[2026/09/10 18:06:26] <INTERRUPT>
[2026/09/10 18:06:26] =>
[2026/09/10 18:06:26] =>
[2026/09/10 18:06:26] 发送(hex): 03
[2026/09/10 18:06:26] 发送(hex): 0d
[2026/09/10 18:06:26] 发送(hex): 20
[2026/09/10 18:06:26] <INTERRUPT>
[2026/09/10 18:06:26] =>
[2026/09/10 18:06:26] =>
[2026/09/10 18:06:26] 发送(hex): 03
[2026/09/10 18:06:26] 发送(hex): 0d
[2026/09/10 18:06:26] <INTERRUPT>
[2026/09/10 18:06:26] =>
[2026/09/10 18:06:26] 发送(hex): 20
[2026/09/10 18:06:26] 发送(hex): 03
[2026/09/10 18:06:26] =>
[2026/09/10 18:06:26] 发送(hex): 0d
[2026/09/10 18:06:26] <INTERRUPT>
[2026/09/10 18:06:26] =>
[2026/09/10 18:06:26] 发送(hex): 20
[2026/09/10 18:06:26] 发送(hex): 03
[2026/09/10 18:06:26] =>
[2026/09/10 18:06:26] 发送(hex): 0d
[2026/09/10 18:06:26] <INTERRUPT>
[2026/09/10 18:06:26] =>
[2026/09/10 18:06:26] 发送(hex): 20
[2026/09/10 18:06:26] 发送(hex): 03
[2026/09/10 18:06:26] =>
[2026/09/10 18:06:26] 发送(hex): 0d
[2026/09/10 18:06:26] <INTERRUPT>
[2026/09/10 18:06:26] =>
[2026/09/10 18:06:26] 发送(hex): 20
[2026/09/10 18:06:26] 发送(hex): 03
[2026/09/10 18:06:26] =>
[2026/09/10 18:06:26] 发送(hex): 0d
[2026/09/10 18:06:26] <INTERRUPT>
[2026/09/10 18:06:26] =>
[2026/09/10 18:06:26] 发送(hex): 20
[2026/09/10 18:06:26] =>
[2026/09/10 18:06:26] 发送(hex): 03
[2026/09/10 18:06:26] 发送(hex): 0d
[2026/09/10 18:06:26] <INTERRUPT>
[2026/09/10 18:06:26] =>
[2026/09/10 18:06:26] =>
[2026/09/10 18:06:26] 发送(hex): 20
[2026/09/10 18:06:26] 发送(hex): 03
[2026/09/10 18:06:26] 发送(hex): 0d
[2026/09/10 18:06:26] <INTERRUPT>
[2026/09/10 18:06:26] =>
[2026/09/10 18:06:26] 发送(hex): 20
[2026/09/10 18:06:26] =>
[2026/09/10 18:06:26] 发送(hex): 03
[2026/09/10 18:06:26] 发送(hex): 0d
[2026/09/10 18:06:26] <INTERRUPT>
[2026/09/10 18:06:26] =>
[2026/09/10 18:06:26] 发送(hex): 20
[2026/09/10 18:06:26] =>
[2026/09/10 18:06:26] 发送(hex): 03
[2026/09/10 18:06:26] 发送(hex): 0d
[2026/09/10 18:06:26] <INTERRUPT>
[2026/09/10 18:06:26] =>
[2026/09/10 18:06:26] 发送(hex): 20
[2026/09/10 18:06:26] =>
[2026/09/10 18:06:26] 发送(hex): 03
[2026/09/10 18:06:26] 发送(hex): 0d
[2026/09/10 18:06:26] 发送(hex): 20
[2026/09/10 18:06:26] <INTERRUPT>
[2026/09/10 18:06:26] =>
[2026/09/10 18:06:26] =>
[2026/09/10 18:06:26] 发送(hex): 03
[2026/09/10 18:06:26] 发送(hex): 0d
[2026/09/10 18:06:26] 发送(hex): 20
[2026/09/10 18:06:26] <INTERRUPT>
[2026/09/10 18:06:26] =>
[2026/09/10 18:06:26] =>
[2026/09/10 18:06:26] 发送(hex): 03
[2026/09/10 18:06:26] 发送(hex): 0d
[2026/09/10 18:06:26] 发送(hex): 20
[2026/09/10 18:06:26] <INTERRUPT>
[2026/09/10 18:06:26] =>
[2026/09/10 18:06:26] =>
[2026/09/10 18:06:26] 发送(hex): 03
[2026/09/10 18:06:26] 发送(hex): 0d
[2026/09/10 18:06:26] 发送(hex): 20
[2026/09/10 18:06:26] <INTERRUPT>
[2026/09/10 18:06:26] =>
[2026/09/10 18:06:26] =>
[2026/09/10 18:06:26] 发送(hex): 03
[2026/09/10 18:06:26] 发送(hex): 0d
[2026/09/10 18:06:26] 发送(hex): 20
[2026/09/10 18:06:26] <INTERRUPT>
[2026/09/10 18:06:26] =>
[2026/09/10 18:06:26] =>
[2026/09/10 18:06:26] 发送(hex): 03
[2026/09/10 18:06:26] 发送(hex): 0d
[2026/09/10 18:06:26] 发送(hex): 20
[2026/09/10 18:06:26] <INTERRUPT>
[2026/09/10 18:06:26] =>
[2026/09/10 18:06:26] =>
[2026/09/10 18:06:26] 发送(hex): 03
[2026/09/10 18:06:26] 发送(hex): 0d
[2026/09/10 18:06:26] 发送(hex): 20
[2026/09/10 18:06:26] <INTERRUPT>
[2026/09/10 18:06:26] =>
[2026/09/10 18:06:26] =
[2026/09/10 18:06:26] 发送(hex): 03
[2026/09/10 18:06:26] >
[2026/09/10 18:06:26] 发送(hex): 0d
[2026/09/10 18:06:26] 发送(hex): 20
[2026/09/10 18:06:26] <INTERRUPT>
[2026/09/10 18:06:26] =>
[2026/09/10 18:06:26] =
[2026/09/10 18:06:26] 发送(hex): 03
[2026/09/10 18:06:26] >
[2026/09/10 18:06:26] 发送(hex): 0d
[2026/09/10 18:06:26] <INTERRUPT>
[2026/09/10 18:06:26] =>
[2026/09/10 18:06:26] 发送(hex): 20
[2026/09/10 18:06:26] 发送(hex): 03
[2026/09/10 18:06:26] =>
[2026/09/10 18:06:26] 发送(hex): 0d
[2026/09/10 18:06:26] <INTERRUPT>
[2026/09/10 18:06:26] =>
[2026/09/10 18:06:26] 发送(hex): 20
[2026/09/10 18:06:26] 发送(hex): 03
[2026/09/10 18:06:26] =>
[2026/09/10 18:06:26] 发送(hex): 0d
[2026/09/10 18:06:26] <INTERRUPT>
[2026/09/10 18:06:26] =>
[2026/09/10 18:06:26] 发送(hex): 20
[2026/09/10 18:06:26] 发送(hex): 03
[2026/09/10 18:06:26] =>
[2026/09/10 18:06:26] 发送(hex): 0d
[2026/09/10 18:06:26] <INTERRUPT>
[2026/09/10 18:06:26] =>
[2026/09/10 18:06:26] 发送(hex): 20
[2026/09/10 18:06:26] 发送(hex): 03
[2026/09/10 18:06:26] =>
[2026/09/10 18:06:26] 发送(hex): 0d
[2026/09/10 18:06:26] <INTERRUPT>
[2026/09/10 18:06:26] =>
[2026/09/10 18:06:26] 发送(hex): 20
[2026/09/10 18:06:26] 发送(hex): 03
[2026/09/10 18:06:26] =>
[2026/09/10 18:06:26] 发送(hex): 0d
[2026/09/10 18:06:26] <INTERRUPT>
[2026/09/10 18:06:26] =>
[2026/09/10 18:06:26] 发送(hex): 20
[2026/09/10 18:06:26] 发送(hex): 03
[2026/09/10 18:06:26] =>
[2026/09/10 18:06:26] 发送(hex): 0d
[2026/09/10 18:06:26] <INTERRUPT>
[2026/09/10 18:06:26] =>
[2026/09/10 18:06:26] 发送(hex): 20
[2026/09/10 18:06:26] =>
[2026/09/10 18:06:26] 发送(hex): 03
[2026/09/10 18:06:26] 发送(hex): 0d
[2026/09/10 18:06:26] <INTERRUPT>
[2026/09/10 18:06:26] =>
[2026/09/10 18:06:26] 发送(hex): 20
[2026/09/10 18:06:26] =>
[2026/09/10 18:06:26] 发送(hex): 03
[2026/09/10 18:06:26] 发送(hex): 0d
[2026/09/10 18:06:26] <INTERRUPT>
[2026/09/10 18:06:26] =>
[2026/09/10 18:06:26] 发送(hex): 20
[2026/09/10 18:06:26] =>
[2026/09/10 18:06:26] 发送(hex): 03
[2026/09/10 18:06:26] 发送(hex): 0d
[2026/09/10 18:06:26] <INTERRUPT>
[2026/09/10 18:06:26] =>
[2026/09/10 18:06:27] 发送(hex): 20
[2026/09/10 18:06:27] =>
[2026/09/10 18:06:27] 发送(hex): 03
[2026/09/10 18:06:27] 发送(hex): 0d
[2026/09/10 18:06:27] <INTERRUPT>
[2026/09/10 18:06:27] =>
[2026/09/10 18:06:27] 发送(hex): 20
[2026/09/10 18:06:27] =>
[2026/09/10 18:06:27] 发送(hex): 03
[2026/09/10 18:06:27] 发送(hex): 0d
[2026/09/10 18:06:27] <INTERRUPT
[2026/09/10 18:06:27] 发送(hex): 20
[2026/09/10 18:06:27] >
[2026/09/10 18:06:27] =>
[2026/09/10 18:06:27] =>
[2026/09/10 18:06:27] 发送(hex): 03
[2026/09/10 18:06:27] 发送(hex): 0d
[2026/09/10 18:06:27] <I
[2026/09/10 18:06:27] 发送(hex): 20
[2026/09/10 18:06:27] NTERRUPT>
[2026/09/10 18:06:27] =>
[2026/09/10 18:06:27] =>
[2026/09/10 18:06:27] 发送(hex): 03
[2026/09/10 18:06:27] 发送(hex): 0d
[2026/09/10 18:06:27] 发送(hex): 20
[2026/09/10 18:06:27] <INTERRUPT>
[2026/09/10 18:06:27] =>
[2026/09/10 18:06:27] =>
[2026/09/10 18:06:27] 发送(hex): 03
[2026/09/10 18:06:27] 发送(hex): 0d
[2026/09/10 18:06:27] 发送(hex): 20
[2026/09/10 18:06:27] <INTERRUPT>
[2026/09/10 18:06:27] =>
[2026/09/10 18:06:27] =>
[2026/09/10 18:06:27] 发送(hex): 03
[2026/09/10 18:06:27] 发送(hex): 0d
[2026/09/10 18:06:27] 发送(hex): 20
[2026/09/10 18:06:27] <INTERRUPT>
[2026/09/10 18:06:27] =>
[2026/09/10 18:06:27] =>
[2026/09/10 18:06:27] 发送(hex): 03
[2026/09/10 18:06:27] 发送(hex): 0d
[2026/09/10 18:06:27] 发送(hex): 20
[2026/09/10 18:06:27] <INTERRUPT>
[2026/09/10 18:06:27] =>
[2026/09/10 18:06:27] =>
[2026/09/10 18:06:27] 发送(hex): 03
[2026/09/10 18:06:27] 发送(hex): 0d
[2026/09/10 18:06:27] <INTERRUPT>
[2026/09/10 18:06:27] =>
[2026/09/10 18:06:27] 发送(hex): 20
[2026/09/10 18:06:27] 发送(hex): 03
[2026/09/10 18:06:27] =>
[2026/09/10 18:06:27] 发送(hex): 0d
[2026/09/10 18:06:27] <INTERRUPT>
[2026/09/10 18:06:27] =>
[2026/09/10 18:06:27] 发送(hex): 20
[2026/09/10 18:06:27] 发送(hex): 03
[2026/09/10 18:06:27] =>
[2026/09/10 18:06:27] 发送(hex): 0d
[2026/09/10 18:06:27] <INTERRUPT>
[2026/09/10 18:06:27] =>
[2026/09/10 18:06:27] 发送(hex): 20
[2026/09/10 18:06:27] 发送(hex): 03
[2026/09/10 18:06:27] =>
[2026/09/10 18:06:27] 发送(hex): 0d
[2026/09/10 18:06:27] <INTERRUPT>
[2026/09/10 18:06:27] =>
[2026/09/10 18:06:27] 发送(hex): 20
[2026/09/10 18:06:27] 发送(hex): 03
[2026/09/10 18:06:27] =>
[2026/09/10 18:06:27] 发送(hex): 0d
[2026/09/10 18:06:27] <INTERRUPT>
[2026/09/10 18:06:27] =>
[2026/09/10 18:06:27] 发送(hex): 20
[2026/09/10 18:06:27] 发送(hex): 03
[2026/09/10 18:06:27] =>
[2026/09/10 18:06:27] 发送(hex): 0d
[2026/09/10 18:06:27] <INTERRUPT>
[2026/09/10 18:06:27] =>
[2026/09/10 18:06:27] 发送(hex): 20
[2026/09/10 18:06:27] =>
[2026/09/10 18:06:27] 发送(hex): 03
[2026/09/10 18:06:27] 发送(hex): 0d
[2026/09/10 18:06:27] <INTERRUPT>
[2026/09/10 18:06:27] =>
[2026/09/10 18:06:27] 发送(hex): 20
[2026/09/10 18:06:27] =>
[2026/09/10 18:06:27] 发送(hex): 03
[2026/09/10 18:06:27] 发送(hex): 0d
[2026/09/10 18:06:27] <INTERRUPT>
[2026/09/10 18:06:27] =>
[2026/09/10 18:06:27] 发送(hex): 20
[2026/09/10 18:06:27] =>
[2026/09/10 18:06:27] 发送(hex): 03
[2026/09/10 18:06:27] 发送(hex): 0d
[2026/09/10 18:06:27] <INTERRUPT>
[2026/09/10 18:06:27] =>
[2026/09/10 18:06:27] 发送(hex): 20
[2026/09/10 18:06:27] =>
[2026/09/10 18:06:27] 发送(hex): 03
[2026/09/10 18:06:27] 发送(hex): 0d
[2026/09/10 18:06:27] <INTERRUPT>
[2026/09/10 18:06:27] =>
[2026/09/10 18:06:27] 发送(hex): 20
[2026/09/10 18:06:27] =>
[2026/09/10 18:06:27] 发送(hex): 03
[2026/09/10 18:06:27] 发送(hex): 0d
[2026/09/10 18:06:27] <INTERRUPT>
[2026/09/10 18:06:27] =>
[2026/09/10 18:06:27] 发送(hex): 20
[2026/09/10 18:06:27] =>
[2026/09/10 18:06:27] 发送(hex): 03
[2026/09/10 18:06:27] 发送(hex): 0d
[2026/09/10 18:06:27] 发送(hex): 20
[2026/09/10 18:06:27] <INTERRUPT>
[2026/09/10 18:06:27] =>
[2026/09/10 18:06:27] =>
[2026/09/10 18:06:27] 发送(hex): 03
[2026/09/10 18:06:27] 发送(hex): 0d
[2026/09/10 18:06:27] <INTERRUPT>
[2026/09/10 18:06:27] =>
[2026/09/10 18:06:27] 发送(hex): 20
[2026/09/10 18:06:27] 发送(hex): 03
[2026/09/10 18:06:27] =>
[2026/09/10 18:06:27] 发送(hex): 0d
[2026/09/10 18:06:27] <INTERRUPT>
[2026/09/10 18:06:27] =>
[2026/09/10 18:06:27] 发送(hex): 20
[2026/09/10 18:06:27] 发送(hex): 03
[2026/09/10 18:06:27] =>
[2026/09/10 18:06:27] 发送(hex): 0d
[2026/09/10 18:06:27] <INTERRUPT>
[2026/09/10 18:06:27] =>
[2026/09/10 18:06:27] 发送(hex): 20
[2026/09/10 18:06:27] 发送(hex): 03
[2026/09/10 18:06:27] =>
[2026/09/10 18:06:27] 发送(hex): 0d
[2026/09/10 18:06:27] <INTERRUPT>
[2026/09/10 18:06:27] =>
[2026/09/10 18:06:27] 发送(hex): 20
[2026/09/10 18:06:27] 发送(hex): 03
[2026/09/10 18:06:27] =>
[2026/09/10 18:06:27] 发送(hex): 0d
[2026/09/10 18:06:27] <INTERRUPT>
[2026/09/10 18:06:27] =>
[2026/09/10 18:06:27] 发送(hex): 20
[2026/09/10 18:06:27] 发送(hex): 03
[2026/09/10 18:06:27] =>
[2026/09/10 18:06:27] 发送(hex): 0d
[2026/09/10 18:06:27] <INTERRUPT>
[2026/09/10 18:06:27] =>
[2026/09/10 18:06:27] 发送(hex): 20
[2026/09/10 18:06:27] =>
[2026/09/10 18:06:27] 发送(hex): 03
[2026/09/10 18:06:27] 发送(hex): 0d
[2026/09/10 18:06:27] <INTERRUPT>
[2026/09/10 18:06:27] =>
[2026/09/10 18:06:27] 发送(hex): 20
[2026/09/10 18:06:27] =>
[2026/09/10 18:06:27] 发送(hex): 03
[2026/09/10 18:06:27] 发送(hex): 0d
[2026/09/10 18:06:27] <INTERRUPT>
[2026/09/10 18:06:27] =>
[2026/09/10 18:06:27] 发送(hex): 20
[2026/09/10 18:06:27] =>
[2026/09/10 18:06:27] 发送(hex): 03
[2026/09/10 18:06:27] 发送(hex): 0d
[2026/09/10 18:06:27] 发送(hex): 20
[2026/09/10 18:06:27] <INTERRUPT>
[2026/09/10 18:06:27] =>
[2026/09/10 18:06:27] =>
[2026/09/10 18:06:27] 发送(hex): 03
[2026/09/10 18:06:27] 发送(hex): 0d
[2026/09/10 18:06:27] 发送(hex): 20
[2026/09/10 18:06:27] <INTERRUPT>
[2026/09/10 18:06:27] =>
[2026/09/10 18:06:27] =>
[2026/09/10 18:06:27] 发送(hex): 03
[2026/09/10 18:06:27] 发送(hex): 0d
[2026/09/10 18:06:28] 发送(hex): 20
[2026/09/10 18:06:28] <INTERRUPT>
[2026/09/10 18:06:28] =>
[2026/09/10 18:06:28] =>
[2026/09/10 18:06:28] 发送(hex): 03
[2026/09/10 18:06:28] 发送(hex): 0d
[2026/09/10 18:06:28] <INTERRUPT>
[2026/09/10 18:06:28] =>
[2026/09/10 18:06:28] 发送(hex): 20
[2026/09/10 18:06:28] =>
[2026/09/10 18:06:28] 发送(hex): 03
[2026/09/10 18:06:28] 发送(hex): 0d
[2026/09/10 18:06:28] <INTERRUPT>
[2026/09/10 18:06:28] =>
[2026/09/10 18:06:28] 发送(hex): 20
[2026/09/10 18:06:28] =>
[2026/09/10 18:06:28] 发送(hex): 03
[2026/09/10 18:06:28] 发送(hex): 0d
[2026/09/10 18:06:28] <
[2026/09/10 18:06:28] 发送(hex): 20
[2026/09/10 18:06:28] INTERRUPT>
[2026/09/10 18:06:28] =>
[2026/09/10 18:06:28] =>
[2026/09/10 18:06:28] 发送(hex): 03
[2026/09/10 18:06:28] 发送(hex): 0d
[2026/09/10 18:06:28] 发送(hex): 20
[2026/09/10 18:06:28] <INTERRUPT>
[2026/09/10 18:06:28] =>
[2026/09/10 18:06:28] =>
[2026/09/10 18:06:28] 发送(hex): 03
[2026/09/10 18:06:28] 发送(hex): 0d
[2026/09/10 18:06:28] <INTERRUPT>
[2026/09/10 18:06:28] =>
[2026/09/10 18:06:28] =>
[2026/09/10 18:06:28] 发送(hex): 20
[2026/09/10 18:06:28] 发送(hex): 03
[2026/09/10 18:06:28] 发送(hex): 0d
[2026/09/10 18:06:28] <INTERRUPT>
[2026/09/10 18:06:28] =>
[2026/09/10 18:06:28] 发送(hex): 20
[2026/09/10 18:06:28] 发送(hex): 03
[2026/09/10 18:06:28] =>
[2026/09/10 18:06:28] 发送(hex): 0d
[2026/09/10 18:06:28] <INTERRUPT>
[2026/09/10 18:06:28] =>
[2026/09/10 18:06:28] 发送(hex): 20
[2026/09/10 18:06:28] =>
[2026/09/10 18:06:28] 发送(hex): 03
[2026/09/10 18:06:28] 发送(hex): 0d
[2026/09/10 18:06:28] <INTERRUPT>
[2026/09/10 18:06:28] =>
[2026/09/10 18:06:28] 发送(hex): 20
[2026/09/10 18:06:28] =>
[2026/09/10 18:06:28] 发送(hex): 03
[2026/09/10 18:06:28] 发送(hex): 0d
[2026/09/10 18:06:28] <INTERRUPT>
[2026/09/10 18:06:28] =>
[2026/09/10 18:06:28] 发送(hex): 20
[2026/09/10 18:06:28] =>
[2026/09/10 18:06:28] 发送(hex): 03
[2026/09/10 18:06:28] 发送(hex): 0d
[2026/09/10 18:06:28] <INTERRUPT>
[2026/09/10 18:06:28] =>
[2026/09/10 18:06:28] 发送(hex): 20
[2026/09/10 18:06:28] =>
[2026/09/10 18:06:28] 发送(hex): 03
[2026/09/10 18:06:28] 发送(hex): 0d
[2026/09/10 18:06:28] <INTERRUPT>
[2026/09/10 18:06:28] =>
[2026/09/10 18:06:28] 发送(hex): 20
[2026/09/10 18:06:28] =>
[2026/09/10 18:06:28] 发送(hex): 03
[2026/09/10 18:06:28] 发送(hex): 0d
[2026/09/10 18:06:28] <INTERR
[2026/09/10 18:06:28] 发送(hex): 20
[2026/09/10 18:06:28] UPT>
[2026/09/10 18:06:28] =>
[2026/09/10 18:06:28] =>
[2026/09/10 18:06:28] 发送(hex): 03
[2026/09/10 18:06:28] 发送(hex): 0d
[2026/09/10 18:06:28] 发送(hex): 20
[2026/09/10 18:06:28] <INTERRUPT>
[2026/09/10 18:06:28] =>
[2026/09/10 18:06:28] =>
[2026/09/10 18:06:28] 发送(hex): 03
[2026/09/10 18:06:28] 发送(hex): 0d
[2026/09/10 18:06:28] 发送(hex): 20
[2026/09/10 18:06:28] <INTERRUPT>
[2026/09/10 18:06:28] =>
[2026/09/10 18:06:28] =>
[2026/09/10 18:06:28] 发送(hex): 03
[2026/09/10 18:06:28] 发送(hex): 0d
[2026/09/10 18:06:28] 发送(hex): 20
[2026/09/10 18:06:28] <INTERRUPT>
[2026/09/10 18:06:28] =>
[2026/09/10 18:06:28] =>
[2026/09/10 18:06:28] 发送(hex): 03
[2026/09/10 18:06:28] 发送(hex): 0d
[2026/09/10 18:06:28] 发送(hex): 20
[2026/09/10 18:06:28] <INTERRUPT>
[2026/09/10 18:06:28] =>
[2026/09/10 18:06:28] =>
[2026/09/10 18:06:28] 发送(hex): 03
[2026/09/10 18:06:28] 发送(hex): 0d
[2026/09/10 18:06:28] 发送(hex): 20
[2026/09/10 18:06:28] <INTERRUPT>
[2026/09/10 18:06:28] =>
[2026/09/10 18:06:28] =>
[2026/09/10 18:06:28] 发送(hex): 03
[2026/09/10 18:06:28] 发送(hex): 0d
[2026/09/10 18:06:28] <INTERRUPT>
[2026/09/10 18:06:28] =>
[2026/09/10 18:06:28] 发送(hex): 20
[2026/09/10 18:06:28] 发送(hex): 03
[2026/09/10 18:06:28] =>
[2026/09/10 18:06:28] 发送(hex): 0d
[2026/09/10 18:06:28] <INTERRUPT>
[2026/09/10 18:06:28] =>
[2026/09/10 18:06:28] 发送(hex): 20
[2026/09/10 18:06:28] 发送(hex): 03
[2026/09/10 18:06:28] =>
[2026/09/10 18:06:28] 发送(hex): 0d
[2026/09/10 18:06:28] <INTERRUPT>
[2026/09/10 18:06:28] =>
[2026/09/10 18:06:28] 发送(hex): 20
[2026/09/10 18:06:28] =>
[2026/09/10 18:06:28] 发送(hex): 03
[2026/09/10 18:06:28] 发送(hex): 0d
[2026/09/10 18:06:28] <INT
[2026/09/10 18:06:28] 发送(hex): 20
[2026/09/10 18:06:28] ERRUPT>
[2026/09/10 18:06:28] =>
[2026/09/10 18:06:28] =>
[2026/09/10 18:06:28] 发送(hex): 03
[2026/09/10 18:06:28] 发送(hex): 0d
[2026/09/10 18:06:28] 发送(hex): 20
[2026/09/10 18:06:28] <INTERRUPT>
[2026/09/10 18:06:28] =>
[2026/09/10 18:06:28] =>
[2026/09/10 18:06:28] 发送(hex): 03
[2026/09/10 18:06:28] 发送(hex): 0d
[2026/09/10 18:06:28] 发送(hex): 20
[2026/09/10 18:06:28] <INTERRUPT>
[2026/09/10 18:06:28] =>
[2026/09/10 18:06:28] =>
[2026/09/10 18:06:28] 发送(hex): 03
[2026/09/10 18:06:28] 发送(hex): 0d
[2026/09/10 18:06:28] 发送(hex): 20
[2026/09/10 18:06:28] <INTERRUPT>
[2026/09/10 18:06:28] =>
[2026/09/10 18:06:28] =>
[2026/09/10 18:06:28] 发送(hex): 03
[2026/09/10 18:06:28] 发送(hex): 0d
[2026/09/10 18:06:28] <INTERRUPT>
[2026/09/10 18:06:28] =>
[2026/09/10 18:06:28] 发送(hex): 20
[2026/09/10 18:06:28] 发送(hex): 03
[2026/09/10 18:06:28] =>
[2026/09/10 18:06:28] 发送(hex): 0d
[2026/09/10 18:06:28] <INTERRUPT>
[2026/09/10 18:06:28] =>
[2026/09/10 18:06:28] 发送(hex): 20
[2026/09/10 18:06:28] =>
[2026/09/10 18:06:28] 发送(hex): 03
[2026/09/10 18:06:28] 发送(hex): 0d
[2026/09/10 18:06:28] 发送(hex): 20
[2026/09/10 18:06:28] <INTERRUPT>
[2026/09/10 18:06:28] =>
[2026/09/10 18:06:28] =>
[2026/09/10 18:06:28] 发送(hex): 03
[2026/09/10 18:06:29] 发送(hex): 0d
[2026/09/10 18:06:29] 发送(hex): 20
[2026/09/10 18:06:29] <INTERRUPT>
[2026/09/10 18:06:29] =>
[2026/09/10 18:06:29] =>
[2026/09/10 18:06:29] 发送(hex): 03
[2026/09/10 18:06:29] 发送(hex): 0d
[2026/09/10 18:06:29] 发送(hex): 20
[2026/09/10 18:06:29] <INTERRUPT>
[2026/09/10 18:06:29] =>
[2026/09/10 18:06:29] =>
[2026/09/10 18:06:29] 发送(hex): 03
[2026/09/10 18:06:29] 发送(hex): 0d
[2026/09/10 18:06:29] 发送(hex): 20
[2026/09/10 18:06:29] <INTERRUPT>
[2026/09/10 18:06:29] =>
[2026/09/10 18:06:29] 发送(hex): 03
[2026/09/10 18:06:29] =>
[2026/09/10 18:06:29] 发送(hex): 0d
[2026/09/10 18:06:29] <INTERRUPT>
[2026/09/10 18:06:29] =>
[2026/09/10 18:06:29] 发送(hex): 20
[2026/09/10 18:06:29] 发送(hex): 03
[2026/09/10 18:06:29] =>
[2026/09/10 18:06:29] 发送(hex): 0d
[2026/09/10 18:06:29] <INTERRUPT>
[2026/09/10 18:06:29] =>
[2026/09/10 18:06:29] 发送(hex): 20
[2026/09/10 18:06:29] =>
[2026/09/10 18:06:29] 发送(hex): 03
[2026/09/10 18:06:29] 发送(hex): 0d
[2026/09/10 18:06:29] <INTERRUPT>
[2026/09/10 18:06:29] =>
[2026/09/10 18:06:29] 发送(hex): 20
[2026/09/10 18:06:29] =>
[2026/09/10 18:06:29] 发送(hex): 03
[2026/09/10 18:06:29] 发送(hex): 0d
[2026/09/10 18:06:29] <INTERRUPT>
[2026/09/10 18:06:29] =>
[2026/09/10 18:06:29] 发送(hex): 20
[2026/09/10 18:06:29] =>
[2026/09/10 18:06:29] 发送(hex): 03
[2026/09/10 18:06:29] 发送(hex): 0d
[2026/09/10 18:06:29] <INTERRUPT>
[2026/09/10 18:06:29] =>
[2026/09/10 18:06:29] 发送(hex): 20
[2026/09/10 18:06:29] =>
[2026/09/10 18:06:29] 发送(hex): 03
[2026/09/10 18:06:29] 发送(hex): 0d
[2026/09/10 18:06:29] <INTERRUPT>
[2026/09/10 18:06:29] =>
[2026/09/10 18:06:29] 发送(hex): 20
[2026/09/10 18:06:29] =>
[2026/09/10 18:06:29] 发送(hex): 03
[2026/09/10 18:06:29] 发送(hex): 0d
[2026/09/10 18:06:29] <INTERRUPT>
[2026/09/10 18:06:29] =>
[2026/09/10 18:06:29] 发送(hex): 20
[2026/09/10 18:06:29] =>
[2026/09/10 18:06:29] 发送(hex): 03
[2026/09/10 18:06:29] 发送(hex): 0d
[2026/09/10 18:06:29] <INTERR
[2026/09/10 18:06:29] 发送(hex): 20
[2026/09/10 18:06:29] UPT>
[2026/09/10 18:06:29] =>
[2026/09/10 18:06:29] =>
[2026/09/10 18:06:29] 发送(hex): 03
[2026/09/10 18:06:29] 发送(hex): 0d
[2026/09/10 18:06:29] 发送(hex): 20
[2026/09/10 18:06:29] <INTERRUPT>
[2026/09/10 18:06:29] =>
[2026/09/10 18:06:29] =>
[2026/09/10 18:06:29] 发送(hex): 03
[2026/09/10 18:06:29] 发送(hex): 0d
[2026/09/10 18:06:29] 发送(hex): 20
[2026/09/10 18:06:29] <INTERRUPT>
[2026/09/10 18:06:29] =>
[2026/09/10 18:06:29] =>
[2026/09/10 18:06:29] 发送(hex): 03
[2026/09/10 18:06:29] 发送(hex): 0d
[2026/09/10 18:06:29] 发送(hex): 20
[2026/09/10 18:06:29] <INTERRUPT>
[2026/09/10 18:06:29] =>
[2026/09/10 18:06:29] =>
[2026/09/10 18:06:29] 发送(hex): 03
[2026/09/10 18:06:29] 发送(hex): 0d
[2026/09/10 18:06:29] 发送(hex): 20
[2026/09/10 18:06:29] <INTERRUPT>
[2026/09/10 18:06:29] =>
[2026/09/10 18:06:29] =>
[2026/09/10 18:06:29] 发送(hex): 03
[2026/09/10 18:06:29] 发送(hex): 0d
[2026/09/10 18:06:29] 发送(hex): 20
[2026/09/10 18:06:29] <INTERRUPT>
[2026/09/10 18:06:29] =>
[2026/09/10 18:06:29] =>
[2026/09/10 18:06:29] 发送(hex): 03
[2026/09/10 18:06:29] 发送(hex): 0d
[2026/09/10 18:06:29] <INTERRUPT>
[2026/09/10 18:06:29] =>
[2026/09/10 18:06:29] 发送(hex): 20
[2026/09/10 18:06:29] 发送(hex): 03
[2026/09/10 18:06:29] =>
[2026/09/10 18:06:29] 发送(hex): 0d
[2026/09/10 18:06:29] <INTERRUPT>
[2026/09/10 18:06:29] =>
[2026/09/10 18:06:29] 发送(hex): 20
[2026/09/10 18:06:29] 发送(hex): 03
[2026/09/10 18:06:29] =>
[2026/09/10 18:06:29] 发送(hex): 0d
[2026/09/10 18:06:29] <INTERRUPT>
[2026/09/10 18:06:29] =>
[2026/09/10 18:06:29] 发送(hex): 20
[2026/09/10 18:06:29] =>
[2026/09/10 18:06:29] 发送(hex): 03
[2026/09/10 18:06:29] 发送(hex): 0d
[2026/09/10 18:06:29] <INTERRUPT>
[2026/09/10 18:06:29] =>
[2026/09/10 18:06:29] 发送(hex): 20
[2026/09/10 18:06:29] =>
[2026/09/10 18:06:29] 发送(hex): 03
[2026/09/10 18:06:29] 发送(hex): 0d
[2026/09/10 18:06:29] 发送(hex): 20
[2026/09/10 18:06:29] <INTERRUPT>
[2026/09/10 18:06:29] =>
[2026/09/10 18:06:29] =>
[2026/09/10 18:06:29] 发送(hex): 03
[2026/09/10 18:06:29] 发送(hex): 0d
[2026/09/10 18:06:29] 发送(hex): 20
[2026/09/10 18:06:29] <INTERRUPT>
[2026/09/10 18:06:29] =>
[2026/09/10 18:06:29] =>
[2026/09/10 18:06:29] 发送(hex): 03
[2026/09/10 18:06:29] 发送(hex): 0d
[2026/09/10 18:06:29] 发送(hex): 20
[2026/09/10 18:06:29] <INTERRUPT>
[2026/09/10 18:06:29] =>
[2026/09/10 18:06:29] =>
[2026/09/10 18:06:29] 发送(hex): 03
[2026/09/10 18:06:29] 发送(hex): 0d
[2026/09/10 18:06:29] <INTERRUPT>
[2026/09/10 18:06:29] =>
[2026/09/10 18:06:29] 发送(hex): 20
[2026/09/10 18:06:29] 发送(hex): 03
[2026/09/10 18:06:29] =>
[2026/09/10 18:06:29] 发送(hex): 0d
[2026/09/10 18:06:29] <INTERRUPT>
[2026/09/10 18:06:29] =>
[2026/09/10 18:06:29] 发送(hex): 20
[2026/09/10 18:06:29] 发送(hex): 03
[2026/09/10 18:06:29] =>
[2026/09/10 18:06:29] 发送(hex): 0d
[2026/09/10 18:06:29] <INTERRUPT>
[2026/09/10 18:06:29] =>
[2026/09/10 18:06:29] 发送(hex): 20
[2026/09/10 18:06:29] =>
[2026/09/10 18:06:29] 发送(hex): 03
[2026/09/10 18:06:29] 发送(hex): 0d
[2026/09/10 18:06:29] <INTERRUPT>
[2026/09/10 18:06:29] =>
[2026/09/10 18:06:29] 发送(hex): 20
[2026/09/10 18:06:29] =>
[2026/09/10 18:06:29] 发送(hex): 03
[2026/09/10 18:06:29] 发送(hex): 0d
[2026/09/10 18:06:29] <INTERRUPT>
[2026/09/10 18:06:29] =>
[2026/09/10 18:06:29] 发送(hex): 20
[2026/09/10 18:06:29] =>
[2026/09/10 18:06:29] 发送(hex): 03
[2026/09/10 18:06:29] 发送(hex): 0d
[2026/09/10 18:06:29] <INTERRUPT>
[2026/09/10 18:06:29] =>
[2026/09/10 18:06:29] 发送(hex): 20
[2026/09/10 18:06:29] =>
[2026/09/10 18:06:29] 发送(hex): 03
[2026/09/10 18:06:29] 发送(hex): 0d
[2026/09/10 18:06:29] <INTERRUPT
[2026/09/10 18:06:29] 发送(hex): 20
[2026/09/10 18:06:29] >
[2026/09/10 18:06:29] =>
[2026/09/10 18:06:29] =>
[2026/09/10 18:06:29] 发送(hex): 03
[2026/09/10 18:06:30] 发送(hex): 0d
[2026/09/10 18:06:30] <INTERRUP
[2026/09/10 18:06:30] 发送(hex): 20
[2026/09/10 18:06:30] T>
[2026/09/10 18:06:30] =>
[2026/09/10 18:06:30] =>
[2026/09/10 18:06:30] 发送(hex): 03
[2026/09/10 18:06:30] 发送(hex): 0d
[2026/09/10 18:06:30] 发送(hex): 20
[2026/09/10 18:06:30] <INTERRUPT>
[2026/09/10 18:06:30] =>
[2026/09/10 18:06:30] =>
[2026/09/10 18:06:30] 发送(hex): 03
[2026/09/10 18:06:30] 发送(hex): 0d
[2026/09/10 18:06:30] 发送(hex): 20
[2026/09/10 18:06:30] <INTERRUPT>
[2026/09/10 18:06:30] =>
[2026/09/10 18:06:30] =>
[2026/09/10 18:06:30] 发送(hex): 03
[2026/09/10 18:06:30] 发送(hex): 0d
[2026/09/10 18:06:30] <INTERRUPT>
[2026/09/10 18:06:30] =>
[2026/09/10 18:06:30] 发送(hex): 20
[2026/09/10 18:06:30] =>
[2026/09/10 18:06:30] 发送(hex): 03
[2026/09/10 18:06:30] 发送(hex): 0d
[2026/09/10 18:06:30] <INTERRUPT>
[2026/09/10 18:06:30] =>
[2026/09/10 18:06:30] 发送(hex): 20
[2026/09/10 18:06:30] =>
[2026/09/10 18:06:30] 发送(hex): 03
[2026/09/10 18:06:30] 发送(hex): 0d
[2026/09/10 18:06:30] <INTERRUPT>
[2026/09/10 18:06:30] =>
[2026/09/10 18:06:30] 发送(hex): 20
[2026/09/10 18:06:30] =>
[2026/09/10 18:06:30] 发送(hex): 03
[2026/09/10 18:06:30] 发送(hex): 0d
[2026/09/10 18:06:30] <INTER
[2026/09/10 18:06:30] 发送(hex): 20
[2026/09/10 18:06:30] RUPT>
[2026/09/10 18:06:30] =>
[2026/09/10 18:06:30] =>
[2026/09/10 18:06:30] 发送(hex): 03
[2026/09/10 18:06:30] 发送(hex): 0d
[2026/09/10 18:06:30] 发送(hex): 20
[2026/09/10 18:06:30] <INTERRUPT>
[2026/09/10 18:06:30] =>
[2026/09/10 18:06:30] =>
[2026/09/10 18:06:30] 发送(hex): 03
[2026/09/10 18:06:30] 发送(hex): 0d
[2026/09/10 18:06:30] 发送(hex): 20
[2026/09/10 18:06:30] <INTERRUPT>
[2026/09/10 18:06:30] =>
[2026/09/10 18:06:30] =>
[2026/09/10 18:06:30] 发送(hex): 03
[2026/09/10 18:06:30] 发送(hex): 0d
[2026/09/10 18:06:30] <INTERRUPT>
[2026/09/10 18:06:30] =>
[2026/09/10 18:06:30] 发送(hex): 20
[2026/09/10 18:06:30] 发送(hex): 03
[2026/09/10 18:06:30] =>
[2026/09/10 18:06:30] 发送(hex): 0d
[2026/09/10 18:06:30] <INTERRUPT>
[2026/09/10 18:06:30] =>
[2026/09/10 18:06:30] 发送(hex): 20
[2026/09/10 18:06:30] =>
[2026/09/10 18:06:30] 发送(hex): 03
[2026/09/10 18:06:30] 发送(hex): 0d
[2026/09/10 18:06:30] <INTERRUPT>
[2026/09/10 18:06:30] =>
[2026/09/10 18:06:30] 发送(hex): 20
[2026/09/10 18:06:30] =>
[2026/09/10 18:06:30] 发送(hex): 03
[2026/09/10 18:06:30] 发送(hex): 0d
[2026/09/10 18:06:30] <INTERRUPT>
[2026/09/10 18:06:30] =>
[2026/09/10 18:06:30] 发送(hex): 20
[2026/09/10 18:06:30] =>
[2026/09/10 18:06:30] 发送(hex): 03
[2026/09/10 18:06:30] 发送(hex): 0d
[2026/09/10 18:06:30] 发送(hex): 20
[2026/09/10 18:06:30] <INTERRUPT>
[2026/09/10 18:06:30] =>
[2026/09/10 18:06:30] =>
[2026/09/10 18:06:30] 发送(hex): 03
[2026/09/10 18:06:30] 发送(hex): 0d
[2026/09/10 18:06:30] <INTERRUPT>
[2026/09/10 18:06:30] =>
[2026/09/10 18:06:30] 发送(hex): 20
[2026/09/10 18:06:30] =>
[2026/09/10 18:06:30] 发送(hex): 03
[2026/09/10 18:06:30] 发送(hex): 0d
[2026/09/10 18:06:30] <INTERRUP
[2026/09/10 18:06:30] 发送(hex): 20
[2026/09/10 18:06:30] T>
[2026/09/10 18:06:30] =>
[2026/09/10 18:06:30] =>
[2026/09/10 18:06:30] 发送(hex): 03
[2026/09/10 18:06:30] 发送(hex): 0d
[2026/09/10 18:06:30] 发送(hex): 20
[2026/09/10 18:06:30] <INTERRUPT>
[2026/09/10 18:06:30] =>
[2026/09/10 18:06:30] =>
[2026/09/10 18:06:30] 发送(hex): 03
[2026/09/10 18:06:30] 发送(hex): 0d
[2026/09/10 18:06:30] 发送(hex): 20
[2026/09/10 18:06:30] <INTERRUPT>
[2026/09/10 18:06:30] =>
[2026/09/10 18:06:30] =>
[2026/09/10 18:06:30] 发送(hex): 03
[2026/09/10 18:06:30] 发送(hex): 0d
[2026/09/10 18:06:30] 发送(hex): 20
[2026/09/10 18:06:30] <INTERRUPT>
[2026/09/10 18:06:30] =>
[2026/09/10 18:06:30] =>
[2026/09/10 18:06:30] 发送(hex): 03
[2026/09/10 18:06:30] 发送(hex): 0d
[2026/09/10 18:06:30] <INTERRUPT>
[2026/09/10 18:06:30] =>
[2026/09/10 18:06:30] 发送(hex): 20
[2026/09/10 18:06:30] 发送(hex): 03
[2026/09/10 18:06:30] =>
[2026/09/10 18:06:30] 发送(hex): 0d
[2026/09/10 18:06:30] <INTERRUPT>
[2026/09/10 18:06:30] =>
[2026/09/10 18:06:30] 发送(hex): 20
[2026/09/10 18:06:30] 发送(hex): 03
[2026/09/10 18:06:30] =>
[2026/09/10 18:06:30] 发送(hex): 0d
[2026/09/10 18:06:30] <INTERRUPT>
[2026/09/10 18:06:30] =>
[2026/09/10 18:06:30] 发送(hex): 20
[2026/09/10 18:06:30] 发送(hex): 03
[2026/09/10 18:06:30] =>
[2026/09/10 18:06:30] 发送(hex): 0d
[2026/09/10 18:06:30] <INTERRUPT>
[2026/09/10 18:06:30] =>
[2026/09/10 18:06:30] 发送(hex): 20
[2026/09/10 18:06:30] =>
[2026/09/10 18:06:30] 发送(hex): 03
[2026/09/10 18:06:30] 发送(hex): 0d
[2026/09/10 18:06:30] <INTERRUPT>
[2026/09/10 18:06:30] =>
[2026/09/10 18:06:30] 发送(hex): 20
[2026/09/10 18:06:30] =>
[2026/09/10 18:06:30] 发送(hex): 03
[2026/09/10 18:06:30] 发送(hex): 0d
[2026/09/10 18:06:30] <INTERRUPT>
[2026/09/10 18:06:30] =>
[2026/09/10 18:06:30] 发送(hex): 20
[2026/09/10 18:06:30] =>
[2026/09/10 18:06:30] 发送(hex): 03
[2026/09/10 18:06:30] 发送(hex): 0d
[2026/09/10 18:06:30] <INTE
[2026/09/10 18:06:30] 发送(hex): 20
[2026/09/10 18:06:30] RRUPT>
[2026/09/10 18:06:30] =>
[2026/09/10 18:06:30] =>
[2026/09/10 18:06:30] 发送(hex): 03
[2026/09/10 18:06:30] 发送(hex): 0d
[2026/09/10 18:06:30] 发送(hex): 20
[2026/09/10 18:06:30] <INTERRUPT>
[2026/09/10 18:06:30] =>
[2026/09/10 18:06:30] =>
[2026/09/10 18:06:30] 发送(hex): 03
[2026/09/10 18:06:30] 发送(hex): 0d
[2026/09/10 18:06:30] 发送(hex): 20
[2026/09/10 18:06:30] <INTERRUPT>
[2026/09/10 18:06:30] =>
[2026/09/10 18:06:30] =>
[2026/09/10 18:06:30] 发送(hex): 03
[2026/09/10 18:06:30] 发送(hex): 0d
[2026/09/10 18:06:30] 发送(hex): 20
[2026/09/10 18:06:30] <INTERRUPT>
[2026/09/10 18:06:30] =>
[2026/09/10 18:06:30] =>
[2026/09/10 18:06:30] 发送(hex): 03
[2026/09/10 18:06:31] 发送(hex): 0d
[2026/09/10 18:06:31] <INTERRUPT>
[2026/09/10 18:06:31] =>
[2026/09/10 18:06:31] =>
[2026/09/10 18:06:31] 发送(hex): 20
[2026/09/10 18:06:31] 发送(hex): 03
[2026/09/10 18:06:31] 发送(hex): 0d
[2026/09/10 18:06:31] <INTERRUPT>
[2026/09/10 18:06:31] =>
[2026/09/10 18:06:31] 发送(hex): 20
[2026/09/10 18:06:31] 发送(hex): 03
[2026/09/10 18:06:31] =>
[2026/09/10 18:06:31] 发送(hex): 0d
[2026/09/10 18:06:31] <INTERRUPT>
[2026/09/10 18:06:31] =>
[2026/09/10 18:06:31] 发送(hex): 20
[2026/09/10 18:06:31] 发送(hex): 03
[2026/09/10 18:06:31] =>
[2026/09/10 18:06:31] 发送(hex): 0d
[2026/09/10 18:06:31] <INTERRUPT>
[2026/09/10 18:06:31] =>
[2026/09/10 18:06:31] 发送(hex): 20
[2026/09/10 18:06:31] 发送(hex): 03
[2026/09/10 18:06:31] =>
[2026/09/10 18:06:31] 发送(hex): 0d
[2026/09/10 18:06:31] <INTERRUPT>
[2026/09/10 18:06:31] =>
[2026/09/10 18:06:31] 发送(hex): 20
[2026/09/10 18:06:31] =>
[2026/09/10 18:06:31] 发送(hex): 03
[2026/09/10 18:06:31] 发送(hex): 0d
[2026/09/10 18:06:31] <INTERRUPT>
[2026/09/10 18:06:31] =>
[2026/09/10 18:06:31] 发送(hex): 20
[2026/09/10 18:06:31] =>
[2026/09/10 18:06:31] 发送(hex): 03
[2026/09/10 18:06:31] 发送(hex): 0d
[2026/09/10 18:06:31] <INTERRUPT>
[2026/09/10 18:06:31] =>
[2026/09/10 18:06:31] 发送(hex): 20
[2026/09/10 18:06:31] =>
[2026/09/10 18:06:31] 发送(hex): 03
[2026/09/10 18:06:31] 发送(hex): 0d
[2026/09/10 18:06:31] <INTERRUPT>
[2026/09/10 18:06:31] =>
[2026/09/10 18:06:31] 发送(hex): 20
[2026/09/10 18:06:31] =>
[2026/09/10 18:06:31] 发送(hex): 03
[2026/09/10 18:06:31] 发送(hex): 0d
[2026/09/10 18:06:31] <INTERRUPT>
[2026/09/10 18:06:31] =>
[2026/09/10 18:06:31] 发送(hex): 20
[2026/09/10 18:06:31] =>
[2026/09/10 18:06:31] 发送(hex): 03
[2026/09/10 18:06:31] 发送(hex): 0d
[2026/09/10 18:06:31] <INTERRUPT>
[2026/09/10 18:06:31] =
[2026/09/10 18:06:31] 发送(hex): 20
[2026/09/10 18:06:31] >
[2026/09/10 18:06:31] =>
[2026/09/10 18:06:31] 发送(hex): 03
[2026/09/10 18:06:31] 发送(hex): 0d
[2026/09/10 18:06:31] 发送(hex): 20
[2026/09/10 18:06:31] <INTERRUPT>
[2026/09/10 18:06:31] =>
[2026/09/10 18:06:31] =>
[2026/09/10 18:06:31] 发送(hex): 03
[2026/09/10 18:06:31] 发送(hex): 0d
[2026/09/10 18:06:31] 发送(hex): 20
[2026/09/10 18:06:31] <INTERRUPT>
[2026/09/10 18:06:31] =>
[2026/09/10 18:06:31] =>
[2026/09/10 18:06:31] 发送(hex): 03
[2026/09/10 18:06:31] 发送(hex): 0d
[2026/09/10 18:06:31] 发送(hex): 20
[2026/09/10 18:06:31] <INTERRUPT>
[2026/09/10 18:06:31] =>
[2026/09/10 18:06:31] =>
[2026/09/10 18:06:31] 发送(hex): 03
[2026/09/10 18:06:31] 发送(hex): 0d
[2026/09/10 18:06:31] 发送(hex): 20
[2026/09/10 18:06:31] <INTERRUPT>
[2026/09/10 18:06:31] =>
[2026/09/10 18:06:31] =>
[2026/09/10 18:06:31] 发送(hex): 03
[2026/09/10 18:06:31] 发送(hex): 0d
[2026/09/10 18:06:31] 发送(hex): 20
[2026/09/10 18:06:31] <INTERRUPT>
[2026/09/10 18:06:31] =>
[2026/09/10 18:06:31] =>
[2026/09/10 18:06:31] 发送(hex): 03
[2026/09/10 18:06:31] 发送(hex): 0d
[2026/09/10 18:06:31] <INTERRUPT>
[2026/09/10 18:06:31] =>
[2026/09/10 18:06:31] 发送(hex): 20
[2026/09/10 18:06:31] 发送(hex): 03
[2026/09/10 18:06:31] =>
[2026/09/10 18:06:31] 发送(hex): 0d
[2026/09/10 18:06:31] <INTERRUPT>
[2026/09/10 18:06:31] =>
[2026/09/10 18:06:31] 发送(hex): 20
[2026/09/10 18:06:31] =>
[2026/09/10 18:06:31] 发送(hex): 03
[2026/09/10 18:06:31] 发送(hex): 0d
[2026/09/10 18:06:31] <IN
[2026/09/10 18:06:31] 发送(hex): 20
[2026/09/10 18:06:31] TERRUPT>
[2026/09/10 18:06:31] =>
[2026/09/10 18:06:31] =>
[2026/09/10 18:06:31] 发送(hex): 03
[2026/09/10 18:06:31] 发送(hex): 0d
[2026/09/10 18:06:31] 发送(hex): 20
[2026/09/10 18:06:31] <INTERRUPT>
[2026/09/10 18:06:31] =>
[2026/09/10 18:06:31] =>
[2026/09/10 18:06:31] 发送(hex): 03
[2026/09/10 18:06:31] 发送(hex): 0d
[2026/09/10 18:06:31] 发送(hex): 20
[2026/09/10 18:06:31] <INTERRUPT>
[2026/09/10 18:06:31] =>
[2026/09/10 18:06:31] =>
[2026/09/10 18:06:31] 发送(hex): 03
[2026/09/10 18:06:31] 发送(hex): 0d
[2026/09/10 18:06:31] 发送(hex): 20
[2026/09/10 18:06:31] <INTERRUPT>
[2026/09/10 18:06:31] =>
[2026/09/10 18:06:31] 发送(hex): 03
[2026/09/10 18:06:31] =>
[2026/09/10 18:06:31] 发送(hex): 0d
[2026/09/10 18:06:31] <INTERRUPT>
[2026/09/10 18:06:31] =>
[2026/09/10 18:06:31] 发送(hex): 20
[2026/09/10 18:06:31] 发送(hex): 03
[2026/09/10 18:06:31] =>
[2026/09/10 18:06:31] 发送(hex): 0d
[2026/09/10 18:06:31] <INTERRUPT>
[2026/09/10 18:06:31] =>
[2026/09/10 18:06:31] 发送(hex): 20
[2026/09/10 18:06:31] 发送(hex): 03
[2026/09/10 18:06:31] =>
[2026/09/10 18:06:31] 发送(hex): 0d
[2026/09/10 18:06:31] <INTERRUPT>
[2026/09/10 18:06:31] =>
[2026/09/10 18:06:31] 发送(hex): 20
[2026/09/10 18:06:31] 发送(hex): 03
[2026/09/10 18:06:31] =>
[2026/09/10 18:06:31] 发送(hex): 0d
[2026/09/10 18:06:31] <INTERRUPT>
[2026/09/10 18:06:31] =>
[2026/09/10 18:06:31] 发送(hex): 20
[2026/09/10 18:06:31] 发送(hex): 03
[2026/09/10 18:06:31] =>  <
[2026/09/10 18:06:31] 发送(hex): 0d
[2026/09/10 18:06:31] 发送(hex): 20
[2026/09/10 18:06:31] INTERRUPT>
[2026/09/10 18:06:31] =>
[2026/09/10 18:06:31] =>
[2026/09/10 18:06:31] 发送(hex): 03
[2026/09/10 18:06:31] 发送(hex): 0d
[2026/09/10 18:06:31] 发送(hex): 20
[2026/09/10 18:06:31] <INTERRUPT>
[2026/09/10 18:06:31] =>
[2026/09/10 18:06:31] =>
[2026/09/10 18:06:31] 发送(hex): 03
[2026/09/10 18:06:31] 发送(hex): 0d
[2026/09/10 18:06:31] 发送(hex): 20
[2026/09/10 18:06:31] <INTERRUPT>
[2026/09/10 18:06:31] =>
[2026/09/10 18:06:31] =>
[2026/09/10 18:06:31] 发送(hex): 03
[2026/09/10 18:06:31] 发送(hex): 0d
[2026/09/10 18:06:31] <INTERRUPT>
[2026/09/10 18:06:31] =>
[2026/09/10 18:06:31] 发送(hex): 20
[2026/09/10 18:06:31] 发送(hex): 03
[2026/09/10 18:06:31] =>
[2026/09/10 18:06:31] 发送(hex): 0d
[2026/09/10 18:06:31] <INTERRUPT>
[2026/09/10 18:06:31] =>
[2026/09/10 18:06:31] 发送(hex): 20
[2026/09/10 18:06:32] 发送(hex): 03
[2026/09/10 18:06:32] =>
[2026/09/10 18:06:32] 发送(hex): 0d
[2026/09/10 18:06:32] <INTERRUPT>
[2026/09/10 18:06:32] =>
[2026/09/10 18:06:32] 发送(hex): 20
[2026/09/10 18:06:32] =>
[2026/09/10 18:06:32] 发送(hex): 03
[2026/09/10 18:06:32] 发送(hex): 0d
[2026/09/10 18:06:32] <INTERRUPT>
[2026/09/10 18:06:32] =>
[2026/09/10 18:06:32] 发送(hex): 20
[2026/09/10 18:06:32] =>
[2026/09/10 18:06:32] 发送(hex): 03
[2026/09/10 18:06:32] 发送(hex): 0d
[2026/09/10 18:06:32] <INTERRUPT>
[2026/09/10 18:06:32] =>
[2026/09/10 18:06:32] 发送(hex): 20
[2026/09/10 18:06:32] =>
[2026/09/10 18:06:32] 发送(hex): 03
[2026/09/10 18:06:32] 发送(hex): 0d
[2026/09/10 18:06:32] 发送(hex): 20
[2026/09/10 18:06:32] <INTERRUPT>
[2026/09/10 18:06:32] =>
[2026/09/10 18:06:32] =>
[2026/09/10 18:06:32] 发送(hex): 03
[2026/09/10 18:06:32] 发送(hex): 0d
[2026/09/10 18:06:32] 发送(hex): 20
[2026/09/10 18:06:32] <INTERRUPT>
[2026/09/10 18:06:32] =>
[2026/09/10 18:06:32] =>
[2026/09/10 18:06:32] 发送(hex): 03
[2026/09/10 18:06:32] 发送(hex): 0d
[2026/09/10 18:06:32] 发送(hex): 20
[2026/09/10 18:06:32] <INTERRUPT>
[2026/09/10 18:06:32] =>
[2026/09/10 18:06:32] =>
[2026/09/10 18:06:32] 发送(hex): 03
[2026/09/10 18:06:32] 发送(hex): 0d
[2026/09/10 18:06:32] <INTERRUPT>
[2026/09/10 18:06:32] =>
[2026/09/10 18:06:32] 发送(hex): 20
[2026/09/10 18:06:32] 发送(hex): 03
[2026/09/10 18:06:32] =>
[2026/09/10 18:06:32] 发送(hex): 0d
[2026/09/10 18:06:32] <INTERRUPT>
[2026/09/10 18:06:32] =>
[2026/09/10 18:06:32] 发送(hex): 20
[2026/09/10 18:06:32] 发送(hex): 03
[2026/09/10 18:06:32] =>
[2026/09/10 18:06:32] 发送(hex): 0d
[2026/09/10 18:06:32] <INTERRUPT>
[2026/09/10 18:06:32] =>
[2026/09/10 18:06:32] 发送(hex): 20
[2026/09/10 18:06:32] =>
[2026/09/10 18:06:32] 发送(hex): 03
[2026/09/10 18:06:32] 发送(hex): 0d
[2026/09/10 18:06:32] <INTERRUPT>
[2026/09/10 18:06:32] =>
[2026/09/10 18:06:32] 发送(hex): 20
[2026/09/10 18:06:32] =>
[2026/09/10 18:06:32] 发送(hex): 03
[2026/09/10 18:06:32] 发送(hex): 0d
[2026/09/10 18:06:32] <INTERRUPT>
[2026/09/10 18:06:32] =>
[2026/09/10 18:06:32] 发送(hex): 20
[2026/09/10 18:06:32] =>
[2026/09/10 18:06:32] 发送(hex): 03
[2026/09/10 18:06:32] 发送(hex): 0d
[2026/09/10 18:06:32] <INTERRUPT>
[2026/09/10 18:06:32] =>
[2026/09/10 18:06:32] 发送(hex): 20
[2026/09/10 18:06:32] =>
[2026/09/10 18:06:32] 发送(hex): 03
[2026/09/10 18:06:32] 发送(hex): 0d
[2026/09/10 18:06:32] <INTERRUPT>
[2026/09/10 18:06:32] =>
[2026/09/10 18:06:32] 发送(hex): 20
[2026/09/10 18:06:32] =>
[2026/09/10 18:06:32] 发送(hex): 03
[2026/09/10 18:06:32] 发送(hex): 0d
[2026/09/10 18:06:32] <INTERRUPT>
[2026/09/10 18:06:32] =>
[2026/09/10 18:06:32] 发送(hex): 20
[2026/09/10 18:06:32] =>
[2026/09/10 18:06:32] 发送(hex): 03
[2026/09/10 18:06:32] <INTERRUPT>
[2026/09/10 18:06:32] 发送(hex): 0d
[2026/09/10 18:06:32] 发送(hex): 20
[2026/09/10 18:06:32] =>
[2026/09/10 18:06:32] =>
[2026/09/10 18:06:32] 发送(hex): 03
[2026/09/10 18:06:32] 发送(hex): 0d
[2026/09/10 18:06:32] <INTERRUPT>
[2026/09/10 18:06:32] =>
[2026/09/10 18:06:32] 发送(hex): 20
[2026/09/10 18:06:32] 发送(hex): 03
[2026/09/10 18:06:32] =>
[2026/09/10 18:06:32] 发送(hex): 0d
[2026/09/10 18:06:32] <INTERRUPT>
[2026/09/10 18:06:32] =>
[2026/09/10 18:06:32] 发送(hex): 20
[2026/09/10 18:06:32] 发送(hex): 03
[2026/09/10 18:06:32] =>
[2026/09/10 18:06:32] 发送(hex): 0d
[2026/09/10 18:06:32] <INTERRUPT>
[2026/09/10 18:06:32] =>
[2026/09/10 18:06:32] 发送(hex): 20
[2026/09/10 18:06:32] 发送(hex): 03
[2026/09/10 18:06:32] =>
[2026/09/10 18:06:32] 发送(hex): 0d
[2026/09/10 18:06:32] <INTERRUPT>
[2026/09/10 18:06:32] =>
[2026/09/10 18:06:32] 发送(hex): 20
[2026/09/10 18:06:32] =>
[2026/09/10 18:06:32] 发送(hex): 03
[2026/09/10 18:06:32] 发送(hex): 0d
[2026/09/10 18:06:32] <INTERRUPT>
[2026/09/10 18:06:32] =>
[2026/09/10 18:06:32] 发送(hex): 20
[2026/09/10 18:06:32] =>
[2026/09/10 18:06:32] 发送(hex): 03
[2026/09/10 18:06:32] 发送(hex): 0d
[2026/09/10 18:06:32] <INTERRUPT>
[2026/09/10 18:06:32] =>
[2026/09/10 18:06:32] 发送(hex): 20
[2026/09/10 18:06:32] =>
[2026/09/10 18:06:32] 发送(hex): 03
[2026/09/10 18:06:32] 发送(hex): 0d
[2026/09/10 18:06:32] <INTERRUPT>
[2026/09/10 18:06:32] =>
[2026/09/10 18:06:32] 发送(hex): 20
[2026/09/10 18:06:32] =>
[2026/09/10 18:06:32] 发送(hex): 03
[2026/09/10 18:06:32] 发送(hex): 0d
[2026/09/10 18:06:32] <INTERRUPT>
[2026/09/10 18:06:32] =>
[2026/09/10 18:06:32] 发送(hex): 20
[2026/09/10 18:06:32] =>
[2026/09/10 18:06:32] 发送(hex): 03
[2026/09/10 18:06:32] 发送(hex): 0d
[2026/09/10 18:06:32] <INTERRUPT>
[2026/09/10 18:06:32] =>
[2026/09/10 18:06:32] 发送(hex): 20
[2026/09/10 18:06:32] =>
[2026/09/10 18:06:32] 发送(hex): 03
[2026/09/10 18:06:32] 发送(hex): 0d
[2026/09/10 18:06:32] <INTERRUPT>
[2026/09/10 18:06:32] =>
[2026/09/10 18:06:32] 发送(hex): 20
[2026/09/10 18:06:32] =>
[2026/09/10 18:06:32] 发送(hex): 03
[2026/09/10 18:06:32] 发送(hex): 0d
[2026/09/10 18:06:32] <INTERRUPT>
[2026/09/10 18:06:32] =>
[2026/09/10 18:06:32] 发送(hex): 20
[2026/09/10 18:06:32] =>
[2026/09/10 18:06:32] 发送(hex): 03
[2026/09/10 18:06:32] 发送(hex): 0d
[2026/09/10 18:06:32] <INTERRUPT>
[2026/09/10 18:06:32] =>
[2026/09/10 18:06:32] 发送(hex): 20
[2026/09/10 18:06:32] =>
[2026/09/10 18:06:32] 发送(hex): 03
[2026/09/10 18:06:32] 发送(hex): 0d
[2026/09/10 18:06:32] <INTERRUPT>
[2026/09/10 18:06:32] 发送(hex): 20
[2026/09/10 18:06:32] =>
[2026/09/10 18:06:32] =>
[2026/09/10 18:06:32] 发送(hex): 03
[2026/09/10 18:06:32] 发送(hex): 0d
[2026/09/10 18:06:32] <INTER
[2026/09/10 18:06:32] 发送(hex): 20
[2026/09/10 18:06:32] RUPT>
[2026/09/10 18:06:32] =>
[2026/09/10 18:06:32] =>
[2026/09/10 18:06:32] 发送(hex): 03
[2026/09/10 18:06:32] 发送(hex): 0d
[2026/09/10 18:06:32] <INTE
[2026/09/10 18:06:32] 发送(hex): 20
[2026/09/10 18:06:32] RRUPT>
[2026/09/10 18:06:32] =>
[2026/09/10 18:06:32] =>
[2026/09/10 18:06:33] 发送(hex): 03
[2026/09/10 18:06:33] 发送(hex): 0d
[2026/09/10 18:06:33] 发送(hex): 20
[2026/09/10 18:06:33] <INTERRUPT>
[2026/09/10 18:06:33] =>
[2026/09/10 18:06:33] =>
[2026/09/10 18:06:33] 发送(hex): 03
[2026/09/10 18:06:33] 发送(hex): 0d
[2026/09/10 18:06:33] <
[2026/09/10 18:06:33] 发送(hex): 20
[2026/09/10 18:06:33] INTERRUPT>
[2026/09/10 18:06:33] =>
[2026/09/10 18:06:33] =>
[2026/09/10 18:06:33] 发送(hex): 03
[2026/09/10 18:06:33] 发送(hex): 0d
[2026/09/10 18:06:33] 发送(hex): 20
[2026/09/10 18:06:33] <INTERRUPT>
[2026/09/10 18:06:33] =>
[2026/09/10 18:06:33] =>
[2026/09/10 18:06:33] 发送(hex): 03
[2026/09/10 18:06:33] 发送(hex): 0d
[2026/09/10 18:06:33] 发送(hex): 20
[2026/09/10 18:06:33] <INTERRUPT>
[2026/09/10 18:06:33] =>
[2026/09/10 18:06:33] =>
[2026/09/10 18:06:33] 发送(hex): 03
[2026/09/10 18:06:33] 发送(hex): 0d
[2026/09/10 18:06:33] 发送(hex): 20
[2026/09/10 18:06:33] <INTERRUPT>
[2026/09/10 18:06:33] =>
[2026/09/10 18:06:33] =>
[2026/09/10 18:06:33] 发送(hex): 03
[2026/09/10 18:06:33] 发送(hex): 0d
[2026/09/10 18:06:33] 发送(hex): 20
[2026/09/10 18:06:33] <INTERRUPT>
[2026/09/10 18:06:33] =>
[2026/09/10 18:06:33] =>
[2026/09/10 18:06:33] 发送(hex): 03
[2026/09/10 18:06:33] 发送(hex): 0d
[2026/09/10 18:06:33] 发送(hex): 20
[2026/09/10 18:06:33] <INTERRUPT>
[2026/09/10 18:06:33] =>
[2026/09/10 18:06:33] =>
[2026/09/10 18:06:33] 发送(hex): 03
[2026/09/10 18:06:33] 发送(hex): 0d
[2026/09/10 18:06:33] 发送(hex): 20
[2026/09/10 18:06:33] <INTERRUPT>
[2026/09/10 18:06:33] =>
[2026/09/10 18:06:33] =>
[2026/09/10 18:06:33] 发送(hex): 03
[2026/09/10 18:06:33] 发送(hex): 0d
[2026/09/10 18:06:33] 发送(hex): 20
[2026/09/10 18:06:33] <INTERRUPT>
[2026/09/10 18:06:33] =>
[2026/09/10 18:06:33] =>
[2026/09/10 18:06:33] 发送(hex): 03
[2026/09/10 18:06:33] 发送(hex): 0d
[2026/09/10 18:06:33] 发送(hex): 20
[2026/09/10 18:06:33] <INTERRUPT>
[2026/09/10 18:06:33] =>
[2026/09/10 18:06:33] 发送(hex): 03
[2026/09/10 18:06:33] =>
[2026/09/10 18:06:33] 发送(hex): 0d
[2026/09/10 18:06:33] <INTERRUPT>
[2026/09/10 18:06:33] =>
[2026/09/10 18:06:33] 发送(hex): 20
[2026/09/10 18:06:33] 发送(hex): 03
[2026/09/10 18:06:33] =>
[2026/09/10 18:06:33] 发送(hex): 0d
[2026/09/10 18:06:33] <INTERRUPT>
[2026/09/10 18:06:33] =>
[2026/09/10 18:06:33] 发送(hex): 20
[2026/09/10 18:06:33] =>
[2026/09/10 18:06:33] 发送(hex): 03
[2026/09/10 18:06:33] 发送(hex): 0d
[2026/09/10 18:06:33] <INTERRUPT>
[2026/09/10 18:06:33] =>
[2026/09/10 18:06:33] 发送(hex): 20
[2026/09/10 18:06:33] =>
[2026/09/10 18:06:33] 发送(hex): 03
[2026/09/10 18:06:33] 发送(hex): 0d
[2026/09/10 18:06:33] <INTERRUPT>
[2026/09/10 18:06:33] =>
[2026/09/10 18:06:33] 发送(hex): 20
[2026/09/10 18:06:33] =>
[2026/09/10 18:06:33] 发送(hex): 03
[2026/09/10 18:06:33] 发送(hex): 0d
[2026/09/10 18:06:33] <INTERRUPT
[2026/09/10 18:06:33] 发送(hex): 20
[2026/09/10 18:06:33] >
[2026/09/10 18:06:33] =>
[2026/09/10 18:06:33] =>
[2026/09/10 18:06:33] 发送(hex): 03
[2026/09/10 18:06:33] 发送(hex): 0d
[2026/09/10 18:06:33] 发送(hex): 20
[2026/09/10 18:06:33] <INTERRUPT>
[2026/09/10 18:06:33] =>
[2026/09/10 18:06:33] =>
[2026/09/10 18:06:33] 发送(hex): 03
[2026/09/10 18:06:33] 发送(hex): 0d
[2026/09/10 18:06:33] 发送(hex): 20
[2026/09/10 18:06:33] <INTERRUPT>
[2026/09/10 18:06:33] =>
[2026/09/10 18:06:33] =>
[2026/09/10 18:06:33] 发送(hex): 03
[2026/09/10 18:06:33] 发送(hex): 0d
[2026/09/10 18:06:33] 发送(hex): 20
[2026/09/10 18:06:33] <INTERRUPT>
[2026/09/10 18:06:33] =>
[2026/09/10 18:06:33] =>
[2026/09/10 18:06:33] 发送(hex): 03
[2026/09/10 18:06:33] 发送(hex): 0d
[2026/09/10 18:06:33] 发送(hex): 20
[2026/09/10 18:06:33] <INTERRUPT>
[2026/09/10 18:06:33] =>
[2026/09/10 18:06:33] =>
[2026/09/10 18:06:33] 发送(hex): 03
[2026/09/10 18:06:33] 发送(hex): 0d
[2026/09/10 18:06:33] <INTERRUPT>
[2026/09/10 18:06:33] =>
[2026/09/10 18:06:33] 发送(hex): 20
[2026/09/10 18:06:33] 发送(hex): 03
[2026/09/10 18:06:33] =>
[2026/09/10 18:06:33] 发送(hex): 0d
[2026/09/10 18:06:33] <INTERRUPT>
[2026/09/10 18:06:33] =>
[2026/09/10 18:06:33] 发送(hex): 20
[2026/09/10 18:06:33] =>
[2026/09/10 18:06:33] 发送(hex): 03
[2026/09/10 18:06:33] 发送(hex): 0d
[2026/09/10 18:06:33] <INTERRUPT>
[2026/09/10 18:06:33] =>
[2026/09/10 18:06:33] 发送(hex): 20
[2026/09/10 18:06:33] =>
[2026/09/10 18:06:33] 发送(hex): 03
[2026/09/10 18:06:33] 发送(hex): 0d
[2026/09/10 18:06:33] <INTERRUPT>
[2026/09/10 18:06:33] =>
[2026/09/10 18:06:33] 发送(hex): 20
[2026/09/10 18:06:33] =>
[2026/09/10 18:06:33] 发送(hex): 03
[2026/09/10 18:06:33] 发送(hex): 0d
[2026/09/10 18:06:33] <INTERRUPT>
[2026/09/10 18:06:33] =>
[2026/09/10 18:06:33] 发送(hex): 20
[2026/09/10 18:06:33] =>
[2026/09/10 18:06:33] 发送(hex): 03
[2026/09/10 18:06:33] 发送(hex): 0d
[2026/09/10 18:06:33] <INTERRUPT>
[2026/09/10 18:06:33] =>
[2026/09/10 18:06:33] 发送(hex): 20
[2026/09/10 18:06:33] =>
[2026/09/10 18:06:33] 发送(hex): 03
[2026/09/10 18:06:33] 发送(hex): 0d
[2026/09/10 18:06:33] <INTERRUPT>
[2026/09/10 18:06:33] =>
[2026/09/10 18:06:33] 发送(hex): 20
[2026/09/10 18:06:33] =>
[2026/09/10 18:06:33] 发送(hex): 03
[2026/09/10 18:06:33] 发送(hex): 0d
[2026/09/10 18:06:33] 发送(hex): 20
[2026/09/10 18:06:33] <INTERRUPT>
[2026/09/10 18:06:33] =>
[2026/09/10 18:06:33] =>
[2026/09/10 18:06:33] 发送(hex): 03
[2026/09/10 18:06:33] 发送(hex): 0d
[2026/09/10 18:06:33] 发送(hex): 20
[2026/09/10 18:06:33] <INTERRUPT>
[2026/09/10 18:06:33] =>
[2026/09/10 18:06:33] =>
[2026/09/10 18:06:33] 发送(hex): 03
[2026/09/10 18:06:33] 发送(hex): 0d
[2026/09/10 18:06:33] 发送(hex): 20
[2026/09/10 18:06:33] <INTERRUPT>
[2026/09/10 18:06:33] =>
[2026/09/10 18:06:33] =>
[2026/09/10 18:06:33] 发送(hex): 03
[2026/09/10 18:06:33] 发送(hex): 0d
[2026/09/10 18:06:33] 发送(hex): 20
[2026/09/10 18:06:33] <INTERRUPT>
[2026/09/10 18:06:33] =>
[2026/09/10 18:06:33] =>
[2026/09/10 18:06:34] 发送(hex): 03
[2026/09/10 18:06:34] 发送(hex): 0d
[2026/09/10 18:06:34] 发送(hex): 20
[2026/09/10 18:06:34] <INTERRUPT>
[2026/09/10 18:06:34] =>
[2026/09/10 18:06:34] =>
[2026/09/10 18:06:34] 发送(hex): 03
[2026/09/10 18:06:34] 发送(hex): 0d
[2026/09/10 18:06:34] 发送(hex): 20
[2026/09/10 18:06:34] <INTERRUPT>
[2026/09/10 18:06:34] =>
[2026/09/10 18:06:34] 发送(hex): 03
[2026/09/10 18:06:34] =>
[2026/09/10 18:06:34] 发送(hex): 0d
[2026/09/10 18:06:34] <INTERRUPT>
[2026/09/10 18:06:34] =>
[2026/09/10 18:06:34] 发送(hex): 20
[2026/09/10 18:06:34] 发送(hex): 03
[2026/09/10 18:06:34] =>
[2026/09/10 18:06:34] 发送(hex): 0d
[2026/09/10 18:06:34] <INTERRUPT>
[2026/09/10 18:06:34] =>
[2026/09/10 18:06:34] 发送(hex): 20
[2026/09/10 18:06:34] 发送(hex): 03
[2026/09/10 18:06:34] =>
[2026/09/10 18:06:34] 发送(hex): 0d
[2026/09/10 18:06:34] <INTERRUPT>
[2026/09/10 18:06:34] =>
[2026/09/10 18:06:34] 发送(hex): 20
[2026/09/10 18:06:34] 发送(hex): 03
[2026/09/10 18:06:34] =>
[2026/09/10 18:06:34] 发送(hex): 0d
[2026/09/10 18:06:34] <INTERRUPT>
[2026/09/10 18:06:34] =>
[2026/09/10 18:06:34] 发送(hex): 20
[2026/09/10 18:06:34] 发送(hex): 03
[2026/09/10 18:06:34] =>
[2026/09/10 18:06:34] 发送(hex): 0d
[2026/09/10 18:06:34] <INTERRUPT>
[2026/09/10 18:06:34] =>
[2026/09/10 18:06:34] 发送(hex): 20
[2026/09/10 18:06:34] 发送(hex): 03
[2026/09/10 18:06:34] =>
[2026/09/10 18:06:34] 发送(hex): 0d
[2026/09/10 18:06:34] <INTERRUPT>
[2026/09/10 18:06:34] =>
[2026/09/10 18:06:34] 发送(hex): 20
[2026/09/10 18:06:34] 发送(hex): 03
[2026/09/10 18:06:34] =>
[2026/09/10 18:06:34] 发送(hex): 0d
[2026/09/10 18:06:34] <INTERRUPT>
[2026/09/10 18:06:34] =>
[2026/09/10 18:06:34] 发送(hex): 20
[2026/09/10 18:06:34] 发送(hex): 03
[2026/09/10 18:06:34] =>
[2026/09/10 18:06:34] 发送(hex): 0d
[2026/09/10 18:06:34] <INTERRUPT>
[2026/09/10 18:06:34] =>
[2026/09/10 18:06:34] 发送(hex): 20
[2026/09/10 18:06:34] 发送(hex): 03
[2026/09/10 18:06:34] =>
[2026/09/10 18:06:34] 发送(hex): 0d
[2026/09/10 18:06:34] <INTERRUPT>
[2026/09/10 18:06:34] =>
[2026/09/10 18:06:34] 发送(hex): 20
[2026/09/10 18:06:34] =>
[2026/09/10 18:06:34] 发送(hex): 03
[2026/09/10 18:06:34] 发送(hex): 0d
[2026/09/10 18:06:34] <INTERRUPT>
[2026/09/10 18:06:34] =>
[2026/09/10 18:06:34] 发送(hex): 20
[2026/09/10 18:06:34] =>
[2026/09/10 18:06:34] 发送(hex): 03
[2026/09/10 18:06:34] 发送(hex): 0d
[2026/09/10 18:06:34] <INTERRUPT>
[2026/09/10 18:06:34] =>
[2026/09/10 18:06:34] 发送(hex): 20
[2026/09/10 18:06:34] =>
[2026/09/10 18:06:34] 发送(hex): 03
[2026/09/10 18:06:34] 发送(hex): 0d
[2026/09/10 18:06:34] <INTERRUPT>
[2026/09/10 18:06:34] =>
[2026/09/10 18:06:34] 发送(hex): 20
[2026/09/10 18:06:34] =>
[2026/09/10 18:06:34] 发送(hex): 03
[2026/09/10 18:06:34] 发送(hex): 0d
[2026/09/10 18:06:34] <INTERRUPT>
[2026/09/10 18:06:34] =>
[2026/09/10 18:06:34] 发送(hex): 20
[2026/09/10 18:06:34] =>
[2026/09/10 18:06:34] 发送(hex): 03
[2026/09/10 18:06:34] 发送(hex): 0d
[2026/09/10 18:06:34] <INTERRUPT>
[2026/09/10 18:06:34] 发送(hex): 20
[2026/09/10 18:06:34] =>
[2026/09/10 18:06:34] =>
[2026/09/10 18:06:34] 发送(hex): 03
[2026/09/10 18:06:34] 发送(hex): 0d
[2026/09/10 18:06:34] <
[2026/09/10 18:06:34] 发送(hex): 20
[2026/09/10 18:06:34] INTERRUPT>
[2026/09/10 18:06:34] =>
[2026/09/10 18:06:34] =>
[2026/09/10 18:06:34] 发送(hex): 03
[2026/09/10 18:06:34] 发送(hex): 0d
[2026/09/10 18:06:34] 发送(hex): 20
[2026/09/10 18:06:34] <INTERRUPT>
[2026/09/10 18:06:34] =>
[2026/09/10 18:06:34] =>
[2026/09/10 18:06:34] 发送(hex): 03
[2026/09/10 18:06:34] 发送(hex): 0d
[2026/09/10 18:06:34] 发送(hex): 20
[2026/09/10 18:06:34] <INTERRUPT>
[2026/09/10 18:06:34] =>
[2026/09/10 18:06:34] =>
[2026/09/10 18:06:34] 发送(hex): 03
[2026/09/10 18:06:34] 发送(hex): 0d
[2026/09/10 18:06:34] 发送(hex): 20
[2026/09/10 18:06:34] <INTERRUPT>
[2026/09/10 18:06:34] =>
[2026/09/10 18:06:34] =>
[2026/09/10 18:06:34] 发送(hex): 03
[2026/09/10 18:06:34] 发送(hex): 0d
[2026/09/10 18:06:34] <INTERRUPT>
[2026/09/10 18:06:34] =>
[2026/09/10 18:06:34] 发送(hex): 20
[2026/09/10 18:06:34] 发送(hex): 03
[2026/09/10 18:06:34] =>
[2026/09/10 18:06:34] 发送(hex): 0d
[2026/09/10 18:06:34] <INTERRUPT>
[2026/09/10 18:06:34] =>
[2026/09/10 18:06:34] 发送(hex): 20
[2026/09/10 18:06:34] 发送(hex): 03
[2026/09/10 18:06:34] =>
[2026/09/10 18:06:34] 发送(hex): 0d
[2026/09/10 18:06:34] <INTERRUPT>
[2026/09/10 18:06:34] =>
[2026/09/10 18:06:34] 发送(hex): 20
[2026/09/10 18:06:34] 发送(hex): 03
[2026/09/10 18:06:34] =>
[2026/09/10 18:06:34] 发送(hex): 0d
[2026/09/10 18:06:34] <INTERRUPT>
[2026/09/10 18:06:34] =>
[2026/09/10 18:06:34] 发送(hex): 20
[2026/09/10 18:06:34] =>
[2026/09/10 18:06:34] 发送(hex): 03
[2026/09/10 18:06:34] 发送(hex): 0d
[2026/09/10 18:06:34] <INTERRUPT>
[2026/09/10 18:06:34] =>
[2026/09/10 18:06:34] 发送(hex): 20
[2026/09/10 18:06:34] =>
[2026/09/10 18:06:34] 发送(hex): 03
[2026/09/10 18:06:34] 发送(hex): 0d
[2026/09/10 18:06:34] <INTERRUPT>
[2026/09/10 18:06:34] =>
[2026/09/10 18:06:34] 发送(hex): 20
[2026/09/10 18:06:34] =>
[2026/09/10 18:06:34] 发送(hex): 03
[2026/09/10 18:06:34] 发送(hex): 0d
[2026/09/10 18:06:34] <INTERRUPT>
[2026/09/10 18:06:34] =>
[2026/09/10 18:06:34] 发送(hex): 20
[2026/09/10 18:06:34] =>
[2026/09/10 18:06:34] 发送(hex): 03
[2026/09/10 18:06:34] 发送(hex): 0d
[2026/09/10 18:06:34] <INTERRUPT>
[2026/09/10 18:06:34] =>
[2026/09/10 18:06:34] 发送(hex): 20
[2026/09/10 18:06:34] =>
[2026/09/10 18:06:34] 发送(hex): 03
[2026/09/10 18:06:34] 发送(hex): 0d
[2026/09/10 18:06:34] <INTERRUPT>
[2026/09/10 18:06:34] =>
[2026/09/10 18:06:34] 发送(hex): 20
[2026/09/10 18:06:34] =>
[2026/09/10 18:06:34] 发送(hex): 03
[2026/09/10 18:06:34] 发送(hex): 0d
[2026/09/10 18:06:34] <INTERRUPT>
[2026/09/10 18:06:34] =>
[2026/09/10 18:06:34] 发送(hex): 20
[2026/09/10 18:06:34] =>
[2026/09/10 18:06:34] 发送(hex): 03
[2026/09/10 18:06:34] 发送(hex): 0d
[2026/09/10 18:06:34] <INTERRUPT>
[2026/09/10 18:06:34] =>
[2026/09/10 18:06:35] 发送(hex): 20
[2026/09/10 18:06:35] =>
[2026/09/10 18:06:35] 发送(hex): 03
[2026/09/10 18:06:35] 发送(hex): 0d
[2026/09/10 18:06:35] <INTERRUPT>
[2026/09/10 18:06:35] =>
[2026/09/10 18:06:35] 发送(hex): 20
[2026/09/10 18:06:35] =>
[2026/09/10 18:06:35] 发送(hex): 03
[2026/09/10 18:06:35] 发送(hex): 0d
[2026/09/10 18:06:35] <INTERRUPT>
[2026/09/10 18:06:35] =>
[2026/09/10 18:06:35] 发送(hex): 20
[2026/09/10 18:06:35] =>
[2026/09/10 18:06:35] 发送(hex): 03
[2026/09/10 18:06:35] 发送(hex): 0d
[2026/09/10 18:06:35] <INTERRUPT>
[2026/09/10 18:06:35] =>
[2026/09/10 18:06:35] 发送(hex): 20
[2026/09/10 18:06:35] =>
[2026/09/10 18:06:35] 发送(hex): 03
[2026/09/10 18:06:35] 发送(hex): 0d
[2026/09/10 18:06:35] 发送(hex): 20
[2026/09/10 18:06:35] <INTERRUPT>
[2026/09/10 18:06:35] =>
[2026/09/10 18:06:35] =>
[2026/09/10 18:06:35] 发送(hex): 03
[2026/09/10 18:06:35] 发送(hex): 0d
[2026/09/10 18:06:35] 发送(hex): 20
[2026/09/10 18:06:35] <INTERRUPT>
[2026/09/10 18:06:35] =>
[2026/09/10 18:06:35] =>
[2026/09/10 18:06:35] 发送(hex): 03
[2026/09/10 18:06:35] 发送(hex): 0d
[2026/09/10 18:06:35] 发送(hex): 20
[2026/09/10 18:06:35] <INTERRUPT>
[2026/09/10 18:06:35] =>
[2026/09/10 18:06:35] =>
[2026/09/10 18:06:35] 发送(hex): 03
[2026/09/10 18:06:35] 发送(hex): 0d
[2026/09/10 18:06:35] 发送(hex): 20
[2026/09/10 18:06:35] <INTERRUPT>
[2026/09/10 18:06:35] =>
[2026/09/10 18:06:35] =
[2026/09/10 18:06:35] 发送(hex): 03
[2026/09/10 18:06:35] >
[2026/09/10 18:06:35] 发送(hex): 0d
[2026/09/10 18:06:35] <INTERRUPT>
[2026/09/10 18:06:35] =>
[2026/09/10 18:06:35] 发送(hex): 20
[2026/09/10 18:06:35] 发送(hex): 03
[2026/09/10 18:06:35] =>
[2026/09/10 18:06:35] 发送(hex): 0d
[2026/09/10 18:06:35] <INTERRUPT>
[2026/09/10 18:06:35] =>
[2026/09/10 18:06:35] 发送(hex): 20
[2026/09/10 18:06:35] =>
[2026/09/10 18:06:35] 发送(hex): 03
[2026/09/10 18:06:35] 发送(hex): 0d
[2026/09/10 18:06:35] <INTERRUPT>
[2026/09/10 18:06:35] =>
[2026/09/10 18:06:35] 发送(hex): 20
[2026/09/10 18:06:35] =>
[2026/09/10 18:06:35] 发送(hex): 03
[2026/09/10 18:06:35] 发送(hex): 0d
[2026/09/10 18:06:35] <INTERRUPT>
[2026/09/10 18:06:35] =>
[2026/09/10 18:06:35] 发送(hex): 20
[2026/09/10 18:06:35] =>
[2026/09/10 18:06:35] 发送(hex): 03
[2026/09/10 18:06:35] 发送(hex): 0d
[2026/09/10 18:06:35] <INTERRUPT>
[2026/09/10 18:06:35] =>
[2026/09/10 18:06:35] 发送(hex): 20
[2026/09/10 18:06:35] =>
[2026/09/10 18:06:35] 发送(hex): 03
[2026/09/10 18:06:35] 发送(hex): 0d
[2026/09/10 18:06:35] <INTERRUPT>
[2026/09/10 18:06:35] =>
[2026/09/10 18:06:35] 发送(hex): 20
[2026/09/10 18:06:35] =>
[2026/09/10 18:06:35] 发送(hex): 03
[2026/09/10 18:06:35] 发送(hex): 0d
[2026/09/10 18:06:35] <INTERRUPT>
[2026/09/10 18:06:35] =>
[2026/09/10 18:06:35] 发送(hex): 20
[2026/09/10 18:06:35] =>
[2026/09/10 18:06:35] 发送(hex): 03
[2026/09/10 18:06:35] 发送(hex): 0d
[2026/09/10 18:06:35] <INTERRUPT>
[2026/09/10 18:06:35] =>
[2026/09/10 18:06:35] 发送(hex): 20
[2026/09/10 18:06:35] =>
[2026/09/10 18:06:35] 发送(hex): 03
[2026/09/10 18:06:35] 发送(hex): 0d
[2026/09/10 18:06:35] <INTERRUPT>
[2026/09/10 18:06:35] 发送(hex): 20
[2026/09/10 18:06:35] =>
[2026/09/10 18:06:35] =>
[2026/09/10 18:06:35] 发送(hex): 03
[2026/09/10 18:06:35] 发送(hex): 0d
[2026/09/10 18:06:35] <INT
[2026/09/10 18:06:35] 发送(hex): 20
[2026/09/10 18:06:35] ERRUPT>
[2026/09/10 18:06:35] =>
[2026/09/10 18:06:35] =>
[2026/09/10 18:06:35] 发送(hex): 03
[2026/09/10 18:06:35] 发送(hex): 0d
[2026/09/10 18:06:35] 发送(hex): 20
[2026/09/10 18:06:35] <INTERRUPT>
[2026/09/10 18:06:35] =>
[2026/09/10 18:06:35] =>
[2026/09/10 18:06:35] 发送(hex): 03
[2026/09/10 18:06:35] 发送(hex): 0d
[2026/09/10 18:06:35] 发送(hex): 20
[2026/09/10 18:06:35] <INTERRUPT>
[2026/09/10 18:06:35] =>
[2026/09/10 18:06:35] =>
[2026/09/10 18:06:35] 发送(hex): 03
[2026/09/10 18:06:35] 发送(hex): 0d
[2026/09/10 18:06:35] 发送(hex): 20
[2026/09/10 18:06:35] <INTERRUPT>
[2026/09/10 18:06:35] =>
[2026/09/10 18:06:35] =>
[2026/09/10 18:06:35] 发送(hex): 03
[2026/09/10 18:06:35] 发送(hex): 0d
[2026/09/10 18:06:35] 发送(hex): 20
[2026/09/10 18:06:35] <INTERRUPT>
[2026/09/10 18:06:35] =>
[2026/09/10 18:06:35] =>
[2026/09/10 18:06:35] 发送(hex): 03
[2026/09/10 18:06:35] 发送(hex): 0d
[2026/09/10 18:06:35] 发送(hex): 20
[2026/09/10 18:06:35] <INTERRUPT>
[2026/09/10 18:06:35] =>
[2026/09/10 18:06:35] =>
[2026/09/10 18:06:35] 发送(hex): 03
[2026/09/10 18:06:35] 发送(hex): 0d
[2026/09/10 18:06:35] 发送(hex): 20
[2026/09/10 18:06:35] <INTERRUPT>
[2026/09/10 18:06:35] =>
[2026/09/10 18:06:35] =>
[2026/09/10 18:06:35] 发送(hex): 03
[2026/09/10 18:06:35] 发送(hex): 0d
[2026/09/10 18:06:35] 发送(hex): 20
[2026/09/10 18:06:35] <INTERRUPT>
[2026/09/10 18:06:35] =>
[2026/09/10 18:06:35] =>
[2026/09/10 18:06:35] 发送(hex): 03
[2026/09/10 18:06:35] 发送(hex): 0d
[2026/09/10 18:06:35] 发送(hex): 20
[2026/09/10 18:06:35] <INTERRUPT>
[2026/09/10 18:06:35] =>
[2026/09/10 18:06:35] =>
[2026/09/10 18:06:35] 发送(hex): 03
[2026/09/10 18:06:35] 发送(hex): 0d
[2026/09/10 18:06:35] 发送(hex): 20
[2026/09/10 18:06:35] <INTERRUPT>
[2026/09/10 18:06:35] =>
[2026/09/10 18:06:35] =>
[2026/09/10 18:06:35] 发送(hex): 03
[2026/09/10 18:06:35] 发送(hex): 0d
[2026/09/10 18:06:35] 发送(hex): 20
[2026/09/10 18:06:35] <INTERRUPT>
[2026/09/10 18:06:35] =>
[2026/09/10 18:06:35] =>
[2026/09/10 18:06:35] 发送(hex): 03
[2026/09/10 18:06:35] 发送(hex): 0d
[2026/09/10 18:06:35] 发送(hex): 20
[2026/09/10 18:06:35] <INTERRUPT>
[2026/09/10 18:06:35] =>
[2026/09/10 18:06:35] =>
[2026/09/10 18:06:35] 发送(hex): 03
[2026/09/10 18:06:35] 发送(hex): 0d
[2026/09/10 18:06:35] 发送(hex): 20
[2026/09/10 18:06:35] <INTERRUPT>
[2026/09/10 18:06:35] =>
[2026/09/10 18:06:35] =>
[2026/09/10 18:06:35] 发送(hex): 03
[2026/09/10 18:06:35] 发送(hex): 0d
[2026/09/10 18:06:35] 发送(hex): 20
[2026/09/10 18:06:35] <INTERRUPT>
[2026/09/10 18:06:35] =>
[2026/09/10 18:06:35] =>
[2026/09/10 18:06:35] 发送(hex): 03
[2026/09/10 18:06:36] 发送(hex): 0d
[2026/09/10 18:06:36] 发送(hex): 20
[2026/09/10 18:06:36] <INTERRUPT>
[2026/09/10 18:06:36] =>
[2026/09/10 18:06:36] =>
[2026/09/10 18:06:36] 发送(hex): 03
[2026/09/10 18:06:36] 发送(hex): 0d
[2026/09/10 18:06:36] 发送(hex): 20
[2026/09/10 18:06:36] <INTERRUPT>
[2026/09/10 18:06:36] =>
[2026/09/10 18:06:36] =>
[2026/09/10 18:06:36] 发送(hex): 03
[2026/09/10 18:06:36] 发送(hex): 0d
[2026/09/10 18:06:36] 发送(hex): 20
[2026/09/10 18:06:36] <INTERRUPT>
[2026/09/10 18:06:36] =>
[2026/09/10 18:06:36] =>
[2026/09/10 18:06:36] 发送(hex): 03
[2026/09/10 18:06:36] 发送(hex): 0d
[2026/09/10 18:06:36] 发送(hex): 20
[2026/09/10 18:06:36] <INTERRUPT>
[2026/09/10 18:06:36] =>
[2026/09/10 18:06:36] =>
[2026/09/10 18:06:36] 发送(hex): 03
[2026/09/10 18:06:36] 发送(hex): 0d
[2026/09/10 18:06:36] 发送(hex): 20
[2026/09/10 18:06:36] <INTERRUPT>
[2026/09/10 18:06:36] =>
[2026/09/10 18:06:36] =>
[2026/09/10 18:06:36] 发送(hex): 03
[2026/09/10 18:06:36] 发送(hex): 0d
[2026/09/10 18:06:36] 发送(hex): 20
[2026/09/10 18:06:36] <INTERRUPT>
[2026/09/10 18:06:36] =>
[2026/09/10 18:06:36] =>
[2026/09/10 18:06:36] 发送(hex): 03
[2026/09/10 18:06:36] 发送(hex): 0d
[2026/09/10 18:06:36] <INTERRUPT>
[2026/09/10 18:06:36] =>
[2026/09/10 18:06:36] 发送(hex): 20
[2026/09/10 18:06:36] 发送(hex): 03
[2026/09/10 18:06:36] =>
[2026/09/10 18:06:36] 发送(hex): 0d
[2026/09/10 18:06:36] <INTERRUPT>
[2026/09/10 18:06:36] =>
[2026/09/10 18:06:36] 发送(hex): 20
[2026/09/10 18:06:36] 发送(hex): 03
[2026/09/10 18:06:36] =>
[2026/09/10 18:06:36] 发送(hex): 0d
[2026/09/10 18:06:36] <INTERRUPT>
[2026/09/10 18:06:36] =>
[2026/09/10 18:06:36] 发送(hex): 20
[2026/09/10 18:06:36] 发送(hex): 03
[2026/09/10 18:06:36] =>
[2026/09/10 18:06:36] 发送(hex): 0d
[2026/09/10 18:06:36] <INTERRUPT>
[2026/09/10 18:06:36] =>
[2026/09/10 18:06:36] 发送(hex): 20
[2026/09/10 18:06:36] =>
[2026/09/10 18:06:36] 发送(hex): 03
[2026/09/10 18:06:36] 发送(hex): 0d
[2026/09/10 18:06:36] <INTERRUPT>
[2026/09/10 18:06:36] =>
[2026/09/10 18:06:36] 发送(hex): 20
[2026/09/10 18:06:36] =>
[2026/09/10 18:06:36] 发送(hex): 03
[2026/09/10 18:06:36] 发送(hex): 0d
[2026/09/10 18:06:36] <INTERRUPT>
[2026/09/10 18:06:36] =>
[2026/09/10 18:06:36] 发送(hex): 20
[2026/09/10 18:06:36] =>
[2026/09/10 18:06:36] 发送(hex): 03
[2026/09/10 18:06:36] 发送(hex): 0d
[2026/09/10 18:06:36] <INTERRUPT>
[2026/09/10 18:06:36] =>
[2026/09/10 18:06:36] 发送(hex): 20
[2026/09/10 18:06:36] =>
[2026/09/10 18:06:36] 发送(hex): 03
[2026/09/10 18:06:36] 发送(hex): 0d
[2026/09/10 18:06:36] 发送(hex): 20
[2026/09/10 18:06:36] <INTERRUPT>
[2026/09/10 18:06:36] =>
[2026/09/10 18:06:36] =>
[2026/09/10 18:06:36] 发送(hex): 03
[2026/09/10 18:06:36] 发送(hex): 0d
[2026/09/10 18:06:36] 发送(hex): 20
[2026/09/10 18:06:36] <INTERRUPT>
[2026/09/10 18:06:36] =>
[2026/09/10 18:06:36] =>
[2026/09/10 18:06:36] 发送(hex): 03
[2026/09/10 18:06:36] 发送(hex): 0d
[2026/09/10 18:06:36] 发送(hex): 20
[2026/09/10 18:06:36] <INTERRUPT>
[2026/09/10 18:06:36] =>
[2026/09/10 18:06:36] =>
[2026/09/10 18:06:36] 发送(hex): 03
[2026/09/10 18:06:36] 发送(hex): 0d
[2026/09/10 18:06:36] <INTERRUPT>
[2026/09/10 18:06:36] =>
[2026/09/10 18:06:36] =>
[2026/09/10 18:06:36] 发送(hex): 20
[2026/09/10 18:06:36] 发送(hex): 03
[2026/09/10 18:06:36] 发送(hex): 0d
[2026/09/10 18:06:36] <INTERRUPT>
[2026/09/10 18:06:36] =>
[2026/09/10 18:06:36] 发送(hex): 20
[2026/09/10 18:06:36] =>
[2026/09/10 18:06:36] 发送(hex): 03
[2026/09/10 18:06:36] 发送(hex): 0d
[2026/09/10 18:06:36] <INTERRUPT>
[2026/09/10 18:06:36] =>
[2026/09/10 18:06:36] 发送(hex): 20
[2026/09/10 18:06:36] =>
[2026/09/10 18:06:36] 发送(hex): 03
[2026/09/10 18:06:36] 发送(hex): 0d
[2026/09/10 18:06:36] <INTERRUP
[2026/09/10 18:06:36] 发送(hex): 20
[2026/09/10 18:06:36] T>
[2026/09/10 18:06:36] =>
[2026/09/10 18:06:36] =>
[2026/09/10 18:06:36] 发送(hex): 03
[2026/09/10 18:06:36] 发送(hex): 0d
[2026/09/10 18:06:36] <
[2026/09/10 18:06:36] 发送(hex): 20
[2026/09/10 18:06:36] INTERRUPT>
[2026/09/10 18:06:36] =>
[2026/09/10 18:06:36] =>
[2026/09/10 18:06:36] 发送(hex): 03
[2026/09/10 18:06:36] 发送(hex): 0d
[2026/09/10 18:06:36] <I
[2026/09/10 18:06:36] 发送(hex): 20
[2026/09/10 18:06:36] NTERRUPT>
[2026/09/10 18:06:36] =>
[2026/09/10 18:06:36] =>
[2026/09/10 18:06:36] 发送(hex): 03
[2026/09/10 18:06:36] 发送(hex): 0d
[2026/09/10 18:06:36] <INTE
[2026/09/10 18:06:36] 发送(hex): 20
[2026/09/10 18:06:36] RRUPT>
[2026/09/10 18:06:36] =>
[2026/09/10 18:06:36] =>
[2026/09/10 18:06:36] 发送(hex): 03
[2026/09/10 18:06:36] 发送(hex): 0d
[2026/09/10 18:06:36] 发送(hex): 20
[2026/09/10 18:06:36] <INTERRUPT>
[2026/09/10 18:06:36] =>
[2026/09/10 18:06:36] =>
[2026/09/10 18:06:36] 发送(hex): 03
[2026/09/10 18:06:36] 发送(hex): 0d
[2026/09/10 18:06:36] <INTERRUPT>
[2026/09/10 18:06:36] =>
[2026/09/10 18:06:36] =>
[2026/09/10 18:06:36] 发送(hex): 20
[2026/09/10 18:06:36] 发送(hex): 03
[2026/09/10 18:06:36] 发送(hex): 0d
[2026/09/10 18:06:36] <INTERRUPT>
[2026/09/10 18:06:36] =>
[2026/09/10 18:06:36] 发送(hex): 20
[2026/09/10 18:06:36] 发送(hex): 03
[2026/09/10 18:06:36] =>
[2026/09/10 18:06:36] 发送(hex): 0d
[2026/09/10 18:06:36] <INTERRUPT>
[2026/09/10 18:06:36] =>
[2026/09/10 18:06:36] 发送(hex): 20
[2026/09/10 18:06:36] 发送(hex): 03
[2026/09/10 18:06:36] =>
[2026/09/10 18:06:36] 发送(hex): 0d
[2026/09/10 18:06:36] <INTERRUPT>
[2026/09/10 18:06:36] =>
[2026/09/10 18:06:36] 发送(hex): 20
[2026/09/10 18:06:36] 发送(hex): 03
[2026/09/10 18:06:36] =>
[2026/09/10 18:06:36] 发送(hex): 0d
[2026/09/10 18:06:36] <INTERRUPT>
[2026/09/10 18:06:36] =>
[2026/09/10 18:06:36] 发送(hex): 20
[2026/09/10 18:06:36] 发送(hex): 03
[2026/09/10 18:06:36] =>
[2026/09/10 18:06:36] 发送(hex): 0d
[2026/09/10 18:06:36] <INTERRUPT>
[2026/09/10 18:06:36] =>
[2026/09/10 18:06:36] 发送(hex): 20
[2026/09/10 18:06:36] 发送(hex): 03
[2026/09/10 18:06:36] =>
[2026/09/10 18:06:37] 发送(hex): 0d
[2026/09/10 18:06:37] <INTERRUPT>
[2026/09/10 18:06:37] =>
[2026/09/10 18:06:37] 发送(hex): 20
[2026/09/10 18:06:37] 发送(hex): 03
[2026/09/10 18:06:37] =>
[2026/09/10 18:06:37] 发送(hex): 0d
[2026/09/10 18:06:37] <INTERRUPT>
[2026/09/10 18:06:37] =>
[2026/09/10 18:06:37] 发送(hex): 20
[2026/09/10 18:06:37] =>
[2026/09/10 18:06:37] 发送(hex): 03
[2026/09/10 18:06:37] 发送(hex): 0d
[2026/09/10 18:06:37] <INTERRUPT>
[2026/09/10 18:06:37] =>
[2026/09/10 18:06:37] 发送(hex): 20
[2026/09/10 18:06:37] =>
[2026/09/10 18:06:37] 发送(hex): 03
[2026/09/10 18:06:37] 发送(hex): 0d
[2026/09/10 18:06:37] <INTERRUPT>
[2026/09/10 18:06:37] =>
[2026/09/10 18:06:37] 发送(hex): 20
[2026/09/10 18:06:37] =>
[2026/09/10 18:06:37] 发送(hex): 03
[2026/09/10 18:06:37] 发送(hex): 0d
[2026/09/10 18:06:37] <INTERRUPT>
[2026/09/10 18:06:37] =>
[2026/09/10 18:06:37] 发送(hex): 20
[2026/09/10 18:06:37] =>
[2026/09/10 18:06:37] 发送(hex): 03
[2026/09/10 18:06:37] 发送(hex): 0d
[2026/09/10 18:06:37] 发送(hex): 20
[2026/09/10 18:06:37] <INTERRUPT>
[2026/09/10 18:06:37] =>
[2026/09/10 18:06:37] =>
[2026/09/10 18:06:37] 发送(hex): 03
[2026/09/10 18:06:37] 发送(hex): 0d
[2026/09/10 18:06:37] 发送(hex): 20
[2026/09/10 18:06:37] <INTERRUPT>
[2026/09/10 18:06:37] =>
[2026/09/10 18:06:37] 发送(hex): 03
[2026/09/10 18:06:37] =>
[2026/09/10 18:06:37] 发送(hex): 0d
[2026/09/10 18:06:37] <INTERRUPT>
[2026/09/10 18:06:37] =>
[2026/09/10 18:06:37] 发送(hex): 20
[2026/09/10 18:06:37] =>
[2026/09/10 18:06:37] 发送(hex): 03
[2026/09/10 18:06:37] 发送(hex): 0d
[2026/09/10 18:06:37] <INTERRUPT>
[2026/09/10 18:06:37] =>
[2026/09/10 18:06:37] 发送(hex): 20
[2026/09/10 18:06:37] =>
[2026/09/10 18:06:37] 发送(hex): 03
[2026/09/10 18:06:37] 发送(hex): 0d
[2026/09/10 18:06:37] <INTERRUPT>
[2026/09/10 18:06:37] =>
[2026/09/10 18:06:37] 发送(hex): 20
[2026/09/10 18:06:37] =>
[2026/09/10 18:06:37] 发送(hex): 03
[2026/09/10 18:06:37] 发送(hex): 0d
[2026/09/10 18:06:37] <INTERRUPT>
[2026/09/10 18:06:37] =>
[2026/09/10 18:06:37] 发送(hex): 20
[2026/09/10 18:06:37] =>
[2026/09/10 18:06:37] 发送(hex): 03
[2026/09/10 18:06:37] 发送(hex): 0d
[2026/09/10 18:06:37] <INTERRUPT>
[2026/09/10 18:06:37] =>
[2026/09/10 18:06:37] 发送(hex): 20
[2026/09/10 18:06:37] =>
[2026/09/10 18:06:37] 发送(hex): 03
[2026/09/10 18:06:37] 发送(hex): 0d
[2026/09/10 18:06:37] 发送(hex): 20
[2026/09/10 18:06:37] <INTERRUPT>
[2026/09/10 18:06:37] =>
[2026/09/10 18:06:37] =>
[2026/09/10 18:06:37] 发送(hex): 03
[2026/09/10 18:06:37] 发送(hex): 0d
[2026/09/10 18:06:37] <INTERRUPT>
[2026/09/10 18:06:37] =>
[2026/09/10 18:06:37] 发送(hex): 20
[2026/09/10 18:06:37] 发送(hex): 03
[2026/09/10 18:06:37] =>
[2026/09/10 18:06:37] 发送(hex): 0d
[2026/09/10 18:06:37] <INTERRUPT>
[2026/09/10 18:06:37] =>
[2026/09/10 18:06:37] 发送(hex): 20
[2026/09/10 18:06:37] 发送(hex): 03
[2026/09/10 18:06:37] =>
[2026/09/10 18:06:37] 发送(hex): 0d
[2026/09/10 18:06:37] <INTERRUPT>
[2026/09/10 18:06:37] =>
[2026/09/10 18:06:37] 发送(hex): 20
[2026/09/10 18:06:37] 发送(hex): 03
[2026/09/10 18:06:37] =>
[2026/09/10 18:06:37] 发送(hex): 0d
[2026/09/10 18:06:37] <INTERRUPT>
[2026/09/10 18:06:37] =>
[2026/09/10 18:06:37] 发送(hex): 20
[2026/09/10 18:06:37] 发送(hex): 03
[2026/09/10 18:06:37] =>
[2026/09/10 18:06:37] 发送(hex): 0d
[2026/09/10 18:06:37] <INTERRUPT>
[2026/09/10 18:06:37] =>
[2026/09/10 18:06:37] 发送(hex): 20
[2026/09/10 18:06:37] =>
[2026/09/10 18:06:37] 发送(hex): 03
[2026/09/10 18:06:37] 发送(hex): 0d
[2026/09/10 18:06:37] <INTERRUPT>
[2026/09/10 18:06:37] =>
[2026/09/10 18:06:37] 发送(hex): 20
[2026/09/10 18:06:37] =>
[2026/09/10 18:06:37] 发送(hex): 03
[2026/09/10 18:06:37] 发送(hex): 0d
[2026/09/10 18:06:37] <INTERRUPT>
[2026/09/10 18:06:37] =>
[2026/09/10 18:06:37] 发送(hex): 20
[2026/09/10 18:06:37] =>
[2026/09/10 18:06:37] 发送(hex): 03
[2026/09/10 18:06:37] 发送(hex): 0d
[2026/09/10 18:06:37] 发送(hex): 20
[2026/09/10 18:06:37] <INTERRUPT>
[2026/09/10 18:06:37] =>
[2026/09/10 18:06:37] =>
[2026/09/10 18:06:37] 发送(hex): 03
[2026/09/10 18:06:37] 发送(hex): 0d
[2026/09/10 18:06:37] 发送(hex): 20
[2026/09/10 18:06:37] <INTERRUPT>
[2026/09/10 18:06:37] =>
[2026/09/10 18:06:37] =>
[2026/09/10 18:06:37] 发送(hex): 03
[2026/09/10 18:06:37] 发送(hex): 0d
[2026/09/10 18:06:37] 发送(hex): 20
[2026/09/10 18:06:37] <INTERRUPT>
[2026/09/10 18:06:37] =>
[2026/09/10 18:06:37] =>
[2026/09/10 18:06:37] 发送(hex): 03
[2026/09/10 18:06:37] 发送(hex): 0d
[2026/09/10 18:06:37] 发送(hex): 20
[2026/09/10 18:06:37] <INTERRUPT>
[2026/09/10 18:06:37] =>
[2026/09/10 18:06:37] =>
[2026/09/10 18:06:37] 发送(hex): 03
[2026/09/10 18:06:37] 发送(hex): 0d
[2026/09/10 18:06:37] <INTERRUPT>
[2026/09/10 18:06:37] =>
[2026/09/10 18:06:37] 发送(hex): 20
[2026/09/10 18:06:37] 发送(hex): 03
[2026/09/10 18:06:37] =>
[2026/09/10 18:06:37] 发送(hex): 0d
[2026/09/10 18:06:37] <INTERRUPT>
[2026/09/10 18:06:37] =>
[2026/09/10 18:06:37] 发送(hex): 20
[2026/09/10 18:06:37] =>
[2026/09/10 18:06:37] 发送(hex): 03
[2026/09/10 18:06:37] 发送(hex): 0d
[2026/09/10 18:06:37] <INTERRUPT>
[2026/09/10 18:06:37] =>
[2026/09/10 18:06:37] 发送(hex): 20
[2026/09/10 18:06:37] =>
[2026/09/10 18:06:37] 发送(hex): 03
[2026/09/10 18:06:37] 发送(hex): 0d
[2026/09/10 18:06:37] <INTERRUPT>
[2026/09/10 18:06:37] =>
[2026/09/10 18:06:37] 发送(hex): 20
[2026/09/10 18:06:37] =>
[2026/09/10 18:06:37] 发送(hex): 03
[2026/09/10 18:06:37] 发送(hex): 0d
[2026/09/10 18:06:37] <INTERRUPT>
[2026/09/10 18:06:37] 发送(hex): 20
[2026/09/10 18:06:37] =>
[2026/09/10 18:06:37] =>
[2026/09/10 18:06:37] 发送(hex): 03
[2026/09/10 18:06:37] 发送(hex): 0d
[2026/09/10 18:06:38] 发送(hex): 20
[2026/09/10 18:06:38] <INTERRUPT>
[2026/09/10 18:06:38] =>
[2026/09/10 18:06:38] =>
[2026/09/10 18:06:38] 发送(hex): 03
[2026/09/10 18:06:38] 发送(hex): 0d
[2026/09/10 18:06:38] 发送(hex): 20
[2026/09/10 18:06:38] <INTERRUPT>
[2026/09/10 18:06:38] =>
[2026/09/10 18:06:38] =>
[2026/09/10 18:06:38] 发送(hex): 03
[2026/09/10 18:06:38] 发送(hex): 0d
[2026/09/10 18:06:38] 发送(hex): 20
[2026/09/10 18:06:38] <INTERRUPT>
[2026/09/10 18:06:38] =>
[2026/09/10 18:06:38] =>
[2026/09/10 18:06:38] 发送(hex): 03
[2026/09/10 18:06:38] 发送(hex): 0d
[2026/09/10 18:06:38] <INTERRUPT>
[2026/09/10 18:06:38] =>
[2026/09/10 18:06:38] 发送(hex): 20
[2026/09/10 18:06:38] 发送(hex): 03
[2026/09/10 18:06:38] =>
[2026/09/10 18:06:38] 发送(hex): 0d
[2026/09/10 18:06:38] <INTERRUPT>
[2026/09/10 18:06:38] =>
[2026/09/10 18:06:38] 发送(hex): 20
[2026/09/10 18:06:38] 发送(hex): 03
[2026/09/10 18:06:38] =>
[2026/09/10 18:06:38] 发送(hex): 0d
[2026/09/10 18:06:38] <INTERRUPT>
[2026/09/10 18:06:38] =>
[2026/09/10 18:06:38] 发送(hex): 20
[2026/09/10 18:06:38] 发送(hex): 03
[2026/09/10 18:06:38] =>
[2026/09/10 18:06:38] 发送(hex): 0d
[2026/09/10 18:06:38] <INTERRUPT>
[2026/09/10 18:06:38] =>
[2026/09/10 18:06:38] 发送(hex): 20
[2026/09/10 18:06:38] =>
[2026/09/10 18:06:38] 发送(hex): 03
[2026/09/10 18:06:38] 发送(hex): 0d
[2026/09/10 18:06:38] <INTERRUPT>
[2026/09/10 18:06:38] =>
[2026/09/10 18:06:38] 发送(hex): 20
[2026/09/10 18:06:38] =>
[2026/09/10 18:06:38] 发送(hex): 03
[2026/09/10 18:06:38] 发送(hex): 0d
[2026/09/10 18:06:38] <INTERRUPT>
[2026/09/10 18:06:38] =>
[2026/09/10 18:06:38] 发送(hex): 20
[2026/09/10 18:06:38] =>
[2026/09/10 18:06:38] 发送(hex): 03
[2026/09/10 18:06:38] 发送(hex): 0d
[2026/09/10 18:06:38] 发送(hex): 20
[2026/09/10 18:06:38] <INTERRUPT>
[2026/09/10 18:06:38] =>
[2026/09/10 18:06:38] =>
[2026/09/10 18:06:38] 发送(hex): 03
[2026/09/10 18:06:38] 发送(hex): 0d
[2026/09/10 18:06:38] 发送(hex): 20
[2026/09/10 18:06:38] <INTERRUPT>
[2026/09/10 18:06:38] =>
[2026/09/10 18:06:38] =>
[2026/09/10 18:06:38] 发送(hex): 03
[2026/09/10 18:06:38] 发送(hex): 0d
[2026/09/10 18:06:38] 发送(hex): 20
[2026/09/10 18:06:38] <INTERRUPT>
[2026/09/10 18:06:38] =>
[2026/09/10 18:06:38] =>
[2026/09/10 18:06:38] 发送(hex): 03
[2026/09/10 18:06:38] 发送(hex): 0d
[2026/09/10 18:06:38] 发送(hex): 20
[2026/09/10 18:06:38] <INTERRUPT>
[2026/09/10 18:06:38] =>
[2026/09/10 18:06:38] =>
[2026/09/10 18:06:38] 发送(hex): 03
[2026/09/10 18:06:38] 发送(hex): 0d
[2026/09/10 18:06:38] 发送(hex): 20
[2026/09/10 18:06:38] <INTERRUPT>
[2026/09/10 18:06:38] =>
[2026/09/10 18:06:38] =>
[2026/09/10 18:06:38] 发送(hex): 03
[2026/09/10 18:06:38] 发送(hex): 0d
[2026/09/10 18:06:38] 发送(hex): 20
[2026/09/10 18:06:38] <INTERRUPT>
[2026/09/10 18:06:38] =>
[2026/09/10 18:06:38] =>
[2026/09/10 18:06:38] 发送(hex): 03
[2026/09/10 18:06:38] 发送(hex): 0d
[2026/09/10 18:06:38] <INTERRUPT>
[2026/09/10 18:06:38] =>
[2026/09/10 18:06:38] 发送(hex): 20
[2026/09/10 18:06:38] 发送(hex): 03
[2026/09/10 18:06:38] =>
[2026/09/10 18:06:38] 发送(hex): 0d
[2026/09/10 18:06:38] <INTERRUPT>
[2026/09/10 18:06:38] =>
[2026/09/10 18:06:38] 发送(hex): 20
[2026/09/10 18:06:38] 发送(hex): 03
[2026/09/10 18:06:38] =>
[2026/09/10 18:06:38] 发送(hex): 0d
[2026/09/10 18:06:38] <INTERRUPT>
[2026/09/10 18:06:38] =>
[2026/09/10 18:06:38] 发送(hex): 20
[2026/09/10 18:06:38] 发送(hex): 03
[2026/09/10 18:06:38] =>
[2026/09/10 18:06:38] 发送(hex): 0d
[2026/09/10 18:06:38] <INTERRUPT>
[2026/09/10 18:06:38] =>
[2026/09/10 18:06:38] 发送(hex): 20
[2026/09/10 18:06:38] 发送(hex): 03
[2026/09/10 18:06:38] =>
[2026/09/10 18:06:38] 发送(hex): 0d
[2026/09/10 18:06:38] <INTERRUPT>
[2026/09/10 18:06:38] =>
[2026/09/10 18:06:38] 发送(hex): 20
[2026/09/10 18:06:38] 发送(hex): 03
[2026/09/10 18:06:38] =>
[2026/09/10 18:06:38] 发送(hex): 0d
[2026/09/10 18:06:38] <INTERRUPT>
[2026/09/10 18:06:38] =>
[2026/09/10 18:06:38] 发送(hex): 20
[2026/09/10 18:06:38] 发送(hex): 03
[2026/09/10 18:06:38] =>
[2026/09/10 18:06:38] 发送(hex): 0d
[2026/09/10 18:06:38] <INTERRUPT>
[2026/09/10 18:06:38] =>
[2026/09/10 18:06:38] 发送(hex): 20
[2026/09/10 18:06:38] =>
[2026/09/10 18:06:38] 发送(hex): 03
[2026/09/10 18:06:38] 发送(hex): 0d
[2026/09/10 18:06:38] <INTERRUPT>
[2026/09/10 18:06:38] =>
[2026/09/10 18:06:38] 发送(hex): 20
[2026/09/10 18:06:38] =>
[2026/09/10 18:06:38] 发送(hex): 03
[2026/09/10 18:06:38] 发送(hex): 0d
[2026/09/10 18:06:38] <INTERRUPT>
[2026/09/10 18:06:38] =
[2026/09/10 18:06:38] 发送(hex): 20
[2026/09/10 18:06:38] >
[2026/09/10 18:06:38] =>
[2026/09/10 18:06:38] 发送(hex): 03
[2026/09/10 18:06:38] 发送(hex): 0d
[2026/09/10 18:06:38] <INTERRUPT>
[2026/09/10 18:06:38] =>
[2026/09/10 18:06:38] 发送(hex): 20
[2026/09/10 18:06:38] =>
[2026/09/10 18:06:38] 发送(hex): 03
[2026/09/10 18:06:38] 发送(hex): 0d
[2026/09/10 18:06:38] <INTERRUPT>
[2026/09/10 18:06:38] =>
[2026/09/10 18:06:38] =>
[2026/09/10 18:06:38] 发送(hex): 20
[2026/09/10 18:06:38] 发送(hex): 03
[2026/09/10 18:06:38] 发送(hex): 0d
[2026/09/10 18:06:38] <INTERRUPT>
[2026/09/10 18:06:38] =>
[2026/09/10 18:06:38] 发送(hex): 20
[2026/09/10 18:06:38] 发送(hex): 03
[2026/09/10 18:06:38] =>
[2026/09/10 18:06:38] 发送(hex): 0d
[2026/09/10 18:06:38] <INTERRUPT>
[2026/09/10 18:06:38] =>
[2026/09/10 18:06:38] 发送(hex): 20
[2026/09/10 18:06:38] 发送(hex): 03
[2026/09/10 18:06:38] =>
[2026/09/10 18:06:38] 发送(hex): 0d
[2026/09/10 18:06:38] <INTERRUPT>
[2026/09/10 18:06:38] =>
[2026/09/10 18:06:38] 发送(hex): 20
[2026/09/10 18:06:38] 发送(hex): 03
[2026/09/10 18:06:38] =>
[2026/09/10 18:06:38] <INTERRUPT>
[2026/09/10 18:06:38] =>
[2026/09/10 18:06:56] 发送(hex): 0d
[2026/09/10 18:06:56] 发送(hex): 0d
[2026/09/10 18:06:56] 发送(hex): 0d
[2026/09/10 18:06:56] =>
[2026/09/10 18:06:56] =>
[2026/09/10 18:06:56] 发送(hex): 0d
[2026/09/10 18:06:56] =>
[2026/09/10 18:06:56] 发送(hex): 0d
[2026/09/10 18:06:56] 发送(hex): 7072696e74656e762074636c5f6c6f676f5f706174680d
[2026/09/10 18:06:56] =>
[2026/09/10 18:06:56] =>
[2026/09/10 18:06:56] printenv tcl_logo_path
[2026/09/10 18:06:56] tcl_logo_path=/tclconfig/tvcust/aio_resources/resource/brand/common_TCL/logo
[2026/09/10 18:06:56] =>
[2026/09/10 18:06:57] 发送(hex): 03
[2026/09/10 18:06:57] <INTERRUPT>
[2026/09/10 18:06:57] =>
[2026/09/10 18:07:01] UART
[2026/09/10 18:07:01] <.
[2026/09/10 18:07:01] AC_ON
[2026/09/10 18:07:01] HASH1_VERSION=0x00000000 64bit
[2026/09/10 18:07:01] E-A
[2026/09/10 18:07:01] [ETT_Main] Clock MPLL Init
[2026/09/10 18:07:01] [ETT_Main]MIU_ver 20260417-11996427-OneBin-V20.4-RefineWDTNew
[2026/09/10 18:07:01] [DRAMC] AC ON-0
[2026/09/10 18:07:01] [FAST_K]
[2026/09/10 18:07:01] [MOBF] Gen SW key
[2026/09/10 18:07:01] CH0 DramsizeFlag_CH0 DUMMY_REG = 0x1
[2026/09/10 18:07:01] dramc_channel0 restore dramsize_flag = 0x1
[2026/09/10 18:07:01] [FAST_K]
[2026/09/10 18:07:01] CH2 DramsizeFlag_CH2 DUMMY_REG = 0x0
[2026/09/10 18:07:01] dramc_channel2 restore dramsize_flag = 0x0
[2026/09/10 18:07:01] dispatch to 1 EMI 2 CH
[2026/09/10 18:07:01] MIUP set area: 3GB
[2026/09/10 18:07:01] EMI bist: [32mM0 pass[0m
[2026/09/10 18:07:01] EMI bist: [32mM2 pass[0m
[2026/09/10 18:07:01] fake engine: [32mpass[00000000][0m
[2026/09/10 18:07:01] fake engine: [32mpass[00000001][0m
[2026/09/10 18:07:01] u4dram_info=0x2406
[2026/09/10 18:07:01] TEELOADER_VERSION=0x00000000
[2026/09/10 18:07:01] optee teeloader entry
[2026/09/10 18:07:01] MultiOptee image detected, Mod
[2026/09/10 18:07:01] elID=17B06E0B
[2026/09/10 18:07:01] MultiOptee image detected, ModelID=17B06E0B
[2026/09/10 18:07:01] CusConfig
[2026/09/10 18:07:01] ARMFW_VERSION=0x00000000
[2026/09/10 18:07:01] OPTEE_VERSION=0x00000000
[2026/09/10 18:07:01] OPTEECUST_VERSION=0x00000000
[2026/09/10 18:07:01] REELOADER_VERSION=0x00000000
[2026/09/10 18:07:01] ns_uboot_boot
[2026/09/10 18:07:01] NOTICE:  BL31: v2.4(debug):f102f7cc7
[2026/09/10 18:07:01] NOTICE:  BL31: Built : 20:53:08, Jul 17 2026
[2026/09/10 18:07:01] INFO:    BL31: Initializing runtime services
[2026/09/10 18:07:01] INFO:    BL31: Initializing BL32
[2026/09/10 18:07:01] [TEE] TRIAL BOOT: 0
[2026/09/10 18:07:01] [DynRamlog] wait for configuring by tee driver
[2026/09/10 18:07:01] I
[2026/09/10 18:07:01] NFO:    BL31: Preparing for EL3 exit to normal world
[2026/09/10 18:07:01] INFO:    Entry point address = 0x20100010
[2026/09/10 18:07:01] ree_entry
[2026/09/10 18:07:01] Check WDT....
[2026/09/10 18:07:01] UBOOT_VERSION=0x00000000
[2026/09/10 18:07:02] U-Boot2019.04-g23c3f665-dirty (Aug 23 2026 - 20:57:54 +0800)
[2026/09/10 18:07:02] Model: MediaTek MT5896 RFB
[2026/09/10 18:07:02] DRAM:  3 GiB
[2026/09/10 18:07:02] MMC:   mtk-mmc-fcie@1c660000: 0
[2026/09/10 18:07:02] Loading Environment from EXT4...
[2026/09/10 18:07:02] OK
[2026/09/10 18:07:02] [0;31m[ERROR] get_data_separ
[2026/09/10 18:07:02] ation_info:254: [0m[data spr][start:1299][end:1307][total time:8]
[2026/09/10 18:07:02] [0;31m[ERROR] parse_tcl_ffvoice_lednum:1124: [0mdrive_item is not exist!
[2026/09/10 18:07:02] [0;31m[ERROR] parse_tcl_ffvoice_lednum:1144: [0muse default ffvoice lednum: 4!!!
[2026/09/10 18:07:02] [0;31m[ERROR] parse_tcl_led_stagespacetime:1019: [0mdrive_item is not exist!
[2026/09/10 18:07:02] [0;31m[ERROR] parse_tcl_led_stagespacetime:1039: [0muse default_ledstage: 0!!!
[2026/09/10 18:07:02] [0;31m[ERROR] parse_tcl_led_stagespacetime:1041: [0mset uenv led_stagespace : 0
[2026/09/10 18:07:02] device properties match:sid = "0"
[2026/09/10 18:07:02] [0;31m[ERROR] get_data_separation_info:270: [0mRead ini file success !
[2026/09/10 18:07:02] [0;31m[ERROR] To_parse_tcl_standby_qhb_support:234: [0mtcl_env_qhb = 0 or null or other,not support TCL  QHB
[2026/09/10 18:07:03] [0;31m[ERROR] dataindex_dtbo_overlay:644: [0m[DATAINDEX DTBO LOAD][start:1802][end:1890][total time:88]
[2026/09/10 18:07:03] Model: MediaTek MT5896 RFB
[2026/09/10 18:07:03] Net:
[2026/09/10 18:07:03] eth0: ethernet@1c700000
[2026/09/10 18:07:03] Booting(Working) pLedMode = LED_ON,pLightRate=80
[2026/09/10 18:07:03] slot:0 slot retry:0 a_corrupt:0 b_corrupt:0 successful:[1:0]
[2026/09/10 18:07:03] 00000000: 00 00 00 00 00 00 00 00 00 00 00 00 00 00 00 00    ................
[2026/09/10 18:07:03] 00000010: 00 00 00 00 00 00 00 00 00 00 00 00 00 00 00 00    ................
[2026/09/10 18:07:03] [0;31m[ERROR] get_boot_mode_from_partition:354: [0mdump  OK
[2026/09/10 18:07:03] androidboot boot reason = ac
[2026/09/10 18:07:03] Reboot reason == PM_BR_AC
[2026/09/10 18:07:03] upgrade status:done
[2026/09/10 18:07:03] [0;31m[ERROR] standby_mode_enter_standby:187: [0m[panic case]: no panic occur, normal deal
[2026/09/10 18:07:03] Normal booting mode!
[2026/09/10 18:07:03] [wei] mtk_panel_probe 991, PANEL LIB VER 5
[2026/09/10 18:07:03] [wei] BOOT_PNL_VERSION OLD
[2026/09/10 18:07:03] [0;31m[ERROR] standby_mode_enter_qhb:274: [0mThis PID   unsupport  TCL QHB !!!
[2026/09/10 18:07:03] [0;31m[ERROR] mtk_panel_init_device:998: [0m[BEFORE DEMURA][start:2127][end:2167][total time:40]
[2026/09/10 18:07:03] [0;31m[ERROR] mtk_panel_enable:1149: [0m
[2026/09/10 18:07:03] ---mtk_panel_enable:1149 Set mtk_panel_enable DelayTask 7
[2026/09/10 18:07:03] Hit any key to stop autoboot:  0
[2026/09/10 18:07:03] [0;31m[ERROR] do_check_upgrade_mode:216: [0mresolve path fail: /mnt/vendor/tvconfig/bsp/common/misc/upgrade_mode.ini
[2026/09/10 18:07:03] check_auto_update
[2026/09/10 18:07:03] seconds : 2
[2026/09/10 18:07:03] Ticking:
[2026/09/10 18:07:03] jpd_api: [ERR] _MApi_NJPD_Decoder_PrintError: data loss error!!
[2026/09/10 18:07:03] jpd_api: [ERR] _MApi_NJPD_Decoder_PrintError: bitstream error!!
[2026/09/10 18:07:03] [0;31m[ERROR] mtk_jpd_decode:361: [0mJPEG decode failed!!
[2026/09/10 18:07:03] [0;31m[ERROR] standby_mode_enter_standby:187: [0m[panic case]: no panic occur, normal deal
[2026/09/10 18:07:03] Normal booting mode!
[2026/09/10 18:07:03] [0;31m[ERROR] get_panel_pwm_duty_info:2644: [0mRead ini file to DRAM failure
[2026/09/10 18:07:03] [0;31m[ERROR] Check_TSR_PMIC_Version:229: [0mThis PID   unsupport   TSR IC !!!
[2026/09/10 18:07:03] [0;31m[ERROR] _mtk_pnl_cust_backlight_i2c_init:2672: [0mRead subnode (backlight_i2c_info) FAIL
[2026/09/10 18:07:03] kfault cur reboot mode: 0x0
[2026/09/10 18:07:03] kfault tcllog size: 0x4000000
[2026/09/10 18:07:03] kfault io buf 0x5be20d80, size 0x400, pos 0x0, is_read 1, ret 0
[2026/09/10 18:07:03] kfault io buf 0x5be100e0, size 0x2000, pos 0x400, is_read 1, ret 0
[2026/09/10 18:07:03] kfault io buf 0x5bd2bde0, size 0x1000, pos 0x37ff000, is_read 1, ret 0
[2026/09/10 18:07:03] normal boot, just do tmp dump
[2026/09/10 18:07:03] MMC write: dev # 0, block # 1480696, count 8 ...
[2026/09/10 18:07:03] 8 blocks written: OK
[2026/09/10 18:07:03] kfault io buf 0x5bd2bde0, s
[2026/09/10 18:07:03] ize 0x1000, pos 0x37ff000, is_read 0, ret 0
[2026/09/10 18:07:03] kfault_boot->log_num = 0
[2026/09/10 18:07:03] MMC write: dev # 0, block # 1366016, count 2 ... 2 blocks written: OK
[2026/09/10 18:07:03] kfault io buf 0x5be20d80, size 0x400, pos 0x0, is_read 0, ret 0
[2026/09/10 18:07:03] [0;31m[ERROR] standby_mode_enter_standby:187: [0m[panic case]: no panic occur, normal deal
[2026/09/10 18:07:03] Normal booting mode!
[2026/09/10 18:07:03] upgradecheck - upgrade mode check command
[2026/09/10 18:07:03] Usage:
[2026/09/10 18:07:03] upgradecheck command: upgradecheck
[2026/09/10 18:07:03] retry_count: 0
[2026/09/10 18:07:03] ## Android Verified Boot 2.0 version 1.1.0
[2026/09/10 18:07:03] Disable Flash Update Mode
[2026/09/10 18:07:04] Verification passed
[2026/09/10 18:07:04] successfully
[2026/09/10 18:07:04] Boot state is: Green !
[2026/09/10 18:07:04] Kernel load addr 0x26000000 size 41887 KiB
[2026/09/10 18:07:04] RAM disk load addr 0x01000000 size 2039 KiB
[2026/09/10 18:07:04] [0;31m[ERROR] bootargs_append:2318: [0mset cfg is androidboot.device_name=G08 androidboot.series=C androidboot.product=C745 androidboot.product_name=G08_4K_GB androidboot.client_type=TCL-EU-MT9653-S1 androidboot.model_name=Smart*TV*Pro androidboot.code_name=AU04 androidboot.ecid=22000000 androidboot.tcl_brand=TCL androidboot.manufacturer=TCL androidboot.oem_tag=EU androidboot.certify=unknown androidboot.extension=unknown androidboot.extension_res=unknown androidboot.extension_db=unknown
[2026/09/10 18:07:04] [0;31m[ERROR] bootargs_append:2318: [0mset cfg is androidboot.pid=0
[2026/09/10 18:07:04] device properties match:sid = "0"
[2026/09/10 18:07:04] [0;31m[ERROR] set_crashkernel_rsvmem:2278: [0mError: Read kdump file to Dram failed
[2026/09/10 18:07:04] do_tcl_crashkernel - tcl_crashkernel
[2026/09/10 18:07:04] Usage:
[2026/09/10 18:07:04] do_tcl_crashkernel command: set reserved memory for crashkernel
[2026/09/10 18:07:04] Loading Kernel Image ... OK
[2026/09/10 18:07:04] Loading Ramdisk to 29f09000, end 2bdff751 ... OK
[2026/09/10 18:07:04] Loading Device Tree to 000000002c4e1000, end 000000002c5ff9bb ... OK
[2026/09/10 18:07:05] [0;31m[ERROR] dataindex_dtbo_overlay:644: [0m[DATAINDEX DTBO LOAD][start:3771][end:3887][total time:116]
[2026/09/10 18:07:05] [0;31m[ERROR] standby_mode_enter_qhb:274: [0mThis PID   unsupport  TCL QHB !!!
[2026/09/10 18:07:05] [AutoTest][mboot][start kernel][3952]
[2026/09/10 18:07:05] Starting kernel ...
[2026/09/10 18:07:05] kfault io buf 0x5be525d0, size 0x28, pos 0x400, is_read 1, ret 0
[2026/09/10 18:07:05] last status:0x0
[2026/09/10 18:07:05] MMC write: dev # 0, block # 1480632, count 7 ...
[2026/09/10 18:07:05] 7 blocks written: OK
[2026/09/10 18:07:05] MMC write: dev # 0, block # 1480639, count 1 ...
[2026/09/10 18:07:05] 1 blocks written: OK
[2026/09/10 18:07:05] kfault io buf 0x5be4cb10, size 0xf
[2026/09/10 18:07:05] 1b, pos 0x37f7000, is_read 0, ret 0
[2026/09/10 18:07:05] MMC write: dev # 0, block # 1366018, count 1 ...
[2026/09/10 18:07:05] 1 blocks written: OK
[2026/09/10 18:07:05] kfault io buf 0x5bd0d960, size 0x28, pos 0x400, is_read 0, ret 0
[2026/09/10 18:07:05] WARNING: Unimplement
[2026/09/10 18:07:05] ed Standard Service Call: 0x84000050
[2026/09/10 18:07:06] [    0.322529][    T1] clk_mt5896: we have : PM
[2026/09/10 18:07:06] [    0.322552][    T1] clk_mt5896: we have : NONPM
[2026/09/10 18:07:06] [Ramlog] tee_config_dyn_ramlog_by_cookie is success
[2026/09/10 18:07:06] [    0.472170][    T1] [K][EFUSE]mtk_efuse_init() ----- START
[2026/09/10 18:07:06] [    0.477788][    T1] [K][EFUSE]mtk_efuse_init() ----> OK
[2026/09/10 18:07:06] [    0.490278][    T1] ir set ir_arm_en to 1.
[2026/09/10 18:07:06] [    0.494434][    T1] ir get boot status 2.
[2026/09/10 18:07:06] [    0.498477][    T1] ir set boot status to 3.
[2026/09/10 18:07:06] [    0.502749][    T1] ir get key 65535.
[2026/09/10 18:07:06] [    0.506446][    T1] mtk-ir 1c080000.ir_in: ir probe done.
[2026/09/10 18:07:06] [    0.518219][    T1] [0][0][0]
[2026/09/10 18:07:06] [    0.529015][    T1] add null memory dma_heap with name mtk_nullmem_1
[2026/09/10 18:07:06] [    0.535430][    T1]     range from 0x3000000 to 0x13000000
[2026/09/10 18:07:06] [    0.535430][    T1]
[2026/09/10 18:07:06] [    0.535430][    T1]
[2026/09/10 18:07:06] [    0.569017][    T1] we have : seal
[2026/09/10 18:07:06] [    0.653266][
[2026/09/10 18:07:06] T68] mtk_mci 1c660000.mtk-mmc-fcie: [ mtk_fcie_set_ios() Ln.4351 ]
[2026/09/10 18:07:06] [    0.660883][   T68] mtk_mci 1c660000.mtk-mmc-fcie: Ld HS400ES
[2026/09/10 18:07:06] [    0.669117][   T68] mtk_mci 1c660000.mtk-mmc-fcie: eMMC: HS400 5.1 200MHz
[2026/09/10 18:07:06] [    0.675931][    T1] [Alg Debug] MApi_PQ_CLI_CFD_Init sucess!!
[2026/09/10 18:07:06] [    0.676139][   T68] mtk_mci 1c660000.mtk-mmc-fcie: eMMC: HS400 5.1 200MHz
[2026/09/10 18:07:06] [    0.692713][    T1] lizw pp 1
[2026/09/10 18:07:06] [    0.703420][    T1] ux_thread: uxthread_init done!
[2026/09/10 18:07:06] [    0.709040][    T1] tcl_action_monitor: kfault kernel timeout init
[2026/09/10 18:07:07] [
[2026/09/10 18:07:07] 1.784470][  T121] tcl_action_monitor: kfault stop kernel init timeout
[2026/09/10 18:07:07] console:/ $
[2026/09/10 18:07:08] [0;32;31m [ramlog] tee
[2026/09/10 18:07:08] _get_ramlog_config 586 [m
[2026/09/10 18:07:08] [ramlog] Chip ID: 27 f3 04 f5 fd 0b 95 c5 8d 04 00 00
[2026/09/10 18:07:08] [ramlog] TEE log is not enabled (I2C mode:1)
[2026/09/10 18:07:10] [    5.058386][  T318] mtk_and: line 0: glide-disk-cach%com.google.android.apps.tv.launcherx=S:N-20
[2026/09/10 18:07:10] [    5.067242][  T318] mtk_and: line 1: animation%com.netflix.ninja=S:N-10
[2026/09/10 18:07:10] [    5.074281][  T318] mtk_and: line 2: Thread-17%com.amazon.amazonvideo.livingroom=S:R1
[2026/09/10 18:07:10] [    5.082336][  T318] mtk_and: line 3: Thread-18%com.amazon.amazonvideo.livingroom=S:R1
[2026/09/10 18:07:10] [    5.387204][  T121] mtu3
[2026/09/10 18:07:10] 1c7a3e00.usb: ssusb clock enable
[2026/09/10 18:07:10] [    5.400811][  T121] mtu3 1c1b3e00.usb: ssusb clock enable
[2026/09/10 18:07:11] Info: get MI daemon priority before System Init: [-20]
[2026/09/10 18:07:11] [mi_daemon]!!!Enter MI daemon prcoess!! start time =5488
[2026/09/10 18:07:11] [mi_daemon][HASHKEY]{_Bin_Hashkey_Init,692} ----- START not bGingaSupported
[2026/09/10 18:07:11] [mi_daemon][HASHKEY]{_Bin_Hashkey_Init,697} ----- START
[2026/09/10 18:07:11] [mi_daemon][HASHKEY]
[2026/09/10 18:07:11] {_getPathFromDataIndex,620} pszFilePath:/tclconfig/hardware/param/soc/dataIndex_00_WW_4K60_VbyOne.ini
[2026/09/10 18:07:11] Cannot get key 'HASHKEY:hashkey_file' in dataIndex file /tclconfig/hardware/param/soc/dataIndex_00_WW_4K60_VbyOne.ini
[2026/09/10 18:07:11] [IPAUTH][HASHKEY]{MApi_IPAUTH_Init_by_bin,580} (iBinSize:306)
[2026/09/10 18:07:11] [IPAUTH]{_IPAUTH_ReadDebugFile,308} ----- START
[2026/09/10 18:07:11] [IPAUTH]{_IPAUTH_ReadDebugFile,317} Debug file is not exist~(/data/vendor/ipauth_debug.txt)
[2026/09/10 18:07:11] [IPAUTH][HASHKEY]{MApi_IPAUTH_Init_by_bin,631} u16CustomerId:0x19
[2026/09/10 18:07:11] [IPAUTH][HASHKEY]{MApi_IPAUTH_Init_by_bin,693} u16HashkeyChipId:0x10D
[2026/09/10 18:07:11] [IPAUTH][HASHKEY]{_IPAUTH_HASHKEY_Verify,406} call HASHKEY_Verify()
[2026/09/10 18:07:11] [IPAUTH][HASHKEY]{_IPAUTH_HASHKEY_Verify,408} HASHKEY_Verify() return 0
[2026/09/10 18:07:11] [IPAUTH][HASHKEY]{MApi_IPAUTH_Init_by_bin,750} set _u8_hashkey_verify_result=OK
[2026/09/10 18:07:11] [IPAUTH][HASHKEY]{_IPAUTH_HASHKEY_set_BinDataToKernel,503} (u32Para1:1, pu8BinBuf:0xFFA908F0, u32BufSize:306)
[2026/09/10 18:07:11] [IPAUTH][HASHKEY]{_IPAUTH_HASHKEY_set_BinDataToKernel,523} cmd:0x8791, u32_para_1:0x1, u32BufSize_in:306
[2026/09/10 18:07:11] [mi_daemon]!!!Enter MI daemon flow time=5488!!
[2026/09/10 18:07:11] [mi_daemon]{_MI_SYS_Init,809} _MI_SYS_Init() ----- START
[2026/09/10 18:07:11] !!!MI daemon prcoess start! MI daemon cost time=189!!!
[2026/09/10 18:07:11] Info: get MI daemon priority after Module Init: [0]
[2026/09/10 18:07:12] [    6.478751][  T121] realtime_framework_init is invoked
[2026/09/10 18:07:12] [    6.484188][  T121] realtime_module_init [538], REALTIME_UID=2941
[2026/09/10 18:07:12] [    6.499728][  T396] tcl_vdf: vdf_send_task run..
[2026/09/10 18:07:12] [    6.644056][  T402] [austin_demod_dd][demod_probe] name =
[2026/09/10 18:07:12] [austin_demod]
[2026/09/10 18:07:12] [    6.652739][  T402] [demod_probe][120] austin_dev->client->addr = 0x79
[2026/09/10 18:07:12] modprobe: alias lines in modules.alias must have 3 entries, not 5
[2026/09/10 18:07:12] modprobe: alias lines in modu[    6.700388][  T402] [austin_chk_exist][74] ret -121, --- 0 9 3 2
[2026/09/10 18:07:12] les.alias must have 3 entries, not 5
[2026/09/10 18:07:12] modprobe: alias lines in modules.alias must have 3 entries, not 4
[2026/09/10 18:07:12] modprobe: alias lines in modules.alias must have 3 entries, not 7
[2026/09/10 18:07:12] modprobe: alias lines in modules.alias must have 3 entries, not 5
[2026/09/10 18:07:12] m[    6.726955][  T402] [mdbgin_merak_demod_dd][mtk_demod_custom_file_open][2503] __entry__
[2026/09/10 18:07:12] odprobe: alias l[    6.736109][  T402] [mtk_demod_custom_file_open][2542] CUSTOM_EQ_TYPE7
[2026/09/10 18:07:12] ines in modules.[    6.743973][  T402] [mtk_demod_custom_file_open][2554] custom file open fail !
[2026/09/10 18:07:12] alias must have [    6.752408][  T402] 1ce00000.mtk-demod is already registered, pass it
[2026/09/10 18:07:12] 3 entries, not 4
[2026/09/10 18:07:12] modprobe: alias lines in modules.alias must have 3 entries, not 4
[2026/09/10 18:07:12] modprobe: alias lines in modules.alias must have 3 entries, not 6
[2026/09/10 18:07:12] modprobe: alias lines in modules.alias must have 3 entries, not 5
[2026/09/10 18:07:12] modprobe: alias lines in modules.alias must have 3 entries, not 5
[2026/09/10 18:07:12] modprobe: alias lines in modules.alias must have 3 entries, not 4
[2026/09/10 18:07:12] modprobe: alias lines in modules.alias must have 3 entries, not 5
[2026/09/10 18:07:12] modprobe: alias lines in modules.alias must have 3 entries, not 5
[2026/09/10 18:07:12] modprobe: alias lines in modules.alias must have 3 entries, not 5
[2026/09/10 18:07:12] modprobe: alias lines in modules.alias must have 3 entries, not 6
[2026/09/10 18:07:12] modprobe: alias lines in modules.alias must have 3 entries, not 5
[2026/09/10 18:07:12] modprobe: alias lines in modules.alias must have 3 entries, not 4
[2026/09/10 18:07:12] Loading module /vendor/lib/modules/spi-mtkdtv-ci.ko with args ''
[2026/09/10 18:07:12] Loaded kernel module /vendor/lib/modules/spi-mtkdtv-ci.ko
[2026/09/10 18:07:12] [    6.947888][  T400] drv_hwreg_srccap_hdmirx_attach b_attach = 1
[2026/09/10 18:07:12] [    6.947890][  T400] drv_hwreg_srccap_hdmirx_attach size = 1
[2026/09/10 18:07:12] [    6.953851][  T400] hal_hwreg_srccap_hdmirx_ops_array[0].hw_version = 6
[2026/09/10 18:07:12] [    6.968288][  T400] u32_addr_min = eb00
[2026/09/10 18:07:12] [    6.972283][  T400] u32_addr_max = ebf0
[2026/09/10 18:07:13] modprobe: alias lines in modules.alias must have 3 entries, not 5
[2026/09/10 18:07:13] modprobe: alias lines in modules.alias must have 3 entries, not 5
[2026/09/10 18:07:13] modprobe: alias lines in modules.alias must have 3 entries, not 4
[2026/09/10 18:07:13] modprobe: alias lines in modules.alias must have 3 entries, not 7
[2026/09/10 18:07:13] modprobe: alias lines in modules.alias must have 3 entries, not 5
[2026/09/10 18:07:13] modprobe: alias lines in modules.alias must have 3 entries, not 4
[2026/09/10 18:07:13] modprobe: alias lines in modules.alias must have 3 entries, not 4
[2026/09/10 18:07:13] modprobe: alias lines in modules.alias must have 3 entries, not 6
[2026/09/10 18:07:13] modprobe: alias lines in modules.alias must have 3 entries, not 5
[2026/09/10 18:07:13] modprobe: alias lines in modules.alias must have 3 entries, not 5
[2026/09/10 18:07:13] modprobe: alias lines in modules.alias must have 3 entries, not 4
[2026/09/10 18:07:13] modprobe: alias[    7.377748][  T121] kallsyms_lookup_name with kp ffffffc00822d4dc,ret=0
[2026/09/10 18:07:13] lines in module[    7.384805][  T121] stall_debug: chip id 0
[2026/09/10 18:07:13] s.alias must have 3 entries, not[    7.392329][  T121] stall_debug: hook sysrq-c OK
[2026/09/10 18:07:13] 5
[2026/09/10 18:07:13] modprobe: al[    7.392409][  T162] current tty: ttyS0, irq: 22
[2026/09/10 18:07:13] ias lines in modules.alias must [    7.406054][  T121] stall_debug: alloc 1000 memory ok
[2026/09/10 18:07:13] have 3 entries, not 5
[2026/09/10 18:07:13] modprobe: alias lines in modules.alias must have 3 entries, not 5
[2026/09/10 18:07:13] modprobe: alias lines in modules.alias must have 3 entries, not 6
[2026/09/10 18:07:13] modprobe: alias lines in modules.alias must have 3 entries, not 5
[2026/09/10 18:07:13] modprobe: alias lines in modules.alias must have 3 entries, not 4
[2026/09/10 18:07:13] Loading module /vendor/lib/modules/mtktv-regulator-mt5876.ko with args ''
[2026/09/10 18:07:13] Loaded kernel module /vendor/lib/modules/mtktv-regulator-mt5876.ko
[2026/09/10 18:07:13] Loading module /vendor/lib/modules/mtktv-thermal.ko with args [    7.453630][  T476] stall_debug: rd_pid_max is 32768
[2026/09/10 18:07:13] ''
[2026/09/10 18:07:13] Loading modu[    7.459600][  T476] stall_debug: ptr_task_scs=ffffffc00d24a000,size=40000
[2026/09/10 18:07:13] le /vendor/lib/modules/mtktv-cpufreq-ca.ko with args ''
[2026/09/10 18:07:13] Loaded kernel module /vendor/lib/modules/mtktv-cpufreq-ca.ko
[2026/09/10 18:07:13] Loading module /vendor/lib/modules/mtktv-cpufreq.ko with args ''
[2026/09/10 18:07:13] Loaded kernel module /v[    7.484465][  T121] kallsyms_lookup_name with kp ffffffc00822d4dc,ret=0
[2026/09/10 18:07:13] endor/lib/modules/mtktv-cpufreq.ko
[2026/09/10 18:07:13] Loading module /vendor/lib/modules/mtk-dramc.ko with args ''
[2026/09/10 18:07:13] Loading module /vendor/lib/modules/mtk-mediator.ko with args ''
[2026/09/10 18:07:13] Loading module /vendor/lib/modules/cpu-freq-adapter.ko with args ''
[2026/09/10 18:07:13] Loaded kernel module /vendor/lib/modules/cpu-freq-adapte[    7.516098][  T121] kallsyms_lookup_name with kp ffffffc00822d4dc,ret=0
[2026/09/10 18:07:13] r.ko
[2026/09/10 18:07:13] Loading module /vendor/lib[    7.525315][  T121] die_helper: log_buf is from ffffffc00a8f0060,len 20000
[2026/09/10 18:07:13] /modules/mtktv-g[    7.533472][  T121] die_helper: log_buf pa is from 0x00000000288f0060,len 20000
[2026/09/10 18:07:13] pu-thermal.ko with args ''
[2026/09/10 18:07:13] Loaded kernel module /vendor/lib/modules/mtktv-gpu-thermal.ko
[2026/09/10 18:07:13] [    7.544303][  T162] current tty: ttyS0, irq: 22
[2026/09/10 18:07:13] [    7.554080][  T476] stall_debug: enable ip record by scs OK
[2026/09/10 18:07:14] [    8.745898][  T572] [UserWrittenI2CWrite]: [IIC] TUNER WRITE : NG, aSlaveAddr=0x7b
[2026/09/10 18:07:14] [    8.845408][
[2026/09/10 18:07:14] T572] [R842_I2C_Check][10202] NG!!
[2026/09/10 18:07:14] [    8.9
[2026/09/10 18:07:14] 10062][  T572] [UserWrittenI2CWrite]: [IIC] TUNER WRITE : NG, aSlaveAddr=0x7b
[2026/09/10 18:07:14] [    8.920685][  T572] [R842_InitReg][3250] NG!!
[2026/09/10 18:07:14] [    8.925451][  T572] [R842_Init][3063] NG!!
[2026/09/10 18:07:14] [    8.929768][  T572] [R842_tuner_init] fail
[2026/09/10 18:07:15] [    9.810705][  T650] watchdog: watchdog0: watchdog did not stop!
[2026/09/10 18:07:15] [   10.325057][  T686] watc
[2026/09/10 18:07:15] hdog: watchdog0: watchdog did not stop!
[2026/09/10 18:07:16] CPU_AUDIO is running!
[2026/09/10 18:07:16] [10461661][_cpuAudio_ALSA_Driver_GetCardInfo][198]to open /proc/asound/cards
[2026/09/10 18:07:16] [10461970][_cpuAudio_ALSA_Driver_GetCardInfo][225]Available Sound Cards:[
[2026/09/10 18:07:16] 0 [mtktvsndcard   ]: mtk-tvsnd-card - mtk-tvsnd-card
[2026/09/10 18:07:16] MTK-TV-SOUND-ASOC-AUDIO-DRV
[2026/09/10 18:07:16] 1 [Loopback       ]: Loopback - Loopback
[2026/09/10 18:07:16] Loopback 1
[2026/09/10 18:07:16] 2 [mtkaloopsndcard]: mtkaloopsndcard - mtkaloopsndcard
[2026/09/10 18:07:16] mtkaloopsndcard 1
[2026/09/10 18:07:16] 3 [vocsndcard     ]: vocsndcard - vocsndcard
[2026/09/10 18:07:16] vocsndcard 1
[2026/09/10 18:07:16] ]
[2026/09/10 18:07:16] [10462021][_cpuAudio_ALSA_Driver_GetCardInfo][239]index of mtktvsndcard : 0
[2026/09/10 18:07:16] [10462030][_cpuAudio_ALSA_Driver_GetCardInfo][254]mtktvsndcard : /dev/snd/controlC0
[2026/09/10 18:07:16] [10462049][_cpuAudio_ALSA_Driver_GetCardInfo][273]close /proc/asound/cards done
[2026/09/10 18:07:16] [10462128][_cpuAudio_ALSA_Driver_GetKcontolId][400]pKControl:Utopia controls,fd:3,elist.count:40
[2026/09/10 18:07:16] [10462139][_cpuAudio_ALSA_Driver_GetKcontolId][403]MM RATE
[2026/09/10 18:07:16] [10462145][_cpuAudio_ALSA_Driver_GetKcontolId][403]MM GET PB BUF LEVEL
[2026/09/10 18:07:16] [10462151][_cpuAudio_ALSA_Driver_GetKcontolId][403]MM GET CAP BUF LEVEL
[2026/09/10 18:07:16] [10462156][_cpuAudio_ALSA_Driver_GetKcontolId][403]Duplex mm controls
[2026/09/10 18:07:16] [10462161][_cpuAudio_ALSA_Driver_GetKcontolId][403]Capture MUTE EVENT
[2026/09/10 18:07:16] [10462166][_cpuAudio_ALSA_Driver_GetKcontolId][403]Capture NONPCM EVENT
[2026/09/10 18:07:16] [10462171][_cpuAudio_ALSA_Driver_GetKcontolId][403]Capture NONPCM FLAG
[2026/09/10 18:07:16] [10462176][_cpuAudio_ALSA_Driver_GetKcontolId][403]Capture FASTLOCK MODE
[2026/09/10 18:07:16] [10462181][_cpuAudio_ALSA_Driver_GetKcontolId][403]Capture TIMESTAMP
[2026/09/10 18:07:16] [10462186][_cpuAudio_ALSA_Driver_GetKcontolId][403]Capture controls
[2026/09/10 18:07:16] [10462190][_cpuAudio_ALSA_Driver_GetKcontolId][403]DSP Reload
[2026/09/10 18:07:16] [10462195][_cpuAudio_ALSA_Driver_GetKcontolId][403]Utopia controls
[2026/09/10 18:07:16] [10462201][_cpuAudio_ALSA_Driver_GetKcontolId][407]got Kcontrol[Utopia controls] at id[12]
[2026/09/10 18:07:16] [10462227][cpuAudio_ALSA_Driver_Init][690]Audio memory size(0x2E57000) phyAudioBase(0x200000) busAudioBase(0x20200000)
[2026/09/10 18:07:16] [10462236][_cpuAudio_ALSA_Driver_InitPcmDevice][301]Opening PCM device node=0/2, period=11863/1024, format=2/48000/0
[2026/09/10 18:07:16] [10464211][cpuAudio_ALSA_Driver_Init][701]phyAudioBase(0x200000) => UserVirtualAddr(0xee5e9000)
[2026/09/10 18:07:16] [10475775][cpuAudio_getInfo][562][1;35m cpuAudio[Info](thread-name:)(pid:0)(tid:0) [0m
[2026/09/10 18:07:16] [10475834][cpuAudio_getInfo][566][1;35m cpuAudio[decR2:0x2396,sndR2:0xd264][Version](0x20) [0m
[2026/09/10 18:07:16] [cpuAudio_createPostprocessMonitorThread][370]armAudio_postprocessrMonitor_ver: 0xff20 thread created successfully
[2026/09/10 18:07:16] [cpuAudio_postprocess_init][16] dec_base(ee5e9000) DEC_R2_SHM_DDR_OFFSET(0x1911000) snd_base(ef7a9000) SND_R2_SHM_DDR_OFFSET(0x753000) p_decR2_shm(0xefefa000) p_sndR2_shm(0xefefc000)
[2026/09/10 18:07:16] [1;35m [cpuAudioPostProcess_main][327]Enter while(1) loop. [0m
[2026/09/10 18:07:16] [   10.810635][  T757] [mzc] init done
[2026/09/10 18:07:17] [   11.521410][  T449] ir set boot status t
[2026/09/10 18:07:17] o 5.
[2026/09/10 18:07:18] [   12.473141][  T509] PowerHAL: [AT][AN][DC finish boot]
[2026/09/10 18:07:23] [armAudio_postprocess_allocate
[2026/09/10 18:07:23] ][63] allocate arm AudioPostProcess (type=0xff01)
[2026/09/10 18:07:23] [armAudio_postprocess_allocate][82] 1906464 bytes is needed by AudioPostProcess (type=0xff01)
[2026/09/10 18:07:23] [armAudio_postprocess_allocate][97] AudioPostProcess (type=0xff01) allocate 0x1d1720 bytes ok!!,va(0xee0118e0) ok
[2026/09/10 18:07:23] [armAudio_postprocess_allocate][105] AudioPostProcess (type=0xff01) hook
[2026/09/10 18:07:26] [   20.802474][  T121] [AT][AN][finish boot]
[2026/09/10 18:07:27] insmod: /vendor/lib/modules/mtk-pmu-keypad.ko: No such file or directory
[2026/09/10 18:07:27] insmod:
[2026/09/10 18:07:28] /vendor/lib/modules/mtk-smi-tv.ko: No such file or directory
[2026/09/10 18:07:28] insmod: /vendor/lib/modules/test_power.ko: No such file or directory

[END] 2026/09/10 18:07:57
