[BEGIN] 2026/09/15 19:01:57
[2026/09/15 19:02:01] 发送(hex): 20
[2026/09/15 19:02:01] 发送(hex): 20
[2026/09/15 19:02:01] 发送(hex): 20
[2026/09/15 19:02:01] 发送(hex): 20
[2026/09/15 19:02:01] 发送(hex): 20
[2026/09/15 19:02:01] 发送(hex): 20
[2026/09/15 19:02:01] 发送(hex): 20
[2026/09/15 19:02:01] 发送(hex): 20
[2026/09/15 19:02:01] 发送(hex): 20
[2026/09/15 19:02:01] 发送(hex): 20
[2026/09/15 19:02:01] 发送(hex): 20
[2026/09/15 19:02:01] 发送(hex): 20
[2026/09/15 19:02:01] 发送(hex): 20
[2026/09/15 19:02:01] 发送(hex): 20
[2026/09/15 19:02:01] 发送(hex): 20
[2026/09/15 19:02:01] 发送(hex): 20
[2026/09/15 19:02:01] 发送(hex): 20
[2026/09/15 19:02:01] 发送(hex): 20
[2026/09/15 19:02:01] 发送(hex): 20
[2026/09/15 19:02:01] 发送(hex): 20
[2026/09/15 19:02:01] 发送(hex): 20
[2026/09/15 19:02:01] 发送(hex): 20
[2026/09/15 19:02:01] 发送(hex): 20
[2026/09/15 19:02:01] 发送(hex): 20
[2026/09/15 19:02:01] 发送(hex): 20
[2026/09/15 19:02:01] 发送(hex): 20
[2026/09/15 19:02:01] 发送(hex): 20
[2026/09/15 19:02:01] 发送(hex): 20
[2026/09/15 19:02:01] 发送(hex): 20
[2026/09/15 19:02:01] 发送(hex): 20
[2026/09/15 19:02:01] 发送(hex): 20
[2026/09/15 19:02:01] 发送(hex): 20
[2026/09/15 19:02:01] 发送(hex): 20
[2026/09/15 19:02:01] 发送(hex): 20
[2026/09/15 19:02:01] 发送(hex): 20
[2026/09/15 19:02:01] 发送(hex): 20
[2026/09/15 19:02:01] 发送(hex): 20
[2026/09/15 19:02:02] 发送(hex): 20
[2026/09/15 19:02:02] 发送(hex): 20
[2026/09/15 19:02:02] 发送(hex): 20
[2026/09/15 19:02:02] 发送(hex): 20
[2026/09/15 19:02:02] 发送(hex): 20
[2026/09/15 19:02:02] 发送(hex): 20
[2026/09/15 19:02:02] 发送(hex): 20
[2026/09/15 19:02:02] 发送(hex): 20
[2026/09/15 19:02:02] 发送(hex): 20
[2026/09/15 19:02:02] 发送(hex): 20
[2026/09/15 19:02:02] 发送(hex): 20
[2026/09/15 19:02:02] 发送(hex): 20
[2026/09/15 19:02:02] 发送(hex): 20
[2026/09/15 19:02:02] 发送(hex): 20
[2026/09/15 19:02:02] 发送(hex): 20
[2026/09/15 19:02:02] 发送(hex): 20
[2026/09/15 19:02:02] 发送(hex): 20
[2026/09/15 19:02:02] $
[2026/09/15 19:02:02] Post romcode git ver:42df880604ac78a3 (Aug 28 2026 21:41:35)
[2026/09/15 19:02:02] $
[2026/09/15 19:02:02] Hello world, RTD2875P_CN2_TV030!
[2026/09/15 19:02:02] set_wifi_reset
[2026/09/15 19:02:02] 发送(hex): 20
[2026/09/15 19:02:02] 发送(hex): 20
[2026/09/15 19:02:02] Auxcode git ver:3a4deb9ea300359e (Aug 28 2026 21:41:29)
[2026/09/15 19:02:02] flash_type = 2, secure_type = 2
[2026/09/15 19:02:02] b8062204=0
[2026/09/15 19:02:02] 发送(hex): 20
[2026/09/15 19:02:02] slot info 0 0x0 info 1 0x0
[2026/09/15 19:02:02] invalid reg slot status 0
[2026/09/15 19:02:02] 发送(hex): 20
[2026/09/15 19:02:02] 发送(hex): 20
[2026/09/15 19:02:02] 发送(hex): 20
[2026/09/15 19:02:02] 发送(hex): 20
[2026/09/15 19:02:02] 发送(hex): 20
[2026/09/15 19:02:02] 发送(hex): 20
[2026/09/15 19:02:02] 发送(hex): 20
[2026/09/15 19:02:02] 发送(hex): 20
[2026/09/15 19:02:02] x0,get slot info from flash!
[2026/09/15 19:02:02] g_gpt_blk_start 0x1  g_offline_gpt 0x0 last_usable_lba 0x1cd2032 num_partition_entries 0x32
[2026/09/15 19:02:02] start 0x2e600000 clt_blk 0x1973004 ctrl size 0x20
[2026/09/15 19:02:02] choose active index 0
[2026/09/15 19:02:02] part name bootloader ative_slot _a real part name bootloader_a
[2026/09/15 19:02:02] part name hwsetting start 0x100000 size 0x33600
[2026/09/15 19:02:02] part name ext_fw start 0x133600 size 0x10400
[2026/09/15 19:02:02] part name kboot start 0x143a00 size 0x16e00
[2026/09/15 19:02:02] part name uboot start 0x15a800 size 0x120400
[2026/09/15 19:02:02] ls4 2 1 = 800040ab 8000207f 80001000
[2026/09/15 19:02:02] fNewHWsettingArch = 2
[2026/09/15 19:02:02] 1.lsadcidx = 2, brand =3, offset = 0
[2026/09/15 19:02:02] 1.lsadcidx = 2, brand =3, offset = 17800
[2026/09/15 19:02:02] hwsetting from mmc
[2026/09/15 19:02:02] AC on HW offset 0x809 start 0x800 reg 0x8090800
[2026/09/15 19:02:02] total = 2f00
[2026/09/15 19:02:02] 发送(hex): 20
[2026/09/15 19:02:02] 发送(hex): 20
[2026/09/15 19:02:02] 发送(hex): 20
[2026/09/15 19:02:02] 发送(hex): 20
[2026/09/15 19:02:02] 发送(hex): 20
[2026/09/15 19:02:02] A
[2026/09/15 19:02:02] 发送(hex): 20
[2026/09/15 19:02:02] A
[2026/09/15 19:02:02] 发送(hex): 20
[2026/09/15 19:02:02] A
[2026/09/15 19:02:02] A
[2026/09/15 19:02:02] 发送(hex): 20
[2026/09/15 19:02:02] 发送(hex): 20
[2026/09/15 19:02:02] A
[2026/09/15 19:02:02] 发送(hex): 20
[2026/09/15 19:02:02] 发送(hex): 20
[2026/09/15 19:02:02] {12 14}
[2026/09/15 19:02:02] ffeeddffeeddddr ver: 62c63180
[2026/09/15 19:02:02] ori DQS0~7 {03 04 1a 1c 00 01 00 00}
[2026/09/15 19:02:02] 发送(hex): 20
[2026/09/15 19:02:02] 发送(hex): 20
[2026/09/15 19:02:02] 发送(hex): 20
[2026/09/15 19:02:02] 发送(hex): 20
[2026/09/15 19:02:02] 发送(hex): 20
[2026/09/15 19:02:02] 发送(hex): 20
[2026/09/15 19:02:02] 发送(hex): 20
[2026/09/15 19:02:02] 发送(hex): 20
[2026/09/15 19:02:02] {01 03 19 1b 00 01 00 00} {08 08 06 09 06 06 00 00}
[2026/09/15 19:02:02] r.y.0
[2026/09/15 19:02:02] 发送(hex): 20
[2026/09/15 19:02:02] r.y.0 SCPU BISR status: Done
[2026/09/15 19:02:02] 发送(hex): 20
[2026/09/15 19:02:02] 发送(hex): 20
[2026/09/15 19:02:02] [go kb]
[2026/09/15 19:02:02] pa
[2026/09/15 19:02:02] 发送(hex): 20
[2026/09/15 19:02:02] 发送(hex): 20
[2026/09/15 19:02:02] 发送(hex): 20
[2026/09/15 19:02:02] ss bootcode info to kboot
[2026/09/15 19:02:02] num=1100
[2026/09/15 19:02:02] boot_magic=72646004
[2026/09/15 19:02:02] ---DEBUG kboot 21:41:14 Aug 28 2026 ---
[2026/09/15 19:02:02] [Kboot]eMMC(mid-15) MMC_HS50 (50000000Mhz)[8bit].
[2026/09/15 19:02:02] block info 0x1cd2032 0x3a3e000.
[2026/09/15 19:02:02] [MMC] 32 -----------> 16GB.
[2026/09/15 19:02:02] 发送(hex): 20
[2026/09/15 19:02:02] 发送(hex): 20
[2026/09/15 19:02:02] (00000000) (1) bufsize=(null)
[2026/09/15 19:02:02] 发送(hex): 20
[2026/09/15 19:02:02] 发送(hex): 20
[2026/09/15 19:02:02] 发送(hex): 20
[2026/09/15 19:02:02] uboot start 0x15a800 size 0x120400
[2026/09/15 19:02:02] 发送(hex): 20
[2026/09/15 19:02:02] board_versi
[2026/09/15 19:02:02] 发送(hex): 20
[2026/09/15 19:02:02] 发送(hex): 20
[2026/09/15 19:02:02] on: ls1 = 0, ver: 0
[2026/09/15 19:02:02] [0;31mapp_main 325 board_version=0[0m
[2026/09/15 19:02:02] 发送(hex): 20
[2026/09/15 19:02:02] 发送(hex): 20
[2026/09/15 19:02:02] 发送(hex): 20
[2026/09/15 19:02:02] 发送(hex): 20
[2026/09/15 19:02:02] 发送(hex): 20
[2026/09/15 19:02:02] 发送(hex): 20
[2026/09/15 19:02:02] 发送(hex): 20
[2026/09/15 19:02:02] get FW_TZFW flash start 0xf100200 ddr buf start 0x180000 image size 010c2e3 ok!
[2026/09/15 19:02:02] [INFO]RPMB auth key not written !
[2026/09/15 19:02:02] [INFO]RPMB auth key not written !
[2026/09/15 19:02:02] Current board is not frist boot.
[2026/09/15 19:02:02] ALL zero, reserved_3 has removed.
[2026/09/15 19:02:02] Current board remove reserved_3 done.
[2026/09/15 19:02:02] 发送(hex): 20
[2026/09/15 19:02:02] 发送(hex): 20
[2026/09/15 19:02:02] 发送(hex): 20
[2026/09/15 19:02:02] 发送(hex): 20
[2026/09/15 19:02:02] 发送(hex): 20
[2026/09/15 19:02:02] 发送(hex): 20
[2026/09/15 19:02:02] 发送(hex): 20
[2026/09/15 19:02:02] 发送(hex): 20
[2026/09/15 19:02:02] 发送(hex): 20
[2026/09/15 19:02:02] 发送(hex): 20
[2026/09/15 19:02:02] 发送(hex): 20
[2026/09/15 19:02:02] 发送(hex): 20
[2026/09/15 19:02:02] 发送(hex): 20
[2026/09/15 19:02:02] 发送(hex): 20
[2026/09/15 19:02:02] 发送(hex): 20
[2026/09/15 19:02:02] 发送(hex): 20
[2026/09/15 19:02:02] 发送(hex): 20
[2026/09/15 19:02:02] 发送(hex): 20
[2026/09/15 19:02:02] get FW_VKERNEL flash start 0xc
[2026/09/15 19:02:02] 发送(hex): 20
[2026/09/15 19:02:02] 100200 ddr buf start 0x1a900000 image size 05f0300 ok!
[2026/09/15 19:02:02] 发送(hex): 20
[2026/09/15 19:02:02] 发送(hex): 20
[2026/09/15 19:02:02] 发送(hex): 20
[2026/09/15 19:02:02] 发送(hex): 20
[2026/09/15 19:02:02] 发送(hex): 20
[2026/09/15 19:02:02] get FW_VKERNEL2 flash start 0xd900200 ddr buf start 0x1af00000 image size 0f4920 ok!
[2026/09/15 19:02:02] 发送(hex): 20
[2026/09/15 19:02:02] 发送(hex): 20
[2026/09/15 19:02:03] 发送(hex): 20
[2026/09/15 19:02:03] 发送(hex): 20
[2026/09/15 19:02:03] 发送(hex): 20
[2026/09/15 19:02:03] 发送(hex): 20
[2026/09/15 19:02:03] 发送(hex): 20
[2026/09/15 19:02:03] 发送(hex): 20
[2026/09/15 19:02:03] 发送(hex): 20
[2026/09/15 19:02:03] 发送(hex): 20
[2026/09/15 19:02:03] 发送(hex): 20
[2026/09/15 19:02:03] 发送(hex): 20
[2026/09/15 19:02:03] 发送(hex): 20
[2026/09/15 19:02:03] 发送(hex): 20
[2026/09/15 19:02:03] 发送(hex): 20
[2026/09/15 19:02:03] 发送(hex): 20
[2026/09/15 19:02:03] 发送(hex): 20
[2026/09/15 19:02:03] 发送(hex): 20
[2026/09/15 19:02:03] 发送(hex): 20
[2026/09/15 19:02:03] 发送(hex): 20
[2026/09/15 19:02:03] 发送(hex): 20
[2026/09/15 19:02:03] 发送(hex): 20
[2026/09/15 19:02:03] 发送(hex): 20
[2026/09/15 19:02:03] 发送(hex): 20
[2026/09/15 19:02:03] 发送(hex): 20
[2026/09/15 19:02:03] 发送(hex): 20
[2026/09/15 19:02:03] get FW_AKERNEL flash start 0xa900200 ddr buf start 0x1b200000 image size 07fbf7c ok!
[2026/09/15 19:02:03] 发送(hex): 20
[2026/09/15 19:02:03] 发送(hex): 20
[2026/09/15 19:02:03] 发送(hex): 20
[2026/09/15 19:02:03] 发送(hex): 20
[2026/09/15 19:02:03] 发送(hex): 20
[2026/09/15 19:02:03] 发送(hex): 20
[2026/09/15 19:02:03] 发送(hex): 20
[2026/09/15 19:02:03] 发送(hex): 20
[2026/09/15 19:02:03] 发送(hex): 20
[2026/09/15 19:02:03] 发送(hex): 20
[2026/09/15 19:02:03] ATFATFATF:0 1 NOTICE: kill CPU(2)...
[2026/09/15 19:02:03] ATF:0 1 NOTICE: kill (2) : PACTIVE:0
[2026/09/15 19:02:03] ATF:0 1 NOTICE:  CPU(2) kill done, pstate(0x0)
[2026/09/15 19:02:03] 发送(hex): 20
[2026/09/15 19:02:03] 发送(hex): 20
[2026/09/15 19:02:03] U
[2026/09/15 19:02:03] 发送(hex): 20
[2026/09/15 19:02:03] 发送(hex): 20
[2026/09/15 19:02:03] 发送(hex): 20
[2026/09/15 19:02:03] 发送(hex): 20
[2026/09/15 19:02:03] 发送(hex): 20
[2026/09/15 19:02:03] 发送(hex): 20
[2026/09/15 19:02:03] 发送(hex): 20
[2026/09/15 19:02:03] 发送(hex): 20
[2026/09/15 19:02:03] 发送(hex): 20
[2026/09/15 19:02:03] 发送(hex): 20
[2026/09/15 19:02:03] 发送(hex): 20
[2026/09/15 19:02:03] 发送(hex): 20
[2026/09/15 19:02:03] 发送(hex): 20
[2026/09/15 19:02:03] 发送(hex): 20
[2026/09/15 19:02:03] 发送(hex): 20
[2026/09/15 19:02:03] 发送(hex): 20
[2026/09/15 19:02:03] fixup_node_name 555. set /reserved-memory@5 to /reserved-memory
[2026/09/15 19:02:03] fixup_node_name 555. set /rtk_cma@5 to /rtk_cma
[2026/09/15 19:02:03] ### [1;31mERROR[0m ### get_movablecore 613. Can't find dtb node /reserved-memory/cma2_memory/reg
[2026/09/15 19:02:03] reinit_mem_info 1049  ddr_size 80000000
[2026/09/15 19:02:03] 发送(hex): 20
[2026/09/15 19:02:03] 发送(hex): 20
[2026/09/15 19:02:03] booting, boot_led_type: 0x00000000, led on[1]
[2026/09/15 19:02:03] set share register: 0x99100000
[2026/09/15 19:02:03] boot_power_on_mode=1
[2026/09/15 19:02:03] [get_layout:1264]!
[2026/09/15 19:02:03] 发送(hex): 20
[2026/09/15 19:02:03] 发送(hex): 20
[2026/09/15 19:02:03] 发送(hex): 20
[2026/09/15 19:02:03] 发送(hex): 20
[2026/09/15 19:02:03] 发送(hex): 20
[2026/09/15 19:02:03] 发送(hex): 20
[2026/09/15 19:02:03] 发送(hex): 20
[2026/09/15 19:02:03] 发送(hex): 20
[2026/09/15 19:02:03] boot_part value = 0 boot_tag value = 21
[2026/09/15 19:02:03] [get_oemkey] 1397: get oem.key = ATV00107525
[2026/09/15 19:02:03] Factory_RO: [EXT4] factory_ro_buffer:0a800000, factory_ro_buffer size:0x1000000!
[2026/09/15 19:02:03] Partiton factory_ro_a located at 0:6
[2026/09/15 19:02:03] factory_ro_a partition can not find /.000@bk@***!
[2026/09/15 19:02:03] Factory RO no need recovery!
[2026/09/15 19:02:03] Get tvconfigs_a partition block device index fail!
[2026/09/15 19:02:03] read customer.ini file fail!
[2026/09/15 19:02:03] parse SYS_INI path fail
[2026/09/15 19:02:03] Not support board ini mechansim!
[2026/09/15 19:02:03] Get tvconfigs_a partition block device index fail!
[2026/09/15 19:02:03] read customer.ini file fail!
[2026/09/15 19:02:03] parse SYS_INI path fail
[2026/09/15 19:02:03] load model ini file fail
[2026/09/15 19:02:03] cannot find PcbPath from ini file
[2026/09/15 19:02:03] no pcb.config in tvconfigs
[2026/09/15 19:02:03] no mnt/vendor/factorypcb.config
[2026/09/15 19:02:03] 发送(hex): 20
[2026/09/15 19:02:03] 发送(hex): 20
[2026/09/15 19:02:03] 发送(hex): 20
[2026/09/15 19:02:03] 发送(hex): 20
[2026/09/15 19:02:03] 发送(hex): 20
[2026/09/15 19:02:03] 发送(hex): 20
[2026/09/15 19:02:03] 发送(hex): 20
[2026/09/15 19:02:03] 发送(hex): 20
[2026/09/15 19:02:03] 发送(hex): 20
[2026/09/15 19:02:03] 发送(hex): 20
[2026/09/15 19:02:03] 发送(hex): 20
[2026/09/15 19:02:04] 发送(hex): 20
[2026/09/15 19:02:04] 发送(hex): 20
[2026/09/15 19:02:04] 发送(hex): 20
[2026/09/15 19:02:04] 发送(hex): 20
[2026/09/15 19:02:04] 发送(hex): 20
[2026/09/15 19:02:04] 发送(hex): 20
[2026/09/15 19:02:04] 发送(hex): 20
[2026/09/15 19:02:04] 发送(hex): 20
[2026/09/15 19:02:04] 发送(hex): 20
[2026/09/15 19:02:04] 发送(hex): 20
[2026/09/15 19:02:04] 发送(hex): 20
[2026/09/15 19:02:04] 发送(hex): 20
[2026/09/15 19:02:04] 发送(hex): 20
[2026/09/15 19:02:04] 发送(hex): 20
[2026/09/15 19:02:04] 发送(hex): 20
[2026/09/15 19:02:04] 发送(hex): 20
[2026/09/15 19:02:04] 发送(hex): 20
[2026/09/15 19:02:04] 发送(hex): 20
[2026/09/15 19:02:04] 发送(hex): 20
[2026/09/15 19:02:04] 发送(hex): 20
[2026/09/15 19:02:04] 发送(hex): 20
[2026/09/15 19:02:04] 发送(hex): 20
[2026/09/15 19:02:04] 发送(hex): 20
[2026/09/15 19:02:04] 发送(hex): 20
[2026/09/15 19:02:04] 发送(hex): 20
[2026/09/15 19:02:04] 发送(hex): 20
[2026/09/15 19:02:04] 发送(hex): 20
[2026/09/15 19:02:04] 发送(hex): 20
[2026/09/15 19:02:04] 发送(hex): 20
[2026/09/15 19:02:04] 发送(hex): 20
[2026/09/15 19:02:04] 发送(hex): 20
[2026/09/15 19:02:04] 发送(hex): 20
[2026/09/15 19:02:04] 发送(hex): 20
[2026/09/15 19:02:04] 发送(hex): 20
[2026/09/15 19:02:04] 发送(hex): 20
[2026/09/15 19:02:04] 发送(hex): 20
[2026/09/15 19:02:04] 发送(hex): 20
[2026/09/15 19:02:04] 发送(hex): 20
[2026/09/15 19:02:04] 发送(hex): 20
[2026/09/15 19:02:04] 发送(hex): 20
[2026/09/15 19:02:04] 发送(hex): 20
[2026/09/15 19:02:04] 发送(hex): 20
[2026/09/15 19:02:04] 发送(hex): 20
[2026/09/15 19:02:04] 发送(hex): 20
[2026/09/15 19:02:04] 发送(hex): 20
[2026/09/15 19:02:04] 发送(hex): 20
[2026/09/15 19:02:04] 发送(hex): 20
[2026/09/15 19:02:04] 发送(hex): 20
[2026/09/15 19:02:04] 发送(hex): 20
[2026/09/15 19:02:04] 发送(hex): 20
[2026/09/15 19:02:04] 发送(hex): 20
[2026/09/15 19:02:04] 发送(hex): 20
[2026/09/15 19:02:04] 发送(hex): 20
[2026/09/15 19:02:04] 发送(hex): 20
[2026/09/15 19:02:04] 发送(hex): 20
[2026/09/15 19:02:04] 发送(hex): 20
[2026/09/15 19:02:04] 发送(hex): 20
[2026/09/15 19:02:04] 发送(hex): 20
[2026/09/15 19:02:04] 发送(hex): 20
[2026/09/15 19:02:04] 发送(hex): 20
[2026/09/15 19:02:04] 发送(hex): 20
[2026/09/15 19:02:04] 发送(hex): 20
[2026/09/15 19:02:04] 发送(hex): 20
[2026/09/15 19:02:04] 发送(hex): 20
[2026/09/15 19:02:04] 发送(hex): 20
[2026/09/15 19:02:04] 发送(hex): 20
[2026/09/15 19:02:04] 发送(hex): 20
[2026/09/15 19:02:04] 发送(hex): 20
[2026/09/15 19:02:04] 发送(hex): 20
[2026/09/15 19:02:04] 发送(hex): 20
[2026/09/15 19:02:04] 发送(hex): 20
[2026/09/15 19:02:04] 发送(hex): 20
[2026/09/15 19:02:04] 发送(hex): 20
[2026/09/15 19:02:04] 发送(hex): 20
[2026/09/15 19:02:04] 发送(hex): 20
[2026/09/15 19:02:04] 发送(hex): 20
[2026/09/15 19:02:04] 发送(hex): 20
[2026/09/15 19:02:04] 发送(hex): 20
[2026/09/15 19:02:04] 发送(hex): 20
[2026/09/15 19:02:04] 发送(hex): 20
[2026/09/15 19:02:04] 发送(hex): 20
[2026/09/15 19:02:04] 发送(hex): 20
[2026/09/15 19:02:04] 发送(hex): 20
[2026/09/15 19:02:04] 发送(hex): 20
[2026/09/15 19:02:04] 发送(hex): 20
[2026/09/15 19:02:04] 发送(hex): 20
[2026/09/15 19:02:04] 发送(hex): 20
[2026/09/15 19:02:04] 发送(hex): 20
[2026/09/15 19:02:04] 发送(hex): 20
[2026/09/15 19:02:04] 发送(hex): 20
[2026/09/15 19:02:04] 发送(hex): 20
[2026/09/15 19:02:04] 发送(hex): 20
[2026/09/15 19:02:04] 发送(hex): 20
[2026/09/15 19:02:04] 发送(hex): 20
[2026/09/15 19:02:05] 发送(hex): 20
[2026/09/15 19:02:05] 发送(hex): 20
[2026/09/15 19:02:05] 发送(hex): 20
[2026/09/15 19:02:05] 发送(hex): 20
[2026/09/15 19:02:05] 发送(hex): 20
[2026/09/15 19:02:05] 发送(hex): 20
[2026/09/15 19:02:05] 发送(hex): 20
[2026/09/15 19:02:05] 发送(hex): 20
[2026/09/15 19:02:05] 发送(hex): 20
[2026/09/15 19:02:05] 发送(hex): 20
[2026/09/15 19:02:05] 发送(hex): 20
[2026/09/15 19:02:05] 发送(hex): 20
[2026/09/15 19:02:05] 发送(hex): 20
[2026/09/15 19:02:05] 发送(hex): 20
[2026/09/15 19:02:05] 发送(hex): 20
[2026/09/15 19:02:05] 发送(hex): 20
[2026/09/15 19:02:05] 发送(hex): 20
[2026/09/15 19:02:05] 发送(hex): 20
[2026/09/15 19:02:05] 发送(hex): 20
[2026/09/15 19:02:05] 发送(hex): 20
[2026/09/15 19:02:05] 发送(hex): 20
[2026/09/15 19:02:05] 发送(hex): 20
[2026/09/15 19:02:05] 发送(hex): 20
[2026/09/15 19:02:05] 发送(hex): 20
[2026/09/15 19:02:05] 发送(hex): 20
[2026/09/15 19:02:05] 发送(hex): 20
[2026/09/15 19:02:05] 发送(hex): 20
[2026/09/15 19:02:05] 发送(hex): 20
[2026/09/15 19:02:05] 发送(hex): 20
[2026/09/15 19:02:05] 发送(hex): 20
[2026/09/15 19:02:05] 发送(hex): 20
[2026/09/15 19:02:05] 发送(hex): 20
[2026/09/15 19:02:05] 发送(hex): 20
[2026/09/15 19:02:05] 发送(hex): 20
[2026/09/15 19:02:05] 发送(hex): 20
[2026/09/15 19:02:05] 发送(hex): 20
[2026/09/15 19:02:05] 发送(hex): 20
[2026/09/15 19:02:05] 发送(hex): 20
[2026/09/15 19:02:05] 发送(hex): 20
[2026/09/15 19:02:05] 发送(hex): 20
[2026/09/15 19:02:05] 发送(hex): 20
[2026/09/15 19:02:05] 发送(hex): 20
[2026/09/15 19:02:05] 发送(hex): 20
[2026/09/15 19:02:05] 发送(hex): 20
[2026/09/15 19:02:05] 发送(hex): 20
[2026/09/15 19:02:05] 发送(hex): 20
[2026/09/15 19:02:05] 发送(hex): 20
[2026/09/15 19:02:05] 发送(hex): 20
[2026/09/15 19:02:05] delay:427
[2026/09/15 19:02:05] 发送(hex): 20
[2026/09/15 19:02:05] 发送(hex): 20
[2026/09/15 19:02:05] 发送(hex): 20
[2026/09/15 19:02:05] 发送(hex): 20
[2026/09/15 19:02:05] 发送(hex): 20
[2026/09/15 19:02:05] 发送(hex): 20
[2026/09/15 19:02:05] 发送(hex): 20
[2026/09/15 19:02:05] 发送(hex): 20
[2026/09/15 19:02:05] 发送(hex): 20
[2026/09/15 19:02:05] 发送(hex): 20
[2026/09/15 19:02:05] 发送(hex): 20
[2026/09/15 19:02:05] 发送(hex): 20
[2026/09/15 19:02:05] 发送(hex): 20
[2026/09/15 19:02:05] 发送(hex): 20
[2026/09/15 19:02:05] 发送(hex): 20
[2026/09/15 19:02:05] 发送(hex): 20
[2026/09/15 19:02:05] 发送(hex): 20
[2026/09/15 19:02:05] 发送(hex): 20
[2026/09/15 19:02:05] 发送(hex): 20
[2026/09/15 19:02:05] 发送(hex): 20
[2026/09/15 19:02:05] 发送(hex): 20
[2026/09/15 19:02:05] 发送(hex): 20
[2026/09/15 19:02:05] 发送(hex): 20
[2026/09/15 19:02:05] 发送(hex): 20
[2026/09/15 19:02:05] 发送(hex): 20
[2026/09/15 19:02:05] 发送(hex): 20
[2026/09/15 19:02:05] 发送(hex): 20
[2026/09/15 19:02:05] 发送(hex): 20
[2026/09/15 19:02:05] 发送(hex): 20
[2026/09/15 19:02:05] 发送(hex): 20
[2026/09/15 19:02:05] 发送(hex): 20
[2026/09/15 19:02:05] 发送(hex): 20
[2026/09/15 19:02:05] 发送(hex): 20
[2026/09/15 19:02:05] Net:   r8168: REALTEK RT
[2026/09/15 19:02:05] 发送(hex): 20
[2026/09/15 19:02:05] 发送(hex): 20
[2026/09/15 19:02:05] L8168 @0x18016000
[2026/09/15 19:02:05] 发送(hex): 20
[2026/09/15 19:02:05] Start Boot Setup ...
[2026/09/15 19:02:05] (powerMgr_g
[2026/09/15 19:02:05] 发送(hex): 20
[2026/09/15 19:02:05] 发送(hex): 20
[2026/09/15 19:02:05] et_wakeup_source)2012/05/30 19:50
[2026/09/15 19:02:05] wakeup source : AC
[2026/09/15 19:02:05] 发送(hex): 20
[2026/09/15 19:02:05] 发送(hex): 20
[2026/09/15 19:02:05] 发送(hex): 20
[2026/09/15 19:02:05] (powerMgr_get_wakeup_source)2012/05/30 19:50
[2026/09/15 19:02:05] wakeup source : AC
[2026/09/15 19:02:05] wakeup_src=0, boot_logo_enable=1, bgm_boot_type=0, POWER_ON_MODE_SILEN=0.
[2026/09/15 19:02:05] 发送(hex): 20
[2026/09/15 19:02:05] 发送(hex): 20
[2026/09/15 19:02:05] GDMA module_init finish
[2026/09/15 19:02:05] [GDMA] OSD size[3840,2160]
[2026/09/15 19:02:05] [G
[2026/09/15 19:02:05] 发送(hex): 20
[2026/09/15 19:02:05] 发送(hex): 20
[2026/09/15 19:02:05] DMA] gdma_showlogo gdma show logo 3816
[2026/09/15 19:02:05] Net:   r8168: REALTEK RTL8168 @0x18016000
[2026/09/15 19:02:06] 发送(hex): 20
[2026/09/15 19:02:06] ## Android Verified Boot 2.0
[2026/09/15 19:02:06] 发送(hex): 20
[2026/09/15 19:02:06] version 1.1.0
[2026/09/15 19:02:06] 发送(hex): 20
[2026/09/15 19:02:06] 发送(hex): 20
[2026/09/15 19:02:06] 发送(hex): 20
[2026/09/15 19:02:06] 发送(hex): 20
[2026/09/15 19:02:06] 发送(hex): 20
[2026/09/15 19:02:06] 发送(hex): 20
[2026/09/15 19:02:06] 发送(hex): 20
[2026/09/15 19:02:06] 发送(hex): 20
[2026/09/15 19:02:06] 发送(hex): 20
[2026/09/15 19:02:06] 发送(hex): 20
[2026/09/15 19:02:06] 发送(hex): 20
[2026/09/15 19:02:06] 发送(hex): 20
[2026/09/15 19:02:06] 发送(hex): 20
[2026/09/15 19:02:06] 发送(hex): 20
[2026/09/15 19:02:06] 发送(hex): 20
[2026/09/15 19:02:06] 发送(hex): 20
[2026/09/15 19:02:06] 发送(hex): 20
[2026/09/15 19:02:06] 发送(hex): 20
[2026/09/15 19:02:06] 发送(hex): 20
[2026/09/15 19:02:06] 发送(hex): 20
[2026/09/15 19:02:06] 发送(hex): 20
[2026/09/15 19:02:06] 发送(hex): 20
[2026/09/15 19:02:06] 发送(hex): 20
[2026/09/15 19:02:06] 发送(hex): 20
[2026/09/15 19:02:06] 发送(hex): 20
[2026/09/15 19:02:06] 发送(hex): 20
[2026/09/15 19:02:06] 发送(hex): 20
[2026/09/15 19:02:06] 发送(hex): 20
[2026/09/15 19:02:06] 发送(hex): 20
[2026/09/15 19:02:06] 发送(hex): 20
[2026/09/15 19:02:06] 发送(hex): 20
[2026/09/15 19:02:06] 发送(hex): 20
[2026/09/15 19:02:06] 发送(hex): 20
[2026/09/15 19:02:06] 发送(hex): 20
[2026/09/15 19:02:06] 发送(hex): 20
[2026/09/15 19:02:06] 发送(hex): 20
[2026/09/15 19:02:06] 发送(hex): 20
[2026/09/15 19:02:06] 发送(hex): 20
[2026/09/15 19:02:06] 发送(hex): 20
[2026/09/15 19:02:06] 发送(hex): 20
[2026/09/15 19:02:06] 发送(hex): 20
[2026/09/15 19:02:06] 发送(hex): 20
[2026/09/15 19:02:06] 发送(hex): 20
[2026/09/15 19:02:06] 发送(hex): 20
[2026/09/15 19:02:06] Verification passed successfully
[2026/09/15 19:02:06] [Skip A] boot manual mode
[2026/09/15 19:02:06] [Skip V] boot manual mode
[2026/09/15 19:02:06] is_avb_verify_hash_partition 164 find avb verify part_name boot img_buf 0x66400000 size 0x307a000
[2026/09/15 19:02:06] boot header version : 4
[2026/09/15 19:02:06] is_avb_verify_hash_partition 164 find avb verify part_name vendor_boot img_buf 0x6bc00000 size 0x10a3000
[2026/09/15 19:02:06] get_partition_content_by_name 11954 get gpt_name init_boot_a err,try part name init_boot!
[2026/09/15 19:02:06] get_partition_content_by_name 11956 get part name init_boot err!
[2026/09/15 19:02:06] 发送(hex): 20
[2026/09/15 19:02:06] 发送(hex): 20
[2026/09/15 19:02:06] 发送(hex): 20
[2026/09/15 19:02:06] 发送(hex): 20
[2026/09/15 19:02:06] 发送(hex): 20
[2026/09/15 19:02:06] 发送(hex): 20
[2026/09/15 19:02:06] 发送(hex): 20
[2026/09/15 19:02:06] get_merge_ramdisk 11932 cur_ramdisk_size 0xf3096 real_cur_ramdisk_size 0xf3096
[2026/09/15 19:02:06] get_merge_ramdisk 11932 cur_ramdisk_size 0x2019e5 real_cur_ramdisk_size 0x2019e5
[2026/09/15 19:02:06] is_avb_verify_hash_partition 164 find avb verify part_name dtbo img_buf 0x6fc00000 size 0x1186
[2026/09/15 19:02:06] Net:   r8168: REALTEK RTL8168 @0x18016000
[2026/09/15 19:02:06] 发送(hex): 20
[2026/09/15 19:02:06] 发送(hex): 20
[2026/09/15 19:02:06] 发送(hex): 20
[2026/09/15 19:02:06] 发送(hex): 20
[2026/09/15 19:02:06] [Skip K] boot manual mode (execute "go all")
[2026/09/15 19:02:06] Enter console mode, disable watchdog ...
[2026/09/15 19:02:06] Realtek>
[2026/09/15 19:02:06] 发送(hex): 20
[2026/09/15 19:02:06] 发送(hex): 20
[2026/09/15 19:02:06] 发送(hex): 20
[2026/09/15 19:02:06] 发送(hex): 20
[2026/09/15 19:02:06] 发送(hex): 20
[2026/09/15 19:02:06] 发送(hex): 20
[2026/09/15 19:02:06] 发送(hex): 20
[2026/09/15 19:02:06] 发送(hex): 20
[2026/09/15 19:02:06] 发送(hex): 20
[2026/09/15 19:02:06] 发送(hex): 20
[2026/09/15 19:02:06] 发送(hex): 20
[2026/09/15 19:02:06] 发送(hex): 20
[2026/09/15 19:02:06] 发送(hex): 20
[2026/09/15 19:02:06] 发送(hex): 20
[2026/09/15 19:02:06] 发送(hex): 20
[2026/09/15 19:02:06] 发送(hex): 20
[2026/09/15 19:02:06] 发送(hex): 20
[2026/09/15 19:02:06] 发送(hex): 20
[2026/09/15 19:02:06] 发送(hex): 20
[2026/09/15 19:02:06] 发送(hex): 20
[2026/09/15 19:02:06] 发送(hex): 20
[2026/09/15 19:02:06] 发送(hex): 20
[2026/09/15 19:02:06] 发送(hex): 20
[2026/09/15 19:02:06] 发送(hex): 20
[2026/09/15 19:02:06] 发送(hex): 20
[2026/09/15 19:02:06] 发送(hex): 20
[2026/09/15 19:02:06] 发送(hex): 20
[2026/09/15 19:02:06] 发送(hex): 20
[2026/09/15 19:02:06] 发送(hex): 20
[2026/09/15 19:02:06] 发送(hex): 20
[2026/09/15 19:02:06] 发送(hex): 20
[2026/09/15 19:02:06] 发送(hex): 20
[2026/09/15 19:02:06] 发送(hex): 20
[2026/09/15 19:02:07] 发送(hex): 20
[2026/09/15 19:02:07] 发送(hex): 20
[2026/09/15 19:02:07] 发送(hex): 20
[2026/09/15 19:02:07] 发送(hex): 20
[2026/09/15 19:02:07] 发送(hex): 20
[2026/09/15 19:02:07] 发送(hex): 20
[2026/09/15 19:02:07] 发送(hex): 20
[2026/09/15 19:02:07] 发送(hex): 20
[2026/09/15 19:02:07] 发送(hex): 20
[2026/09/15 19:02:07] 发送(hex): 20
[2026/09/15 19:02:07] 发送(hex): 20
[2026/09/15 19:02:07] 发送(hex): 20
[2026/09/15 19:02:07] 发送(hex): 20
[2026/09/15 19:02:07] 发送(hex): 20
[2026/09/15 19:02:07] 发送(hex): 20
[2026/09/15 19:02:07] 发送(hex): 20
[2026/09/15 19:02:07] 发送(hex): 20
[2026/09/15 19:02:07] 发送(hex): 20
[2026/09/15 19:02:07] 发送(hex): 20
[2026/09/15 19:02:07] 发送(hex): 20
[2026/09/15 19:02:07] 发送(hex): 20
[2026/09/15 19:02:07] 发送(hex): 20
[2026/09/15 19:02:07] 发送(hex): 20
[2026/09/15 19:02:07] 发送(hex): 20
[2026/09/15 19:02:07] 发送(hex): 20
[2026/09/15 19:02:07] 发送(hex): 20
[2026/09/15 19:02:07] 发送(hex): 20
[2026/09/15 19:02:07] 发送(hex): 20
[2026/09/15 19:02:07] 发送(hex): 20
[2026/09/15 19:02:07] 发送(hex): 20
[2026/09/15 19:02:07] 发送(hex): 20
[2026/09/15 19:02:07] 发送(hex): 20
[2026/09/15 19:02:07] 发送(hex): 20
[2026/09/15 19:02:07] 发送(hex): 20
[2026/09/15 19:02:07] 发送(hex): 20
[2026/09/15 19:02:07] 发送(hex): 20
[2026/09/15 19:02:07] 发送(hex): 20
[2026/09/15 19:02:07] 发送(hex): 20
[2026/09/15 19:02:07] 发送(hex): 20
[2026/09/15 19:02:07] 发送(hex): 20
[2026/09/15 19:02:07] 发送(hex): 20
[2026/09/15 19:02:07] 发送(hex): 20
[2026/09/15 19:02:07] 发送(hex): 20
[2026/09/15 19:02:07] 发送(hex): 20
[2026/09/15 19:02:07] 发送(hex): 20
[2026/09/15 19:02:07] 发送(hex): 20
[2026/09/15 19:02:07] 发送(hex): 20
[2026/09/15 19:02:07] 发送(hex): 20
[2026/09/15 19:02:07] 发送(hex): 20
[2026/09/15 19:02:07] 发送(hex): 20
[2026/09/15 19:02:07] 发送(hex): 20
[2026/09/15 19:02:07] 发送(hex): 20
[2026/09/15 19:02:07] 发送(hex): 20
[2026/09/15 19:02:07] 发送(hex): 20
[2026/09/15 19:02:07] 发送(hex): 20
[2026/09/15 19:02:07] 发送(hex): 20
[2026/09/15 19:02:07] 发送(hex): 20
[2026/09/15 19:02:07] 发送(hex): 20
[2026/09/15 19:02:07] 发送(hex): 20
[2026/09/15 19:02:07] 发送(hex): 20
[2026/09/15 19:02:07] 发送(hex): 20
[2026/09/15 19:02:07] 发送(hex): 20
[2026/09/15 19:02:07] 发送(hex): 20
[2026/09/15 19:02:07] 发送(hex): 20
[2026/09/15 19:02:07] 发送(hex): 20
[2026/09/15 19:02:07] 发送(hex): 20
[2026/09/15 19:02:07] 发送(hex): 20
[2026/09/15 19:02:07] 发送(hex): 20
[2026/09/15 19:02:07] 发送(hex): 20
[2026/09/15 19:02:07] 发送(hex): 20
[2026/09/15 19:02:07] 发送(hex): 20
[2026/09/15 19:02:07] 发送(hex): 20
[2026/09/15 19:02:07] 发送(hex): 20
[2026/09/15 19:02:07] 发送(hex): 20
[2026/09/15 19:02:07] 发送(hex): 20
[2026/09/15 19:02:07] 发送(hex): 20
[2026/09/15 19:02:07] 发送(hex): 20
[2026/09/15 19:02:07] 发送(hex): 20
[2026/09/15 19:02:07] 发送(hex): 20
[2026/09/15 19:02:07] 发送(hex): 20
[2026/09/15 19:02:07] 发送(hex): 20
[2026/09/15 19:02:07] 发送(hex): 20
[2026/09/15 19:02:07] 发送(hex): 20
[2026/09/15 19:02:07] 发送(hex): 20
[2026/09/15 19:02:07] 发送(hex): 20
[2026/09/15 19:02:07] 发送(hex): 20
[2026/09/15 19:02:07] 发送(hex): 20
[2026/09/15 19:02:07] 发送(hex): 20
[2026/09/15 19:02:07] 发送(hex): 20
[2026/09/15 19:02:07] 发送(hex): 20
[2026/09/15 19:02:07] 发送(hex): 20
[2026/09/15 19:02:07] 发送(hex): 20
[2026/09/15 19:02:07] 发送(hex): 20
[2026/09/15 19:02:08] 发送(hex): 20
[2026/09/15 19:02:08] 发送(hex): 20
[2026/09/15 19:02:08] 发送(hex): 20
[2026/09/15 19:02:08] 发送(hex): 20
[2026/09/15 19:02:08] 发送(hex): 20
[2026/09/15 19:02:08] 发送(hex): 20
[2026/09/15 19:02:08] 发送(hex): 20
[2026/09/15 19:02:08] 发送(hex): 20
[2026/09/15 19:02:08] 发送(hex): 20
[2026/09/15 19:02:08] 发送(hex): 20
[2026/09/15 19:02:08] 发送(hex): 20
[2026/09/15 19:02:08] 发送(hex): 20
[2026/09/15 19:02:08] 发送(hex): 20
[2026/09/15 19:02:08] 发送(hex): 20
[2026/09/15 19:02:08] 发送(hex): 20
[2026/09/15 19:02:08] 发送(hex): 20
[2026/09/15 19:02:08] 发送(hex): 20
[2026/09/15 19:02:08] 发送(hex): 20
[2026/09/15 19:02:08] 发送(hex): 20
[2026/09/15 19:02:08] 发送(hex): 20
[2026/09/15 19:02:08] 发送(hex): 20
[2026/09/15 19:02:08] 发送(hex): 20
[2026/09/15 19:02:08] 发送(hex): 20
[2026/09/15 19:02:08] 发送(hex): 20
[2026/09/15 19:02:08] 发送(hex): 20
[2026/09/15 19:02:08] 发送(hex): 20
[2026/09/15 19:02:08] 发送(hex): 20
[2026/09/15 19:02:08] 发送(hex): 20
[2026/09/15 19:02:08] 发送(hex): 20
[2026/09/15 19:02:08] 发送(hex): 20
[2026/09/15 19:02:08] 发送(hex): 20
[2026/09/15 19:02:08] 发送(hex): 20
[2026/09/15 19:02:08] 发送(hex): 20
[2026/09/15 19:02:08] 发送(hex): 20
[2026/09/15 19:02:08] 发送(hex): 20
[2026/09/15 19:02:08] 发送(hex): 20
[2026/09/15 19:02:08] 发送(hex): 20
[2026/09/15 19:02:08] 发送(hex): 20
[2026/09/15 19:02:08] 发送(hex): 20
[2026/09/15 19:02:08] 发送(hex): 20
[2026/09/15 19:02:08] 发送(hex): 20
[2026/09/15 19:02:08] 发送(hex): 20
[2026/09/15 19:02:08] 发送(hex): 20
[2026/09/15 19:02:08] 发送(hex): 20
[2026/09/15 19:02:08] 发送(hex): 20
[2026/09/15 19:02:08] 发送(hex): 20
[2026/09/15 19:02:08] 发送(hex): 20
[2026/09/15 19:02:08] 发送(hex): 20
[2026/09/15 19:02:08] 发送(hex): 20
[2026/09/15 19:02:08] 发送(hex): 20
[2026/09/15 19:02:08] 发送(hex): 20
[2026/09/15 19:02:08] 发送(hex): 20
[2026/09/15 19:02:08] 发送(hex): 20
[2026/09/15 19:02:08] 发送(hex): 20
[2026/09/15 19:02:08] 发送(hex): 20
[2026/09/15 19:02:08] 发送(hex): 20
[2026/09/15 19:02:08] 发送(hex): 20
[2026/09/15 19:02:08] 发送(hex): 20
[2026/09/15 19:02:08] 发送(hex): 20
[2026/09/15 19:02:08] 发送(hex): 20
[2026/09/15 19:02:08] 发送(hex): 20
[2026/09/15 19:02:08] 发送(hex): 20
[2026/09/15 19:02:08] 发送(hex): 20
[2026/09/15 19:02:08] 发送(hex): 20
[2026/09/15 19:02:08] 发送(hex): 20
[2026/09/15 19:02:08] 发送(hex): 20
[2026/09/15 19:02:08] 发送(hex): 20
[2026/09/15 19:02:08] 发送(hex): 20
[2026/09/15 19:02:08] 发送(hex): 20
[2026/09/15 19:02:08] 发送(hex): 20
[2026/09/15 19:02:08] 发送(hex): 20
[2026/09/15 19:02:08] 发送(hex): 20
[2026/09/15 19:02:08] 发送(hex): 20
[2026/09/15 19:02:08] 发送(hex): 20
[2026/09/15 19:02:08] 发送(hex): 20
[2026/09/15 19:02:08] 发送(hex): 20
[2026/09/15 19:02:08] 发送(hex): 20
[2026/09/15 19:02:08] 发送(hex): 20
[2026/09/15 19:02:08] 发送(hex): 20
[2026/09/15 19:02:08] 发送(hex): 20
[2026/09/15 19:02:08] 发送(hex): 20
[2026/09/15 19:02:08] 发送(hex): 20
[2026/09/15 19:02:08] 发送(hex): 20
[2026/09/15 19:02:08] 发送(hex): 20
[2026/09/15 19:02:08] 发送(hex): 20
[2026/09/15 19:02:08] 发送(hex): 20
[2026/09/15 19:02:08] 发送(hex): 20
[2026/09/15 19:02:08] 发送(hex): 20
[2026/09/15 19:02:08] 发送(hex): 20
[2026/09/15 19:02:08] 发送(hex): 20
[2026/09/15 19:02:08] 发送(hex): 20
[2026/09/15 19:02:08] 发送(hex): 20
[2026/09/15 19:02:08] 发送(hex): 20
[2026/09/15 19:02:08] 发送(hex): 20
[2026/09/15 19:02:09] 发送(hex): 20
[2026/09/15 19:02:09] 发送(hex): 20
[2026/09/15 19:02:09] 发送(hex): 20
[2026/09/15 19:02:09] 发送(hex): 20
[2026/09/15 19:02:09] 发送(hex): 20
[2026/09/15 19:02:09] 发送(hex): 20
[2026/09/15 19:02:09] 发送(hex): 20
[2026/09/15 19:02:09] 发送(hex): 20
[2026/09/15 19:02:09] 发送(hex): 20
[2026/09/15 19:02:09] 发送(hex): 20
[2026/09/15 19:02:09] 发送(hex): 20
[2026/09/15 19:02:09] 发送(hex): 20
[2026/09/15 19:02:09] 发送(hex): 20
[2026/09/15 19:02:09] 发送(hex): 20
[2026/09/15 19:02:09] 发送(hex): 20
[2026/09/15 19:02:09] 发送(hex): 20
[2026/09/15 19:02:09] 发送(hex): 20
[2026/09/15 19:02:09] 发送(hex): 20
[2026/09/15 19:02:09] 发送(hex): 20
[2026/09/15 19:02:09] 发送(hex): 20
[2026/09/15 19:02:09] 发送(hex): 20
[2026/09/15 19:02:09] 发送(hex): 20
[2026/09/15 19:02:09] 发送(hex): 20
[2026/09/15 19:02:09] 发送(hex): 20
[2026/09/15 19:02:09] 发送(hex): 20
[2026/09/15 19:02:09] 发送(hex): 20
[2026/09/15 19:02:09] 发送(hex): 20
[2026/09/15 19:02:09] 发送(hex): 20
[2026/09/15 19:02:09] 发送(hex): 20
[2026/09/15 19:02:09] 发送(hex): 20
[2026/09/15 19:02:09] 发送(hex): 20
[2026/09/15 19:02:09] 发送(hex): 20
[2026/09/15 19:02:09] 发送(hex): 20
[2026/09/15 19:02:09] 发送(hex): 20
[2026/09/15 19:02:09] 发送(hex): 20
[2026/09/15 19:02:09] 发送(hex): 20
[2026/09/15 19:02:09] 发送(hex): 20
[2026/09/15 19:02:09] 发送(hex): 20
[2026/09/15 19:02:09] 发送(hex): 20
[2026/09/15 19:02:09] 发送(hex): 20
[2026/09/15 19:02:09] 发送(hex): 20
[2026/09/15 19:02:09] 发送(hex): 20
[2026/09/15 19:02:09] 发送(hex): 20
[2026/09/15 19:02:09] 发送(hex): 20
[2026/09/15 19:02:09] 发送(hex): 20
[2026/09/15 19:02:09] 发送(hex): 20
[2026/09/15 19:02:09] 发送(hex): 20
[2026/09/15 19:02:09] 发送(hex): 20
[2026/09/15 19:02:09] 发送(hex): 20
[2026/09/15 19:02:09] 发送(hex): 20
[2026/09/15 19:02:09] 发送(hex): 20
[2026/09/15 19:02:09] 发送(hex): 20
[2026/09/15 19:02:09] 发送(hex): 20
[2026/09/15 19:02:09] 发送(hex): 20
[2026/09/15 19:02:09] 发送(hex): 20
[2026/09/15 19:02:09] 发送(hex): 20
[2026/09/15 19:02:09] 发送(hex): 20
[2026/09/15 19:02:09] 发送(hex): 20
[2026/09/15 19:02:09] 发送(hex): 20
[2026/09/15 19:02:09] 发送(hex): 20
[2026/09/15 19:02:09] 发送(hex): 20
[2026/09/15 19:02:09] 发送(hex): 20
[2026/09/15 19:02:09] 发送(hex): 20
[2026/09/15 19:02:09] 发送(hex): 20
[2026/09/15 19:02:09] 发送(hex): 20
[2026/09/15 19:02:09] 发送(hex): 20
[2026/09/15 19:02:09] 发送(hex): 20
[2026/09/15 19:02:09] 发送(hex): 20
[2026/09/15 19:02:09] 发送(hex): 20
[2026/09/15 19:02:09] 发送(hex): 20
[2026/09/15 19:02:09] 发送(hex): 20
[2026/09/15 19:02:09] 发送(hex): 20
[2026/09/15 19:02:09] 发送(hex): 20
[2026/09/15 19:02:09] 发送(hex): 20
[2026/09/15 19:02:09] 发送(hex): 20
[2026/09/15 19:02:09] 发送(hex): 20
[2026/09/15 19:02:09] 发送(hex): 20
[2026/09/15 19:02:09] 发送(hex): 20
[2026/09/15 19:02:09] 发送(hex): 20
[2026/09/15 19:02:09] 发送(hex): 20
[2026/09/15 19:02:09] 发送(hex): 20
[2026/09/15 19:02:09] 发送(hex): 20
[2026/09/15 19:02:09] 发送(hex): 20
[2026/09/15 19:02:09] 发送(hex): 20
[2026/09/15 19:02:09] 发送(hex): 20
[2026/09/15 19:02:09] 发送(hex): 20
[2026/09/15 19:02:09] 发送(hex): 20
[2026/09/15 19:02:09] 发送(hex): 20
[2026/09/15 19:02:09] 发送(hex): 20
[2026/09/15 19:02:09] 发送(hex): 20
[2026/09/15 19:02:09] 发送(hex): 20
[2026/09/15 19:02:09] 发送(hex): 20
[2026/09/15 19:02:09] 发送(hex): 20
[2026/09/15 19:02:10] 发送(hex): 20
[2026/09/15 19:02:10] 发送(hex): 20
[2026/09/15 19:02:10] 发送(hex): 20
[2026/09/15 19:02:10] 发送(hex): 20
[2026/09/15 19:02:10] 发送(hex): 20
[2026/09/15 19:02:10] 发送(hex): 20
[2026/09/15 19:02:10] 发送(hex): 20
[2026/09/15 19:02:10] 发送(hex): 20
[2026/09/15 19:02:10] 发送(hex): 20
[2026/09/15 19:02:10] 发送(hex): 20
[2026/09/15 19:02:10] 发送(hex): 20
[2026/09/15 19:02:10] 发送(hex): 20
[2026/09/15 19:02:10] 发送(hex): 20
[2026/09/15 19:02:10] 发送(hex): 20
[2026/09/15 19:02:10] 发送(hex): 20
[2026/09/15 19:02:10] 发送(hex): 20
[2026/09/15 19:02:10] 发送(hex): 20
[2026/09/15 19:02:10] 发送(hex): 20
[2026/09/15 19:02:10] 发送(hex): 20
[2026/09/15 19:02:10] 发送(hex): 20
[2026/09/15 19:02:10] 发送(hex): 20
[2026/09/15 19:02:10] 发送(hex): 20
[2026/09/15 19:02:10] 发送(hex): 20
[2026/09/15 19:02:10] 发送(hex): 20
[2026/09/15 19:02:10] 发送(hex): 20
[2026/09/15 19:02:10] 发送(hex): 20
[2026/09/15 19:02:10] 发送(hex): 20
[2026/09/15 19:02:10] 发送(hex): 20
[2026/09/15 19:02:10] 发送(hex): 20
[2026/09/15 19:02:10] 发送(hex): 20
[2026/09/15 19:02:10] 发送(hex): 20
[2026/09/15 19:02:10] 发送(hex): 20
[2026/09/15 19:02:10] 发送(hex): 20
[2026/09/15 19:02:10] 发送(hex): 20
[2026/09/15 19:02:10] 发送(hex): 20
[2026/09/15 19:02:10] 发送(hex): 20
[2026/09/15 19:02:10] 发送(hex): 20
[2026/09/15 19:02:10] 发送(hex): 20
[2026/09/15 19:02:10] 发送(hex): 20
[2026/09/15 19:02:10] 发送(hex): 20
[2026/09/15 19:02:10] 发送(hex): 20
[2026/09/15 19:02:10] 发送(hex): 20
[2026/09/15 19:02:10] 发送(hex): 20
[2026/09/15 19:02:10] 发送(hex): 20
[2026/09/15 19:02:10] 发送(hex): 20
[2026/09/15 19:02:10] 发送(hex): 20
[2026/09/15 19:02:10] 发送(hex): 20
[2026/09/15 19:02:10] 发送(hex): 20
[2026/09/15 19:02:10] 发送(hex): 20
[2026/09/15 19:02:10] 发送(hex): 20
[2026/09/15 19:02:10] 发送(hex): 20
[2026/09/15 19:02:10] 发送(hex): 20
[2026/09/15 19:02:10] 发送(hex): 20
[2026/09/15 19:02:10] 发送(hex): 20
[2026/09/15 19:02:10] 发送(hex): 20
[2026/09/15 19:02:10] 发送(hex): 20
[2026/09/15 19:02:10] 发送(hex): 20
[2026/09/15 19:02:10] 发送(hex): 20
[2026/09/15 19:02:10] 发送(hex): 20
[2026/09/15 19:02:10] 发送(hex): 20
[2026/09/15 19:02:10] 发送(hex): 20
[2026/09/15 19:02:10] 发送(hex): 20
[2026/09/15 19:02:10] 发送(hex): 20
[2026/09/15 19:02:10] 发送(hex): 20
[2026/09/15 19:02:10] 发送(hex): 20
[2026/09/15 19:02:10] 发送(hex): 20
[2026/09/15 19:02:10] 发送(hex): 20
[2026/09/15 19:02:10] 发送(hex): 20
[2026/09/15 19:02:10] 发送(hex): 20
[2026/09/15 19:02:10] 发送(hex): 20
[2026/09/15 19:02:10] 发送(hex): 20
[2026/09/15 19:02:10] 发送(hex): 20
[2026/09/15 19:02:10] 发送(hex): 20
[2026/09/15 19:02:10] 发送(hex): 20
[2026/09/15 19:02:10] 发送(hex): 20
[2026/09/15 19:02:10] 发送(hex): 20
[2026/09/15 19:02:10] 发送(hex): 20
[2026/09/15 19:02:10] 发送(hex): 20
[2026/09/15 19:02:10] 发送(hex): 20
[2026/09/15 19:02:10] 发送(hex): 20
[2026/09/15 19:02:10] 发送(hex): 20
[2026/09/15 19:02:10] 发送(hex): 20
[2026/09/15 19:02:10] 发送(hex): 20
[2026/09/15 19:02:10] 发送(hex): 20
[2026/09/15 19:02:10] 发送(hex): 20
[2026/09/15 19:02:10] 发送(hex): 20
[2026/09/15 19:02:10] 发送(hex): 20
[2026/09/15 19:02:10] 发送(hex): 20
[2026/09/15 19:02:10] 发送(hex): 20
[2026/09/15 19:02:10] 发送(hex): 20
[2026/09/15 19:02:10] 发送(hex): 20
[2026/09/15 19:02:10] 发送(hex): 20
[2026/09/15 19:02:10] 发送(hex): 20
[2026/09/15 19:02:11] 发送(hex): 20
[2026/09/15 19:02:11] 发送(hex): 20
[2026/09/15 19:02:11] 发送(hex): 20
[2026/09/15 19:02:11] 发送(hex): 20
[2026/09/15 19:02:11] 发送(hex): 20
[2026/09/15 19:02:11] 发送(hex): 20
[2026/09/15 19:02:11] 发送(hex): 20
[2026/09/15 19:02:11] 发送(hex): 20
[2026/09/15 19:02:11] 发送(hex): 20
[2026/09/15 19:02:11] 发送(hex): 20
[2026/09/15 19:02:11] 发送(hex): 20
[2026/09/15 19:02:11] 发送(hex): 20
[2026/09/15 19:02:11] 发送(hex): 20
[2026/09/15 19:02:11] 发送(hex): 20
[2026/09/15 19:02:11] 发送(hex): 20
[2026/09/15 19:02:11] 发送(hex): 20
[2026/09/15 19:02:11] 发送(hex): 20
[2026/09/15 19:02:11] 发送(hex): 20
[2026/09/15 19:02:11] 发送(hex): 20
[2026/09/15 19:02:11] 发送(hex): 20
[2026/09/15 19:02:11] 发送(hex): 20
[2026/09/15 19:02:11] 发送(hex): 20
[2026/09/15 19:02:11] 发送(hex): 20
[2026/09/15 19:02:11] 发送(hex): 20
[2026/09/15 19:02:11] 发送(hex): 20
[2026/09/15 19:02:11] 发送(hex): 20
[2026/09/15 19:02:11] 发送(hex): 20
[2026/09/15 19:02:11] 发送(hex): 20
[2026/09/15 19:02:11] 发送(hex): 20
[2026/09/15 19:02:11] 发送(hex): 20
[2026/09/15 19:02:11] 发送(hex): 20
[2026/09/15 19:02:11] 发送(hex): 20
[2026/09/15 19:02:11] 发送(hex): 20
[2026/09/15 19:02:11] 发送(hex): 20
[2026/09/15 19:02:11] 发送(hex): 20
[2026/09/15 19:02:11] 发送(hex): 20
[2026/09/15 19:02:11] 发送(hex): 20
[2026/09/15 19:02:11] 发送(hex): 20
[2026/09/15 19:02:11] 发送(hex): 20
[2026/09/15 19:02:11] 发送(hex): 20
[2026/09/15 19:02:11] 发送(hex): 20
[2026/09/15 19:02:11] 发送(hex): 20
[2026/09/15 19:02:11] 发送(hex): 20
[2026/09/15 19:02:11] 发送(hex): 20
[2026/09/15 19:02:11] 发送(hex): 20
[2026/09/15 19:02:11] 发送(hex): 20
[2026/09/15 19:02:11] 发送(hex): 20
[2026/09/15 19:02:11] 发送(hex): 20
[2026/09/15 19:02:11] 发送(hex): 20
[2026/09/15 19:02:11] 发送(hex): 20
[2026/09/15 19:02:11] 发送(hex): 20
[2026/09/15 19:02:11] 发送(hex): 20
[2026/09/15 19:02:11] 发送(hex): 20
[2026/09/15 19:02:11] 发送(hex): 20
[2026/09/15 19:02:11] 发送(hex): 20
[2026/09/15 19:02:11] 发送(hex): 20
[2026/09/15 19:02:11] 发送(hex): 20
[2026/09/15 19:02:11] 发送(hex): 20
[2026/09/15 19:02:11] 发送(hex): 20
[2026/09/15 19:02:11] 发送(hex): 20
[2026/09/15 19:02:11] 发送(hex): 20
[2026/09/15 19:02:11] 发送(hex): 20
[2026/09/15 19:02:11] 发送(hex): 20
[2026/09/15 19:02:11] 发送(hex): 20
[2026/09/15 19:02:11] 发送(hex): 20
[2026/09/15 19:02:11] 发送(hex): 20
[2026/09/15 19:02:11] 发送(hex): 20
[2026/09/15 19:02:11] 发送(hex): 20
[2026/09/15 19:02:11] 发送(hex): 20
[2026/09/15 19:02:11] 发送(hex): 20
[2026/09/15 19:02:11] 发送(hex): 20
[2026/09/15 19:02:11] 发送(hex): 20
[2026/09/15 19:02:11] 发送(hex): 20
[2026/09/15 19:02:11] 发送(hex): 20
[2026/09/15 19:02:11] 发送(hex): 20
[2026/09/15 19:02:11] 发送(hex): 20
[2026/09/15 19:02:11] 发送(hex): 20
[2026/09/15 19:02:11] 发送(hex): 20
[2026/09/15 19:02:11] 发送(hex): 20
[2026/09/15 19:02:11] 发送(hex): 20
[2026/09/15 19:02:11] 发送(hex): 20
[2026/09/15 19:02:11] 发送(hex): 20
[2026/09/15 19:02:11] 发送(hex): 20
[2026/09/15 19:02:11] 发送(hex): 20
[2026/09/15 19:02:11] 发送(hex): 20
[2026/09/15 19:02:11] 发送(hex): 20
[2026/09/15 19:02:11] 发送(hex): 20
[2026/09/15 19:02:11] 发送(hex): 20
[2026/09/15 19:02:11] 发送(hex): 20
[2026/09/15 19:02:11] 发送(hex): 20
[2026/09/15 19:02:11] 发送(hex): 20
[2026/09/15 19:02:11] 发送(hex): 20
[2026/09/15 19:02:11] 发送(hex): 20
[2026/09/15 19:02:11] 发送(hex): 20
[2026/09/15 19:02:12] 发送(hex): 20
[2026/09/15 19:02:12] 发送(hex): 20
[2026/09/15 19:02:12] 发送(hex): 20
[2026/09/15 19:02:12] 发送(hex): 20
[2026/09/15 19:02:12] 发送(hex): 20
[2026/09/15 19:02:12] 发送(hex): 20
[2026/09/15 19:02:12] 发送(hex): 20
[2026/09/15 19:02:12] 发送(hex): 20
[2026/09/15 19:02:12] 发送(hex): 20
[2026/09/15 19:02:12] 发送(hex): 20
[2026/09/15 19:02:12] 发送(hex): 20
[2026/09/15 19:02:12] 发送(hex): 20
[2026/09/15 19:02:12] 发送(hex): 20
[2026/09/15 19:02:12] 发送(hex): 20
[2026/09/15 19:02:12] 发送(hex): 20
[2026/09/15 19:02:12] 发送(hex): 20
[2026/09/15 19:02:12] 发送(hex): 20
[2026/09/15 19:02:12] 发送(hex): 20
[2026/09/15 19:02:12] 发送(hex): 20
[2026/09/15 19:02:12] 发送(hex): 20
[2026/09/15 19:02:12] 发送(hex): 20
[2026/09/15 19:02:12] 发送(hex): 20
[2026/09/15 19:02:12] 发送(hex): 20
[2026/09/15 19:02:12] 发送(hex): 20
[2026/09/15 19:02:12] 发送(hex): 20
[2026/09/15 19:02:12] 发送(hex): 20
[2026/09/15 19:02:12] 发送(hex): 20
[2026/09/15 19:02:12] 发送(hex): 20
[2026/09/15 19:02:12] 发送(hex): 20
[2026/09/15 19:02:12] 发送(hex): 20
[2026/09/15 19:02:12] 发送(hex): 20
[2026/09/15 19:02:12] 发送(hex): 20
[2026/09/15 19:02:12] 发送(hex): 20
[2026/09/15 19:02:12] 发送(hex): 20
[2026/09/15 19:02:12] 发送(hex): 20
[2026/09/15 19:02:12] 发送(hex): 20
[2026/09/15 19:02:12] 发送(hex): 20
[2026/09/15 19:02:12] 发送(hex): 20
[2026/09/15 19:02:12] 发送(hex): 20
[2026/09/15 19:02:12] 发送(hex): 20
[2026/09/15 19:02:12] 发送(hex): 20
[2026/09/15 19:02:12] 发送(hex): 20
[2026/09/15 19:02:12] 发送(hex): 20
[2026/09/15 19:02:12] 发送(hex): 20
[2026/09/15 19:02:12] 发送(hex): 20
[2026/09/15 19:02:12] 发送(hex): 20
[2026/09/15 19:02:12] 发送(hex): 20
[2026/09/15 19:02:12] 发送(hex): 20
[2026/09/15 19:02:12] 发送(hex): 20
[2026/09/15 19:02:12] 发送(hex): 20
[2026/09/15 19:02:12] 发送(hex): 20
[2026/09/15 19:02:12] 发送(hex): 20
[2026/09/15 19:02:12] 发送(hex): 20
[2026/09/15 19:02:12] 发送(hex): 20
[2026/09/15 19:02:12] 发送(hex): 20
[2026/09/15 19:02:12] 发送(hex): 20
[2026/09/15 19:02:12] 发送(hex): 20
[2026/09/15 19:02:12] 发送(hex): 20
[2026/09/15 19:02:12] 发送(hex): 20
[2026/09/15 19:02:12] 发送(hex): 20
[2026/09/15 19:02:12] 发送(hex): 20
[2026/09/15 19:02:12] 发送(hex): 20
[2026/09/15 19:02:12] 发送(hex): 20
[2026/09/15 19:02:12] 发送(hex): 20
[2026/09/15 19:02:12] 发送(hex): 20
[2026/09/15 19:02:12] 发送(hex): 20
[2026/09/15 19:02:12] 发送(hex): 20
[2026/09/15 19:02:12] 发送(hex): 20
[2026/09/15 19:02:12] 发送(hex): 20
[2026/09/15 19:02:12] 发送(hex): 20
[2026/09/15 19:02:12] 发送(hex): 20
[2026/09/15 19:02:12] 发送(hex): 20
[2026/09/15 19:02:12] 发送(hex): 20
[2026/09/15 19:02:12] 发送(hex): 20
[2026/09/15 19:02:12] 发送(hex): 20
[2026/09/15 19:02:12] 发送(hex): 20
[2026/09/15 19:02:12] 发送(hex): 20
[2026/09/15 19:02:12] 发送(hex): 20
[2026/09/15 19:02:12] 发送(hex): 20
[2026/09/15 19:02:12] 发送(hex): 20
[2026/09/15 19:02:12] 发送(hex): 20
[2026/09/15 19:02:12] 发送(hex): 20
[2026/09/15 19:02:12] 发送(hex): 20
[2026/09/15 19:02:12] 发送(hex): 20
[2026/09/15 19:02:12] 发送(hex): 20
[2026/09/15 19:02:12] 发送(hex): 20
[2026/09/15 19:02:12] 发送(hex): 20
[2026/09/15 19:02:12] 发送(hex): 20
[2026/09/15 19:02:12] 发送(hex): 20
[2026/09/15 19:02:12] 发送(hex): 20
[2026/09/15 19:02:12] 发送(hex): 20
[2026/09/15 19:02:12] 发送(hex): 20
[2026/09/15 19:02:12] 发送(hex): 20
[2026/09/15 19:02:12] 发送(hex): 20
[2026/09/15 19:02:13] 发送(hex): 20
[2026/09/15 19:02:13] 发送(hex): 20
[2026/09/15 19:02:13] 发送(hex): 20
[2026/09/15 19:02:13] 发送(hex): 20
[2026/09/15 19:02:13] 发送(hex): 20
[2026/09/15 19:02:13] 发送(hex): 20
[2026/09/15 19:02:13] 发送(hex): 20
[2026/09/15 19:02:13] 发送(hex): 20
[2026/09/15 19:02:13] 发送(hex): 20
[2026/09/15 19:02:13] 发送(hex): 20
[2026/09/15 19:02:13] 发送(hex): 20
[2026/09/15 19:02:13] 发送(hex): 20
[2026/09/15 19:02:13] 发送(hex): 20
[2026/09/15 19:02:13] 发送(hex): 20
[2026/09/15 19:02:13] 发送(hex): 20
[2026/09/15 19:02:13] 发送(hex): 20
[2026/09/15 19:02:13] 发送(hex): 20
[2026/09/15 19:02:13] 发送(hex): 20
[2026/09/15 19:02:13] 发送(hex): 20
[2026/09/15 19:02:13] 发送(hex): 20
[2026/09/15 19:02:13] 发送(hex): 20
[2026/09/15 19:02:13] 发送(hex): 20
[2026/09/15 19:02:13] 发送(hex): 20
[2026/09/15 19:02:13] 发送(hex): 20
[2026/09/15 19:02:13] 发送(hex): 20
[2026/09/15 19:02:13] 发送(hex): 20
[2026/09/15 19:02:13] 发送(hex): 20
[2026/09/15 19:02:13] 发送(hex): 20
[2026/09/15 19:02:13] 发送(hex): 20
[2026/09/15 19:02:13] 发送(hex): 20
[2026/09/15 19:02:13] 发送(hex): 20
[2026/09/15 19:02:13] 发送(hex): 20
[2026/09/15 19:02:13] 发送(hex): 20
[2026/09/15 19:02:13] 发送(hex): 20
[2026/09/15 19:02:13] 发送(hex): 20
[2026/09/15 19:02:13] 发送(hex): 20
[2026/09/15 19:02:13] 发送(hex): 20
[2026/09/15 19:02:13] 发送(hex): 20
[2026/09/15 19:02:13] 发送(hex): 20
[2026/09/15 19:02:13] 发送(hex): 20
[2026/09/15 19:02:13] 发送(hex): 20
[2026/09/15 19:02:13] 发送(hex): 20
[2026/09/15 19:02:13] 发送(hex): 20
[2026/09/15 19:02:13] 发送(hex): 20
[2026/09/15 19:02:13] 发送(hex): 20
[2026/09/15 19:02:13] 发送(hex): 20
[2026/09/15 19:02:13] 发送(hex): 20
[2026/09/15 19:02:13] 发送(hex): 20
[2026/09/15 19:02:13] 发送(hex): 20
[2026/09/15 19:02:13] 发送(hex): 20
[2026/09/15 19:02:13] 发送(hex): 20
[2026/09/15 19:02:13] 发送(hex): 20
[2026/09/15 19:02:13] 发送(hex): 20
[2026/09/15 19:02:13] 发送(hex): 20
[2026/09/15 19:02:13] 发送(hex): 20
[2026/09/15 19:02:13] 发送(hex): 20
[2026/09/15 19:02:13] 发送(hex): 20
[2026/09/15 19:02:13] 发送(hex): 20
[2026/09/15 19:02:13] 发送(hex): 20
[2026/09/15 19:02:13] 发送(hex): 20
[2026/09/15 19:02:13] 发送(hex): 20
[2026/09/15 19:02:13] 发送(hex): 20
[2026/09/15 19:02:13] 发送(hex): 20
[2026/09/15 19:02:13] 发送(hex): 20
[2026/09/15 19:02:13] 发送(hex): 20
[2026/09/15 19:02:13] 发送(hex): 20
[2026/09/15 19:02:13] 发送(hex): 20
[2026/09/15 19:02:13] 发送(hex): 20
[2026/09/15 19:02:13] 发送(hex): 20
[2026/09/15 19:02:13] 发送(hex): 20
[2026/09/15 19:02:13] 发送(hex): 20
[2026/09/15 19:02:13] 发送(hex): 20
[2026/09/15 19:02:13] 发送(hex): 20
[2026/09/15 19:02:13] 发送(hex): 20
[2026/09/15 19:02:13] 发送(hex): 20
[2026/09/15 19:02:13] 发送(hex): 20
[2026/09/15 19:02:13] 发送(hex): 20
[2026/09/15 19:02:13] 发送(hex): 20
[2026/09/15 19:02:13] 发送(hex): 20
[2026/09/15 19:02:13] 发送(hex): 20
[2026/09/15 19:02:13] 发送(hex): 20
[2026/09/15 19:02:13] 发送(hex): 20
[2026/09/15 19:02:13] 发送(hex): 20
[2026/09/15 19:02:13] 发送(hex): 20
[2026/09/15 19:02:13] 发送(hex): 20
[2026/09/15 19:02:13] 发送(hex): 20
[2026/09/15 19:02:13] 发送(hex): 20
[2026/09/15 19:02:13] 发送(hex): 20
[2026/09/15 19:02:14] 发送(hex): 20
[2026/09/15 19:02:14] 发送(hex): 20
[2026/09/15 19:02:14] 发送(hex): 20
[2026/09/15 19:02:14] 发送(hex): 20
[2026/09/15 19:02:14] 发送(hex): 20
[2026/09/15 19:02:14] 发送(hex): 20
[2026/09/15 19:02:14] 发送(hex): 20
[2026/09/15 19:02:14] 发送(hex): 20
[2026/09/15 19:02:14] 发送(hex): 20
[2026/09/15 19:02:14] 发送(hex): 20
[2026/09/15 19:02:14] 发送(hex): 20
[2026/09/15 19:02:14] 发送(hex): 20
[2026/09/15 19:02:14] 发送(hex): 20
[2026/09/15 19:02:14] 发送(hex): 20
[2026/09/15 19:02:14] 发送(hex): 20
[2026/09/15 19:02:14] 发送(hex): 20
[2026/09/15 19:02:14] 发送(hex): 20
[2026/09/15 19:02:14] 发送(hex): 20
[2026/09/15 19:02:14] 发送(hex): 20
[2026/09/15 19:02:14] 发送(hex): 20
[2026/09/15 19:02:14] 发送(hex): 20
[2026/09/15 19:02:14] 发送(hex): 20
[2026/09/15 19:02:14] 发送(hex): 20
[2026/09/15 19:02:14] 发送(hex): 20
[2026/09/15 19:02:14] 发送(hex): 20
[2026/09/15 19:02:14] 发送(hex): 20
[2026/09/15 19:02:14] 发送(hex): 20
[2026/09/15 19:02:14] 发送(hex): 20
[2026/09/15 19:02:14] 发送(hex): 20
[2026/09/15 19:02:14] 发送(hex): 20
[2026/09/15 19:02:14] 发送(hex): 20
[2026/09/15 19:02:14] 发送(hex): 20
[2026/09/15 19:02:14] 发送(hex): 20
[2026/09/15 19:02:14] 发送(hex): 20
[2026/09/15 19:02:14] 发送(hex): 20
[2026/09/15 19:02:14] 发送(hex): 20
[2026/09/15 19:02:14] 发送(hex): 20
[2026/09/15 19:02:14] 发送(hex): 20
[2026/09/15 19:02:14] 发送(hex): 20
[2026/09/15 19:02:14] 发送(hex): 20
[2026/09/15 19:02:14] 发送(hex): 20
[2026/09/15 19:02:14] 发送(hex): 20
[2026/09/15 19:02:14] 发送(hex): 20
[2026/09/15 19:02:14] 发送(hex): 20
[2026/09/15 19:02:14] 发送(hex): 20
[2026/09/15 19:02:14] 发送(hex): 20
[2026/09/15 19:02:14] 发送(hex): 20
[2026/09/15 19:02:14] 发送(hex): 20
[2026/09/15 19:02:14] 发送(hex): 20
[2026/09/15 19:02:14] 发送(hex): 20
[2026/09/15 19:02:14] 发送(hex): 20
[2026/09/15 19:02:14] 发送(hex): 20
[2026/09/15 19:02:14] 发送(hex): 20
[2026/09/15 19:02:14] 发送(hex): 20
[2026/09/15 19:02:14] 发送(hex): 20
[2026/09/15 19:02:14] 发送(hex): 20
[2026/09/15 19:02:14] 发送(hex): 20
[2026/09/15 19:02:14] 发送(hex): 20
[2026/09/15 19:02:14] 发送(hex): 20
[2026/09/15 19:02:14] 发送(hex): 20
[2026/09/15 19:02:14] 发送(hex): 20
[2026/09/15 19:02:14] 发送(hex): 20
[2026/09/15 19:02:14] 发送(hex): 20
[2026/09/15 19:02:14] 发送(hex): 20
[2026/09/15 19:02:14] 发送(hex): 20
[2026/09/15 19:02:14] 发送(hex): 20
[2026/09/15 19:02:14] 发送(hex): 20
[2026/09/15 19:02:14] 发送(hex): 20
[2026/09/15 19:02:14] 发送(hex): 20
[2026/09/15 19:02:14] 发送(hex): 20
[2026/09/15 19:02:14] 发送(hex): 20
[2026/09/15 19:02:14] 发送(hex): 20
[2026/09/15 19:02:14] 发送(hex): 20
[2026/09/15 19:02:14] 发送(hex): 20
[2026/09/15 19:02:14] 发送(hex): 20
[2026/09/15 19:02:14] 发送(hex): 20
[2026/09/15 19:02:14] 发送(hex): 20
[2026/09/15 19:02:14] 发送(hex): 20
[2026/09/15 19:02:14] 发送(hex): 20
[2026/09/15 19:02:14] 发送(hex): 20
[2026/09/15 19:02:14] 发送(hex): 20
[2026/09/15 19:02:14] 发送(hex): 20
[2026/09/15 19:02:14] 发送(hex): 20
[2026/09/15 19:02:14] 发送(hex): 20
[2026/09/15 19:02:14] 发送(hex): 20
[2026/09/15 19:02:14] 发送(hex): 20
[2026/09/15 19:02:14] 发送(hex): 20
[2026/09/15 19:02:14] 发送(hex): 20
[2026/09/15 19:02:14] 发送(hex): 20
[2026/09/15 19:02:14] 发送(hex): 20
[2026/09/15 19:02:14] 发送(hex): 20
[2026/09/15 19:02:14] 发送(hex): 20
[2026/09/15 19:02:14] 发送(hex): 20
[2026/09/15 19:02:14] 发送(hex): 20
[2026/09/15 19:02:15] 发送(hex): 20
[2026/09/15 19:02:15] 发送(hex): 20
[2026/09/15 19:02:15] 发送(hex): 20
[2026/09/15 19:02:15] 发送(hex): 20
[2026/09/15 19:02:15] 发送(hex): 20
[2026/09/15 19:02:15] 发送(hex): 20
[2026/09/15 19:02:15] 发送(hex): 20
[2026/09/15 19:02:15] 发送(hex): 20
[2026/09/15 19:02:15] 发送(hex): 20
[2026/09/15 19:02:15] 发送(hex): 20
[2026/09/15 19:02:15] 发送(hex): 20
[2026/09/15 19:02:15] 发送(hex): 20
[2026/09/15 19:02:15] 发送(hex): 20
[2026/09/15 19:02:15] 发送(hex): 20
[2026/09/15 19:02:15] 发送(hex): 20
[2026/09/15 19:02:15] 发送(hex): 20
[2026/09/15 19:02:15] 发送(hex): 20
[2026/09/15 19:02:15] 发送(hex): 20
[2026/09/15 19:02:15] 发送(hex): 20
[2026/09/15 19:02:15] 发送(hex): 20
[2026/09/15 19:02:15] 发送(hex): 20
[2026/09/15 19:02:15] 发送(hex): 20
[2026/09/15 19:02:15] 发送(hex): 20
[2026/09/15 19:02:15] 发送(hex): 20
[2026/09/15 19:02:15] 发送(hex): 20
[2026/09/15 19:02:15] 发送(hex): 20
[2026/09/15 19:02:15] 发送(hex): 20
[2026/09/15 19:02:15] 发送(hex): 20
[2026/09/15 19:02:15] 发送(hex): 20
[2026/09/15 19:02:15] 发送(hex): 20
[2026/09/15 19:02:15] 发送(hex): 20
[2026/09/15 19:02:15] 发送(hex): 20
[2026/09/15 19:02:15] 发送(hex): 20
[2026/09/15 19:02:15] 发送(hex): 20
[2026/09/15 19:02:15] 发送(hex): 20
[2026/09/15 19:02:15] 发送(hex): 20
[2026/09/15 19:02:15] 发送(hex): 20
[2026/09/15 19:02:15] 发送(hex): 20
[2026/09/15 19:02:15] 发送(hex): 20
[2026/09/15 19:02:15] 发送(hex): 20
[2026/09/15 19:02:15] 发送(hex): 20
[2026/09/15 19:02:15] 发送(hex): 20
[2026/09/15 19:02:15] 发送(hex): 20
[2026/09/15 19:02:15] 发送(hex): 20
[2026/09/15 19:02:15] 发送(hex): 20
[2026/09/15 19:02:15] 发送(hex): 20
[2026/09/15 19:02:15] 发送(hex): 20
[2026/09/15 19:02:15] 发送(hex): 20
[2026/09/15 19:02:15] 发送(hex): 20
[2026/09/15 19:02:15] 发送(hex): 20
[2026/09/15 19:02:15] 发送(hex): 20
[2026/09/15 19:02:15] 发送(hex): 20
[2026/09/15 19:02:15] 发送(hex): 20
[2026/09/15 19:02:15] 发送(hex): 20
[2026/09/15 19:02:15] 发送(hex): 20
[2026/09/15 19:02:15] 发送(hex): 20
[2026/09/15 19:02:15] 发送(hex): 20
[2026/09/15 19:02:15] 发送(hex): 20
[2026/09/15 19:02:15] 发送(hex): 20
[2026/09/15 19:02:15] 发送(hex): 20
[2026/09/15 19:02:15] 发送(hex): 20
[2026/09/15 19:02:15] 发送(hex): 20
[2026/09/15 19:02:15] 发送(hex): 20
[2026/09/15 19:02:15] 发送(hex): 20
[2026/09/15 19:02:15] 发送(hex): 20
[2026/09/15 19:02:15] 发送(hex): 20
[2026/09/15 19:02:15] 发送(hex): 20
[2026/09/15 19:02:15] 发送(hex): 20
[2026/09/15 19:02:15] 发送(hex): 20
[2026/09/15 19:02:15] 发送(hex): 20
[2026/09/15 19:02:15] 发送(hex): 20
[2026/09/15 19:02:15] 发送(hex): 20
[2026/09/15 19:02:15] 发送(hex): 20
[2026/09/15 19:02:15] 发送(hex): 20
[2026/09/15 19:02:15] 发送(hex): 20
[2026/09/15 19:02:15] 发送(hex): 20
[2026/09/15 19:02:15] 发送(hex): 20
[2026/09/15 19:02:15] 发送(hex): 20
[2026/09/15 19:02:15] 发送(hex): 20
[2026/09/15 19:02:15] 发送(hex): 20
[2026/09/15 19:02:15] 发送(hex): 20
[2026/09/15 19:02:15] 发送(hex): 20
[2026/09/15 19:02:15] 发送(hex): 20
[2026/09/15 19:02:15] 发送(hex): 20
[2026/09/15 19:02:15] 发送(hex): 20
[2026/09/15 19:02:15] 发送(hex): 20
[2026/09/15 19:02:15] 发送(hex): 20
[2026/09/15 19:02:15] 发送(hex): 20
[2026/09/15 19:02:15] 发送(hex): 20
[2026/09/15 19:02:15] 发送(hex): 20
[2026/09/15 19:02:15] 发送(hex): 20
[2026/09/15 19:02:15] 发送(hex): 20
[2026/09/15 19:02:15] 发送(hex): 20
[2026/09/15 19:02:15] 发送(hex): 20
[2026/09/15 19:02:15] 发送(hex): 20
[2026/09/15 19:02:16] 发送(hex): 20
[2026/09/15 19:02:16] 发送(hex): 20
[2026/09/15 19:02:16] 发送(hex): 20
[2026/09/15 19:02:16] 发送(hex): 20
[2026/09/15 19:02:16] 发送(hex): 20
[2026/09/15 19:02:16] 发送(hex): 20
[2026/09/15 19:02:16] 发送(hex): 20
[2026/09/15 19:02:16] 发送(hex): 20
[2026/09/15 19:02:16] 发送(hex): 20
[2026/09/15 19:02:16] 发送(hex): 20
[2026/09/15 19:02:16] 发送(hex): 20
[2026/09/15 19:02:16] 发送(hex): 20
[2026/09/15 19:02:16] 发送(hex): 20
[2026/09/15 19:02:16] 发送(hex): 20
[2026/09/15 19:02:16] 发送(hex): 20
[2026/09/15 19:02:16] 发送(hex): 20
[2026/09/15 19:02:16] 发送(hex): 20
[2026/09/15 19:02:16] 发送(hex): 20
[2026/09/15 19:02:16] 发送(hex): 20
[2026/09/15 19:02:16] 发送(hex): 20
[2026/09/15 19:02:16] 发送(hex): 20
[2026/09/15 19:02:16] 发送(hex): 20
[2026/09/15 19:02:16] 发送(hex): 20
[2026/09/15 19:02:16] 发送(hex): 20
[2026/09/15 19:02:16] 发送(hex): 20
[2026/09/15 19:02:16] 发送(hex): 20
[2026/09/15 19:02:16] 发送(hex): 20
[2026/09/15 19:02:16] 发送(hex): 20
[2026/09/15 19:02:16] 发送(hex): 20
[2026/09/15 19:02:16] 发送(hex): 20
[2026/09/15 19:02:16] 发送(hex): 20
[2026/09/15 19:02:16] 发送(hex): 20
[2026/09/15 19:02:16] 发送(hex): 20
[2026/09/15 19:02:16] 发送(hex): 20
[2026/09/15 19:02:16] 发送(hex): 20
[2026/09/15 19:02:16] 发送(hex): 20
[2026/09/15 19:02:16] 发送(hex): 20
[2026/09/15 19:02:16] 发送(hex): 20
[2026/09/15 19:02:16] 发送(hex): 20
[2026/09/15 19:02:16] 发送(hex): 20
[2026/09/15 19:02:16] 发送(hex): 20
[2026/09/15 19:02:16] 发送(hex): 20
[2026/09/15 19:02:16] 发送(hex): 20
[2026/09/15 19:02:16] 发送(hex): 20
[2026/09/15 19:02:16] 发送(hex): 20
[2026/09/15 19:02:16] 发送(hex): 20
[2026/09/15 19:02:16] 发送(hex): 20
[2026/09/15 19:02:16] 发送(hex): 20
[2026/09/15 19:02:16] 发送(hex): 20
[2026/09/15 19:02:16] 发送(hex): 20
[2026/09/15 19:02:16] 发送(hex): 20
[2026/09/15 19:02:16] 发送(hex): 20
[2026/09/15 19:02:16] 发送(hex): 20
[2026/09/15 19:02:16] 发送(hex): 20
[2026/09/15 19:02:16] 发送(hex): 20
[2026/09/15 19:02:16] 发送(hex): 20
[2026/09/15 19:02:16] 发送(hex): 20
[2026/09/15 19:02:16] 发送(hex): 20
[2026/09/15 19:02:16] 发送(hex): 20
[2026/09/15 19:02:16] 发送(hex): 20
[2026/09/15 19:02:16] 发送(hex): 20
[2026/09/15 19:02:16] 发送(hex): 20
[2026/09/15 19:02:16] 发送(hex): 20
[2026/09/15 19:02:16] 发送(hex): 20
[2026/09/15 19:02:16] 发送(hex): 20
[2026/09/15 19:02:16] 发送(hex): 20
[2026/09/15 19:02:16] 发送(hex): 20
[2026/09/15 19:02:16] 发送(hex): 20
[2026/09/15 19:02:16] 发送(hex): 20
[2026/09/15 19:02:16] 发送(hex): 20
[2026/09/15 19:02:16] 发送(hex): 20
[2026/09/15 19:02:16] 发送(hex): 20
[2026/09/15 19:02:16] 发送(hex): 20
[2026/09/15 19:02:16] 发送(hex): 20
[2026/09/15 19:02:16] 发送(hex): 20
[2026/09/15 19:02:16] 发送(hex): 20
[2026/09/15 19:02:16] 发送(hex): 20
[2026/09/15 19:02:16] 发送(hex): 20
[2026/09/15 19:02:16] 发送(hex): 20
[2026/09/15 19:02:16] 发送(hex): 20
[2026/09/15 19:02:16] 发送(hex): 20
[2026/09/15 19:02:16] 发送(hex): 20
[2026/09/15 19:02:16] 发送(hex): 20
[2026/09/15 19:02:16] 发送(hex): 20
[2026/09/15 19:02:16] 发送(hex): 20
[2026/09/15 19:02:16] 发送(hex): 20
[2026/09/15 19:02:16] 发送(hex): 20
[2026/09/15 19:02:16] 发送(hex): 20
[2026/09/15 19:02:16] 发送(hex): 20
[2026/09/15 19:02:16] 发送(hex): 20
[2026/09/15 19:02:16] 发送(hex): 20
[2026/09/15 19:02:17] 发送(hex): 20
[2026/09/15 19:02:17] 发送(hex): 20
[2026/09/15 19:02:17] 发送(hex): 20
[2026/09/15 19:02:17] 发送(hex): 20
[2026/09/15 19:02:17] 发送(hex): 20
[2026/09/15 19:02:17] 发送(hex): 20
[2026/09/15 19:02:17] 发送(hex): 20
[2026/09/15 19:02:17] 发送(hex): 20
[2026/09/15 19:02:17] 发送(hex): 20
[2026/09/15 19:02:17] 发送(hex): 20
[2026/09/15 19:02:17] 发送(hex): 20
[2026/09/15 19:02:17] 发送(hex): 20
[2026/09/15 19:02:17] 发送(hex): 20
[2026/09/15 19:02:17] 发送(hex): 20
[2026/09/15 19:02:17] 发送(hex): 20
[2026/09/15 19:02:17] 发送(hex): 20
[2026/09/15 19:02:17] 发送(hex): 20
[2026/09/15 19:02:17] 发送(hex): 20
[2026/09/15 19:02:17] 发送(hex): 20
[2026/09/15 19:02:17] 发送(hex): 20
[2026/09/15 19:02:17] 发送(hex): 20
[2026/09/15 19:02:17] 发送(hex): 20
[2026/09/15 19:02:17] 发送(hex): 20
[2026/09/15 19:02:17] 发送(hex): 20
[2026/09/15 19:02:17] 发送(hex): 20
[2026/09/15 19:02:17] 发送(hex): 20
[2026/09/15 19:02:17] 发送(hex): 20
[2026/09/15 19:02:17] 发送(hex): 20
[2026/09/15 19:02:17] 发送(hex): 20
[2026/09/15 19:02:17] 发送(hex): 20
[2026/09/15 19:02:17] 发送(hex): 20
[2026/09/15 19:02:17] 发送(hex): 20
[2026/09/15 19:02:17] 发送(hex): 20
[2026/09/15 19:02:17] 发送(hex): 20
[2026/09/15 19:02:17] 发送(hex): 20
[2026/09/15 19:02:17] 发送(hex): 20
[2026/09/15 19:02:17] 发送(hex): 20
[2026/09/15 19:02:17] 发送(hex): 20
[2026/09/15 19:02:17] 发送(hex): 20
[2026/09/15 19:02:17] 发送(hex): 20
[2026/09/15 19:02:17] 发送(hex): 20
[2026/09/15 19:02:17] 发送(hex): 20
[2026/09/15 19:02:17] 发送(hex): 20
[2026/09/15 19:02:17] 发送(hex): 20
[2026/09/15 19:02:17] 发送(hex): 20
[2026/09/15 19:02:17] 发送(hex): 20
[2026/09/15 19:02:17] 发送(hex): 20
[2026/09/15 19:02:17] 发送(hex): 20
[2026/09/15 19:02:17] 发送(hex): 20
[2026/09/15 19:02:17] 发送(hex): 20
[2026/09/15 19:02:17] 发送(hex): 20
[2026/09/15 19:02:17] 发送(hex): 20
[2026/09/15 19:02:17] 发送(hex): 20
[2026/09/15 19:02:17] 发送(hex): 20
[2026/09/15 19:02:17] 发送(hex): 20
[2026/09/15 19:02:17] 发送(hex): 20
[2026/09/15 19:02:17] 发送(hex): 20
[2026/09/15 19:02:17] 发送(hex): 20
[2026/09/15 19:02:17] 发送(hex): 20
[2026/09/15 19:02:17] 发送(hex): 20
[2026/09/15 19:02:17] 发送(hex): 20
[2026/09/15 19:02:17] 发送(hex): 20
[2026/09/15 19:02:17] 发送(hex): 20
[2026/09/15 19:02:17] 发送(hex): 20
[2026/09/15 19:02:17] 发送(hex): 20
[2026/09/15 19:02:17] 发送(hex): 20
[2026/09/15 19:02:17] 发送(hex): 20
[2026/09/15 19:02:17] 发送(hex): 20
[2026/09/15 19:02:17] 发送(hex): 20
[2026/09/15 19:02:17] 发送(hex): 20
[2026/09/15 19:02:17] 发送(hex): 20
[2026/09/15 19:02:17] 发送(hex): 20
[2026/09/15 19:02:17] 发送(hex): 20
[2026/09/15 19:02:17] 发送(hex): 20
[2026/09/15 19:02:17] 发送(hex): 20
[2026/09/15 19:02:17] 发送(hex): 20
[2026/09/15 19:02:17] 发送(hex): 20
[2026/09/15 19:02:17] 发送(hex): 20
[2026/09/15 19:02:17] 发送(hex): 20
[2026/09/15 19:02:17] 发送(hex): 20
[2026/09/15 19:02:17] 发送(hex): 20
[2026/09/15 19:02:17] 发送(hex): 20
[2026/09/15 19:02:17] 发送(hex): 20
[2026/09/15 19:02:17] 发送(hex): 20
[2026/09/15 19:02:17] 发送(hex): 20
[2026/09/15 19:02:17] 发送(hex): 20
[2026/09/15 19:02:17] 发送(hex): 20
[2026/09/15 19:02:17] 发送(hex): 20
[2026/09/15 19:02:17] 发送(hex): 20
[2026/09/15 19:02:17] 发送(hex): 20
[2026/09/15 19:02:17] 发送(hex): 20
[2026/09/15 19:02:17] 发送(hex): 20
[2026/09/15 19:02:17] 发送(hex): 20
[2026/09/15 19:02:17] 发送(hex): 20
[2026/09/15 19:02:18] 发送(hex): 20
[2026/09/15 19:02:18] 发送(hex): 20
[2026/09/15 19:02:18] 发送(hex): 20
[2026/09/15 19:02:18] 发送(hex): 20
[2026/09/15 19:02:18] 发送(hex): 20
[2026/09/15 19:02:18] 发送(hex): 20
[2026/09/15 19:02:18] 发送(hex): 20
[2026/09/15 19:02:18] 发送(hex): 20
[2026/09/15 19:02:18] 发送(hex): 20
[2026/09/15 19:02:18] 发送(hex): 20
[2026/09/15 19:02:18] 发送(hex): 20
[2026/09/15 19:02:18] 发送(hex): 20
[2026/09/15 19:02:18] 发送(hex): 20
[2026/09/15 19:02:18] 发送(hex): 20
[2026/09/15 19:02:18] 发送(hex): 20
[2026/09/15 19:02:18] 发送(hex): 20
[2026/09/15 19:02:18] 发送(hex): 20
[2026/09/15 19:02:18] 发送(hex): 20
[2026/09/15 19:02:18] 发送(hex): 20
[2026/09/15 19:02:18] 发送(hex): 20
[2026/09/15 19:02:18] 发送(hex): 20
[2026/09/15 19:02:18] 发送(hex): 20
[2026/09/15 19:02:18] 发送(hex): 20
[2026/09/15 19:02:18] 发送(hex): 20
[2026/09/15 19:02:18] 发送(hex): 20
[2026/09/15 19:02:18] 发送(hex): 20
[2026/09/15 19:02:18] 发送(hex): 20
[2026/09/15 19:02:18] 发送(hex): 20
[2026/09/15 19:02:18] 发送(hex): 20
[2026/09/15 19:02:18] 发送(hex): 20
[2026/09/15 19:02:18] 发送(hex): 20
[2026/09/15 19:02:18] 发送(hex): 20
[2026/09/15 19:02:18] 发送(hex): 20
[2026/09/15 19:02:18] 发送(hex): 20
[2026/09/15 19:02:18] 发送(hex): 20
[2026/09/15 19:02:18] 发送(hex): 20
[2026/09/15 19:02:18] 发送(hex): 20
[2026/09/15 19:02:18] 发送(hex): 20
[2026/09/15 19:02:18] 发送(hex): 20
[2026/09/15 19:02:18] 发送(hex): 20
[2026/09/15 19:02:18] 发送(hex): 20
[2026/09/15 19:02:18] 发送(hex): 20
[2026/09/15 19:02:18] 发送(hex): 20
[2026/09/15 19:02:18] 发送(hex): 20
[2026/09/15 19:02:18] 发送(hex): 20
[2026/09/15 19:02:18] 发送(hex): 20
[2026/09/15 19:02:18] 发送(hex): 20
[2026/09/15 19:02:18] 发送(hex): 20
[2026/09/15 19:02:18] 发送(hex): 20
[2026/09/15 19:02:18] 发送(hex): 20
[2026/09/15 19:02:18] 发送(hex): 20
[2026/09/15 19:02:18] 发送(hex): 20
[2026/09/15 19:02:18] 发送(hex): 20
[2026/09/15 19:02:18] 发送(hex): 20
[2026/09/15 19:02:18] 发送(hex): 20
[2026/09/15 19:02:18] 发送(hex): 20
[2026/09/15 19:02:18] 发送(hex): 20
[2026/09/15 19:02:18] 发送(hex): 20
[2026/09/15 19:02:18] 发送(hex): 20
[2026/09/15 19:02:18] 发送(hex): 20
[2026/09/15 19:02:18] 发送(hex): 20
[2026/09/15 19:02:18] 发送(hex): 20
[2026/09/15 19:02:18] 发送(hex): 20
[2026/09/15 19:02:18] 发送(hex): 20
[2026/09/15 19:02:18] 发送(hex): 20
[2026/09/15 19:02:18] 发送(hex): 20
[2026/09/15 19:02:18] 发送(hex): 20
[2026/09/15 19:02:18] 发送(hex): 20
[2026/09/15 19:02:18] 发送(hex): 20
[2026/09/15 19:02:18] 发送(hex): 20
[2026/09/15 19:02:18] 发送(hex): 20
[2026/09/15 19:02:18] 发送(hex): 20
[2026/09/15 19:02:18] 发送(hex): 20
[2026/09/15 19:02:18] 发送(hex): 20
[2026/09/15 19:02:18] 发送(hex): 20
[2026/09/15 19:02:18] 发送(hex): 20
[2026/09/15 19:02:18] 发送(hex): 20
[2026/09/15 19:02:18] 发送(hex): 20
[2026/09/15 19:02:18] 发送(hex): 20
[2026/09/15 19:02:18] 发送(hex): 20
[2026/09/15 19:02:18] 发送(hex): 20
[2026/09/15 19:02:18] 发送(hex): 20
[2026/09/15 19:02:18] 发送(hex): 20
[2026/09/15 19:02:18] 发送(hex): 20
[2026/09/15 19:02:18] 发送(hex): 20
[2026/09/15 19:02:18] 发送(hex): 20
[2026/09/15 19:02:18] 发送(hex): 20
[2026/09/15 19:02:18] 发送(hex): 20
[2026/09/15 19:02:18] 发送(hex): 20
[2026/09/15 19:02:18] 发送(hex): 20
[2026/09/15 19:02:18] 发送(hex): 20
[2026/09/15 19:02:18] 发送(hex): 20
[2026/09/15 19:02:18] 发送(hex): 20
[2026/09/15 19:02:18] 发送(hex): 20
[2026/09/15 19:02:19] 发送(hex): 20
[2026/09/15 19:02:19] 发送(hex): 20
[2026/09/15 19:02:19] 发送(hex): 20
[2026/09/15 19:02:19] 发送(hex): 20
[2026/09/15 19:02:19] 发送(hex): 20
[2026/09/15 19:02:19] 发送(hex): 20
[2026/09/15 19:02:19] 发送(hex): 20
[2026/09/15 19:02:19] 发送(hex): 20
[2026/09/15 19:02:19] 发送(hex): 20
[2026/09/15 19:02:19] 发送(hex): 20
[2026/09/15 19:02:19] 发送(hex): 20
[2026/09/15 19:02:19] 发送(hex): 20
[2026/09/15 19:02:19] 发送(hex): 20
[2026/09/15 19:02:19] 发送(hex): 20
[2026/09/15 19:02:19] 发送(hex): 20
[2026/09/15 19:02:19] 发送(hex): 20
[2026/09/15 19:02:19] 发送(hex): 20
[2026/09/15 19:02:19] 发送(hex): 20
[2026/09/15 19:02:19] 发送(hex): 20
[2026/09/15 19:02:19] 发送(hex): 20
[2026/09/15 19:02:19] 发送(hex): 20
[2026/09/15 19:02:19] 发送(hex): 20
[2026/09/15 19:02:19] 发送(hex): 20
[2026/09/15 19:02:19] 发送(hex): 20
[2026/09/15 19:02:19] 发送(hex): 20
[2026/09/15 19:02:19] 发送(hex): 20
[2026/09/15 19:02:19] 发送(hex): 20
[2026/09/15 19:02:19] 发送(hex): 20
[2026/09/15 19:02:19] 发送(hex): 20
[2026/09/15 19:02:19] 发送(hex): 20
[2026/09/15 19:02:19] 发送(hex): 20
[2026/09/15 19:02:19] 发送(hex): 20
[2026/09/15 19:02:19] 发送(hex): 20
[2026/09/15 19:02:19] 发送(hex): 20
[2026/09/15 19:02:19] 发送(hex): 20
[2026/09/15 19:02:19] 发送(hex): 20
[2026/09/15 19:02:19] 发送(hex): 20
[2026/09/15 19:02:19] 发送(hex): 20
[2026/09/15 19:02:19] 发送(hex): 20
[2026/09/15 19:02:19] 发送(hex): 20
[2026/09/15 19:02:19] 发送(hex): 20
[2026/09/15 19:02:19] 发送(hex): 20
[2026/09/15 19:02:19] 发送(hex): 20
[2026/09/15 19:02:19] 发送(hex): 20
[2026/09/15 19:02:19] 发送(hex): 20
[2026/09/15 19:02:19] 发送(hex): 20
[2026/09/15 19:02:19] 发送(hex): 20
[2026/09/15 19:02:19] 发送(hex): 20
[2026/09/15 19:02:19] 发送(hex): 20
[2026/09/15 19:02:19] 发送(hex): 20
[2026/09/15 19:02:19] 发送(hex): 20
[2026/09/15 19:02:19] 发送(hex): 20
[2026/09/15 19:02:19] 发送(hex): 20
[2026/09/15 19:02:19] 发送(hex): 20
[2026/09/15 19:02:19] 发送(hex): 20
[2026/09/15 19:02:19] 发送(hex): 20
[2026/09/15 19:02:19] 发送(hex): 20
[2026/09/15 19:02:19] 发送(hex): 20
[2026/09/15 19:02:19] 发送(hex): 20
[2026/09/15 19:02:19] 发送(hex): 20
[2026/09/15 19:02:19] 发送(hex): 20
[2026/09/15 19:02:19] 发送(hex): 20
[2026/09/15 19:02:19] 发送(hex): 20
[2026/09/15 19:02:19] 发送(hex): 20
[2026/09/15 19:02:19] 发送(hex): 20
[2026/09/15 19:02:19] 发送(hex): 20
[2026/09/15 19:02:19] 发送(hex): 20
[2026/09/15 19:02:19] 发送(hex): 20
[2026/09/15 19:02:19] 发送(hex): 20
[2026/09/15 19:02:19] 发送(hex): 20
[2026/09/15 19:02:19] 发送(hex): 20
[2026/09/15 19:02:19] 发送(hex): 20
[2026/09/15 19:02:19] 发送(hex): 20
[2026/09/15 19:02:19] 发送(hex): 20
[2026/09/15 19:02:19] 发送(hex): 20
[2026/09/15 19:02:19] 发送(hex): 20
[2026/09/15 19:02:19] 发送(hex): 20
[2026/09/15 19:02:19] 发送(hex): 20
[2026/09/15 19:02:19] 发送(hex): 20
[2026/09/15 19:02:19] 发送(hex): 20
[2026/09/15 19:02:19] 发送(hex): 20
[2026/09/15 19:02:19] 发送(hex): 20
[2026/09/15 19:02:19] 发送(hex): 20
[2026/09/15 19:02:19] 发送(hex): 20
[2026/09/15 19:02:19] 发送(hex): 20
[2026/09/15 19:02:19] 发送(hex): 20
[2026/09/15 19:02:19] 发送(hex): 20
[2026/09/15 19:02:19] 发送(hex): 20
[2026/09/15 19:02:19] 发送(hex): 20
[2026/09/15 19:02:19] 发送(hex): 20
[2026/09/15 19:02:19] 发送(hex): 20
[2026/09/15 19:02:19] 发送(hex): 20
[2026/09/15 19:02:19] 发送(hex): 20
[2026/09/15 19:02:19] 发送(hex): 20
[2026/09/15 19:02:19] 发送(hex): 20
[2026/09/15 19:02:20] 发送(hex): 20
[2026/09/15 19:02:20] 发送(hex): 20
[2026/09/15 19:02:20] 发送(hex): 20
[2026/09/15 19:02:20] 发送(hex): 20
[2026/09/15 19:02:20] 发送(hex): 20
[2026/09/15 19:02:20] 发送(hex): 20
[2026/09/15 19:02:20] 发送(hex): 20
[2026/09/15 19:02:20] 发送(hex): 20
[2026/09/15 19:02:20] 发送(hex): 20
[2026/09/15 19:02:20] 发送(hex): 20
[2026/09/15 19:02:20] 发送(hex): 20
[2026/09/15 19:02:20] 发送(hex): 20
[2026/09/15 19:02:20] 发送(hex): 20
[2026/09/15 19:02:20] 发送(hex): 20
[2026/09/15 19:02:20] 发送(hex): 20
[2026/09/15 19:02:20] 发送(hex): 20
[2026/09/15 19:02:20] 发送(hex): 20
[2026/09/15 19:02:20] 发送(hex): 20
[2026/09/15 19:02:20] 发送(hex): 20
[2026/09/15 19:02:20] 发送(hex): 20
[2026/09/15 19:02:20] 发送(hex): 20
[2026/09/15 19:02:20] 发送(hex): 20
[2026/09/15 19:02:20] 发送(hex): 20
[2026/09/15 19:02:20] 发送(hex): 20
[2026/09/15 19:02:20] 发送(hex): 20
[2026/09/15 19:02:20] 发送(hex): 20
[2026/09/15 19:02:20] 发送(hex): 20
[2026/09/15 19:02:20] 发送(hex): 20
[2026/09/15 19:02:20] 发送(hex): 20
[2026/09/15 19:02:20] 发送(hex): 20
[2026/09/15 19:02:20] 发送(hex): 20
[2026/09/15 19:02:20] 发送(hex): 20
[2026/09/15 19:02:20] 发送(hex): 20
[2026/09/15 19:02:20] 发送(hex): 20
[2026/09/15 19:02:20] 发送(hex): 20
[2026/09/15 19:02:20] 发送(hex): 20
[2026/09/15 19:02:20] 发送(hex): 20
[2026/09/15 19:02:20] 发送(hex): 20
[2026/09/15 19:02:20] 发送(hex): 20
[2026/09/15 19:02:20] 发送(hex): 20
[2026/09/15 19:02:20] 发送(hex): 20
[2026/09/15 19:02:20] 发送(hex): 20
[2026/09/15 19:02:20] 发送(hex): 20
[2026/09/15 19:02:20] 发送(hex): 20
[2026/09/15 19:02:20] 发送(hex): 20
[2026/09/15 19:02:20] 发送(hex): 20
[2026/09/15 19:02:20] 发送(hex): 20
[2026/09/15 19:02:20] 发送(hex): 20
[2026/09/15 19:02:20] 发送(hex): 20
[2026/09/15 19:02:20] 发送(hex): 20
[2026/09/15 19:02:20] 发送(hex): 20
[2026/09/15 19:02:20] 发送(hex): 20
[2026/09/15 19:02:20] 发送(hex): 20
[2026/09/15 19:02:20] 发送(hex): 20
[2026/09/15 19:02:20] 发送(hex): 20
[2026/09/15 19:02:20] 发送(hex): 20
[2026/09/15 19:02:20] 发送(hex): 20
[2026/09/15 19:02:20] 发送(hex): 20
[2026/09/15 19:02:20] 发送(hex): 20
[2026/09/15 19:02:20] 发送(hex): 20
[2026/09/15 19:02:20] 发送(hex): 20
[2026/09/15 19:02:20] 发送(hex): 20
[2026/09/15 19:02:20] 发送(hex): 20
[2026/09/15 19:02:20] 发送(hex): 20
[2026/09/15 19:02:20] 发送(hex): 20
[2026/09/15 19:02:20] 发送(hex): 20
[2026/09/15 19:02:20] 发送(hex): 20
[2026/09/15 19:02:20] 发送(hex): 20
[2026/09/15 19:02:20] 发送(hex): 20
[2026/09/15 19:02:20] 发送(hex): 20
[2026/09/15 19:02:20] 发送(hex): 20
[2026/09/15 19:02:20] 发送(hex): 20
[2026/09/15 19:02:20] 发送(hex): 20
[2026/09/15 19:02:20] 发送(hex): 20
[2026/09/15 19:02:20] 发送(hex): 20
[2026/09/15 19:02:20] 发送(hex): 20
[2026/09/15 19:02:20] 发送(hex): 20
[2026/09/15 19:02:20] 发送(hex): 20
[2026/09/15 19:02:20] 发送(hex): 20
[2026/09/15 19:02:20] 发送(hex): 20
[2026/09/15 19:02:20] 发送(hex): 20
[2026/09/15 19:02:20] 发送(hex): 20
[2026/09/15 19:02:20] 发送(hex): 20
[2026/09/15 19:02:20] 发送(hex): 20
[2026/09/15 19:02:20] 发送(hex): 20
[2026/09/15 19:02:20] 发送(hex): 20
[2026/09/15 19:02:20] 发送(hex): 20
[2026/09/15 19:02:20] 发送(hex): 20
[2026/09/15 19:02:20] 发送(hex): 20
[2026/09/15 19:02:20] 发送(hex): 20
[2026/09/15 19:02:20] 发送(hex): 20
[2026/09/15 19:02:20] 发送(hex): 20
[2026/09/15 19:02:20] 发送(hex): 20
[2026/09/15 19:02:20] 发送(hex): 20
[2026/09/15 19:02:21] 发送(hex): 20
[2026/09/15 19:02:21] 发送(hex): 20
[2026/09/15 19:02:21] 发送(hex): 20
[2026/09/15 19:02:21] 发送(hex): 20
[2026/09/15 19:02:21] 发送(hex): 20
[2026/09/15 19:02:21] 发送(hex): 20
[2026/09/15 19:02:21] 发送(hex): 20
[2026/09/15 19:02:21] 发送(hex): 20
[2026/09/15 19:02:21] 发送(hex): 20
[2026/09/15 19:02:21] 发送(hex): 20
[2026/09/15 19:02:21] 发送(hex): 20
[2026/09/15 19:02:21] 发送(hex): 20
[2026/09/15 19:02:21] 发送(hex): 20
[2026/09/15 19:02:21] 发送(hex): 20
[2026/09/15 19:02:21] 发送(hex): 20
[2026/09/15 19:02:21] 发送(hex): 20
[2026/09/15 19:02:21] 发送(hex): 20
[2026/09/15 19:02:21] 发送(hex): 20
[2026/09/15 19:02:21] 发送(hex): 20
[2026/09/15 19:02:21] 发送(hex): 20
[2026/09/15 19:02:21] 发送(hex): 20
[2026/09/15 19:02:21] 发送(hex): 20
[2026/09/15 19:02:21] 发送(hex): 20
[2026/09/15 19:02:21] 发送(hex): 20
[2026/09/15 19:02:21] 发送(hex): 20
[2026/09/15 19:02:21] 发送(hex): 20
[2026/09/15 19:02:21] 发送(hex): 20
[2026/09/15 19:02:21] 发送(hex): 0d
[2026/09/15 19:02:21] 发送(hex): 0d
[2026/09/15 19:02:21] Realtek>
[2026/09/15 19:02:21] 发送(hex): 0d
[2026/09/15 19:02:21] Realtek>
[2026/09/15 19:02:21] 发送(hex): 0d
[2026/09/15 19:02:21] 发送(hex): 0d
[2026/09/15 19:02:21] Realtek>
[2026/09/15 19:02:21] Realtek
[2026/09/15 19:02:21] >
[2026/09/15 19:02:21] Realtek>
[2026/09/15 19:02:26] 发送(hex): 706d6f646520656e61626c653b72650d
[2026/09/15 19:02:26] pmode enable;re
[2026/09/15 19:02:26] uboot command for pmode enable!
[2026/09/15 19:02:26] resetting ...
[2026/09/15 19:02:26] $
[2026/09/15 19:02:26] Post romcode git v
[2026/09/15 19:02:26] er:42df880604ac78a3 (Aug 28 2026 21:41:35)
[2026/09/15 19:02:26] $
[2026/09/15 19:02:26] Hello world, RTD2875P_CN2_TV030!
[2026/09/15 19:02:26] set_wifi_reset
[2026/09/15 19:02:26] Auxcode git ver:3a4deb9ea300359e (Aug 28 2026 21:41:29)
[2026/09/15 19:02:26] flash_type = 2, secure_type = 2
[2026/09/15 19:02:26] b8062204=20000
[2026/09/15 19:02:26] slot info 0 0x0 info 1 0x9021afbe
[2026/09/15 19:02:26] g_gpt_blk_start 0x1  g_offline_gpt 0x0 last_usable_lba 0x1cd2032 num_partition_entries 0x32
[2026/09/15 19:02:26] start 0x2e600000 clt_blk 0x1973004 ctrl size 0x20
[2026/09/15 19:02:26] choose active index 0
[2026/09/15 19:02:26] part name bootloader ative_slot _a real part name bootloader_a
[2026/09/15 19:02:26] part name hwsetting start 0x100000 size 0x33600
[2026/09/15 19:02:26] part name ext_fw start 0x133600 size 0x10400
[2026/09/15 19:02:26] part name kboot start 0x143a00 size 0x16e00
[2026/09/15 19:02:26] part name uboot start 0x15a800 size 0x120400
[2026/09/15 19:02:26] ls4 2 1 = 800040ac 8000207f 80001000
[2026/09/15 19:02:26] fNewHWsettingArch = 2
[2026/09/15 19:02:26] 1.lsadcidx = 2, brand =3, offset = 0
[2026/09/15 19:02:26] 1.lsadcidx = 2, brand =3, offset = 17800
[2026/09/15 19:02:26] hwsetting from mmc
[2026/09/15 19:02:26] AC on HW offset 0x809 start 0x800 reg 0x8090800
[2026/09/15 19:02:26] total = 2f00
[2026/09/15 19:02:27] A
[2026/09/15 19:02:27] A
[2026/09/15 19:02:27] A
[2026/09/15 19:02:27] A
[2026/09/15 19:02:27] A
[2026/09/15 19:02:27] {12 14}
[2026/09/15 19:02:27] ff
[2026/09/15 19:02:27] eeddffeeddddr ver: 62c63180
[2026/09/15 19:02:27] ori DQS0~7 {03 04 1a 1c 00 01 00 00}
[2026/09/15 19:02:27] {01 03 19 1b 00 01 00 00} {09 09 06 09 06 05 00 00}
[2026/09/15 19:02:27] r.y.0
[2026/09/15 19:02:27] r.y.0 SCPU BISR status: Done
[2026/09/15 19:02:27] [go kb]
[2026/09/15 19:02:27] pass
[2026/09/15 19:02:27] bootcode info to kboot
[2026/09/15 19:02:27] num=1056
[2026/09/15 19:02:27] boot_magic=20230423
[2026/09/15 19:02:27] ---DEBUG kboot 21:41:14 Aug 28 2026 ---
[2026/09/15 19:02:27] [Kboot]eMMC(mid-15) MMC_HS50 (50000000Mhz)[8bit].
[2026/09/15 19:02:27] block info 0x1cd2032 0x3a3e000.
[2026/09/15 19:02:27] [MMC] 32 -----------> 16GB.
[2026/09/15 19:02:27] (2379beef) (0) bufsize=(null)
[2026/09/15 19:02:27] uboot start 0x15a800 size 0x120400
[2026/09/15 19:02:27] board_version: l
[2026/09/15 19:02:27] s1 = 0, ver: 0
[2026/09/15 19:02:27] [0;31mapp_main 325 board_version=0[0m
[2026/09/15 19:02:27] get FW_TZFW flash start 0xf100200 ddr buf start
[2026/09/15 19:02:27] 0x180000 image size 010c2e3 ok!
[2026/09/15 19:02:27] [INFO]RPMB auth key not written !
[2026/09/15 19:02:27] [INFO]RPMB auth key not written !
[2026/09/15 19:02:27] Current board is not frist boot.
[2026/09/15 19:02:27] ALL zero, reserved_3 has removed.
[2026/09/15 19:02:27] Current board remove reserved_3 done.
[2026/09/15 19:02:27] get FW_VKERNEL
[2026/09/15 19:02:27] flash start 0xc100200 ddr buf start 0x1a900000 image size 05f0300 ok!
[2026/09/15 19:02:27] get FW_VKERNEL2 flash start 0xd900200 ddr buf start 0x1af00000 image size 0f4920 ok!
[2026/09/15 19:02:27] get FW_AKERNEL flash start 0xa900200 ddr buf start 0x1b200000 image size 07fbf7c ok!
[2026/09/15 19:02:28] ATFATFATF:0 1 NOTICE: kill CPU(2)...
[2026/09/15 19:02:28] ATF:0 1 NOTICE: kill (2) : PACTIVE:0
[2026/09/15 19:02:28] ATF:0 1 NOTICE:  CPU(2) kill done, pstate(0x0)
[2026/09/15 19:02:28] U
[2026/09/15 19:02:28] fixup_node_name 555. set /reserved-memory@5 to /reserved-memory
[2026/09/15 19:02:28] fixup_node_name 555. set /rtk_cma@5 to /rtk_cma
[2026/09/15 19:02:28] ### [1;31mERROR[0m ### get_movablecore 613. Can't find dtb node /reserved-memory/cma2_memory/reg
[2026/09/15 19:02:28] reinit_mem_info 1049  ddr_size 80000000
[2026/09/15 19:02:28] booting, boot_led_type: 0x00000000, led on[1]
[2026/09/15 19:02:28] set share register: 0x99100000
[2026/09/15 19:02:28] boot_power_on_mode=1
[2026/09/15 19:02:28] [get_layout:1264]!
[2026/09/15 19:02:28] boot_part value = 0 boot_tag value = 21
[2026/09/15 19:02:28] [get_oemkey] 1397: get oem.key = ATV00107525
[2026/09/15 19:02:28] Factory_RO: [EXT4] factory_ro_buffer:0a800000, factory_ro_buffer size:0x1000000!
[2026/09/15 19:02:28] Partiton factory_ro_a located at 0:6
[2026/09/15 19:02:28] factory_ro_a partition can not find /.000@bk@***!
[2026/09/15 19:02:28] Factory RO no need recovery!
[2026/09/15 19:02:28] Get tvconfigs_a partition block device index fail!
[2026/09/15 19:02:28] read customer.ini file fail!
[2026/09/15 19:02:28] parse SYS_INI path fail
[2026/09/15 19:02:28] Not support board ini mechansim!
[2026/09/15 19:02:28] Get tvconfigs_a partition block device index fail!
[2026/09/15 19:02:28] read customer.ini file fail!
[2026/09/15 19:02:28] parse SYS_INI path fail
[2026/09/15 19:02:28] load model ini file fail
[2026/09/15 19:02:28] cannot find PcbPath from ini file
[2026/09/15 19:02:28] no pcb.config in tvconfigs
[2026/09/15 19:02:28] no mnt/vendor/factorypcb.config
[2026/09/15 19:02:30] delay:342
[2026/09/15 19:02:30] Vwait V1go
[2026/09/15 19:02:30] Vwait V2go
[2026/09/15 19:02:30] DEMOD BISR check Pass and disable demod CLK!!
[2026/09/15 19:02:30] [0;31mboard_version=0 sz=18M[0m
[2026/09/15 19:02:30] ATF:0 1 NOTICE: atf enter time:1181ms, current time:3990ms
[2026/09/15 19:02:30] ATF:0 1 NOTICE: 1st boot elapsed 3995ms
[2026/09/15 19:02:33] console:/ $
[2026/09/15 19:02:41] factory auto test loop start
[2026/09/15 19:02:41]  
[2026/09/15 19:02:51] 发送(hex): aa061001a7ef
[2026/09/15 19:02:51] «
[2026/09/15 19:02:51] ßN
[2026/09/15 19:02:52] 发送(hex): aa09700000000092eb
[2026/09/15 19:02:53] «
[2026/09/15 19:02:53] ßN
[2026/09/15 19:03:03] 发送(hex): aa06840063e1
[2026/09/15 19:03:03] «
[2026/09/15 19:03:03] ßN« &d
[2026/09/15 19:03:06] $
[2026/09/15 19:03:06] Post romcode git ver:42df880604ac78a3 (Aug 28 2026 21:41:35)
[2026/09/15 19:03:06] $
[2026/09/15 19:03:06] Hello world, RTD2875P_CN2_TV030!
[2026/09/15 19:03:06] set_wifi_reset
[2026/09/15 19:03:06] Auxcode git ver:3a4deb9ea300359e (Aug 28 2026 21:41:29)
[2026/09/15 19:03:06] flash_type = 2, secure_type = 2
[2026/09/15 19:03:06] b8062204=0
[2026/09/15 19:03:06] slot info 0 0x0 info 1 0x0
[2026/09/15 19:03:06] invalid reg slot status
[2026/09/15 19:03:07] 0x0,get slot info from flash!
[2026/09/15 19:03:07] g_gpt_blk_start 0x1  g_offline_gpt 0x0 last_usable_lba 0x1cd2032 num_partition_entries 0x32
[2026/09/15 19:03:07] start 0x2e600000 clt_blk 0x1973004 ctrl size 0x20
[2026/09/15 19:03:07] choose active index 0
[2026/09/15 19:03:07] part name bootloader ative_slot _a real part name bootloader_a
[2026/09/15 19:03:07] part name hwsetting start 0x100000 size 0x33600
[2026/09/15 19:03:07] part name ext_fw start 0x133600 size 0x10400
[2026/09/15 19:03:07] part name kboot start 0x143a00 size 0x16e00
[2026/09/15 19:03:07] part name uboot start 0x15a800 size 0x120400
[2026/09/15 19:03:07] ls4 2 1 = 800040ab 8000207f 80001000
[2026/09/15 19:03:07] fNewHWsettingArch = 2
[2026/09/15 19:03:07] 1.lsadcidx = 2, brand =3, offset = 0
[2026/09/15 19:03:07] 1.lsadcidx = 2, brand =3, offset = 17800
[2026/09/15 19:03:07] hwsetting from mmc
[2026/09/15 19:03:07] AC on HW offset 0x809 start 0x800 reg 0x8090800
[2026/09/15 19:03:07] total = 2f00
[2026/09/15 19:03:07] A
[2026/09/15 19:03:07] A
[2026/09/15 19:03:07] A
[2026/09/15 19:03:07] A
[2026/09/15 19:03:07] A
[2026/09/15 19:03:07] {12 14}
[2026/09/15 19:03:07] ffeeddffeeddddr ver: 62c63180
[2026/09/15 19:03:07] ori DQS0~7 {03 04 1a 1c 00 01 00 00}
[2026/09/15 19:03:07] {01 03 19 1b 00 01 00 00} {0a 09 06 09 06 05 00 00}
[2026/09/15 19:03:07] r.y.0
[2026/09/15 19:03:07] r.y.0 SCPU BISR status: Done
[2026/09/15 19:03:07] [go kb]
[2026/09/15 19:03:07] pass bootcode info to kboot
[2026/09/15 19:03:07] num=1100
[2026/09/15 19:03:07] boot_magic=40042000
[2026/09/15 19:03:07] ---DEBUG kboot 21:41:14 Aug 28 2026 ---
[2026/09/15 19:03:07] [Kboot]eMMC(mid-15) MMC_HS50 (50000000Mhz)[8bit].
[2026/09/15 19:03:07] block info 0x1cd2032 0x3a3e000.
[2026/09/15 19:03:07] [MMC] 32 -----------> 16GB.
[2026/09/15 19:03:07] (00000000) (1) bufsize=(null)
[2026/09/15 19:03:07] uboot start 0x15a800 size 0x120400
[2026/09/15 19:03:07] board_ver
[2026/09/15 19:03:07] sion: ls1 = 0, ver: 0
[2026/09/15 19:03:07] [0;31mapp_main 325 board_version=0[0m
[2026/09/15 19:03:07] get FW_TZFW flash start 0xf100200 ddr buf start 0x180000 image size 010c2e3 ok!
[2026/09/15 19:03:07] [INFO]RPMB auth key not written !
[2026/09/15 19:03:07] [INFO]RPMB auth key not written !
[2026/09/15 19:03:07] Current board is not frist boot.
[2026/09/15 19:03:07] ALL zero, reserved_3 has removed.
[2026/09/15 19:03:07] Current board remove reserved_3 done.
[2026/09/15 19:03:07] get FW_VKERNEL flash st
[2026/09/15 19:03:07] art 0xc100200 ddr buf start 0x1a900000 image size 05f0300 ok!
[2026/09/15 19:03:07] get FW_VKERNEL2 flash start 0xd900200 ddr buf start 0x1af00000 image size 0f4920 ok!
[2026/09/15 19:03:08] get FW_AKERNEL flash start 0xa900200 ddr buf start 0x1b200000 image size 07fbf7c ok!
[2026/09/15 19:03:08] ATFATFATF:0 1 NOTICE: kill CPU(2)...
[2026/09/15 19:03:08] ATF:0 1 NOTICE: kill (2) : PACTIVE:0
[2026/09/15 19:03:08] ATF:0 1 NOTICE:  CPU(2) kill done, pstate(0x0)
[2026/09/15 19:03:08] U
[2026/09/15 19:03:08] fixup_node_name 555. set /reserved-memory@5 to /reserved-memory
[2026/09/15 19:03:08] fixup_node_name 555. set /rtk_cma@5 to /rtk_cma
[2026/09/15 19:03:08] ### [1;31mERROR[0m ### get_movablecore 613. Can't find dtb node /reserved-memory/cma2_memory/reg
[2026/09/15 19:03:08] reinit_mem_info 1049  ddr_size 80000000
[2026/09/15 19:03:08] booting, boot_led_type: 0x00000000, led on[1]
[2026/09/15 19:03:08] set share register: 0x99100000
[2026/09/15 19:03:08] boot_power_on_mode=1
[2026/09/15 19:03:08] [get_layout:1264]!
[2026/09/15 19:03:08] boot_part value = 0 boot_tag value = 21
[2026/09/15 19:03:08] [get_oemkey] 1397: get oem.key = ATV00107525
[2026/09/15 19:03:08] Factory_RO: [EXT4] factory_ro_buffer:0a800000, factory_ro_buffer size:0x1000000!
[2026/09/15 19:03:08] Partiton factory_ro_a located at 0:6
[2026/09/15 19:03:08] factory_ro_a partition can not find /.000@bk@***!
[2026/09/15 19:03:08] Factory RO no need recovery!
[2026/09/15 19:03:08] Get tvconfigs_a partition block device index fail!
[2026/09/15 19:03:08] read customer.ini file fail!
[2026/09/15 19:03:08] parse SYS_INI path fail
[2026/09/15 19:03:08] Not support board ini mechansim!
[2026/09/15 19:03:08] Get tvconfigs_a partition block device index fail!
[2026/09/15 19:03:08] read customer.ini file fail!
[2026/09/15 19:03:08] parse SYS_INI path fail
[2026/09/15 19:03:08] load model ini file fail
[2026/09/15 19:03:08] cannot find PcbPath from ini file
[2026/09/15 19:03:08] no pcb.config in tvconfigs
[2026/09/15 19:03:08] no mnt/vendor/factorypcb.config
[2026/09/15 19:03:10] delay:342
[2026/09/15 19:03:10] Vwait V1go
[2026/09/15 19:03:10] Vwait V2go
[2026/09/15 19:03:10] DEMOD BISR check Pass and disable demod CLK!!
[2026/09/15 19:03:10] [0;31mboard_version=0 sz=18M[0m
[2026/09/15 19:03:10] ATF:0 1 NOTICE: atf enter time:1185ms, current time:4013ms
[2026/09/15 19:03:10] ATF:0 1 NOTICE: 1st boot elapsed 4019ms
[2026/09/15 19:03:14] console:/ $
[2026/09/15 19:03:23] factory auto test loop start
[2026/09/15 19:03:23]  
[2026/09/15 19:03:31] 发送(hex): aa061001a7ef
[2026/09/15 19:03:31] «
[2026/09/15 19:03:31] ßN
[2026/09/15 19:03:32] 发送(hex): aa06110194de
[2026/09/15 19:03:32] «
[2026/09/15 19:03:32] ßN
[2026/09/15 19:03:53] 发送(hex): aa06840063e1
[2026/09/15 19:03:53] «
[2026/09/15 19:03:53] ßN«  Pö
[2026/09/15 19:03:56] $
[2026/09/15 19:03:56] Post romcode git ver:42df880604ac78a3
[2026/09/15 19:03:56] (Aug 28 2026 21:41:35)
[2026/09/15 19:03:56] $
[2026/09/15 19:03:56] Hello world, RTD2875P_CN2_TV030!
[2026/09/15 19:03:56] set_wifi_reset
[2026/09/15 19:03:56] Auxcode git ver:3a4deb9ea300359e (Aug 28 2026 21:41:29)
[2026/09/15 19:03:56] flash_type = 2, secure_type = 2
[2026/09/15 19:03:56] b8062204=0
[2026/09/15 19:03:56] slot info 0 0x0 info 1 0x0
[2026/09/15 19:03:56] invalid reg slot status 0x0,get slot info from flash!
[2026/09/15 19:03:56] g_gpt_blk_start 0x1  g_offline_gpt 0x0 last_usable_lba 0x1cd2032 num_partition_entries 0x32
[2026/09/15 19:03:56] start 0x2e600000 clt_blk 0x1973004 ctrl size 0x20
[2026/09/15 19:03:56] choose active index 0
[2026/09/15 19:03:56] part name bootloader ative_slot _a real part name bootloader_a
[2026/09/15 19:03:56] part name hwsetting start 0x100000 size 0x33600
[2026/09/15 19:03:56] part name ext_fw start 0x133600 size 0x10400
[2026/09/15 19:03:56] part name kboot start 0x143a00 size 0x16e00
[2026/09/15 19:03:56] part name uboot start 0x15a800 size 0x120400
[2026/09/15 19:03:56] ls4 2 1 = 800040aa 8000207f 80001000
[2026/09/15 19:03:56] fNewHWsettingArch = 2
[2026/09/15 19:03:56] 1.lsadcidx = 2, brand =3, offset = 0
[2026/09/15 19:03:56] 1.lsadcidx = 2, brand =3, offset = 17800
[2026/09/15 19:03:56] hwsetting from mmc
[2026/09/15 19:03:56] AC on HW offset 0x809 start 0x800 reg 0x8090800
[2026/09/15 19:03:56] total = 2f00
[2026/09/15 19:03:56] A
[2026/09/15 19:03:56] A
[2026/09/15 19:03:56] A
[2026/09/15 19:03:56] A
[2026/09/15 19:03:56] A
[2026/09/15 19:03:56] {12 14}
[2026/09/15 19:03:56] ffeeddffeeddddr ver: 62c63180
[2026/09/15 19:03:56] ori DQS0~7 {03 04 1a 1c 00 01 00 00}
[2026/09/15 19:03:56] {01 03 1a 1b 00 01 00 00} {08 09 07 09 06 05 00 00}
[2026/09/15 19:03:56] r.y.0
[2026/09/15 19:03:56] r.y.0 SCPU BISR status: Done
[2026/09/15 19:03:56] [go kb]
[2026/09/15 19:03:57] pass bootcode info to kboot
[2026/09/15 19:03:57] num=1100
[2026/09/15 19:03:57] boot_magic=40042000
[2026/09/15 19:03:57] ---DEBUG kboot 21:41:14 Aug 28 2026 ---
[2026/09/15 19:03:57] [Kboot]eMMC(mid-15) MMC_HS50 (50000000Mhz)[8bit].
[2026/09/15 19:03:57] block info 0x1cd2032 0x3a3e000.
[2026/09/15 19:03:57] [MMC] 32 -----------> 16GB.
[2026/09/15 19:03:57] (00000000) (1) bufsize=(null)
[2026/09/15 19:03:57] uboot start 0x15a800 si
[2026/09/15 19:03:57] ze 0x120400
[2026/09/15 19:03:57] board_version: ls1 = 0, ver: 0
[2026/09/15 19:03:57] [0;31mapp_main 325 board_version=0[0m
[2026/09/15 19:03:57] get FW_TZFW flash start 0xf100200 ddr buf start 0x180000 image size 010c2e3 ok!
[2026/09/15 19:03:57] [INFO]RPMB auth key not written !
[2026/09/15 19:03:57] [INFO]RPMB auth key not written !
[2026/09/15 19:03:57] Current board is not frist boot.
[2026/09/15 19:03:57] ALL zero, reserved_3 has removed.
[2026/09/15 19:03:57] Current board remove reserved_3 done.
[2026/09/15 19:03:57] get FW_VKERNEL flash st
[2026/09/15 19:03:57] art 0xc100200 ddr buf start 0x1a900000 image size 05f0300 ok!
[2026/09/15 19:03:57] get FW_VKERNEL2 flash start 0xd900200 ddr buf start 0x1af00000 image size 0f4920 ok!
[2026/09/15 19:03:57] get FW_AKERNEL flash start 0xa900200 ddr buf start 0x1b200000 image size 07fbf7c ok!
[2026/09/15 19:03:57] ATFATFATF:0 1 NOTICE: kill CPU(2)...
[2026/09/15 19:03:57] ATF:0 1 NOTICE: kill (2) : PACTIVE:0
[2026/09/15 19:03:57] ATF:0 1 NOTICE:  CPU(2) kill done, pstate(0x0)
[2026/09/15 19:03:57] U
[2026/09/15 19:03:58] fixup_node_name 555. set /reserved-memory@5 to /reserved-memory
[2026/09/15 19:03:58] fixup_node_name 555. set /rtk_cma@5 to /rtk_cma
[2026/09/15 19:03:58] ### [1;31mERROR[0m ### get_movablecore 613. Can't find dtb node /reserved-memory/cma2_memory/reg
[2026/09/15 19:03:58] reinit_mem_info 1049  ddr_size 80000000
[2026/09/15 19:03:58] booting, boot_led_type: 0x00000000, led on[1]
[2026/09/15 19:03:58] set share register: 0x99100000
[2026/09/15 19:03:58] boot_power_on_mode=1
[2026/09/15 19:03:58] [get_layout:1264]!
[2026/09/15 19:03:58] boot_part value = 0 boot_tag value = 21
[2026/09/15 19:03:58] [get_oemkey] 1397: get oem.key = ATV00107525
[2026/09/15 19:03:58] Factory_RO: [EXT4] factory_ro_buffer:0a800000, factory_ro_buffer size:0x1000000!
[2026/09/15 19:03:58] Partiton factory_ro_a located at 0:6
[2026/09/15 19:03:58] factory_ro_a partition can not find /.000@bk@***!
[2026/09/15 19:03:58] Factory RO no need recovery!
[2026/09/15 19:03:58] Get tvconfigs_a partition block device index fail!
[2026/09/15 19:03:58] read customer.ini file fail!
[2026/09/15 19:03:58] parse SYS_INI path fail
[2026/09/15 19:03:58] Not support board ini mechansim!
[2026/09/15 19:03:58] Get tvconfigs_a partition block device index fail!
[2026/09/15 19:03:58] read customer.ini file fail!
[2026/09/15 19:03:58] parse SYS_INI path fail
[2026/09/15 19:03:58] load model ini file fail
[2026/09/15 19:03:58] cannot find PcbPath from ini file
[2026/09/15 19:03:58] no pcb.config in tvconfigs
[2026/09/15 19:03:58] no mnt/vendor/factorypcb.config
[2026/09/15 19:03:59] delay:342
[2026/09/15 19:04:00] Vwait V1go
[2026/09/15 19:04:00] Vwait V2go
[2026/09/15 19:04:00] DEMOD BISR check Pass and disable demod CLK!!
[2026/09/15 19:04:00] [0;31mboar
[2026/09/15 19:04:00] d_version=0 sz=18M[0m
[2026/09/15 19:04:00] ATF:0 1 NOTICE: atf enter time:1185ms, current time:4015ms
[2026/09/15 19:04:00] ATF:0 1 NOTICE: 1st boot elapsed 4021ms
[2026/09/15 19:04:03] console:/ $
[2026/09/15 19:04:12] factory auto test loop start
[2026/09/15 19:04:12]  
[2026/09/15 19:04:28] 发送(hex): 20
[2026/09/15 19:04:28] 发送(hex): 20
[2026/09/15 19:04:28] 发送(hex): 20
[2026/09/15 19:04:28] 发送(hex): 20
[2026/09/15 19:04:28] 发送(hex): 20
[2026/09/15 19:04:28] 发送(hex): 20
[2026/09/15 19:04:28] 发送(hex): 20
[2026/09/15 19:04:28] 发送(hex): 20
[2026/09/15 19:04:28] 发送(hex): 20
[2026/09/15 19:04:28] 发送(hex): 20
[2026/09/15 19:04:28] 发送(hex): 20
[2026/09/15 19:04:28] 发送(hex): 20
[2026/09/15 19:04:28] 发送(hex): 20
[2026/09/15 19:04:28] 发送(hex): 20
[2026/09/15 19:04:28] 发送(hex): 20
[2026/09/15 19:04:28] 发送(hex): 20
[2026/09/15 19:04:28] 发送(hex): 20
[2026/09/15 19:04:28] 发送(hex): 20
[2026/09/15 19:04:28] 发送(hex): 20
[2026/09/15 19:04:28] 发送(hex): 20
[2026/09/15 19:04:28] 发送(hex): 20
[2026/09/15 19:04:28] 发送(hex): 20
[2026/09/15 19:04:28] 发送(hex): 20
[2026/09/15 19:04:28] 发送(hex): 20
[2026/09/15 19:04:28] 发送(hex): 20
[2026/09/15 19:04:28] 发送(hex): 20
[2026/09/15 19:04:28] 发送(hex): 20
[2026/09/15 19:04:28] 发送(hex): 20
[2026/09/15 19:04:28] 发送(hex): 20
[2026/09/15 19:04:28] 发送(hex): 20
[2026/09/15 19:04:28] 发送(hex): 20
[2026/09/15 19:04:28] 发送(hex): 20
[2026/09/15 19:04:28] $
[2026/09/15 19:04:28] Post romcode git ver:42df8
[2026/09/15 19:04:28] 发送(hex): 20
[2026/09/15 19:04:28] 发送(hex): 20
[2026/09/15 19:04:28] 发送(hex): 20
[2026/09/15 19:04:28] 发送(hex): 20
[2026/09/15 19:04:28] 80604ac78a3 (Aug 28 2026 21:41:35)
[2026/09/15 19:04:28] $
[2026/09/15 19:04:28] Hello world, RTD2875P_CN2_TV030!
[2026/09/15 19:04:28] set_wifi_reset
[2026/09/15 19:04:28] Auxcode git ver:3a4deb9ea300359e (Aug 28 2026 21:41:29)
[2026/09/15 19:04:28] flash_type = 2, secure_type = 2
[2026/09/15 19:04:28] b8062204=0
[2026/09/15 19:04:28] 发送(hex): 20
[2026/09/15 19:04:28] 发送(hex): 20
[2026/09/15 19:04:28] 发送(hex): 20
[2026/09/15 19:04:28] 发送(hex): 20
[2026/09/15 19:04:28] 发送(hex): 20
[2026/09/15 19:04:28] 发送(hex): 20
[2026/09/15 19:04:28] 发送(hex): 20
[2026/09/15 19:04:28] 发送(hex): 20
[2026/09/15 19:04:28] 发送(hex): 20
[2026/09/15 19:04:28] slot info 0 0x0 info 1 0x0
[2026/09/15 19:04:28] invalid reg slot status 0x0,get slot info from flash!
[2026/09/15 19:04:28] g_gpt_blk_start 0x1  g_offline_gpt 0x0 last_usable_lba 0x1cd2032 num_partition_entries 0x32
[2026/09/15 19:04:28] start 0x2e600000 clt_blk 0x1973004 ctrl size 0x20
[2026/09/15 19:04:28] choose active index 0
[2026/09/15 19:04:28] part name bootloader ative_slot _a real part name bootloader_a
[2026/09/15 19:04:28] part name hwsetting start 0x100000 size 0x33600
[2026/09/15 19:04:28] part name ext_fw start 0x133600 size 0x10400
[2026/09/15 19:04:28] part name kboot start 0x143a00 size 0x16e00
[2026/09/15 19:04:28] part name uboot start 0x15a800 size 0x120400
[2026/09/15 19:04:28] ls4 2 1 = 800040aa 8000207f 80001000
[2026/09/15 19:04:28] fNewHWsettingArch = 2
[2026/09/15 19:04:28] 1.lsadcidx = 2, brand =3, offset = 0
[2026/09/15 19:04:28] 1.lsadcidx = 2, brand =3, offset = 17800
[2026/09/15 19:04:28] hwsetting from mmc
[2026/09/15 19:04:28] AC on HW offset 0x809 start 0x800 reg 0x8090800
[2026/09/15 19:04:28] total = 2f00
[2026/09/15 19:04:28] 发送(hex): 20
[2026/09/15 19:04:28] 发送(hex): 20
[2026/09/15 19:04:28] 发送(hex): 20
[2026/09/15 19:04:28] 发送(hex): 20
[2026/09/15 19:04:28] 发送(hex): 20
[2026/09/15 19:04:28] A
[2026/09/15 19:04:28] 发送(hex): 20
[2026/09/15 19:04:28] A
[2026/09/15 19:04:28] 发送(hex): 20
[2026/09/15 19:04:28] 发送(hex): 20
[2026/09/15 19:04:28] A
[2026/09/15 19:04:28] A
[2026/09/15 19:04:28] 发送(hex): 20
[2026/09/15 19:04:28] A
[2026/09/15 19:04:28] 发送(hex): 20
[2026/09/15 19:04:28] 发送(hex): 20
[2026/09/15 19:04:28] {12 14}
[2026/09/15 19:04:28] ffeeddffeeddddr ver: 62c63180
[2026/09/15 19:04:28] ori DQS0~7 {03 04 1a 1c 00 01 00 00}
[2026/09/15 19:04:28] 发送(hex): 20
[2026/09/15 19:04:28] 发送(hex): 20
[2026/09/15 19:04:28] 发送(hex): 20
[2026/09/15 19:04:28] 发送(hex): 20
[2026/09/15 19:04:28] 发送(hex): 20
[2026/09/15 19:04:28] 发送(hex): 20
[2026/09/15 19:04:28] 发送(hex): 20
[2026/09/15 19:04:28] 发送(hex): 20
[2026/09/15 19:04:28] {01 03 19 1b 00 01 00 00} {09 09 06 09 06 05 00 00}
[2026/09/15 19:04:28] r.y.0
[2026/09/15 19:04:28] 发送(hex): 20
[2026/09/15 19:04:28] r.y.0 SCPU BISR status: Done
[2026/09/15 19:04:28] 发送(hex): 20
[2026/09/15 19:04:28] 发送(hex): 20
[2026/09/15 19:04:28] [go kb]
[2026/09/15 19:04:28] pa
[2026/09/15 19:04:28] 发送(hex): 20
[2026/09/15 19:04:28] 发送(hex): 20
[2026/09/15 19:04:28] 发送(hex): 20
[2026/09/15 19:04:28] 发送(hex): 20
[2026/09/15 19:04:28] ss bootcode info to kboot
[2026/09/15 19:04:28] num=1100
[2026/09/15 19:04:28] boot_magic=7e676014
[2026/09/15 19:04:28] ---DEBUG kboot 21:41:14 Aug 28 2026 ---
[2026/09/15 19:04:28] [Kboot]eMMC(mid-15) MMC_HS50 (50000000Mhz)[8bit].
[2026/09/15 19:04:28] block info 0x1cd2032 0x3a3e000.
[2026/09/15 19:04:28] [MMC] 32 -----------> 16GB.
[2026/09/15 19:04:28] 发送(hex): 20
[2026/09/15 19:04:28] (00000000) (1) bufsize=(null)
[2026/09/15 19:04:28] 发送(hex): 20
[2026/09/15 19:04:28] 发送(hex): 20
[2026/09/15 19:04:28] 发送(hex): 20
[2026/09/15 19:04:28] uboot start 0x15a800 size 0x120400
[2026/09/15 19:04:28] 发送(hex): 20
[2026/09/15 19:04:28] 发送(hex): 20
[2026/09/15 19:04:28] board_ve
[2026/09/15 19:04:28] 发送(hex): 20
[2026/09/15 19:04:28] 发送(hex): 20
[2026/09/15 19:04:28] rsion: ls1 = 0, ver: 0
[2026/09/15 19:04:28] [0;31mapp_main 325 board_version=0[0m
[2026/09/15 19:04:28] 发送(hex): 20
[2026/09/15 19:04:28] 发送(hex): 20
[2026/09/15 19:04:28] 发送(hex): 20
[2026/09/15 19:04:28] 发送(hex): 20
[2026/09/15 19:04:28] 发送(hex): 20
[2026/09/15 19:04:29] 发送(hex): 20
[2026/09/15 19:04:29] get FW_TZFW flash start 0xf100200 ddr buf start 0x180000 image size 010c2e3 ok!
[2026/09/15 19:04:29] [INFO]RPMB auth key not written !
[2026/09/15 19:04:29] [INFO]RPMB auth key not written !
[2026/09/15 19:04:29] Current board is not frist boot.
[2026/09/15 19:04:29] ALL zero, reserved_3 has removed.
[2026/09/15 19:04:29] Current board remove reserved_3 done.
[2026/09/15 19:04:29] 发送(hex): 20
[2026/09/15 19:04:29] 发送(hex): 20
[2026/09/15 19:04:29] 发送(hex): 20
[2026/09/15 19:04:29] 发送(hex): 20
[2026/09/15 19:04:29] 发送(hex): 20
[2026/09/15 19:04:29] 发送(hex): 20
[2026/09/15 19:04:29] 发送(hex): 20
[2026/09/15 19:04:29] 发送(hex): 20
[2026/09/15 19:04:29] 发送(hex): 20
[2026/09/15 19:04:29] 发送(hex): 20
[2026/09/15 19:04:29] 发送(hex): 20
[2026/09/15 19:04:29] 发送(hex): 20
[2026/09/15 19:04:29] 发送(hex): 20
[2026/09/15 19:04:29] 发送(hex): 20
[2026/09/15 19:04:29] 发送(hex): 20
[2026/09/15 19:04:29] 发送(hex): 20
[2026/09/15 19:04:29] 发送(hex): 20
[2026/09/15 19:04:29] 发送(hex): 20
[2026/09/15 19:04:29] get FW_VKERNEL flash start
[2026/09/15 19:04:29] 发送(hex): 20
[2026/09/15 19:04:29] 0xc100200 ddr buf start 0x1a900000 image size 05f0300 ok!
[2026/09/15 19:04:29] 发送(hex): 20
[2026/09/15 19:04:29] 发送(hex): 20
[2026/09/15 19:04:29] 发送(hex): 20
[2026/09/15 19:04:29] 发送(hex): 20
[2026/09/15 19:04:29] 发送(hex): 20
[2026/09/15 19:04:29] get FW_VKERNEL2 flash start 0xd900200 ddr buf start 0x1af00000 image size 0f4920 ok!
[2026/09/15 19:04:29] 发送(hex): 20
[2026/09/15 19:04:29] 发送(hex): 20
[2026/09/15 19:04:29] 发送(hex): 20
[2026/09/15 19:04:29] 发送(hex): 20
[2026/09/15 19:04:29] 发送(hex): 20
[2026/09/15 19:04:29] 发送(hex): 20
[2026/09/15 19:04:29] 发送(hex): 20
[2026/09/15 19:04:29] 发送(hex): 20
[2026/09/15 19:04:29] 发送(hex): 20
[2026/09/15 19:04:29] 发送(hex): 20
[2026/09/15 19:04:29] 发送(hex): 20
[2026/09/15 19:04:29] 发送(hex): 20
[2026/09/15 19:04:29] 发送(hex): 20
[2026/09/15 19:04:29] 发送(hex): 20
[2026/09/15 19:04:29] 发送(hex): 20
[2026/09/15 19:04:29] 发送(hex): 20
[2026/09/15 19:04:29] 发送(hex): 20
[2026/09/15 19:04:29] 发送(hex): 20
[2026/09/15 19:04:29] 发送(hex): 20
[2026/09/15 19:04:29] 发送(hex): 20
[2026/09/15 19:04:29] 发送(hex): 20
[2026/09/15 19:04:29] 发送(hex): 20
[2026/09/15 19:04:29] 发送(hex): 20
[2026/09/15 19:04:29] 发送(hex): 20
[2026/09/15 19:04:29] 发送(hex): 20
[2026/09/15 19:04:29] 发送(hex): 20
[2026/09/15 19:04:29] get FW_AKERNEL flash start 0xa900200 ddr buf start 0x1b200000 image size 07fbf7c ok!
[2026/09/15 19:04:29] 发送(hex): 20
[2026/09/15 19:04:29] 发送(hex): 20
[2026/09/15 19:04:29] 发送(hex): 20
[2026/09/15 19:04:29] 发送(hex): 20
[2026/09/15 19:04:29] 发送(hex): 20
[2026/09/15 19:04:29] 发送(hex): 20
[2026/09/15 19:04:29] 发送(hex): 20
[2026/09/15 19:04:29] 发送(hex): 20
[2026/09/15 19:04:29] 发送(hex): 20
[2026/09/15 19:04:29] 发送(hex): 20
[2026/09/15 19:04:29] ATFATFATF:0 1 NOTICE: kill CPU(2)...
[2026/09/15 19:04:29] ATF:0 1 NOTICE: kill (2) : PACTIVE:0
[2026/09/15 19:04:29] ATF:0 1 NOTICE:  CPU(2) kill done, pstate(0x0)
[2026/09/15 19:04:29] 发送(hex): 20
[2026/09/15 19:04:29] 发送(hex): 20
[2026/09/15 19:04:29] U
[2026/09/15 19:04:29] 发送(hex): 20
[2026/09/15 19:04:29] 发送(hex): 20
[2026/09/15 19:04:29] 发送(hex): 20
[2026/09/15 19:04:29] 发送(hex): 20
[2026/09/15 19:04:29] 发送(hex): 20
[2026/09/15 19:04:29] 发送(hex): 20
[2026/09/15 19:04:29] 发送(hex): 20
[2026/09/15 19:04:29] 发送(hex): 20
[2026/09/15 19:04:29] 发送(hex): 20
[2026/09/15 19:04:29] 发送(hex): 20
[2026/09/15 19:04:29] 发送(hex): 20
[2026/09/15 19:04:29] 发送(hex): 20
[2026/09/15 19:04:29] 发送(hex): 20
[2026/09/15 19:04:29] 发送(hex): 20
[2026/09/15 19:04:29] 发送(hex): 20
[2026/09/15 19:04:29] 发送(hex): 20
[2026/09/15 19:04:29] fixup_node_name 555. set /reserved-memory@5 to /reserved-memory
[2026/09/15 19:04:29] fixup_node_name 555. set /rtk_cma@5 to /rtk_cma
[2026/09/15 19:04:29] ### [1;31mERROR[0m ### get_movablecore 613. Can't find dtb node /reserved-memory/cma2_memory/reg
[2026/09/15 19:04:29] reinit_mem_info 1049  ddr_size 80000000
[2026/09/15 19:04:29] 发送(hex): 20
[2026/09/15 19:04:29] 发送(hex): 20
[2026/09/15 19:04:29] 发送(hex): 20
[2026/09/15 19:04:29] booting, boot_led_type: 0x00000000, led on[1]
[2026/09/15 19:04:29] set share register: 0x99100000
[2026/09/15 19:04:29] boot_power_on_mode=1
[2026/09/15 19:04:29] [get_layout:1264]!
[2026/09/15 19:04:29] 发送(hex): 20
[2026/09/15 19:04:29] 发送(hex): 20
[2026/09/15 19:04:29] 发送(hex): 20
[2026/09/15 19:04:29] 发送(hex): 20
[2026/09/15 19:04:29] 发送(hex): 20
[2026/09/15 19:04:29] 发送(hex): 20
[2026/09/15 19:04:29] 发送(hex): 20
[2026/09/15 19:04:29] boot_part value = 0 boot_tag value = 21
[2026/09/15 19:04:29] [get_oemkey] 1397: get oem.key = ATV00107525
[2026/09/15 19:04:29] Factory_RO: [EXT4] factory_ro_buffer:0a800000, factory_ro_buffer size:0x1000000!
[2026/09/15 19:04:29] Partiton factory_ro_a located at 0:6
[2026/09/15 19:04:29] factory_ro_a partition can not find /.000@bk@***!
[2026/09/15 19:04:29] Factory RO no need recovery!
[2026/09/15 19:04:29] Get tvconfigs_a partition block device index fail!
[2026/09/15 19:04:29] read customer.ini file fail!
[2026/09/15 19:04:29] parse SYS_INI path fail
[2026/09/15 19:04:29] Not support board ini mechansim!
[2026/09/15 19:04:29] Get tvconfigs_a partition block device index fail!
[2026/09/15 19:04:29] read customer.ini file fail!
[2026/09/15 19:04:29] parse SYS_INI path fail
[2026/09/15 19:04:29] load model ini file fail
[2026/09/15 19:04:29] cannot find PcbPath from ini file
[2026/09/15 19:04:29] no pcb.config in tvconfigs
[2026/09/15 19:04:29] no mnt/vendor/factorypcb.config
[2026/09/15 19:04:29] 发送(hex): 20
[2026/09/15 19:04:29] 发送(hex): 20
[2026/09/15 19:04:29] 发送(hex): 20
[2026/09/15 19:04:29] 发送(hex): 20
[2026/09/15 19:04:29] 发送(hex): 20
[2026/09/15 19:04:30] 发送(hex): 20
[2026/09/15 19:04:30] 发送(hex): 20
[2026/09/15 19:04:30] 发送(hex): 20
[2026/09/15 19:04:30] 发送(hex): 20
[2026/09/15 19:04:30] 发送(hex): 20
[2026/09/15 19:04:30] 发送(hex): 20
[2026/09/15 19:04:30] 发送(hex): 20
[2026/09/15 19:04:30] 发送(hex): 20
[2026/09/15 19:04:30] 发送(hex): 20
[2026/09/15 19:04:30] 发送(hex): 20
[2026/09/15 19:04:30] 发送(hex): 20
[2026/09/15 19:04:30] 发送(hex): 20
[2026/09/15 19:04:30] 发送(hex): 20
[2026/09/15 19:04:30] 发送(hex): 20
[2026/09/15 19:04:30] 发送(hex): 20
[2026/09/15 19:04:30] 发送(hex): 20
[2026/09/15 19:04:30] 发送(hex): 20
[2026/09/15 19:04:30] 发送(hex): 20
[2026/09/15 19:04:30] 发送(hex): 20
[2026/09/15 19:04:30] 发送(hex): 20
[2026/09/15 19:04:30] 发送(hex): 20
[2026/09/15 19:04:30] 发送(hex): 20
[2026/09/15 19:04:30] 发送(hex): 20
[2026/09/15 19:04:30] 发送(hex): 20
[2026/09/15 19:04:30] 发送(hex): 20
[2026/09/15 19:04:30] 发送(hex): 20
[2026/09/15 19:04:30] 发送(hex): 20
[2026/09/15 19:04:30] 发送(hex): 20
[2026/09/15 19:04:30] 发送(hex): 20
[2026/09/15 19:04:30] 发送(hex): 20
[2026/09/15 19:04:30] 发送(hex): 20
[2026/09/15 19:04:30] 发送(hex): 20
[2026/09/15 19:04:30] 发送(hex): 20
[2026/09/15 19:04:30] 发送(hex): 20
[2026/09/15 19:04:30] 发送(hex): 20
[2026/09/15 19:04:30] 发送(hex): 20
[2026/09/15 19:04:30] 发送(hex): 20
[2026/09/15 19:04:30] 发送(hex): 20
[2026/09/15 19:04:30] 发送(hex): 20
[2026/09/15 19:04:30] 发送(hex): 20
[2026/09/15 19:04:30] 发送(hex): 20
[2026/09/15 19:04:30] 发送(hex): 20
[2026/09/15 19:04:30] 发送(hex): 20
[2026/09/15 19:04:30] 发送(hex): 20
[2026/09/15 19:04:30] 发送(hex): 20
[2026/09/15 19:04:30] 发送(hex): 20
[2026/09/15 19:04:30] 发送(hex): 20
[2026/09/15 19:04:30] 发送(hex): 20
[2026/09/15 19:04:30] 发送(hex): 20
[2026/09/15 19:04:30] 发送(hex): 20
[2026/09/15 19:04:30] 发送(hex): 20
[2026/09/15 19:04:30] 发送(hex): 20
[2026/09/15 19:04:30] 发送(hex): 20
[2026/09/15 19:04:30] 发送(hex): 20
[2026/09/15 19:04:30] 发送(hex): 20
[2026/09/15 19:04:30] 发送(hex): 20
[2026/09/15 19:04:30] 发送(hex): 20
[2026/09/15 19:04:30] 发送(hex): 20
[2026/09/15 19:04:30] 发送(hex): 20
[2026/09/15 19:04:30] 发送(hex): 20
[2026/09/15 19:04:30] 发送(hex): 20
[2026/09/15 19:04:30] 发送(hex): 20
[2026/09/15 19:04:30] 发送(hex): 20
[2026/09/15 19:04:30] 发送(hex): 20
[2026/09/15 19:04:30] 发送(hex): 20
[2026/09/15 19:04:30] 发送(hex): 20
[2026/09/15 19:04:30] 发送(hex): 20
[2026/09/15 19:04:30] 发送(hex): 20
[2026/09/15 19:04:30] 发送(hex): 20
[2026/09/15 19:04:30] 发送(hex): 20
[2026/09/15 19:04:30] 发送(hex): 20
[2026/09/15 19:04:30] 发送(hex): 20
[2026/09/15 19:04:30] 发送(hex): 20
[2026/09/15 19:04:30] 发送(hex): 20
[2026/09/15 19:04:30] 发送(hex): 20
[2026/09/15 19:04:30] 发送(hex): 20
[2026/09/15 19:04:30] 发送(hex): 20
[2026/09/15 19:04:30] 发送(hex): 20
[2026/09/15 19:04:30] 发送(hex): 20
[2026/09/15 19:04:30] 发送(hex): 20
[2026/09/15 19:04:30] 发送(hex): 20
[2026/09/15 19:04:30] 发送(hex): 20
[2026/09/15 19:04:30] 发送(hex): 20
[2026/09/15 19:04:30] 发送(hex): 20
[2026/09/15 19:04:30] 发送(hex): 20
[2026/09/15 19:04:30] 发送(hex): 20
[2026/09/15 19:04:30] 发送(hex): 20
[2026/09/15 19:04:30] 发送(hex): 20
[2026/09/15 19:04:30] 发送(hex): 20
[2026/09/15 19:04:30] 发送(hex): 20
[2026/09/15 19:04:30] 发送(hex): 20
[2026/09/15 19:04:30] 发送(hex): 20
[2026/09/15 19:04:30] 发送(hex): 20
[2026/09/15 19:04:31] 发送(hex): 20
[2026/09/15 19:04:31] 发送(hex): 20
[2026/09/15 19:04:31] 发送(hex): 20
[2026/09/15 19:04:31] 发送(hex): 20
[2026/09/15 19:04:31] 发送(hex): 20
[2026/09/15 19:04:31] 发送(hex): 20
[2026/09/15 19:04:31] 发送(hex): 20
[2026/09/15 19:04:31] 发送(hex): 20
[2026/09/15 19:04:31] 发送(hex): 20
[2026/09/15 19:04:31] 发送(hex): 20
[2026/09/15 19:04:31] 发送(hex): 20
[2026/09/15 19:04:31] 发送(hex): 20
[2026/09/15 19:04:31] 发送(hex): 20
[2026/09/15 19:04:31] 发送(hex): 20
[2026/09/15 19:04:31] 发送(hex): 20
[2026/09/15 19:04:31] 发送(hex): 20
[2026/09/15 19:04:31] 发送(hex): 20
[2026/09/15 19:04:31] 发送(hex): 20
[2026/09/15 19:04:31] 发送(hex): 20
[2026/09/15 19:04:31] 发送(hex): 20
[2026/09/15 19:04:31] 发送(hex): 20
[2026/09/15 19:04:31] 发送(hex): 20
[2026/09/15 19:04:31] 发送(hex): 20
[2026/09/15 19:04:31] 发送(hex): 20
[2026/09/15 19:04:31] 发送(hex): 20
[2026/09/15 19:04:31] 发送(hex): 20
[2026/09/15 19:04:31] 发送(hex): 20
[2026/09/15 19:04:31] 发送(hex): 20
[2026/09/15 19:04:31] 发送(hex): 20
[2026/09/15 19:04:31] 发送(hex): 20
[2026/09/15 19:04:31] 发送(hex): 20
[2026/09/15 19:04:31] 发送(hex): 20
[2026/09/15 19:04:31] 发送(hex): 20
[2026/09/15 19:04:31] 发送(hex): 20
[2026/09/15 19:04:31] 发送(hex): 20
[2026/09/15 19:04:31] 发送(hex): 20
[2026/09/15 19:04:31] 发送(hex): 20
[2026/09/15 19:04:31] 发送(hex): 20
[2026/09/15 19:04:31] 发送(hex): 20
[2026/09/15 19:04:31] 发送(hex): 20
[2026/09/15 19:04:31] 发送(hex): 20
[2026/09/15 19:04:31] 发送(hex): 20
[2026/09/15 19:04:31] 发送(hex): 20
[2026/09/15 19:04:31] 发送(hex): 20
[2026/09/15 19:04:31] 发送(hex): 20
[2026/09/15 19:04:31] 发送(hex): 20
[2026/09/15 19:04:31] 发送(hex): 20
[2026/09/15 19:04:31] 发送(hex): 20
[2026/09/15 19:04:31] 发送(hex): 20
[2026/09/15 19:04:31] 发送(hex): 20
[2026/09/15 19:04:31] 发送(hex): 20
[2026/09/15 19:04:31] 发送(hex): 20
[2026/09/15 19:04:31] 发送(hex): 20
[2026/09/15 19:04:31] 发送(hex): 20
[2026/09/15 19:04:31] 发送(hex): 20
[2026/09/15 19:04:31] 发送(hex): 20
[2026/09/15 19:04:31] 发送(hex): 20
[2026/09/15 19:04:31] 发送(hex): 20
[2026/09/15 19:04:31] 发送(hex): 20
[2026/09/15 19:04:31] 发送(hex): 20
[2026/09/15 19:04:31] 发送(hex): 20
[2026/09/15 19:04:31] 发送(hex): 20
[2026/09/15 19:04:31] 发送(hex): 20
[2026/09/15 19:04:31] 发送(hex): 20
[2026/09/15 19:04:31] 发送(hex): 20
[2026/09/15 19:04:31] 发送(hex): 20
[2026/09/15 19:04:31] 发送(hex): 20
[2026/09/15 19:04:31] 发送(hex): 20
[2026/09/15 19:04:31] 发送(hex): 20
[2026/09/15 19:04:31] 发送(hex): 20
[2026/09/15 19:04:31] 发送(hex): 20
[2026/09/15 19:04:31] 发送(hex): 20
[2026/09/15 19:04:31] 发送(hex): 20
[2026/09/15 19:04:31] 发送(hex): 20
[2026/09/15 19:04:31] 发送(hex): 20
[2026/09/15 19:04:31] 发送(hex): 20
[2026/09/15 19:04:31] delay:427
[2026/09/15 19:04:31] 发送(hex): 20
[2026/09/15 19:04:31] 发送(hex): 20
[2026/09/15 19:04:31] 发送(hex): 20
[2026/09/15 19:04:31] 发送(hex): 20
[2026/09/15 19:04:31] 发送(hex): 20
[2026/09/15 19:04:31] 发送(hex): 20
[2026/09/15 19:04:31] 发送(hex): 20
[2026/09/15 19:04:31] 发送(hex): 20
[2026/09/15 19:04:31] 发送(hex): 20
[2026/09/15 19:04:31] 发送(hex): 20
[2026/09/15 19:04:31] 发送(hex): 20
[2026/09/15 19:04:31] 发送(hex): 20
[2026/09/15 19:04:31] 发送(hex): 20
[2026/09/15 19:04:31] 发送(hex): 20
[2026/09/15 19:04:31] 发送(hex): 20
[2026/09/15 19:04:31] 发送(hex): 20
[2026/09/15 19:04:31] 发送(hex): 20
[2026/09/15 19:04:31] 发送(hex): 20
[2026/09/15 19:04:32] 发送(hex): 20
[2026/09/15 19:04:32] 发送(hex): 20
[2026/09/15 19:04:32] 发送(hex): 20
[2026/09/15 19:04:32] 发送(hex): 20
[2026/09/15 19:04:32] 发送(hex): 20
[2026/09/15 19:04:32] 发送(hex): 20
[2026/09/15 19:04:32] 发送(hex): 20
[2026/09/15 19:04:32] 发送(hex): 20
[2026/09/15 19:04:32] 发送(hex): 20
[2026/09/15 19:04:32] 发送(hex): 20
[2026/09/15 19:04:32] 发送(hex): 20
[2026/09/15 19:04:32] 发送(hex): 20
[2026/09/15 19:04:32] 发送(hex): 20
[2026/09/15 19:04:32] 发送(hex): 20
[2026/09/15 19:04:32] 发送(hex): 20
[2026/09/15 19:04:32] Net:
[2026/09/15 19:04:32] 发送(hex): 20
[2026/09/15 19:04:32] r8168: REALTEK RTL8168 @0x18016000
[2026/09/15 19:04:32] 发送(hex): 20
[2026/09/15 19:04:32] 发送(hex): 20
[2026/09/15 19:04:32] Start Boot Setup
[2026/09/15 19:04:32] 发送(hex): 20
[2026/09/15 19:04:32] 发送(hex): 20
[2026/09/15 19:04:32] ...
[2026/09/15 19:04:32] (powerMgr_get_wakeup_source)2012/05/30 19:50
[2026/09/15 19:04:32] wakeup source : AC
[2026/09/15 19:04:32] 发送(hex): 20
[2026/09/15 19:04:32] 发送(hex): 20
[2026/09/15 19:04:32] 发送(hex): 20
[2026/09/15 19:04:32] (powerMgr_get_wakeup_source)2012/05/30 19:50
[2026/09/15 19:04:32] wakeup source : AC
[2026/09/15 19:04:32] wakeup_src=0, boot_logo_enable=1, bgm_boot_type=0, POWER_ON_MODE_SILEN=0.
[2026/09/15 19:04:32] 发送(hex): 20
[2026/09/15 19:04:32] GDMA module_init finish
[2026/09/15 19:04:32] [GDMA] OSD size[3840,2
[2026/09/15 19:04:32] 发送(hex): 20
[2026/09/15 19:04:32] 发送(hex): 20
[2026/09/15 19:04:32] 160]
[2026/09/15 19:04:32] [GDMA] gdma_showlogo gdma show logo 3820
[2026/09/15 19:04:32] Net:   r8168: REALTEK RTL8168 @0x18016000
[2026/09/15 19:04:32] 发送(hex): 20
[2026/09/15 19:04:32] 发送(hex): 20
[2026/09/15 19:04:32] ## Android Verified
[2026/09/15 19:04:32] 发送(hex): 20
[2026/09/15 19:04:32] Boot 2.0 version 1.1.0
[2026/09/15 19:04:32] 发送(hex): 20
[2026/09/15 19:04:32] 发送(hex): 20
[2026/09/15 19:04:32] 发送(hex): 20
[2026/09/15 19:04:32] 发送(hex): 20
[2026/09/15 19:04:32] 发送(hex): 20
[2026/09/15 19:04:32] 发送(hex): 20
[2026/09/15 19:04:32] 发送(hex): 20
[2026/09/15 19:04:32] 发送(hex): 20
[2026/09/15 19:04:32] 发送(hex): 20
[2026/09/15 19:04:32] 发送(hex): 20
[2026/09/15 19:04:32] 发送(hex): 20
[2026/09/15 19:04:32] 发送(hex): 20
[2026/09/15 19:04:32] 发送(hex): 20
[2026/09/15 19:04:32] 发送(hex): 20
[2026/09/15 19:04:32] 发送(hex): 20
[2026/09/15 19:04:32] 发送(hex): 20
[2026/09/15 19:04:32] 发送(hex): 20
[2026/09/15 19:04:32] 发送(hex): 20
[2026/09/15 19:04:32] 发送(hex): 20
[2026/09/15 19:04:32] 发送(hex): 20
[2026/09/15 19:04:32] 发送(hex): 20
[2026/09/15 19:04:32] 发送(hex): 20
[2026/09/15 19:04:32] 发送(hex): 20
[2026/09/15 19:04:32] 发送(hex): 20
[2026/09/15 19:04:32] 发送(hex): 20
[2026/09/15 19:04:32] 发送(hex): 20
[2026/09/15 19:04:32] 发送(hex): 20
[2026/09/15 19:04:32] 发送(hex): 20
[2026/09/15 19:04:32] 发送(hex): 20
[2026/09/15 19:04:32] 发送(hex): 20
[2026/09/15 19:04:32] 发送(hex): 20
[2026/09/15 19:04:32] 发送(hex): 20
[2026/09/15 19:04:32] 发送(hex): 20
[2026/09/15 19:04:32] 发送(hex): 20
[2026/09/15 19:04:32] 发送(hex): 20
[2026/09/15 19:04:32] 发送(hex): 20
[2026/09/15 19:04:32] 发送(hex): 20
[2026/09/15 19:04:32] 发送(hex): 20
[2026/09/15 19:04:32] 发送(hex): 20
[2026/09/15 19:04:32] 发送(hex): 20
[2026/09/15 19:04:32] 发送(hex): 20
[2026/09/15 19:04:32] 发送(hex): 20
[2026/09/15 19:04:32] 发送(hex): 20
[2026/09/15 19:04:32] 发送(hex): 20
[2026/09/15 19:04:32] 发送(hex): 20
[2026/09/15 19:04:32] 发送(hex): 20
[2026/09/15 19:04:32] 发送(hex): 20
[2026/09/15 19:04:32] Verification passed successfully
[2026/09/15 19:04:32] [Skip A] boot manual mode
[2026/09/15 19:04:32] [Skip V] boot manual mode
[2026/09/15 19:04:32] is_avb_verify_hash_partition 164 find avb verify part_name boot img_buf 0x66400000 size 0x307a000
[2026/09/15 19:04:32] boot header version : 4
[2026/09/15 19:04:32] is_avb_verify_hash_partition 164 find avb verify part_name vendor_boot img_buf 0x6bc00000 size 0x10a3000
[2026/09/15 19:04:32] get_partition_content_by_name 11954 get gpt_name init_boot_a err,try part name init_boot!
[2026/09/15 19:04:32] get_partition_content_by_name 11956 get part name init_boot err!
[2026/09/15 19:04:32] 发送(hex): 20
[2026/09/15 19:04:32] 发送(hex): 20
[2026/09/15 19:04:32] 发送(hex): 20
[2026/09/15 19:04:32] 发送(hex): 20
[2026/09/15 19:04:32] 发送(hex): 20
[2026/09/15 19:04:32] 发送(hex): 20
[2026/09/15 19:04:32] 发送(hex): 20
[2026/09/15 19:04:32] 发送(hex): 20
[2026/09/15 19:04:32] get_merge_ramdisk 11932 cur_ramdisk_size 0xf3096 real_cur_ramdisk_size 0xf3096
[2026/09/15 19:04:32] get_merge_ramdisk 11932 cur_ramdisk_size 0x2019e5 real_cur_ramdisk_size 0x2019e5
[2026/09/15 19:04:32] is_avb_verify_hash_partition 164 find avb verify part_name dtbo img_buf 0x6fc00000 size 0x1186
[2026/09/15 19:04:32] Net:   r8168: REALTEK RTL8168 @0x18016000
[2026/09/15 19:04:32] 发送(hex): 20
[2026/09/15 19:04:32] 发送(hex): 20
[2026/09/15 19:04:32] 发送(hex): 20
[2026/09/15 19:04:32] 发送(hex): 20
[2026/09/15 19:04:32] [Skip K] boot manual mode (execute "go all")
[2026/09/15 19:04:32] Enter console mode, disable watchdog ...
[2026/09/15 19:04:32] Realtek>
[2026/09/15 19:04:32] 发送(hex): 20
[2026/09/15 19:04:32] 发送(hex): 20
[2026/09/15 19:04:32] 发送(hex): 20
[2026/09/15 19:04:32] 发送(hex): 20
[2026/09/15 19:04:32] 发送(hex): 20
[2026/09/15 19:04:33] 发送(hex): 20
[2026/09/15 19:04:33] 发送(hex): 20
[2026/09/15 19:04:33] 发送(hex): 20
[2026/09/15 19:04:33] 发送(hex): 20
[2026/09/15 19:04:33] 发送(hex): 20
[2026/09/15 19:04:33] 发送(hex): 20
[2026/09/15 19:04:33] 发送(hex): 20
[2026/09/15 19:04:33] 发送(hex): 20
[2026/09/15 19:04:33] 发送(hex): 20
[2026/09/15 19:04:33] 发送(hex): 20
[2026/09/15 19:04:33] 发送(hex): 20
[2026/09/15 19:04:33] 发送(hex): 20
[2026/09/15 19:04:33] 发送(hex): 20
[2026/09/15 19:04:33] 发送(hex): 20
[2026/09/15 19:04:33] 发送(hex): 20
[2026/09/15 19:04:33] 发送(hex): 20
[2026/09/15 19:04:33] 发送(hex): 20
[2026/09/15 19:04:33] 发送(hex): 20
[2026/09/15 19:04:33] 发送(hex): 20
[2026/09/15 19:04:33] 发送(hex): 20
[2026/09/15 19:04:33] 发送(hex): 20
[2026/09/15 19:04:33] 发送(hex): 20
[2026/09/15 19:04:33] 发送(hex): 20
[2026/09/15 19:04:33] 发送(hex): 20
[2026/09/15 19:04:33] 发送(hex): 20
[2026/09/15 19:04:33] 发送(hex): 20
[2026/09/15 19:04:33] 发送(hex): 20
[2026/09/15 19:04:33] 发送(hex): 20
[2026/09/15 19:04:33] 发送(hex): 20
[2026/09/15 19:04:33] 发送(hex): 20
[2026/09/15 19:04:33] 发送(hex): 20
[2026/09/15 19:04:33] 发送(hex): 20
[2026/09/15 19:04:33] 发送(hex): 20
[2026/09/15 19:04:33] 发送(hex): 20
[2026/09/15 19:04:33] 发送(hex): 20
[2026/09/15 19:04:33] 发送(hex): 20
[2026/09/15 19:04:33] 发送(hex): 20
[2026/09/15 19:04:33] 发送(hex): 20
[2026/09/15 19:04:33] 发送(hex): 20
[2026/09/15 19:04:33] 发送(hex): 20
[2026/09/15 19:04:33] 发送(hex): 20
[2026/09/15 19:04:33] 发送(hex): 20
[2026/09/15 19:04:33] 发送(hex): 20
[2026/09/15 19:04:33] 发送(hex): 20
[2026/09/15 19:04:33] 发送(hex): 20
[2026/09/15 19:04:33] 发送(hex): 20
[2026/09/15 19:04:33] 发送(hex): 20
[2026/09/15 19:04:33] 发送(hex): 20
[2026/09/15 19:04:33] 发送(hex): 20
[2026/09/15 19:04:33] 发送(hex): 20
[2026/09/15 19:04:33] 发送(hex): 20
[2026/09/15 19:04:33] 发送(hex): 20
[2026/09/15 19:04:33] 发送(hex): 20
[2026/09/15 19:04:33] 发送(hex): 20
[2026/09/15 19:04:33] 发送(hex): 20
[2026/09/15 19:04:33] 发送(hex): 20
[2026/09/15 19:04:33] 发送(hex): 20
[2026/09/15 19:04:33] 发送(hex): 20
[2026/09/15 19:04:33] 发送(hex): 20
[2026/09/15 19:04:33] 发送(hex): 20
[2026/09/15 19:04:33] 发送(hex): 20
[2026/09/15 19:04:33] 发送(hex): 20
[2026/09/15 19:04:33] 发送(hex): 20
[2026/09/15 19:04:33] 发送(hex): 20
[2026/09/15 19:04:33] 发送(hex): 20
[2026/09/15 19:04:33] 发送(hex): 20
[2026/09/15 19:04:33] 发送(hex): 20
[2026/09/15 19:04:33] 发送(hex): 20
[2026/09/15 19:04:33] 发送(hex): 20
[2026/09/15 19:04:33] 发送(hex): 20
[2026/09/15 19:04:33] 发送(hex): 20
[2026/09/15 19:04:33] 发送(hex): 20
[2026/09/15 19:04:33] 发送(hex): 20
[2026/09/15 19:04:33] 发送(hex): 20
[2026/09/15 19:04:33] 发送(hex): 20
[2026/09/15 19:04:33] 发送(hex): 20
[2026/09/15 19:04:33] 发送(hex): 20
[2026/09/15 19:04:33] 发送(hex): 20
[2026/09/15 19:04:33] 发送(hex): 20
[2026/09/15 19:04:33] 发送(hex): 20
[2026/09/15 19:04:33] 发送(hex): 20
[2026/09/15 19:04:33] 发送(hex): 20
[2026/09/15 19:04:33] 发送(hex): 20
[2026/09/15 19:04:33] 发送(hex): 20
[2026/09/15 19:04:33] 发送(hex): 20
[2026/09/15 19:04:33] 发送(hex): 20
[2026/09/15 19:04:33] 发送(hex): 20
[2026/09/15 19:04:33] 发送(hex): 20
[2026/09/15 19:04:33] 发送(hex): 20
[2026/09/15 19:04:33] 发送(hex): 20
[2026/09/15 19:04:33] 发送(hex): 20
[2026/09/15 19:04:33] 发送(hex): 20
[2026/09/15 19:04:33] 发送(hex): 20
[2026/09/15 19:04:34] 发送(hex): 20
[2026/09/15 19:04:34] 发送(hex): 20
[2026/09/15 19:04:34] 发送(hex): 20
[2026/09/15 19:04:34] 发送(hex): 20
[2026/09/15 19:04:34] 发送(hex): 20
[2026/09/15 19:04:34] 发送(hex): 20
[2026/09/15 19:04:34] 发送(hex): 20
[2026/09/15 19:04:34] 发送(hex): 20
[2026/09/15 19:04:34] 发送(hex): 20
[2026/09/15 19:04:34] 发送(hex): 20
[2026/09/15 19:04:34] 发送(hex): 20
[2026/09/15 19:04:34] 发送(hex): 20
[2026/09/15 19:04:34] 发送(hex): 20
[2026/09/15 19:04:34] 发送(hex): 20
[2026/09/15 19:04:34] 发送(hex): 20
[2026/09/15 19:04:34] 发送(hex): 20
[2026/09/15 19:04:34] 发送(hex): 20
[2026/09/15 19:04:34] 发送(hex): 20
[2026/09/15 19:04:34] 发送(hex): 20
[2026/09/15 19:04:34] 发送(hex): 20
[2026/09/15 19:04:34] 发送(hex): 20
[2026/09/15 19:04:34] 发送(hex): 20
[2026/09/15 19:04:34] 发送(hex): 20
[2026/09/15 19:04:34] 发送(hex): 20
[2026/09/15 19:04:34] 发送(hex): 20
[2026/09/15 19:04:34] 发送(hex): 20
[2026/09/15 19:04:34] 发送(hex): 20
[2026/09/15 19:04:34] 发送(hex): 20
[2026/09/15 19:04:34] 发送(hex): 20
[2026/09/15 19:04:34] 发送(hex): 20
[2026/09/15 19:04:34] 发送(hex): 20
[2026/09/15 19:04:34] 发送(hex): 20
[2026/09/15 19:04:34] 发送(hex): 20
[2026/09/15 19:04:34] 发送(hex): 20
[2026/09/15 19:04:34] 发送(hex): 20
[2026/09/15 19:04:34] 发送(hex): 20
[2026/09/15 19:04:34] 发送(hex): 20
[2026/09/15 19:04:34] 发送(hex): 20
[2026/09/15 19:04:34] 发送(hex): 20
[2026/09/15 19:04:34] 发送(hex): 20
[2026/09/15 19:04:34] 发送(hex): 20
[2026/09/15 19:04:34] 发送(hex): 20
[2026/09/15 19:04:34] 发送(hex): 20
[2026/09/15 19:04:34] 发送(hex): 20
[2026/09/15 19:04:34] 发送(hex): 20
[2026/09/15 19:04:34] 发送(hex): 20
[2026/09/15 19:04:34] 发送(hex): 20
[2026/09/15 19:04:34] 发送(hex): 20
[2026/09/15 19:04:34] 发送(hex): 20
[2026/09/15 19:04:34] 发送(hex): 20
[2026/09/15 19:04:34] 发送(hex): 20
[2026/09/15 19:04:34] 发送(hex): 20
[2026/09/15 19:04:34] 发送(hex): 20
[2026/09/15 19:04:34] 发送(hex): 20
[2026/09/15 19:04:34] 发送(hex): 20
[2026/09/15 19:04:34] 发送(hex): 20
[2026/09/15 19:04:34] 发送(hex): 20
[2026/09/15 19:04:34] 发送(hex): 20
[2026/09/15 19:04:34] 发送(hex): 20
[2026/09/15 19:04:34] 发送(hex): 20
[2026/09/15 19:04:34] 发送(hex): 20
[2026/09/15 19:04:34] 发送(hex): 20
[2026/09/15 19:04:34] 发送(hex): 20
[2026/09/15 19:04:34] 发送(hex): 20
[2026/09/15 19:04:34] 发送(hex): 20
[2026/09/15 19:04:34] 发送(hex): 20
[2026/09/15 19:04:34] 发送(hex): 20
[2026/09/15 19:04:34] 发送(hex): 20
[2026/09/15 19:04:34] 发送(hex): 20
[2026/09/15 19:04:34] 发送(hex): 20
[2026/09/15 19:04:34] 发送(hex): 20
[2026/09/15 19:04:34] 发送(hex): 20
[2026/09/15 19:04:34] 发送(hex): 20
[2026/09/15 19:04:34] 发送(hex): 20
[2026/09/15 19:04:34] 发送(hex): 20
[2026/09/15 19:04:34] 发送(hex): 20
[2026/09/15 19:04:34] 发送(hex): 20
[2026/09/15 19:04:34] 发送(hex): 20
[2026/09/15 19:04:34] 发送(hex): 20
[2026/09/15 19:04:34] 发送(hex): 20
[2026/09/15 19:04:34] 发送(hex): 20
[2026/09/15 19:04:34] 发送(hex): 20
[2026/09/15 19:04:34] 发送(hex): 20
[2026/09/15 19:04:34] 发送(hex): 20
[2026/09/15 19:04:34] 发送(hex): 20
[2026/09/15 19:04:34] 发送(hex): 20
[2026/09/15 19:04:34] 发送(hex): 20
[2026/09/15 19:04:34] 发送(hex): 20
[2026/09/15 19:04:34] 发送(hex): 20
[2026/09/15 19:04:34] 发送(hex): 20
[2026/09/15 19:04:34] 发送(hex): 20
[2026/09/15 19:04:34] 发送(hex): 20
[2026/09/15 19:04:34] 发送(hex): 20
[2026/09/15 19:04:35] 发送(hex): 20
[2026/09/15 19:04:35] 发送(hex): 20
[2026/09/15 19:04:35] 发送(hex): 20
[2026/09/15 19:04:35] 发送(hex): 20
[2026/09/15 19:04:35] 发送(hex): 20
[2026/09/15 19:04:35] 发送(hex): 20
[2026/09/15 19:04:35] 发送(hex): 20
[2026/09/15 19:04:35] 发送(hex): 20
[2026/09/15 19:04:35] 发送(hex): 20
[2026/09/15 19:04:35] 发送(hex): 20
[2026/09/15 19:04:35] 发送(hex): 20
[2026/09/15 19:04:35] 发送(hex): 20
[2026/09/15 19:04:35] 发送(hex): 20
[2026/09/15 19:04:35] 发送(hex): 20
[2026/09/15 19:04:35] 发送(hex): 20
[2026/09/15 19:04:35] 发送(hex): 20
[2026/09/15 19:04:35] 发送(hex): 20
[2026/09/15 19:04:35] 发送(hex): 20
[2026/09/15 19:04:35] 发送(hex): 20
[2026/09/15 19:04:35] 发送(hex): 20
[2026/09/15 19:04:35] 发送(hex): 20
[2026/09/15 19:04:35] 发送(hex): 20
[2026/09/15 19:04:35] 发送(hex): 20
[2026/09/15 19:04:35] 发送(hex): 20
[2026/09/15 19:04:35] 发送(hex): 20
[2026/09/15 19:04:35] 发送(hex): 20
[2026/09/15 19:04:35] 发送(hex): 20
[2026/09/15 19:04:35] 发送(hex): 20
[2026/09/15 19:04:35] 发送(hex): 20
[2026/09/15 19:04:35] 发送(hex): 20
[2026/09/15 19:04:35] 发送(hex): 20
[2026/09/15 19:04:35] 发送(hex): 20
[2026/09/15 19:04:35] 发送(hex): 20
[2026/09/15 19:04:35] 发送(hex): 20
[2026/09/15 19:04:35] 发送(hex): 20
[2026/09/15 19:04:35] 发送(hex): 20
[2026/09/15 19:04:35] 发送(hex): 20
[2026/09/15 19:04:35] 发送(hex): 20
[2026/09/15 19:04:35] 发送(hex): 20
[2026/09/15 19:04:35] 发送(hex): 20
[2026/09/15 19:04:35] 发送(hex): 20
[2026/09/15 19:04:35] 发送(hex): 20
[2026/09/15 19:04:35] 发送(hex): 20
[2026/09/15 19:04:35] 发送(hex): 20
[2026/09/15 19:04:35] 发送(hex): 20
[2026/09/15 19:04:35] 发送(hex): 20
[2026/09/15 19:04:35] 发送(hex): 20
[2026/09/15 19:04:35] 发送(hex): 20
[2026/09/15 19:04:35] 发送(hex): 20
[2026/09/15 19:04:35] 发送(hex): 20
[2026/09/15 19:04:35] 发送(hex): 20
[2026/09/15 19:04:35] 发送(hex): 20
[2026/09/15 19:04:35] 发送(hex): 20
[2026/09/15 19:04:35] 发送(hex): 20
[2026/09/15 19:04:35] 发送(hex): 20
[2026/09/15 19:04:35] 发送(hex): 20
[2026/09/15 19:04:35] 发送(hex): 20
[2026/09/15 19:04:35] 发送(hex): 20
[2026/09/15 19:04:35] 发送(hex): 20
[2026/09/15 19:04:35] 发送(hex): 20
[2026/09/15 19:04:35] 发送(hex): 20
[2026/09/15 19:04:35] 发送(hex): 20
[2026/09/15 19:04:35] 发送(hex): 20
[2026/09/15 19:04:35] 发送(hex): 20
[2026/09/15 19:04:35] 发送(hex): 20
[2026/09/15 19:04:35] 发送(hex): 20
[2026/09/15 19:04:35] 发送(hex): 20
[2026/09/15 19:04:35] 发送(hex): 20
[2026/09/15 19:04:35] 发送(hex): 20
[2026/09/15 19:04:35] 发送(hex): 20
[2026/09/15 19:04:35] 发送(hex): 20
[2026/09/15 19:04:35] 发送(hex): 20
[2026/09/15 19:04:35] 发送(hex): 20
[2026/09/15 19:04:35] 发送(hex): 20
[2026/09/15 19:04:35] 发送(hex): 20
[2026/09/15 19:04:35] 发送(hex): 20
[2026/09/15 19:04:35] 发送(hex): 20
[2026/09/15 19:04:35] 发送(hex): 20
[2026/09/15 19:04:35] 发送(hex): 20
[2026/09/15 19:04:35] 发送(hex): 20
[2026/09/15 19:04:35] 发送(hex): 20
[2026/09/15 19:04:35] 发送(hex): 20
[2026/09/15 19:04:35] 发送(hex): 20
[2026/09/15 19:04:35] 发送(hex): 20
[2026/09/15 19:04:35] 发送(hex): 20
[2026/09/15 19:04:35] 发送(hex): 20
[2026/09/15 19:04:35] 发送(hex): 20
[2026/09/15 19:04:35] 发送(hex): 20
[2026/09/15 19:04:35] 发送(hex): 20
[2026/09/15 19:04:35] 发送(hex): 20
[2026/09/15 19:04:35] 发送(hex): 20
[2026/09/15 19:04:35] 发送(hex): 20
[2026/09/15 19:04:35] 发送(hex): 20
[2026/09/15 19:04:36] 发送(hex): 20
[2026/09/15 19:04:36] 发送(hex): 20
[2026/09/15 19:04:36] 发送(hex): 20
[2026/09/15 19:04:36] 发送(hex): 20
[2026/09/15 19:04:36] 发送(hex): 20
[2026/09/15 19:04:36] 发送(hex): 20
[2026/09/15 19:04:36] 发送(hex): 20
[2026/09/15 19:04:36] 发送(hex): 20
[2026/09/15 19:04:36] 发送(hex): 20
[2026/09/15 19:04:36] 发送(hex): 20
[2026/09/15 19:04:36] 发送(hex): 20
[2026/09/15 19:04:36] 发送(hex): 20
[2026/09/15 19:04:36] 发送(hex): 20
[2026/09/15 19:04:36] 发送(hex): 20
[2026/09/15 19:04:36] 发送(hex): 20
[2026/09/15 19:04:36] 发送(hex): 20
[2026/09/15 19:04:36] 发送(hex): 20
[2026/09/15 19:04:36] 发送(hex): 20
[2026/09/15 19:04:36] 发送(hex): 20
[2026/09/15 19:04:36] 发送(hex): 20
[2026/09/15 19:04:36] 发送(hex): 20
[2026/09/15 19:04:36] 发送(hex): 20
[2026/09/15 19:04:36] 发送(hex): 20
[2026/09/15 19:04:36] 发送(hex): 20
[2026/09/15 19:04:36] 发送(hex): 20
[2026/09/15 19:04:36] 发送(hex): 20
[2026/09/15 19:04:36] 发送(hex): 20
[2026/09/15 19:04:36] 发送(hex): 20
[2026/09/15 19:04:36] 发送(hex): 20
[2026/09/15 19:04:36] 发送(hex): 20
[2026/09/15 19:04:36] 发送(hex): 20
[2026/09/15 19:04:36] 发送(hex): 20
[2026/09/15 19:04:36] 发送(hex): 20
[2026/09/15 19:04:36] 发送(hex): 20
[2026/09/15 19:04:36] 发送(hex): 20
[2026/09/15 19:04:36] 发送(hex): 20
[2026/09/15 19:04:36] 发送(hex): 20
[2026/09/15 19:04:36] 发送(hex): 20
[2026/09/15 19:04:36] 发送(hex): 20
[2026/09/15 19:04:36] 发送(hex): 20
[2026/09/15 19:04:36] 发送(hex): 20
[2026/09/15 19:04:36] 发送(hex): 20
[2026/09/15 19:04:36] 发送(hex): 20
[2026/09/15 19:04:36] 发送(hex): 20
[2026/09/15 19:04:36] 发送(hex): 20
[2026/09/15 19:04:36] 发送(hex): 20
[2026/09/15 19:04:36] 发送(hex): 20
[2026/09/15 19:04:36] 发送(hex): 20
[2026/09/15 19:04:36] 发送(hex): 20
[2026/09/15 19:04:36] 发送(hex): 20
[2026/09/15 19:04:36] 发送(hex): 20
[2026/09/15 19:04:36] 发送(hex): 20
[2026/09/15 19:04:36] 发送(hex): 20
[2026/09/15 19:04:36] 发送(hex): 20
[2026/09/15 19:04:36] 发送(hex): 20
[2026/09/15 19:04:36] 发送(hex): 20
[2026/09/15 19:04:36] 发送(hex): 20
[2026/09/15 19:04:36] 发送(hex): 20
[2026/09/15 19:04:36] 发送(hex): 20
[2026/09/15 19:04:36] 发送(hex): 20
[2026/09/15 19:04:36] 发送(hex): 20
[2026/09/15 19:04:36] 发送(hex): 20
[2026/09/15 19:04:36] 发送(hex): 20
[2026/09/15 19:04:36] 发送(hex): 20
[2026/09/15 19:04:36] 发送(hex): 20
[2026/09/15 19:04:36] 发送(hex): 20
[2026/09/15 19:04:36] 发送(hex): 20
[2026/09/15 19:04:36] 发送(hex): 20
[2026/09/15 19:04:36] 发送(hex): 20
[2026/09/15 19:04:36] 发送(hex): 20
[2026/09/15 19:04:36] 发送(hex): 20
[2026/09/15 19:04:36] 发送(hex): 20
[2026/09/15 19:04:36] 发送(hex): 20
[2026/09/15 19:04:36] 发送(hex): 20
[2026/09/15 19:04:36] 发送(hex): 20
[2026/09/15 19:04:36] 发送(hex): 20
[2026/09/15 19:04:36] 发送(hex): 20
[2026/09/15 19:04:36] 发送(hex): 20
[2026/09/15 19:04:36] 发送(hex): 20
[2026/09/15 19:04:36] 发送(hex): 20
[2026/09/15 19:04:36] 发送(hex): 20
[2026/09/15 19:04:36] 发送(hex): 20
[2026/09/15 19:04:36] 发送(hex): 20
[2026/09/15 19:04:36] 发送(hex): 20
[2026/09/15 19:04:36] 发送(hex): 20
[2026/09/15 19:04:36] 发送(hex): 20
[2026/09/15 19:04:36] 发送(hex): 20
[2026/09/15 19:04:36] 发送(hex): 20
[2026/09/15 19:04:36] 发送(hex): 20
[2026/09/15 19:04:36] 发送(hex): 20
[2026/09/15 19:04:36] 发送(hex): 20
[2026/09/15 19:04:36] 发送(hex): 20
[2026/09/15 19:04:36] 发送(hex): 20
[2026/09/15 19:04:36] 发送(hex): 20
[2026/09/15 19:04:37] 发送(hex): 20
[2026/09/15 19:04:37] 发送(hex): 20
[2026/09/15 19:04:37] 发送(hex): 20
[2026/09/15 19:04:37] 发送(hex): 20
[2026/09/15 19:04:37] 发送(hex): 20
[2026/09/15 19:04:37] 发送(hex): 20
[2026/09/15 19:04:37] 发送(hex): 20
[2026/09/15 19:04:37] 发送(hex): 20
[2026/09/15 19:04:37] 发送(hex): 20
[2026/09/15 19:04:37] 发送(hex): 20
[2026/09/15 19:04:37] 发送(hex): 20
[2026/09/15 19:04:37] 发送(hex): 20
[2026/09/15 19:04:37] 发送(hex): 20
[2026/09/15 19:04:37] 发送(hex): 20
[2026/09/15 19:04:37] 发送(hex): 20
[2026/09/15 19:04:37] 发送(hex): 20
[2026/09/15 19:04:37] 发送(hex): 20
[2026/09/15 19:04:37] 发送(hex): 20
[2026/09/15 19:04:37] 发送(hex): 20
[2026/09/15 19:04:37] 发送(hex): 20
[2026/09/15 19:04:37] 发送(hex): 20
[2026/09/15 19:04:37] 发送(hex): 20
[2026/09/15 19:04:37] 发送(hex): 20
[2026/09/15 19:04:37] 发送(hex): 20
[2026/09/15 19:04:37] 发送(hex): 20
[2026/09/15 19:04:37] 发送(hex): 20
[2026/09/15 19:04:37] 发送(hex): 20
[2026/09/15 19:04:37] 发送(hex): 20
[2026/09/15 19:04:37] 发送(hex): 20
[2026/09/15 19:04:37] 发送(hex): 20
[2026/09/15 19:04:37] 发送(hex): 20
[2026/09/15 19:04:37] 发送(hex): 20
[2026/09/15 19:04:37] 发送(hex): 20
[2026/09/15 19:04:37] 发送(hex): 20
[2026/09/15 19:04:37] 发送(hex): 20
[2026/09/15 19:04:37] 发送(hex): 20
[2026/09/15 19:04:37] 发送(hex): 20
[2026/09/15 19:04:37] 发送(hex): 20
[2026/09/15 19:04:37] 发送(hex): 20
[2026/09/15 19:04:37] 发送(hex): 20
[2026/09/15 19:04:37] 发送(hex): 20
[2026/09/15 19:04:37] 发送(hex): 20
[2026/09/15 19:04:37] 发送(hex): 20
[2026/09/15 19:04:37] 发送(hex): 20
[2026/09/15 19:04:37] 发送(hex): 20
[2026/09/15 19:04:37] 发送(hex): 20
[2026/09/15 19:04:37] 发送(hex): 20
[2026/09/15 19:04:37] 发送(hex): 20
[2026/09/15 19:04:37] 发送(hex): 20
[2026/09/15 19:04:37] 发送(hex): 20
[2026/09/15 19:04:37] 发送(hex): 20
[2026/09/15 19:04:37] 发送(hex): 20
[2026/09/15 19:04:37] 发送(hex): 20
[2026/09/15 19:04:37] 发送(hex): 20
[2026/09/15 19:04:37] 发送(hex): 20
[2026/09/15 19:04:37] 发送(hex): 20
[2026/09/15 19:04:37] 发送(hex): 20
[2026/09/15 19:04:37] 发送(hex): 20
[2026/09/15 19:04:37] 发送(hex): 20
[2026/09/15 19:04:37] 发送(hex): 20
[2026/09/15 19:04:37] 发送(hex): 20
[2026/09/15 19:04:37] 发送(hex): 20
[2026/09/15 19:04:37] 发送(hex): 20
[2026/09/15 19:04:37] 发送(hex): 20
[2026/09/15 19:04:37] 发送(hex): 20
[2026/09/15 19:04:37] 发送(hex): 20
[2026/09/15 19:04:37] 发送(hex): 20
[2026/09/15 19:04:37] 发送(hex): 20
[2026/09/15 19:04:37] 发送(hex): 20
[2026/09/15 19:04:37] 发送(hex): 20
[2026/09/15 19:04:37] 发送(hex): 20
[2026/09/15 19:04:37] 发送(hex): 20
[2026/09/15 19:04:37] 发送(hex): 20
[2026/09/15 19:04:37] 发送(hex): 20
[2026/09/15 19:04:37] 发送(hex): 20
[2026/09/15 19:04:37] 发送(hex): 20
[2026/09/15 19:04:37] 发送(hex): 20
[2026/09/15 19:04:37] 发送(hex): 20
[2026/09/15 19:04:37] 发送(hex): 20
[2026/09/15 19:04:37] 发送(hex): 20
[2026/09/15 19:04:37] 发送(hex): 20
[2026/09/15 19:04:37] 发送(hex): 20
[2026/09/15 19:04:37] 发送(hex): 20
[2026/09/15 19:04:37] 发送(hex): 20
[2026/09/15 19:04:37] 发送(hex): 20
[2026/09/15 19:04:37] 发送(hex): 20
[2026/09/15 19:04:37] 发送(hex): 20
[2026/09/15 19:04:37] 发送(hex): 20
[2026/09/15 19:04:37] 发送(hex): 20
[2026/09/15 19:04:37] 发送(hex): 20
[2026/09/15 19:04:37] 发送(hex): 20
[2026/09/15 19:04:37] 发送(hex): 20
[2026/09/15 19:04:37] 发送(hex): 20
[2026/09/15 19:04:37] 发送(hex): 20
[2026/09/15 19:04:38] 发送(hex): 20
[2026/09/15 19:04:38] 发送(hex): 20
[2026/09/15 19:04:38] 发送(hex): 20
[2026/09/15 19:04:38] 发送(hex): 20
[2026/09/15 19:04:38] 发送(hex): 20
[2026/09/15 19:04:38] 发送(hex): 20
[2026/09/15 19:04:38] 发送(hex): 20
[2026/09/15 19:04:38] 发送(hex): 20
[2026/09/15 19:04:38] 发送(hex): 20
[2026/09/15 19:04:38] 发送(hex): 20
[2026/09/15 19:04:38] 发送(hex): 20
[2026/09/15 19:04:38] 发送(hex): 20
[2026/09/15 19:04:38] 发送(hex): 20
[2026/09/15 19:04:38] 发送(hex): 20
[2026/09/15 19:04:38] 发送(hex): 20
[2026/09/15 19:04:38] 发送(hex): 20
[2026/09/15 19:04:38] 发送(hex): 20
[2026/09/15 19:04:38] 发送(hex): 20
[2026/09/15 19:04:38] 发送(hex): 20
[2026/09/15 19:04:38] 发送(hex): 20
[2026/09/15 19:04:38] 发送(hex): 20
[2026/09/15 19:04:38] 发送(hex): 20
[2026/09/15 19:04:38] 发送(hex): 20
[2026/09/15 19:04:38] 发送(hex): 20
[2026/09/15 19:04:38] 发送(hex): 20
[2026/09/15 19:04:38] 发送(hex): 20
[2026/09/15 19:04:38] 发送(hex): 20
[2026/09/15 19:04:38] 发送(hex): 20
[2026/09/15 19:04:38] 发送(hex): 20
[2026/09/15 19:04:38] 发送(hex): 20
[2026/09/15 19:04:38] 发送(hex): 20
[2026/09/15 19:04:38] 发送(hex): 20
[2026/09/15 19:04:38] 发送(hex): 20
[2026/09/15 19:04:38] 发送(hex): 20
[2026/09/15 19:04:38] 发送(hex): 20
[2026/09/15 19:04:38] 发送(hex): 20
[2026/09/15 19:04:38] 发送(hex): 20
[2026/09/15 19:04:38] 发送(hex): 20
[2026/09/15 19:04:38] 发送(hex): 20
[2026/09/15 19:04:38] 发送(hex): 20
[2026/09/15 19:04:38] 发送(hex): 20
[2026/09/15 19:04:38] 发送(hex): 20
[2026/09/15 19:04:38] 发送(hex): 20
[2026/09/15 19:04:38] 发送(hex): 20
[2026/09/15 19:04:38] 发送(hex): 20
[2026/09/15 19:04:38] 发送(hex): 20
[2026/09/15 19:04:38] 发送(hex): 20
[2026/09/15 19:04:38] 发送(hex): 20
[2026/09/15 19:04:38] 发送(hex): 20
[2026/09/15 19:04:38] 发送(hex): 20
[2026/09/15 19:04:38] 发送(hex): 20
[2026/09/15 19:04:38] 发送(hex): 20
[2026/09/15 19:04:38] 发送(hex): 20
[2026/09/15 19:04:38] 发送(hex): 20
[2026/09/15 19:04:38] 发送(hex): 20
[2026/09/15 19:04:38] 发送(hex): 20
[2026/09/15 19:04:38] 发送(hex): 20
[2026/09/15 19:04:38] 发送(hex): 20
[2026/09/15 19:04:38] 发送(hex): 20
[2026/09/15 19:04:38] 发送(hex): 20
[2026/09/15 19:04:38] 发送(hex): 20
[2026/09/15 19:04:38] 发送(hex): 20
[2026/09/15 19:04:38] 发送(hex): 20
[2026/09/15 19:04:38] 发送(hex): 20
[2026/09/15 19:04:38] 发送(hex): 20
[2026/09/15 19:04:38] 发送(hex): 20
[2026/09/15 19:04:38] 发送(hex): 20
[2026/09/15 19:04:38] 发送(hex): 20
[2026/09/15 19:04:38] 发送(hex): 20
[2026/09/15 19:04:38] 发送(hex): 20
[2026/09/15 19:04:38] 发送(hex): 20
[2026/09/15 19:04:38] 发送(hex): 20
[2026/09/15 19:04:38] 发送(hex): 20
[2026/09/15 19:04:38] 发送(hex): 20
[2026/09/15 19:04:38] 发送(hex): 20
[2026/09/15 19:04:38] 发送(hex): 20
[2026/09/15 19:04:38] 发送(hex): 20
[2026/09/15 19:04:38] 发送(hex): 20
[2026/09/15 19:04:38] 发送(hex): 20
[2026/09/15 19:04:38] 发送(hex): 20
[2026/09/15 19:04:38] 发送(hex): 20
[2026/09/15 19:04:38] 发送(hex): 20
[2026/09/15 19:04:38] 发送(hex): 20
[2026/09/15 19:04:38] 发送(hex): 20
[2026/09/15 19:04:38] 发送(hex): 20
[2026/09/15 19:04:38] 发送(hex): 20
[2026/09/15 19:04:38] 发送(hex): 20
[2026/09/15 19:04:38] 发送(hex): 20
[2026/09/15 19:04:38] 发送(hex): 20
[2026/09/15 19:04:38] 发送(hex): 20
[2026/09/15 19:04:38] 发送(hex): 20
[2026/09/15 19:04:38] 发送(hex): 20
[2026/09/15 19:04:38] 发送(hex): 20
[2026/09/15 19:04:39] 发送(hex): 20
[2026/09/15 19:04:39] 发送(hex): 20
[2026/09/15 19:04:39] 发送(hex): 20
[2026/09/15 19:04:39] 发送(hex): 20
[2026/09/15 19:04:39] 发送(hex): 20
[2026/09/15 19:04:39] 发送(hex): 20
[2026/09/15 19:04:39] 发送(hex): 20
[2026/09/15 19:04:39] 发送(hex): 20
[2026/09/15 19:04:39] 发送(hex): 20
[2026/09/15 19:04:39] 发送(hex): 20
[2026/09/15 19:04:39] 发送(hex): 20
[2026/09/15 19:04:39] 发送(hex): 20
[2026/09/15 19:04:39] 发送(hex): 20
[2026/09/15 19:04:39] 发送(hex): 20
[2026/09/15 19:04:39] 发送(hex): 20
[2026/09/15 19:04:39] 发送(hex): 20
[2026/09/15 19:04:39] 发送(hex): 20
[2026/09/15 19:04:39] 发送(hex): 20
[2026/09/15 19:04:39] 发送(hex): 20
[2026/09/15 19:04:39] 发送(hex): 20
[2026/09/15 19:04:39] 发送(hex): 20
[2026/09/15 19:04:39] 发送(hex): 20
[2026/09/15 19:04:39] 发送(hex): 20
[2026/09/15 19:04:39] 发送(hex): 20
[2026/09/15 19:04:39] 发送(hex): 20
[2026/09/15 19:04:39] 发送(hex): 20
[2026/09/15 19:04:39] 发送(hex): 20
[2026/09/15 19:04:39] 发送(hex): 20
[2026/09/15 19:04:39] 发送(hex): 20
[2026/09/15 19:04:39] 发送(hex): 20
[2026/09/15 19:04:39] 发送(hex): 20
[2026/09/15 19:04:39] 发送(hex): 20
[2026/09/15 19:04:39] 发送(hex): 20
[2026/09/15 19:04:39] 发送(hex): 20
[2026/09/15 19:04:39] 发送(hex): 20
[2026/09/15 19:04:39] 发送(hex): 20
[2026/09/15 19:04:39] 发送(hex): 20
[2026/09/15 19:04:39] 发送(hex): 20
[2026/09/15 19:04:39] 发送(hex): 20
[2026/09/15 19:04:39] 发送(hex): 20
[2026/09/15 19:04:39] 发送(hex): 20
[2026/09/15 19:04:39] 发送(hex): 20
[2026/09/15 19:04:39] 发送(hex): 20
[2026/09/15 19:04:39] 发送(hex): 20
[2026/09/15 19:04:39] 发送(hex): 20
[2026/09/15 19:04:39] 发送(hex): 20
[2026/09/15 19:04:39] 发送(hex): 20
[2026/09/15 19:04:39] 发送(hex): 20
[2026/09/15 19:04:39] 发送(hex): 20
[2026/09/15 19:04:39] 发送(hex): 20
[2026/09/15 19:04:39] 发送(hex): 20
[2026/09/15 19:04:39] 发送(hex): 20
[2026/09/15 19:04:39] 发送(hex): 20
[2026/09/15 19:04:39] 发送(hex): 20
[2026/09/15 19:04:39] 发送(hex): 20
[2026/09/15 19:04:39] 发送(hex): 20
[2026/09/15 19:04:39] 发送(hex): 20
[2026/09/15 19:04:39] 发送(hex): 20
[2026/09/15 19:04:39] 发送(hex): 20
[2026/09/15 19:04:39] 发送(hex): 20
[2026/09/15 19:04:39] 发送(hex): 20
[2026/09/15 19:04:39] 发送(hex): 20
[2026/09/15 19:04:39] 发送(hex): 20
[2026/09/15 19:04:39] 发送(hex): 20
[2026/09/15 19:04:39] 发送(hex): 20
[2026/09/15 19:04:39] 发送(hex): 20
[2026/09/15 19:04:39] 发送(hex): 20
[2026/09/15 19:04:39] 发送(hex): 20
[2026/09/15 19:04:39] 发送(hex): 20
[2026/09/15 19:04:39] 发送(hex): 20
[2026/09/15 19:04:39] 发送(hex): 20
[2026/09/15 19:04:39] 发送(hex): 20
[2026/09/15 19:04:39] 发送(hex): 20
[2026/09/15 19:04:39] 发送(hex): 20
[2026/09/15 19:04:39] 发送(hex): 20
[2026/09/15 19:04:39] 发送(hex): 20
[2026/09/15 19:04:39] 发送(hex): 20
[2026/09/15 19:04:39] 发送(hex): 20
[2026/09/15 19:04:39] 发送(hex): 20
[2026/09/15 19:04:39] 发送(hex): 20
[2026/09/15 19:04:39] 发送(hex): 20
[2026/09/15 19:04:39] 发送(hex): 20
[2026/09/15 19:04:39] 发送(hex): 20
[2026/09/15 19:04:39] 发送(hex): 20
[2026/09/15 19:04:39] 发送(hex): 20
[2026/09/15 19:04:39] 发送(hex): 20
[2026/09/15 19:04:39] 发送(hex): 20
[2026/09/15 19:04:39] 发送(hex): 20
[2026/09/15 19:04:39] 发送(hex): 20
[2026/09/15 19:04:39] 发送(hex): 20
[2026/09/15 19:04:39] 发送(hex): 20
[2026/09/15 19:04:39] 发送(hex): 20
[2026/09/15 19:04:39] 发送(hex): 20
[2026/09/15 19:04:39] 发送(hex): 20
[2026/09/15 19:04:40] 发送(hex): 20
[2026/09/15 19:04:40] 发送(hex): 20
[2026/09/15 19:04:40] 发送(hex): 20
[2026/09/15 19:04:40] 发送(hex): 20
[2026/09/15 19:04:40] 发送(hex): 20
[2026/09/15 19:04:40] 发送(hex): 20
[2026/09/15 19:04:40] 发送(hex): 20
[2026/09/15 19:04:40] 发送(hex): 20
[2026/09/15 19:04:40] 发送(hex): 20
[2026/09/15 19:04:40] 发送(hex): 20
[2026/09/15 19:04:40] 发送(hex): 20
[2026/09/15 19:04:40] 发送(hex): 20
[2026/09/15 19:04:40] 发送(hex): 20
[2026/09/15 19:04:40] 发送(hex): 20
[2026/09/15 19:04:40] 发送(hex): 20
[2026/09/15 19:04:40] 发送(hex): 20
[2026/09/15 19:04:40] 发送(hex): 20
[2026/09/15 19:04:40] 发送(hex): 20
[2026/09/15 19:04:40] 发送(hex): 20
[2026/09/15 19:04:40] 发送(hex): 20
[2026/09/15 19:04:40] 发送(hex): 20
[2026/09/15 19:04:40] 发送(hex): 20
[2026/09/15 19:04:40] 发送(hex): 20
[2026/09/15 19:04:40] 发送(hex): 20
[2026/09/15 19:04:40] 发送(hex): 20
[2026/09/15 19:04:40] 发送(hex): 20
[2026/09/15 19:04:40] 发送(hex): 20
[2026/09/15 19:04:40] 发送(hex): 20
[2026/09/15 19:04:40] 发送(hex): 20
[2026/09/15 19:04:40] 发送(hex): 20
[2026/09/15 19:04:40] 发送(hex): 20
[2026/09/15 19:04:40] 发送(hex): 20
[2026/09/15 19:04:40] 发送(hex): 20
[2026/09/15 19:04:40] 发送(hex): 20
[2026/09/15 19:04:40] 发送(hex): 20
[2026/09/15 19:04:40] 发送(hex): 20
[2026/09/15 19:04:40] 发送(hex): 20
[2026/09/15 19:04:40] 发送(hex): 20
[2026/09/15 19:04:40] 发送(hex): 20
[2026/09/15 19:04:40] 发送(hex): 20
[2026/09/15 19:04:40] 发送(hex): 20
[2026/09/15 19:04:40] 发送(hex): 20
[2026/09/15 19:04:40] 发送(hex): 20
[2026/09/15 19:04:40] 发送(hex): 20
[2026/09/15 19:04:40] 发送(hex): 20
[2026/09/15 19:04:40] 发送(hex): 20
[2026/09/15 19:04:40] 发送(hex): 20
[2026/09/15 19:04:40] 发送(hex): 20
[2026/09/15 19:04:40] 发送(hex): 20
[2026/09/15 19:04:40] 发送(hex): 20
[2026/09/15 19:04:40] 发送(hex): 20
[2026/09/15 19:04:40] 发送(hex): 20
[2026/09/15 19:04:40] 发送(hex): 20
[2026/09/15 19:04:40] 发送(hex): 20
[2026/09/15 19:04:40] 发送(hex): 20
[2026/09/15 19:04:40] 发送(hex): 20
[2026/09/15 19:04:40] 发送(hex): 20
[2026/09/15 19:04:40] 发送(hex): 20
[2026/09/15 19:04:40] 发送(hex): 20
[2026/09/15 19:04:40] 发送(hex): 20
[2026/09/15 19:04:40] 发送(hex): 20
[2026/09/15 19:04:40] 发送(hex): 20
[2026/09/15 19:04:40] 发送(hex): 20
[2026/09/15 19:04:40] 发送(hex): 20
[2026/09/15 19:04:40] 发送(hex): 20
[2026/09/15 19:04:40] 发送(hex): 20
[2026/09/15 19:04:40] 发送(hex): 20
[2026/09/15 19:04:40] 发送(hex): 20
[2026/09/15 19:04:40] 发送(hex): 20
[2026/09/15 19:04:40] 发送(hex): 20
[2026/09/15 19:04:40] 发送(hex): 20
[2026/09/15 19:04:40] 发送(hex): 20
[2026/09/15 19:04:40] 发送(hex): 20
[2026/09/15 19:04:40] 发送(hex): 20
[2026/09/15 19:04:40] 发送(hex): 20
[2026/09/15 19:04:40] 发送(hex): 20
[2026/09/15 19:04:40] 发送(hex): 20
[2026/09/15 19:04:40] 发送(hex): 20
[2026/09/15 19:04:40] 发送(hex): 20
[2026/09/15 19:04:40] 发送(hex): 20
[2026/09/15 19:04:40] 发送(hex): 20
[2026/09/15 19:04:40] 发送(hex): 20
[2026/09/15 19:04:40] 发送(hex): 20
[2026/09/15 19:04:40] 发送(hex): 20
[2026/09/15 19:04:40] 发送(hex): 20
[2026/09/15 19:04:40] 发送(hex): 20
[2026/09/15 19:04:40] 发送(hex): 20
[2026/09/15 19:04:40] 发送(hex): 20
[2026/09/15 19:04:40] 发送(hex): 20
[2026/09/15 19:04:40] 发送(hex): 20
[2026/09/15 19:04:40] 发送(hex): 20
[2026/09/15 19:04:40] 发送(hex): 20
[2026/09/15 19:04:40] 发送(hex): 20
[2026/09/15 19:04:40] 发送(hex): 20
[2026/09/15 19:04:40] 发送(hex): 20
[2026/09/15 19:04:41] 发送(hex): 20
[2026/09/15 19:04:41] 发送(hex): 20
[2026/09/15 19:04:41] 发送(hex): 20
[2026/09/15 19:04:41] 发送(hex): 20
[2026/09/15 19:04:41] 发送(hex): 20
[2026/09/15 19:04:41] 发送(hex): 20
[2026/09/15 19:04:41] 发送(hex): 20
[2026/09/15 19:04:41] 发送(hex): 20
[2026/09/15 19:04:41] 发送(hex): 20
[2026/09/15 19:04:41] 发送(hex): 20
[2026/09/15 19:04:41] 发送(hex): 20
[2026/09/15 19:04:41] 发送(hex): 20
[2026/09/15 19:04:41] 发送(hex): 20
[2026/09/15 19:04:41] 发送(hex): 20
[2026/09/15 19:04:41] 发送(hex): 20
[2026/09/15 19:04:41] 发送(hex): 20
[2026/09/15 19:04:41] 发送(hex): 20
[2026/09/15 19:04:41] 发送(hex): 20
[2026/09/15 19:04:41] 发送(hex): 20
[2026/09/15 19:04:41] 发送(hex): 20
[2026/09/15 19:04:41] 发送(hex): 20
[2026/09/15 19:04:41] 发送(hex): 20
[2026/09/15 19:04:41] 发送(hex): 20
[2026/09/15 19:04:41] 发送(hex): 20
[2026/09/15 19:04:41] 发送(hex): 20
[2026/09/15 19:04:41] 发送(hex): 20
[2026/09/15 19:04:41] 发送(hex): 20
[2026/09/15 19:04:41] 发送(hex): 20
[2026/09/15 19:04:41] 发送(hex): 20
[2026/09/15 19:04:41] 发送(hex): 20
[2026/09/15 19:04:41] 发送(hex): 20
[2026/09/15 19:04:41] 发送(hex): 20
[2026/09/15 19:04:41] 发送(hex): 20
[2026/09/15 19:04:41] 发送(hex): 20
[2026/09/15 19:04:41] 发送(hex): 20
[2026/09/15 19:04:41] 发送(hex): 20
[2026/09/15 19:04:41] 发送(hex): 20
[2026/09/15 19:04:41] 发送(hex): 20
[2026/09/15 19:04:41] 发送(hex): 20
[2026/09/15 19:04:41] 发送(hex): 20
[2026/09/15 19:04:41] 发送(hex): 20
[2026/09/15 19:04:41] 发送(hex): 20
[2026/09/15 19:04:41] 发送(hex): 20
[2026/09/15 19:04:41] 发送(hex): 20
[2026/09/15 19:04:41] 发送(hex): 20
[2026/09/15 19:04:41] 发送(hex): 20
[2026/09/15 19:04:41] 发送(hex): 20
[2026/09/15 19:04:41] 发送(hex): 20
[2026/09/15 19:04:41] 发送(hex): 20
[2026/09/15 19:04:41] 发送(hex): 20
[2026/09/15 19:04:41] 发送(hex): 20
[2026/09/15 19:04:41] 发送(hex): 20
[2026/09/15 19:04:41] 发送(hex): 20
[2026/09/15 19:04:41] 发送(hex): 20
[2026/09/15 19:04:41] 发送(hex): 20
[2026/09/15 19:04:41] 发送(hex): 20
[2026/09/15 19:04:41] 发送(hex): 20
[2026/09/15 19:04:41] 发送(hex): 20
[2026/09/15 19:04:41] 发送(hex): 20
[2026/09/15 19:04:41] 发送(hex): 20
[2026/09/15 19:04:41] 发送(hex): 20
[2026/09/15 19:04:41] 发送(hex): 20
[2026/09/15 19:04:41] 发送(hex): 20
[2026/09/15 19:04:41] 发送(hex): 20
[2026/09/15 19:04:41] 发送(hex): 20
[2026/09/15 19:04:41] 发送(hex): 20
[2026/09/15 19:04:41] 发送(hex): 20
[2026/09/15 19:04:41] 发送(hex): 20
[2026/09/15 19:04:41] 发送(hex): 20
[2026/09/15 19:04:41] 发送(hex): 20
[2026/09/15 19:04:41] 发送(hex): 20
[2026/09/15 19:04:41] 发送(hex): 20
[2026/09/15 19:04:41] 发送(hex): 20
[2026/09/15 19:04:41] 发送(hex): 20
[2026/09/15 19:04:41] 发送(hex): 20
[2026/09/15 19:04:41] 发送(hex): 20
[2026/09/15 19:04:41] 发送(hex): 20
[2026/09/15 19:04:41] 发送(hex): 20
[2026/09/15 19:04:41] 发送(hex): 20
[2026/09/15 19:04:41] 发送(hex): 20
[2026/09/15 19:04:41] 发送(hex): 20
[2026/09/15 19:04:41] 发送(hex): 20
[2026/09/15 19:04:41] 发送(hex): 20
[2026/09/15 19:04:41] 发送(hex): 20
[2026/09/15 19:04:41] 发送(hex): 20
[2026/09/15 19:04:41] 发送(hex): 20
[2026/09/15 19:04:41] 发送(hex): 20
[2026/09/15 19:04:41] 发送(hex): 20
[2026/09/15 19:04:41] 发送(hex): 20
[2026/09/15 19:04:41] 发送(hex): 20
[2026/09/15 19:04:41] 发送(hex): 20
[2026/09/15 19:04:41] 发送(hex): 20
[2026/09/15 19:04:41] 发送(hex): 20
[2026/09/15 19:04:41] 发送(hex): 20
[2026/09/15 19:04:42] 发送(hex): 20
[2026/09/15 19:04:42] 发送(hex): 20
[2026/09/15 19:04:42] 发送(hex): 20
[2026/09/15 19:04:42] 发送(hex): 20
[2026/09/15 19:04:42] 发送(hex): 20
[2026/09/15 19:04:42] 发送(hex): 20
[2026/09/15 19:04:42] 发送(hex): 20
[2026/09/15 19:04:42] 发送(hex): 20
[2026/09/15 19:04:42] 发送(hex): 20
[2026/09/15 19:04:42] 发送(hex): 20
[2026/09/15 19:04:42] 发送(hex): 20
[2026/09/15 19:04:42] 发送(hex): 20
[2026/09/15 19:04:42] 发送(hex): 20
[2026/09/15 19:04:42] 发送(hex): 20
[2026/09/15 19:04:42] 发送(hex): 20
[2026/09/15 19:04:42] 发送(hex): 20
[2026/09/15 19:04:42] 发送(hex): 20
[2026/09/15 19:04:42] 发送(hex): 20
[2026/09/15 19:04:42] 发送(hex): 20
[2026/09/15 19:04:42] 发送(hex): 20
[2026/09/15 19:04:42] 发送(hex): 20
[2026/09/15 19:04:42] 发送(hex): 20
[2026/09/15 19:04:42] 发送(hex): 20
[2026/09/15 19:04:42] 发送(hex): 20
[2026/09/15 19:04:42] 发送(hex): 20
[2026/09/15 19:04:42] 发送(hex): 20
[2026/09/15 19:04:42] 发送(hex): 20
[2026/09/15 19:04:42] 发送(hex): 20
[2026/09/15 19:04:42] 发送(hex): 20
[2026/09/15 19:04:42] 发送(hex): 20
[2026/09/15 19:04:42] 发送(hex): 20
[2026/09/15 19:04:42] 发送(hex): 20
[2026/09/15 19:04:42] 发送(hex): 20
[2026/09/15 19:04:42] 发送(hex): 20
[2026/09/15 19:04:42] 发送(hex): 20
[2026/09/15 19:04:42] 发送(hex): 20
[2026/09/15 19:04:42] 发送(hex): 20
[2026/09/15 19:04:42] 发送(hex): 20
[2026/09/15 19:04:42] 发送(hex): 20
[2026/09/15 19:04:42] 发送(hex): 20
[2026/09/15 19:04:42] 发送(hex): 20
[2026/09/15 19:04:42] 发送(hex): 20
[2026/09/15 19:04:42] 发送(hex): 20
[2026/09/15 19:04:42] 发送(hex): 20
[2026/09/15 19:04:42] 发送(hex): 20
[2026/09/15 19:04:42] 发送(hex): 20
[2026/09/15 19:04:42] 发送(hex): 20
[2026/09/15 19:04:42] 发送(hex): 20
[2026/09/15 19:04:42] 发送(hex): 20
[2026/09/15 19:04:42] 发送(hex): 20
[2026/09/15 19:04:42] 发送(hex): 20
[2026/09/15 19:04:42] 发送(hex): 20
[2026/09/15 19:04:42] 发送(hex): 20
[2026/09/15 19:04:42] 发送(hex): 20
[2026/09/15 19:04:42] 发送(hex): 20
[2026/09/15 19:04:42] 发送(hex): 20
[2026/09/15 19:04:42] 发送(hex): 20
[2026/09/15 19:04:42] 发送(hex): 20
[2026/09/15 19:04:42] 发送(hex): 20
[2026/09/15 19:04:42] 发送(hex): 20
[2026/09/15 19:04:42] 发送(hex): 20
[2026/09/15 19:04:42] 发送(hex): 20
[2026/09/15 19:04:42] 发送(hex): 20
[2026/09/15 19:04:42] 发送(hex): 20
[2026/09/15 19:04:42] 发送(hex): 20
[2026/09/15 19:04:42] 发送(hex): 20
[2026/09/15 19:04:42] 发送(hex): 20
[2026/09/15 19:04:42] 发送(hex): 20
[2026/09/15 19:04:42] 发送(hex): 20
[2026/09/15 19:04:42] 发送(hex): 20
[2026/09/15 19:04:42] 发送(hex): 20
[2026/09/15 19:04:42] 发送(hex): 20
[2026/09/15 19:04:42] 发送(hex): 20
[2026/09/15 19:04:42] 发送(hex): 20
[2026/09/15 19:04:42] 发送(hex): 20
[2026/09/15 19:04:42] 发送(hex): 20
[2026/09/15 19:04:42] 发送(hex): 20
[2026/09/15 19:04:42] 发送(hex): 20
[2026/09/15 19:04:42] 发送(hex): 20
[2026/09/15 19:04:42] 发送(hex): 20
[2026/09/15 19:04:42] 发送(hex): 20
[2026/09/15 19:04:42] 发送(hex): 20
[2026/09/15 19:04:42] 发送(hex): 20
[2026/09/15 19:04:42] 发送(hex): 20
[2026/09/15 19:04:42] 发送(hex): 20
[2026/09/15 19:04:42] 发送(hex): 20
[2026/09/15 19:04:42] 发送(hex): 20
[2026/09/15 19:04:42] 发送(hex): 20
[2026/09/15 19:04:42] 发送(hex): 20
[2026/09/15 19:04:42] 发送(hex): 20
[2026/09/15 19:04:42] 发送(hex): 20
[2026/09/15 19:04:42] 发送(hex): 20
[2026/09/15 19:04:42] 发送(hex): 20
[2026/09/15 19:04:42] 发送(hex): 20
[2026/09/15 19:04:42] 发送(hex): 20
[2026/09/15 19:04:43] 发送(hex): 20
[2026/09/15 19:04:43] 发送(hex): 20
[2026/09/15 19:04:43] 发送(hex): 20
[2026/09/15 19:04:43] 发送(hex): 20
[2026/09/15 19:04:43] 发送(hex): 20
[2026/09/15 19:04:43] 发送(hex): 20
[2026/09/15 19:04:43] 发送(hex): 20
[2026/09/15 19:04:43] 发送(hex): 20
[2026/09/15 19:04:43] 发送(hex): 20
[2026/09/15 19:04:43] 发送(hex): 20
[2026/09/15 19:04:43] 发送(hex): 20
[2026/09/15 19:04:43] 发送(hex): 20
[2026/09/15 19:04:43] 发送(hex): 20
[2026/09/15 19:04:43] 发送(hex): 20
[2026/09/15 19:04:43] 发送(hex): 20
[2026/09/15 19:04:43] 发送(hex): 20
[2026/09/15 19:04:43] 发送(hex): 20
[2026/09/15 19:04:43] 发送(hex): 20
[2026/09/15 19:04:43] 发送(hex): 20
[2026/09/15 19:04:43] 发送(hex): 20
[2026/09/15 19:04:43] 发送(hex): 20
[2026/09/15 19:04:43] 发送(hex): 20
[2026/09/15 19:04:43] 发送(hex): 20
[2026/09/15 19:04:43] 发送(hex): 20
[2026/09/15 19:04:43] 发送(hex): 20
[2026/09/15 19:04:43] 发送(hex): 20
[2026/09/15 19:04:43] 发送(hex): 20
[2026/09/15 19:04:43] 发送(hex): 20
[2026/09/15 19:04:43] 发送(hex): 20
[2026/09/15 19:04:43] 发送(hex): 20
[2026/09/15 19:04:43] 发送(hex): 20
[2026/09/15 19:04:43] 发送(hex): 20
[2026/09/15 19:04:43] 发送(hex): 20
[2026/09/15 19:04:43] 发送(hex): 20
[2026/09/15 19:04:43] 发送(hex): 20
[2026/09/15 19:04:43] 发送(hex): 20
[2026/09/15 19:04:43] 发送(hex): 20
[2026/09/15 19:04:43] 发送(hex): 20
[2026/09/15 19:04:43] 发送(hex): 20
[2026/09/15 19:04:43] 发送(hex): 20
[2026/09/15 19:04:43] 发送(hex): 20
[2026/09/15 19:04:43] 发送(hex): 20
[2026/09/15 19:04:43] 发送(hex): 20
[2026/09/15 19:04:43] 发送(hex): 20
[2026/09/15 19:04:43] 发送(hex): 20
[2026/09/15 19:04:43] 发送(hex): 20
[2026/09/15 19:04:43] 发送(hex): 20
[2026/09/15 19:04:43] 发送(hex): 20
[2026/09/15 19:04:43] 发送(hex): 20
[2026/09/15 19:04:43] 发送(hex): 20
[2026/09/15 19:04:43] 发送(hex): 20
[2026/09/15 19:04:43] 发送(hex): 20
[2026/09/15 19:04:43] 发送(hex): 20
[2026/09/15 19:04:43] 发送(hex): 20
[2026/09/15 19:04:43] 发送(hex): 20
[2026/09/15 19:04:43] 发送(hex): 20
[2026/09/15 19:04:43] 发送(hex): 20
[2026/09/15 19:04:43] 发送(hex): 20
[2026/09/15 19:04:43] 发送(hex): 20
[2026/09/15 19:04:43] 发送(hex): 20
[2026/09/15 19:04:43] 发送(hex): 20
[2026/09/15 19:04:43] 发送(hex): 20
[2026/09/15 19:04:43] 发送(hex): 20
[2026/09/15 19:04:43] 发送(hex): 20
[2026/09/15 19:04:43] 发送(hex): 20
[2026/09/15 19:04:43] 发送(hex): 20
[2026/09/15 19:04:43] 发送(hex): 20
[2026/09/15 19:04:43] 发送(hex): 20
[2026/09/15 19:04:43] 发送(hex): 20
[2026/09/15 19:04:43] 发送(hex): 20
[2026/09/15 19:04:43] 发送(hex): 20
[2026/09/15 19:04:43] 发送(hex): 20
[2026/09/15 19:04:43] 发送(hex): 20
[2026/09/15 19:04:43] 发送(hex): 20
[2026/09/15 19:04:43] 发送(hex): 20
[2026/09/15 19:04:43] 发送(hex): 20
[2026/09/15 19:04:43] 发送(hex): 20
[2026/09/15 19:04:43] 发送(hex): 20
[2026/09/15 19:04:43] 发送(hex): 20
[2026/09/15 19:04:43] 发送(hex): 20
[2026/09/15 19:04:43] 发送(hex): 20
[2026/09/15 19:04:43] 发送(hex): 20
[2026/09/15 19:04:43] 发送(hex): 20
[2026/09/15 19:04:43] 发送(hex): 20
[2026/09/15 19:04:43] 发送(hex): 20
[2026/09/15 19:04:43] 发送(hex): 20
[2026/09/15 19:04:43] 发送(hex): 20
[2026/09/15 19:04:43] 发送(hex): 20
[2026/09/15 19:04:43] 发送(hex): 20
[2026/09/15 19:04:43] 发送(hex): 20
[2026/09/15 19:04:43] 发送(hex): 20
[2026/09/15 19:04:43] 发送(hex): 20
[2026/09/15 19:04:43] 发送(hex): 20
[2026/09/15 19:04:43] 发送(hex): 20
[2026/09/15 19:04:44] 发送(hex): 20
[2026/09/15 19:04:44] 发送(hex): 20
[2026/09/15 19:04:44] 发送(hex): 20
[2026/09/15 19:04:44] 发送(hex): 20
[2026/09/15 19:04:44] 发送(hex): 20
[2026/09/15 19:04:44] 发送(hex): 20
[2026/09/15 19:04:44] 发送(hex): 20
[2026/09/15 19:04:44] 发送(hex): 20
[2026/09/15 19:04:44] 发送(hex): 20
[2026/09/15 19:04:44] 发送(hex): 20
[2026/09/15 19:04:44] 发送(hex): 20
[2026/09/15 19:04:44] 发送(hex): 20
[2026/09/15 19:04:44] 发送(hex): 20
[2026/09/15 19:04:44] 发送(hex): 20
[2026/09/15 19:04:44] 发送(hex): 20
[2026/09/15 19:04:44] 发送(hex): 20
[2026/09/15 19:04:44] 发送(hex): 20
[2026/09/15 19:04:44] 发送(hex): 20
[2026/09/15 19:04:44] 发送(hex): 20
[2026/09/15 19:04:44] 发送(hex): 20
[2026/09/15 19:04:44] 发送(hex): 20
[2026/09/15 19:04:44] 发送(hex): 20
[2026/09/15 19:04:44] 发送(hex): 20
[2026/09/15 19:04:44] 发送(hex): 20
[2026/09/15 19:04:44] 发送(hex): 20
[2026/09/15 19:04:44] 发送(hex): 20
[2026/09/15 19:04:44] 发送(hex): 20
[2026/09/15 19:04:44] 发送(hex): 20
[2026/09/15 19:04:44] 发送(hex): 20
[2026/09/15 19:04:44] 发送(hex): 20
[2026/09/15 19:04:44] 发送(hex): 20
[2026/09/15 19:04:44] 发送(hex): 20
[2026/09/15 19:04:44] 发送(hex): 20
[2026/09/15 19:04:44] 发送(hex): 20
[2026/09/15 19:04:44] 发送(hex): 20
[2026/09/15 19:04:44] 发送(hex): 20
[2026/09/15 19:04:44] 发送(hex): 20
[2026/09/15 19:04:44] 发送(hex): 20
[2026/09/15 19:04:44] 发送(hex): 20
[2026/09/15 19:04:44] 发送(hex): 20
[2026/09/15 19:04:44] 发送(hex): 20
[2026/09/15 19:04:44] 发送(hex): 20
[2026/09/15 19:04:44] 发送(hex): 20
[2026/09/15 19:04:44] 发送(hex): 20
[2026/09/15 19:04:44] 发送(hex): 20
[2026/09/15 19:04:44] 发送(hex): 20
[2026/09/15 19:04:44] 发送(hex): 20
[2026/09/15 19:04:44] 发送(hex): 20
[2026/09/15 19:04:44] 发送(hex): 20
[2026/09/15 19:04:44] 发送(hex): 20
[2026/09/15 19:04:44] 发送(hex): 20
[2026/09/15 19:04:44] 发送(hex): 20
[2026/09/15 19:04:44] 发送(hex): 20
[2026/09/15 19:04:44] 发送(hex): 20
[2026/09/15 19:04:44] 发送(hex): 20
[2026/09/15 19:04:44] 发送(hex): 20
[2026/09/15 19:04:44] 发送(hex): 20
[2026/09/15 19:04:44] 发送(hex): 20
[2026/09/15 19:04:44] 发送(hex): 20
[2026/09/15 19:04:44] 发送(hex): 20
[2026/09/15 19:04:44] 发送(hex): 20
[2026/09/15 19:04:44] 发送(hex): 20
[2026/09/15 19:04:44] 发送(hex): 20
[2026/09/15 19:04:44] 发送(hex): 20
[2026/09/15 19:04:44] 发送(hex): 20
[2026/09/15 19:04:44] 发送(hex): 20
[2026/09/15 19:04:44] 发送(hex): 20
[2026/09/15 19:04:44] 发送(hex): 20
[2026/09/15 19:04:44] 发送(hex): 20
[2026/09/15 19:04:44] 发送(hex): 20
[2026/09/15 19:04:44] 发送(hex): 20
[2026/09/15 19:04:44] 发送(hex): 20
[2026/09/15 19:04:44] 发送(hex): 20
[2026/09/15 19:04:44] 发送(hex): 20
[2026/09/15 19:04:44] 发送(hex): 20
[2026/09/15 19:04:44] 发送(hex): 20
[2026/09/15 19:04:44] 发送(hex): 20
[2026/09/15 19:04:44] 发送(hex): 20
[2026/09/15 19:04:44] 发送(hex): 20
[2026/09/15 19:04:44] 发送(hex): 20
[2026/09/15 19:04:44] 发送(hex): 20
[2026/09/15 19:04:44] 发送(hex): 20
[2026/09/15 19:04:44] 发送(hex): 20
[2026/09/15 19:04:44] 发送(hex): 20
[2026/09/15 19:04:44] 发送(hex): 20
[2026/09/15 19:04:44] 发送(hex): 20
[2026/09/15 19:04:44] 发送(hex): 20
[2026/09/15 19:04:44] 发送(hex): 20
[2026/09/15 19:04:44] 发送(hex): 20
[2026/09/15 19:04:44] 发送(hex): 20
[2026/09/15 19:04:44] 发送(hex): 20
[2026/09/15 19:04:44] 发送(hex): 20
[2026/09/15 19:04:44] 发送(hex): 20
[2026/09/15 19:04:44] 发送(hex): 20
[2026/09/15 19:04:44] 发送(hex): 20
[2026/09/15 19:04:45] 发送(hex): 20
[2026/09/15 19:04:45] 发送(hex): 20
[2026/09/15 19:04:45] 发送(hex): 20
[2026/09/15 19:04:45] 发送(hex): 20
[2026/09/15 19:04:45] 发送(hex): 20
[2026/09/15 19:04:45] 发送(hex): 20
[2026/09/15 19:04:45] 发送(hex): 20
[2026/09/15 19:04:45] 发送(hex): 20
[2026/09/15 19:04:45] 发送(hex): 20
[2026/09/15 19:04:45] 发送(hex): 20
[2026/09/15 19:04:45] 发送(hex): 20
[2026/09/15 19:04:45] 发送(hex): 20
[2026/09/15 19:04:45] 发送(hex): 20
[2026/09/15 19:04:45] 发送(hex): 20
[2026/09/15 19:04:45] 发送(hex): 20
[2026/09/15 19:04:45] 发送(hex): 20
[2026/09/15 19:04:45] 发送(hex): 20
[2026/09/15 19:04:45] 发送(hex): 20
[2026/09/15 19:04:45] 发送(hex): 20
[2026/09/15 19:04:45] 发送(hex): 20
[2026/09/15 19:04:45] 发送(hex): 20
[2026/09/15 19:04:45] 发送(hex): 20
[2026/09/15 19:04:45] 发送(hex): 20
[2026/09/15 19:04:45] 发送(hex): 20
[2026/09/15 19:04:45] 发送(hex): 20
[2026/09/15 19:04:45] 发送(hex): 20
[2026/09/15 19:04:45] 发送(hex): 20
[2026/09/15 19:04:45] 发送(hex): 20
[2026/09/15 19:04:45] 发送(hex): 20
[2026/09/15 19:04:45] 发送(hex): 20
[2026/09/15 19:04:45] 发送(hex): 20
[2026/09/15 19:04:45] 发送(hex): 20
[2026/09/15 19:04:45] 发送(hex): 20
[2026/09/15 19:04:45] 发送(hex): 20
[2026/09/15 19:04:45] 发送(hex): 20
[2026/09/15 19:04:45] 发送(hex): 20
[2026/09/15 19:04:45] 发送(hex): 20
[2026/09/15 19:04:45] 发送(hex): 20
[2026/09/15 19:04:45] 发送(hex): 20
[2026/09/15 19:04:45] 发送(hex): 20
[2026/09/15 19:04:45] 发送(hex): 20
[2026/09/15 19:04:45] 发送(hex): 20
[2026/09/15 19:04:45] 发送(hex): 20
[2026/09/15 19:04:45] 发送(hex): 20
[2026/09/15 19:04:45] 发送(hex): 20
[2026/09/15 19:04:45] 发送(hex): 20
[2026/09/15 19:04:45] 发送(hex): 20
[2026/09/15 19:04:45] 发送(hex): 20
[2026/09/15 19:04:45] 发送(hex): 20
[2026/09/15 19:04:45] 发送(hex): 20
[2026/09/15 19:04:45] 发送(hex): 20
[2026/09/15 19:04:45] 发送(hex): 20
[2026/09/15 19:04:45] 发送(hex): 20
[2026/09/15 19:04:45] 发送(hex): 20
[2026/09/15 19:04:45] 发送(hex): 20
[2026/09/15 19:04:45] 发送(hex): 20
[2026/09/15 19:04:45] 发送(hex): 20
[2026/09/15 19:04:45] 发送(hex): 20
[2026/09/15 19:04:45] 发送(hex): 20
[2026/09/15 19:04:45] 发送(hex): 20
[2026/09/15 19:04:45] 发送(hex): 20
[2026/09/15 19:04:45] 发送(hex): 20
[2026/09/15 19:04:45] 发送(hex): 20
[2026/09/15 19:04:45] 发送(hex): 20
[2026/09/15 19:04:45] 发送(hex): 20
[2026/09/15 19:04:45] 发送(hex): 20
[2026/09/15 19:04:45] 发送(hex): 20
[2026/09/15 19:04:45] 发送(hex): 20
[2026/09/15 19:04:45] 发送(hex): 20
[2026/09/15 19:04:45] 发送(hex): 20
[2026/09/15 19:04:45] 发送(hex): 20
[2026/09/15 19:04:45] 发送(hex): 20
[2026/09/15 19:04:45] 发送(hex): 20
[2026/09/15 19:04:45] 发送(hex): 20
[2026/09/15 19:04:45] 发送(hex): 20
[2026/09/15 19:04:45] 发送(hex): 20
[2026/09/15 19:04:45] 发送(hex): 20
[2026/09/15 19:04:45] 发送(hex): 20
[2026/09/15 19:04:45] 发送(hex): 20
[2026/09/15 19:04:45] 发送(hex): 20
[2026/09/15 19:04:45] 发送(hex): 20
[2026/09/15 19:04:45] 发送(hex): 20
[2026/09/15 19:04:45] 发送(hex): 20
[2026/09/15 19:04:45] 发送(hex): 20
[2026/09/15 19:04:45] 发送(hex): 20
[2026/09/15 19:04:45] 发送(hex): 20
[2026/09/15 19:04:45] 发送(hex): 20
[2026/09/15 19:04:45] 发送(hex): 20
[2026/09/15 19:04:45] 发送(hex): 20
[2026/09/15 19:04:45] 发送(hex): 20
[2026/09/15 19:04:45] 发送(hex): 20
[2026/09/15 19:04:45] 发送(hex): 20
[2026/09/15 19:04:45] 发送(hex): 20
[2026/09/15 19:04:46] 发送(hex): 20
[2026/09/15 19:04:46] 发送(hex): 20
[2026/09/15 19:04:46] 发送(hex): 20
[2026/09/15 19:04:46] 发送(hex): 20
[2026/09/15 19:04:46] 发送(hex): 20
[2026/09/15 19:04:46] 发送(hex): 20
[2026/09/15 19:04:46] 发送(hex): 20
[2026/09/15 19:04:46] 发送(hex): 20
[2026/09/15 19:04:46] 发送(hex): 20
[2026/09/15 19:04:46] 发送(hex): 20
[2026/09/15 19:04:46] 发送(hex): 20
[2026/09/15 19:04:46] 发送(hex): 20
[2026/09/15 19:04:46] 发送(hex): 20
[2026/09/15 19:04:46] 发送(hex): 20
[2026/09/15 19:04:46] 发送(hex): 20
[2026/09/15 19:04:46] 发送(hex): 20
[2026/09/15 19:04:46] 发送(hex): 20
[2026/09/15 19:04:46] 发送(hex): 20
[2026/09/15 19:04:46] 发送(hex): 20
[2026/09/15 19:04:46] 发送(hex): 20
[2026/09/15 19:04:46] 发送(hex): 20
[2026/09/15 19:04:46] 发送(hex): 20
[2026/09/15 19:04:46] 发送(hex): 20
[2026/09/15 19:04:46] 发送(hex): 20
[2026/09/15 19:04:46] 发送(hex): 20
[2026/09/15 19:04:46] 发送(hex): 20
[2026/09/15 19:04:46] 发送(hex): 20
[2026/09/15 19:04:46] 发送(hex): 20
[2026/09/15 19:04:46] 发送(hex): 20
[2026/09/15 19:04:46] 发送(hex): 20
[2026/09/15 19:04:46] 发送(hex): 20
[2026/09/15 19:04:46] 发送(hex): 20
[2026/09/15 19:04:46] 发送(hex): 20
[2026/09/15 19:04:46] 发送(hex): 20
[2026/09/15 19:04:46] 发送(hex): 20
[2026/09/15 19:04:46] 发送(hex): 20
[2026/09/15 19:04:46] 发送(hex): 20
[2026/09/15 19:04:46] 发送(hex): 20
[2026/09/15 19:04:46] 发送(hex): 20
[2026/09/15 19:04:46] 发送(hex): 20
[2026/09/15 19:04:46] 发送(hex): 20
[2026/09/15 19:04:46] 发送(hex): 20
[2026/09/15 19:04:46] 发送(hex): 20
[2026/09/15 19:04:46] 发送(hex): 20
[2026/09/15 19:04:46] 发送(hex): 20
[2026/09/15 19:04:46] 发送(hex): 20
[2026/09/15 19:04:46] 发送(hex): 20
[2026/09/15 19:04:46] 发送(hex): 20
[2026/09/15 19:04:46] 发送(hex): 20
[2026/09/15 19:04:46] 发送(hex): 20
[2026/09/15 19:04:46] 发送(hex): 20
[2026/09/15 19:04:46] 发送(hex): 20
[2026/09/15 19:04:46] 发送(hex): 20
[2026/09/15 19:04:46] 发送(hex): 20
[2026/09/15 19:04:46] 发送(hex): 20
[2026/09/15 19:04:46] 发送(hex): 20
[2026/09/15 19:04:46] 发送(hex): 20
[2026/09/15 19:04:46] 发送(hex): 20
[2026/09/15 19:04:46] 发送(hex): 20
[2026/09/15 19:04:46] 发送(hex): 20
[2026/09/15 19:04:46] 发送(hex): 20
[2026/09/15 19:04:46] 发送(hex): 20
[2026/09/15 19:04:46] 发送(hex): 20
[2026/09/15 19:04:46] 发送(hex): 20
[2026/09/15 19:04:46] 发送(hex): 20
[2026/09/15 19:04:46] 发送(hex): 20
[2026/09/15 19:04:46] 发送(hex): 20
[2026/09/15 19:04:46] 发送(hex): 20
[2026/09/15 19:04:46] 发送(hex): 20
[2026/09/15 19:04:46] 发送(hex): 20
[2026/09/15 19:04:46] 发送(hex): 20
[2026/09/15 19:04:46] 发送(hex): 20
[2026/09/15 19:04:46] 发送(hex): 20
[2026/09/15 19:04:46] 发送(hex): 20
[2026/09/15 19:04:46] 发送(hex): 20
[2026/09/15 19:04:46] 发送(hex): 20
[2026/09/15 19:04:46] 发送(hex): 20
[2026/09/15 19:04:46] 发送(hex): 20
[2026/09/15 19:04:46] 发送(hex): 20
[2026/09/15 19:04:46] 发送(hex): 20
[2026/09/15 19:04:46] 发送(hex): 20
[2026/09/15 19:04:46] 发送(hex): 20
[2026/09/15 19:04:46] 发送(hex): 20
[2026/09/15 19:04:46] 发送(hex): 20
[2026/09/15 19:04:46] 发送(hex): 20
[2026/09/15 19:04:46] 发送(hex): 20
[2026/09/15 19:04:46] 发送(hex): 20
[2026/09/15 19:04:46] 发送(hex): 20
[2026/09/15 19:04:46] 发送(hex): 20
[2026/09/15 19:04:46] 发送(hex): 20
[2026/09/15 19:04:46] 发送(hex): 20
[2026/09/15 19:04:46] 发送(hex): 20
[2026/09/15 19:04:46] 发送(hex): 20
[2026/09/15 19:04:46] 发送(hex): 20
[2026/09/15 19:04:47] 发送(hex): 20
[2026/09/15 19:04:47] 发送(hex): 20
[2026/09/15 19:04:47] 发送(hex): 20
[2026/09/15 19:04:47] 发送(hex): 20
[2026/09/15 19:04:47] 发送(hex): 20
[2026/09/15 19:04:47] 发送(hex): 20
[2026/09/15 19:04:47] 发送(hex): 20
[2026/09/15 19:04:47] 发送(hex): 20
[2026/09/15 19:04:47] 发送(hex): 20
[2026/09/15 19:04:47] 发送(hex): 20
[2026/09/15 19:04:47] 发送(hex): 20
[2026/09/15 19:04:47] 发送(hex): 20
[2026/09/15 19:04:47] 发送(hex): 20
[2026/09/15 19:04:47] 发送(hex): 20
[2026/09/15 19:04:47] 发送(hex): 20
[2026/09/15 19:04:47] 发送(hex): 20
[2026/09/15 19:04:47] 发送(hex): 20
[2026/09/15 19:04:47] 发送(hex): 20
[2026/09/15 19:04:47] 发送(hex): 20
[2026/09/15 19:04:47] 发送(hex): 20
[2026/09/15 19:04:47] 发送(hex): 20
[2026/09/15 19:04:47] 发送(hex): 20
[2026/09/15 19:04:47] 发送(hex): 20
[2026/09/15 19:04:47] 发送(hex): 20
[2026/09/15 19:04:47] 发送(hex): 20
[2026/09/15 19:04:47] 发送(hex): 20
[2026/09/15 19:04:47] 发送(hex): 20
[2026/09/15 19:04:47] 发送(hex): 20
[2026/09/15 19:04:47] 发送(hex): 20
[2026/09/15 19:04:47] 发送(hex): 20
[2026/09/15 19:04:47] 发送(hex): 20
[2026/09/15 19:04:47] 发送(hex): 20
[2026/09/15 19:04:47] 发送(hex): 20
[2026/09/15 19:04:47] 发送(hex): 20
[2026/09/15 19:04:47] 发送(hex): 20
[2026/09/15 19:04:47] 发送(hex): 20
[2026/09/15 19:04:47] 发送(hex): 20
[2026/09/15 19:04:47] 发送(hex): 20
[2026/09/15 19:04:47] 发送(hex): 20
[2026/09/15 19:04:47] 发送(hex): 20
[2026/09/15 19:04:47] 发送(hex): 20
[2026/09/15 19:04:47] 发送(hex): 20
[2026/09/15 19:04:48] 发送(hex): 0d
[2026/09/15 19:04:48] 发送(hex): 0d
[2026/09/15 19:04:48] Realtek>
[2026/09/15 19:04:48] 发送(hex): 0d
[2026/09/15 19:04:48] 发送(hex): 0d
[2026/09/15 19:04:48] Realtek>
[2026/09/15 19:04:48] Realtek>
[2026/09/15 19:04:48] 发送(hex): 0d
[2026/09/15 19:04:48] Realtek>
[2026/09/15 19:04:48] Realtek>
[2026/09/15 19:04:53] 发送(hex): 706d6f64652064697361626c653b72650d
[2026/09/15 19:04:53] pmode disable;re
[2026/09/15 19:04:53] uboot command for pmode disable!
[2026/09/15 19:04:53] resetting ...
[2026/09/15 19:04:53] $
[2026/09/15 19:04:53] Pos
[2026/09/15 19:04:53] t romcode git ver:42df880604ac78a3 (Aug 28 2026 21:41:35)
[2026/09/15 19:04:53] $
[2026/09/15 19:04:53] Hello world, RTD2875P_CN2_TV030!
[2026/09/15 19:04:53] set_wifi_reset
[2026/09/15 19:04:53] Auxcode git ver:3a4deb9ea300359e (Aug 28 2026 21:41:29)
[2026/09/15 19:04:53] flash_type = 2, secure_type = 2
[2026/09/15 19:04:53] b8062204=20000
[2026/09/15 19:04:53] slot info 0 0x0 info 1 0x9021afbe
[2026/09/15 19:04:53] g_gpt_blk_start 0x1  g_offline_gpt 0x0 last_usable_lba 0x1cd2032 num_partition_entries 0x32
[2026/09/15 19:04:53] start 0x2e600000 clt_blk 0x1973004 ctrl size 0x20
[2026/09/15 19:04:53] choose active index 0
[2026/09/15 19:04:53] part name bootloader ative_slot _a real part name bootloader_a
[2026/09/15 19:04:53] part name hwsetting start 0x100000 size 0x33600
[2026/09/15 19:04:53] part name ext_fw start 0x133600 size 0x10400
[2026/09/15 19:04:53] part name kboot start 0x143a00 size 0x16e00
[2026/09/15 19:04:53] part name uboot start 0x15a800 size 0x120400
[2026/09/15 19:04:53] ls4 2 1 = 800040aa 8000207f 80001000
[2026/09/15 19:04:53] fNewHWsettingArch = 2
[2026/09/15 19:04:53] 1.lsadcidx = 2, brand =3, offset = 0
[2026/09/15 19:04:53] 1.lsadcidx = 2, brand =3, offset = 17800
[2026/09/15 19:04:53] hwsetting from mmc
[2026/09/15 19:04:53] AC on HW offset 0x809 start 0x800 reg 0x8090800
[2026/09/15 19:04:53] total = 2f00
[2026/09/15 19:04:53] A
[2026/09/15 19:04:53] A
[2026/09/15 19:04:53] A
[2026/09/15 19:04:53] A
[2026/09/15 19:04:53] A
[2026/09/15 19:04:53] {12 14}
[2026/09/15 19:04:53] ffeeddf
[2026/09/15 19:04:53] feeddddr ver: 62c63180
[2026/09/15 19:04:53] ori DQS0~7 {03 04 1a 1c 00 01 00 00}
[2026/09/15 19:04:53] {01 03 19 1b 00 01 00 00} {0a 09 07 09 06 06 00 00}
[2026/09/15 19:04:53] r.y.0
[2026/09/15 19:04:53] r.y.0 SCPU BISR status: Done
[2026/09/15 19:04:53] [go kb]
[2026/09/15 19:04:53] p
[2026/09/15 19:04:53] ass bootcode info to kboot
[2026/09/15 19:04:53] num=1056
[2026/09/15 19:04:53] boot_magic=20230423
[2026/09/15 19:04:53] ---DEBUG kboot 21:41:14 Aug 28 2026 ---
[2026/09/15 19:04:53] [Kboot]eMMC(mid-15) MMC_HS50 (50000000Mhz)[8bit].
[2026/09/15 19:04:53] block info 0x1cd2032 0x3a3e000.
[2026/09/15 19:04:53] [MMC] 32 -----------> 16GB.
[2026/09/15 19:04:53] (2379beef) (0) bufsize=(null)
[2026/09/15 19:04:53] uboot start 0x15a800 size 0x12040
[2026/09/15 19:04:53] 0
[2026/09/15 19:04:53] board_ve
[2026/09/15 19:04:53] rsion: ls1 = 0, ver: 0
[2026/09/15 19:04:53] [0;31mapp_main 325 board_version=0[0m
[2026/09/15 19:04:53] get FW_TZFW flash start 0xf100200 ddr buf start 0x180000 image size 010c2e3 ok!
[2026/09/15 19:04:53] [INFO]RPMB auth key not written !
[2026/09/15 19:04:53] [INFO]RPMB auth key not written !
[2026/09/15 19:04:53] Current board is not frist boot.
[2026/09/15 19:04:53] ALL zero, reserved_3 has removed.
[2026/09/15 19:04:53] Current board remove reserved_3 done.
[2026/09/15 19:04:54] get FW_VKERNEL flash sta
[2026/09/15 19:04:54] rt 0xc100200 ddr buf start 0x1a900000 image size 05f0300 ok!
[2026/09/15 19:04:54] get FW_VKERNEL2 flash start 0xd900200 ddr buf start 0x1af00000 image size 0f4920 ok!
[2026/09/15 19:04:54] get FW_AKERNEL flash start 0xa900200 ddr buf start 0x1b200000 image size 07fbf7c ok!
[2026/09/15 19:04:54] ATFATFATF:0 1 NOTICE: kill CPU(2)...
[2026/09/15 19:04:54] ATF:0 1 NOTICE: kill (2) : PACTIVE:0
[2026/09/15 19:04:54] ATF:0 1 NOTICE:  CPU(2) kill done, pstate(0x0)
[2026/09/15 19:04:54] U
[2026/09/15 19:04:54] fixup_node_name 555. set /reserved-mem
[2026/09/15 19:04:54] ory@5 to /reserved-memory
[2026/09/15 19:04:54] fixup_node_name 555. set /rtk_cma@5 to /rtk_cma
[2026/09/15 19:04:54] ### [1;31mERROR[0m ### get_movablecore 613. Can't find dtb node /reserved-memory/cma2_memory/reg
[2026/09/15 19:04:54] reinit_mem_info 1049  ddr_size 80000000
[2026/09/15 19:04:54] booting, boot_led_type: 0x00000000, led on[1]
[2026/09/15 19:04:54] set share register: 0x99100000
[2026/09/15 19:04:54] boot_power_on_mode=1
[2026/09/15 19:04:54] [get_layout:1264]!
[2026/09/15 19:04:54] boot_part value = 0 boot_tag value = 21
[2026/09/15 19:04:54] [get_oemkey] 1397: get oem.key = ATV00107525
[2026/09/15 19:04:54] Factory_RO: [EXT4] factory_ro_buffer:0a800000, factory_ro_buffer size:0x1000000!
[2026/09/15 19:04:54] Partiton factory_ro_a located at 0:6
[2026/09/15 19:04:54] factory_ro_a partition can not find /.000@bk@***!
[2026/09/15 19:04:54] Factory RO no need recovery!
[2026/09/15 19:04:54] Get tvconfigs_a partition block device index fail!
[2026/09/15 19:04:54] read customer.ini file fail!
[2026/09/15 19:04:54] parse SYS_INI path fail
[2026/09/15 19:04:54] Not support board ini mechansim!
[2026/09/15 19:04:54] Get tvconfigs_a partition block device index fail!
[2026/09/15 19:04:54] read customer.ini file fail!
[2026/09/15 19:04:54] parse SYS_INI path fail
[2026/09/15 19:04:54] load model ini file fail
[2026/09/15 19:04:54] cannot find PcbPath from ini file
[2026/09/15 19:04:54] no pcb.config in tvconfigs
[2026/09/15 19:04:54] no mnt/vendor/factorypcb.config
[2026/09/15 19:04:55] delay:342
[2026/09/15 19:04:55] Vwait V1go
[2026/09/15 19:04:55] Vwait V2go
[2026/09/15 19:04:56] DEMOD BISR check Pass and disable demod
[2026/09/15 19:04:56] CLK!!
[2026/09/15 19:04:56] [0;31mboard_version=0 sz=18M[0m
[2026/09/15 19:04:56] ATF:0 1 NOTICE: atf enter time:1183ms, current time:2699ms
[2026/09/15 19:04:56] ATF:0 1 NOTICE: 1st boot elapsed 2705ms
[2026/09/15 19:04:58] console:/ $
[2026/09/15 19:05:28] 发送(hex): 0d
[2026/09/15 19:05:28] 发送(hex): 0d
[2026/09/15 19:05:28] 发送(hex): 0d
[2026/09/15 19:05:28] consol
[2026/09/15 19:05:28] 发送(hex): 6c6f67636174207c67726570206d5a697046696c654e616d650d
[2026/09/15 19:05:28] e:/ $
[2026/09/15 19:05:28] console:/ $
[2026/09/15 19:05:28] console:/ $ logcat |grep mZipFileName
[2026/09/15 19:05:29] 08-30 18:21:54.694  1029  1074 D BootAnimation: cxtest mZipFileName:/tvcust/aio_resources/resource/extension/common_TCL_LED_2K/bootanim/customized_bootanimation.zip
[2026/09/15 19:05:30] 发送(hex): 03
[2026/09/15 19:05:30] ^C
[2026/09/15 19:05:37] 发送(hex): 20
[2026/09/15 19:05:37] 发送(hex): 20
[2026/09/15 19:05:37] 发送(hex): 20
[2026/09/15 19:05:37] 发送(hex): 20
[2026/09/15 19:05:37] 发送(hex): 20
[2026/09/15 19:05:37] 发送(hex): 20
[2026/09/15 19:05:37] 发送(hex): 20
[2026/09/15 19:05:37] 发送(hex): 20
[2026/09/15 19:05:37] 发送(hex): 20
[2026/09/15 19:05:37] 发送(hex): 20
[2026/09/15 19:05:37] 发送(hex): 20
[2026/09/15 19:05:37] 发送(hex): 20
[2026/09/15 19:05:37] 发送(hex): 20
[2026/09/15 19:05:37] 发送(hex): 20
[2026/09/15 19:05:37] 发送(hex): 20
[2026/09/15 19:05:37] 发送(hex): 20
[2026/09/15 19:05:37] 发送(hex): 20
[2026/09/15 19:05:37] 发送(hex): 20
[2026/09/15 19:05:37] 发送(hex): 20
[2026/09/15 19:05:37] 发送(hex): 20
[2026/09/15 19:05:37] 发送(hex): 20
[2026/09/15 19:05:37] 发送(hex): 20
[2026/09/15 19:05:37] 发送(hex): 20
[2026/09/15 19:05:37] 发送(hex): 20
[2026/09/15 19:05:37] 发送(hex): 20
[2026/09/15 19:05:37] 发送(hex): 20
[2026/09/15 19:05:37] 发送(hex): 20
[2026/09/15 19:05:37] 发送(hex): 20
[2026/09/15 19:05:37] 发送(hex): 20
[2026/09/15 19:05:37] 发送(hex): 20
[2026/09/15 19:05:37] 发送(hex): 20
[2026/09/15 19:05:37] 发送(hex): 20
[2026/09/15 19:05:37] 发送(hex): 20
[2026/09/15 19:05:37] 发送(hex): 20
[2026/09/15 19:05:37] 发送(hex): 20
[2026/09/15 19:05:37] 发送(hex): 20
[2026/09/15 19:05:37] 发送(hex): 20
[2026/09/15 19:05:37] $
[2026/09/15 19:05:37] Post romcode git ver:42df880604ac78a3 (Aug 28 2026 21:41:35)
[2026/09/15 19:05:37] $
[2026/09/15 19:05:37] Hello world, RTD2875P_CN2_TV030!
[2026/09/15 19:05:37] set_wifi_reset
[2026/09/15 19:05:37] Auxcode git ver:3a4deb9ea300359e (Aug 28 2026 21:41:29)
[2026/09/15 19:05:37] flash_type = 2, secure_type = 2
[2026/09/15 19:05:37] b8062204=0
[2026/09/15 19:05:37] 发送(hex): 20
[2026/09/15 19:05:37] 发送(hex): 20
[2026/09/15 19:05:37] slot info 0 0x0 info 1 0x0
[2026/09/15 19:05:37] invalid reg slot stat
[2026/09/15 19:05:37] 发送(hex): 20
[2026/09/15 19:05:37] 发送(hex): 20
[2026/09/15 19:05:37] 发送(hex): 20
[2026/09/15 19:05:37] 发送(hex): 20
[2026/09/15 19:05:37] 发送(hex): 20
[2026/09/15 19:05:37] 发送(hex): 20
[2026/09/15 19:05:37] 发送(hex): 20
[2026/09/15 19:05:37] 发送(hex): 20
[2026/09/15 19:05:37] us 0x0,get slot info from flash!
[2026/09/15 19:05:37] g_gpt_blk_start 0x1  g_offline_gpt 0x0 last_usable_lba 0x1cd2032 num_partition_entries 0x32
[2026/09/15 19:05:37] start 0x2e600000 clt_blk 0x1973004 ctrl size 0x20
[2026/09/15 19:05:37] choose active index 0
[2026/09/15 19:05:37] part name bootloader ative_slot _a real part name bootloader_a
[2026/09/15 19:05:37] part name hwsetting start 0x100000 size 0x33600
[2026/09/15 19:05:37] part name ext_fw start 0x133600 size 0x10400
[2026/09/15 19:05:37] part name kboot start 0x143a00 size 0x16e00
[2026/09/15 19:05:37] part name uboot start 0x15a800 size 0x120400
[2026/09/15 19:05:37] ls4 2 1 = 800040aa 8000207f 80001000
[2026/09/15 19:05:37] fNewHWsettingArch = 2
[2026/09/15 19:05:37] 1.lsadcidx = 2, brand =3, offset = 0
[2026/09/15 19:05:37] 1.lsadcidx = 2, brand =3, offset = 17800
[2026/09/15 19:05:37] hwsetting from mmc
[2026/09/15 19:05:37] AC on HW offset 0x809 start 0x800 reg 0x8090800
[2026/09/15 19:05:37] total = 2f00
[2026/09/15 19:05:37] 发送(hex): 20
[2026/09/15 19:05:37] 发送(hex): 20
[2026/09/15 19:05:37] 发送(hex): 20
[2026/09/15 19:05:37] 发送(hex): 20
[2026/09/15 19:05:37] 发送(hex): 20
[2026/09/15 19:05:37] 发送(hex): 20
[2026/09/15 19:05:37] A
[2026/09/15 19:05:37] A
[2026/09/15 19:05:37] 发送(hex): 20
[2026/09/15 19:05:37] A
[2026/09/15 19:05:37] A
[2026/09/15 19:05:37] 发送(hex): 20
[2026/09/15 19:05:37] 发送(hex): 20
[2026/09/15 19:05:37] A
[2026/09/15 19:05:37] 发送(hex): 20
[2026/09/15 19:05:37] 发送(hex): 20
[2026/09/15 19:05:37] {12 14}
[2026/09/15 19:05:37] ffeeddffeeddddr ver: 62c63180
[2026/09/15 19:05:37] ori DQS0~7 {03 04 1a 1c 00 01 00 00}
[2026/09/15 19:05:37] 发送(hex): 20
[2026/09/15 19:05:37] 发送(hex): 20
[2026/09/15 19:05:37] 发送(hex): 20
[2026/09/15 19:05:37] 发送(hex): 20
[2026/09/15 19:05:37] 发送(hex): 20
[2026/09/15 19:05:37] 发送(hex): 20
[2026/09/15 19:05:37] 发送(hex): 20
[2026/09/15 19:05:37] {01 03 19 1b 00 01 00 00} {08 08 06 09 06 05 00 00}
[2026/09/15 19:05:37] r.y.0
[2026/09/15 19:05:37] 发送(hex): 20
[2026/09/15 19:05:37] 发送(hex): 20
[2026/09/15 19:05:37] r.y.0 SCPU BISR status: Done
[2026/09/15 19:05:37] 发送(hex): 20
[2026/09/15 19:05:37] [go kb]
[2026/09/15 19:05:37] pass boot
[2026/09/15 19:05:37] 发送(hex): 20
[2026/09/15 19:05:37] 发送(hex): 20
[2026/09/15 19:05:37] 发送(hex): 20
[2026/09/15 19:05:37] 发送(hex): 20
[2026/09/15 19:05:37] code info to kboot
[2026/09/15 19:05:37] num=1100
[2026/09/15 19:05:37] boot_magic=7f676014
[2026/09/15 19:05:37] ---DEBUG kboot 21:41:14 Aug 28 2026 ---
[2026/09/15 19:05:37] [Kboot]eMMC(mid-15) MMC_HS50 (50000000Mhz)[8bit].
[2026/09/15 19:05:37] block info 0x1cd2032 0x3a3e000.
[2026/09/15 19:05:37] [MMC] 32 -----------> 16GB.
[2026/09/15 19:05:37] 发送(hex): 20
[2026/09/15 19:05:37] 发送(hex): 20
[2026/09/15 19:05:37] (00000000) (1) bufsize=(null)
[2026/09/15 19:05:37] 发送(hex): 20
[2026/09/15 19:05:37] 发送(hex): 20
[2026/09/15 19:05:37] 发送(hex): 20
[2026/09/15 19:05:37] uboot start 0x15a800 size 0x120400
[2026/09/15 19:05:37] 发送(hex): 20
[2026/09/15 19:05:37] board_version: ls
[2026/09/15 19:05:37] 发送(hex): 20
[2026/09/15 19:05:38] 发送(hex): 20
[2026/09/15 19:05:38] 1 = 0, ver: 0
[2026/09/15 19:05:38] [0;31mapp_main 325 board_version=0[0m
[2026/09/15 19:05:38] 发送(hex): 20
[2026/09/15 19:05:38] 发送(hex): 20
[2026/09/15 19:05:38] 发送(hex): 20
[2026/09/15 19:05:38] get FW_TZFW flash start 0xf100200 ddr buf start 0
[2026/09/15 19:05:38] 发送(hex): 20
[2026/09/15 19:05:38] 发送(hex): 20
[2026/09/15 19:05:38] 发送(hex): 20
[2026/09/15 19:05:38] x180000 image size 010c2e3 ok!
[2026/09/15 19:05:38] [INFO]RPMB auth key not written !
[2026/09/15 19:05:38] [INFO]RPMB auth key not written !
[2026/09/15 19:05:38] Current board is not frist boot.
[2026/09/15 19:05:38] ALL zero, reserved_3 has removed.
[2026/09/15 19:05:38] Current board remove reserved_3 done.
[2026/09/15 19:05:38] 发送(hex): 20
[2026/09/15 19:05:38] 发送(hex): 20
[2026/09/15 19:05:38] 发送(hex): 20
[2026/09/15 19:05:38] 发送(hex): 20
[2026/09/15 19:05:38] 发送(hex): 20
[2026/09/15 19:05:38] 发送(hex): 20
[2026/09/15 19:05:38] 发送(hex): 20
[2026/09/15 19:05:38] 发送(hex): 20
[2026/09/15 19:05:38] 发送(hex): 20
[2026/09/15 19:05:38] 发送(hex): 20
[2026/09/15 19:05:38] 发送(hex): 20
[2026/09/15 19:05:38] 发送(hex): 20
[2026/09/15 19:05:38] 发送(hex): 20
[2026/09/15 19:05:38] 发送(hex): 20
[2026/09/15 19:05:38] 发送(hex): 20
[2026/09/15 19:05:38] 发送(hex): 20
[2026/09/15 19:05:38] 发送(hex): 20
[2026/09/15 19:05:38] 发送(hex): 20
[2026/09/15 19:05:38] get FW_VKER
[2026/09/15 19:05:38] 发送(hex): 20
[2026/09/15 19:05:38] 发送(hex): 20
[2026/09/15 19:05:38] NEL flash start 0xc100200 ddr buf start 0x1a900000 image size 05f0300 ok!
[2026/09/15 19:05:38] 发送(hex): 20
[2026/09/15 19:05:38] 发送(hex): 20
[2026/09/15 19:05:38] 发送(hex): 20
[2026/09/15 19:05:38] 发送(hex): 20
[2026/09/15 19:05:38] get FW_VKERNEL2 flash start 0xd900200 ddr buf start 0x1af00000 image size 0f4920 ok!
[2026/09/15 19:05:38] 发送(hex): 20
[2026/09/15 19:05:38] 发送(hex): 20
[2026/09/15 19:05:38] 发送(hex): 20
[2026/09/15 19:05:38] 发送(hex): 20
[2026/09/15 19:05:38] 发送(hex): 20
[2026/09/15 19:05:38] 发送(hex): 20
[2026/09/15 19:05:38] 发送(hex): 20
[2026/09/15 19:05:38] 发送(hex): 20
[2026/09/15 19:05:38] 发送(hex): 20
[2026/09/15 19:05:38] 发送(hex): 20
[2026/09/15 19:05:38] 发送(hex): 20
[2026/09/15 19:05:38] 发送(hex): 20
[2026/09/15 19:05:38] 发送(hex): 20
[2026/09/15 19:05:38] 发送(hex): 20
[2026/09/15 19:05:38] 发送(hex): 20
[2026/09/15 19:05:38] 发送(hex): 20
[2026/09/15 19:05:38] 发送(hex): 20
[2026/09/15 19:05:38] 发送(hex): 20
[2026/09/15 19:05:38] 发送(hex): 20
[2026/09/15 19:05:38] 发送(hex): 20
[2026/09/15 19:05:38] 发送(hex): 20
[2026/09/15 19:05:38] 发送(hex): 20
[2026/09/15 19:05:38] 发送(hex): 20
[2026/09/15 19:05:38] 发送(hex): 20
[2026/09/15 19:05:38] 发送(hex): 20
[2026/09/15 19:05:38] 发送(hex): 20
[2026/09/15 19:05:38] get FW_AKERNEL flash start 0xa900200 ddr buf start 0x1b200000 image size 07fbf7c ok!
[2026/09/15 19:05:38] 发送(hex): 20
[2026/09/15 19:05:38] 发送(hex): 20
[2026/09/15 19:05:38] 发送(hex): 20
[2026/09/15 19:05:38] 发送(hex): 20
[2026/09/15 19:05:38] 发送(hex): 20
[2026/09/15 19:05:38] 发送(hex): 20
[2026/09/15 19:05:38] 发送(hex): 20
[2026/09/15 19:05:38] 发送(hex): 20
[2026/09/15 19:05:38] 发送(hex): 20
[2026/09/15 19:05:38] 发送(hex): 20
[2026/09/15 19:05:38] ATFATFATF:0 1 NOTICE: kill CPU(2)...
[2026/09/15 19:05:38] ATF:0 1 NOTICE: kill (2) : PACTIVE:0
[2026/09/15 19:05:38] ATF:0 1 NOTICE:  CPU(2) kill done, pstate(0x0)
[2026/09/15 19:05:38] 发送(hex): 20
[2026/09/15 19:05:38] 发送(hex): 20
[2026/09/15 19:05:38] U
[2026/09/15 19:05:38] 发送(hex): 20
[2026/09/15 19:05:38] 发送(hex): 20
[2026/09/15 19:05:38] 发送(hex): 20
[2026/09/15 19:05:38] 发送(hex): 20
[2026/09/15 19:05:38] 发送(hex): 20
[2026/09/15 19:05:38] 发送(hex): 20
[2026/09/15 19:05:38] 发送(hex): 20
[2026/09/15 19:05:38] 发送(hex): 20
[2026/09/15 19:05:38] 发送(hex): 20
[2026/09/15 19:05:38] 发送(hex): 20
[2026/09/15 19:05:38] 发送(hex): 20
[2026/09/15 19:05:38] 发送(hex): 20
[2026/09/15 19:05:38] fixup_node_name 555. set /res
[2026/09/15 19:05:38] 发送(hex): 20
[2026/09/15 19:05:38] 发送(hex): 20
[2026/09/15 19:05:38] 发送(hex): 20
[2026/09/15 19:05:38] 发送(hex): 20
[2026/09/15 19:05:38] erved-memory@5 to /reserved-memory
[2026/09/15 19:05:38] fixup_node_name 555. set /rtk_cma@5 to /rtk_cma
[2026/09/15 19:05:38] ### [1;31mERROR[0m ### get_movablecore 613. Can't find dtb node /reserved-memory/cma2_memory/reg
[2026/09/15 19:05:38] reinit_mem_info 1049  ddr_size 80000000
[2026/09/15 19:05:38] 发送(hex): 20
[2026/09/15 19:05:38] 发送(hex): 20
[2026/09/15 19:05:38] booting, boot_led_type: 0x00000000, led on[1]
[2026/09/15 19:05:38] set share register: 0x99100000
[2026/09/15 19:05:38] boot_power_on_mode=1
[2026/09/15 19:05:38] [get_layout:1264]!
[2026/09/15 19:05:38] 发送(hex): 20
[2026/09/15 19:05:38] 发送(hex): 20
[2026/09/15 19:05:38] 发送(hex): 20
[2026/09/15 19:05:38] 发送(hex): 20
[2026/09/15 19:05:38] 发送(hex): 20
[2026/09/15 19:05:38] 发送(hex): 20
[2026/09/15 19:05:39] 发送(hex): 20
[2026/09/15 19:05:39] 发送(hex): 20
[2026/09/15 19:05:39] boot_part value = 0 boot_tag value = 21
[2026/09/15 19:05:39] [get_oemkey] 1397: get oem.key = ATV00107525
[2026/09/15 19:05:39] Factory_RO: [EXT4] factory_ro_buffer:0a800000, factory_ro_buffer size:0x1000000!
[2026/09/15 19:05:39] Partiton factory_ro_a located at 0:6
[2026/09/15 19:05:39] factory_ro_a partition can not find /.000@bk@***!
[2026/09/15 19:05:39] Factory RO no need recovery!
[2026/09/15 19:05:39] Get tvconfigs_a partition block device index fail!
[2026/09/15 19:05:39] read customer.ini file fail!
[2026/09/15 19:05:39] parse SYS_INI path fail
[2026/09/15 19:05:39] Not support board ini mechansim!
[2026/09/15 19:05:39] Get tvconfigs_a partition block device index fail!
[2026/09/15 19:05:39] read customer.ini file fail!
[2026/09/15 19:05:39] parse SYS_INI path fail
[2026/09/15 19:05:39] load model ini file fail
[2026/09/15 19:05:39] cannot find PcbPath from ini file
[2026/09/15 19:05:39] no pcb.config in tvconfigs
[2026/09/15 19:05:39] no mnt/vendor/factorypcb.config
[2026/09/15 19:05:39] 发送(hex): 20
[2026/09/15 19:05:39] 发送(hex): 20
[2026/09/15 19:05:39] 发送(hex): 20
[2026/09/15 19:05:39] 发送(hex): 20
[2026/09/15 19:05:39] 发送(hex): 20
[2026/09/15 19:05:39] 发送(hex): 20
[2026/09/15 19:05:39] 发送(hex): 20
[2026/09/15 19:05:39] 发送(hex): 20
[2026/09/15 19:05:39] 发送(hex): 20
[2026/09/15 19:05:39] 发送(hex): 20
[2026/09/15 19:05:39] 发送(hex): 20
[2026/09/15 19:05:39] 发送(hex): 20
[2026/09/15 19:05:39] 发送(hex): 20
[2026/09/15 19:05:39] 发送(hex): 20
[2026/09/15 19:05:39] 发送(hex): 20
[2026/09/15 19:05:39] 发送(hex): 20
[2026/09/15 19:05:39] 发送(hex): 20
[2026/09/15 19:05:39] 发送(hex): 20
[2026/09/15 19:05:39] 发送(hex): 20
[2026/09/15 19:05:39] 发送(hex): 20
[2026/09/15 19:05:39] 发送(hex): 20
[2026/09/15 19:05:39] 发送(hex): 20
[2026/09/15 19:05:39] 发送(hex): 20
[2026/09/15 19:05:39] 发送(hex): 20
[2026/09/15 19:05:39] 发送(hex): 20
[2026/09/15 19:05:39] 发送(hex): 20
[2026/09/15 19:05:39] 发送(hex): 20
[2026/09/15 19:05:39] 发送(hex): 20
[2026/09/15 19:05:39] 发送(hex): 20
[2026/09/15 19:05:39] 发送(hex): 20
[2026/09/15 19:05:39] 发送(hex): 20
[2026/09/15 19:05:39] 发送(hex): 20
[2026/09/15 19:05:39] 发送(hex): 20
[2026/09/15 19:05:39] 发送(hex): 20
[2026/09/15 19:05:39] 发送(hex): 20
[2026/09/15 19:05:39] 发送(hex): 20
[2026/09/15 19:05:39] 发送(hex): 20
[2026/09/15 19:05:39] 发送(hex): 20
[2026/09/15 19:05:39] 发送(hex): 20
[2026/09/15 19:05:39] 发送(hex): 20
[2026/09/15 19:05:39] 发送(hex): 20
[2026/09/15 19:05:39] 发送(hex): 20
[2026/09/15 19:05:39] 发送(hex): 20
[2026/09/15 19:05:39] 发送(hex): 20
[2026/09/15 19:05:39] 发送(hex): 20
[2026/09/15 19:05:39] 发送(hex): 20
[2026/09/15 19:05:39] 发送(hex): 20
[2026/09/15 19:05:39] 发送(hex): 20
[2026/09/15 19:05:39] 发送(hex): 20
[2026/09/15 19:05:39] 发送(hex): 20
[2026/09/15 19:05:39] 发送(hex): 20
[2026/09/15 19:05:39] 发送(hex): 20
[2026/09/15 19:05:39] delay:427
[2026/09/15 19:05:39] 发送(hex): 20
[2026/09/15 19:05:39] 发送(hex): 20
[2026/09/15 19:05:39] 发送(hex): 20
[2026/09/15 19:05:39] 发送(hex): 20
[2026/09/15 19:05:39] 发送(hex): 20
[2026/09/15 19:05:39] 发送(hex): 20
[2026/09/15 19:05:39] 发送(hex): 20
[2026/09/15 19:05:39] 发送(hex): 20
[2026/09/15 19:05:39] 发送(hex): 20
[2026/09/15 19:05:39] 发送(hex): 20
[2026/09/15 19:05:39] 发送(hex): 20
[2026/09/15 19:05:39] 发送(hex): 20
[2026/09/15 19:05:39] 发送(hex): 20
[2026/09/15 19:05:39] 发送(hex): 20
[2026/09/15 19:05:39] 发送(hex): 20
[2026/09/15 19:05:39] 发送(hex): 20
[2026/09/15 19:05:39] 发送(hex): 20
[2026/09/15 19:05:39] 发送(hex): 20
[2026/09/15 19:05:39] 发送(hex): 20
[2026/09/15 19:05:39] 发送(hex): 20
[2026/09/15 19:05:39] 发送(hex): 20
[2026/09/15 19:05:39] 发送(hex): 20
[2026/09/15 19:05:39] 发送(hex): 20
[2026/09/15 19:05:39] 发送(hex): 20
[2026/09/15 19:05:39] 发送(hex): 20
[2026/09/15 19:05:39] 发送(hex): 20
[2026/09/15 19:05:39] 发送(hex): 20
[2026/09/15 19:05:39] 发送(hex): 20
[2026/09/15 19:05:39] 发送(hex): 20
[2026/09/15 19:05:39] 发送(hex): 20
[2026/09/15 19:05:39] 发送(hex): 20
[2026/09/15 19:05:39] 发送(hex): 20
[2026/09/15 19:05:39] 发送(hex): 20
[2026/09/15 19:05:39] 发送(hex): 20
[2026/09/15 19:05:39] 发送(hex): 20
[2026/09/15 19:05:39] 发送(hex): 20
[2026/09/15 19:05:39] 发送(hex): 20
[2026/09/15 19:05:39] 发送(hex): 20
[2026/09/15 19:05:39] 发送(hex): 20
[2026/09/15 19:05:39] 发送(hex): 20
[2026/09/15 19:05:40] 发送(hex): 20
[2026/09/15 19:05:40] 发送(hex): 20
[2026/09/15 19:05:40] 发送(hex): 20
[2026/09/15 19:05:40] 发送(hex): 20
[2026/09/15 19:05:40] 发送(hex): 20
[2026/09/15 19:05:40] Net:   r8168: REALTEK RTL8168 @0x18016000
[2026/09/15 19:05:40] 发送(hex): 20
[2026/09/15 19:05:40] 发送(hex): 20
[2026/09/15 19:05:40] S
[2026/09/15 19:05:40] 发送(hex): 20
[2026/09/15 19:05:40] 发送(hex): 20
[2026/09/15 19:05:40] tart Boot Setup ...
[2026/09/15 19:05:40] (powerMgr_get_wakeup_source)2012/05/30 19:50
[2026/09/15 19:05:40] wakeup source : AC
[2026/09/15 19:05:40] 发送(hex): 20
[2026/09/15 19:05:40] 发送(hex): 20
[2026/09/15 19:05:40] 发送(hex): 20
[2026/09/15 19:05:40] (powerMgr_get_wakeup_source)2012/05/30 19:50
[2026/09/15 19:05:40] wakeup source : AC
[2026/09/15 19:05:40] wakeup_src=0, boot_logo_enable=1, bgm_boot_type=0, POWER_ON_MODE_SILEN=0.
[2026/09/15 19:05:40] 发送(hex): 20
[2026/09/15 19:05:40] 发送(hex): 20
[2026/09/15 19:05:40] 发送(hex): 20
[2026/09/15 19:05:40] GDMA module_init finish
[2026/09/15 19:05:40] [GDMA] OSD size[3840,2160]
[2026/09/15 19:05:40] [GDMA] gdma_showlogo gdma show logo 2628
[2026/09/15 19:05:40] Net:   r8168: REALTEK RTL8168 @0x18016000
[2026/09/15 19:05:40] 发送(hex): 20
[2026/09/15 19:05:40] 发送(hex): 20
[2026/09/15 19:05:40] ## Android Verified Boot 2.0 versi
[2026/09/15 19:05:40] 发送(hex): 20
[2026/09/15 19:05:40] on 1.1.0
[2026/09/15 19:05:40] 发送(hex): 20
[2026/09/15 19:05:40] 发送(hex): 20
[2026/09/15 19:05:40] 发送(hex): 20
[2026/09/15 19:05:40] 发送(hex): 20
[2026/09/15 19:05:40] 发送(hex): 20
[2026/09/15 19:05:40] 发送(hex): 20
[2026/09/15 19:05:40] 发送(hex): 20
[2026/09/15 19:05:40] 发送(hex): 20
[2026/09/15 19:05:40] 发送(hex): 20
[2026/09/15 19:05:40] 发送(hex): 20
[2026/09/15 19:05:40] 发送(hex): 20
[2026/09/15 19:05:40] 发送(hex): 20
[2026/09/15 19:05:40] 发送(hex): 20
[2026/09/15 19:05:40] 发送(hex): 20
[2026/09/15 19:05:40] 发送(hex): 20
[2026/09/15 19:05:40] 发送(hex): 20
[2026/09/15 19:05:40] 发送(hex): 20
[2026/09/15 19:05:40] 发送(hex): 20
[2026/09/15 19:05:40] 发送(hex): 20
[2026/09/15 19:05:40] 发送(hex): 20
[2026/09/15 19:05:40] 发送(hex): 20
[2026/09/15 19:05:40] 发送(hex): 20
[2026/09/15 19:05:40] 发送(hex): 20
[2026/09/15 19:05:40] 发送(hex): 20
[2026/09/15 19:05:40] 发送(hex): 20
[2026/09/15 19:05:40] 发送(hex): 20
[2026/09/15 19:05:40] 发送(hex): 20
[2026/09/15 19:05:40] 发送(hex): 20
[2026/09/15 19:05:40] 发送(hex): 20
[2026/09/15 19:05:40] 发送(hex): 20
[2026/09/15 19:05:40] 发送(hex): 20
[2026/09/15 19:05:40] 发送(hex): 20
[2026/09/15 19:05:40] 发送(hex): 20
[2026/09/15 19:05:40] 发送(hex): 20
[2026/09/15 19:05:40] 发送(hex): 20
[2026/09/15 19:05:40] 发送(hex): 20
[2026/09/15 19:05:40] 发送(hex): 20
[2026/09/15 19:05:40] 发送(hex): 20
[2026/09/15 19:05:40] 发送(hex): 20
[2026/09/15 19:05:40] 发送(hex): 20
[2026/09/15 19:05:40] 发送(hex): 20
[2026/09/15 19:05:40] 发送(hex): 20
[2026/09/15 19:05:40] 发送(hex): 20
[2026/09/15 19:05:40] 发送(hex): 20
[2026/09/15 19:05:40] 发送(hex): 20
[2026/09/15 19:05:40] 发送(hex): 20
[2026/09/15 19:05:40] 发送(hex): 20
[2026/09/15 19:05:40] Verification passed successfully
[2026/09/15 19:05:40] [Skip A] boot manual mode
[2026/09/15 19:05:40] [Skip V] boot manual mode
[2026/09/15 19:05:40] is_avb_verify_hash_partition 164 find avb verify part_name boot img_buf 0x66400000 size 0x307a000
[2026/09/15 19:05:40] boot header version : 4
[2026/09/15 19:05:40] is_avb_verify_hash_partition 164 find avb verify part_name vendor_boot img_buf 0x6bc00000 size 0x10a3000
[2026/09/15 19:05:40] get_partition_content_by_name 11954 get gpt_name init_boot_a err,try part name init_boot!
[2026/09/15 19:05:40] get_partition_content_by_name 11956 get part name init_boot err!
[2026/09/15 19:05:40] 发送(hex): 20
[2026/09/15 19:05:40] 发送(hex): 20
[2026/09/15 19:05:40] 发送(hex): 20
[2026/09/15 19:05:40] 发送(hex): 20
[2026/09/15 19:05:40] 发送(hex): 20
[2026/09/15 19:05:40] 发送(hex): 20
[2026/09/15 19:05:40] 发送(hex): 20
[2026/09/15 19:05:40] 发送(hex): 20
[2026/09/15 19:05:40] get_merge_ramdisk 11932 cur_ramdisk_size 0xf3096 real_cur_ramdisk_size 0xf3096
[2026/09/15 19:05:40] get_merge_ramdisk 11932 cur_ramdisk_size 0x2019e5 real_cur_ramdisk_size 0x2019e5
[2026/09/15 19:05:40] is_avb_verify_hash_partition 164 find avb verify part_name dtbo img_buf 0x6fc00000 size 0x1186
[2026/09/15 19:05:40] Net:   r8168: REALTEK RTL8168 @0x18016000
[2026/09/15 19:05:40] 发送(hex): 20
[2026/09/15 19:05:40] 发送(hex): 20
[2026/09/15 19:05:40] 发送(hex): 20
[2026/09/15 19:05:40] 发送(hex): 20
[2026/09/15 19:05:40] [Skip K] boot manual mode (execute "go all")
[2026/09/15 19:05:40] Enter console mode, disable watchdog ...
[2026/09/15 19:05:40] Realtek>
[2026/09/15 19:05:40] 发送(hex): 20
[2026/09/15 19:05:40] 发送(hex): 20
[2026/09/15 19:05:40] 发送(hex): 20
[2026/09/15 19:05:40] 发送(hex): 20
[2026/09/15 19:05:40] 发送(hex): 20
[2026/09/15 19:05:40] 发送(hex): 20
[2026/09/15 19:05:40] 发送(hex): 20
[2026/09/15 19:05:40] 发送(hex): 20
[2026/09/15 19:05:40] 发送(hex): 20
[2026/09/15 19:05:40] 发送(hex): 20
[2026/09/15 19:05:40] 发送(hex): 20
[2026/09/15 19:05:40] 发送(hex): 20
[2026/09/15 19:05:40] 发送(hex): 20
[2026/09/15 19:05:40] 发送(hex): 20
[2026/09/15 19:05:40] 发送(hex): 20
[2026/09/15 19:05:40] 发送(hex): 20
[2026/09/15 19:05:41] 发送(hex): 20
[2026/09/15 19:05:41] 发送(hex): 20
[2026/09/15 19:05:41] 发送(hex): 20
[2026/09/15 19:05:41] 发送(hex): 20
[2026/09/15 19:05:41] 发送(hex): 20
[2026/09/15 19:05:41] 发送(hex): 20
[2026/09/15 19:05:41] 发送(hex): 20
[2026/09/15 19:05:41] 发送(hex): 20
[2026/09/15 19:05:41] 发送(hex): 20
[2026/09/15 19:05:41] 发送(hex): 20
[2026/09/15 19:05:41] 发送(hex): 20
[2026/09/15 19:05:41] 发送(hex): 20
[2026/09/15 19:05:41] 发送(hex): 20
[2026/09/15 19:05:41] 发送(hex): 20
[2026/09/15 19:05:41] 发送(hex): 20
[2026/09/15 19:05:41] 发送(hex): 20
[2026/09/15 19:05:41] 发送(hex): 20
[2026/09/15 19:05:41] 发送(hex): 20
[2026/09/15 19:05:41] 发送(hex): 20
[2026/09/15 19:05:41] 发送(hex): 20
[2026/09/15 19:05:41] 发送(hex): 20
[2026/09/15 19:05:41] 发送(hex): 20
[2026/09/15 19:05:41] 发送(hex): 20
[2026/09/15 19:05:41] 发送(hex): 20
[2026/09/15 19:05:41] 发送(hex): 20
[2026/09/15 19:05:41] 发送(hex): 20
[2026/09/15 19:05:41] 发送(hex): 20
[2026/09/15 19:05:41] 发送(hex): 20
[2026/09/15 19:05:41] 发送(hex): 20
[2026/09/15 19:05:41] 发送(hex): 20
[2026/09/15 19:05:41] 发送(hex): 20
[2026/09/15 19:05:41] 发送(hex): 20
[2026/09/15 19:05:41] 发送(hex): 20
[2026/09/15 19:05:41] 发送(hex): 20
[2026/09/15 19:05:41] 发送(hex): 20
[2026/09/15 19:05:41] 发送(hex): 20
[2026/09/15 19:05:41] 发送(hex): 20
[2026/09/15 19:05:41] 发送(hex): 20
[2026/09/15 19:05:41] 发送(hex): 20
[2026/09/15 19:05:41] 发送(hex): 20
[2026/09/15 19:05:41] 发送(hex): 20
[2026/09/15 19:05:41] 发送(hex): 20
[2026/09/15 19:05:41] 发送(hex): 20
[2026/09/15 19:05:41] 发送(hex): 20
[2026/09/15 19:05:41] 发送(hex): 20
[2026/09/15 19:05:41] 发送(hex): 20
[2026/09/15 19:05:41] 发送(hex): 20
[2026/09/15 19:05:41] 发送(hex): 20
[2026/09/15 19:05:41] 发送(hex): 20
[2026/09/15 19:05:41] 发送(hex): 20
[2026/09/15 19:05:41] 发送(hex): 20
[2026/09/15 19:05:41] 发送(hex): 20
[2026/09/15 19:05:41] 发送(hex): 20
[2026/09/15 19:05:41] 发送(hex): 20
[2026/09/15 19:05:41] 发送(hex): 20
[2026/09/15 19:05:41] 发送(hex): 20
[2026/09/15 19:05:41] 发送(hex): 20
[2026/09/15 19:05:41] 发送(hex): 20
[2026/09/15 19:05:41] 发送(hex): 20
[2026/09/15 19:05:41] 发送(hex): 20
[2026/09/15 19:05:41] 发送(hex): 20
[2026/09/15 19:05:41] 发送(hex): 20
[2026/09/15 19:05:41] 发送(hex): 20
[2026/09/15 19:05:41] 发送(hex): 20
[2026/09/15 19:05:41] 发送(hex): 20
[2026/09/15 19:05:41] 发送(hex): 20
[2026/09/15 19:05:41] 发送(hex): 20
[2026/09/15 19:05:41] 发送(hex): 20
[2026/09/15 19:05:41] 发送(hex): 20
[2026/09/15 19:05:41] 发送(hex): 20
[2026/09/15 19:05:41] 发送(hex): 20
[2026/09/15 19:05:41] 发送(hex): 20
[2026/09/15 19:05:41] 发送(hex): 20
[2026/09/15 19:05:41] 发送(hex): 20
[2026/09/15 19:05:41] 发送(hex): 20
[2026/09/15 19:05:41] 发送(hex): 20
[2026/09/15 19:05:41] 发送(hex): 20
[2026/09/15 19:05:41] 发送(hex): 20
[2026/09/15 19:05:41] 发送(hex): 20
[2026/09/15 19:05:41] 发送(hex): 20
[2026/09/15 19:05:41] 发送(hex): 20
[2026/09/15 19:05:41] 发送(hex): 20
[2026/09/15 19:05:41] 发送(hex): 20
[2026/09/15 19:05:41] 发送(hex): 20
[2026/09/15 19:05:41] 发送(hex): 20
[2026/09/15 19:05:41] 发送(hex): 20
[2026/09/15 19:05:41] 发送(hex): 20
[2026/09/15 19:05:41] 发送(hex): 20
[2026/09/15 19:05:41] 发送(hex): 20
[2026/09/15 19:05:41] 发送(hex): 20
[2026/09/15 19:05:41] 发送(hex): 20
[2026/09/15 19:05:41] 发送(hex): 20
[2026/09/15 19:05:41] 发送(hex): 20
[2026/09/15 19:05:41] 发送(hex): 20
[2026/09/15 19:05:42] 发送(hex): 20
[2026/09/15 19:05:42] 发送(hex): 20
[2026/09/15 19:05:42] 发送(hex): 20
[2026/09/15 19:05:42] 发送(hex): 20
[2026/09/15 19:05:42] 发送(hex): 20
[2026/09/15 19:05:42] 发送(hex): 20
[2026/09/15 19:05:42] 发送(hex): 20
[2026/09/15 19:05:42] 发送(hex): 20
[2026/09/15 19:05:42] 发送(hex): 20
[2026/09/15 19:05:42] 发送(hex): 20
[2026/09/15 19:05:42] 发送(hex): 20
[2026/09/15 19:05:42] 发送(hex): 20
[2026/09/15 19:05:42] 发送(hex): 20
[2026/09/15 19:05:42] 发送(hex): 20
[2026/09/15 19:05:42] 发送(hex): 20
[2026/09/15 19:05:42] 发送(hex): 20
[2026/09/15 19:05:42] 发送(hex): 20
[2026/09/15 19:05:42] 发送(hex): 20
[2026/09/15 19:05:42] 发送(hex): 20
[2026/09/15 19:05:42] 发送(hex): 20
[2026/09/15 19:05:42] 发送(hex): 20
[2026/09/15 19:05:42] 发送(hex): 20
[2026/09/15 19:05:42] 发送(hex): 20
[2026/09/15 19:05:42] 发送(hex): 20
[2026/09/15 19:05:42] 发送(hex): 20
[2026/09/15 19:05:42] 发送(hex): 20
[2026/09/15 19:05:42] 发送(hex): 20
[2026/09/15 19:05:42] 发送(hex): 20
[2026/09/15 19:05:42] 发送(hex): 20
[2026/09/15 19:05:42] 发送(hex): 20
[2026/09/15 19:05:42] 发送(hex): 20
[2026/09/15 19:05:42] 发送(hex): 20
[2026/09/15 19:05:42] 发送(hex): 20
[2026/09/15 19:05:42] 发送(hex): 20
[2026/09/15 19:05:42] 发送(hex): 20
[2026/09/15 19:05:42] 发送(hex): 20
[2026/09/15 19:05:42] 发送(hex): 20
[2026/09/15 19:05:42] 发送(hex): 20
[2026/09/15 19:05:42] 发送(hex): 20
[2026/09/15 19:05:42] 发送(hex): 20
[2026/09/15 19:05:42] 发送(hex): 20
[2026/09/15 19:05:42] 发送(hex): 20
[2026/09/15 19:05:42] 发送(hex): 20
[2026/09/15 19:05:42] 发送(hex): 20
[2026/09/15 19:05:42] 发送(hex): 20
[2026/09/15 19:05:42] 发送(hex): 20
[2026/09/15 19:05:42] 发送(hex): 20
[2026/09/15 19:05:42] 发送(hex): 20
[2026/09/15 19:05:42] 发送(hex): 20
[2026/09/15 19:05:42] 发送(hex): 20
[2026/09/15 19:05:42] 发送(hex): 20
[2026/09/15 19:05:42] 发送(hex): 20
[2026/09/15 19:05:42] 发送(hex): 20
[2026/09/15 19:05:42] 发送(hex): 20
[2026/09/15 19:05:42] 发送(hex): 20
[2026/09/15 19:05:42] 发送(hex): 20
[2026/09/15 19:05:42] 发送(hex): 20
[2026/09/15 19:05:42] 发送(hex): 20
[2026/09/15 19:05:42] 发送(hex): 20
[2026/09/15 19:05:42] 发送(hex): 20
[2026/09/15 19:05:42] 发送(hex): 20
[2026/09/15 19:05:42] 发送(hex): 20
[2026/09/15 19:05:42] 发送(hex): 20
[2026/09/15 19:05:42] 发送(hex): 20
[2026/09/15 19:05:42] 发送(hex): 20
[2026/09/15 19:05:42] 发送(hex): 20
[2026/09/15 19:05:42] 发送(hex): 20
[2026/09/15 19:05:42] 发送(hex): 20
[2026/09/15 19:05:42] 发送(hex): 20
[2026/09/15 19:05:42] 发送(hex): 20
[2026/09/15 19:05:42] 发送(hex): 20
[2026/09/15 19:05:42] 发送(hex): 20
[2026/09/15 19:05:42] 发送(hex): 20
[2026/09/15 19:05:42] 发送(hex): 20
[2026/09/15 19:05:42] 发送(hex): 20
[2026/09/15 19:05:42] 发送(hex): 20
[2026/09/15 19:05:42] 发送(hex): 20
[2026/09/15 19:05:42] 发送(hex): 20
[2026/09/15 19:05:42] 发送(hex): 20
[2026/09/15 19:05:42] 发送(hex): 20
[2026/09/15 19:05:42] 发送(hex): 20
[2026/09/15 19:05:42] 发送(hex): 20
[2026/09/15 19:05:42] 发送(hex): 20
[2026/09/15 19:05:42] 发送(hex): 20
[2026/09/15 19:05:42] 发送(hex): 20
[2026/09/15 19:05:42] 发送(hex): 20
[2026/09/15 19:05:42] 发送(hex): 20
[2026/09/15 19:05:42] 发送(hex): 20
[2026/09/15 19:05:42] 发送(hex): 20
[2026/09/15 19:05:42] 发送(hex): 20
[2026/09/15 19:05:42] 发送(hex): 20
[2026/09/15 19:05:42] 发送(hex): 20
[2026/09/15 19:05:42] 发送(hex): 20
[2026/09/15 19:05:43] 发送(hex): 20
[2026/09/15 19:05:43] 发送(hex): 20
[2026/09/15 19:05:43] 发送(hex): 20
[2026/09/15 19:05:43] 发送(hex): 20
[2026/09/15 19:05:43] 发送(hex): 20
[2026/09/15 19:05:43] 发送(hex): 20
[2026/09/15 19:05:43] 发送(hex): 20
[2026/09/15 19:05:43] 发送(hex): 20
[2026/09/15 19:05:43] 发送(hex): 20
[2026/09/15 19:05:43] 发送(hex): 20
[2026/09/15 19:05:43] 发送(hex): 20
[2026/09/15 19:05:43] 发送(hex): 20
[2026/09/15 19:05:43] 发送(hex): 20
[2026/09/15 19:05:43] 发送(hex): 20
[2026/09/15 19:05:43] 发送(hex): 20
[2026/09/15 19:05:43] 发送(hex): 20
[2026/09/15 19:05:43] 发送(hex): 20
[2026/09/15 19:05:43] 发送(hex): 20
[2026/09/15 19:05:43] 发送(hex): 20
[2026/09/15 19:05:43] 发送(hex): 20
[2026/09/15 19:05:43] 发送(hex): 20
[2026/09/15 19:05:43] 发送(hex): 20
[2026/09/15 19:05:43] 发送(hex): 20
[2026/09/15 19:05:43] 发送(hex): 20
[2026/09/15 19:05:43] 发送(hex): 20
[2026/09/15 19:05:43] 发送(hex): 20
[2026/09/15 19:05:43] 发送(hex): 20
[2026/09/15 19:05:43] 发送(hex): 20
[2026/09/15 19:05:43] 发送(hex): 20
[2026/09/15 19:05:43] 发送(hex): 20
[2026/09/15 19:05:43] 发送(hex): 20
[2026/09/15 19:05:43] 发送(hex): 20
[2026/09/15 19:05:43] 发送(hex): 20
[2026/09/15 19:05:43] 发送(hex): 20
[2026/09/15 19:05:43] 发送(hex): 20
[2026/09/15 19:05:43] 发送(hex): 20
[2026/09/15 19:05:43] 发送(hex): 20
[2026/09/15 19:05:43] 发送(hex): 20
[2026/09/15 19:05:43] 发送(hex): 20
[2026/09/15 19:05:43] 发送(hex): 20
[2026/09/15 19:05:43] 发送(hex): 20
[2026/09/15 19:05:43] 发送(hex): 20
[2026/09/15 19:05:43] 发送(hex): 20
[2026/09/15 19:05:43] 发送(hex): 20
[2026/09/15 19:05:43] 发送(hex): 20
[2026/09/15 19:05:43] 发送(hex): 20
[2026/09/15 19:05:43] 发送(hex): 20
[2026/09/15 19:05:43] 发送(hex): 20
[2026/09/15 19:05:43] 发送(hex): 20
[2026/09/15 19:05:43] 发送(hex): 20
[2026/09/15 19:05:43] 发送(hex): 20
[2026/09/15 19:05:43] 发送(hex): 20
[2026/09/15 19:05:43] 发送(hex): 20
[2026/09/15 19:05:43] 发送(hex): 20
[2026/09/15 19:05:43] 发送(hex): 20
[2026/09/15 19:05:43] 发送(hex): 20
[2026/09/15 19:05:43] 发送(hex): 20
[2026/09/15 19:05:43] 发送(hex): 20
[2026/09/15 19:05:43] 发送(hex): 20
[2026/09/15 19:05:43] 发送(hex): 20
[2026/09/15 19:05:43] 发送(hex): 20
[2026/09/15 19:05:43] 发送(hex): 20
[2026/09/15 19:05:43] 发送(hex): 20
[2026/09/15 19:05:43] 发送(hex): 20
[2026/09/15 19:05:43] 发送(hex): 20
[2026/09/15 19:05:43] 发送(hex): 20
[2026/09/15 19:05:43] 发送(hex): 20
[2026/09/15 19:05:43] 发送(hex): 20
[2026/09/15 19:05:43] 发送(hex): 20
[2026/09/15 19:05:43] 发送(hex): 20
[2026/09/15 19:05:43] 发送(hex): 20
[2026/09/15 19:05:43] 发送(hex): 20
[2026/09/15 19:05:43] 发送(hex): 20
[2026/09/15 19:05:43] 发送(hex): 20
[2026/09/15 19:05:43] 发送(hex): 20
[2026/09/15 19:05:43] 发送(hex): 20
[2026/09/15 19:05:43] 发送(hex): 20
[2026/09/15 19:05:43] 发送(hex): 20
[2026/09/15 19:05:43] 发送(hex): 20
[2026/09/15 19:05:43] 发送(hex): 20
[2026/09/15 19:05:43] 发送(hex): 20
[2026/09/15 19:05:43] 发送(hex): 20
[2026/09/15 19:05:43] 发送(hex): 20
[2026/09/15 19:05:43] 发送(hex): 20
[2026/09/15 19:05:43] 发送(hex): 20
[2026/09/15 19:05:43] 发送(hex): 20
[2026/09/15 19:05:43] 发送(hex): 20
[2026/09/15 19:05:43] 发送(hex): 20
[2026/09/15 19:05:43] 发送(hex): 20
[2026/09/15 19:05:43] 发送(hex): 20
[2026/09/15 19:05:43] 发送(hex): 20
[2026/09/15 19:05:43] 发送(hex): 20
[2026/09/15 19:05:43] 发送(hex): 20
[2026/09/15 19:05:44] 发送(hex): 20
[2026/09/15 19:05:44] 发送(hex): 20
[2026/09/15 19:05:44] 发送(hex): 20
[2026/09/15 19:05:44] 发送(hex): 20
[2026/09/15 19:05:44] 发送(hex): 20
[2026/09/15 19:05:44] 发送(hex): 20
[2026/09/15 19:05:44] 发送(hex): 20
[2026/09/15 19:05:44] 发送(hex): 20
[2026/09/15 19:05:44] 发送(hex): 20
[2026/09/15 19:05:44] 发送(hex): 20
[2026/09/15 19:05:44] 发送(hex): 20
[2026/09/15 19:05:44] 发送(hex): 20
[2026/09/15 19:05:44] 发送(hex): 20
[2026/09/15 19:05:44] 发送(hex): 20
[2026/09/15 19:05:44] 发送(hex): 20
[2026/09/15 19:05:44] 发送(hex): 20
[2026/09/15 19:05:44] 发送(hex): 20
[2026/09/15 19:05:44] 发送(hex): 20
[2026/09/15 19:05:44] 发送(hex): 20
[2026/09/15 19:05:44] 发送(hex): 20
[2026/09/15 19:05:44] 发送(hex): 20
[2026/09/15 19:05:44] 发送(hex): 20
[2026/09/15 19:05:44] 发送(hex): 20
[2026/09/15 19:05:44] 发送(hex): 20
[2026/09/15 19:05:44] 发送(hex): 20
[2026/09/15 19:05:44] 发送(hex): 20
[2026/09/15 19:05:44] 发送(hex): 20
[2026/09/15 19:05:44] 发送(hex): 20
[2026/09/15 19:05:44] 发送(hex): 20
[2026/09/15 19:05:44] 发送(hex): 20
[2026/09/15 19:05:44] 发送(hex): 20
[2026/09/15 19:05:44] 发送(hex): 20
[2026/09/15 19:05:44] 发送(hex): 20
[2026/09/15 19:05:44] 发送(hex): 20
[2026/09/15 19:05:44] 发送(hex): 20
[2026/09/15 19:05:44] 发送(hex): 20
[2026/09/15 19:05:44] 发送(hex): 20
[2026/09/15 19:05:44] 发送(hex): 20
[2026/09/15 19:05:44] 发送(hex): 20
[2026/09/15 19:05:44] 发送(hex): 20
[2026/09/15 19:05:44] 发送(hex): 20
[2026/09/15 19:05:44] 发送(hex): 20
[2026/09/15 19:05:44] 发送(hex): 20
[2026/09/15 19:05:44] 发送(hex): 20
[2026/09/15 19:05:44] 发送(hex): 20
[2026/09/15 19:05:44] 发送(hex): 20
[2026/09/15 19:05:44] 发送(hex): 20
[2026/09/15 19:05:44] 发送(hex): 20
[2026/09/15 19:05:44] 发送(hex): 20
[2026/09/15 19:05:44] 发送(hex): 20
[2026/09/15 19:05:44] 发送(hex): 20
[2026/09/15 19:05:44] 发送(hex): 20
[2026/09/15 19:05:44] 发送(hex): 20
[2026/09/15 19:05:44] 发送(hex): 20
[2026/09/15 19:05:44] 发送(hex): 20
[2026/09/15 19:05:44] 发送(hex): 20
[2026/09/15 19:05:44] 发送(hex): 20
[2026/09/15 19:05:44] 发送(hex): 20
[2026/09/15 19:05:44] 发送(hex): 20
[2026/09/15 19:05:44] 发送(hex): 20
[2026/09/15 19:05:44] 发送(hex): 20
[2026/09/15 19:05:44] 发送(hex): 20
[2026/09/15 19:05:44] 发送(hex): 20
[2026/09/15 19:05:44] 发送(hex): 20
[2026/09/15 19:05:44] 发送(hex): 20
[2026/09/15 19:05:44] 发送(hex): 20
[2026/09/15 19:05:44] 发送(hex): 20
[2026/09/15 19:05:44] 发送(hex): 20
[2026/09/15 19:05:44] 发送(hex): 20
[2026/09/15 19:05:44] 发送(hex): 20
[2026/09/15 19:05:44] 发送(hex): 20
[2026/09/15 19:05:44] 发送(hex): 20
[2026/09/15 19:05:44] 发送(hex): 20
[2026/09/15 19:05:44] 发送(hex): 20
[2026/09/15 19:05:44] 发送(hex): 20
[2026/09/15 19:05:44] 发送(hex): 20
[2026/09/15 19:05:44] 发送(hex): 20
[2026/09/15 19:05:44] 发送(hex): 20
[2026/09/15 19:05:44] 发送(hex): 20
[2026/09/15 19:05:44] 发送(hex): 20
[2026/09/15 19:05:44] 发送(hex): 20
[2026/09/15 19:05:44] 发送(hex): 20
[2026/09/15 19:05:44] 发送(hex): 20
[2026/09/15 19:05:44] 发送(hex): 20
[2026/09/15 19:05:44] 发送(hex): 20
[2026/09/15 19:05:44] 发送(hex): 20
[2026/09/15 19:05:44] 发送(hex): 20
[2026/09/15 19:05:44] 发送(hex): 20
[2026/09/15 19:05:44] 发送(hex): 20
[2026/09/15 19:05:44] 发送(hex): 20
[2026/09/15 19:05:44] 发送(hex): 20
[2026/09/15 19:05:44] 发送(hex): 20
[2026/09/15 19:05:44] 发送(hex): 20
[2026/09/15 19:05:45] 发送(hex): 20
[2026/09/15 19:05:45] 发送(hex): 20
[2026/09/15 19:05:45] 发送(hex): 20
[2026/09/15 19:05:45] 发送(hex): 20
[2026/09/15 19:05:45] 发送(hex): 20
[2026/09/15 19:05:45] 发送(hex): 20
[2026/09/15 19:05:45] 发送(hex): 20
[2026/09/15 19:05:45] 发送(hex): 20
[2026/09/15 19:05:45] 发送(hex): 20
[2026/09/15 19:05:45] 发送(hex): 20
[2026/09/15 19:05:45] 发送(hex): 20
[2026/09/15 19:05:45] 发送(hex): 20
[2026/09/15 19:05:45] 发送(hex): 20
[2026/09/15 19:05:45] 发送(hex): 20
[2026/09/15 19:05:45] 发送(hex): 20
[2026/09/15 19:05:45] 发送(hex): 20
[2026/09/15 19:05:45] 发送(hex): 20
[2026/09/15 19:05:45] 发送(hex): 20
[2026/09/15 19:05:45] 发送(hex): 20
[2026/09/15 19:05:45] 发送(hex): 20
[2026/09/15 19:05:45] 发送(hex): 20
[2026/09/15 19:05:45] 发送(hex): 20
[2026/09/15 19:05:45] 发送(hex): 20
[2026/09/15 19:05:45] 发送(hex): 20
[2026/09/15 19:05:45] 发送(hex): 20
[2026/09/15 19:05:45] 发送(hex): 20
[2026/09/15 19:05:45] 发送(hex): 20
[2026/09/15 19:05:45] 发送(hex): 20
[2026/09/15 19:05:45] 发送(hex): 20
[2026/09/15 19:05:45] 发送(hex): 20
[2026/09/15 19:05:45] 发送(hex): 20
[2026/09/15 19:05:45] 发送(hex): 20
[2026/09/15 19:05:45] 发送(hex): 20
[2026/09/15 19:05:45] 发送(hex): 20
[2026/09/15 19:05:45] 发送(hex): 20
[2026/09/15 19:05:45] 发送(hex): 20
[2026/09/15 19:05:45] 发送(hex): 20
[2026/09/15 19:05:45] 发送(hex): 20
[2026/09/15 19:05:45] 发送(hex): 20
[2026/09/15 19:05:45] 发送(hex): 20
[2026/09/15 19:05:45] 发送(hex): 20
[2026/09/15 19:05:45] 发送(hex): 20
[2026/09/15 19:05:45] 发送(hex): 20
[2026/09/15 19:05:45] 发送(hex): 20
[2026/09/15 19:05:45] 发送(hex): 20
[2026/09/15 19:05:45] 发送(hex): 20
[2026/09/15 19:05:45] 发送(hex): 20
[2026/09/15 19:05:45] 发送(hex): 20
[2026/09/15 19:05:45] 发送(hex): 20
[2026/09/15 19:05:45] 发送(hex): 20
[2026/09/15 19:05:45] 发送(hex): 20
[2026/09/15 19:05:45] 发送(hex): 20
[2026/09/15 19:05:45] 发送(hex): 20
[2026/09/15 19:05:45] 发送(hex): 20
[2026/09/15 19:05:45] 发送(hex): 20
[2026/09/15 19:05:45] 发送(hex): 20
[2026/09/15 19:05:45] 发送(hex): 20
[2026/09/15 19:05:45] 发送(hex): 20
[2026/09/15 19:05:45] 发送(hex): 20
[2026/09/15 19:05:45] 发送(hex): 20
[2026/09/15 19:05:45] 发送(hex): 20
[2026/09/15 19:05:45] 发送(hex): 20
[2026/09/15 19:05:45] 发送(hex): 20
[2026/09/15 19:05:45] 发送(hex): 20
[2026/09/15 19:05:45] 发送(hex): 20
[2026/09/15 19:05:45] 发送(hex): 20
[2026/09/15 19:05:45] 发送(hex): 20
[2026/09/15 19:05:45] 发送(hex): 20
[2026/09/15 19:05:45] 发送(hex): 20
[2026/09/15 19:05:45] 发送(hex): 20
[2026/09/15 19:05:45] 发送(hex): 20
[2026/09/15 19:05:45] 发送(hex): 20
[2026/09/15 19:05:45] 发送(hex): 20
[2026/09/15 19:05:45] 发送(hex): 20
[2026/09/15 19:05:45] 发送(hex): 20
[2026/09/15 19:05:45] 发送(hex): 20
[2026/09/15 19:05:45] 发送(hex): 20
[2026/09/15 19:05:45] 发送(hex): 20
[2026/09/15 19:05:45] 发送(hex): 20
[2026/09/15 19:05:45] 发送(hex): 20
[2026/09/15 19:05:45] 发送(hex): 20
[2026/09/15 19:05:45] 发送(hex): 20
[2026/09/15 19:05:45] 发送(hex): 20
[2026/09/15 19:05:45] 发送(hex): 20
[2026/09/15 19:05:45] 发送(hex): 20
[2026/09/15 19:05:45] 发送(hex): 20
[2026/09/15 19:05:45] 发送(hex): 20
[2026/09/15 19:05:45] 发送(hex): 20
[2026/09/15 19:05:45] 发送(hex): 20
[2026/09/15 19:05:45] 发送(hex): 20
[2026/09/15 19:05:45] 发送(hex): 20
[2026/09/15 19:05:45] 发送(hex): 20
[2026/09/15 19:05:45] 发送(hex): 20
[2026/09/15 19:05:45] 发送(hex): 20
[2026/09/15 19:05:46] 发送(hex): 20
[2026/09/15 19:05:46] 发送(hex): 20
[2026/09/15 19:05:46] 发送(hex): 20
[2026/09/15 19:05:46] 发送(hex): 20
[2026/09/15 19:05:46] 发送(hex): 20
[2026/09/15 19:05:46] 发送(hex): 20
[2026/09/15 19:05:46] 发送(hex): 20
[2026/09/15 19:05:46] 发送(hex): 20
[2026/09/15 19:05:46] 发送(hex): 20
[2026/09/15 19:05:46] 发送(hex): 20
[2026/09/15 19:05:46] 发送(hex): 20
[2026/09/15 19:05:46] 发送(hex): 20
[2026/09/15 19:05:46] 发送(hex): 20
[2026/09/15 19:05:46] 发送(hex): 20
[2026/09/15 19:05:46] 发送(hex): 20
[2026/09/15 19:05:46] 发送(hex): 20
[2026/09/15 19:05:46] 发送(hex): 20
[2026/09/15 19:05:46] 发送(hex): 20
[2026/09/15 19:05:46] 发送(hex): 20
[2026/09/15 19:05:46] 发送(hex): 20
[2026/09/15 19:05:46] 发送(hex): 20
[2026/09/15 19:05:46] 发送(hex): 20
[2026/09/15 19:05:46] 发送(hex): 20
[2026/09/15 19:05:46] 发送(hex): 20
[2026/09/15 19:05:46] 发送(hex): 20
[2026/09/15 19:05:46] 发送(hex): 20
[2026/09/15 19:05:46] 发送(hex): 20
[2026/09/15 19:05:46] 发送(hex): 20
[2026/09/15 19:05:46] 发送(hex): 20
[2026/09/15 19:05:46] 发送(hex): 20
[2026/09/15 19:05:46] 发送(hex): 20
[2026/09/15 19:05:46] 发送(hex): 20
[2026/09/15 19:05:46] 发送(hex): 20
[2026/09/15 19:05:46] 发送(hex): 20
[2026/09/15 19:05:46] 发送(hex): 20
[2026/09/15 19:05:46] 发送(hex): 20
[2026/09/15 19:05:46] 发送(hex): 20
[2026/09/15 19:05:46] 发送(hex): 20
[2026/09/15 19:05:46] 发送(hex): 20
[2026/09/15 19:05:46] 发送(hex): 20
[2026/09/15 19:05:46] 发送(hex): 20
[2026/09/15 19:05:46] 发送(hex): 20
[2026/09/15 19:05:46] 发送(hex): 20
[2026/09/15 19:05:46] 发送(hex): 20
[2026/09/15 19:05:46] 发送(hex): 20
[2026/09/15 19:05:46] 发送(hex): 20
[2026/09/15 19:05:46] 发送(hex): 20
[2026/09/15 19:05:46] 发送(hex): 20
[2026/09/15 19:05:46] 发送(hex): 20
[2026/09/15 19:05:46] 发送(hex): 20
[2026/09/15 19:05:46] 发送(hex): 20
[2026/09/15 19:05:46] 发送(hex): 20
[2026/09/15 19:05:46] 发送(hex): 20
[2026/09/15 19:05:46] 发送(hex): 20
[2026/09/15 19:05:46] 发送(hex): 20
[2026/09/15 19:05:46] 发送(hex): 20
[2026/09/15 19:05:46] 发送(hex): 20
[2026/09/15 19:05:46] 发送(hex): 20
[2026/09/15 19:05:46] 发送(hex): 20
[2026/09/15 19:05:46] 发送(hex): 20
[2026/09/15 19:05:46] 发送(hex): 20
[2026/09/15 19:05:46] 发送(hex): 20
[2026/09/15 19:05:46] 发送(hex): 20
[2026/09/15 19:05:46] 发送(hex): 20
[2026/09/15 19:05:46] 发送(hex): 20
[2026/09/15 19:05:46] 发送(hex): 20
[2026/09/15 19:05:46] 发送(hex): 20
[2026/09/15 19:05:46] 发送(hex): 20
[2026/09/15 19:05:46] 发送(hex): 20
[2026/09/15 19:05:46] 发送(hex): 20
[2026/09/15 19:05:46] 发送(hex): 20
[2026/09/15 19:05:46] 发送(hex): 20
[2026/09/15 19:05:46] 发送(hex): 20
[2026/09/15 19:05:46] 发送(hex): 20
[2026/09/15 19:05:46] 发送(hex): 20
[2026/09/15 19:05:46] 发送(hex): 20
[2026/09/15 19:05:46] 发送(hex): 20
[2026/09/15 19:05:46] 发送(hex): 20
[2026/09/15 19:05:46] 发送(hex): 20
[2026/09/15 19:05:46] 发送(hex): 20
[2026/09/15 19:05:46] 发送(hex): 20
[2026/09/15 19:05:46] 发送(hex): 20
[2026/09/15 19:05:46] 发送(hex): 20
[2026/09/15 19:05:46] 发送(hex): 20
[2026/09/15 19:05:46] 发送(hex): 20
[2026/09/15 19:05:46] 发送(hex): 20
[2026/09/15 19:05:46] 发送(hex): 20
[2026/09/15 19:05:46] 发送(hex): 20
[2026/09/15 19:05:46] 发送(hex): 20
[2026/09/15 19:05:46] 发送(hex): 20
[2026/09/15 19:05:46] 发送(hex): 20
[2026/09/15 19:05:46] 发送(hex): 20
[2026/09/15 19:05:46] 发送(hex): 20
[2026/09/15 19:05:47] 发送(hex): 20
[2026/09/15 19:05:47] 发送(hex): 20
[2026/09/15 19:05:47] 发送(hex): 20
[2026/09/15 19:05:47] 发送(hex): 20
[2026/09/15 19:05:47] 发送(hex): 20
[2026/09/15 19:05:47] 发送(hex): 20
[2026/09/15 19:05:47] 发送(hex): 20
[2026/09/15 19:05:47] 发送(hex): 20
[2026/09/15 19:05:47] 发送(hex): 20
[2026/09/15 19:05:47] 发送(hex): 20
[2026/09/15 19:05:47] 发送(hex): 20
[2026/09/15 19:05:47] 发送(hex): 20
[2026/09/15 19:05:47] 发送(hex): 20
[2026/09/15 19:05:47] 发送(hex): 20
[2026/09/15 19:05:47] 发送(hex): 20
[2026/09/15 19:05:47] 发送(hex): 20
[2026/09/15 19:05:47] 发送(hex): 20
[2026/09/15 19:05:47] 发送(hex): 20
[2026/09/15 19:05:47] 发送(hex): 20
[2026/09/15 19:05:47] 发送(hex): 20
[2026/09/15 19:05:47] 发送(hex): 20
[2026/09/15 19:05:47] 发送(hex): 20
[2026/09/15 19:05:47] 发送(hex): 20
[2026/09/15 19:05:47] 发送(hex): 20
[2026/09/15 19:05:47] 发送(hex): 20
[2026/09/15 19:05:47] 发送(hex): 20
[2026/09/15 19:05:47] 发送(hex): 20
[2026/09/15 19:05:47] 发送(hex): 20
[2026/09/15 19:05:47] 发送(hex): 20
[2026/09/15 19:05:47] 发送(hex): 20
[2026/09/15 19:05:47] 发送(hex): 20
[2026/09/15 19:05:47] 发送(hex): 20
[2026/09/15 19:05:47] 发送(hex): 20
[2026/09/15 19:05:47] 发送(hex): 20
[2026/09/15 19:05:47] 发送(hex): 20
[2026/09/15 19:05:47] 发送(hex): 20
[2026/09/15 19:05:47] 发送(hex): 20
[2026/09/15 19:05:47] 发送(hex): 20
[2026/09/15 19:05:47] 发送(hex): 20
[2026/09/15 19:05:47] 发送(hex): 20
[2026/09/15 19:05:47] 发送(hex): 20
[2026/09/15 19:05:47] 发送(hex): 20
[2026/09/15 19:05:47] 发送(hex): 20
[2026/09/15 19:05:47] 发送(hex): 20
[2026/09/15 19:05:47] 发送(hex): 20
[2026/09/15 19:05:47] 发送(hex): 20
[2026/09/15 19:05:47] 发送(hex): 20
[2026/09/15 19:05:47] 发送(hex): 20
[2026/09/15 19:05:47] 发送(hex): 20
[2026/09/15 19:05:47] 发送(hex): 20
[2026/09/15 19:05:47] 发送(hex): 20
[2026/09/15 19:05:47] 发送(hex): 20
[2026/09/15 19:05:47] 发送(hex): 20
[2026/09/15 19:05:47] 发送(hex): 20
[2026/09/15 19:05:47] 发送(hex): 20
[2026/09/15 19:05:47] 发送(hex): 20
[2026/09/15 19:05:47] 发送(hex): 20
[2026/09/15 19:05:47] 发送(hex): 20
[2026/09/15 19:05:47] 发送(hex): 20
[2026/09/15 19:05:47] 发送(hex): 20
[2026/09/15 19:05:47] 发送(hex): 20
[2026/09/15 19:05:47] 发送(hex): 20
[2026/09/15 19:05:47] 发送(hex): 20
[2026/09/15 19:05:47] 发送(hex): 20
[2026/09/15 19:05:47] 发送(hex): 20
[2026/09/15 19:05:47] 发送(hex): 20
[2026/09/15 19:05:47] 发送(hex): 20
[2026/09/15 19:05:47] 发送(hex): 20
[2026/09/15 19:05:47] 发送(hex): 20
[2026/09/15 19:05:47] 发送(hex): 20
[2026/09/15 19:05:47] 发送(hex): 20
[2026/09/15 19:05:47] 发送(hex): 20
[2026/09/15 19:05:47] 发送(hex): 20
[2026/09/15 19:05:47] 发送(hex): 20
[2026/09/15 19:05:47] 发送(hex): 20
[2026/09/15 19:05:47] 发送(hex): 20
[2026/09/15 19:05:47] 发送(hex): 20
[2026/09/15 19:05:47] 发送(hex): 20
[2026/09/15 19:05:47] 发送(hex): 20
[2026/09/15 19:05:47] 发送(hex): 20
[2026/09/15 19:05:47] 发送(hex): 20
[2026/09/15 19:05:47] 发送(hex): 20
[2026/09/15 19:05:47] 发送(hex): 20
[2026/09/15 19:05:47] 发送(hex): 20
[2026/09/15 19:05:47] 发送(hex): 20
[2026/09/15 19:05:47] 发送(hex): 20
[2026/09/15 19:05:47] 发送(hex): 20
[2026/09/15 19:05:47] 发送(hex): 20
[2026/09/15 19:05:47] 发送(hex): 20
[2026/09/15 19:05:47] 发送(hex): 20
[2026/09/15 19:05:47] 发送(hex): 20
[2026/09/15 19:05:47] 发送(hex): 20
[2026/09/15 19:05:47] 发送(hex): 20
[2026/09/15 19:05:48] 发送(hex): 20
[2026/09/15 19:05:48] 发送(hex): 20
[2026/09/15 19:05:48] 发送(hex): 20
[2026/09/15 19:05:48] 发送(hex): 20
[2026/09/15 19:05:48] 发送(hex): 20
[2026/09/15 19:05:48] 发送(hex): 20
[2026/09/15 19:05:48] 发送(hex): 20
[2026/09/15 19:05:48] 发送(hex): 20
[2026/09/15 19:05:48] 发送(hex): 20
[2026/09/15 19:05:48] 发送(hex): 20
[2026/09/15 19:05:48] 发送(hex): 20
[2026/09/15 19:05:48] 发送(hex): 20
[2026/09/15 19:05:48] 发送(hex): 20
[2026/09/15 19:05:48] 发送(hex): 20
[2026/09/15 19:05:48] 发送(hex): 20
[2026/09/15 19:05:48] 发送(hex): 20
[2026/09/15 19:05:48] 发送(hex): 20
[2026/09/15 19:05:48] 发送(hex): 20
[2026/09/15 19:05:48] 发送(hex): 20
[2026/09/15 19:05:48] 发送(hex): 20
[2026/09/15 19:05:48] 发送(hex): 20
[2026/09/15 19:05:48] 发送(hex): 20
[2026/09/15 19:05:48] 发送(hex): 20
[2026/09/15 19:05:48] 发送(hex): 20
[2026/09/15 19:05:48] 发送(hex): 20
[2026/09/15 19:05:48] 发送(hex): 20
[2026/09/15 19:05:48] 发送(hex): 20
[2026/09/15 19:05:48] 发送(hex): 20
[2026/09/15 19:05:48] 发送(hex): 20
[2026/09/15 19:05:48] 发送(hex): 20
[2026/09/15 19:05:48] 发送(hex): 20
[2026/09/15 19:05:48] 发送(hex): 20
[2026/09/15 19:05:48] 发送(hex): 20
[2026/09/15 19:05:48] 发送(hex): 20
[2026/09/15 19:05:48] 发送(hex): 20
[2026/09/15 19:05:48] 发送(hex): 20
[2026/09/15 19:05:48] 发送(hex): 20
[2026/09/15 19:05:48] 发送(hex): 20
[2026/09/15 19:05:48] 发送(hex): 20
[2026/09/15 19:05:48] 发送(hex): 20
[2026/09/15 19:05:48] 发送(hex): 20
[2026/09/15 19:05:48] 发送(hex): 20
[2026/09/15 19:05:48] 发送(hex): 20
[2026/09/15 19:05:48] 发送(hex): 20
[2026/09/15 19:05:48] 发送(hex): 20
[2026/09/15 19:05:48] 发送(hex): 20
[2026/09/15 19:05:48] 发送(hex): 20
[2026/09/15 19:05:48] 发送(hex): 20
[2026/09/15 19:05:48] 发送(hex): 20
[2026/09/15 19:05:48] 发送(hex): 20
[2026/09/15 19:05:48] 发送(hex): 20
[2026/09/15 19:05:48] 发送(hex): 20
[2026/09/15 19:05:48] 发送(hex): 20
[2026/09/15 19:05:48] 发送(hex): 20
[2026/09/15 19:05:48] 发送(hex): 20
[2026/09/15 19:05:48] 发送(hex): 20
[2026/09/15 19:05:48] 发送(hex): 20
[2026/09/15 19:05:48] 发送(hex): 20
[2026/09/15 19:05:48] 发送(hex): 20
[2026/09/15 19:05:48] 发送(hex): 20
[2026/09/15 19:05:48] 发送(hex): 20
[2026/09/15 19:05:48] 发送(hex): 20
[2026/09/15 19:05:48] 发送(hex): 20
[2026/09/15 19:05:48] 发送(hex): 20
[2026/09/15 19:05:48] 发送(hex): 20
[2026/09/15 19:05:48] 发送(hex): 20
[2026/09/15 19:05:48] 发送(hex): 20
[2026/09/15 19:05:48] 发送(hex): 20
[2026/09/15 19:05:48] 发送(hex): 20
[2026/09/15 19:05:48] 发送(hex): 20
[2026/09/15 19:05:48] 发送(hex): 20
[2026/09/15 19:05:48] 发送(hex): 20
[2026/09/15 19:05:48] 发送(hex): 20
[2026/09/15 19:05:48] 发送(hex): 20
[2026/09/15 19:05:48] 发送(hex): 20
[2026/09/15 19:05:48] 发送(hex): 20
[2026/09/15 19:05:48] 发送(hex): 20
[2026/09/15 19:05:48] 发送(hex): 20
[2026/09/15 19:05:48] 发送(hex): 20
[2026/09/15 19:05:48] 发送(hex): 20
[2026/09/15 19:05:48] 发送(hex): 20
[2026/09/15 19:05:48] 发送(hex): 20
[2026/09/15 19:05:48] 发送(hex): 20
[2026/09/15 19:05:48] 发送(hex): 20
[2026/09/15 19:05:48] 发送(hex): 20
[2026/09/15 19:05:48] 发送(hex): 20
[2026/09/15 19:05:48] 发送(hex): 20
[2026/09/15 19:05:48] 发送(hex): 20
[2026/09/15 19:05:48] 发送(hex): 20
[2026/09/15 19:05:48] 发送(hex): 20
[2026/09/15 19:05:48] 发送(hex): 20
[2026/09/15 19:05:48] 发送(hex): 20
[2026/09/15 19:05:48] 发送(hex): 20
[2026/09/15 19:05:48] 发送(hex): 20
[2026/09/15 19:05:49] 发送(hex): 20
[2026/09/15 19:05:49] 发送(hex): 20
[2026/09/15 19:05:49] 发送(hex): 20
[2026/09/15 19:05:49] 发送(hex): 20
[2026/09/15 19:05:49] 发送(hex): 20
[2026/09/15 19:05:49] 发送(hex): 20
[2026/09/15 19:05:49] 发送(hex): 20
[2026/09/15 19:05:49] 发送(hex): 20
[2026/09/15 19:05:49] 发送(hex): 20
[2026/09/15 19:05:49] 发送(hex): 20
[2026/09/15 19:05:49] 发送(hex): 20
[2026/09/15 19:05:49] 发送(hex): 20
[2026/09/15 19:05:49] 发送(hex): 20
[2026/09/15 19:05:49] 发送(hex): 20
[2026/09/15 19:05:49] 发送(hex): 20
[2026/09/15 19:05:49] 发送(hex): 20
[2026/09/15 19:05:49] 发送(hex): 20
[2026/09/15 19:05:49] 发送(hex): 20
[2026/09/15 19:05:49] 发送(hex): 20
[2026/09/15 19:05:49] 发送(hex): 20
[2026/09/15 19:05:49] 发送(hex): 20
[2026/09/15 19:05:49] 发送(hex): 20
[2026/09/15 19:05:49] 发送(hex): 20
[2026/09/15 19:05:49] 发送(hex): 20
[2026/09/15 19:05:49] 发送(hex): 20
[2026/09/15 19:05:49] 发送(hex): 20
[2026/09/15 19:05:49] 发送(hex): 20
[2026/09/15 19:05:49] 发送(hex): 20
[2026/09/15 19:05:49] 发送(hex): 20
[2026/09/15 19:05:49] 发送(hex): 20
[2026/09/15 19:05:49] 发送(hex): 20
[2026/09/15 19:05:49] 发送(hex): 20
[2026/09/15 19:05:49] 发送(hex): 20
[2026/09/15 19:05:49] 发送(hex): 20
[2026/09/15 19:05:49] 发送(hex): 20
[2026/09/15 19:05:49] 发送(hex): 20
[2026/09/15 19:05:49] 发送(hex): 20
[2026/09/15 19:05:49] 发送(hex): 20
[2026/09/15 19:05:49] 发送(hex): 20
[2026/09/15 19:05:49] 发送(hex): 20
[2026/09/15 19:05:49] 发送(hex): 20
[2026/09/15 19:05:49] 发送(hex): 20
[2026/09/15 19:05:49] 发送(hex): 20
[2026/09/15 19:05:49] 发送(hex): 20
[2026/09/15 19:05:49] 发送(hex): 20
[2026/09/15 19:05:49] 发送(hex): 20
[2026/09/15 19:05:49] 发送(hex): 20
[2026/09/15 19:05:49] 发送(hex): 20
[2026/09/15 19:05:49] 发送(hex): 20
[2026/09/15 19:05:49] 发送(hex): 20
[2026/09/15 19:05:49] 发送(hex): 20
[2026/09/15 19:05:49] 发送(hex): 20
[2026/09/15 19:05:49] 发送(hex): 20
[2026/09/15 19:05:49] 发送(hex): 20
[2026/09/15 19:05:49] 发送(hex): 20
[2026/09/15 19:05:49] 发送(hex): 20
[2026/09/15 19:05:49] 发送(hex): 20
[2026/09/15 19:05:49] 发送(hex): 20
[2026/09/15 19:05:49] 发送(hex): 20
[2026/09/15 19:05:49] 发送(hex): 20
[2026/09/15 19:05:49] 发送(hex): 20
[2026/09/15 19:05:49] 发送(hex): 20
[2026/09/15 19:05:49] 发送(hex): 20
[2026/09/15 19:05:49] 发送(hex): 20
[2026/09/15 19:05:49] 发送(hex): 20
[2026/09/15 19:05:49] 发送(hex): 20
[2026/09/15 19:05:49] 发送(hex): 20
[2026/09/15 19:05:49] 发送(hex): 20
[2026/09/15 19:05:49] 发送(hex): 20
[2026/09/15 19:05:49] 发送(hex): 20
[2026/09/15 19:05:49] 发送(hex): 20
[2026/09/15 19:05:49] 发送(hex): 20
[2026/09/15 19:05:49] 发送(hex): 20
[2026/09/15 19:05:49] 发送(hex): 20
[2026/09/15 19:05:49] 发送(hex): 20
[2026/09/15 19:05:49] 发送(hex): 20
[2026/09/15 19:05:49] 发送(hex): 20
[2026/09/15 19:05:49] 发送(hex): 20
[2026/09/15 19:05:49] 发送(hex): 20
[2026/09/15 19:05:49] 发送(hex): 20
[2026/09/15 19:05:49] 发送(hex): 20
[2026/09/15 19:05:49] 发送(hex): 20
[2026/09/15 19:05:49] 发送(hex): 20
[2026/09/15 19:05:49] 发送(hex): 20
[2026/09/15 19:05:49] 发送(hex): 20
[2026/09/15 19:05:49] 发送(hex): 20
[2026/09/15 19:05:49] 发送(hex): 20
[2026/09/15 19:05:49] 发送(hex): 20
[2026/09/15 19:05:49] 发送(hex): 20
[2026/09/15 19:05:49] 发送(hex): 20
[2026/09/15 19:05:49] 发送(hex): 20
[2026/09/15 19:05:49] 发送(hex): 20
[2026/09/15 19:05:49] 发送(hex): 20
[2026/09/15 19:05:50] 发送(hex): 20
[2026/09/15 19:05:50] 发送(hex): 20
[2026/09/15 19:05:50] 发送(hex): 20
[2026/09/15 19:05:50] 发送(hex): 20
[2026/09/15 19:05:50] 发送(hex): 20
[2026/09/15 19:05:50] 发送(hex): 20
[2026/09/15 19:05:50] 发送(hex): 20
[2026/09/15 19:05:50] 发送(hex): 20
[2026/09/15 19:05:50] 发送(hex): 20
[2026/09/15 19:05:50] 发送(hex): 20
[2026/09/15 19:05:50] 发送(hex): 20
[2026/09/15 19:05:50] 发送(hex): 20
[2026/09/15 19:05:50] 发送(hex): 20
[2026/09/15 19:05:50] 发送(hex): 20
[2026/09/15 19:05:50] 发送(hex): 20
[2026/09/15 19:05:50] 发送(hex): 20
[2026/09/15 19:05:50] 发送(hex): 20
[2026/09/15 19:05:50] 发送(hex): 20
[2026/09/15 19:05:50] 发送(hex): 20
[2026/09/15 19:05:50] 发送(hex): 20
[2026/09/15 19:05:50] 发送(hex): 20
[2026/09/15 19:05:50] 发送(hex): 20
[2026/09/15 19:05:50] 发送(hex): 20
[2026/09/15 19:05:50] 发送(hex): 20
[2026/09/15 19:05:50] 发送(hex): 20
[2026/09/15 19:05:50] 发送(hex): 20
[2026/09/15 19:05:50] 发送(hex): 20
[2026/09/15 19:05:50] 发送(hex): 20
[2026/09/15 19:05:50] 发送(hex): 20
[2026/09/15 19:05:50] 发送(hex): 20
[2026/09/15 19:05:50] 发送(hex): 20
[2026/09/15 19:05:50] 发送(hex): 20
[2026/09/15 19:05:50] 发送(hex): 20
[2026/09/15 19:05:50] 发送(hex): 20
[2026/09/15 19:05:50] 发送(hex): 20
[2026/09/15 19:05:50] 发送(hex): 20
[2026/09/15 19:05:50] 发送(hex): 20
[2026/09/15 19:05:50] 发送(hex): 20
[2026/09/15 19:05:50] 发送(hex): 20
[2026/09/15 19:05:50] 发送(hex): 20
[2026/09/15 19:05:50] 发送(hex): 20
[2026/09/15 19:05:50] 发送(hex): 20
[2026/09/15 19:05:50] 发送(hex): 20
[2026/09/15 19:05:50] 发送(hex): 20
[2026/09/15 19:05:50] 发送(hex): 20
[2026/09/15 19:05:50] 发送(hex): 20
[2026/09/15 19:05:50] 发送(hex): 20
[2026/09/15 19:05:50] 发送(hex): 20
[2026/09/15 19:05:50] 发送(hex): 20
[2026/09/15 19:05:50] 发送(hex): 20
[2026/09/15 19:05:50] 发送(hex): 20
[2026/09/15 19:05:50] 发送(hex): 20
[2026/09/15 19:05:50] 发送(hex): 20
[2026/09/15 19:05:50] 发送(hex): 20
[2026/09/15 19:05:50] 发送(hex): 20
[2026/09/15 19:05:50] 发送(hex): 20
[2026/09/15 19:05:50] 发送(hex): 20
[2026/09/15 19:05:50] 发送(hex): 20
[2026/09/15 19:05:50] 发送(hex): 20
[2026/09/15 19:05:50] 发送(hex): 20
[2026/09/15 19:05:50] 发送(hex): 20
[2026/09/15 19:05:50] 发送(hex): 20
[2026/09/15 19:05:50] 发送(hex): 20
[2026/09/15 19:05:50] 发送(hex): 20
[2026/09/15 19:05:50] 发送(hex): 20
[2026/09/15 19:05:50] 发送(hex): 20
[2026/09/15 19:05:50] 发送(hex): 20
[2026/09/15 19:05:50] 发送(hex): 20
[2026/09/15 19:05:50] 发送(hex): 20
[2026/09/15 19:05:50] 发送(hex): 20
[2026/09/15 19:05:50] 发送(hex): 20
[2026/09/15 19:05:50] 发送(hex): 20
[2026/09/15 19:05:50] 发送(hex): 20
[2026/09/15 19:05:50] 发送(hex): 20
[2026/09/15 19:05:50] 发送(hex): 20
[2026/09/15 19:05:50] 发送(hex): 20
[2026/09/15 19:05:50] 发送(hex): 20
[2026/09/15 19:05:50] 发送(hex): 20
[2026/09/15 19:05:50] 发送(hex): 20
[2026/09/15 19:05:50] 发送(hex): 20
[2026/09/15 19:05:50] 发送(hex): 20
[2026/09/15 19:05:50] 发送(hex): 20
[2026/09/15 19:05:50] 发送(hex): 20
[2026/09/15 19:05:50] 发送(hex): 20
[2026/09/15 19:05:50] 发送(hex): 20
[2026/09/15 19:05:50] 发送(hex): 20
[2026/09/15 19:05:50] 发送(hex): 20
[2026/09/15 19:05:50] 发送(hex): 20
[2026/09/15 19:05:50] 发送(hex): 20
[2026/09/15 19:05:50] 发送(hex): 20
[2026/09/15 19:05:50] 发送(hex): 20
[2026/09/15 19:05:50] 发送(hex): 20
[2026/09/15 19:05:50] 发送(hex): 20
[2026/09/15 19:05:51] 发送(hex): 20
[2026/09/15 19:05:51] 发送(hex): 20
[2026/09/15 19:05:51] 发送(hex): 20
[2026/09/15 19:05:51] 发送(hex): 20
[2026/09/15 19:05:51] 发送(hex): 20
[2026/09/15 19:05:51] 发送(hex): 20
[2026/09/15 19:05:51] 发送(hex): 20
[2026/09/15 19:05:51] 发送(hex): 20
[2026/09/15 19:05:51] 发送(hex): 20
[2026/09/15 19:05:51] 发送(hex): 20
[2026/09/15 19:05:51] 发送(hex): 20
[2026/09/15 19:05:51] 发送(hex): 20
[2026/09/15 19:05:51] 发送(hex): 20
[2026/09/15 19:05:51] 发送(hex): 20
[2026/09/15 19:05:51] 发送(hex): 20
[2026/09/15 19:05:51] 发送(hex): 20
[2026/09/15 19:05:51] 发送(hex): 20
[2026/09/15 19:05:51] 发送(hex): 20
[2026/09/15 19:05:51] 发送(hex): 20
[2026/09/15 19:05:51] 发送(hex): 20
[2026/09/15 19:05:51] 发送(hex): 20
[2026/09/15 19:05:51] 发送(hex): 20
[2026/09/15 19:05:51] 发送(hex): 20
[2026/09/15 19:05:51] 发送(hex): 20
[2026/09/15 19:05:51] 发送(hex): 20
[2026/09/15 19:05:51] 发送(hex): 20
[2026/09/15 19:05:51] 发送(hex): 20
[2026/09/15 19:05:51] 发送(hex): 20
[2026/09/15 19:05:51] 发送(hex): 20
[2026/09/15 19:05:51] 发送(hex): 20
[2026/09/15 19:05:51] 发送(hex): 20
[2026/09/15 19:05:51] 发送(hex): 20
[2026/09/15 19:05:51] 发送(hex): 20
[2026/09/15 19:05:51] 发送(hex): 20
[2026/09/15 19:05:51] 发送(hex): 20
[2026/09/15 19:05:51] 发送(hex): 20
[2026/09/15 19:05:51] 发送(hex): 20
[2026/09/15 19:05:51] 发送(hex): 20
[2026/09/15 19:05:51] 发送(hex): 20
[2026/09/15 19:05:51] 发送(hex): 20
[2026/09/15 19:05:51] 发送(hex): 20
[2026/09/15 19:05:51] 发送(hex): 20
[2026/09/15 19:05:51] 发送(hex): 20
[2026/09/15 19:05:51] 发送(hex): 20
[2026/09/15 19:05:51] 发送(hex): 20
[2026/09/15 19:05:51] 发送(hex): 20
[2026/09/15 19:05:51] 发送(hex): 20
[2026/09/15 19:05:51] 发送(hex): 20
[2026/09/15 19:05:51] 发送(hex): 20
[2026/09/15 19:05:51] 发送(hex): 20
[2026/09/15 19:05:51] 发送(hex): 20
[2026/09/15 19:05:51] 发送(hex): 20
[2026/09/15 19:05:51] 发送(hex): 20
[2026/09/15 19:05:51] 发送(hex): 20
[2026/09/15 19:05:51] 发送(hex): 20
[2026/09/15 19:05:51] 发送(hex): 20
[2026/09/15 19:05:51] 发送(hex): 20
[2026/09/15 19:05:51] 发送(hex): 20
[2026/09/15 19:05:51] 发送(hex): 20
[2026/09/15 19:05:51] 发送(hex): 20
[2026/09/15 19:05:51] 发送(hex): 20
[2026/09/15 19:05:51] 发送(hex): 20
[2026/09/15 19:05:51] 发送(hex): 20
[2026/09/15 19:05:51] 发送(hex): 20
[2026/09/15 19:05:51] 发送(hex): 20
[2026/09/15 19:05:51] 发送(hex): 20
[2026/09/15 19:05:51] 发送(hex): 20
[2026/09/15 19:05:51] 发送(hex): 20
[2026/09/15 19:05:51] 发送(hex): 20
[2026/09/15 19:05:51] 发送(hex): 20
[2026/09/15 19:05:51] 发送(hex): 20
[2026/09/15 19:05:51] 发送(hex): 20
[2026/09/15 19:05:51] 发送(hex): 20
[2026/09/15 19:05:51] 发送(hex): 20
[2026/09/15 19:05:51] 发送(hex): 20
[2026/09/15 19:05:51] 发送(hex): 20
[2026/09/15 19:05:51] 发送(hex): 20
[2026/09/15 19:05:51] 发送(hex): 20
[2026/09/15 19:05:51] 发送(hex): 20
[2026/09/15 19:05:51] 发送(hex): 20
[2026/09/15 19:05:51] 发送(hex): 20
[2026/09/15 19:05:51] 发送(hex): 20
[2026/09/15 19:05:51] 发送(hex): 20
[2026/09/15 19:05:51] 发送(hex): 20
[2026/09/15 19:05:51] 发送(hex): 20
[2026/09/15 19:05:51] 发送(hex): 20
[2026/09/15 19:05:51] 发送(hex): 20
[2026/09/15 19:05:51] 发送(hex): 20
[2026/09/15 19:05:51] 发送(hex): 20
[2026/09/15 19:05:51] 发送(hex): 20
[2026/09/15 19:05:51] 发送(hex): 20
[2026/09/15 19:05:51] 发送(hex): 20
[2026/09/15 19:05:51] 发送(hex): 20
[2026/09/15 19:05:52] 发送(hex): 20
[2026/09/15 19:05:52] 发送(hex): 20
[2026/09/15 19:05:52] 发送(hex): 20
[2026/09/15 19:05:52] 发送(hex): 20
[2026/09/15 19:05:52] 发送(hex): 20
[2026/09/15 19:05:52] 发送(hex): 20
[2026/09/15 19:05:52] 发送(hex): 20
[2026/09/15 19:05:52] 发送(hex): 20
[2026/09/15 19:05:52] 发送(hex): 20
[2026/09/15 19:05:52] 发送(hex): 20
[2026/09/15 19:05:52] 发送(hex): 20
[2026/09/15 19:05:52] 发送(hex): 20
[2026/09/15 19:05:52] 发送(hex): 20
[2026/09/15 19:05:52] 发送(hex): 20
[2026/09/15 19:05:52] 发送(hex): 20
[2026/09/15 19:05:52] 发送(hex): 20
[2026/09/15 19:05:52] 发送(hex): 20
[2026/09/15 19:05:52] 发送(hex): 20
[2026/09/15 19:05:52] 发送(hex): 20
[2026/09/15 19:05:52] 发送(hex): 20
[2026/09/15 19:05:52] 发送(hex): 20
[2026/09/15 19:05:52] 发送(hex): 20
[2026/09/15 19:05:52] 发送(hex): 20
[2026/09/15 19:05:52] 发送(hex): 20
[2026/09/15 19:05:52] 发送(hex): 20
[2026/09/15 19:05:52] 发送(hex): 20
[2026/09/15 19:05:52] 发送(hex): 20
[2026/09/15 19:05:52] 发送(hex): 20
[2026/09/15 19:05:52] 发送(hex): 20
[2026/09/15 19:05:52] 发送(hex): 20
[2026/09/15 19:05:52] 发送(hex): 20
[2026/09/15 19:05:52] 发送(hex): 20
[2026/09/15 19:05:52] 发送(hex): 20
[2026/09/15 19:05:52] 发送(hex): 20
[2026/09/15 19:05:52] 发送(hex): 20
[2026/09/15 19:05:52] 发送(hex): 20
[2026/09/15 19:05:52] 发送(hex): 20
[2026/09/15 19:05:52] 发送(hex): 20
[2026/09/15 19:05:52] 发送(hex): 20
[2026/09/15 19:05:52] 发送(hex): 20
[2026/09/15 19:05:52] 发送(hex): 20
[2026/09/15 19:05:52] 发送(hex): 20
[2026/09/15 19:05:52] 发送(hex): 20
[2026/09/15 19:05:52] 发送(hex): 20
[2026/09/15 19:05:52] 发送(hex): 20
[2026/09/15 19:05:52] 发送(hex): 20
[2026/09/15 19:05:52] 发送(hex): 20
[2026/09/15 19:05:52] 发送(hex): 20
[2026/09/15 19:05:52] 发送(hex): 20
[2026/09/15 19:05:52] 发送(hex): 20
[2026/09/15 19:05:52] 发送(hex): 20
[2026/09/15 19:05:52] 发送(hex): 20
[2026/09/15 19:05:52] 发送(hex): 20
[2026/09/15 19:05:52] 发送(hex): 20
[2026/09/15 19:05:52] 发送(hex): 20
[2026/09/15 19:05:52] 发送(hex): 20
[2026/09/15 19:05:52] 发送(hex): 20
[2026/09/15 19:05:52] 发送(hex): 20
[2026/09/15 19:05:52] 发送(hex): 20
[2026/09/15 19:05:52] 发送(hex): 20
[2026/09/15 19:05:52] 发送(hex): 20
[2026/09/15 19:05:52] 发送(hex): 20
[2026/09/15 19:05:52] 发送(hex): 20
[2026/09/15 19:05:52] 发送(hex): 20
[2026/09/15 19:05:52] 发送(hex): 20
[2026/09/15 19:05:52] 发送(hex): 20
[2026/09/15 19:05:52] 发送(hex): 20
[2026/09/15 19:05:52] 发送(hex): 20
[2026/09/15 19:05:52] 发送(hex): 20
[2026/09/15 19:05:52] 发送(hex): 20
[2026/09/15 19:05:52] 发送(hex): 20
[2026/09/15 19:05:52] 发送(hex): 20
[2026/09/15 19:05:52] 发送(hex): 20
[2026/09/15 19:05:52] 发送(hex): 20
[2026/09/15 19:05:52] 发送(hex): 20
[2026/09/15 19:05:52] 发送(hex): 20
[2026/09/15 19:05:52] 发送(hex): 20
[2026/09/15 19:05:52] 发送(hex): 20
[2026/09/15 19:05:52] 发送(hex): 20
[2026/09/15 19:05:52] 发送(hex): 20
[2026/09/15 19:05:52] 发送(hex): 20
[2026/09/15 19:05:52] 发送(hex): 20
[2026/09/15 19:05:52] 发送(hex): 20
[2026/09/15 19:05:52] 发送(hex): 20
[2026/09/15 19:05:52] 发送(hex): 20
[2026/09/15 19:05:52] 发送(hex): 20
[2026/09/15 19:05:52] 发送(hex): 20
[2026/09/15 19:05:52] 发送(hex): 20
[2026/09/15 19:05:52] 发送(hex): 20
[2026/09/15 19:05:52] 发送(hex): 20
[2026/09/15 19:05:52] 发送(hex): 20
[2026/09/15 19:05:52] 发送(hex): 20
[2026/09/15 19:05:52] 发送(hex): 20
[2026/09/15 19:05:52] 发送(hex): 20
[2026/09/15 19:05:53] 发送(hex): 20
[2026/09/15 19:05:53] 发送(hex): 20
[2026/09/15 19:05:53] 发送(hex): 20
[2026/09/15 19:05:53] 发送(hex): 20
[2026/09/15 19:05:53] 发送(hex): 20
[2026/09/15 19:05:53] 发送(hex): 20
[2026/09/15 19:05:53] 发送(hex): 20
[2026/09/15 19:05:53] 发送(hex): 20
[2026/09/15 19:05:53] 发送(hex): 20
[2026/09/15 19:05:53] 发送(hex): 20
[2026/09/15 19:05:53] 发送(hex): 20
[2026/09/15 19:05:53] 发送(hex): 20
[2026/09/15 19:05:53] 发送(hex): 20
[2026/09/15 19:05:53] 发送(hex): 20
[2026/09/15 19:05:53] 发送(hex): 20
[2026/09/15 19:05:53] 发送(hex): 20
[2026/09/15 19:05:53] 发送(hex): 20
[2026/09/15 19:05:53] 发送(hex): 20
[2026/09/15 19:05:53] 发送(hex): 20
[2026/09/15 19:05:53] 发送(hex): 20
[2026/09/15 19:05:53] 发送(hex): 20
[2026/09/15 19:05:53] 发送(hex): 20
[2026/09/15 19:05:53] 发送(hex): 20
[2026/09/15 19:05:53] 发送(hex): 20
[2026/09/15 19:05:53] 发送(hex): 20
[2026/09/15 19:05:53] 发送(hex): 20
[2026/09/15 19:05:53] 发送(hex): 20
[2026/09/15 19:05:53] 发送(hex): 20
[2026/09/15 19:05:53] 发送(hex): 20
[2026/09/15 19:05:53] 发送(hex): 20
[2026/09/15 19:05:53] 发送(hex): 20
[2026/09/15 19:05:53] 发送(hex): 20
[2026/09/15 19:05:53] 发送(hex): 20
[2026/09/15 19:05:53] 发送(hex): 20
[2026/09/15 19:05:53] 发送(hex): 20
[2026/09/15 19:05:53] 发送(hex): 20
[2026/09/15 19:05:53] 发送(hex): 20
[2026/09/15 19:05:53] 发送(hex): 20
[2026/09/15 19:05:53] 发送(hex): 20
[2026/09/15 19:05:53] 发送(hex): 20
[2026/09/15 19:05:53] 发送(hex): 20
[2026/09/15 19:05:53] 发送(hex): 20
[2026/09/15 19:05:53] 发送(hex): 20
[2026/09/15 19:05:53] 发送(hex): 20
[2026/09/15 19:05:53] 发送(hex): 20
[2026/09/15 19:05:53] 发送(hex): 20
[2026/09/15 19:05:53] 发送(hex): 20
[2026/09/15 19:05:53] 发送(hex): 20
[2026/09/15 19:05:53] 发送(hex): 20
[2026/09/15 19:05:53] 发送(hex): 20
[2026/09/15 19:05:53] 发送(hex): 20
[2026/09/15 19:05:53] 发送(hex): 20
[2026/09/15 19:05:53] 发送(hex): 20
[2026/09/15 19:05:53] 发送(hex): 20
[2026/09/15 19:05:53] 发送(hex): 20
[2026/09/15 19:05:53] 发送(hex): 20
[2026/09/15 19:05:53] 发送(hex): 20
[2026/09/15 19:05:53] 发送(hex): 20
[2026/09/15 19:05:53] 发送(hex): 20
[2026/09/15 19:05:53] 发送(hex): 20
[2026/09/15 19:05:53] 发送(hex): 20
[2026/09/15 19:05:53] 发送(hex): 20
[2026/09/15 19:05:53] 发送(hex): 20
[2026/09/15 19:05:53] 发送(hex): 20
[2026/09/15 19:05:53] 发送(hex): 20
[2026/09/15 19:05:53] 发送(hex): 20
[2026/09/15 19:05:53] 发送(hex): 20
[2026/09/15 19:05:53] 发送(hex): 20
[2026/09/15 19:05:53] 发送(hex): 20
[2026/09/15 19:05:53] 发送(hex): 20
[2026/09/15 19:05:53] 发送(hex): 20
[2026/09/15 19:05:53] 发送(hex): 20
[2026/09/15 19:05:53] 发送(hex): 20
[2026/09/15 19:05:53] 发送(hex): 20
[2026/09/15 19:05:53] 发送(hex): 20
[2026/09/15 19:05:53] 发送(hex): 20
[2026/09/15 19:05:53] 发送(hex): 20
[2026/09/15 19:05:53] 发送(hex): 20
[2026/09/15 19:05:53] 发送(hex): 20
[2026/09/15 19:05:53] 发送(hex): 20
[2026/09/15 19:05:53] 发送(hex): 20
[2026/09/15 19:05:53] 发送(hex): 20
[2026/09/15 19:05:53] 发送(hex): 20
[2026/09/15 19:05:53] 发送(hex): 20
[2026/09/15 19:05:53] 发送(hex): 20
[2026/09/15 19:05:53] 发送(hex): 20
[2026/09/15 19:05:53] 发送(hex): 20
[2026/09/15 19:05:53] 发送(hex): 20
[2026/09/15 19:05:53] 发送(hex): 20
[2026/09/15 19:05:53] 发送(hex): 20
[2026/09/15 19:05:53] 发送(hex): 20
[2026/09/15 19:05:53] 发送(hex): 20
[2026/09/15 19:05:53] 发送(hex): 20
[2026/09/15 19:05:54] 发送(hex): 20
[2026/09/15 19:05:54] 发送(hex): 20
[2026/09/15 19:05:54] 发送(hex): 20
[2026/09/15 19:05:54] 发送(hex): 20
[2026/09/15 19:05:54] 发送(hex): 20
[2026/09/15 19:05:54] 发送(hex): 20
[2026/09/15 19:05:54] 发送(hex): 20
[2026/09/15 19:05:54] 发送(hex): 20
[2026/09/15 19:05:54] 发送(hex): 20
[2026/09/15 19:05:54] 发送(hex): 20
[2026/09/15 19:05:54] 发送(hex): 20
[2026/09/15 19:05:54] 发送(hex): 20
[2026/09/15 19:05:54] 发送(hex): 20
[2026/09/15 19:05:54] 发送(hex): 20
[2026/09/15 19:05:54] 发送(hex): 20
[2026/09/15 19:05:54] 发送(hex): 20
[2026/09/15 19:05:54] 发送(hex): 20
[2026/09/15 19:05:54] 发送(hex): 20
[2026/09/15 19:05:54] 发送(hex): 20
[2026/09/15 19:05:54] 发送(hex): 20
[2026/09/15 19:05:54] 发送(hex): 20
[2026/09/15 19:05:54] 发送(hex): 20
[2026/09/15 19:05:54] 发送(hex): 20
[2026/09/15 19:05:54] 发送(hex): 20
[2026/09/15 19:05:54] 发送(hex): 20
[2026/09/15 19:05:54] 发送(hex): 20
[2026/09/15 19:05:54] 发送(hex): 20
[2026/09/15 19:05:54] 发送(hex): 20
[2026/09/15 19:05:54] 发送(hex): 20
[2026/09/15 19:05:54] 发送(hex): 20
[2026/09/15 19:05:54] 发送(hex): 20
[2026/09/15 19:05:54] 发送(hex): 20
[2026/09/15 19:05:54] 发送(hex): 20
[2026/09/15 19:05:54] 发送(hex): 20
[2026/09/15 19:05:54] 发送(hex): 20
[2026/09/15 19:05:54] 发送(hex): 20
[2026/09/15 19:05:54] 发送(hex): 20
[2026/09/15 19:05:54] 发送(hex): 20
[2026/09/15 19:05:54] 发送(hex): 20
[2026/09/15 19:05:54] 发送(hex): 20
[2026/09/15 19:05:54] 发送(hex): 20
[2026/09/15 19:05:54] 发送(hex): 20
[2026/09/15 19:05:54] 发送(hex): 20
[2026/09/15 19:05:54] 发送(hex): 20
[2026/09/15 19:05:54] 发送(hex): 20
[2026/09/15 19:05:54] 发送(hex): 20
[2026/09/15 19:05:54] 发送(hex): 20
[2026/09/15 19:05:54] 发送(hex): 20
[2026/09/15 19:05:54] 发送(hex): 20
[2026/09/15 19:05:54] 发送(hex): 20
[2026/09/15 19:05:54] 发送(hex): 20
[2026/09/15 19:05:54] 发送(hex): 20
[2026/09/15 19:05:54] 发送(hex): 20
[2026/09/15 19:05:54] 发送(hex): 20
[2026/09/15 19:05:54] 发送(hex): 20
[2026/09/15 19:05:54] 发送(hex): 20
[2026/09/15 19:05:54] 发送(hex): 20
[2026/09/15 19:05:54] 发送(hex): 20
[2026/09/15 19:05:54] 发送(hex): 20
[2026/09/15 19:05:54] 发送(hex): 20
[2026/09/15 19:05:54] 发送(hex): 20
[2026/09/15 19:05:54] 发送(hex): 20
[2026/09/15 19:05:54] 发送(hex): 20
[2026/09/15 19:05:54] 发送(hex): 20
[2026/09/15 19:05:54] 发送(hex): 20
[2026/09/15 19:05:54] 发送(hex): 20
[2026/09/15 19:05:54] 发送(hex): 20
[2026/09/15 19:05:54] 发送(hex): 20
[2026/09/15 19:05:54] 发送(hex): 20
[2026/09/15 19:05:54] 发送(hex): 20
[2026/09/15 19:05:54] 发送(hex): 20
[2026/09/15 19:05:54] 发送(hex): 20
[2026/09/15 19:05:54] 发送(hex): 20
[2026/09/15 19:05:54] 发送(hex): 20
[2026/09/15 19:05:54] 发送(hex): 20
[2026/09/15 19:05:54] 发送(hex): 20
[2026/09/15 19:05:54] 发送(hex): 20
[2026/09/15 19:05:54] 发送(hex): 20
[2026/09/15 19:05:54] 发送(hex): 20
[2026/09/15 19:05:54] 发送(hex): 20
[2026/09/15 19:05:54] 发送(hex): 20
[2026/09/15 19:05:54] 发送(hex): 20
[2026/09/15 19:05:54] 发送(hex): 20
[2026/09/15 19:05:54] 发送(hex): 20
[2026/09/15 19:05:54] 发送(hex): 20
[2026/09/15 19:05:54] 发送(hex): 20
[2026/09/15 19:05:54] 发送(hex): 20
[2026/09/15 19:05:54] 发送(hex): 20
[2026/09/15 19:05:54] 发送(hex): 20
[2026/09/15 19:05:54] 发送(hex): 20
[2026/09/15 19:05:54] 发送(hex): 20
[2026/09/15 19:05:54] 发送(hex): 20
[2026/09/15 19:05:54] 发送(hex): 20
[2026/09/15 19:05:55] 发送(hex): 20
[2026/09/15 19:05:55] 发送(hex): 20
[2026/09/15 19:05:55] 发送(hex): 20
[2026/09/15 19:05:55] 发送(hex): 20
[2026/09/15 19:05:55] 发送(hex): 20
[2026/09/15 19:05:55] 发送(hex): 20
[2026/09/15 19:05:55] 发送(hex): 20
[2026/09/15 19:05:55] 发送(hex): 20
[2026/09/15 19:05:55] 发送(hex): 20
[2026/09/15 19:05:55] 发送(hex): 20
[2026/09/15 19:05:55] 发送(hex): 20
[2026/09/15 19:05:55] 发送(hex): 20
[2026/09/15 19:05:55] 发送(hex): 20
[2026/09/15 19:05:55] 发送(hex): 20
[2026/09/15 19:05:55] 发送(hex): 20
[2026/09/15 19:05:55] 发送(hex): 20
[2026/09/15 19:05:55] 发送(hex): 20
[2026/09/15 19:05:55] 发送(hex): 20
[2026/09/15 19:05:55] 发送(hex): 20
[2026/09/15 19:05:55] 发送(hex): 20
[2026/09/15 19:05:55] 发送(hex): 20
[2026/09/15 19:05:55] 发送(hex): 20
[2026/09/15 19:05:55] 发送(hex): 20
[2026/09/15 19:05:55] 发送(hex): 20
[2026/09/15 19:05:55] 发送(hex): 20
[2026/09/15 19:05:55] 发送(hex): 20
[2026/09/15 19:05:55] 发送(hex): 20
[2026/09/15 19:05:55] 发送(hex): 20
[2026/09/15 19:05:55] 发送(hex): 20
[2026/09/15 19:05:55] 发送(hex): 20
[2026/09/15 19:05:55] 发送(hex): 20
[2026/09/15 19:05:55] 发送(hex): 20
[2026/09/15 19:05:55] 发送(hex): 20
[2026/09/15 19:05:55] 发送(hex): 20
[2026/09/15 19:05:55] 发送(hex): 20
[2026/09/15 19:05:55] 发送(hex): 20
[2026/09/15 19:05:55] 发送(hex): 20
[2026/09/15 19:05:55] 发送(hex): 20
[2026/09/15 19:05:55] 发送(hex): 20
[2026/09/15 19:05:55] 发送(hex): 20
[2026/09/15 19:05:55] 发送(hex): 20
[2026/09/15 19:05:55] 发送(hex): 20
[2026/09/15 19:05:55] 发送(hex): 20
[2026/09/15 19:05:55] 发送(hex): 20
[2026/09/15 19:05:55] 发送(hex): 20
[2026/09/15 19:05:55] 发送(hex): 20
[2026/09/15 19:05:55] 发送(hex): 20
[2026/09/15 19:05:55] 发送(hex): 20
[2026/09/15 19:05:55] 发送(hex): 20
[2026/09/15 19:05:55] 发送(hex): 20
[2026/09/15 19:05:55] 发送(hex): 20
[2026/09/15 19:05:55] 发送(hex): 20
[2026/09/15 19:05:55] 发送(hex): 20
[2026/09/15 19:05:55] 发送(hex): 20
[2026/09/15 19:05:55] 发送(hex): 20
[2026/09/15 19:05:55] 发送(hex): 20
[2026/09/15 19:05:55] 发送(hex): 20
[2026/09/15 19:05:55] 发送(hex): 20
[2026/09/15 19:05:55] 发送(hex): 20
[2026/09/15 19:05:55] 发送(hex): 20
[2026/09/15 19:05:55] 发送(hex): 20
[2026/09/15 19:05:55] 发送(hex): 20
[2026/09/15 19:05:55] 发送(hex): 20
[2026/09/15 19:05:55] 发送(hex): 20
[2026/09/15 19:05:55] 发送(hex): 20
[2026/09/15 19:05:55] 发送(hex): 20
[2026/09/15 19:05:55] 发送(hex): 20
[2026/09/15 19:05:55] 发送(hex): 20
[2026/09/15 19:05:55] 发送(hex): 20
[2026/09/15 19:05:55] 发送(hex): 20
[2026/09/15 19:05:55] 发送(hex): 20
[2026/09/15 19:05:55] 发送(hex): 20
[2026/09/15 19:05:55] 发送(hex): 20
[2026/09/15 19:05:55] 发送(hex): 20
[2026/09/15 19:05:55] 发送(hex): 20
[2026/09/15 19:05:55] 发送(hex): 20
[2026/09/15 19:05:55] 发送(hex): 20
[2026/09/15 19:05:55] 发送(hex): 20
[2026/09/15 19:05:55] 发送(hex): 20
[2026/09/15 19:05:55] 发送(hex): 20
[2026/09/15 19:05:55] 发送(hex): 20
[2026/09/15 19:05:55] 发送(hex): 20
[2026/09/15 19:05:55] 发送(hex): 20
[2026/09/15 19:05:55] 发送(hex): 20
[2026/09/15 19:05:55] 发送(hex): 20
[2026/09/15 19:05:55] 发送(hex): 20
[2026/09/15 19:05:55] 发送(hex): 20
[2026/09/15 19:05:55] 发送(hex): 20
[2026/09/15 19:05:55] 发送(hex): 20
[2026/09/15 19:05:55] 发送(hex): 20
[2026/09/15 19:05:55] 发送(hex): 20
[2026/09/15 19:05:55] 发送(hex): 20
[2026/09/15 19:05:55] 发送(hex): 20
[2026/09/15 19:05:55] 发送(hex): 20
[2026/09/15 19:05:56] 发送(hex): 20
[2026/09/15 19:05:56] 发送(hex): 20
[2026/09/15 19:05:56] 发送(hex): 20
[2026/09/15 19:05:56] 发送(hex): 20
[2026/09/15 19:05:56] 发送(hex): 20
[2026/09/15 19:05:56] 发送(hex): 20
[2026/09/15 19:05:56] 发送(hex): 20
[2026/09/15 19:05:56] 发送(hex): 20
[2026/09/15 19:05:56] 发送(hex): 20
[2026/09/15 19:05:56] 发送(hex): 20
[2026/09/15 19:05:56] 发送(hex): 20
[2026/09/15 19:05:56] 发送(hex): 20
[2026/09/15 19:05:56] 发送(hex): 20
[2026/09/15 19:05:56] 发送(hex): 20
[2026/09/15 19:05:56] 发送(hex): 20
[2026/09/15 19:05:56] 发送(hex): 20
[2026/09/15 19:05:56] 发送(hex): 20
[2026/09/15 19:05:56] 发送(hex): 20
[2026/09/15 19:05:56] 发送(hex): 20
[2026/09/15 19:05:56] 发送(hex): 20
[2026/09/15 19:05:56] 发送(hex): 20
[2026/09/15 19:05:56] 发送(hex): 20
[2026/09/15 19:05:56] 发送(hex): 20
[2026/09/15 19:05:56] 发送(hex): 20
[2026/09/15 19:05:56] 发送(hex): 20
[2026/09/15 19:05:56] 发送(hex): 20
[2026/09/15 19:05:56] 发送(hex): 20
[2026/09/15 19:05:56] 发送(hex): 20
[2026/09/15 19:05:56] 发送(hex): 20
[2026/09/15 19:05:56] 发送(hex): 20
[2026/09/15 19:05:56] 发送(hex): 20
[2026/09/15 19:05:56] 发送(hex): 20
[2026/09/15 19:05:56] 发送(hex): 20
[2026/09/15 19:05:56] 发送(hex): 20
[2026/09/15 19:05:56] 发送(hex): 20
[2026/09/15 19:05:56] 发送(hex): 20
[2026/09/15 19:05:56] 发送(hex): 20
[2026/09/15 19:05:56] 发送(hex): 20
[2026/09/15 19:05:56] 发送(hex): 20
[2026/09/15 19:05:56] 发送(hex): 20
[2026/09/15 19:05:56] 发送(hex): 20
[2026/09/15 19:05:56] 发送(hex): 20
[2026/09/15 19:05:56] 发送(hex): 20
[2026/09/15 19:05:56] 发送(hex): 20
[2026/09/15 19:05:56] 发送(hex): 20
[2026/09/15 19:05:56] 发送(hex): 20
[2026/09/15 19:05:56] 发送(hex): 20
[2026/09/15 19:05:56] 发送(hex): 20
[2026/09/15 19:05:56] 发送(hex): 20
[2026/09/15 19:05:56] 发送(hex): 20
[2026/09/15 19:05:56] 发送(hex): 20
[2026/09/15 19:05:56] 发送(hex): 20
[2026/09/15 19:05:56] 发送(hex): 20
[2026/09/15 19:05:56] 发送(hex): 20
[2026/09/15 19:05:56] 发送(hex): 20
[2026/09/15 19:05:56] 发送(hex): 20
[2026/09/15 19:05:56] 发送(hex): 20
[2026/09/15 19:05:56] 发送(hex): 20
[2026/09/15 19:05:56] 发送(hex): 20
[2026/09/15 19:05:56] 发送(hex): 20
[2026/09/15 19:05:57] 发送(hex): 0d
[2026/09/15 19:05:57] 发送(hex): 0d
[2026/09/15 19:05:57] 发送(hex): 0d
[2026/09/15 19:05:57] Realtek>
[2026/09/15 19:05:57] Realtek>
[2026/09/15 19:05:57] 发送(hex): 0d
[2026/09/15 19:05:57] Realtek>
[2026/09/15 19:05:57] 发送(hex): 0d
[2026/09/15 19:05:57] Realtek>
[2026/09/15 19:05:57] Realtek>
[2026/09/15 19:06:02] 发送(hex): 706d6f646520656e61626c653b72650d
[2026/09/15 19:06:02] pmode enable;re
[2026/09/15 19:06:02] uboot command fo
[2026/09/15 19:06:02] r pmode enable!
[2026/09/15 19:06:02] resetting ...
[2026/09/15 19:06:02] $
[2026/09/15 19:06:02] Post romcode git ver:42df880604ac78a3 (Aug 28 2026 21:41:35)
[2026/09/15 19:06:02] $
[2026/09/15 19:06:02] Hello world, RTD2875P_CN2_TV030!
[2026/09/15 19:06:02] set_wifi_reset
[2026/09/15 19:06:02] Auxcode git ver:3a4deb9ea300359e (Aug 28 2026 21:41:29)
[2026/09/15 19:06:02] flash_type = 2, secure_type = 2
[2026/09/15 19:06:02] b8062204=20000
[2026/09/15 19:06:02] slot info 0 0x0 info 1 0x9021afbe
[2026/09/15 19:06:02] g_gpt_blk_start 0x1  g_offline_gpt 0x0 last_usable_lba 0x1cd2032 num_partition_entries 0x32
[2026/09/15 19:06:02] start 0x2e600000 clt_blk 0x1973004 ctrl size 0x20
[2026/09/15 19:06:02] choose active index 0
[2026/09/15 19:06:02] part name bootloader ative_slot _a real part name bootloader_a
[2026/09/15 19:06:02] part name hwsetting start 0x100000 size 0x33600
[2026/09/15 19:06:02] part name ext_fw start 0x133600 size 0x10400
[2026/09/15 19:06:02] part name kboot start 0x143a00 size 0x16e00
[2026/09/15 19:06:02] part name uboot start 0x15a800 size 0x120400
[2026/09/15 19:06:02] ls4 2 1 = 800040aa 8000207f 80001000
[2026/09/15 19:06:02] fNewHWsettingArch = 2
[2026/09/15 19:06:02] 1.lsadcidx = 2, brand =3, offset = 0
[2026/09/15 19:06:02] 1.lsadcidx = 2, brand =3, offset = 17800
[2026/09/15 19:06:02] hwsetting from mmc
[2026/09/15 19:06:02] AC on HW offset 0x809 start 0x800 reg 0x8090800
[2026/09/15 19:06:02] total = 2f00
[2026/09/15 19:06:02] A
[2026/09/15 19:06:02] A
[2026/09/15 19:06:02] A
[2026/09/15 19:06:02] A
[2026/09/15 19:06:02] A
[2026/09/15 19:06:02] {12 14}
[2026/09/15 19:06:02] ffeedd
[2026/09/15 19:06:02] ffeeddddr ver: 62c63180
[2026/09/15 19:06:02] ori DQS0~7 {03 04 1a 1c 00 01 00 00}
[2026/09/15 19:06:02] {01 03 19 1b 00 01 00 00} {09 09 06 09 06 05 00 00}
[2026/09/15 19:06:02] r.y.0 r.y.0 SCPU BISR status: Done
[2026/09/15 19:06:02] [go kb]
[2026/09/15 19:06:02] pass bootcode
[2026/09/15 19:06:02] info to kboot
[2026/09/15 19:06:02] num=1056
[2026/09/15 19:06:02] boot_magic=20230423
[2026/09/15 19:06:02] ---DEBUG kboot 21:41:14 Aug 28 2026 ---
[2026/09/15 19:06:02] [Kboot]eMMC(mid-15) MMC_HS50 (50000000Mhz)[8bit].
[2026/09/15 19:06:02] block info 0x1cd2032 0x3a3e000.
[2026/09/15 19:06:02] [MMC] 32 -----------> 16GB.
[2026/09/15 19:06:02] (2379beef) (0) bufsize=(null)
[2026/09/15 19:06:02] uboot start 0x15a800 size 0x120400
[2026/09/15 19:06:02] board_version: ls1 = 0, v
[2026/09/15 19:06:02] er: 0
[2026/09/15 19:06:02] [0;31mapp_main 325 board_version=0[0m
[2026/09/15 19:06:02] get FW_TZFW flash start 0xf100200 ddr buf start 0x180000
[2026/09/15 19:06:02] image size 010c2e3 ok!
[2026/09/15 19:06:02] [INFO]RPMB auth key not written !
[2026/09/15 19:06:02] [INFO]RPMB auth key not written !
[2026/09/15 19:06:02] Current board is not frist boot.
[2026/09/15 19:06:02] ALL zero, reserved_3 has removed.
[2026/09/15 19:06:02] Current board remove reserved_3 done.
[2026/09/15 19:06:03] get FW_VKERNEL flash st
[2026/09/15 19:06:03] art 0xc100200 ddr buf start 0x1a900000 image size 05f0300 ok!
[2026/09/15 19:06:03] get FW_VKERNEL2 flash start 0xd900200 ddr buf start 0x1af00000 image size 0f4920 ok!
[2026/09/15 19:06:03] get FW_AKERNEL flash start 0xa900200 ddr buf start 0x1b200000 image size 07fbf7c ok!
[2026/09/15 19:06:03] ATFATFATF:0 1 NOTICE: kill CPU(2)...
[2026/09/15 19:06:03] ATF:0 1 NOTICE: kill (2) : PACTIVE:0
[2026/09/15 19:06:03] ATF:0 1 NOTICE:  CPU(2) kill done, pstate(0x0)
[2026/09/15 19:06:03] U
[2026/09/15 19:06:03] fixup_node_name 555. set /reserved-memory@5 to /reserved-memory
[2026/09/15 19:06:03] fixup_node_name 555. set /rtk_cma@5 to /rtk_cma
[2026/09/15 19:06:03] ### [1;31mERROR[0m ### get_movablecore 613. Can't find dtb node /reserved-memory/cma2_memory/reg
[2026/09/15 19:06:03] reinit_mem_info 1049  ddr_size 80000000
[2026/09/15 19:06:03] booting, boot_led_type: 0x00000000, led on[1]
[2026/09/15 19:06:03] set share register: 0x99100000
[2026/09/15 19:06:03] boot_power_on_mode=1
[2026/09/15 19:06:03] [get_layout:1264]!
[2026/09/15 19:06:03] boot_part value = 0 boot_tag value = 21
[2026/09/15 19:06:03] [get_oemkey] 1397: get oem.key = ATV00107525
[2026/09/15 19:06:03] Factory_RO: [EXT4] factory_ro_buffer:0a800000, factory_ro_buffer size:0x1000000!
[2026/09/15 19:06:03] Partiton factory_ro_a located at 0:6
[2026/09/15 19:06:03] factory_ro_a partition can not find /.000@bk@***!
[2026/09/15 19:06:03] Factory RO no need recovery!
[2026/09/15 19:06:03] Get tvconfigs_a partition block device index fail!
[2026/09/15 19:06:03] read customer.ini file fail!
[2026/09/15 19:06:03] parse SYS_INI path fail
[2026/09/15 19:06:03] Not support board ini mechansim!
[2026/09/15 19:06:03] Get tvconfigs_a partition block device index fail!
[2026/09/15 19:06:03] read customer.ini file fail!
[2026/09/15 19:06:03] parse SYS_INI path fail
[2026/09/15 19:06:03] load model ini file fail
[2026/09/15 19:06:03] cannot find PcbPath from ini file
[2026/09/15 19:06:03] no pcb.config in tvconfigs
[2026/09/15 19:06:03] no mnt/vendor/factorypcb.config
[2026/09/15 19:06:05] delay:342
[2026/09/15 19:06:06] Vwait V1go
[2026/09/15 19:06:06] Vwait V2go
[2026/09/15 19:06:06] DEMOD BISR check Pass and disable demod CLK!!
[2026/09/15 19:06:06] [0;31mboard_version=0 sz=18M[0m
[2026/09/15 19:06:06] ATF:0 1 NOTICE: atf enter time:1180ms, current time:3992ms
[2026/09/15 19:06:06] ATF:0 1 NOTICE: 1st boot elapsed 3997ms
[2026/09/15 19:06:09] console:/ $
[2026/09/15 19:06:18] factory auto test loop
[2026/09/15 19:06:18] start
[2026/09/15 19:06:18]  
[2026/09/15 19:06:39] 发送(hex): aa061001a7ef
[2026/09/15 19:06:39] «
[2026/09/15 19:06:39] ßN
[2026/09/15 19:06:40] 发送(hex): aa06110194de
[2026/09/15 19:06:40] «
[2026/09/15 19:06:40] ßN
[2026/09/15 19:06:59] 发送(hex): aa06840063e1
[2026/09/15 19:06:59] «
[2026/09/15 19:06:59] ßN«B =¾
[2026/09/15 19:07:03] $
[2026/09/15 19:07:03] Post romco
[2026/09/15 19:07:03] de git ver:42df880604ac78a3 (Aug 28 2026 21:41:35)
[2026/09/15 19:07:03] $
[2026/09/15 19:07:03] Hello world, RTD2875P_CN2_TV030!
[2026/09/15 19:07:03] set_wifi_reset
[2026/09/15 19:07:03] Auxcode git ver:3a4deb9ea300359e (Aug 28 2026 21:41:29)
[2026/09/15 19:07:03] flash_type = 2, secure_type = 2
[2026/09/15 19:07:03] b8062204=0
[2026/09/15 19:07:03] slot info 0 0x0 info 1 0x0
[2026/09/15 19:07:03] invalid reg slot status 0x0,get slot info from flash!
[2026/09/15 19:07:03] g_gpt_blk_start 0x1  g_offline_gpt 0x0 last_usable_lba 0x1cd2032 num_partition_entries 0x32
[2026/09/15 19:07:03] start 0x2e600000 clt_blk 0x1973004 ctrl size 0x20
[2026/09/15 19:07:03] choose active index 0
[2026/09/15 19:07:03] part name bootloader ative_slot _a real part name bootloader_a
[2026/09/15 19:07:03] part name hwsetting start 0x100000 size 0x33600
[2026/09/15 19:07:03] part name ext_fw start 0x133600 size 0x10400
[2026/09/15 19:07:03] part name kboot start 0x143a00 size 0x16e00
[2026/09/15 19:07:03] part name uboot start 0x15a800 size 0x120400
[2026/09/15 19:07:03] ls4 2 1 = 800040ab 8000207f 80001000
[2026/09/15 19:07:03] fNewHWsettingArch = 2
[2026/09/15 19:07:03] 1.lsadcidx = 2, brand =3, offset = 0
[2026/09/15 19:07:03] 1.lsadcidx = 2, brand =3, offset = 17800
[2026/09/15 19:07:03] hwsetting from mmc
[2026/09/15 19:07:03] AC on HW offset 0x809 start 0x800 reg 0x8090800
[2026/09/15 19:07:03] total = 2f00
[2026/09/15 19:07:03] A
[2026/09/15 19:07:03] A
[2026/09/15 19:07:03] A
[2026/09/15 19:07:03] A
[2026/09/15 19:07:03] A
[2026/09/15 19:07:03] {12 14}
[2026/09/15 19:07:03] ffeeddffeeddddr ver: 62c63180
[2026/09/15 19:07:03] ori DQS0~7 {03 04 1a 1c 00 01 00 00}
[2026/09/15 19:07:03] {01 03 19 1b 00 01 00 00} {0a 09 07 09 06 06 00 00}
[2026/09/15 19:07:03] r.y.0 r.y.0 SCPU BISR status: Done
[2026/09/15 19:07:03] [go kb]
[2026/09/15 19:07:03] pass bootcode info to kboot
[2026/09/15 19:07:03] num=1100
[2026/09/15 19:07:03] boot_magic=50046000
[2026/09/15 19:07:03] ---DEBUG kboot 21:41:14 Aug 28 2026 ---
[2026/09/15 19:07:03] [Kboot]eMMC(mid-15) MMC_HS50 (50000000Mhz)[8bit].
[2026/09/15 19:07:03] block info 0x1cd2032 0x3a3e000.
[2026/09/15 19:07:03] [MMC] 32 -----------> 16GB.
[2026/09/15 19:07:03] (00000000) (1) bufsize=(null)
[2026/09/15 19:07:03] uboot start 0x15a800 s
[2026/09/15 19:07:03] ize 0x120400
[2026/09/15 19:07:03] board_version: ls1 = 0, ver: 0
[2026/09/15 19:07:03] [0;31mapp_main 325 board_version=0[0m
[2026/09/15 19:07:03] get FW_TZFW flash start 0xf100200 ddr buf start 0x180000 image size 010c2e3 ok!
[2026/09/15 19:07:03] [INFO]RPMB auth key not written !
[2026/09/15 19:07:03] [INFO]RPMB auth key not written !
[2026/09/15 19:07:03] Current board is not frist boot.
[2026/09/15 19:07:03] ALL zero, reserved_3 has removed.
[2026/09/15 19:07:03] Current board remove reserved_3 done.
[2026/09/15 19:07:04] get FW_VKERNEL flash st
[2026/09/15 19:07:04] art 0xc100200 ddr buf start 0x1a900000 image size 05f0300 ok!
[2026/09/15 19:07:04] get FW_VKERNEL2 flash start 0xd900200 ddr buf start 0x1af00000 image size 0f4920 ok!
[2026/09/15 19:07:04] get FW_AKERNEL flash start 0xa900200 ddr buf start 0x1b200000 image size 07fbf7c ok!
[2026/09/15 19:07:04] ATFATFATF:0 1 NOTICE: kill CPU(2)...
[2026/09/15 19:07:04] ATF:0 1 NOTICE: kill (2) : PACTIVE:0
[2026/09/15 19:07:04] ATF:0 1 NOTICE:  CPU(2) kill done, pstate(0x0)
[2026/09/15 19:07:04] U
[2026/09/15 19:07:04] fixup_node_name 555. set /reserved-memory@5 to /reserved-memory
[2026/09/15 19:07:04] fixup_node_name 555. set /rtk_cma@5 to /rtk_cma
[2026/09/15 19:07:04] ### [1;31mERROR[0m ### get_movablecore 613. Can't find dtb node /reserved-memory/cma2_memory/reg
[2026/09/15 19:07:04] reinit_mem_info 1049  ddr_size 80000000
[2026/09/15 19:07:04] booting, boot_led_type: 0x00000000, led on[1]
[2026/09/15 19:07:04] set share register: 0x99100000
[2026/09/15 19:07:04] boot_power_on_mode=1
[2026/09/15 19:07:04] [get_layout:1264]!
[2026/09/15 19:07:04] boot_part value = 0 boot_tag value = 21
[2026/09/15 19:07:04] [get_oemkey] 1397: get oem.key = ATV00107525
[2026/09/15 19:07:04] Factory_RO: [EXT4] factory_ro_buffer:0a800000, factory_ro_buffer size:0x1000000!
[2026/09/15 19:07:04] Partiton factory_ro_a located at 0:6
[2026/09/15 19:07:04] factory_ro_a partition can not find /.000@bk@***!
[2026/09/15 19:07:04] Factory RO no need recovery!
[2026/09/15 19:07:04] Get tvconfigs_a partition block device index fail!
[2026/09/15 19:07:04] read customer.ini file fail!
[2026/09/15 19:07:04] parse SYS_INI path fail
[2026/09/15 19:07:04] Not support board ini mechansim!
[2026/09/15 19:07:04] Get tvconfigs_a partition block device index fail!
[2026/09/15 19:07:04] read customer.ini file fail!
[2026/09/15 19:07:04] parse SYS_INI path fail
[2026/09/15 19:07:04] load model ini file fail
[2026/09/15 19:07:04] cannot find PcbPath from ini file
[2026/09/15 19:07:04] no pcb.config in tvconfigs
[2026/09/15 19:07:04] no mnt/vendor/factorypcb.config
[2026/09/15 19:07:06] delay:292
[2026/09/15 19:07:07] Vwait V1go
[2026/09/15 19:07:07] Vwait V2go
[2026/09/15 19:07:07] DEMOD BISR check Pass and disable demod CLK!!
[2026/09/15 19:07:07] [0;31mboard_version=0 sz=18M[0m
[2026/09/15 19:07:07] ATF:0 1 NOTICE: atf enter time:1187ms, current time:4077ms
[2026/09/15 19:07:07] ATF:0 1 NOTICE: 1st boot elapsed 4083ms
[2026/09/15 19:07:10] console:/ $
[2026/09/15 19:07:18] factory auto test loop start
[2026/09/15 19:07:18]  
[2026/09/15 19:07:34] 发送(hex): 20
[2026/09/15 19:07:34] 发送(hex): 20
[2026/09/15 19:07:34] 发送(hex): 20
[2026/09/15 19:07:34] 发送(hex): 20
[2026/09/15 19:07:34] 发送(hex): 20
[2026/09/15 19:07:34] 发送(hex): 20
[2026/09/15 19:07:34] 发送(hex): 20
[2026/09/15 19:07:34] 发送(hex): 20
[2026/09/15 19:07:34] 发送(hex): 20
[2026/09/15 19:07:34] 发送(hex): 20
[2026/09/15 19:07:34] 发送(hex): 20
[2026/09/15 19:07:34] 发送(hex): 20
[2026/09/15 19:07:34] 发送(hex): 20
[2026/09/15 19:07:34] 发送(hex): 20
[2026/09/15 19:07:34] 发送(hex): 20
[2026/09/15 19:07:34] 发送(hex): 20
[2026/09/15 19:07:34] 发送(hex): 20
[2026/09/15 19:07:34] 发送(hex): 20
[2026/09/15 19:07:34] 发送(hex): 20
[2026/09/15 19:07:34] 发送(hex): 20
[2026/09/15 19:07:35] 发送(hex): 20
[2026/09/15 19:07:35] 发送(hex): 20
[2026/09/15 19:07:35] 发送(hex): 20
[2026/09/15 19:07:35] 发送(hex): 20
[2026/09/15 19:07:35] 发送(hex): 20
[2026/09/15 19:07:35] 发送(hex): 20
[2026/09/15 19:07:35] 发送(hex): 20
[2026/09/15 19:07:35] 发送(hex): 20
[2026/09/15 19:07:35] 发送(hex): 20
[2026/09/15 19:07:35] 发送(hex): 20
[2026/09/15 19:07:35] 发送(hex): 20
[2026/09/15 19:07:35] 发送(hex): 20
[2026/09/15 19:07:35] $
[2026/09/15 19:07:35] Post romcode git ver:42df880604ac78a
[2026/09/15 19:07:35] 发送(hex): 20
[2026/09/15 19:07:35] 发送(hex): 20
[2026/09/15 19:07:35] 发送(hex): 20
[2026/09/15 19:07:35] 发送(hex): 20
[2026/09/15 19:07:35] 3 (Aug 28 2026 21:41:35)
[2026/09/15 19:07:35] $
[2026/09/15 19:07:35] Hello world, RTD2875P_CN2_TV030!
[2026/09/15 19:07:35] set_wifi_reset
[2026/09/15 19:07:35] Auxcode git ver:3a4deb9ea300359e (Aug 28 2026 21:41:29)
[2026/09/15 19:07:35] flash_type = 2, secure_type = 2
[2026/09/15 19:07:35] b8062204=0
[2026/09/15 19:07:35] 发送(hex): 20
[2026/09/15 19:07:35] 发送(hex): 20
[2026/09/15 19:07:35] 发送(hex): 20
[2026/09/15 19:07:35] 发送(hex): 20
[2026/09/15 19:07:35] 发送(hex): 20
[2026/09/15 19:07:35] 发送(hex): 20
[2026/09/15 19:07:35] 发送(hex): 20
[2026/09/15 19:07:35] 发送(hex): 20
[2026/09/15 19:07:35] 发送(hex): 20
[2026/09/15 19:07:35] slot info 0 0x0 info 1 0x0
[2026/09/15 19:07:35] invalid reg slot status 0x0,get slot info from flash!
[2026/09/15 19:07:35] g_gpt_blk_start 0x1  g_offline_gpt 0x0 last_usable_lba 0x1cd2032 num_partition_entries 0x32
[2026/09/15 19:07:35] start 0x2e600000 clt_blk 0x1973004 ctrl size 0x20
[2026/09/15 19:07:35] choose active index 0
[2026/09/15 19:07:35] part name bootloader ative_slot _a real part name bootloader_a
[2026/09/15 19:07:35] part name hwsetting start 0x100000 size 0x33600
[2026/09/15 19:07:35] part name ext_fw start 0x133600 size 0x10400
[2026/09/15 19:07:35] part name kboot start 0x143a00 size 0x16e00
[2026/09/15 19:07:35] part name uboot start 0x15a800 size 0x120400
[2026/09/15 19:07:35] ls4 2 1 = 800040ab 8000207f 80001000
[2026/09/15 19:07:35] fNewHWsettingArch = 2
[2026/09/15 19:07:35] 1.lsadcidx = 2, brand =3, offset = 0
[2026/09/15 19:07:35] 1.lsadcidx = 2, brand =3, offset = 17800
[2026/09/15 19:07:35] hwsetting from mmc
[2026/09/15 19:07:35] AC on HW offset 0x809 start 0x800 reg 0x8090800
[2026/09/15 19:07:35] total = 2f00
[2026/09/15 19:07:35] 发送(hex): 20
[2026/09/15 19:07:35] 发送(hex): 20
[2026/09/15 19:07:35] 发送(hex): 20
[2026/09/15 19:07:35] 发送(hex): 20
[2026/09/15 19:07:35] 发送(hex): 20
[2026/09/15 19:07:35] A
[2026/09/15 19:07:35] 发送(hex): 20
[2026/09/15 19:07:35] A
[2026/09/15 19:07:35] 发送(hex): 20
[2026/09/15 19:07:35] 发送(hex): 20
[2026/09/15 19:07:35] A
[2026/09/15 19:07:35] A
[2026/09/15 19:07:35] 发送(hex): 20
[2026/09/15 19:07:35] A
[2026/09/15 19:07:35] {
[2026/09/15 19:07:35] 发送(hex): 20
[2026/09/15 19:07:35] 发送(hex): 20
[2026/09/15 19:07:35] 12 14}
[2026/09/15 19:07:35] ffeeddffeeddddr ver: 62c63180
[2026/09/15 19:07:35] ori DQS0~7 {03 04 1a 1c 00 01 00 00}
[2026/09/15 19:07:35] 发送(hex): 20
[2026/09/15 19:07:35] 发送(hex): 20
[2026/09/15 19:07:35] 发送(hex): 20
[2026/09/15 19:07:35] 发送(hex): 20
[2026/09/15 19:07:35] 发送(hex): 20
[2026/09/15 19:07:35] 发送(hex): 20
[2026/09/15 19:07:35] 发送(hex): 20
[2026/09/15 19:07:35] 发送(hex): 20
[2026/09/15 19:07:35] {01 03 19 1b 00 01 00 00} {08 08 06 09 06 05 00 00}
[2026/09/15 19:07:35] r.y.0
[2026/09/15 19:07:35] 发送(hex): 20
[2026/09/15 19:07:35] 发送(hex): 20
[2026/09/15 19:07:35] r.y.0 SCPU BISR status: Done
[2026/09/15 19:07:35] 发送(hex): 20
[2026/09/15 19:07:35] [go kb]
[2026/09/15 19:07:35] pass bootco
[2026/09/15 19:07:35] 发送(hex): 20
[2026/09/15 19:07:35] 发送(hex): 20
[2026/09/15 19:07:35] 发送(hex): 20
[2026/09/15 19:07:35] 发送(hex): 20
[2026/09/15 19:07:35] de info to kboot
[2026/09/15 19:07:35] num=1100
[2026/09/15 19:07:35] boot_magic=7f676014
[2026/09/15 19:07:35] ---DEBUG kboot 21:41:14 Aug 28 2026 ---
[2026/09/15 19:07:35] [Kboot]eMMC(mid-15) MMC_HS50 (50000000Mhz)[8bit].
[2026/09/15 19:07:35] block info 0x1cd2032 0x3a3e000.
[2026/09/15 19:07:35] [MMC] 32 -----------> 16GB.
[2026/09/15 19:07:35] 发送(hex): 20
[2026/09/15 19:07:35] (00000000) (1) bufsize=(null)
[2026/09/15 19:07:35] 发送(hex): 20
[2026/09/15 19:07:35] 发送(hex): 20
[2026/09/15 19:07:35] 发送(hex): 20
[2026/09/15 19:07:35] uboot start 0x15a800 size 0x120400
[2026/09/15 19:07:35] 发送(hex): 20
[2026/09/15 19:07:35] 发送(hex): 20
[2026/09/15 19:07:35] board_version: l
[2026/09/15 19:07:35] 发送(hex): 20
[2026/09/15 19:07:35] s1 = 0, ver: 0
[2026/09/15 19:07:35] [0;31mapp_main 325 board_version=0[0m
[2026/09/15 19:07:35] 发送(hex): 20
[2026/09/15 19:07:35] 发送(hex): 20
[2026/09/15 19:07:35] 发送(hex): 20
[2026/09/15 19:07:35] get FW_TZFW flash start 0xf100200 ddr buf start
[2026/09/15 19:07:35] 发送(hex): 20
[2026/09/15 19:07:35] 发送(hex): 20
[2026/09/15 19:07:35] 发送(hex): 20
[2026/09/15 19:07:35] 发送(hex): 20
[2026/09/15 19:07:35] 0x180000 image size 010c2e3 ok!
[2026/09/15 19:07:35] [INFO]RPMB auth key not written !
[2026/09/15 19:07:35] [INFO]RPMB auth key not written !
[2026/09/15 19:07:35] Current board is not frist boot.
[2026/09/15 19:07:35] ALL zero, reserved_3 has removed.
[2026/09/15 19:07:35] Current board remove reserved_3 done.
[2026/09/15 19:07:35] 发送(hex): 20
[2026/09/15 19:07:35] 发送(hex): 20
[2026/09/15 19:07:35] 发送(hex): 20
[2026/09/15 19:07:35] 发送(hex): 20
[2026/09/15 19:07:35] 发送(hex): 20
[2026/09/15 19:07:35] 发送(hex): 20
[2026/09/15 19:07:35] 发送(hex): 20
[2026/09/15 19:07:35] 发送(hex): 20
[2026/09/15 19:07:35] 发送(hex): 20
[2026/09/15 19:07:35] 发送(hex): 20
[2026/09/15 19:07:35] 发送(hex): 20
[2026/09/15 19:07:35] 发送(hex): 20
[2026/09/15 19:07:35] 发送(hex): 20
[2026/09/15 19:07:35] 发送(hex): 20
[2026/09/15 19:07:35] 发送(hex): 20
[2026/09/15 19:07:35] 发送(hex): 20
[2026/09/15 19:07:35] 发送(hex): 20
[2026/09/15 19:07:35] 发送(hex): 20
[2026/09/15 19:07:35] get FW_VKE
[2026/09/15 19:07:35] 发送(hex): 20
[2026/09/15 19:07:35] 发送(hex): 20
[2026/09/15 19:07:35] RNEL flash start 0xc100200 ddr buf start 0x1a900000 image size 05f0300 ok!
[2026/09/15 19:07:35] 发送(hex): 20
[2026/09/15 19:07:35] 发送(hex): 20
[2026/09/15 19:07:35] 发送(hex): 20
[2026/09/15 19:07:35] 发送(hex): 20
[2026/09/15 19:07:35] get FW_VKERNEL2 flash start 0xd900200 ddr buf start 0x1af00000 image size 0f4920 ok!
[2026/09/15 19:07:35] 发送(hex): 20
[2026/09/15 19:07:35] 发送(hex): 20
[2026/09/15 19:07:35] 发送(hex): 20
[2026/09/15 19:07:35] 发送(hex): 20
[2026/09/15 19:07:35] 发送(hex): 20
[2026/09/15 19:07:36] 发送(hex): 20
[2026/09/15 19:07:36] 发送(hex): 20
[2026/09/15 19:07:36] 发送(hex): 20
[2026/09/15 19:07:36] 发送(hex): 20
[2026/09/15 19:07:36] 发送(hex): 20
[2026/09/15 19:07:36] 发送(hex): 20
[2026/09/15 19:07:36] 发送(hex): 20
[2026/09/15 19:07:36] 发送(hex): 20
[2026/09/15 19:07:36] 发送(hex): 20
[2026/09/15 19:07:36] 发送(hex): 20
[2026/09/15 19:07:36] 发送(hex): 20
[2026/09/15 19:07:36] 发送(hex): 20
[2026/09/15 19:07:36] 发送(hex): 20
[2026/09/15 19:07:36] 发送(hex): 20
[2026/09/15 19:07:36] 发送(hex): 20
[2026/09/15 19:07:36] 发送(hex): 20
[2026/09/15 19:07:36] 发送(hex): 20
[2026/09/15 19:07:36] 发送(hex): 20
[2026/09/15 19:07:36] 发送(hex): 20
[2026/09/15 19:07:36] 发送(hex): 20
[2026/09/15 19:07:36] 发送(hex): 20
[2026/09/15 19:07:36] get FW_AKERNEL flash start 0xa900200 ddr buf start 0x1b200000 image size 07fbf7c ok!
[2026/09/15 19:07:36] 发送(hex): 20
[2026/09/15 19:07:36] 发送(hex): 20
[2026/09/15 19:07:36] 发送(hex): 20
[2026/09/15 19:07:36] 发送(hex): 20
[2026/09/15 19:07:36] 发送(hex): 20
[2026/09/15 19:07:36] 发送(hex): 20
[2026/09/15 19:07:36] 发送(hex): 20
[2026/09/15 19:07:36] 发送(hex): 20
[2026/09/15 19:07:36] 发送(hex): 20
[2026/09/15 19:07:36] 发送(hex): 20
[2026/09/15 19:07:36] 发送(hex): 20
[2026/09/15 19:07:36] ATFATFATF:0 1 NOTICE: kill CPU(2)...
[2026/09/15 19:07:36] ATF:0 1 NOTICE: kill (2) : PACTIVE:0
[2026/09/15 19:07:36] ATF:0 1 NOTICE:  CPU(2) kill done, pstate(0x0)
[2026/09/15 19:07:36] 发送(hex): 20
[2026/09/15 19:07:36] U
[2026/09/15 19:07:36] 发送(hex): 20
[2026/09/15 19:07:36] 发送(hex): 20
[2026/09/15 19:07:36] 发送(hex): 20
[2026/09/15 19:07:36] 发送(hex): 20
[2026/09/15 19:07:36] 发送(hex): 20
[2026/09/15 19:07:36] 发送(hex): 20
[2026/09/15 19:07:36] 发送(hex): 20
[2026/09/15 19:07:36] 发送(hex): 20
[2026/09/15 19:07:36] 发送(hex): 20
[2026/09/15 19:07:36] 发送(hex): 20
[2026/09/15 19:07:36] 发送(hex): 20
[2026/09/15 19:07:36] 发送(hex): 20
[2026/09/15 19:07:36] 发送(hex): 20
[2026/09/15 19:07:36] 发送(hex): 20
[2026/09/15 19:07:36] 发送(hex): 20
[2026/09/15 19:07:36] 发送(hex): 20
[2026/09/15 19:07:36] 发送(hex): 20
[2026/09/15 19:07:36] fixup_node_name 555. set /reserved-memory@5 to /reserved-memory
[2026/09/15 19:07:36] fixup_node_name 555. set /rtk_cma@5 to /rtk_cma
[2026/09/15 19:07:36] ### [1;31mERROR[0m ### get_movablecore 613. Can't find dtb node /reserved-memory/cma2_memory/reg
[2026/09/15 19:07:36] reinit_mem_info 1049  ddr_size 80000000
[2026/09/15 19:07:36] 发送(hex): 20
[2026/09/15 19:07:36] 发送(hex): 20
[2026/09/15 19:07:36] booting, boot_led_type: 0x00000000, led on[1]
[2026/09/15 19:07:36] set share register: 0x99100000
[2026/09/15 19:07:36] boot_power_on_mode=1
[2026/09/15 19:07:36] [get_layout:1264]!
[2026/09/15 19:07:36] 发送(hex): 20
[2026/09/15 19:07:36] 发送(hex): 20
[2026/09/15 19:07:36] 发送(hex): 20
[2026/09/15 19:07:36] 发送(hex): 20
[2026/09/15 19:07:36] 发送(hex): 20
[2026/09/15 19:07:36] 发送(hex): 20
[2026/09/15 19:07:36] 发送(hex): 20
[2026/09/15 19:07:36] boot_part value = 0 boot_tag value = 21
[2026/09/15 19:07:36] [get_oemkey] 1397: get oem.key = ATV00107525
[2026/09/15 19:07:36] Factory_RO: [EXT4] factory_ro_buffer:0a800000, factory_ro_buffer size:0x1000000!
[2026/09/15 19:07:36] Partiton factory_ro_a located at 0:6
[2026/09/15 19:07:36] factory_ro_a partition can not find /.000@bk@***!
[2026/09/15 19:07:36] Factory RO no need recovery!
[2026/09/15 19:07:36] Get tvconfigs_a partition block device index fail!
[2026/09/15 19:07:36] read customer.ini file fail!
[2026/09/15 19:07:36] parse SYS_INI path fail
[2026/09/15 19:07:36] Not support board ini mechansim!
[2026/09/15 19:07:36] Get tvconfigs_a partition block device index fail!
[2026/09/15 19:07:36] read customer.ini file fail!
[2026/09/15 19:07:36] parse SYS_INI path fail
[2026/09/15 19:07:36] load model ini file fail
[2026/09/15 19:07:36] cannot find PcbPath from ini file
[2026/09/15 19:07:36] no pcb.config in tvconfigs
[2026/09/15 19:07:36] no mnt/vendor/factorypcb.config
[2026/09/15 19:07:36] 发送(hex): 20
[2026/09/15 19:07:36] 发送(hex): 20
[2026/09/15 19:07:36] 发送(hex): 20
[2026/09/15 19:07:36] 发送(hex): 20
[2026/09/15 19:07:36] 发送(hex): 20
[2026/09/15 19:07:36] 发送(hex): 20
[2026/09/15 19:07:36] 发送(hex): 20
[2026/09/15 19:07:36] 发送(hex): 20
[2026/09/15 19:07:36] 发送(hex): 20
[2026/09/15 19:07:36] 发送(hex): 20
[2026/09/15 19:07:36] 发送(hex): 20
[2026/09/15 19:07:36] 发送(hex): 20
[2026/09/15 19:07:36] 发送(hex): 20
[2026/09/15 19:07:36] 发送(hex): 20
[2026/09/15 19:07:36] 发送(hex): 20
[2026/09/15 19:07:36] 发送(hex): 20
[2026/09/15 19:07:36] 发送(hex): 20
[2026/09/15 19:07:36] 发送(hex): 20
[2026/09/15 19:07:36] 发送(hex): 20
[2026/09/15 19:07:36] 发送(hex): 20
[2026/09/15 19:07:36] 发送(hex): 20
[2026/09/15 19:07:36] 发送(hex): 20
[2026/09/15 19:07:36] 发送(hex): 20
[2026/09/15 19:07:36] 发送(hex): 20
[2026/09/15 19:07:36] 发送(hex): 20
[2026/09/15 19:07:36] 发送(hex): 20
[2026/09/15 19:07:36] 发送(hex): 20
[2026/09/15 19:07:36] 发送(hex): 20
[2026/09/15 19:07:36] 发送(hex): 20
[2026/09/15 19:07:36] 发送(hex): 20
[2026/09/15 19:07:36] 发送(hex): 20
[2026/09/15 19:07:36] 发送(hex): 20
[2026/09/15 19:07:36] 发送(hex): 20
[2026/09/15 19:07:36] 发送(hex): 20
[2026/09/15 19:07:37] 发送(hex): 20
[2026/09/15 19:07:37] 发送(hex): 20
[2026/09/15 19:07:37] 发送(hex): 20
[2026/09/15 19:07:37] 发送(hex): 20
[2026/09/15 19:07:37] 发送(hex): 20
[2026/09/15 19:07:37] 发送(hex): 20
[2026/09/15 19:07:37] 发送(hex): 20
[2026/09/15 19:07:37] 发送(hex): 20
[2026/09/15 19:07:37] 发送(hex): 20
[2026/09/15 19:07:37] 发送(hex): 20
[2026/09/15 19:07:37] 发送(hex): 20
[2026/09/15 19:07:37] 发送(hex): 20
[2026/09/15 19:07:37] 发送(hex): 20
[2026/09/15 19:07:37] 发送(hex): 20
[2026/09/15 19:07:37] 发送(hex): 20
[2026/09/15 19:07:37] 发送(hex): 20
[2026/09/15 19:07:37] 发送(hex): 20
[2026/09/15 19:07:37] 发送(hex): 20
[2026/09/15 19:07:37] 发送(hex): 20
[2026/09/15 19:07:37] 发送(hex): 20
[2026/09/15 19:07:37] 发送(hex): 20
[2026/09/15 19:07:37] 发送(hex): 20
[2026/09/15 19:07:37] 发送(hex): 20
[2026/09/15 19:07:37] 发送(hex): 20
[2026/09/15 19:07:37] 发送(hex): 20
[2026/09/15 19:07:37] 发送(hex): 20
[2026/09/15 19:07:37] 发送(hex): 20
[2026/09/15 19:07:37] 发送(hex): 20
[2026/09/15 19:07:37] 发送(hex): 20
[2026/09/15 19:07:37] 发送(hex): 20
[2026/09/15 19:07:37] 发送(hex): 20
[2026/09/15 19:07:37] 发送(hex): 20
[2026/09/15 19:07:37] 发送(hex): 20
[2026/09/15 19:07:37] 发送(hex): 20
[2026/09/15 19:07:37] 发送(hex): 20
[2026/09/15 19:07:37] 发送(hex): 20
[2026/09/15 19:07:37] 发送(hex): 20
[2026/09/15 19:07:37] 发送(hex): 20
[2026/09/15 19:07:37] 发送(hex): 20
[2026/09/15 19:07:37] 发送(hex): 20
[2026/09/15 19:07:37] 发送(hex): 20
[2026/09/15 19:07:37] 发送(hex): 20
[2026/09/15 19:07:37] 发送(hex): 20
[2026/09/15 19:07:37] 发送(hex): 20
[2026/09/15 19:07:37] 发送(hex): 20
[2026/09/15 19:07:37] 发送(hex): 20
[2026/09/15 19:07:37] 发送(hex): 20
[2026/09/15 19:07:37] 发送(hex): 20
[2026/09/15 19:07:37] 发送(hex): 20
[2026/09/15 19:07:37] 发送(hex): 20
[2026/09/15 19:07:37] 发送(hex): 20
[2026/09/15 19:07:37] 发送(hex): 20
[2026/09/15 19:07:37] 发送(hex): 20
[2026/09/15 19:07:37] 发送(hex): 20
[2026/09/15 19:07:37] 发送(hex): 20
[2026/09/15 19:07:37] 发送(hex): 20
[2026/09/15 19:07:37] 发送(hex): 20
[2026/09/15 19:07:37] 发送(hex): 20
[2026/09/15 19:07:37] 发送(hex): 20
[2026/09/15 19:07:37] 发送(hex): 20
[2026/09/15 19:07:37] 发送(hex): 20
[2026/09/15 19:07:37] 发送(hex): 20
[2026/09/15 19:07:37] 发送(hex): 20
[2026/09/15 19:07:37] 发送(hex): 20
[2026/09/15 19:07:37] 发送(hex): 20
[2026/09/15 19:07:37] 发送(hex): 20
[2026/09/15 19:07:37] 发送(hex): 20
[2026/09/15 19:07:37] 发送(hex): 20
[2026/09/15 19:07:37] 发送(hex): 20
[2026/09/15 19:07:37] 发送(hex): 20
[2026/09/15 19:07:37] 发送(hex): 20
[2026/09/15 19:07:37] 发送(hex): 20
[2026/09/15 19:07:37] 发送(hex): 20
[2026/09/15 19:07:37] 发送(hex): 20
[2026/09/15 19:07:37] 发送(hex): 20
[2026/09/15 19:07:37] 发送(hex): 20
[2026/09/15 19:07:37] 发送(hex): 20
[2026/09/15 19:07:37] 发送(hex): 20
[2026/09/15 19:07:37] 发送(hex): 20
[2026/09/15 19:07:37] 发送(hex): 20
[2026/09/15 19:07:37] 发送(hex): 20
[2026/09/15 19:07:37] 发送(hex): 20
[2026/09/15 19:07:37] 发送(hex): 20
[2026/09/15 19:07:37] 发送(hex): 20
[2026/09/15 19:07:37] 发送(hex): 20
[2026/09/15 19:07:37] 发送(hex): 20
[2026/09/15 19:07:37] 发送(hex): 20
[2026/09/15 19:07:37] 发送(hex): 20
[2026/09/15 19:07:37] 发送(hex): 20
[2026/09/15 19:07:37] 发送(hex): 20
[2026/09/15 19:07:37] 发送(hex): 20
[2026/09/15 19:07:37] 发送(hex): 20
[2026/09/15 19:07:37] 发送(hex): 20
[2026/09/15 19:07:37] 发送(hex): 20
[2026/09/15 19:07:38] 发送(hex): 20
[2026/09/15 19:07:38] 发送(hex): 20
[2026/09/15 19:07:38] 发送(hex): 20
[2026/09/15 19:07:38] 发送(hex): 20
[2026/09/15 19:07:38] 发送(hex): 20
[2026/09/15 19:07:38] 发送(hex): 20
[2026/09/15 19:07:38] 发送(hex): 20
[2026/09/15 19:07:38] 发送(hex): 20
[2026/09/15 19:07:38] 发送(hex): 20
[2026/09/15 19:07:38] 发送(hex): 20
[2026/09/15 19:07:38] 发送(hex): 20
[2026/09/15 19:07:38] 发送(hex): 20
[2026/09/15 19:07:38] 发送(hex): 20
[2026/09/15 19:07:38] 发送(hex): 20
[2026/09/15 19:07:38] 发送(hex): 20
[2026/09/15 19:07:38] 发送(hex): 20
[2026/09/15 19:07:38] 发送(hex): 20
[2026/09/15 19:07:38] 发送(hex): 20
[2026/09/15 19:07:38] 发送(hex): 20
[2026/09/15 19:07:38] 发送(hex): 20
[2026/09/15 19:07:38] 发送(hex): 20
[2026/09/15 19:07:38] 发送(hex): 20
[2026/09/15 19:07:38] 发送(hex): 20
[2026/09/15 19:07:38] 发送(hex): 20
[2026/09/15 19:07:38] 发送(hex): 20
[2026/09/15 19:07:38] 发送(hex): 20
[2026/09/15 19:07:38] 发送(hex): 20
[2026/09/15 19:07:38] 发送(hex): 20
[2026/09/15 19:07:38] 发送(hex): 20
[2026/09/15 19:07:38] 发送(hex): 20
[2026/09/15 19:07:38] 发送(hex): 20
[2026/09/15 19:07:38] 发送(hex): 20
[2026/09/15 19:07:38] 发送(hex): 20
[2026/09/15 19:07:38] 发送(hex): 20
[2026/09/15 19:07:38] 发送(hex): 20
[2026/09/15 19:07:38] 发送(hex): 20
[2026/09/15 19:07:38] 发送(hex): 20
[2026/09/15 19:07:38] 发送(hex): 20
[2026/09/15 19:07:38] 发送(hex): 20
[2026/09/15 19:07:38] 发送(hex): 20
[2026/09/15 19:07:38] 发送(hex): 20
[2026/09/15 19:07:38] 发送(hex): 20
[2026/09/15 19:07:38] 发送(hex): 20
[2026/09/15 19:07:38] 发送(hex): 20
[2026/09/15 19:07:38] 发送(hex): 20
[2026/09/15 19:07:38] 发送(hex): 20
[2026/09/15 19:07:38] 发送(hex): 20
[2026/09/15 19:07:38] delay:427
[2026/09/15 19:07:38] 发送(hex): 20
[2026/09/15 19:07:38] 发送(hex): 20
[2026/09/15 19:07:38] 发送(hex): 20
[2026/09/15 19:07:38] 发送(hex): 20
[2026/09/15 19:07:38] 发送(hex): 20
[2026/09/15 19:07:38] 发送(hex): 20
[2026/09/15 19:07:38] 发送(hex): 20
[2026/09/15 19:07:38] 发送(hex): 20
[2026/09/15 19:07:38] 发送(hex): 20
[2026/09/15 19:07:38] 发送(hex): 20
[2026/09/15 19:07:38] 发送(hex): 20
[2026/09/15 19:07:38] 发送(hex): 20
[2026/09/15 19:07:38] 发送(hex): 20
[2026/09/15 19:07:38] 发送(hex): 20
[2026/09/15 19:07:38] 发送(hex): 20
[2026/09/15 19:07:38] 发送(hex): 20
[2026/09/15 19:07:38] 发送(hex): 20
[2026/09/15 19:07:38] 发送(hex): 20
[2026/09/15 19:07:38] 发送(hex): 20
[2026/09/15 19:07:38] 发送(hex): 20
[2026/09/15 19:07:38] 发送(hex): 20
[2026/09/15 19:07:38] 发送(hex): 20
[2026/09/15 19:07:38] 发送(hex): 20
[2026/09/15 19:07:38] 发送(hex): 20
[2026/09/15 19:07:38] 发送(hex): 20
[2026/09/15 19:07:38] 发送(hex): 20
[2026/09/15 19:07:38] 发送(hex): 20
[2026/09/15 19:07:38] 发送(hex): 20
[2026/09/15 19:07:38] 发送(hex): 20
[2026/09/15 19:07:38] 发送(hex): 20
[2026/09/15 19:07:38] 发送(hex): 20
[2026/09/15 19:07:38] 发送(hex): 20
[2026/09/15 19:07:38] 发送(hex): 20
[2026/09/15 19:07:38] Net:   r8168: REALTEK RTL8168 @0x18016000
[2026/09/15 19:07:38] 发送(hex): 20
[2026/09/15 19:07:38] 发送(hex): 20
[2026/09/15 19:07:38] 发送(hex): 20
[2026/09/15 19:07:38] 发送(hex): 20
[2026/09/15 19:07:38] Start Boot Setup ...
[2026/09/15 19:07:38] (powerMgr_get_wakeup_source)2012/05/30 19:50
[2026/09/15 19:07:38] wakeup source : AC
[2026/09/15 19:07:38] 发送(hex): 20
[2026/09/15 19:07:38] 发送(hex): 20
[2026/09/15 19:07:38] 发送(hex): 20
[2026/09/15 19:07:38] (powerMgr_get_wakeup_source)2012/05/30 19:50
[2026/09/15 19:07:38] wakeup source : AC
[2026/09/15 19:07:38] wakeup_src=0, boot_logo_enable=1, bgm_boot_type=0, POWER_ON_MODE_SILEN=0.
[2026/09/15 19:07:38] 发送(hex): 20
[2026/09/15 19:07:38] 发送(hex): 20
[2026/09/15 19:07:38] 发送(hex): 20
[2026/09/15 19:07:38] 发送(hex): 20
[2026/09/15 19:07:38] GDMA module_init finish
[2026/09/15 19:07:38] [GDMA] OSD size[3840,2160]
[2026/09/15 19:07:38] [GDMA] gdma_showlogo gdma show logo 3813
[2026/09/15 19:07:38] Net:   r8168: REALTEK RTL8168 @0x18016000
[2026/09/15 19:07:38] 发送(hex): 20
[2026/09/15 19:07:38] ## Android Verified Boot 2.0 ver
[2026/09/15 19:07:38] 发送(hex): 20
[2026/09/15 19:07:38] 发送(hex): 20
[2026/09/15 19:07:38] sion 1.1.0
[2026/09/15 19:07:39] 发送(hex): 20
[2026/09/15 19:07:39] 发送(hex): 20
[2026/09/15 19:07:39] 发送(hex): 20
[2026/09/15 19:07:39] 发送(hex): 20
[2026/09/15 19:07:39] 发送(hex): 20
[2026/09/15 19:07:39] 发送(hex): 20
[2026/09/15 19:07:39] 发送(hex): 20
[2026/09/15 19:07:39] 发送(hex): 20
[2026/09/15 19:07:39] 发送(hex): 20
[2026/09/15 19:07:39] 发送(hex): 20
[2026/09/15 19:07:39] 发送(hex): 20
[2026/09/15 19:07:39] 发送(hex): 20
[2026/09/15 19:07:39] 发送(hex): 20
[2026/09/15 19:07:39] 发送(hex): 20
[2026/09/15 19:07:39] 发送(hex): 20
[2026/09/15 19:07:39] 发送(hex): 20
[2026/09/15 19:07:39] 发送(hex): 20
[2026/09/15 19:07:39] 发送(hex): 20
[2026/09/15 19:07:39] 发送(hex): 20
[2026/09/15 19:07:39] 发送(hex): 20
[2026/09/15 19:07:39] 发送(hex): 20
[2026/09/15 19:07:39] 发送(hex): 20
[2026/09/15 19:07:39] 发送(hex): 20
[2026/09/15 19:07:39] 发送(hex): 20
[2026/09/15 19:07:39] 发送(hex): 20
[2026/09/15 19:07:39] 发送(hex): 20
[2026/09/15 19:07:39] 发送(hex): 20
[2026/09/15 19:07:39] 发送(hex): 20
[2026/09/15 19:07:39] 发送(hex): 20
[2026/09/15 19:07:39] 发送(hex): 20
[2026/09/15 19:07:39] 发送(hex): 20
[2026/09/15 19:07:39] 发送(hex): 20
[2026/09/15 19:07:39] 发送(hex): 20
[2026/09/15 19:07:39] 发送(hex): 20
[2026/09/15 19:07:39] 发送(hex): 20
[2026/09/15 19:07:39] 发送(hex): 20
[2026/09/15 19:07:39] 发送(hex): 20
[2026/09/15 19:07:39] 发送(hex): 20
[2026/09/15 19:07:39] 发送(hex): 20
[2026/09/15 19:07:39] 发送(hex): 20
[2026/09/15 19:07:39] 发送(hex): 20
[2026/09/15 19:07:39] 发送(hex): 20
[2026/09/15 19:07:39] 发送(hex): 20
[2026/09/15 19:07:39] 发送(hex): 20
[2026/09/15 19:07:39] 发送(hex): 20
[2026/09/15 19:07:39] 发送(hex): 20
[2026/09/15 19:07:39] 发送(hex): 20
[2026/09/15 19:07:39] Verification passed successfully
[2026/09/15 19:07:39] [Skip A] boot manual mode
[2026/09/15 19:07:39] [Skip V] boot manual mode
[2026/09/15 19:07:39] is_avb_verify_hash_partition 164 find avb verify part_name boot img_buf 0x66400000 size 0x307a000
[2026/09/15 19:07:39] boot header version : 4
[2026/09/15 19:07:39] is_avb_verify_hash_partition 164 find avb verify part_name vendor_boot img_buf 0x6bc00000 size 0x10a3000
[2026/09/15 19:07:39] get_partition_content_by_name 11954 get gpt_name init_boot_a err,try part name init_boot!
[2026/09/15 19:07:39] get_partition_content_by_name 11956 get part name init_boot err!
[2026/09/15 19:07:39] 发送(hex): 20
[2026/09/15 19:07:39] 发送(hex): 20
[2026/09/15 19:07:39] 发送(hex): 20
[2026/09/15 19:07:39] 发送(hex): 20
[2026/09/15 19:07:39] 发送(hex): 20
[2026/09/15 19:07:39] 发送(hex): 20
[2026/09/15 19:07:39] 发送(hex): 20
[2026/09/15 19:07:39] get_merge_ramdisk 11932 cur_ramdisk_size 0xf3096 real_cur_ramdisk_size 0xf3096
[2026/09/15 19:07:39] get_merge_ramdisk 11932 cur_ramdisk_size 0x2019e5 real_cur_ramdisk_size 0x2019e5
[2026/09/15 19:07:39] is_avb_verify_hash_partition 164 find avb verify part_name dtbo img_buf 0x6fc00000 size 0x1186
[2026/09/15 19:07:39] Net:   r8168: REALTEK RTL8168 @0x18016000
[2026/09/15 19:07:39] 发送(hex): 20
[2026/09/15 19:07:39] 发送(hex): 20
[2026/09/15 19:07:39] 发送(hex): 20
[2026/09/15 19:07:39] 发送(hex): 20
[2026/09/15 19:07:39] [Skip K] boot manual mode (execute "go all")
[2026/09/15 19:07:39] Enter console mode, disable watchdog ...
[2026/09/15 19:07:39] Realtek>
[2026/09/15 19:07:39] 发送(hex): 20
[2026/09/15 19:07:39] 发送(hex): 20
[2026/09/15 19:07:39] 发送(hex): 20
[2026/09/15 19:07:39] 发送(hex): 20
[2026/09/15 19:07:39] 发送(hex): 20
[2026/09/15 19:07:39] 发送(hex): 20
[2026/09/15 19:07:39] 发送(hex): 20
[2026/09/15 19:07:39] 发送(hex): 20
[2026/09/15 19:07:39] 发送(hex): 20
[2026/09/15 19:07:39] 发送(hex): 20
[2026/09/15 19:07:39] 发送(hex): 20
[2026/09/15 19:07:39] 发送(hex): 20
[2026/09/15 19:07:39] 发送(hex): 20
[2026/09/15 19:07:39] 发送(hex): 20
[2026/09/15 19:07:39] 发送(hex): 20
[2026/09/15 19:07:39] 发送(hex): 20
[2026/09/15 19:07:39] 发送(hex): 20
[2026/09/15 19:07:39] 发送(hex): 20
[2026/09/15 19:07:39] 发送(hex): 20
[2026/09/15 19:07:39] 发送(hex): 20
[2026/09/15 19:07:39] 发送(hex): 20
[2026/09/15 19:07:39] 发送(hex): 20
[2026/09/15 19:07:39] 发送(hex): 20
[2026/09/15 19:07:39] 发送(hex): 20
[2026/09/15 19:07:39] 发送(hex): 20
[2026/09/15 19:07:39] 发送(hex): 20
[2026/09/15 19:07:39] 发送(hex): 20
[2026/09/15 19:07:39] 发送(hex): 20
[2026/09/15 19:07:39] 发送(hex): 20
[2026/09/15 19:07:39] 发送(hex): 20
[2026/09/15 19:07:39] 发送(hex): 20
[2026/09/15 19:07:39] 发送(hex): 20
[2026/09/15 19:07:39] 发送(hex): 20
[2026/09/15 19:07:39] 发送(hex): 20
[2026/09/15 19:07:39] 发送(hex): 20
[2026/09/15 19:07:40] 发送(hex): 20
[2026/09/15 19:07:40] 发送(hex): 20
[2026/09/15 19:07:40] 发送(hex): 20
[2026/09/15 19:07:40] 发送(hex): 20
[2026/09/15 19:07:40] 发送(hex): 20
[2026/09/15 19:07:40] 发送(hex): 20
[2026/09/15 19:07:40] 发送(hex): 20
[2026/09/15 19:07:40] 发送(hex): 20
[2026/09/15 19:07:40] 发送(hex): 20
[2026/09/15 19:07:40] 发送(hex): 20
[2026/09/15 19:07:40] 发送(hex): 20
[2026/09/15 19:07:40] 发送(hex): 20
[2026/09/15 19:07:40] 发送(hex): 20
[2026/09/15 19:07:40] 发送(hex): 20
[2026/09/15 19:07:40] 发送(hex): 20
[2026/09/15 19:07:40] 发送(hex): 20
[2026/09/15 19:07:40] 发送(hex): 20
[2026/09/15 19:07:40] 发送(hex): 20
[2026/09/15 19:07:40] 发送(hex): 20
[2026/09/15 19:07:40] 发送(hex): 20
[2026/09/15 19:07:40] 发送(hex): 20
[2026/09/15 19:07:40] 发送(hex): 20
[2026/09/15 19:07:40] 发送(hex): 20
[2026/09/15 19:07:40] 发送(hex): 20
[2026/09/15 19:07:40] 发送(hex): 20
[2026/09/15 19:07:40] 发送(hex): 20
[2026/09/15 19:07:40] 发送(hex): 20
[2026/09/15 19:07:40] 发送(hex): 20
[2026/09/15 19:07:40] 发送(hex): 20
[2026/09/15 19:07:40] 发送(hex): 20
[2026/09/15 19:07:40] 发送(hex): 20
[2026/09/15 19:07:40] 发送(hex): 20
[2026/09/15 19:07:40] 发送(hex): 20
[2026/09/15 19:07:40] 发送(hex): 20
[2026/09/15 19:07:40] 发送(hex): 20
[2026/09/15 19:07:40] 发送(hex): 20
[2026/09/15 19:07:40] 发送(hex): 20
[2026/09/15 19:07:40] 发送(hex): 20
[2026/09/15 19:07:40] 发送(hex): 20
[2026/09/15 19:07:40] 发送(hex): 20
[2026/09/15 19:07:40] 发送(hex): 20
[2026/09/15 19:07:40] 发送(hex): 20
[2026/09/15 19:07:40] 发送(hex): 20
[2026/09/15 19:07:40] 发送(hex): 20
[2026/09/15 19:07:40] 发送(hex): 20
[2026/09/15 19:07:40] 发送(hex): 20
[2026/09/15 19:07:40] 发送(hex): 20
[2026/09/15 19:07:40] 发送(hex): 20
[2026/09/15 19:07:40] 发送(hex): 20
[2026/09/15 19:07:40] 发送(hex): 20
[2026/09/15 19:07:40] 发送(hex): 20
[2026/09/15 19:07:40] 发送(hex): 20
[2026/09/15 19:07:40] 发送(hex): 20
[2026/09/15 19:07:40] 发送(hex): 20
[2026/09/15 19:07:40] 发送(hex): 20
[2026/09/15 19:07:40] 发送(hex): 20
[2026/09/15 19:07:40] 发送(hex): 20
[2026/09/15 19:07:40] 发送(hex): 20
[2026/09/15 19:07:40] 发送(hex): 20
[2026/09/15 19:07:40] 发送(hex): 20
[2026/09/15 19:07:40] 发送(hex): 20
[2026/09/15 19:07:40] 发送(hex): 20
[2026/09/15 19:07:40] 发送(hex): 20
[2026/09/15 19:07:40] 发送(hex): 20
[2026/09/15 19:07:40] 发送(hex): 20
[2026/09/15 19:07:40] 发送(hex): 20
[2026/09/15 19:07:40] 发送(hex): 20
[2026/09/15 19:07:40] 发送(hex): 20
[2026/09/15 19:07:40] 发送(hex): 20
[2026/09/15 19:07:40] 发送(hex): 20
[2026/09/15 19:07:40] 发送(hex): 20
[2026/09/15 19:07:40] 发送(hex): 20
[2026/09/15 19:07:40] 发送(hex): 20
[2026/09/15 19:07:40] 发送(hex): 20
[2026/09/15 19:07:40] 发送(hex): 20
[2026/09/15 19:07:40] 发送(hex): 20
[2026/09/15 19:07:40] 发送(hex): 20
[2026/09/15 19:07:40] 发送(hex): 20
[2026/09/15 19:07:40] 发送(hex): 20
[2026/09/15 19:07:40] 发送(hex): 20
[2026/09/15 19:07:40] 发送(hex): 20
[2026/09/15 19:07:40] 发送(hex): 20
[2026/09/15 19:07:40] 发送(hex): 20
[2026/09/15 19:07:40] 发送(hex): 20
[2026/09/15 19:07:40] 发送(hex): 20
[2026/09/15 19:07:40] 发送(hex): 20
[2026/09/15 19:07:40] 发送(hex): 20
[2026/09/15 19:07:40] 发送(hex): 20
[2026/09/15 19:07:40] 发送(hex): 20
[2026/09/15 19:07:40] 发送(hex): 20
[2026/09/15 19:07:40] 发送(hex): 20
[2026/09/15 19:07:40] 发送(hex): 20
[2026/09/15 19:07:40] 发送(hex): 20
[2026/09/15 19:07:40] 发送(hex): 20
[2026/09/15 19:07:41] 发送(hex): 20
[2026/09/15 19:07:41] 发送(hex): 20
[2026/09/15 19:07:41] 发送(hex): 20
[2026/09/15 19:07:41] 发送(hex): 20
[2026/09/15 19:07:41] 发送(hex): 20
[2026/09/15 19:07:41] 发送(hex): 20
[2026/09/15 19:07:41] 发送(hex): 20
[2026/09/15 19:07:41] 发送(hex): 20
[2026/09/15 19:07:41] 发送(hex): 20
[2026/09/15 19:07:41] 发送(hex): 20
[2026/09/15 19:07:41] 发送(hex): 20
[2026/09/15 19:07:41] 发送(hex): 20
[2026/09/15 19:07:41] 发送(hex): 20
[2026/09/15 19:07:41] 发送(hex): 20
[2026/09/15 19:07:41] 发送(hex): 20
[2026/09/15 19:07:41] 发送(hex): 20
[2026/09/15 19:07:41] 发送(hex): 20
[2026/09/15 19:07:41] 发送(hex): 20
[2026/09/15 19:07:41] 发送(hex): 20
[2026/09/15 19:07:41] 发送(hex): 20
[2026/09/15 19:07:41] 发送(hex): 20
[2026/09/15 19:07:41] 发送(hex): 20
[2026/09/15 19:07:41] 发送(hex): 20
[2026/09/15 19:07:41] 发送(hex): 20
[2026/09/15 19:07:41] 发送(hex): 20
[2026/09/15 19:07:41] 发送(hex): 20
[2026/09/15 19:07:41] 发送(hex): 20
[2026/09/15 19:07:41] 发送(hex): 20
[2026/09/15 19:07:41] 发送(hex): 20
[2026/09/15 19:07:41] 发送(hex): 20
[2026/09/15 19:07:41] 发送(hex): 20
[2026/09/15 19:07:41] 发送(hex): 20
[2026/09/15 19:07:41] 发送(hex): 20
[2026/09/15 19:07:41] 发送(hex): 20
[2026/09/15 19:07:41] 发送(hex): 20
[2026/09/15 19:07:41] 发送(hex): 20
[2026/09/15 19:07:41] 发送(hex): 20
[2026/09/15 19:07:41] 发送(hex): 20
[2026/09/15 19:07:41] 发送(hex): 20
[2026/09/15 19:07:41] 发送(hex): 20
[2026/09/15 19:07:41] 发送(hex): 20
[2026/09/15 19:07:41] 发送(hex): 20
[2026/09/15 19:07:41] 发送(hex): 20
[2026/09/15 19:07:41] 发送(hex): 20
[2026/09/15 19:07:41] 发送(hex): 20
[2026/09/15 19:07:41] 发送(hex): 20
[2026/09/15 19:07:41] 发送(hex): 20
[2026/09/15 19:07:41] 发送(hex): 20
[2026/09/15 19:07:41] 发送(hex): 20
[2026/09/15 19:07:41] 发送(hex): 20
[2026/09/15 19:07:41] 发送(hex): 20
[2026/09/15 19:07:41] 发送(hex): 20
[2026/09/15 19:07:41] 发送(hex): 20
[2026/09/15 19:07:41] 发送(hex): 20
[2026/09/15 19:07:41] 发送(hex): 20
[2026/09/15 19:07:41] 发送(hex): 20
[2026/09/15 19:07:41] 发送(hex): 20
[2026/09/15 19:07:41] 发送(hex): 20
[2026/09/15 19:07:41] 发送(hex): 20
[2026/09/15 19:07:41] 发送(hex): 20
[2026/09/15 19:07:41] 发送(hex): 20
[2026/09/15 19:07:41] 发送(hex): 20
[2026/09/15 19:07:41] 发送(hex): 20
[2026/09/15 19:07:41] 发送(hex): 20
[2026/09/15 19:07:41] 发送(hex): 20
[2026/09/15 19:07:41] 发送(hex): 20
[2026/09/15 19:07:41] 发送(hex): 20
[2026/09/15 19:07:41] 发送(hex): 20
[2026/09/15 19:07:41] 发送(hex): 20
[2026/09/15 19:07:41] 发送(hex): 20
[2026/09/15 19:07:41] 发送(hex): 20
[2026/09/15 19:07:41] 发送(hex): 20
[2026/09/15 19:07:41] 发送(hex): 20
[2026/09/15 19:07:41] 发送(hex): 20
[2026/09/15 19:07:41] 发送(hex): 20
[2026/09/15 19:07:41] 发送(hex): 20
[2026/09/15 19:07:41] 发送(hex): 20
[2026/09/15 19:07:41] 发送(hex): 20
[2026/09/15 19:07:41] 发送(hex): 20
[2026/09/15 19:07:41] 发送(hex): 20
[2026/09/15 19:07:41] 发送(hex): 20
[2026/09/15 19:07:41] 发送(hex): 20
[2026/09/15 19:07:41] 发送(hex): 20
[2026/09/15 19:07:41] 发送(hex): 20
[2026/09/15 19:07:41] 发送(hex): 20
[2026/09/15 19:07:41] 发送(hex): 20
[2026/09/15 19:07:41] 发送(hex): 20
[2026/09/15 19:07:41] 发送(hex): 20
[2026/09/15 19:07:41] 发送(hex): 20
[2026/09/15 19:07:41] 发送(hex): 20
[2026/09/15 19:07:41] 发送(hex): 20
[2026/09/15 19:07:41] 发送(hex): 20
[2026/09/15 19:07:41] 发送(hex): 20
[2026/09/15 19:07:42] 发送(hex): 20
[2026/09/15 19:07:42] 发送(hex): 20
[2026/09/15 19:07:42] 发送(hex): 20
[2026/09/15 19:07:42] 发送(hex): 20
[2026/09/15 19:07:42] 发送(hex): 20
[2026/09/15 19:07:42] 发送(hex): 20
[2026/09/15 19:07:42] 发送(hex): 20
[2026/09/15 19:07:42] 发送(hex): 20
[2026/09/15 19:07:42] 发送(hex): 20
[2026/09/15 19:07:42] 发送(hex): 20
[2026/09/15 19:07:42] 发送(hex): 20
[2026/09/15 19:07:42] 发送(hex): 20
[2026/09/15 19:07:42] 发送(hex): 20
[2026/09/15 19:07:42] 发送(hex): 20
[2026/09/15 19:07:42] 发送(hex): 20
[2026/09/15 19:07:42] 发送(hex): 20
[2026/09/15 19:07:42] 发送(hex): 20
[2026/09/15 19:07:42] 发送(hex): 20
[2026/09/15 19:07:42] 发送(hex): 20
[2026/09/15 19:07:42] 发送(hex): 20
[2026/09/15 19:07:42] 发送(hex): 20
[2026/09/15 19:07:42] 发送(hex): 20
[2026/09/15 19:07:42] 发送(hex): 20
[2026/09/15 19:07:42] 发送(hex): 20
[2026/09/15 19:07:42] 发送(hex): 20
[2026/09/15 19:07:42] 发送(hex): 20
[2026/09/15 19:07:42] 发送(hex): 20
[2026/09/15 19:07:42] 发送(hex): 20
[2026/09/15 19:07:42] 发送(hex): 20
[2026/09/15 19:07:42] 发送(hex): 20
[2026/09/15 19:07:42] 发送(hex): 20
[2026/09/15 19:07:42] 发送(hex): 20
[2026/09/15 19:07:42] 发送(hex): 20
[2026/09/15 19:07:42] 发送(hex): 20
[2026/09/15 19:07:42] 发送(hex): 20
[2026/09/15 19:07:42] 发送(hex): 20
[2026/09/15 19:07:42] 发送(hex): 20
[2026/09/15 19:07:42] 发送(hex): 20
[2026/09/15 19:07:42] 发送(hex): 20
[2026/09/15 19:07:42] 发送(hex): 20
[2026/09/15 19:07:42] 发送(hex): 20
[2026/09/15 19:07:42] 发送(hex): 20
[2026/09/15 19:07:42] 发送(hex): 20
[2026/09/15 19:07:42] 发送(hex): 20
[2026/09/15 19:07:42] 发送(hex): 20
[2026/09/15 19:07:42] 发送(hex): 20
[2026/09/15 19:07:42] 发送(hex): 20
[2026/09/15 19:07:42] 发送(hex): 20
[2026/09/15 19:07:42] 发送(hex): 20
[2026/09/15 19:07:42] 发送(hex): 20
[2026/09/15 19:07:42] 发送(hex): 20
[2026/09/15 19:07:42] 发送(hex): 20
[2026/09/15 19:07:42] 发送(hex): 20
[2026/09/15 19:07:42] 发送(hex): 20
[2026/09/15 19:07:42] 发送(hex): 20
[2026/09/15 19:07:42] 发送(hex): 20
[2026/09/15 19:07:42] 发送(hex): 20
[2026/09/15 19:07:42] 发送(hex): 20
[2026/09/15 19:07:42] 发送(hex): 20
[2026/09/15 19:07:42] 发送(hex): 20
[2026/09/15 19:07:42] 发送(hex): 20
[2026/09/15 19:07:42] 发送(hex): 20
[2026/09/15 19:07:42] 发送(hex): 20
[2026/09/15 19:07:42] 发送(hex): 20
[2026/09/15 19:07:42] 发送(hex): 20
[2026/09/15 19:07:42] 发送(hex): 20
[2026/09/15 19:07:42] 发送(hex): 20
[2026/09/15 19:07:42] 发送(hex): 20
[2026/09/15 19:07:42] 发送(hex): 20
[2026/09/15 19:07:42] 发送(hex): 20
[2026/09/15 19:07:42] 发送(hex): 20
[2026/09/15 19:07:42] 发送(hex): 20
[2026/09/15 19:07:42] 发送(hex): 20
[2026/09/15 19:07:42] 发送(hex): 20
[2026/09/15 19:07:42] 发送(hex): 20
[2026/09/15 19:07:42] 发送(hex): 20
[2026/09/15 19:07:42] 发送(hex): 20
[2026/09/15 19:07:42] 发送(hex): 20
[2026/09/15 19:07:42] 发送(hex): 20
[2026/09/15 19:07:42] 发送(hex): 20
[2026/09/15 19:07:42] 发送(hex): 20
[2026/09/15 19:07:42] 发送(hex): 20
[2026/09/15 19:07:42] 发送(hex): 20
[2026/09/15 19:07:42] 发送(hex): 20
[2026/09/15 19:07:42] 发送(hex): 20
[2026/09/15 19:07:42] 发送(hex): 20
[2026/09/15 19:07:42] 发送(hex): 20
[2026/09/15 19:07:42] 发送(hex): 20
[2026/09/15 19:07:42] 发送(hex): 20
[2026/09/15 19:07:42] 发送(hex): 20
[2026/09/15 19:07:42] 发送(hex): 20
[2026/09/15 19:07:42] 发送(hex): 20
[2026/09/15 19:07:42] 发送(hex): 20
[2026/09/15 19:07:42] 发送(hex): 20
[2026/09/15 19:07:43] 发送(hex): 20
[2026/09/15 19:07:43] 发送(hex): 20
[2026/09/15 19:07:43] 发送(hex): 20
[2026/09/15 19:07:43] 发送(hex): 20
[2026/09/15 19:07:43] 发送(hex): 20
[2026/09/15 19:07:43] 发送(hex): 20
[2026/09/15 19:07:43] 发送(hex): 20
[2026/09/15 19:07:43] 发送(hex): 20
[2026/09/15 19:07:43] 发送(hex): 20
[2026/09/15 19:07:43] 发送(hex): 20
[2026/09/15 19:07:43] 发送(hex): 20
[2026/09/15 19:07:43] 发送(hex): 20
[2026/09/15 19:07:43] 发送(hex): 20
[2026/09/15 19:07:43] 发送(hex): 20
[2026/09/15 19:07:43] 发送(hex): 20
[2026/09/15 19:07:43] 发送(hex): 20
[2026/09/15 19:07:43] 发送(hex): 20
[2026/09/15 19:07:43] 发送(hex): 20
[2026/09/15 19:07:43] 发送(hex): 20
[2026/09/15 19:07:43] 发送(hex): 20
[2026/09/15 19:07:43] 发送(hex): 20
[2026/09/15 19:07:43] 发送(hex): 20
[2026/09/15 19:07:43] 发送(hex): 20
[2026/09/15 19:07:43] 发送(hex): 20
[2026/09/15 19:07:43] 发送(hex): 20
[2026/09/15 19:07:43] 发送(hex): 20
[2026/09/15 19:07:43] 发送(hex): 20
[2026/09/15 19:07:43] 发送(hex): 20
[2026/09/15 19:07:43] 发送(hex): 20
[2026/09/15 19:07:43] 发送(hex): 20
[2026/09/15 19:07:43] 发送(hex): 20
[2026/09/15 19:07:43] 发送(hex): 20
[2026/09/15 19:07:43] 发送(hex): 20
[2026/09/15 19:07:43] 发送(hex): 20
[2026/09/15 19:07:43] 发送(hex): 20
[2026/09/15 19:07:43] 发送(hex): 20
[2026/09/15 19:07:43] 发送(hex): 20
[2026/09/15 19:07:43] 发送(hex): 20
[2026/09/15 19:07:43] 发送(hex): 20
[2026/09/15 19:07:43] 发送(hex): 20
[2026/09/15 19:07:43] 发送(hex): 20
[2026/09/15 19:07:43] 发送(hex): 20
[2026/09/15 19:07:43] 发送(hex): 20
[2026/09/15 19:07:43] 发送(hex): 20
[2026/09/15 19:07:43] 发送(hex): 20
[2026/09/15 19:07:43] 发送(hex): 20
[2026/09/15 19:07:43] 发送(hex): 20
[2026/09/15 19:07:43] 发送(hex): 20
[2026/09/15 19:07:43] 发送(hex): 20
[2026/09/15 19:07:43] 发送(hex): 20
[2026/09/15 19:07:43] 发送(hex): 20
[2026/09/15 19:07:43] 发送(hex): 20
[2026/09/15 19:07:43] 发送(hex): 20
[2026/09/15 19:07:43] 发送(hex): 20
[2026/09/15 19:07:43] 发送(hex): 20
[2026/09/15 19:07:43] 发送(hex): 20
[2026/09/15 19:07:43] 发送(hex): 20
[2026/09/15 19:07:43] 发送(hex): 20
[2026/09/15 19:07:43] 发送(hex): 20
[2026/09/15 19:07:43] 发送(hex): 20
[2026/09/15 19:07:43] 发送(hex): 20
[2026/09/15 19:07:43] 发送(hex): 20
[2026/09/15 19:07:43] 发送(hex): 20
[2026/09/15 19:07:43] 发送(hex): 20
[2026/09/15 19:07:43] 发送(hex): 20
[2026/09/15 19:07:43] 发送(hex): 20
[2026/09/15 19:07:43] 发送(hex): 20
[2026/09/15 19:07:43] 发送(hex): 20
[2026/09/15 19:07:43] 发送(hex): 20
[2026/09/15 19:07:43] 发送(hex): 20
[2026/09/15 19:07:43] 发送(hex): 20
[2026/09/15 19:07:43] 发送(hex): 20
[2026/09/15 19:07:43] 发送(hex): 20
[2026/09/15 19:07:43] 发送(hex): 20
[2026/09/15 19:07:43] 发送(hex): 20
[2026/09/15 19:07:43] 发送(hex): 20
[2026/09/15 19:07:43] 发送(hex): 20
[2026/09/15 19:07:43] 发送(hex): 20
[2026/09/15 19:07:43] 发送(hex): 20
[2026/09/15 19:07:43] 发送(hex): 20
[2026/09/15 19:07:43] 发送(hex): 20
[2026/09/15 19:07:43] 发送(hex): 20
[2026/09/15 19:07:43] 发送(hex): 20
[2026/09/15 19:07:43] 发送(hex): 20
[2026/09/15 19:07:43] 发送(hex): 20
[2026/09/15 19:07:43] 发送(hex): 20
[2026/09/15 19:07:43] 发送(hex): 20
[2026/09/15 19:07:43] 发送(hex): 20
[2026/09/15 19:07:43] 发送(hex): 20
[2026/09/15 19:07:43] 发送(hex): 20
[2026/09/15 19:07:43] 发送(hex): 20
[2026/09/15 19:07:43] 发送(hex): 20
[2026/09/15 19:07:43] 发送(hex): 20
[2026/09/15 19:07:43] 发送(hex): 20
[2026/09/15 19:07:44] 发送(hex): 20
[2026/09/15 19:07:44] 发送(hex): 20
[2026/09/15 19:07:44] 发送(hex): 20
[2026/09/15 19:07:44] 发送(hex): 20
[2026/09/15 19:07:44] 发送(hex): 20
[2026/09/15 19:07:44] 发送(hex): 20
[2026/09/15 19:07:44] 发送(hex): 20
[2026/09/15 19:07:44] 发送(hex): 20
[2026/09/15 19:07:44] 发送(hex): 20
[2026/09/15 19:07:44] 发送(hex): 20
[2026/09/15 19:07:44] 发送(hex): 20
[2026/09/15 19:07:44] 发送(hex): 20
[2026/09/15 19:07:44] 发送(hex): 20
[2026/09/15 19:07:44] 发送(hex): 20
[2026/09/15 19:07:44] 发送(hex): 20
[2026/09/15 19:07:44] 发送(hex): 20
[2026/09/15 19:07:44] 发送(hex): 20
[2026/09/15 19:07:44] 发送(hex): 20
[2026/09/15 19:07:44] 发送(hex): 20
[2026/09/15 19:07:44] 发送(hex): 20
[2026/09/15 19:07:44] 发送(hex): 20
[2026/09/15 19:07:44] 发送(hex): 20
[2026/09/15 19:07:44] 发送(hex): 20
[2026/09/15 19:07:44] 发送(hex): 20
[2026/09/15 19:07:44] 发送(hex): 20
[2026/09/15 19:07:44] 发送(hex): 20
[2026/09/15 19:07:44] 发送(hex): 20
[2026/09/15 19:07:44] 发送(hex): 20
[2026/09/15 19:07:44] 发送(hex): 20
[2026/09/15 19:07:44] 发送(hex): 20
[2026/09/15 19:07:44] 发送(hex): 20
[2026/09/15 19:07:44] 发送(hex): 20
[2026/09/15 19:07:44] 发送(hex): 20
[2026/09/15 19:07:44] 发送(hex): 20
[2026/09/15 19:07:44] 发送(hex): 20
[2026/09/15 19:07:44] 发送(hex): 20
[2026/09/15 19:07:44] 发送(hex): 20
[2026/09/15 19:07:44] 发送(hex): 20
[2026/09/15 19:07:44] 发送(hex): 20
[2026/09/15 19:07:44] 发送(hex): 20
[2026/09/15 19:07:44] 发送(hex): 20
[2026/09/15 19:07:44] 发送(hex): 20
[2026/09/15 19:07:44] 发送(hex): 20
[2026/09/15 19:07:44] 发送(hex): 20
[2026/09/15 19:07:44] 发送(hex): 20
[2026/09/15 19:07:44] 发送(hex): 20
[2026/09/15 19:07:44] 发送(hex): 20
[2026/09/15 19:07:44] 发送(hex): 20
[2026/09/15 19:07:44] 发送(hex): 20
[2026/09/15 19:07:44] 发送(hex): 20
[2026/09/15 19:07:44] 发送(hex): 20
[2026/09/15 19:07:44] 发送(hex): 20
[2026/09/15 19:07:44] 发送(hex): 20
[2026/09/15 19:07:44] 发送(hex): 20
[2026/09/15 19:07:44] 发送(hex): 20
[2026/09/15 19:07:44] 发送(hex): 20
[2026/09/15 19:07:44] 发送(hex): 20
[2026/09/15 19:07:44] 发送(hex): 20
[2026/09/15 19:07:44] 发送(hex): 20
[2026/09/15 19:07:44] 发送(hex): 20
[2026/09/15 19:07:44] 发送(hex): 20
[2026/09/15 19:07:44] 发送(hex): 20
[2026/09/15 19:07:44] 发送(hex): 20
[2026/09/15 19:07:44] 发送(hex): 20
[2026/09/15 19:07:44] 发送(hex): 20
[2026/09/15 19:07:44] 发送(hex): 20
[2026/09/15 19:07:44] 发送(hex): 20
[2026/09/15 19:07:44] 发送(hex): 20
[2026/09/15 19:07:44] 发送(hex): 20
[2026/09/15 19:07:44] 发送(hex): 20
[2026/09/15 19:07:44] 发送(hex): 20
[2026/09/15 19:07:44] 发送(hex): 20
[2026/09/15 19:07:44] 发送(hex): 20
[2026/09/15 19:07:44] 发送(hex): 20
[2026/09/15 19:07:44] 发送(hex): 20
[2026/09/15 19:07:44] 发送(hex): 20
[2026/09/15 19:07:44] 发送(hex): 20
[2026/09/15 19:07:44] 发送(hex): 20
[2026/09/15 19:07:44] 发送(hex): 20
[2026/09/15 19:07:44] 发送(hex): 20
[2026/09/15 19:07:44] 发送(hex): 20
[2026/09/15 19:07:44] 发送(hex): 20
[2026/09/15 19:07:44] 发送(hex): 20
[2026/09/15 19:07:44] 发送(hex): 20
[2026/09/15 19:07:44] 发送(hex): 20
[2026/09/15 19:07:44] 发送(hex): 20
[2026/09/15 19:07:44] 发送(hex): 20
[2026/09/15 19:07:44] 发送(hex): 20
[2026/09/15 19:07:44] 发送(hex): 20
[2026/09/15 19:07:44] 发送(hex): 20
[2026/09/15 19:07:44] 发送(hex): 20
[2026/09/15 19:07:44] 发送(hex): 20
[2026/09/15 19:07:44] 发送(hex): 20
[2026/09/15 19:07:44] 发送(hex): 20
[2026/09/15 19:07:45] 发送(hex): 20
[2026/09/15 19:07:45] 发送(hex): 20
[2026/09/15 19:07:45] 发送(hex): 20
[2026/09/15 19:07:45] 发送(hex): 20
[2026/09/15 19:07:45] 发送(hex): 20
[2026/09/15 19:07:45] 发送(hex): 20
[2026/09/15 19:07:45] 发送(hex): 20
[2026/09/15 19:07:45] 发送(hex): 20
[2026/09/15 19:07:45] 发送(hex): 20
[2026/09/15 19:07:45] 发送(hex): 20
[2026/09/15 19:07:45] 发送(hex): 20
[2026/09/15 19:07:45] 发送(hex): 20
[2026/09/15 19:07:45] 发送(hex): 20
[2026/09/15 19:07:45] 发送(hex): 20
[2026/09/15 19:07:45] 发送(hex): 20
[2026/09/15 19:07:45] 发送(hex): 20
[2026/09/15 19:07:45] 发送(hex): 20
[2026/09/15 19:07:45] 发送(hex): 20
[2026/09/15 19:07:45] 发送(hex): 20
[2026/09/15 19:07:45] 发送(hex): 20
[2026/09/15 19:07:45] 发送(hex): 20
[2026/09/15 19:07:45] 发送(hex): 20
[2026/09/15 19:07:45] 发送(hex): 20
[2026/09/15 19:07:45] 发送(hex): 20
[2026/09/15 19:07:45] 发送(hex): 20
[2026/09/15 19:07:45] 发送(hex): 20
[2026/09/15 19:07:45] 发送(hex): 20
[2026/09/15 19:07:45] 发送(hex): 20
[2026/09/15 19:07:45] 发送(hex): 20
[2026/09/15 19:07:45] 发送(hex): 20
[2026/09/15 19:07:45] 发送(hex): 20
[2026/09/15 19:07:45] 发送(hex): 20
[2026/09/15 19:07:45] 发送(hex): 20
[2026/09/15 19:07:45] 发送(hex): 20
[2026/09/15 19:07:45] 发送(hex): 20
[2026/09/15 19:07:45] 发送(hex): 20
[2026/09/15 19:07:45] 发送(hex): 20
[2026/09/15 19:07:45] 发送(hex): 20
[2026/09/15 19:07:45] 发送(hex): 20
[2026/09/15 19:07:45] 发送(hex): 20
[2026/09/15 19:07:45] 发送(hex): 20
[2026/09/15 19:07:45] 发送(hex): 20
[2026/09/15 19:07:45] 发送(hex): 20
[2026/09/15 19:07:45] 发送(hex): 20
[2026/09/15 19:07:45] 发送(hex): 20
[2026/09/15 19:07:45] 发送(hex): 20
[2026/09/15 19:07:45] 发送(hex): 20
[2026/09/15 19:07:45] 发送(hex): 20
[2026/09/15 19:07:45] 发送(hex): 20
[2026/09/15 19:07:45] 发送(hex): 20
[2026/09/15 19:07:45] 发送(hex): 20
[2026/09/15 19:07:45] 发送(hex): 20
[2026/09/15 19:07:45] 发送(hex): 20
[2026/09/15 19:07:45] 发送(hex): 20
[2026/09/15 19:07:45] 发送(hex): 20
[2026/09/15 19:07:45] 发送(hex): 20
[2026/09/15 19:07:45] 发送(hex): 20
[2026/09/15 19:07:45] 发送(hex): 20
[2026/09/15 19:07:45] 发送(hex): 20
[2026/09/15 19:07:45] 发送(hex): 20
[2026/09/15 19:07:45] 发送(hex): 20
[2026/09/15 19:07:45] 发送(hex): 20
[2026/09/15 19:07:45] 发送(hex): 20
[2026/09/15 19:07:45] 发送(hex): 20
[2026/09/15 19:07:45] 发送(hex): 20
[2026/09/15 19:07:45] 发送(hex): 20
[2026/09/15 19:07:45] 发送(hex): 20
[2026/09/15 19:07:45] 发送(hex): 20
[2026/09/15 19:07:45] 发送(hex): 20
[2026/09/15 19:07:45] 发送(hex): 20
[2026/09/15 19:07:45] 发送(hex): 20
[2026/09/15 19:07:45] 发送(hex): 20
[2026/09/15 19:07:45] 发送(hex): 20
[2026/09/15 19:07:45] 发送(hex): 20
[2026/09/15 19:07:45] 发送(hex): 20
[2026/09/15 19:07:45] 发送(hex): 20
[2026/09/15 19:07:45] 发送(hex): 20
[2026/09/15 19:07:45] 发送(hex): 20
[2026/09/15 19:07:45] 发送(hex): 20
[2026/09/15 19:07:45] 发送(hex): 20
[2026/09/15 19:07:45] 发送(hex): 20
[2026/09/15 19:07:45] 发送(hex): 20
[2026/09/15 19:07:45] 发送(hex): 20
[2026/09/15 19:07:45] 发送(hex): 20
[2026/09/15 19:07:45] 发送(hex): 20
[2026/09/15 19:07:45] 发送(hex): 20
[2026/09/15 19:07:45] 发送(hex): 20
[2026/09/15 19:07:45] 发送(hex): 20
[2026/09/15 19:07:45] 发送(hex): 20
[2026/09/15 19:07:45] 发送(hex): 20
[2026/09/15 19:07:45] 发送(hex): 20
[2026/09/15 19:07:45] 发送(hex): 20
[2026/09/15 19:07:45] 发送(hex): 20
[2026/09/15 19:07:45] 发送(hex): 20
[2026/09/15 19:07:46] 发送(hex): 20
[2026/09/15 19:07:46] 发送(hex): 20
[2026/09/15 19:07:46] 发送(hex): 20
[2026/09/15 19:07:46] 发送(hex): 20
[2026/09/15 19:07:46] 发送(hex): 20
[2026/09/15 19:07:46] 发送(hex): 20
[2026/09/15 19:07:46] 发送(hex): 20
[2026/09/15 19:07:46] 发送(hex): 20
[2026/09/15 19:07:46] 发送(hex): 20
[2026/09/15 19:07:46] 发送(hex): 20
[2026/09/15 19:07:46] 发送(hex): 20
[2026/09/15 19:07:46] 发送(hex): 20
[2026/09/15 19:07:46] 发送(hex): 20
[2026/09/15 19:07:46] 发送(hex): 20
[2026/09/15 19:07:46] 发送(hex): 20
[2026/09/15 19:07:46] 发送(hex): 20
[2026/09/15 19:07:46] 发送(hex): 20
[2026/09/15 19:07:46] 发送(hex): 20
[2026/09/15 19:07:46] 发送(hex): 20
[2026/09/15 19:07:46] 发送(hex): 20
[2026/09/15 19:07:46] 发送(hex): 20
[2026/09/15 19:07:46] 发送(hex): 20
[2026/09/15 19:07:46] 发送(hex): 20
[2026/09/15 19:07:46] 发送(hex): 20
[2026/09/15 19:07:46] 发送(hex): 20
[2026/09/15 19:07:46] 发送(hex): 20
[2026/09/15 19:07:46] 发送(hex): 20
[2026/09/15 19:07:46] 发送(hex): 20
[2026/09/15 19:07:46] 发送(hex): 20
[2026/09/15 19:07:46] 发送(hex): 20
[2026/09/15 19:07:46] 发送(hex): 20
[2026/09/15 19:07:46] 发送(hex): 20
[2026/09/15 19:07:46] 发送(hex): 20
[2026/09/15 19:07:46] 发送(hex): 20
[2026/09/15 19:07:46] 发送(hex): 20
[2026/09/15 19:07:46] 发送(hex): 20
[2026/09/15 19:07:46] 发送(hex): 20
[2026/09/15 19:07:46] 发送(hex): 20
[2026/09/15 19:07:46] 发送(hex): 20
[2026/09/15 19:07:46] 发送(hex): 20
[2026/09/15 19:07:46] 发送(hex): 20
[2026/09/15 19:07:46] 发送(hex): 20
[2026/09/15 19:07:46] 发送(hex): 20
[2026/09/15 19:07:46] 发送(hex): 20
[2026/09/15 19:07:46] 发送(hex): 20
[2026/09/15 19:07:46] 发送(hex): 20
[2026/09/15 19:07:46] 发送(hex): 20
[2026/09/15 19:07:46] 发送(hex): 20
[2026/09/15 19:07:46] 发送(hex): 20
[2026/09/15 19:07:46] 发送(hex): 20
[2026/09/15 19:07:46] 发送(hex): 20
[2026/09/15 19:07:46] 发送(hex): 20
[2026/09/15 19:07:46] 发送(hex): 20
[2026/09/15 19:07:46] 发送(hex): 20
[2026/09/15 19:07:46] 发送(hex): 20
[2026/09/15 19:07:46] 发送(hex): 20
[2026/09/15 19:07:46] 发送(hex): 20
[2026/09/15 19:07:46] 发送(hex): 20
[2026/09/15 19:07:46] 发送(hex): 20
[2026/09/15 19:07:46] 发送(hex): 20
[2026/09/15 19:07:46] 发送(hex): 20
[2026/09/15 19:07:46] 发送(hex): 20
[2026/09/15 19:07:46] 发送(hex): 20
[2026/09/15 19:07:46] 发送(hex): 20
[2026/09/15 19:07:46] 发送(hex): 20
[2026/09/15 19:07:46] 发送(hex): 20
[2026/09/15 19:07:46] 发送(hex): 20
[2026/09/15 19:07:46] 发送(hex): 20
[2026/09/15 19:07:46] 发送(hex): 20
[2026/09/15 19:07:46] 发送(hex): 20
[2026/09/15 19:07:46] 发送(hex): 20
[2026/09/15 19:07:46] 发送(hex): 20
[2026/09/15 19:07:46] 发送(hex): 20
[2026/09/15 19:07:46] 发送(hex): 20
[2026/09/15 19:07:46] 发送(hex): 20
[2026/09/15 19:07:46] 发送(hex): 20
[2026/09/15 19:07:46] 发送(hex): 20
[2026/09/15 19:07:46] 发送(hex): 20
[2026/09/15 19:07:46] 发送(hex): 20
[2026/09/15 19:07:46] 发送(hex): 20
[2026/09/15 19:07:46] 发送(hex): 20
[2026/09/15 19:07:46] 发送(hex): 20
[2026/09/15 19:07:46] 发送(hex): 20
[2026/09/15 19:07:46] 发送(hex): 20
[2026/09/15 19:07:46] 发送(hex): 20
[2026/09/15 19:07:46] 发送(hex): 20
[2026/09/15 19:07:46] 发送(hex): 20
[2026/09/15 19:07:46] 发送(hex): 20
[2026/09/15 19:07:46] 发送(hex): 20
[2026/09/15 19:07:46] 发送(hex): 20
[2026/09/15 19:07:46] 发送(hex): 20
[2026/09/15 19:07:46] 发送(hex): 20
[2026/09/15 19:07:46] 发送(hex): 20
[2026/09/15 19:07:46] 发送(hex): 20
[2026/09/15 19:07:46] 发送(hex): 20
[2026/09/15 19:07:47] 发送(hex): 20
[2026/09/15 19:07:47] 发送(hex): 20
[2026/09/15 19:07:47] 发送(hex): 20
[2026/09/15 19:07:47] 发送(hex): 20
[2026/09/15 19:07:47] 发送(hex): 20
[2026/09/15 19:07:47] 发送(hex): 20
[2026/09/15 19:07:47] 发送(hex): 20
[2026/09/15 19:07:47] 发送(hex): 20
[2026/09/15 19:07:47] 发送(hex): 20
[2026/09/15 19:07:47] 发送(hex): 20
[2026/09/15 19:07:47] 发送(hex): 20
[2026/09/15 19:07:47] 发送(hex): 20
[2026/09/15 19:07:47] 发送(hex): 20
[2026/09/15 19:07:47] 发送(hex): 20
[2026/09/15 19:07:47] 发送(hex): 20
[2026/09/15 19:07:47] 发送(hex): 20
[2026/09/15 19:07:47] 发送(hex): 20
[2026/09/15 19:07:47] 发送(hex): 20
[2026/09/15 19:07:47] 发送(hex): 20
[2026/09/15 19:07:47] 发送(hex): 20
[2026/09/15 19:07:47] 发送(hex): 20
[2026/09/15 19:07:47] 发送(hex): 20
[2026/09/15 19:07:47] 发送(hex): 20
[2026/09/15 19:07:47] 发送(hex): 20
[2026/09/15 19:07:47] 发送(hex): 20
[2026/09/15 19:07:47] 发送(hex): 20
[2026/09/15 19:07:47] 发送(hex): 20
[2026/09/15 19:07:47] 发送(hex): 20
[2026/09/15 19:07:47] 发送(hex): 20
[2026/09/15 19:07:47] 发送(hex): 20
[2026/09/15 19:07:47] 发送(hex): 20
[2026/09/15 19:07:47] 发送(hex): 20
[2026/09/15 19:07:47] 发送(hex): 20
[2026/09/15 19:07:47] 发送(hex): 20
[2026/09/15 19:07:47] 发送(hex): 20
[2026/09/15 19:07:47] 发送(hex): 20
[2026/09/15 19:07:47] 发送(hex): 20
[2026/09/15 19:07:47] 发送(hex): 20
[2026/09/15 19:07:47] 发送(hex): 20
[2026/09/15 19:07:47] 发送(hex): 20
[2026/09/15 19:07:47] 发送(hex): 20
[2026/09/15 19:07:47] 发送(hex): 20
[2026/09/15 19:07:47] 发送(hex): 20
[2026/09/15 19:07:47] 发送(hex): 20
[2026/09/15 19:07:47] 发送(hex): 20
[2026/09/15 19:07:47] 发送(hex): 20
[2026/09/15 19:07:47] 发送(hex): 20
[2026/09/15 19:07:47] 发送(hex): 20
[2026/09/15 19:07:47] 发送(hex): 20
[2026/09/15 19:07:47] 发送(hex): 20
[2026/09/15 19:07:47] 发送(hex): 20
[2026/09/15 19:07:47] 发送(hex): 20
[2026/09/15 19:07:47] 发送(hex): 20
[2026/09/15 19:07:47] 发送(hex): 20
[2026/09/15 19:07:47] 发送(hex): 20
[2026/09/15 19:07:47] 发送(hex): 20
[2026/09/15 19:07:47] 发送(hex): 20
[2026/09/15 19:07:47] 发送(hex): 20
[2026/09/15 19:07:47] 发送(hex): 20
[2026/09/15 19:07:47] 发送(hex): 20
[2026/09/15 19:07:47] 发送(hex): 20
[2026/09/15 19:07:47] 发送(hex): 20
[2026/09/15 19:07:47] 发送(hex): 20
[2026/09/15 19:07:47] 发送(hex): 20
[2026/09/15 19:07:47] 发送(hex): 20
[2026/09/15 19:07:47] 发送(hex): 20
[2026/09/15 19:07:47] 发送(hex): 20
[2026/09/15 19:07:47] 发送(hex): 20
[2026/09/15 19:07:47] 发送(hex): 20
[2026/09/15 19:07:47] 发送(hex): 20
[2026/09/15 19:07:47] 发送(hex): 20
[2026/09/15 19:07:47] 发送(hex): 20
[2026/09/15 19:07:47] 发送(hex): 20
[2026/09/15 19:07:47] 发送(hex): 20
[2026/09/15 19:07:47] 发送(hex): 20
[2026/09/15 19:07:47] 发送(hex): 20
[2026/09/15 19:07:47] 发送(hex): 20
[2026/09/15 19:07:47] 发送(hex): 20
[2026/09/15 19:07:47] 发送(hex): 20
[2026/09/15 19:07:47] 发送(hex): 20
[2026/09/15 19:07:47] 发送(hex): 20
[2026/09/15 19:07:47] 发送(hex): 20
[2026/09/15 19:07:47] 发送(hex): 20
[2026/09/15 19:07:47] 发送(hex): 20
[2026/09/15 19:07:47] 发送(hex): 20
[2026/09/15 19:07:47] 发送(hex): 20
[2026/09/15 19:07:47] 发送(hex): 20
[2026/09/15 19:07:47] 发送(hex): 20
[2026/09/15 19:07:47] 发送(hex): 20
[2026/09/15 19:07:47] 发送(hex): 20
[2026/09/15 19:07:47] 发送(hex): 20
[2026/09/15 19:07:47] 发送(hex): 20
[2026/09/15 19:07:47] 发送(hex): 20
[2026/09/15 19:07:47] 发送(hex): 20
[2026/09/15 19:07:48] 发送(hex): 20
[2026/09/15 19:07:48] 发送(hex): 20
[2026/09/15 19:07:48] 发送(hex): 20
[2026/09/15 19:07:48] 发送(hex): 20
[2026/09/15 19:07:48] 发送(hex): 20
[2026/09/15 19:07:48] 发送(hex): 20
[2026/09/15 19:07:48] 发送(hex): 20
[2026/09/15 19:07:48] 发送(hex): 20
[2026/09/15 19:07:48] 发送(hex): 20
[2026/09/15 19:07:48] 发送(hex): 20
[2026/09/15 19:07:48] 发送(hex): 20
[2026/09/15 19:07:48] 发送(hex): 20
[2026/09/15 19:07:48] 发送(hex): 20
[2026/09/15 19:07:48] 发送(hex): 20
[2026/09/15 19:07:48] 发送(hex): 20
[2026/09/15 19:07:48] 发送(hex): 20
[2026/09/15 19:07:48] 发送(hex): 20
[2026/09/15 19:07:48] 发送(hex): 20
[2026/09/15 19:07:48] 发送(hex): 20
[2026/09/15 19:07:48] 发送(hex): 20
[2026/09/15 19:07:48] 发送(hex): 20
[2026/09/15 19:07:48] 发送(hex): 20
[2026/09/15 19:07:48] 发送(hex): 20
[2026/09/15 19:07:48] 发送(hex): 20
[2026/09/15 19:07:48] 发送(hex): 20
[2026/09/15 19:07:48] 发送(hex): 20
[2026/09/15 19:07:48] 发送(hex): 20
[2026/09/15 19:07:48] 发送(hex): 20
[2026/09/15 19:07:48] 发送(hex): 20
[2026/09/15 19:07:48] 发送(hex): 20
[2026/09/15 19:07:48] 发送(hex): 20
[2026/09/15 19:07:48] 发送(hex): 20
[2026/09/15 19:07:48] 发送(hex): 20
[2026/09/15 19:07:48] 发送(hex): 20
[2026/09/15 19:07:48] 发送(hex): 20
[2026/09/15 19:07:48] 发送(hex): 20
[2026/09/15 19:07:48] 发送(hex): 20
[2026/09/15 19:07:48] 发送(hex): 20
[2026/09/15 19:07:48] 发送(hex): 20
[2026/09/15 19:07:48] 发送(hex): 20
[2026/09/15 19:07:48] 发送(hex): 20
[2026/09/15 19:07:48] 发送(hex): 20
[2026/09/15 19:07:48] 发送(hex): 20
[2026/09/15 19:07:48] 发送(hex): 20
[2026/09/15 19:07:48] 发送(hex): 20
[2026/09/15 19:07:48] 发送(hex): 20
[2026/09/15 19:07:48] 发送(hex): 20
[2026/09/15 19:07:48] 发送(hex): 20
[2026/09/15 19:07:48] 发送(hex): 20
[2026/09/15 19:07:48] 发送(hex): 20
[2026/09/15 19:07:48] 发送(hex): 20
[2026/09/15 19:07:48] 发送(hex): 20
[2026/09/15 19:07:48] 发送(hex): 20
[2026/09/15 19:07:48] 发送(hex): 20
[2026/09/15 19:07:48] 发送(hex): 20
[2026/09/15 19:07:48] 发送(hex): 20
[2026/09/15 19:07:48] 发送(hex): 20
[2026/09/15 19:07:48] 发送(hex): 20
[2026/09/15 19:07:48] 发送(hex): 20
[2026/09/15 19:07:48] 发送(hex): 20
[2026/09/15 19:07:48] 发送(hex): 20
[2026/09/15 19:07:48] 发送(hex): 20
[2026/09/15 19:07:48] 发送(hex): 20
[2026/09/15 19:07:48] 发送(hex): 20
[2026/09/15 19:07:48] 发送(hex): 20
[2026/09/15 19:07:48] 发送(hex): 20
[2026/09/15 19:07:48] 发送(hex): 20
[2026/09/15 19:07:48] 发送(hex): 20
[2026/09/15 19:07:48] 发送(hex): 20
[2026/09/15 19:07:48] 发送(hex): 20
[2026/09/15 19:07:48] 发送(hex): 20
[2026/09/15 19:07:48] 发送(hex): 20
[2026/09/15 19:07:48] 发送(hex): 20
[2026/09/15 19:07:48] 发送(hex): 20
[2026/09/15 19:07:48] 发送(hex): 20
[2026/09/15 19:07:48] 发送(hex): 20
[2026/09/15 19:07:48] 发送(hex): 20
[2026/09/15 19:07:48] 发送(hex): 20
[2026/09/15 19:07:48] 发送(hex): 20
[2026/09/15 19:07:48] 发送(hex): 20
[2026/09/15 19:07:48] 发送(hex): 20
[2026/09/15 19:07:48] 发送(hex): 20
[2026/09/15 19:07:48] 发送(hex): 20
[2026/09/15 19:07:48] 发送(hex): 20
[2026/09/15 19:07:48] 发送(hex): 20
[2026/09/15 19:07:48] 发送(hex): 20
[2026/09/15 19:07:48] 发送(hex): 20
[2026/09/15 19:07:48] 发送(hex): 20
[2026/09/15 19:07:48] 发送(hex): 20
[2026/09/15 19:07:48] 发送(hex): 20
[2026/09/15 19:07:48] 发送(hex): 20
[2026/09/15 19:07:48] 发送(hex): 20
[2026/09/15 19:07:48] 发送(hex): 20
[2026/09/15 19:07:48] 发送(hex): 20
[2026/09/15 19:07:49] 发送(hex): 20
[2026/09/15 19:07:49] 发送(hex): 20
[2026/09/15 19:07:49] 发送(hex): 20
[2026/09/15 19:07:49] 发送(hex): 20
[2026/09/15 19:07:49] 发送(hex): 20
[2026/09/15 19:07:49] 发送(hex): 20
[2026/09/15 19:07:49] 发送(hex): 20
[2026/09/15 19:07:49] 发送(hex): 20
[2026/09/15 19:07:49] 发送(hex): 20
[2026/09/15 19:07:49] 发送(hex): 20
[2026/09/15 19:07:49] 发送(hex): 20
[2026/09/15 19:07:49] 发送(hex): 20
[2026/09/15 19:07:49] 发送(hex): 20
[2026/09/15 19:07:49] 发送(hex): 20
[2026/09/15 19:07:49] 发送(hex): 20
[2026/09/15 19:07:49] 发送(hex): 20
[2026/09/15 19:07:49] 发送(hex): 20
[2026/09/15 19:07:49] 发送(hex): 20
[2026/09/15 19:07:49] 发送(hex): 20
[2026/09/15 19:07:49] 发送(hex): 20
[2026/09/15 19:07:49] 发送(hex): 20
[2026/09/15 19:07:49] 发送(hex): 20
[2026/09/15 19:07:49] 发送(hex): 20
[2026/09/15 19:07:49] 发送(hex): 20
[2026/09/15 19:07:49] 发送(hex): 20
[2026/09/15 19:07:49] 发送(hex): 20
[2026/09/15 19:07:49] 发送(hex): 20
[2026/09/15 19:07:49] 发送(hex): 20
[2026/09/15 19:07:49] 发送(hex): 20
[2026/09/15 19:07:49] 发送(hex): 20
[2026/09/15 19:07:49] 发送(hex): 20
[2026/09/15 19:07:49] 发送(hex): 20
[2026/09/15 19:07:49] 发送(hex): 20
[2026/09/15 19:07:49] 发送(hex): 20
[2026/09/15 19:07:49] 发送(hex): 20
[2026/09/15 19:07:49] 发送(hex): 20
[2026/09/15 19:07:49] 发送(hex): 20
[2026/09/15 19:07:49] 发送(hex): 20
[2026/09/15 19:07:49] 发送(hex): 20
[2026/09/15 19:07:49] 发送(hex): 20
[2026/09/15 19:07:49] 发送(hex): 20
[2026/09/15 19:07:49] 发送(hex): 20
[2026/09/15 19:07:49] 发送(hex): 20
[2026/09/15 19:07:49] 发送(hex): 20
[2026/09/15 19:07:49] 发送(hex): 20
[2026/09/15 19:07:49] 发送(hex): 20
[2026/09/15 19:07:49] 发送(hex): 20
[2026/09/15 19:07:49] 发送(hex): 20
[2026/09/15 19:07:49] 发送(hex): 20
[2026/09/15 19:07:49] 发送(hex): 20
[2026/09/15 19:07:49] 发送(hex): 20
[2026/09/15 19:07:49] 发送(hex): 20
[2026/09/15 19:07:49] 发送(hex): 20
[2026/09/15 19:07:49] 发送(hex): 20
[2026/09/15 19:07:49] 发送(hex): 20
[2026/09/15 19:07:49] 发送(hex): 20
[2026/09/15 19:07:49] 发送(hex): 20
[2026/09/15 19:07:49] 发送(hex): 20
[2026/09/15 19:07:49] 发送(hex): 20
[2026/09/15 19:07:49] 发送(hex): 20
[2026/09/15 19:07:49] 发送(hex): 20
[2026/09/15 19:07:49] 发送(hex): 20
[2026/09/15 19:07:49] 发送(hex): 20
[2026/09/15 19:07:49] 发送(hex): 20
[2026/09/15 19:07:49] 发送(hex): 20
[2026/09/15 19:07:49] 发送(hex): 20
[2026/09/15 19:07:49] 发送(hex): 20
[2026/09/15 19:07:49] 发送(hex): 20
[2026/09/15 19:07:49] 发送(hex): 20
[2026/09/15 19:07:49] 发送(hex): 20
[2026/09/15 19:07:49] 发送(hex): 20
[2026/09/15 19:07:49] 发送(hex): 20
[2026/09/15 19:07:49] 发送(hex): 20
[2026/09/15 19:07:49] 发送(hex): 20
[2026/09/15 19:07:49] 发送(hex): 20
[2026/09/15 19:07:49] 发送(hex): 20
[2026/09/15 19:07:49] 发送(hex): 20
[2026/09/15 19:07:49] 发送(hex): 20
[2026/09/15 19:07:49] 发送(hex): 20
[2026/09/15 19:07:49] 发送(hex): 20
[2026/09/15 19:07:49] 发送(hex): 20
[2026/09/15 19:07:49] 发送(hex): 20
[2026/09/15 19:07:49] 发送(hex): 20
[2026/09/15 19:07:49] 发送(hex): 20
[2026/09/15 19:07:49] 发送(hex): 20
[2026/09/15 19:07:49] 发送(hex): 20
[2026/09/15 19:07:49] 发送(hex): 20
[2026/09/15 19:07:49] 发送(hex): 20
[2026/09/15 19:07:49] 发送(hex): 20
[2026/09/15 19:07:49] 发送(hex): 20
[2026/09/15 19:07:49] 发送(hex): 20
[2026/09/15 19:07:49] 发送(hex): 20
[2026/09/15 19:07:49] 发送(hex): 20
[2026/09/15 19:07:49] 发送(hex): 20
[2026/09/15 19:07:49] 发送(hex): 20
[2026/09/15 19:07:50] 发送(hex): 20
[2026/09/15 19:07:50] 发送(hex): 20
[2026/09/15 19:07:50] 发送(hex): 20
[2026/09/15 19:07:50] 发送(hex): 20
[2026/09/15 19:07:50] 发送(hex): 20
[2026/09/15 19:07:50] 发送(hex): 20
[2026/09/15 19:07:50] 发送(hex): 20
[2026/09/15 19:07:50] 发送(hex): 20
[2026/09/15 19:07:50] 发送(hex): 20
[2026/09/15 19:07:50] 发送(hex): 20
[2026/09/15 19:07:50] 发送(hex): 20
[2026/09/15 19:07:50] 发送(hex): 20
[2026/09/15 19:07:50] 发送(hex): 20
[2026/09/15 19:07:50] 发送(hex): 20
[2026/09/15 19:07:50] 发送(hex): 20
[2026/09/15 19:07:50] 发送(hex): 20
[2026/09/15 19:07:50] 发送(hex): 20
[2026/09/15 19:07:50] 发送(hex): 20
[2026/09/15 19:07:50] 发送(hex): 20
[2026/09/15 19:07:50] 发送(hex): 20
[2026/09/15 19:07:50] 发送(hex): 20
[2026/09/15 19:07:50] 发送(hex): 20
[2026/09/15 19:07:50] 发送(hex): 20
[2026/09/15 19:07:50] 发送(hex): 20
[2026/09/15 19:07:50] 发送(hex): 20
[2026/09/15 19:07:50] 发送(hex): 20
[2026/09/15 19:07:50] 发送(hex): 20
[2026/09/15 19:07:50] 发送(hex): 20
[2026/09/15 19:07:50] 发送(hex): 20
[2026/09/15 19:07:50] 发送(hex): 20
[2026/09/15 19:07:50] 发送(hex): 20
[2026/09/15 19:07:50] 发送(hex): 20
[2026/09/15 19:07:50] 发送(hex): 20
[2026/09/15 19:07:50] 发送(hex): 20
[2026/09/15 19:07:50] 发送(hex): 20
[2026/09/15 19:07:50] 发送(hex): 20
[2026/09/15 19:07:50] 发送(hex): 20
[2026/09/15 19:07:50] 发送(hex): 20
[2026/09/15 19:07:50] 发送(hex): 20
[2026/09/15 19:07:50] 发送(hex): 20
[2026/09/15 19:07:50] 发送(hex): 20
[2026/09/15 19:07:50] 发送(hex): 20
[2026/09/15 19:07:50] 发送(hex): 20
[2026/09/15 19:07:50] 发送(hex): 20
[2026/09/15 19:07:50] 发送(hex): 20
[2026/09/15 19:07:50] 发送(hex): 20
[2026/09/15 19:07:50] 发送(hex): 20
[2026/09/15 19:07:50] 发送(hex): 20
[2026/09/15 19:07:50] 发送(hex): 20
[2026/09/15 19:07:50] 发送(hex): 20
[2026/09/15 19:07:50] 发送(hex): 20
[2026/09/15 19:07:50] 发送(hex): 20
[2026/09/15 19:07:50] 发送(hex): 20
[2026/09/15 19:07:50] 发送(hex): 20
[2026/09/15 19:07:50] 发送(hex): 20
[2026/09/15 19:07:50] 发送(hex): 20
[2026/09/15 19:07:50] 发送(hex): 20
[2026/09/15 19:07:50] 发送(hex): 20
[2026/09/15 19:07:50] 发送(hex): 20
[2026/09/15 19:07:50] 发送(hex): 20
[2026/09/15 19:07:50] 发送(hex): 20
[2026/09/15 19:07:50] 发送(hex): 20
[2026/09/15 19:07:50] 发送(hex): 20
[2026/09/15 19:07:50] 发送(hex): 20
[2026/09/15 19:07:50] 发送(hex): 20
[2026/09/15 19:07:50] 发送(hex): 20
[2026/09/15 19:07:50] 发送(hex): 20
[2026/09/15 19:07:50] 发送(hex): 20
[2026/09/15 19:07:50] 发送(hex): 20
[2026/09/15 19:07:50] 发送(hex): 20
[2026/09/15 19:07:50] 发送(hex): 20
[2026/09/15 19:07:50] 发送(hex): 20
[2026/09/15 19:07:50] 发送(hex): 20
[2026/09/15 19:07:50] 发送(hex): 20
[2026/09/15 19:07:50] 发送(hex): 20
[2026/09/15 19:07:50] 发送(hex): 20
[2026/09/15 19:07:50] 发送(hex): 20
[2026/09/15 19:07:50] 发送(hex): 20
[2026/09/15 19:07:50] 发送(hex): 20
[2026/09/15 19:07:50] 发送(hex): 20
[2026/09/15 19:07:50] 发送(hex): 20
[2026/09/15 19:07:50] 发送(hex): 20
[2026/09/15 19:07:50] 发送(hex): 20
[2026/09/15 19:07:50] 发送(hex): 20
[2026/09/15 19:07:50] 发送(hex): 20
[2026/09/15 19:07:50] 发送(hex): 20
[2026/09/15 19:07:50] 发送(hex): 20
[2026/09/15 19:07:50] 发送(hex): 20
[2026/09/15 19:07:50] 发送(hex): 20
[2026/09/15 19:07:50] 发送(hex): 20
[2026/09/15 19:07:50] 发送(hex): 20
[2026/09/15 19:07:50] 发送(hex): 20
[2026/09/15 19:07:50] 发送(hex): 20
[2026/09/15 19:07:50] 发送(hex): 20
[2026/09/15 19:07:51] 发送(hex): 20
[2026/09/15 19:07:51] 发送(hex): 20
[2026/09/15 19:07:51] 发送(hex): 20
[2026/09/15 19:07:51] 发送(hex): 20
[2026/09/15 19:07:51] 发送(hex): 20
[2026/09/15 19:07:51] 发送(hex): 20
[2026/09/15 19:07:51] 发送(hex): 20
[2026/09/15 19:07:51] 发送(hex): 20
[2026/09/15 19:07:51] 发送(hex): 20
[2026/09/15 19:07:51] 发送(hex): 20
[2026/09/15 19:07:51] 发送(hex): 20
[2026/09/15 19:07:51] 发送(hex): 20
[2026/09/15 19:07:51] 发送(hex): 20
[2026/09/15 19:07:51] 发送(hex): 20
[2026/09/15 19:07:51] 发送(hex): 20
[2026/09/15 19:07:51] 发送(hex): 20
[2026/09/15 19:07:51] 发送(hex): 20
[2026/09/15 19:07:51] 发送(hex): 20
[2026/09/15 19:07:51] 发送(hex): 20
[2026/09/15 19:07:51] 发送(hex): 20
[2026/09/15 19:07:51] 发送(hex): 20
[2026/09/15 19:07:51] 发送(hex): 20
[2026/09/15 19:07:51] 发送(hex): 20
[2026/09/15 19:07:51] 发送(hex): 20
[2026/09/15 19:07:51] 发送(hex): 20
[2026/09/15 19:07:51] 发送(hex): 20
[2026/09/15 19:07:51] 发送(hex): 20
[2026/09/15 19:07:51] 发送(hex): 20
[2026/09/15 19:07:51] 发送(hex): 20
[2026/09/15 19:07:51] 发送(hex): 20
[2026/09/15 19:07:51] 发送(hex): 20
[2026/09/15 19:07:51] 发送(hex): 20
[2026/09/15 19:07:51] 发送(hex): 20
[2026/09/15 19:07:51] 发送(hex): 20
[2026/09/15 19:07:51] 发送(hex): 20
[2026/09/15 19:07:51] 发送(hex): 20
[2026/09/15 19:07:51] 发送(hex): 20
[2026/09/15 19:07:51] 发送(hex): 20
[2026/09/15 19:07:51] 发送(hex): 20
[2026/09/15 19:07:51] 发送(hex): 20
[2026/09/15 19:07:51] 发送(hex): 20
[2026/09/15 19:07:51] 发送(hex): 20
[2026/09/15 19:07:51] 发送(hex): 20
[2026/09/15 19:07:51] 发送(hex): 20
[2026/09/15 19:07:51] 发送(hex): 20
[2026/09/15 19:07:51] 发送(hex): 20
[2026/09/15 19:07:51] 发送(hex): 20
[2026/09/15 19:07:51] 发送(hex): 20
[2026/09/15 19:07:51] 发送(hex): 20
[2026/09/15 19:07:51] 发送(hex): 20
[2026/09/15 19:07:51] 发送(hex): 20
[2026/09/15 19:07:51] 发送(hex): 20
[2026/09/15 19:07:51] 发送(hex): 20
[2026/09/15 19:07:51] 发送(hex): 20
[2026/09/15 19:07:51] 发送(hex): 20
[2026/09/15 19:07:51] 发送(hex): 20
[2026/09/15 19:07:51] 发送(hex): 20
[2026/09/15 19:07:51] 发送(hex): 20
[2026/09/15 19:07:51] 发送(hex): 20
[2026/09/15 19:07:51] 发送(hex): 20
[2026/09/15 19:07:51] 发送(hex): 20
[2026/09/15 19:07:51] 发送(hex): 20
[2026/09/15 19:07:51] 发送(hex): 20
[2026/09/15 19:07:51] 发送(hex): 20
[2026/09/15 19:07:51] 发送(hex): 20
[2026/09/15 19:07:51] 发送(hex): 20
[2026/09/15 19:07:51] 发送(hex): 20
[2026/09/15 19:07:51] 发送(hex): 20
[2026/09/15 19:07:51] 发送(hex): 20
[2026/09/15 19:07:51] 发送(hex): 20
[2026/09/15 19:07:51] 发送(hex): 20
[2026/09/15 19:07:51] 发送(hex): 20
[2026/09/15 19:07:51] 发送(hex): 20
[2026/09/15 19:07:51] 发送(hex): 20
[2026/09/15 19:07:51] 发送(hex): 20
[2026/09/15 19:07:51] 发送(hex): 20
[2026/09/15 19:07:51] 发送(hex): 20
[2026/09/15 19:07:51] 发送(hex): 20
[2026/09/15 19:07:51] 发送(hex): 20
[2026/09/15 19:07:51] 发送(hex): 20
[2026/09/15 19:07:51] 发送(hex): 20
[2026/09/15 19:07:51] 发送(hex): 20
[2026/09/15 19:07:51] 发送(hex): 20
[2026/09/15 19:07:51] 发送(hex): 20
[2026/09/15 19:07:51] 发送(hex): 20
[2026/09/15 19:07:51] 发送(hex): 20
[2026/09/15 19:07:51] 发送(hex): 20
[2026/09/15 19:07:51] 发送(hex): 20
[2026/09/15 19:07:51] 发送(hex): 20
[2026/09/15 19:07:51] 发送(hex): 20
[2026/09/15 19:07:51] 发送(hex): 20
[2026/09/15 19:07:51] 发送(hex): 20
[2026/09/15 19:07:51] 发送(hex): 20
[2026/09/15 19:07:51] 发送(hex): 20
[2026/09/15 19:07:52] 发送(hex): 20
[2026/09/15 19:07:52] 发送(hex): 20
[2026/09/15 19:07:52] 发送(hex): 20
[2026/09/15 19:07:52] 发送(hex): 20
[2026/09/15 19:07:52] 发送(hex): 20
[2026/09/15 19:07:52] 发送(hex): 20
[2026/09/15 19:07:52] 发送(hex): 20
[2026/09/15 19:07:52] 发送(hex): 20
[2026/09/15 19:07:52] 发送(hex): 20
[2026/09/15 19:07:52] 发送(hex): 20
[2026/09/15 19:07:52] 发送(hex): 20
[2026/09/15 19:07:52] 发送(hex): 20
[2026/09/15 19:07:52] 发送(hex): 20
[2026/09/15 19:07:52] 发送(hex): 20
[2026/09/15 19:07:52] 发送(hex): 20
[2026/09/15 19:07:52] 发送(hex): 20
[2026/09/15 19:07:52] 发送(hex): 20
[2026/09/15 19:07:52] 发送(hex): 20
[2026/09/15 19:07:52] 发送(hex): 20
[2026/09/15 19:07:52] 发送(hex): 20
[2026/09/15 19:07:52] 发送(hex): 20
[2026/09/15 19:07:52] 发送(hex): 20
[2026/09/15 19:07:52] 发送(hex): 20
[2026/09/15 19:07:52] 发送(hex): 20
[2026/09/15 19:07:52] 发送(hex): 20
[2026/09/15 19:07:52] 发送(hex): 20
[2026/09/15 19:07:52] 发送(hex): 20
[2026/09/15 19:07:52] 发送(hex): 20
[2026/09/15 19:07:52] 发送(hex): 20
[2026/09/15 19:07:52] 发送(hex): 20
[2026/09/15 19:07:52] 发送(hex): 20
[2026/09/15 19:07:52] 发送(hex): 20
[2026/09/15 19:07:52] 发送(hex): 20
[2026/09/15 19:07:52] 发送(hex): 20
[2026/09/15 19:07:52] 发送(hex): 20
[2026/09/15 19:07:52] 发送(hex): 20
[2026/09/15 19:07:52] 发送(hex): 20
[2026/09/15 19:07:52] 发送(hex): 20
[2026/09/15 19:07:52] 发送(hex): 20
[2026/09/15 19:07:52] 发送(hex): 20
[2026/09/15 19:07:52] 发送(hex): 20
[2026/09/15 19:07:52] 发送(hex): 20
[2026/09/15 19:07:52] 发送(hex): 20
[2026/09/15 19:07:52] 发送(hex): 20
[2026/09/15 19:07:52] 发送(hex): 20
[2026/09/15 19:07:52] 发送(hex): 20
[2026/09/15 19:07:52] 发送(hex): 20
[2026/09/15 19:07:52] 发送(hex): 20
[2026/09/15 19:07:52] 发送(hex): 20
[2026/09/15 19:07:52] 发送(hex): 20
[2026/09/15 19:07:52] 发送(hex): 20
[2026/09/15 19:07:52] 发送(hex): 20
[2026/09/15 19:07:52] 发送(hex): 20
[2026/09/15 19:07:52] 发送(hex): 20
[2026/09/15 19:07:52] 发送(hex): 20
[2026/09/15 19:07:52] 发送(hex): 20
[2026/09/15 19:07:52] 发送(hex): 20
[2026/09/15 19:07:52] 发送(hex): 20
[2026/09/15 19:07:52] 发送(hex): 20
[2026/09/15 19:07:52] 发送(hex): 20
[2026/09/15 19:07:52] 发送(hex): 20
[2026/09/15 19:07:52] 发送(hex): 20
[2026/09/15 19:07:52] 发送(hex): 20
[2026/09/15 19:07:52] 发送(hex): 20
[2026/09/15 19:07:52] 发送(hex): 20
[2026/09/15 19:07:52] 发送(hex): 20
[2026/09/15 19:07:52] 发送(hex): 20
[2026/09/15 19:07:52] 发送(hex): 20
[2026/09/15 19:07:52] 发送(hex): 20
[2026/09/15 19:07:52] 发送(hex): 20
[2026/09/15 19:07:52] 发送(hex): 20
[2026/09/15 19:07:52] 发送(hex): 20
[2026/09/15 19:07:52] 发送(hex): 20
[2026/09/15 19:07:52] 发送(hex): 20
[2026/09/15 19:07:52] 发送(hex): 20
[2026/09/15 19:07:52] 发送(hex): 20
[2026/09/15 19:07:52] 发送(hex): 20
[2026/09/15 19:07:52] 发送(hex): 20
[2026/09/15 19:07:52] 发送(hex): 20
[2026/09/15 19:07:52] 发送(hex): 20
[2026/09/15 19:07:52] 发送(hex): 20
[2026/09/15 19:07:52] 发送(hex): 20
[2026/09/15 19:07:52] 发送(hex): 20
[2026/09/15 19:07:52] 发送(hex): 20
[2026/09/15 19:07:52] 发送(hex): 20
[2026/09/15 19:07:52] 发送(hex): 20
[2026/09/15 19:07:52] 发送(hex): 20
[2026/09/15 19:07:52] 发送(hex): 20
[2026/09/15 19:07:52] 发送(hex): 20
[2026/09/15 19:07:52] 发送(hex): 20
[2026/09/15 19:07:52] 发送(hex): 20
[2026/09/15 19:07:52] 发送(hex): 20
[2026/09/15 19:07:52] 发送(hex): 20
[2026/09/15 19:07:52] 发送(hex): 20
[2026/09/15 19:07:53] 发送(hex): 20
[2026/09/15 19:07:53] 发送(hex): 20
[2026/09/15 19:07:53] 发送(hex): 20
[2026/09/15 19:07:53] 发送(hex): 20
[2026/09/15 19:07:53] 发送(hex): 20
[2026/09/15 19:07:53] 发送(hex): 20
[2026/09/15 19:07:53] 发送(hex): 20
[2026/09/15 19:07:53] 发送(hex): 20
[2026/09/15 19:07:53] 发送(hex): 20
[2026/09/15 19:07:53] 发送(hex): 20
[2026/09/15 19:07:53] 发送(hex): 20
[2026/09/15 19:07:53] 发送(hex): 20
[2026/09/15 19:07:53] 发送(hex): 20
[2026/09/15 19:07:53] 发送(hex): 20
[2026/09/15 19:07:53] 发送(hex): 20
[2026/09/15 19:07:53] 发送(hex): 20
[2026/09/15 19:07:53] 发送(hex): 20
[2026/09/15 19:07:53] 发送(hex): 20
[2026/09/15 19:07:53] 发送(hex): 20
[2026/09/15 19:07:53] 发送(hex): 20
[2026/09/15 19:07:53] 发送(hex): 20
[2026/09/15 19:07:53] 发送(hex): 20
[2026/09/15 19:07:53] 发送(hex): 20
[2026/09/15 19:07:53] 发送(hex): 20
[2026/09/15 19:07:53] 发送(hex): 20
[2026/09/15 19:07:53] 发送(hex): 20
[2026/09/15 19:07:53] 发送(hex): 20
[2026/09/15 19:07:53] 发送(hex): 20
[2026/09/15 19:07:53] 发送(hex): 20
[2026/09/15 19:07:53] 发送(hex): 20
[2026/09/15 19:07:53] 发送(hex): 20
[2026/09/15 19:07:53] 发送(hex): 20
[2026/09/15 19:07:53] 发送(hex): 20
[2026/09/15 19:07:53] 发送(hex): 20
[2026/09/15 19:07:53] 发送(hex): 20
[2026/09/15 19:07:53] 发送(hex): 20
[2026/09/15 19:07:53] 发送(hex): 20
[2026/09/15 19:07:53] 发送(hex): 20
[2026/09/15 19:07:53] 发送(hex): 20
[2026/09/15 19:07:53] 发送(hex): 20
[2026/09/15 19:07:53] 发送(hex): 20
[2026/09/15 19:07:53] 发送(hex): 20
[2026/09/15 19:07:53] 发送(hex): 20
[2026/09/15 19:07:53] 发送(hex): 20
[2026/09/15 19:07:53] 发送(hex): 20
[2026/09/15 19:07:53] 发送(hex): 20
[2026/09/15 19:07:53] 发送(hex): 20
[2026/09/15 19:07:53] 发送(hex): 20
[2026/09/15 19:07:53] 发送(hex): 20
[2026/09/15 19:07:53] 发送(hex): 20
[2026/09/15 19:07:53] 发送(hex): 20
[2026/09/15 19:07:53] 发送(hex): 20
[2026/09/15 19:07:53] 发送(hex): 20
[2026/09/15 19:07:53] 发送(hex): 20
[2026/09/15 19:07:53] 发送(hex): 20
[2026/09/15 19:07:53] 发送(hex): 20
[2026/09/15 19:07:53] 发送(hex): 20
[2026/09/15 19:07:53] 发送(hex): 20
[2026/09/15 19:07:53] 发送(hex): 20
[2026/09/15 19:07:53] 发送(hex): 20
[2026/09/15 19:07:53] 发送(hex): 20
[2026/09/15 19:07:53] 发送(hex): 20
[2026/09/15 19:07:53] 发送(hex): 20
[2026/09/15 19:07:53] 发送(hex): 20
[2026/09/15 19:07:53] 发送(hex): 20
[2026/09/15 19:07:53] 发送(hex): 20
[2026/09/15 19:07:53] 发送(hex): 20
[2026/09/15 19:07:53] 发送(hex): 20
[2026/09/15 19:07:53] 发送(hex): 20
[2026/09/15 19:07:53] 发送(hex): 20
[2026/09/15 19:07:53] 发送(hex): 20
[2026/09/15 19:07:53] 发送(hex): 20
[2026/09/15 19:07:53] 发送(hex): 20
[2026/09/15 19:07:53] 发送(hex): 20
[2026/09/15 19:07:53] 发送(hex): 20
[2026/09/15 19:07:53] 发送(hex): 20
[2026/09/15 19:07:53] 发送(hex): 20
[2026/09/15 19:07:53] 发送(hex): 20
[2026/09/15 19:07:53] 发送(hex): 20
[2026/09/15 19:07:53] 发送(hex): 20
[2026/09/15 19:07:53] 发送(hex): 20
[2026/09/15 19:07:53] 发送(hex): 20
[2026/09/15 19:07:53] 发送(hex): 20
[2026/09/15 19:07:53] 发送(hex): 20
[2026/09/15 19:07:53] 发送(hex): 20
[2026/09/15 19:07:53] 发送(hex): 20
[2026/09/15 19:07:53] 发送(hex): 20
[2026/09/15 19:07:53] 发送(hex): 20
[2026/09/15 19:07:53] 发送(hex): 20
[2026/09/15 19:07:53] 发送(hex): 20
[2026/09/15 19:07:53] 发送(hex): 20
[2026/09/15 19:07:53] 发送(hex): 20
[2026/09/15 19:07:53] 发送(hex): 20
[2026/09/15 19:07:53] 发送(hex): 20
[2026/09/15 19:07:53] 发送(hex): 20
[2026/09/15 19:07:54] 发送(hex): 20
[2026/09/15 19:07:54] 发送(hex): 20
[2026/09/15 19:07:54] 发送(hex): 20
[2026/09/15 19:07:54] 发送(hex): 20
[2026/09/15 19:07:54] 发送(hex): 20
[2026/09/15 19:07:54] 发送(hex): 20
[2026/09/15 19:07:54] 发送(hex): 20
[2026/09/15 19:07:54] 发送(hex): 20
[2026/09/15 19:07:54] 发送(hex): 20
[2026/09/15 19:07:54] 发送(hex): 20
[2026/09/15 19:07:54] 发送(hex): 20
[2026/09/15 19:07:54] 发送(hex): 20
[2026/09/15 19:07:54] 发送(hex): 20
[2026/09/15 19:07:54] 发送(hex): 20
[2026/09/15 19:07:54] 发送(hex): 20
[2026/09/15 19:07:54] 发送(hex): 0d
[2026/09/15 19:07:54] 发送(hex): 0d
[2026/09/15 19:07:54] Realtek>
[2026/09/15 19:07:54] 发送(hex): 0d
[2026/09/15 19:07:54] 发送(hex): 0d
[2026/09/15 19:07:54] Realtek>
[2026/09/15 19:07:54] 发送(hex): 0d
[2026/09/15 19:07:54] Realtek>
[2026/09/15 19:07:54] Realtek>
[2026/09/15 19:07:54] Realtek>
[2026/09/15 19:07:59] 发送(hex): 706d6f64652064697361626c653b72650d
[2026/09/15 19:07:59] pmode disable;re
[2026/09/15 19:07:59] uboot command for pmode disable!
[2026/09/15 19:07:59] resetting ...
[2026/09/15 19:08:00] $
[2026/09/15 19:08:00] Post romcode git ver:42df880604ac78a3 (Aug 28 2026 21:41:35)
[2026/09/15 19:08:00] $
[2026/09/15 19:08:00] Hello world, RTD2875P_CN2_TV030!
[2026/09/15 19:08:00] set_wifi_reset
[2026/09/15 19:08:00] Auxcode git ver:3a4deb9ea300359e (Aug 28 2026 21:41:29)
[2026/09/15 19:08:00] flash_type = 2, secure_type = 2
[2026/09/15 19:08:00] b8062204=20000
[2026/09/15 19:08:00] slot info 0 0x0 info 1 0x9021afbe
[2026/09/15 19:08:00] g_gpt_blk_start 0x1  g_offline_gpt 0x0 last_usable_lba 0x1cd2032 num_partition_entries 0x32
[2026/09/15 19:08:00] start 0x2e600000 clt_blk 0x1973004 ctrl size 0x20
[2026/09/15 19:08:00] choose active index 0
[2026/09/15 19:08:00] part name bootloader ative_slot _a real part name bootloader_a
[2026/09/15 19:08:00] part name hwsetting start 0x100000 size 0x33600
[2026/09/15 19:08:00] part name ext_fw start 0x133600 size 0x10400
[2026/09/15 19:08:00] part name kboot start 0x143a00 size 0x16e00
[2026/09/15 19:08:00] part name uboot start 0x15a800 size 0x120400
[2026/09/15 19:08:00] ls4 2 1 = 800040aa 8000207f 80001000
[2026/09/15 19:08:00] fNewHWsettingArch = 2
[2026/09/15 19:08:00] 1.lsadcidx = 2, brand =3, offset = 0
[2026/09/15 19:08:00] 1.lsadcidx = 2, brand =3, offset = 17800
[2026/09/15 19:08:00] hwsetting from mmc
[2026/09/15 19:08:00] AC on HW offset 0x809 start 0x800 reg 0x8090800
[2026/09/15 19:08:00] total = 2f00
[2026/09/15 19:08:00] A
[2026/09/15 19:08:00] A
[2026/09/15 19:08:00] A
[2026/09/15 19:08:00] A
[2026/09/15 19:08:00] A
[2026/09/15 19:08:00] {12 14}
[2026/09/15 19:08:00] ffeedd
[2026/09/15 19:08:00] ffeeddddr ver: 62c63180
[2026/09/15 19:08:00] ori DQS0~7 {03 04 1a 1c 00 01 00 00}
[2026/09/15 19:08:00] {01 03 19 1b 00 01 00 00} {08 09 07 09 06 05 00 00}
[2026/09/15 19:08:00] r.y.0 r.y.0 SCPU BISR status: Done
[2026/09/15 19:08:00] [go kb]
[2026/09/15 19:08:00] pas
[2026/09/15 19:08:00] s bootcode info to kboot
[2026/09/15 19:08:00] num=1056
[2026/09/15 19:08:00] boot_magic=20230423
[2026/09/15 19:08:00] ---DEBUG kboot 21:41:14 Aug 28 2026 ---
[2026/09/15 19:08:00] [Kboot]eMMC(mid-15) MMC_HS50 (50000000Mhz)[8bit].
[2026/09/15 19:08:00] block info 0x1cd2032 0x3a3e000.
[2026/09/15 19:08:00] [MMC] 32 -----------> 16GB.
[2026/09/15 19:08:00] (2379beef) (0) bufsize=(null)
[2026/09/15 19:08:00] uboot start 0x15a800 size 0x120400
[2026/09/15 19:08:00] board_versi
[2026/09/15 19:08:00] on: ls1 = 0, ver: 0
[2026/09/15 19:08:00] [0;31mapp_main 325 board_version=0[0m
[2026/09/15 19:08:00] get FW_TZFW flash start 0xf100200 ddr buf start 0x180000 image size 010c2e3 ok!
[2026/09/15 19:08:00] [INFO]RPMB auth key not written !
[2026/09/15 19:08:00] [INFO]RPMB auth key not written !
[2026/09/15 19:08:00] Current board is not frist boot.
[2026/09/15 19:08:00] ALL zero, reserved_3 has removed.
[2026/09/15 19:08:00] Current board remove reserved_3 done.
[2026/09/15 19:08:00] get FW_VKERNEL flash start 0x
[2026/09/15 19:08:00] c100200 ddr buf start 0x1a900000 image size 05f0300 ok!
[2026/09/15 19:08:00] get FW_VKERNEL2 flash start 0xd900200 ddr buf start 0x1af00000 image size 0f4920 ok!
[2026/09/15 19:08:01] get FW_AKERNEL flash start 0xa900200 ddr buf start 0x1b200000 image size 07fbf7c ok!
[2026/09/15 19:08:01] ATFATFATF:0 1 NOTICE: kill CPU(2)...
[2026/09/15 19:08:01] ATF:0 1 NOTICE: kill (2) : PACTIVE:0
[2026/09/15 19:08:01] ATF:0 1 NOTICE:  CPU(2) kill done, pstate(0x0)
[2026/09/15 19:08:01] U
[2026/09/15 19:08:01] fixup_node_name 555. set /reserve
[2026/09/15 19:08:01] d-memory@5 to /reserved-memory
[2026/09/15 19:08:01] fixup_node_name 555. set /rtk_cma@5 to /rtk_cma
[2026/09/15 19:08:01] ### [1;31mERROR[0m ### get_movablecore 613. Can't find dtb node /reserved-memory/cma2_memory/reg
[2026/09/15 19:08:01] reinit_mem_info 1049  ddr_size 80000000
[2026/09/15 19:08:01] booting, boot_led_type: 0x00000000, led on[1]
[2026/09/15 19:08:01] set share register: 0x99100000
[2026/09/15 19:08:01] boot_power_on_mode=1
[2026/09/15 19:08:01] [get_layout:1264]!
[2026/09/15 19:08:01] boot_part value = 0 boot_tag value = 21
[2026/09/15 19:08:01] [get_oemkey] 1397: get oem.key = ATV00107525
[2026/09/15 19:08:01] Factory_RO: [EXT4] factory_ro_buffer:0a800000, factory_ro_buffer size:0x1000000!
[2026/09/15 19:08:01] Partiton factory_ro_a located at 0:6
[2026/09/15 19:08:01] factory_ro_a partition can not find /.000@bk@***!
[2026/09/15 19:08:01] Factory RO no need recovery!
[2026/09/15 19:08:01] Get tvconfigs_a partition block device index fail!
[2026/09/15 19:08:01] read customer.ini file fail!
[2026/09/15 19:08:01] parse SYS_INI path fail
[2026/09/15 19:08:01] Not support board ini mechansim!
[2026/09/15 19:08:01] Get tvconfigs_a partition block device index fail!
[2026/09/15 19:08:01] read customer.ini file fail!
[2026/09/15 19:08:01] parse SYS_INI path fail
[2026/09/15 19:08:01] load model ini file fail
[2026/09/15 19:08:01] cannot find PcbPath from ini file
[2026/09/15 19:08:01] no pcb.config in tvconfigs
[2026/09/15 19:08:01] no mnt/vendor/factorypcb.config
[2026/09/15 19:08:02] delay:342
[2026/09/15 19:08:02] Vwait
[2026/09/15 19:08:02] V1go Vwait V2go
[2026/09/15 19:08:02] DEMOD BISR check Pass and disable d
[2026/09/15 19:08:02] emod CLK!!
[2026/09/15 19:08:02] [0;31mboard_version=0 sz=18M[0m
[2026/09/15 19:08:02] ATF:0 1 NOTICE: atf enter time:1182ms, current time:2698ms
[2026/09/15 19:08:02] ATF:0 1 NOTICE: 1st boot elapsed 2704ms
[2026/09/15 19:08:04] console:/ $
[2026/09/15 19:08:34] 发送(hex): 0d
[2026/09/15 19:08:34] 发送(hex): 0d
[2026/09/15 19:08:34] 发送(hex): 0d
[2026/09/15 19:08:34] console:/ $
[2026/09/15 19:08:34] 发送(hex): 6c6f67636174207c67726570206d5a697046696c654e616d650d
[2026/09/15 19:08:34] console:/ $
[2026/09/15 19:08:34] console:/ $ logcat |grep mZipFileName
[2026/09/15 19:08:36] 08-30 18:21:55.220  1018  1065 D BootAn
[2026/09/15 19:08:36] imation: cxtest mZipFileName:/tvcust/aio_resources/resource/extension/common_TCL_QDMINI_2K/bootanim/customized_bootanimation.zip
[2026/09/15 19:08:36] 发送(hex): 03
[2026/09/15 19:08:36] ^C
[2026/09/15 19:08:43] 发送(hex): 20
[2026/09/15 19:08:43] 发送(hex): 20
[2026/09/15 19:08:43] 发送(hex): 20
[2026/09/15 19:08:43] 发送(hex): 20
[2026/09/15 19:08:43] 发送(hex): 20
[2026/09/15 19:08:43] 发送(hex): 20
[2026/09/15 19:08:43] 发送(hex): 20
[2026/09/15 19:08:43] 发送(hex): 20
[2026/09/15 19:08:43] 发送(hex): 20
[2026/09/15 19:08:43] 发送(hex): 20
[2026/09/15 19:08:43] 发送(hex): 20
[2026/09/15 19:08:43] 发送(hex): 20
[2026/09/15 19:08:43] 发送(hex): 20
[2026/09/15 19:08:43] 发送(hex): 20
[2026/09/15 19:08:44] 发送(hex): 20
[2026/09/15 19:08:44] 发送(hex): 20
[2026/09/15 19:08:44] 发送(hex): 20
[2026/09/15 19:08:44] 发送(hex): 20
[2026/09/15 19:08:44] 发送(hex): 20
[2026/09/15 19:08:44] 发送(hex): 20
[2026/09/15 19:08:44] 发送(hex): 20
[2026/09/15 19:08:44] 发送(hex): 20
[2026/09/15 19:08:44] 发送(hex): 20
[2026/09/15 19:08:44] 发送(hex): 20
[2026/09/15 19:08:44] 发送(hex): 20
[2026/09/15 19:08:44] 发送(hex): 20
[2026/09/15 19:08:44] 发送(hex): 20
[2026/09/15 19:08:44] 发送(hex): 20
[2026/09/15 19:08:44] 发送(hex): 20
[2026/09/15 19:08:44] 发送(hex): 20
[2026/09/15 19:08:44] 发送(hex): 20
[2026/09/15 19:08:44] 发送(hex): 20
[2026/09/15 19:08:44] 发送(hex): 20
[2026/09/15 19:08:44] 发送(hex): 20
[2026/09/15 19:08:44] 发送(hex): 20
[2026/09/15 19:08:44] $
[2026/09/15 19:08:44] Post romcode git ver:42df880604ac78a3 (Aug 28 2026 21:41:35)
[2026/09/15 19:08:44] $
[2026/09/15 19:08:44] Hello world, RTD2875P_CN2_TV030!
[2026/09/15 19:08:44] set_wifi_reset
[2026/09/15 19:08:44] Auxcode git ver:3a4deb9ea300359e (Aug 28 2026 21:41:29)
[2026/09/15 19:08:44] flash_type = 2, secure_type = 2
[2026/09/15 19:08:44] b8062204=0
[2026/09/15 19:08:44] 发送(hex): 20
[2026/09/15 19:08:44] 发送(hex): 20
[2026/09/15 19:08:44] slot info 0 0x0 info 1 0x0
[2026/09/15 19:08:44] invalid reg slot status 0x0,get
[2026/09/15 19:08:44] 发送(hex): 20
[2026/09/15 19:08:44] 发送(hex): 20
[2026/09/15 19:08:44] 发送(hex): 20
[2026/09/15 19:08:44] 发送(hex): 20
[2026/09/15 19:08:44] 发送(hex): 20
[2026/09/15 19:08:44] 发送(hex): 20
[2026/09/15 19:08:44] 发送(hex): 20
[2026/09/15 19:08:44] 发送(hex): 20
[2026/09/15 19:08:44] slot info from flash!
[2026/09/15 19:08:44] g_gpt_blk_start 0x1  g_offline_gpt 0x0 last_usable_lba 0x1cd2032 num_partition_entries 0x32
[2026/09/15 19:08:44] start 0x2e600000 clt_blk 0x1973004 ctrl size 0x20
[2026/09/15 19:08:44] choose active index 0
[2026/09/15 19:08:44] part name bootloader ative_slot _a real part name bootloader_a
[2026/09/15 19:08:44] part name hwsetting start 0x100000 size 0x33600
[2026/09/15 19:08:44] part name ext_fw start 0x133600 size 0x10400
[2026/09/15 19:08:44] part name kboot start 0x143a00 size 0x16e00
[2026/09/15 19:08:44] part name uboot start 0x15a800 size 0x120400
[2026/09/15 19:08:44] ls4 2 1 = 800040aa 8000207f 80001000
[2026/09/15 19:08:44] fNewHWsettingArch = 2
[2026/09/15 19:08:44] 1.lsadcidx = 2, brand =3, offset = 0
[2026/09/15 19:08:44] 1.lsadcidx = 2, brand =3, offset = 17800
[2026/09/15 19:08:44] hwsetting from mmc
[2026/09/15 19:08:44] AC on HW offset 0x809 start 0x800 reg 0x8090800
[2026/09/15 19:08:44] total = 2f00
[2026/09/15 19:08:44] 发送(hex): 20
[2026/09/15 19:08:44] 发送(hex): 20
[2026/09/15 19:08:44] 发送(hex): 20
[2026/09/15 19:08:44] 发送(hex): 20
[2026/09/15 19:08:44] A
[2026/09/15 19:08:44] 发送(hex): 20
[2026/09/15 19:08:44] 发送(hex): 20
[2026/09/15 19:08:44] A
[2026/09/15 19:08:44] 发送(hex): 20
[2026/09/15 19:08:44] A
[2026/09/15 19:08:44] A
[2026/09/15 19:08:44] 发送(hex): 20
[2026/09/15 19:08:44] 发送(hex): 20
[2026/09/15 19:08:44] A
[2026/09/15 19:08:44] 发送(hex): 20
[2026/09/15 19:08:44] 发送(hex): 20
[2026/09/15 19:08:44] {12 14}
[2026/09/15 19:08:44] ffeeddffeeddddr ver: 62c63180
[2026/09/15 19:08:44] ori DQS0~7 {03 04 1a 1c 00 01 00 00}
[2026/09/15 19:08:44] 发送(hex): 20
[2026/09/15 19:08:44] 发送(hex): 20
[2026/09/15 19:08:44] 发送(hex): 20
[2026/09/15 19:08:44] 发送(hex): 20
[2026/09/15 19:08:44] 发送(hex): 20
[2026/09/15 19:08:44] 发送(hex): 20
[2026/09/15 19:08:44] 发送(hex): 20
[2026/09/15 19:08:44] 发送(hex): 20
[2026/09/15 19:08:44] {01 03 19 1b 00 01 00 00} {0a 08 07 09 06 05 00 00}
[2026/09/15 19:08:44] r
[2026/09/15 19:08:44] 发送(hex): 20
[2026/09/15 19:08:44] .y.0 r.y.0 SCPU BISR status: Done
[2026/09/15 19:08:44] 发送(hex): 20
[2026/09/15 19:08:44] 发送(hex): 20
[2026/09/15 19:08:44] 发送(hex): 20
[2026/09/15 19:08:44] 发送(hex): 20
[2026/09/15 19:08:44] 发送(hex): 20
[2026/09/15 19:08:44] [go kb]
[2026/09/15 19:08:44] pass bootcode info to kboot
[2026/09/15 19:08:44] num=1100
[2026/09/15 19:08:44] boot_magic=7f676014
[2026/09/15 19:08:44] ---DEBUG kboot 21:41:14 Aug 28 2026 ---
[2026/09/15 19:08:44] [Kboot]eMMC(mid-15) MMC_HS50 (50000000Mhz)[8bit].
[2026/09/15 19:08:44] block info 0x1cd2032 0x3a3e000.
[2026/09/15 19:08:44] [MMC] 32 -----------> 16GB.
[2026/09/15 19:08:44] 发送(hex): 20
[2026/09/15 19:08:44] 发送(hex): 20
[2026/09/15 19:08:44] (00000000) (1) bufsize=(null)
[2026/09/15 19:08:44] 发送(hex): 20
[2026/09/15 19:08:44] 发送(hex): 20
[2026/09/15 19:08:44] 发送(hex): 20
[2026/09/15 19:08:44] uboot start 0x15
[2026/09/15 19:08:44] 发送(hex): 20
[2026/09/15 19:08:44] a800 size 0x120400
[2026/09/15 19:08:44] 发送(hex): 20
[2026/09/15 19:08:44] 发送(hex): 20
[2026/09/15 19:08:44] board_version: ls1 = 0, ver: 0
[2026/09/15 19:08:44] [0;31mapp_main 325 board_version=0[0m
[2026/09/15 19:08:44] 发送(hex): 20
[2026/09/15 19:08:44] 发送(hex): 20
[2026/09/15 19:08:44] 发送(hex): 20
[2026/09/15 19:08:44] 发送(hex): 20
[2026/09/15 19:08:44] 发送(hex): 20
[2026/09/15 19:08:44] 发送(hex): 20
[2026/09/15 19:08:44] 发送(hex): 20
[2026/09/15 19:08:44] get FW_TZFW flash start 0xf100200 ddr buf start 0x180000 image size 010c2e3 ok!
[2026/09/15 19:08:44] [INFO]RPMB auth key not written !
[2026/09/15 19:08:44] [INFO]RPMB auth key not written !
[2026/09/15 19:08:44] Current board is not frist boot.
[2026/09/15 19:08:44] ALL zero, reserved_3 has removed.
[2026/09/15 19:08:44] Current board remove reserved_3 done.
[2026/09/15 19:08:44] 发送(hex): 20
[2026/09/15 19:08:44] 发送(hex): 20
[2026/09/15 19:08:44] 发送(hex): 20
[2026/09/15 19:08:44] 发送(hex): 20
[2026/09/15 19:08:44] 发送(hex): 20
[2026/09/15 19:08:44] 发送(hex): 20
[2026/09/15 19:08:44] 发送(hex): 20
[2026/09/15 19:08:44] 发送(hex): 20
[2026/09/15 19:08:44] 发送(hex): 20
[2026/09/15 19:08:44] 发送(hex): 20
[2026/09/15 19:08:44] 发送(hex): 20
[2026/09/15 19:08:44] 发送(hex): 20
[2026/09/15 19:08:44] 发送(hex): 20
[2026/09/15 19:08:44] 发送(hex): 20
[2026/09/15 19:08:44] 发送(hex): 20
[2026/09/15 19:08:44] 发送(hex): 20
[2026/09/15 19:08:44] 发送(hex): 20
[2026/09/15 19:08:44] 发送(hex): 20
[2026/09/15 19:08:44] get FW_VKERNEL flash start
[2026/09/15 19:08:44] 发送(hex): 20
[2026/09/15 19:08:44] 0xc100200 ddr buf start 0x1a900000 image size 05f0300 ok!
[2026/09/15 19:08:44] 发送(hex): 20
[2026/09/15 19:08:44] 发送(hex): 20
[2026/09/15 19:08:44] 发送(hex): 20
[2026/09/15 19:08:44] 发送(hex): 20
[2026/09/15 19:08:45] 发送(hex): 20
[2026/09/15 19:08:45] get FW_VKERNEL2 flash start 0xd900200 ddr buf start 0x1af00000 image size 0f4920 ok!
[2026/09/15 19:08:45] 发送(hex): 20
[2026/09/15 19:08:45] 发送(hex): 20
[2026/09/15 19:08:45] 发送(hex): 20
[2026/09/15 19:08:45] 发送(hex): 20
[2026/09/15 19:08:45] 发送(hex): 20
[2026/09/15 19:08:45] 发送(hex): 20
[2026/09/15 19:08:45] 发送(hex): 20
[2026/09/15 19:08:45] 发送(hex): 20
[2026/09/15 19:08:45] 发送(hex): 20
[2026/09/15 19:08:45] 发送(hex): 20
[2026/09/15 19:08:45] 发送(hex): 20
[2026/09/15 19:08:45] 发送(hex): 20
[2026/09/15 19:08:45] 发送(hex): 20
[2026/09/15 19:08:45] 发送(hex): 20
[2026/09/15 19:08:45] 发送(hex): 20
[2026/09/15 19:08:45] 发送(hex): 20
[2026/09/15 19:08:45] 发送(hex): 20
[2026/09/15 19:08:45] 发送(hex): 20
[2026/09/15 19:08:45] 发送(hex): 20
[2026/09/15 19:08:45] 发送(hex): 20
[2026/09/15 19:08:45] 发送(hex): 20
[2026/09/15 19:08:45] 发送(hex): 20
[2026/09/15 19:08:45] 发送(hex): 20
[2026/09/15 19:08:45] 发送(hex): 20
[2026/09/15 19:08:45] 发送(hex): 20
[2026/09/15 19:08:45] 发送(hex): 20
[2026/09/15 19:08:45] get FW_AKERNEL flash start 0xa900200 ddr buf start 0x1b200000 image size 07fbf7c ok!
[2026/09/15 19:08:45] 发送(hex): 20
[2026/09/15 19:08:45] 发送(hex): 20
[2026/09/15 19:08:45] 发送(hex): 20
[2026/09/15 19:08:45] 发送(hex): 20
[2026/09/15 19:08:45] 发送(hex): 20
[2026/09/15 19:08:45] 发送(hex): 20
[2026/09/15 19:08:45] 发送(hex): 20
[2026/09/15 19:08:45] 发送(hex): 20
[2026/09/15 19:08:45] 发送(hex): 20
[2026/09/15 19:08:45] 发送(hex): 20
[2026/09/15 19:08:45] ATFATFATF:0 1 NOTICE: kill CPU(2)...
[2026/09/15 19:08:45] ATF:0 1 NOTICE: kill (2) : PACTIVE:0
[2026/09/15 19:08:45] ATF:0 1 NOTICE:  CPU(2) kill done, pstate(0x0)
[2026/09/15 19:08:45] 发送(hex): 20
[2026/09/15 19:08:45] 发送(hex): 20
[2026/09/15 19:08:45] U
[2026/09/15 19:08:45] 发送(hex): 20
[2026/09/15 19:08:45] 发送(hex): 20
[2026/09/15 19:08:45] 发送(hex): 20
[2026/09/15 19:08:45] 发送(hex): 20
[2026/09/15 19:08:45] 发送(hex): 20
[2026/09/15 19:08:45] 发送(hex): 20
[2026/09/15 19:08:45] 发送(hex): 20
[2026/09/15 19:08:45] 发送(hex): 20
[2026/09/15 19:08:45] 发送(hex): 20
[2026/09/15 19:08:45] 发送(hex): 20
[2026/09/15 19:08:45] 发送(hex): 20
[2026/09/15 19:08:45] 发送(hex): 20
[2026/09/15 19:08:45] fixup_node_name 555. set /reserved-mem
[2026/09/15 19:08:45] 发送(hex): 20
[2026/09/15 19:08:45] 发送(hex): 20
[2026/09/15 19:08:45] 发送(hex): 20
[2026/09/15 19:08:45] ory@5 to /reserved-memory
[2026/09/15 19:08:45] fixup_node_name 555. set /rtk_cma@5 to /rtk_cma
[2026/09/15 19:08:45] ### [1;31mERROR[0m ### get_movablecore 613. Can't find dtb node /reserved-memory/cma2_memory/reg
[2026/09/15 19:08:45] reinit_mem_info 1049  ddr_size 80000000
[2026/09/15 19:08:45] 发送(hex): 20
[2026/09/15 19:08:45] 发送(hex): 20
[2026/09/15 19:08:45] 发送(hex): 20
[2026/09/15 19:08:45] booting, boot_led_type: 0x00000000, led on[1]
[2026/09/15 19:08:45] set share register: 0x99100000
[2026/09/15 19:08:45] boot_power_on_mode=1
[2026/09/15 19:08:45] [get_layout:1264]!
[2026/09/15 19:08:45] 发送(hex): 20
[2026/09/15 19:08:45] 发送(hex): 20
[2026/09/15 19:08:45] 发送(hex): 20
[2026/09/15 19:08:45] 发送(hex): 20
[2026/09/15 19:08:45] 发送(hex): 20
[2026/09/15 19:08:45] 发送(hex): 20
[2026/09/15 19:08:45] 发送(hex): 20
[2026/09/15 19:08:45] 发送(hex): 20
[2026/09/15 19:08:45] boot_part value = 0 boot_tag value = 21
[2026/09/15 19:08:45] [get_oemkey] 1397: get oem.key = ATV00107525
[2026/09/15 19:08:45] Factory_RO: [EXT4] factory_ro_buffer:0a800000, factory_ro_buffer size:0x1000000!
[2026/09/15 19:08:45] Partiton factory_ro_a located at 0:6
[2026/09/15 19:08:45] factory_ro_a partition can not find /.000@bk@***!
[2026/09/15 19:08:45] Factory RO no need recovery!
[2026/09/15 19:08:45] Get tvconfigs_a partition block device index fail!
[2026/09/15 19:08:45] read customer.ini file fail!
[2026/09/15 19:08:45] parse SYS_INI path fail
[2026/09/15 19:08:45] Not support board ini mechansim!
[2026/09/15 19:08:45] Get tvconfigs_a partition block device index fail!
[2026/09/15 19:08:45] read customer.ini file fail!
[2026/09/15 19:08:45] parse SYS_INI path fail
[2026/09/15 19:08:45] load model ini file fail
[2026/09/15 19:08:45] cannot find PcbPath from ini file
[2026/09/15 19:08:45] no pcb.config in tvconfigs
[2026/09/15 19:08:45] no mnt/vendor/factorypcb.config
[2026/09/15 19:08:45] 发送(hex): 20
[2026/09/15 19:08:45] 发送(hex): 20
[2026/09/15 19:08:45] 发送(hex): 20
[2026/09/15 19:08:45] 发送(hex): 20
[2026/09/15 19:08:45] 发送(hex): 20
[2026/09/15 19:08:45] 发送(hex): 20
[2026/09/15 19:08:45] 发送(hex): 20
[2026/09/15 19:08:45] 发送(hex): 20
[2026/09/15 19:08:45] 发送(hex): 20
[2026/09/15 19:08:45] 发送(hex): 20
[2026/09/15 19:08:45] 发送(hex): 20
[2026/09/15 19:08:45] 发送(hex): 20
[2026/09/15 19:08:45] 发送(hex): 20
[2026/09/15 19:08:45] 发送(hex): 20
[2026/09/15 19:08:45] 发送(hex): 20
[2026/09/15 19:08:45] 发送(hex): 20
[2026/09/15 19:08:45] 发送(hex): 20
[2026/09/15 19:08:45] 发送(hex): 20
[2026/09/15 19:08:45] 发送(hex): 20
[2026/09/15 19:08:45] 发送(hex): 20
[2026/09/15 19:08:45] 发送(hex): 20
[2026/09/15 19:08:45] 发送(hex): 20
[2026/09/15 19:08:45] 发送(hex): 20
[2026/09/15 19:08:45] 发送(hex): 20
[2026/09/15 19:08:45] 发送(hex): 20
[2026/09/15 19:08:45] 发送(hex): 20
[2026/09/15 19:08:45] 发送(hex): 20
[2026/09/15 19:08:45] 发送(hex): 20
[2026/09/15 19:08:46] 发送(hex): 20
[2026/09/15 19:08:46] 发送(hex): 20
[2026/09/15 19:08:46] 发送(hex): 20
[2026/09/15 19:08:46] 发送(hex): 20
[2026/09/15 19:08:46] 发送(hex): 20
[2026/09/15 19:08:46] 发送(hex): 20
[2026/09/15 19:08:46] 发送(hex): 20
[2026/09/15 19:08:46] 发送(hex): 20
[2026/09/15 19:08:46] 发送(hex): 20
[2026/09/15 19:08:46] 发送(hex): 20
[2026/09/15 19:08:46] 发送(hex): 20
[2026/09/15 19:08:46] 发送(hex): 20
[2026/09/15 19:08:46] 发送(hex): 20
[2026/09/15 19:08:46] 发送(hex): 20
[2026/09/15 19:08:46] 发送(hex): 20
[2026/09/15 19:08:46] 发送(hex): 20
[2026/09/15 19:08:46] 发送(hex): 20
[2026/09/15 19:08:46] 发送(hex): 20
[2026/09/15 19:08:46] 发送(hex): 20
[2026/09/15 19:08:46] 发送(hex): 20
[2026/09/15 19:08:46] 发送(hex): 20
[2026/09/15 19:08:46] 发送(hex): 20
[2026/09/15 19:08:46] 发送(hex): 20
[2026/09/15 19:08:46] 发送(hex): 20
[2026/09/15 19:08:46] delay:426
[2026/09/15 19:08:46] 发送(hex): 20
[2026/09/15 19:08:46] 发送(hex): 20
[2026/09/15 19:08:46] 发送(hex): 20
[2026/09/15 19:08:46] 发送(hex): 20
[2026/09/15 19:08:46] 发送(hex): 20
[2026/09/15 19:08:46] 发送(hex): 20
[2026/09/15 19:08:46] 发送(hex): 20
[2026/09/15 19:08:46] 发送(hex): 20
[2026/09/15 19:08:46] 发送(hex): 20
[2026/09/15 19:08:46] 发送(hex): 20
[2026/09/15 19:08:46] 发送(hex): 20
[2026/09/15 19:08:46] 发送(hex): 20
[2026/09/15 19:08:46] 发送(hex): 20
[2026/09/15 19:08:46] 发送(hex): 20
[2026/09/15 19:08:46] 发送(hex): 20
[2026/09/15 19:08:46] 发送(hex): 20
[2026/09/15 19:08:46] 发送(hex): 20
[2026/09/15 19:08:46] 发送(hex): 20
[2026/09/15 19:08:46] 发送(hex): 20
[2026/09/15 19:08:46] 发送(hex): 20
[2026/09/15 19:08:46] 发送(hex): 20
[2026/09/15 19:08:46] 发送(hex): 20
[2026/09/15 19:08:46] 发送(hex): 20
[2026/09/15 19:08:46] 发送(hex): 20
[2026/09/15 19:08:46] 发送(hex): 20
[2026/09/15 19:08:46] 发送(hex): 20
[2026/09/15 19:08:46] 发送(hex): 20
[2026/09/15 19:08:46] 发送(hex): 20
[2026/09/15 19:08:46] 发送(hex): 20
[2026/09/15 19:08:46] 发送(hex): 20
[2026/09/15 19:08:46] 发送(hex): 20
[2026/09/15 19:08:46] 发送(hex): 20
[2026/09/15 19:08:46] 发送(hex): 20
[2026/09/15 19:08:46] 发送(hex): 20
[2026/09/15 19:08:46] 发送(hex): 20
[2026/09/15 19:08:46] 发送(hex): 20
[2026/09/15 19:08:46] 发送(hex): 20
[2026/09/15 19:08:46] 发送(hex): 20
[2026/09/15 19:08:46] 发送(hex): 20
[2026/09/15 19:08:46] 发送(hex): 20
[2026/09/15 19:08:46] 发送(hex): 20
[2026/09/15 19:08:46] 发送(hex): 20
[2026/09/15 19:08:46] 发送(hex): 20
[2026/09/15 19:08:46] 发送(hex): 20
[2026/09/15 19:08:46] 发送(hex): 20
[2026/09/15 19:08:46] Net:   r8168: REALTEK RTL8168 @0x18016000
[2026/09/15 19:08:46] 发送(hex): 20
[2026/09/15 19:08:46] 发送(hex): 20
[2026/09/15 19:08:46] 发送(hex): 20
[2026/09/15 19:08:46] 发送(hex): 20
[2026/09/15 19:08:46] Start Boot Setup ...
[2026/09/15 19:08:46] (powerMgr_get_wakeup_source)2012/05/30 19:50
[2026/09/15 19:08:46] wakeup source : AC
[2026/09/15 19:08:46] 发送(hex): 20
[2026/09/15 19:08:46] 发送(hex): 20
[2026/09/15 19:08:46] 发送(hex): 20
[2026/09/15 19:08:46] (powerMgr_get_wakeup_source)2012/05/30 19:50
[2026/09/15 19:08:46] wakeup source : AC
[2026/09/15 19:08:46] wakeup_src=0, boot_logo_enable=1, bgm_boot_type=0, POWER_ON_MODE_SILEN=0.
[2026/09/15 19:08:46] 发送(hex): 20
[2026/09/15 19:08:46] 发送(hex): 20
[2026/09/15 19:08:46] 发送(hex): 20
[2026/09/15 19:08:46] GDMA module_init finish
[2026/09/15 19:08:46] [GDMA] OSD size[3840,2160]
[2026/09/15 19:08:46] [GDMA] gdma_showlogo gdma show logo 2633
[2026/09/15 19:08:46] Net:   r8168: REALTEK RTL8168 @0x18016000
[2026/09/15 19:08:46] 发送(hex): 20
[2026/09/15 19:08:46] 发送(hex): 20
[2026/09/15 19:08:46] ## Android Verified Boot 2.0
[2026/09/15 19:08:46] 发送(hex): 20
[2026/09/15 19:08:46] version 1.1.0
[2026/09/15 19:08:46] 发送(hex): 20
[2026/09/15 19:08:46] 发送(hex): 20
[2026/09/15 19:08:46] 发送(hex): 20
[2026/09/15 19:08:46] 发送(hex): 20
[2026/09/15 19:08:46] 发送(hex): 20
[2026/09/15 19:08:46] 发送(hex): 20
[2026/09/15 19:08:46] 发送(hex): 20
[2026/09/15 19:08:46] 发送(hex): 20
[2026/09/15 19:08:46] 发送(hex): 20
[2026/09/15 19:08:46] 发送(hex): 20
[2026/09/15 19:08:46] 发送(hex): 20
[2026/09/15 19:08:46] 发送(hex): 20
[2026/09/15 19:08:47] 发送(hex): 20
[2026/09/15 19:08:47] 发送(hex): 20
[2026/09/15 19:08:47] 发送(hex): 20
[2026/09/15 19:08:47] 发送(hex): 20
[2026/09/15 19:08:47] 发送(hex): 20
[2026/09/15 19:08:47] 发送(hex): 20
[2026/09/15 19:08:47] 发送(hex): 20
[2026/09/15 19:08:47] 发送(hex): 20
[2026/09/15 19:08:47] 发送(hex): 20
[2026/09/15 19:08:47] 发送(hex): 20
[2026/09/15 19:08:47] 发送(hex): 20
[2026/09/15 19:08:47] 发送(hex): 20
[2026/09/15 19:08:47] 发送(hex): 20
[2026/09/15 19:08:47] 发送(hex): 20
[2026/09/15 19:08:47] 发送(hex): 20
[2026/09/15 19:08:47] 发送(hex): 20
[2026/09/15 19:08:47] 发送(hex): 20
[2026/09/15 19:08:47] 发送(hex): 20
[2026/09/15 19:08:47] 发送(hex): 20
[2026/09/15 19:08:47] 发送(hex): 20
[2026/09/15 19:08:47] 发送(hex): 20
[2026/09/15 19:08:47] 发送(hex): 20
[2026/09/15 19:08:47] 发送(hex): 20
[2026/09/15 19:08:47] 发送(hex): 20
[2026/09/15 19:08:47] 发送(hex): 20
[2026/09/15 19:08:47] 发送(hex): 20
[2026/09/15 19:08:47] 发送(hex): 20
[2026/09/15 19:08:47] 发送(hex): 20
[2026/09/15 19:08:47] 发送(hex): 20
[2026/09/15 19:08:47] 发送(hex): 20
[2026/09/15 19:08:47] 发送(hex): 20
[2026/09/15 19:08:47] 发送(hex): 20
[2026/09/15 19:08:47] 发送(hex): 20
[2026/09/15 19:08:47] 发送(hex): 20
[2026/09/15 19:08:47] 发送(hex): 20
[2026/09/15 19:08:47] Verification passed successfully
[2026/09/15 19:08:47] [Skip A] boot manual mode
[2026/09/15 19:08:47] [Skip V] boot manual mode
[2026/09/15 19:08:47] is_avb_verify_hash_partition 164 find avb verify part_name boot img_buf 0x66400000 size 0x307a000
[2026/09/15 19:08:47] boot header version : 4
[2026/09/15 19:08:47] is_avb_verify_hash_partition 164 find avb verify part_name vendor_boot img_buf 0x6bc00000 size 0x10a3000
[2026/09/15 19:08:47] get_partition_content_by_name 11954 get gpt_name init_boot_a err,try part name init_boot!
[2026/09/15 19:08:47] get_partition_content_by_name 11956 get part name init_boot err!
[2026/09/15 19:08:47] 发送(hex): 20
[2026/09/15 19:08:47] 发送(hex): 20
[2026/09/15 19:08:47] 发送(hex): 20
[2026/09/15 19:08:47] 发送(hex): 20
[2026/09/15 19:08:47] 发送(hex): 20
[2026/09/15 19:08:47] 发送(hex): 20
[2026/09/15 19:08:47] 发送(hex): 20
[2026/09/15 19:08:47] 发送(hex): 20
[2026/09/15 19:08:47] get_merge_ramdisk 11932 cur_ramdisk_size 0xf3096 real_cur_ramdisk_size 0xf3096
[2026/09/15 19:08:47] get_merge_ramdisk 11932 cur_ramdisk_size 0x2019e5 real_cur_ramdisk_size 0x2019e5
[2026/09/15 19:08:47] is_avb_verify_hash_partition 164 find avb verify part_name dtbo img_buf 0x6fc00000 size 0x1186
[2026/09/15 19:08:47] Net:   r8168: REALTEK RTL8168 @0x18016000
[2026/09/15 19:08:47] 发送(hex): 20
[2026/09/15 19:08:47] 发送(hex): 20
[2026/09/15 19:08:47] 发送(hex): 20
[2026/09/15 19:08:47] 发送(hex): 20
[2026/09/15 19:08:47] [Skip K] boot manual mode (execute "go all")
[2026/09/15 19:08:47] Enter console mode, disable watchdog ...
[2026/09/15 19:08:47] Realtek>
[2026/09/15 19:08:47] 发送(hex): 20
[2026/09/15 19:08:47] 发送(hex): 20
[2026/09/15 19:08:47] 发送(hex): 20
[2026/09/15 19:08:47] 发送(hex): 20
[2026/09/15 19:08:47] 发送(hex): 20
[2026/09/15 19:08:47] 发送(hex): 20
[2026/09/15 19:08:47] 发送(hex): 20
[2026/09/15 19:08:47] 发送(hex): 20
[2026/09/15 19:08:47] 发送(hex): 20
[2026/09/15 19:08:47] 发送(hex): 20
[2026/09/15 19:08:47] 发送(hex): 20
[2026/09/15 19:08:47] 发送(hex): 20
[2026/09/15 19:08:47] 发送(hex): 20
[2026/09/15 19:08:47] 发送(hex): 20
[2026/09/15 19:08:47] 发送(hex): 20
[2026/09/15 19:08:47] 发送(hex): 20
[2026/09/15 19:08:47] 发送(hex): 20
[2026/09/15 19:08:47] 发送(hex): 20
[2026/09/15 19:08:47] 发送(hex): 20
[2026/09/15 19:08:47] 发送(hex): 20
[2026/09/15 19:08:47] 发送(hex): 20
[2026/09/15 19:08:47] 发送(hex): 20
[2026/09/15 19:08:47] 发送(hex): 20
[2026/09/15 19:08:47] 发送(hex): 20
[2026/09/15 19:08:47] 发送(hex): 20
[2026/09/15 19:08:47] 发送(hex): 20
[2026/09/15 19:08:47] 发送(hex): 20
[2026/09/15 19:08:47] 发送(hex): 20
[2026/09/15 19:08:47] 发送(hex): 20
[2026/09/15 19:08:47] 发送(hex): 20
[2026/09/15 19:08:47] 发送(hex): 20
[2026/09/15 19:08:47] 发送(hex): 20
[2026/09/15 19:08:47] 发送(hex): 20
[2026/09/15 19:08:47] 发送(hex): 20
[2026/09/15 19:08:47] 发送(hex): 20
[2026/09/15 19:08:47] 发送(hex): 20
[2026/09/15 19:08:47] 发送(hex): 20
[2026/09/15 19:08:47] 发送(hex): 20
[2026/09/15 19:08:47] 发送(hex): 20
[2026/09/15 19:08:47] 发送(hex): 20
[2026/09/15 19:08:47] 发送(hex): 20
[2026/09/15 19:08:47] 发送(hex): 20
[2026/09/15 19:08:47] 发送(hex): 20
[2026/09/15 19:08:47] 发送(hex): 20
[2026/09/15 19:08:47] 发送(hex): 20
[2026/09/15 19:08:47] 发送(hex): 20
[2026/09/15 19:08:47] 发送(hex): 20
[2026/09/15 19:08:48] 发送(hex): 20
[2026/09/15 19:08:48] 发送(hex): 20
[2026/09/15 19:08:48] 发送(hex): 20
[2026/09/15 19:08:48] 发送(hex): 20
[2026/09/15 19:08:48] 发送(hex): 20
[2026/09/15 19:08:48] 发送(hex): 20
[2026/09/15 19:08:48] 发送(hex): 20
[2026/09/15 19:08:48] 发送(hex): 20
[2026/09/15 19:08:48] 发送(hex): 20
[2026/09/15 19:08:48] 发送(hex): 20
[2026/09/15 19:08:48] 发送(hex): 20
[2026/09/15 19:08:48] 发送(hex): 20
[2026/09/15 19:08:48] 发送(hex): 20
[2026/09/15 19:08:48] 发送(hex): 20
[2026/09/15 19:08:48] 发送(hex): 20
[2026/09/15 19:08:48] 发送(hex): 20
[2026/09/15 19:08:48] 发送(hex): 20
[2026/09/15 19:08:48] 发送(hex): 20
[2026/09/15 19:08:48] 发送(hex): 20
[2026/09/15 19:08:48] 发送(hex): 20
[2026/09/15 19:08:48] 发送(hex): 20
[2026/09/15 19:08:48] 发送(hex): 20
[2026/09/15 19:08:48] 发送(hex): 20
[2026/09/15 19:08:48] 发送(hex): 20
[2026/09/15 19:08:48] 发送(hex): 20
[2026/09/15 19:08:48] 发送(hex): 20
[2026/09/15 19:08:48] 发送(hex): 20
[2026/09/15 19:08:48] 发送(hex): 20
[2026/09/15 19:08:48] 发送(hex): 20
[2026/09/15 19:08:48] 发送(hex): 20
[2026/09/15 19:08:48] 发送(hex): 20
[2026/09/15 19:08:48] 发送(hex): 20
[2026/09/15 19:08:48] 发送(hex): 20
[2026/09/15 19:08:48] 发送(hex): 20
[2026/09/15 19:08:48] 发送(hex): 20
[2026/09/15 19:08:48] 发送(hex): 20
[2026/09/15 19:08:48] 发送(hex): 20
[2026/09/15 19:08:48] 发送(hex): 20
[2026/09/15 19:08:48] 发送(hex): 20
[2026/09/15 19:08:48] 发送(hex): 20
[2026/09/15 19:08:48] 发送(hex): 20
[2026/09/15 19:08:48] 发送(hex): 20
[2026/09/15 19:08:48] 发送(hex): 20
[2026/09/15 19:08:48] 发送(hex): 20
[2026/09/15 19:08:48] 发送(hex): 20
[2026/09/15 19:08:48] 发送(hex): 20
[2026/09/15 19:08:48] 发送(hex): 20
[2026/09/15 19:08:48] 发送(hex): 20
[2026/09/15 19:08:48] 发送(hex): 20
[2026/09/15 19:08:48] 发送(hex): 20
[2026/09/15 19:08:48] 发送(hex): 20
[2026/09/15 19:08:48] 发送(hex): 20
[2026/09/15 19:08:48] 发送(hex): 20
[2026/09/15 19:08:48] 发送(hex): 20
[2026/09/15 19:08:48] 发送(hex): 20
[2026/09/15 19:08:48] 发送(hex): 20
[2026/09/15 19:08:48] 发送(hex): 20
[2026/09/15 19:08:48] 发送(hex): 20
[2026/09/15 19:08:48] 发送(hex): 20
[2026/09/15 19:08:48] 发送(hex): 20
[2026/09/15 19:08:48] 发送(hex): 20
[2026/09/15 19:08:48] 发送(hex): 20
[2026/09/15 19:08:48] 发送(hex): 20
[2026/09/15 19:08:48] 发送(hex): 20
[2026/09/15 19:08:48] 发送(hex): 20
[2026/09/15 19:08:48] 发送(hex): 20
[2026/09/15 19:08:48] 发送(hex): 20
[2026/09/15 19:08:48] 发送(hex): 20
[2026/09/15 19:08:48] 发送(hex): 20
[2026/09/15 19:08:48] 发送(hex): 20
[2026/09/15 19:08:48] 发送(hex): 20
[2026/09/15 19:08:48] 发送(hex): 20
[2026/09/15 19:08:48] 发送(hex): 20
[2026/09/15 19:08:48] 发送(hex): 20
[2026/09/15 19:08:48] 发送(hex): 20
[2026/09/15 19:08:48] 发送(hex): 20
[2026/09/15 19:08:48] 发送(hex): 20
[2026/09/15 19:08:48] 发送(hex): 20
[2026/09/15 19:08:48] 发送(hex): 20
[2026/09/15 19:08:48] 发送(hex): 20
[2026/09/15 19:08:48] 发送(hex): 20
[2026/09/15 19:08:48] 发送(hex): 20
[2026/09/15 19:08:48] 发送(hex): 20
[2026/09/15 19:08:48] 发送(hex): 20
[2026/09/15 19:08:48] 发送(hex): 20
[2026/09/15 19:08:48] 发送(hex): 20
[2026/09/15 19:08:48] 发送(hex): 20
[2026/09/15 19:08:48] 发送(hex): 20
[2026/09/15 19:08:48] 发送(hex): 20
[2026/09/15 19:08:48] 发送(hex): 20
[2026/09/15 19:08:48] 发送(hex): 20
[2026/09/15 19:08:48] 发送(hex): 20
[2026/09/15 19:08:48] 发送(hex): 20
[2026/09/15 19:08:49] 发送(hex): 20
[2026/09/15 19:08:49] 发送(hex): 20
[2026/09/15 19:08:49] 发送(hex): 20
[2026/09/15 19:08:49] 发送(hex): 20
[2026/09/15 19:08:49] 发送(hex): 20
[2026/09/15 19:08:49] 发送(hex): 20
[2026/09/15 19:08:49] 发送(hex): 20
[2026/09/15 19:08:49] 发送(hex): 20
[2026/09/15 19:08:49] 发送(hex): 20
[2026/09/15 19:08:49] 发送(hex): 20
[2026/09/15 19:08:49] 发送(hex): 20
[2026/09/15 19:08:49] 发送(hex): 20
[2026/09/15 19:08:49] 发送(hex): 20
[2026/09/15 19:08:49] 发送(hex): 20
[2026/09/15 19:08:49] 发送(hex): 20
[2026/09/15 19:08:49] 发送(hex): 20
[2026/09/15 19:08:49] 发送(hex): 20
[2026/09/15 19:08:49] 发送(hex): 20
[2026/09/15 19:08:49] 发送(hex): 20
[2026/09/15 19:08:49] 发送(hex): 20
[2026/09/15 19:08:49] 发送(hex): 20
[2026/09/15 19:08:49] 发送(hex): 20
[2026/09/15 19:08:49] 发送(hex): 20
[2026/09/15 19:08:49] 发送(hex): 20
[2026/09/15 19:08:49] 发送(hex): 20
[2026/09/15 19:08:49] 发送(hex): 20
[2026/09/15 19:08:49] 发送(hex): 20
[2026/09/15 19:08:49] 发送(hex): 20
[2026/09/15 19:08:49] 发送(hex): 20
[2026/09/15 19:08:49] 发送(hex): 20
[2026/09/15 19:08:49] 发送(hex): 20
[2026/09/15 19:08:49] 发送(hex): 20
[2026/09/15 19:08:49] 发送(hex): 20
[2026/09/15 19:08:49] 发送(hex): 20
[2026/09/15 19:08:49] 发送(hex): 20
[2026/09/15 19:08:49] 发送(hex): 20
[2026/09/15 19:08:49] 发送(hex): 20
[2026/09/15 19:08:49] 发送(hex): 20
[2026/09/15 19:08:49] 发送(hex): 20
[2026/09/15 19:08:49] 发送(hex): 20
[2026/09/15 19:08:49] 发送(hex): 20
[2026/09/15 19:08:49] 发送(hex): 20
[2026/09/15 19:08:49] 发送(hex): 20
[2026/09/15 19:08:49] 发送(hex): 20
[2026/09/15 19:08:49] 发送(hex): 20
[2026/09/15 19:08:49] 发送(hex): 20
[2026/09/15 19:08:49] 发送(hex): 20
[2026/09/15 19:08:49] 发送(hex): 20
[2026/09/15 19:08:49] 发送(hex): 20
[2026/09/15 19:08:49] 发送(hex): 20
[2026/09/15 19:08:49] 发送(hex): 20
[2026/09/15 19:08:49] 发送(hex): 20
[2026/09/15 19:08:49] 发送(hex): 20
[2026/09/15 19:08:49] 发送(hex): 20
[2026/09/15 19:08:49] 发送(hex): 20
[2026/09/15 19:08:49] 发送(hex): 20
[2026/09/15 19:08:49] 发送(hex): 20
[2026/09/15 19:08:49] 发送(hex): 20
[2026/09/15 19:08:49] 发送(hex): 20
[2026/09/15 19:08:49] 发送(hex): 20
[2026/09/15 19:08:49] 发送(hex): 20
[2026/09/15 19:08:49] 发送(hex): 20
[2026/09/15 19:08:49] 发送(hex): 20
[2026/09/15 19:08:49] 发送(hex): 20
[2026/09/15 19:08:49] 发送(hex): 20
[2026/09/15 19:08:49] 发送(hex): 20
[2026/09/15 19:08:49] 发送(hex): 20
[2026/09/15 19:08:49] 发送(hex): 20
[2026/09/15 19:08:49] 发送(hex): 20
[2026/09/15 19:08:49] 发送(hex): 20
[2026/09/15 19:08:49] 发送(hex): 20
[2026/09/15 19:08:49] 发送(hex): 20
[2026/09/15 19:08:49] 发送(hex): 20
[2026/09/15 19:08:49] 发送(hex): 20
[2026/09/15 19:08:49] 发送(hex): 20
[2026/09/15 19:08:49] 发送(hex): 20
[2026/09/15 19:08:49] 发送(hex): 20
[2026/09/15 19:08:49] 发送(hex): 20
[2026/09/15 19:08:49] 发送(hex): 20
[2026/09/15 19:08:49] 发送(hex): 20
[2026/09/15 19:08:49] 发送(hex): 20
[2026/09/15 19:08:49] 发送(hex): 20
[2026/09/15 19:08:49] 发送(hex): 20
[2026/09/15 19:08:49] 发送(hex): 20
[2026/09/15 19:08:49] 发送(hex): 20
[2026/09/15 19:08:49] 发送(hex): 20
[2026/09/15 19:08:49] 发送(hex): 20
[2026/09/15 19:08:49] 发送(hex): 20
[2026/09/15 19:08:49] 发送(hex): 20
[2026/09/15 19:08:49] 发送(hex): 20
[2026/09/15 19:08:49] 发送(hex): 20
[2026/09/15 19:08:49] 发送(hex): 20
[2026/09/15 19:08:49] 发送(hex): 20
[2026/09/15 19:08:49] 发送(hex): 20
[2026/09/15 19:08:50] 发送(hex): 20
[2026/09/15 19:08:50] 发送(hex): 20
[2026/09/15 19:08:50] 发送(hex): 20
[2026/09/15 19:08:50] 发送(hex): 20
[2026/09/15 19:08:50] 发送(hex): 20
[2026/09/15 19:08:50] 发送(hex): 20
[2026/09/15 19:08:50] 发送(hex): 20
[2026/09/15 19:08:50] 发送(hex): 20
[2026/09/15 19:08:50] 发送(hex): 20
[2026/09/15 19:08:50] 发送(hex): 20
[2026/09/15 19:08:50] 发送(hex): 20
[2026/09/15 19:08:50] 发送(hex): 20
[2026/09/15 19:08:50] 发送(hex): 20
[2026/09/15 19:08:50] 发送(hex): 20
[2026/09/15 19:08:50] 发送(hex): 20
[2026/09/15 19:08:50] 发送(hex): 20
[2026/09/15 19:08:50] 发送(hex): 20
[2026/09/15 19:08:50] 发送(hex): 20
[2026/09/15 19:08:50] 发送(hex): 20
[2026/09/15 19:08:50] 发送(hex): 20
[2026/09/15 19:08:50] 发送(hex): 20
[2026/09/15 19:08:50] 发送(hex): 20
[2026/09/15 19:08:50] 发送(hex): 20
[2026/09/15 19:08:50] 发送(hex): 20
[2026/09/15 19:08:50] 发送(hex): 20
[2026/09/15 19:08:50] 发送(hex): 20
[2026/09/15 19:08:50] 发送(hex): 20
[2026/09/15 19:08:50] 发送(hex): 20
[2026/09/15 19:08:50] 发送(hex): 20
[2026/09/15 19:08:50] 发送(hex): 20
[2026/09/15 19:08:50] 发送(hex): 20
[2026/09/15 19:08:50] 发送(hex): 20
[2026/09/15 19:08:50] 发送(hex): 20
[2026/09/15 19:08:50] 发送(hex): 20
[2026/09/15 19:08:50] 发送(hex): 20
[2026/09/15 19:08:50] 发送(hex): 20
[2026/09/15 19:08:50] 发送(hex): 20
[2026/09/15 19:08:50] 发送(hex): 20
[2026/09/15 19:08:50] 发送(hex): 20
[2026/09/15 19:08:50] 发送(hex): 20
[2026/09/15 19:08:50] 发送(hex): 20
[2026/09/15 19:08:50] 发送(hex): 20
[2026/09/15 19:08:50] 发送(hex): 20
[2026/09/15 19:08:50] 发送(hex): 20
[2026/09/15 19:08:50] 发送(hex): 20
[2026/09/15 19:08:50] 发送(hex): 20
[2026/09/15 19:08:50] 发送(hex): 20
[2026/09/15 19:08:50] 发送(hex): 20
[2026/09/15 19:08:50] 发送(hex): 20
[2026/09/15 19:08:50] 发送(hex): 20
[2026/09/15 19:08:50] 发送(hex): 20
[2026/09/15 19:08:50] 发送(hex): 20
[2026/09/15 19:08:50] 发送(hex): 20
[2026/09/15 19:08:50] 发送(hex): 20
[2026/09/15 19:08:50] 发送(hex): 20
[2026/09/15 19:08:50] 发送(hex): 20
[2026/09/15 19:08:50] 发送(hex): 20
[2026/09/15 19:08:50] 发送(hex): 20
[2026/09/15 19:08:50] 发送(hex): 20
[2026/09/15 19:08:50] 发送(hex): 20
[2026/09/15 19:08:50] 发送(hex): 20
[2026/09/15 19:08:50] 发送(hex): 20
[2026/09/15 19:08:50] 发送(hex): 20
[2026/09/15 19:08:50] 发送(hex): 20
[2026/09/15 19:08:50] 发送(hex): 20
[2026/09/15 19:08:50] 发送(hex): 20
[2026/09/15 19:08:50] 发送(hex): 20
[2026/09/15 19:08:50] 发送(hex): 20
[2026/09/15 19:08:50] 发送(hex): 20
[2026/09/15 19:08:50] 发送(hex): 20
[2026/09/15 19:08:50] 发送(hex): 20
[2026/09/15 19:08:50] 发送(hex): 20
[2026/09/15 19:08:50] 发送(hex): 20
[2026/09/15 19:08:50] 发送(hex): 20
[2026/09/15 19:08:50] 发送(hex): 20
[2026/09/15 19:08:50] 发送(hex): 20
[2026/09/15 19:08:50] 发送(hex): 20
[2026/09/15 19:08:50] 发送(hex): 20
[2026/09/15 19:08:50] 发送(hex): 20
[2026/09/15 19:08:50] 发送(hex): 20
[2026/09/15 19:08:50] 发送(hex): 20
[2026/09/15 19:08:50] 发送(hex): 20
[2026/09/15 19:08:50] 发送(hex): 20
[2026/09/15 19:08:50] 发送(hex): 20
[2026/09/15 19:08:50] 发送(hex): 20
[2026/09/15 19:08:50] 发送(hex): 20
[2026/09/15 19:08:50] 发送(hex): 20
[2026/09/15 19:08:50] 发送(hex): 20
[2026/09/15 19:08:50] 发送(hex): 20
[2026/09/15 19:08:50] 发送(hex): 20
[2026/09/15 19:08:50] 发送(hex): 20
[2026/09/15 19:08:50] 发送(hex): 20
[2026/09/15 19:08:50] 发送(hex): 20
[2026/09/15 19:08:50] 发送(hex): 20
[2026/09/15 19:08:51] 发送(hex): 20
[2026/09/15 19:08:51] 发送(hex): 20
[2026/09/15 19:08:51] 发送(hex): 20
[2026/09/15 19:08:51] 发送(hex): 20
[2026/09/15 19:08:51] 发送(hex): 20
[2026/09/15 19:08:51] 发送(hex): 20
[2026/09/15 19:08:51] 发送(hex): 20
[2026/09/15 19:08:51] 发送(hex): 20
[2026/09/15 19:08:51] 发送(hex): 20
[2026/09/15 19:08:51] 发送(hex): 20
[2026/09/15 19:08:51] 发送(hex): 20
[2026/09/15 19:08:51] 发送(hex): 20
[2026/09/15 19:08:51] 发送(hex): 20
[2026/09/15 19:08:51] 发送(hex): 20
[2026/09/15 19:08:51] 发送(hex): 20
[2026/09/15 19:08:51] 发送(hex): 20
[2026/09/15 19:08:51] 发送(hex): 20
[2026/09/15 19:08:51] 发送(hex): 20
[2026/09/15 19:08:51] 发送(hex): 20
[2026/09/15 19:08:51] 发送(hex): 20
[2026/09/15 19:08:51] 发送(hex): 20
[2026/09/15 19:08:51] 发送(hex): 20
[2026/09/15 19:08:51] 发送(hex): 20
[2026/09/15 19:08:51] 发送(hex): 20
[2026/09/15 19:08:51] 发送(hex): 20
[2026/09/15 19:08:51] 发送(hex): 20
[2026/09/15 19:08:51] 发送(hex): 20
[2026/09/15 19:08:51] 发送(hex): 20
[2026/09/15 19:08:51] 发送(hex): 20
[2026/09/15 19:08:51] 发送(hex): 20
[2026/09/15 19:08:51] 发送(hex): 20
[2026/09/15 19:08:51] 发送(hex): 20
[2026/09/15 19:08:51] 发送(hex): 20
[2026/09/15 19:08:51] 发送(hex): 20
[2026/09/15 19:08:51] 发送(hex): 20
[2026/09/15 19:08:51] 发送(hex): 20
[2026/09/15 19:08:51] 发送(hex): 20
[2026/09/15 19:08:51] 发送(hex): 20
[2026/09/15 19:08:51] 发送(hex): 20
[2026/09/15 19:08:51] 发送(hex): 20
[2026/09/15 19:08:51] 发送(hex): 20
[2026/09/15 19:08:51] 发送(hex): 20
[2026/09/15 19:08:51] 发送(hex): 20
[2026/09/15 19:08:51] 发送(hex): 20
[2026/09/15 19:08:51] 发送(hex): 20
[2026/09/15 19:08:51] 发送(hex): 20
[2026/09/15 19:08:51] 发送(hex): 20
[2026/09/15 19:08:51] 发送(hex): 20
[2026/09/15 19:08:51] 发送(hex): 20
[2026/09/15 19:08:51] 发送(hex): 20
[2026/09/15 19:08:51] 发送(hex): 20
[2026/09/15 19:08:51] 发送(hex): 20
[2026/09/15 19:08:51] 发送(hex): 20
[2026/09/15 19:08:51] 发送(hex): 20
[2026/09/15 19:08:51] 发送(hex): 20
[2026/09/15 19:08:51] 发送(hex): 20
[2026/09/15 19:08:51] 发送(hex): 20
[2026/09/15 19:08:51] 发送(hex): 20
[2026/09/15 19:08:51] 发送(hex): 20
[2026/09/15 19:08:51] 发送(hex): 20
[2026/09/15 19:08:51] 发送(hex): 20
[2026/09/15 19:08:51] 发送(hex): 20
[2026/09/15 19:08:51] 发送(hex): 20
[2026/09/15 19:08:51] 发送(hex): 20
[2026/09/15 19:08:51] 发送(hex): 20
[2026/09/15 19:08:51] 发送(hex): 20
[2026/09/15 19:08:51] 发送(hex): 20
[2026/09/15 19:08:51] 发送(hex): 20
[2026/09/15 19:08:51] 发送(hex): 20
[2026/09/15 19:08:51] 发送(hex): 20
[2026/09/15 19:08:51] 发送(hex): 20
[2026/09/15 19:08:51] 发送(hex): 20
[2026/09/15 19:08:51] 发送(hex): 20
[2026/09/15 19:08:51] 发送(hex): 20
[2026/09/15 19:08:51] 发送(hex): 20
[2026/09/15 19:08:51] 发送(hex): 20
[2026/09/15 19:08:51] 发送(hex): 20
[2026/09/15 19:08:51] 发送(hex): 20
[2026/09/15 19:08:51] 发送(hex): 20
[2026/09/15 19:08:51] 发送(hex): 20
[2026/09/15 19:08:51] 发送(hex): 20
[2026/09/15 19:08:51] 发送(hex): 20
[2026/09/15 19:08:51] 发送(hex): 20
[2026/09/15 19:08:51] 发送(hex): 20
[2026/09/15 19:08:51] 发送(hex): 20
[2026/09/15 19:08:51] 发送(hex): 20
[2026/09/15 19:08:51] 发送(hex): 20
[2026/09/15 19:08:51] 发送(hex): 20
[2026/09/15 19:08:51] 发送(hex): 20
[2026/09/15 19:08:51] 发送(hex): 20
[2026/09/15 19:08:51] 发送(hex): 20
[2026/09/15 19:08:51] 发送(hex): 20
[2026/09/15 19:08:51] 发送(hex): 20
[2026/09/15 19:08:51] 发送(hex): 20
[2026/09/15 19:08:52] 发送(hex): 20
[2026/09/15 19:08:52] 发送(hex): 20
[2026/09/15 19:08:52] 发送(hex): 20
[2026/09/15 19:08:52] 发送(hex): 20
[2026/09/15 19:08:52] 发送(hex): 20
[2026/09/15 19:08:52] 发送(hex): 20
[2026/09/15 19:08:52] 发送(hex): 20
[2026/09/15 19:08:52] 发送(hex): 20
[2026/09/15 19:08:52] 发送(hex): 20
[2026/09/15 19:08:52] 发送(hex): 20
[2026/09/15 19:08:52] 发送(hex): 20
[2026/09/15 19:08:52] 发送(hex): 20
[2026/09/15 19:08:52] 发送(hex): 20
[2026/09/15 19:08:52] 发送(hex): 20
[2026/09/15 19:08:52] 发送(hex): 20
[2026/09/15 19:08:52] 发送(hex): 20
[2026/09/15 19:08:52] 发送(hex): 20
[2026/09/15 19:08:52] 发送(hex): 20
[2026/09/15 19:08:52] 发送(hex): 20
[2026/09/15 19:08:52] 发送(hex): 20
[2026/09/15 19:08:52] 发送(hex): 20
[2026/09/15 19:08:52] 发送(hex): 20
[2026/09/15 19:08:52] 发送(hex): 20
[2026/09/15 19:08:52] 发送(hex): 20
[2026/09/15 19:08:52] 发送(hex): 20
[2026/09/15 19:08:52] 发送(hex): 20
[2026/09/15 19:08:52] 发送(hex): 20
[2026/09/15 19:08:52] 发送(hex): 20
[2026/09/15 19:08:52] 发送(hex): 20
[2026/09/15 19:08:52] 发送(hex): 20
[2026/09/15 19:08:52] 发送(hex): 20
[2026/09/15 19:08:52] 发送(hex): 20
[2026/09/15 19:08:52] 发送(hex): 20
[2026/09/15 19:08:52] 发送(hex): 20
[2026/09/15 19:08:52] 发送(hex): 20
[2026/09/15 19:08:52] 发送(hex): 20
[2026/09/15 19:08:52] 发送(hex): 20
[2026/09/15 19:08:52] 发送(hex): 20
[2026/09/15 19:08:52] 发送(hex): 20
[2026/09/15 19:08:52] 发送(hex): 20
[2026/09/15 19:08:52] 发送(hex): 20
[2026/09/15 19:08:52] 发送(hex): 20
[2026/09/15 19:08:52] 发送(hex): 20
[2026/09/15 19:08:52] 发送(hex): 20
[2026/09/15 19:08:52] 发送(hex): 20
[2026/09/15 19:08:52] 发送(hex): 20
[2026/09/15 19:08:52] 发送(hex): 20
[2026/09/15 19:08:52] 发送(hex): 20
[2026/09/15 19:08:52] 发送(hex): 20
[2026/09/15 19:08:52] 发送(hex): 20
[2026/09/15 19:08:52] 发送(hex): 20
[2026/09/15 19:08:52] 发送(hex): 20
[2026/09/15 19:08:52] 发送(hex): 20
[2026/09/15 19:08:52] 发送(hex): 20
[2026/09/15 19:08:52] 发送(hex): 20
[2026/09/15 19:08:52] 发送(hex): 20
[2026/09/15 19:08:52] 发送(hex): 20
[2026/09/15 19:08:52] 发送(hex): 20
[2026/09/15 19:08:52] 发送(hex): 20
[2026/09/15 19:08:52] 发送(hex): 20
[2026/09/15 19:08:52] 发送(hex): 20
[2026/09/15 19:08:52] 发送(hex): 20
[2026/09/15 19:08:52] 发送(hex): 20
[2026/09/15 19:08:52] 发送(hex): 20
[2026/09/15 19:08:52] 发送(hex): 20
[2026/09/15 19:08:52] 发送(hex): 20
[2026/09/15 19:08:52] 发送(hex): 20
[2026/09/15 19:08:52] 发送(hex): 20
[2026/09/15 19:08:52] 发送(hex): 20
[2026/09/15 19:08:52] 发送(hex): 20
[2026/09/15 19:08:52] 发送(hex): 20
[2026/09/15 19:08:52] 发送(hex): 20
[2026/09/15 19:08:52] 发送(hex): 20
[2026/09/15 19:08:52] 发送(hex): 20
[2026/09/15 19:08:52] 发送(hex): 20
[2026/09/15 19:08:52] 发送(hex): 20
[2026/09/15 19:08:52] 发送(hex): 20
[2026/09/15 19:08:52] 发送(hex): 20
[2026/09/15 19:08:52] 发送(hex): 20
[2026/09/15 19:08:52] 发送(hex): 20
[2026/09/15 19:08:52] 发送(hex): 20
[2026/09/15 19:08:52] 发送(hex): 20
[2026/09/15 19:08:52] 发送(hex): 20
[2026/09/15 19:08:52] 发送(hex): 20
[2026/09/15 19:08:52] 发送(hex): 20
[2026/09/15 19:08:52] 发送(hex): 20
[2026/09/15 19:08:52] 发送(hex): 20
[2026/09/15 19:08:52] 发送(hex): 20
[2026/09/15 19:08:52] 发送(hex): 20
[2026/09/15 19:08:52] 发送(hex): 20
[2026/09/15 19:08:52] 发送(hex): 20
[2026/09/15 19:08:52] 发送(hex): 20
[2026/09/15 19:08:52] 发送(hex): 20
[2026/09/15 19:08:53] 发送(hex): 20
[2026/09/15 19:08:53] 发送(hex): 20
[2026/09/15 19:08:53] 发送(hex): 20
[2026/09/15 19:08:53] 发送(hex): 20
[2026/09/15 19:08:53] 发送(hex): 20
[2026/09/15 19:08:53] 发送(hex): 20
[2026/09/15 19:08:53] 发送(hex): 20
[2026/09/15 19:08:53] 发送(hex): 20
[2026/09/15 19:08:53] 发送(hex): 20
[2026/09/15 19:08:53] 发送(hex): 20
[2026/09/15 19:08:53] 发送(hex): 20
[2026/09/15 19:08:53] 发送(hex): 20
[2026/09/15 19:08:53] 发送(hex): 20
[2026/09/15 19:08:53] 发送(hex): 20
[2026/09/15 19:08:53] 发送(hex): 20
[2026/09/15 19:08:53] 发送(hex): 20
[2026/09/15 19:08:53] 发送(hex): 20
[2026/09/15 19:08:53] 发送(hex): 20
[2026/09/15 19:08:53] 发送(hex): 20
[2026/09/15 19:08:53] 发送(hex): 20
[2026/09/15 19:08:53] 发送(hex): 20
[2026/09/15 19:08:53] 发送(hex): 20
[2026/09/15 19:08:53] 发送(hex): 20
[2026/09/15 19:08:53] 发送(hex): 20
[2026/09/15 19:08:53] 发送(hex): 20
[2026/09/15 19:08:53] 发送(hex): 20
[2026/09/15 19:08:53] 发送(hex): 20
[2026/09/15 19:08:53] 发送(hex): 20
[2026/09/15 19:08:53] 发送(hex): 20
[2026/09/15 19:08:53] 发送(hex): 20
[2026/09/15 19:08:53] 发送(hex): 20
[2026/09/15 19:08:53] 发送(hex): 20
[2026/09/15 19:08:53] 发送(hex): 20
[2026/09/15 19:08:53] 发送(hex): 20
[2026/09/15 19:08:53] 发送(hex): 20
[2026/09/15 19:08:53] 发送(hex): 20
[2026/09/15 19:08:53] 发送(hex): 20
[2026/09/15 19:08:53] 发送(hex): 20
[2026/09/15 19:08:53] 发送(hex): 20
[2026/09/15 19:08:53] 发送(hex): 20
[2026/09/15 19:08:53] 发送(hex): 20
[2026/09/15 19:08:53] 发送(hex): 20
[2026/09/15 19:08:53] 发送(hex): 20
[2026/09/15 19:08:53] 发送(hex): 20
[2026/09/15 19:08:53] 发送(hex): 20
[2026/09/15 19:08:53] 发送(hex): 20
[2026/09/15 19:08:53] 发送(hex): 20
[2026/09/15 19:08:53] 发送(hex): 20
[2026/09/15 19:08:53] 发送(hex): 20
[2026/09/15 19:08:53] 发送(hex): 20
[2026/09/15 19:08:53] 发送(hex): 20
[2026/09/15 19:08:53] 发送(hex): 20
[2026/09/15 19:08:53] 发送(hex): 20
[2026/09/15 19:08:53] 发送(hex): 20
[2026/09/15 19:08:53] 发送(hex): 20
[2026/09/15 19:08:53] 发送(hex): 20
[2026/09/15 19:08:53] 发送(hex): 20
[2026/09/15 19:08:53] 发送(hex): 20
[2026/09/15 19:08:53] 发送(hex): 20
[2026/09/15 19:08:53] 发送(hex): 20
[2026/09/15 19:08:53] 发送(hex): 20
[2026/09/15 19:08:53] 发送(hex): 20
[2026/09/15 19:08:53] 发送(hex): 20
[2026/09/15 19:08:53] 发送(hex): 20
[2026/09/15 19:08:53] 发送(hex): 20
[2026/09/15 19:08:53] 发送(hex): 20
[2026/09/15 19:08:53] 发送(hex): 20
[2026/09/15 19:08:53] 发送(hex): 20
[2026/09/15 19:08:53] 发送(hex): 20
[2026/09/15 19:08:53] 发送(hex): 20
[2026/09/15 19:08:53] 发送(hex): 20
[2026/09/15 19:08:53] 发送(hex): 20
[2026/09/15 19:08:53] 发送(hex): 20
[2026/09/15 19:08:53] 发送(hex): 20
[2026/09/15 19:08:53] 发送(hex): 20
[2026/09/15 19:08:53] 发送(hex): 20
[2026/09/15 19:08:53] 发送(hex): 20
[2026/09/15 19:08:53] 发送(hex): 20
[2026/09/15 19:08:53] 发送(hex): 20
[2026/09/15 19:08:53] 发送(hex): 20
[2026/09/15 19:08:53] 发送(hex): 20
[2026/09/15 19:08:53] 发送(hex): 20
[2026/09/15 19:08:53] 发送(hex): 20
[2026/09/15 19:08:53] 发送(hex): 20
[2026/09/15 19:08:53] 发送(hex): 20
[2026/09/15 19:08:53] 发送(hex): 20
[2026/09/15 19:08:53] 发送(hex): 20
[2026/09/15 19:08:53] 发送(hex): 20
[2026/09/15 19:08:53] 发送(hex): 20
[2026/09/15 19:08:53] 发送(hex): 20
[2026/09/15 19:08:53] 发送(hex): 20
[2026/09/15 19:08:53] 发送(hex): 20
[2026/09/15 19:08:53] 发送(hex): 20
[2026/09/15 19:08:53] 发送(hex): 20
[2026/09/15 19:08:54] 发送(hex): 20
[2026/09/15 19:08:54] 发送(hex): 20
[2026/09/15 19:08:54] 发送(hex): 20
[2026/09/15 19:08:54] 发送(hex): 20
[2026/09/15 19:08:54] 发送(hex): 20
[2026/09/15 19:08:54] 发送(hex): 20
[2026/09/15 19:08:54] 发送(hex): 20
[2026/09/15 19:08:54] 发送(hex): 20
[2026/09/15 19:08:54] 发送(hex): 20
[2026/09/15 19:08:54] 发送(hex): 20
[2026/09/15 19:08:54] 发送(hex): 20
[2026/09/15 19:08:54] 发送(hex): 20
[2026/09/15 19:08:54] 发送(hex): 20
[2026/09/15 19:08:54] 发送(hex): 20
[2026/09/15 19:08:54] 发送(hex): 20
[2026/09/15 19:08:54] 发送(hex): 20
[2026/09/15 19:08:54] 发送(hex): 20
[2026/09/15 19:08:54] 发送(hex): 20
[2026/09/15 19:08:54] 发送(hex): 20
[2026/09/15 19:08:54] 发送(hex): 20
[2026/09/15 19:08:54] 发送(hex): 20
[2026/09/15 19:08:54] 发送(hex): 20
[2026/09/15 19:08:54] 发送(hex): 20
[2026/09/15 19:08:54] 发送(hex): 20
[2026/09/15 19:08:54] 发送(hex): 20
[2026/09/15 19:08:54] 发送(hex): 20
[2026/09/15 19:08:54] 发送(hex): 20
[2026/09/15 19:08:54] 发送(hex): 20
[2026/09/15 19:08:54] 发送(hex): 20
[2026/09/15 19:08:54] 发送(hex): 20
[2026/09/15 19:08:54] 发送(hex): 20
[2026/09/15 19:08:54] 发送(hex): 20
[2026/09/15 19:08:54] 发送(hex): 20
[2026/09/15 19:08:54] 发送(hex): 20
[2026/09/15 19:08:54] 发送(hex): 20
[2026/09/15 19:08:54] 发送(hex): 20
[2026/09/15 19:08:54] 发送(hex): 20
[2026/09/15 19:08:54] 发送(hex): 20
[2026/09/15 19:08:54] 发送(hex): 20
[2026/09/15 19:08:54] 发送(hex): 20
[2026/09/15 19:08:54] 发送(hex): 20
[2026/09/15 19:08:54] 发送(hex): 20
[2026/09/15 19:08:54] 发送(hex): 20
[2026/09/15 19:08:54] 发送(hex): 20
[2026/09/15 19:08:54] 发送(hex): 20
[2026/09/15 19:08:54] 发送(hex): 20
[2026/09/15 19:08:54] 发送(hex): 20
[2026/09/15 19:08:54] 发送(hex): 20
[2026/09/15 19:08:54] 发送(hex): 20
[2026/09/15 19:08:54] 发送(hex): 20
[2026/09/15 19:08:54] 发送(hex): 20
[2026/09/15 19:08:54] 发送(hex): 20
[2026/09/15 19:08:54] 发送(hex): 20
[2026/09/15 19:08:54] 发送(hex): 20
[2026/09/15 19:08:54] 发送(hex): 20
[2026/09/15 19:08:54] 发送(hex): 20
[2026/09/15 19:08:54] 发送(hex): 20
[2026/09/15 19:08:54] 发送(hex): 20
[2026/09/15 19:08:54] 发送(hex): 20
[2026/09/15 19:08:54] 发送(hex): 20
[2026/09/15 19:08:54] 发送(hex): 20
[2026/09/15 19:08:54] 发送(hex): 20
[2026/09/15 19:08:54] 发送(hex): 20
[2026/09/15 19:08:54] 发送(hex): 20
[2026/09/15 19:08:54] 发送(hex): 20
[2026/09/15 19:08:54] 发送(hex): 20
[2026/09/15 19:08:54] 发送(hex): 20
[2026/09/15 19:08:54] 发送(hex): 20
[2026/09/15 19:08:54] 发送(hex): 20
[2026/09/15 19:08:54] 发送(hex): 20
[2026/09/15 19:08:54] 发送(hex): 20
[2026/09/15 19:08:54] 发送(hex): 20
[2026/09/15 19:08:54] 发送(hex): 20
[2026/09/15 19:08:54] 发送(hex): 20
[2026/09/15 19:08:54] 发送(hex): 20
[2026/09/15 19:08:54] 发送(hex): 20
[2026/09/15 19:08:54] 发送(hex): 20
[2026/09/15 19:08:54] 发送(hex): 20
[2026/09/15 19:08:54] 发送(hex): 20
[2026/09/15 19:08:54] 发送(hex): 20
[2026/09/15 19:08:54] 发送(hex): 20
[2026/09/15 19:08:54] 发送(hex): 20
[2026/09/15 19:08:54] 发送(hex): 20
[2026/09/15 19:08:54] 发送(hex): 20
[2026/09/15 19:08:54] 发送(hex): 20
[2026/09/15 19:08:54] 发送(hex): 20
[2026/09/15 19:08:54] 发送(hex): 20
[2026/09/15 19:08:54] 发送(hex): 20
[2026/09/15 19:08:54] 发送(hex): 20
[2026/09/15 19:08:54] 发送(hex): 20
[2026/09/15 19:08:54] 发送(hex): 20
[2026/09/15 19:08:54] 发送(hex): 20
[2026/09/15 19:08:54] 发送(hex): 20
[2026/09/15 19:08:54] 发送(hex): 20
[2026/09/15 19:08:54] 发送(hex): 20
[2026/09/15 19:08:55] 发送(hex): 20
[2026/09/15 19:08:55] 发送(hex): 20
[2026/09/15 19:08:55] 发送(hex): 20
[2026/09/15 19:08:55] 发送(hex): 20
[2026/09/15 19:08:55] 发送(hex): 20
[2026/09/15 19:08:55] 发送(hex): 20
[2026/09/15 19:08:55] 发送(hex): 20
[2026/09/15 19:08:55] 发送(hex): 20
[2026/09/15 19:08:55] 发送(hex): 20
[2026/09/15 19:08:55] 发送(hex): 20
[2026/09/15 19:08:55] 发送(hex): 20
[2026/09/15 19:08:55] 发送(hex): 20
[2026/09/15 19:08:55] 发送(hex): 20
[2026/09/15 19:08:55] 发送(hex): 20
[2026/09/15 19:08:55] 发送(hex): 20
[2026/09/15 19:08:55] 发送(hex): 20
[2026/09/15 19:08:55] 发送(hex): 20
[2026/09/15 19:08:55] 发送(hex): 20
[2026/09/15 19:08:55] 发送(hex): 20
[2026/09/15 19:08:55] 发送(hex): 20
[2026/09/15 19:08:55] 发送(hex): 20
[2026/09/15 19:08:55] 发送(hex): 20
[2026/09/15 19:08:55] 发送(hex): 20
[2026/09/15 19:08:55] 发送(hex): 20
[2026/09/15 19:08:55] 发送(hex): 20
[2026/09/15 19:08:55] 发送(hex): 20
[2026/09/15 19:08:55] 发送(hex): 20
[2026/09/15 19:08:55] 发送(hex): 20
[2026/09/15 19:08:55] 发送(hex): 20
[2026/09/15 19:08:55] 发送(hex): 20
[2026/09/15 19:08:55] 发送(hex): 20
[2026/09/15 19:08:55] 发送(hex): 20
[2026/09/15 19:08:55] 发送(hex): 20
[2026/09/15 19:08:55] 发送(hex): 20
[2026/09/15 19:08:55] 发送(hex): 20
[2026/09/15 19:08:55] 发送(hex): 20
[2026/09/15 19:08:55] 发送(hex): 20
[2026/09/15 19:08:55] 发送(hex): 20
[2026/09/15 19:08:55] 发送(hex): 20
[2026/09/15 19:08:55] 发送(hex): 20
[2026/09/15 19:08:55] 发送(hex): 20
[2026/09/15 19:08:55] 发送(hex): 20
[2026/09/15 19:08:55] 发送(hex): 20
[2026/09/15 19:08:55] 发送(hex): 20
[2026/09/15 19:08:55] 发送(hex): 20
[2026/09/15 19:08:55] 发送(hex): 20
[2026/09/15 19:08:55] 发送(hex): 20
[2026/09/15 19:08:55] 发送(hex): 20
[2026/09/15 19:08:55] 发送(hex): 20
[2026/09/15 19:08:55] 发送(hex): 20
[2026/09/15 19:08:55] 发送(hex): 20
[2026/09/15 19:08:55] 发送(hex): 20
[2026/09/15 19:08:55] 发送(hex): 20
[2026/09/15 19:08:55] 发送(hex): 20
[2026/09/15 19:08:55] 发送(hex): 20
[2026/09/15 19:08:55] 发送(hex): 20
[2026/09/15 19:08:55] 发送(hex): 20
[2026/09/15 19:08:55] 发送(hex): 20
[2026/09/15 19:08:55] 发送(hex): 20
[2026/09/15 19:08:55] 发送(hex): 20
[2026/09/15 19:08:55] 发送(hex): 20
[2026/09/15 19:08:55] 发送(hex): 20
[2026/09/15 19:08:55] 发送(hex): 20
[2026/09/15 19:08:55] 发送(hex): 20
[2026/09/15 19:08:55] 发送(hex): 20
[2026/09/15 19:08:55] 发送(hex): 20
[2026/09/15 19:08:55] 发送(hex): 20
[2026/09/15 19:08:55] 发送(hex): 20
[2026/09/15 19:08:55] 发送(hex): 20
[2026/09/15 19:08:55] 发送(hex): 20
[2026/09/15 19:08:55] 发送(hex): 20
[2026/09/15 19:08:55] 发送(hex): 20
[2026/09/15 19:08:55] 发送(hex): 20
[2026/09/15 19:08:55] 发送(hex): 20
[2026/09/15 19:08:55] 发送(hex): 20
[2026/09/15 19:08:55] 发送(hex): 20
[2026/09/15 19:08:55] 发送(hex): 20
[2026/09/15 19:08:55] 发送(hex): 20
[2026/09/15 19:08:55] 发送(hex): 20
[2026/09/15 19:08:55] 发送(hex): 20
[2026/09/15 19:08:55] 发送(hex): 20
[2026/09/15 19:08:55] 发送(hex): 20
[2026/09/15 19:08:55] 发送(hex): 20
[2026/09/15 19:08:55] 发送(hex): 20
[2026/09/15 19:08:55] 发送(hex): 20
[2026/09/15 19:08:55] 发送(hex): 20
[2026/09/15 19:08:55] 发送(hex): 20
[2026/09/15 19:08:55] 发送(hex): 20
[2026/09/15 19:08:55] 发送(hex): 20
[2026/09/15 19:08:55] 发送(hex): 20
[2026/09/15 19:08:55] 发送(hex): 20
[2026/09/15 19:08:55] 发送(hex): 20
[2026/09/15 19:08:55] 发送(hex): 20
[2026/09/15 19:08:55] 发送(hex): 20
[2026/09/15 19:08:56] 发送(hex): 20
[2026/09/15 19:08:56] 发送(hex): 20
[2026/09/15 19:08:56] 发送(hex): 20
[2026/09/15 19:08:56] 发送(hex): 20
[2026/09/15 19:08:56] 发送(hex): 20
[2026/09/15 19:08:56] 发送(hex): 20
[2026/09/15 19:08:56] 发送(hex): 20
[2026/09/15 19:08:56] 发送(hex): 20
[2026/09/15 19:08:56] 发送(hex): 20
[2026/09/15 19:08:56] 发送(hex): 20
[2026/09/15 19:08:56] 发送(hex): 20
[2026/09/15 19:08:56] 发送(hex): 20
[2026/09/15 19:08:56] 发送(hex): 20
[2026/09/15 19:08:56] 发送(hex): 20
[2026/09/15 19:08:56] 发送(hex): 20
[2026/09/15 19:08:56] 发送(hex): 20
[2026/09/15 19:08:56] 发送(hex): 20
[2026/09/15 19:08:56] 发送(hex): 20
[2026/09/15 19:08:56] 发送(hex): 20
[2026/09/15 19:08:56] 发送(hex): 20
[2026/09/15 19:08:56] 发送(hex): 20
[2026/09/15 19:08:56] 发送(hex): 20
[2026/09/15 19:08:56] 发送(hex): 20
[2026/09/15 19:08:56] 发送(hex): 20
[2026/09/15 19:08:56] 发送(hex): 20
[2026/09/15 19:08:56] 发送(hex): 20
[2026/09/15 19:08:56] 发送(hex): 20
[2026/09/15 19:08:56] 发送(hex): 20
[2026/09/15 19:08:56] 发送(hex): 20
[2026/09/15 19:08:56] 发送(hex): 20
[2026/09/15 19:08:56] 发送(hex): 20
[2026/09/15 19:08:56] 发送(hex): 20
[2026/09/15 19:08:56] 发送(hex): 20
[2026/09/15 19:08:56] 发送(hex): 20
[2026/09/15 19:08:56] 发送(hex): 20
[2026/09/15 19:08:56] 发送(hex): 20
[2026/09/15 19:08:56] 发送(hex): 20
[2026/09/15 19:08:56] 发送(hex): 20
[2026/09/15 19:08:56] 发送(hex): 20
[2026/09/15 19:08:56] 发送(hex): 20
[2026/09/15 19:08:56] 发送(hex): 20
[2026/09/15 19:08:56] 发送(hex): 20
[2026/09/15 19:08:56] 发送(hex): 20
[2026/09/15 19:08:56] 发送(hex): 20
[2026/09/15 19:08:56] 发送(hex): 20
[2026/09/15 19:08:56] 发送(hex): 20
[2026/09/15 19:08:56] 发送(hex): 20
[2026/09/15 19:08:56] 发送(hex): 20
[2026/09/15 19:08:56] 发送(hex): 20
[2026/09/15 19:08:56] 发送(hex): 20
[2026/09/15 19:08:56] 发送(hex): 20
[2026/09/15 19:08:56] 发送(hex): 20
[2026/09/15 19:08:56] 发送(hex): 20
[2026/09/15 19:08:56] 发送(hex): 20
[2026/09/15 19:08:56] 发送(hex): 20
[2026/09/15 19:08:56] 发送(hex): 20
[2026/09/15 19:08:56] 发送(hex): 20
[2026/09/15 19:08:56] 发送(hex): 20
[2026/09/15 19:08:56] 发送(hex): 20
[2026/09/15 19:08:56] 发送(hex): 20
[2026/09/15 19:08:56] 发送(hex): 20
[2026/09/15 19:08:56] 发送(hex): 20
[2026/09/15 19:08:56] 发送(hex): 20
[2026/09/15 19:08:56] 发送(hex): 20
[2026/09/15 19:08:56] 发送(hex): 20
[2026/09/15 19:08:56] 发送(hex): 20
[2026/09/15 19:08:56] 发送(hex): 20
[2026/09/15 19:08:56] 发送(hex): 20
[2026/09/15 19:08:56] 发送(hex): 20
[2026/09/15 19:08:56] 发送(hex): 20
[2026/09/15 19:08:56] 发送(hex): 20
[2026/09/15 19:08:56] 发送(hex): 20
[2026/09/15 19:08:56] 发送(hex): 20
[2026/09/15 19:08:56] 发送(hex): 20
[2026/09/15 19:08:56] 发送(hex): 20
[2026/09/15 19:08:56] 发送(hex): 20
[2026/09/15 19:08:56] 发送(hex): 20
[2026/09/15 19:08:56] 发送(hex): 20
[2026/09/15 19:08:56] 发送(hex): 20
[2026/09/15 19:08:56] 发送(hex): 20
[2026/09/15 19:08:56] 发送(hex): 20
[2026/09/15 19:08:56] 发送(hex): 20
[2026/09/15 19:08:56] 发送(hex): 20
[2026/09/15 19:08:56] 发送(hex): 20
[2026/09/15 19:08:56] 发送(hex): 20
[2026/09/15 19:08:56] 发送(hex): 20
[2026/09/15 19:08:56] 发送(hex): 20
[2026/09/15 19:08:56] 发送(hex): 20
[2026/09/15 19:08:56] 发送(hex): 20
[2026/09/15 19:08:56] 发送(hex): 20
[2026/09/15 19:08:56] 发送(hex): 20
[2026/09/15 19:08:56] 发送(hex): 20
[2026/09/15 19:08:56] 发送(hex): 20
[2026/09/15 19:08:56] 发送(hex): 20
[2026/09/15 19:08:56] 发送(hex): 20
[2026/09/15 19:08:57] 发送(hex): 20
[2026/09/15 19:08:57] 发送(hex): 20
[2026/09/15 19:08:57] 发送(hex): 20
[2026/09/15 19:08:57] 发送(hex): 20
[2026/09/15 19:08:57] 发送(hex): 20
[2026/09/15 19:08:57] 发送(hex): 20
[2026/09/15 19:08:57] 发送(hex): 20
[2026/09/15 19:08:57] 发送(hex): 20
[2026/09/15 19:08:57] 发送(hex): 20
[2026/09/15 19:08:57] 发送(hex): 20
[2026/09/15 19:08:57] 发送(hex): 20
[2026/09/15 19:08:57] 发送(hex): 20
[2026/09/15 19:08:57] 发送(hex): 20
[2026/09/15 19:08:57] 发送(hex): 20
[2026/09/15 19:08:57] 发送(hex): 20
[2026/09/15 19:08:57] 发送(hex): 20
[2026/09/15 19:08:57] 发送(hex): 20
[2026/09/15 19:08:57] 发送(hex): 20
[2026/09/15 19:08:57] 发送(hex): 20
[2026/09/15 19:08:57] 发送(hex): 20
[2026/09/15 19:08:57] 发送(hex): 20
[2026/09/15 19:08:57] 发送(hex): 20
[2026/09/15 19:08:57] 发送(hex): 20
[2026/09/15 19:08:57] 发送(hex): 20
[2026/09/15 19:08:57] 发送(hex): 20
[2026/09/15 19:08:57] 发送(hex): 20
[2026/09/15 19:08:57] 发送(hex): 20
[2026/09/15 19:08:57] 发送(hex): 20
[2026/09/15 19:08:57] 发送(hex): 20
[2026/09/15 19:08:57] 发送(hex): 20
[2026/09/15 19:08:57] 发送(hex): 20
[2026/09/15 19:08:57] 发送(hex): 20
[2026/09/15 19:08:57] 发送(hex): 20
[2026/09/15 19:08:57] 发送(hex): 20
[2026/09/15 19:08:57] 发送(hex): 20
[2026/09/15 19:08:57] 发送(hex): 20
[2026/09/15 19:08:57] 发送(hex): 20
[2026/09/15 19:08:57] 发送(hex): 20
[2026/09/15 19:08:57] 发送(hex): 20
[2026/09/15 19:08:57] 发送(hex): 20
[2026/09/15 19:08:57] 发送(hex): 20
[2026/09/15 19:08:57] 发送(hex): 20
[2026/09/15 19:08:57] 发送(hex): 20
[2026/09/15 19:08:57] 发送(hex): 20
[2026/09/15 19:08:57] 发送(hex): 20
[2026/09/15 19:08:57] 发送(hex): 20
[2026/09/15 19:08:57] 发送(hex): 20
[2026/09/15 19:08:57] 发送(hex): 20
[2026/09/15 19:08:57] 发送(hex): 20
[2026/09/15 19:08:57] 发送(hex): 20
[2026/09/15 19:08:57] 发送(hex): 20
[2026/09/15 19:08:57] 发送(hex): 20
[2026/09/15 19:08:57] 发送(hex): 20
[2026/09/15 19:08:57] 发送(hex): 20
[2026/09/15 19:08:57] 发送(hex): 20
[2026/09/15 19:08:57] 发送(hex): 20
[2026/09/15 19:08:57] 发送(hex): 20
[2026/09/15 19:08:57] 发送(hex): 20
[2026/09/15 19:08:57] 发送(hex): 20
[2026/09/15 19:08:57] 发送(hex): 20
[2026/09/15 19:08:57] 发送(hex): 20
[2026/09/15 19:08:57] 发送(hex): 20
[2026/09/15 19:08:57] 发送(hex): 20
[2026/09/15 19:08:57] 发送(hex): 20
[2026/09/15 19:08:57] 发送(hex): 20
[2026/09/15 19:08:57] 发送(hex): 20
[2026/09/15 19:08:57] 发送(hex): 20
[2026/09/15 19:08:57] 发送(hex): 20
[2026/09/15 19:08:57] 发送(hex): 20
[2026/09/15 19:08:57] 发送(hex): 20
[2026/09/15 19:08:57] 发送(hex): 20
[2026/09/15 19:08:57] 发送(hex): 20
[2026/09/15 19:08:57] 发送(hex): 20
[2026/09/15 19:08:57] 发送(hex): 20
[2026/09/15 19:08:57] 发送(hex): 20
[2026/09/15 19:08:57] 发送(hex): 20
[2026/09/15 19:08:57] 发送(hex): 20
[2026/09/15 19:08:57] 发送(hex): 20
[2026/09/15 19:08:57] 发送(hex): 20
[2026/09/15 19:08:57] 发送(hex): 20
[2026/09/15 19:08:57] 发送(hex): 20
[2026/09/15 19:08:57] 发送(hex): 20
[2026/09/15 19:08:57] 发送(hex): 20
[2026/09/15 19:08:57] 发送(hex): 20
[2026/09/15 19:08:57] 发送(hex): 20
[2026/09/15 19:08:57] 发送(hex): 20
[2026/09/15 19:08:57] 发送(hex): 20
[2026/09/15 19:08:57] 发送(hex): 20
[2026/09/15 19:08:57] 发送(hex): 20
[2026/09/15 19:08:57] 发送(hex): 20
[2026/09/15 19:08:57] 发送(hex): 20
[2026/09/15 19:08:57] 发送(hex): 20
[2026/09/15 19:08:57] 发送(hex): 20
[2026/09/15 19:08:57] 发送(hex): 20
[2026/09/15 19:08:58] 发送(hex): 20
[2026/09/15 19:08:58] 发送(hex): 20
[2026/09/15 19:08:58] 发送(hex): 20
[2026/09/15 19:08:58] 发送(hex): 20
[2026/09/15 19:08:58] 发送(hex): 20
[2026/09/15 19:08:58] 发送(hex): 20
[2026/09/15 19:08:58] 发送(hex): 20
[2026/09/15 19:08:58] 发送(hex): 20
[2026/09/15 19:08:58] 发送(hex): 20
[2026/09/15 19:08:58] 发送(hex): 20
[2026/09/15 19:08:58] 发送(hex): 20
[2026/09/15 19:08:58] 发送(hex): 20
[2026/09/15 19:08:58] 发送(hex): 20
[2026/09/15 19:08:58] 发送(hex): 20
[2026/09/15 19:08:58] 发送(hex): 20
[2026/09/15 19:08:58] 发送(hex): 20
[2026/09/15 19:08:58] 发送(hex): 20
[2026/09/15 19:08:58] 发送(hex): 20
[2026/09/15 19:08:58] 发送(hex): 20
[2026/09/15 19:08:58] 发送(hex): 20
[2026/09/15 19:08:58] 发送(hex): 20
[2026/09/15 19:08:58] 发送(hex): 20
[2026/09/15 19:08:58] 发送(hex): 20
[2026/09/15 19:08:58] 发送(hex): 20
[2026/09/15 19:08:58] 发送(hex): 20
[2026/09/15 19:08:58] 发送(hex): 20
[2026/09/15 19:08:58] 发送(hex): 20
[2026/09/15 19:08:58] 发送(hex): 20
[2026/09/15 19:08:58] 发送(hex): 20
[2026/09/15 19:08:58] 发送(hex): 20
[2026/09/15 19:08:58] 发送(hex): 20
[2026/09/15 19:08:58] 发送(hex): 20
[2026/09/15 19:08:58] 发送(hex): 20
[2026/09/15 19:08:58] 发送(hex): 20
[2026/09/15 19:08:58] 发送(hex): 20
[2026/09/15 19:08:58] 发送(hex): 20
[2026/09/15 19:08:58] 发送(hex): 20
[2026/09/15 19:08:58] 发送(hex): 20
[2026/09/15 19:08:58] 发送(hex): 20
[2026/09/15 19:08:58] 发送(hex): 20
[2026/09/15 19:08:58] 发送(hex): 20
[2026/09/15 19:08:58] 发送(hex): 20
[2026/09/15 19:08:58] 发送(hex): 20
[2026/09/15 19:08:58] 发送(hex): 20
[2026/09/15 19:08:58] 发送(hex): 20
[2026/09/15 19:08:58] 发送(hex): 20
[2026/09/15 19:08:58] 发送(hex): 20
[2026/09/15 19:08:58] 发送(hex): 20
[2026/09/15 19:08:58] 发送(hex): 20
[2026/09/15 19:08:58] 发送(hex): 20
[2026/09/15 19:08:58] 发送(hex): 20
[2026/09/15 19:08:58] 发送(hex): 20
[2026/09/15 19:08:58] 发送(hex): 20
[2026/09/15 19:08:58] 发送(hex): 20
[2026/09/15 19:08:58] 发送(hex): 20
[2026/09/15 19:08:58] 发送(hex): 20
[2026/09/15 19:08:58] 发送(hex): 20
[2026/09/15 19:08:58] 发送(hex): 20
[2026/09/15 19:08:58] 发送(hex): 20
[2026/09/15 19:08:58] 发送(hex): 20
[2026/09/15 19:08:58] 发送(hex): 20
[2026/09/15 19:08:58] 发送(hex): 20
[2026/09/15 19:08:58] 发送(hex): 20
[2026/09/15 19:08:58] 发送(hex): 20
[2026/09/15 19:08:58] 发送(hex): 20
[2026/09/15 19:08:58] 发送(hex): 20
[2026/09/15 19:08:58] 发送(hex): 20
[2026/09/15 19:08:58] 发送(hex): 20
[2026/09/15 19:08:58] 发送(hex): 20
[2026/09/15 19:08:58] 发送(hex): 20
[2026/09/15 19:08:58] 发送(hex): 20
[2026/09/15 19:08:58] 发送(hex): 20
[2026/09/15 19:08:58] 发送(hex): 20
[2026/09/15 19:08:58] 发送(hex): 20
[2026/09/15 19:08:58] 发送(hex): 20
[2026/09/15 19:08:58] 发送(hex): 20
[2026/09/15 19:08:58] 发送(hex): 20
[2026/09/15 19:08:58] 发送(hex): 20
[2026/09/15 19:08:58] 发送(hex): 20
[2026/09/15 19:08:58] 发送(hex): 20
[2026/09/15 19:08:58] 发送(hex): 20
[2026/09/15 19:08:58] 发送(hex): 20
[2026/09/15 19:08:58] 发送(hex): 20
[2026/09/15 19:08:58] 发送(hex): 20
[2026/09/15 19:08:58] 发送(hex): 20
[2026/09/15 19:08:58] 发送(hex): 20
[2026/09/15 19:08:58] 发送(hex): 20
[2026/09/15 19:08:58] 发送(hex): 20
[2026/09/15 19:08:58] 发送(hex): 20
[2026/09/15 19:08:58] 发送(hex): 20
[2026/09/15 19:08:58] 发送(hex): 20
[2026/09/15 19:08:58] 发送(hex): 20
[2026/09/15 19:08:58] 发送(hex): 20
[2026/09/15 19:08:58] 发送(hex): 20
[2026/09/15 19:08:58] 发送(hex): 20
[2026/09/15 19:08:59] 发送(hex): 20
[2026/09/15 19:08:59] 发送(hex): 20
[2026/09/15 19:08:59] 发送(hex): 20
[2026/09/15 19:08:59] 发送(hex): 20
[2026/09/15 19:08:59] 发送(hex): 20
[2026/09/15 19:08:59] 发送(hex): 20
[2026/09/15 19:08:59] 发送(hex): 20
[2026/09/15 19:08:59] 发送(hex): 20
[2026/09/15 19:08:59] 发送(hex): 20
[2026/09/15 19:08:59] 发送(hex): 20
[2026/09/15 19:08:59] 发送(hex): 20
[2026/09/15 19:08:59] 发送(hex): 20
[2026/09/15 19:08:59] 发送(hex): 20
[2026/09/15 19:08:59] 发送(hex): 20
[2026/09/15 19:08:59] 发送(hex): 20
[2026/09/15 19:08:59] 发送(hex): 20
[2026/09/15 19:08:59] 发送(hex): 20
[2026/09/15 19:08:59] 发送(hex): 20
[2026/09/15 19:08:59] 发送(hex): 20
[2026/09/15 19:08:59] 发送(hex): 20
[2026/09/15 19:08:59] 发送(hex): 20
[2026/09/15 19:08:59] 发送(hex): 20
[2026/09/15 19:08:59] 发送(hex): 20
[2026/09/15 19:08:59] 发送(hex): 20
[2026/09/15 19:08:59] 发送(hex): 20
[2026/09/15 19:08:59] 发送(hex): 20
[2026/09/15 19:08:59] 发送(hex): 20
[2026/09/15 19:08:59] 发送(hex): 20
[2026/09/15 19:08:59] 发送(hex): 20
[2026/09/15 19:08:59] 发送(hex): 20
[2026/09/15 19:08:59] 发送(hex): 20
[2026/09/15 19:08:59] 发送(hex): 20
[2026/09/15 19:08:59] 发送(hex): 20
[2026/09/15 19:08:59] 发送(hex): 20
[2026/09/15 19:08:59] 发送(hex): 20
[2026/09/15 19:08:59] 发送(hex): 20
[2026/09/15 19:08:59] 发送(hex): 20
[2026/09/15 19:08:59] 发送(hex): 20
[2026/09/15 19:08:59] 发送(hex): 20
[2026/09/15 19:08:59] 发送(hex): 20
[2026/09/15 19:08:59] 发送(hex): 20
[2026/09/15 19:08:59] 发送(hex): 20
[2026/09/15 19:08:59] 发送(hex): 20
[2026/09/15 19:08:59] 发送(hex): 20
[2026/09/15 19:08:59] 发送(hex): 20
[2026/09/15 19:08:59] 发送(hex): 20
[2026/09/15 19:08:59] 发送(hex): 20
[2026/09/15 19:08:59] 发送(hex): 20
[2026/09/15 19:08:59] 发送(hex): 20
[2026/09/15 19:08:59] 发送(hex): 20
[2026/09/15 19:08:59] 发送(hex): 20
[2026/09/15 19:08:59] 发送(hex): 20
[2026/09/15 19:08:59] 发送(hex): 20
[2026/09/15 19:08:59] 发送(hex): 20
[2026/09/15 19:08:59] 发送(hex): 20
[2026/09/15 19:08:59] 发送(hex): 20
[2026/09/15 19:08:59] 发送(hex): 20
[2026/09/15 19:08:59] 发送(hex): 20
[2026/09/15 19:08:59] 发送(hex): 20
[2026/09/15 19:08:59] 发送(hex): 20
[2026/09/15 19:08:59] 发送(hex): 20
[2026/09/15 19:08:59] 发送(hex): 20
[2026/09/15 19:08:59] 发送(hex): 20
[2026/09/15 19:08:59] 发送(hex): 20
[2026/09/15 19:08:59] 发送(hex): 20
[2026/09/15 19:08:59] 发送(hex): 20
[2026/09/15 19:08:59] 发送(hex): 20
[2026/09/15 19:08:59] 发送(hex): 20
[2026/09/15 19:08:59] 发送(hex): 20
[2026/09/15 19:08:59] 发送(hex): 20
[2026/09/15 19:08:59] 发送(hex): 20
[2026/09/15 19:08:59] 发送(hex): 20
[2026/09/15 19:08:59] 发送(hex): 20
[2026/09/15 19:08:59] 发送(hex): 20
[2026/09/15 19:08:59] 发送(hex): 20
[2026/09/15 19:08:59] 发送(hex): 20
[2026/09/15 19:08:59] 发送(hex): 20
[2026/09/15 19:08:59] 发送(hex): 20
[2026/09/15 19:08:59] 发送(hex): 20
[2026/09/15 19:08:59] 发送(hex): 20
[2026/09/15 19:08:59] 发送(hex): 20
[2026/09/15 19:08:59] 发送(hex): 20
[2026/09/15 19:08:59] 发送(hex): 20
[2026/09/15 19:08:59] 发送(hex): 20
[2026/09/15 19:08:59] 发送(hex): 20
[2026/09/15 19:08:59] 发送(hex): 20
[2026/09/15 19:08:59] 发送(hex): 20
[2026/09/15 19:08:59] 发送(hex): 20
[2026/09/15 19:08:59] 发送(hex): 20
[2026/09/15 19:08:59] 发送(hex): 20
[2026/09/15 19:08:59] 发送(hex): 20
[2026/09/15 19:08:59] 发送(hex): 20
[2026/09/15 19:08:59] 发送(hex): 20
[2026/09/15 19:08:59] 发送(hex): 20
[2026/09/15 19:09:00] 发送(hex): 20
[2026/09/15 19:09:00] 发送(hex): 20
[2026/09/15 19:09:00] 发送(hex): 20
[2026/09/15 19:09:00] 发送(hex): 20
[2026/09/15 19:09:00] 发送(hex): 20
[2026/09/15 19:09:00] 发送(hex): 20
[2026/09/15 19:09:00] 发送(hex): 20
[2026/09/15 19:09:00] 发送(hex): 20
[2026/09/15 19:09:00] 发送(hex): 20
[2026/09/15 19:09:00] 发送(hex): 20
[2026/09/15 19:09:00] 发送(hex): 20
[2026/09/15 19:09:00] 发送(hex): 20
[2026/09/15 19:09:00] 发送(hex): 20
[2026/09/15 19:09:00] 发送(hex): 20
[2026/09/15 19:09:00] 发送(hex): 20
[2026/09/15 19:09:00] 发送(hex): 20
[2026/09/15 19:09:00] 发送(hex): 20
[2026/09/15 19:09:00] 发送(hex): 20
[2026/09/15 19:09:00] 发送(hex): 20
[2026/09/15 19:09:00] 发送(hex): 20
[2026/09/15 19:09:00] 发送(hex): 20
[2026/09/15 19:09:00] 发送(hex): 20
[2026/09/15 19:09:00] 发送(hex): 20
[2026/09/15 19:09:00] 发送(hex): 20
[2026/09/15 19:09:00] 发送(hex): 20
[2026/09/15 19:09:00] 发送(hex): 20
[2026/09/15 19:09:00] 发送(hex): 20
[2026/09/15 19:09:00] 发送(hex): 20
[2026/09/15 19:09:00] 发送(hex): 20
[2026/09/15 19:09:00] 发送(hex): 20
[2026/09/15 19:09:00] 发送(hex): 20
[2026/09/15 19:09:00] 发送(hex): 20
[2026/09/15 19:09:00] 发送(hex): 20
[2026/09/15 19:09:00] 发送(hex): 20
[2026/09/15 19:09:00] 发送(hex): 20
[2026/09/15 19:09:00] 发送(hex): 20
[2026/09/15 19:09:00] 发送(hex): 20
[2026/09/15 19:09:00] 发送(hex): 20
[2026/09/15 19:09:00] 发送(hex): 20
[2026/09/15 19:09:00] 发送(hex): 20
[2026/09/15 19:09:00] 发送(hex): 20
[2026/09/15 19:09:00] 发送(hex): 20
[2026/09/15 19:09:00] 发送(hex): 20
[2026/09/15 19:09:00] 发送(hex): 20
[2026/09/15 19:09:00] 发送(hex): 20
[2026/09/15 19:09:00] 发送(hex): 20
[2026/09/15 19:09:00] 发送(hex): 20
[2026/09/15 19:09:00] 发送(hex): 20
[2026/09/15 19:09:00] 发送(hex): 20
[2026/09/15 19:09:00] 发送(hex): 20
[2026/09/15 19:09:00] 发送(hex): 20
[2026/09/15 19:09:00] 发送(hex): 20
[2026/09/15 19:09:00] 发送(hex): 20
[2026/09/15 19:09:00] 发送(hex): 20
[2026/09/15 19:09:00] 发送(hex): 20
[2026/09/15 19:09:00] 发送(hex): 20
[2026/09/15 19:09:00] 发送(hex): 20
[2026/09/15 19:09:00] 发送(hex): 20
[2026/09/15 19:09:00] 发送(hex): 20
[2026/09/15 19:09:00] 发送(hex): 20
[2026/09/15 19:09:00] 发送(hex): 20
[2026/09/15 19:09:00] 发送(hex): 20
[2026/09/15 19:09:00] 发送(hex): 20
[2026/09/15 19:09:00] 发送(hex): 20
[2026/09/15 19:09:00] 发送(hex): 20
[2026/09/15 19:09:00] 发送(hex): 20
[2026/09/15 19:09:00] 发送(hex): 20
[2026/09/15 19:09:00] 发送(hex): 20
[2026/09/15 19:09:00] 发送(hex): 20
[2026/09/15 19:09:00] 发送(hex): 20
[2026/09/15 19:09:00] 发送(hex): 20
[2026/09/15 19:09:00] 发送(hex): 20
[2026/09/15 19:09:00] 发送(hex): 20
[2026/09/15 19:09:00] 发送(hex): 20
[2026/09/15 19:09:00] 发送(hex): 20
[2026/09/15 19:09:00] 发送(hex): 20
[2026/09/15 19:09:00] 发送(hex): 20
[2026/09/15 19:09:00] 发送(hex): 20
[2026/09/15 19:09:00] 发送(hex): 20
[2026/09/15 19:09:00] 发送(hex): 20
[2026/09/15 19:09:00] 发送(hex): 20
[2026/09/15 19:09:00] 发送(hex): 20
[2026/09/15 19:09:00] 发送(hex): 20
[2026/09/15 19:09:00] 发送(hex): 20
[2026/09/15 19:09:00] 发送(hex): 20
[2026/09/15 19:09:00] 发送(hex): 20
[2026/09/15 19:09:00] 发送(hex): 20
[2026/09/15 19:09:00] 发送(hex): 20
[2026/09/15 19:09:00] 发送(hex): 20
[2026/09/15 19:09:00] 发送(hex): 20
[2026/09/15 19:09:00] 发送(hex): 20
[2026/09/15 19:09:00] 发送(hex): 20
[2026/09/15 19:09:00] 发送(hex): 20
[2026/09/15 19:09:00] 发送(hex): 20
[2026/09/15 19:09:00] 发送(hex): 20
[2026/09/15 19:09:01] 发送(hex): 20
[2026/09/15 19:09:01] 发送(hex): 20
[2026/09/15 19:09:01] 发送(hex): 20
[2026/09/15 19:09:01] 发送(hex): 20
[2026/09/15 19:09:01] 发送(hex): 20
[2026/09/15 19:09:01] 发送(hex): 20
[2026/09/15 19:09:01] 发送(hex): 20
[2026/09/15 19:09:01] 发送(hex): 20
[2026/09/15 19:09:01] 发送(hex): 20
[2026/09/15 19:09:01] 发送(hex): 20
[2026/09/15 19:09:01] 发送(hex): 20
[2026/09/15 19:09:01] 发送(hex): 20
[2026/09/15 19:09:01] 发送(hex): 20
[2026/09/15 19:09:01] 发送(hex): 20
[2026/09/15 19:09:01] 发送(hex): 20
[2026/09/15 19:09:01] 发送(hex): 20
[2026/09/15 19:09:01] 发送(hex): 20
[2026/09/15 19:09:01] 发送(hex): 20
[2026/09/15 19:09:01] 发送(hex): 20
[2026/09/15 19:09:01] 发送(hex): 20
[2026/09/15 19:09:01] 发送(hex): 20
[2026/09/15 19:09:01] 发送(hex): 20
[2026/09/15 19:09:01] 发送(hex): 20
[2026/09/15 19:09:01] 发送(hex): 20
[2026/09/15 19:09:01] 发送(hex): 20
[2026/09/15 19:09:01] 发送(hex): 20
[2026/09/15 19:09:01] 发送(hex): 20
[2026/09/15 19:09:01] 发送(hex): 20
[2026/09/15 19:09:01] 发送(hex): 20
[2026/09/15 19:09:01] 发送(hex): 20
[2026/09/15 19:09:01] 发送(hex): 20
[2026/09/15 19:09:01] 发送(hex): 20
[2026/09/15 19:09:01] 发送(hex): 20
[2026/09/15 19:09:01] 发送(hex): 20
[2026/09/15 19:09:01] 发送(hex): 20
[2026/09/15 19:09:01] 发送(hex): 20
[2026/09/15 19:09:01] 发送(hex): 20
[2026/09/15 19:09:01] 发送(hex): 20
[2026/09/15 19:09:01] 发送(hex): 20
[2026/09/15 19:09:01] 发送(hex): 20
[2026/09/15 19:09:01] 发送(hex): 20
[2026/09/15 19:09:01] 发送(hex): 20
[2026/09/15 19:09:01] 发送(hex): 20
[2026/09/15 19:09:01] 发送(hex): 20
[2026/09/15 19:09:01] 发送(hex): 20
[2026/09/15 19:09:01] 发送(hex): 20
[2026/09/15 19:09:01] 发送(hex): 20
[2026/09/15 19:09:01] 发送(hex): 20
[2026/09/15 19:09:01] 发送(hex): 20
[2026/09/15 19:09:01] 发送(hex): 20
[2026/09/15 19:09:01] 发送(hex): 20
[2026/09/15 19:09:01] 发送(hex): 20
[2026/09/15 19:09:01] 发送(hex): 20
[2026/09/15 19:09:01] 发送(hex): 20
[2026/09/15 19:09:01] 发送(hex): 20
[2026/09/15 19:09:01] 发送(hex): 20
[2026/09/15 19:09:01] 发送(hex): 20
[2026/09/15 19:09:01] 发送(hex): 20
[2026/09/15 19:09:01] 发送(hex): 20
[2026/09/15 19:09:01] 发送(hex): 20
[2026/09/15 19:09:01] 发送(hex): 20
[2026/09/15 19:09:01] 发送(hex): 20
[2026/09/15 19:09:01] 发送(hex): 20
[2026/09/15 19:09:01] 发送(hex): 20
[2026/09/15 19:09:01] 发送(hex): 20
[2026/09/15 19:09:01] 发送(hex): 20
[2026/09/15 19:09:01] 发送(hex): 20
[2026/09/15 19:09:01] 发送(hex): 20
[2026/09/15 19:09:01] 发送(hex): 20
[2026/09/15 19:09:01] 发送(hex): 20
[2026/09/15 19:09:01] 发送(hex): 20
[2026/09/15 19:09:01] 发送(hex): 20
[2026/09/15 19:09:01] 发送(hex): 20
[2026/09/15 19:09:01] 发送(hex): 20
[2026/09/15 19:09:01] 发送(hex): 20
[2026/09/15 19:09:01] 发送(hex): 20
[2026/09/15 19:09:01] 发送(hex): 20
[2026/09/15 19:09:01] 发送(hex): 20
[2026/09/15 19:09:01] 发送(hex): 20
[2026/09/15 19:09:01] 发送(hex): 20
[2026/09/15 19:09:01] 发送(hex): 20
[2026/09/15 19:09:01] 发送(hex): 20
[2026/09/15 19:09:01] 发送(hex): 20
[2026/09/15 19:09:01] 发送(hex): 20
[2026/09/15 19:09:01] 发送(hex): 20
[2026/09/15 19:09:01] 发送(hex): 20
[2026/09/15 19:09:01] 发送(hex): 20
[2026/09/15 19:09:01] 发送(hex): 20
[2026/09/15 19:09:01] 发送(hex): 20
[2026/09/15 19:09:01] 发送(hex): 20
[2026/09/15 19:09:01] 发送(hex): 20
[2026/09/15 19:09:01] 发送(hex): 20
[2026/09/15 19:09:01] 发送(hex): 20
[2026/09/15 19:09:01] 发送(hex): 20
[2026/09/15 19:09:02] 发送(hex): 20
[2026/09/15 19:09:02] 发送(hex): 20
[2026/09/15 19:09:02] 发送(hex): 20
[2026/09/15 19:09:02] 发送(hex): 20
[2026/09/15 19:09:02] 发送(hex): 20
[2026/09/15 19:09:02] 发送(hex): 20
[2026/09/15 19:09:02] 发送(hex): 20
[2026/09/15 19:09:02] 发送(hex): 20
[2026/09/15 19:09:02] 发送(hex): 20
[2026/09/15 19:09:02] 发送(hex): 20
[2026/09/15 19:09:02] 发送(hex): 20
[2026/09/15 19:09:02] 发送(hex): 20
[2026/09/15 19:09:02] 发送(hex): 20
[2026/09/15 19:09:02] 发送(hex): 20
[2026/09/15 19:09:02] 发送(hex): 20
[2026/09/15 19:09:02] 发送(hex): 20
[2026/09/15 19:09:02] 发送(hex): 20
[2026/09/15 19:09:02] 发送(hex): 20
[2026/09/15 19:09:02] 发送(hex): 20
[2026/09/15 19:09:02] 发送(hex): 20
[2026/09/15 19:09:02] 发送(hex): 20
[2026/09/15 19:09:02] 发送(hex): 20
[2026/09/15 19:09:02] 发送(hex): 20
[2026/09/15 19:09:02] 发送(hex): 20
[2026/09/15 19:09:02] 发送(hex): 20
[2026/09/15 19:09:02] 发送(hex): 20
[2026/09/15 19:09:02] 发送(hex): 20
[2026/09/15 19:09:02] 发送(hex): 20
[2026/09/15 19:09:02] 发送(hex): 20
[2026/09/15 19:09:02] 发送(hex): 20
[2026/09/15 19:09:02] 发送(hex): 20
[2026/09/15 19:09:02] 发送(hex): 20
[2026/09/15 19:09:02] 发送(hex): 20
[2026/09/15 19:09:02] 发送(hex): 20
[2026/09/15 19:09:02] 发送(hex): 20
[2026/09/15 19:09:02] 发送(hex): 20
[2026/09/15 19:09:02] 发送(hex): 20
[2026/09/15 19:09:02] 发送(hex): 20
[2026/09/15 19:09:02] 发送(hex): 20
[2026/09/15 19:09:02] 发送(hex): 20
[2026/09/15 19:09:02] 发送(hex): 20
[2026/09/15 19:09:02] 发送(hex): 20
[2026/09/15 19:09:02] 发送(hex): 20
[2026/09/15 19:09:02] 发送(hex): 20
[2026/09/15 19:09:02] 发送(hex): 20
[2026/09/15 19:09:02] 发送(hex): 20
[2026/09/15 19:09:02] 发送(hex): 20
[2026/09/15 19:09:02] 发送(hex): 20
[2026/09/15 19:09:02] 发送(hex): 20
[2026/09/15 19:09:02] 发送(hex): 20
[2026/09/15 19:09:02] 发送(hex): 20
[2026/09/15 19:09:02] 发送(hex): 20
[2026/09/15 19:09:02] 发送(hex): 20
[2026/09/15 19:09:02] 发送(hex): 20
[2026/09/15 19:09:02] 发送(hex): 20
[2026/09/15 19:09:02] 发送(hex): 20
[2026/09/15 19:09:02] 发送(hex): 20
[2026/09/15 19:09:02] 发送(hex): 20
[2026/09/15 19:09:02] 发送(hex): 20
[2026/09/15 19:09:02] 发送(hex): 20
[2026/09/15 19:09:02] 发送(hex): 20
[2026/09/15 19:09:02] 发送(hex): 20
[2026/09/15 19:09:02] 发送(hex): 20
[2026/09/15 19:09:02] 发送(hex): 20
[2026/09/15 19:09:02] 发送(hex): 20
[2026/09/15 19:09:02] 发送(hex): 20
[2026/09/15 19:09:02] 发送(hex): 20
[2026/09/15 19:09:02] 发送(hex): 20
[2026/09/15 19:09:02] 发送(hex): 20
[2026/09/15 19:09:02] 发送(hex): 20
[2026/09/15 19:09:02] 发送(hex): 20
[2026/09/15 19:09:02] 发送(hex): 20
[2026/09/15 19:09:02] 发送(hex): 20
[2026/09/15 19:09:02] 发送(hex): 20
[2026/09/15 19:09:02] 发送(hex): 20
[2026/09/15 19:09:02] 发送(hex): 20
[2026/09/15 19:09:02] 发送(hex): 20
[2026/09/15 19:09:02] 发送(hex): 20
[2026/09/15 19:09:02] 发送(hex): 20
[2026/09/15 19:09:02] 发送(hex): 20
[2026/09/15 19:09:02] 发送(hex): 20
[2026/09/15 19:09:02] 发送(hex): 20
[2026/09/15 19:09:02] 发送(hex): 20
[2026/09/15 19:09:02] 发送(hex): 20
[2026/09/15 19:09:02] 发送(hex): 20
[2026/09/15 19:09:02] 发送(hex): 20
[2026/09/15 19:09:02] 发送(hex): 20
[2026/09/15 19:09:02] 发送(hex): 20
[2026/09/15 19:09:02] 发送(hex): 20
[2026/09/15 19:09:02] 发送(hex): 20
[2026/09/15 19:09:02] 发送(hex): 20
[2026/09/15 19:09:02] 发送(hex): 20
[2026/09/15 19:09:02] 发送(hex): 20
[2026/09/15 19:09:02] 发送(hex): 20
[2026/09/15 19:09:02] 发送(hex): 20
[2026/09/15 19:09:03] 发送(hex): 20
[2026/09/15 19:09:03] 发送(hex): 20
[2026/09/15 19:09:03] 发送(hex): 20
[2026/09/15 19:09:03] 发送(hex): 20
[2026/09/15 19:09:03] 发送(hex): 20
[2026/09/15 19:09:03] 发送(hex): 20
[2026/09/15 19:09:03] 发送(hex): 20
[2026/09/15 19:09:03] 发送(hex): 20
[2026/09/15 19:09:03] 发送(hex): 20
[2026/09/15 19:09:03] 发送(hex): 20
[2026/09/15 19:09:03] 发送(hex): 20
[2026/09/15 19:09:03] 发送(hex): 20
[2026/09/15 19:09:03] 发送(hex): 20
[2026/09/15 19:09:03] 发送(hex): 20
[2026/09/15 19:09:03] 发送(hex): 20
[2026/09/15 19:09:03] 发送(hex): 20
[2026/09/15 19:09:03] 发送(hex): 20
[2026/09/15 19:09:03] 发送(hex): 20
[2026/09/15 19:09:03] 发送(hex): 0d
[2026/09/15 19:09:03] 发送(hex): 0d
[2026/09/15 19:09:03] Realtek>
[2026/09/15 19:09:03] 发送(hex): 0d
[2026/09/15 19:09:03] 发送(hex): 0d
[2026/09/15 19:09:03] Realtek>
[2026/09/15 19:09:03] Realtek>
[2026/09/15 19:09:03] 发送(hex): 0d
[2026/09/15 19:09:03] Realtek>
[2026/09/15 19:09:03] Realtek>
[2026/09/15 19:09:08] 发送(hex): 706d6f646520656e61626c653b72650d
[2026/09/15 19:09:08] pmode enable;re
[2026/09/15 19:09:08] uboot command for pmode enable!
[2026/09/15 19:09:08] resetting ...
[2026/09/15 19:09:09] $
[2026/09/15 19:09:09] Post romcode git ver:42df880604
[2026/09/15 19:09:09] ac78a3 (Aug 28 2026 21:41:35)
[2026/09/15 19:09:09] $
[2026/09/15 19:09:09] Hello world, RTD2875P_CN2_TV030!
[2026/09/15 19:09:09] set_wifi_reset
[2026/09/15 19:09:09] Auxcode git ver:3a4deb9ea300359e (Aug 28 2026 21:41:29)
[2026/09/15 19:09:09] flash_type = 2, secure_type = 2
[2026/09/15 19:09:09] b8062204=20000
[2026/09/15 19:09:09] slot info 0 0x0 info 1 0x9021afbe
[2026/09/15 19:09:09] g_gpt_blk_start 0x1  g_offline_gpt 0x0 last_usable_lba 0x1cd2032 num_partition_entries 0x32
[2026/09/15 19:09:09] start 0x2e600000 clt_blk 0x1973004 ctrl size 0x20
[2026/09/15 19:09:09] choose active index 0
[2026/09/15 19:09:09] part name bootloader ative_slot _a real part name bootloader_a
[2026/09/15 19:09:09] part name hwsetting start 0x100000 size 0x33600
[2026/09/15 19:09:09] part name ext_fw start 0x133600 size 0x10400
[2026/09/15 19:09:09] part name kboot start 0x143a00 size 0x16e00
[2026/09/15 19:09:09] part name uboot start 0x15a800 size 0x120400
[2026/09/15 19:09:09] ls4 2 1 = 800040aa 80002080 80001000
[2026/09/15 19:09:09] fNewHWsettingArch = 2
[2026/09/15 19:09:09] 1.lsadcidx = 2, brand =3, offset = 0
[2026/09/15 19:09:09] 1.lsadcidx = 2, brand =3, offset = 17800
[2026/09/15 19:09:09] hwsetting from mmc
[2026/09/15 19:09:09] AC on HW offset 0x809 start 0x800 reg 0x8090800
[2026/09/15 19:09:09] total = 2f00
[2026/09/15 19:09:09] A
[2026/09/15 19:09:09] A
[2026/09/15 19:09:09] A
[2026/09/15 19:09:09] A
[2026/09/15 19:09:09] A
[2026/09/15 19:09:09] {12 14}
[2026/09/15 19:09:09] ffee
[2026/09/15 19:09:09] ddffeeddddr ver: 62c63180
[2026/09/15 19:09:09] ori DQS0~7 {03 04 1a 1c 00 01 00 00}
[2026/09/15 19:09:09] {01 03 19 1b 00 01 00 00} {08 09 07 09 06 05 00 00}
[2026/09/15 19:09:09] r.y.0 r.y.0 SCPU BISR status: Done
[2026/09/15 19:09:09] [go kb]
[2026/09/15 19:09:09] pass b
[2026/09/15 19:09:09] ootcode info to kboot
[2026/09/15 19:09:09] num=1056
[2026/09/15 19:09:09] boot_magic=20230423
[2026/09/15 19:09:09] ---DEBUG kboot 21:41:14 Aug 28 2026 ---
[2026/09/15 19:09:09] [Kboot]eMMC(mid-15) MMC_HS50 (50000000Mhz)[8bit].
[2026/09/15 19:09:09] block info 0x1cd2032 0x3a3e000.
[2026/09/15 19:09:09] [MMC] 32 -----------> 16GB.
[2026/09/15 19:09:09] (2379beef) (0) bufsize=(null)
[2026/09/15 19:09:09] uboot start 0x15a800 size 0x120400
[2026/09/15 19:09:09] board_version
[2026/09/15 19:09:09] : ls1 = 0, ver: 0
[2026/09/15 19:09:09] [0;31mapp_main 325 board_version=0[0m
[2026/09/15 19:09:09] get FW_TZFW flash start 0xf100200 ddr buf sta
[2026/09/15 19:09:09] rt 0x180000 image size 010c2e3 ok!
[2026/09/15 19:09:09] [INFO]RPMB auth key not written !
[2026/09/15 19:09:09] [INFO]RPMB auth key not written !
[2026/09/15 19:09:09] Current board is not frist boot.
[2026/09/15 19:09:09] ALL zero, reserved_3 has removed.
[2026/09/15 19:09:09] Current board remove reserved_3 done.
[2026/09/15 19:09:09] get FW_V
[2026/09/15 19:09:09] KERNEL flash start 0xc100200 ddr buf start 0x1a900000 image size 05f0300 ok!
[2026/09/15 19:09:09] get FW_VKERNEL2 flash start 0xd900200 ddr buf start 0x1af00000 image size 0f4920 ok!
[2026/09/15 19:09:10] get FW_AKERNEL flash start 0xa900200 ddr buf start 0x1b200000 image size 07fbf7c ok!
[2026/09/15 19:09:10] ATFATFATF:0 1 NOTICE: kill CPU(2)...
[2026/09/15 19:09:10] ATF:0 1 NOTICE: kill (2) : PACTIVE:0
[2026/09/15 19:09:10] ATF:0 1 NOTICE:  CPU(2) kill done, pstate(0x0)
[2026/09/15 19:09:10] U
[2026/09/15 19:09:10] fixup_node_name 555. set /reserved-memory@5 to /reserved-memory
[2026/09/15 19:09:10] fixup_node_name 555. set /rtk_cma@5 to /rtk_cma
[2026/09/15 19:09:10] ### [1;31mERROR[0m ### get_movablecore 613. Can't find dtb node /reserved-memory/cma2_memory/reg
[2026/09/15 19:09:10] reinit_mem_info 1049  ddr_size 80000000
[2026/09/15 19:09:10] booting, boot_led_type: 0x00000000, led on[1]
[2026/09/15 19:09:10] set share register: 0x99100000
[2026/09/15 19:09:10] boot_power_on_mode=1
[2026/09/15 19:09:10] [get_layout:1264]!
[2026/09/15 19:09:10] boot_part value = 0 boot_tag value = 21
[2026/09/15 19:09:10] [get_oemkey] 1397: get oem.key = ATV00107525
[2026/09/15 19:09:10] Factory_RO: [EXT4] factory_ro_buffer:0a800000, factory_ro_buffer size:0x1000000!
[2026/09/15 19:09:10] Partiton factory_ro_a located at 0:6
[2026/09/15 19:09:10] factory_ro_a partition can not find /.000@bk@***!
[2026/09/15 19:09:10] Factory RO no need recovery!
[2026/09/15 19:09:10] Get tvconfigs_a partition block device index fail!
[2026/09/15 19:09:10] read customer.ini file fail!
[2026/09/15 19:09:10] parse SYS_INI path fail
[2026/09/15 19:09:10] Not support board ini mechansim!
[2026/09/15 19:09:10] Get tvconfigs_a partition block device index fail!
[2026/09/15 19:09:10] read customer.ini file fail!
[2026/09/15 19:09:10] parse SYS_INI path fail
[2026/09/15 19:09:10] load model ini file fail
[2026/09/15 19:09:10] cannot find PcbPath from ini file
[2026/09/15 19:09:10] no pcb.config in tvconfigs
[2026/09/15 19:09:10] no mnt/vendor/factorypcb.config
[2026/09/15 19:09:12] delay:342
[2026/09/15 19:09:12] Vwait V1go
[2026/09/15 19:09:12] Vwait V2go
[2026/09/15 19:09:13] DEMOD BISR check Pass and disable demod CLK!!
[2026/09/15 19:09:13] [0;31mboard_version=0 sz=18M[0m
[2026/09/15 19:09:13] ATF:0 1 NOTICE: atf enter time:1182ms, current time:3993ms
[2026/09/15 19:09:13] ATF:0 1 NOTICE: 1st boot elapsed 3999ms
[2026/09/15 19:09:15] console:/ $
[2026/09/15 19:09:23] factory auto test loop start
[2026/09/15 19:09:23]  

[END] 2026/09/15 19:09:46
