[BEGIN] 2026/09/11 10:27:18
[2026/09/11 10:27:22] 发送(hex): 0d
[2026/09/11 10:27:22] 发送(hex): 20
[2026/09/11 10:27:22] 发送(hex): 03
[2026/09/11 10:27:22] 发送(hex): 0d
[2026/09/11 10:27:22] 发送(hex): 20
[2026/09/11 10:27:22] 发送(hex): 03
[2026/09/11 10:27:22] 发送(hex): 0d
[2026/09/11 10:27:22] 发送(hex): 20
[2026/09/11 10:27:22] 发送(hex): 03
[2026/09/11 10:27:22] 发送(hex): 0d
[2026/09/11 10:27:22] 发送(hex): 20
[2026/09/11 10:27:22] 发送(hex): 03
[2026/09/11 10:27:22] 发送(hex): 0d
[2026/09/11 10:27:22] 发送(hex): 20
[2026/09/11 10:27:22] 发送(hex): 03
[2026/09/11 10:27:22] 发送(hex): 0d
[2026/09/11 10:27:22] 发送(hex): 20
[2026/09/11 10:27:23] 发送(hex): 03
[2026/09/11 10:27:23] 发送(hex): 0d
[2026/09/11 10:27:23] 发送(hex): 20
[2026/09/11 10:27:23] 发送(hex): 03
[2026/09/11 10:27:23] 发送(hex): 0d
[2026/09/11 10:27:23] 发送(hex): 20
[2026/09/11 10:27:23] 发送(hex): 03
[2026/09/11 10:27:23] 发送(hex): 0d
[2026/09/11 10:27:23] 发送(hex): 20
[2026/09/11 10:27:23] 发送(hex): 03
[2026/09/11 10:27:23] 发送(hex): 0d
[2026/09/11 10:27:23] 发送(hex): 20
[2026/09/11 10:27:23] 发送(hex): 03
[2026/09/11 10:27:23] 发送(hex): 0d
[2026/09/11 10:27:23] 发送(hex): 20
[2026/09/11 10:27:23] 发送(hex): 03
[2026/09/11 10:27:23] 发送(hex): 0d
[2026/09/11 10:27:23] 发送(hex): 20
[2026/09/11 10:27:23] 发送(hex): 03
[2026/09/11 10:27:23] 发送(hex): 0d
[2026/09/11 10:27:23] 发送(hex): 20
[2026/09/11 10:27:23] 发送(hex): 03
[2026/09/11 10:27:23] 发送(hex): 0d
[2026/09/11 10:27:23] 发送(hex): 20
[2026/09/11 10:27:23] 发送(hex): 03
[2026/09/11 10:27:23] UART
[2026/09/11 10:27:23] <.
[2026/09/11 10:27:23] AC_ON
[2026/09/11 10:27:23] 发送(hex): 0d
[2026/09/11 10:27:23] 发送(hex): 20
[2026/09/11 10:27:23] 发送(hex): 03
[2026/09/11 10:27:23] 发送(hex): 0d
[2026/09/11 10:27:23] 发送(hex): 20
[2026/09/11 10:27:23] 发送(hex): 03
[2026/09/11 10:27:23] 发送(hex): 0d
[2026/09/11 10:27:23] 发送(hex): 20
[2026/09/11 10:27:23] 发送(hex): 03
[2026/09/11 10:27:23] 发送(hex): 0d
[2026/09/11 10:27:23] 发送(hex): 20
[2026/09/11 10:27:23] 发送(hex): 03
[2026/09/11 10:27:23] 发送(hex): 0d
[2026/09/11 10:27:23] HASH1_VERSION=0x00000000 64bit
[2026/09/11 10:27:23] E-A
[2026/09/11 10:27:23] 发送(hex): 20
[2026/09/11 10:27:23] 发送(hex): 03
[2026/09/11 10:27:23] 发送(hex): 0d
[2026/09/11 10:27:23] 发送(hex): 20
[2026/09/11 10:27:23] [ETT_Main] Clock MPLL Init
[2026/09/11 10:27:23] [ETT_Main]MIU_ver 20260417-11996427-OneBin-V20.4-RefineWDTNew
[2026/09/11 10:27:23] [DRAMC] AC ON-0
[2026/09/11 10:27:23] [FAST_K]
[2026/09/11 10:27:23] [MOBF] Gen SW key
[2026/09/11 10:27:23] 发送(hex): 03
[2026/09/11 10:27:23] 发送(hex): 0d
[2026/09/11 10:27:23] 发送(hex): 20
[2026/09/11 10:27:23] 发送(hex): 03
[2026/09/11 10:27:23] CH0 DramsizeFlag_CH0 DUMMY_REG = 0x1
[2026/09/11 10:27:23] dramc_channel0 restore dramsize_flag = 0x1
[2026/09/11 10:27:23] [FAST_K]
[2026/09/11 10:27:23] 发送(hex): 0d
[2026/09/11 10:27:23] 发送(hex): 20
[2026/09/11 10:27:23] 发送(hex): 03
[2026/09/11 10:27:23] 发送(hex): 0d
[2026/09/11 10:27:23] 发送(hex): 20
[2026/09/11 10:27:23] 发送(hex): 03
[2026/09/11 10:27:23] 发送(hex): 0d
[2026/09/11 10:27:23] 发送(hex): 20
[2026/09/11 10:27:23] CH2 DramsizeFlag_CH2 DUMMY_REG = 0x0
[2026/09/11 10:27:23] dramc_channel2 restore dramsize_flag = 0x0
[2026/09/11 10:27:23] dispatch to 1 EMI 2 CH
[2026/09/11 10:27:23] MIUP set area: 3GB
[2026/09/11 10:27:23] EMI bist: [32mM0 pass[0m
[2026/09/11 10:27:23] EMI bist: [32mM2 pass[0m
[2026/09/11 10:27:23] fake engine: [32mpass[00000000][0m
[2026/09/11 10:27:23] fake engine: [32mpass[00000001][0m
[2026/09/11 10:27:23] u4dram_info=0x2406
[2026/09/11 10:27:23] TEELOADER_VERSION=0x00000000
[2026/09/11 10:27:23] 发送(hex): 03
[2026/09/11 10:27:23] optee teeloader entry
[2026/09/11 10:27:23] MultiOptee image detected, Model
[2026/09/11 10:27:23] 发送(hex): 0d
[2026/09/11 10:27:23] 发送(hex): 20
[2026/09/11 10:27:23] ID=17B06E0B
[2026/09/11 10:27:23] M
[2026/09/11 10:27:23] 发送(hex): 03
[2026/09/11 10:27:23] ultiOptee image detected, ModelID=17B06E0B
[2026/09/11 10:27:23] 发送(hex): 0d
[2026/09/11 10:27:23] 发送(hex): 20
[2026/09/11 10:27:23] 发送(hex): 03
[2026/09/11 10:27:23] 发送(hex): 0d
[2026/09/11 10:27:23] 发送(hex): 20
[2026/09/11 10:27:23] CusConfig
[2026/09/11 10:27:23] 发送(hex): 03
[2026/09/11 10:27:23] 发送(hex): 0d
[2026/09/11 10:27:23] ARMFW_VERSION=0x00000000
[2026/09/11 10:27:23] OPTEE_VERSION=0x00000000
[2026/09/11 10:27:23] OPTEECUST_VERSION=0x00000000
[2026/09/11 10:27:23] REELOADER_VERSION=0x00000000
[2026/09/11 10:27:23] 发送(hex): 20
[2026/09/11 10:27:23] 发送(hex): 03
[2026/09/11 10:27:23] 发送(hex): 0d
[2026/09/11 10:27:23] ns_uboot_boot
[2026/09/11 10:27:23] NOTICE:  BL31: v2.4(debug):f102f7cc7
[2026/09/11 10:27:23] NOTICE:  BL31: Built : 20:53:08, Jul 17 2026
[2026/09/11 10:27:23] INFO:    BL31: Initializing runtime services
[2026/09/11 10:27:23] INFO:    BL31: Initializing BL32
[2026/09/11 10:27:23] [TEE] TRIAL BOOT: 0
[2026/09/11 10:27:23] 发送(hex): 20
[2026/09/11 10:27:23] 发送(hex): 03
[2026/09/11 10:27:23] 发送(hex): 0d
[2026/09/11 10:27:23] 发送(hex): 20
[2026/09/11 10:27:23] 发送(hex): 03
[2026/09/11 10:27:23] 发送(hex): 0d
[2026/09/11 10:27:23] [DynRamlog] wait for configuring by tee driver
[2026/09/11 10:27:23] 发送(hex): 20
[2026/09/11 10:27:23] 发送(hex): 03
[2026/09/11 10:27:23] 发送(hex): 0d
[2026/09/11 10:27:23] INFO:    BL31: Preparing for EL3 exit to normal world
[2026/09/11 10:27:23] INFO:    Entry point address = 0x20100010
[2026/09/11 10:27:23] ree_entry
[2026/09/11 10:27:23] Check WDT....
[2026/09/11 10:27:23] UBOOT_VERSION=0x00000000
[2026/09/11 10:27:23] 发送(hex): 20
[2026/09/11 10:27:23] 发送(hex): 03
[2026/09/11 10:27:23] 发送(hex): 0d
[2026/09/11 10:27:23] 发送(hex): 20
[2026/09/11 10:27:23] 发送(hex): 03
[2026/09/11 10:27:23] 发送(hex): 0d
[2026/09/11 10:27:23] 发送(hex): 20
[2026/09/11 10:27:23] 发送(hex): 03
[2026/09/11 10:27:23] 发送(hex): 0d
[2026/09/11 10:27:23] 发送(hex): 20
[2026/09/11 10:27:23] 发送(hex): 03
[2026/09/11 10:27:23] 发送(hex): 0d
[2026/09/11 10:27:23] 发送(hex): 20
[2026/09/11 10:27:23] 发送(hex): 03
[2026/09/11 10:27:23] 发送(hex): 0d
[2026/09/11 10:27:23] 发送(hex): 20
[2026/09/11 10:27:24] 发送(hex): 03
[2026/09/11 10:27:24] 发送(hex): 0d
[2026/09/11 10:27:24] 发送(hex): 20
[2026/09/11 10:27:24] 发送(hex): 03
[2026/09/11 10:27:24] 发送(hex): 0d
[2026/09/11 10:27:24] 发送(hex): 20
[2026/09/11 10:27:24] 发送(hex): 03
[2026/09/11 10:27:24] 发送(hex): 0d
[2026/09/11 10:27:24] 发送(hex): 20
[2026/09/11 10:27:24] 发送(hex): 03
[2026/09/11 10:27:24] 发送(hex): 0d
[2026/09/11 10:27:24] U-Boot2019.04-g23c3f665-dirty (Aug 23 2026 - 20:57:54 +0800)
[2026/09/11 10:27:24] Model: MediaTek MT5896 RFB
[2026/09/11 10:27:24] DRAM:  3 GiB
[2026/09/11 10:27:24] 发送(hex): 20
[2026/09/11 10:27:24] 发送(hex): 03
[2026/09/11 10:27:24] 发送(hex): 0d
[2026/09/11 10:27:24] 发送(hex): 20
[2026/09/11 10:27:24] 发送(hex): 03
[2026/09/11 10:27:24] 发送(hex): 0d
[2026/09/11 10:27:24] 发送(hex): 20
[2026/09/11 10:27:24] 发送(hex): 03
[2026/09/11 10:27:24] 发送(hex): 0d
[2026/09/11 10:27:24] 发送(hex): 20
[2026/09/11 10:27:24] 发送(hex): 03
[2026/09/11 10:27:24] 发送(hex): 0d
[2026/09/11 10:27:24] 发送(hex): 20
[2026/09/11 10:27:24] MMC:   mtk-mmc-fcie@1c660000: 0
[2026/09/11 10:27:24] 发送(hex): 03
[2026/09/11 10:27:24] 发送(hex): 0d
[2026/09/11 10:27:24] 发送(hex): 20
[2026/09/11 10:27:24] 发送(hex): 03
[2026/09/11 10:27:24] 发送(hex): 0d
[2026/09/11 10:27:24] 发送(hex): 20
[2026/09/11 10:27:24] 发送(hex): 03
[2026/09/11 10:27:24] 发送(hex): 0d
[2026/09/11 10:27:24] Loading Environment from
[2026/09/11 10:27:24] 发送(hex): 20
[2026/09/11 10:27:24] 发送(hex): 03
[2026/09/11 10:27:24] 发送(hex): 0d
[2026/09/11 10:27:24] 发送(hex): 20
[2026/09/11 10:27:24] EXT4... OK
[2026/09/11 10:27:24] jump_to_console start!!
[2026/09/11 10:27:24] => <INTERRUPT>
[2026/09/11 10:27:24] =>
[2026/09/11 10:27:24] =>  <INTERRUPT>
[2026/09/11 10:27:24] =>
[2026/09/11 10:27:24] =>  <INTERRUPT>
[2026/09/11 10:27:24] =>
[2026/09/11 10:27:24] =>  <INTERRUPT>
[2026/09/11 10:27:24] =>
[2026/09/11 10:27:24] =>  <INTERRUPT>
[2026/09/11 10:27:24] =>
[2026/09/11 10:27:24] =>  <INTERRUPT>
[2026/09/11 10:27:24] =>
[2026/09/11 10:27:24] =>  <INTERRUPT>
[2026/09/11 10:27:24] =>
[2026/09/11 10:27:24] =>  <INTERRUPT>
[2026/09/11 10:27:24] =>
[2026/09/11 10:27:24] =>  <INTERRUPT>
[2026/09/11 10:27:24] =>
[2026/09/11 10:27:24] =>  <INTERRUPT>
[2026/09/11 10:27:24] =>
[2026/09/11 10:27:24] =>  <INTERRUPT>
[2026/09/11 10:27:24] =>  <INTERRUPT>
[2026/09/11 10:27:24] =>
[2026/09/11 10:27:24] =>
[2026/09/11 10:27:24] 发送(hex): 03
[2026/09/11 10:27:24] 发送(hex): 0d
[2026/09/11 10:27:24] 发送(hex): 20
[2026/09/11 10:27:24] <INTERRUPT>
[2026/09/11 10:27:24] =>
[2026/09/11 10:27:24] =>
[2026/09/11 10:27:24] 发送(hex): 03
[2026/09/11 10:27:24] 发送(hex): 0d
[2026/09/11 10:27:24] 发送(hex): 20
[2026/09/11 10:27:24] <INTERRUPT>
[2026/09/11 10:27:24] =>
[2026/09/11 10:27:24] =>
[2026/09/11 10:27:24] 发送(hex): 03
[2026/09/11 10:27:24] 发送(hex): 0d
[2026/09/11 10:27:24] 发送(hex): 20
[2026/09/11 10:27:24] <INTERRUPT>
[2026/09/11 10:27:24] =>
[2026/09/11 10:27:24] =>
[2026/09/11 10:27:24] 发送(hex): 03
[2026/09/11 10:27:24] 发送(hex): 0d
[2026/09/11 10:27:24] 发送(hex): 20
[2026/09/11 10:27:24] <INTERRUPT>
[2026/09/11 10:27:24] =>
[2026/09/11 10:27:24] =>
[2026/09/11 10:27:24] 发送(hex): 03
[2026/09/11 10:27:24] 发送(hex): 0d
[2026/09/11 10:27:24] 发送(hex): 20
[2026/09/11 10:27:24] <INTERRUPT>
[2026/09/11 10:27:24] =>
[2026/09/11 10:27:24] =>
[2026/09/11 10:27:24] 发送(hex): 03
[2026/09/11 10:27:24] 发送(hex): 0d
[2026/09/11 10:27:24] 发送(hex): 20
[2026/09/11 10:27:24] <INTERRUPT>
[2026/09/11 10:27:24] =>
[2026/09/11 10:27:24] =>
[2026/09/11 10:27:24] 发送(hex): 03
[2026/09/11 10:27:24] 发送(hex): 0d
[2026/09/11 10:27:24] 发送(hex): 20
[2026/09/11 10:27:24] <INTERRUPT>
[2026/09/11 10:27:24] =>
[2026/09/11 10:27:24] =>
[2026/09/11 10:27:24] 发送(hex): 03
[2026/09/11 10:27:24] 发送(hex): 0d
[2026/09/11 10:27:24] 发送(hex): 20
[2026/09/11 10:27:24] <INTERRUPT>
[2026/09/11 10:27:24] =>
[2026/09/11 10:27:24] =>
[2026/09/11 10:27:24] 发送(hex): 03
[2026/09/11 10:27:24] 发送(hex): 0d
[2026/09/11 10:27:24] 发送(hex): 20
[2026/09/11 10:27:24] <INTERRUPT>
[2026/09/11 10:27:24] =>
[2026/09/11 10:27:24] =>
[2026/09/11 10:27:24] 发送(hex): 03
[2026/09/11 10:27:24] 发送(hex): 0d
[2026/09/11 10:27:24] 发送(hex): 20
[2026/09/11 10:27:24] <INTERRUPT>
[2026/09/11 10:27:24] =>
[2026/09/11 10:27:24] =>
[2026/09/11 10:27:24] 发送(hex): 03
[2026/09/11 10:27:24] 发送(hex): 0d
[2026/09/11 10:27:24] 发送(hex): 20
[2026/09/11 10:27:24] <INTERRUPT>
[2026/09/11 10:27:24] =>
[2026/09/11 10:27:24] =>
[2026/09/11 10:27:24] 发送(hex): 03
[2026/09/11 10:27:24] 发送(hex): 0d
[2026/09/11 10:27:24] 发送(hex): 20
[2026/09/11 10:27:24] <INTERRUPT>
[2026/09/11 10:27:24] =>
[2026/09/11 10:27:24] =>
[2026/09/11 10:27:24] 发送(hex): 03
[2026/09/11 10:27:24] 发送(hex): 0d
[2026/09/11 10:27:24] 发送(hex): 20
[2026/09/11 10:27:24] <INTERRUPT>
[2026/09/11 10:27:24] =>
[2026/09/11 10:27:24] =>
[2026/09/11 10:27:24] 发送(hex): 03
[2026/09/11 10:27:24] 发送(hex): 0d
[2026/09/11 10:27:24] 发送(hex): 20
[2026/09/11 10:27:24] <INTERRUPT>
[2026/09/11 10:27:24] =>
[2026/09/11 10:27:24] =>
[2026/09/11 10:27:24] 发送(hex): 03
[2026/09/11 10:27:24] 发送(hex): 0d
[2026/09/11 10:27:24] 发送(hex): 20
[2026/09/11 10:27:24] <INTERRUPT>
[2026/09/11 10:27:24] =>
[2026/09/11 10:27:24] =>
[2026/09/11 10:27:24] 发送(hex): 03
[2026/09/11 10:27:24] 发送(hex): 0d
[2026/09/11 10:27:24] 发送(hex): 20
[2026/09/11 10:27:24] <INTERRUPT>
[2026/09/11 10:27:24] =>
[2026/09/11 10:27:24] =>
[2026/09/11 10:27:24] 发送(hex): 03
[2026/09/11 10:27:24] 发送(hex): 0d
[2026/09/11 10:27:24] 发送(hex): 20
[2026/09/11 10:27:24] <INTERRUPT>
[2026/09/11 10:27:24] =>
[2026/09/11 10:27:24] =>
[2026/09/11 10:27:24] 发送(hex): 03
[2026/09/11 10:27:24] 发送(hex): 0d
[2026/09/11 10:27:24] 发送(hex): 20
[2026/09/11 10:27:24] <INTERRUPT>
[2026/09/11 10:27:24] =>
[2026/09/11 10:27:24] =>
[2026/09/11 10:27:24] 发送(hex): 03
[2026/09/11 10:27:24] 发送(hex): 0d
[2026/09/11 10:27:24] 发送(hex): 20
[2026/09/11 10:27:24] <INTERRUPT>
[2026/09/11 10:27:24] =>
[2026/09/11 10:27:24] =>
[2026/09/11 10:27:24] 发送(hex): 03
[2026/09/11 10:27:25] 发送(hex): 0d
[2026/09/11 10:27:25] 发送(hex): 20
[2026/09/11 10:27:25] <INTERRUPT>
[2026/09/11 10:27:25] =>
[2026/09/11 10:27:25] =>
[2026/09/11 10:27:25] 发送(hex): 03
[2026/09/11 10:27:25] 发送(hex): 0d
[2026/09/11 10:27:25] 发送(hex): 20
[2026/09/11 10:27:25] <INTERRUPT>
[2026/09/11 10:27:25] =>
[2026/09/11 10:27:25] =>
[2026/09/11 10:27:25] 发送(hex): 03
[2026/09/11 10:27:25] 发送(hex): 0d
[2026/09/11 10:27:25] 发送(hex): 20
[2026/09/11 10:27:25] <INTERRUPT>
[2026/09/11 10:27:25] =>
[2026/09/11 10:27:25] =>
[2026/09/11 10:27:25] 发送(hex): 03
[2026/09/11 10:27:25] 发送(hex): 0d
[2026/09/11 10:27:25] 发送(hex): 20
[2026/09/11 10:27:25] <INTERRUPT>
[2026/09/11 10:27:25] =>
[2026/09/11 10:27:25] =>
[2026/09/11 10:27:25] 发送(hex): 03
[2026/09/11 10:27:25] 发送(hex): 0d
[2026/09/11 10:27:25] 发送(hex): 20
[2026/09/11 10:27:25] <INTERRUPT>
[2026/09/11 10:27:25] =>
[2026/09/11 10:27:25] =>
[2026/09/11 10:27:25] 发送(hex): 03
[2026/09/11 10:27:25] 发送(hex): 0d
[2026/09/11 10:27:25] 发送(hex): 20
[2026/09/11 10:27:25] <INTERRUPT>
[2026/09/11 10:27:25] =>
[2026/09/11 10:27:25] =>
[2026/09/11 10:27:25] 发送(hex): 03
[2026/09/11 10:27:25] 发送(hex): 0d
[2026/09/11 10:27:25] 发送(hex): 20
[2026/09/11 10:27:25] <INTERRUPT>
[2026/09/11 10:27:25] =>
[2026/09/11 10:27:25] =>
[2026/09/11 10:27:25] 发送(hex): 03
[2026/09/11 10:27:25] 发送(hex): 0d
[2026/09/11 10:27:25] 发送(hex): 20
[2026/09/11 10:27:25] <INTERRUPT>
[2026/09/11 10:27:25] =>
[2026/09/11 10:27:25] =>
[2026/09/11 10:27:25] 发送(hex): 03
[2026/09/11 10:27:25] 发送(hex): 0d
[2026/09/11 10:27:25] 发送(hex): 20
[2026/09/11 10:27:25] <INTERRUPT>
[2026/09/11 10:27:25] =>
[2026/09/11 10:27:25] =>
[2026/09/11 10:27:25] 发送(hex): 03
[2026/09/11 10:27:25] 发送(hex): 0d
[2026/09/11 10:27:25] 发送(hex): 20
[2026/09/11 10:27:25] <INTERRUPT>
[2026/09/11 10:27:25] =>
[2026/09/11 10:27:25] =>
[2026/09/11 10:27:25] 发送(hex): 03
[2026/09/11 10:27:25] 发送(hex): 0d
[2026/09/11 10:27:25] 发送(hex): 20
[2026/09/11 10:27:25] <INTERRUPT>
[2026/09/11 10:27:25] =>
[2026/09/11 10:27:25] =>
[2026/09/11 10:27:25] 发送(hex): 03
[2026/09/11 10:27:25] 发送(hex): 0d
[2026/09/11 10:27:25] 发送(hex): 20
[2026/09/11 10:27:25] <INTERRUPT>
[2026/09/11 10:27:25] =>
[2026/09/11 10:27:25] =>
[2026/09/11 10:27:25] 发送(hex): 03
[2026/09/11 10:27:25] 发送(hex): 0d
[2026/09/11 10:27:25] 发送(hex): 20
[2026/09/11 10:27:25] <INTERRUPT>
[2026/09/11 10:27:25] =>
[2026/09/11 10:27:25] =>
[2026/09/11 10:27:25] 发送(hex): 03
[2026/09/11 10:27:25] 发送(hex): 0d
[2026/09/11 10:27:25] <INTERRUPT>
[2026/09/11 10:27:25] =>
[2026/09/11 10:27:25] =>
[2026/09/11 10:27:25] 发送(hex): 20
[2026/09/11 10:27:25] 发送(hex): 03
[2026/09/11 10:27:25] 发送(hex): 0d
[2026/09/11 10:27:25] <INTERRUPT>
[2026/09/11 10:27:25] =>
[2026/09/11 10:27:25] 发送(hex): 20
[2026/09/11 10:27:25] 发送(hex): 03
[2026/09/11 10:27:25] =>
[2026/09/11 10:27:25] 发送(hex): 0d
[2026/09/11 10:27:25] <INTERRUPT>
[2026/09/11 10:27:25] =>
[2026/09/11 10:27:25] 发送(hex): 20
[2026/09/11 10:27:25] 发送(hex): 03
[2026/09/11 10:27:25] =>
[2026/09/11 10:27:25] 发送(hex): 0d
[2026/09/11 10:27:25] <INTERRUPT>
[2026/09/11 10:27:25] =>
[2026/09/11 10:27:25] 发送(hex): 20
[2026/09/11 10:27:25] 发送(hex): 03
[2026/09/11 10:27:25] =>
[2026/09/11 10:27:25] 发送(hex): 0d
[2026/09/11 10:27:25] <INTERRUPT>
[2026/09/11 10:27:25] =>
[2026/09/11 10:27:25] 发送(hex): 20
[2026/09/11 10:27:25] 发送(hex): 03
[2026/09/11 10:27:25] =>
[2026/09/11 10:27:25] 发送(hex): 0d
[2026/09/11 10:27:25] <INTERRUPT>
[2026/09/11 10:27:25] =>
[2026/09/11 10:27:25] 发送(hex): 20
[2026/09/11 10:27:25] 发送(hex): 03
[2026/09/11 10:27:25] =>
[2026/09/11 10:27:25] 发送(hex): 0d
[2026/09/11 10:27:25] <INTERRUPT>
[2026/09/11 10:27:25] =>
[2026/09/11 10:27:25] 发送(hex): 20
[2026/09/11 10:27:25] =>
[2026/09/11 10:27:25] 发送(hex): 03
[2026/09/11 10:27:25] 发送(hex): 0d
[2026/09/11 10:27:25] <INTERRUPT>
[2026/09/11 10:27:25] =>
[2026/09/11 10:27:25] 发送(hex): 20
[2026/09/11 10:27:25] =>
[2026/09/11 10:27:25] 发送(hex): 03
[2026/09/11 10:27:25] 发送(hex): 0d
[2026/09/11 10:27:25] <INTERRUPT>
[2026/09/11 10:27:25] =>
[2026/09/11 10:27:25] 发送(hex): 20
[2026/09/11 10:27:25] =>
[2026/09/11 10:27:25] 发送(hex): 03
[2026/09/11 10:27:25] 发送(hex): 0d
[2026/09/11 10:27:25] <INTERRUPT>
[2026/09/11 10:27:25] =>
[2026/09/11 10:27:25] 发送(hex): 20
[2026/09/11 10:27:25] =>
[2026/09/11 10:27:25] 发送(hex): 03
[2026/09/11 10:27:25] 发送(hex): 0d
[2026/09/11 10:27:25] <INTERRUPT>
[2026/09/11 10:27:25] 发送(hex): 20
[2026/09/11 10:27:25] =>
[2026/09/11 10:27:25] =>
[2026/09/11 10:27:25] 发送(hex): 03
[2026/09/11 10:27:25] 发送(hex): 0d
[2026/09/11 10:27:25] <INTERRUPT
[2026/09/11 10:27:25] 发送(hex): 20
[2026/09/11 10:27:25] >
[2026/09/11 10:27:25] =>
[2026/09/11 10:27:25] =>
[2026/09/11 10:27:25] 发送(hex): 03
[2026/09/11 10:27:25] 发送(hex): 0d
[2026/09/11 10:27:25] <INTERRUPT>
[2026/09/11 10:27:25] =
[2026/09/11 10:27:25] 发送(hex): 20
[2026/09/11 10:27:25] >
[2026/09/11 10:27:25] =>
[2026/09/11 10:27:25] 发送(hex): 03
[2026/09/11 10:27:25] 发送(hex): 0d
[2026/09/11 10:27:25] <INTERRUP
[2026/09/11 10:27:25] 发送(hex): 20
[2026/09/11 10:27:25] T>
[2026/09/11 10:27:25] =>
[2026/09/11 10:27:25] =>
[2026/09/11 10:27:25] 发送(hex): 03
[2026/09/11 10:27:25] 发送(hex): 0d
[2026/09/11 10:27:25] <INTERRU
[2026/09/11 10:27:25] 发送(hex): 20
[2026/09/11 10:27:25] PT>
[2026/09/11 10:27:25] =>
[2026/09/11 10:27:25] =>
[2026/09/11 10:27:25] 发送(hex): 03
[2026/09/11 10:27:25] 发送(hex): 0d
[2026/09/11 10:27:25] <INTERRUPT>
[2026/09/11 10:27:25] 发送(hex): 20
[2026/09/11 10:27:25] =>
[2026/09/11 10:27:25] =>
[2026/09/11 10:27:25] 发送(hex): 03
[2026/09/11 10:27:25] 发送(hex): 0d
[2026/09/11 10:27:25] <INTERRUPT>
[2026/09/11 10:27:25] =>
[2026/09/11 10:27:25] 发送(hex): 20
[2026/09/11 10:27:25] =>
[2026/09/11 10:27:25] 发送(hex): 03
[2026/09/11 10:27:25] 发送(hex): 0d
[2026/09/11 10:27:25] <INTERRUPT>
[2026/09/11 10:27:25] 发送(hex): 20
[2026/09/11 10:27:25] =>
[2026/09/11 10:27:25] =>
[2026/09/11 10:27:26] 发送(hex): 03
[2026/09/11 10:27:26] 发送(hex): 0d
[2026/09/11 10:27:26] <INTERRUPT>
[2026/09/11 10:27:26] 发送(hex): 20
[2026/09/11 10:27:26] =>
[2026/09/11 10:27:26] =>
[2026/09/11 10:27:26] 发送(hex): 03
[2026/09/11 10:27:26] 发送(hex): 0d
[2026/09/11 10:27:26] <INTERRUPT>
[2026/09/11 10:27:26] 发送(hex): 20
[2026/09/11 10:27:26] =>
[2026/09/11 10:27:26] =>
[2026/09/11 10:27:26] 发送(hex): 03
[2026/09/11 10:27:26] 发送(hex): 0d
[2026/09/11 10:27:26] <INTERRUPT>
[2026/09/11 10:27:26] =>
[2026/09/11 10:27:26] 发送(hex): 20
[2026/09/11 10:27:26] =>
[2026/09/11 10:27:26] 发送(hex): 03
[2026/09/11 10:27:26] 发送(hex): 0d
[2026/09/11 10:27:26] <INTERRUPT>
[2026/09/11 10:27:26] =>
[2026/09/11 10:27:26] 发送(hex): 20
[2026/09/11 10:27:26] =>
[2026/09/11 10:27:26] 发送(hex): 03
[2026/09/11 10:27:26] 发送(hex): 0d
[2026/09/11 10:27:26] <INTERRUPT>
[2026/09/11 10:27:26] =
[2026/09/11 10:27:26] 发送(hex): 20
[2026/09/11 10:27:26] >
[2026/09/11 10:27:26] =>
[2026/09/11 10:27:26] 发送(hex): 03
[2026/09/11 10:27:26] 发送(hex): 0d
[2026/09/11 10:27:26] <INTERRUPT>
[2026/09/11 10:27:26] 发送(hex): 20
[2026/09/11 10:27:26] =>
[2026/09/11 10:27:26] =>
[2026/09/11 10:27:26] 发送(hex): 03
[2026/09/11 10:27:26] 发送(hex): 0d
[2026/09/11 10:27:26] <INTERRUPT>
[2026/09/11 10:27:26] 发送(hex): 20
[2026/09/11 10:27:26] =>
[2026/09/11 10:27:26] =>
[2026/09/11 10:27:26] 发送(hex): 03
[2026/09/11 10:27:26] 发送(hex): 0d
[2026/09/11 10:27:26] <INTERRUPT>
[2026/09/11 10:27:26] =
[2026/09/11 10:27:26] 发送(hex): 20
[2026/09/11 10:27:26] >
[2026/09/11 10:27:26] =>
[2026/09/11 10:27:26] 发送(hex): 03
[2026/09/11 10:27:26] 发送(hex): 0d
[2026/09/11 10:27:26] <INTERRUPT>
[2026/09/11 10:27:26] =
[2026/09/11 10:27:26] 发送(hex): 20
[2026/09/11 10:27:26] >
[2026/09/11 10:27:26] =>
[2026/09/11 10:27:26] 发送(hex): 03
[2026/09/11 10:27:26] 发送(hex): 0d
[2026/09/11 10:27:26] <INTERRUPT>
[2026/09/11 10:27:26] =>
[2026/09/11 10:27:26] 发送(hex): 20
[2026/09/11 10:27:26] =>
[2026/09/11 10:27:26] 发送(hex): 03
[2026/09/11 10:27:26] 发送(hex): 0d
[2026/09/11 10:27:26] <INTERRUPT>
[2026/09/11 10:27:26] 发送(hex): 20
[2026/09/11 10:27:26] =>
[2026/09/11 10:27:26] =>
[2026/09/11 10:27:26] 发送(hex): 03
[2026/09/11 10:27:26] 发送(hex): 0d
[2026/09/11 10:27:26] <INTERRUPT>
[2026/09/11 10:27:26] 发送(hex): 20
[2026/09/11 10:27:26] =>
[2026/09/11 10:27:26] =>
[2026/09/11 10:27:26] 发送(hex): 03
[2026/09/11 10:27:26] 发送(hex): 0d
[2026/09/11 10:27:26] <INTERRUPT>
[2026/09/11 10:27:26] 发送(hex): 20
[2026/09/11 10:27:26] =>
[2026/09/11 10:27:26] =>
[2026/09/11 10:27:26] 发送(hex): 03
[2026/09/11 10:27:26] 发送(hex): 0d
[2026/09/11 10:27:26] <INTERRUP
[2026/09/11 10:27:26] 发送(hex): 20
[2026/09/11 10:27:26] T>
[2026/09/11 10:27:26] =>
[2026/09/11 10:27:26] =>
[2026/09/11 10:27:26] 发送(hex): 03
[2026/09/11 10:27:26] 发送(hex): 0d
[2026/09/11 10:27:26] <INTERRUPT>
[2026/09/11 10:27:26] 发送(hex): 20
[2026/09/11 10:27:26] =>
[2026/09/11 10:27:26] =>
[2026/09/11 10:27:26] 发送(hex): 03
[2026/09/11 10:27:26] 发送(hex): 0d
[2026/09/11 10:27:26] <INTERRUPT>
[2026/09/11 10:27:26] =
[2026/09/11 10:27:26] 发送(hex): 20
[2026/09/11 10:27:26] >
[2026/09/11 10:27:26] =>
[2026/09/11 10:27:26] 发送(hex): 03
[2026/09/11 10:27:26] 发送(hex): 0d
[2026/09/11 10:27:26] <INTERRUPT>
[2026/09/11 10:27:26] 发送(hex): 20
[2026/09/11 10:27:26] =>
[2026/09/11 10:27:26] =>
[2026/09/11 10:27:26] 发送(hex): 03
[2026/09/11 10:27:26] 发送(hex): 0d
[2026/09/11 10:27:26] <INTERRUPT>
[2026/09/11 10:27:26] 发送(hex): 20
[2026/09/11 10:27:26] =>
[2026/09/11 10:27:26] =>
[2026/09/11 10:27:26] 发送(hex): 03
[2026/09/11 10:27:26] 发送(hex): 0d
[2026/09/11 10:27:26] <INTERRU
[2026/09/11 10:27:26] 发送(hex): 20
[2026/09/11 10:27:26] PT>
[2026/09/11 10:27:26] =>
[2026/09/11 10:27:26] =>
[2026/09/11 10:27:26] 发送(hex): 03
[2026/09/11 10:27:26] 发送(hex): 0d
[2026/09/11 10:27:26] 发送(hex): 20
[2026/09/11 10:27:26] <INTERRUPT>
[2026/09/11 10:27:26] =>
[2026/09/11 10:27:26] =>
[2026/09/11 10:27:26] 发送(hex): 03
[2026/09/11 10:27:26] 发送(hex): 0d
[2026/09/11 10:27:26] 发送(hex): 20
[2026/09/11 10:27:26] <INTERRUPT>
[2026/09/11 10:27:26] =>
[2026/09/11 10:27:26] =>
[2026/09/11 10:27:26] 发送(hex): 03
[2026/09/11 10:27:26] 发送(hex): 0d
[2026/09/11 10:27:26] <INT
[2026/09/11 10:27:26] 发送(hex): 20
[2026/09/11 10:27:26] ERRUPT>
[2026/09/11 10:27:26] =>
[2026/09/11 10:27:26] =>
[2026/09/11 10:27:26] 发送(hex): 03
[2026/09/11 10:27:26] 发送(hex): 0d
[2026/09/11 10:27:26] <IN
[2026/09/11 10:27:26] 发送(hex): 20
[2026/09/11 10:27:26] TERRUPT>
[2026/09/11 10:27:26] =>
[2026/09/11 10:27:26] =>
[2026/09/11 10:27:26] 发送(hex): 03
[2026/09/11 10:27:26] 发送(hex): 0d
[2026/09/11 10:27:26] 发送(hex): 20
[2026/09/11 10:27:26] <INTERRUPT>
[2026/09/11 10:27:26] =>
[2026/09/11 10:27:26] =>
[2026/09/11 10:27:26] 发送(hex): 03
[2026/09/11 10:27:26] 发送(hex): 0d
[2026/09/11 10:27:26] 发送(hex): 20
[2026/09/11 10:27:26] <INTERRUPT>
[2026/09/11 10:27:26] =>
[2026/09/11 10:27:26] =>
[2026/09/11 10:27:26] 发送(hex): 03
[2026/09/11 10:27:26] 发送(hex): 0d
[2026/09/11 10:27:26] 发送(hex): 20
[2026/09/11 10:27:26] <INTERRUPT>
[2026/09/11 10:27:26] =>
[2026/09/11 10:27:26] =>
[2026/09/11 10:27:26] 发送(hex): 03
[2026/09/11 10:27:26] 发送(hex): 0d
[2026/09/11 10:27:26] 发送(hex): 20
[2026/09/11 10:27:26] <INTERRUPT>
[2026/09/11 10:27:26] =>
[2026/09/11 10:27:26] =>
[2026/09/11 10:27:26] 发送(hex): 03
[2026/09/11 10:27:26] 发送(hex): 0d
[2026/09/11 10:27:26] 发送(hex): 20
[2026/09/11 10:27:26] <INTERRUPT>
[2026/09/11 10:27:26] =>
[2026/09/11 10:27:26] =>
[2026/09/11 10:27:26] 发送(hex): 03
[2026/09/11 10:27:26] 发送(hex): 0d
[2026/09/11 10:27:26] 发送(hex): 20
[2026/09/11 10:27:26] <INTERRUPT>
[2026/09/11 10:27:26] =>
[2026/09/11 10:27:26] =>
[2026/09/11 10:27:26] 发送(hex): 03
[2026/09/11 10:27:26] 发送(hex): 0d
[2026/09/11 10:27:26] 发送(hex): 20
[2026/09/11 10:27:26] <INTERRUPT>
[2026/09/11 10:27:26] =>
[2026/09/11 10:27:26] =>
[2026/09/11 10:27:26] 发送(hex): 03
[2026/09/11 10:27:26] 发送(hex): 0d
[2026/09/11 10:27:27] 发送(hex): 20
[2026/09/11 10:27:27] <INTERRUPT>
[2026/09/11 10:27:27] =>
[2026/09/11 10:27:27] =>
[2026/09/11 10:27:27] 发送(hex): 03
[2026/09/11 10:27:27] 发送(hex): 0d
[2026/09/11 10:27:27] 发送(hex): 20
[2026/09/11 10:27:27] <INTERRUPT>
[2026/09/11 10:27:27] =>
[2026/09/11 10:27:27] =>
[2026/09/11 10:27:27] 发送(hex): 03
[2026/09/11 10:27:27] 发送(hex): 0d
[2026/09/11 10:27:27] 发送(hex): 20
[2026/09/11 10:27:27] <INTERRUPT>
[2026/09/11 10:27:27] =>
[2026/09/11 10:27:27] =>
[2026/09/11 10:27:27] 发送(hex): 03
[2026/09/11 10:27:27] 发送(hex): 0d
[2026/09/11 10:27:27] 发送(hex): 20
[2026/09/11 10:27:27] <INTERRUPT>
[2026/09/11 10:27:27] =>
[2026/09/11 10:27:27] =>
[2026/09/11 10:27:27] 发送(hex): 03
[2026/09/11 10:27:27] 发送(hex): 0d
[2026/09/11 10:27:27] 发送(hex): 20
[2026/09/11 10:27:27] <INTERRUPT>
[2026/09/11 10:27:27] =>
[2026/09/11 10:27:27] =>
[2026/09/11 10:27:27] 发送(hex): 03
[2026/09/11 10:27:27] 发送(hex): 0d
[2026/09/11 10:27:27] 发送(hex): 20
[2026/09/11 10:27:27] <INTERRUPT>
[2026/09/11 10:27:27] =>
[2026/09/11 10:27:27] =>
[2026/09/11 10:27:27] 发送(hex): 03
[2026/09/11 10:27:27] 发送(hex): 0d
[2026/09/11 10:27:27] 发送(hex): 20
[2026/09/11 10:27:27] <INTERRUPT>
[2026/09/11 10:27:27] =>
[2026/09/11 10:27:27] =>
[2026/09/11 10:27:27] 发送(hex): 03
[2026/09/11 10:27:27] 发送(hex): 0d
[2026/09/11 10:27:27] 发送(hex): 20
[2026/09/11 10:27:27] <INTERRUPT>
[2026/09/11 10:27:27] =>
[2026/09/11 10:27:27] 发送(hex): 03
[2026/09/11 10:27:27] =>
[2026/09/11 10:27:27] 发送(hex): 0d
[2026/09/11 10:27:27] 发送(hex): 20
[2026/09/11 10:27:27] <INTERRUPT>
[2026/09/11 10:27:27] =>
[2026/09/11 10:27:27] =>
[2026/09/11 10:27:27] 发送(hex): 03
[2026/09/11 10:27:27] 发送(hex): 0d
[2026/09/11 10:27:27] <INTERRUPT>
[2026/09/11 10:27:27] =>
[2026/09/11 10:27:27] 发送(hex): 20
[2026/09/11 10:27:27] 发送(hex): 03
[2026/09/11 10:27:27] =>
[2026/09/11 10:27:27] 发送(hex): 0d
[2026/09/11 10:27:27] <INTERRUPT>
[2026/09/11 10:27:27] =>
[2026/09/11 10:27:27] 发送(hex): 20
[2026/09/11 10:27:27] 发送(hex): 03
[2026/09/11 10:27:27] =>
[2026/09/11 10:27:27] 发送(hex): 0d
[2026/09/11 10:27:27] 发送(hex): 20
[2026/09/11 10:27:27] <INTERRUPT>
[2026/09/11 10:27:27] =>
[2026/09/11 10:27:27] 发送(hex): 03
[2026/09/11 10:27:27] =>
[2026/09/11 10:27:27] 发送(hex): 0d
[2026/09/11 10:27:27] <INTERRUPT>
[2026/09/11 10:27:27] =>
[2026/09/11 10:27:27] 发送(hex): 20
[2026/09/11 10:27:27] 发送(hex): 03
[2026/09/11 10:27:27] =>
[2026/09/11 10:27:27] 发送(hex): 0d
[2026/09/11 10:27:27] <INTERRUPT>
[2026/09/11 10:27:27] =>
[2026/09/11 10:27:27] 发送(hex): 20
[2026/09/11 10:27:27] 发送(hex): 03
[2026/09/11 10:27:27] =>
[2026/09/11 10:27:27] 发送(hex): 0d
[2026/09/11 10:27:27] <INTERRUPT>
[2026/09/11 10:27:27] =>
[2026/09/11 10:27:27] 发送(hex): 20
[2026/09/11 10:27:27] 发送(hex): 03
[2026/09/11 10:27:27] =>
[2026/09/11 10:27:27] 发送(hex): 0d
[2026/09/11 10:27:27] <INTERRUPT>
[2026/09/11 10:27:27] =>
[2026/09/11 10:27:27] 发送(hex): 20
[2026/09/11 10:27:27] 发送(hex): 03
[2026/09/11 10:27:27] =>
[2026/09/11 10:27:27] 发送(hex): 0d
[2026/09/11 10:27:27] <INTERRUPT>
[2026/09/11 10:27:27] =>
[2026/09/11 10:27:27] 发送(hex): 20
[2026/09/11 10:27:27] 发送(hex): 03
[2026/09/11 10:27:27] =>
[2026/09/11 10:27:27] 发送(hex): 0d
[2026/09/11 10:27:27] <INTERRUPT>
[2026/09/11 10:27:27] =>
[2026/09/11 10:27:27] 发送(hex): 20
[2026/09/11 10:27:27] 发送(hex): 03
[2026/09/11 10:27:27] =>
[2026/09/11 10:27:27] 发送(hex): 0d
[2026/09/11 10:27:27] <INTERRUPT>
[2026/09/11 10:27:27] =>
[2026/09/11 10:27:27] 发送(hex): 20
[2026/09/11 10:27:27] 发送(hex): 03
[2026/09/11 10:27:27] =>
[2026/09/11 10:27:27] 发送(hex): 0d
[2026/09/11 10:27:27] <INTERRUPT>
[2026/09/11 10:27:27] =>
[2026/09/11 10:27:27] 发送(hex): 20
[2026/09/11 10:27:27] 发送(hex): 03
[2026/09/11 10:27:27] =>
[2026/09/11 10:27:27] 发送(hex): 0d
[2026/09/11 10:27:27] <INTERRUPT>
[2026/09/11 10:27:27] =>
[2026/09/11 10:27:27] 发送(hex): 20
[2026/09/11 10:27:27] 发送(hex): 03
[2026/09/11 10:27:27] =>
[2026/09/11 10:27:27] 发送(hex): 0d
[2026/09/11 10:27:27] <INTERRUPT>
[2026/09/11 10:27:27] =>
[2026/09/11 10:27:27] 发送(hex): 20
[2026/09/11 10:27:27] 发送(hex): 03
[2026/09/11 10:27:27] =>
[2026/09/11 10:27:27] 发送(hex): 0d
[2026/09/11 10:27:27] <INTERRUPT>
[2026/09/11 10:27:27] =>
[2026/09/11 10:27:27] 发送(hex): 20
[2026/09/11 10:27:27] 发送(hex): 03
[2026/09/11 10:27:27] =>
[2026/09/11 10:27:27] 发送(hex): 0d
[2026/09/11 10:27:27] <INTERRUPT>
[2026/09/11 10:27:27] =>
[2026/09/11 10:27:27] 发送(hex): 20
[2026/09/11 10:27:27] 发送(hex): 03
[2026/09/11 10:27:27] =>
[2026/09/11 10:27:27] 发送(hex): 0d
[2026/09/11 10:27:27] <INTERRUPT>
[2026/09/11 10:27:27] =>
[2026/09/11 10:27:27] 发送(hex): 20
[2026/09/11 10:27:27] 发送(hex): 03
[2026/09/11 10:27:27] =>
[2026/09/11 10:27:27] 发送(hex): 0d
[2026/09/11 10:27:27] <INTERRUPT>
[2026/09/11 10:27:27] =>
[2026/09/11 10:27:27] 发送(hex): 20
[2026/09/11 10:27:27] 发送(hex): 03
[2026/09/11 10:27:27] =>
[2026/09/11 10:27:27] 发送(hex): 0d
[2026/09/11 10:27:27] <INTERRUPT>
[2026/09/11 10:27:27] =>
[2026/09/11 10:27:27] 发送(hex): 20
[2026/09/11 10:27:27] 发送(hex): 03
[2026/09/11 10:27:27] =>
[2026/09/11 10:27:27] 发送(hex): 0d
[2026/09/11 10:27:27] <INTERRUPT>
[2026/09/11 10:27:27] =>
[2026/09/11 10:27:27] 发送(hex): 20
[2026/09/11 10:27:27] 发送(hex): 03
[2026/09/11 10:27:27] =>
[2026/09/11 10:27:27] 发送(hex): 0d
[2026/09/11 10:27:27] <INTERRUPT>
[2026/09/11 10:27:27] =>
[2026/09/11 10:27:27] 发送(hex): 20
[2026/09/11 10:27:27] 发送(hex): 03
[2026/09/11 10:27:27] =>
[2026/09/11 10:27:27] 发送(hex): 0d
[2026/09/11 10:27:27] <INTERRUPT>
[2026/09/11 10:27:27] =>
[2026/09/11 10:27:27] 发送(hex): 20
[2026/09/11 10:27:27] 发送(hex): 03
[2026/09/11 10:27:27] =>
[2026/09/11 10:27:27] 发送(hex): 0d
[2026/09/11 10:27:27] <INTERRUPT>
[2026/09/11 10:27:27] =>
[2026/09/11 10:27:27] 发送(hex): 20
[2026/09/11 10:27:27] 发送(hex): 03
[2026/09/11 10:27:27] =>
[2026/09/11 10:27:27] 发送(hex): 0d
[2026/09/11 10:27:27] <INTERRUPT>
[2026/09/11 10:27:27] =>
[2026/09/11 10:27:27] 发送(hex): 20
[2026/09/11 10:27:28] 发送(hex): 03
[2026/09/11 10:27:28] =>
[2026/09/11 10:27:28] 发送(hex): 0d
[2026/09/11 10:27:28] <INTERRUPT>
[2026/09/11 10:27:28] =>
[2026/09/11 10:27:28] 发送(hex): 20
[2026/09/11 10:27:28] 发送(hex): 03
[2026/09/11 10:27:28] =>
[2026/09/11 10:27:28] 发送(hex): 0d
[2026/09/11 10:27:28] <INTERRUPT>
[2026/09/11 10:27:28] =>
[2026/09/11 10:27:28] 发送(hex): 20
[2026/09/11 10:27:28] 发送(hex): 03
[2026/09/11 10:27:28] =>
[2026/09/11 10:27:28] 发送(hex): 0d
[2026/09/11 10:27:28] <INTERRUPT>
[2026/09/11 10:27:28] =>
[2026/09/11 10:27:28] 发送(hex): 20
[2026/09/11 10:27:28] 发送(hex): 03
[2026/09/11 10:27:28] =>
[2026/09/11 10:27:28] 发送(hex): 0d
[2026/09/11 10:27:28] <INTERRUPT>
[2026/09/11 10:27:28] =>
[2026/09/11 10:27:28] 发送(hex): 20
[2026/09/11 10:27:28] 发送(hex): 03
[2026/09/11 10:27:28] =>
[2026/09/11 10:27:28] 发送(hex): 0d
[2026/09/11 10:27:28] <INTERRUPT>
[2026/09/11 10:27:28] =>
[2026/09/11 10:27:28] 发送(hex): 20
[2026/09/11 10:27:28] 发送(hex): 03
[2026/09/11 10:27:28] =>
[2026/09/11 10:27:28] 发送(hex): 0d
[2026/09/11 10:27:28] <INTERRUPT>
[2026/09/11 10:27:28] =>
[2026/09/11 10:27:28] 发送(hex): 20
[2026/09/11 10:27:28] 发送(hex): 03
[2026/09/11 10:27:28] =>
[2026/09/11 10:27:28] 发送(hex): 0d
[2026/09/11 10:27:28] <INTERRUPT>
[2026/09/11 10:27:28] =>
[2026/09/11 10:27:28] 发送(hex): 20
[2026/09/11 10:27:28] 发送(hex): 03
[2026/09/11 10:27:28] =>
[2026/09/11 10:27:28] 发送(hex): 0d
[2026/09/11 10:27:28] <INTERRUPT>
[2026/09/11 10:27:28] =>
[2026/09/11 10:27:28] 发送(hex): 20
[2026/09/11 10:27:28] 发送(hex): 03
[2026/09/11 10:27:28] =>
[2026/09/11 10:27:28] 发送(hex): 0d
[2026/09/11 10:27:28] <INTERRUPT>
[2026/09/11 10:27:28] =>
[2026/09/11 10:27:28] 发送(hex): 20
[2026/09/11 10:27:28] 发送(hex): 03
[2026/09/11 10:27:28] =>
[2026/09/11 10:27:28] 发送(hex): 0d
[2026/09/11 10:27:28] <INTERRUPT>
[2026/09/11 10:27:28] =>
[2026/09/11 10:27:28] 发送(hex): 20
[2026/09/11 10:27:28] 发送(hex): 03
[2026/09/11 10:27:28] =>
[2026/09/11 10:27:28] 发送(hex): 0d
[2026/09/11 10:27:28] <INTERRUPT>
[2026/09/11 10:27:28] =>
[2026/09/11 10:27:28] 发送(hex): 20
[2026/09/11 10:27:28] 发送(hex): 03
[2026/09/11 10:27:28] =>
[2026/09/11 10:27:28] 发送(hex): 0d
[2026/09/11 10:27:28] <INTERRUPT>
[2026/09/11 10:27:28] =>
[2026/09/11 10:27:28] 发送(hex): 20
[2026/09/11 10:27:28] 发送(hex): 03
[2026/09/11 10:27:28] =>
[2026/09/11 10:27:28] 发送(hex): 0d
[2026/09/11 10:27:28] <INTERRUPT>
[2026/09/11 10:27:28] =>
[2026/09/11 10:27:28] 发送(hex): 20
[2026/09/11 10:27:28] 发送(hex): 03
[2026/09/11 10:27:28] =>
[2026/09/11 10:27:28] 发送(hex): 0d
[2026/09/11 10:27:28] <INTERRUPT>
[2026/09/11 10:27:28] =>
[2026/09/11 10:27:28] 发送(hex): 20
[2026/09/11 10:27:28] 发送(hex): 03
[2026/09/11 10:27:28] =>
[2026/09/11 10:27:28] 发送(hex): 0d
[2026/09/11 10:27:28] <INTERRUPT>
[2026/09/11 10:27:28] =>
[2026/09/11 10:27:28] 发送(hex): 20
[2026/09/11 10:27:28] 发送(hex): 03
[2026/09/11 10:27:28] =>
[2026/09/11 10:27:28] 发送(hex): 0d
[2026/09/11 10:27:28] <INTERRUPT>
[2026/09/11 10:27:28] =>
[2026/09/11 10:27:28] 发送(hex): 20
[2026/09/11 10:27:28] 发送(hex): 03
[2026/09/11 10:27:28] =>
[2026/09/11 10:27:28] 发送(hex): 0d
[2026/09/11 10:27:28] <INTERRUPT>
[2026/09/11 10:27:28] =>
[2026/09/11 10:27:28] 发送(hex): 20
[2026/09/11 10:27:28] 发送(hex): 03
[2026/09/11 10:27:28] =>
[2026/09/11 10:27:28] 发送(hex): 0d
[2026/09/11 10:27:28] <INTERRUPT>
[2026/09/11 10:27:28] =>
[2026/09/11 10:27:28] 发送(hex): 20
[2026/09/11 10:27:28] 发送(hex): 03
[2026/09/11 10:27:28] =>
[2026/09/11 10:27:28] 发送(hex): 0d
[2026/09/11 10:27:28] <INTERRUPT>
[2026/09/11 10:27:28] =>
[2026/09/11 10:27:28] 发送(hex): 20
[2026/09/11 10:27:28] 发送(hex): 03
[2026/09/11 10:27:28] =>
[2026/09/11 10:27:28] 发送(hex): 0d
[2026/09/11 10:27:28] <INTERRUPT>
[2026/09/11 10:27:28] =>
[2026/09/11 10:27:28] 发送(hex): 20
[2026/09/11 10:27:28] 发送(hex): 03
[2026/09/11 10:27:28] =>
[2026/09/11 10:27:28] 发送(hex): 0d
[2026/09/11 10:27:28] <INTERRUPT>
[2026/09/11 10:27:28] =>
[2026/09/11 10:27:28] 发送(hex): 20
[2026/09/11 10:27:28] 发送(hex): 03
[2026/09/11 10:27:28] =>
[2026/09/11 10:27:28] 发送(hex): 0d
[2026/09/11 10:27:28] <INTERRUPT>
[2026/09/11 10:27:28] =>
[2026/09/11 10:27:28] 发送(hex): 20
[2026/09/11 10:27:28] 发送(hex): 03
[2026/09/11 10:27:28] =>
[2026/09/11 10:27:28] 发送(hex): 0d
[2026/09/11 10:27:28] <INTERRUPT>
[2026/09/11 10:27:28] =>
[2026/09/11 10:27:28] 发送(hex): 20
[2026/09/11 10:27:28] 发送(hex): 03
[2026/09/11 10:27:28] =>
[2026/09/11 10:27:28] 发送(hex): 0d
[2026/09/11 10:27:28] <INTERRUPT>
[2026/09/11 10:27:28] =>
[2026/09/11 10:27:28] 发送(hex): 20
[2026/09/11 10:27:28] =>
[2026/09/11 10:27:28] 发送(hex): 03
[2026/09/11 10:27:28] 发送(hex): 0d
[2026/09/11 10:27:28] <INTERRUPT>
[2026/09/11 10:27:28] =>
[2026/09/11 10:27:28] 发送(hex): 20
[2026/09/11 10:27:28] =>
[2026/09/11 10:27:28] 发送(hex): 03
[2026/09/11 10:27:28] 发送(hex): 0d
[2026/09/11 10:27:28] <INTERRUPT>
[2026/09/11 10:27:28] =>
[2026/09/11 10:27:28] 发送(hex): 20
[2026/09/11 10:27:28] =>
[2026/09/11 10:27:28] 发送(hex): 03
[2026/09/11 10:27:28] 发送(hex): 0d
[2026/09/11 10:27:28] <INTERRUPT>
[2026/09/11 10:27:28] =>
[2026/09/11 10:27:28] 发送(hex): 20
[2026/09/11 10:27:28] =>
[2026/09/11 10:27:28] 发送(hex): 03
[2026/09/11 10:27:28] 发送(hex): 0d
[2026/09/11 10:27:28] <INTERRUPT>
[2026/09/11 10:27:28] =>
[2026/09/11 10:27:28] 发送(hex): 20
[2026/09/11 10:27:28] =>
[2026/09/11 10:27:28] 发送(hex): 03
[2026/09/11 10:27:28] 发送(hex): 0d
[2026/09/11 10:27:28] <INTERRUPT>
[2026/09/11 10:27:28] =>
[2026/09/11 10:27:28] 发送(hex): 20
[2026/09/11 10:27:28] =>
[2026/09/11 10:27:28] 发送(hex): 03
[2026/09/11 10:27:28] 发送(hex): 0d
[2026/09/11 10:27:28] <INTERRUPT>
[2026/09/11 10:27:28] =>
[2026/09/11 10:27:28] 发送(hex): 20
[2026/09/11 10:27:28] =>
[2026/09/11 10:27:28] 发送(hex): 03
[2026/09/11 10:27:28] 发送(hex): 0d
[2026/09/11 10:27:28] <INTERRUPT>
[2026/09/11 10:27:28] =>
[2026/09/11 10:27:28] 发送(hex): 20
[2026/09/11 10:27:28] =>
[2026/09/11 10:27:29] 发送(hex): 03
[2026/09/11 10:27:29] 发送(hex): 0d
[2026/09/11 10:27:29] <INTERRUPT>
[2026/09/11 10:27:29] =>
[2026/09/11 10:27:29] 发送(hex): 20
[2026/09/11 10:27:29] =>
[2026/09/11 10:27:29] 发送(hex): 03
[2026/09/11 10:27:29] 发送(hex): 0d
[2026/09/11 10:27:29] <INTERRUPT>
[2026/09/11 10:27:29] =>
[2026/09/11 10:27:29] 发送(hex): 20
[2026/09/11 10:27:29] =>
[2026/09/11 10:27:29] 发送(hex): 03
[2026/09/11 10:27:29] 发送(hex): 0d
[2026/09/11 10:27:29] <INT
[2026/09/11 10:27:29] 发送(hex): 20
[2026/09/11 10:27:29] ERRUPT>
[2026/09/11 10:27:29] =>
[2026/09/11 10:27:29] =>
[2026/09/11 10:27:29] 发送(hex): 03
[2026/09/11 10:27:29] 发送(hex): 0d
[2026/09/11 10:27:29] 发送(hex): 20
[2026/09/11 10:27:29] <INTERRUPT>
[2026/09/11 10:27:29] =>
[2026/09/11 10:27:29] =>
[2026/09/11 10:27:29] 发送(hex): 03
[2026/09/11 10:27:29] 发送(hex): 0d
[2026/09/11 10:27:29] 发送(hex): 20
[2026/09/11 10:27:29] <INTERRUPT>
[2026/09/11 10:27:29] =>
[2026/09/11 10:27:29] =>
[2026/09/11 10:27:29] 发送(hex): 03
[2026/09/11 10:27:29] 发送(hex): 0d
[2026/09/11 10:27:29] 发送(hex): 20
[2026/09/11 10:27:29] <INTERRUPT>
[2026/09/11 10:27:29] =>
[2026/09/11 10:27:29] =>
[2026/09/11 10:27:29] 发送(hex): 03
[2026/09/11 10:27:29] 发送(hex): 0d
[2026/09/11 10:27:29] 发送(hex): 20
[2026/09/11 10:27:29] <INTERRUPT>
[2026/09/11 10:27:29] =>
[2026/09/11 10:27:29] =>
[2026/09/11 10:27:29] 发送(hex): 03
[2026/09/11 10:27:29] 发送(hex): 0d
[2026/09/11 10:27:29] 发送(hex): 20
[2026/09/11 10:27:29] <INTERRUPT>
[2026/09/11 10:27:29] =>
[2026/09/11 10:27:29] =>
[2026/09/11 10:27:29] 发送(hex): 03
[2026/09/11 10:27:29] 发送(hex): 0d
[2026/09/11 10:27:29] 发送(hex): 20
[2026/09/11 10:27:29] <INTERRUPT>
[2026/09/11 10:27:29] =>
[2026/09/11 10:27:29] =>
[2026/09/11 10:27:29] 发送(hex): 03
[2026/09/11 10:27:29] 发送(hex): 0d
[2026/09/11 10:27:29] 发送(hex): 20
[2026/09/11 10:27:29] <INTERRUPT>
[2026/09/11 10:27:29] =>
[2026/09/11 10:27:29] =>
[2026/09/11 10:27:29] 发送(hex): 03
[2026/09/11 10:27:29] 发送(hex): 0d
[2026/09/11 10:27:29] 发送(hex): 20
[2026/09/11 10:27:29] <INTERRUPT>
[2026/09/11 10:27:29] =>
[2026/09/11 10:27:29] =>
[2026/09/11 10:27:29] 发送(hex): 03
[2026/09/11 10:27:29] 发送(hex): 0d
[2026/09/11 10:27:29] 发送(hex): 20
[2026/09/11 10:27:29] <INTERRUPT>
[2026/09/11 10:27:29] =>
[2026/09/11 10:27:29] =>
[2026/09/11 10:27:29] 发送(hex): 03
[2026/09/11 10:27:29] 发送(hex): 0d
[2026/09/11 10:27:29] 发送(hex): 20
[2026/09/11 10:27:29] <INTERRUPT>
[2026/09/11 10:27:29] =>
[2026/09/11 10:27:29] =>
[2026/09/11 10:27:29] 发送(hex): 03
[2026/09/11 10:27:29] 发送(hex): 0d
[2026/09/11 10:27:29] 发送(hex): 20
[2026/09/11 10:27:29] <INTERRUPT>
[2026/09/11 10:27:29] =>
[2026/09/11 10:27:29] =>
[2026/09/11 10:27:29] 发送(hex): 03
[2026/09/11 10:27:29] 发送(hex): 0d
[2026/09/11 10:27:29] 发送(hex): 20
[2026/09/11 10:27:29] <INTERRUPT>
[2026/09/11 10:27:29] =>
[2026/09/11 10:27:29] =>
[2026/09/11 10:27:29] 发送(hex): 03
[2026/09/11 10:27:29] 发送(hex): 0d
[2026/09/11 10:27:29] 发送(hex): 20
[2026/09/11 10:27:29] <INTERRUPT>
[2026/09/11 10:27:29] =>
[2026/09/11 10:27:29] =>
[2026/09/11 10:27:29] 发送(hex): 03
[2026/09/11 10:27:29] <INTERRUPT>
[2026/09/11 10:27:29] =>
[2026/09/11 10:27:29] 发送(hex): 0d
[2026/09/11 10:27:29] 发送(hex): 20
[2026/09/11 10:27:29] =>
[2026/09/11 10:27:29] 发送(hex): 03
[2026/09/11 10:27:29] 发送(hex): 0d
[2026/09/11 10:27:29] 发送(hex): 20
[2026/09/11 10:27:29] <INTERRUPT>
[2026/09/11 10:27:29] =>
[2026/09/11 10:27:29] =>
[2026/09/11 10:27:29] 发送(hex): 03
[2026/09/11 10:27:29] 发送(hex): 0d
[2026/09/11 10:27:29] 发送(hex): 20
[2026/09/11 10:27:29] <INTERRUPT>
[2026/09/11 10:27:29] =>
[2026/09/11 10:27:29] =>
[2026/09/11 10:27:29] 发送(hex): 03
[2026/09/11 10:27:29] 发送(hex): 0d
[2026/09/11 10:27:29] 发送(hex): 20
[2026/09/11 10:27:29] <INTERRUPT>
[2026/09/11 10:27:29] =>
[2026/09/11 10:27:29] =>
[2026/09/11 10:27:29] 发送(hex): 03
[2026/09/11 10:27:29] 发送(hex): 0d
[2026/09/11 10:27:29] 发送(hex): 20
[2026/09/11 10:27:29] <INTERRUPT>
[2026/09/11 10:27:29] =>
[2026/09/11 10:27:29] =>
[2026/09/11 10:27:29] 发送(hex): 03
[2026/09/11 10:27:29] 发送(hex): 0d
[2026/09/11 10:27:29] 发送(hex): 20
[2026/09/11 10:27:29] <INTERRUPT>
[2026/09/11 10:27:29] =>
[2026/09/11 10:27:29] =>
[2026/09/11 10:27:29] 发送(hex): 03
[2026/09/11 10:27:29] 发送(hex): 0d
[2026/09/11 10:27:29] 发送(hex): 20
[2026/09/11 10:27:29] <INTERRUPT>
[2026/09/11 10:27:29] =>
[2026/09/11 10:27:29] =>
[2026/09/11 10:27:29] 发送(hex): 03
[2026/09/11 10:27:29] 发送(hex): 0d
[2026/09/11 10:27:29] 发送(hex): 20
[2026/09/11 10:27:29] <INTERRUPT>
[2026/09/11 10:27:29] =>
[2026/09/11 10:27:29] =>
[2026/09/11 10:27:29] 发送(hex): 03
[2026/09/11 10:27:29] 发送(hex): 0d
[2026/09/11 10:27:29] 发送(hex): 20
[2026/09/11 10:27:29] <INTERRUPT>
[2026/09/11 10:27:29] =>
[2026/09/11 10:27:29] =>
[2026/09/11 10:27:29] 发送(hex): 03
[2026/09/11 10:27:29] 发送(hex): 0d
[2026/09/11 10:27:29] 发送(hex): 20
[2026/09/11 10:27:29] <INTERRUPT>
[2026/09/11 10:27:29] =>
[2026/09/11 10:27:29] =>
[2026/09/11 10:27:29] 发送(hex): 03
[2026/09/11 10:27:29] 发送(hex): 0d
[2026/09/11 10:27:29] 发送(hex): 20
[2026/09/11 10:27:29] <INTERRUPT>
[2026/09/11 10:27:29] =>
[2026/09/11 10:27:29] =>
[2026/09/11 10:27:29] 发送(hex): 03
[2026/09/11 10:27:29] 发送(hex): 0d
[2026/09/11 10:27:29] 发送(hex): 20
[2026/09/11 10:27:29] <INTERRUPT>
[2026/09/11 10:27:29] =>
[2026/09/11 10:27:29] =>
[2026/09/11 10:27:29] 发送(hex): 03
[2026/09/11 10:27:29] 发送(hex): 0d
[2026/09/11 10:27:29] 发送(hex): 20
[2026/09/11 10:27:29] <INTERRUPT>
[2026/09/11 10:27:29] =>
[2026/09/11 10:27:29] =>
[2026/09/11 10:27:29] 发送(hex): 03
[2026/09/11 10:27:29] 发送(hex): 0d
[2026/09/11 10:27:30] 发送(hex): 20
[2026/09/11 10:27:30] <INTERRUPT>
[2026/09/11 10:27:30] =>
[2026/09/11 10:27:30] =>
[2026/09/11 10:27:30] 发送(hex): 03
[2026/09/11 10:27:30] 发送(hex): 0d
[2026/09/11 10:27:30] 发送(hex): 20
[2026/09/11 10:27:30] <INTERRUPT>
[2026/09/11 10:27:30] =>
[2026/09/11 10:27:30] =>
[2026/09/11 10:27:30] 发送(hex): 03
[2026/09/11 10:27:30] 发送(hex): 0d
[2026/09/11 10:27:30] 发送(hex): 20
[2026/09/11 10:27:30] <INTERRUPT>
[2026/09/11 10:27:30] =>
[2026/09/11 10:27:30] =>
[2026/09/11 10:27:30] 发送(hex): 03
[2026/09/11 10:27:30] 发送(hex): 0d
[2026/09/11 10:27:30] 发送(hex): 20
[2026/09/11 10:27:30] <INTERRUPT>
[2026/09/11 10:27:30] =>
[2026/09/11 10:27:30] =>
[2026/09/11 10:27:30] 发送(hex): 03
[2026/09/11 10:27:30] 发送(hex): 0d
[2026/09/11 10:27:30] 发送(hex): 20
[2026/09/11 10:27:30] <INTERRUPT>
[2026/09/11 10:27:30] =>
[2026/09/11 10:27:30] =>
[2026/09/11 10:27:30] 发送(hex): 03
[2026/09/11 10:27:30] 发送(hex): 0d
[2026/09/11 10:27:30] 发送(hex): 20
[2026/09/11 10:27:30] <INTERRUPT>
[2026/09/11 10:27:30] =>
[2026/09/11 10:27:30] =>
[2026/09/11 10:27:30] 发送(hex): 03
[2026/09/11 10:27:30] 发送(hex): 0d
[2026/09/11 10:27:30] 发送(hex): 20
[2026/09/11 10:27:30] <INTERRUPT>
[2026/09/11 10:27:30] =>
[2026/09/11 10:27:30] =>
[2026/09/11 10:27:30] 发送(hex): 03
[2026/09/11 10:27:30] 发送(hex): 0d
[2026/09/11 10:27:30] 发送(hex): 20
[2026/09/11 10:27:30] <INTERRUPT>
[2026/09/11 10:27:30] =>
[2026/09/11 10:27:30] =>
[2026/09/11 10:27:30] 发送(hex): 03
[2026/09/11 10:27:30] 发送(hex): 0d
[2026/09/11 10:27:30] 发送(hex): 20
[2026/09/11 10:27:30] <INTERRUPT>
[2026/09/11 10:27:30] =>
[2026/09/11 10:27:30] =>
[2026/09/11 10:27:30] 发送(hex): 03
[2026/09/11 10:27:30] 发送(hex): 0d
[2026/09/11 10:27:30] 发送(hex): 20
[2026/09/11 10:27:30] <INTERRUPT>
[2026/09/11 10:27:30] =>
[2026/09/11 10:27:30] =>
[2026/09/11 10:27:30] 发送(hex): 03
[2026/09/11 10:27:30] 发送(hex): 0d
[2026/09/11 10:27:30] 发送(hex): 20
[2026/09/11 10:27:30] <INTERRUPT>
[2026/09/11 10:27:30] =>
[2026/09/11 10:27:30] =>
[2026/09/11 10:27:30] 发送(hex): 03
[2026/09/11 10:27:30] 发送(hex): 0d
[2026/09/11 10:27:30] 发送(hex): 20
[2026/09/11 10:27:30] <INTERRUPT>
[2026/09/11 10:27:30] =>
[2026/09/11 10:27:30] =>
[2026/09/11 10:27:30] 发送(hex): 03
[2026/09/11 10:27:30] 发送(hex): 0d
[2026/09/11 10:27:30] 发送(hex): 20
[2026/09/11 10:27:30] <INTERRUPT>
[2026/09/11 10:27:30] =>
[2026/09/11 10:27:30] =>
[2026/09/11 10:27:30] 发送(hex): 03
[2026/09/11 10:27:30] 发送(hex): 0d
[2026/09/11 10:27:30] 发送(hex): 20
[2026/09/11 10:27:30] <INTERRUPT>
[2026/09/11 10:27:30] =>
[2026/09/11 10:27:30] =>
[2026/09/11 10:27:30] 发送(hex): 03
[2026/09/11 10:27:30] 发送(hex): 0d
[2026/09/11 10:27:30] <
[2026/09/11 10:27:30] 发送(hex): 20
[2026/09/11 10:27:30] INTERRUPT>
[2026/09/11 10:27:30] =>
[2026/09/11 10:27:30] =>
[2026/09/11 10:27:30] 发送(hex): 03
[2026/09/11 10:27:30] 发送(hex): 0d
[2026/09/11 10:27:30] 发送(hex): 20
[2026/09/11 10:27:30] <INTERRUPT>
[2026/09/11 10:27:30] =>
[2026/09/11 10:27:30] =>
[2026/09/11 10:27:30] 发送(hex): 03
[2026/09/11 10:27:30] 发送(hex): 0d
[2026/09/11 10:27:30] 发送(hex): 20
[2026/09/11 10:27:30] <INTERRUPT>
[2026/09/11 10:27:30] =>
[2026/09/11 10:27:30] =>
[2026/09/11 10:27:30] 发送(hex): 03
[2026/09/11 10:27:30] 发送(hex): 0d
[2026/09/11 10:27:30] 发送(hex): 20
[2026/09/11 10:27:30] <INTERRUPT>
[2026/09/11 10:27:30] =>
[2026/09/11 10:27:30] =>
[2026/09/11 10:27:30] 发送(hex): 03
[2026/09/11 10:27:30] 发送(hex): 0d
[2026/09/11 10:27:30] 发送(hex): 20
[2026/09/11 10:27:30] <INTERRUPT>
[2026/09/11 10:27:30] =>
[2026/09/11 10:27:30] =>
[2026/09/11 10:27:30] 发送(hex): 03
[2026/09/11 10:27:30] 发送(hex): 0d
[2026/09/11 10:27:30] 发送(hex): 20
[2026/09/11 10:27:30] <INTERRUPT>
[2026/09/11 10:27:30] =>
[2026/09/11 10:27:30] =>
[2026/09/11 10:27:30] 发送(hex): 03
[2026/09/11 10:27:30] 发送(hex): 0d
[2026/09/11 10:27:30] 发送(hex): 20
[2026/09/11 10:27:30] <INTERRUPT>
[2026/09/11 10:27:30] =>
[2026/09/11 10:27:30] =>
[2026/09/11 10:27:30] 发送(hex): 03
[2026/09/11 10:27:30] 发送(hex): 0d
[2026/09/11 10:27:30] 发送(hex): 20
[2026/09/11 10:27:30] <INTERRUPT>
[2026/09/11 10:27:30] =>
[2026/09/11 10:27:30] =>
[2026/09/11 10:27:30] 发送(hex): 03
[2026/09/11 10:27:30] 发送(hex): 0d
[2026/09/11 10:27:30] 发送(hex): 20
[2026/09/11 10:27:30] <INTERRUPT>
[2026/09/11 10:27:30] =>
[2026/09/11 10:27:30] =>
[2026/09/11 10:27:30] 发送(hex): 03
[2026/09/11 10:27:30] 发送(hex): 0d
[2026/09/11 10:27:30] 发送(hex): 20
[2026/09/11 10:27:30] <INTERRUPT>
[2026/09/11 10:27:30] =>
[2026/09/11 10:27:30] =>
[2026/09/11 10:27:30] 发送(hex): 03
[2026/09/11 10:27:30] 发送(hex): 0d
[2026/09/11 10:27:30] 发送(hex): 20
[2026/09/11 10:27:30] <INTERRUPT>
[2026/09/11 10:27:30] =>
[2026/09/11 10:27:30] =>
[2026/09/11 10:27:30] 发送(hex): 03
[2026/09/11 10:27:30] 发送(hex): 0d
[2026/09/11 10:27:30] 发送(hex): 20
[2026/09/11 10:27:30] <INTERRUPT>
[2026/09/11 10:27:30] =>
[2026/09/11 10:27:30] =>
[2026/09/11 10:27:30] 发送(hex): 03
[2026/09/11 10:27:30] 发送(hex): 0d
[2026/09/11 10:27:30] 发送(hex): 20
[2026/09/11 10:27:30] <INTERRUPT>
[2026/09/11 10:27:30] =>
[2026/09/11 10:27:30] =>
[2026/09/11 10:27:30] 发送(hex): 03
[2026/09/11 10:27:30] 发送(hex): 0d
[2026/09/11 10:27:30] 发送(hex): 20
[2026/09/11 10:27:30] <INTERRUPT>
[2026/09/11 10:27:30] =>
[2026/09/11 10:27:30] =>
[2026/09/11 10:27:30] 发送(hex): 03
[2026/09/11 10:27:30] 发送(hex): 0d
[2026/09/11 10:27:30] 发送(hex): 20
[2026/09/11 10:27:30] <INTERRUPT>
[2026/09/11 10:27:30] =>
[2026/09/11 10:27:30] =>
[2026/09/11 10:27:30] 发送(hex): 03
[2026/09/11 10:27:30] 发送(hex): 0d
[2026/09/11 10:27:30] 发送(hex): 20
[2026/09/11 10:27:30] <INTERRUPT>
[2026/09/11 10:27:30] =>
[2026/09/11 10:27:30] =>
[2026/09/11 10:27:30] 发送(hex): 03
[2026/09/11 10:27:30] 发送(hex): 0d
[2026/09/11 10:27:30] 发送(hex): 20
[2026/09/11 10:27:30] <INTERRUPT>
[2026/09/11 10:27:30] =>
[2026/09/11 10:27:30] =>
[2026/09/11 10:27:30] 发送(hex): 03
[2026/09/11 10:27:30] 发送(hex): 0d
[2026/09/11 10:27:31] 发送(hex): 20
[2026/09/11 10:27:31] <INTERRUPT>
[2026/09/11 10:27:31] =>
[2026/09/11 10:27:31] =>
[2026/09/11 10:27:31] 发送(hex): 03
[2026/09/11 10:27:31] 发送(hex): 0d
[2026/09/11 10:27:31] 发送(hex): 20
[2026/09/11 10:27:31] <INTERRUPT>
[2026/09/11 10:27:31] =>
[2026/09/11 10:27:31] =>
[2026/09/11 10:27:31] 发送(hex): 03
[2026/09/11 10:27:31] 发送(hex): 0d
[2026/09/11 10:27:31] 发送(hex): 20
[2026/09/11 10:27:31] <INTERRUPT>
[2026/09/11 10:27:31] =>
[2026/09/11 10:27:31] =>
[2026/09/11 10:27:31] 发送(hex): 03
[2026/09/11 10:27:31] 发送(hex): 0d
[2026/09/11 10:27:31] 发送(hex): 20
[2026/09/11 10:27:31] <INTERRUPT>
[2026/09/11 10:27:31] =>
[2026/09/11 10:27:31] =>
[2026/09/11 10:27:31] 发送(hex): 03
[2026/09/11 10:27:31] 发送(hex): 0d
[2026/09/11 10:27:31] 发送(hex): 20
[2026/09/11 10:27:31] <INTERRUPT>
[2026/09/11 10:27:31] =>
[2026/09/11 10:27:31] =>
[2026/09/11 10:27:31] 发送(hex): 03
[2026/09/11 10:27:31] 发送(hex): 0d
[2026/09/11 10:27:31] 发送(hex): 20
[2026/09/11 10:27:31] <INTERRUPT>
[2026/09/11 10:27:31] =>
[2026/09/11 10:27:31] =>
[2026/09/11 10:27:31] 发送(hex): 03
[2026/09/11 10:27:31] 发送(hex): 0d
[2026/09/11 10:27:31] 发送(hex): 20
[2026/09/11 10:27:31] <INTERRUPT>
[2026/09/11 10:27:31] =>
[2026/09/11 10:27:31] =>
[2026/09/11 10:27:31] 发送(hex): 03
[2026/09/11 10:27:31] 发送(hex): 0d
[2026/09/11 10:27:31] 发送(hex): 20
[2026/09/11 10:27:31] <INTERRUPT>
[2026/09/11 10:27:31] =>
[2026/09/11 10:27:31] =>
[2026/09/11 10:27:31] 发送(hex): 03
[2026/09/11 10:27:31] 发送(hex): 0d
[2026/09/11 10:27:31] 发送(hex): 20
[2026/09/11 10:27:31] <INTERRUPT>
[2026/09/11 10:27:31] =>
[2026/09/11 10:27:31] =>
[2026/09/11 10:27:31] 发送(hex): 03
[2026/09/11 10:27:31] 发送(hex): 0d
[2026/09/11 10:27:31] 发送(hex): 20
[2026/09/11 10:27:31] <INTERRUPT>
[2026/09/11 10:27:31] =>
[2026/09/11 10:27:31] =>
[2026/09/11 10:27:31] 发送(hex): 03
[2026/09/11 10:27:31] 发送(hex): 0d
[2026/09/11 10:27:31] 发送(hex): 20
[2026/09/11 10:27:31] <INTERRUPT>
[2026/09/11 10:27:31] =>
[2026/09/11 10:27:31] =>
[2026/09/11 10:27:31] 发送(hex): 03
[2026/09/11 10:27:31] 发送(hex): 0d
[2026/09/11 10:27:31] 发送(hex): 20
[2026/09/11 10:27:31] <INTERRUPT>
[2026/09/11 10:27:31] =>
[2026/09/11 10:27:31] =>
[2026/09/11 10:27:31] 发送(hex): 03
[2026/09/11 10:27:31] 发送(hex): 0d
[2026/09/11 10:27:31] 发送(hex): 20
[2026/09/11 10:27:31] <INTERRUPT>
[2026/09/11 10:27:31] =>
[2026/09/11 10:27:31] =>
[2026/09/11 10:27:31] 发送(hex): 03
[2026/09/11 10:27:31] 发送(hex): 0d
[2026/09/11 10:27:31] 发送(hex): 20
[2026/09/11 10:27:31] <INTERRUPT>
[2026/09/11 10:27:31] =>
[2026/09/11 10:27:31] =>
[2026/09/11 10:27:31] 发送(hex): 03
[2026/09/11 10:27:31] 发送(hex): 0d
[2026/09/11 10:27:31] 发送(hex): 20
[2026/09/11 10:27:31] <INTERRUPT>
[2026/09/11 10:27:31] =>
[2026/09/11 10:27:31] =>
[2026/09/11 10:27:31] 发送(hex): 03
[2026/09/11 10:27:31] 发送(hex): 0d
[2026/09/11 10:27:31] 发送(hex): 20
[2026/09/11 10:27:31] <INTERRUPT>
[2026/09/11 10:27:31] =>
[2026/09/11 10:27:31] =>
[2026/09/11 10:27:31] 发送(hex): 03
[2026/09/11 10:27:31] 发送(hex): 0d
[2026/09/11 10:27:31] 发送(hex): 20
[2026/09/11 10:27:31] <INTERRUPT>
[2026/09/11 10:27:31] =>
[2026/09/11 10:27:31] =>
[2026/09/11 10:27:31] 发送(hex): 03
[2026/09/11 10:27:31] 发送(hex): 0d
[2026/09/11 10:27:31] 发送(hex): 20
[2026/09/11 10:27:31] <INTERRUPT>
[2026/09/11 10:27:31] =>
[2026/09/11 10:27:31] =>
[2026/09/11 10:27:31] 发送(hex): 03
[2026/09/11 10:27:31] 发送(hex): 0d
[2026/09/11 10:27:31] 发送(hex): 20
[2026/09/11 10:27:31] <INTERRUPT>
[2026/09/11 10:27:31] =>
[2026/09/11 10:27:31] =>
[2026/09/11 10:27:31] 发送(hex): 03
[2026/09/11 10:27:31] 发送(hex): 0d
[2026/09/11 10:27:31] 发送(hex): 20
[2026/09/11 10:27:31] <INTERRUPT>
[2026/09/11 10:27:31] =>
[2026/09/11 10:27:31] =>
[2026/09/11 10:27:31] 发送(hex): 03
[2026/09/11 10:27:31] 发送(hex): 0d
[2026/09/11 10:27:31] 发送(hex): 20
[2026/09/11 10:27:31] <INTERRUPT>
[2026/09/11 10:27:31] =>
[2026/09/11 10:27:31] =>
[2026/09/11 10:27:31] 发送(hex): 03
[2026/09/11 10:27:31] 发送(hex): 0d
[2026/09/11 10:27:31] 发送(hex): 20
[2026/09/11 10:27:31] <INTERRUPT>
[2026/09/11 10:27:31] =>
[2026/09/11 10:27:31] =>
[2026/09/11 10:27:31] 发送(hex): 03
[2026/09/11 10:27:31] 发送(hex): 0d
[2026/09/11 10:27:31] 发送(hex): 20
[2026/09/11 10:27:31] <INTERRUPT>
[2026/09/11 10:27:31] =>
[2026/09/11 10:27:31] =>
[2026/09/11 10:27:31] 发送(hex): 03
[2026/09/11 10:27:31] 发送(hex): 0d
[2026/09/11 10:27:31] 发送(hex): 20
[2026/09/11 10:27:31] <INTERRUPT>
[2026/09/11 10:27:31] =>
[2026/09/11 10:27:31] =>
[2026/09/11 10:27:31] 发送(hex): 03
[2026/09/11 10:27:31] 发送(hex): 0d
[2026/09/11 10:27:31] 发送(hex): 20
[2026/09/11 10:27:31] <INTERRUPT>
[2026/09/11 10:27:31] =>
[2026/09/11 10:27:31] =>
[2026/09/11 10:27:31] 发送(hex): 03
[2026/09/11 10:27:31] 发送(hex): 0d
[2026/09/11 10:27:31] 发送(hex): 20
[2026/09/11 10:27:31] <INTERRUPT>
[2026/09/11 10:27:31] =>
[2026/09/11 10:27:31] =>
[2026/09/11 10:27:31] 发送(hex): 03
[2026/09/11 10:27:31] 发送(hex): 0d
[2026/09/11 10:27:31] 发送(hex): 20
[2026/09/11 10:27:31] <INTERRUPT>
[2026/09/11 10:27:31] =>
[2026/09/11 10:27:31] =>
[2026/09/11 10:27:31] 发送(hex): 03
[2026/09/11 10:27:31] 发送(hex): 0d
[2026/09/11 10:27:31] 发送(hex): 20
[2026/09/11 10:27:31] <INTERRUPT>
[2026/09/11 10:27:31] =>
[2026/09/11 10:27:31] =>
[2026/09/11 10:27:31] 发送(hex): 03
[2026/09/11 10:27:31] 发送(hex): 0d
[2026/09/11 10:27:31] 发送(hex): 20
[2026/09/11 10:27:31] <INTERRUPT>
[2026/09/11 10:27:31] =>
[2026/09/11 10:27:31] =>
[2026/09/11 10:27:31] 发送(hex): 03
[2026/09/11 10:27:31] 发送(hex): 0d
[2026/09/11 10:27:31] 发送(hex): 20
[2026/09/11 10:27:31] <INTERRUPT>
[2026/09/11 10:27:31] =>
[2026/09/11 10:27:31] =>
[2026/09/11 10:27:31] 发送(hex): 03
[2026/09/11 10:27:31] 发送(hex): 0d
[2026/09/11 10:27:31] 发送(hex): 20
[2026/09/11 10:27:31] <INTERRUPT>
[2026/09/11 10:27:31] =>
[2026/09/11 10:27:31] =>
[2026/09/11 10:27:31] 发送(hex): 03
[2026/09/11 10:27:31] 发送(hex): 0d
[2026/09/11 10:27:31] 发送(hex): 20
[2026/09/11 10:27:31] <INTERRUPT>
[2026/09/11 10:27:31] =>
[2026/09/11 10:27:31] =>
[2026/09/11 10:27:32] 发送(hex): 03
[2026/09/11 10:27:32] 发送(hex): 0d
[2026/09/11 10:27:32] 发送(hex): 20
[2026/09/11 10:27:32] <INTERRUPT>
[2026/09/11 10:27:32] =>
[2026/09/11 10:27:32] =>
[2026/09/11 10:27:32] 发送(hex): 03
[2026/09/11 10:27:32] 发送(hex): 0d
[2026/09/11 10:27:32] 发送(hex): 20
[2026/09/11 10:27:32] <INTERRUPT>
[2026/09/11 10:27:32] =>
[2026/09/11 10:27:32] =>
[2026/09/11 10:27:32] 发送(hex): 03
[2026/09/11 10:27:32] 发送(hex): 0d
[2026/09/11 10:27:32] 发送(hex): 20
[2026/09/11 10:27:32] <INTERRUPT>
[2026/09/11 10:27:32] =>
[2026/09/11 10:27:32] =>
[2026/09/11 10:27:32] 发送(hex): 03
[2026/09/11 10:27:32] 发送(hex): 0d
[2026/09/11 10:27:32] 发送(hex): 20
[2026/09/11 10:27:32] <INTERRUPT>
[2026/09/11 10:27:32] =>
[2026/09/11 10:27:32] =>
[2026/09/11 10:27:32] 发送(hex): 03
[2026/09/11 10:27:32] 发送(hex): 0d
[2026/09/11 10:27:32] 发送(hex): 20
[2026/09/11 10:27:32] <INTERRUPT>
[2026/09/11 10:27:32] =>
[2026/09/11 10:27:32] =>
[2026/09/11 10:27:32] 发送(hex): 03
[2026/09/11 10:27:32] 发送(hex): 0d
[2026/09/11 10:27:32] 发送(hex): 20
[2026/09/11 10:27:32] <INTERRUPT>
[2026/09/11 10:27:32] =>
[2026/09/11 10:27:32] =>
[2026/09/11 10:27:32] 发送(hex): 03
[2026/09/11 10:27:32] 发送(hex): 0d
[2026/09/11 10:27:32] 发送(hex): 20
[2026/09/11 10:27:32] <INTERRUPT>
[2026/09/11 10:27:32] =>
[2026/09/11 10:27:32] =>
[2026/09/11 10:27:32] 发送(hex): 03
[2026/09/11 10:27:32] 发送(hex): 0d
[2026/09/11 10:27:32] 发送(hex): 20
[2026/09/11 10:27:32] <INTERRUPT>
[2026/09/11 10:27:32] =>
[2026/09/11 10:27:32] =>
[2026/09/11 10:27:32] 发送(hex): 03
[2026/09/11 10:27:32] 发送(hex): 0d
[2026/09/11 10:27:32] <INTERRUPT>
[2026/09/11 10:27:32] =>
[2026/09/11 10:27:32] 发送(hex): 20
[2026/09/11 10:27:32] 发送(hex): 03
[2026/09/11 10:27:32] =>
[2026/09/11 10:27:32] 发送(hex): 0d
[2026/09/11 10:27:32] <INTERRUPT>
[2026/09/11 10:27:32] =>
[2026/09/11 10:27:32] 发送(hex): 20
[2026/09/11 10:27:32] 发送(hex): 03
[2026/09/11 10:27:32] =>
[2026/09/11 10:27:32] 发送(hex): 0d
[2026/09/11 10:27:32] <INTERRUPT>
[2026/09/11 10:27:32] =>
[2026/09/11 10:27:32] 发送(hex): 20
[2026/09/11 10:27:32] 发送(hex): 03
[2026/09/11 10:27:32] =>
[2026/09/11 10:27:32] 发送(hex): 0d
[2026/09/11 10:27:32] <INTERRUPT>
[2026/09/11 10:27:32] =>
[2026/09/11 10:27:32] 发送(hex): 20
[2026/09/11 10:27:32] 发送(hex): 03
[2026/09/11 10:27:32] =>
[2026/09/11 10:27:32] 发送(hex): 0d
[2026/09/11 10:27:32] <INTERRUPT>
[2026/09/11 10:27:32] =>
[2026/09/11 10:27:32] 发送(hex): 20
[2026/09/11 10:27:32] 发送(hex): 03
[2026/09/11 10:27:32] =>
[2026/09/11 10:27:32] 发送(hex): 0d
[2026/09/11 10:27:32] <INTERRUPT>
[2026/09/11 10:27:32] =>
[2026/09/11 10:27:32] 发送(hex): 20
[2026/09/11 10:27:32] 发送(hex): 03
[2026/09/11 10:27:32] =>
[2026/09/11 10:27:32] 发送(hex): 0d
[2026/09/11 10:27:32] <INTERRUPT>
[2026/09/11 10:27:32] =>
[2026/09/11 10:27:32] 发送(hex): 20
[2026/09/11 10:27:32] 发送(hex): 03
[2026/09/11 10:27:32] =>
[2026/09/11 10:27:32] 发送(hex): 0d
[2026/09/11 10:27:32] <INTERRUPT>
[2026/09/11 10:27:32] =>
[2026/09/11 10:27:32] 发送(hex): 20
[2026/09/11 10:27:32] 发送(hex): 03
[2026/09/11 10:27:32] =>
[2026/09/11 10:27:32] 发送(hex): 0d
[2026/09/11 10:27:32] <INTERRUPT>
[2026/09/11 10:27:32] =>
[2026/09/11 10:27:32] 发送(hex): 20
[2026/09/11 10:27:32] 发送(hex): 03
[2026/09/11 10:27:32] =>
[2026/09/11 10:27:32] 发送(hex): 0d
[2026/09/11 10:27:32] <INTERRUPT>
[2026/09/11 10:27:32] =>
[2026/09/11 10:27:32] 发送(hex): 20
[2026/09/11 10:27:32] 发送(hex): 03
[2026/09/11 10:27:32] =>
[2026/09/11 10:27:32] 发送(hex): 0d
[2026/09/11 10:27:32] <INTERRUPT>
[2026/09/11 10:27:32] =>
[2026/09/11 10:27:32] 发送(hex): 20
[2026/09/11 10:27:32] 发送(hex): 03
[2026/09/11 10:27:32] =>
[2026/09/11 10:27:32] 发送(hex): 0d
[2026/09/11 10:27:32] <INTERRUPT>
[2026/09/11 10:27:32] =>
[2026/09/11 10:27:32] 发送(hex): 20
[2026/09/11 10:27:32] 发送(hex): 03
[2026/09/11 10:27:32] =>
[2026/09/11 10:27:32] 发送(hex): 0d
[2026/09/11 10:27:32] <INTERRUPT>
[2026/09/11 10:27:32] =>
[2026/09/11 10:27:32] 发送(hex): 20
[2026/09/11 10:27:32] 发送(hex): 03
[2026/09/11 10:27:32] =>
[2026/09/11 10:27:32] 发送(hex): 0d
[2026/09/11 10:27:32] <INTERRUPT>
[2026/09/11 10:27:32] =>
[2026/09/11 10:27:32] 发送(hex): 20
[2026/09/11 10:27:32] 发送(hex): 03
[2026/09/11 10:27:32] =>
[2026/09/11 10:27:32] 发送(hex): 0d
[2026/09/11 10:27:32] <INTERRUPT>
[2026/09/11 10:27:32] =>
[2026/09/11 10:27:32] 发送(hex): 20
[2026/09/11 10:27:32] 发送(hex): 03
[2026/09/11 10:27:32] =>
[2026/09/11 10:27:32] 发送(hex): 0d
[2026/09/11 10:27:32] <INTERRUPT>
[2026/09/11 10:27:32] =>
[2026/09/11 10:27:32] 发送(hex): 20
[2026/09/11 10:27:32] 发送(hex): 03
[2026/09/11 10:27:32] =>
[2026/09/11 10:27:32] 发送(hex): 0d
[2026/09/11 10:27:32] <INTERRUPT>
[2026/09/11 10:27:32] =>
[2026/09/11 10:27:32] 发送(hex): 20
[2026/09/11 10:27:32] 发送(hex): 03
[2026/09/11 10:27:32] =>
[2026/09/11 10:27:32] 发送(hex): 0d
[2026/09/11 10:27:32] <INTERRUPT>
[2026/09/11 10:27:32] =>
[2026/09/11 10:27:32] 发送(hex): 20
[2026/09/11 10:27:32] 发送(hex): 03
[2026/09/11 10:27:32] =>
[2026/09/11 10:27:32] 发送(hex): 0d
[2026/09/11 10:27:32] <INTERRUPT>
[2026/09/11 10:27:32] =>
[2026/09/11 10:27:32] 发送(hex): 20
[2026/09/11 10:27:32] 发送(hex): 03
[2026/09/11 10:27:32] =>
[2026/09/11 10:27:32] 发送(hex): 0d
[2026/09/11 10:27:32] <INTERRUPT>
[2026/09/11 10:27:32] =>
[2026/09/11 10:27:32] 发送(hex): 20
[2026/09/11 10:27:32] 发送(hex): 03
[2026/09/11 10:27:32] =>
[2026/09/11 10:27:32] 发送(hex): 0d
[2026/09/11 10:27:32] <INTERRUPT>
[2026/09/11 10:27:32] =>
[2026/09/11 10:27:32] 发送(hex): 20
[2026/09/11 10:27:32] 发送(hex): 03
[2026/09/11 10:27:32] =>
[2026/09/11 10:27:32] 发送(hex): 0d
[2026/09/11 10:27:32] <INTERRUPT>
[2026/09/11 10:27:32] =>
[2026/09/11 10:27:32] 发送(hex): 20
[2026/09/11 10:27:32] 发送(hex): 03
[2026/09/11 10:27:32] =>
[2026/09/11 10:27:32] 发送(hex): 0d
[2026/09/11 10:27:32] <INTERRUPT>
[2026/09/11 10:27:32] =>
[2026/09/11 10:27:33] 发送(hex): 20
[2026/09/11 10:27:33] 发送(hex): 03
[2026/09/11 10:27:33] =>
[2026/09/11 10:27:33] 发送(hex): 0d
[2026/09/11 10:27:33] <INTERRUPT>
[2026/09/11 10:27:33] =>
[2026/09/11 10:27:33] 发送(hex): 20
[2026/09/11 10:27:33] 发送(hex): 03
[2026/09/11 10:27:33] =>
[2026/09/11 10:27:33] 发送(hex): 0d
[2026/09/11 10:27:33] <INTERRUPT>
[2026/09/11 10:27:33] =>
[2026/09/11 10:27:33] 发送(hex): 20
[2026/09/11 10:27:33] 发送(hex): 03
[2026/09/11 10:27:33] =>
[2026/09/11 10:27:33] 发送(hex): 0d
[2026/09/11 10:27:33] <INTERRUPT>
[2026/09/11 10:27:33] =>
[2026/09/11 10:27:33] 发送(hex): 20
[2026/09/11 10:27:33] 发送(hex): 03
[2026/09/11 10:27:33] =>
[2026/09/11 10:27:33] 发送(hex): 0d
[2026/09/11 10:27:33] <INTERRUPT>
[2026/09/11 10:27:33] =>
[2026/09/11 10:27:33] 发送(hex): 20
[2026/09/11 10:27:33] 发送(hex): 03
[2026/09/11 10:27:33] =>
[2026/09/11 10:27:33] 发送(hex): 0d
[2026/09/11 10:27:33] <INTERRUPT>
[2026/09/11 10:27:33] =>
[2026/09/11 10:27:33] 发送(hex): 20
[2026/09/11 10:27:33] 发送(hex): 03
[2026/09/11 10:27:33] =>
[2026/09/11 10:27:33] 发送(hex): 0d
[2026/09/11 10:27:33] <INTERRUPT>
[2026/09/11 10:27:33] =>
[2026/09/11 10:27:33] 发送(hex): 20
[2026/09/11 10:27:33] 发送(hex): 03
[2026/09/11 10:27:33] =>
[2026/09/11 10:27:33] 发送(hex): 0d
[2026/09/11 10:27:33] <INTERRUPT>
[2026/09/11 10:27:33] =>
[2026/09/11 10:27:33] 发送(hex): 20
[2026/09/11 10:27:33] 发送(hex): 03
[2026/09/11 10:27:33] =>
[2026/09/11 10:27:33] 发送(hex): 0d
[2026/09/11 10:27:33] <INTERRUPT>
[2026/09/11 10:27:33] =>
[2026/09/11 10:27:33] 发送(hex): 20
[2026/09/11 10:27:33] 发送(hex): 03
[2026/09/11 10:27:33] =>
[2026/09/11 10:27:33] 发送(hex): 0d
[2026/09/11 10:27:33] <INTERRUPT>
[2026/09/11 10:27:33] =>
[2026/09/11 10:27:33] 发送(hex): 20
[2026/09/11 10:27:33] 发送(hex): 03
[2026/09/11 10:27:33] =>
[2026/09/11 10:27:33] 发送(hex): 0d
[2026/09/11 10:27:33] <INTERRUPT>
[2026/09/11 10:27:33] =>
[2026/09/11 10:27:33] 发送(hex): 20
[2026/09/11 10:27:33] 发送(hex): 03
[2026/09/11 10:27:33] =>
[2026/09/11 10:27:33] 发送(hex): 0d
[2026/09/11 10:27:33] <INTERRUPT>
[2026/09/11 10:27:33] =>
[2026/09/11 10:27:33] 发送(hex): 20
[2026/09/11 10:27:33] 发送(hex): 03
[2026/09/11 10:27:33] =>
[2026/09/11 10:27:33] 发送(hex): 0d
[2026/09/11 10:27:33] <INTERRUPT>
[2026/09/11 10:27:33] =>
[2026/09/11 10:27:33] 发送(hex): 20
[2026/09/11 10:27:33] 发送(hex): 03
[2026/09/11 10:27:33] =>
[2026/09/11 10:27:33] 发送(hex): 0d
[2026/09/11 10:27:33] <INTERRUPT>
[2026/09/11 10:27:33] =>
[2026/09/11 10:27:33] 发送(hex): 20
[2026/09/11 10:27:33] 发送(hex): 03
[2026/09/11 10:27:33] =>
[2026/09/11 10:27:33] 发送(hex): 0d
[2026/09/11 10:27:33] <INTERRUPT>
[2026/09/11 10:27:33] =>
[2026/09/11 10:27:33] 发送(hex): 20
[2026/09/11 10:27:33] 发送(hex): 03
[2026/09/11 10:27:33] =>
[2026/09/11 10:27:33] 发送(hex): 0d
[2026/09/11 10:27:33] <INTERRUPT>
[2026/09/11 10:27:33] =>
[2026/09/11 10:27:33] 发送(hex): 20
[2026/09/11 10:27:33] 发送(hex): 03
[2026/09/11 10:27:33] =>
[2026/09/11 10:27:33] 发送(hex): 0d
[2026/09/11 10:27:33] <INTERRUPT>
[2026/09/11 10:27:33] =>
[2026/09/11 10:27:33] 发送(hex): 20
[2026/09/11 10:27:33] 发送(hex): 03
[2026/09/11 10:27:33] =>
[2026/09/11 10:27:33] 发送(hex): 0d
[2026/09/11 10:27:33] 发送(hex): 20
[2026/09/11 10:27:33] <INTERRUPT>
[2026/09/11 10:27:33] =>
[2026/09/11 10:27:33] 发送(hex): 03
[2026/09/11 10:27:33] =>
[2026/09/11 10:27:33] 发送(hex): 0d
[2026/09/11 10:27:33] 发送(hex): 20
[2026/09/11 10:27:33] <INTERRUPT>
[2026/09/11 10:27:33] =>
[2026/09/11 10:27:33] =>
[2026/09/11 10:27:33] 发送(hex): 03
[2026/09/11 10:27:33] 发送(hex): 0d
[2026/09/11 10:27:33] 发送(hex): 20
[2026/09/11 10:27:33] <INTERRUPT>
[2026/09/11 10:27:33] =>
[2026/09/11 10:27:33] 发送(hex): 03
[2026/09/11 10:27:33] =>
[2026/09/11 10:27:33] 发送(hex): 0d
[2026/09/11 10:27:33] 发送(hex): 20
[2026/09/11 10:27:33] <INTERRUPT>
[2026/09/11 10:27:33] =>
[2026/09/11 10:27:33] =
[2026/09/11 10:27:33] 发送(hex): 03
[2026/09/11 10:27:33] >
[2026/09/11 10:27:33] 发送(hex): 0d
[2026/09/11 10:27:33] 发送(hex): 20
[2026/09/11 10:27:33] <INTERRUPT>
[2026/09/11 10:27:33] =>
[2026/09/11 10:27:33] 发送(hex): 03
[2026/09/11 10:27:33] =>
[2026/09/11 10:27:33] 发送(hex): 0d
[2026/09/11 10:27:33] 发送(hex): 20
[2026/09/11 10:27:33] <INTERRUPT>
[2026/09/11 10:27:33] =>
[2026/09/11 10:27:33] =>
[2026/09/11 10:27:33] 发送(hex): 03
[2026/09/11 10:27:33] 发送(hex): 0d
[2026/09/11 10:27:33] 发送(hex): 20
[2026/09/11 10:27:33] <INTERRUPT>
[2026/09/11 10:27:33] =>
[2026/09/11 10:27:33] =>
[2026/09/11 10:27:33] 发送(hex): 03
[2026/09/11 10:27:33] 发送(hex): 0d
[2026/09/11 10:27:33] 发送(hex): 20
[2026/09/11 10:27:33] <INTERRUPT>
[2026/09/11 10:27:33] =>
[2026/09/11 10:27:33] =>
[2026/09/11 10:27:33] 发送(hex): 03
[2026/09/11 10:27:33] 发送(hex): 0d
[2026/09/11 10:27:33] 发送(hex): 20
[2026/09/11 10:27:33] <INTERRUPT>
[2026/09/11 10:27:33] =>
[2026/09/11 10:27:33] =>
[2026/09/11 10:27:33] 发送(hex): 03
[2026/09/11 10:27:33] 发送(hex): 0d
[2026/09/11 10:27:33] 发送(hex): 20
[2026/09/11 10:27:33] <INTERRUPT>
[2026/09/11 10:27:33] =>
[2026/09/11 10:27:33] =>
[2026/09/11 10:27:33] 发送(hex): 03
[2026/09/11 10:27:33] 发送(hex): 0d
[2026/09/11 10:27:33] 发送(hex): 20
[2026/09/11 10:27:33] <INTERRUPT>
[2026/09/11 10:27:33] =>
[2026/09/11 10:27:33] =>
[2026/09/11 10:27:33] 发送(hex): 03
[2026/09/11 10:27:33] 发送(hex): 0d
[2026/09/11 10:27:33] 发送(hex): 20
[2026/09/11 10:27:33] <INTERRUPT>
[2026/09/11 10:27:33] =>
[2026/09/11 10:27:33] =>
[2026/09/11 10:27:33] 发送(hex): 03
[2026/09/11 10:27:33] 发送(hex): 0d
[2026/09/11 10:27:33] 发送(hex): 20
[2026/09/11 10:27:33] <INTERRUPT>
[2026/09/11 10:27:33] =>
[2026/09/11 10:27:33] =>
[2026/09/11 10:27:33] 发送(hex): 03
[2026/09/11 10:27:33] 发送(hex): 0d
[2026/09/11 10:27:33] 发送(hex): 20
[2026/09/11 10:27:33] <INTERRUPT>
[2026/09/11 10:27:33] =>
[2026/09/11 10:27:33] =>
[2026/09/11 10:27:33] 发送(hex): 03
[2026/09/11 10:27:33] 发送(hex): 0d
[2026/09/11 10:27:33] 发送(hex): 20
[2026/09/11 10:27:33] <INTERRUPT>
[2026/09/11 10:27:33] =>
[2026/09/11 10:27:33] =>
[2026/09/11 10:27:34] 发送(hex): 03
[2026/09/11 10:27:34] 发送(hex): 0d
[2026/09/11 10:27:34] 发送(hex): 20
[2026/09/11 10:27:34] <INTERRUPT>
[2026/09/11 10:27:34] =>
[2026/09/11 10:27:34] =>
[2026/09/11 10:27:34] 发送(hex): 03
[2026/09/11 10:27:34] 发送(hex): 0d
[2026/09/11 10:27:34] 发送(hex): 20
[2026/09/11 10:27:34] <INTERRUPT>
[2026/09/11 10:27:34] =>
[2026/09/11 10:27:34] =>
[2026/09/11 10:27:34] 发送(hex): 03
[2026/09/11 10:27:34] 发送(hex): 0d
[2026/09/11 10:27:34] 发送(hex): 20
[2026/09/11 10:27:34] <INTERRUPT>
[2026/09/11 10:27:34] =>
[2026/09/11 10:27:34] =>
[2026/09/11 10:27:34] 发送(hex): 03
[2026/09/11 10:27:34] 发送(hex): 0d
[2026/09/11 10:27:34] 发送(hex): 20
[2026/09/11 10:27:34] <INTERRUPT>
[2026/09/11 10:27:34] =>
[2026/09/11 10:27:34] =>
[2026/09/11 10:27:34] 发送(hex): 03
[2026/09/11 10:27:34] 发送(hex): 0d
[2026/09/11 10:27:34] <I
[2026/09/11 10:27:34] 发送(hex): 20
[2026/09/11 10:27:34] NTERRUPT>
[2026/09/11 10:27:34] =>
[2026/09/11 10:27:34] =>
[2026/09/11 10:27:34] 发送(hex): 03
[2026/09/11 10:27:34] 发送(hex): 0d
[2026/09/11 10:27:34] 发送(hex): 20
[2026/09/11 10:27:34] <INTERRUPT>
[2026/09/11 10:27:34] =>
[2026/09/11 10:27:34] =>
[2026/09/11 10:27:34] 发送(hex): 03
[2026/09/11 10:27:34] 发送(hex): 0d
[2026/09/11 10:27:34] <IN
[2026/09/11 10:27:34] 发送(hex): 20
[2026/09/11 10:27:34] TERRUPT>
[2026/09/11 10:27:34] =>
[2026/09/11 10:27:34] =>
[2026/09/11 10:27:34] 发送(hex): 03
[2026/09/11 10:27:34] 发送(hex): 0d
[2026/09/11 10:27:34] <INT
[2026/09/11 10:27:34] 发送(hex): 20
[2026/09/11 10:27:34] ERRUPT>
[2026/09/11 10:27:34] =>
[2026/09/11 10:27:34] =>
[2026/09/11 10:27:34] 发送(hex): 03
[2026/09/11 10:27:34] 发送(hex): 0d
[2026/09/11 10:27:34] 发送(hex): 20
[2026/09/11 10:27:34] <INTERRUPT>
[2026/09/11 10:27:34] =>
[2026/09/11 10:27:34] =>
[2026/09/11 10:27:34] 发送(hex): 03
[2026/09/11 10:27:34] 发送(hex): 0d
[2026/09/11 10:27:34] <INT
[2026/09/11 10:27:34] 发送(hex): 20
[2026/09/11 10:27:34] ERRUPT>
[2026/09/11 10:27:34] =>
[2026/09/11 10:27:34] =>
[2026/09/11 10:27:34] 发送(hex): 03
[2026/09/11 10:27:34] 发送(hex): 0d
[2026/09/11 10:27:34] <INTERRUP
[2026/09/11 10:27:34] 发送(hex): 20
[2026/09/11 10:27:34] T>
[2026/09/11 10:27:34] =>
[2026/09/11 10:27:34] =>
[2026/09/11 10:27:34] 发送(hex): 03
[2026/09/11 10:27:34] 发送(hex): 0d
[2026/09/11 10:27:34] <INTERR
[2026/09/11 10:27:34] 发送(hex): 20
[2026/09/11 10:27:34] UPT>
[2026/09/11 10:27:34] =>
[2026/09/11 10:27:34] =>
[2026/09/11 10:27:34] 发送(hex): 03
[2026/09/11 10:27:34] 发送(hex): 0d
[2026/09/11 10:27:34] <INTERRUP
[2026/09/11 10:27:34] 发送(hex): 20
[2026/09/11 10:27:34] T>
[2026/09/11 10:27:34] =>
[2026/09/11 10:27:34] =>
[2026/09/11 10:27:34] 发送(hex): 03
[2026/09/11 10:27:34] 发送(hex): 0d
[2026/09/11 10:27:34] <INTERRUPT
[2026/09/11 10:27:34] 发送(hex): 20
[2026/09/11 10:27:34] >
[2026/09/11 10:27:34] =>
[2026/09/11 10:27:34] =>
[2026/09/11 10:27:34] 发送(hex): 03
[2026/09/11 10:27:34] 发送(hex): 0d
[2026/09/11 10:27:34] <INTERRUP
[2026/09/11 10:27:34] 发送(hex): 20
[2026/09/11 10:27:34] T>
[2026/09/11 10:27:34] =>
[2026/09/11 10:27:34] =>
[2026/09/11 10:27:34] 发送(hex): 03
[2026/09/11 10:27:34] 发送(hex): 0d
[2026/09/11 10:27:34] <INTERRUPT>
[2026/09/11 10:27:34] =>
[2026/09/11 10:27:34] 发送(hex): 20
[2026/09/11 10:27:34] =>
[2026/09/11 10:27:34] 发送(hex): 03
[2026/09/11 10:27:34] 发送(hex): 0d
[2026/09/11 10:27:34] <INTERRUPT>
[2026/09/11 10:27:34] =>
[2026/09/11 10:27:34] 发送(hex): 20
[2026/09/11 10:27:34] =>
[2026/09/11 10:27:34] 发送(hex): 03
[2026/09/11 10:27:34] 发送(hex): 0d
[2026/09/11 10:27:34] <INTERRUPT>
[2026/09/11 10:27:34] =>
[2026/09/11 10:27:34] 发送(hex): 20
[2026/09/11 10:27:34] =>
[2026/09/11 10:27:34] 发送(hex): 03
[2026/09/11 10:27:34] 发送(hex): 0d
[2026/09/11 10:27:34] <INTERRUPT>
[2026/09/11 10:27:34] =>
[2026/09/11 10:27:34] 发送(hex): 20
[2026/09/11 10:27:34] =>
[2026/09/11 10:27:34] 发送(hex): 03
[2026/09/11 10:27:34] 发送(hex): 0d
[2026/09/11 10:27:34] <INTERRUPT>
[2026/09/11 10:27:34] =>
[2026/09/11 10:27:34] 发送(hex): 20
[2026/09/11 10:27:34] =>
[2026/09/11 10:27:34] 发送(hex): 03
[2026/09/11 10:27:34] 发送(hex): 0d
[2026/09/11 10:27:34] <INTERRUPT>
[2026/09/11 10:27:34] =>
[2026/09/11 10:27:34] 发送(hex): 20
[2026/09/11 10:27:34] =>
[2026/09/11 10:27:34] 发送(hex): 03
[2026/09/11 10:27:34] 发送(hex): 0d
[2026/09/11 10:27:34] <INTERRUPT>
[2026/09/11 10:27:34] =>
[2026/09/11 10:27:34] 发送(hex): 20
[2026/09/11 10:27:34] =>
[2026/09/11 10:27:34] 发送(hex): 03
[2026/09/11 10:27:34] 发送(hex): 0d
[2026/09/11 10:27:34] <INTERRUPT>
[2026/09/11 10:27:34] =>
[2026/09/11 10:27:34] 发送(hex): 20
[2026/09/11 10:27:34] =>
[2026/09/11 10:27:34] 发送(hex): 03
[2026/09/11 10:27:34] 发送(hex): 0d
[2026/09/11 10:27:34] <INTERRUPT>
[2026/09/11 10:27:34] =>
[2026/09/11 10:27:34] 发送(hex): 20
[2026/09/11 10:27:34] =>
[2026/09/11 10:27:34] 发送(hex): 03
[2026/09/11 10:27:34] 发送(hex): 0d
[2026/09/11 10:27:34] <INTERRUPT>
[2026/09/11 10:27:34] =>
[2026/09/11 10:27:34] 发送(hex): 20
[2026/09/11 10:27:34] =>
[2026/09/11 10:27:34] 发送(hex): 03
[2026/09/11 10:27:34] 发送(hex): 0d
[2026/09/11 10:27:34] <INTERRUPT>
[2026/09/11 10:27:34] =>
[2026/09/11 10:27:34] 发送(hex): 20
[2026/09/11 10:27:34] =>
[2026/09/11 10:27:34] 发送(hex): 03
[2026/09/11 10:27:34] 发送(hex): 0d
[2026/09/11 10:27:34] <INTERRUPT>
[2026/09/11 10:27:34] =>
[2026/09/11 10:27:34] 发送(hex): 20
[2026/09/11 10:27:34] =>
[2026/09/11 10:27:34] 发送(hex): 03
[2026/09/11 10:27:34] 发送(hex): 0d
[2026/09/11 10:27:34] <INTERRUPT>
[2026/09/11 10:27:34] =>
[2026/09/11 10:27:34] 发送(hex): 20
[2026/09/11 10:27:34] 发送(hex): 03
[2026/09/11 10:27:34] =>
[2026/09/11 10:27:34] 发送(hex): 0d
[2026/09/11 10:27:34] <INTERRUPT>
[2026/09/11 10:27:34] =>
[2026/09/11 10:27:34] 发送(hex): 20
[2026/09/11 10:27:34] =>
[2026/09/11 10:27:34] 发送(hex): 03
[2026/09/11 10:27:34] 发送(hex): 0d
[2026/09/11 10:27:34] <INTERRUPT>
[2026/09/11 10:27:34] =>
[2026/09/11 10:27:34] 发送(hex): 20
[2026/09/11 10:27:34] 发送(hex): 03
[2026/09/11 10:27:34] =>
[2026/09/11 10:27:34] 发送(hex): 0d
[2026/09/11 10:27:34] <INTERRUPT>
[2026/09/11 10:27:34] =>
[2026/09/11 10:27:34] 发送(hex): 20
[2026/09/11 10:27:34] =>
[2026/09/11 10:27:34] 发送(hex): 03
[2026/09/11 10:27:34] 发送(hex): 0d
[2026/09/11 10:27:34] <INTERRUPT>
[2026/09/11 10:27:34] =>
[2026/09/11 10:27:35] 发送(hex): 20
[2026/09/11 10:27:35] =>
[2026/09/11 10:27:35] 发送(hex): 03
[2026/09/11 10:27:35] 发送(hex): 0d
[2026/09/11 10:27:35] <INTERRUPT>
[2026/09/11 10:27:35] =>
[2026/09/11 10:27:35] 发送(hex): 20
[2026/09/11 10:27:35] =>
[2026/09/11 10:27:35] 发送(hex): 03
[2026/09/11 10:27:35] 发送(hex): 0d
[2026/09/11 10:27:35] <INTERRUPT>
[2026/09/11 10:27:35] =>
[2026/09/11 10:27:35] 发送(hex): 20
[2026/09/11 10:27:35] =>
[2026/09/11 10:27:35] 发送(hex): 03
[2026/09/11 10:27:35] 发送(hex): 0d
[2026/09/11 10:27:35] 发送(hex): 20
[2026/09/11 10:27:35] <INTERRUPT>
[2026/09/11 10:27:35] =>
[2026/09/11 10:27:35] =>
[2026/09/11 10:27:35] 发送(hex): 03
[2026/09/11 10:27:35] 发送(hex): 0d
[2026/09/11 10:27:35] 发送(hex): 20
[2026/09/11 10:27:35] <INTERRUPT>
[2026/09/11 10:27:35] =>
[2026/09/11 10:27:35] =>
[2026/09/11 10:27:35] 发送(hex): 03
[2026/09/11 10:27:35] 发送(hex): 0d
[2026/09/11 10:27:35] 发送(hex): 20
[2026/09/11 10:27:35] <INTERRUPT>
[2026/09/11 10:27:35] =>
[2026/09/11 10:27:35] =>
[2026/09/11 10:27:35] 发送(hex): 03
[2026/09/11 10:27:35] 发送(hex): 0d
[2026/09/11 10:27:35] 发送(hex): 20
[2026/09/11 10:27:35] <INTERRUPT>
[2026/09/11 10:27:35] =>
[2026/09/11 10:27:35] =>
[2026/09/11 10:27:35] 发送(hex): 03
[2026/09/11 10:27:35] 发送(hex): 0d
[2026/09/11 10:27:35] 发送(hex): 20
[2026/09/11 10:27:35] <INTERRUPT>
[2026/09/11 10:27:35] =>
[2026/09/11 10:27:35] =>
[2026/09/11 10:27:35] 发送(hex): 03
[2026/09/11 10:27:35] 发送(hex): 0d
[2026/09/11 10:27:35] 发送(hex): 20
[2026/09/11 10:27:35] <INTERRUPT>
[2026/09/11 10:27:35] =>
[2026/09/11 10:27:35] =>
[2026/09/11 10:27:35] 发送(hex): 03
[2026/09/11 10:27:35] 发送(hex): 0d
[2026/09/11 10:27:35] 发送(hex): 20
[2026/09/11 10:27:35] <INTERRUPT>
[2026/09/11 10:27:35] =>
[2026/09/11 10:27:35] =>
[2026/09/11 10:27:35] 发送(hex): 03
[2026/09/11 10:27:35] 发送(hex): 0d
[2026/09/11 10:27:35] 发送(hex): 20
[2026/09/11 10:27:35] <INTERRUPT>
[2026/09/11 10:27:35] =>
[2026/09/11 10:27:35] =>
[2026/09/11 10:27:35] 发送(hex): 03
[2026/09/11 10:27:35] 发送(hex): 0d
[2026/09/11 10:27:35] 发送(hex): 20
[2026/09/11 10:27:35] <INTERRUPT>
[2026/09/11 10:27:35] =>
[2026/09/11 10:27:35] =>
[2026/09/11 10:27:35] 发送(hex): 03
[2026/09/11 10:27:35] 发送(hex): 0d
[2026/09/11 10:27:35] 发送(hex): 20
[2026/09/11 10:27:35] <INTERRUPT>
[2026/09/11 10:27:35] =>
[2026/09/11 10:27:35] =>
[2026/09/11 10:27:35] 发送(hex): 03
[2026/09/11 10:27:35] 发送(hex): 0d
[2026/09/11 10:27:35] 发送(hex): 20
[2026/09/11 10:27:35] <INTERRUPT>
[2026/09/11 10:27:35] =>
[2026/09/11 10:27:35] =>
[2026/09/11 10:27:35] 发送(hex): 03
[2026/09/11 10:27:35] 发送(hex): 0d
[2026/09/11 10:27:35] 发送(hex): 20
[2026/09/11 10:27:35] <INTERRUPT>
[2026/09/11 10:27:35] =>
[2026/09/11 10:27:35] =>
[2026/09/11 10:27:35] 发送(hex): 03
[2026/09/11 10:27:35] 发送(hex): 0d
[2026/09/11 10:27:35] <
[2026/09/11 10:27:35] 发送(hex): 20
[2026/09/11 10:27:35] INTERRUPT>
[2026/09/11 10:27:35] =>
[2026/09/11 10:27:35] =>
[2026/09/11 10:27:35] 发送(hex): 03
[2026/09/11 10:27:35] 发送(hex): 0d
[2026/09/11 10:27:35] <IN
[2026/09/11 10:27:35] 发送(hex): 20
[2026/09/11 10:27:35] TERRUPT>
[2026/09/11 10:27:35] =>
[2026/09/11 10:27:35] =>
[2026/09/11 10:27:35] 发送(hex): 03
[2026/09/11 10:27:35] 发送(hex): 0d
[2026/09/11 10:27:35] <INTER
[2026/09/11 10:27:35] 发送(hex): 20
[2026/09/11 10:27:35] RUPT>
[2026/09/11 10:27:35] =>
[2026/09/11 10:27:35] =>
[2026/09/11 10:27:35] 发送(hex): 03
[2026/09/11 10:27:35] 发送(hex): 0d
[2026/09/11 10:27:35] <INTERRUPT>
[2026/09/11 10:27:35] 发送(hex): 20
[2026/09/11 10:27:35] =>
[2026/09/11 10:27:35] =>
[2026/09/11 10:27:35] 发送(hex): 03
[2026/09/11 10:27:35] 发送(hex): 0d
[2026/09/11 10:27:35] <INTERRUPT>
[2026/09/11 10:27:35] =>
[2026/09/11 10:27:35] 发送(hex): 20
[2026/09/11 10:27:35] =>
[2026/09/11 10:27:35] 发送(hex): 03
[2026/09/11 10:27:35] 发送(hex): 0d
[2026/09/11 10:27:35] <INTERRUPT>
[2026/09/11 10:27:35] =>
[2026/09/11 10:27:35] 发送(hex): 20
[2026/09/11 10:27:35] =>
[2026/09/11 10:27:35] 发送(hex): 03
[2026/09/11 10:27:35] 发送(hex): 0d
[2026/09/11 10:27:35] <INTERRUPT>
[2026/09/11 10:27:35] =>
[2026/09/11 10:27:35] 发送(hex): 20
[2026/09/11 10:27:35] =>
[2026/09/11 10:27:35] 发送(hex): 03
[2026/09/11 10:27:35] 发送(hex): 0d
[2026/09/11 10:27:35] <INTERRUPT>
[2026/09/11 10:27:35] =>
[2026/09/11 10:27:35] 发送(hex): 20
[2026/09/11 10:27:35] =>
[2026/09/11 10:27:35] 发送(hex): 03
[2026/09/11 10:27:35] 发送(hex): 0d
[2026/09/11 10:27:35] <INTERRUPT>
[2026/09/11 10:27:35] =>
[2026/09/11 10:27:35] 发送(hex): 20
[2026/09/11 10:27:35] =>
[2026/09/11 10:27:35] 发送(hex): 03
[2026/09/11 10:27:35] 发送(hex): 0d
[2026/09/11 10:27:35] <INTERRUPT>
[2026/09/11 10:27:35] =>
[2026/09/11 10:27:35] 发送(hex): 20
[2026/09/11 10:27:35] =>
[2026/09/11 10:27:35] 发送(hex): 03
[2026/09/11 10:27:35] 发送(hex): 0d
[2026/09/11 10:27:35] <INTERRUPT>
[2026/09/11 10:27:35] =>
[2026/09/11 10:27:35] 发送(hex): 20
[2026/09/11 10:27:35] =>
[2026/09/11 10:27:35] 发送(hex): 03
[2026/09/11 10:27:35] 发送(hex): 0d
[2026/09/11 10:27:35] <INTERRUPT>
[2026/09/11 10:27:35] =>
[2026/09/11 10:27:35] 发送(hex): 20
[2026/09/11 10:27:35] =>
[2026/09/11 10:27:35] 发送(hex): 03
[2026/09/11 10:27:35] 发送(hex): 0d
[2026/09/11 10:27:35] <INTERRUPT>
[2026/09/11 10:27:35] =>
[2026/09/11 10:27:35] 发送(hex): 20
[2026/09/11 10:27:35] =>
[2026/09/11 10:27:35] 发送(hex): 03
[2026/09/11 10:27:35] 发送(hex): 0d
[2026/09/11 10:27:35] <INTERRUPT>
[2026/09/11 10:27:35] =>
[2026/09/11 10:27:35] 发送(hex): 20
[2026/09/11 10:27:35] =>
[2026/09/11 10:27:35] 发送(hex): 03
[2026/09/11 10:27:35] 发送(hex): 0d
[2026/09/11 10:27:35] <INTERRUPT>
[2026/09/11 10:27:35] =>
[2026/09/11 10:27:35] 发送(hex): 20
[2026/09/11 10:27:35] =>
[2026/09/11 10:27:35] 发送(hex): 03
[2026/09/11 10:27:35] 发送(hex): 0d
[2026/09/11 10:27:35] <INTERRUPT>
[2026/09/11 10:27:35] =>
[2026/09/11 10:27:35] 发送(hex): 20
[2026/09/11 10:27:35] =>
[2026/09/11 10:27:35] 发送(hex): 03
[2026/09/11 10:27:35] 发送(hex): 0d
[2026/09/11 10:27:35] <INTERRUPT>
[2026/09/11 10:27:35] =>
[2026/09/11 10:27:36] 发送(hex): 20
[2026/09/11 10:27:36] =>
[2026/09/11 10:27:36] 发送(hex): 03
[2026/09/11 10:27:36] 发送(hex): 0d
[2026/09/11 10:27:36] <INTERRUPT>
[2026/09/11 10:27:36] =>
[2026/09/11 10:27:36] 发送(hex): 20
[2026/09/11 10:27:36] =>
[2026/09/11 10:27:36] 发送(hex): 03
[2026/09/11 10:27:36] 发送(hex): 0d
[2026/09/11 10:27:36] <INTERRUPT>
[2026/09/11 10:27:36] =>
[2026/09/11 10:27:36] 发送(hex): 20
[2026/09/11 10:27:36] =>
[2026/09/11 10:27:36] 发送(hex): 03
[2026/09/11 10:27:36] 发送(hex): 0d
[2026/09/11 10:27:36] <INTERRUPT>
[2026/09/11 10:27:36] =>
[2026/09/11 10:27:36] 发送(hex): 20
[2026/09/11 10:27:36] 发送(hex): 03
[2026/09/11 10:27:36] =>
[2026/09/11 10:27:36] 发送(hex): 0d
[2026/09/11 10:27:36] <INTERRUPT>
[2026/09/11 10:27:36] =>
[2026/09/11 10:27:36] 发送(hex): 20
[2026/09/11 10:27:36] 发送(hex): 03
[2026/09/11 10:27:36] =>
[2026/09/11 10:27:36] 发送(hex): 0d
[2026/09/11 10:27:36] <INTERRUPT>
[2026/09/11 10:27:36] =>
[2026/09/11 10:27:36] 发送(hex): 20
[2026/09/11 10:27:36] 发送(hex): 03
[2026/09/11 10:27:36] =>
[2026/09/11 10:27:36] 发送(hex): 0d
[2026/09/11 10:27:36] <INTERRUPT>
[2026/09/11 10:27:36] =>
[2026/09/11 10:27:36] 发送(hex): 20
[2026/09/11 10:27:36] =>
[2026/09/11 10:27:36] 发送(hex): 03
[2026/09/11 10:27:36] 发送(hex): 0d
[2026/09/11 10:27:36] <INTERRUPT>
[2026/09/11 10:27:36] =>
[2026/09/11 10:27:36] 发送(hex): 20
[2026/09/11 10:27:36] 发送(hex): 03
[2026/09/11 10:27:36] =>
[2026/09/11 10:27:36] 发送(hex): 0d
[2026/09/11 10:27:36] <INTERRUPT>
[2026/09/11 10:27:36] =>
[2026/09/11 10:27:36] 发送(hex): 20
[2026/09/11 10:27:36] =>
[2026/09/11 10:27:36] 发送(hex): 03
[2026/09/11 10:27:36] 发送(hex): 0d
[2026/09/11 10:27:36] <INTERRUPT>
[2026/09/11 10:27:36] =>
[2026/09/11 10:27:36] 发送(hex): 20
[2026/09/11 10:27:36] =>
[2026/09/11 10:27:36] 发送(hex): 03
[2026/09/11 10:27:36] 发送(hex): 0d
[2026/09/11 10:27:36] <INTERRUPT>
[2026/09/11 10:27:36] =>
[2026/09/11 10:27:36] 发送(hex): 20
[2026/09/11 10:27:36] 发送(hex): 03
[2026/09/11 10:27:36] =>
[2026/09/11 10:27:36] 发送(hex): 0d
[2026/09/11 10:27:36] <INTERRUPT>
[2026/09/11 10:27:36] =>
[2026/09/11 10:27:36] 发送(hex): 20
[2026/09/11 10:27:36] 发送(hex): 03
[2026/09/11 10:27:36] =>
[2026/09/11 10:27:36] 发送(hex): 0d
[2026/09/11 10:27:36] <INTERRUPT>
[2026/09/11 10:27:36] =>
[2026/09/11 10:27:36] 发送(hex): 20
[2026/09/11 10:27:36] 发送(hex): 03
[2026/09/11 10:27:36] =>
[2026/09/11 10:27:36] 发送(hex): 0d
[2026/09/11 10:27:36] <INTERRUPT>
[2026/09/11 10:27:36] =>
[2026/09/11 10:27:36] 发送(hex): 20
[2026/09/11 10:27:36] 发送(hex): 03
[2026/09/11 10:27:36] =>
[2026/09/11 10:27:36] 发送(hex): 0d
[2026/09/11 10:27:36] <INTERRUPT>
[2026/09/11 10:27:36] =>
[2026/09/11 10:27:36] 发送(hex): 20
[2026/09/11 10:27:36] 发送(hex): 03
[2026/09/11 10:27:36] =>
[2026/09/11 10:27:36] 发送(hex): 0d
[2026/09/11 10:27:36] <INTERRUPT>
[2026/09/11 10:27:36] =>
[2026/09/11 10:27:36] 发送(hex): 20
[2026/09/11 10:27:36] 发送(hex): 03
[2026/09/11 10:27:36] =>
[2026/09/11 10:27:36] 发送(hex): 0d
[2026/09/11 10:27:36] <INTERRUPT>
[2026/09/11 10:27:36] =>
[2026/09/11 10:27:36] 发送(hex): 20
[2026/09/11 10:27:36] 发送(hex): 03
[2026/09/11 10:27:36] =>
[2026/09/11 10:27:36] 发送(hex): 0d
[2026/09/11 10:27:36] <INTERRUPT>
[2026/09/11 10:27:36] =>
[2026/09/11 10:27:36] 发送(hex): 20
[2026/09/11 10:27:36] 发送(hex): 03
[2026/09/11 10:27:36] =>
[2026/09/11 10:27:36] 发送(hex): 0d
[2026/09/11 10:27:36] <INTERRUPT>
[2026/09/11 10:27:36] =>
[2026/09/11 10:27:36] 发送(hex): 20
[2026/09/11 10:27:36] 发送(hex): 03
[2026/09/11 10:27:36] =>
[2026/09/11 10:27:36] 发送(hex): 0d
[2026/09/11 10:27:36] <INTERRUPT>
[2026/09/11 10:27:36] =>
[2026/09/11 10:27:36] 发送(hex): 20
[2026/09/11 10:27:36] 发送(hex): 03
[2026/09/11 10:27:36] =>
[2026/09/11 10:27:36] 发送(hex): 0d
[2026/09/11 10:27:36] <INTERRUPT>
[2026/09/11 10:27:36] =>
[2026/09/11 10:27:36] 发送(hex): 20
[2026/09/11 10:27:36] 发送(hex): 03
[2026/09/11 10:27:36] =>
[2026/09/11 10:27:36] 发送(hex): 0d
[2026/09/11 10:27:36] <INTERRUPT>
[2026/09/11 10:27:36] =>
[2026/09/11 10:27:36] 发送(hex): 20
[2026/09/11 10:27:36] 发送(hex): 03
[2026/09/11 10:27:36] =>
[2026/09/11 10:27:36] 发送(hex): 0d
[2026/09/11 10:27:36] <INTERRUPT>
[2026/09/11 10:27:36] =>
[2026/09/11 10:27:36] 发送(hex): 20
[2026/09/11 10:27:36] 发送(hex): 03
[2026/09/11 10:27:36] =>
[2026/09/11 10:27:36] 发送(hex): 0d
[2026/09/11 10:27:36] <INTERRUPT>
[2026/09/11 10:27:36] =>
[2026/09/11 10:27:36] 发送(hex): 20
[2026/09/11 10:27:36] 发送(hex): 03
[2026/09/11 10:27:36] =>
[2026/09/11 10:27:36] 发送(hex): 0d
[2026/09/11 10:27:36] <INTERRUPT>
[2026/09/11 10:27:36] =>
[2026/09/11 10:27:36] 发送(hex): 20
[2026/09/11 10:27:36] 发送(hex): 03
[2026/09/11 10:27:36] =>
[2026/09/11 10:27:36] 发送(hex): 0d
[2026/09/11 10:27:36] <INTERRUPT>
[2026/09/11 10:27:36] =>
[2026/09/11 10:27:36] 发送(hex): 20
[2026/09/11 10:27:36] 发送(hex): 03
[2026/09/11 10:27:36] =>
[2026/09/11 10:27:36] 发送(hex): 0d
[2026/09/11 10:27:36] <INTERRUPT>
[2026/09/11 10:27:36] =>
[2026/09/11 10:27:36] 发送(hex): 20
[2026/09/11 10:27:36] 发送(hex): 03
[2026/09/11 10:27:36] =>
[2026/09/11 10:27:36] 发送(hex): 0d
[2026/09/11 10:27:36] <INTERRUPT>
[2026/09/11 10:27:36] =>
[2026/09/11 10:27:36] 发送(hex): 20
[2026/09/11 10:27:36] 发送(hex): 03
[2026/09/11 10:27:36] =>
[2026/09/11 10:27:36] 发送(hex): 0d
[2026/09/11 10:27:36] <INTERRUPT>
[2026/09/11 10:27:36] =>
[2026/09/11 10:27:36] 发送(hex): 20
[2026/09/11 10:27:36] 发送(hex): 03
[2026/09/11 10:27:36] =>
[2026/09/11 10:27:36] 发送(hex): 0d
[2026/09/11 10:27:36] <INTERRUPT>
[2026/09/11 10:27:36] =>
[2026/09/11 10:27:36] 发送(hex): 20
[2026/09/11 10:27:36] 发送(hex): 03
[2026/09/11 10:27:36] =>
[2026/09/11 10:27:36] 发送(hex): 0d
[2026/09/11 10:27:36] <INTERRUPT>
[2026/09/11 10:27:36] =>
[2026/09/11 10:27:36] 发送(hex): 20
[2026/09/11 10:27:36] 发送(hex): 03
[2026/09/11 10:27:36] =>
[2026/09/11 10:27:36] 发送(hex): 0d
[2026/09/11 10:27:36] <INTERRUPT>
[2026/09/11 10:27:36] =>
[2026/09/11 10:27:36] 发送(hex): 20
[2026/09/11 10:27:36] 发送(hex): 03
[2026/09/11 10:27:36] =>
[2026/09/11 10:27:37] 发送(hex): 0d
[2026/09/11 10:27:37] 发送(hex): 20
[2026/09/11 10:27:37] <INTERRUPT>
[2026/09/11 10:27:37] =>
[2026/09/11 10:27:37] 发送(hex): 03
[2026/09/11 10:27:37] =>
[2026/09/11 10:27:37] 发送(hex): 0d
[2026/09/11 10:27:37] 发送(hex): 20
[2026/09/11 10:27:37] <INTERRUPT>
[2026/09/11 10:27:37] =>
[2026/09/11 10:27:37] 发送(hex): 03
[2026/09/11 10:27:37] =>
[2026/09/11 10:27:37] 发送(hex): 0d
[2026/09/11 10:27:37] 发送(hex): 20
[2026/09/11 10:27:37] <INTERRUPT>
[2026/09/11 10:27:37] =>
[2026/09/11 10:27:37] =
[2026/09/11 10:27:37] 发送(hex): 03
[2026/09/11 10:27:37] >
[2026/09/11 10:27:37] 发送(hex): 0d
[2026/09/11 10:27:37] 发送(hex): 20
[2026/09/11 10:27:37] <INTERRUPT>
[2026/09/11 10:27:37] =>
[2026/09/11 10:27:37] =>
[2026/09/11 10:27:37] 发送(hex): 03
[2026/09/11 10:27:37] 发送(hex): 0d
[2026/09/11 10:27:37] 发送(hex): 20
[2026/09/11 10:27:37] <INTERRUPT>
[2026/09/11 10:27:37] =>
[2026/09/11 10:27:37] =>
[2026/09/11 10:27:37] 发送(hex): 03
[2026/09/11 10:27:37] 发送(hex): 0d
[2026/09/11 10:27:37] 发送(hex): 20
[2026/09/11 10:27:37] <INTERRUPT>
[2026/09/11 10:27:37] =>
[2026/09/11 10:27:37] =>
[2026/09/11 10:27:37] 发送(hex): 03
[2026/09/11 10:27:37] 发送(hex): 0d
[2026/09/11 10:27:37] 发送(hex): 20
[2026/09/11 10:27:37] <INTERRUPT>
[2026/09/11 10:27:37] =>
[2026/09/11 10:27:37] =>
[2026/09/11 10:27:37] 发送(hex): 03
[2026/09/11 10:27:37] 发送(hex): 0d
[2026/09/11 10:27:37] 发送(hex): 20
[2026/09/11 10:27:37] <INTERRUPT>
[2026/09/11 10:27:37] =>
[2026/09/11 10:27:37] =>
[2026/09/11 10:27:37] 发送(hex): 03
[2026/09/11 10:27:37] 发送(hex): 0d
[2026/09/11 10:27:37] 发送(hex): 20
[2026/09/11 10:27:37] <INTERRUPT>
[2026/09/11 10:27:37] =>
[2026/09/11 10:27:37] =>
[2026/09/11 10:27:37] 发送(hex): 03
[2026/09/11 10:27:37] 发送(hex): 0d
[2026/09/11 10:27:37] 发送(hex): 20
[2026/09/11 10:27:37] <INTERRUPT>
[2026/09/11 10:27:37] =>
[2026/09/11 10:27:37] =>
[2026/09/11 10:27:37] 发送(hex): 03
[2026/09/11 10:27:37] 发送(hex): 0d
[2026/09/11 10:27:37] 发送(hex): 20
[2026/09/11 10:27:37] <INTERRUPT>
[2026/09/11 10:27:37] =>
[2026/09/11 10:27:37] =>
[2026/09/11 10:27:37] 发送(hex): 03
[2026/09/11 10:27:37] 发送(hex): 0d
[2026/09/11 10:27:37] 发送(hex): 20
[2026/09/11 10:27:37] <INTERRUPT>
[2026/09/11 10:27:37] =>
[2026/09/11 10:27:37] =>
[2026/09/11 10:27:37] 发送(hex): 03
[2026/09/11 10:27:37] 发送(hex): 0d
[2026/09/11 10:27:37] 发送(hex): 20
[2026/09/11 10:27:37] <INTERRUPT>
[2026/09/11 10:27:37] =>
[2026/09/11 10:27:37] =>
[2026/09/11 10:27:37] 发送(hex): 03
[2026/09/11 10:27:37] 发送(hex): 0d
[2026/09/11 10:27:37] 发送(hex): 20
[2026/09/11 10:27:37] <INTERRUPT>
[2026/09/11 10:27:37] =>
[2026/09/11 10:27:37] =>
[2026/09/11 10:27:37] 发送(hex): 03
[2026/09/11 10:27:37] 发送(hex): 0d
[2026/09/11 10:27:37] 发送(hex): 20
[2026/09/11 10:27:37] <INTERRUPT>
[2026/09/11 10:27:37] =>
[2026/09/11 10:27:37] =>
[2026/09/11 10:27:37] 发送(hex): 03
[2026/09/11 10:27:37] 发送(hex): 0d
[2026/09/11 10:27:37] 发送(hex): 20
[2026/09/11 10:27:37] <INTERRUPT>
[2026/09/11 10:27:37] =>
[2026/09/11 10:27:37] =>
[2026/09/11 10:27:37] 发送(hex): 03
[2026/09/11 10:27:37] 发送(hex): 0d
[2026/09/11 10:27:37] 发送(hex): 20
[2026/09/11 10:27:37] <INTERRUPT>
[2026/09/11 10:27:37] =>
[2026/09/11 10:27:37] =>
[2026/09/11 10:27:37] 发送(hex): 03
[2026/09/11 10:27:37] 发送(hex): 0d
[2026/09/11 10:27:37] <INTERRUPT>
[2026/09/11 10:27:37] =>
[2026/09/11 10:27:37] 发送(hex): 20
[2026/09/11 10:27:37] 发送(hex): 03
[2026/09/11 10:27:37] =>
[2026/09/11 10:27:37] 发送(hex): 0d
[2026/09/11 10:27:37] <INTERRUPT>
[2026/09/11 10:27:37] =>
[2026/09/11 10:27:37] 发送(hex): 20
[2026/09/11 10:27:37] 发送(hex): 03
[2026/09/11 10:27:37] =>
[2026/09/11 10:27:37] 发送(hex): 0d
[2026/09/11 10:27:37] <INTERRUPT>
[2026/09/11 10:27:37] =>
[2026/09/11 10:27:37] 发送(hex): 20
[2026/09/11 10:27:37] 发送(hex): 03
[2026/09/11 10:27:37] =>
[2026/09/11 10:27:37] 发送(hex): 0d
[2026/09/11 10:27:37] <INTERRUPT>
[2026/09/11 10:27:37] =>
[2026/09/11 10:27:37] 发送(hex): 20
[2026/09/11 10:27:37] 发送(hex): 03
[2026/09/11 10:27:37] =>
[2026/09/11 10:27:37] 发送(hex): 0d
[2026/09/11 10:27:37] <INTERRUPT>
[2026/09/11 10:27:37] =>
[2026/09/11 10:27:37] 发送(hex): 20
[2026/09/11 10:27:37] 发送(hex): 03
[2026/09/11 10:27:37] =>
[2026/09/11 10:27:37] 发送(hex): 0d
[2026/09/11 10:27:37] <INTERRUPT>
[2026/09/11 10:27:37] =>
[2026/09/11 10:27:37] 发送(hex): 20
[2026/09/11 10:27:37] 发送(hex): 03
[2026/09/11 10:27:37] =>
[2026/09/11 10:27:37] 发送(hex): 0d
[2026/09/11 10:27:37] <INTERRUPT>
[2026/09/11 10:27:37] =>
[2026/09/11 10:27:37] 发送(hex): 20
[2026/09/11 10:27:37] 发送(hex): 03
[2026/09/11 10:27:37] =>
[2026/09/11 10:27:37] 发送(hex): 0d
[2026/09/11 10:27:37] 发送(hex): 20
[2026/09/11 10:27:37] <INTERRUPT>
[2026/09/11 10:27:37] =>
[2026/09/11 10:27:37] =
[2026/09/11 10:27:37] 发送(hex): 03
[2026/09/11 10:27:37] >
[2026/09/11 10:27:37] 发送(hex): 0d
[2026/09/11 10:27:37] 发送(hex): 20
[2026/09/11 10:27:37] <INTERRUPT>
[2026/09/11 10:27:37] =>
[2026/09/11 10:27:37] =
[2026/09/11 10:27:37] 发送(hex): 03
[2026/09/11 10:27:37] >
[2026/09/11 10:27:37] 发送(hex): 0d
[2026/09/11 10:27:37] 发送(hex): 20
[2026/09/11 10:27:37] <INTERRUPT>
[2026/09/11 10:27:37] =>
[2026/09/11 10:27:37] =>
[2026/09/11 10:27:37] 发送(hex): 03
[2026/09/11 10:27:37] 发送(hex): 0d
[2026/09/11 10:27:37] 发送(hex): 20
[2026/09/11 10:27:37] <INTERRUPT>
[2026/09/11 10:27:37] =>
[2026/09/11 10:27:37] =>
[2026/09/11 10:27:37] 发送(hex): 03
[2026/09/11 10:27:37] 发送(hex): 0d
[2026/09/11 10:27:37] 发送(hex): 20
[2026/09/11 10:27:37] <INTERRUPT>
[2026/09/11 10:27:37] =>
[2026/09/11 10:27:37] =>
[2026/09/11 10:27:37] 发送(hex): 03
[2026/09/11 10:27:37] 发送(hex): 0d
[2026/09/11 10:27:37] 发送(hex): 20
[2026/09/11 10:27:37] <INTERRUPT>
[2026/09/11 10:27:37] =>
[2026/09/11 10:27:37] =>
[2026/09/11 10:27:37] 发送(hex): 03
[2026/09/11 10:27:37] 发送(hex): 0d
[2026/09/11 10:27:37] 发送(hex): 20
[2026/09/11 10:27:37] <INTERRUPT>
[2026/09/11 10:27:37] =>
[2026/09/11 10:27:37] =>
[2026/09/11 10:27:37] 发送(hex): 03
[2026/09/11 10:27:37] 发送(hex): 0d
[2026/09/11 10:27:38] 发送(hex): 20
[2026/09/11 10:27:38] <INTERRUPT>
[2026/09/11 10:27:38] =>
[2026/09/11 10:27:38] =>
[2026/09/11 10:27:38] 发送(hex): 03
[2026/09/11 10:27:38] 发送(hex): 0d
[2026/09/11 10:27:38] 发送(hex): 20
[2026/09/11 10:27:38] <INTERRUPT>
[2026/09/11 10:27:38] =>
[2026/09/11 10:27:38] =>
[2026/09/11 10:27:38] 发送(hex): 03
[2026/09/11 10:27:38] 发送(hex): 0d
[2026/09/11 10:27:38] 发送(hex): 20
[2026/09/11 10:27:38] <INTERRUPT>
[2026/09/11 10:27:38] =>
[2026/09/11 10:27:38] =>
[2026/09/11 10:27:38] 发送(hex): 03
[2026/09/11 10:27:38] 发送(hex): 0d
[2026/09/11 10:27:38] 发送(hex): 20
[2026/09/11 10:27:38] <INTERRUPT>
[2026/09/11 10:27:38] =>
[2026/09/11 10:27:38] =>
[2026/09/11 10:27:38] 发送(hex): 03
[2026/09/11 10:27:38] 发送(hex): 0d
[2026/09/11 10:27:38] 发送(hex): 20
[2026/09/11 10:27:38] <INTERRUPT>
[2026/09/11 10:27:38] =>
[2026/09/11 10:27:38] =>
[2026/09/11 10:27:38] 发送(hex): 03
[2026/09/11 10:27:38] 发送(hex): 0d
[2026/09/11 10:27:38] 发送(hex): 20
[2026/09/11 10:27:38] <INTERRUPT>
[2026/09/11 10:27:38] =>
[2026/09/11 10:27:38] =>
[2026/09/11 10:27:38] 发送(hex): 03
[2026/09/11 10:27:38] 发送(hex): 0d
[2026/09/11 10:27:38] 发送(hex): 20
[2026/09/11 10:27:38] <INTERRUPT>
[2026/09/11 10:27:38] =>
[2026/09/11 10:27:38] =>
[2026/09/11 10:27:38] 发送(hex): 03
[2026/09/11 10:27:38] 发送(hex): 0d
[2026/09/11 10:27:38] 发送(hex): 20
[2026/09/11 10:27:38] <INTERRUPT>
[2026/09/11 10:27:38] =>
[2026/09/11 10:27:38] =>
[2026/09/11 10:27:38] 发送(hex): 03
[2026/09/11 10:27:38] 发送(hex): 0d
[2026/09/11 10:27:38] 发送(hex): 20
[2026/09/11 10:27:38] <INTERRUPT>
[2026/09/11 10:27:38] =>
[2026/09/11 10:27:38] =>
[2026/09/11 10:27:38] 发送(hex): 03
[2026/09/11 10:27:38] 发送(hex): 0d
[2026/09/11 10:27:38] 发送(hex): 20
[2026/09/11 10:27:38] <INTERRUPT>
[2026/09/11 10:27:38] =>
[2026/09/11 10:27:38] =>
[2026/09/11 10:27:38] 发送(hex): 03
[2026/09/11 10:27:38] 发送(hex): 0d
[2026/09/11 10:27:38] 发送(hex): 20
[2026/09/11 10:27:38] <INTERRUPT>
[2026/09/11 10:27:38] =>
[2026/09/11 10:27:38] =>
[2026/09/11 10:27:38] 发送(hex): 03
[2026/09/11 10:27:38] 发送(hex): 0d
[2026/09/11 10:27:38] 发送(hex): 20
[2026/09/11 10:27:38] <INTERRUPT>
[2026/09/11 10:27:38] =>
[2026/09/11 10:27:38] =>
[2026/09/11 10:27:38] 发送(hex): 03
[2026/09/11 10:27:38] 发送(hex): 0d
[2026/09/11 10:27:38] 发送(hex): 20
[2026/09/11 10:27:38] <INTERRUPT>
[2026/09/11 10:27:38] =>
[2026/09/11 10:27:38] =>
[2026/09/11 10:27:38] 发送(hex): 03
[2026/09/11 10:27:38] 发送(hex): 0d
[2026/09/11 10:27:38] 发送(hex): 20
[2026/09/11 10:27:38] <INTERRUPT>
[2026/09/11 10:27:38] =>
[2026/09/11 10:27:38] =>
[2026/09/11 10:27:38] 发送(hex): 03
[2026/09/11 10:27:38] 发送(hex): 0d
[2026/09/11 10:27:38] 发送(hex): 20
[2026/09/11 10:27:38] <INTERRUPT>
[2026/09/11 10:27:38] =>
[2026/09/11 10:27:38] =>
[2026/09/11 10:27:38] 发送(hex): 03
[2026/09/11 10:27:38] 发送(hex): 0d
[2026/09/11 10:27:38] 发送(hex): 20
[2026/09/11 10:27:38] <INTERRUPT>
[2026/09/11 10:27:38] =>
[2026/09/11 10:27:38] =>
[2026/09/11 10:27:38] 发送(hex): 03
[2026/09/11 10:27:38] 发送(hex): 0d
[2026/09/11 10:27:38] 发送(hex): 20
[2026/09/11 10:27:38] <INTERRUPT>
[2026/09/11 10:27:38] =>
[2026/09/11 10:27:38] =>
[2026/09/11 10:27:38] 发送(hex): 03
[2026/09/11 10:27:38] 发送(hex): 0d
[2026/09/11 10:27:38] <INTERR
[2026/09/11 10:27:38] 发送(hex): 20
[2026/09/11 10:27:38] UPT>
[2026/09/11 10:27:38] =>
[2026/09/11 10:27:38] =>
[2026/09/11 10:27:38] 发送(hex): 03
[2026/09/11 10:27:38] 发送(hex): 0d
[2026/09/11 10:27:38] <INTERRU
[2026/09/11 10:27:38] 发送(hex): 20
[2026/09/11 10:27:38] PT>
[2026/09/11 10:27:38] =>
[2026/09/11 10:27:38] =>
[2026/09/11 10:27:38] 发送(hex): 03
[2026/09/11 10:27:38] 发送(hex): 0d
[2026/09/11 10:27:38] <INTERRU
[2026/09/11 10:27:38] 发送(hex): 20
[2026/09/11 10:27:38] PT>
[2026/09/11 10:27:38] =>
[2026/09/11 10:27:38] =>
[2026/09/11 10:27:38] 发送(hex): 03
[2026/09/11 10:27:38] 发送(hex): 0d
[2026/09/11 10:27:38] <INTERRUPT>
[2026/09/11 10:27:38] 发送(hex): 20
[2026/09/11 10:27:38] =>
[2026/09/11 10:27:38] =>
[2026/09/11 10:27:38] 发送(hex): 03
[2026/09/11 10:27:38] 发送(hex): 0d
[2026/09/11 10:27:38] <INTERRUPT>
[2026/09/11 10:27:38] =>
[2026/09/11 10:27:38] 发送(hex): 20
[2026/09/11 10:27:38] =>
[2026/09/11 10:27:38] 发送(hex): 03
[2026/09/11 10:27:38] 发送(hex): 0d
[2026/09/11 10:27:38] <INTERRUPT>
[2026/09/11 10:27:38] 发送(hex): 20
[2026/09/11 10:27:38] =>
[2026/09/11 10:27:38] =>
[2026/09/11 10:27:38] 发送(hex): 03
[2026/09/11 10:27:38] 发送(hex): 0d
[2026/09/11 10:27:38] <INTERRUPT>
[2026/09/11 10:27:38] =>
[2026/09/11 10:27:38] 发送(hex): 20
[2026/09/11 10:27:38] =>
[2026/09/11 10:27:38] 发送(hex): 03
[2026/09/11 10:27:38] 发送(hex): 0d
[2026/09/11 10:27:38] <INTERRUPT>
[2026/09/11 10:27:38] =>
[2026/09/11 10:27:38] 发送(hex): 20
[2026/09/11 10:27:38] =>
[2026/09/11 10:27:38] 发送(hex): 03
[2026/09/11 10:27:38] 发送(hex): 0d
[2026/09/11 10:27:38] <INTERRUPT>
[2026/09/11 10:27:38] =>
[2026/09/11 10:27:38] 发送(hex): 20
[2026/09/11 10:27:38] =>
[2026/09/11 10:27:38] 发送(hex): 03
[2026/09/11 10:27:38] 发送(hex): 0d
[2026/09/11 10:27:38] <INTERRUPT>
[2026/09/11 10:27:38] =>
[2026/09/11 10:27:38] 发送(hex): 20
[2026/09/11 10:27:38] =>
[2026/09/11 10:27:38] 发送(hex): 03
[2026/09/11 10:27:38] 发送(hex): 0d
[2026/09/11 10:27:38] <INTERRUPT>
[2026/09/11 10:27:38] =>
[2026/09/11 10:27:38] 发送(hex): 20
[2026/09/11 10:27:38] =>
[2026/09/11 10:27:38] 发送(hex): 03
[2026/09/11 10:27:38] 发送(hex): 0d
[2026/09/11 10:27:38] <INTERRUPT>
[2026/09/11 10:27:38] =>
[2026/09/11 10:27:38] 发送(hex): 20
[2026/09/11 10:27:38] =>
[2026/09/11 10:27:38] 发送(hex): 03
[2026/09/11 10:27:38] 发送(hex): 0d
[2026/09/11 10:27:38] <INTERRUPT>
[2026/09/11 10:27:38] =>
[2026/09/11 10:27:38] 发送(hex): 20
[2026/09/11 10:27:38] =>
[2026/09/11 10:27:38] 发送(hex): 03
[2026/09/11 10:27:38] 发送(hex): 0d
[2026/09/11 10:27:38] <INTERRUPT>
[2026/09/11 10:27:38] =>
[2026/09/11 10:27:38] 发送(hex): 20
[2026/09/11 10:27:38] =>
[2026/09/11 10:27:38] 发送(hex): 03
[2026/09/11 10:27:38] 发送(hex): 0d
[2026/09/11 10:27:38] <INTERRUPT>
[2026/09/11 10:27:38] =>
[2026/09/11 10:27:38] 发送(hex): 20
[2026/09/11 10:27:38] =>
[2026/09/11 10:27:39] 发送(hex): 03
[2026/09/11 10:27:39] 发送(hex): 0d
[2026/09/11 10:27:39] <INTERRUPT>
[2026/09/11 10:27:39] =>
[2026/09/11 10:27:39] 发送(hex): 20
[2026/09/11 10:27:39] =>
[2026/09/11 10:27:39] 发送(hex): 03
[2026/09/11 10:27:39] 发送(hex): 0d
[2026/09/11 10:27:39] <INTERRUPT>
[2026/09/11 10:27:39] =>
[2026/09/11 10:27:39] 发送(hex): 20
[2026/09/11 10:27:39] =>
[2026/09/11 10:27:39] 发送(hex): 03
[2026/09/11 10:27:39] 发送(hex): 0d
[2026/09/11 10:27:39] <INTERRUPT>
[2026/09/11 10:27:39] =>
[2026/09/11 10:27:39] 发送(hex): 20
[2026/09/11 10:27:39] =>
[2026/09/11 10:27:39] 发送(hex): 03
[2026/09/11 10:27:39] 发送(hex): 0d
[2026/09/11 10:27:39] <INTERRUPT>
[2026/09/11 10:27:39] =>
[2026/09/11 10:27:39] 发送(hex): 20
[2026/09/11 10:27:39] =>
[2026/09/11 10:27:39] 发送(hex): 03
[2026/09/11 10:27:39] 发送(hex): 0d
[2026/09/11 10:27:39] <INTERRUPT>
[2026/09/11 10:27:39] =>
[2026/09/11 10:27:39] 发送(hex): 20
[2026/09/11 10:27:39] =>
[2026/09/11 10:27:39] 发送(hex): 03
[2026/09/11 10:27:39] 发送(hex): 0d
[2026/09/11 10:27:39] <INTERRUPT>
[2026/09/11 10:27:39] =>
[2026/09/11 10:27:39] 发送(hex): 20
[2026/09/11 10:27:39] =>
[2026/09/11 10:27:39] 发送(hex): 03
[2026/09/11 10:27:39] 发送(hex): 0d
[2026/09/11 10:27:39] <INTERRUPT>
[2026/09/11 10:27:39] =>
[2026/09/11 10:27:39] 发送(hex): 20
[2026/09/11 10:27:39] 发送(hex): 03
[2026/09/11 10:27:39] =>
[2026/09/11 10:27:39] 发送(hex): 0d
[2026/09/11 10:27:39] <INTERRUPT>
[2026/09/11 10:27:39] =>
[2026/09/11 10:27:39] 发送(hex): 20
[2026/09/11 10:27:39] 发送(hex): 03
[2026/09/11 10:27:39] =>
[2026/09/11 10:27:39] 发送(hex): 0d
[2026/09/11 10:27:39] <INTERRUPT>
[2026/09/11 10:27:39] =>
[2026/09/11 10:27:39] 发送(hex): 20
[2026/09/11 10:27:39] 发送(hex): 03
[2026/09/11 10:27:39] =>
[2026/09/11 10:27:39] 发送(hex): 0d
[2026/09/11 10:27:39] <INTERRUPT>
[2026/09/11 10:27:39] =>
[2026/09/11 10:27:39] 发送(hex): 20
[2026/09/11 10:27:39] 发送(hex): 03
[2026/09/11 10:27:39] =>
[2026/09/11 10:27:39] 发送(hex): 0d
[2026/09/11 10:27:39] <INTERRUPT>
[2026/09/11 10:27:39] =>
[2026/09/11 10:27:39] 发送(hex): 20
[2026/09/11 10:27:39] 发送(hex): 03
[2026/09/11 10:27:39] =>
[2026/09/11 10:27:39] 发送(hex): 0d
[2026/09/11 10:27:39] <INTERRUPT>
[2026/09/11 10:27:39] =>
[2026/09/11 10:27:39] 发送(hex): 20
[2026/09/11 10:27:39] 发送(hex): 03
[2026/09/11 10:27:39] =>
[2026/09/11 10:27:39] 发送(hex): 0d
[2026/09/11 10:27:39] <INTERRUPT>
[2026/09/11 10:27:39] =>
[2026/09/11 10:27:39] 发送(hex): 20
[2026/09/11 10:27:39] 发送(hex): 03
[2026/09/11 10:27:39] =>
[2026/09/11 10:27:39] 发送(hex): 0d
[2026/09/11 10:27:39] <INTERRUPT>
[2026/09/11 10:27:39] =>
[2026/09/11 10:27:39] 发送(hex): 20
[2026/09/11 10:27:39] 发送(hex): 03
[2026/09/11 10:27:39] =>
[2026/09/11 10:27:39] 发送(hex): 0d
[2026/09/11 10:27:39] <INTERRUPT>
[2026/09/11 10:27:39] =>
[2026/09/11 10:27:39] 发送(hex): 20
[2026/09/11 10:27:39] 发送(hex): 03
[2026/09/11 10:27:39] =>
[2026/09/11 10:27:39] 发送(hex): 0d
[2026/09/11 10:27:39] <INTERRUPT>
[2026/09/11 10:27:39] =>
[2026/09/11 10:27:39] 发送(hex): 20
[2026/09/11 10:27:39] 发送(hex): 03
[2026/09/11 10:27:39] =>
[2026/09/11 10:27:39] 发送(hex): 0d
[2026/09/11 10:27:39] <INTERRUPT>
[2026/09/11 10:27:39] =>
[2026/09/11 10:27:39] 发送(hex): 20
[2026/09/11 10:27:39] 发送(hex): 03
[2026/09/11 10:27:39] =>
[2026/09/11 10:27:39] 发送(hex): 0d
[2026/09/11 10:27:39] <INTERRUPT>
[2026/09/11 10:27:39] =>
[2026/09/11 10:27:39] 发送(hex): 20
[2026/09/11 10:27:39] 发送(hex): 03
[2026/09/11 10:27:39] =>
[2026/09/11 10:27:39] 发送(hex): 0d
[2026/09/11 10:27:39] <INTERRUPT>
[2026/09/11 10:27:39] =>
[2026/09/11 10:27:39] 发送(hex): 20
[2026/09/11 10:27:39] 发送(hex): 03
[2026/09/11 10:27:39] =>
[2026/09/11 10:27:39] 发送(hex): 0d
[2026/09/11 10:27:39] <INTERRUPT>
[2026/09/11 10:27:39] =>
[2026/09/11 10:27:39] 发送(hex): 20
[2026/09/11 10:27:39] 发送(hex): 03
[2026/09/11 10:27:39] =>
[2026/09/11 10:27:39] 发送(hex): 0d
[2026/09/11 10:27:39] <INTERRUPT>
[2026/09/11 10:27:39] =>
[2026/09/11 10:27:39] 发送(hex): 20
[2026/09/11 10:27:39] 发送(hex): 03
[2026/09/11 10:27:39] =>
[2026/09/11 10:27:39] 发送(hex): 0d
[2026/09/11 10:27:39] <INTERRUPT>
[2026/09/11 10:27:39] =>
[2026/09/11 10:27:39] 发送(hex): 20
[2026/09/11 10:27:39] 发送(hex): 03
[2026/09/11 10:27:39] =>
[2026/09/11 10:27:39] 发送(hex): 0d
[2026/09/11 10:27:39] <INTERRUPT>
[2026/09/11 10:27:39] =>
[2026/09/11 10:27:39] 发送(hex): 20
[2026/09/11 10:27:39] 发送(hex): 03
[2026/09/11 10:27:39] =>
[2026/09/11 10:27:39] 发送(hex): 0d
[2026/09/11 10:27:39] <INTERRUPT>
[2026/09/11 10:27:39] =>
[2026/09/11 10:27:39] 发送(hex): 20
[2026/09/11 10:27:39] 发送(hex): 03
[2026/09/11 10:27:39] =>
[2026/09/11 10:27:39] 发送(hex): 0d
[2026/09/11 10:27:39] <INTERRUPT>
[2026/09/11 10:27:39] =>
[2026/09/11 10:27:39] 发送(hex): 20
[2026/09/11 10:27:39] 发送(hex): 03
[2026/09/11 10:27:39] =>
[2026/09/11 10:27:39] 发送(hex): 0d
[2026/09/11 10:27:39] <INTERRUPT>
[2026/09/11 10:27:39] =>
[2026/09/11 10:27:39] 发送(hex): 20
[2026/09/11 10:27:39] 发送(hex): 03
[2026/09/11 10:27:39] =>
[2026/09/11 10:27:39] 发送(hex): 0d
[2026/09/11 10:27:39] 发送(hex): 20
[2026/09/11 10:27:39] <INTERRUPT>
[2026/09/11 10:27:39] =>
[2026/09/11 10:27:39] 发送(hex): 03
[2026/09/11 10:27:39] =>
[2026/09/11 10:27:39] 发送(hex): 0d
[2026/09/11 10:27:39] 发送(hex): 20
[2026/09/11 10:27:39] <INTERRUPT>
[2026/09/11 10:27:39] =>
[2026/09/11 10:27:39] 发送(hex): 03
[2026/09/11 10:27:39] =>
[2026/09/11 10:27:39] 发送(hex): 0d
[2026/09/11 10:27:39] 发送(hex): 20
[2026/09/11 10:27:39] <INTERRUPT>
[2026/09/11 10:27:39] =>
[2026/09/11 10:27:39] =>
[2026/09/11 10:27:39] 发送(hex): 03
[2026/09/11 10:27:39] 发送(hex): 0d
[2026/09/11 10:27:39] 发送(hex): 20
[2026/09/11 10:27:39] <INTERRUPT>
[2026/09/11 10:27:39] =>
[2026/09/11 10:27:39] =>
[2026/09/11 10:27:39] 发送(hex): 03
[2026/09/11 10:27:39] 发送(hex): 0d
[2026/09/11 10:27:39] 发送(hex): 20
[2026/09/11 10:27:39] <INTERRUPT>
[2026/09/11 10:27:39] =>
[2026/09/11 10:27:39] =>
[2026/09/11 10:27:39] 发送(hex): 03
[2026/09/11 10:27:39] 发送(hex): 0d
[2026/09/11 10:27:40] 发送(hex): 20
[2026/09/11 10:27:40] <INTERRUPT>
[2026/09/11 10:27:40] =>
[2026/09/11 10:27:40] =>
[2026/09/11 10:27:40] 发送(hex): 03
[2026/09/11 10:27:40] 发送(hex): 0d
[2026/09/11 10:27:40] 发送(hex): 20
[2026/09/11 10:27:40] <INTERRUPT>
[2026/09/11 10:27:40] =>
[2026/09/11 10:27:40] =>
[2026/09/11 10:27:40] 发送(hex): 03
[2026/09/11 10:27:40] 发送(hex): 0d
[2026/09/11 10:27:40] 发送(hex): 20
[2026/09/11 10:27:40] <INTERRUPT>
[2026/09/11 10:27:40] =>
[2026/09/11 10:27:40] =>
[2026/09/11 10:27:40] 发送(hex): 03
[2026/09/11 10:27:40] 发送(hex): 0d
[2026/09/11 10:27:40] 发送(hex): 20
[2026/09/11 10:27:40] <INTERRUPT>
[2026/09/11 10:27:40] =>
[2026/09/11 10:27:40] =>
[2026/09/11 10:27:40] 发送(hex): 03
[2026/09/11 10:27:40] 发送(hex): 0d
[2026/09/11 10:27:40] 发送(hex): 20
[2026/09/11 10:27:40] <INTERRUPT>
[2026/09/11 10:27:40] =>
[2026/09/11 10:27:40] =>
[2026/09/11 10:27:40] 发送(hex): 03
[2026/09/11 10:27:40] 发送(hex): 0d
[2026/09/11 10:27:40] 发送(hex): 20
[2026/09/11 10:27:40] <INTERRUPT>
[2026/09/11 10:27:40] =>
[2026/09/11 10:27:40] =>
[2026/09/11 10:27:40] 发送(hex): 03
[2026/09/11 10:27:40] 发送(hex): 0d
[2026/09/11 10:27:40] 发送(hex): 20
[2026/09/11 10:27:40] <INTERRUPT>
[2026/09/11 10:27:40] =>
[2026/09/11 10:27:40] =>
[2026/09/11 10:27:40] 发送(hex): 03
[2026/09/11 10:27:40] 发送(hex): 0d
[2026/09/11 10:27:40] 发送(hex): 20
[2026/09/11 10:27:40] <INTERRUPT>
[2026/09/11 10:27:40] =>
[2026/09/11 10:27:40] =>
[2026/09/11 10:27:40] 发送(hex): 03
[2026/09/11 10:27:40] 发送(hex): 0d
[2026/09/11 10:27:40] 发送(hex): 20
[2026/09/11 10:27:40] <INTERRUPT>
[2026/09/11 10:27:40] =>
[2026/09/11 10:27:40] =>
[2026/09/11 10:27:40] 发送(hex): 03
[2026/09/11 10:27:40] 发送(hex): 0d
[2026/09/11 10:27:40] 发送(hex): 20
[2026/09/11 10:27:40] <INTERRUPT>
[2026/09/11 10:27:40] =>
[2026/09/11 10:27:40] =>
[2026/09/11 10:27:40] 发送(hex): 03
[2026/09/11 10:27:40] 发送(hex): 0d
[2026/09/11 10:27:40] 发送(hex): 20
[2026/09/11 10:27:40] <INTERRUPT>
[2026/09/11 10:27:40] =>
[2026/09/11 10:27:40] =>
[2026/09/11 10:27:40] 发送(hex): 03
[2026/09/11 10:27:40] 发送(hex): 0d
[2026/09/11 10:27:40] 发送(hex): 20
[2026/09/11 10:27:40] <INTERRUPT>
[2026/09/11 10:27:40] =>
[2026/09/11 10:27:40] =>
[2026/09/11 10:27:40] 发送(hex): 03
[2026/09/11 10:27:40] 发送(hex): 0d
[2026/09/11 10:27:40] 发送(hex): 20
[2026/09/11 10:27:40] <INTERRUPT>
[2026/09/11 10:27:40] =>
[2026/09/11 10:27:40] =>
[2026/09/11 10:27:40] 发送(hex): 03
[2026/09/11 10:27:40] 发送(hex): 0d
[2026/09/11 10:27:40] 发送(hex): 20
[2026/09/11 10:27:40] <INTERRUPT>
[2026/09/11 10:27:40] =>
[2026/09/11 10:27:40] =>
[2026/09/11 10:27:40] 发送(hex): 03
[2026/09/11 10:27:40] 发送(hex): 0d
[2026/09/11 10:27:40] 发送(hex): 20
[2026/09/11 10:27:40] <INTERRUPT>
[2026/09/11 10:27:40] =>
[2026/09/11 10:27:40] =>
[2026/09/11 10:27:40] 发送(hex): 03
[2026/09/11 10:27:40] 发送(hex): 0d
[2026/09/11 10:27:40] 发送(hex): 20
[2026/09/11 10:27:40] <INTERRUPT>
[2026/09/11 10:27:40] =>
[2026/09/11 10:27:40] =>
[2026/09/11 10:27:40] 发送(hex): 03
[2026/09/11 10:27:40] 发送(hex): 0d
[2026/09/11 10:27:40] 发送(hex): 20
[2026/09/11 10:27:40] <INTERRUPT>
[2026/09/11 10:27:40] =>
[2026/09/11 10:27:40] =>
[2026/09/11 10:27:40] 发送(hex): 03
[2026/09/11 10:27:40] 发送(hex): 0d
[2026/09/11 10:27:40] 发送(hex): 20
[2026/09/11 10:27:40] <INTERRUPT>
[2026/09/11 10:27:40] =>
[2026/09/11 10:27:40] =>
[2026/09/11 10:27:40] 发送(hex): 03
[2026/09/11 10:27:40] 发送(hex): 0d
[2026/09/11 10:27:40] 发送(hex): 20
[2026/09/11 10:27:40] <INTERRUPT>
[2026/09/11 10:27:40] =>
[2026/09/11 10:27:40] =>
[2026/09/11 10:27:40] 发送(hex): 03
[2026/09/11 10:27:40] 发送(hex): 0d
[2026/09/11 10:27:40] 发送(hex): 20
[2026/09/11 10:27:40] <INTERRUPT>
[2026/09/11 10:27:40] =>
[2026/09/11 10:27:40] =>
[2026/09/11 10:27:40] 发送(hex): 03
[2026/09/11 10:27:40] 发送(hex): 0d
[2026/09/11 10:27:40] 发送(hex): 20
[2026/09/11 10:27:40] <INTERRUPT>
[2026/09/11 10:27:40] =>
[2026/09/11 10:27:40] =>
[2026/09/11 10:27:40] 发送(hex): 03
[2026/09/11 10:27:40] 发送(hex): 0d
[2026/09/11 10:27:40] 发送(hex): 20
[2026/09/11 10:27:40] <INTERRUPT>
[2026/09/11 10:27:40] =>
[2026/09/11 10:27:40] =>
[2026/09/11 10:27:40] 发送(hex): 03
[2026/09/11 10:27:40] 发送(hex): 0d
[2026/09/11 10:27:40] 发送(hex): 20
[2026/09/11 10:27:40] <INTERRUPT>
[2026/09/11 10:27:40] =>
[2026/09/11 10:27:40] =>
[2026/09/11 10:27:40] 发送(hex): 03
[2026/09/11 10:27:40] 发送(hex): 0d
[2026/09/11 10:27:40] 发送(hex): 20
[2026/09/11 10:27:40] <INTERRUPT>
[2026/09/11 10:27:40] =>
[2026/09/11 10:27:40] =>
[2026/09/11 10:27:40] 发送(hex): 03
[2026/09/11 10:27:40] 发送(hex): 0d
[2026/09/11 10:27:40] 发送(hex): 20
[2026/09/11 10:27:40] <INTERRUPT>
[2026/09/11 10:27:40] =>
[2026/09/11 10:27:40] =>
[2026/09/11 10:27:40] 发送(hex): 03
[2026/09/11 10:27:40] 发送(hex): 0d
[2026/09/11 10:27:40] 发送(hex): 20
[2026/09/11 10:27:40] <INTERRUPT>
[2026/09/11 10:27:40] =>
[2026/09/11 10:27:40] =>
[2026/09/11 10:27:40] 发送(hex): 03
[2026/09/11 10:27:40] 发送(hex): 0d
[2026/09/11 10:27:40] 发送(hex): 20
[2026/09/11 10:27:40] <INTERRUPT>
[2026/09/11 10:27:40] =>
[2026/09/11 10:27:40] =>
[2026/09/11 10:27:40] 发送(hex): 03
[2026/09/11 10:27:40] 发送(hex): 0d
[2026/09/11 10:27:40] 发送(hex): 20
[2026/09/11 10:27:40] <INTERRUPT>
[2026/09/11 10:27:40] =>
[2026/09/11 10:27:40] =>
[2026/09/11 10:27:40] 发送(hex): 03
[2026/09/11 10:27:40] 发送(hex): 0d
[2026/09/11 10:27:40] <INTER
[2026/09/11 10:27:40] 发送(hex): 20
[2026/09/11 10:27:40] RUPT>
[2026/09/11 10:27:40] =>
[2026/09/11 10:27:40] =>
[2026/09/11 10:27:40] 发送(hex): 03
[2026/09/11 10:27:40] 发送(hex): 0d
[2026/09/11 10:27:40] <INTE
[2026/09/11 10:27:40] 发送(hex): 20
[2026/09/11 10:27:40] RRUPT>
[2026/09/11 10:27:40] =>
[2026/09/11 10:27:40] =>
[2026/09/11 10:27:40] 发送(hex): 03
[2026/09/11 10:27:40] 发送(hex): 0d
[2026/09/11 10:27:40] <INTER
[2026/09/11 10:27:40] 发送(hex): 20
[2026/09/11 10:27:40] RUPT>
[2026/09/11 10:27:40] =>
[2026/09/11 10:27:40] =>
[2026/09/11 10:27:40] 发送(hex): 03
[2026/09/11 10:27:40] 发送(hex): 0d
[2026/09/11 10:27:40] 发送(hex): 20
[2026/09/11 10:27:40] <INTERRUPT>
[2026/09/11 10:27:40] =>
[2026/09/11 10:27:40] =>
[2026/09/11 10:27:41] 发送(hex): 03
[2026/09/11 10:27:41] 发送(hex): 0d
[2026/09/11 10:27:41] 发送(hex): 20
[2026/09/11 10:27:41] <INTERRUPT>
[2026/09/11 10:27:41] =>
[2026/09/11 10:27:41] =>
[2026/09/11 10:27:41] 发送(hex): 03
[2026/09/11 10:27:41] 发送(hex): 0d
[2026/09/11 10:27:41] 发送(hex): 20
[2026/09/11 10:27:41] <INTERRUPT>
[2026/09/11 10:27:41] =>
[2026/09/11 10:27:41] =>
[2026/09/11 10:27:41] 发送(hex): 03
[2026/09/11 10:27:41] 发送(hex): 0d
[2026/09/11 10:27:41] <INT
[2026/09/11 10:27:41] 发送(hex): 20
[2026/09/11 10:27:41] ERRUPT>
[2026/09/11 10:27:41] =>
[2026/09/11 10:27:41] =>
[2026/09/11 10:27:41] 发送(hex): 03
[2026/09/11 10:27:41] 发送(hex): 0d
[2026/09/11 10:27:41] <INTERRUP
[2026/09/11 10:27:41] 发送(hex): 20
[2026/09/11 10:27:41] T>
[2026/09/11 10:27:41] =>
[2026/09/11 10:27:41] =>
[2026/09/11 10:27:41] 发送(hex): 03
[2026/09/11 10:27:41] 发送(hex): 0d
[2026/09/11 10:27:41] <INTERRUPT>
[2026/09/11 10:27:41] =
[2026/09/11 10:27:41] 发送(hex): 20
[2026/09/11 10:27:41] >
[2026/09/11 10:27:41] =>
[2026/09/11 10:27:41] 发送(hex): 03
[2026/09/11 10:27:41] 发送(hex): 0d
[2026/09/11 10:27:41] <INTERRUPT>
[2026/09/11 10:27:41] =>
[2026/09/11 10:27:41] 发送(hex): 20
[2026/09/11 10:27:41] =>
[2026/09/11 10:27:41] 发送(hex): 03
[2026/09/11 10:27:41] 发送(hex): 0d
[2026/09/11 10:27:41] <INTERRUPT>
[2026/09/11 10:27:41] =>
[2026/09/11 10:27:41] 发送(hex): 20
[2026/09/11 10:27:41] =>
[2026/09/11 10:27:41] 发送(hex): 03
[2026/09/11 10:27:41] 发送(hex): 0d
[2026/09/11 10:27:41] <INTERRUPT>
[2026/09/11 10:27:41] =>
[2026/09/11 10:27:41] 发送(hex): 20
[2026/09/11 10:27:41] =>
[2026/09/11 10:27:41] 发送(hex): 03
[2026/09/11 10:27:41] 发送(hex): 0d
[2026/09/11 10:27:41] <INTERRUPT>
[2026/09/11 10:27:41] =>
[2026/09/11 10:27:41] 发送(hex): 20
[2026/09/11 10:27:41] =>
[2026/09/11 10:27:41] 发送(hex): 03
[2026/09/11 10:27:41] 发送(hex): 0d
[2026/09/11 10:27:41] <INTERRUPT>
[2026/09/11 10:27:41] =>
[2026/09/11 10:27:41] 发送(hex): 20
[2026/09/11 10:27:41] =>
[2026/09/11 10:27:41] 发送(hex): 03
[2026/09/11 10:27:41] 发送(hex): 0d
[2026/09/11 10:27:41] <INTERRUPT>
[2026/09/11 10:27:41] =>
[2026/09/11 10:27:41] 发送(hex): 20
[2026/09/11 10:27:41] =>
[2026/09/11 10:27:41] 发送(hex): 03
[2026/09/11 10:27:41] 发送(hex): 0d
[2026/09/11 10:27:41] <INTERRUPT>
[2026/09/11 10:27:41] =>
[2026/09/11 10:27:41] 发送(hex): 20
[2026/09/11 10:27:41] =>
[2026/09/11 10:27:41] 发送(hex): 03
[2026/09/11 10:27:41] 发送(hex): 0d
[2026/09/11 10:27:41] <INTERRUPT>
[2026/09/11 10:27:41] =>
[2026/09/11 10:27:41] 发送(hex): 20
[2026/09/11 10:27:41] =>
[2026/09/11 10:27:41] 发送(hex): 03
[2026/09/11 10:27:41] 发送(hex): 0d
[2026/09/11 10:27:41] <INTERRUPT>
[2026/09/11 10:27:41] =>
[2026/09/11 10:27:41] 发送(hex): 20
[2026/09/11 10:27:41] =>
[2026/09/11 10:27:41] 发送(hex): 03
[2026/09/11 10:27:41] 发送(hex): 0d
[2026/09/11 10:27:41] <INTERRUPT>
[2026/09/11 10:27:41] =>
[2026/09/11 10:27:41] 发送(hex): 20
[2026/09/11 10:27:41] =>
[2026/09/11 10:27:41] 发送(hex): 03
[2026/09/11 10:27:41] 发送(hex): 0d
[2026/09/11 10:27:41] <INTERRUPT>
[2026/09/11 10:27:41] =>
[2026/09/11 10:27:41] 发送(hex): 20
[2026/09/11 10:27:41] =>
[2026/09/11 10:27:41] 发送(hex): 03
[2026/09/11 10:27:41] 发送(hex): 0d
[2026/09/11 10:27:41] <INTERRUPT>
[2026/09/11 10:27:41] =>
[2026/09/11 10:27:41] 发送(hex): 20
[2026/09/11 10:27:41] =>
[2026/09/11 10:27:41] 发送(hex): 03
[2026/09/11 10:27:41] 发送(hex): 0d
[2026/09/11 10:27:41] <INTERRUPT>
[2026/09/11 10:27:41] =>
[2026/09/11 10:27:41] 发送(hex): 20
[2026/09/11 10:27:41] =>
[2026/09/11 10:27:41] 发送(hex): 03
[2026/09/11 10:27:41] 发送(hex): 0d
[2026/09/11 10:27:41] <INTERRUPT>
[2026/09/11 10:27:41] =>
[2026/09/11 10:27:41] 发送(hex): 20
[2026/09/11 10:27:41] =>
[2026/09/11 10:27:41] 发送(hex): 03
[2026/09/11 10:27:41] 发送(hex): 0d
[2026/09/11 10:27:41] <INTERRUPT>
[2026/09/11 10:27:41] =>
[2026/09/11 10:27:41] 发送(hex): 20
[2026/09/11 10:27:41] =>
[2026/09/11 10:27:41] 发送(hex): 03
[2026/09/11 10:27:41] 发送(hex): 0d
[2026/09/11 10:27:41] <INTERRUPT>
[2026/09/11 10:27:41] =>
[2026/09/11 10:27:41] 发送(hex): 20
[2026/09/11 10:27:41] =>
[2026/09/11 10:27:41] 发送(hex): 03
[2026/09/11 10:27:41] 发送(hex): 0d
[2026/09/11 10:27:41] <INTERRUPT>
[2026/09/11 10:27:41] =>
[2026/09/11 10:27:41] 发送(hex): 20
[2026/09/11 10:27:41] =>
[2026/09/11 10:27:41] 发送(hex): 03
[2026/09/11 10:27:41] 发送(hex): 0d
[2026/09/11 10:27:41] <INTERRUPT>
[2026/09/11 10:27:41] =>
[2026/09/11 10:27:41] 发送(hex): 20
[2026/09/11 10:27:41] =>
[2026/09/11 10:27:41] 发送(hex): 03
[2026/09/11 10:27:41] 发送(hex): 0d
[2026/09/11 10:27:41] <INTERRUPT>
[2026/09/11 10:27:41] =>
[2026/09/11 10:27:41] 发送(hex): 20
[2026/09/11 10:27:41] =>
[2026/09/11 10:27:41] 发送(hex): 03
[2026/09/11 10:27:41] 发送(hex): 0d
[2026/09/11 10:27:41] <INTERRUPT>
[2026/09/11 10:27:41] =>
[2026/09/11 10:27:41] 发送(hex): 20
[2026/09/11 10:27:41] =>
[2026/09/11 10:27:41] 发送(hex): 03
[2026/09/11 10:27:41] 发送(hex): 0d
[2026/09/11 10:27:41] <INTERRUPT>
[2026/09/11 10:27:41] =>
[2026/09/11 10:27:41] 发送(hex): 20
[2026/09/11 10:27:41] =>
[2026/09/11 10:27:41] 发送(hex): 03
[2026/09/11 10:27:41] 发送(hex): 0d
[2026/09/11 10:27:41] <INTERRUPT>
[2026/09/11 10:27:41] =>
[2026/09/11 10:27:41] 发送(hex): 20
[2026/09/11 10:27:41] =>
[2026/09/11 10:27:41] 发送(hex): 03
[2026/09/11 10:27:41] 发送(hex): 0d
[2026/09/11 10:27:41] <INTERRUPT>
[2026/09/11 10:27:41] =>
[2026/09/11 10:27:41] 发送(hex): 20
[2026/09/11 10:27:41] =>
[2026/09/11 10:27:41] 发送(hex): 03
[2026/09/11 10:27:41] 发送(hex): 0d
[2026/09/11 10:27:41] <INTERRUPT>
[2026/09/11 10:27:41] =>
[2026/09/11 10:27:41] 发送(hex): 20
[2026/09/11 10:27:41] =>
[2026/09/11 10:27:41] 发送(hex): 03
[2026/09/11 10:27:41] 发送(hex): 0d
[2026/09/11 10:27:41] <INTERRUPT>
[2026/09/11 10:27:41] =>
[2026/09/11 10:27:41] 发送(hex): 20
[2026/09/11 10:27:41] =>
[2026/09/11 10:27:41] 发送(hex): 03
[2026/09/11 10:27:41] 发送(hex): 0d
[2026/09/11 10:27:41] <INTERRUPT>
[2026/09/11 10:27:41] =>
[2026/09/11 10:27:41] 发送(hex): 20
[2026/09/11 10:27:41] =>
[2026/09/11 10:27:41] 发送(hex): 03
[2026/09/11 10:27:42] 发送(hex): 0d
[2026/09/11 10:27:42] <INTERRUPT>
[2026/09/11 10:27:42] =>
[2026/09/11 10:27:42] 发送(hex): 20
[2026/09/11 10:27:42] =>
[2026/09/11 10:27:42] 发送(hex): 03
[2026/09/11 10:27:42] 发送(hex): 0d
[2026/09/11 10:27:42] <INTERRUPT>
[2026/09/11 10:27:42] =>
[2026/09/11 10:27:42] 发送(hex): 20
[2026/09/11 10:27:42] =>
[2026/09/11 10:27:42] 发送(hex): 03
[2026/09/11 10:27:42] 发送(hex): 0d
[2026/09/11 10:27:42] <INTERRUPT>
[2026/09/11 10:27:42] =>
[2026/09/11 10:27:42] 发送(hex): 20
[2026/09/11 10:27:42] =>
[2026/09/11 10:27:42] 发送(hex): 03
[2026/09/11 10:27:42] 发送(hex): 0d
[2026/09/11 10:27:42] <INTERRUPT>
[2026/09/11 10:27:42] =>
[2026/09/11 10:27:42] 发送(hex): 20
[2026/09/11 10:27:42] =>
[2026/09/11 10:27:42] 发送(hex): 03
[2026/09/11 10:27:42] 发送(hex): 0d
[2026/09/11 10:27:42] <INTERRUPT>
[2026/09/11 10:27:42] =>
[2026/09/11 10:27:42] 发送(hex): 20
[2026/09/11 10:27:42] =>
[2026/09/11 10:27:42] 发送(hex): 03
[2026/09/11 10:27:42] 发送(hex): 0d
[2026/09/11 10:27:42] <INTERRUPT>
[2026/09/11 10:27:42] =>
[2026/09/11 10:27:42] 发送(hex): 20
[2026/09/11 10:27:42] =>
[2026/09/11 10:27:42] 发送(hex): 03
[2026/09/11 10:27:42] 发送(hex): 0d
[2026/09/11 10:27:42] <INTERRUPT>
[2026/09/11 10:27:42] =>
[2026/09/11 10:27:42] 发送(hex): 20
[2026/09/11 10:27:42] =>
[2026/09/11 10:27:42] 发送(hex): 03
[2026/09/11 10:27:42] 发送(hex): 0d
[2026/09/11 10:27:42] <INTERRUPT>
[2026/09/11 10:27:42] =>
[2026/09/11 10:27:42] 发送(hex): 20
[2026/09/11 10:27:42] =>
[2026/09/11 10:27:42] 发送(hex): 03
[2026/09/11 10:27:42] 发送(hex): 0d
[2026/09/11 10:27:42] <INTERRUPT>
[2026/09/11 10:27:42] =>
[2026/09/11 10:27:42] 发送(hex): 20
[2026/09/11 10:27:42] =>
[2026/09/11 10:27:42] 发送(hex): 03
[2026/09/11 10:27:42] <INTERRUPT>
[2026/09/11 10:27:42] =>
[2026/09/11 10:27:47] 发送(hex): 0d
[2026/09/11 10:27:47] 发送(hex): 0d
[2026/09/11 10:27:47] =>
[2026/09/11 10:27:47] 发送(hex): 0d
[2026/09/11 10:27:47] 发送(hex): 0d
[2026/09/11 10:27:47] =>
[2026/09/11 10:27:47] =>
[2026/09/11 10:27:47] 发送(hex): 0d
[2026/09/11 10:27:47] =>
[2026/09/11 10:27:47] 发送(hex): 7575656e765f696e69743b7575656e765f73657420506d6f646520313b7575656e765f736176653b7265730d
[2026/09/11 10:27:47] => uuenv_init;uuenv_set Pmode
[2026/09/11 10:27:47] 1;uuenv_save;res
[2026/09/11 10:27:48] save done
[2026/09/11 10:27:48] resetting ...
[2026/09/11 10:27:48] UAR
[2026/09/11 10:27:48] T
[2026/09/11 10:27:48] <.
[2026/09/11 10:27:48] AC_ON
[2026/09/11 10:27:48] SW Reset
[2026/09/11 10:27:48] HASH1_VERSION=0x00000000 64bit
[2026/09/11 10:27:48] E-A
[2026/09/11 10:27:48] [ETT_Main] Clock MPLL Init
[2026/09/11 10:27:48] [ETT_Main]MIU_ver 20260417-11996427-OneBin-V20.4-RefineWDTNew
[2026/09/11 10:27:48] [DRAMC] AC ON-0
[2026/09/11 10:27:48] [FAST_K]
[2026/09/11 10:27:48] [MOBF] Gen SW key
[2026/09/11 10:27:48] CH0 DramsizeFlag_CH0 DUMMY_REG = 0x1
[2026/09/11 10:27:48] dramc_channel0 restore dramsize_flag = 0x1
[2026/09/11 10:27:48] [FAST_K]
[2026/09/11 10:27:48] CH2 DramsizeFlag_CH2 DUMMY_REG = 0x0
[2026/09/11 10:27:48] dramc_channel2 restore dramsize_flag = 0x0
[2026/09/11 10:27:48] dispatch to 1 EMI 2 CH
[2026/09/11 10:27:48] MIUP set area: 3GB
[2026/09/11 10:27:48] EMI bist: [32mM0 pass[0m
[2026/09/11 10:27:48] EMI bist: [32mM2 pass[0m
[2026/09/11 10:27:48] fake engine: [32mpass[00000000][0m
[2026/09/11 10:27:48] fake engine: [32mpass[00000001][0m
[2026/09/11 10:27:48] u4dram_info=0x2406
[2026/09/11 10:27:48] TEELOADER_VERSION=0x00000000
[2026/09/11 10:27:48] optee teeloader entry
[2026/09/11 10:27:48] MultiOptee image detected,
[2026/09/11 10:27:48] ModelID=17B06E0B
[2026/09/11 10:27:48] MultiOptee image detected, ModelID=17B06E0B
[2026/09/11 10:27:48] CusConfig
[2026/09/11 10:27:48] ARMFW_VERSION=0x00000000
[2026/09/11 10:27:48] OPTEE_VERSION=0x00000000
[2026/09/11 10:27:48] OPTEECUST_VERSION=0x00000000
[2026/09/11 10:27:48] REELOADER_VERSION=0x00000000
[2026/09/11 10:27:48] ns_uboot_boot
[2026/09/11 10:27:48] NOTICE:  BL31: v2.4(debug):f102f7cc7
[2026/09/11 10:27:48] NOTICE:  BL31: Built : 20:53:08, Jul 17 2026
[2026/09/11 10:27:48] INFO:    BL31: Initializing runtime services
[2026/09/11 10:27:48] INFO:    BL31: Initializing BL32
[2026/09/11 10:27:48] [TEE] TRIAL BOOT: 0
[2026/09/11 10:27:48] [DynRamlog] wait for configuring by tee driver
[2026/09/11 10:27:48] IN
[2026/09/11 10:27:48] FO:    BL31: Preparing for EL3 exit to normal world
[2026/09/11 10:27:48] INFO:    Entry point address = 0x20100010
[2026/09/11 10:27:48] ree_entry
[2026/09/11 10:27:48] Check WDT....
[2026/09/11 10:27:48] UBOOT_VERSION=0x00000000
[2026/09/11 10:27:49] U-Boot201
[2026/09/11 10:27:49] 9.04-g23c3f665-dirty (Aug 23 2026 - 20:57:54 +0800)
[2026/09/11 10:27:49] Model: MediaTek MT5896 RFB
[2026/09/11 10:27:49] DRAM:  3 GiB
[2026/09/11 10:27:49] MMC:   mtk-mmc-fcie@1c660000: 0
[2026/09/11 10:27:49] Loading Environment from EXT4...
[2026/09/11 10:27:49] OK
[2026/09/11 10:27:49] [0;31m[ERROR] get_data_separati
[2026/09/11 10:27:49] on_info:254: [0m[data spr][start:1324][end:1332][total time:8]
[2026/09/11 10:27:49] [0;31m[ERROR] get_partition_info:394: [0mCan not find corresponding suffixed partition name:factory_preset_a !!!
[2026/09/11 10:27:49] [0;31m[ERROR] get_pid_from_preset_partition:1495: [0mError: sys_get_storage_info from factory_preset failure
[2026/09/11 10:27:49] [0;31m
[2026/09/11 10:27:49] [ERROR] parse_tcl_ffvoice_lednum:1124: [0mdrive_item is not exist!
[2026/09/11 10:27:49] [0;31m[ERROR] parse_tcl_ffvoice_lednum:1144: [0muse default ffvoice lednum: 4!!!
[2026/09/11 10:27:49] [0;31m[ERROR] parse_tcl_led_stagespacetime:1019: [0mdrive_item is not exist!
[2026/09/11 10:27:49] [0;31m[ERROR] parse_tcl_led_stagespacetime:1039: [0muse default_ledstage: 0!!!
[2026/09/11 10:27:49] [0;31m[ERROR] parse_tcl_led_stagespacetime:1041: [0mset uenv led_stagespace : 0
[2026/09/11 10:27:49] device properties match:sid = "103"
[2026/09/11 10:27:49] [0;31m[ERROR] get_data_separation_info:270: [0mRead ini file success !
[2026/09/11 10:27:49] [0;31m[ERROR] To_parse_tcl_standby_qhb_support:234: [0mtcl_env_qhb = 0 or null or other,not support TCL  QHB
[2026/09/11 10:27:50] [0;31m[ERROR] dataindex_dtbo_overlay:644: [0m[DATAINDEX DTBO LOAD][start:1820][end:1911][total time:91]
[2026/09/11 10:27:50] Model: MediaTek MT5896 RFB
[2026/09/11 10:27:50] Net:
[2026/09/11 10:27:50] eth0: ethernet@1c700000
[2026/09/11 10:27:50] Booting(Working) pLedMode = LED_ON,pLightRate=80
[2026/09/11 10:27:50] slot:0 slot retry:0 a_corrupt:0 b_corrupt:0 successful:[1:0]
[2026/09/11 10:27:50] 00000000: 00 00 00 00 00 00 00 00 00 00 00 00 00 00 00 00    ................
[2026/09/11 10:27:50] 00000010: 00 00 00 00 00 00 00 00 00 00 00 00 00 00 00 00    ................
[2026/09/11 10:27:50] [0;31m[ERROR] get_boot_mode_from_partition:354: [0mdump  OK
[2026/09/11 10:27:50] androidboot boot reason = ac
[2026/09/11 10:27:50] Reboot reason == PM_BR_AC
[2026/09/11 10:27:50] upgrade status:done
[2026/09/11 10:27:50] [0;31m[ERROR] standby_mode_enter_standby:187: [0m[panic case]: no panic occur, normal deal
[2026/09/11 10:27:50] Normal booting mode!
[2026/09/11 10:27:50] [wei] mtk_panel_probe 991, PANEL LIB VER 5
[2026/09/11 10:27:50] [wei] BOOT_PNL_VERSION OLD
[2026/09/11 10:27:50] [0;31m[ERROR] standby_mode_enter_qhb:274: [0mThis PID   unsupport  TCL QHB !!!
[2026/09/11 10:27:50] [0;31m[ERROR] mtk_panel_init_device:998: [0m[BEFORE DEMURA][start:2148][end:2188][total time:40]
[2026/09/11 10:27:50] [0;31m[ERROR] mtk_panel_enable:1149: [0m
[2026/09/11 10:27:50] ---mtk_panel_enable:1149 Set mtk_panel_enable DelayTask 7
[2026/09/11 10:27:50] Hit any key to stop autoboot:  0
[2026/09/11 10:27:50] [0;31m[ERROR] do_check_upgrade_mode:216: [0mresolve path fail: /mnt/vendor/tvconfig/bsp/common/misc/upgrade_mode.ini
[2026/09/11 10:27:50] check_auto_update
[2026/09/11 10:27:50] seconds : 2
[2026/09/11 10:27:50] Ticking:
[2026/09/11 10:27:50] jpd_
[2026/09/11 10:27:50] api: [ERR] _MApi_NJPD_Decoder_PrintError: data loss error!!
[2026/09/11 10:27:50] jpd_api: [ERR] _MApi_NJPD_Decoder_PrintError: bitstream error!!
[2026/09/11 10:27:50] [0;31m[ERROR] mtk_jpd_decode:361: [0mJPEG decode failed!!
[2026/09/11 10:27:50] [0;31
[2026/09/11 10:27:50] m[ERROR] standby_mode_enter_standby:187: [0m[panic case]: no panic occur, normal deal
[2026/09/11 10:27:50] Normal booting mode!
[2026/09/11 10:27:50] [0;31m[ERROR] get_panel_pwm_duty_info:2644: [0mRead ini file to DRAM failure
[2026/09/11 10:27:50] [0;31m[ERROR] Check_TSR_PMIC_Version:229: [0mThis PID   unsupport   TSR IC !!!
[2026/09/11 10:27:50] [0;31m[ERROR] _mtk_pnl_cust_backlight_i2c_init:2672: [0mRead subnode (backlight_i2c_info) FAIL
[2026/09/11 10:27:50] kfault cur reboot mode: 0x0
[2026/09/11 10:27:50] kfault tcllog size: 0x4000000
[2026/09/11 10:27:50] kfault io buf 0x5bd50e30, size 0x400, pos 0x0, is_read 1, ret 0
[2026/09/11 10:27:50] kfault io buf 0x5be1f8f0, size 0x2000, pos 0x400, is_read 1, ret 0
[2026/09/11 10:27:50] kfault io buf 0x5bd65ea0, size 0x1000, pos 0x37ff000, is_read 1, ret 0
[2026/09/11 10:27:50] normal boot, just do tmp dump
[2026/09/11 10:27:50] MMC write: dev # 0, block # 1480696, count 8 ...
[2026/09/11 10:27:50] 8 blocks written: OK
[2026/09/11 10:27:50] kfault io buf 0x5bd65ea0, size 0x1000, pos 0x37ff000, is_read 0, ret 0
[2026/09/11 10:27:50] kfault_boot->log_num = 0
[2026/09/11 10:27:50] MMC write: dev # 0, block # 1366016, count 2 ...
[2026/09/11 10:27:51] 2 blocks written: OK
[2026/09/11 10:27:51] kfault io buf 0x5bd50e30, size 0x400, pos 0x0, is_read 0, ret 0
[2026/09/11 10:27:51] [0;31m[ERROR] standby_mode_enter_standby:187: [0m[panic case]: no panic occur, normal deal
[2026/09/11 10:27:51] Normal booting mode!
[2026/09/11 10:27:51] upgradecheck - upgrade mode check command
[2026/09/11 10:27:51] Usage:
[2026/09/11 10:27:51] upgradecheck command: upgradecheck
[2026/09/11 10:27:51] retry_count: 0
[2026/09/11 10:27:51] ## Android Verified Boot 2.0 version 1.1.0
[2026/09/11 10:27:51] Disable Flash Update Mode
[2026/09/11 10:27:51] Verificatio
[2026/09/11 10:27:51] n passed successfully
[2026/09/11 10:27:51] Boot state is: Green !
[2026/09/11 10:27:51] Kernel load addr 0x26000000 size 41887 KiB
[2026/09/11 10:27:51] RAM disk load addr 0x01000000 size 2039 KiB
[2026/09/11 10:27:51] [0;31m[ERROR] bootargs_append:2318: [0mset cfg is androidboot.device_name=G08 androidboot.series=X androidboot.product=P8K androidboot.product_name=G08_4K_GB androidboot.client_type=TCL-EU-MT9653-S1 androidboot.model_name=Smart*TV*Pro androidboot.code_name=AU04 androidboot.ecid=22000000 androidboot.tcl_brand=TCL androidboot.manufacturer=TCL androidboot.oem_tag=EU androidboot.certify=unknown androidboot.extension=TCL_LED_4K androidboot.extension_res=unknown androidboot.extension_db=unknown
[2026/09/11 10:27:51] [0;31m[ERROR] bootargs_append:2318: [0mset cfg is androidboot.pid=26368
[2026/09/11 10:27:51] device properties match:sid = "103"
[2026/09/11 10:27:51] [0;31m[ERROR] set_crashkernel_rsvmem:2278: [0mError: Read kdump file to Dram failed
[2026/09/11 10:27:51] do_tcl_crashkernel - tcl_crashkernel
[2026/09/11 10:27:51] Usage:
[2026/09/11 10:27:51] do_tcl_crashkernel command: set reserved memory for crashkernel
[2026/09/11 10:27:51] Loading Kernel Image ...
[2026/09/11 10:27:51] OK
[2026/09/11 10:27:51] Loading Ramdisk to 29f09000, end 2bdff751 ... OK
[2026/09/11 10:27:51] Loading Device Tree to 000000002c4e1000, end 000000002c5ff9bb ... OK
[2026/09/11 10:27:52] [0;31m[ERROR] dataindex_dtbo_overlay:644: [0m[DATAINDEX DTBO LOAD][start:3890][end:4008][total time:118]
[2026/09/11 10:27:52] [0;31m[ERROR] standby_mode_enter_qhb:274: [0mThis PID   unsupport  TCL QHB !!!
[2026/09/11 10:27:52] [AutoTest][mboot][start kernel][4072]
[2026/09/11 10:27:52] Starting kernel ...
[2026/09/11 10:27:52] kfault io buf 0x5bea2b90, size 0x28, pos 0x400, is_read 1, ret 0
[2026/09/11 10:27:52] last status:0x0
[2026/09/11 10:27:52] MMC write: dev # 0, block # 1480632, count 7 ...
[2026/09/11 10:27:52] 7 blocks written: OK
[2026/09/11 10:27:52] MMC write: dev # 0, block # 1480639, count 1 ...
[2026/09/11 10:27:52] 1 blocks written: OK
[2026/09/11 10:27:52] kfault io buf 0x5be4dc70, size 0xf23, pos 0x37f7000, is_read 0, ret 0
[2026/09/11 10:27:52] MMC write: dev # 0, block # 1366018, count 1 ...
[2026/09/11 10:27:52] 1 blocks written: OK
[2026/09/11 10:27:52] kfault io buf 0x5bd586f0, size 0x28, pos 0x400, is_read 0, ret 0
[2026/09/11 10:27:52] WARNING: Unimpl
[2026/09/11 10:27:52] emented Standard Service Call: 0x84000050
[2026/09/11 10:27:53] [    0.322803][    T1] clk_mt5896: we ha
[2026/09/11 10:27:53] ve : PM
[2026/09/11 10:27:53] [    0.322826][    T1] clk_mt5896: we have : NONPM
[2026/09/11 10:27:53] [Ramlog] tee_config_dyn_ramlog_by_cookie is success
[2026/09/11 10:27:53] [    0.472449][    T1] [K][EFUSE]mtk_efuse_init() ----- START
[2026/09/11 10:27:53] [    0.478103][    T1] [K][EFUSE]mtk_efuse_init() ----> OK
[2026/09/11 10:27:53] [    0.490592][    T1] ir set ir_arm_en to 1.
[2026/09/11 10:27:53] [    0.494803][    T1] ir get boot status 2.
[2026/09/11 10:27:53] [    0.498831][    T1] ir set boot status to 3.
[2026/09/11 10:27:53] [    0.503157][    T1] ir get key 65535.
[2026/09/11 10:27:53] [    0.506829][    T1] mtk-ir 1c080000.ir_in: ir probe done.
[2026/09/11 10:27:53] [    0.518641][    T1] [0][0][0]
[2026/09/11 10:27:53] [    0.529544][    T1] add null memory dma_heap with name mtk_nullmem_1
[2026/09/11 10:27:53] [    0.535909][    T1]     range from 0x3000000 to 0x13000000
[2026/09/11 10:27:53] [    0.535909][    T1]
[2026/09/11 10:27:53] [    0.535909][    T1]
[2026/09/11 10:27:53] [    0.569611][    T1] we have : seal
[2026/09/11 10:27:53] [    0.655660][   T67] mtk_mci 1c660000.mtk-mmc-fcie: [ mtk_fcie_set_ios() Ln.4351 ]
[2026/09/11 10:27:53] [    0.663270][   T67] mtk_mci 1c660000.mtk-mmc-fcie: Ld HS400ES
[2026/09/11 10:27:53] [    0.671504][   T67] mtk_mci 1c660000.mtk-mmc-fcie: eMMC: HS400 5.1 200MHz
[2026/09/11 10:27:53] [    0.678343][    T1] [Alg Debug] MApi_PQ_CLI_CFD_Init sucess!!
[2026/09/11 10:27:53] [    0.678559][   T67] mtk_mci 1c660000.mtk-mmc-fcie: eMMC: HS400 5.1 200MHz
[2026/09/11 10:27:53] [    0.695201][    T1] lizw pp 1
[2026/09/11 10:27:53] [    0
[2026/09/11 10:27:53] .705999][    T1] ux_thread: uxthread_init done!
[2026/09/11 10:27:53] [    0.711585][    T1] tcl_action_monitor: kfault kernel timeout init
[2026/09/11 10:27:54] [    1.845176][  T122] tcl_action_m
[2026/09/11 10:27:54] onitor: kfault stop kernel init timeout
[2026/09/11 10:27:55] console:/ $
[2026/09/11 10:27:56] [0;32;31m [ramlog] tee_get_ramlog_
[2026/09/11 10:27:56] config 586 [m
[2026/09/11 10:27:56] [ramlog] Chip ID: 27 f3 04 f5 fd 0b 95 c5 8d 04 00 00
[2026/09/11 10:27:56] [ramlog] TEE log is not enabled (I2C mode:1)
[2026/09/11 10:27:57] [    5.109893][  T318] mtk_and: line 0: glide-disk-cach%com.google.android.apps.tv.launcherx=S:N-20
[2026/09/11 10:27:57] [    5.119066][  T318] mtk_and: line 1: animation%com.netflix.ninja=S:N-10
[2026/09/11 10:27:57] [    5.125835][  T318] mtk_and: line 2: Thread-17%com.amazon.amazonvideo.livingroom=S:R1
[2026/09/11 10:27:57] [    5.133734][  T318] mtk_and: line 3: Thread-18%com.amazon.amazonvideo.livingroom=S:R1
[2026/09/11 10:27:58] [    5.460871][  T122] mtu3 1c7a3e00.usb: ssusb clock enable
[2026/09/11 10:27:58] [    5.473305][  T122] mtu3 1c1b3e00.usb: ssusb clock enable
[2026/09/11 10:27:58] Info: get MI daemon priority before System Init: [-20]
[2026/09/11 10:27:58] [mi_daemon]!!!Enter MI daemon prcoess!! start time =5549
[2026/09/11 10:27:58] [mi_daemon][HASHKEY]{_Bin_Hashkey_Init,692} ----- START not bGingaSupported
[2026/09/11 10:27:58] [mi_daemon][HASHKEY]{_Bin_Hashkey_Init,697} ----- START
[2026/09/11 10:27:58] [mi_daemon][HASHKEY]{_getPathFromDataIndex,620} pszFilePath:/tclconfig/hardware/param/soc/dataIndex_00_WW_4K60_VbyOne.ini
[2026/09/11 10:27:58] Cannot get key 'HASHKEY:hashkey_file' in dataIndex file /tclconfig/hardware/param/soc/dataIndex_00_WW_4K60_VbyOne.ini
[2026/09/11 10:27:58] [IPAUTH][HASHKEY]{MApi_IPAUTH_Init_by_bin,580} (iBinSize:306)
[2026/09/11 10:27:58] [IPAUTH]{_IPAUTH_ReadDebugFile,308} ----- START
[2026/09/11 10:27:58] [IPAUTH]{_IPAUTH_ReadDebugFile,317} Debug file is not exist~(/data/vendor/ipauth_debug.txt)
[2026/09/11 10:27:58] [IPAUTH][HASHKEY]{MApi_IPAUTH_Init_by_bin,631} u16CustomerId:0x19
[2026/09/11 10:27:58] [IPAUTH][HASHKEY]{MApi_IPAUTH_Init_by_bin,693} u16HashkeyChipId:0x10D
[2026/09/11 10:27:58] [IPAUTH][HASHKEY]{_IPAUTH_HASHKEY_Verify,406} call HASHKEY_Verify()
[2026/09/11 10:27:58] [IPAUTH][HASHKEY]{_IPAUTH_HASHKEY_Verify,408} HASHKEY_Verify() return 0
[2026/09/11 10:27:58] [IPAUTH][HASHKEY]{MApi_IPAUTH_Init_by_bin,750} set _u8_hashkey_verify_result=OK
[2026/09/11 10:27:58] [IPAUTH][HASHKEY]{_IPAUTH_HASHKEY_set_BinDataToKernel,503} (u32Para1:1, pu8BinBuf:0xFFE6D490, u32BufSize:306)
[2026/09/11 10:27:58] [IPAUTH][HASHKEY]{_IPAUTH_HASHKEY_set_BinDataToKernel,523} cmd:0x8791, u32_para_1:0x1, u32BufSize_in:306
[2026/09/11 10:27:58] [mi_daemon]!!!Enter MI daemon flow time=5549!!
[2026/09/11 10:27:58] [mi_daemon]{_MI_SYS_Init,809} _MI_SYS_Init() ----- START
[2026/09/11 10:27:58] !!!MI daemon prcoess start! MI daemon cost time=177!!!
[2026/09/11 10:27:58] Info: get MI daemon priority after Module Init: [0]
[2026/09/11 10:27:59] [    6.428943]
[2026/09/11 10:27:59] [  T122] realtime_framework_init is invoked
[2026/09/11 10:27:59] [    6.434162][  T122] realtime_module_init [538], REALTIME_UID=2941
[2026/09/11 10:27:59] [    6.448537][  T402] tcl_vdf: vdf_send_task run..
[2026/09/11 10:27:59] [    6.568828][  T408] [austin_demod_dd][demod_probe] name = [austin_demod]
[2026/09/11 10:27:59] [    6.575730][  T408] [demod_probe][120] austin_dev->client->addr = 0x79
[2026/09/11 10:27:59] [    6.583575][  T408] [austin_chk_exist][74] ret -121, --- 0 9 3 2
[2026/09/11 10:27:59] modprobe: alias lines in modules.alias must have 3 entries, not 5
[2026/09/11 10:27:59] modprobe: alias lines in modules.alias must have 3 entries, not 5
[2026/09/11 10:27:59] modprobe: alias lines in modules.alias must have 3 entries, not 4
[2026/09/11 10:27:59] modprob[    6.622766][  T408] [mdbgin_merak_demod_dd][mtk_demod_custom_file_open][2503] __entry__
[2026/09/11 10:27:59] e: alias lines i[    6.632000][  T408] [mtk_demod_custom_file_open][2542] CUSTOM_EQ_TYPE7
[2026/09/11 10:27:59] n modules.alias [    6.640121][  T408] [mtk_demod_custom_file_open][2554] custom file open fail !
[2026/09/11 10:27:59] must have 3 entr[    6.648477][  T408] 1ce00000.mtk-demod is already registered, pass it
[2026/09/11 10:27:59] ies, not 7
[2026/09/11 10:27:59] modprobe: alias lines in modules.alias must have 3 entries, not 5
[2026/09/11 10:27:59] modprobe: alias lines in modules.alias must have 3 entries, not 4
[2026/09/11 10:27:59] modprobe: alias lines in modules.alias must have 3 entries, not 4
[2026/09/11 10:27:59] modprobe: alias lines in modules.alias must have 3 entries, not 6
[2026/09/11 10:27:59] modprobe: alias lines in modules.alias must have 3 entries, not 5
[2026/09/11 10:27:59] modprobe: alias lines in modules.alias must have 3 entries, not 5
[2026/09/11 10:27:59] modprobe: alias lines in modules.alias must have 3 entries, not 4
[2026/09/11 10:27:59] modprobe: alias lines in modules.alias must have 3 entries, not 5
[2026/09/11 10:27:59] modprobe: alias lines in modules.alias must have 3 entries, not 5
[2026/09/11 10:27:59] modprobe: alias lines in modules.alias must have 3 entries, not 5
[2026/09/11 10:27:59] modprobe: alias lines in modules.alias must have 3 entries, not 6
[2026/09/11 10:27:59] modprobe: alias lines in modules.alias must have 3 entries, not 5
[2026/09/11 10:27:59] modprobe: alias lines in modules.alias must have 3 entries, not 4
[2026/09/11 10:27:59] Loading module /vendor/lib/modules/spi-mtkdtv-ci.ko with args ''
[2026/09/11 10:27:59] Loaded kernel module /vendor/lib/modules/spi-mtkdtv-ci.ko
[2026/09/11 10:27:59] [    7.148659][  T406] drv_hwreg_srccap_hdmirx_attach b_attach = 1
[2026/09/11 10:27:59] [    7.148662][  T406] drv_hwreg_srccap_hdmirx_attach size = 1
[2026/09/11 10:27:59] [    7.154662][  T406] hal_hwreg_srccap_hdmirx_ops_array[0].hw_version = 6
[2026/09/11 10:27:59] [    7.169292][  T406] u32_addr_min = eb00
[2026/09/11 10:27:59] [    7.173444][  T406] u32_addr_max = ebf0
[2026/09/11 10:28:00] modprobe: alias lines i
[2026/09/11 10:28:00] n modules.alias must have 3 entries, not 5
[2026/09/11 10:28:00] modprobe: alias lines in modules.alias must have 3 entries, not 5
[2026/09/11 10:28:00] modprobe: alias lines in modules.alias must have 3 entries, not 4
[2026/09/11 10:28:00] modprobe: alias lines in modules.alias must have 3 entries, not 7
[2026/09/11 10:28:00] modprobe: alias lines in modules.alias must have 3 entries, not 5
[2026/09/11 10:28:00] modprobe: alias lines in modules.alias must have 3 entries, not 4
[2026/09/11 10:28:00] modprobe: alias lines in modules.alias must have 3 entries, not 4
[2026/09/11 10:28:00] modprobe: alias lines in modules.alias must have 3 entries, not 6
[2026/09/11 10:28:00] modprobe: alias lines in modules.alias must have 3 entries, not 5
[2026/09/11 10:28:00] modprobe: alias lines in modules.alias must have 3 entries, not 5
[2026/09/11 10:28:00] modprobe: alias lines in modules.alias must have 3 entries, not 4
[2026/09/11 10:28:00] modprobe: alias lines in module[    7.347679][  T122] kallsyms_lookup_name with kp ffffffc00822d4dc,ret=0
[2026/09/11 10:28:00] s.alias must hav[    7.355217][  T122] stall_debug: chip id 0
[2026/09/11 10:28:00] e 3 entries, not 5
[2026/09/11 10:28:00] modprobe: alias lines in modules.alias must have 3 entries, [    7.366885][  T122] stall_debug: hook sysrq-c OK
[2026/09/11 10:28:00] not 5
[2026/09/11 10:28:00] modprobe:[    7.366932][  T163] current tty: ttyS0, irq: 22
[2026/09/11 10:28:00] alias lines in [    7.378264][  T122] stall_debug: alloc 1000 memory ok
[2026/09/11 10:28:00] modules.alias must have 3 entries, not 5
[2026/09/11 10:28:00] modprobe: alias lines in modules.alias must have 3 entries, not 6
[2026/09/11 10:28:00] modprobe: alias lines in modules.alias must have 3 entries, not 5
[2026/09/11 10:28:00] modprobe: alias lines in modules.alias must have 3 entries, not 4
[2026/09/11 10:28:00] Loading module /vendor/lib/modules/mtktv-regulator-mt5876.ko with args ''
[2026/09/11 10:28:00] Loaded kernel module /vendor/lib/modules/mtktv-regulator-mt5876.ko[    7.420476][  T122] kallsyms_lookup_name with kp ffffffc00822d4dc,ret=0
[2026/09/11 10:28:00] Loading module /vendor/lib/modules/mtktv-therm[    7.431060][  T475] stall_debug: rd_pid_max is 32768
[2026/09/11 10:28:00] al.ko with args [    7.437263][  T475] stall_debug: ptr_task_scs=ffffffc00d301000,size=40000
[2026/09/11 10:28:00] ''
[2026/09/11 10:28:00] Loading module /vendor/lib/modules/mtktv-cpufreq-ca.ko with args ''
[2026/09/11 10:28:00] Loaded kernel module /vendor/lib/modules/mtktv-cpufreq-ca.ko
[2026/09/11 10:28:00] Loading module /vendor/lib/modules/mtktv-cpufreq.ko with args ''
[2026/09/11 10:28:00] Loaded kernel module /vendor/lib/modules/mtktv-cpufreq.ko
[2026/09/11 10:28:00] Loading module /vendor/lib/modules/mtk-dramc[    7.470302][  T122] kallsyms_lookup_name with kp ffffffc00822d4dc,ret=0
[2026/09/11 10:28:00] .ko with args ''
[2026/09/11 10:28:00] Loading module[    7.480035][  T122] die_helper: log_buf is from ffffffc00a8f0060,len 20000
[2026/09/11 10:28:00] /vendor/lib/mod[    7.488063][  T122] die_helper: log_buf pa is from 0x00000000288f0060,len 20000
[2026/09/11 10:28:00] ules/mtk-mediator.ko with args ''
[2026/09/11 10:28:00] Loading module /vendor/lib/modules/cpu-freq-adapter.ko with args ''
[2026/09/11 10:28:00] Loaded kernel module /vendor/lib/modules/cpu-freq-adapter.ko
[2026/09/11 10:28:00] Loading module /vendor/lib/modules/mtktv-gpu-thermal.ko with args ''
[2026/09/11 10:28:00] Loaded kernel module /vendor/lib/modules/mtktv-gpu-thermal.ko
[2026/09/11 10:28:00] [    7.502495][  T163] current tty: ttyS0, irq: 22
[2026/09/11 10:28:00] [    7.526040][  T475] stall_debug: enable ip record by scs OK
[2026/09/11 10:28:01] [    8.885447][  T622] watchdog: watchdog0: watchdog did not stop!
[2026/09/11 10:28:02] [    9.507891][  T678] watchdog: watchdog0: watchdog did not stop!
[2026/09/11 10:28:02] CPU_AUDIO is running!
[2026/09/11 10:28:02] [9938263][_cpuAudio_ALSA_Driver_GetCardInfo][198]to o
[2026/09/11 10:28:02] pen /proc/asound/cards
[2026/09/11 10:28:02] [9938524][_cpuAudio_ALSA_Driver_GetCardInfo][225]Available Sound Cards:[
[2026/09/11 10:28:02] 0 [mtktvsndcard   ]: mtk-tvsnd-card - mtk-tvsnd-card
[2026/09/11 10:28:02] MTK-TV-SOUND-ASOC-AUDIO-DRV
[2026/09/11 10:28:02] 1 [vocsndcard     ]: vocsndcard - vocsndcard
[2026/09/11 10:28:02] vocsndcard 1
[2026/09/11 10:28:02] 2 [Loopback       ]: Loopback - Loopback
[2026/09/11 10:28:02] Loopback 1
[2026/09/11 10:28:02] 3 [mtkaloopsndcard]: mtkaloopsndcard - mtkaloopsndcard
[2026/09/11 10:28:02] mtkaloopsndcard 1
[2026/09/11 10:28:02] ]
[2026/09/11 10:28:02] [9938570][_cpuAudio_ALSA_Driver_GetCardInfo][239]index of mtktvsndcard : 0
[2026/09/11 10:28:02] [9938579][_cpuAudio_ALSA_Driver_GetCardInfo][254]mtktvsndcard : /dev/snd/controlC0
[2026/09/11 10:28:02] [9938597][_cpuAudio_ALSA_Driver_GetCardInfo][273]close /proc/asound/cards done
[2026/09/11 10:28:02] [9938675][_cpuAudio_ALSA_Driver_GetKcontolId][400]pKControl:Utopia controls,fd:3,elist.count:40
[2026/09/11 10:28:02] [9938686][_cpuAudio_ALSA_Driver_GetKcontolId][403]MM RATE
[2026/09/11 10:28:02] [9938693][_cpuAudio_ALSA_Driver_GetKcontolId][403]MM GET PB BUF LEVEL
[2026/09/11 10:28:02] [9938698][_cpuAudio_ALSA_Driver_GetKcontolId][403]MM GET CAP BUF LEVEL
[2026/09/11 10:28:02] [9938704][_cpuAudio_ALSA_Driver_GetKcontolId][403]Duplex mm controls
[2026/09/11 10:28:02] [9938709][_cpuAudio_ALSA_Driver_GetKcontolId][403]Capture MUTE EVENT
[2026/09/11 10:28:02] [9938714][_cpuAudio_ALSA_Driver_GetKcontolId][403]Capture NONPCM EVENT
[2026/09/11 10:28:02] [9938719][_cpuAudio_ALSA_Driver_GetKcontolId][403]Capture NONPCM FLAG
[2026/09/11 10:28:02] [9938725][_cpuAudio_ALSA_Driver_GetKcontolId][403]Capture FASTLOCK MODE
[2026/09/11 10:28:02] [9938730][_cpuAudio_ALSA_Driver_GetKcontolId][403]Capture TIMESTAMP
[2026/09/11 10:28:02] [9938737][_cpuAudio_ALSA_Driver_GetKcontolId][403]Capture controls
[2026/09/11 10:28:02] [9938742][_cpuAudio_ALSA_Driver_GetKcontolId][403]DSP Reload
[2026/09/11 10:28:02] [9938748][_cpuAudio_ALSA_Driver_GetKcontolId][403]Utopia controls
[2026/09/11 10:28:02] [9938753][_cpuAudio_ALSA_Driver_GetKcontolId][407]got Kcontrol[Utopia controls] at id[12]
[2026/09/11 10:28:02] [9938776][cpuAudio_ALSA_Driver_Init][690]Audio memory size(0x2E57000) phyAudioBase(0x200000) busAudioBase(0x20200000)
[2026/09/11 10:28:02] [9938786][_cpuAudio_ALSA_Driver_InitPcmDevice][301]Opening PCM device node=0/2, period=11863/1024, format=2/48000/0
[2026/09/11 10:28:02] [9939339][cpuAudio_ALSA_Driver_Init][701]phyAudioBase(0x200000) => UserVirtualAddr(0xed669000)
[2026/09/11 10:28:02] [9949433][cpuAudio_getInfo][562][1;35m cpuAudio[Info](thread-name:)(pid:0)(tid:0) [0m
[2026/09/11 10:28:02] [9949478][cpuAudio_getInfo][566][1;35m cpuAudio[decR2:0x2396,sndR2:0xd264][Version](0x20) [0m
[2026/09/11 10:28:02] [cpuAudio_createPostprocessMonitorThread][370]armAudio_postprocessrMonitor_ver: 0xff20 thread created successfully
[2026/09/11 10:28:02] [cpuAudio_postprocess_init][16] dec_base(ed669000) DEC_R2_SHM_DDR_OFFSET(0x1911000) snd_base(ee829000) SND_R2_SHM_DDR_OFFSET(0x753000) p_decR2_shm(0xeef7a000) p_sndR2_shm(0xeef7c000)
[2026/09/11 10:28:02] [1;35m [cpuAudioPostProcess_main][327]Enter while(1) loop. [0m
[2026/09/11 10:28:02] [   10.239942][  T760] [mzc] init done
[2026/09/11 10:28:03] [   11.033414][  T483] ir set boot status to 5.
[2026/09/11 10:28:04] [   11.457262][  T523] PowerHAL: [AT][AN][DC finish boot]
[2026/09/11 10:28:05] factory auto test loop start
[2026/09/11 10:28:05]  
[2026/09/11 10:28:13] 发送(hex): aa061001a7ef
[2026/09/11 10:28:13] «
[2026/09/11 10:28:13] ßN
[2026/09/11 10:28:14] 发送(hex): aa09700000000092eb
[2026/09/11 10:28:14] «
[2026/09/11 10:28:14] ßN
[2026/09/11 10:28:24] 发送(hex): aa06840063e1
[2026/09/11 10:28:24] «
[2026/09/11 10:28:24] ßN« &d
[2026/09/11 10:28:33] 发送(hex): aa061001a7ef
[2026/09/11 10:28:33] «
[2026/09/11 10:28:33] ßN
[2026/09/11 10:28:34] 发送(hex): aa09700000000092eb
[2026/09/11 10:28:34] «
[2026/09/11 10:28:34] ßN
[2026/09/11 10:28:44] 发送(hex): aa06840063e1
[2026/09/11 10:28:44] «
[2026/09/11 10:28:44] ßN« &d
[2026/09/11 10:28:56] UART
[2026/09/11 10:28:56] <.
[2026/09/11 10:28:56] AC_ON
[2026/09/11 10:28:56] HASH1_VERSION=0x00000000 64bit
[2026/09/11 10:28:56] E-A
[2026/09/11 10:28:56] [ETT_Main] Clock MPLL Init
[2026/09/11 10:28:56] [ETT_Main]MIU_ver 20260417-11996427-OneBin-V20.4-RefineWDTNew
[2026/09/11 10:28:56] [DRAMC] AC ON-0
[2026/09/11 10:28:56] [FAST_K]
[2026/09/11 10:28:56] [MOBF] Gen SW key
[2026/09/11 10:28:56] CH0 DramsizeFlag_CH0 DUMMY_REG = 0x1
[2026/09/11 10:28:56] dramc_channel0 restore dramsize_flag = 0x1
[2026/09/11 10:28:56] [FAST_K]
[2026/09/11 10:28:56] CH
[2026/09/11 10:28:56] 2 DramsizeFlag_CH2 DUMMY_REG = 0x0
[2026/09/11 10:28:56] dramc_channel2 restore dramsize_flag = 0x0
[2026/09/11 10:28:56] dispatch to 1 EMI 2 CH
[2026/09/11 10:28:56] MIUP set area: 3GB
[2026/09/11 10:28:56] EMI bist: [32mM0 pass[0m
[2026/09/11 10:28:56] EMI bist: [32mM2 pass[0m
[2026/09/11 10:28:56] fake engine: [32mpass[00000000][0m
[2026/09/11 10:28:56] fake engine: [32mpass[00000001][0m
[2026/09/11 10:28:56] u4dram_info=0x2406
[2026/09/11 10:28:56] TEELOADER_VERSION=0x00000000
[2026/09/11 10:28:56] optee teeloader entry
[2026/09/11 10:28:56] MultiOptee image detected, ModelID=
[2026/09/11 10:28:56] 17B06E0B
[2026/09/11 10:28:56] Mult
[2026/09/11 10:28:56] iOptee image detected, ModelID=17B06E0B
[2026/09/11 10:28:56] CusConfig
[2026/09/11 10:28:56] ARMFW_VERSION=0x00000000
[2026/09/11 10:28:56] OPTEE_VERSION=0x00000000
[2026/09/11 10:28:56] OPTEECUST_VERSION=0x00000000
[2026/09/11 10:28:56] REELOADER_VERSION=0x00000000
[2026/09/11 10:28:56] ns_uboot_boot
[2026/09/11 10:28:56] NOTICE:  BL31: v2.4(debug):f102f7cc7
[2026/09/11 10:28:56] NOTICE:  BL31: Built : 20:53:08, Jul 17 2026
[2026/09/11 10:28:56] INFO:    BL31: Initializing runtime services
[2026/09/11 10:28:56] INFO:    BL31: Initializing BL32
[2026/09/11 10:28:56] [TEE] TRIAL BOOT: 0
[2026/09/11 10:28:56] [DynRamlog] wait for configuring by tee driver
[2026/09/11 10:28:56] INF
[2026/09/11 10:28:56] O:    BL31: Preparing for EL3 exit to normal world
[2026/09/11 10:28:56] INFO:    Entry point address = 0x20100010
[2026/09/11 10:28:56] ree_entry
[2026/09/11 10:28:56] Check WDT....
[2026/09/11 10:28:56] UBOOT_VERSION=0x00000000
[2026/09/11 10:28:57] U-Boot2019.04-g23c3f665-dirty (Aug 23 2026 - 20:57:54 +0800)
[2026/09/11 10:28:57] Model: MediaTek MT5896 RFB
[2026/09/11 10:28:57] DRAM:  3 GiB
[2026/09/11 10:28:57] MMC:   mtk-mmc-fcie@1c660000: 0
[2026/09/11 10:28:57] Loading Environment from EXT4...
[2026/09/11 10:28:57] OK
[2026/09/11 10:28:57] [0;31m[ERROR] get_data_separ
[2026/09/11 10:28:57] ation_info:254: [0m[data spr][start:1296][end:1305][total time:9]
[2026/09/11 10:28:57] [0;31m[ERROR] get_partition_info:394: [0mCan not find corresponding suffixed partition name:factory_preset_a !!!
[2026/09/11 10:28:57] [0;31m[ERROR] get_pid_from_preset_partition:1495: [0mError: sys_get_storage_info from factory_preset failure
[2026/09/11 10:28:57] [0;31m
[2026/09/11 10:28:57] [ERROR] parse_tcl_ffvoice_lednum:1124: [0mdrive_item is not exist!
[2026/09/11 10:28:57] [0;31m[ERROR] parse_tcl_ffvoice_lednum:1144: [0muse default ffvoice lednum: 4!!!
[2026/09/11 10:28:57] [0;31m[ERROR] parse_tcl_led_stagespacetime:1019: [0mdrive_item is not exist!
[2026/09/11 10:28:57] [0;31m[ERROR] parse_tcl_led_stagespacetime:1039: [0muse default_ledstage: 0!!!
[2026/09/11 10:28:57] [0;31m[ERROR] parse_tcl_led_stagespacetime:1041: [0mset uenv led_stagespace : 0
[2026/09/11 10:28:57] device properties match:sid = "0"
[2026/09/11 10:28:57] [0;31m[ERROR] get_data_separation_info:270: [0mRead ini file success !
[2026/09/11 10:28:57] [0;31m[ERROR] To_parse_tcl_standby_qhb_support:234: [0mtcl_env_qhb = 0 or null or other,not support TCL  QHB
[2026/09/11 10:28:58] [0;31m[ERROR] dataindex_dtbo_overlay:644: [0m[DATAINDEX DTBO LOAD][start:1830][end:1920][total time:90]
[2026/09/11 10:28:58] Model: MediaTek MT5896 RFB
[2026/09/11 10:28:58] Net:
[2026/09/11 10:28:58] eth0: ethernet@1c700000
[2026/09/11 10:28:58] Booting(Working) pLedMode = LED_ON,pLightRate=80
[2026/09/11 10:28:58] Saving Environment to EXT4...
[2026/09/11 10:28:58] done
[2026/09/11 10:28:58] OK
[2026/09/11 10:28:58] sl
[2026/09/11 10:28:58] ot:0 slot retry:0 a_corrupt:0 b_corrupt:0 successful:[1:0]
[2026/09/11 10:28:58] 00000000: 00 00 00 00 00 00 00 00 00 00 00 00 00 00 00 00    ................
[2026/09/11 10:28:58] 00000010: 00 00 00 00 00 00 00 00 00 00 00 00 00 00 00 00    ................
[2026/09/11 10:28:58] [0;31m[ERROR] get_boot_mode_from_partition:354: [0mdump  OK
[2026/09/11 10:28:58] androidboot boot reason = ac
[2026/09/11 10:28:58] Reboot reason == PM_BR_AC
[2026/09/11 10:28:58] upgrade status:done
[2026/09/11 10:28:58] [0;31m[ERROR] standby_mode_enter_standby:187: [0m[panic case]: no panic occur, normal deal
[2026/09/11 10:28:58] Normal booting mode!
[2026/09/11 10:28:58] [wei] mtk_panel_probe 991, PANEL LIB VER 5
[2026/09/11 10:28:58] [wei] BOOT_PNL_VERSION OLD
[2026/09/11 10:28:58] [0;31m[ERROR] standby_mode_enter_qhb:274: [0mThis PID   unsupport  TCL QHB !!!
[2026/09/11 10:28:58] [0;31m[ERROR] mtk_panel_init_device:998: [0m[BEFORE DEMURA][start:2364][end:2404][total time:40]
[2026/09/11 10:28:58] [0;31m[ERROR] mtk_panel_enable:1149: [0m
[2026/09/11 10:28:58] ---mtk_panel_enable:1149 Set mtk_panel_enable DelayTask 7
[2026/09/11 10:28:58] Hit any key to stop autoboot:  0
[2026/09/11 10:28:58] [0;31m[ERROR] do_check_upgrade_mode:216: [0mresolve path fail: /mnt/vendor/tvconfig/bsp/common/misc/upgrade_mode.ini
[2026/09/11 10:28:58] check_auto_update
[2026/09/11 10:28:58] seconds : 2
[2026/09/11 10:28:58] Ticking:
[2026/09/11 10:28:58] jpd_api: [ERR] _MApi_NJPD_Decoder_Print
[2026/09/11 10:28:58] Error: data loss error!!
[2026/09/11 10:28:58] jpd_api: [ERR] _MApi_NJPD_Decoder_PrintError: bitstream error!!
[2026/09/11 10:28:58] [0;31m[ERROR] mtk_jpd_decode:361: [0mJPEG decode failed!!
[2026/09/11 10:28:58] [0;31m[ERROR] standby_mode_enter_standby:187: [0m[panic case]: no panic occur, normal deal
[2026/09/11 10:28:58] Normal booting mode!
[2026/09/11 10:28:58] [0;31m[ERROR] get_panel_pwm_duty_info:2644: [0mRead ini file to DRAM failure
[2026/09/11 10:28:58] [0;31m[ERROR] Check_TSR_PMIC_Version:229: [0mThis PID   unsupport   TSR IC !!!
[2026/09/11 10:28:58] [0;31m[ERROR] _mtk_pnl_cust_backlight_i2c_init:2672: [0mRead subnode (backlight_i2c_info) FAIL
[2026/09/11 10:28:58] kfault cur reboot mode: 0x0
[2026/09/11 10:28:58] kfault tcllog size: 0x4000000
[2026/09/11 10:28:58] kfault io buf 0x5be1fbc0, size 0x400, pos 0x0, is_read 1, ret 0
[2026/09/11 10:28:58] kfault io buf 0x5be1ffd0, size 0x2000, pos 0x400, is_read 1, ret 0
[2026/09/11 10:28:58] kfault io buf 0x5bd46a50, size 0x1000, pos 0x37ff000, is_read 1, ret 0
[2026/09/11 10:28:58] normal boot, just do tmp dump
[2026/09/11 10:28:58] MMC write: dev # 0, block # 1480696, count 8 ... 8 blocks written: OK
[2026/09/11 10:28:58] kfault io buf 0x5bd46a50, size 0x1000, pos 0x37ff000, is_read 0, ret 0
[2026/09/11 10:28:58] kfault_boot->log_num = 0
[2026/09/11 10:28:58] MMC write: dev # 0, block # 1366016, count 2 ... 2 blocks written: OK
[2026/09/11 10:28:58] kfault io buf 0x5be1fbc0, size 0x400, pos 0x0, is_read 0, ret 0
[2026/09/11 10:28:58] [0;31m[ERROR] standby_mode_enter_standby:187: [0m[panic case]: no panic occur, normal deal
[2026/09/11 10:28:58] Normal booting mode!
[2026/09/11 10:28:58] upgradecheck - upgrade mode check command
[2026/09/11 10:28:58] Usage:
[2026/09/11 10:28:58] upgradecheck command: upgradecheck
[2026/09/11 10:28:58] retry_count: 0
[2026/09/11 10:28:58] ## Android Verified Boot 2.0 version 1.1.0
[2026/09/11 10:28:58] Disable Flash Update Mode
[2026/09/11 10:28:59] Verification passed successfully
[2026/09/11 10:28:59] B
[2026/09/11 10:28:59] oot state is: Green !
[2026/09/11 10:28:59] Kernel load addr 0x26000000 size 41887 KiB
[2026/09/11 10:28:59] RAM disk load addr 0x01000000 size 2039 KiB
[2026/09/11 10:28:59] [0;31m[ERROR] bootargs_append:2318: [0mset cfg is androidboot.device_name=G08 androidboot.series=C androidboot.product=C745 androidboot.product_name=G08_4K_GB androidboot.client_type=TCL-EU-MT9653-S1 androidboot.model_name=Smart*TV*Pro androidboot.code_name=AU04 androidboot.ecid=22000000 androidboot.tcl_brand=TCL androidboot.manufacturer=TCL androidboot.oem_tag=EU androidboot.certify=unknown androidboot.extension=unknown androidboot.extension_res=unknown androidboot.extension_db=unknown
[2026/09/11 10:28:59] [0;31m[ERROR] bootargs_append:2318: [0mset cfg is androidboot.pid=0
[2026/09/11 10:28:59] device properties match:sid = "0"
[2026/09/11 10:28:59] [0;31m[ERROR] set_crashkernel_rsvmem:2278: [0mError: Read kdump file to Dram failed
[2026/09/11 10:28:59] do_tcl_crashkernel - tcl_crashkernel
[2026/09/11 10:28:59] Usage:
[2026/09/11 10:28:59] do_tcl_crashkernel command: set reserved memory for crashkernel
[2026/09/11 10:28:59] Loading Kernel Image ... OK
[2026/09/11 10:28:59] Loading Ramdisk to 29f09000, end 2bdff751 ... OK
[2026/09/11 10:28:59] Loading Device Tree to 000000002c4e1000, end 000000002c5ff9bb ... OK
[2026/09/11 10:29:00] [0;31m[ERROR] dataindex_dtbo_overlay:644: [0m[DATAINDEX DTBO LOAD][start:3846][end:3963][total time:117]
[2026/09/11 10:29:00] [0;31m[ERROR] standby_mode_enter_qhb:274: [0mThis PID   unsupport  TCL QHB !!!
[2026/09/11 10:29:00] [AutoTest][mboot][start kernel][4028]
[2026/09/11 10:29:00] Starting kernel ...
[2026/09/11 10:29:00] kfault io buf 0x5be54c90, size 0x28, pos 0x400, is_read 1, ret 0
[2026/09/11 10:29:00] last status:0x0
[2026/09/11 10:29:00] MMC write: dev # 0, block # 1480632, count 7 ...
[2026/09/11 10:29:00] 7 blocks written: OK
[2026/09/11 10:29:00] MMC write: dev # 0, block # 1480639, count 1 ...
[2026/09/11 10:29:00] 1 blocks written: OK
[2026/09/11 10:29:00] kfault io buf 0x5be4d940, size 0xf41, pos 0x37f7000, is_read 0, ret 0
[2026/09/11 10:29:00] MMC write: dev # 0, block # 1366018, count 1 ...
[2026/09/11 10:29:00] 1 blocks written: OK
[2026/09/11 10:29:00] kfault io buf 0x5bd43c90, size 0x28, pos 0x400, is_read 0, ret 0
[2026/09/11 10:29:00] WARNING: Unimplemented
[2026/09/11 10:29:00] Standard Service Call: 0x84000050
[2026/09/11 10:29:00] [    0.321999][    T1] clk_mt5896: we have : PM
[2026/09/11 10:29:00] [    0.
[2026/09/11 10:29:00] 322021][    T1] clk_mt5896: we have : NONPM
[2026/09/11 10:29:01] [Ramlog] tee_config_dyn_ramlog_by_cookie is success
[2026/09/11 10:29:01] [    0.469162][    T1] [K][EFUSE]mtk_efuse_init() ----- START
[2026/09/11 10:29:01] [    0.474779][    T1] [K][EFUSE]mtk_efuse_init() ----> OK
[2026/09/11 10:29:01] [    0.487264][    T1] ir set ir_arm_en to 1.
[2026/09/11 10:29:01] [    0.491454][    T1] ir get boot status 2.
[2026/09/11 10:29:01] [    0.495510][    T1] ir set boot status to 3.
[2026/09/11 10:29:01] [    0.499782][    T1] ir get key 65535.
[2026/09/11 10:29:01] [    0.503484][    T1] mtk-ir 1c080000.ir_in: ir probe done.
[2026/09/11 10:29:01] [    0.515257][    T1] [0][0][0]
[2026/09/11 10:29:01] [    0.526017][    T1] add null memory dma_heap with name mtk_nullmem_1
[2026/09/11 10:29:01] [    0.532391][    T1]     range from 0x3000000 to 0x13000000
[2026/09/11 10:29:01] [    0.532391][    T1]
[2026/09/11 10:29:01] [    0.532391][    T1]
[2026/09/11 10:29:01] [    0.566077][    T1] we have : seal
[2026/09/11 10:29:01] [    0.645782][   T67] mtk_mci 1c660000.mtk-mmc-fcie: [ mtk_fcie_set_ios() Ln.4351 ]
[2026/09/11 10:29:01] [    0.653393][   T67] mtk_mci 1c660000.mtk-mmc-fcie: Ld HS400ES
[2026/09/11 10:29:01] [    0.661522][   T67] mtk_mci 1c660000.mtk-mmc-fcie: eMMC: HS400 5.1 200MHz
[2026/09/11 10:29:01] [    0.668352][    T1] [Alg Debug] MApi_PQ_CLI_CFD_Init sucess!!
[2026/09/11 10:29:01] [    0.674413][   T67] mtk_mci 1c660000.mtk-mmc-fcie: eMMC: HS400 5.1 200MHz
[2026/09/11 10:29:01] [    0.683475][    T1] lizw pp 1
[2026/09/11 10:29:01] [    0.694424][    T
[2026/09/11 10:29:01] 1] ux_thread: uxthread_init done!
[2026/09/11 10:29:01] [    0.700031][    T1] tcl_action_monitor: kfault kernel timeout init
[2026/09/11 10:29:02] [    1.820423][
[2026/09/11 10:29:02] T121] tcl_action_monitor: kfault stop kernel init timeout
[2026/09/11 10:29:02] console:/ $
[2026/09/11 10:29:03] [0;32;31m [ramlog] tee_get_ramlog_config 586 [m
[2026/09/11 10:29:03] [ramlog] Chip ID: 27 f3 04 f5 fd 0b 95 c5 8d 04 00 00
[2026/09/11 10:29:03] [ramlog] TEE log is not enabled (I2C mode:1)
[2026/09/11 10:29:05] [    4.621651][  T319] mtk_and: line 0: glide-disk-cach%com.google.android.apps.tv.launcherx=S:N-20
[2026/09/11 10:29:05] [    4.630889][  T319] mtk_and: line 1: animation%com.netflix.ninja=S:N-10
[2026/09/11 10:29:05] [    4.637667][  T319] mtk_and: line 2: Thread-17%com.amazon.amazonvideo.livingroom=S:R1
[2026/09/11 10:29:05] [    4.645578][  T319] mtk_and: line 3: Thread-18%com.amazon.amazonvideo.livingroom=S:R1
[2026/09/11 10:29:05] [    4.980739][  T121] mtu3 1c7a3e00.usb: ssusb clo
[2026/09/11 10:29:05] ck enable
[2026/09/11 10:29:05] [    5.002188][  T121] mtu3 1c1b3e00.usb: ssusb clock enable
[2026/09/11 10:29:05] Info: get
[2026/09/11 10:29:05] MI daemon priority before System Init: [-20]
[2026/09/11 10:29:05] [mi_daemon]!!!Enter MI daemon prcoess!! start time =5052
[2026/09/11 10:29:05] [mi_daemon][HASHKEY]{_Bin_Hashkey_Init,692} ----- START not bGingaSupported
[2026/09/11 10:29:05] [mi_daemon][HASHKEY]{_Bin_Hashkey_Init,697} ----- START
[2026/09/11 10:29:05] [mi_daemon][HASHKEY]{_getPathFromDataIndex,620} pszFilePath:/tclconfig/hardware/param/soc/dataIndex_00_WW_4K60_VbyOne.ini
[2026/09/11 10:29:05] Cannot get key 'HASHKEY:hashkey_file' in dataIndex file /tclconfig/hardware/param/soc/dataIndex_00_WW_4K60_VbyOne.ini
[2026/09/11 10:29:05] [IPAUTH][HASHKEY]{MApi_IPAUTH_Init_by_bin,580} (iBinSize:306)
[2026/09/11 10:29:05] [IPAUTH]{_IPAUTH_ReadDebugFile,308} ----- START
[2026/09/11 10:29:05] [IPAUTH]{_IPAUTH_ReadDebugFile,317} Debug file is not exist~(/data/vendor/ipauth_debug.txt)
[2026/09/11 10:29:05] [IPAUTH][HASHKEY]{MApi_IPAUTH_Init_by_bin,631} u16CustomerId:0x19
[2026/09/11 10:29:05] [IPAUTH][HASHKEY]{MApi_IPAUTH_Init_by_bin,693} u16HashkeyChipId:0x10D
[2026/09/11 10:29:05] [IPAUTH][HASHKEY]{_IPAUTH_HASHKEY_Verify,406} call HASHKEY_Verify()
[2026/09/11 10:29:05] [IPAUTH][HASHKEY]{_IPAUTH_HASHKEY_Verify,408} HASHKEY_Verify() return 0
[2026/09/11 10:29:05] [IPAUTH][HASHKEY]{MApi_IPAUTH_Init_by_bin,750} set _u8_hashkey_verify_result=OK
[2026/09/11 10:29:05] [IPAUTH][HASHKEY]{_IPAUTH_HASHKEY_set_BinDataToKernel,503} (u32Para1:1, pu8BinBuf:0xFFEC9CC0, u32BufSize:306)
[2026/09/11 10:29:05] [IPAUTH][HASHKEY]{_IPAUTH_HASHKEY_set_BinDataToKernel,523} cmd:0x8791, u32_para_1:0x1, u32BufSize_in:306
[2026/09/11 10:29:05] [mi_daemon]!!!Enter MI daemon flow time=5052!!
[2026/09/11 10:29:05] [mi_daemon]{_MI_SYS_Init,809} _MI_SYS_Init() ----- START
[2026/09/11 10:29:05] !!!MI daemon prcoess start! MI daemon cost time=195!!!
[2026/09/11 10:29:05] Info: get MI daemon priority after Module Init: [0]
[2026/09/11 10:29:06] [    6.008081][  T121] realtime_framework_init is invoked
[2026/09/11 10:29:06] [    6.013549][  T121] realtime_module_init [538], REALTIME_UID=2941
[2026/09/11 10:29:06] [    6.033476][
[2026/09/11 10:29:06] T403] tcl_vdf: vdf_send_task run..
[2026/09/11 10:29:06] modprobe: alias lines in m
[2026/09/11 10:29:06] odules.alias must have 3 entries, not 5
[2026/09/11 10:29:06] modprobe: alias lines in modules.alias must have 3 entries, not 5
[2026/09/11 10:29:06] modprobe: alias lines in modules.alias must have 3 entries, not 4
[2026/09/11 10:29:06] modprobe: alias lines in modules.alias must have 3 entries, not 7
[2026/09/11 10:29:06] modprobe: alias lines in modules.alias must have 3 entries, not 5
[2026/09/11 10:29:06] modprobe: alias lines in modules.alias must have 3 entries, not 4
[2026/09/11 10:29:06] modprobe: alias lines in modules.alias must have 3 entries, not 4
[2026/09/11 10:29:06] modprobe: alias lines in modules.alias must have 3 entries, not 6
[2026/09/11 10:29:06] modprobe: alias lines in modules.alias must have 3 entries, not 5
[2026/09/11 10:29:06] modprobe: alias lines in modules.alias must have 3 entries, not 5
[2026/09/11 10:29:06] modprobe: alias lines in modules.alias must have 3 entries, not 4
[2026/09/11 10:29:06] modprobe: alias lines in modules.alias must have 3 entries, not 5
[2026/09/11 10:29:06] modprobe: alias lines in modules.alias must have 3 entries, not 5
[2026/09/11 10:29:06] modprobe: alias lines in modules.alias must have 3 entries, not 5
[2026/09/11 10:29:06] modprobe: alias lines in modules.alias must have 3 entries, not 6
[2026/09/11 10:29:06] modprobe: alias lines in modules.alias must have 3 entries, not 5
[2026/09/11 10:29:06] modprobe: alias lines in modules.alias must have 3 entries, not 4
[2026/09/11 10:29:06] Loading module /vendor/lib/modules/spi-mtkdtv-ci.ko with args ''
[2026/09/11 10:29:06] Loaded kernel module /vendor/lib/modules/spi-mtkdtv-ci.ko
[2026/09/11 10:29:06] [    6.342337][  T409] [aust
[2026/09/11 10:29:06] in_demod_dd][demod_probe] name = [austin_demod]
[2026/09/11 10:29:06] [    6.349103][  T409] [demod_probe][120] austin_dev->client->addr = 0x79
[2026/09/11 10:29:06] [    6.355852][  T409] [austin_chk_exist][74] ret -121, --- 0 9 3 2
[2026/09/11 10:29:06] [    6.406687][  T409] [
[2026/09/11 10:29:06] mdbgin_merak_demod_dd][mtk_demod_custom_file_open][2503] __entry__
[2026/09/11 10:29:06] [    6.414727][  T409] [mtk_demod_custom_file_open][2542] CUSTOM_EQ_TYPE7
[2026/09/11 10:29:06] [    6.421406][  T409] [mtk_demod_custom_file_open][2554] custom file open fail !
[2026/09/11 10:29:06] [    6.428668][  T409] 1ce00000.mtk-demod is already registered, pass it
[2026/09/11 10:29:07] [    6.869897][  T406] drv_hwreg_srccap_hdmirx_attach b_attach = 1
[2026/09/11 10:29:07] [    6.869899][  T406] drv_hwreg_srccap_hdmirx_attach size = 1
[2026/09/11 10:29:07] [    6.875940][  T406] hal_hwreg_srccap_hdmirx_ops_array[0].hw_version = 6
[2026/09/11 10:29:07] [    6.890388][  T406] u32_addr_min = eb00
[2026/09/11 10:29:07] [    6.894267][  T406] u32_addr_max = ebf0
[2026/09/11 10:29:07] modprobe: alias lines in modules.alias must have 3 e
[2026/09/11 10:29:07] ntries, not 5
[2026/09/11 10:29:07] modprobe: alias lines in modules.alias must have 3 entries, not 5
[2026/09/11 10:29:07] modprobe: alias lines in modules.alias must have 3 entries, not 4
[2026/09/11 10:29:07] modprobe: alias lines in modules.alias must have 3 entries, not 7
[2026/09/11 10:29:07] modprobe: alias lines in modules.alias must have 3 entries, not 5
[2026/09/11 10:29:07] modprobe: alias lines in modules.alias must have 3 entries, not 4
[2026/09/11 10:29:07] modprobe: alias lines in modules.alias must have 3 entries, not 4
[2026/09/11 10:29:07] modprobe: alias lines in modules.alias must have 3 entries, not 6
[2026/09/11 10:29:07] modprobe: alias lines in modules.alias must have 3 entries, not 5
[2026/09/11 10:29:07] modprobe: alias lines in modules.alias must have 3 entries, not 5
[2026/09/11 10:29:07] modprobe: alias lines in modules.alias must have 3 entries, not 4
[2026/09/11 10:29:07] modprobe: alias lines in modules.alias must have 3 entries, not 5
[2026/09/11 10:29:07] modprobe: al[    7.074645][  T121] kallsyms_lookup_name with kp ffffffc00822d4dc,ret=0
[2026/09/11 10:29:07] ias lines in modules.alias must [    7.084364][  T121] stall_debug: chip id 0
[2026/09/11 10:29:07] have 3 entries, not 5
[2026/09/11 10:29:07] modprobe: alias lines in modules.alias must have 3 entries, not 5
[2026/09/11 10:29:07] modprobe: alias lines in modules.alias must have 3 entries, not 6
[2026/09/11 10:29:07] mod[    7.102337][  T121] stall_debug: hook sysrq-c OK
[2026/09/11 10:29:07] probe: alias lin[    7.107589][  T161] current tty: ttyS0, irq: 22
[2026/09/11 10:29:07] es in modules.alias must have 3 [    7.115198][  T121] stall_debug: alloc 1000 memory ok
[2026/09/11 10:29:07] entries, not 5
[2026/09/11 10:29:07] modprobe: alias lines in modules.alias must have 3 entries, not 4
[2026/09/11 10:29:07] Loading module /vendor/lib/modules/mtktv-regulator-mt5876.ko with args ''
[2026/09/11 10:29:07] Loaded kernel module /vendor/lib/modules/mtktv-regulator-mt5876.ko
[2026/09/11 10:29:07] Loading module /vendor/lib/modules/mtktv-thermal.ko with args ''
[2026/09/11 10:29:07] Loading module /vendor/lib/m[    7.151831][  T121] kallsyms_lookup_name with kp ffffffc00822d4dc,ret=0
[2026/09/11 10:29:07] odules/mtktv-cpufreq-ca.ko with args ''
[2026/09/11 10:29:07] Loaded kernel module /vendor/lib/module[    7.164919][  T475] stall_debug: rd_pid_max is 32768
[2026/09/11 10:29:07] s/mtktv-cpufreq-[    7.171119][  T475] stall_debug: ptr_task_scs=ffffffc00d715000,size=40000
[2026/09/11 10:29:07] ca.ko
[2026/09/11 10:29:07] Loading module /vendor/lib/modules/mtktv-cpufreq.ko with args ''
[2026/09/11 10:29:07] Loaded kernel module /vendor/lib/modules/mtktv-cpufreq.ko
[2026/09/11 10:29:07] Loading module /vendor/lib/modules/mtk-dramc.ko with args ''
[2026/09/11 10:29:07] Loading module[    7.195354][  T121] kallsyms_lookup_name with kp ffffffc00822d4dc,ret=0
[2026/09/11 10:29:07] /vendor/lib/modules/mtk-mediato[    7.205021][  T121] die_helper: log_buf is from ffffffc00a8f0060,len 20000
[2026/09/11 10:29:07] r.ko with args '[    7.213135][  T121] die_helper: log_buf pa is from 0x00000000288f0060,len 20000
[2026/09/11 10:29:07] '
[2026/09/11 10:29:07] Loading module /vendor/lib/modules/cpu-freq-adapter.ko with args ''
[2026/09/11 10:29:07] Loaded kernel module /vendor/lib/modules/cpu-freq-adapter.ko
[2026/09/11 10:29:07] Loading module /vendor/lib/modules/mtktv-gpu-thermal.ko with args ''
[2026/09/11 10:29:07] Loaded kernel module /vendor/lib/modules/mtktv-gpu-thermal.ko
[2026/09/11 10:29:07] [    7.227702][  T161] current tty: ttyS0, irq: 22
[2026/09/11 10:29:07] [    7.296695][  T475] stall_debug: enable ip record by scs OK
[2026/09/11 10:29:09] [    8.590355][  T630] watchdog: watchdog0: watchdog did not stop!
[2026/09/11 10:29:09] [    8.851391][  T657] watchdog: watchdog0: watchdog did not stop!
[2026/09/11 10:29:09] C
[2026/09/11 10:29:09] PU_AUDIO is running!
[2026/09/11 10:29:09] [9099532][_cpuAudio_ALSA_Driver_GetCardInfo][198]to open /proc/asound/cards
[2026/09/11 10:29:09] [9099763][_cpuAudio_ALSA_Driver_GetCardInfo][225]Available Sound Cards:[
[2026/09/11 10:29:09] 0 [mtktvsndcard   ]: mtk-tvsnd-card - mtk-tvsnd-card
[2026/09/11 10:29:09] MTK-TV-SOUND-ASOC-AUDIO-DRV
[2026/09/11 10:29:09] 1 [Loopback       ]: Loopback - Loopback
[2026/09/11 10:29:09] Loopback 1
[2026/09/11 10:29:09] 2 [mtkaloopsndcard]: mtkaloopsndcard - mtkaloopsndcard
[2026/09/11 10:29:09] mtkaloopsndcard 1
[2026/09/11 10:29:09] 3 [vocsndcard     ]: vocsndcard - vocsndcard
[2026/09/11 10:29:09] vocsndcard 1
[2026/09/11 10:29:09] ]
[2026/09/11 10:29:09] [9099807][_cpuAudio_ALSA_Driver_GetCardInfo][239]index of mtktvsndcard : 0
[2026/09/11 10:29:09] [9099816][_cpuAudio_ALSA_Driver_GetCardInfo][254]mtktvsndcard : /dev/snd/controlC0
[2026/09/11 10:29:09] [9099832][_cpuAudio_ALSA_Driver_GetCardInfo][273]close /proc/asound/cards done
[2026/09/11 10:29:09] [9099920][_cpuAudio_ALSA_Driver_GetKcontolId][400]pKControl:Utopia controls,fd:3,elist.count:40
[2026/09/11 10:29:09] [9099931][_cpuAudio_ALSA_Driver_GetKcontolId][403]MM RATE
[2026/09/11 10:29:09] [9099937][_cpuAudio_ALSA_Driver_GetKcontolId][403]MM GET PB BUF LEVEL
[2026/09/11 10:29:09] [9099942][_cpuAudio_ALSA_Driver_GetKcontolId][403]MM GET CAP BUF LEVEL
[2026/09/11 10:29:09] [9099947][_cpuAudio_ALSA_Driver_GetKcontolId][403]Duplex mm controls
[2026/09/11 10:29:09] [9099952][_cpuAudio_ALSA_Driver_GetKcontolId][403]Capture MUTE EVENT
[2026/09/11 10:29:09] [9099957][_cpuAudio_ALSA_Driver_GetKcontolId][403]Capture NONPCM EVENT
[2026/09/11 10:29:09] [9099962][_cpuAudio_ALSA_Driver_GetKcontolId][403]Capture NONPCM FLAG
[2026/09/11 10:29:09] [9099967][_cpuAudio_ALSA_Driver_GetKcontolId][403]Capture FASTLOCK MODE
[2026/09/11 10:29:09] [9099972][_cpuAudio_ALSA_Driver_GetKcontolId][403]Capture TIMESTAMP
[2026/09/11 10:29:09] [9099976][_cpuAudio_ALSA_Driver_GetKcontolId][403]Capture controls
[2026/09/11 10:29:09] [9099981][_cpuAudio_ALSA_Driver_GetKcontolId][403]DSP Reload
[2026/09/11 10:29:09] [9099986][_cpuAudio_ALSA_Driver_GetKcontolId][403]Utopia controls
[2026/09/11 10:29:09] [9099991][_cpuAudio_ALSA_Driver_GetKcontolId][407]got Kcontrol[Utopia controls] at id[12]
[2026/09/11 10:29:09] [9100152][cpuAudio_ALSA_Driver_Init][690]Audio memory size(0x2E57000) phyAudioBase(0x200000) busAudioBase(0x20200000)
[2026/09/11 10:29:09] [9100165][_cpuAudio_ALSA_Driver_InitPcmDevice][301]Opening PCM device node=0/2, period=11863/1024, format=2/48000/0
[2026/09/11 10:29:09] [9100794][cpuAudio_ALSA_Driver_Init][701]phyAudioBase(0x[    9.279521][  T710] [mzc] init done
[2026/09/11 10:29:09] 200000) => UserVirtualAddr(0xe69a9000)
[2026/09/11 10:29:09] [9110925][cpuAudio_getInfo][562][1;35m cpuAudio[Info](thread-name:)(pid:0)(tid:0) [0m
[2026/09/11 10:29:09] [9110969][cpuAudio_getInfo][566][1;35m cpuAudio[decR2:0x2396,sndR2:0xd264][Version](0x20) [0m
[2026/09/11 10:29:09] [cpuAudio_createPostprocessMonitorThread][370]armAudio_postprocessrMonitor_ver: 0xff20 thread created successfully
[2026/09/11 10:29:09] [cpuAudio_postprocess_init][16] dec_base(e69a9000) DEC_R2_SHM_DDR_OFFSET(0x1911000) snd_base(e7b69000) SND_R2_SHM_DDR_OFFSET(0x753000) p_decR2_shm(0xe82ba000) p_sndR2_shm(0xe82bc000)
[2026/09/11 10:29:09] [1;35m [cpuAudioPostProcess_main][327]Enter while(1) loop. [0m
[2026/09/11 10:29:11] [   10.665313][  T484] ir set boot status to 5.
[2026/09/11 10:29:11] [   10.938143][  T525] PowerHAL: [AT][AN][DC finish boot]
[2026/09/11 10:29:13] factory a
[2026/09/11 10:29:13] uto test loop start
[2026/09/11 10:29:13]  
[2026/09/11 10:29:20] 发送(hex): aa061001a7ef
[2026/09/11 10:29:20] «
[2026/09/11 10:29:20] ßN
[2026/09/11 10:29:21] 发送(hex): aa06110194de
[2026/09/11 10:29:22] «
[2026/09/11 10:29:22] ßN
[2026/09/11 10:29:41] 发送(hex): aa06840063e1
[2026/09/11 10:29:41] «
[2026/09/11 10:29:41] ßN«h Ô
[2026/09/11 10:29:42] 发送(hex): aa061001a7ef
[2026/09/11 10:29:42] «
[2026/09/11 10:29:42] ßN
[2026/09/11 10:29:43] 发送(hex): aa06110194de
[2026/09/11 10:29:43] «
[2026/09/11 10:29:43] ßN
[2026/09/11 10:30:03] 发送(hex): aa06840063e1
[2026/09/11 10:30:03] «
[2026/09/11 10:30:03] ßN«h Ô
[2026/09/11 10:30:03] 发送(hex): aa06840063e1
[2026/09/11 10:30:03] «
[2026/09/11 10:30:03] ßN«h Ô
[2026/09/11 10:30:07] UART
[2026/09/11 10:30:07] <.
[2026/09/11 10:30:07] AC_ON
[2026/09/11 10:30:07] HASH1_V
[2026/09/11 10:30:07] ERSION=0x00000000 64bit
[2026/09/11 10:30:07] E-A
[2026/09/11 10:30:07] [ETT_Main] Clock MPLL Init
[2026/09/11 10:30:07] [ETT_Main]MIU_ver 20260417-11996427-OneBin-V20.4-RefineWDTNew
[2026/09/11 10:30:07] [DRAMC] AC ON-0
[2026/09/11 10:30:07] [FAST_K]
[2026/09/11 10:30:07] [MOBF] Gen SW key
[2026/09/11 10:30:07] CH0 DramsizeFlag_CH0 DUMMY_REG = 0x1
[2026/09/11 10:30:07] dramc_channel0 restore dramsize_flag = 0x1
[2026/09/11 10:30:07] [FAST_K]
[2026/09/11 10:30:07] CH2 DramsizeFlag_CH2 DUMMY_REG = 0x0
[2026/09/11 10:30:07] dramc_channel2 restore dramsize_flag = 0x0
[2026/09/11 10:30:07] dispatch to 1 EMI 2 CH
[2026/09/11 10:30:07] MIUP set area: 3GB
[2026/09/11 10:30:07] EMI bist: [32mM0 pass[0m
[2026/09/11 10:30:07] EMI bist: [32mM2 pass[0m
[2026/09/11 10:30:07] fake engine: [32mpass[00000000][0m
[2026/09/11 10:30:07] fake engine: [32mpass[00000001][0m
[2026/09/11 10:30:07] u4dram_info=0x2406
[2026/09/11 10:30:07] TEELOADER_VERSION=0x00000000
[2026/09/11 10:30:07] optee teeloader entry
[2026/09/11 10:30:07] MultiOptee image detected,
[2026/09/11 10:30:07] ModelID=17B06E0B
[2026/09/11 10:30:07] MultiOptee image detected, ModelID=17B06E0B
[2026/09/11 10:30:07] CusConfig
[2026/09/11 10:30:07] ARMFW_VERSION=0x00000000
[2026/09/11 10:30:07] OPTEE_VERSION=0x00000000
[2026/09/11 10:30:07] OPTEECUST_VERSION=0x00000000
[2026/09/11 10:30:07] REELOADER_VERSION=0x00000000
[2026/09/11 10:30:07] ns_uboot_boot
[2026/09/11 10:30:07] NOTICE:  BL31: v2.4(debug):f102f7cc7
[2026/09/11 10:30:07] NOTICE:  BL31: Built : 20:53:08, Jul 17 2026
[2026/09/11 10:30:07] INFO:    BL31: Initializing runtime services
[2026/09/11 10:30:07] INFO:    BL31: Initializing BL32
[2026/09/11 10:30:07] [TEE] TRIAL BOOT: 0
[2026/09/11 10:30:07] [DynRamlog] wait for configuring by tee driver
[2026/09/11 10:30:07] INFO:    BL31: Preparing for EL3 exit to normal world
[2026/09/11 10:30:07] INFO:    Entry point address = 0x20100010
[2026/09/11 10:30:07] ree_entry
[2026/09/11 10:30:07] Check WDT....
[2026/09/11 10:30:07] UBOOT_VERSION=0x00000000
[2026/09/11 10:30:08] U-Boot2019.04-g23c3f665-dirty (Aug 23 2026 - 20:57:54 +0800)
[2026/09/11 10:30:08] Model: MediaTek MT5896 RFB
[2026/09/11 10:30:08] DRAM:  3 GiB
[2026/09/11 10:30:08] MMC:   mtk-mmc-fcie@1c660000: 0
[2026/09/11 10:30:08] Loading Environment from EXT4...
[2026/09/11 10:30:08] OK
[2026/09/11 10:30:08] [0;31m[ERROR] get_data_separation_i
[2026/09/11 10:30:08] nfo:254: [0m[data spr][start:1296][end:1305][total time:9]
[2026/09/11 10:30:08] [0;31m[ERROR] get_partition_info:394: [0mCan not find corresponding suffixed partition name:factory_preset_a !!!
[2026/09/11 10:30:08] [0;31m[ERROR] get_pid_from_preset_partition:1495: [0mError: sys_get_storage_info from factory_preset failure
[2026/09/11 10:30:08] [0;31m[ERROR]
[2026/09/11 10:30:08] parse_tcl_ffvoice_lednum:1124: [0mdrive_item is not exist!
[2026/09/11 10:30:08] [0;31m[ERROR] parse_tcl_ffvoice_lednum:1144: [0muse default ffvoice lednum: 4!!!
[2026/09/11 10:30:08] [0;31m[ERROR] parse_tcl_led_stagespacetime:1019: [0mdrive_item is not exist!
[2026/09/11 10:30:08] [0;31m[ERROR] parse_tcl_led_stagespacetime:1039: [0muse default_ledstage: 0!!!
[2026/09/11 10:30:08] [0;31m[ERROR] parse_tcl_led_stagespacetime:1041: [0mset uenv led_stagespace : 0
[2026/09/11 10:30:08] device properties match:sid = "104"
[2026/09/11 10:30:08] [0;31m[ERROR] get_data_separation_info:270: [0mRead ini file success !
[2026/09/11 10:30:08] [0;31m[ERROR] To_parse_tcl_standby_qhb_support:234: [0mtcl_env_qhb = 0 or null or other,not support TCL  QHB
[2026/09/11 10:30:09] [0;31m[ERROR] dataindex_dtbo_overlay:644: [0m[DATAINDEX DTBO LOAD][start:1796][end:1886][total time:90]
[2026/09/11 10:30:09] Model: MediaTek MT5896 RFB
[2026/09/11 10:30:09] Net:
[2026/09/11 10:30:09] eth0: ethernet@1c700000
[2026/09/11 10:30:09] Booting(Working) pLedMode = LED_ON,pLightRate=80
[2026/09/11 10:30:09] Saving Environment to EXT4...
[2026/09/11 10:30:09] done
[2026/09/11 10:30:09] OK
[2026/09/11 10:30:09] slot:0 slot retry:0 a_corrupt:0 b_corrupt:0 successful:[1:0]
[2026/09/11 10:30:09] 00000000: 00 00 00 00 00 00 00 00 00 00 00 00 00 00 00 00    ................
[2026/09/11 10:30:09] 00000010: 00 00 00 00 00 00 00 00 00 00 00 00 00 00 00 00    ................
[2026/09/11 10:30:09] [0;31m[ERROR] get_boot_mode_from_partition:354: [0mdump  OK
[2026/09/11 10:30:09] androidboot boot reason = ac
[2026/09/11 10:30:09] Reboot reason == PM_BR_AC
[2026/09/11 10:30:09] upgrade status:done
[2026/09/11 10:30:09] [0;31m[ERROR] standby_mode_enter_standby:187: [0m[panic case]: no panic occur, normal deal
[2026/09/11 10:30:09] Normal booting mode!
[2026/09/11 10:30:09] [wei] mtk_panel_probe 991, PANEL LIB VER 5
[2026/09/11 10:30:09] [wei] BOOT_PNL_VERSION OLD
[2026/09/11 10:30:09] [0;31m[ERROR] standby_mode_enter_qhb:274: [0mThis PID   unsupport  TCL QHB !!!
[2026/09/11 10:30:09] [0;31m[ERROR] mtk_panel_init_device:998: [0m[BEFORE DEMURA][start:2534][end:2574][total time:40]
[2026/09/11 10:30:09] [0;31m[ERROR] mtk_panel_enable:1149: [0m
[2026/09/11 10:30:09] ---mtk_panel_enable:1149 Set mtk_panel_enable DelayTask 7
[2026/09/11 10:30:09] Hit any key to stop autoboot:  0
[2026/09/11 10:30:09] [0;31m[ERROR] do_check_upgrade_mode:216: [0mresolve path fail: /mnt/vendor/tvconfig/bsp/common/misc/upgrade_mode.ini
[2026/09/11 10:30:09] check_auto_update
[2026/09/11 10:30:09] seconds : 2
[2026/09/11 10:30:09] Ticking:
[2026/09/11 10:30:09] jpd_api: [ERR] _MApi_NJPD_Decoder_PrintError: data loss error!!
[2026/09/11 10:30:09] jpd_api: [ERR] _MApi_NJPD_Decoder_PrintError: bitstream error!!
[2026/09/11 10:30:09] [0;31m[ERROR] mtk_jpd_decode:361: [0mJPEG decode failed!!
[2026/09/11 10:30:09] [0;
[2026/09/11 10:30:10] 31m[ERROR] standby_mode_enter_standby:187: [0m[panic case]: no panic occur, normal deal
[2026/09/11 10:30:10] Normal booting mode!
[2026/09/11 10:30:10] [0;31m[ERROR] get_panel_pwm_duty_info:2644: [0mRead ini file to DRAM failure
[2026/09/11 10:30:10] [0;31m[ERROR] Check_TSR_PMIC_Version:229: [0mThis PID   unsupport   TSR IC !!!
[2026/09/11 10:30:10] [0;31m[ERROR] _mtk_pnl_cust_backlight_i2c_init:2672: [0mRead subnode (backlight_i2c_info) FAIL
[2026/09/11 10:30:10] kfault cur reboot mode: 0x0
[2026/09/11 10:30:10] kfault tcllog size: 0x4000000
[2026/09/11 10:30:10] kfault io buf 0x5be223b0, size 0x400, pos 0x0, is_read 1, ret 0
[2026/09/11 10:30:10] kfault io buf 0x5be227c0, size 0x2000, pos 0x400, is_read 1, ret 0
[2026/09/11 10:30:10] kfault io buf 0x5be267e0, size 0x1000, pos 0x37ff000, is_read 1, ret 0
[2026/09/11 10:30:10] normal boot, just do tmp dump
[2026/09/11 10:30:10] MMC write: dev # 0, block # 1480696, count 8 ... 8 blocks written: OK
[2026/09/11 10:30:10] kfault io buf 0x5be267e0, size 0x1000, pos 0x37ff000, is_read 0, ret 0
[2026/09/11 10:30:10] kfault_boot->log_num = 0
[2026/09/11 10:30:10] MMC write: dev # 0, block # 1366016, count 2 ... 2 blocks written: OK
[2026/09/11 10:30:10] kfault io buf 0x5be223b0, size 0x400, pos 0x0, is_read 0, ret 0
[2026/09/11 10:30:10] [0;31m[ERROR] standby_mode_enter_standby:187: [0m[panic case]: no panic occur, normal deal
[2026/09/11 10:30:10] Normal booting mode!
[2026/09/11 10:30:10] upgradecheck - upgrade mode check command
[2026/09/11 10:30:10] Usage:
[2026/09/11 10:30:10] upgradecheck command: upgradecheck
[2026/09/11 10:30:10] retry_count: 0
[2026/09/11 10:30:10] ## Android Verified Boot 2.0 version 1.1.0
[2026/09/11 10:30:10] Disable Flash Update Mode
[2026/09/11 10:30:10] Verification passed successfully
[2026/09/11 10:30:10] Boot state is: Green !
[2026/09/11 10:30:10] Kernel load addr 0x26000000 size 41887 KiB
[2026/09/11 10:30:10] RAM disk load addr 0x01000000 size 2039 KiB
[2026/09/11 10:30:10] [0;31m[ERROR] bootargs_append:2318: [0mset cfg is androidboot.device_name=G08 androidboot.series=X androidboot.product=X11K androidboot.product_name=G08_4K_GB androidboot.client_type=TCL-EU-MT9653-S1 androidboot.model_name=Smart*TV*Pro androidboot.code_name=AU04 androidboot.ecid=22000000 androidboot.tcl_brand=TCL androidboot.manufacturer=TCL androidboot.oem_tag=EU androidboot.certify=unknown androidboot.extension=TCL_QDMINI_4K androidboot.extension_res=unknown androidboot.extension_db=unknown
[2026/09/11 10:30:10] [0;31m[ERROR] bootargs_append:2318: [0mset cfg is androidboot.pid=26624
[2026/09/11 10:30:10] device properties match:sid = "104"
[2026/09/11 10:30:10] [0;31m[ERROR] set_crashkernel_rsvmem:2278: [0mError: Read kdump file to Dram failed
[2026/09/11 10:30:10] do_tcl_crashkernel - tcl_crashkernel
[2026/09/11 10:30:10] Usage:
[2026/09/11 10:30:10] do_tcl_crashkernel command: set reserved memory for crashkernel
[2026/09/11 10:30:10] Loading Kernel Image ... OK
[2026/09/11 10:30:10] Loading Ramdisk to 29f09000, end 2bdff751 ... OK
[2026/09/11 10:30:10] Loading Device Tree to 000000002c4e1000, end 000000002c5ff9bb ... OK
[2026/09/11 10:30:11] [0;31m[ERROR] dataindex_dtbo_overlay:644: [0m[DATAINDEX DTBO LOAD][start:4017][end:4135][total time:118]
[2026/09/11 10:30:11] [0;31m[ERROR] standby_mode_enter_qhb:274: [0mThis PID   unsupport  TCL QHB !!!
[2026/09/11 10:30:11] [AutoTest][mboot][start kernel][4199]
[2026/09/11 10:30:11] Starting kernel ...
[2026/09/11 10:30:11] kfault io buf 0x5be53830, size 0x28, pos 0x400, is_read 1, ret 0
[2026/09/11 10:30:11] last status:0x0
[2026/09/11 10:30:11] MMC write: dev # 0, block # 1480632, count 7 ...
[2026/09/11 10:30:11] 7 blocks written: OK
[2026/09/11 10:30:11] MMC write: dev # 0, block # 1480639, count 1 ...
[2026/09/11 10:30:11] 1 blocks written: OK
[2026/09/11 10:30:11] kfault io buf 0x5be53830, size 0xf4d, pos 0x37f7000, is_read 0, ret 0
[2026/09/11 10:30:11] MMC write: dev # 0, block # 1366018, count 1 ...
[2026/09/11 10:30:11] 1 blocks written: OK
[2026/09/11 10:30:11] kfault io buf 0x5bd37190, size 0x28, pos 0x400, is_read 0, ret 0
[2026/09/11 10:30:11] WARNING: Unimpleme
[2026/09/11 10:30:11] nted Standard Service Call: 0x84000050
[2026/09/11 10:30:12] [    0.321444][    T1] clk_mt5896: we have : PM
[2026/09/11 10:30:12] [    0.3
[2026/09/11 10:30:12] 21467][    T1] clk_mt5896: we have : NONPM
[2026/09/11 10:30:12] [Ramlog] tee_config_dyn_ramlog_by_cookie is success
[2026/09/11 10:30:12] [    0.469118][    T1] [K][EFUSE]mtk_efuse_init() ----- START
[2026/09/11 10:30:12] [    0.474739][    T1] [K][EFUSE]mtk_efuse_init() ----> OK
[2026/09/11 10:30:12] [    0.487193][    T1] ir set ir_arm_en to 1.
[2026/09/11 10:30:12] [    0.491387][    T1] ir get boot status 2.
[2026/09/11 10:30:12] [    0.495440][    T1] ir set boot status to 3.
[2026/09/11 10:30:12] [    0.499711][    T1] ir get key 65535.
[2026/09/11 10:30:12] [    0.503414][    T1] mtk-ir 1c080000.ir_in: ir probe done.
[2026/09/11 10:30:12] [    0.515153][    T1] [0][0][0]
[2026/09/11 10:30:12] [    0.525943][    T1] add null memory dma_heap with name mtk_nullmem_1
[2026/09/11 10:30:12] [    0.532314][    T1]     range from 0x3000000 to 0x13000000
[2026/09/11 10:30:12] [    0.532314][    T1]
[2026/09/11 10:30:12] [    0.532314][    T1]
[2026/09/11 10:30:12] [    0.566012][    T1] we have : seal
[2026/09/11 10:30:12] [    0.645792][   T67] mtk_mci 1c660000.mtk-mmc-fcie: [ mtk_fcie_set_ios() Ln.4351 ]
[2026/09/11 10:30:12] [    0.653413][   T67] mtk_mci 1c660000.mtk-mmc-fcie: Ld HS400ES
[2026/09/11 10:30:12] [    0.661552][   T67] mtk_mci 1c660000.mtk-mmc-fcie: eMMC: HS400 5.1 200MHz
[2026/09/11 10:30:12] [    0.668377][    T1] [Alg Debug] MApi_PQ_CLI_CFD_Init sucess!!
[2026/09/11 10:30:12] [    0.674440][   T67] mtk_mci 1c660000.mtk-mmc-fcie: eMMC: HS400 5.1 200MHz
[2026/09/11 10:30:12] [    0.683832][    T1] lizw pp 1
[2026/09/11 10:30:12] [    0.694731][    T1]
[2026/09/11 10:30:12] ux_thread: uxthread_init done!
[2026/09/11 10:30:12] [    0.700390][    T1] tcl_action_monitor: kfault kernel timeout init
[2026/09/11 10:30:13] [    1.782918][  T125] tcl_action_monitor: kfault stop kernel init timeout
[2026/09/11 10:30:14] console:/ $
[2026/09/11 10:30:15] [0;32;31m [ramlog] tee_get_ramlog_config 58
[2026/09/11 10:30:15] 6 [m
[2026/09/11 10:30:15] [ramlog] Chip ID: 27 f3 04 f5 fd 0b 95 c5 8d 04 00 00
[2026/09/11 10:30:15] [ramlog] TEE log is not enabled (I2C mode:1)
[2026/09/11 10:30:16] [    4.560947][  T320] mtk_and: line 0: glide-disk-cach%com.google.android.apps.tv.launcherx=S:N-20
[2026/09/11 10:30:16] [    4.569786][  T320] mtk_and: line 1: animation%com.netflix.ninja=S:N-10
[2026/09/11 10:30:16] [    4.576430][  T320] mtk_and: line 2: Thread-17%com.amazon.amazonvideo.livingroom=S:R1
[2026/09/11 10:30:16] [    4.584294][  T320] mtk_and: line 3: Thread-18%com.amazon.amazonvideo.livingroom=S:R1
[2026/09/11 10:30:16] [    4.903580][  T125] mtu3 1c7a3e00.usb: ssusb
[2026/09/11 10:30:16] clock enable
[2026/09/11 10:30:16] [    4.917789][  T125] mtu3 1c1b3e00.usb: ssusb clock enable
[2026/09/11 10:30:16] Info: get MI daemon priority before System Init: [-20]
[2026/09/11 10:30:16] [mi_daemon]!!!Enter MI daemon prcoess!! start time =4977
[2026/09/11 10:30:16] [mi_daemon][HASHKEY]{_Bin_Hashkey_Init,692} ----- START not bGingaSupported
[2026/09/11 10:30:16] [mi_daemon][HASHKEY]{_Bin_Hashkey_Init,697} ----- START
[2026/09/11 10:30:17] [mi_daemon][HASHKEY]{_getPathFromDataIndex,620} pszFilePath:/tclconfig/hardware/param/soc/dataIndex_00_WW_4K60_VbyOne.ini
[2026/09/11 10:30:17] Cannot get key 'HASHKEY:hashkey_file' in dataIndex file /tclconfig/hardware/param/soc/dataIndex_00_WW_4K60_VbyOne.ini
[2026/09/11 10:30:17] [IPAUTH][HASHKEY]{MApi_IPAUTH_Init_by_bin,580} (iBinSize:306)
[2026/09/11 10:30:17] [IPAUTH]{_IPAUTH_ReadDebugFile,308} ----- START
[2026/09/11 10:30:17] [IPAUTH]{_IPAUTH_ReadDebugFile,317} Debug file is not exist~(/data/vendor/ipauth_debug.txt)
[2026/09/11 10:30:17] [IPAUTH][HASHKEY]{MApi_IPAUTH_Init_by_bin,631} u16CustomerId:0x19
[2026/09/11 10:30:17] [IPAUTH][HASHKEY]{MApi_IPAUTH_Init_by_bin,693} u16HashkeyChipId:0x10D
[2026/09/11 10:30:17] [IPAUTH][HASHKEY]{_IPAUTH_HASHKEY_Verify,406} call HASHKEY_Verify()
[2026/09/11 10:30:17] [IPAUTH][HASHKEY]{_IPAUTH_HASHKEY_Verify,408} HASHKEY_Verify() return 0
[2026/09/11 10:30:17] [IPAUTH][HASHKEY]{MApi_IPAUTH_Init_by_bin,750} set _u8_hashkey_verify_result=OK
[2026/09/11 10:30:17] [IPAUTH][HASHKEY]{_IPAUTH_HASHKEY_set_BinDataToKernel,503} (u32Para1:1, pu8BinBuf:0xFFE43D30, u32BufSize:306)
[2026/09/11 10:30:17] [IPAUTH][HASHKEY]{_IPAUTH_HASHKEY_set_BinDataToKernel,523} cmd:0x8791, u32_para_1:0x1, u32BufSize_in:306
[2026/09/11 10:30:17] [mi_daemon]!!!Enter MI daemon flow time=4977!!
[2026/09/11 10:30:17] [mi_daemon]{_MI_SYS_Init,809} _MI_SYS_Init() ----- START
[2026/09/11 10:30:17] !!!MI daemon prcoess start! MI daemon cost time=273!!!
[2026/09/11 10:30:17] Info: get MI daemon priority after Module Init: [0]
[2026/09/11 10:30:18] [    6.405864][  T125] realtime_framework_init is invoked
[2026/09/11 10:30:18] [    6.411230][  T125] realtime_module_init [538], REALTIME_UID=2941
[2026/09/11 10:30:18] [    6.425816][  T401] tcl_vdf: vdf_send_task run..
[2026/09/11 10:30:18] modprobe: alias lines in modules.alias must have 3 entries, not 5
[2026/09/11 10:30:18] modprobe: alias lines in modules.alias must have 3 entries, not 5
[2026/09/11 10:30:18] modprobe: alias lines in modules.alias must have 3 entries, not 4
[2026/09/11 10:30:18] modprobe: alias lines in modules.alias must have 3 entries, not 7
[2026/09/11 10:30:18] modprobe: alias line[    6.593004][  T408] [austin_demod_dd][demod_probe] name = [austin_demod]
[2026/09/11 10:30:18] s in modules.ali[    6.601053][  T408] [demod_probe][120] austin_dev->client->addr = 0x79
[2026/09/11 10:30:18] as must have 3 e[    6.609110][  T408] [austin_chk_exist][74] ret -121, --- 0 9 3 2
[2026/09/11 10:30:18] ntries, not 5
[2026/09/11 10:30:18] modprobe: alias lines in modules.alias must have 3 entries, not 4
[2026/09/11 10:30:18] modprobe: alias lines in modules.alias must have 3 entries, not 4
[2026/09/11 10:30:18] modprobe: alias lines in modules.alias must have 3 entries, not 6
[2026/09/11 10:30:18] modprobe: alias lines in modules.alias must have 3 entries, not 5
[2026/09/11 10:30:18] modpr[    6.640879][  T408] [mdbgin_merak_demod_dd][mtk_demod_custom_file_open][2503] __entry__
[2026/09/11 10:30:18] obe: alias lines[    6.649182][  T408] [mtk_demod_custom_file_open][2542] CUSTOM_EQ_TYPE7
[2026/09/11 10:30:18] in modules.alia[    6.657256][  T408] [mtk_demod_custom_file_open][2554] custom file open fail !
[2026/09/11 10:30:18] s must have 3 en[    6.665684][  T408] 1ce00000.mtk-demod is already registered, pass it
[2026/09/11 10:30:18] tries, not 5
[2026/09/11 10:30:18] modprobe: alias lines in modules.alias must have 3 entries, not 4
[2026/09/11 10:30:18] modprobe: alias lines in modules.alias must have 3 entries, not 5
[2026/09/11 10:30:18] modprobe: alias lines in modules.alias must have 3 entries, not 5
[2026/09/11 10:30:18] modprobe: alias lines in modules.alias must have 3 entries, not 5
[2026/09/11 10:30:18] modprobe: alias lines in modules.alias must have 3 entries, not 6
[2026/09/11 10:30:18] modprobe: alias lines in modules.alias must have 3 entries, not 5
[2026/09/11 10:30:18] modprobe: alias lines in modules.alias must have 3 entries, not 4
[2026/09/11 10:30:18] Loading module /vendor/lib/modules/spi-mtkdtv-ci.ko with args ''
[2026/09/11 10:30:18] Loaded kernel module /vendor/lib/modules/spi-mtkdtv-ci.ko
[2026/09/11 10:30:19] [    7.159660][  T406] drv_hwreg_srccap_hdmirx_attach b_attach = 1
[2026/09/11 10:30:19] [    7.159663][  T406] drv_hwreg_srccap_hdmirx_attach size = 1
[2026/09/11 10:30:19] [    7.166156][  T406] hal_hwreg_srccap_hdmirx_ops_array[0].hw_version = 6
[2026/09/11 10:30:19] [    7.182300][  T406] u32_addr_min = eb00
[2026/09/11 10:30:19] [    7.186180][  T406] u32_addr_max = ebf0
[2026/09/11 10:30:19] modprobe: alias lines in mod
[2026/09/11 10:30:19] ules.alias must have 3 entries, not 5
[2026/09/11 10:30:19] modprobe: alias lines in modules.alias must have 3 entries, not 5
[2026/09/11 10:30:19] modprobe: alias lines in modules.alias must have 3 entries, not 4
[2026/09/11 10:30:19] modprobe: alias lines in modules.alias must have 3 entries, not 7
[2026/09/11 10:30:19] modprobe: alias lines in modules.alias must have 3 entries, not 5
[2026/09/11 10:30:19] modprobe: alias lines in modules.alias must have 3 entries, not 4
[2026/09/11 10:30:19] modprobe: alias lines in modules.alias must have 3 entries, not 4
[2026/09/11 10:30:19] modprobe: alias lines in modules.alias must have 3 entries, not 6
[2026/09/11 10:30:19] modprobe: alias lines in modules.alias must have 3 entries, not 5
[2026/09/11 10:30:19] modprobe: alias lines in modules.alias must have 3 entries, not 5
[2026/09/11 10:30:19] modprobe: alias lines in modules.alias must have 3[    7.323804][  T125] kallsyms_lookup_name with kp ffffffc00822d4dc,ret=0
[2026/09/11 10:30:19] entries, not 4[    7.332261][  T125] stall_debug: chip id 0
[2026/09/11 10:30:19] modprobe: alias lines in modules.alias must have 3 entries, not 5
[2026/09/11 10:30:19] modprobe: alias lines in modules.alias must have 3 entries, not 5
[2026/09/11 10:30:19] modprobe: alias lines in modules.alias must have 3 entries, not 5
[2026/09/11 10:30:19] modpro[    7.354545][  T125] stall_debug: hook sysrq-c OK
[2026/09/11 10:30:19] be: alias lines [    7.356828][  T166] current tty: ttyS0, irq: 22
[2026/09/11 10:30:19] in modules.alias[    7.366390][  T125] stall_debug: alloc 1000 memory ok
[2026/09/11 10:30:19] must have 3 entries, not 6
[2026/09/11 10:30:19] modprobe: alias lines in modules.alias must have 3 entries, not 5
[2026/09/11 10:30:19] modprobe: alias lines in modules.alias must have 3 entries, not 4
[2026/09/11 10:30:19] Loading module /vendor/lib/modules/mtktv-regulator-mt5876.ko with args ''
[2026/09/11 10:30:19] Loaded kernel module /vendor/lib/modules/mtktv-regulator-mt5876.ko
[2026/09/11 10:30:19] Loading module /vendor/lib/modules/mtktv-thermal.ko with args ''
[2026/09/11 10:30:19] Loading modu[    7.409550][  T472] stall_debug: rd_pid_max is 32768
[2026/09/11 10:30:19] le /vendor/lib/m[    7.415024][  T472] stall_debug: ptr_task_scs=ffffffc00d050000,size=40000
[2026/09/11 10:30:19] odules/mtktv-cpu[    7.417452][  T125] kallsyms_lookup_name with kp ffffffc00822d4dc,ret=0
[2026/09/11 10:30:19] freq-ca.ko with args ''
[2026/09/11 10:30:19] Loaded kernel module /vendor/lib/modules/mtktv-cpufreq-ca.ko
[2026/09/11 10:30:19] Loading module /vendor/lib/modules/mtktv-cpufreq.ko with args ''
[2026/09/11 10:30:19] [    7.464571][  T125] kallsyms_lookup_name with kp ffffffc00822d4dc,ret=0
[2026/09/11 10:30:19] [    7.473305][  T125] die_helper: log_buf is from ffffffc00a8f0060,len 20000
[2026/09/11 10:30:19] [    7.480565][  T125] die_helper: log_buf pa is from 0x00000000288f0060,len 20000
[2026/09/11 10:30:19] [    7.494832][  T166] current tty: ttyS0, irq: 22
[2026/09/11 10:30:19] [    7.509281][  T472] stall_debug: enable ip record by scs OK
[2026/09/11 10:30:19] Loaded kernel module /vendor/lib/modules/mtktv-cpufreq.ko
[2026/09/11 10:30:19] Loading module /vendor/lib/modules/mtk-dramc.ko with args ''
[2026/09/11 10:30:19] Loading module /vendor/lib/modules/mtk-mediator.ko with args ''
[2026/09/11 10:30:19] Loading module /vendor/lib/modules/cpu-freq-adapter.ko with args ''
[2026/09/11 10:30:19] Loaded kernel module /vendor/lib/modules/cpu-freq-adapter.ko
[2026/09/11 10:30:19] Loading module /vendor/lib/modules/mtktv-gpu-thermal.ko with args ''
[2026/09/11 10:30:19] Loaded kernel module /vendor/lib/modules/mtktv-gpu-thermal.ko
[2026/09/11 10:30:20] [    8.851224][  T629] watchdog: watchdog0: watchdog did not stop!
[2026/09/11 10:30:20] [
[2026/09/11 10:30:20] 9.063507][  T656] watchdog: watchdog0: watchdog did not stop!
[2026/09/11 10:30:21] CPU_AUDIO is running!
[2026/09/11 10:30:21] [9718318][_cpuAudio_ALSA_Driver_GetCardInfo][198]to open
[2026/09/11 10:30:21] /proc/asound/cards
[2026/09/11 10:30:21] [9718551][_cpuAudio_ALSA_Driver_GetCardInfo][225]Available Sound Cards:[
[2026/09/11 10:30:21] 0 [mtktvsndcard   ]: mtk-tvsnd-card - mtk-tvsnd-card
[2026/09/11 10:30:21] MTK-TV-SOUND-ASOC-AUDIO-DRV
[2026/09/11 10:30:21] 1 [Loopback       ]: Loopback - Loopback
[2026/09/11 10:30:21] Loopback 1
[2026/09/11 10:30:21] 2 [mtkaloopsndcard]: mtkaloopsndcard - mtkaloopsndcard
[2026/09/11 10:30:21] mtkaloopsndcard 1
[2026/09/11 10:30:21] 3 [vocsndcard     ]: vocsndcard - vocsndcard
[2026/09/11 10:30:21] vocsndcard 1
[2026/09/11 10:30:21] ]
[2026/09/11 10:30:21] [9718593][_cpuAudio_ALSA_Driver_GetCardInfo][239]index of mtktvsndcard : 0
[2026/09/11 10:30:21] [9718602][_cpuAudio_ALSA_Driver_GetCardInfo][254]mtktvsndcard : /dev/snd/controlC0
[2026/09/11 10:30:21] [9718619][_cpuAudio_ALSA_Driver_GetCardInfo][273]close /proc/asound/cards done
[2026/09/11 10:30:21] [9718712][_cpuAudio_ALSA_Driver_GetKcontolId][400]pKControl:Utopia controls,fd:3,elist.count:40
[2026/09/11 10:30:21] [9718723][_cpuAudio_ALSA_Driver_GetKcontolId][403]MM RATE
[2026/09/11 10:30:21] [9718729][_cpuAudio_ALSA_Driver_GetKcontolId][403]MM GET PB BUF LEVEL
[2026/09/11 10:30:21] [9718734][_cpuAudio_ALSA_Driver_GetKcontolId][403]MM GET CAP BUF LEVEL
[2026/09/11 10:30:21] [9718739][_cpuAudio_ALSA_Driver_GetKcontolId][403]Duplex mm controls
[2026/09/11 10:30:21] [9718744][_cpuAudio_ALSA_Driver_GetKcontolId][403]Capture MUTE EVENT
[2026/09/11 10:30:21] [9718750][_cpuAudio_ALSA_Driver_GetKcontolId][403]Capture NONPCM EVENT
[2026/09/11 10:30:21] [9718755][_cpuAudio_ALSA_Driver_GetKcontolId][403]Capture NONPCM FLAG
[2026/09/11 10:30:21] [9718760][_cpuAudio_ALSA_Driver_GetKcontolId][403]Capture FASTLOCK MODE
[2026/09/11 10:30:21] [9718765][_cpuAudio_ALSA_Driver_GetKcontolId][403]Capture TIMESTAMP
[2026/09/11 10:30:21] [9718770][_cpuAudio_ALSA_Driver_GetKcontolId][403]Capture controls
[2026/09/11 10:30:21] [9718775][_cpuAudio_ALSA_Driver_GetKcontolId][403]DSP Reload
[2026/09/11 10:30:21] [9718780][_cpuAudio_ALSA_Driver_GetKcontolId][403]Utopia controls
[2026/09/11 10:30:21] [9718785][_cpuAudio_ALSA_Driver_GetKcontolId][407]got Kcontrol[Utopia controls] at id[12]
[2026/09/11 10:30:21] [9718810][cpuAudio_ALSA_Driver_Init][690]Audio memory size(0x2E57000) phyAudioBase(0x200000) busAudioBase(0x20200000)
[2026/09/11 10:30:21] [9718821][_cpuAudio_ALSA_Driver_InitPcmDevice][301]Opening PCM device node=0/2, period=11863/1024, format=2/48000/0
[2026/09/11 10:30:21] [9719406][cpuAudio_ALSA_Driver_Init][701]phyAudioBase(0x200000) => UserVirtualAddr(0xefde9000)
[2026/09/11 10:30:21] [9729531][cpuAudio_getInfo][562][1;35m cpuAudio[Info](thread-name:)(pid:0)(tid:0) [0m
[2026/09/11 10:30:21] [9729582][cpuAudio_getInfo][566][1;35m cpuAudio[decR2:0x2396,sndR2:0xd264][Version](0x20) [0m
[2026/09/11 10:30:21] [cpuAudio_createPostprocessMonitorThread][370]armAudio_postprocessrMonitor_ver: 0xff20 thread created successfully
[2026/09/11 10:30:21] [cpuAudio_postprocess_init][16] dec_base(efde9000) DEC_R2_SHM_DDR_OFFSET(0x1911000) snd_base(f0fa9000) SND_R2_SHM_DDR_OFFSET(0x753000) p_decR2_shm(0xf16fa000) p_sndR2_shm(0xf16fc000)
[2026/09/11 10:30:21] [1;35m [cpuAudioPostProcess_main][327]Enter while(1) loop. [0m
[2026/09/11 10:30:21] [    9.991
[2026/09/11 10:30:21] 600][  T755] [mzc] init done
[2026/09/11 10:30:22] [   10.493280][  T483] ir set boot status to 5.
[2026/09/11 10:30:23] [   11.27112
[2026/09/11 10:30:23] 1][  T523] PowerHAL: [AT][AN][DC finish boot]
[2026/09/11 10:30:25] factory auto test loop start
[2026/09/11 10:30:25]  
[2026/09/11 10:30:35] 发送(hex): 0d
[2026/09/11 10:30:35] 发送(hex): 20
[2026/09/11 10:30:35] 发送(hex): 03
[2026/09/11 10:30:35] 发送(hex): 0d
[2026/09/11 10:30:36] 发送(hex): 20
[2026/09/11 10:30:36] 发送(hex): 03
[2026/09/11 10:30:36] 发送(hex): 0d
[2026/09/11 10:30:36] 发送(hex): 20
[2026/09/11 10:30:36] 发送(hex): 03
[2026/09/11 10:30:36] 发送(hex): 0d
[2026/09/11 10:30:36] 发送(hex): 20
[2026/09/11 10:30:36] 发送(hex): 03
[2026/09/11 10:30:36] 发送(hex): 0d
[2026/09/11 10:30:36] 发送(hex): 20
[2026/09/11 10:30:36] 发送(hex): 03
[2026/09/11 10:30:36] 发送(hex): 0d
[2026/09/11 10:30:36] 发送(hex): 20
[2026/09/11 10:30:36] 发送(hex): 03
[2026/09/11 10:30:36] 发送(hex): 0d
[2026/09/11 10:30:36] 发送(hex): 20
[2026/09/11 10:30:36] 发送(hex): 03
[2026/09/11 10:30:36] 发送(hex): 0d
[2026/09/11 10:30:36] 发送(hex): 20
[2026/09/11 10:30:36] 发送(hex): 03
[2026/09/11 10:30:36] 发送(hex): 0d
[2026/09/11 10:30:36] 发送(hex): 20
[2026/09/11 10:30:36] 发送(hex): 03
[2026/09/11 10:30:36] 发送(hex): 0d
[2026/09/11 10:30:36] 发送(hex): 20
[2026/09/11 10:30:36] 发送(hex): 03
[2026/09/11 10:30:36] 发送(hex): 0d
[2026/09/11 10:30:36] 发送(hex): 20
[2026/09/11 10:30:36] 发送(hex): 03
[2026/09/11 10:30:36] 发送(hex): 0d
[2026/09/11 10:30:36] 发送(hex): 20
[2026/09/11 10:30:36] 发送(hex): 03
[2026/09/11 10:30:36] 发送(hex): 0d
[2026/09/11 10:30:36] 发送(hex): 20
[2026/09/11 10:30:36] 发送(hex): 03
[2026/09/11 10:30:36] 发送(hex): 0d
[2026/09/11 10:30:36] 发送(hex): 20
[2026/09/11 10:30:36] 发送(hex): 03
[2026/09/11 10:30:36] UART
[2026/09/11 10:30:36] <.
[2026/09/11 10:30:36] AC_ON
[2026/09/11 10:30:36] 发送(hex): 0d
[2026/09/11 10:30:36] 发送(hex): 20
[2026/09/11 10:30:36] 发送(hex): 03
[2026/09/11 10:30:36] 发送(hex): 0d
[2026/09/11 10:30:36] 发送(hex): 20
[2026/09/11 10:30:36] 发送(hex): 03
[2026/09/11 10:30:36] 发送(hex): 0d
[2026/09/11 10:30:36] 发送(hex): 20
[2026/09/11 10:30:36] 发送(hex): 03
[2026/09/11 10:30:36] 发送(hex): 0d
[2026/09/11 10:30:36] 发送(hex): 20
[2026/09/11 10:30:36] 发送(hex): 03
[2026/09/11 10:30:36] 发送(hex): 0d
[2026/09/11 10:30:36] HASH1_VERSION=0x00000000 64bit
[2026/09/11 10:30:36] E-A
[2026/09/11 10:30:36] 发送(hex): 20
[2026/09/11 10:30:36] 发送(hex): 03
[2026/09/11 10:30:36] 发送(hex): 0d
[2026/09/11 10:30:36] [ETT_Main] Clock MPLL Init
[2026/09/11 10:30:36] [ETT_Main]MIU_ver 20260417-11996427-OneBin-V20.4-RefineWDTNew
[2026/09/11 10:30:36] [DRAMC] AC ON-0
[2026/09/11 10:30:36] [FAST_K]
[2026/09/11 10:30:36] [MOBF] Gen SW key
[2026/09/11 10:30:36] 发送(hex): 20
[2026/09/11 10:30:36] 发送(hex): 03
[2026/09/11 10:30:36] 发送(hex): 0d
[2026/09/11 10:30:36] 发送(hex): 20
[2026/09/11 10:30:36] 发送(hex): 03
[2026/09/11 10:30:36] CH0 DramsizeFlag_CH0 DUMMY_REG = 0x1
[2026/09/11 10:30:36] dramc_channel0 restore dramsize_flag = 0x1
[2026/09/11 10:30:36] [FAST_K]
[2026/09/11 10:30:36] 发送(hex): 0d
[2026/09/11 10:30:36] 发送(hex): 20
[2026/09/11 10:30:36] 发送(hex): 03
[2026/09/11 10:30:36] C
[2026/09/11 10:30:36] 发送(hex): 0d
[2026/09/11 10:30:36] 发送(hex): 20
[2026/09/11 10:30:36] 发送(hex): 03
[2026/09/11 10:30:36] 发送(hex): 0d
[2026/09/11 10:30:36] 发送(hex): 20
[2026/09/11 10:30:36] H2 DramsizeFlag_CH2 DUMMY_REG = 0x0
[2026/09/11 10:30:36] dramc_channel2 restore dramsize_flag = 0x0
[2026/09/11 10:30:36] dispatch to 1 EMI 2 CH
[2026/09/11 10:30:36] MIUP set area: 3GB
[2026/09/11 10:30:36] EMI bist: [32mM0 pass[0m
[2026/09/11 10:30:36] EMI bist: [32mM2 pass[0m
[2026/09/11 10:30:36] fake engine: [32mpass[00000000][0m
[2026/09/11 10:30:36] fake engine: [32mpass[00000001][0m
[2026/09/11 10:30:36] u4dram_info=0x2406
[2026/09/11 10:30:36] TEELOADER_VERSION=0x00000000
[2026/09/11 10:30:36] 发送(hex): 03
[2026/09/11 10:30:36] optee teeloader entry
[2026/09/11 10:30:36] MultiOptee image detected, ModelI
[2026/09/11 10:30:36] 发送(hex): 0d
[2026/09/11 10:30:36] 发送(hex): 20
[2026/09/11 10:30:36] D=17B06E0B
[2026/09/11 10:30:36] Mul
[2026/09/11 10:30:36] 发送(hex): 03
[2026/09/11 10:30:36] tiOptee image detected, ModelID=17B06E0B
[2026/09/11 10:30:36] 发送(hex): 0d
[2026/09/11 10:30:36] 发送(hex): 20
[2026/09/11 10:30:36] 发送(hex): 03
[2026/09/11 10:30:36] 发送(hex): 0d
[2026/09/11 10:30:36] 发送(hex): 20
[2026/09/11 10:30:36] CusConfig
[2026/09/11 10:30:36] 发送(hex): 03
[2026/09/11 10:30:36] 发送(hex): 0d
[2026/09/11 10:30:36] ARMFW_VERSION=0x00000000
[2026/09/11 10:30:36] OPTEE_VERSION=0x00000000
[2026/09/11 10:30:36] OPTEECUST_VERSION=0x00000000
[2026/09/11 10:30:36] REELOADER_VERSION=0x00000000
[2026/09/11 10:30:36] 发送(hex): 20
[2026/09/11 10:30:36] 发送(hex): 03
[2026/09/11 10:30:36] 发送(hex): 0d
[2026/09/11 10:30:36] 发送(hex): 20
[2026/09/11 10:30:36] ns_uboot_boot
[2026/09/11 10:30:36] NOTICE:  BL31: v2.4(debug):f102f7cc7
[2026/09/11 10:30:36] NOTICE:  BL31: Built : 20:53:08, Jul 17 2026
[2026/09/11 10:30:36] INFO:    BL31: Initializing runtime services
[2026/09/11 10:30:36] INFO:    BL31: Initializing BL32
[2026/09/11 10:30:36] [TEE] TRIAL BOOT: 0
[2026/09/11 10:30:36] 发送(hex): 03
[2026/09/11 10:30:36] 发送(hex): 0d
[2026/09/11 10:30:36] 发送(hex): 20
[2026/09/11 10:30:36] 发送(hex): 03
[2026/09/11 10:30:36] 发送(hex): 0d
[2026/09/11 10:30:36] 发送(hex): 20
[2026/09/11 10:30:36] [DynRamlog] wait for configuring by tee driver
[2026/09/11 10:30:36] 发送(hex): 03
[2026/09/11 10:30:36] 发送(hex): 0d
[2026/09/11 10:30:36] INFO:    BL31: Preparing for EL3 exit to normal world
[2026/09/11 10:30:36] INFO:    Entry point address = 0x20100010
[2026/09/11 10:30:36] ree_entry
[2026/09/11 10:30:36] Check WDT....
[2026/09/11 10:30:36] UBOOT_VERSION=0x00000000
[2026/09/11 10:30:36] 发送(hex): 20
[2026/09/11 10:30:36] 发送(hex): 03
[2026/09/11 10:30:36] 发送(hex): 0d
[2026/09/11 10:30:37] 发送(hex): 20
[2026/09/11 10:30:37] 发送(hex): 03
[2026/09/11 10:30:37] 发送(hex): 0d
[2026/09/11 10:30:37] 发送(hex): 20
[2026/09/11 10:30:37] 发送(hex): 03
[2026/09/11 10:30:37] 发送(hex): 0d
[2026/09/11 10:30:37] 发送(hex): 20
[2026/09/11 10:30:37] 发送(hex): 03
[2026/09/11 10:30:37] 发送(hex): 0d
[2026/09/11 10:30:37] 发送(hex): 20
[2026/09/11 10:30:37] 发送(hex): 03
[2026/09/11 10:30:37] 发送(hex): 0d
[2026/09/11 10:30:37] 发送(hex): 20
[2026/09/11 10:30:37] 发送(hex): 03
[2026/09/11 10:30:37] 发送(hex): 0d
[2026/09/11 10:30:37] 发送(hex): 20
[2026/09/11 10:30:37] 发送(hex): 03
[2026/09/11 10:30:37] 发送(hex): 0d
[2026/09/11 10:30:37] 发送(hex): 20
[2026/09/11 10:30:37] 发送(hex): 03
[2026/09/11 10:30:37] 发送(hex): 0d
[2026/09/11 10:30:37] 发送(hex): 20
[2026/09/11 10:30:37] 发送(hex): 03
[2026/09/11 10:30:37] 发送(hex): 0d
[2026/09/11 10:30:37] U-Boot2019.04-g23c3f665-dirty (Aug 23 2026 - 20:57:54 +0800)
[2026/09/11 10:30:37] Model: MediaTek MT5896 RFB
[2026/09/11 10:30:37] DRAM:  3 GiB
[2026/09/11 10:30:37] 发送(hex): 20
[2026/09/11 10:30:37] 发送(hex): 03
[2026/09/11 10:30:37] 发送(hex): 0d
[2026/09/11 10:30:37] 发送(hex): 20
[2026/09/11 10:30:37] 发送(hex): 03
[2026/09/11 10:30:37] 发送(hex): 0d
[2026/09/11 10:30:37] 发送(hex): 20
[2026/09/11 10:30:37] 发送(hex): 03
[2026/09/11 10:30:37] 发送(hex): 0d
[2026/09/11 10:30:37] 发送(hex): 20
[2026/09/11 10:30:37] 发送(hex): 03
[2026/09/11 10:30:37] 发送(hex): 0d
[2026/09/11 10:30:37] 发送(hex): 20
[2026/09/11 10:30:37] MMC:   mtk-mmc-fcie@1c660000: 0
[2026/09/11 10:30:37] 发送(hex): 03
[2026/09/11 10:30:37] 发送(hex): 0d
[2026/09/11 10:30:37] 发送(hex): 20
[2026/09/11 10:30:37] 发送(hex): 03
[2026/09/11 10:30:37] 发送(hex): 0d
[2026/09/11 10:30:37] 发送(hex): 20
[2026/09/11 10:30:37] 发送(hex): 03
[2026/09/11 10:30:37] 发送(hex): 0d
[2026/09/11 10:30:37] Loading Environment fr
[2026/09/11 10:30:37] 发送(hex): 20
[2026/09/11 10:30:37] 发送(hex): 03
[2026/09/11 10:30:37] 发送(hex): 0d
[2026/09/11 10:30:37] 发送(hex): 20
[2026/09/11 10:30:37] om EXT4... OK
[2026/09/11 10:30:37] jump_to_console start!!
[2026/09/11 10:30:37] => <INTERRUPT>
[2026/09/11 10:30:37] =>
[2026/09/11 10:30:37] =>  <INTERRUPT>
[2026/09/11 10:30:37] =>
[2026/09/11 10:30:37] =>  <INTERRUPT>
[2026/09/11 10:30:37] =>
[2026/09/11 10:30:37] =>  <INTERRUPT>
[2026/09/11 10:30:37] =>
[2026/09/11 10:30:37] =>  <INTERRUPT>
[2026/09/11 10:30:37] =>
[2026/09/11 10:30:37] =>  <INTERRUPT>
[2026/09/11 10:30:37] =>
[2026/09/11 10:30:37] =>  <INTERRUPT>
[2026/09/11 10:30:37] =>
[2026/09/11 10:30:37] =>  <INTERRUPT>
[2026/09/11 10:30:37] =>
[2026/09/11 10:30:37] =>  <INTERRUPT>
[2026/09/11 10:30:37] =>
[2026/09/11 10:30:37] =>  <INTERRUPT>
[2026/09/11 10:30:37] =>
[2026/09/11 10:30:37] =>  <INTERRUPT>
[2026/09/11 10:30:37] =>  <INTERRUPT>
[2026/09/11 10:30:37] =>
[2026/09/11 10:30:37] =>
[2026/09/11 10:30:37] 发送(hex): 03
[2026/09/11 10:30:37] 发送(hex): 0d
[2026/09/11 10:30:37] 发送(hex): 20
[2026/09/11 10:30:37] <INTERRUPT>
[2026/09/11 10:30:37] =>
[2026/09/11 10:30:37] =>
[2026/09/11 10:30:37] 发送(hex): 03
[2026/09/11 10:30:37] 发送(hex): 0d
[2026/09/11 10:30:37] 发送(hex): 20
[2026/09/11 10:30:37] <INTERRUPT>
[2026/09/11 10:30:37] =>
[2026/09/11 10:30:37] =>
[2026/09/11 10:30:37] 发送(hex): 03
[2026/09/11 10:30:37] 发送(hex): 0d
[2026/09/11 10:30:37] 发送(hex): 20
[2026/09/11 10:30:37] <INTERRUPT>
[2026/09/11 10:30:37] =>
[2026/09/11 10:30:37] =>
[2026/09/11 10:30:37] 发送(hex): 03
[2026/09/11 10:30:37] 发送(hex): 0d
[2026/09/11 10:30:37] 发送(hex): 20
[2026/09/11 10:30:37] <INTERRUPT>
[2026/09/11 10:30:37] =>
[2026/09/11 10:30:37] =>
[2026/09/11 10:30:37] 发送(hex): 03
[2026/09/11 10:30:37] 发送(hex): 0d
[2026/09/11 10:30:37] 发送(hex): 20
[2026/09/11 10:30:37] <INTERRUPT>
[2026/09/11 10:30:37] =>
[2026/09/11 10:30:37] =>
[2026/09/11 10:30:37] 发送(hex): 03
[2026/09/11 10:30:37] 发送(hex): 0d
[2026/09/11 10:30:37] 发送(hex): 20
[2026/09/11 10:30:37] <INTERRUPT>
[2026/09/11 10:30:37] =>
[2026/09/11 10:30:37] =>
[2026/09/11 10:30:37] 发送(hex): 03
[2026/09/11 10:30:37] 发送(hex): 0d
[2026/09/11 10:30:37] 发送(hex): 20
[2026/09/11 10:30:37] <INTERRUPT>
[2026/09/11 10:30:37] =>
[2026/09/11 10:30:37] =>
[2026/09/11 10:30:37] 发送(hex): 03
[2026/09/11 10:30:37] 发送(hex): 0d
[2026/09/11 10:30:37] 发送(hex): 20
[2026/09/11 10:30:37] <INTERRUPT>
[2026/09/11 10:30:37] =>
[2026/09/11 10:30:37] =>
[2026/09/11 10:30:37] 发送(hex): 03
[2026/09/11 10:30:37] 发送(hex): 0d
[2026/09/11 10:30:37] 发送(hex): 20
[2026/09/11 10:30:37] <INTERRUPT>
[2026/09/11 10:30:37] =>
[2026/09/11 10:30:37] =>
[2026/09/11 10:30:37] 发送(hex): 03
[2026/09/11 10:30:37] 发送(hex): 0d
[2026/09/11 10:30:37] 发送(hex): 20
[2026/09/11 10:30:37] <INTERRUPT>
[2026/09/11 10:30:37] =>
[2026/09/11 10:30:37] =>
[2026/09/11 10:30:37] 发送(hex): 03
[2026/09/11 10:30:37] 发送(hex): 0d
[2026/09/11 10:30:37] 发送(hex): 20
[2026/09/11 10:30:37] <INTERRUPT>
[2026/09/11 10:30:37] =>
[2026/09/11 10:30:37] =>
[2026/09/11 10:30:37] 发送(hex): 03
[2026/09/11 10:30:37] 发送(hex): 0d
[2026/09/11 10:30:37] 发送(hex): 20
[2026/09/11 10:30:37] <INTERRUPT>
[2026/09/11 10:30:37] =>
[2026/09/11 10:30:37] =>
[2026/09/11 10:30:37] 发送(hex): 03
[2026/09/11 10:30:37] 发送(hex): 0d
[2026/09/11 10:30:37] 发送(hex): 20
[2026/09/11 10:30:37] <INTERRUPT>
[2026/09/11 10:30:37] =>
[2026/09/11 10:30:37] =>
[2026/09/11 10:30:37] 发送(hex): 03
[2026/09/11 10:30:37] 发送(hex): 0d
[2026/09/11 10:30:37] 发送(hex): 20
[2026/09/11 10:30:37] <INTERRUPT>
[2026/09/11 10:30:37] =>
[2026/09/11 10:30:37] =>
[2026/09/11 10:30:37] 发送(hex): 03
[2026/09/11 10:30:37] 发送(hex): 0d
[2026/09/11 10:30:37] 发送(hex): 20
[2026/09/11 10:30:37] <INTERRUPT>
[2026/09/11 10:30:37] =>
[2026/09/11 10:30:37] =>
[2026/09/11 10:30:38] 发送(hex): 03
[2026/09/11 10:30:38] 发送(hex): 0d
[2026/09/11 10:30:38] 发送(hex): 20
[2026/09/11 10:30:38] <INTERRUPT>
[2026/09/11 10:30:38] =>
[2026/09/11 10:30:38] =>
[2026/09/11 10:30:38] 发送(hex): 03
[2026/09/11 10:30:38] 发送(hex): 0d
[2026/09/11 10:30:38] 发送(hex): 20
[2026/09/11 10:30:38] <INTERRUPT>
[2026/09/11 10:30:38] =>
[2026/09/11 10:30:38] =>
[2026/09/11 10:30:38] 发送(hex): 03
[2026/09/11 10:30:38] 发送(hex): 0d
[2026/09/11 10:30:38] 发送(hex): 20
[2026/09/11 10:30:38] <INTERRUPT>
[2026/09/11 10:30:38] =>
[2026/09/11 10:30:38] =>
[2026/09/11 10:30:38] 发送(hex): 03
[2026/09/11 10:30:38] 发送(hex): 0d
[2026/09/11 10:30:38] 发送(hex): 20
[2026/09/11 10:30:38] <INTERRUPT>
[2026/09/11 10:30:38] =>
[2026/09/11 10:30:38] =>
[2026/09/11 10:30:38] 发送(hex): 03
[2026/09/11 10:30:38] 发送(hex): 0d
[2026/09/11 10:30:38] 发送(hex): 20
[2026/09/11 10:30:38] <INTERRUPT>
[2026/09/11 10:30:38] =>
[2026/09/11 10:30:38] =>
[2026/09/11 10:30:38] 发送(hex): 03
[2026/09/11 10:30:38] 发送(hex): 0d
[2026/09/11 10:30:38] 发送(hex): 20
[2026/09/11 10:30:38] <INTERRUPT>
[2026/09/11 10:30:38] =>
[2026/09/11 10:30:38] =>
[2026/09/11 10:30:38] 发送(hex): 03
[2026/09/11 10:30:38] 发送(hex): 0d
[2026/09/11 10:30:38] 发送(hex): 20
[2026/09/11 10:30:38] <INTERRUPT>
[2026/09/11 10:30:38] =>
[2026/09/11 10:30:38] =>
[2026/09/11 10:30:38] 发送(hex): 03
[2026/09/11 10:30:38] 发送(hex): 0d
[2026/09/11 10:30:38] 发送(hex): 20
[2026/09/11 10:30:38] <INTERRUPT>
[2026/09/11 10:30:38] =>
[2026/09/11 10:30:38] =>
[2026/09/11 10:30:38] 发送(hex): 03
[2026/09/11 10:30:38] 发送(hex): 0d
[2026/09/11 10:30:38] 发送(hex): 20
[2026/09/11 10:30:38] <INTERRUPT>
[2026/09/11 10:30:38] =>
[2026/09/11 10:30:38] =>
[2026/09/11 10:30:38] 发送(hex): 03
[2026/09/11 10:30:38] 发送(hex): 0d
[2026/09/11 10:30:38] 发送(hex): 20
[2026/09/11 10:30:38] <INTERRUPT>
[2026/09/11 10:30:38] =>
[2026/09/11 10:30:38] =>
[2026/09/11 10:30:38] 发送(hex): 03
[2026/09/11 10:30:38] 发送(hex): 0d
[2026/09/11 10:30:38] 发送(hex): 20
[2026/09/11 10:30:38] <INTERRUPT>
[2026/09/11 10:30:38] =>
[2026/09/11 10:30:38] =>
[2026/09/11 10:30:38] 发送(hex): 03
[2026/09/11 10:30:38] 发送(hex): 0d
[2026/09/11 10:30:38] <INTERRUPT>
[2026/09/11 10:30:38] =>
[2026/09/11 10:30:38] 发送(hex): 20
[2026/09/11 10:30:38] 发送(hex): 03
[2026/09/11 10:30:38] =>
[2026/09/11 10:30:38] 发送(hex): 0d
[2026/09/11 10:30:38] <INTERRUPT>
[2026/09/11 10:30:38] =>
[2026/09/11 10:30:38] 发送(hex): 20
[2026/09/11 10:30:38] 发送(hex): 03
[2026/09/11 10:30:38] =>
[2026/09/11 10:30:38] 发送(hex): 0d
[2026/09/11 10:30:38] <INTERRUPT>
[2026/09/11 10:30:38] =>
[2026/09/11 10:30:38] 发送(hex): 20
[2026/09/11 10:30:38] 发送(hex): 03
[2026/09/11 10:30:38] =>
[2026/09/11 10:30:38] 发送(hex): 0d
[2026/09/11 10:30:38] <INTERRUPT>
[2026/09/11 10:30:38] =>
[2026/09/11 10:30:38] 发送(hex): 20
[2026/09/11 10:30:38] 发送(hex): 03
[2026/09/11 10:30:38] =>
[2026/09/11 10:30:38] 发送(hex): 0d
[2026/09/11 10:30:38] <INTERRUPT>
[2026/09/11 10:30:38] =>
[2026/09/11 10:30:38] 发送(hex): 20
[2026/09/11 10:30:38] 发送(hex): 03
[2026/09/11 10:30:38] =>
[2026/09/11 10:30:38] 发送(hex): 0d
[2026/09/11 10:30:38] <INTERRUPT>
[2026/09/11 10:30:38] =>
[2026/09/11 10:30:38] 发送(hex): 20
[2026/09/11 10:30:38] 发送(hex): 03
[2026/09/11 10:30:38] =>
[2026/09/11 10:30:38] 发送(hex): 0d
[2026/09/11 10:30:38] <INTERRUPT>
[2026/09/11 10:30:38] =>
[2026/09/11 10:30:38] 发送(hex): 20
[2026/09/11 10:30:38] 发送(hex): 03
[2026/09/11 10:30:38] =>
[2026/09/11 10:30:38] 发送(hex): 0d
[2026/09/11 10:30:38] <INTERRUPT>
[2026/09/11 10:30:38] =>
[2026/09/11 10:30:38] 发送(hex): 20
[2026/09/11 10:30:38] 发送(hex): 03
[2026/09/11 10:30:38] =>
[2026/09/11 10:30:38] 发送(hex): 0d
[2026/09/11 10:30:38] <INTERRUPT>
[2026/09/11 10:30:38] =>
[2026/09/11 10:30:38] 发送(hex): 20
[2026/09/11 10:30:38] 发送(hex): 03
[2026/09/11 10:30:38] =>
[2026/09/11 10:30:38] 发送(hex): 0d
[2026/09/11 10:30:38] <INTERRUPT>
[2026/09/11 10:30:38] =>
[2026/09/11 10:30:38] 发送(hex): 20
[2026/09/11 10:30:38] 发送(hex): 03
[2026/09/11 10:30:38] =>
[2026/09/11 10:30:38] 发送(hex): 0d
[2026/09/11 10:30:38] <INTERRUPT>
[2026/09/11 10:30:38] =>
[2026/09/11 10:30:38] 发送(hex): 20
[2026/09/11 10:30:38] 发送(hex): 03
[2026/09/11 10:30:38] =>
[2026/09/11 10:30:38] 发送(hex): 0d
[2026/09/11 10:30:38] <INTERRUPT>
[2026/09/11 10:30:38] =>
[2026/09/11 10:30:38] 发送(hex): 20
[2026/09/11 10:30:38] 发送(hex): 03
[2026/09/11 10:30:38] =>
[2026/09/11 10:30:38] 发送(hex): 0d
[2026/09/11 10:30:38] <INTERRUPT>
[2026/09/11 10:30:38] =>
[2026/09/11 10:30:38] 发送(hex): 20
[2026/09/11 10:30:38] 发送(hex): 03
[2026/09/11 10:30:38] =>
[2026/09/11 10:30:38] 发送(hex): 0d
[2026/09/11 10:30:38] <INTERRUPT>
[2026/09/11 10:30:38] =>
[2026/09/11 10:30:38] 发送(hex): 20
[2026/09/11 10:30:38] 发送(hex): 03
[2026/09/11 10:30:38] =>
[2026/09/11 10:30:38] 发送(hex): 0d
[2026/09/11 10:30:38] <INTERRUPT>
[2026/09/11 10:30:38] =>
[2026/09/11 10:30:38] 发送(hex): 20
[2026/09/11 10:30:38] 发送(hex): 03
[2026/09/11 10:30:38] =>
[2026/09/11 10:30:38] 发送(hex): 0d
[2026/09/11 10:30:38] <INTERRUPT>
[2026/09/11 10:30:38] =>
[2026/09/11 10:30:38] 发送(hex): 20
[2026/09/11 10:30:38] 发送(hex): 03
[2026/09/11 10:30:38] =>
[2026/09/11 10:30:38] 发送(hex): 0d
[2026/09/11 10:30:38] <INTERRUPT>
[2026/09/11 10:30:38] =>
[2026/09/11 10:30:38] 发送(hex): 20
[2026/09/11 10:30:38] 发送(hex): 03
[2026/09/11 10:30:38] =>
[2026/09/11 10:30:38] 发送(hex): 0d
[2026/09/11 10:30:38] <INTERRUPT>
[2026/09/11 10:30:38] =>
[2026/09/11 10:30:38] 发送(hex): 20
[2026/09/11 10:30:38] 发送(hex): 03
[2026/09/11 10:30:38] =>
[2026/09/11 10:30:38] 发送(hex): 0d
[2026/09/11 10:30:38] <INTERRUPT>
[2026/09/11 10:30:38] =>
[2026/09/11 10:30:38] 发送(hex): 20
[2026/09/11 10:30:38] 发送(hex): 03
[2026/09/11 10:30:38] =>
[2026/09/11 10:30:38] 发送(hex): 0d
[2026/09/11 10:30:38] <INTERRUPT>
[2026/09/11 10:30:38] =>
[2026/09/11 10:30:38] 发送(hex): 20
[2026/09/11 10:30:39] 发送(hex): 03
[2026/09/11 10:30:39] =>
[2026/09/11 10:30:39] 发送(hex): 0d
[2026/09/11 10:30:39] <INTERRUPT>
[2026/09/11 10:30:39] =>
[2026/09/11 10:30:39] 发送(hex): 20
[2026/09/11 10:30:39] 发送(hex): 03
[2026/09/11 10:30:39] =>
[2026/09/11 10:30:39] 发送(hex): 0d
[2026/09/11 10:30:39] <INTERRUPT>
[2026/09/11 10:30:39] =>
[2026/09/11 10:30:39] 发送(hex): 20
[2026/09/11 10:30:39] 发送(hex): 03
[2026/09/11 10:30:39] =>
[2026/09/11 10:30:39] 发送(hex): 0d
[2026/09/11 10:30:39] <INTERRUPT>
[2026/09/11 10:30:39] =>
[2026/09/11 10:30:39] 发送(hex): 20
[2026/09/11 10:30:39] 发送(hex): 03
[2026/09/11 10:30:39] =>
[2026/09/11 10:30:39] 发送(hex): 0d
[2026/09/11 10:30:39] <INTERRUPT>
[2026/09/11 10:30:39] =>
[2026/09/11 10:30:39] 发送(hex): 20
[2026/09/11 10:30:39] 发送(hex): 03
[2026/09/11 10:30:39] =>
[2026/09/11 10:30:39] 发送(hex): 0d
[2026/09/11 10:30:39] <INTERRUPT>
[2026/09/11 10:30:39] =>
[2026/09/11 10:30:39] 发送(hex): 20
[2026/09/11 10:30:39] 发送(hex): 03
[2026/09/11 10:30:39] =>
[2026/09/11 10:30:39] 发送(hex): 0d
[2026/09/11 10:30:39] <INTERRUPT>
[2026/09/11 10:30:39] =>
[2026/09/11 10:30:39] 发送(hex): 20
[2026/09/11 10:30:39] 发送(hex): 03
[2026/09/11 10:30:39] =>
[2026/09/11 10:30:39] 发送(hex): 0d
[2026/09/11 10:30:39] <INTERRUPT>
[2026/09/11 10:30:39] =>
[2026/09/11 10:30:39] 发送(hex): 20
[2026/09/11 10:30:39] 发送(hex): 03
[2026/09/11 10:30:39] =>
[2026/09/11 10:30:39] 发送(hex): 0d
[2026/09/11 10:30:39] <INTERRUPT>
[2026/09/11 10:30:39] =>
[2026/09/11 10:30:39] 发送(hex): 20
[2026/09/11 10:30:39] 发送(hex): 03
[2026/09/11 10:30:39] =>
[2026/09/11 10:30:39] 发送(hex): 0d
[2026/09/11 10:30:39] <INTERRUPT>
[2026/09/11 10:30:39] =>
[2026/09/11 10:30:39] 发送(hex): 20
[2026/09/11 10:30:39] =>
[2026/09/11 10:30:39] 发送(hex): 03
[2026/09/11 10:30:39] 发送(hex): 0d
[2026/09/11 10:30:39] <INTERRUPT>
[2026/09/11 10:30:39] =>
[2026/09/11 10:30:39] 发送(hex): 20
[2026/09/11 10:30:39] =>
[2026/09/11 10:30:39] 发送(hex): 03
[2026/09/11 10:30:39] 发送(hex): 0d
[2026/09/11 10:30:39] <INTERRUPT>
[2026/09/11 10:30:39] =>
[2026/09/11 10:30:39] 发送(hex): 20
[2026/09/11 10:30:39] 发送(hex): 03
[2026/09/11 10:30:39] =>
[2026/09/11 10:30:39] 发送(hex): 0d
[2026/09/11 10:30:39] <INTERRUPT>
[2026/09/11 10:30:39] =>
[2026/09/11 10:30:39] 发送(hex): 20
[2026/09/11 10:30:39] =>
[2026/09/11 10:30:39] 发送(hex): 03
[2026/09/11 10:30:39] 发送(hex): 0d
[2026/09/11 10:30:39] <INTERRUPT>
[2026/09/11 10:30:39] =>
[2026/09/11 10:30:39] 发送(hex): 20
[2026/09/11 10:30:39] =>
[2026/09/11 10:30:39] 发送(hex): 03
[2026/09/11 10:30:39] 发送(hex): 0d
[2026/09/11 10:30:39] <INTERRUPT>
[2026/09/11 10:30:39] =>
[2026/09/11 10:30:39] 发送(hex): 20
[2026/09/11 10:30:39] =>
[2026/09/11 10:30:39] 发送(hex): 03
[2026/09/11 10:30:39] 发送(hex): 0d
[2026/09/11 10:30:39] <INTERRUPT>
[2026/09/11 10:30:39] =>
[2026/09/11 10:30:39] 发送(hex): 20
[2026/09/11 10:30:39] =>
[2026/09/11 10:30:39] 发送(hex): 03
[2026/09/11 10:30:39] 发送(hex): 0d
[2026/09/11 10:30:39] <INTERRUPT>
[2026/09/11 10:30:39] =>
[2026/09/11 10:30:39] 发送(hex): 20
[2026/09/11 10:30:39] =>
[2026/09/11 10:30:39] 发送(hex): 03
[2026/09/11 10:30:39] 发送(hex): 0d
[2026/09/11 10:30:39] <INTERRUPT>
[2026/09/11 10:30:39] =>
[2026/09/11 10:30:39] 发送(hex): 20
[2026/09/11 10:30:39] =>
[2026/09/11 10:30:39] 发送(hex): 03
[2026/09/11 10:30:39] 发送(hex): 0d
[2026/09/11 10:30:39] <INTERRUPT>
[2026/09/11 10:30:39] =>
[2026/09/11 10:30:39] 发送(hex): 20
[2026/09/11 10:30:39] =>
[2026/09/11 10:30:39] 发送(hex): 03
[2026/09/11 10:30:39] 发送(hex): 0d
[2026/09/11 10:30:39] <INTERRUPT>
[2026/09/11 10:30:39] =>
[2026/09/11 10:30:39] 发送(hex): 20
[2026/09/11 10:30:39] =>
[2026/09/11 10:30:39] 发送(hex): 03
[2026/09/11 10:30:39] 发送(hex): 0d
[2026/09/11 10:30:39] <INTERRUPT>
[2026/09/11 10:30:39] =>
[2026/09/11 10:30:39] 发送(hex): 20
[2026/09/11 10:30:39] =>
[2026/09/11 10:30:39] 发送(hex): 03
[2026/09/11 10:30:39] 发送(hex): 0d
[2026/09/11 10:30:39] <INTERRUPT>
[2026/09/11 10:30:39] 发送(hex): 20
[2026/09/11 10:30:39] =>
[2026/09/11 10:30:39] =>
[2026/09/11 10:30:39] 发送(hex): 03
[2026/09/11 10:30:39] 发送(hex): 0d
[2026/09/11 10:30:39] <INTERRU
[2026/09/11 10:30:39] 发送(hex): 20
[2026/09/11 10:30:39] PT>
[2026/09/11 10:30:39] =>
[2026/09/11 10:30:39] =>
[2026/09/11 10:30:39] 发送(hex): 03
[2026/09/11 10:30:39] 发送(hex): 0d
[2026/09/11 10:30:39] <INTERR
[2026/09/11 10:30:39] 发送(hex): 20
[2026/09/11 10:30:39] UPT>
[2026/09/11 10:30:39] =>
[2026/09/11 10:30:39] =>
[2026/09/11 10:30:39] 发送(hex): 03
[2026/09/11 10:30:39] 发送(hex): 0d
[2026/09/11 10:30:39] 发送(hex): 20
[2026/09/11 10:30:39] <INTERRUPT>
[2026/09/11 10:30:39] =>
[2026/09/11 10:30:39] =>
[2026/09/11 10:30:39] 发送(hex): 03
[2026/09/11 10:30:39] 发送(hex): 0d
[2026/09/11 10:30:39] 发送(hex): 20
[2026/09/11 10:30:39] <INTERRUPT>
[2026/09/11 10:30:39] =>
[2026/09/11 10:30:39] =>
[2026/09/11 10:30:39] 发送(hex): 03
[2026/09/11 10:30:39] 发送(hex): 0d
[2026/09/11 10:30:39] 发送(hex): 20
[2026/09/11 10:30:39] <INTERRUPT>
[2026/09/11 10:30:39] =>
[2026/09/11 10:30:39] =>
[2026/09/11 10:30:39] 发送(hex): 03
[2026/09/11 10:30:39] 发送(hex): 0d
[2026/09/11 10:30:39] 发送(hex): 20
[2026/09/11 10:30:39] <INTERRUPT>
[2026/09/11 10:30:39] =>
[2026/09/11 10:30:39] =>
[2026/09/11 10:30:39] 发送(hex): 03
[2026/09/11 10:30:39] 发送(hex): 0d
[2026/09/11 10:30:39] 发送(hex): 20
[2026/09/11 10:30:39] <INTERRUPT>
[2026/09/11 10:30:39] =>
[2026/09/11 10:30:39] =>
[2026/09/11 10:30:39] 发送(hex): 03
[2026/09/11 10:30:39] 发送(hex): 0d
[2026/09/11 10:30:39] 发送(hex): 20
[2026/09/11 10:30:39] <INTERRUPT>
[2026/09/11 10:30:39] =>
[2026/09/11 10:30:39] =>
[2026/09/11 10:30:39] 发送(hex): 03
[2026/09/11 10:30:39] 发送(hex): 0d
[2026/09/11 10:30:39] 发送(hex): 20
[2026/09/11 10:30:39] <INTERRUPT>
[2026/09/11 10:30:39] =>
[2026/09/11 10:30:39] =>
[2026/09/11 10:30:39] 发送(hex): 03
[2026/09/11 10:30:39] 发送(hex): 0d
[2026/09/11 10:30:39] 发送(hex): 20
[2026/09/11 10:30:39] <INTERRUPT>
[2026/09/11 10:30:39] =>
[2026/09/11 10:30:39] =>
[2026/09/11 10:30:40] 发送(hex): 03
[2026/09/11 10:30:40] 发送(hex): 0d
[2026/09/11 10:30:40] 发送(hex): 20
[2026/09/11 10:30:40] <INTERRUPT>
[2026/09/11 10:30:40] =>
[2026/09/11 10:30:40] =>
[2026/09/11 10:30:40] 发送(hex): 03
[2026/09/11 10:30:40] 发送(hex): 0d
[2026/09/11 10:30:40] 发送(hex): 20
[2026/09/11 10:30:40] <INTERRUPT>
[2026/09/11 10:30:40] =>
[2026/09/11 10:30:40] =>
[2026/09/11 10:30:40] 发送(hex): 03
[2026/09/11 10:30:40] 发送(hex): 0d
[2026/09/11 10:30:40] 发送(hex): 20
[2026/09/11 10:30:40] <INTERRUPT>
[2026/09/11 10:30:40] =>
[2026/09/11 10:30:40] =>
[2026/09/11 10:30:40] 发送(hex): 03
[2026/09/11 10:30:40] 发送(hex): 0d
[2026/09/11 10:30:40] 发送(hex): 20
[2026/09/11 10:30:40] <INTERRUPT>
[2026/09/11 10:30:40] =>
[2026/09/11 10:30:40] =>
[2026/09/11 10:30:40] 发送(hex): 03
[2026/09/11 10:30:40] 发送(hex): 0d
[2026/09/11 10:30:40] 发送(hex): 20
[2026/09/11 10:30:40] <INTERRUPT>
[2026/09/11 10:30:40] =>
[2026/09/11 10:30:40] =>
[2026/09/11 10:30:40] 发送(hex): 03
[2026/09/11 10:30:40] 发送(hex): 0d
[2026/09/11 10:30:40] 发送(hex): 20
[2026/09/11 10:30:40] <INTERRUPT>
[2026/09/11 10:30:40] =>
[2026/09/11 10:30:40] =>
[2026/09/11 10:30:40] 发送(hex): 03
[2026/09/11 10:30:40] 发送(hex): 0d
[2026/09/11 10:30:40] 发送(hex): 20
[2026/09/11 10:30:40] <INTERRUPT>
[2026/09/11 10:30:40] =>
[2026/09/11 10:30:40] =>
[2026/09/11 10:30:40] 发送(hex): 03
[2026/09/11 10:30:40] 发送(hex): 0d
[2026/09/11 10:30:40] 发送(hex): 20
[2026/09/11 10:30:40] <INTERRUPT>
[2026/09/11 10:30:40] =>
[2026/09/11 10:30:40] =>
[2026/09/11 10:30:40] 发送(hex): 03
[2026/09/11 10:30:40] 发送(hex): 0d
[2026/09/11 10:30:40] 发送(hex): 20
[2026/09/11 10:30:40] <INTERRUPT>
[2026/09/11 10:30:40] =>
[2026/09/11 10:30:40] =>
[2026/09/11 10:30:40] 发送(hex): 03
[2026/09/11 10:30:40] 发送(hex): 0d
[2026/09/11 10:30:40] 发送(hex): 20
[2026/09/11 10:30:40] <INTERRUPT>
[2026/09/11 10:30:40] =>
[2026/09/11 10:30:40] =>
[2026/09/11 10:30:40] 发送(hex): 03
[2026/09/11 10:30:40] 发送(hex): 0d
[2026/09/11 10:30:40] 发送(hex): 20
[2026/09/11 10:30:40] <INTERRUPT>
[2026/09/11 10:30:40] =>
[2026/09/11 10:30:40] =>
[2026/09/11 10:30:40] 发送(hex): 03
[2026/09/11 10:30:40] 发送(hex): 0d
[2026/09/11 10:30:40] 发送(hex): 20
[2026/09/11 10:30:40] <INTERRUPT>
[2026/09/11 10:30:40] =>
[2026/09/11 10:30:40] =>
[2026/09/11 10:30:40] 发送(hex): 03
[2026/09/11 10:30:40] 发送(hex): 0d
[2026/09/11 10:30:40] 发送(hex): 20
[2026/09/11 10:30:40] <INTERRUPT>
[2026/09/11 10:30:40] =>
[2026/09/11 10:30:40] =>
[2026/09/11 10:30:40] 发送(hex): 03
[2026/09/11 10:30:40] 发送(hex): 0d
[2026/09/11 10:30:40] <INTERRUPT>
[2026/09/11 10:30:40] =>
[2026/09/11 10:30:40] 发送(hex): 20
[2026/09/11 10:30:40] 发送(hex): 03
[2026/09/11 10:30:40] =>
[2026/09/11 10:30:40] 发送(hex): 0d
[2026/09/11 10:30:40] <INTERRUPT>
[2026/09/11 10:30:40] =>
[2026/09/11 10:30:40] 发送(hex): 20
[2026/09/11 10:30:40] 发送(hex): 03
[2026/09/11 10:30:40] =>
[2026/09/11 10:30:40] 发送(hex): 0d
[2026/09/11 10:30:40] <INTERRUPT>
[2026/09/11 10:30:40] =>
[2026/09/11 10:30:40] 发送(hex): 20
[2026/09/11 10:30:40] 发送(hex): 03
[2026/09/11 10:30:40] =>
[2026/09/11 10:30:40] 发送(hex): 0d
[2026/09/11 10:30:40] <INTERRUPT>
[2026/09/11 10:30:40] =>
[2026/09/11 10:30:40] 发送(hex): 20
[2026/09/11 10:30:40] 发送(hex): 03
[2026/09/11 10:30:40] =>
[2026/09/11 10:30:40] 发送(hex): 0d
[2026/09/11 10:30:40] <INTERRUPT>
[2026/09/11 10:30:40] =>
[2026/09/11 10:30:40] 发送(hex): 20
[2026/09/11 10:30:40] 发送(hex): 03
[2026/09/11 10:30:40] =>
[2026/09/11 10:30:40] 发送(hex): 0d
[2026/09/11 10:30:40] <INTERRUPT>
[2026/09/11 10:30:40] =>
[2026/09/11 10:30:40] 发送(hex): 20
[2026/09/11 10:30:40] 发送(hex): 03
[2026/09/11 10:30:40] =>
[2026/09/11 10:30:40] 发送(hex): 0d
[2026/09/11 10:30:40] <INTERRUPT>
[2026/09/11 10:30:40] =>
[2026/09/11 10:30:40] 发送(hex): 20
[2026/09/11 10:30:40] 发送(hex): 03
[2026/09/11 10:30:40] =>
[2026/09/11 10:30:40] 发送(hex): 0d
[2026/09/11 10:30:40] <INTERRUPT>
[2026/09/11 10:30:40] =>
[2026/09/11 10:30:40] 发送(hex): 20
[2026/09/11 10:30:40] 发送(hex): 03
[2026/09/11 10:30:40] =>
[2026/09/11 10:30:40] 发送(hex): 0d
[2026/09/11 10:30:40] <INTERRUPT>
[2026/09/11 10:30:40] =>
[2026/09/11 10:30:40] 发送(hex): 20
[2026/09/11 10:30:40] 发送(hex): 03
[2026/09/11 10:30:40] =>
[2026/09/11 10:30:40] 发送(hex): 0d
[2026/09/11 10:30:40] <INTERRUPT>
[2026/09/11 10:30:40] =>
[2026/09/11 10:30:40] 发送(hex): 20
[2026/09/11 10:30:40] 发送(hex): 03
[2026/09/11 10:30:40] =>
[2026/09/11 10:30:40] 发送(hex): 0d
[2026/09/11 10:30:40] <INTERRUPT>
[2026/09/11 10:30:40] =>
[2026/09/11 10:30:40] 发送(hex): 20
[2026/09/11 10:30:40] 发送(hex): 03
[2026/09/11 10:30:40] =>
[2026/09/11 10:30:40] 发送(hex): 0d
[2026/09/11 10:30:40] <INTERRUPT>
[2026/09/11 10:30:40] =>
[2026/09/11 10:30:40] 发送(hex): 20
[2026/09/11 10:30:40] 发送(hex): 03
[2026/09/11 10:30:40] =>
[2026/09/11 10:30:40] 发送(hex): 0d
[2026/09/11 10:30:40] <INTERRUPT>
[2026/09/11 10:30:40] =>
[2026/09/11 10:30:40] 发送(hex): 20
[2026/09/11 10:30:40] =>
[2026/09/11 10:30:40] 发送(hex): 03
[2026/09/11 10:30:40] 发送(hex): 0d
[2026/09/11 10:30:40] <INTERRUPT>
[2026/09/11 10:30:40] =>
[2026/09/11 10:30:40] 发送(hex): 20
[2026/09/11 10:30:40] =>
[2026/09/11 10:30:40] 发送(hex): 03
[2026/09/11 10:30:40] 发送(hex): 0d
[2026/09/11 10:30:40] <INTERRUPT>
[2026/09/11 10:30:40] =>
[2026/09/11 10:30:40] 发送(hex): 20
[2026/09/11 10:30:40] =>
[2026/09/11 10:30:40] 发送(hex): 03
[2026/09/11 10:30:40] 发送(hex): 0d
[2026/09/11 10:30:40] <INTERRUPT>
[2026/09/11 10:30:40] =>
[2026/09/11 10:30:40] 发送(hex): 20
[2026/09/11 10:30:40] =>
[2026/09/11 10:30:40] 发送(hex): 03
[2026/09/11 10:30:40] 发送(hex): 0d
[2026/09/11 10:30:40] <INTERRUPT>
[2026/09/11 10:30:40] =>
[2026/09/11 10:30:40] 发送(hex): 20
[2026/09/11 10:30:40] =>
[2026/09/11 10:30:40] 发送(hex): 03
[2026/09/11 10:30:40] 发送(hex): 0d
[2026/09/11 10:30:40] <INTERRUPT>
[2026/09/11 10:30:40] =>
[2026/09/11 10:30:40] 发送(hex): 20
[2026/09/11 10:30:40] =>
[2026/09/11 10:30:41] 发送(hex): 03
[2026/09/11 10:30:41] 发送(hex): 0d
[2026/09/11 10:30:41] <INTERRUPT>
[2026/09/11 10:30:41] =>
[2026/09/11 10:30:41] 发送(hex): 20
[2026/09/11 10:30:41] =>
[2026/09/11 10:30:41] 发送(hex): 03
[2026/09/11 10:30:41] 发送(hex): 0d
[2026/09/11 10:30:41] <INTERRUPT>
[2026/09/11 10:30:41] =>
[2026/09/11 10:30:41] 发送(hex): 20
[2026/09/11 10:30:41] =>
[2026/09/11 10:30:41] 发送(hex): 03
[2026/09/11 10:30:41] 发送(hex): 0d
[2026/09/11 10:30:41] <INTERRUPT>
[2026/09/11 10:30:41] =>
[2026/09/11 10:30:41] 发送(hex): 20
[2026/09/11 10:30:41] =>
[2026/09/11 10:30:41] 发送(hex): 03
[2026/09/11 10:30:41] 发送(hex): 0d
[2026/09/11 10:30:41] <INTERRUPT>
[2026/09/11 10:30:41] =>
[2026/09/11 10:30:41] 发送(hex): 20
[2026/09/11 10:30:41] =>
[2026/09/11 10:30:41] 发送(hex): 03
[2026/09/11 10:30:41] 发送(hex): 0d
[2026/09/11 10:30:41] <INTERRUPT>
[2026/09/11 10:30:41] =>
[2026/09/11 10:30:41] 发送(hex): 20
[2026/09/11 10:30:41] =>
[2026/09/11 10:30:41] 发送(hex): 03
[2026/09/11 10:30:41] 发送(hex): 0d
[2026/09/11 10:30:41] <INTERRUPT>
[2026/09/11 10:30:41] =>
[2026/09/11 10:30:41] 发送(hex): 20
[2026/09/11 10:30:41] =>
[2026/09/11 10:30:41] 发送(hex): 03
[2026/09/11 10:30:41] 发送(hex): 0d
[2026/09/11 10:30:41] <INTERRUPT>
[2026/09/11 10:30:41] =
[2026/09/11 10:30:41] 发送(hex): 20
[2026/09/11 10:30:41] >
[2026/09/11 10:30:41] =>
[2026/09/11 10:30:41] 发送(hex): 03
[2026/09/11 10:30:41] 发送(hex): 0d
[2026/09/11 10:30:41] <I
[2026/09/11 10:30:41] 发送(hex): 20
[2026/09/11 10:30:41] NTERRUPT>
[2026/09/11 10:30:41] =>
[2026/09/11 10:30:41] =>
[2026/09/11 10:30:41] 发送(hex): 03
[2026/09/11 10:30:41] 发送(hex): 0d
[2026/09/11 10:30:41] 发送(hex): 20
[2026/09/11 10:30:41] <INTERRUPT>
[2026/09/11 10:30:41] =>
[2026/09/11 10:30:41] =>
[2026/09/11 10:30:41] 发送(hex): 03
[2026/09/11 10:30:41] 发送(hex): 0d
[2026/09/11 10:30:41] 发送(hex): 20
[2026/09/11 10:30:41] <INTERRUPT>
[2026/09/11 10:30:41] =>
[2026/09/11 10:30:41] =>
[2026/09/11 10:30:41] 发送(hex): 03
[2026/09/11 10:30:41] 发送(hex): 0d
[2026/09/11 10:30:41] 发送(hex): 20
[2026/09/11 10:30:41] <INTERRUPT>
[2026/09/11 10:30:41] =>
[2026/09/11 10:30:41] =>
[2026/09/11 10:30:41] 发送(hex): 03
[2026/09/11 10:30:41] 发送(hex): 0d
[2026/09/11 10:30:41] 发送(hex): 20
[2026/09/11 10:30:41] <INTERRUPT>
[2026/09/11 10:30:41] =>
[2026/09/11 10:30:41] =>
[2026/09/11 10:30:41] 发送(hex): 03
[2026/09/11 10:30:41] 发送(hex): 0d
[2026/09/11 10:30:41] 发送(hex): 20
[2026/09/11 10:30:41] <INTERRUPT>
[2026/09/11 10:30:41] =>
[2026/09/11 10:30:41] =>
[2026/09/11 10:30:41] 发送(hex): 03
[2026/09/11 10:30:41] 发送(hex): 0d
[2026/09/11 10:30:41] 发送(hex): 20
[2026/09/11 10:30:41] <INTERRUPT>
[2026/09/11 10:30:41] =>
[2026/09/11 10:30:41] =>
[2026/09/11 10:30:41] 发送(hex): 03
[2026/09/11 10:30:41] 发送(hex): 0d
[2026/09/11 10:30:41] 发送(hex): 20
[2026/09/11 10:30:41] <INTERRUPT>
[2026/09/11 10:30:41] =>
[2026/09/11 10:30:41] =>
[2026/09/11 10:30:41] 发送(hex): 03
[2026/09/11 10:30:41] 发送(hex): 0d
[2026/09/11 10:30:41] 发送(hex): 20
[2026/09/11 10:30:41] <INTERRUPT>
[2026/09/11 10:30:41] =>
[2026/09/11 10:30:41] =>
[2026/09/11 10:30:41] 发送(hex): 03
[2026/09/11 10:30:41] 发送(hex): 0d
[2026/09/11 10:30:41] 发送(hex): 20
[2026/09/11 10:30:41] <INTERRUPT>
[2026/09/11 10:30:41] =>
[2026/09/11 10:30:41] =>
[2026/09/11 10:30:41] 发送(hex): 03
[2026/09/11 10:30:41] 发送(hex): 0d
[2026/09/11 10:30:41] 发送(hex): 20
[2026/09/11 10:30:41] <INTERRUPT>
[2026/09/11 10:30:41] =>
[2026/09/11 10:30:41] =>
[2026/09/11 10:30:41] 发送(hex): 03
[2026/09/11 10:30:41] 发送(hex): 0d
[2026/09/11 10:30:41] 发送(hex): 20
[2026/09/11 10:30:41] <INTERRUPT>
[2026/09/11 10:30:41] =>
[2026/09/11 10:30:41] =>
[2026/09/11 10:30:41] 发送(hex): 03
[2026/09/11 10:30:41] 发送(hex): 0d
[2026/09/11 10:30:41] 发送(hex): 20
[2026/09/11 10:30:41] <INTERRUPT>
[2026/09/11 10:30:41] =>
[2026/09/11 10:30:41] =>
[2026/09/11 10:30:41] 发送(hex): 03
[2026/09/11 10:30:41] 发送(hex): 0d
[2026/09/11 10:30:41] 发送(hex): 20
[2026/09/11 10:30:41] <INTERRUPT>
[2026/09/11 10:30:41] =>
[2026/09/11 10:30:41] =>
[2026/09/11 10:30:41] 发送(hex): 03
[2026/09/11 10:30:41] 发送(hex): 0d
[2026/09/11 10:30:41] 发送(hex): 20
[2026/09/11 10:30:41] <INTERRUPT>
[2026/09/11 10:30:41] =>
[2026/09/11 10:30:41] =>
[2026/09/11 10:30:41] 发送(hex): 03
[2026/09/11 10:30:41] 发送(hex): 0d
[2026/09/11 10:30:41] 发送(hex): 20
[2026/09/11 10:30:41] <INTERRUPT>
[2026/09/11 10:30:41] =>
[2026/09/11 10:30:41] =>
[2026/09/11 10:30:41] 发送(hex): 03
[2026/09/11 10:30:41] 发送(hex): 0d
[2026/09/11 10:30:41] 发送(hex): 20
[2026/09/11 10:30:41] <INTERRUPT>
[2026/09/11 10:30:41] =>
[2026/09/11 10:30:41] =>
[2026/09/11 10:30:41] 发送(hex): 03
[2026/09/11 10:30:41] 发送(hex): 0d
[2026/09/11 10:30:41] 发送(hex): 20
[2026/09/11 10:30:41] <INTERRUPT>
[2026/09/11 10:30:41] =>
[2026/09/11 10:30:41] =>
[2026/09/11 10:30:41] 发送(hex): 03
[2026/09/11 10:30:41] 发送(hex): 0d
[2026/09/11 10:30:41] 发送(hex): 20
[2026/09/11 10:30:41] <INTERRUPT>
[2026/09/11 10:30:41] =>
[2026/09/11 10:30:41] =>
[2026/09/11 10:30:41] 发送(hex): 03
[2026/09/11 10:30:41] 发送(hex): 0d
[2026/09/11 10:30:41] 发送(hex): 20
[2026/09/11 10:30:41] <INTERRUPT>
[2026/09/11 10:30:41] =>
[2026/09/11 10:30:41] =>
[2026/09/11 10:30:41] 发送(hex): 03
[2026/09/11 10:30:41] 发送(hex): 0d
[2026/09/11 10:30:41] 发送(hex): 20
[2026/09/11 10:30:41] <INTERRUPT>
[2026/09/11 10:30:41] =>
[2026/09/11 10:30:41] =>
[2026/09/11 10:30:41] 发送(hex): 03
[2026/09/11 10:30:41] 发送(hex): 0d
[2026/09/11 10:30:41] 发送(hex): 20
[2026/09/11 10:30:41] <INTERRUPT>
[2026/09/11 10:30:41] =>
[2026/09/11 10:30:41] =>
[2026/09/11 10:30:41] 发送(hex): 03
[2026/09/11 10:30:41] 发送(hex): 0d
[2026/09/11 10:30:41] 发送(hex): 20
[2026/09/11 10:30:41] <INTERRUPT>
[2026/09/11 10:30:41] =>
[2026/09/11 10:30:41] =>
[2026/09/11 10:30:41] 发送(hex): 03
[2026/09/11 10:30:41] 发送(hex): 0d
[2026/09/11 10:30:41] 发送(hex): 20
[2026/09/11 10:30:41] <INTERRUPT>
[2026/09/11 10:30:41] =>
[2026/09/11 10:30:41] =>
[2026/09/11 10:30:42] 发送(hex): 03
[2026/09/11 10:30:42] 发送(hex): 0d
[2026/09/11 10:30:42] 发送(hex): 20
[2026/09/11 10:30:42] <INTERRUPT>
[2026/09/11 10:30:42] =>
[2026/09/11 10:30:42] =>
[2026/09/11 10:30:42] 发送(hex): 03
[2026/09/11 10:30:42] 发送(hex): 0d
[2026/09/11 10:30:42] 发送(hex): 20
[2026/09/11 10:30:42] <INTERRUPT>
[2026/09/11 10:30:42] =>
[2026/09/11 10:30:42] =>
[2026/09/11 10:30:42] 发送(hex): 03
[2026/09/11 10:30:42] 发送(hex): 0d
[2026/09/11 10:30:42] 发送(hex): 20
[2026/09/11 10:30:42] <INTERRUPT>
[2026/09/11 10:30:42] =>
[2026/09/11 10:30:42] =>
[2026/09/11 10:30:42] 发送(hex): 03
[2026/09/11 10:30:42] 发送(hex): 0d
[2026/09/11 10:30:42] 发送(hex): 20
[2026/09/11 10:30:42] <INTERRUPT>
[2026/09/11 10:30:42] =>
[2026/09/11 10:30:42] =>
[2026/09/11 10:30:42] 发送(hex): 03
[2026/09/11 10:30:42] 发送(hex): 0d
[2026/09/11 10:30:42] 发送(hex): 20
[2026/09/11 10:30:42] <INTERRUPT>
[2026/09/11 10:30:42] =>
[2026/09/11 10:30:42] =>
[2026/09/11 10:30:42] 发送(hex): 03
[2026/09/11 10:30:42] 发送(hex): 0d
[2026/09/11 10:30:42] 发送(hex): 20
[2026/09/11 10:30:42] <INTERRUPT>
[2026/09/11 10:30:42] =>
[2026/09/11 10:30:42] =>
[2026/09/11 10:30:42] 发送(hex): 03
[2026/09/11 10:30:42] 发送(hex): 0d
[2026/09/11 10:30:42] 发送(hex): 20
[2026/09/11 10:30:42] <INTERRUPT>
[2026/09/11 10:30:42] =>
[2026/09/11 10:30:42] =>
[2026/09/11 10:30:42] 发送(hex): 03
[2026/09/11 10:30:42] 发送(hex): 0d
[2026/09/11 10:30:42] 发送(hex): 20
[2026/09/11 10:30:42] <INTERRUPT>
[2026/09/11 10:30:42] =>
[2026/09/11 10:30:42] 发送(hex): 03
[2026/09/11 10:30:42] =>
[2026/09/11 10:30:42] 发送(hex): 0d
[2026/09/11 10:30:42] 发送(hex): 20
[2026/09/11 10:30:42] <INTERRUPT>
[2026/09/11 10:30:42] =>
[2026/09/11 10:30:42] =
[2026/09/11 10:30:42] 发送(hex): 03
[2026/09/11 10:30:42] >
[2026/09/11 10:30:42] 发送(hex): 0d
[2026/09/11 10:30:42] 发送(hex): 20
[2026/09/11 10:30:42] <INTERRUPT>
[2026/09/11 10:30:42] =>
[2026/09/11 10:30:42] =
[2026/09/11 10:30:42] 发送(hex): 03
[2026/09/11 10:30:42] >
[2026/09/11 10:30:42] 发送(hex): 0d
[2026/09/11 10:30:42] 发送(hex): 20
[2026/09/11 10:30:42] <INTERRUPT>
[2026/09/11 10:30:42] =>
[2026/09/11 10:30:42] 发送(hex): 03
[2026/09/11 10:30:42] =>
[2026/09/11 10:30:42] 发送(hex): 0d
[2026/09/11 10:30:42] <INTERRUPT>
[2026/09/11 10:30:42] =>
[2026/09/11 10:30:42] 发送(hex): 20
[2026/09/11 10:30:42] 发送(hex): 03
[2026/09/11 10:30:42] =>
[2026/09/11 10:30:42] 发送(hex): 0d
[2026/09/11 10:30:42] <INTERRUPT>
[2026/09/11 10:30:42] =>
[2026/09/11 10:30:42] 发送(hex): 20
[2026/09/11 10:30:42] 发送(hex): 03
[2026/09/11 10:30:42] =>
[2026/09/11 10:30:42] 发送(hex): 0d
[2026/09/11 10:30:42] <INTERRUPT>
[2026/09/11 10:30:42] =>
[2026/09/11 10:30:42] 发送(hex): 20
[2026/09/11 10:30:42] 发送(hex): 03
[2026/09/11 10:30:42] =>
[2026/09/11 10:30:42] 发送(hex): 0d
[2026/09/11 10:30:42] <INTERRUPT>
[2026/09/11 10:30:42] =>
[2026/09/11 10:30:42] 发送(hex): 20
[2026/09/11 10:30:42] 发送(hex): 03
[2026/09/11 10:30:42] =>
[2026/09/11 10:30:42] 发送(hex): 0d
[2026/09/11 10:30:42] <INTERRUPT>
[2026/09/11 10:30:42] =>
[2026/09/11 10:30:42] 发送(hex): 20
[2026/09/11 10:30:42] 发送(hex): 03
[2026/09/11 10:30:42] =>
[2026/09/11 10:30:42] 发送(hex): 0d
[2026/09/11 10:30:42] <INTERRUPT>
[2026/09/11 10:30:42] =>
[2026/09/11 10:30:42] 发送(hex): 20
[2026/09/11 10:30:42] 发送(hex): 03
[2026/09/11 10:30:42] =>
[2026/09/11 10:30:42] 发送(hex): 0d
[2026/09/11 10:30:42] <INTERRUPT>
[2026/09/11 10:30:42] =>
[2026/09/11 10:30:42] 发送(hex): 20
[2026/09/11 10:30:42] 发送(hex): 03
[2026/09/11 10:30:42] =>
[2026/09/11 10:30:42] 发送(hex): 0d
[2026/09/11 10:30:42] <INTERRUPT>
[2026/09/11 10:30:42] =>
[2026/09/11 10:30:42] 发送(hex): 20
[2026/09/11 10:30:42] 发送(hex): 03
[2026/09/11 10:30:42] =>
[2026/09/11 10:30:42] 发送(hex): 0d
[2026/09/11 10:30:42] <INTERRUPT>
[2026/09/11 10:30:42] =>
[2026/09/11 10:30:42] 发送(hex): 20
[2026/09/11 10:30:42] 发送(hex): 03
[2026/09/11 10:30:42] =>
[2026/09/11 10:30:42] 发送(hex): 0d
[2026/09/11 10:30:42] <INTERRUPT>
[2026/09/11 10:30:42] =>
[2026/09/11 10:30:42] 发送(hex): 20
[2026/09/11 10:30:42] 发送(hex): 03
[2026/09/11 10:30:42] =>
[2026/09/11 10:30:42] 发送(hex): 0d
[2026/09/11 10:30:42] <INTERRUPT>
[2026/09/11 10:30:42] =>
[2026/09/11 10:30:42] 发送(hex): 20
[2026/09/11 10:30:42] 发送(hex): 03
[2026/09/11 10:30:42] =>
[2026/09/11 10:30:42] 发送(hex): 0d
[2026/09/11 10:30:42] <INTERRUPT>
[2026/09/11 10:30:42] =>
[2026/09/11 10:30:42] 发送(hex): 20
[2026/09/11 10:30:42] 发送(hex): 03
[2026/09/11 10:30:42] =>
[2026/09/11 10:30:42] 发送(hex): 0d
[2026/09/11 10:30:42] <INTERRUPT>
[2026/09/11 10:30:42] =>
[2026/09/11 10:30:42] 发送(hex): 20
[2026/09/11 10:30:42] 发送(hex): 03
[2026/09/11 10:30:42] =>
[2026/09/11 10:30:42] 发送(hex): 0d
[2026/09/11 10:30:42] <INTERRUPT>
[2026/09/11 10:30:42] =>
[2026/09/11 10:30:42] 发送(hex): 20
[2026/09/11 10:30:42] 发送(hex): 03
[2026/09/11 10:30:42] =>
[2026/09/11 10:30:42] 发送(hex): 0d
[2026/09/11 10:30:42] <INTERRUPT>
[2026/09/11 10:30:42] =>
[2026/09/11 10:30:42] 发送(hex): 20
[2026/09/11 10:30:42] 发送(hex): 03
[2026/09/11 10:30:42] =>
[2026/09/11 10:30:42] 发送(hex): 0d
[2026/09/11 10:30:42] <INTERRUPT>
[2026/09/11 10:30:42] =>
[2026/09/11 10:30:42] 发送(hex): 20
[2026/09/11 10:30:42] 发送(hex): 03
[2026/09/11 10:30:42] =>
[2026/09/11 10:30:42] 发送(hex): 0d
[2026/09/11 10:30:42] <INTERRUPT>
[2026/09/11 10:30:42] =>
[2026/09/11 10:30:42] 发送(hex): 20
[2026/09/11 10:30:42] 发送(hex): 03
[2026/09/11 10:30:42] =>
[2026/09/11 10:30:42] 发送(hex): 0d
[2026/09/11 10:30:42] <INTERRUPT>
[2026/09/11 10:30:42] =>
[2026/09/11 10:30:42] 发送(hex): 20
[2026/09/11 10:30:42] 发送(hex): 03
[2026/09/11 10:30:42] =>
[2026/09/11 10:30:42] 发送(hex): 0d
[2026/09/11 10:30:42] <INTERRUPT>
[2026/09/11 10:30:42] =>
[2026/09/11 10:30:42] 发送(hex): 20
[2026/09/11 10:30:42] 发送(hex): 03
[2026/09/11 10:30:42] =>
[2026/09/11 10:30:42] 发送(hex): 0d
[2026/09/11 10:30:42] <INTERRUPT>
[2026/09/11 10:30:42] =>
[2026/09/11 10:30:42] 发送(hex): 20
[2026/09/11 10:30:43] 发送(hex): 03
[2026/09/11 10:30:43] =>
[2026/09/11 10:30:43] 发送(hex): 0d
[2026/09/11 10:30:43] <INTERRUPT>
[2026/09/11 10:30:43] =>
[2026/09/11 10:30:43] 发送(hex): 20
[2026/09/11 10:30:43] 发送(hex): 03
[2026/09/11 10:30:43] =>
[2026/09/11 10:30:43] 发送(hex): 0d
[2026/09/11 10:30:43] <INTERRUPT>
[2026/09/11 10:30:43] =>
[2026/09/11 10:30:43] 发送(hex): 20
[2026/09/11 10:30:43] 发送(hex): 03
[2026/09/11 10:30:43] =>
[2026/09/11 10:30:43] 发送(hex): 0d
[2026/09/11 10:30:43] <INTERRUPT>
[2026/09/11 10:30:43] =>
[2026/09/11 10:30:43] 发送(hex): 20
[2026/09/11 10:30:43] 发送(hex): 03
[2026/09/11 10:30:43] =>
[2026/09/11 10:30:43] 发送(hex): 0d
[2026/09/11 10:30:43] <INTERRUPT>
[2026/09/11 10:30:43] =>
[2026/09/11 10:30:43] 发送(hex): 20
[2026/09/11 10:30:43] 发送(hex): 03
[2026/09/11 10:30:43] =>
[2026/09/11 10:30:43] 发送(hex): 0d
[2026/09/11 10:30:43] <INTERRUPT>
[2026/09/11 10:30:43] =>
[2026/09/11 10:30:43] 发送(hex): 20
[2026/09/11 10:30:43] 发送(hex): 03
[2026/09/11 10:30:43] =>
[2026/09/11 10:30:43] 发送(hex): 0d
[2026/09/11 10:30:43] <INTERRUPT>
[2026/09/11 10:30:43] =>
[2026/09/11 10:30:43] 发送(hex): 20
[2026/09/11 10:30:43] 发送(hex): 03
[2026/09/11 10:30:43] =>
[2026/09/11 10:30:43] 发送(hex): 0d
[2026/09/11 10:30:43] <INTERRUPT>
[2026/09/11 10:30:43] =>
[2026/09/11 10:30:43] 发送(hex): 20
[2026/09/11 10:30:43] =>
[2026/09/11 10:30:43] 发送(hex): 03
[2026/09/11 10:30:43] 发送(hex): 0d
[2026/09/11 10:30:43] <INTERRUPT>
[2026/09/11 10:30:43] =>
[2026/09/11 10:30:43] 发送(hex): 20
[2026/09/11 10:30:43] =>
[2026/09/11 10:30:43] 发送(hex): 03
[2026/09/11 10:30:43] 发送(hex): 0d
[2026/09/11 10:30:43] <INTERRUPT>
[2026/09/11 10:30:43] =>
[2026/09/11 10:30:43] 发送(hex): 20
[2026/09/11 10:30:43] =>
[2026/09/11 10:30:43] 发送(hex): 03
[2026/09/11 10:30:43] 发送(hex): 0d
[2026/09/11 10:30:43] <INTERRUPT>
[2026/09/11 10:30:43] =>
[2026/09/11 10:30:43] 发送(hex): 20
[2026/09/11 10:30:43] =>
[2026/09/11 10:30:43] 发送(hex): 03
[2026/09/11 10:30:43] 发送(hex): 0d
[2026/09/11 10:30:43] <INTERRUPT>
[2026/09/11 10:30:43] =>
[2026/09/11 10:30:43] 发送(hex): 20
[2026/09/11 10:30:43] =>
[2026/09/11 10:30:43] 发送(hex): 03
[2026/09/11 10:30:43] 发送(hex): 0d
[2026/09/11 10:30:43] <INTERRUPT>
[2026/09/11 10:30:43] =>
[2026/09/11 10:30:43] 发送(hex): 20
[2026/09/11 10:30:43] =>
[2026/09/11 10:30:43] 发送(hex): 03
[2026/09/11 10:30:43] 发送(hex): 0d
[2026/09/11 10:30:43] <INTERRUPT>
[2026/09/11 10:30:43] =>
[2026/09/11 10:30:43] 发送(hex): 20
[2026/09/11 10:30:43] =>
[2026/09/11 10:30:43] 发送(hex): 03
[2026/09/11 10:30:43] 发送(hex): 0d
[2026/09/11 10:30:43] <INTERRUPT>
[2026/09/11 10:30:43] =>
[2026/09/11 10:30:43] 发送(hex): 20
[2026/09/11 10:30:43] =>
[2026/09/11 10:30:43] 发送(hex): 03
[2026/09/11 10:30:43] 发送(hex): 0d
[2026/09/11 10:30:43] <INTERRUPT>
[2026/09/11 10:30:43] =>
[2026/09/11 10:30:43] 发送(hex): 20
[2026/09/11 10:30:43] =>
[2026/09/11 10:30:43] 发送(hex): 03
[2026/09/11 10:30:43] 发送(hex): 0d
[2026/09/11 10:30:43] <INTERRUPT>
[2026/09/11 10:30:43] =>
[2026/09/11 10:30:43] 发送(hex): 20
[2026/09/11 10:30:43] =>
[2026/09/11 10:30:43] 发送(hex): 03
[2026/09/11 10:30:43] 发送(hex): 0d
[2026/09/11 10:30:43] <INTERRUPT>
[2026/09/11 10:30:43] =>
[2026/09/11 10:30:43] 发送(hex): 20
[2026/09/11 10:30:43] =>
[2026/09/11 10:30:43] 发送(hex): 03
[2026/09/11 10:30:43] 发送(hex): 0d
[2026/09/11 10:30:43] <INTERRUPT>
[2026/09/11 10:30:43] =>
[2026/09/11 10:30:43] 发送(hex): 20
[2026/09/11 10:30:43] =>
[2026/09/11 10:30:43] 发送(hex): 03
[2026/09/11 10:30:43] 发送(hex): 0d
[2026/09/11 10:30:43] <INTERRUPT>
[2026/09/11 10:30:43] =>
[2026/09/11 10:30:43] 发送(hex): 20
[2026/09/11 10:30:43] =>
[2026/09/11 10:30:43] 发送(hex): 03
[2026/09/11 10:30:43] 发送(hex): 0d
[2026/09/11 10:30:43] <INTERRUPT>
[2026/09/11 10:30:43] =>
[2026/09/11 10:30:43] 发送(hex): 20
[2026/09/11 10:30:43] =>
[2026/09/11 10:30:43] 发送(hex): 03
[2026/09/11 10:30:43] 发送(hex): 0d
[2026/09/11 10:30:43] <INTERRUPT>
[2026/09/11 10:30:43] =>
[2026/09/11 10:30:43] 发送(hex): 20
[2026/09/11 10:30:43] =>
[2026/09/11 10:30:43] 发送(hex): 03
[2026/09/11 10:30:43] 发送(hex): 0d
[2026/09/11 10:30:43] <INTERRUPT>
[2026/09/11 10:30:43] =>
[2026/09/11 10:30:43] 发送(hex): 20
[2026/09/11 10:30:43] =>
[2026/09/11 10:30:43] 发送(hex): 03
[2026/09/11 10:30:43] 发送(hex): 0d
[2026/09/11 10:30:43] <INTERRUPT>
[2026/09/11 10:30:43] =>
[2026/09/11 10:30:43] 发送(hex): 20
[2026/09/11 10:30:43] =>
[2026/09/11 10:30:43] 发送(hex): 03
[2026/09/11 10:30:43] 发送(hex): 0d
[2026/09/11 10:30:43] <INTERRUPT>
[2026/09/11 10:30:43] =>
[2026/09/11 10:30:43] 发送(hex): 20
[2026/09/11 10:30:43] =>
[2026/09/11 10:30:43] 发送(hex): 03
[2026/09/11 10:30:43] 发送(hex): 0d
[2026/09/11 10:30:43] <INTERRUPT>
[2026/09/11 10:30:43] =>
[2026/09/11 10:30:43] 发送(hex): 20
[2026/09/11 10:30:43] =>
[2026/09/11 10:30:43] 发送(hex): 03
[2026/09/11 10:30:43] 发送(hex): 0d
[2026/09/11 10:30:43] <INTERRUPT>
[2026/09/11 10:30:43] =>
[2026/09/11 10:30:43] 发送(hex): 20
[2026/09/11 10:30:43] =>
[2026/09/11 10:30:43] 发送(hex): 03
[2026/09/11 10:30:43] 发送(hex): 0d
[2026/09/11 10:30:43] <INTERRUPT>
[2026/09/11 10:30:43] =>
[2026/09/11 10:30:43] 发送(hex): 20
[2026/09/11 10:30:43] =>
[2026/09/11 10:30:43] 发送(hex): 03
[2026/09/11 10:30:43] 发送(hex): 0d
[2026/09/11 10:30:43] <INTERRUPT>
[2026/09/11 10:30:43] =>
[2026/09/11 10:30:43] 发送(hex): 20
[2026/09/11 10:30:43] =>
[2026/09/11 10:30:43] 发送(hex): 03
[2026/09/11 10:30:43] 发送(hex): 0d
[2026/09/11 10:30:43] <INTERRUPT>
[2026/09/11 10:30:43] =>
[2026/09/11 10:30:43] 发送(hex): 20
[2026/09/11 10:30:43] =>
[2026/09/11 10:30:43] 发送(hex): 03
[2026/09/11 10:30:43] 发送(hex): 0d
[2026/09/11 10:30:43] <INTERRUPT>
[2026/09/11 10:30:43] =>
[2026/09/11 10:30:43] 发送(hex): 20
[2026/09/11 10:30:43] =>
[2026/09/11 10:30:43] 发送(hex): 03
[2026/09/11 10:30:43] 发送(hex): 0d
[2026/09/11 10:30:43] <INTERRUPT>
[2026/09/11 10:30:43] =>
[2026/09/11 10:30:43] 发送(hex): 20
[2026/09/11 10:30:43] =>
[2026/09/11 10:30:44] 发送(hex): 03
[2026/09/11 10:30:44] 发送(hex): 0d
[2026/09/11 10:30:44] <INTERRUPT>
[2026/09/11 10:30:44] =>
[2026/09/11 10:30:44] 发送(hex): 20
[2026/09/11 10:30:44] =>
[2026/09/11 10:30:44] 发送(hex): 03
[2026/09/11 10:30:44] 发送(hex): 0d
[2026/09/11 10:30:44] <INTERRUPT>
[2026/09/11 10:30:44] =>
[2026/09/11 10:30:44] 发送(hex): 20
[2026/09/11 10:30:44] =>
[2026/09/11 10:30:44] 发送(hex): 03
[2026/09/11 10:30:44] 发送(hex): 0d
[2026/09/11 10:30:44] <INTERRUPT>
[2026/09/11 10:30:44] =>
[2026/09/11 10:30:44] 发送(hex): 20
[2026/09/11 10:30:44] =>
[2026/09/11 10:30:44] 发送(hex): 03
[2026/09/11 10:30:44] 发送(hex): 0d
[2026/09/11 10:30:44] <INTERRUPT
[2026/09/11 10:30:44] 发送(hex): 20
[2026/09/11 10:30:44] >
[2026/09/11 10:30:44] =>
[2026/09/11 10:30:44] =>
[2026/09/11 10:30:44] 发送(hex): 03
[2026/09/11 10:30:44] 发送(hex): 0d
[2026/09/11 10:30:44] <INTER
[2026/09/11 10:30:44] 发送(hex): 20
[2026/09/11 10:30:44] RUPT>
[2026/09/11 10:30:44] =>
[2026/09/11 10:30:44] =>
[2026/09/11 10:30:44] 发送(hex): 03
[2026/09/11 10:30:44] 发送(hex): 0d
[2026/09/11 10:30:44] <INTE
[2026/09/11 10:30:44] 发送(hex): 20
[2026/09/11 10:30:44] RRUPT>
[2026/09/11 10:30:44] =>
[2026/09/11 10:30:44] =>
[2026/09/11 10:30:44] 发送(hex): 03
[2026/09/11 10:30:44] 发送(hex): 0d
[2026/09/11 10:30:44] <INTER
[2026/09/11 10:30:44] 发送(hex): 20
[2026/09/11 10:30:44] RUPT>
[2026/09/11 10:30:44] =>
[2026/09/11 10:30:44] =>
[2026/09/11 10:30:44] 发送(hex): 03
[2026/09/11 10:30:44] 发送(hex): 0d
[2026/09/11 10:30:44] <IN
[2026/09/11 10:30:44] 发送(hex): 20
[2026/09/11 10:30:44] TERRUPT>
[2026/09/11 10:30:44] =>
[2026/09/11 10:30:44] =>
[2026/09/11 10:30:44] 发送(hex): 03
[2026/09/11 10:30:44] 发送(hex): 0d
[2026/09/11 10:30:44] <IN
[2026/09/11 10:30:44] 发送(hex): 20
[2026/09/11 10:30:44] TERRUPT>
[2026/09/11 10:30:44] =>
[2026/09/11 10:30:44] =>
[2026/09/11 10:30:44] 发送(hex): 03
[2026/09/11 10:30:44] 发送(hex): 0d
[2026/09/11 10:30:44] <INTERRUPT
[2026/09/11 10:30:44] 发送(hex): 20
[2026/09/11 10:30:44] >
[2026/09/11 10:30:44] =>
[2026/09/11 10:30:44] =>
[2026/09/11 10:30:44] 发送(hex): 03
[2026/09/11 10:30:44] 发送(hex): 0d
[2026/09/11 10:30:44] <I
[2026/09/11 10:30:44] 发送(hex): 20
[2026/09/11 10:30:44] NTERRUPT>
[2026/09/11 10:30:44] =>
[2026/09/11 10:30:44] =>
[2026/09/11 10:30:44] 发送(hex): 03
[2026/09/11 10:30:44] 发送(hex): 0d
[2026/09/11 10:30:44] 发送(hex): 20
[2026/09/11 10:30:44] <INTERRUPT>
[2026/09/11 10:30:44] =>
[2026/09/11 10:30:44] =>
[2026/09/11 10:30:44] 发送(hex): 03
[2026/09/11 10:30:44] 发送(hex): 0d
[2026/09/11 10:30:44] 发送(hex): 20
[2026/09/11 10:30:44] <INTERRUPT>
[2026/09/11 10:30:44] =>
[2026/09/11 10:30:44] =>
[2026/09/11 10:30:44] 发送(hex): 03
[2026/09/11 10:30:44] 发送(hex): 0d
[2026/09/11 10:30:44] 发送(hex): 20
[2026/09/11 10:30:44] <INTERRUPT>
[2026/09/11 10:30:44] =>
[2026/09/11 10:30:44] =>
[2026/09/11 10:30:44] 发送(hex): 03
[2026/09/11 10:30:44] 发送(hex): 0d
[2026/09/11 10:30:44] 发送(hex): 20
[2026/09/11 10:30:44] <INTERRUPT>
[2026/09/11 10:30:44] =>
[2026/09/11 10:30:44] =>
[2026/09/11 10:30:44] 发送(hex): 03
[2026/09/11 10:30:44] 发送(hex): 0d
[2026/09/11 10:30:44] 发送(hex): 20
[2026/09/11 10:30:44] <INTERRUPT>
[2026/09/11 10:30:44] =>
[2026/09/11 10:30:44] =>
[2026/09/11 10:30:44] 发送(hex): 03
[2026/09/11 10:30:44] 发送(hex): 0d
[2026/09/11 10:30:44] 发送(hex): 20
[2026/09/11 10:30:44] <INTERRUPT>
[2026/09/11 10:30:44] =>
[2026/09/11 10:30:44] =>
[2026/09/11 10:30:44] 发送(hex): 03
[2026/09/11 10:30:44] 发送(hex): 0d
[2026/09/11 10:30:44] 发送(hex): 20
[2026/09/11 10:30:44] <INTERRUPT>
[2026/09/11 10:30:44] =>
[2026/09/11 10:30:44] =>
[2026/09/11 10:30:44] 发送(hex): 03
[2026/09/11 10:30:44] 发送(hex): 0d
[2026/09/11 10:30:44] 发送(hex): 20
[2026/09/11 10:30:44] <INTERRUPT>
[2026/09/11 10:30:44] =>
[2026/09/11 10:30:44] =>
[2026/09/11 10:30:44] 发送(hex): 03
[2026/09/11 10:30:44] 发送(hex): 0d
[2026/09/11 10:30:44] 发送(hex): 20
[2026/09/11 10:30:44] <INTERRUPT>
[2026/09/11 10:30:44] =>
[2026/09/11 10:30:44] =>
[2026/09/11 10:30:44] 发送(hex): 03
[2026/09/11 10:30:44] 发送(hex): 0d
[2026/09/11 10:30:44] 发送(hex): 20
[2026/09/11 10:30:44] <INTERRUPT>
[2026/09/11 10:30:44] =>
[2026/09/11 10:30:44] =>
[2026/09/11 10:30:44] 发送(hex): 03
[2026/09/11 10:30:44] 发送(hex): 0d
[2026/09/11 10:30:44] 发送(hex): 20
[2026/09/11 10:30:44] <INTERRUPT>
[2026/09/11 10:30:44] =>
[2026/09/11 10:30:44] =>
[2026/09/11 10:30:44] 发送(hex): 03
[2026/09/11 10:30:44] 发送(hex): 0d
[2026/09/11 10:30:44] 发送(hex): 20
[2026/09/11 10:30:44] <INTERRUPT>
[2026/09/11 10:30:44] =>
[2026/09/11 10:30:44] =>
[2026/09/11 10:30:44] 发送(hex): 03
[2026/09/11 10:30:44] 发送(hex): 0d
[2026/09/11 10:30:44] 发送(hex): 20
[2026/09/11 10:30:44] <INTERRUPT>
[2026/09/11 10:30:44] =>
[2026/09/11 10:30:44] =>
[2026/09/11 10:30:44] 发送(hex): 03
[2026/09/11 10:30:44] 发送(hex): 0d
[2026/09/11 10:30:44] 发送(hex): 20
[2026/09/11 10:30:44] <INTERRUPT>
[2026/09/11 10:30:44] =>
[2026/09/11 10:30:44] =>
[2026/09/11 10:30:44] 发送(hex): 03
[2026/09/11 10:30:44] 发送(hex): 0d
[2026/09/11 10:30:44] 发送(hex): 20
[2026/09/11 10:30:44] <INTERRUPT>
[2026/09/11 10:30:44] =>
[2026/09/11 10:30:44] =>
[2026/09/11 10:30:44] 发送(hex): 03
[2026/09/11 10:30:44] 发送(hex): 0d
[2026/09/11 10:30:44] 发送(hex): 20
[2026/09/11 10:30:44] <INTERRUPT>
[2026/09/11 10:30:44] =>
[2026/09/11 10:30:44] =>
[2026/09/11 10:30:44] 发送(hex): 03
[2026/09/11 10:30:44] 发送(hex): 0d
[2026/09/11 10:30:44] 发送(hex): 20
[2026/09/11 10:30:44] <INTERRUPT>
[2026/09/11 10:30:44] =>
[2026/09/11 10:30:44] =>
[2026/09/11 10:30:44] 发送(hex): 03
[2026/09/11 10:30:44] 发送(hex): 0d
[2026/09/11 10:30:44] 发送(hex): 20
[2026/09/11 10:30:44] <INTERRUPT>
[2026/09/11 10:30:44] =>
[2026/09/11 10:30:44] =>
[2026/09/11 10:30:44] 发送(hex): 03
[2026/09/11 10:30:44] 发送(hex): 0d
[2026/09/11 10:30:44] 发送(hex): 20
[2026/09/11 10:30:44] <INTERRUPT>
[2026/09/11 10:30:44] =>
[2026/09/11 10:30:44] =>
[2026/09/11 10:30:44] 发送(hex): 03
[2026/09/11 10:30:44] 发送(hex): 0d
[2026/09/11 10:30:44] 发送(hex): 20
[2026/09/11 10:30:44] <INTERRUPT>
[2026/09/11 10:30:44] =>
[2026/09/11 10:30:44] =>
[2026/09/11 10:30:44] 发送(hex): 03
[2026/09/11 10:30:45] 发送(hex): 0d
[2026/09/11 10:30:45] 发送(hex): 20
[2026/09/11 10:30:45] <INTERRUPT>
[2026/09/11 10:30:45] =>
[2026/09/11 10:30:45] =>
[2026/09/11 10:30:45] 发送(hex): 03
[2026/09/11 10:30:45] 发送(hex): 0d
[2026/09/11 10:30:45] 发送(hex): 20
[2026/09/11 10:30:45] <INTERRUPT>
[2026/09/11 10:30:45] =>
[2026/09/11 10:30:45] =>
[2026/09/11 10:30:45] 发送(hex): 03
[2026/09/11 10:30:45] 发送(hex): 0d
[2026/09/11 10:30:45] <INTERRUPT>
[2026/09/11 10:30:45] =>
[2026/09/11 10:30:45] 发送(hex): 20
[2026/09/11 10:30:45] 发送(hex): 03
[2026/09/11 10:30:45] =>
[2026/09/11 10:30:45] 发送(hex): 0d
[2026/09/11 10:30:45] <INTERRUPT>
[2026/09/11 10:30:45] =>
[2026/09/11 10:30:45] 发送(hex): 20
[2026/09/11 10:30:45] 发送(hex): 03
[2026/09/11 10:30:45] =>
[2026/09/11 10:30:45] 发送(hex): 0d
[2026/09/11 10:30:45] <INTERRUPT>
[2026/09/11 10:30:45] =>
[2026/09/11 10:30:45] 发送(hex): 20
[2026/09/11 10:30:45] 发送(hex): 03
[2026/09/11 10:30:45] =>
[2026/09/11 10:30:45] 发送(hex): 0d
[2026/09/11 10:30:45] <INTERRUPT>
[2026/09/11 10:30:45] =>
[2026/09/11 10:30:45] 发送(hex): 20
[2026/09/11 10:30:45] 发送(hex): 03
[2026/09/11 10:30:45] =>
[2026/09/11 10:30:45] 发送(hex): 0d
[2026/09/11 10:30:45] <INTERRUPT>
[2026/09/11 10:30:45] =>
[2026/09/11 10:30:45] 发送(hex): 20
[2026/09/11 10:30:45] 发送(hex): 03
[2026/09/11 10:30:45] =>
[2026/09/11 10:30:45] 发送(hex): 0d
[2026/09/11 10:30:45] <INTERRUPT>
[2026/09/11 10:30:45] =>
[2026/09/11 10:30:45] 发送(hex): 20
[2026/09/11 10:30:45] 发送(hex): 03
[2026/09/11 10:30:45] =>
[2026/09/11 10:30:45] 发送(hex): 0d
[2026/09/11 10:30:45] <INTERRUPT>
[2026/09/11 10:30:45] =>
[2026/09/11 10:30:45] 发送(hex): 20
[2026/09/11 10:30:45] 发送(hex): 03
[2026/09/11 10:30:45] =>
[2026/09/11 10:30:45] 发送(hex): 0d
[2026/09/11 10:30:45] <INTERRUPT>
[2026/09/11 10:30:45] =>
[2026/09/11 10:30:45] 发送(hex): 20
[2026/09/11 10:30:45] 发送(hex): 03
[2026/09/11 10:30:45] =>
[2026/09/11 10:30:45] 发送(hex): 0d
[2026/09/11 10:30:45] <INTERRUPT>
[2026/09/11 10:30:45] =>
[2026/09/11 10:30:45] 发送(hex): 20
[2026/09/11 10:30:45] 发送(hex): 03
[2026/09/11 10:30:45] =>
[2026/09/11 10:30:45] 发送(hex): 0d
[2026/09/11 10:30:45] <INTERRUPT>
[2026/09/11 10:30:45] =>
[2026/09/11 10:30:45] 发送(hex): 20
[2026/09/11 10:30:45] 发送(hex): 03
[2026/09/11 10:30:45] =>
[2026/09/11 10:30:45] 发送(hex): 0d
[2026/09/11 10:30:45] <INTERRUPT>
[2026/09/11 10:30:45] =>
[2026/09/11 10:30:45] 发送(hex): 20
[2026/09/11 10:30:45] 发送(hex): 03
[2026/09/11 10:30:45] =>
[2026/09/11 10:30:45] 发送(hex): 0d
[2026/09/11 10:30:45] <INTERRUPT>
[2026/09/11 10:30:45] =>
[2026/09/11 10:30:45] 发送(hex): 20
[2026/09/11 10:30:45] 发送(hex): 03
[2026/09/11 10:30:45] =>
[2026/09/11 10:30:45] 发送(hex): 0d
[2026/09/11 10:30:45] <INTERRUPT>
[2026/09/11 10:30:45] =>
[2026/09/11 10:30:45] 发送(hex): 20
[2026/09/11 10:30:45] 发送(hex): 03
[2026/09/11 10:30:45] =>
[2026/09/11 10:30:45] 发送(hex): 0d
[2026/09/11 10:30:45] <INTERRUPT>
[2026/09/11 10:30:45] =>
[2026/09/11 10:30:45] 发送(hex): 20
[2026/09/11 10:30:45] 发送(hex): 03
[2026/09/11 10:30:45] =>
[2026/09/11 10:30:45] 发送(hex): 0d
[2026/09/11 10:30:45] <INTERRUPT>
[2026/09/11 10:30:45] =>
[2026/09/11 10:30:45] 发送(hex): 20
[2026/09/11 10:30:45] =>
[2026/09/11 10:30:45] 发送(hex): 03
[2026/09/11 10:30:45] 发送(hex): 0d
[2026/09/11 10:30:45] <INTERRUPT>
[2026/09/11 10:30:45] =>
[2026/09/11 10:30:45] 发送(hex): 20
[2026/09/11 10:30:45] =>
[2026/09/11 10:30:45] 发送(hex): 03
[2026/09/11 10:30:45] 发送(hex): 0d
[2026/09/11 10:30:45] <INTERRUPT>
[2026/09/11 10:30:45] =>
[2026/09/11 10:30:45] 发送(hex): 20
[2026/09/11 10:30:45] =>
[2026/09/11 10:30:45] 发送(hex): 03
[2026/09/11 10:30:45] 发送(hex): 0d
[2026/09/11 10:30:45] <INTERR
[2026/09/11 10:30:45] 发送(hex): 20
[2026/09/11 10:30:45] UPT>
[2026/09/11 10:30:45] =>
[2026/09/11 10:30:45] =>
[2026/09/11 10:30:45] 发送(hex): 03
[2026/09/11 10:30:45] 发送(hex): 0d
[2026/09/11 10:30:45] 发送(hex): 20
[2026/09/11 10:30:45] <INTERRUPT>
[2026/09/11 10:30:45] =>
[2026/09/11 10:30:45] =>
[2026/09/11 10:30:45] 发送(hex): 03
[2026/09/11 10:30:45] 发送(hex): 0d
[2026/09/11 10:30:45] 发送(hex): 20
[2026/09/11 10:30:45] <INTERRUPT>
[2026/09/11 10:30:45] =>
[2026/09/11 10:30:45] =>
[2026/09/11 10:30:45] 发送(hex): 03
[2026/09/11 10:30:45] 发送(hex): 0d
[2026/09/11 10:30:45] 发送(hex): 20
[2026/09/11 10:30:45] <INTERRUPT>
[2026/09/11 10:30:45] =>
[2026/09/11 10:30:45] =>
[2026/09/11 10:30:45] 发送(hex): 03
[2026/09/11 10:30:45] 发送(hex): 0d
[2026/09/11 10:30:45] 发送(hex): 20
[2026/09/11 10:30:45] <INTERRUPT>
[2026/09/11 10:30:45] =>
[2026/09/11 10:30:45] =>
[2026/09/11 10:30:45] 发送(hex): 03
[2026/09/11 10:30:45] 发送(hex): 0d
[2026/09/11 10:30:45] 发送(hex): 20
[2026/09/11 10:30:45] <INTERRUPT>
[2026/09/11 10:30:45] =>
[2026/09/11 10:30:45] =>
[2026/09/11 10:30:45] 发送(hex): 03
[2026/09/11 10:30:45] 发送(hex): 0d
[2026/09/11 10:30:45] 发送(hex): 20
[2026/09/11 10:30:45] <INTERRUPT>
[2026/09/11 10:30:45] =>
[2026/09/11 10:30:45] =>
[2026/09/11 10:30:45] 发送(hex): 03
[2026/09/11 10:30:45] 发送(hex): 0d
[2026/09/11 10:30:45] 发送(hex): 20
[2026/09/11 10:30:45] <INTERRUPT>
[2026/09/11 10:30:45] =>
[2026/09/11 10:30:45] =>
[2026/09/11 10:30:45] 发送(hex): 03
[2026/09/11 10:30:45] 发送(hex): 0d
[2026/09/11 10:30:45] 发送(hex): 20
[2026/09/11 10:30:45] <INTERRUPT>
[2026/09/11 10:30:45] =>
[2026/09/11 10:30:45] =>
[2026/09/11 10:30:45] 发送(hex): 03
[2026/09/11 10:30:45] 发送(hex): 0d
[2026/09/11 10:30:45] 发送(hex): 20
[2026/09/11 10:30:45] <INTERRUPT>
[2026/09/11 10:30:45] =>
[2026/09/11 10:30:45] =>
[2026/09/11 10:30:45] 发送(hex): 03
[2026/09/11 10:30:45] 发送(hex): 0d
[2026/09/11 10:30:45] 发送(hex): 20
[2026/09/11 10:30:45] <INTERRUPT>
[2026/09/11 10:30:45] =>
[2026/09/11 10:30:45] =>
[2026/09/11 10:30:45] 发送(hex): 03
[2026/09/11 10:30:45] 发送(hex): 0d
[2026/09/11 10:30:45] 发送(hex): 20
[2026/09/11 10:30:45] <INTERRUPT>
[2026/09/11 10:30:45] =>
[2026/09/11 10:30:45] =>
[2026/09/11 10:30:46] 发送(hex): 03
[2026/09/11 10:30:46] 发送(hex): 0d
[2026/09/11 10:30:46] 发送(hex): 20
[2026/09/11 10:30:46] <INTERRUPT>
[2026/09/11 10:30:46] =>
[2026/09/11 10:30:46] =>
[2026/09/11 10:30:46] 发送(hex): 03
[2026/09/11 10:30:46] 发送(hex): 0d
[2026/09/11 10:30:46] 发送(hex): 20
[2026/09/11 10:30:46] <INTERRUPT>
[2026/09/11 10:30:46] =>
[2026/09/11 10:30:46] =>
[2026/09/11 10:30:46] 发送(hex): 03
[2026/09/11 10:30:46] 发送(hex): 0d
[2026/09/11 10:30:46] 发送(hex): 20
[2026/09/11 10:30:46] <INTERRUPT>
[2026/09/11 10:30:46] =>
[2026/09/11 10:30:46] =>
[2026/09/11 10:30:46] 发送(hex): 03
[2026/09/11 10:30:46] 发送(hex): 0d
[2026/09/11 10:30:46] 发送(hex): 20
[2026/09/11 10:30:46] <INTERRUPT>
[2026/09/11 10:30:46] =>
[2026/09/11 10:30:46] =>
[2026/09/11 10:30:46] 发送(hex): 03
[2026/09/11 10:30:46] 发送(hex): 0d
[2026/09/11 10:30:46] 发送(hex): 20
[2026/09/11 10:30:46] <INTERRUPT>
[2026/09/11 10:30:46] =>
[2026/09/11 10:30:46] =>
[2026/09/11 10:30:46] 发送(hex): 03
[2026/09/11 10:30:46] 发送(hex): 0d
[2026/09/11 10:30:46] 发送(hex): 20
[2026/09/11 10:30:46] <INTERRUPT>
[2026/09/11 10:30:46] =>
[2026/09/11 10:30:46] =>
[2026/09/11 10:30:46] 发送(hex): 03
[2026/09/11 10:30:46] 发送(hex): 0d
[2026/09/11 10:30:46] 发送(hex): 20
[2026/09/11 10:30:46] <INTERRUPT>
[2026/09/11 10:30:46] =>
[2026/09/11 10:30:46] =>
[2026/09/11 10:30:46] 发送(hex): 03
[2026/09/11 10:30:46] 发送(hex): 0d
[2026/09/11 10:30:46] 发送(hex): 20
[2026/09/11 10:30:46] <INTERRUPT>
[2026/09/11 10:30:46] =>
[2026/09/11 10:30:46] =>
[2026/09/11 10:30:46] 发送(hex): 03
[2026/09/11 10:30:46] 发送(hex): 0d
[2026/09/11 10:30:46] 发送(hex): 20
[2026/09/11 10:30:46] <INTERRUPT>
[2026/09/11 10:30:46] =>
[2026/09/11 10:30:46] =>
[2026/09/11 10:30:46] 发送(hex): 03
[2026/09/11 10:30:46] 发送(hex): 0d
[2026/09/11 10:30:46] 发送(hex): 20
[2026/09/11 10:30:46] <INTERRUPT>
[2026/09/11 10:30:46] =>
[2026/09/11 10:30:46] =>
[2026/09/11 10:30:46] 发送(hex): 03
[2026/09/11 10:30:46] 发送(hex): 0d
[2026/09/11 10:30:46] 发送(hex): 20
[2026/09/11 10:30:46] <INTERRUPT>
[2026/09/11 10:30:46] =>
[2026/09/11 10:30:46] =>
[2026/09/11 10:30:46] 发送(hex): 03
[2026/09/11 10:30:46] 发送(hex): 0d
[2026/09/11 10:30:46] 发送(hex): 20
[2026/09/11 10:30:46] <INTERRUPT>
[2026/09/11 10:30:46] =>
[2026/09/11 10:30:46] =>
[2026/09/11 10:30:46] 发送(hex): 03
[2026/09/11 10:30:46] 发送(hex): 0d
[2026/09/11 10:30:46] 发送(hex): 20
[2026/09/11 10:30:46] <INTERRUPT>
[2026/09/11 10:30:46] =>
[2026/09/11 10:30:46] =>
[2026/09/11 10:30:46] 发送(hex): 03
[2026/09/11 10:30:46] 发送(hex): 0d
[2026/09/11 10:30:46] 发送(hex): 20
[2026/09/11 10:30:46] <INTERRUPT>
[2026/09/11 10:30:46] =>
[2026/09/11 10:30:46] =>
[2026/09/11 10:30:46] 发送(hex): 03
[2026/09/11 10:30:46] 发送(hex): 0d
[2026/09/11 10:30:46] 发送(hex): 20
[2026/09/11 10:30:46] <INTERRUPT>
[2026/09/11 10:30:46] =>
[2026/09/11 10:30:46] =>
[2026/09/11 10:30:46] 发送(hex): 03
[2026/09/11 10:30:46] 发送(hex): 0d
[2026/09/11 10:30:46] 发送(hex): 20
[2026/09/11 10:30:46] <INTERRUPT>
[2026/09/11 10:30:46] =>
[2026/09/11 10:30:46] =>
[2026/09/11 10:30:46] 发送(hex): 03
[2026/09/11 10:30:46] 发送(hex): 0d
[2026/09/11 10:30:46] 发送(hex): 20
[2026/09/11 10:30:46] <INTERRUPT>
[2026/09/11 10:30:46] =>
[2026/09/11 10:30:46] =>
[2026/09/11 10:30:46] 发送(hex): 03
[2026/09/11 10:30:46] 发送(hex): 0d
[2026/09/11 10:30:46] 发送(hex): 20
[2026/09/11 10:30:46] <INTERRUPT>
[2026/09/11 10:30:46] =>
[2026/09/11 10:30:46] =>
[2026/09/11 10:30:46] 发送(hex): 03
[2026/09/11 10:30:46] 发送(hex): 0d
[2026/09/11 10:30:46] 发送(hex): 20
[2026/09/11 10:30:46] <INTERRUPT>
[2026/09/11 10:30:46] =>
[2026/09/11 10:30:46] =>
[2026/09/11 10:30:46] 发送(hex): 03
[2026/09/11 10:30:46] 发送(hex): 0d
[2026/09/11 10:30:46] 发送(hex): 20
[2026/09/11 10:30:46] <INTERRUPT>
[2026/09/11 10:30:46] =>
[2026/09/11 10:30:46] =>
[2026/09/11 10:30:46] 发送(hex): 03
[2026/09/11 10:30:46] 发送(hex): 0d
[2026/09/11 10:30:46] 发送(hex): 20
[2026/09/11 10:30:46] <INTERRUPT>
[2026/09/11 10:30:46] =>
[2026/09/11 10:30:46] =>
[2026/09/11 10:30:46] 发送(hex): 03
[2026/09/11 10:30:46] 发送(hex): 0d
[2026/09/11 10:30:46] 发送(hex): 20
[2026/09/11 10:30:46] <INTERRUPT>
[2026/09/11 10:30:46] =>
[2026/09/11 10:30:46] =>
[2026/09/11 10:30:46] 发送(hex): 03
[2026/09/11 10:30:46] 发送(hex): 0d
[2026/09/11 10:30:46] 发送(hex): 20
[2026/09/11 10:30:46] <INTERRUPT>
[2026/09/11 10:30:46] =>
[2026/09/11 10:30:46] =>
[2026/09/11 10:30:46] 发送(hex): 03
[2026/09/11 10:30:46] 发送(hex): 0d
[2026/09/11 10:30:46] 发送(hex): 20
[2026/09/11 10:30:46] <INTERRUPT>
[2026/09/11 10:30:46] =>
[2026/09/11 10:30:46] =>
[2026/09/11 10:30:46] 发送(hex): 03
[2026/09/11 10:30:46] 发送(hex): 0d
[2026/09/11 10:30:46] 发送(hex): 20
[2026/09/11 10:30:46] <INTERRUPT>
[2026/09/11 10:30:46] =>
[2026/09/11 10:30:46] =>
[2026/09/11 10:30:46] 发送(hex): 03
[2026/09/11 10:30:46] 发送(hex): 0d
[2026/09/11 10:30:46] 发送(hex): 20
[2026/09/11 10:30:46] <INTERRUPT>
[2026/09/11 10:30:46] =>
[2026/09/11 10:30:46] =>
[2026/09/11 10:30:46] 发送(hex): 03
[2026/09/11 10:30:46] 发送(hex): 0d
[2026/09/11 10:30:46] 发送(hex): 20
[2026/09/11 10:30:46] <INTERRUPT>
[2026/09/11 10:30:46] =>
[2026/09/11 10:30:46] =>
[2026/09/11 10:30:46] 发送(hex): 03
[2026/09/11 10:30:46] 发送(hex): 0d
[2026/09/11 10:30:46] 发送(hex): 20
[2026/09/11 10:30:46] <INTERRUPT>
[2026/09/11 10:30:46] =>
[2026/09/11 10:30:46] =>
[2026/09/11 10:30:46] 发送(hex): 03
[2026/09/11 10:30:46] 发送(hex): 0d
[2026/09/11 10:30:46] 发送(hex): 20
[2026/09/11 10:30:46] <INTERRUPT>
[2026/09/11 10:30:46] =>
[2026/09/11 10:30:46] =>
[2026/09/11 10:30:46] 发送(hex): 03
[2026/09/11 10:30:46] 发送(hex): 0d
[2026/09/11 10:30:46] 发送(hex): 20
[2026/09/11 10:30:46] <INTERRUPT>
[2026/09/11 10:30:46] =>
[2026/09/11 10:30:46] =>
[2026/09/11 10:30:46] 发送(hex): 03
[2026/09/11 10:30:46] 发送(hex): 0d
[2026/09/11 10:30:46] 发送(hex): 20
[2026/09/11 10:30:46] <INTERRUPT>
[2026/09/11 10:30:46] =>
[2026/09/11 10:30:46] =>
[2026/09/11 10:30:46] 发送(hex): 03
[2026/09/11 10:30:47] 发送(hex): 0d
[2026/09/11 10:30:47] 发送(hex): 20
[2026/09/11 10:30:47] <INTERRUPT>
[2026/09/11 10:30:47] =>
[2026/09/11 10:30:47] =>
[2026/09/11 10:30:47] 发送(hex): 03
[2026/09/11 10:30:47] 发送(hex): 0d
[2026/09/11 10:30:47] 发送(hex): 20
[2026/09/11 10:30:47] <INTERRUPT>
[2026/09/11 10:30:47] =>
[2026/09/11 10:30:47] =>
[2026/09/11 10:30:47] 发送(hex): 03
[2026/09/11 10:30:47] 发送(hex): 0d
[2026/09/11 10:30:47] 发送(hex): 20
[2026/09/11 10:30:47] <INTERRUPT>
[2026/09/11 10:30:47] =>
[2026/09/11 10:30:47] =>
[2026/09/11 10:30:47] 发送(hex): 03
[2026/09/11 10:30:47] 发送(hex): 0d
[2026/09/11 10:30:47] 发送(hex): 20
[2026/09/11 10:30:47] <INTERRUPT>
[2026/09/11 10:30:47] =>
[2026/09/11 10:30:47] =>
[2026/09/11 10:30:47] 发送(hex): 03
[2026/09/11 10:30:47] 发送(hex): 0d
[2026/09/11 10:30:47] 发送(hex): 20
[2026/09/11 10:30:47] <INTERRUPT>
[2026/09/11 10:30:47] =>
[2026/09/11 10:30:47] =>
[2026/09/11 10:30:47] 发送(hex): 03
[2026/09/11 10:30:47] 发送(hex): 0d
[2026/09/11 10:30:47] 发送(hex): 20
[2026/09/11 10:30:47] <INTERRUPT>
[2026/09/11 10:30:47] =>
[2026/09/11 10:30:47] =>
[2026/09/11 10:30:47] 发送(hex): 03
[2026/09/11 10:30:47] 发送(hex): 0d
[2026/09/11 10:30:47] 发送(hex): 20
[2026/09/11 10:30:47] <INTERRUPT>
[2026/09/11 10:30:47] =>
[2026/09/11 10:30:47] =>
[2026/09/11 10:30:47] 发送(hex): 03
[2026/09/11 10:30:47] 发送(hex): 0d
[2026/09/11 10:30:47] 发送(hex): 20
[2026/09/11 10:30:47] <INTERRUPT>
[2026/09/11 10:30:47] =>
[2026/09/11 10:30:47] =>
[2026/09/11 10:30:47] 发送(hex): 03
[2026/09/11 10:30:47] 发送(hex): 0d
[2026/09/11 10:30:47] 发送(hex): 20
[2026/09/11 10:30:47] <INTERRUPT>
[2026/09/11 10:30:47] =>
[2026/09/11 10:30:47] =>
[2026/09/11 10:30:47] 发送(hex): 03
[2026/09/11 10:30:47] 发送(hex): 0d
[2026/09/11 10:30:47] 发送(hex): 20
[2026/09/11 10:30:47] <INTERRUPT>
[2026/09/11 10:30:47] =>
[2026/09/11 10:30:47] =>
[2026/09/11 10:30:47] 发送(hex): 03
[2026/09/11 10:30:47] 发送(hex): 0d
[2026/09/11 10:30:47] 发送(hex): 20
[2026/09/11 10:30:47] <INTERRUPT>
[2026/09/11 10:30:47] =>
[2026/09/11 10:30:47] =>
[2026/09/11 10:30:47] 发送(hex): 03
[2026/09/11 10:30:47] 发送(hex): 0d
[2026/09/11 10:30:47] 发送(hex): 20
[2026/09/11 10:30:47] <INTERRUPT>
[2026/09/11 10:30:47] =>
[2026/09/11 10:30:47] =>
[2026/09/11 10:30:47] 发送(hex): 03
[2026/09/11 10:30:47] 发送(hex): 0d
[2026/09/11 10:30:47] 发送(hex): 20
[2026/09/11 10:30:47] <INTERRUPT>
[2026/09/11 10:30:47] =>
[2026/09/11 10:30:47] =>
[2026/09/11 10:30:47] 发送(hex): 03
[2026/09/11 10:30:47] 发送(hex): 0d
[2026/09/11 10:30:47] 发送(hex): 20
[2026/09/11 10:30:47] <INTERRUPT>
[2026/09/11 10:30:47] =>
[2026/09/11 10:30:47] =>
[2026/09/11 10:30:47] 发送(hex): 03
[2026/09/11 10:30:47] 发送(hex): 0d
[2026/09/11 10:30:47] 发送(hex): 20
[2026/09/11 10:30:47] <INTERRUPT>
[2026/09/11 10:30:47] =>
[2026/09/11 10:30:47] =>
[2026/09/11 10:30:47] 发送(hex): 03
[2026/09/11 10:30:47] 发送(hex): 0d
[2026/09/11 10:30:47] 发送(hex): 20
[2026/09/11 10:30:47] <INTERRUPT>
[2026/09/11 10:30:47] =>
[2026/09/11 10:30:47] =>
[2026/09/11 10:30:47] 发送(hex): 03
[2026/09/11 10:30:47] 发送(hex): 0d
[2026/09/11 10:30:47] 发送(hex): 20
[2026/09/11 10:30:47] <INTERRUPT>
[2026/09/11 10:30:47] =>
[2026/09/11 10:30:47] =>
[2026/09/11 10:30:47] 发送(hex): 03
[2026/09/11 10:30:47] 发送(hex): 0d
[2026/09/11 10:30:47] 发送(hex): 20
[2026/09/11 10:30:47] <INTERRUPT>
[2026/09/11 10:30:47] =>
[2026/09/11 10:30:47] =>
[2026/09/11 10:30:47] 发送(hex): 03
[2026/09/11 10:30:47] 发送(hex): 0d
[2026/09/11 10:30:47] 发送(hex): 20
[2026/09/11 10:30:47] <INTERRUPT>
[2026/09/11 10:30:47] =>
[2026/09/11 10:30:47] =>
[2026/09/11 10:30:47] 发送(hex): 03
[2026/09/11 10:30:47] 发送(hex): 0d
[2026/09/11 10:30:47] 发送(hex): 20
[2026/09/11 10:30:47] <INTERRUPT>
[2026/09/11 10:30:47] =>
[2026/09/11 10:30:47] =>
[2026/09/11 10:30:47] 发送(hex): 03
[2026/09/11 10:30:47] 发送(hex): 0d
[2026/09/11 10:30:47] 发送(hex): 20
[2026/09/11 10:30:47] <INTERRUPT>
[2026/09/11 10:30:47] =>
[2026/09/11 10:30:47] =>
[2026/09/11 10:30:47] 发送(hex): 03
[2026/09/11 10:30:47] 发送(hex): 0d
[2026/09/11 10:30:47] 发送(hex): 20
[2026/09/11 10:30:47] <INTERRUPT>
[2026/09/11 10:30:47] =>
[2026/09/11 10:30:47] =>
[2026/09/11 10:30:47] 发送(hex): 03
[2026/09/11 10:30:47] 发送(hex): 0d
[2026/09/11 10:30:47] 发送(hex): 20
[2026/09/11 10:30:47] <INTERRUPT>
[2026/09/11 10:30:47] =>
[2026/09/11 10:30:47] =>
[2026/09/11 10:30:47] 发送(hex): 03
[2026/09/11 10:30:47] 发送(hex): 0d
[2026/09/11 10:30:47] 发送(hex): 20
[2026/09/11 10:30:47] <INTERRUPT>
[2026/09/11 10:30:47] =>
[2026/09/11 10:30:47] =>
[2026/09/11 10:30:47] 发送(hex): 03
[2026/09/11 10:30:47] 发送(hex): 0d
[2026/09/11 10:30:47] 发送(hex): 20
[2026/09/11 10:30:47] <INTERRUPT>
[2026/09/11 10:30:47] =>
[2026/09/11 10:30:47] =>
[2026/09/11 10:30:47] 发送(hex): 03
[2026/09/11 10:30:47] 发送(hex): 0d
[2026/09/11 10:30:47] 发送(hex): 20
[2026/09/11 10:30:47] <INTERRUPT>
[2026/09/11 10:30:47] =>
[2026/09/11 10:30:47] =>
[2026/09/11 10:30:47] 发送(hex): 03
[2026/09/11 10:30:47] 发送(hex): 0d
[2026/09/11 10:30:47] 发送(hex): 20
[2026/09/11 10:30:47] <INTERRUPT>
[2026/09/11 10:30:47] =>
[2026/09/11 10:30:47] =>
[2026/09/11 10:30:47] 发送(hex): 03
[2026/09/11 10:30:47] 发送(hex): 0d
[2026/09/11 10:30:47] 发送(hex): 20
[2026/09/11 10:30:47] <INTERRUPT>
[2026/09/11 10:30:47] =>
[2026/09/11 10:30:47] =>
[2026/09/11 10:30:47] 发送(hex): 03
[2026/09/11 10:30:47] 发送(hex): 0d
[2026/09/11 10:30:47] 发送(hex): 20
[2026/09/11 10:30:47] <INTERRUPT>
[2026/09/11 10:30:47] =>
[2026/09/11 10:30:47] =>
[2026/09/11 10:30:47] 发送(hex): 03
[2026/09/11 10:30:47] 发送(hex): 0d
[2026/09/11 10:30:47] 发送(hex): 20
[2026/09/11 10:30:47] <INTERRUPT>
[2026/09/11 10:30:47] =>
[2026/09/11 10:30:47] =>
[2026/09/11 10:30:47] 发送(hex): 03
[2026/09/11 10:30:47] 发送(hex): 0d
[2026/09/11 10:30:47] <INTERRUPT>
[2026/09/11 10:30:47] =>
[2026/09/11 10:30:47] 发送(hex): 20
[2026/09/11 10:30:47] 发送(hex): 03
[2026/09/11 10:30:47] =>
[2026/09/11 10:30:48] 发送(hex): 0d
[2026/09/11 10:30:48] <INTERRUPT>
[2026/09/11 10:30:48] =>
[2026/09/11 10:30:48] 发送(hex): 20
[2026/09/11 10:30:48] 发送(hex): 03
[2026/09/11 10:30:48] =>
[2026/09/11 10:30:48] 发送(hex): 0d
[2026/09/11 10:30:48] <INTERRUPT>
[2026/09/11 10:30:48] =>
[2026/09/11 10:30:48] 发送(hex): 20
[2026/09/11 10:30:48] 发送(hex): 03
[2026/09/11 10:30:48] =>
[2026/09/11 10:30:48] 发送(hex): 0d
[2026/09/11 10:30:48] <INTERRUPT>
[2026/09/11 10:30:48] =>
[2026/09/11 10:30:48] 发送(hex): 20
[2026/09/11 10:30:48] 发送(hex): 03
[2026/09/11 10:30:48] =>
[2026/09/11 10:30:48] 发送(hex): 0d
[2026/09/11 10:30:48] <INTERRUPT>
[2026/09/11 10:30:48] =>
[2026/09/11 10:30:48] 发送(hex): 20
[2026/09/11 10:30:48] 发送(hex): 03
[2026/09/11 10:30:48] =>
[2026/09/11 10:30:48] 发送(hex): 0d
[2026/09/11 10:30:48] <INTERRUPT>
[2026/09/11 10:30:48] =>
[2026/09/11 10:30:48] 发送(hex): 20
[2026/09/11 10:30:48] 发送(hex): 03
[2026/09/11 10:30:48] =>
[2026/09/11 10:30:48] 发送(hex): 0d
[2026/09/11 10:30:48] <INTERRUPT>
[2026/09/11 10:30:48] =>
[2026/09/11 10:30:48] 发送(hex): 20
[2026/09/11 10:30:48] 发送(hex): 03
[2026/09/11 10:30:48] =>
[2026/09/11 10:30:48] 发送(hex): 0d
[2026/09/11 10:30:48] <INTERRUPT>
[2026/09/11 10:30:48] =>
[2026/09/11 10:30:48] 发送(hex): 20
[2026/09/11 10:30:48] 发送(hex): 03
[2026/09/11 10:30:48] =>
[2026/09/11 10:30:48] 发送(hex): 0d
[2026/09/11 10:30:48] <INTERRUPT>
[2026/09/11 10:30:48] =>
[2026/09/11 10:30:48] 发送(hex): 20
[2026/09/11 10:30:48] 发送(hex): 03
[2026/09/11 10:30:48] =>
[2026/09/11 10:30:48] 发送(hex): 0d
[2026/09/11 10:30:48] <INTERRUPT>
[2026/09/11 10:30:48] =>
[2026/09/11 10:30:48] 发送(hex): 20
[2026/09/11 10:30:48] 发送(hex): 03
[2026/09/11 10:30:48] =>
[2026/09/11 10:30:48] 发送(hex): 0d
[2026/09/11 10:30:48] <INTERRUPT>
[2026/09/11 10:30:48] =>
[2026/09/11 10:30:48] 发送(hex): 20
[2026/09/11 10:30:48] 发送(hex): 03
[2026/09/11 10:30:48] =>
[2026/09/11 10:30:48] 发送(hex): 0d
[2026/09/11 10:30:48] 发送(hex): 20
[2026/09/11 10:30:48] <INTERRUPT>
[2026/09/11 10:30:48] =>
[2026/09/11 10:30:48] 发送(hex): 03
[2026/09/11 10:30:48] =>
[2026/09/11 10:30:48] 发送(hex): 0d
[2026/09/11 10:30:48] 发送(hex): 20
[2026/09/11 10:30:48] <INTERRUPT>
[2026/09/11 10:30:48] =>
[2026/09/11 10:30:48] =>
[2026/09/11 10:30:48] 发送(hex): 03
[2026/09/11 10:30:48] 发送(hex): 0d
[2026/09/11 10:30:48] 发送(hex): 20
[2026/09/11 10:30:48] <INTERRUPT>
[2026/09/11 10:30:48] =>
[2026/09/11 10:30:48] =>
[2026/09/11 10:30:48] 发送(hex): 03
[2026/09/11 10:30:48] 发送(hex): 0d
[2026/09/11 10:30:48] 发送(hex): 20
[2026/09/11 10:30:48] <INTERRUPT>
[2026/09/11 10:30:48] =>
[2026/09/11 10:30:48] =>
[2026/09/11 10:30:48] 发送(hex): 03
[2026/09/11 10:30:48] 发送(hex): 0d
[2026/09/11 10:30:48] 发送(hex): 20
[2026/09/11 10:30:48] <INTERRUPT>
[2026/09/11 10:30:48] =>
[2026/09/11 10:30:48] =>
[2026/09/11 10:30:48] 发送(hex): 03
[2026/09/11 10:30:48] 发送(hex): 0d
[2026/09/11 10:30:48] 发送(hex): 20
[2026/09/11 10:30:48] <INTERRUPT>
[2026/09/11 10:30:48] =>
[2026/09/11 10:30:48] =>
[2026/09/11 10:30:48] 发送(hex): 03
[2026/09/11 10:30:48] 发送(hex): 0d
[2026/09/11 10:30:48] 发送(hex): 20
[2026/09/11 10:30:48] <INTERRUPT>
[2026/09/11 10:30:48] =>
[2026/09/11 10:30:48] =>
[2026/09/11 10:30:48] 发送(hex): 03
[2026/09/11 10:30:48] <INTERRUPT>
[2026/09/11 10:30:48] =>
[2026/09/11 10:30:48] 发送(hex): 0d
[2026/09/11 10:30:48] 发送(hex): 20
[2026/09/11 10:30:48] =>
[2026/09/11 10:30:48] 发送(hex): 03
[2026/09/11 10:30:48] 发送(hex): 0d
[2026/09/11 10:30:48] <INTERRUPT>
[2026/09/11 10:30:48] =>
[2026/09/11 10:30:48] 发送(hex): 20
[2026/09/11 10:30:48] =>
[2026/09/11 10:30:48] 发送(hex): 03
[2026/09/11 10:30:48] 发送(hex): 0d
[2026/09/11 10:30:48] <INTERRUPT>
[2026/09/11 10:30:48] =>
[2026/09/11 10:30:48] 发送(hex): 20
[2026/09/11 10:30:48] =>
[2026/09/11 10:30:48] 发送(hex): 03
[2026/09/11 10:30:48] 发送(hex): 0d
[2026/09/11 10:30:48] <INTERRUPT>
[2026/09/11 10:30:48] =>
[2026/09/11 10:30:48] 发送(hex): 20
[2026/09/11 10:30:48] =>
[2026/09/11 10:30:48] 发送(hex): 03
[2026/09/11 10:30:48] 发送(hex): 0d
[2026/09/11 10:30:48] <INTERRUPT>
[2026/09/11 10:30:48] =>
[2026/09/11 10:30:48] 发送(hex): 20
[2026/09/11 10:30:48] =>
[2026/09/11 10:30:48] 发送(hex): 03
[2026/09/11 10:30:48] 发送(hex): 0d
[2026/09/11 10:30:48] <INTERRUPT>
[2026/09/11 10:30:48] =>
[2026/09/11 10:30:48] 发送(hex): 20
[2026/09/11 10:30:48] =>
[2026/09/11 10:30:48] 发送(hex): 03
[2026/09/11 10:30:48] 发送(hex): 0d
[2026/09/11 10:30:48] <INTERRUPT>
[2026/09/11 10:30:48] =>
[2026/09/11 10:30:48] 发送(hex): 20
[2026/09/11 10:30:48] =>
[2026/09/11 10:30:48] 发送(hex): 03
[2026/09/11 10:30:48] 发送(hex): 0d
[2026/09/11 10:30:48] <INTERRUPT>
[2026/09/11 10:30:48] =>
[2026/09/11 10:30:48] 发送(hex): 20
[2026/09/11 10:30:48] 发送(hex): 03
[2026/09/11 10:30:48] =>
[2026/09/11 10:30:48] 发送(hex): 0d
[2026/09/11 10:30:48] <INTERRUPT>
[2026/09/11 10:30:48] =>
[2026/09/11 10:30:48] 发送(hex): 20
[2026/09/11 10:30:48] =>
[2026/09/11 10:30:48] 发送(hex): 03
[2026/09/11 10:30:48] 发送(hex): 0d
[2026/09/11 10:30:48] <INTERRUPT>
[2026/09/11 10:30:48] =>
[2026/09/11 10:30:48] 发送(hex): 20
[2026/09/11 10:30:48] 发送(hex): 03
[2026/09/11 10:30:48] =>
[2026/09/11 10:30:48] 发送(hex): 0d
[2026/09/11 10:30:48] <INTERRUPT>
[2026/09/11 10:30:48] =>
[2026/09/11 10:30:48] 发送(hex): 20
[2026/09/11 10:30:48] =>
[2026/09/11 10:30:48] 发送(hex): 03
[2026/09/11 10:30:48] 发送(hex): 0d
[2026/09/11 10:30:48] <INTERRUPT>
[2026/09/11 10:30:48] =>
[2026/09/11 10:30:48] 发送(hex): 20
[2026/09/11 10:30:48] 发送(hex): 03
[2026/09/11 10:30:48] =>
[2026/09/11 10:30:48] 发送(hex): 0d
[2026/09/11 10:30:48] <INTERRUPT>
[2026/09/11 10:30:48] =>
[2026/09/11 10:30:48] 发送(hex): 20
[2026/09/11 10:30:48] 发送(hex): 03
[2026/09/11 10:30:48] =>
[2026/09/11 10:30:48] 发送(hex): 0d
[2026/09/11 10:30:48] <INTERRUPT>
[2026/09/11 10:30:48] =>
[2026/09/11 10:30:48] 发送(hex): 20
[2026/09/11 10:30:49] 发送(hex): 03
[2026/09/11 10:30:49] =>
[2026/09/11 10:30:49] 发送(hex): 0d
[2026/09/11 10:30:49] <INTERRUPT>
[2026/09/11 10:30:49] =>
[2026/09/11 10:30:49] 发送(hex): 20
[2026/09/11 10:30:49] 发送(hex): 03
[2026/09/11 10:30:49] =>
[2026/09/11 10:30:49] 发送(hex): 0d
[2026/09/11 10:30:49] <INTERRUPT>
[2026/09/11 10:30:49] =>
[2026/09/11 10:30:49] 发送(hex): 20
[2026/09/11 10:30:49] 发送(hex): 03
[2026/09/11 10:30:49] =>
[2026/09/11 10:30:49] 发送(hex): 0d
[2026/09/11 10:30:49] <INTERRUPT>
[2026/09/11 10:30:49] =>
[2026/09/11 10:30:49] 发送(hex): 20
[2026/09/11 10:30:49] 发送(hex): 03
[2026/09/11 10:30:49] =>
[2026/09/11 10:30:49] 发送(hex): 0d
[2026/09/11 10:30:49] <INTERRUPT>
[2026/09/11 10:30:49] =>
[2026/09/11 10:30:49] 发送(hex): 20
[2026/09/11 10:30:49] 发送(hex): 03
[2026/09/11 10:30:49] =>
[2026/09/11 10:30:49] 发送(hex): 0d
[2026/09/11 10:30:49] <INTERRUPT>
[2026/09/11 10:30:49] =>
[2026/09/11 10:30:49] 发送(hex): 20
[2026/09/11 10:30:49] 发送(hex): 03
[2026/09/11 10:30:49] =>
[2026/09/11 10:30:49] 发送(hex): 0d
[2026/09/11 10:30:49] <INTERRUPT>
[2026/09/11 10:30:49] =>
[2026/09/11 10:30:49] 发送(hex): 20
[2026/09/11 10:30:49] 发送(hex): 03
[2026/09/11 10:30:49] =>
[2026/09/11 10:30:49] 发送(hex): 0d
[2026/09/11 10:30:49] <INTERRUPT>
[2026/09/11 10:30:49] =>
[2026/09/11 10:30:49] 发送(hex): 20
[2026/09/11 10:30:49] 发送(hex): 03
[2026/09/11 10:30:49] =>
[2026/09/11 10:30:49] 发送(hex): 0d
[2026/09/11 10:30:49] <INTERRUPT>
[2026/09/11 10:30:49] =>
[2026/09/11 10:30:49] 发送(hex): 20
[2026/09/11 10:30:49] 发送(hex): 03
[2026/09/11 10:30:49] =>
[2026/09/11 10:30:49] 发送(hex): 0d
[2026/09/11 10:30:49] <INTERRUPT>
[2026/09/11 10:30:49] =>
[2026/09/11 10:30:49] 发送(hex): 20
[2026/09/11 10:30:49] 发送(hex): 03
[2026/09/11 10:30:49] =>
[2026/09/11 10:30:49] 发送(hex): 0d
[2026/09/11 10:30:49] <INTERRUPT>
[2026/09/11 10:30:49] =>
[2026/09/11 10:30:49] 发送(hex): 20
[2026/09/11 10:30:49] 发送(hex): 03
[2026/09/11 10:30:49] =>
[2026/09/11 10:30:49] 发送(hex): 0d
[2026/09/11 10:30:49] <INTERRUPT>
[2026/09/11 10:30:49] =>
[2026/09/11 10:30:49] 发送(hex): 20
[2026/09/11 10:30:49] 发送(hex): 03
[2026/09/11 10:30:49] =>
[2026/09/11 10:30:49] 发送(hex): 0d
[2026/09/11 10:30:49] <INTERRUPT>
[2026/09/11 10:30:49] =>
[2026/09/11 10:30:49] 发送(hex): 20
[2026/09/11 10:30:49] 发送(hex): 03
[2026/09/11 10:30:49] =>
[2026/09/11 10:30:49] 发送(hex): 0d
[2026/09/11 10:30:49] <INTERRUPT>
[2026/09/11 10:30:49] =>
[2026/09/11 10:30:49] 发送(hex): 20
[2026/09/11 10:30:49] 发送(hex): 03
[2026/09/11 10:30:49] =>
[2026/09/11 10:30:49] 发送(hex): 0d
[2026/09/11 10:30:49] <INTERRUPT>
[2026/09/11 10:30:49] =>
[2026/09/11 10:30:49] 发送(hex): 20
[2026/09/11 10:30:49] 发送(hex): 03
[2026/09/11 10:30:49] =>
[2026/09/11 10:30:49] 发送(hex): 0d
[2026/09/11 10:30:49] <INTERRUPT>
[2026/09/11 10:30:49] =>
[2026/09/11 10:30:49] 发送(hex): 20
[2026/09/11 10:30:49] 发送(hex): 03
[2026/09/11 10:30:49] =>
[2026/09/11 10:30:49] 发送(hex): 0d
[2026/09/11 10:30:49] <INTERRUPT>
[2026/09/11 10:30:49] =>
[2026/09/11 10:30:49] 发送(hex): 20
[2026/09/11 10:30:49] 发送(hex): 03
[2026/09/11 10:30:49] =>
[2026/09/11 10:30:49] 发送(hex): 0d
[2026/09/11 10:30:49] <INTERRUPT>
[2026/09/11 10:30:49] =>
[2026/09/11 10:30:49] 发送(hex): 20
[2026/09/11 10:30:49] 发送(hex): 03
[2026/09/11 10:30:49] =>
[2026/09/11 10:30:49] 发送(hex): 0d
[2026/09/11 10:30:49] <INTERRUPT>
[2026/09/11 10:30:49] =>
[2026/09/11 10:30:49] 发送(hex): 20
[2026/09/11 10:30:49] 发送(hex): 03
[2026/09/11 10:30:49] =>
[2026/09/11 10:30:49] 发送(hex): 0d
[2026/09/11 10:30:49] <INTERRUPT>
[2026/09/11 10:30:49] =>
[2026/09/11 10:30:49] 发送(hex): 20
[2026/09/11 10:30:49] 发送(hex): 03
[2026/09/11 10:30:49] =>
[2026/09/11 10:30:49] 发送(hex): 0d
[2026/09/11 10:30:49] <INTERRUPT>
[2026/09/11 10:30:49] =>
[2026/09/11 10:30:49] 发送(hex): 20
[2026/09/11 10:30:49] 发送(hex): 03
[2026/09/11 10:30:49] =>
[2026/09/11 10:30:49] 发送(hex): 0d
[2026/09/11 10:30:49] <INTERRUPT>
[2026/09/11 10:30:49] =>
[2026/09/11 10:30:49] 发送(hex): 20
[2026/09/11 10:30:49] 发送(hex): 03
[2026/09/11 10:30:49] =>
[2026/09/11 10:30:49] 发送(hex): 0d
[2026/09/11 10:30:49] <INTERRUPT>
[2026/09/11 10:30:49] =>
[2026/09/11 10:30:49] 发送(hex): 20
[2026/09/11 10:30:49] 发送(hex): 03
[2026/09/11 10:30:49] =>
[2026/09/11 10:30:49] 发送(hex): 0d
[2026/09/11 10:30:49] <INTERRUPT>
[2026/09/11 10:30:49] =>
[2026/09/11 10:30:49] 发送(hex): 20
[2026/09/11 10:30:49] 发送(hex): 03
[2026/09/11 10:30:49] =>
[2026/09/11 10:30:49] 发送(hex): 0d
[2026/09/11 10:30:49] <INTERRUPT>
[2026/09/11 10:30:49] =>
[2026/09/11 10:30:49] 发送(hex): 20
[2026/09/11 10:30:49] 发送(hex): 03
[2026/09/11 10:30:49] =>
[2026/09/11 10:30:49] 发送(hex): 0d
[2026/09/11 10:30:49] <INTERRUPT>
[2026/09/11 10:30:49] =>
[2026/09/11 10:30:49] 发送(hex): 20
[2026/09/11 10:30:49] 发送(hex): 03
[2026/09/11 10:30:49] =>
[2026/09/11 10:30:49] 发送(hex): 0d
[2026/09/11 10:30:49] <INTERRUPT>
[2026/09/11 10:30:49] =>
[2026/09/11 10:30:49] 发送(hex): 20
[2026/09/11 10:30:49] 发送(hex): 03
[2026/09/11 10:30:49] =>
[2026/09/11 10:30:49] 发送(hex): 0d
[2026/09/11 10:30:49] <INTERRUPT>
[2026/09/11 10:30:49] =>
[2026/09/11 10:30:49] 发送(hex): 20
[2026/09/11 10:30:49] 发送(hex): 03
[2026/09/11 10:30:49] =>
[2026/09/11 10:30:49] 发送(hex): 0d
[2026/09/11 10:30:49] <INTERRUPT>
[2026/09/11 10:30:49] =>
[2026/09/11 10:30:49] 发送(hex): 20
[2026/09/11 10:30:49] 发送(hex): 03
[2026/09/11 10:30:49] =>
[2026/09/11 10:30:49] 发送(hex): 0d
[2026/09/11 10:30:49] <INTERRUPT>
[2026/09/11 10:30:49] =>
[2026/09/11 10:30:49] 发送(hex): 20
[2026/09/11 10:30:49] 发送(hex): 03
[2026/09/11 10:30:49] =>
[2026/09/11 10:30:49] 发送(hex): 0d
[2026/09/11 10:30:49] <INTERRUPT>
[2026/09/11 10:30:49] =>
[2026/09/11 10:30:49] 发送(hex): 20
[2026/09/11 10:30:49] 发送(hex): 03
[2026/09/11 10:30:49] =>
[2026/09/11 10:30:49] 发送(hex): 0d
[2026/09/11 10:30:49] <INTERRUPT>
[2026/09/11 10:30:49] =>
[2026/09/11 10:30:49] 发送(hex): 20
[2026/09/11 10:30:49] 发送(hex): 03
[2026/09/11 10:30:49] =>
[2026/09/11 10:30:50] 发送(hex): 0d
[2026/09/11 10:30:50] <INTERRUPT>
[2026/09/11 10:30:50] =>
[2026/09/11 10:30:50] 发送(hex): 20
[2026/09/11 10:30:50] 发送(hex): 03
[2026/09/11 10:30:50] =>
[2026/09/11 10:30:50] 发送(hex): 0d
[2026/09/11 10:30:50] <INTERRUPT>
[2026/09/11 10:30:50] =>
[2026/09/11 10:30:50] 发送(hex): 20
[2026/09/11 10:30:50] 发送(hex): 03
[2026/09/11 10:30:50] =>
[2026/09/11 10:30:50] 发送(hex): 0d
[2026/09/11 10:30:50] <INTERRUPT>
[2026/09/11 10:30:50] =>
[2026/09/11 10:30:50] 发送(hex): 20
[2026/09/11 10:30:50] 发送(hex): 03
[2026/09/11 10:30:50] =>
[2026/09/11 10:30:50] 发送(hex): 0d
[2026/09/11 10:30:50] <INTERRUPT>
[2026/09/11 10:30:50] =>
[2026/09/11 10:30:50] 发送(hex): 20
[2026/09/11 10:30:50] 发送(hex): 03
[2026/09/11 10:30:50] =>
[2026/09/11 10:30:50] 发送(hex): 0d
[2026/09/11 10:30:50] <INTERRUPT>
[2026/09/11 10:30:50] =>
[2026/09/11 10:30:50] 发送(hex): 20
[2026/09/11 10:30:50] 发送(hex): 03
[2026/09/11 10:30:50] =>
[2026/09/11 10:30:50] 发送(hex): 0d
[2026/09/11 10:30:50] <INTERRUPT>
[2026/09/11 10:30:50] =>
[2026/09/11 10:30:50] 发送(hex): 20
[2026/09/11 10:30:50] 发送(hex): 03
[2026/09/11 10:30:50] =>
[2026/09/11 10:30:50] 发送(hex): 0d
[2026/09/11 10:30:50] <INTERRUPT>
[2026/09/11 10:30:50] =>
[2026/09/11 10:30:50] 发送(hex): 20
[2026/09/11 10:30:50] 发送(hex): 03
[2026/09/11 10:30:50] =>
[2026/09/11 10:30:50] 发送(hex): 0d
[2026/09/11 10:30:50] <INTERRUPT>
[2026/09/11 10:30:50] =>
[2026/09/11 10:30:50] 发送(hex): 20
[2026/09/11 10:30:50] 发送(hex): 03
[2026/09/11 10:30:50] =>
[2026/09/11 10:30:50] 发送(hex): 0d
[2026/09/11 10:30:50] <INTERRUPT>
[2026/09/11 10:30:50] =>
[2026/09/11 10:30:50] 发送(hex): 20
[2026/09/11 10:30:50] 发送(hex): 03
[2026/09/11 10:30:50] =>
[2026/09/11 10:30:50] 发送(hex): 0d
[2026/09/11 10:30:50] <INTERRUPT>
[2026/09/11 10:30:50] =>
[2026/09/11 10:30:50] 发送(hex): 20
[2026/09/11 10:30:50] 发送(hex): 03
[2026/09/11 10:30:50] =>
[2026/09/11 10:30:50] 发送(hex): 0d
[2026/09/11 10:30:50] 发送(hex): 20
[2026/09/11 10:30:50] <INTERRUPT>
[2026/09/11 10:30:50] =>
[2026/09/11 10:30:50] 发送(hex): 03
[2026/09/11 10:30:50] =>
[2026/09/11 10:30:50] 发送(hex): 0d
[2026/09/11 10:30:50] 发送(hex): 20
[2026/09/11 10:30:50] <INTERRUPT>
[2026/09/11 10:30:50] =>
[2026/09/11 10:30:50] 发送(hex): 03
[2026/09/11 10:30:50] =>
[2026/09/11 10:30:50] 发送(hex): 0d
[2026/09/11 10:30:50] 发送(hex): 20
[2026/09/11 10:30:50] <INTERRUPT>
[2026/09/11 10:30:50] =>
[2026/09/11 10:30:50] =>
[2026/09/11 10:30:50] 发送(hex): 03
[2026/09/11 10:30:50] 发送(hex): 0d
[2026/09/11 10:30:50] 发送(hex): 20
[2026/09/11 10:30:50] <INTERRUPT>
[2026/09/11 10:30:50] =>
[2026/09/11 10:30:50] =>
[2026/09/11 10:30:50] 发送(hex): 03
[2026/09/11 10:30:50] 发送(hex): 0d
[2026/09/11 10:30:50] 发送(hex): 20
[2026/09/11 10:30:50] <INTERRUPT>
[2026/09/11 10:30:50] =>
[2026/09/11 10:30:50] =>
[2026/09/11 10:30:50] 发送(hex): 03
[2026/09/11 10:30:50] 发送(hex): 0d
[2026/09/11 10:30:50] 发送(hex): 20
[2026/09/11 10:30:50] <INTERRUPT>
[2026/09/11 10:30:50] =>
[2026/09/11 10:30:50] =>
[2026/09/11 10:30:50] 发送(hex): 03
[2026/09/11 10:30:50] 发送(hex): 0d
[2026/09/11 10:30:50] 发送(hex): 20
[2026/09/11 10:30:50] <INTERRUPT>
[2026/09/11 10:30:50] =>
[2026/09/11 10:30:50] =>
[2026/09/11 10:30:50] 发送(hex): 03
[2026/09/11 10:30:50] 发送(hex): 0d
[2026/09/11 10:30:50] 发送(hex): 20
[2026/09/11 10:30:50] <INTERRUPT>
[2026/09/11 10:30:50] =>
[2026/09/11 10:30:50] =>
[2026/09/11 10:30:50] 发送(hex): 03
[2026/09/11 10:30:50] 发送(hex): 0d
[2026/09/11 10:30:50] 发送(hex): 20
[2026/09/11 10:30:50] <INTERRUPT>
[2026/09/11 10:30:50] =>
[2026/09/11 10:30:50] =>
[2026/09/11 10:30:50] 发送(hex): 03
[2026/09/11 10:30:50] 发送(hex): 0d
[2026/09/11 10:30:50] 发送(hex): 20
[2026/09/11 10:30:50] <INTERRUPT>
[2026/09/11 10:30:50] =>
[2026/09/11 10:30:50] =>
[2026/09/11 10:30:50] 发送(hex): 03
[2026/09/11 10:30:50] 发送(hex): 0d
[2026/09/11 10:30:50] 发送(hex): 20
[2026/09/11 10:30:50] <INTERRUPT>
[2026/09/11 10:30:50] =>
[2026/09/11 10:30:50] =>
[2026/09/11 10:30:50] 发送(hex): 03
[2026/09/11 10:30:50] 发送(hex): 0d
[2026/09/11 10:30:50] 发送(hex): 20
[2026/09/11 10:30:50] <INTERRUPT>
[2026/09/11 10:30:50] =>
[2026/09/11 10:30:50] =>
[2026/09/11 10:30:50] 发送(hex): 03
[2026/09/11 10:30:50] 发送(hex): 0d
[2026/09/11 10:30:50] 发送(hex): 20
[2026/09/11 10:30:50] <INTERRUPT>
[2026/09/11 10:30:50] =>
[2026/09/11 10:30:50] =>
[2026/09/11 10:30:50] 发送(hex): 03
[2026/09/11 10:30:50] 发送(hex): 0d
[2026/09/11 10:30:50] 发送(hex): 20
[2026/09/11 10:30:50] <INTERRUPT>
[2026/09/11 10:30:50] =>
[2026/09/11 10:30:50] =>
[2026/09/11 10:30:50] 发送(hex): 03
[2026/09/11 10:30:50] 发送(hex): 0d
[2026/09/11 10:30:50] 发送(hex): 20
[2026/09/11 10:30:50] <INTERRUPT>
[2026/09/11 10:30:50] =>
[2026/09/11 10:30:50] =>
[2026/09/11 10:30:50] 发送(hex): 03
[2026/09/11 10:30:50] 发送(hex): 0d
[2026/09/11 10:30:50] 发送(hex): 20
[2026/09/11 10:30:50] <INTERRUPT>
[2026/09/11 10:30:50] =>
[2026/09/11 10:30:50] =>
[2026/09/11 10:30:50] 发送(hex): 03
[2026/09/11 10:30:50] 发送(hex): 0d
[2026/09/11 10:30:50] 发送(hex): 20
[2026/09/11 10:30:50] <INTERRUPT>
[2026/09/11 10:30:50] =>
[2026/09/11 10:30:50] =>
[2026/09/11 10:30:50] 发送(hex): 03
[2026/09/11 10:30:50] 发送(hex): 0d
[2026/09/11 10:30:50] 发送(hex): 20
[2026/09/11 10:30:50] <INTERRUPT>
[2026/09/11 10:30:50] =>
[2026/09/11 10:30:50] =>
[2026/09/11 10:30:50] 发送(hex): 03
[2026/09/11 10:30:50] 发送(hex): 0d
[2026/09/11 10:30:50] 发送(hex): 20
[2026/09/11 10:30:50] <INTERRUPT>
[2026/09/11 10:30:50] =>
[2026/09/11 10:30:50] =>
[2026/09/11 10:30:50] 发送(hex): 03
[2026/09/11 10:30:50] 发送(hex): 0d
[2026/09/11 10:30:50] 发送(hex): 20
[2026/09/11 10:30:50] <INTERRUPT>
[2026/09/11 10:30:50] =>
[2026/09/11 10:30:50] =>
[2026/09/11 10:30:50] 发送(hex): 03
[2026/09/11 10:30:50] 发送(hex): 0d
[2026/09/11 10:30:50] 发送(hex): 20
[2026/09/11 10:30:50] <INTERRUPT>
[2026/09/11 10:30:50] =>
[2026/09/11 10:30:50] =>
[2026/09/11 10:30:50] 发送(hex): 03
[2026/09/11 10:30:50] 发送(hex): 0d
[2026/09/11 10:30:51] 发送(hex): 20
[2026/09/11 10:30:51] <INTERRUPT>
[2026/09/11 10:30:51] =>
[2026/09/11 10:30:51] =>
[2026/09/11 10:30:51] 发送(hex): 03
[2026/09/11 10:30:51] 发送(hex): 0d
[2026/09/11 10:30:51] 发送(hex): 20
[2026/09/11 10:30:51] <INTERRUPT>
[2026/09/11 10:30:51] =>
[2026/09/11 10:30:51] =>
[2026/09/11 10:30:51] 发送(hex): 03
[2026/09/11 10:30:51] 发送(hex): 0d
[2026/09/11 10:30:51] 发送(hex): 20
[2026/09/11 10:30:51] <INTERRUPT>
[2026/09/11 10:30:51] =>
[2026/09/11 10:30:51] =>
[2026/09/11 10:30:51] 发送(hex): 03
[2026/09/11 10:30:51] 发送(hex): 0d
[2026/09/11 10:30:51] 发送(hex): 20
[2026/09/11 10:30:51] <INTERRUPT>
[2026/09/11 10:30:51] =>
[2026/09/11 10:30:51] =>
[2026/09/11 10:30:51] 发送(hex): 03
[2026/09/11 10:30:51] 发送(hex): 0d
[2026/09/11 10:30:51] 发送(hex): 20
[2026/09/11 10:30:51] <INTERRUPT>
[2026/09/11 10:30:51] =>
[2026/09/11 10:30:51] =>
[2026/09/11 10:30:51] 发送(hex): 03
[2026/09/11 10:30:51] 发送(hex): 0d
[2026/09/11 10:30:51] 发送(hex): 20
[2026/09/11 10:30:51] <INTERRUPT>
[2026/09/11 10:30:51] =>
[2026/09/11 10:30:51] =>
[2026/09/11 10:30:51] 发送(hex): 03
[2026/09/11 10:30:51] 发送(hex): 0d
[2026/09/11 10:30:51] 发送(hex): 20
[2026/09/11 10:30:51] <INTERRUPT>
[2026/09/11 10:30:51] =>
[2026/09/11 10:30:51] =>
[2026/09/11 10:30:51] 发送(hex): 03
[2026/09/11 10:30:51] 发送(hex): 0d
[2026/09/11 10:30:51] 发送(hex): 20
[2026/09/11 10:30:51] <INTERRUPT>
[2026/09/11 10:30:51] =>
[2026/09/11 10:30:51] =>
[2026/09/11 10:30:51] 发送(hex): 03
[2026/09/11 10:30:51] 发送(hex): 0d
[2026/09/11 10:30:51] 发送(hex): 20
[2026/09/11 10:30:51] <INTERRUPT>
[2026/09/11 10:30:51] =>
[2026/09/11 10:30:51] =>
[2026/09/11 10:30:51] 发送(hex): 03
[2026/09/11 10:30:51] 发送(hex): 0d
[2026/09/11 10:30:51] 发送(hex): 20
[2026/09/11 10:30:51] <INTERRUPT>
[2026/09/11 10:30:51] =>
[2026/09/11 10:30:51] =>
[2026/09/11 10:30:51] 发送(hex): 03
[2026/09/11 10:30:51] 发送(hex): 0d
[2026/09/11 10:30:51] 发送(hex): 20
[2026/09/11 10:30:51] <INTERRUPT>
[2026/09/11 10:30:51] =>
[2026/09/11 10:30:51] =>
[2026/09/11 10:30:51] 发送(hex): 03
[2026/09/11 10:30:51] 发送(hex): 0d
[2026/09/11 10:30:51] 发送(hex): 20
[2026/09/11 10:30:51] <INTERRUPT>
[2026/09/11 10:30:51] =>
[2026/09/11 10:30:51] =>
[2026/09/11 10:30:51] 发送(hex): 03
[2026/09/11 10:30:51] 发送(hex): 0d
[2026/09/11 10:30:51] 发送(hex): 20
[2026/09/11 10:30:51] <INTERRUPT>
[2026/09/11 10:30:51] =>
[2026/09/11 10:30:51] =>
[2026/09/11 10:30:51] 发送(hex): 03
[2026/09/11 10:30:51] 发送(hex): 0d
[2026/09/11 10:30:51] 发送(hex): 20
[2026/09/11 10:30:51] <INTERRUPT>
[2026/09/11 10:30:51] =>
[2026/09/11 10:30:51] =>
[2026/09/11 10:30:51] 发送(hex): 03
[2026/09/11 10:30:51] 发送(hex): 0d
[2026/09/11 10:30:51] 发送(hex): 20
[2026/09/11 10:30:51] <INTERRUPT>
[2026/09/11 10:30:51] =>
[2026/09/11 10:30:51] =>
[2026/09/11 10:30:51] 发送(hex): 03
[2026/09/11 10:30:51] 发送(hex): 0d
[2026/09/11 10:30:51] 发送(hex): 20
[2026/09/11 10:30:51] <INTERRUPT>
[2026/09/11 10:30:51] =>
[2026/09/11 10:30:51] =>
[2026/09/11 10:30:51] 发送(hex): 03
[2026/09/11 10:30:51] 发送(hex): 0d
[2026/09/11 10:30:51] 发送(hex): 20
[2026/09/11 10:30:51] <INTERRUPT>
[2026/09/11 10:30:51] =>
[2026/09/11 10:30:51] =>
[2026/09/11 10:30:51] 发送(hex): 03
[2026/09/11 10:30:51] 发送(hex): 0d
[2026/09/11 10:30:51] 发送(hex): 20
[2026/09/11 10:30:51] <INTERRUPT>
[2026/09/11 10:30:51] =>
[2026/09/11 10:30:51] =>
[2026/09/11 10:30:51] 发送(hex): 03
[2026/09/11 10:30:51] 发送(hex): 0d
[2026/09/11 10:30:51] 发送(hex): 20
[2026/09/11 10:30:51] <INTERRUPT>
[2026/09/11 10:30:51] =>
[2026/09/11 10:30:51] =>
[2026/09/11 10:30:51] 发送(hex): 03
[2026/09/11 10:30:51] 发送(hex): 0d
[2026/09/11 10:30:51] 发送(hex): 20
[2026/09/11 10:30:51] <INTERRUPT>
[2026/09/11 10:30:51] =>
[2026/09/11 10:30:51] =>
[2026/09/11 10:30:51] 发送(hex): 03
[2026/09/11 10:30:51] 发送(hex): 0d
[2026/09/11 10:30:51] 发送(hex): 20
[2026/09/11 10:30:51] <INTERRUPT>
[2026/09/11 10:30:51] =>
[2026/09/11 10:30:51] =>
[2026/09/11 10:30:51] 发送(hex): 03
[2026/09/11 10:30:51] 发送(hex): 0d
[2026/09/11 10:30:51] 发送(hex): 20
[2026/09/11 10:30:51] <INTERRUPT>
[2026/09/11 10:30:51] =>
[2026/09/11 10:30:51] =>
[2026/09/11 10:30:51] 发送(hex): 03
[2026/09/11 10:30:51] 发送(hex): 0d
[2026/09/11 10:30:51] 发送(hex): 20
[2026/09/11 10:30:51] <INTERRUPT>
[2026/09/11 10:30:51] =>
[2026/09/11 10:30:51] =>
[2026/09/11 10:30:51] 发送(hex): 03
[2026/09/11 10:30:51] 发送(hex): 0d
[2026/09/11 10:30:51] 发送(hex): 20
[2026/09/11 10:30:51] <INTERRUPT>
[2026/09/11 10:30:51] =>
[2026/09/11 10:30:51] =>
[2026/09/11 10:30:51] 发送(hex): 03
[2026/09/11 10:30:51] 发送(hex): 0d
[2026/09/11 10:30:51] 发送(hex): 20
[2026/09/11 10:30:51] <INTERRUPT>
[2026/09/11 10:30:51] =>
[2026/09/11 10:30:51] =>
[2026/09/11 10:30:51] 发送(hex): 03
[2026/09/11 10:30:51] 发送(hex): 0d
[2026/09/11 10:30:51] 发送(hex): 20
[2026/09/11 10:30:51] <INTERRUPT>
[2026/09/11 10:30:51] =>
[2026/09/11 10:30:51] =>
[2026/09/11 10:30:51] 发送(hex): 03
[2026/09/11 10:30:51] 发送(hex): 0d
[2026/09/11 10:30:51] 发送(hex): 20
[2026/09/11 10:30:51] <INTERRUPT>
[2026/09/11 10:30:51] =>
[2026/09/11 10:30:51] =>
[2026/09/11 10:30:51] 发送(hex): 03
[2026/09/11 10:30:51] 发送(hex): 0d
[2026/09/11 10:30:51] 发送(hex): 20
[2026/09/11 10:30:51] <INTERRUPT>
[2026/09/11 10:30:51] =>
[2026/09/11 10:30:51] =>
[2026/09/11 10:30:51] 发送(hex): 03
[2026/09/11 10:30:51] 发送(hex): 0d
[2026/09/11 10:30:51] 发送(hex): 20
[2026/09/11 10:30:51] <INTERRUPT>
[2026/09/11 10:30:51] =>
[2026/09/11 10:30:51] =>
[2026/09/11 10:30:51] 发送(hex): 03
[2026/09/11 10:30:51] 发送(hex): 0d
[2026/09/11 10:30:51] 发送(hex): 20
[2026/09/11 10:30:51] <INTERRUPT>
[2026/09/11 10:30:51] =>
[2026/09/11 10:30:51] =>
[2026/09/11 10:30:51] 发送(hex): 03
[2026/09/11 10:30:51] 发送(hex): 0d
[2026/09/11 10:30:51] 发送(hex): 20
[2026/09/11 10:30:51] <INTERRUPT>
[2026/09/11 10:30:51] =>
[2026/09/11 10:30:51] =>
[2026/09/11 10:30:51] 发送(hex): 03
[2026/09/11 10:30:51] 发送(hex): 0d
[2026/09/11 10:30:51] 发送(hex): 20
[2026/09/11 10:30:51] <INTERRUPT>
[2026/09/11 10:30:51] =>
[2026/09/11 10:30:51] =>
[2026/09/11 10:30:52] 发送(hex): 03
[2026/09/11 10:30:52] 发送(hex): 0d
[2026/09/11 10:30:52] 发送(hex): 20
[2026/09/11 10:30:52] <INTERRUPT>
[2026/09/11 10:30:52] =>
[2026/09/11 10:30:52] =>
[2026/09/11 10:30:52] 发送(hex): 03
[2026/09/11 10:30:52] 发送(hex): 0d
[2026/09/11 10:30:52] 发送(hex): 20
[2026/09/11 10:30:52] <INTERRUPT>
[2026/09/11 10:30:52] =>
[2026/09/11 10:30:52] =>
[2026/09/11 10:30:52] 发送(hex): 03
[2026/09/11 10:30:52] 发送(hex): 0d
[2026/09/11 10:30:52] 发送(hex): 20
[2026/09/11 10:30:52] <INTERRUPT>
[2026/09/11 10:30:52] =>
[2026/09/11 10:30:52] =>
[2026/09/11 10:30:52] 发送(hex): 03
[2026/09/11 10:30:52] 发送(hex): 0d
[2026/09/11 10:30:52] 发送(hex): 20
[2026/09/11 10:30:52] <INTERRUPT>
[2026/09/11 10:30:52] =>
[2026/09/11 10:30:52] =>
[2026/09/11 10:30:52] 发送(hex): 03
[2026/09/11 10:30:52] 发送(hex): 0d
[2026/09/11 10:30:52] 发送(hex): 20
[2026/09/11 10:30:52] <INTERRUPT>
[2026/09/11 10:30:52] =>
[2026/09/11 10:30:52] =>
[2026/09/11 10:30:52] 发送(hex): 03
[2026/09/11 10:30:52] 发送(hex): 0d
[2026/09/11 10:30:52] 发送(hex): 20
[2026/09/11 10:30:52] <INTERRUPT>
[2026/09/11 10:30:52] =>
[2026/09/11 10:30:52] =>
[2026/09/11 10:30:52] 发送(hex): 03
[2026/09/11 10:30:52] 发送(hex): 0d
[2026/09/11 10:30:52] 发送(hex): 20
[2026/09/11 10:30:52] <INTERRUPT>
[2026/09/11 10:30:52] =>
[2026/09/11 10:30:52] =>
[2026/09/11 10:30:52] 发送(hex): 03
[2026/09/11 10:30:52] 发送(hex): 0d
[2026/09/11 10:30:52] 发送(hex): 20
[2026/09/11 10:30:52] <INTERRUPT>
[2026/09/11 10:30:52] =>
[2026/09/11 10:30:52] =>
[2026/09/11 10:30:52] 发送(hex): 03
[2026/09/11 10:30:52] 发送(hex): 0d
[2026/09/11 10:30:52] 发送(hex): 20
[2026/09/11 10:30:52] <INTERRUPT>
[2026/09/11 10:30:52] =>
[2026/09/11 10:30:52] =>
[2026/09/11 10:30:52] 发送(hex): 03
[2026/09/11 10:30:52] 发送(hex): 0d
[2026/09/11 10:30:52] 发送(hex): 20
[2026/09/11 10:30:52] <INTERRUPT>
[2026/09/11 10:30:52] =>
[2026/09/11 10:30:52] =>
[2026/09/11 10:30:52] 发送(hex): 03
[2026/09/11 10:30:52] 发送(hex): 0d
[2026/09/11 10:30:52] 发送(hex): 20
[2026/09/11 10:30:52] <INTERRUPT>
[2026/09/11 10:30:52] =>
[2026/09/11 10:30:52] =>
[2026/09/11 10:30:52] 发送(hex): 03
[2026/09/11 10:30:52] 发送(hex): 0d
[2026/09/11 10:30:52] 发送(hex): 20
[2026/09/11 10:30:52] <INTERRUPT>
[2026/09/11 10:30:52] =>
[2026/09/11 10:30:52] =>
[2026/09/11 10:30:52] 发送(hex): 03
[2026/09/11 10:30:52] 发送(hex): 0d
[2026/09/11 10:30:52] 发送(hex): 20
[2026/09/11 10:30:52] <INTERRUPT>
[2026/09/11 10:30:52] =>
[2026/09/11 10:30:52] =>
[2026/09/11 10:30:52] 发送(hex): 03
[2026/09/11 10:30:52] 发送(hex): 0d
[2026/09/11 10:30:52] 发送(hex): 20
[2026/09/11 10:30:52] <INTERRUPT>
[2026/09/11 10:30:52] =>
[2026/09/11 10:30:52] =>
[2026/09/11 10:30:52] 发送(hex): 03
[2026/09/11 10:30:52] 发送(hex): 0d
[2026/09/11 10:30:52] 发送(hex): 20
[2026/09/11 10:30:52] <INTERRUPT>
[2026/09/11 10:30:52] =>
[2026/09/11 10:30:52] =>
[2026/09/11 10:30:52] 发送(hex): 03
[2026/09/11 10:30:52] 发送(hex): 0d
[2026/09/11 10:30:52] 发送(hex): 20
[2026/09/11 10:30:52] <INTERRUPT>
[2026/09/11 10:30:52] =>
[2026/09/11 10:30:52] =>
[2026/09/11 10:30:52] 发送(hex): 03
[2026/09/11 10:30:52] 发送(hex): 0d
[2026/09/11 10:30:52] 发送(hex): 20
[2026/09/11 10:30:52] <INTERRUPT>
[2026/09/11 10:30:52] =>
[2026/09/11 10:30:52] =>
[2026/09/11 10:30:52] 发送(hex): 03
[2026/09/11 10:30:52] 发送(hex): 0d
[2026/09/11 10:30:52] 发送(hex): 20
[2026/09/11 10:30:52] <INTERRUPT>
[2026/09/11 10:30:52] =>
[2026/09/11 10:30:52] =>
[2026/09/11 10:30:52] 发送(hex): 03
[2026/09/11 10:30:52] 发送(hex): 0d
[2026/09/11 10:30:52] 发送(hex): 20
[2026/09/11 10:30:52] <INTERRUPT>
[2026/09/11 10:30:52] =>
[2026/09/11 10:30:52] =>
[2026/09/11 10:30:52] 发送(hex): 03
[2026/09/11 10:30:52] 发送(hex): 0d
[2026/09/11 10:30:52] 发送(hex): 20
[2026/09/11 10:30:52] <INTERRUPT>
[2026/09/11 10:30:52] =>
[2026/09/11 10:30:52] =>
[2026/09/11 10:30:52] 发送(hex): 03
[2026/09/11 10:30:52] 发送(hex): 0d
[2026/09/11 10:30:52] 发送(hex): 20
[2026/09/11 10:30:52] <INTERRUPT>
[2026/09/11 10:30:52] =>
[2026/09/11 10:30:52] =>
[2026/09/11 10:30:52] 发送(hex): 03
[2026/09/11 10:30:52] 发送(hex): 0d
[2026/09/11 10:30:52] 发送(hex): 20
[2026/09/11 10:30:52] <INTERRUPT>
[2026/09/11 10:30:52] =>
[2026/09/11 10:30:52] =>
[2026/09/11 10:30:52] 发送(hex): 03
[2026/09/11 10:30:52] 发送(hex): 0d
[2026/09/11 10:30:52] 发送(hex): 20
[2026/09/11 10:30:52] <INTERRUPT>
[2026/09/11 10:30:52] =>
[2026/09/11 10:30:52] =>
[2026/09/11 10:30:52] 发送(hex): 03
[2026/09/11 10:30:52] 发送(hex): 0d
[2026/09/11 10:30:52] 发送(hex): 20
[2026/09/11 10:30:52] <INTERRUPT>
[2026/09/11 10:30:52] =>
[2026/09/11 10:30:52] =>
[2026/09/11 10:30:52] 发送(hex): 03
[2026/09/11 10:30:52] 发送(hex): 0d
[2026/09/11 10:30:52] 发送(hex): 20
[2026/09/11 10:30:52] <INTERRUPT>
[2026/09/11 10:30:52] =>
[2026/09/11 10:30:52] =>
[2026/09/11 10:30:52] 发送(hex): 03
[2026/09/11 10:30:52] 发送(hex): 0d
[2026/09/11 10:30:52] 发送(hex): 20
[2026/09/11 10:30:52] <INTERRUPT>
[2026/09/11 10:30:52] =>
[2026/09/11 10:30:52] =>
[2026/09/11 10:30:52] 发送(hex): 03
[2026/09/11 10:30:52] 发送(hex): 0d
[2026/09/11 10:30:52] 发送(hex): 20
[2026/09/11 10:30:52] <INTERRUPT>
[2026/09/11 10:30:52] =>
[2026/09/11 10:30:52] =>
[2026/09/11 10:30:52] 发送(hex): 03
[2026/09/11 10:30:52] 发送(hex): 0d
[2026/09/11 10:30:52] <IN
[2026/09/11 10:30:52] 发送(hex): 20
[2026/09/11 10:30:52] TERRUPT>
[2026/09/11 10:30:52] =>
[2026/09/11 10:30:52] =>
[2026/09/11 10:30:52] 发送(hex): 03
[2026/09/11 10:30:52] 发送(hex): 0d
[2026/09/11 10:30:52] <INTE
[2026/09/11 10:30:52] 发送(hex): 20
[2026/09/11 10:30:52] RRUPT>
[2026/09/11 10:30:52] =>
[2026/09/11 10:30:52] =>
[2026/09/11 10:30:52] 发送(hex): 03
[2026/09/11 10:30:52] 发送(hex): 0d
[2026/09/11 10:30:52] <IN
[2026/09/11 10:30:52] 发送(hex): 20
[2026/09/11 10:30:52] TERRUPT>
[2026/09/11 10:30:52] =>
[2026/09/11 10:30:52] =>
[2026/09/11 10:30:52] 发送(hex): 03
[2026/09/11 10:30:52] 发送(hex): 0d
[2026/09/11 10:30:52] <INTERRU
[2026/09/11 10:30:52] 发送(hex): 20
[2026/09/11 10:30:52] PT>
[2026/09/11 10:30:52] =>
[2026/09/11 10:30:52] =>
[2026/09/11 10:30:52] 发送(hex): 03
[2026/09/11 10:30:53] 发送(hex): 0d
[2026/09/11 10:30:53] <INTERRUPT>
[2026/09/11 10:30:53] 发送(hex): 20
[2026/09/11 10:30:53] =>
[2026/09/11 10:30:53] =>
[2026/09/11 10:30:53] 发送(hex): 03
[2026/09/11 10:30:53] 发送(hex): 0d
[2026/09/11 10:30:53] <INTERRUPT>
[2026/09/11 10:30:53] =
[2026/09/11 10:30:53] 发送(hex): 20
[2026/09/11 10:30:53] >
[2026/09/11 10:30:53] =>
[2026/09/11 10:30:53] 发送(hex): 03
[2026/09/11 10:30:53] 发送(hex): 0d
[2026/09/11 10:30:53] <INTERRUPT>
[2026/09/11 10:30:53] =>
[2026/09/11 10:30:53] 发送(hex): 20
[2026/09/11 10:30:53] =>
[2026/09/11 10:30:53] 发送(hex): 03
[2026/09/11 10:30:53] 发送(hex): 0d
[2026/09/11 10:30:53] <INTERRUPT>
[2026/09/11 10:30:53] =>
[2026/09/11 10:30:53] 发送(hex): 20
[2026/09/11 10:30:53] =>
[2026/09/11 10:30:53] 发送(hex): 03
[2026/09/11 10:30:53] 发送(hex): 0d
[2026/09/11 10:30:53] <INTERRUPT>
[2026/09/11 10:30:53] =>
[2026/09/11 10:30:53] 发送(hex): 20
[2026/09/11 10:30:53] =>
[2026/09/11 10:30:53] 发送(hex): 03
[2026/09/11 10:30:53] 发送(hex): 0d
[2026/09/11 10:30:53] <INTERRUPT>
[2026/09/11 10:30:53] =>
[2026/09/11 10:30:53] 发送(hex): 20
[2026/09/11 10:30:53] =>
[2026/09/11 10:30:53] 发送(hex): 03
[2026/09/11 10:30:53] 发送(hex): 0d
[2026/09/11 10:30:53] <INTERRUPT>
[2026/09/11 10:30:53] =>
[2026/09/11 10:30:53] 发送(hex): 20
[2026/09/11 10:30:53] =>
[2026/09/11 10:30:53] 发送(hex): 03
[2026/09/11 10:30:53] 发送(hex): 0d
[2026/09/11 10:30:53] <INTERRUPT>
[2026/09/11 10:30:53] =>
[2026/09/11 10:30:53] 发送(hex): 20
[2026/09/11 10:30:53] =>
[2026/09/11 10:30:53] 发送(hex): 03
[2026/09/11 10:30:53] 发送(hex): 0d
[2026/09/11 10:30:53] <INTERRUPT>
[2026/09/11 10:30:53] =>
[2026/09/11 10:30:53] 发送(hex): 20
[2026/09/11 10:30:53] =>
[2026/09/11 10:30:53] 发送(hex): 03
[2026/09/11 10:30:53] 发送(hex): 0d
[2026/09/11 10:30:53] <INTERRUPT>
[2026/09/11 10:30:53] =>
[2026/09/11 10:30:53] 发送(hex): 20
[2026/09/11 10:30:53] =>
[2026/09/11 10:30:53] 发送(hex): 03
[2026/09/11 10:30:53] 发送(hex): 0d
[2026/09/11 10:30:53] <INTERRUPT>
[2026/09/11 10:30:53] =>
[2026/09/11 10:30:53] 发送(hex): 20
[2026/09/11 10:30:53] =>
[2026/09/11 10:30:53] 发送(hex): 03
[2026/09/11 10:30:53] 发送(hex): 0d
[2026/09/11 10:30:53] <INTERRUPT>
[2026/09/11 10:30:53] =>
[2026/09/11 10:30:53] 发送(hex): 20
[2026/09/11 10:30:53] =>
[2026/09/11 10:30:53] 发送(hex): 03
[2026/09/11 10:30:53] 发送(hex): 0d
[2026/09/11 10:30:53] <INTERRUPT>
[2026/09/11 10:30:53] =>
[2026/09/11 10:30:53] 发送(hex): 20
[2026/09/11 10:30:53] =>
[2026/09/11 10:30:53] 发送(hex): 03
[2026/09/11 10:30:53] 发送(hex): 0d
[2026/09/11 10:30:53] <INTERRUPT>
[2026/09/11 10:30:53] =>
[2026/09/11 10:30:53] 发送(hex): 20
[2026/09/11 10:30:53] =>
[2026/09/11 10:30:53] 发送(hex): 03
[2026/09/11 10:30:53] 发送(hex): 0d
[2026/09/11 10:30:53] <INTERRUPT>
[2026/09/11 10:30:53] =>
[2026/09/11 10:30:53] 发送(hex): 20
[2026/09/11 10:30:53] =>
[2026/09/11 10:30:53] 发送(hex): 03
[2026/09/11 10:30:53] 发送(hex): 0d
[2026/09/11 10:30:53] <INTERRUPT>
[2026/09/11 10:30:53] =>
[2026/09/11 10:30:53] 发送(hex): 20
[2026/09/11 10:30:53] =>
[2026/09/11 10:30:53] 发送(hex): 03
[2026/09/11 10:30:53] 发送(hex): 0d
[2026/09/11 10:30:53] <INTERRUPT>
[2026/09/11 10:30:53] =>
[2026/09/11 10:30:53] 发送(hex): 20
[2026/09/11 10:30:53] =>
[2026/09/11 10:30:53] 发送(hex): 03
[2026/09/11 10:30:53] 发送(hex): 0d
[2026/09/11 10:30:53] <INTERRUPT>
[2026/09/11 10:30:53] =>
[2026/09/11 10:30:53] 发送(hex): 20
[2026/09/11 10:30:53] =>
[2026/09/11 10:30:53] 发送(hex): 03
[2026/09/11 10:30:53] 发送(hex): 0d
[2026/09/11 10:30:53] <INTERRUPT>
[2026/09/11 10:30:53] =>
[2026/09/11 10:30:53] 发送(hex): 20
[2026/09/11 10:30:53] =>
[2026/09/11 10:30:53] 发送(hex): 03
[2026/09/11 10:30:53] 发送(hex): 0d
[2026/09/11 10:30:53] <INTERRUPT>
[2026/09/11 10:30:53] =>
[2026/09/11 10:30:53] 发送(hex): 20
[2026/09/11 10:30:53] =>
[2026/09/11 10:30:53] 发送(hex): 03
[2026/09/11 10:30:53] 发送(hex): 0d
[2026/09/11 10:30:53] <INTERRUPT>
[2026/09/11 10:30:53] =>
[2026/09/11 10:30:53] 发送(hex): 20
[2026/09/11 10:30:53] =>
[2026/09/11 10:30:53] 发送(hex): 03
[2026/09/11 10:30:53] 发送(hex): 0d
[2026/09/11 10:30:53] <INTERRUPT>
[2026/09/11 10:30:53] =>
[2026/09/11 10:30:53] 发送(hex): 20
[2026/09/11 10:30:53] =>
[2026/09/11 10:30:53] 发送(hex): 03
[2026/09/11 10:30:53] 发送(hex): 0d
[2026/09/11 10:30:53] <INTERRUPT>
[2026/09/11 10:30:53] =>
[2026/09/11 10:30:53] 发送(hex): 20
[2026/09/11 10:30:53] =>
[2026/09/11 10:30:53] 发送(hex): 03
[2026/09/11 10:30:53] 发送(hex): 0d
[2026/09/11 10:30:53] <INTERRUPT>
[2026/09/11 10:30:53] =>
[2026/09/11 10:30:53] 发送(hex): 20
[2026/09/11 10:30:53] =>
[2026/09/11 10:30:53] 发送(hex): 03
[2026/09/11 10:30:53] 发送(hex): 0d
[2026/09/11 10:30:53] <INTERRUPT>
[2026/09/11 10:30:53] =>
[2026/09/11 10:30:53] 发送(hex): 20
[2026/09/11 10:30:53] =>
[2026/09/11 10:30:53] 发送(hex): 03
[2026/09/11 10:30:53] 发送(hex): 0d
[2026/09/11 10:30:53] <INTERRUPT>
[2026/09/11 10:30:53] =>
[2026/09/11 10:30:53] 发送(hex): 20
[2026/09/11 10:30:53] =>
[2026/09/11 10:30:53] 发送(hex): 03
[2026/09/11 10:30:53] 发送(hex): 0d
[2026/09/11 10:30:53] <INTERRUPT>
[2026/09/11 10:30:53] =>
[2026/09/11 10:30:53] 发送(hex): 20
[2026/09/11 10:30:53] =>
[2026/09/11 10:30:53] 发送(hex): 03
[2026/09/11 10:30:53] 发送(hex): 0d
[2026/09/11 10:30:53] <INTERRUPT>
[2026/09/11 10:30:53] =>
[2026/09/11 10:30:53] 发送(hex): 20
[2026/09/11 10:30:53] =>
[2026/09/11 10:30:53] 发送(hex): 03
[2026/09/11 10:30:53] 发送(hex): 0d
[2026/09/11 10:30:53] <INTERRUPT>
[2026/09/11 10:30:53] =>
[2026/09/11 10:30:53] 发送(hex): 20
[2026/09/11 10:30:53] =>
[2026/09/11 10:30:53] 发送(hex): 03
[2026/09/11 10:30:53] 发送(hex): 0d
[2026/09/11 10:30:53] <INTERRUPT>
[2026/09/11 10:30:53] =>
[2026/09/11 10:30:53] 发送(hex): 20
[2026/09/11 10:30:53] =>
[2026/09/11 10:30:53] 发送(hex): 03
[2026/09/11 10:30:53] 发送(hex): 0d
[2026/09/11 10:30:53] <INTERRUPT>
[2026/09/11 10:30:53] =>
[2026/09/11 10:30:53] 发送(hex): 20
[2026/09/11 10:30:53] =>
[2026/09/11 10:30:53] 发送(hex): 03
[2026/09/11 10:30:53] 发送(hex): 0d
[2026/09/11 10:30:53] <INTERRUPT>
[2026/09/11 10:30:53] =>
[2026/09/11 10:30:54] 发送(hex): 20
[2026/09/11 10:30:54] =>
[2026/09/11 10:30:54] 发送(hex): 03
[2026/09/11 10:30:54] 发送(hex): 0d
[2026/09/11 10:30:54] <INTERRUPT>
[2026/09/11 10:30:54] =>
[2026/09/11 10:30:54] 发送(hex): 20
[2026/09/11 10:30:54] =>
[2026/09/11 10:30:54] 发送(hex): 03
[2026/09/11 10:30:54] 发送(hex): 0d
[2026/09/11 10:30:54] <INTERRUPT>
[2026/09/11 10:30:54] =>
[2026/09/11 10:30:54] 发送(hex): 20
[2026/09/11 10:30:54] =>
[2026/09/11 10:30:54] 发送(hex): 03
[2026/09/11 10:30:54] 发送(hex): 0d
[2026/09/11 10:30:54] <INTERRUPT>
[2026/09/11 10:30:54] =>
[2026/09/11 10:30:54] 发送(hex): 20
[2026/09/11 10:30:54] =>
[2026/09/11 10:30:54] 发送(hex): 03
[2026/09/11 10:30:54] 发送(hex): 0d
[2026/09/11 10:30:54] <INTERRUPT>
[2026/09/11 10:30:54] =>
[2026/09/11 10:30:54] 发送(hex): 20
[2026/09/11 10:30:54] =>
[2026/09/11 10:30:54] 发送(hex): 03
[2026/09/11 10:30:54] 发送(hex): 0d
[2026/09/11 10:30:54] <INTERRUPT>
[2026/09/11 10:30:54] =>
[2026/09/11 10:30:54] 发送(hex): 20
[2026/09/11 10:30:54] 发送(hex): 03
[2026/09/11 10:30:54] =>
[2026/09/11 10:30:54] 发送(hex): 0d
[2026/09/11 10:30:54] <INTERRUPT>
[2026/09/11 10:30:54] =>
[2026/09/11 10:30:54] 发送(hex): 20
[2026/09/11 10:30:54] 发送(hex): 03
[2026/09/11 10:30:54] =>
[2026/09/11 10:30:54] 发送(hex): 0d
[2026/09/11 10:30:54] <INTERRUPT>
[2026/09/11 10:30:54] =>
[2026/09/11 10:30:54] 发送(hex): 20
[2026/09/11 10:30:54] =>
[2026/09/11 10:30:54] 发送(hex): 03
[2026/09/11 10:30:54] 发送(hex): 0d
[2026/09/11 10:30:54] <INTERRUPT>
[2026/09/11 10:30:54] =>
[2026/09/11 10:30:54] 发送(hex): 20
[2026/09/11 10:30:54] =>
[2026/09/11 10:30:54] 发送(hex): 03
[2026/09/11 10:30:54] 发送(hex): 0d
[2026/09/11 10:30:54] <INTERRUPT>
[2026/09/11 10:30:54] =>
[2026/09/11 10:30:54] 发送(hex): 20
[2026/09/11 10:30:54] 发送(hex): 03
[2026/09/11 10:30:54] =>
[2026/09/11 10:30:54] 发送(hex): 0d
[2026/09/11 10:30:54] <INTERRUPT>
[2026/09/11 10:30:54] =>
[2026/09/11 10:30:54] 发送(hex): 20
[2026/09/11 10:30:54] 发送(hex): 03
[2026/09/11 10:30:54] =>
[2026/09/11 10:30:54] 发送(hex): 0d
[2026/09/11 10:30:54] <INTERRUPT>
[2026/09/11 10:30:54] =>
[2026/09/11 10:30:54] 发送(hex): 20
[2026/09/11 10:30:54] 发送(hex): 03
[2026/09/11 10:30:54] =>
[2026/09/11 10:30:54] 发送(hex): 0d
[2026/09/11 10:30:54] <INTERRUPT>
[2026/09/11 10:30:54] =>
[2026/09/11 10:30:54] 发送(hex): 20
[2026/09/11 10:30:54] 发送(hex): 03
[2026/09/11 10:30:54] =>
[2026/09/11 10:30:54] 发送(hex): 0d
[2026/09/11 10:30:54] <INTERRUPT>
[2026/09/11 10:30:54] =>
[2026/09/11 10:30:54] 发送(hex): 20
[2026/09/11 10:30:54] 发送(hex): 03
[2026/09/11 10:30:54] =>
[2026/09/11 10:30:54] 发送(hex): 0d
[2026/09/11 10:30:54] <INTERRUPT>
[2026/09/11 10:30:54] =>
[2026/09/11 10:30:54] 发送(hex): 20
[2026/09/11 10:30:54] 发送(hex): 03
[2026/09/11 10:30:54] =>
[2026/09/11 10:30:54] 发送(hex): 0d
[2026/09/11 10:30:54] <INTERRUPT>
[2026/09/11 10:30:54] =>
[2026/09/11 10:30:54] 发送(hex): 20
[2026/09/11 10:30:54] 发送(hex): 03
[2026/09/11 10:30:54] =>
[2026/09/11 10:30:54] 发送(hex): 0d
[2026/09/11 10:30:54] <INTERRUPT>
[2026/09/11 10:30:54] =>
[2026/09/11 10:30:54] 发送(hex): 20
[2026/09/11 10:30:54] 发送(hex): 03
[2026/09/11 10:30:54] =>
[2026/09/11 10:30:54] 发送(hex): 0d
[2026/09/11 10:30:54] <INTERRUPT>
[2026/09/11 10:30:54] =>
[2026/09/11 10:30:54] 发送(hex): 20
[2026/09/11 10:30:54] 发送(hex): 03
[2026/09/11 10:30:54] =>
[2026/09/11 10:30:54] 发送(hex): 0d
[2026/09/11 10:30:54] <INTERRUPT>
[2026/09/11 10:30:54] =>
[2026/09/11 10:30:54] 发送(hex): 20
[2026/09/11 10:30:54] 发送(hex): 03
[2026/09/11 10:30:54] =>
[2026/09/11 10:30:54] 发送(hex): 0d
[2026/09/11 10:30:54] <INTERRUPT>
[2026/09/11 10:30:54] =>
[2026/09/11 10:30:54] 发送(hex): 20
[2026/09/11 10:30:54] 发送(hex): 03
[2026/09/11 10:30:54] =>
[2026/09/11 10:30:54] 发送(hex): 0d
[2026/09/11 10:30:54] <INTERRUPT>
[2026/09/11 10:30:54] =>
[2026/09/11 10:30:54] 发送(hex): 20
[2026/09/11 10:30:54] 发送(hex): 03
[2026/09/11 10:30:54] =>
[2026/09/11 10:30:54] 发送(hex): 0d
[2026/09/11 10:30:54] <INTERRUPT>
[2026/09/11 10:30:54] =>
[2026/09/11 10:30:54] 发送(hex): 20
[2026/09/11 10:30:54] 发送(hex): 03
[2026/09/11 10:30:54] =>
[2026/09/11 10:30:54] 发送(hex): 0d
[2026/09/11 10:30:54] <INTERRUPT>
[2026/09/11 10:30:54] =>
[2026/09/11 10:30:54] 发送(hex): 20
[2026/09/11 10:30:54] 发送(hex): 03
[2026/09/11 10:30:54] =>
[2026/09/11 10:30:54] 发送(hex): 0d
[2026/09/11 10:30:54] <INTERRUPT>
[2026/09/11 10:30:54] =>
[2026/09/11 10:30:54] 发送(hex): 20
[2026/09/11 10:30:54] 发送(hex): 03
[2026/09/11 10:30:54] =>
[2026/09/11 10:30:54] 发送(hex): 0d
[2026/09/11 10:30:54] <INTERRUPT>
[2026/09/11 10:30:54] =>
[2026/09/11 10:30:54] 发送(hex): 20
[2026/09/11 10:30:54] 发送(hex): 03
[2026/09/11 10:30:54] =>
[2026/09/11 10:30:54] 发送(hex): 0d
[2026/09/11 10:30:54] <INTERRUPT>
[2026/09/11 10:30:54] =>
[2026/09/11 10:30:54] 发送(hex): 20
[2026/09/11 10:30:54] 发送(hex): 03
[2026/09/11 10:30:54] =>
[2026/09/11 10:30:54] 发送(hex): 0d
[2026/09/11 10:30:54] <INTERRUPT>
[2026/09/11 10:30:54] =>
[2026/09/11 10:30:54] 发送(hex): 20
[2026/09/11 10:30:54] 发送(hex): 03
[2026/09/11 10:30:54] =>
[2026/09/11 10:30:54] 发送(hex): 0d
[2026/09/11 10:30:54] <INTERRUPT>
[2026/09/11 10:30:54] =>
[2026/09/11 10:30:54] 发送(hex): 20
[2026/09/11 10:30:54] 发送(hex): 03
[2026/09/11 10:30:54] =>
[2026/09/11 10:30:54] 发送(hex): 0d
[2026/09/11 10:30:54] <INTERRUPT>
[2026/09/11 10:30:54] =>
[2026/09/11 10:30:54] 发送(hex): 20
[2026/09/11 10:30:54] 发送(hex): 03
[2026/09/11 10:30:54] =>
[2026/09/11 10:30:54] 发送(hex): 0d
[2026/09/11 10:30:54] <INTERRUPT>
[2026/09/11 10:30:54] =>
[2026/09/11 10:30:54] 发送(hex): 20
[2026/09/11 10:30:54] 发送(hex): 03
[2026/09/11 10:30:54] =>
[2026/09/11 10:30:54] 发送(hex): 0d
[2026/09/11 10:30:54] <INTERRUPT>
[2026/09/11 10:30:54] =>
[2026/09/11 10:30:54] 发送(hex): 20
[2026/09/11 10:30:54] 发送(hex): 03
[2026/09/11 10:30:54] =>
[2026/09/11 10:30:54] 发送(hex): 0d
[2026/09/11 10:30:54] <INTERRUPT>
[2026/09/11 10:30:54] =>
[2026/09/11 10:30:54] 发送(hex): 20
[2026/09/11 10:30:55] 发送(hex): 03
[2026/09/11 10:30:55] =>
[2026/09/11 10:30:55] 发送(hex): 0d
[2026/09/11 10:30:55] <INTERRUPT>
[2026/09/11 10:30:55] =>
[2026/09/11 10:30:55] 发送(hex): 20
[2026/09/11 10:30:55] 发送(hex): 03
[2026/09/11 10:30:55] =>
[2026/09/11 10:30:55] 发送(hex): 0d
[2026/09/11 10:30:55] <INTERRUPT>
[2026/09/11 10:30:55] =>
[2026/09/11 10:30:55] 发送(hex): 20
[2026/09/11 10:30:55] 发送(hex): 03
[2026/09/11 10:30:55] =>
[2026/09/11 10:30:55] 发送(hex): 0d
[2026/09/11 10:30:55] <INTERRUPT>
[2026/09/11 10:30:55] =>
[2026/09/11 10:30:55] 发送(hex): 20
[2026/09/11 10:30:55] 发送(hex): 03
[2026/09/11 10:30:55] =>
[2026/09/11 10:30:55] 发送(hex): 0d
[2026/09/11 10:30:55] <INTERRUPT>
[2026/09/11 10:30:55] =>
[2026/09/11 10:30:55] 发送(hex): 20
[2026/09/11 10:30:55] 发送(hex): 03
[2026/09/11 10:30:55] =>
[2026/09/11 10:30:55] 发送(hex): 0d
[2026/09/11 10:30:55] <INTERRUPT>
[2026/09/11 10:30:55] =>
[2026/09/11 10:30:55] 发送(hex): 20
[2026/09/11 10:30:55] 发送(hex): 03
[2026/09/11 10:30:55] =>
[2026/09/11 10:30:55] 发送(hex): 0d
[2026/09/11 10:30:55] <INTERRUPT>
[2026/09/11 10:30:55] =>
[2026/09/11 10:30:55] 发送(hex): 20
[2026/09/11 10:30:55] 发送(hex): 03
[2026/09/11 10:30:55] =>
[2026/09/11 10:30:55] 发送(hex): 0d
[2026/09/11 10:30:55] <INTERRUPT>
[2026/09/11 10:30:55] =>
[2026/09/11 10:30:55] 发送(hex): 20
[2026/09/11 10:30:55] 发送(hex): 03
[2026/09/11 10:30:55] =>
[2026/09/11 10:30:55] 发送(hex): 0d
[2026/09/11 10:30:55] <INTERRUPT>
[2026/09/11 10:30:55] =>
[2026/09/11 10:30:55] 发送(hex): 20
[2026/09/11 10:30:55] 发送(hex): 03
[2026/09/11 10:30:55] =>
[2026/09/11 10:30:55] 发送(hex): 0d
[2026/09/11 10:30:55] 发送(hex): 20
[2026/09/11 10:30:55] <INTERRUPT>
[2026/09/11 10:30:55] =>
[2026/09/11 10:30:55] 发送(hex): 03
[2026/09/11 10:30:55] =>
[2026/09/11 10:30:55] 发送(hex): 0d
[2026/09/11 10:30:55] 发送(hex): 20
[2026/09/11 10:30:55] <INTERRUPT>
[2026/09/11 10:30:55] =>
[2026/09/11 10:30:55] 发送(hex): 03
[2026/09/11 10:30:55] =>
[2026/09/11 10:30:55] 发送(hex): 0d
[2026/09/11 10:30:55] 发送(hex): 20
[2026/09/11 10:30:55] <INTERRUPT>
[2026/09/11 10:30:55] =>
[2026/09/11 10:30:55] 发送(hex): 03
[2026/09/11 10:30:55] =>
[2026/09/11 10:30:55] 发送(hex): 0d
[2026/09/11 10:30:55] 发送(hex): 20
[2026/09/11 10:30:55] <INTERRUPT>
[2026/09/11 10:30:55] =>
[2026/09/11 10:30:55] =>
[2026/09/11 10:30:55] 发送(hex): 03
[2026/09/11 10:30:55] 发送(hex): 0d
[2026/09/11 10:30:55] 发送(hex): 20
[2026/09/11 10:30:55] <INTERRUPT>
[2026/09/11 10:30:55] =>
[2026/09/11 10:30:55] =>
[2026/09/11 10:30:55] 发送(hex): 03
[2026/09/11 10:30:55] <INTERRUPT>
[2026/09/11 10:30:55] =>
[2026/09/11 10:31:00] 发送(hex): 0d
[2026/09/11 10:31:00] 发送(hex): 0d
[2026/09/11 10:31:00] =>
[2026/09/11 10:31:00] 发送(hex): 0d
[2026/09/11 10:31:00] =>
[2026/09/11 10:31:01] 发送(hex): 0d
[2026/09/11 10:31:01] 发送(hex): 0d
[2026/09/11 10:31:01] =>
[2026/09/11 10:31:01] =>
[2026/09/11 10:31:01] 发送(hex): 7072696e74656e762074636c5f6c6f676f5f706174680d
[2026/09/11 10:31:01] =>
[2026/09/11 10:31:01] printenv tcl_logo_path
[2026/09/11 10:31:01] tcl_logo_path=/tclconfig/tvcust/aio_resources/resource/extension/common_TCL_QDMINI_4K/logo
[2026/09/11 10:31:01] =>
[2026/09/11 10:31:02] 发送(hex): 03
[2026/09/11 10:31:02] <INTERRUPT>
[2026/09/11 10:31:02] =>
[2026/09/11 10:31:05] UART
[2026/09/11 10:31:05] <.
[2026/09/11 10:31:05] AC_ON
[2026/09/11 10:31:05] HASH1_VERSION=0x00000000 64bit
[2026/09/11 10:31:05] E-A
[2026/09/11 10:31:05] [ETT_Main] Clock MPLL Init
[2026/09/11 10:31:05] [ETT_Main]MIU_ver 20260417-11996427-OneBin-V20.4-RefineWDTNew
[2026/09/11 10:31:05] [DRAMC] AC ON-0
[2026/09/11 10:31:05] [FAST_K]
[2026/09/11 10:31:05] [MOBF] Gen SW key
[2026/09/11 10:31:05] CH0 DramsizeFlag_CH0 DUMMY_REG = 0x1
[2026/09/11 10:31:05] dramc_channel0 restore dramsize_flag = 0x1
[2026/09/11 10:31:05] [FAST_K]
[2026/09/11 10:31:05] CH2 DramsizeFlag_CH2 DUMMY_REG = 0x0
[2026/09/11 10:31:05] dramc_channel2 restore dramsize_flag = 0x0
[2026/09/11 10:31:05] dispatch to 1 EMI 2 CH
[2026/09/11 10:31:05] MIUP set area: 3GB
[2026/09/11 10:31:05] EMI bist: [32mM0 pass[0m
[2026/09/11 10:31:05] EMI bist: [32mM2 pass[0m
[2026/09/11 10:31:05] fake engine: [32mpass[00000000][0m
[2026/09/11 10:31:05] fake engine: [32mpass[00000001][0m
[2026/09/11 10:31:05] u4dram_info=0x2406
[2026/09/11 10:31:05] TEELOADER_VERSION=0x00000000
[2026/09/11 10:31:05] optee teeloader entry
[2026/09/11 10:31:05] MultiOptee image detected, Mode
[2026/09/11 10:31:05] lID=17B06E0B
[2026/09/11 10:31:05] M
[2026/09/11 10:31:05] ultiOptee image detected, ModelID=17B06E0B
[2026/09/11 10:31:05] CusConfig
[2026/09/11 10:31:05] ARMFW_VERSION=0x00000000
[2026/09/11 10:31:05] OPTEE_VERSION=0x00000000
[2026/09/11 10:31:05] OPTEECUST_VERSION=0x00000000
[2026/09/11 10:31:05] REELOADER_VERSION=0x00000000
[2026/09/11 10:31:05] ns_uboot_boot
[2026/09/11 10:31:05] NOTICE:  BL31: v2.4(debug):f102f7cc7
[2026/09/11 10:31:05] NOTICE:  BL31: Built : 20:53:08, Jul 17 2026
[2026/09/11 10:31:05] INFO:    BL31: Initializing runtime services
[2026/09/11 10:31:05] INFO:    BL31: Initializing BL32
[2026/09/11 10:31:05] [TEE] TRIAL BOOT: 0
[2026/09/11 10:31:05] [DynRamlog] wait for configuring by tee driver
[2026/09/11 10:31:06] INFO:    BL31: Preparing for EL3 exit to normal world
[2026/09/11 10:31:06] INFO:    Entry point address = 0x20100010
[2026/09/11 10:31:06] ree_entry
[2026/09/11 10:31:06] Check WDT....
[2026/09/11 10:31:06] UBOOT_VERSION=0x00000000
[2026/09/11 10:31:06] U-Boot2019.04-g23c3f665-dirty (Aug 23 2026 - 20:57:54 +0800)
[2026/09/11 10:31:06] Model: MediaTek MT5896 RFB
[2026/09/11 10:31:06] DRAM:  3 GiB
[2026/09/11 10:31:06] MMC:   mtk-mmc-fcie@1c660000: 0
[2026/09/11 10:31:06] Loading Environment from EXT4
[2026/09/11 10:31:06] ... OK
[2026/09/11 10:31:06] [0;31m[ERROR] get_data
[2026/09/11 10:31:06] _separation_info:254: [0m[data spr][start:1296][end:1304][total time:8]
[2026/09/11 10:31:06] [0;31m[ERROR] get_partition_info:394: [0mCan not find corresponding suffixed partition name:factory_preset_a !!!
[2026/09/11 10:31:06] [0;31m[ERROR] get_pid_from_preset_partition:1495: [0mError: sys_get_storage_info from factory_preset failure
[2026/09/11 10:31:06] [0;31m[ERROR] parse_tcl_ffvoice_lednum:1124: [0mdrive_item is not exist!
[2026/09/11 10:31:06] [0;31m[ERROR] parse_tcl_ffvoice_lednum:1144: [0muse default ffvoice lednum: 4!!!
[2026/09/11 10:31:06] [0;31m[ERROR] parse_tcl_led_stagespacetime:1019: [0mdrive_item is not exist!
[2026/09/11 10:31:06] [0;31m[ERROR] parse_tcl_led_stagespacetime:1039: [0muse default_ledstage: 0!!!
[2026/09/11 10:31:06] [0;31m[ERROR] parse_tcl_led_stagespacetime:1041: [0mset uenv led_stagespace : 0
[2026/09/11 10:31:06] device properties match:sid = "104"
[2026/09/11 10:31:06] [0;31m[ERROR] get_data_separation_info:270: [0mRead ini file success !
[2026/09/11 10:31:06] [0;31m[ERROR] To_parse_tcl_standby_qhb_support:234: [0mtcl_env_qhb = 0 or null or other,not support TCL  QHB
[2026/09/11 10:31:07] [0;31m[ERROR] dataindex_dtbo_overlay:644: [0m[DATAINDEX DTBO LOAD][start:1796][end:1886][total time:90]
[2026/09/11 10:31:07] Model: MediaTek MT5896 RFB
[2026/09/11 10:31:07] Net:
[2026/09/11 10:31:07] eth0: ethernet@1c700000
[2026/09/11 10:31:07] Booting(Working) pLedMode = LED_ON,pLightRate=80
[2026/09/11 10:31:07] slot:0 slot retry:0 a_corrupt:0 b_corrupt:0 successful:[1:0]
[2026/09/11 10:31:07] 00000000: 00 00 00 00 00 00 00 00 00 00 00 00 00 00 00 00    ................
[2026/09/11 10:31:07] 00000010: 00 00 00 00 00 00 00 00 00 00 00 00 00 00 00 00    ................
[2026/09/11 10:31:07] [0;31m[ERROR] get_boot_mode_from_partition:354: [0mdump  OK
[2026/09/11 10:31:07] androidboot boot reason = ac
[2026/09/11 10:31:07] Reboot reason == PM_BR_AC
[2026/09/11 10:31:07] upgrade status:done
[2026/09/11 10:31:07] [0;31m[ERROR] standby_mode_enter_standby:187: [0m[panic case]: no panic occur, normal deal
[2026/09/11 10:31:07] Normal booting mode!
[2026/09/11 10:31:07] [wei] mtk_panel_probe 991, PANEL LIB VER 5
[2026/09/11 10:31:07] [wei] BOOT_PNL_VERSION OLD
[2026/09/11 10:31:07] [0;31m[ERROR] standby_mode_enter_qhb:274: [0mThis PID   unsupport  TCL QHB !!!
[2026/09/11 10:31:07] [0;31m[ERROR] mtk_panel_init_device:998: [0m[BEFORE DEMURA][start:2123][end:2163][total time:40]
[2026/09/11 10:31:07] [0;31m[ERROR] mtk_panel_enable:1149: [0m
[2026/09/11 10:31:07] ---mtk_panel_enable:1149 Set mtk_panel_enable DelayTask 7
[2026/09/11 10:31:07] Hit any key to stop autoboot:  0
[2026/09/11 10:31:07] [0;31m[ERROR] do_check_upgrade_mode:216: [0mresolve path fail: /mnt/vendor/tvconfig/bsp/common/misc/upgrade_mode.ini
[2026/09/11 10:31:07] check_auto_update
[2026/09/11 10:31:07] seconds : 2
[2026/09/11 10:31:07] Ticking:
[2026/09/11 10:31:07] j
[2026/09/11 10:31:07] pd_api: [ERR] _MApi_NJPD_Decoder_PrintError: data loss error!!
[2026/09/11 10:31:07] jpd_api: [ERR] _MApi_NJPD_Decoder_PrintError: bitstream error!!
[2026/09/11 10:31:07] [0;31m[ERROR] mtk_jpd_decode:361: [0mJPEG decode failed!!
[2026/09/11 10:31:07] [0;3
[2026/09/11 10:31:07] 1m[ERROR] standby_mode_enter_standby:187: [0m[panic case]: no panic occur, normal deal
[2026/09/11 10:31:07] Normal booting mode!
[2026/09/11 10:31:07] [0;31m[ERROR] get_panel_pwm_duty_info:2644: [0mRead ini file to DRAM failure
[2026/09/11 10:31:07] [0;31m[ERROR] Check_TSR_PMIC_Version:229: [0mThis PID   unsupport   TSR IC !!!
[2026/09/11 10:31:07] [0;31m[ERROR] _mtk_pnl_cust_backlight_i2c_init:2672: [0mRead subnode (backlight_i2c_info) FAIL
[2026/09/11 10:31:07] kfault cur reboot mode: 0x0
[2026/09/11 10:31:07] kfault tcllog size: 0x4000000
[2026/09/11 10:31:07] kfault io buf 0x5bd50e30, size 0x400, pos 0x0, is_read 1, ret 0
[2026/09/11 10:31:07] kfault io buf 0x5be1f8f0, size 0x2000, pos 0x400, is_read 1, ret 0
[2026/09/11 10:31:07] kfault io buf 0x5bd65ea0, size 0x1000, pos 0x37ff000, is_read 1, ret 0
[2026/09/11 10:31:07] normal boot, just do tmp dump
[2026/09/11 10:31:07] MMC write: dev # 0, block # 1480696, count 8 ...
[2026/09/11 10:31:07] 8 blocks w
[2026/09/11 10:31:08] ritten: OK
[2026/09/11 10:31:08] kfault io buf 0x5bd65ea0, size 0x1000, pos 0x37ff000, is_read 0, ret 0
[2026/09/11 10:31:08] kfault_boot->log_num = 0
[2026/09/11 10:31:08] MMC write: dev # 0, block # 1366016, count 2 ... 2 blocks written: OK
[2026/09/11 10:31:08] kfault io buf 0x5bd50e30, size 0x400, pos 0x0, is_read 0, ret 0
[2026/09/11 10:31:08] [0;31m[ERROR] standby_mode_enter_standby:187: [0m[panic case]: no panic occur, normal deal
[2026/09/11 10:31:08] Normal booting mode!
[2026/09/11 10:31:08] upgradecheck - upgrade mode check command
[2026/09/11 10:31:08] Usage:
[2026/09/11 10:31:08] upgradecheck command: upgradecheck
[2026/09/11 10:31:08] retry_count: 0
[2026/09/11 10:31:08] ## Android Verified Boot 2.0 version 1.1.0
[2026/09/11 10:31:08] Disable Flash Update Mode
[2026/09/11 10:31:08] Verification passed successfully
[2026/09/11 10:31:08] Boot state is
[2026/09/11 10:31:08] : Green !
[2026/09/11 10:31:08] Kernel load addr 0x26000000 size 41887 KiB
[2026/09/11 10:31:08] RAM disk load addr 0x01000000 size 2039 KiB
[2026/09/11 10:31:08] [0;31m[ERROR] bootargs_append:2318: [0mset cfg is androidboot.device_name=G08 androidboot.series=X androidboot.product=X11K androidboot.product_name=G08_4K_GB androidboot.client_type=TCL-EU-MT9653-S1 androidboot.model_name=Smart*TV*Pro androidboot.code_name=AU04 androidboot.ecid=22000000 androidboot.tcl_brand=TCL androidboot.manufacturer=TCL androidboot.oem_tag=EU androidboot.certify=unknown androidboot.extension=TCL_QDMINI_4K androidboot.extension_res=unknown androidboot.extension_db=unknown
[2026/09/11 10:31:08] [0;31m[ERROR] bootargs_append:2318: [0mset cfg is androidboot.pid=26624
[2026/09/11 10:31:08] device properties match:sid = "104"
[2026/09/11 10:31:08] [0;31m[ERROR] set_crashkernel_rsvmem:2278: [0mError: Read kdump file to Dram failed
[2026/09/11 10:31:08] do_tcl_crashkernel - tcl_crashkernel
[2026/09/11 10:31:08] Usage:
[2026/09/11 10:31:08] do_tcl_crashkernel command: set reserved memory for crashkernel
[2026/09/11 10:31:08] Loading Kernel Image ... OK
[2026/09/11 10:31:08] Loading Ramdisk to 29f09000, end 2bdff751 ... OK
[2026/09/11 10:31:08] Loading Device Tree to 000000002c4e1000, end 000000002c5ff9bb ... OK
[2026/09/11 10:31:09] [0;31m[ERROR] dataindex_dtbo_overlay:644: [0m[DATAINDEX DTBO LOAD][start:3758][end:3876][total time:118]
[2026/09/11 10:31:09] [0;31m[ERROR] standby_mode_enter_qhb:274: [0mThis PID   unsupport  TCL QHB !!!
[2026/09/11 10:31:09] [AutoTest][mboot][start kernel][3940]
[2026/09/11 10:31:09] Starting kernel ...
[2026/09/11 10:31:09] kfault io buf 0x5bea3090, size 0x28, pos 0x400, is_read 1, ret 0
[2026/09/11 10:31:09] last status:0x0
[2026/09/11 10:31:09] MMC write: dev # 0, block # 1480632, count 7 ...
[2026/09/11 10:31:09] 7 blocks written: OK
[2026/09/11 10:31:09] MMC write: dev # 0, block # 1480639, count 1 ...
[2026/09/11 10:31:09] 1 blocks written: OK
[2026/09/11 10:31:09] kfault io buf 0x5be4e160, size 0xf27, pos 0x37f7000, is_read 0, ret 0
[2026/09/11 10:31:09] MMC write: dev # 0, block # 1366018, count 1 ...
[2026/09/11 10:31:09] 1 blocks written: OK
[2026/09/11 10:31:09] kfault io buf 0x5bd586f0, size 0x28, pos 0x400, is_read 0, ret 0
[2026/09/11 10:31:09] WARNING: Unimpleme
[2026/09/11 10:31:09] nted Standard Service Call: 0x84000050
[2026/09/11 10:31:10] [    0.322622][    T1] clk_mt5896: we have
[2026/09/11 10:31:10] : PM
[2026/09/11 10:31:10] [    0.322645][    T1] clk_mt5896: we have : NONPM
[2026/09/11 10:31:10] [Ramlog] tee_config_dyn_ramlog_by_cookie is success
[2026/09/11 10:31:10] [    0.472328][    T1] [K][EFUSE]mtk_efuse_init() ----- START
[2026/09/11 10:31:10] [    0.477949][    T1] [K][EFUSE]mtk_efuse_init() ----> OK
[2026/09/11 10:31:10] [    0.490508][    T1] ir set ir_arm_en to 1.
[2026/09/11 10:31:10] [    0.494691][    T1] ir get boot status 2.
[2026/09/11 10:31:10] [    0.498749][    T1] ir set boot status to 3.
[2026/09/11 10:31:10] [    0.503021][    T1] ir get key 65535.
[2026/09/11 10:31:10] [    0.506717][    T1] mtk-ir 1c080000.ir_in: ir probe done.
[2026/09/11 10:31:10] [    0.518497][    T1] [0][0][0]
[2026/09/11 10:31:10] [    0.529432][    T1] add null memory dma_heap with name mtk_nullmem_1
[2026/09/11 10:31:10] [    0.535799][    T1]     range from 0x3000000 to 0x13000000
[2026/09/11 10:31:10] [    0.535799][    T1]
[2026/09/11 10:31:10] [    0.535799][    T1]
[2026/09/11 10:31:10] [    0.569608][    T1] we have : seal
[2026/09/11 10:31:10] [    0.655746][   T67] mtk_mci 1c660000.mtk-mmc-fcie: [ mtk_fcie_set_ios() Ln.4351 ]
[2026/09/11 10:31:10] [    0.663360][   T67] mtk_mci 1c660000.mtk-mmc-fcie: Ld HS400ES
[2026/09/11 10:31:10] [    0.669106][    T1] [Alg Debug] MApi_PQ_CLI_CFD_Init sucess!!
[2026/09/11 10:31:10] [    0.671466][   T67] mtk_mci 1c660000.mtk-mmc-fcie: eMMC: HS400 5.1 200MHz
[2026/09/11 10:31:10] [    0.681818][   T67] mtk_mci 1c660000.mtk-mmc-fcie: eMMC: HS400 5.1 200MHz
[2026/09/11 10:31:10] [    0.691142][    T1] lizw pp 1
[2026/09/11 10:31:10] [    0.701938][    T
[2026/09/11 10:31:10] 1] ux_thread: uxthread_init done!
[2026/09/11 10:31:10] [    0.707541][    T1] tcl_action_monitor: kfault kernel timeout init
[2026/09/11 10:31:11] [    1.802122][  T122] tcl_action_monitor: kfault stop kernel init timeout
[2026/09/11 10:31:12] console:/ $
[2026/09/11 10:31:12] [0;32;31m [ramlog] tee_get_ramlog_config 586 [m
[2026/09/11 10:31:12] [ramlog] Chip ID: 27 f3 04 f5 fd 0b 95 c5 8d 04 00 00
[2026/09/11 10:31:12] [ramlog] TEE log is not enabled (I2C mode:1)
[2026/09/11 10:31:14] [    4.900552][  T322] mtk_and: line 0: glide-disk-cach%com.google.android.apps.tv.launcherx=S:N-20
[2026/09/11 10:31:14] [    4.909405][  T322] mtk_and: line 1: animation%com.netflix.ninja=S:N-10
[2026/09/11 10:31:14] [    4.916060][  T322] mtk_and: line 2: Thread-17%com.amazon.amazonvideo.livingroom=S:R1
[2026/09/11 10:31:14] [    4.923929][  T322] mtk_and: line 3: Thread-18%com.amazon.amazonvideo.livingroom=S:R1
[2026/09/11 10:31:15] [    5.27
[2026/09/11 10:31:15] 7771][  T122] mtu3 1c7a3e00.usb: ssusb clock enable
[2026/09/11 10:31:15] [    5.297932][  T122] mtu3 1c1b3e00.usb: ssusb clock enable
[2026/09/11 10:31:15] Info: get MI d
[2026/09/11 10:31:15] aemon priority before System Init: [-20]
[2026/09/11 10:31:15] [mi_daemon]!!!Enter MI daemon prcoess!! start time =5459
[2026/09/11 10:31:15] [mi_daemon][HASHKEY]{_Bin_Hashkey_Init,692} ----- START not bGingaSupported
[2026/09/11 10:31:15] [mi_daemon][HASHKEY]{_Bin_Hashkey_Init,697} ----- START
[2026/09/11 10:31:15] [mi_daemon][HASHKEY]{_getPathFromDataIndex,620} pszFile
[2026/09/11 10:31:15] Path:/tclconfig/hardware/param/soc/dataIndex_00_WW_4K60_VbyOne.ini
[2026/09/11 10:31:15] Cannot get key 'HASHKEY:hashkey_file' in dataIndex file /tclconfig/hardware/param/soc/dataIndex_00_WW_4K60_VbyOne.ini
[2026/09/11 10:31:15] [IPAUTH][HASHKEY]{MApi_IPAUTH_Init_by_bin,580} (iBinSize:306)
[2026/09/11 10:31:15] [IPAUTH]{_IPAUTH_ReadDebugFile,308} ----- START
[2026/09/11 10:31:15] [IPAUTH]{_IPAUTH_ReadDebugFile,317} Debug file is not exist~(/data/vendor/ipauth_debug.txt)
[2026/09/11 10:31:15] [IPAUTH][HASHKEY]{MApi_IPAUTH_Init_by_bin,631} u16CustomerId:0x19
[2026/09/11 10:31:15] [IPAUTH][HASHKEY]{MApi_IPAUTH_Init_by_bin,693} u16HashkeyChipId:0x10D
[2026/09/11 10:31:15] [IPAUTH][HASHKEY]{_IPAUTH_HASHKEY_Verify,406} call HASHKEY_Verify()
[2026/09/11 10:31:15] [IPAUTH][HASHKEY]{_IPAUTH_HASHKEY_Verify,408} HASHKEY_Verify() return 0
[2026/09/11 10:31:15] [IPAUTH][HASHKEY]{MApi_IPAUTH_Init_by_bin,750} set _u8_hashkey_verify_result=OK
[2026/09/11 10:31:15] [IPAUTH][HASHKEY]{_IPAUTH_HASHKEY_set_BinDataToKernel,503} (u32Para1:1, pu8BinBuf:0xFFED18F0, u32BufSize:306)
[2026/09/11 10:31:15] [IPAUTH][HASHKEY]{_IPAUTH_HASHKEY_set_BinDataToKernel,523} cmd:0x8791, u32_para_1:0x1, u32BufSize_in:306
[2026/09/11 10:31:15] [mi_daemon]!!!Enter MI daemon flow time=5459!!
[2026/09/11 10:31:15] [mi_daemon]{_MI_SYS_Init,809} _MI_SYS_Init() ----- START
[2026/09/11 10:31:15] !!!MI daemon prcoess start! MI daemon cost time=169!!!
[2026/09/11 10:31:15] Info: get MI daemon priority after Module Init: [0]
[2026/09/11 10:31:16] [    6.
[2026/09/11 10:31:16] 457670][  T122] realtime_framework_init is invoked
[2026/09/11 10:31:16] [    6.462884][  T122] realtime_module_init [538], REALTIME_UID=2941
[2026/09/11 10:31:16] [    6.479121][  T407] tcl_vdf: vdf_send_task run..
[2026/09/11 10:31:16] modprobe: alias lines in modules.alias must have 3 entries, not 5
[2026/09/11 10:31:16] modprobe: alias lines in modules.alias must have 3 entries, not 5
[2026/09/11 10:31:16] modprobe: alias lines in modules.alias must have 3 entries, not 4
[2026/09/11 10:31:16] modprobe: alias lines in modules.alias must have 3 entries, not 7
[2026/09/11 10:31:16] modprobe: alias lines in modules.alias must have 3 entries, not 5
[2026/09/11 10:31:16] modprobe: alias lines in modules.alias must have 3 entries, not 4
[2026/09/11 10:31:16] modprobe: alias lines in modules.alias must have 3 entries, not 4
[2026/09/11 10:31:16] modprobe: alias lines in modules.alias must have 3 entries, not 6
[2026/09/11 10:31:16] modprobe: alias lines in modules.alias must have 3 entries, not 5
[2026/09/11 10:31:16] modprobe: alias lines in modules.alias must have 3 entries, not 5
[2026/09/11 10:31:16] modprobe: alias lines in modules.alias must have 3 entries, not 4
[2026/09/11 10:31:16] modprobe: alias lines in modules.alias must have 3 entries, not 5
[2026/09/11 10:31:16] modprobe: alias lines in modules.alias must have 3 entries, not 5
[2026/09/11 10:31:16] modprobe: alias lines in modules.alias must have 3 entries, not 5
[2026/09/11 10:31:16] modprobe: alias lines in modules.alias must have 3 ent[    6.700770][  T413] [austin_demod_dd][demod_probe] name = [austin_demod]
[2026/09/11 10:31:16] ries, not 6
[2026/09/11 10:31:16] mod[    6.708835][  T413] [demod_probe][120] austin_dev->client->addr = 0x79
[2026/09/11 10:31:16] probe: alias lin[    6.716869][  T413] [austin_chk_exist][74] ret -121, --- 0 9 3 2
[2026/09/11 10:31:16] es in modules.alias must have 3 entries, not 5
[2026/09/11 10:31:16] modprobe: alias lines in modules.alias must have 3 entries, not 4
[2026/09/11 10:31:16] Loading module /vendor/lib/modules/spi-mtkdtv-ci.ko with args ''
[2026/09/11 10:31:16] Loaded kernel module /vendor/lib/modules/spi-mtkdtv-ci.ko
[2026/09/11 10:31:16] [    6.826110][  T413] [mdbgin_merak_demod_dd][mtk_demod_custom_file_open][2503] __entry__
[2026/09/11 10:31:16] [    6.834156][  T413] [mtk_demod_custom_file_open][2542] CUSTOM_EQ_TYPE7
[2026/09/11 10:31:16] [    6.840887][  T413] [mtk_demod_custom_file_open][2554] custom file open fail !
[2026/09/11 10:31:16] [    6.848192][  T413] 1ce00000.mtk-demod is already registered, pass it
[2026/09/11 10:31:17] [    7.413478][  T411] drv_hwreg_srccap_hdmirx_attach b_attach = 1
[2026/09/11 10:31:17] [    7.413481][  T411] drv_hwreg_srccap_hdmirx_attach size = 1
[2026/09/11 10:31:17] [    7.419433][  T411] hal_hwreg_srccap_hdmirx_ops_array[0].hw_version = 6
[2026/09/11 10:31:17] [    7.433984][  T411] u32_addr_min = eb00
[2026/09/11 10:31:17] [    7.438355][  T411] u32_addr_max = ebf0
[2026/09/11 10:31:17] modprobe: alias lines in modules.alias must have 3 entries, not 5
[2026/09/11 10:31:17] modprobe: alias lines in modules.alias must have 3 entries, not 5
[2026/09/11 10:31:17] modprobe: alias lines in modules.alias must have 3 entries[    7.665829][  T122] kallsyms_lookup_name with kp ffffffc00822d4dc,ret=0
[2026/09/11 10:31:17] , not 4
[2026/09/11 10:31:17] modprob[    7.673240][  T122] stall_debug: chip id 0
[2026/09/11 10:31:17] e: alias lines in modules.alias must have 3 entries, not 7
[2026/09/11 10:31:17] modp[    7.682856][  T122] stall_debug: hook sysrq-c OK
[2026/09/11 10:31:17] robe: alias line[    7.688455][  T160] current tty: ttyS0, irq: 22
[2026/09/11 10:31:17] s in modules.ali[    7.695087][  T122] stall_debug: alloc 1000 memory ok
[2026/09/11 10:31:17] as must have 3 entries, not 5
[2026/09/11 10:31:17] modprobe: alias lines in modules.alias must have 3 entries, not 4
[2026/09/11 10:31:17] modprobe: alias lines in modules.alias must have 3 entries, not 4
[2026/09/11 10:31:17] modprobe: alias lines in modules.alias must have 3 entries, not 6
[2026/09/11 10:31:17] modprobe: alias lines in[    7.723612][  T122] kallsyms_lookup_name with kp ffffffc00822d4dc,ret=0
[2026/09/11 10:31:17] modules.alias must have 3 entries, not 5
[2026/09/11 10:31:17] modprobe: alias lines in modules.alias must have 3 en[    7.738647][  T486] stall_debug: rd_pid_max is 32768
[2026/09/11 10:31:17] tries, not 5
[2026/09/11 10:31:17] mo[    7.743931][  T486] stall_debug: ptr_task_scs=ffffffc00d591000,size=40000
[2026/09/11 10:31:17] dprobe: alias lines in modules.alias must have 3 entries, not 4
[2026/09/11 10:31:17] modprobe: alias[    7.757469][  T122] kallsyms_lookup_name with kp ffffffc00822d4dc,ret=0
[2026/09/11 10:31:17] lines in modules.alias must hav[    7.767130][  T122] die_helper: log_buf is from ffffffc00a8f0060,len 20000
[2026/09/11 10:31:17] e 3 entries, not[    7.775244][  T122] die_helper: log_buf pa is from 0x00000000288f0060,len 20000
[2026/09/11 10:31:17] 5
[2026/09/11 10:31:17] modprobe: alias lines in modules.alias must have 3 entries, not 5
[2026/09/11 10:31:17] modprobe: alias lines in modules.alias must have 3 entries, not 5
[2026/09/11 10:31:17] modprobe: alias lines in modules.alias must have 3 entries, not 6
[2026/09/11 10:31:17] modprobe: alias lines in modules.alias must have 3 entries, not 5
[2026/09/11 10:31:17] [    7.786256][  T160] current tty: ttyS0, irq: 22
[2026/09/11 10:31:17] modprobe: alias lines in modules.alias must have 3 entries, not 4
[2026/09/11 10:31:17] Loading module /vendor/lib/modules/mtktv-regulator-mt5876.ko with args ''
[2026/09/11 10:31:17] Loaded kernel module /vendor/lib/modules/mtktv-regulator-mt5876.ko
[2026/09/11 10:31:17] Loading module /vendor/lib/modules/mtktv-thermal.ko with args ''
[2026/09/11 10:31:17] Loading module /vendor/lib/modules/mtktv-cpufreq-ca.ko with args ''
[2026/09/11 10:31:17] Loaded kernel module /v[    7.843135][  T486] stall_debug: enable ip record by scs OK
[2026/09/11 10:31:17] endor/lib/modules/mtktv-cpufreq-ca.ko
[2026/09/11 10:31:17] Loading module /vendor/lib/modules/mtktv-cpufreq.ko with args ''
[2026/09/11 10:31:17] Loaded kernel module /vendor/lib/modules/mtktv-cpufreq.ko
[2026/09/11 10:31:17] Loading module /vendor/lib/modules/mtk-dramc.ko with args ''
[2026/09/11 10:31:17] Loading module /vendor/lib/modules/mtk-mediator.ko with args ''
[2026/09/11 10:31:17] Loading module /vendor/lib/modules/cpu-freq-adapter.ko with args ''
[2026/09/11 10:31:17] Loaded kernel module /vendor/lib/modules/cpu-freq-adapter.ko
[2026/09/11 10:31:17] Loading module /vendor/lib/modules/mtktv-gpu-thermal.ko with args ''
[2026/09/11 10:31:17] Loaded kernel module /vendor/lib/modules/mtktv-gpu-thermal.ko
[2026/09/11 10:31:18] [    9.01064
[2026/09/11 10:31:18] 7][  T622] watchdog: watchdog0: watchdog did not stop!
[2026/09/11 10:31:19] [    9.309092][  T655] watchdog: watchdog0: watchdog did not stop!
[2026/09/11 10:31:19] CPU_AUDIO is running!
[2026/09/11 10:31:19] [9603497][_cpuAudio_ALSA_Driver_GetCardInfo][198]to open /proc/asound/cards
[2026/09/11 10:31:19] [9603732][_cpuAudio_ALSA_Driver_GetCardInfo][225]Available Sound Cards:[
[2026/09/11 10:31:19] 0 [mtktvsndcard   ]: mtk-tvsnd-card - mtk-tvsnd-card
[2026/09/11 10:31:19] MTK-TV-SOUND-ASOC-AUDIO-DRV
[2026/09/11 10:31:19] 1 [Loopback       ]: Loopback - Loopback
[2026/09/11 10:31:19] Loopback 1
[2026/09/11 10:31:19] 2 [vocsndcard     ]: vocsndcard - vocsndcard
[2026/09/11 10:31:19] vocsndcard 1
[2026/09/11 10:31:19] 3 [mtkaloopsndcard]: mtkaloopsndcard - mtkaloopsndcard
[2026/09/11 10:31:19] mtkaloopsndcard 1
[2026/09/11 10:31:19] ]
[2026/09/11 10:31:19] [9603778][_cpuAudio_ALSA_Driver_GetCardInfo][239]index of mtktvsndcard : 0
[2026/09/11 10:31:19] [9603786][_cpuAudio_ALSA_Driver_GetCardInfo][254]mtktvsndcard : /dev/snd/controlC0
[2026/09/11 10:31:19] [9603803][_cpuAudio_ALSA_Driver_GetCardInfo][273]close /proc/asound/cards done
[2026/09/11 10:31:19] [9603899][_cpuAudio_ALSA_Driver_GetKcontolId][400]pKControl:Utopia controls,fd:3,elist.count:40
[2026/09/11 10:31:19] [9603910][_cpuAudio_ALSA_Driver_GetKcontolId][403]MM RATE
[2026/09/11 10:31:19] [9603916][_cpuAudio_ALSA_Driver_GetKcontolId][403]MM GET PB BUF LEVEL
[2026/09/11 10:31:19] [9603921][_cpuAudio_ALSA_Driver_GetKcontolId][403]MM GET CAP BUF LEVEL
[2026/09/11 10:31:19] [9603926][_cpuAudio_ALSA_Driver_GetKcontolId][403]Duplex mm controls
[2026/09/11 10:31:19] [9603931][_cpuAudio_ALSA_Driver_GetKcontolId][403]Capture MUTE EVENT
[2026/09/11 10:31:19] [9603936][_cpuAudio_ALSA_Driver_GetKcontolId][403]Capture NONPCM EVENT
[2026/09/11 10:31:19] [9603941][_cpuAudio_ALSA_Driver_GetKcontolId][403]Capture NONPCM FLAG
[2026/09/11 10:31:19] [9603946][_cpuAudio_ALSA_Driver_GetKcontolId][403]Capture FASTLOCK MODE
[2026/09/11 10:31:19] [9603951][_cpuAudio_ALSA_Driver_GetKcontolId][403]Capture TIMESTAMP
[2026/09/11 10:31:19] [9603956][_cpuAudio_ALSA_Driver_GetKcontolId][403]Capture controls
[2026/09/11 10:31:19] [9603961][_cpuAudio_ALSA_Driver_GetKcontolId][403]DSP Reload
[2026/09/11 10:31:19] [9603965][_cpuAudio_ALSA_Driver_GetKcontolId][403]Utopia controls
[2026/09/11 10:31:19] [9603971][_cpuAudio_ALSA_Driver_GetKcontolId][407]got Kcontrol[Utopia controls] at id[12]
[2026/09/11 10:31:19] [9603994][cpuAudio_ALSA_Driver_Init][690]Audio memory size(0x2E57000) phyAudioBase(0x200000) busAudioBase(0x20200000)
[2026/09/11 10:31:19] [9608643][_cpuAudio_ALSA_Driver_InitPcmDevice][301]Opening PCM device node=0/2, period=11863/1024, format=2/48000/0
[2026/09/11 10:31:19] [9609404][cpuAudio_ALSA_Driver_Init][701]phyAudioBase(0x200000) => UserVirtualAddr(0xedee9000)
[2026/09/11 10:31:19] [9619574][cpuAudio_getInfo][562][1;35m cpuAudio[Info](thread-name:)(pid:0)(tid:0) [0m
[2026/09/11 10:31:19] [9619628][cpuAudio_getInfo][566][1;35m cpuAudio[decR2:0x2396,sndR2:0xd264][Version](0x20) [0m
[2026/09/11 10:31:19] [cpuAudio_createPostprocessMonitorThread][370]armAudio_postprocessrMonitor_ver: 0xff20 thread created successfully
[2026/09/11 10:31:19] [cpuAudio_postprocess_init][16] dec_base(edee9000) DEC_R2_SHM_DDR_OFFSET(0x1911000) snd_base(ef0a9000) SND_R2_SHM_DDR_OFFSET(0x753000) p_decR2_shm(0xef7fa000) p_sndR2_shm(0xef7fc000)
[2026/09/11 10:31:19] [1;35m [cpuAudioPostProcess_main][327]Enter while(1) loop. [0m
[2026/09/11 10:31:19] [    9.895392][  T742] [mzc] init done
[2026/09/11 10:31:20] [   10.6613
[2026/09/11 10:31:20] 45][  T472] ir set boot status to 5.
[2026/09/11 10:31:20] [   10.865438][  T521] PowerHAL: [AT][AN][DC finish boo
[2026/09/11 10:31:20] t]
[2026/09/11 10:31:22] factory auto test loop start
[2026/09/11 10:31:22]  

[END] 2026/09/11 10:31:51
