[BEGIN] 2026/09/11 10:44:11
[2026/09/11 10:44:15] 发送(hex): 0d
[2026/09/11 10:44:15] 发送(hex): 20
[2026/09/11 10:44:15] 发送(hex): 03
[2026/09/11 10:44:15] 发送(hex): 0d
[2026/09/11 10:44:15] 发送(hex): 20
[2026/09/11 10:44:15] 发送(hex): 03
[2026/09/11 10:44:15] 发送(hex): 0d
[2026/09/11 10:44:15] 发送(hex): 20
[2026/09/11 10:44:15] 发送(hex): 03
[2026/09/11 10:44:15] 发送(hex): 0d
[2026/09/11 10:44:15] 发送(hex): 20
[2026/09/11 10:44:15] 发送(hex): 03
[2026/09/11 10:44:15] 发送(hex): 0d
[2026/09/11 10:44:15] 发送(hex): 20
[2026/09/11 10:44:15] 发送(hex): 03
[2026/09/11 10:44:15] 发送(hex): 0d
[2026/09/11 10:44:15] 发送(hex): 20
[2026/09/11 10:44:15] 发送(hex): 03
[2026/09/11 10:44:15] 发送(hex): 0d
[2026/09/11 10:44:15] 发送(hex): 20
[2026/09/11 10:44:15] 发送(hex): 03
[2026/09/11 10:44:15] 发送(hex): 0d
[2026/09/11 10:44:15] 发送(hex): 20
[2026/09/11 10:44:15] 发送(hex): 03
[2026/09/11 10:44:15] 发送(hex): 0d
[2026/09/11 10:44:15] 发送(hex): 20
[2026/09/11 10:44:15] 发送(hex): 03
[2026/09/11 10:44:15] 发送(hex): 0d
[2026/09/11 10:44:15] 发送(hex): 20
[2026/09/11 10:44:15] 发送(hex): 03
[2026/09/11 10:44:15] 发送(hex): 0d
[2026/09/11 10:44:15] 发送(hex): 20
[2026/09/11 10:44:15] 发送(hex): 03
[2026/09/11 10:44:15] 发送(hex): 0d
[2026/09/11 10:44:15] 发送(hex): 20
[2026/09/11 10:44:15] 发送(hex): 03
[2026/09/11 10:44:15] 发送(hex): 0d
[2026/09/11 10:44:15] 发送(hex): 20
[2026/09/11 10:44:15] 发送(hex): 03
[2026/09/11 10:44:15] 发送(hex): 0d
[2026/09/11 10:44:15] 发送(hex): 20
[2026/09/11 10:44:15] 发送(hex): 03
[2026/09/11 10:44:15] 发送(hex): 0d
[2026/09/11 10:44:15] UART
[2026/09/11 10:44:15] 发送(hex): 20
[2026/09/11 10:44:15] <.
[2026/09/11 10:44:15] AC_ON
[2026/09/11 10:44:15] 发送(hex): 03
[2026/09/11 10:44:15] 发送(hex): 0d
[2026/09/11 10:44:15] 发送(hex): 20
[2026/09/11 10:44:15] 发送(hex): 03
[2026/09/11 10:44:15] 发送(hex): 0d
[2026/09/11 10:44:15] 发送(hex): 20
[2026/09/11 10:44:15] 发送(hex): 03
[2026/09/11 10:44:15] 发送(hex): 0d
[2026/09/11 10:44:15] 发送(hex): 20
[2026/09/11 10:44:16] 发送(hex): 03
[2026/09/11 10:44:16] 发送(hex): 0d
[2026/09/11 10:44:16] 发送(hex): 20
[2026/09/11 10:44:16] HASH1_VERSION=0x00
[2026/09/11 10:44:16] 发送(hex): 03
[2026/09/11 10:44:16] 发送(hex): 0d
[2026/09/11 10:44:16] 发送(hex): 20
[2026/09/11 10:44:16] 000000 64bit
[2026/09/11 10:44:16] E-A
[2026/09/11 10:44:16] [ETT_Main] Clock MPLL Init
[2026/09/11 10:44:16] [ETT_Main]MIU_ver 20260417-11996427-OneBin-V20.4-RefineWDTNew
[2026/09/11 10:44:16] [DRAMC] AC ON-0
[2026/09/11 10:44:16] [FAST_K]
[2026/09/11 10:44:16] [MOBF] Gen SW key
[2026/09/11 10:44:16] 发送(hex): 03
[2026/09/11 10:44:16] 发送(hex): 0d
[2026/09/11 10:44:16] 发送(hex): 20
[2026/09/11 10:44:16] C
[2026/09/11 10:44:16] 发送(hex): 03
[2026/09/11 10:44:16] 发送(hex): 0d
[2026/09/11 10:44:16] H0 DramsizeFlag_CH0 DUMMY_REG = 0x1
[2026/09/11 10:44:16] dramc_channel0 restore dramsize_flag = 0x1
[2026/09/11 10:44:16] [FAST_K]
[2026/09/11 10:44:16] 发送(hex): 20
[2026/09/11 10:44:16] 发送(hex): 03
[2026/09/11 10:44:16] 发送(hex): 0d
[2026/09/11 10:44:16] 发送(hex): 20
[2026/09/11 10:44:16] 发送(hex): 03
[2026/09/11 10:44:16] 发送(hex): 0d
[2026/09/11 10:44:16] 发送(hex): 20
[2026/09/11 10:44:16] 发送(hex): 03
[2026/09/11 10:44:16] CH2 DramsizeFlag_CH2 DUMMY_REG = 0x0
[2026/09/11 10:44:16] dramc_channel2 restore dramsize_flag = 0x0
[2026/09/11 10:44:16] dispatch to 1 EMI 2 CH
[2026/09/11 10:44:16] MIUP set area: 3GB
[2026/09/11 10:44:16] EMI bist: [32mM0 pass[0m
[2026/09/11 10:44:16] EMI bist: [32mM2 pass[0m
[2026/09/11 10:44:16] fake engine: [32mpass[00000000][0m
[2026/09/11 10:44:16] fake engine: [32mpass[00000001][0m
[2026/09/11 10:44:16] u4dram_info=0x2406
[2026/09/11 10:44:16] TEELOADER_VERSION=0x00000000
[2026/09/11 10:44:16] 发送(hex): 0d
[2026/09/11 10:44:16] 发送(hex): 20
[2026/09/11 10:44:16] optee teeloader entry
[2026/09/11 10:44:16] MultiOptee image detected,
[2026/09/11 10:44:16] 发送(hex): 03
[2026/09/11 10:44:16] ModelID=17B06E0B
[2026/09/11 10:44:16] 发送(hex): 0d
[2026/09/11 10:44:16] 发送(hex): 20
[2026/09/11 10:44:16] MultiOptee image detected, ModelID=17B06E0B
[2026/09/11 10:44:16] 发送(hex): 03
[2026/09/11 10:44:16] 发送(hex): 0d
[2026/09/11 10:44:16] 发送(hex): 20
[2026/09/11 10:44:16] 发送(hex): 03
[2026/09/11 10:44:16] CusConfig
[2026/09/11 10:44:16] 发送(hex): 0d
[2026/09/11 10:44:16] 发送(hex): 20
[2026/09/11 10:44:16] ARMFW_VERSION=0x00000000
[2026/09/11 10:44:16] OPTEE_VERSION=0x00000000
[2026/09/11 10:44:16] OPTEECUST_VERSION=0x00000000
[2026/09/11 10:44:16] REELOADER_VERSION=0x00000000
[2026/09/11 10:44:16] 发送(hex): 03
[2026/09/11 10:44:16] 发送(hex): 0d
[2026/09/11 10:44:16] 发送(hex): 20
[2026/09/11 10:44:16] 发送(hex): 03
[2026/09/11 10:44:16] ns_uboot_boot
[2026/09/11 10:44:16] NOTICE:  BL31: v2.4(debug):f102f7cc7
[2026/09/11 10:44:16] NOTICE:  BL31: Built : 20:53:08, Jul 17 2026
[2026/09/11 10:44:16] INFO:    BL31: Initializing runtime services
[2026/09/11 10:44:16] INFO:    BL31: Initializing BL32
[2026/09/11 10:44:16] [TEE] TRIAL BOOT: 0
[2026/09/11 10:44:16] 发送(hex): 0d
[2026/09/11 10:44:16] 发送(hex): 20
[2026/09/11 10:44:16] 发送(hex): 03
[2026/09/11 10:44:16] 发送(hex): 0d
[2026/09/11 10:44:16] 发送(hex): 20
[2026/09/11 10:44:16] 发送(hex): 03
[2026/09/11 10:44:16] [DynRamlog] wait for configuring by tee driver
[2026/09/11 10:44:16] 发送(hex): 0d
[2026/09/11 10:44:16] 发送(hex): 20
[2026/09/11 10:44:16] 发送(hex): 03
[2026/09/11 10:44:16] INFO:    BL31: Preparing for EL3 exit to normal world
[2026/09/11 10:44:16] INFO:    Entry point address = 0x20100010
[2026/09/11 10:44:16] ree_entry
[2026/09/11 10:44:16] Check WDT....
[2026/09/11 10:44:16] UBOOT_VERSION=0x00000000
[2026/09/11 10:44:16] 发送(hex): 0d
[2026/09/11 10:44:16] 发送(hex): 20
[2026/09/11 10:44:16] 发送(hex): 03
[2026/09/11 10:44:16] 发送(hex): 0d
[2026/09/11 10:44:16] 发送(hex): 20
[2026/09/11 10:44:16] 发送(hex): 03
[2026/09/11 10:44:16] 发送(hex): 0d
[2026/09/11 10:44:16] 发送(hex): 20
[2026/09/11 10:44:16] 发送(hex): 03
[2026/09/11 10:44:16] 发送(hex): 0d
[2026/09/11 10:44:16] 发送(hex): 20
[2026/09/11 10:44:16] 发送(hex): 03
[2026/09/11 10:44:16] 发送(hex): 0d
[2026/09/11 10:44:16] 发送(hex): 20
[2026/09/11 10:44:16] 发送(hex): 03
[2026/09/11 10:44:16] 发送(hex): 0d
[2026/09/11 10:44:16] 发送(hex): 20
[2026/09/11 10:44:16] 发送(hex): 03
[2026/09/11 10:44:16] 发送(hex): 0d
[2026/09/11 10:44:16] 发送(hex): 20
[2026/09/11 10:44:16] 发送(hex): 03
[2026/09/11 10:44:16] 发送(hex): 0d
[2026/09/11 10:44:16] 发送(hex): 20
[2026/09/11 10:44:16] 发送(hex): 03
[2026/09/11 10:44:16] 发送(hex): 0d
[2026/09/11 10:44:16] 发送(hex): 20
[2026/09/11 10:44:16] U-Boot2019.04-g23c3f665-dirty (Aug 23 2026 - 20:57:54 +0800)
[2026/09/11 10:44:16] Model: MediaTek MT5896 RFB
[2026/09/11 10:44:16] DRAM:  3 GiB
[2026/09/11 10:44:16] 发送(hex): 03
[2026/09/11 10:44:16] 发送(hex): 0d
[2026/09/11 10:44:16] 发送(hex): 20
[2026/09/11 10:44:16] 发送(hex): 03
[2026/09/11 10:44:16] 发送(hex): 0d
[2026/09/11 10:44:16] 发送(hex): 20
[2026/09/11 10:44:16] 发送(hex): 03
[2026/09/11 10:44:16] 发送(hex): 0d
[2026/09/11 10:44:16] 发送(hex): 20
[2026/09/11 10:44:16] 发送(hex): 03
[2026/09/11 10:44:16] 发送(hex): 0d
[2026/09/11 10:44:16] 发送(hex): 20
[2026/09/11 10:44:16] 发送(hex): 03
[2026/09/11 10:44:16] 发送(hex): 0d
[2026/09/11 10:44:16] MMC:   mtk-mmc-fcie@1c660000: 0
[2026/09/11 10:44:16] 发送(hex): 20
[2026/09/11 10:44:16] 发送(hex): 03
[2026/09/11 10:44:16] 发送(hex): 0d
[2026/09/11 10:44:16] 发送(hex): 20
[2026/09/11 10:44:16] 发送(hex): 03
[2026/09/11 10:44:16] 发送(hex): 0d
[2026/09/11 10:44:16] 发送(hex): 20
[2026/09/11 10:44:16] Loading Environment from EXT4
[2026/09/11 10:44:16] 发送(hex): 03
[2026/09/11 10:44:16] 发送(hex): 0d
[2026/09/11 10:44:16] ... OK
[2026/09/11 10:44:16] 发送(hex): 20
[2026/09/11 10:44:16] 发送(hex): 03
[2026/09/11 10:44:17] 发送(hex): 0d
[2026/09/11 10:44:17] 发送(hex): 20
[2026/09/11 10:44:17] 发送(hex): 03
[2026/09/11 10:44:17] 发送(hex): 0d
[2026/09/11 10:44:17] 发送(hex): 20
[2026/09/11 10:44:17] 发送(hex): 03
[2026/09/11 10:44:17] 发送(hex): 0d
[2026/09/11 10:44:17] 发送(hex): 20
[2026/09/11 10:44:17] [0;31m[ERROR] get_data
[2026/09/11 10:44:17] 发送(hex): 03
[2026/09/11 10:44:17] 发送(hex): 0d
[2026/09/11 10:44:17] 发送(hex): 20
[2026/09/11 10:44:17] 发送(hex): 03
[2026/09/11 10:44:17] _separation_info:254: [0m[data spr][start:1300][end:1308][total time:8]
[2026/09/11 10:44:17] [0;31m[ERROR] get_partition_info:394: [0mCan not find corresponding suffixed partition name:factory_preset_a !!!
[2026/09/11 10:44:17] [0;31m[ERROR] get_pid_from_preset_partition:1495: [0mError: sys_get_storage_info from factory_preset failure
[2026/09/11 10:44:17] 发送(hex): 0d
[2026/09/11 10:44:17] 发送(hex): 20
[2026/09/11 10:44:17] 发送(hex): 03
[2026/09/11 10:44:17] 发送(hex): 0d
[2026/09/11 10:44:17] 发送(hex): 20
[2026/09/11 10:44:17] 发送(hex): 03
[2026/09/11 10:44:17] 发送(hex): 0d
[2026/09/11 10:44:17] 发送(hex): 20
[2026/09/11 10:44:17] 发送(hex): 03
[2026/09/11 10:44:17] 发送(hex): 0d
[2026/09/11 10:44:17] [0;31m[ERROR] parse_tcl_ffvoic
[2026/09/11 10:44:17] 发送(hex): 20
[2026/09/11 10:44:17] 发送(hex): 03
[2026/09/11 10:44:17] 发送(hex): 0d
[2026/09/11 10:44:17] e_lednum:1124: [0mdrive_item is not exist!
[2026/09/11 10:44:17] [0;31m[ERROR] parse_tcl_ffvoice_lednum:1144: [0muse default ffvoice lednum: 4!!!
[2026/09/11 10:44:17] 发送(hex): 20
[2026/09/11 10:44:17] 发送(hex): 03
[2026/09/11 10:44:17] 发送(hex): 0d
[2026/09/11 10:44:17] 发送(hex): 20
[2026/09/11 10:44:17] [0;31m[ERROR] parse_tcl_led_stagespacetime:1019: [0mdrive_item is not exist!
[2026/09/11 10:44:17] [0;31m[ERROR] parse_tcl_led_stagespacetime:1039: [0muse default_ledstage: 0!!!
[2026/09/11 10:44:17] [0;31m[ERROR] parse_tcl_led_stagespacetime:1041: [0mset uenv led_stagespace : 0
[2026/09/11 10:44:17] 发送(hex): 03
[2026/09/11 10:44:17] 发送(hex): 0d
[2026/09/11 10:44:17] device properties match:sid = "104"
[2026/09/11 10:44:17] 发送(hex): 20
[2026/09/11 10:44:17] 发送(hex): 03
[2026/09/11 10:44:17] 发送(hex): 0d
[2026/09/11 10:44:17] 发送(hex): 20
[2026/09/11 10:44:17] 发送(hex): 03
[2026/09/11 10:44:17] [0;31m[ERROR] get_data_separation_info:270: [0mRead ini file success !
[2026/09/11 10:44:17] 发送(hex): 0d
[2026/09/11 10:44:17] 发送(hex): 20
[2026/09/11 10:44:17] 发送(hex): 03
[2026/09/11 10:44:17] [0;31m[ERROR] To_parse_tcl_standby_qhb_support:234: [0mtcl_env_qhb = 0 or null or other,not support TCL  QHB
[2026/09/11 10:44:17] 发送(hex): 0d
[2026/09/11 10:44:17] 发送(hex): 20
[2026/09/11 10:44:17] 发送(hex): 03
[2026/09/11 10:44:17] 发送(hex): 0d
[2026/09/11 10:44:17] 发送(hex): 20
[2026/09/11 10:44:17] 发送(hex): 03
[2026/09/11 10:44:17] 发送(hex): 0d
[2026/09/11 10:44:17] 发送(hex): 20
[2026/09/11 10:44:17] 发送(hex): 03
[2026/09/11 10:44:17] 发送(hex): 0d
[2026/09/11 10:44:17] 发送(hex): 20
[2026/09/11 10:44:17] 发送(hex): 03
[2026/09/11 10:44:17] 发送(hex): 0d
[2026/09/11 10:44:17] 发送(hex): 20
[2026/09/11 10:44:17] 发送(hex): 03
[2026/09/11 10:44:17] 发送(hex): 0d
[2026/09/11 10:44:17] 发送(hex): 20
[2026/09/11 10:44:17] 发送(hex): 03
[2026/09/11 10:44:17] 发送(hex): 0d
[2026/09/11 10:44:17] 发送(hex): 20
[2026/09/11 10:44:17] 发送(hex): 03
[2026/09/11 10:44:17] 发送(hex): 0d
[2026/09/11 10:44:17] 发送(hex): 20
[2026/09/11 10:44:17] 发送(hex): 03
[2026/09/11 10:44:17] 发送(hex): 0d
[2026/09/11 10:44:17] [0;31m[ERROR] dataindex_dtbo_overlay:644: [0m[DATAINDEX DTBO LOAD][start:1792][end:1880][total time:88]
[2026/09/11 10:44:17] 发送(hex): 20
[2026/09/11 10:44:17] Model: MediaTek MT5896 RFB
[2026/09/11 10:44:17] Net:
[2026/09/11 10:44:17] 发送(hex): 03
[2026/09/11 10:44:17] 发送(hex): 0d
[2026/09/11 10:44:17] 发送(hex): 20
[2026/09/11 10:44:17] 发送(hex): 03
[2026/09/11 10:44:17] 发送(hex): 0d
[2026/09/11 10:44:17] eth0: ethernet@1c700000
[2026/09/11 10:44:17] 发送(hex): 20
[2026/09/11 10:44:17] 发送(hex): 03
[2026/09/11 10:44:17] 发送(hex): 0d
[2026/09/11 10:44:17] 发送(hex): 20
[2026/09/11 10:44:17] 发送(hex): 03
[2026/09/11 10:44:17] 发送(hex): 0d
[2026/09/11 10:44:17] 发送(hex): 20
[2026/09/11 10:44:17] 发送(hex): 03
[2026/09/11 10:44:17] 发送(hex): 0d
[2026/09/11 10:44:17] 发送(hex): 20
[2026/09/11 10:44:17] 发送(hex): 03
[2026/09/11 10:44:17] Booting(Working) pLedMode = LED_ON,pLightRate=80
[2026/09/11 10:44:17] slot:0 slot retry:0 a_corrupt:0 b_corrupt:0 successful:[1:0]
[2026/09/11 10:44:17] 00000000: 00 00 00 00 00 00 00 00 00 00 00 00 00 00 00 00    ................
[2026/09/11 10:44:17] 00000010: 00 00 00 00 00 00 00 00 00 00 00 00 00 00 00 00    ................
[2026/09/11 10:44:17] [0;31m[ERROR] get_boot_mode_from_partition:358: [0mdump  failed
[2026/09/11 10:44:17] androidboot boot reason = ac
[2026/09/11 10:44:17] Reboot reason == PM_BR_AC
[2026/09/11 10:44:17] upgrade status:done
[2026/09/11 10:44:17] [0;31m[ERROR] standby_mode_enter_standby:187: [0m[panic case]: no panic occur, normal deal
[2026/09/11 10:44:17] Normal booting mode!
[2026/09/11 10:44:17] 发送(hex): 0d
[2026/09/11 10:44:17] 发送(hex): 20
[2026/09/11 10:44:17] 发送(hex): 03
[2026/09/11 10:44:17] 发送(hex): 0d
[2026/09/11 10:44:17] 发送(hex): 20
[2026/09/11 10:44:17] 发送(hex): 03
[2026/09/11 10:44:17] [wei] mtk_panel_probe 991, PANEL LIB VER 5
[2026/09/11 10:44:17] [wei] BOOT_PNL_VERSION OLD
[2026/09/11 10:44:17] [0;31m[ERROR] standby_mode_enter_qhb:274: [0mThis PID   unsupport  TCL QHB !!!
[2026/09/11 10:44:17] 发送(hex): 0d
[2026/09/11 10:44:17] 发送(hex): 20
[2026/09/11 10:44:17] 发送(hex): 03
[2026/09/11 10:44:17] 发送(hex): 0d
[2026/09/11 10:44:17] 发送(hex): 20
[2026/09/11 10:44:17] 发送(hex): 03
[2026/09/11 10:44:18] 发送(hex): 0d
[2026/09/11 10:44:18] [0;31m[ERROR] mtk_panel_init_device:998: [0m[BEFORE DEMURA][start:2118][end:2157][total time:39]
[2026/09/11 10:44:18] [0;31m[ERROR] mtk_panel_enable:1149: [0m
[2026/09/11 10:44:18] ---mtk_panel_enable:1149 Set mtk_panel_enable DelayTask 7
[2026/09/11 10:44:18] Hit any key to stop autoboot:  0  0
[2026/09/11 10:44:18] jump to console
[2026/09/11 10:44:18] disable DRM
[2026/09/11 10:44:18] =>  <INTERRUPT>
[2026/09/11 10:44:18] =>
[2026/09/11 10:44:18] =>  <INTERRUPT>
[2026/09/11 10:44:18] =>
[2026/09/11 10:44:18] =>  <INTERRUPT>
[2026/09/11 10:44:18] =>
[2026/09/11 10:44:18] =>  <INTERRUPT>
[2026/09/11 10:44:18] =>
[2026/09/11 10:44:18] =>  <INTERRUPT>
[2026/09/11 10:44:18] =>
[2026/09/11 10:44:18] =>  <INTERRUPT>
[2026/09/11 10:44:18] =>
[2026/09/11 10:44:18] =>  <INTERRUPT>
[2026/09/11 10:44:18] =>
[2026/09/11 10:44:18] =>  <INTERRUPT>
[2026/09/11 10:44:18] =>
[2026/09/11 10:44:18] =>  <INTERRUPT>
[2026/09/11 10:44:18] =>
[2026/09/11 10:44:18] =>  <INTERRUPT>
[2026/09/11 10:44:18] =>
[2026/09/11 10:44:18] =>  <INTERRUPT>
[2026/09/11 10:44:18] =>
[2026/09/11 10:44:18] =>  <INTERRUPT>
[2026/09/11 10:44:18] =>
[2026/09/11 10:44:18] 发送(hex): 20
[2026/09/11 10:44:18] 发送(hex): 03
[2026/09/11 10:44:18] =>
[2026/09/11 10:44:18] 发送(hex): 0d
[2026/09/11 10:44:18] <INTERRUPT>
[2026/09/11 10:44:18] =>
[2026/09/11 10:44:18] 发送(hex): 20
[2026/09/11 10:44:18] 发送(hex): 03
[2026/09/11 10:44:18] =>
[2026/09/11 10:44:18] 发送(hex): 0d
[2026/09/11 10:44:18] <INTERRUPT>
[2026/09/11 10:44:18] =>
[2026/09/11 10:44:18] 发送(hex): 20
[2026/09/11 10:44:18] 发送(hex): 03
[2026/09/11 10:44:18] =>
[2026/09/11 10:44:18] 发送(hex): 0d
[2026/09/11 10:44:18] <INTERRUPT>
[2026/09/11 10:44:18] =>
[2026/09/11 10:44:18] 发送(hex): 20
[2026/09/11 10:44:18] 发送(hex): 03
[2026/09/11 10:44:18] =>
[2026/09/11 10:44:18] 发送(hex): 0d
[2026/09/11 10:44:18] <INTERRUPT>
[2026/09/11 10:44:18] =>
[2026/09/11 10:44:18] 发送(hex): 20
[2026/09/11 10:44:18] =>
[2026/09/11 10:44:18] 发送(hex): 03
[2026/09/11 10:44:18] 发送(hex): 0d
[2026/09/11 10:44:18] <INTERRUPT>
[2026/09/11 10:44:18] =>
[2026/09/11 10:44:18] 发送(hex): 20
[2026/09/11 10:44:18] =>
[2026/09/11 10:44:18] 发送(hex): 03
[2026/09/11 10:44:18] 发送(hex): 0d
[2026/09/11 10:44:18] <INTERRUPT>
[2026/09/11 10:44:18] =>
[2026/09/11 10:44:18] 发送(hex): 20
[2026/09/11 10:44:18] =>
[2026/09/11 10:44:18] 发送(hex): 03
[2026/09/11 10:44:18] 发送(hex): 0d
[2026/09/11 10:44:18] <INTERRUPT>
[2026/09/11 10:44:18] =>
[2026/09/11 10:44:18] 发送(hex): 20
[2026/09/11 10:44:18] =>
[2026/09/11 10:44:18] 发送(hex): 03
[2026/09/11 10:44:18] 发送(hex): 0d
[2026/09/11 10:44:18] <INTERRUPT>
[2026/09/11 10:44:18] =>
[2026/09/11 10:44:18] 发送(hex): 20
[2026/09/11 10:44:18] =>
[2026/09/11 10:44:18] 发送(hex): 03
[2026/09/11 10:44:18] 发送(hex): 0d
[2026/09/11 10:44:18] <INTERRUPT>
[2026/09/11 10:44:18] =>
[2026/09/11 10:44:18] 发送(hex): 20
[2026/09/11 10:44:18] =>
[2026/09/11 10:44:18] 发送(hex): 03
[2026/09/11 10:44:18] 发送(hex): 0d
[2026/09/11 10:44:18] <INTERRUP
[2026/09/11 10:44:18] 发送(hex): 20
[2026/09/11 10:44:18] T>
[2026/09/11 10:44:18] =>
[2026/09/11 10:44:18] =>
[2026/09/11 10:44:18] 发送(hex): 03
[2026/09/11 10:44:18] 发送(hex): 0d
[2026/09/11 10:44:18] 发送(hex): 20
[2026/09/11 10:44:18] <INTERRUPT>
[2026/09/11 10:44:18] =>
[2026/09/11 10:44:18] =>
[2026/09/11 10:44:18] 发送(hex): 03
[2026/09/11 10:44:18] 发送(hex): 0d
[2026/09/11 10:44:18] <IN
[2026/09/11 10:44:18] 发送(hex): 20
[2026/09/11 10:44:18] TERRUPT>
[2026/09/11 10:44:18] =>
[2026/09/11 10:44:18] =>
[2026/09/11 10:44:18] 发送(hex): 03
[2026/09/11 10:44:18] 发送(hex): 0d
[2026/09/11 10:44:18] <IN
[2026/09/11 10:44:18] 发送(hex): 20
[2026/09/11 10:44:18] TERRUPT>
[2026/09/11 10:44:18] =>
[2026/09/11 10:44:18] =>
[2026/09/11 10:44:18] 发送(hex): 03
[2026/09/11 10:44:18] 发送(hex): 0d
[2026/09/11 10:44:18] <
[2026/09/11 10:44:18] 发送(hex): 20
[2026/09/11 10:44:18] INTERRUPT>
[2026/09/11 10:44:18] =>
[2026/09/11 10:44:18] =>
[2026/09/11 10:44:18] 发送(hex): 03
[2026/09/11 10:44:18] 发送(hex): 0d
[2026/09/11 10:44:18] <I
[2026/09/11 10:44:18] 发送(hex): 20
[2026/09/11 10:44:18] NTERRUPT>
[2026/09/11 10:44:18] =>
[2026/09/11 10:44:18] =>
[2026/09/11 10:44:18] 发送(hex): 03
[2026/09/11 10:44:18] 发送(hex): 0d
[2026/09/11 10:44:18] 发送(hex): 20
[2026/09/11 10:44:18] <INTERRUPT>
[2026/09/11 10:44:18] =>
[2026/09/11 10:44:18] =>
[2026/09/11 10:44:18] 发送(hex): 03
[2026/09/11 10:44:18] 发送(hex): 0d
[2026/09/11 10:44:18] 发送(hex): 20
[2026/09/11 10:44:18] <INTERRUPT>
[2026/09/11 10:44:18] =>
[2026/09/11 10:44:18] =>
[2026/09/11 10:44:18] 发送(hex): 03
[2026/09/11 10:44:18] 发送(hex): 0d
[2026/09/11 10:44:18] 发送(hex): 20
[2026/09/11 10:44:18] <INTERRUPT>
[2026/09/11 10:44:18] =>
[2026/09/11 10:44:18] =>
[2026/09/11 10:44:18] 发送(hex): 03
[2026/09/11 10:44:18] 发送(hex): 0d
[2026/09/11 10:44:18] 发送(hex): 20
[2026/09/11 10:44:18] <INTERRUPT>
[2026/09/11 10:44:18] =>
[2026/09/11 10:44:18] =>
[2026/09/11 10:44:18] 发送(hex): 03
[2026/09/11 10:44:18] 发送(hex): 0d
[2026/09/11 10:44:18] 发送(hex): 20
[2026/09/11 10:44:18] <INTERRUPT>
[2026/09/11 10:44:18] =>
[2026/09/11 10:44:18] =>
[2026/09/11 10:44:18] 发送(hex): 03
[2026/09/11 10:44:18] 发送(hex): 0d
[2026/09/11 10:44:18] 发送(hex): 20
[2026/09/11 10:44:18] <INTERRUPT>
[2026/09/11 10:44:18] =>
[2026/09/11 10:44:18] =>
[2026/09/11 10:44:18] 发送(hex): 03
[2026/09/11 10:44:18] 发送(hex): 0d
[2026/09/11 10:44:18] <INTERRUPT>
[2026/09/11 10:44:18] =>
[2026/09/11 10:44:18] 发送(hex): 20
[2026/09/11 10:44:18] 发送(hex): 03
[2026/09/11 10:44:18] =>
[2026/09/11 10:44:18] 发送(hex): 0d
[2026/09/11 10:44:18] <INTERRUPT>
[2026/09/11 10:44:18] =>
[2026/09/11 10:44:18] 发送(hex): 20
[2026/09/11 10:44:18] 发送(hex): 03
[2026/09/11 10:44:18] =>
[2026/09/11 10:44:18] 发送(hex): 0d
[2026/09/11 10:44:18] <INTERRUPT>
[2026/09/11 10:44:18] =>
[2026/09/11 10:44:18] 发送(hex): 20
[2026/09/11 10:44:18] 发送(hex): 03
[2026/09/11 10:44:18] =>
[2026/09/11 10:44:18] 发送(hex): 0d
[2026/09/11 10:44:18] <INTERRUPT>
[2026/09/11 10:44:18] =>
[2026/09/11 10:44:18] 发送(hex): 20
[2026/09/11 10:44:18] 发送(hex): 03
[2026/09/11 10:44:18] =>
[2026/09/11 10:44:18] 发送(hex): 0d
[2026/09/11 10:44:18] <INTERRUPT>
[2026/09/11 10:44:18] =>
[2026/09/11 10:44:18] 发送(hex): 20
[2026/09/11 10:44:18] 发送(hex): 03
[2026/09/11 10:44:18] =>
[2026/09/11 10:44:18] 发送(hex): 0d
[2026/09/11 10:44:18] <INTERRUPT>
[2026/09/11 10:44:18] =>
[2026/09/11 10:44:18] 发送(hex): 20
[2026/09/11 10:44:18] 发送(hex): 03
[2026/09/11 10:44:18] =>
[2026/09/11 10:44:18] 发送(hex): 0d
[2026/09/11 10:44:18] <INTERRUPT>
[2026/09/11 10:44:18] =>
[2026/09/11 10:44:18] 发送(hex): 20
[2026/09/11 10:44:18] 发送(hex): 03
[2026/09/11 10:44:18] =>
[2026/09/11 10:44:18] 发送(hex): 0d
[2026/09/11 10:44:18] <INTERRUPT>
[2026/09/11 10:44:18] =>
[2026/09/11 10:44:18] 发送(hex): 20
[2026/09/11 10:44:18] 发送(hex): 03
[2026/09/11 10:44:18] =>
[2026/09/11 10:44:18] 发送(hex): 0d
[2026/09/11 10:44:18] <INTERRUPT>
[2026/09/11 10:44:18] =>
[2026/09/11 10:44:18] 发送(hex): 20
[2026/09/11 10:44:18] 发送(hex): 03
[2026/09/11 10:44:18] =>
[2026/09/11 10:44:19] 发送(hex): 0d
[2026/09/11 10:44:19] <INTERRUPT>
[2026/09/11 10:44:19] =>
[2026/09/11 10:44:19] 发送(hex): 20
[2026/09/11 10:44:19] 发送(hex): 03
[2026/09/11 10:44:19] =>
[2026/09/11 10:44:19] 发送(hex): 0d
[2026/09/11 10:44:19] <INTERRUPT>
[2026/09/11 10:44:19] =>
[2026/09/11 10:44:19] 发送(hex): 20
[2026/09/11 10:44:19] 发送(hex): 03
[2026/09/11 10:44:19] =>
[2026/09/11 10:44:19] 发送(hex): 0d
[2026/09/11 10:44:19] <INTERRUPT>
[2026/09/11 10:44:19] =>
[2026/09/11 10:44:19] 发送(hex): 20
[2026/09/11 10:44:19] 发送(hex): 03
[2026/09/11 10:44:19] =>
[2026/09/11 10:44:19] 发送(hex): 0d
[2026/09/11 10:44:19] <INTERRUPT>
[2026/09/11 10:44:19] =>
[2026/09/11 10:44:19] 发送(hex): 20
[2026/09/11 10:44:19] =>
[2026/09/11 10:44:19] 发送(hex): 03
[2026/09/11 10:44:19] 发送(hex): 0d
[2026/09/11 10:44:19] <INTERRUPT>
[2026/09/11 10:44:19] =>
[2026/09/11 10:44:19] 发送(hex): 20
[2026/09/11 10:44:19] 发送(hex): 03
[2026/09/11 10:44:19] =>
[2026/09/11 10:44:19] 发送(hex): 0d
[2026/09/11 10:44:19] <INTERRUPT>
[2026/09/11 10:44:19] =>
[2026/09/11 10:44:19] 发送(hex): 20
[2026/09/11 10:44:19] 发送(hex): 03
[2026/09/11 10:44:19] =>
[2026/09/11 10:44:19] 发送(hex): 0d
[2026/09/11 10:44:19] <INTERRUPT>
[2026/09/11 10:44:19] =>
[2026/09/11 10:44:19] 发送(hex): 20
[2026/09/11 10:44:19] 发送(hex): 03
[2026/09/11 10:44:19] =>
[2026/09/11 10:44:19] 发送(hex): 0d
[2026/09/11 10:44:19] <INTERRUPT>
[2026/09/11 10:44:19] =>
[2026/09/11 10:44:19] 发送(hex): 20
[2026/09/11 10:44:19] =>
[2026/09/11 10:44:19] 发送(hex): 03
[2026/09/11 10:44:19] 发送(hex): 0d
[2026/09/11 10:44:19] 发送(hex): 20
[2026/09/11 10:44:19] <INTERRUPT>
[2026/09/11 10:44:19] =>
[2026/09/11 10:44:19] =>
[2026/09/11 10:44:19] 发送(hex): 03
[2026/09/11 10:44:19] 发送(hex): 0d
[2026/09/11 10:44:19] 发送(hex): 20
[2026/09/11 10:44:19] <INTERRUPT>
[2026/09/11 10:44:19] =>
[2026/09/11 10:44:19] =>
[2026/09/11 10:44:19] 发送(hex): 03
[2026/09/11 10:44:19] 发送(hex): 0d
[2026/09/11 10:44:19] 发送(hex): 20
[2026/09/11 10:44:19] <INTERRUPT>
[2026/09/11 10:44:19] =>
[2026/09/11 10:44:19] =>
[2026/09/11 10:44:19] 发送(hex): 03
[2026/09/11 10:44:19] 发送(hex): 0d
[2026/09/11 10:44:19] 发送(hex): 20
[2026/09/11 10:44:19] <INTERRUPT>
[2026/09/11 10:44:19] =>
[2026/09/11 10:44:19] =>
[2026/09/11 10:44:19] 发送(hex): 03
[2026/09/11 10:44:19] 发送(hex): 0d
[2026/09/11 10:44:19] 发送(hex): 20
[2026/09/11 10:44:19] <INTERRUPT>
[2026/09/11 10:44:19] =>
[2026/09/11 10:44:19] =>
[2026/09/11 10:44:19] 发送(hex): 03
[2026/09/11 10:44:19] 发送(hex): 0d
[2026/09/11 10:44:19] 发送(hex): 20
[2026/09/11 10:44:19] <INTERRUPT>
[2026/09/11 10:44:19] =>
[2026/09/11 10:44:19] =>
[2026/09/11 10:44:19] 发送(hex): 03
[2026/09/11 10:44:19] 发送(hex): 0d
[2026/09/11 10:44:19] 发送(hex): 20
[2026/09/11 10:44:19] <INTERRUPT>
[2026/09/11 10:44:19] =>
[2026/09/11 10:44:19] =>
[2026/09/11 10:44:19] 发送(hex): 03
[2026/09/11 10:44:19] 发送(hex): 0d
[2026/09/11 10:44:19] 发送(hex): 20
[2026/09/11 10:44:19] <INTERRUPT>
[2026/09/11 10:44:19] =>
[2026/09/11 10:44:19] =>
[2026/09/11 10:44:19] 发送(hex): 03
[2026/09/11 10:44:19] 发送(hex): 0d
[2026/09/11 10:44:19] 发送(hex): 20
[2026/09/11 10:44:19] <INTERRUPT>
[2026/09/11 10:44:19] =>
[2026/09/11 10:44:19] =>
[2026/09/11 10:44:19] 发送(hex): 03
[2026/09/11 10:44:19] 发送(hex): 0d
[2026/09/11 10:44:19] <INTERRUPT>
[2026/09/11 10:44:19] =>
[2026/09/11 10:44:19] 发送(hex): 20
[2026/09/11 10:44:19] 发送(hex): 03
[2026/09/11 10:44:19] =>
[2026/09/11 10:44:19] 发送(hex): 0d
[2026/09/11 10:44:19] <INTERRUPT>
[2026/09/11 10:44:19] =>
[2026/09/11 10:44:19] 发送(hex): 20
[2026/09/11 10:44:19] 发送(hex): 03
[2026/09/11 10:44:19] =>
[2026/09/11 10:44:19] 发送(hex): 0d
[2026/09/11 10:44:19] <INTERRUPT>
[2026/09/11 10:44:19] =>
[2026/09/11 10:44:19] 发送(hex): 20
[2026/09/11 10:44:19] 发送(hex): 03
[2026/09/11 10:44:19] =>
[2026/09/11 10:44:19] 发送(hex): 0d
[2026/09/11 10:44:19] 发送(hex): 20
[2026/09/11 10:44:19] <INTERRUPT>
[2026/09/11 10:44:19] =>
[2026/09/11 10:44:19] 发送(hex): 03
[2026/09/11 10:44:19] =>
[2026/09/11 10:44:19] 发送(hex): 0d
[2026/09/11 10:44:19] 发送(hex): 20
[2026/09/11 10:44:19] <INTERRUPT>
[2026/09/11 10:44:19] =>
[2026/09/11 10:44:19] =>
[2026/09/11 10:44:19] 发送(hex): 03
[2026/09/11 10:44:19] 发送(hex): 0d
[2026/09/11 10:44:19] 发送(hex): 20
[2026/09/11 10:44:19] <INTERRUPT>
[2026/09/11 10:44:19] =>
[2026/09/11 10:44:19] =>
[2026/09/11 10:44:19] 发送(hex): 03
[2026/09/11 10:44:19] 发送(hex): 0d
[2026/09/11 10:44:19] 发送(hex): 20
[2026/09/11 10:44:19] <INTERRUPT>
[2026/09/11 10:44:19] =>
[2026/09/11 10:44:19] 发送(hex): 03
[2026/09/11 10:44:19] =>
[2026/09/11 10:44:19] 发送(hex): 0d
[2026/09/11 10:44:19] <INTERRUPT>
[2026/09/11 10:44:19] =>
[2026/09/11 10:44:19] 发送(hex): 20
[2026/09/11 10:44:19] 发送(hex): 03
[2026/09/11 10:44:19] =>
[2026/09/11 10:44:19] 发送(hex): 0d
[2026/09/11 10:44:19] <INTERRUPT>
[2026/09/11 10:44:19] =>
[2026/09/11 10:44:19] 发送(hex): 20
[2026/09/11 10:44:19] 发送(hex): 03
[2026/09/11 10:44:19] =>
[2026/09/11 10:44:19] 发送(hex): 0d
[2026/09/11 10:44:19] <INTERRUPT>
[2026/09/11 10:44:19] =>
[2026/09/11 10:44:19] 发送(hex): 20
[2026/09/11 10:44:19] 发送(hex): 03
[2026/09/11 10:44:19] =>
[2026/09/11 10:44:19] 发送(hex): 0d
[2026/09/11 10:44:19] <INTERRUPT>
[2026/09/11 10:44:19] =>
[2026/09/11 10:44:19] 发送(hex): 20
[2026/09/11 10:44:19] 发送(hex): 03
[2026/09/11 10:44:19] =>
[2026/09/11 10:44:19] 发送(hex): 0d
[2026/09/11 10:44:19] <INTERRUPT>
[2026/09/11 10:44:19] =>
[2026/09/11 10:44:19] 发送(hex): 20
[2026/09/11 10:44:19] 发送(hex): 03
[2026/09/11 10:44:19] =>
[2026/09/11 10:44:19] 发送(hex): 0d
[2026/09/11 10:44:19] <INTERRUPT>
[2026/09/11 10:44:19] =>
[2026/09/11 10:44:19] 发送(hex): 20
[2026/09/11 10:44:19] 发送(hex): 03
[2026/09/11 10:44:19] =>
[2026/09/11 10:44:19] 发送(hex): 0d
[2026/09/11 10:44:19] <INTERRUPT>
[2026/09/11 10:44:19] =>
[2026/09/11 10:44:20] 发送(hex): 20
[2026/09/11 10:44:20] 发送(hex): 03
[2026/09/11 10:44:20] =>
[2026/09/11 10:44:20] 发送(hex): 0d
[2026/09/11 10:44:20] <INTERRUPT>
[2026/09/11 10:44:20] =>
[2026/09/11 10:44:20] 发送(hex): 20
[2026/09/11 10:44:20] 发送(hex): 03
[2026/09/11 10:44:20] =>
[2026/09/11 10:44:20] 发送(hex): 0d
[2026/09/11 10:44:20] <INTERRUPT>
[2026/09/11 10:44:20] =>
[2026/09/11 10:44:20] 发送(hex): 20
[2026/09/11 10:44:20] 发送(hex): 03
[2026/09/11 10:44:20] =>
[2026/09/11 10:44:20] 发送(hex): 0d
[2026/09/11 10:44:20] <INTERRUPT>
[2026/09/11 10:44:20] =>
[2026/09/11 10:44:20] 发送(hex): 20
[2026/09/11 10:44:20] 发送(hex): 03
[2026/09/11 10:44:20] =>
[2026/09/11 10:44:20] 发送(hex): 0d
[2026/09/11 10:44:20] <INTERRUPT>
[2026/09/11 10:44:20] =>
[2026/09/11 10:44:20] 发送(hex): 20
[2026/09/11 10:44:20] 发送(hex): 03
[2026/09/11 10:44:20] =>
[2026/09/11 10:44:20] 发送(hex): 0d
[2026/09/11 10:44:20] <INTERRUPT>
[2026/09/11 10:44:20] =>
[2026/09/11 10:44:20] 发送(hex): 20
[2026/09/11 10:44:20] 发送(hex): 03
[2026/09/11 10:44:20] =>
[2026/09/11 10:44:20] 发送(hex): 0d
[2026/09/11 10:44:20] <INTERRUPT>
[2026/09/11 10:44:20] =>
[2026/09/11 10:44:20] 发送(hex): 20
[2026/09/11 10:44:20] 发送(hex): 03
[2026/09/11 10:44:20] =>
[2026/09/11 10:44:20] 发送(hex): 0d
[2026/09/11 10:44:20] <INTERRUPT>
[2026/09/11 10:44:20] =>
[2026/09/11 10:44:20] 发送(hex): 20
[2026/09/11 10:44:20] 发送(hex): 03
[2026/09/11 10:44:20] =>
[2026/09/11 10:44:20] 发送(hex): 0d
[2026/09/11 10:44:20] <INTERRUPT>
[2026/09/11 10:44:20] =>
[2026/09/11 10:44:20] 发送(hex): 20
[2026/09/11 10:44:20] 发送(hex): 03
[2026/09/11 10:44:20] =>
[2026/09/11 10:44:20] 发送(hex): 0d
[2026/09/11 10:44:20] <INTERRUPT>
[2026/09/11 10:44:20] =>
[2026/09/11 10:44:20] 发送(hex): 20
[2026/09/11 10:44:20] 发送(hex): 03
[2026/09/11 10:44:20] =>
[2026/09/11 10:44:20] 发送(hex): 0d
[2026/09/11 10:44:20] <INTERRUPT>
[2026/09/11 10:44:20] =>
[2026/09/11 10:44:20] 发送(hex): 20
[2026/09/11 10:44:20] 发送(hex): 03
[2026/09/11 10:44:20] =>
[2026/09/11 10:44:20] 发送(hex): 0d
[2026/09/11 10:44:20] <INTERRUPT>
[2026/09/11 10:44:20] =>
[2026/09/11 10:44:20] 发送(hex): 20
[2026/09/11 10:44:20] 发送(hex): 03
[2026/09/11 10:44:20] =>
[2026/09/11 10:44:20] 发送(hex): 0d
[2026/09/11 10:44:20] <INTERRUPT>
[2026/09/11 10:44:20] =>
[2026/09/11 10:44:20] 发送(hex): 20
[2026/09/11 10:44:20] 发送(hex): 03
[2026/09/11 10:44:20] =>
[2026/09/11 10:44:20] 发送(hex): 0d
[2026/09/11 10:44:20] <INTERRUPT>
[2026/09/11 10:44:20] =>
[2026/09/11 10:44:20] 发送(hex): 20
[2026/09/11 10:44:20] 发送(hex): 03
[2026/09/11 10:44:20] =>
[2026/09/11 10:44:20] 发送(hex): 0d
[2026/09/11 10:44:20] <INTERRUPT>
[2026/09/11 10:44:20] =>
[2026/09/11 10:44:20] 发送(hex): 20
[2026/09/11 10:44:20] 发送(hex): 03
[2026/09/11 10:44:20] =>
[2026/09/11 10:44:20] 发送(hex): 0d
[2026/09/11 10:44:20] <INTERRUPT>
[2026/09/11 10:44:20] =>
[2026/09/11 10:44:20] 发送(hex): 20
[2026/09/11 10:44:20] 发送(hex): 03
[2026/09/11 10:44:20] =>
[2026/09/11 10:44:20] 发送(hex): 0d
[2026/09/11 10:44:20] <INTERRUPT>
[2026/09/11 10:44:20] =>
[2026/09/11 10:44:20] 发送(hex): 20
[2026/09/11 10:44:20] 发送(hex): 03
[2026/09/11 10:44:20] =>
[2026/09/11 10:44:20] 发送(hex): 0d
[2026/09/11 10:44:20] 发送(hex): 20
[2026/09/11 10:44:20] <INTERRUPT>
[2026/09/11 10:44:20] =>
[2026/09/11 10:44:20] 发送(hex): 03
[2026/09/11 10:44:20] =>
[2026/09/11 10:44:20] 发送(hex): 0d
[2026/09/11 10:44:20] 发送(hex): 20
[2026/09/11 10:44:20] <INTERRUPT>
[2026/09/11 10:44:20] =>
[2026/09/11 10:44:20] =>
[2026/09/11 10:44:20] 发送(hex): 03
[2026/09/11 10:44:20] 发送(hex): 0d
[2026/09/11 10:44:20] 发送(hex): 20
[2026/09/11 10:44:20] <INTERRUPT>
[2026/09/11 10:44:20] =>
[2026/09/11 10:44:20] =>
[2026/09/11 10:44:20] 发送(hex): 03
[2026/09/11 10:44:20] 发送(hex): 0d
[2026/09/11 10:44:20] 发送(hex): 20
[2026/09/11 10:44:20] <INTERRUPT>
[2026/09/11 10:44:20] =>
[2026/09/11 10:44:20] 发送(hex): 03
[2026/09/11 10:44:20] =>
[2026/09/11 10:44:20] 发送(hex): 0d
[2026/09/11 10:44:20] 发送(hex): 20
[2026/09/11 10:44:20] <INTERRUPT>
[2026/09/11 10:44:20] =>
[2026/09/11 10:44:20] 发送(hex): 03
[2026/09/11 10:44:20] =>
[2026/09/11 10:44:20] 发送(hex): 0d
[2026/09/11 10:44:20] 发送(hex): 20
[2026/09/11 10:44:20] <INTERRUPT>
[2026/09/11 10:44:20] =>
[2026/09/11 10:44:20] =>
[2026/09/11 10:44:20] 发送(hex): 03
[2026/09/11 10:44:20] 发送(hex): 0d
[2026/09/11 10:44:20] 发送(hex): 20
[2026/09/11 10:44:20] <INTERRUPT>
[2026/09/11 10:44:20] =>
[2026/09/11 10:44:20] =>
[2026/09/11 10:44:20] 发送(hex): 03
[2026/09/11 10:44:20] 发送(hex): 0d
[2026/09/11 10:44:20] 发送(hex): 20
[2026/09/11 10:44:20] <INTERRUPT>
[2026/09/11 10:44:20] =>
[2026/09/11 10:44:20] =>
[2026/09/11 10:44:20] 发送(hex): 03
[2026/09/11 10:44:20] 发送(hex): 0d
[2026/09/11 10:44:20] 发送(hex): 20
[2026/09/11 10:44:20] <INTERRUPT>
[2026/09/11 10:44:20] =>
[2026/09/11 10:44:20] =>
[2026/09/11 10:44:20] 发送(hex): 03
[2026/09/11 10:44:20] 发送(hex): 0d
[2026/09/11 10:44:20] 发送(hex): 20
[2026/09/11 10:44:20] <INTERRUPT>
[2026/09/11 10:44:20] =>
[2026/09/11 10:44:20] =>
[2026/09/11 10:44:20] 发送(hex): 03
[2026/09/11 10:44:20] 发送(hex): 0d
[2026/09/11 10:44:20] 发送(hex): 20
[2026/09/11 10:44:20] <INTERRUPT>
[2026/09/11 10:44:20] =>
[2026/09/11 10:44:20] =>
[2026/09/11 10:44:20] 发送(hex): 03
[2026/09/11 10:44:20] 发送(hex): 0d
[2026/09/11 10:44:20] 发送(hex): 20
[2026/09/11 10:44:20] <INTERRUPT>
[2026/09/11 10:44:20] =>
[2026/09/11 10:44:20] =>
[2026/09/11 10:44:20] 发送(hex): 03
[2026/09/11 10:44:20] 发送(hex): 0d
[2026/09/11 10:44:20] 发送(hex): 20
[2026/09/11 10:44:20] <INTERRUPT>
[2026/09/11 10:44:20] =>
[2026/09/11 10:44:20] =>
[2026/09/11 10:44:20] 发送(hex): 03
[2026/09/11 10:44:20] 发送(hex): 0d
[2026/09/11 10:44:20] 发送(hex): 20
[2026/09/11 10:44:20] <INTERRUPT>
[2026/09/11 10:44:20] =>
[2026/09/11 10:44:20] =>
[2026/09/11 10:44:20] 发送(hex): 03
[2026/09/11 10:44:20] 发送(hex): 0d
[2026/09/11 10:44:20] 发送(hex): 20
[2026/09/11 10:44:20] <INTERRUPT>
[2026/09/11 10:44:20] =>
[2026/09/11 10:44:20] =>
[2026/09/11 10:44:21] 发送(hex): 03
[2026/09/11 10:44:21] 发送(hex): 0d
[2026/09/11 10:44:21] 发送(hex): 20
[2026/09/11 10:44:21] <INTERRUPT>
[2026/09/11 10:44:21] =>
[2026/09/11 10:44:21] =>
[2026/09/11 10:44:21] 发送(hex): 03
[2026/09/11 10:44:21] 发送(hex): 0d
[2026/09/11 10:44:21] 发送(hex): 20
[2026/09/11 10:44:21] <INTERRUPT>
[2026/09/11 10:44:21] =>
[2026/09/11 10:44:21] =>
[2026/09/11 10:44:21] 发送(hex): 03
[2026/09/11 10:44:21] 发送(hex): 0d
[2026/09/11 10:44:21] 发送(hex): 20
[2026/09/11 10:44:21] <INTERRUPT>
[2026/09/11 10:44:21] =>
[2026/09/11 10:44:21] =>
[2026/09/11 10:44:21] 发送(hex): 03
[2026/09/11 10:44:21] 发送(hex): 0d
[2026/09/11 10:44:21] 发送(hex): 20
[2026/09/11 10:44:21] <INTERRUPT>
[2026/09/11 10:44:21] =>
[2026/09/11 10:44:21] =>
[2026/09/11 10:44:21] 发送(hex): 03
[2026/09/11 10:44:21] 发送(hex): 0d
[2026/09/11 10:44:21] 发送(hex): 20
[2026/09/11 10:44:21] <INTERRUPT>
[2026/09/11 10:44:21] =>
[2026/09/11 10:44:21] =>
[2026/09/11 10:44:21] 发送(hex): 03
[2026/09/11 10:44:21] 发送(hex): 0d
[2026/09/11 10:44:21] 发送(hex): 20
[2026/09/11 10:44:21] <INTERRUPT>
[2026/09/11 10:44:21] =>
[2026/09/11 10:44:21] =>
[2026/09/11 10:44:21] 发送(hex): 03
[2026/09/11 10:44:21] 发送(hex): 0d
[2026/09/11 10:44:21] 发送(hex): 20
[2026/09/11 10:44:21] <INTERRUPT>
[2026/09/11 10:44:21] =>
[2026/09/11 10:44:21] =>
[2026/09/11 10:44:21] 发送(hex): 03
[2026/09/11 10:44:21] 发送(hex): 0d
[2026/09/11 10:44:21] 发送(hex): 20
[2026/09/11 10:44:21] <INTERRUPT>
[2026/09/11 10:44:21] =>
[2026/09/11 10:44:21] =>
[2026/09/11 10:44:21] 发送(hex): 03
[2026/09/11 10:44:21] 发送(hex): 0d
[2026/09/11 10:44:21] 发送(hex): 20
[2026/09/11 10:44:21] <INTERRUPT>
[2026/09/11 10:44:21] =>
[2026/09/11 10:44:21] =>
[2026/09/11 10:44:21] 发送(hex): 03
[2026/09/11 10:44:21] 发送(hex): 0d
[2026/09/11 10:44:21] 发送(hex): 20
[2026/09/11 10:44:21] <INTERRUPT>
[2026/09/11 10:44:21] =>
[2026/09/11 10:44:21] =>
[2026/09/11 10:44:21] 发送(hex): 03
[2026/09/11 10:44:21] 发送(hex): 0d
[2026/09/11 10:44:21] 发送(hex): 20
[2026/09/11 10:44:21] <INTERRUPT>
[2026/09/11 10:44:21] =>
[2026/09/11 10:44:21] =>
[2026/09/11 10:44:21] 发送(hex): 03
[2026/09/11 10:44:21] 发送(hex): 0d
[2026/09/11 10:44:21] 发送(hex): 20
[2026/09/11 10:44:21] <INTERRUPT>
[2026/09/11 10:44:21] =>
[2026/09/11 10:44:21] =>
[2026/09/11 10:44:21] 发送(hex): 03
[2026/09/11 10:44:21] 发送(hex): 0d
[2026/09/11 10:44:21] 发送(hex): 20
[2026/09/11 10:44:21] <INTERRUPT>
[2026/09/11 10:44:21] =>
[2026/09/11 10:44:21] =>
[2026/09/11 10:44:21] 发送(hex): 03
[2026/09/11 10:44:21] 发送(hex): 0d
[2026/09/11 10:44:21] 发送(hex): 20
[2026/09/11 10:44:21] <INTERRUPT>
[2026/09/11 10:44:21] =>
[2026/09/11 10:44:21] =>
[2026/09/11 10:44:21] 发送(hex): 03
[2026/09/11 10:44:21] 发送(hex): 0d
[2026/09/11 10:44:21] 发送(hex): 20
[2026/09/11 10:44:21] <INTERRUPT>
[2026/09/11 10:44:21] =>
[2026/09/11 10:44:21] =>
[2026/09/11 10:44:21] 发送(hex): 03
[2026/09/11 10:44:21] 发送(hex): 0d
[2026/09/11 10:44:21] 发送(hex): 20
[2026/09/11 10:44:21] <INTERRUPT>
[2026/09/11 10:44:21] =>
[2026/09/11 10:44:21] =>
[2026/09/11 10:44:21] 发送(hex): 03
[2026/09/11 10:44:21] 发送(hex): 0d
[2026/09/11 10:44:21] 发送(hex): 20
[2026/09/11 10:44:21] <INTERRUPT>
[2026/09/11 10:44:21] =>
[2026/09/11 10:44:21] =>
[2026/09/11 10:44:21] 发送(hex): 03
[2026/09/11 10:44:21] 发送(hex): 0d
[2026/09/11 10:44:21] 发送(hex): 20
[2026/09/11 10:44:21] <INTERRUPT>
[2026/09/11 10:44:21] =>
[2026/09/11 10:44:21] =>
[2026/09/11 10:44:21] 发送(hex): 03
[2026/09/11 10:44:21] 发送(hex): 0d
[2026/09/11 10:44:21] 发送(hex): 20
[2026/09/11 10:44:21] <INTERRUPT>
[2026/09/11 10:44:21] =>
[2026/09/11 10:44:21] =>
[2026/09/11 10:44:21] 发送(hex): 03
[2026/09/11 10:44:21] 发送(hex): 0d
[2026/09/11 10:44:21] 发送(hex): 20
[2026/09/11 10:44:21] <INTERRUPT>
[2026/09/11 10:44:21] =>
[2026/09/11 10:44:21] =>
[2026/09/11 10:44:21] 发送(hex): 03
[2026/09/11 10:44:21] 发送(hex): 0d
[2026/09/11 10:44:21] 发送(hex): 20
[2026/09/11 10:44:21] <INTERRUPT>
[2026/09/11 10:44:21] =>
[2026/09/11 10:44:21] =>
[2026/09/11 10:44:21] 发送(hex): 03
[2026/09/11 10:44:21] 发送(hex): 0d
[2026/09/11 10:44:21] 发送(hex): 20
[2026/09/11 10:44:21] <INTERRUPT>
[2026/09/11 10:44:21] =>
[2026/09/11 10:44:21] =>
[2026/09/11 10:44:21] 发送(hex): 03
[2026/09/11 10:44:21] 发送(hex): 0d
[2026/09/11 10:44:21] 发送(hex): 20
[2026/09/11 10:44:21] <INTERRUPT>
[2026/09/11 10:44:21] =>
[2026/09/11 10:44:21] =>
[2026/09/11 10:44:21] 发送(hex): 03
[2026/09/11 10:44:21] 发送(hex): 0d
[2026/09/11 10:44:21] 发送(hex): 20
[2026/09/11 10:44:21] <INTERRUPT>
[2026/09/11 10:44:21] =>
[2026/09/11 10:44:21] =>
[2026/09/11 10:44:21] 发送(hex): 03
[2026/09/11 10:44:21] 发送(hex): 0d
[2026/09/11 10:44:21] 发送(hex): 20
[2026/09/11 10:44:21] <INTERRUPT>
[2026/09/11 10:44:21] =>
[2026/09/11 10:44:21] =>
[2026/09/11 10:44:21] 发送(hex): 03
[2026/09/11 10:44:21] 发送(hex): 0d
[2026/09/11 10:44:21] 发送(hex): 20
[2026/09/11 10:44:21] <INTERRUPT>
[2026/09/11 10:44:21] =>
[2026/09/11 10:44:21] =>
[2026/09/11 10:44:21] 发送(hex): 03
[2026/09/11 10:44:21] 发送(hex): 0d
[2026/09/11 10:44:21] 发送(hex): 20
[2026/09/11 10:44:21] <INTERRUPT>
[2026/09/11 10:44:21] =>
[2026/09/11 10:44:21] =>
[2026/09/11 10:44:21] 发送(hex): 03
[2026/09/11 10:44:21] 发送(hex): 0d
[2026/09/11 10:44:21] 发送(hex): 20
[2026/09/11 10:44:21] <INTERRUPT>
[2026/09/11 10:44:21] =>
[2026/09/11 10:44:21] =>
[2026/09/11 10:44:21] 发送(hex): 03
[2026/09/11 10:44:21] 发送(hex): 0d
[2026/09/11 10:44:21] 发送(hex): 20
[2026/09/11 10:44:21] <INTERRUPT>
[2026/09/11 10:44:21] =>
[2026/09/11 10:44:21] =>
[2026/09/11 10:44:21] 发送(hex): 03
[2026/09/11 10:44:21] 发送(hex): 0d
[2026/09/11 10:44:21] 发送(hex): 20
[2026/09/11 10:44:21] <INTERRUPT>
[2026/09/11 10:44:21] =>
[2026/09/11 10:44:21] =>
[2026/09/11 10:44:21] 发送(hex): 03
[2026/09/11 10:44:21] 发送(hex): 0d
[2026/09/11 10:44:21] 发送(hex): 20
[2026/09/11 10:44:21] <INTERRUPT>
[2026/09/11 10:44:21] =>
[2026/09/11 10:44:21] =>
[2026/09/11 10:44:21] 发送(hex): 03
[2026/09/11 10:44:22] 发送(hex): 0d
[2026/09/11 10:44:22] 发送(hex): 20
[2026/09/11 10:44:22] <INTERRUPT>
[2026/09/11 10:44:22] =>
[2026/09/11 10:44:22] =>
[2026/09/11 10:44:22] 发送(hex): 03
[2026/09/11 10:44:22] 发送(hex): 0d
[2026/09/11 10:44:22] 发送(hex): 20
[2026/09/11 10:44:22] <INTERRUPT>
[2026/09/11 10:44:22] =>
[2026/09/11 10:44:22] =>
[2026/09/11 10:44:22] 发送(hex): 03
[2026/09/11 10:44:22] 发送(hex): 0d
[2026/09/11 10:44:22] 发送(hex): 20
[2026/09/11 10:44:22] <INTERRUPT>
[2026/09/11 10:44:22] =>
[2026/09/11 10:44:22] =>
[2026/09/11 10:44:22] 发送(hex): 03
[2026/09/11 10:44:22] 发送(hex): 0d
[2026/09/11 10:44:22] 发送(hex): 20
[2026/09/11 10:44:22] <INTERRUPT>
[2026/09/11 10:44:22] =>
[2026/09/11 10:44:22] =>
[2026/09/11 10:44:22] 发送(hex): 03
[2026/09/11 10:44:22] 发送(hex): 0d
[2026/09/11 10:44:22] 发送(hex): 20
[2026/09/11 10:44:22] <INTERRUPT>
[2026/09/11 10:44:22] =>
[2026/09/11 10:44:22] =>
[2026/09/11 10:44:22] 发送(hex): 03
[2026/09/11 10:44:22] 发送(hex): 0d
[2026/09/11 10:44:22] 发送(hex): 20
[2026/09/11 10:44:22] <INTERRUPT>
[2026/09/11 10:44:22] =>
[2026/09/11 10:44:22] =>
[2026/09/11 10:44:22] 发送(hex): 03
[2026/09/11 10:44:22] 发送(hex): 0d
[2026/09/11 10:44:22] 发送(hex): 20
[2026/09/11 10:44:22] <INTERRUPT>
[2026/09/11 10:44:22] =>
[2026/09/11 10:44:22] =>
[2026/09/11 10:44:22] 发送(hex): 03
[2026/09/11 10:44:22] 发送(hex): 0d
[2026/09/11 10:44:22] 发送(hex): 20
[2026/09/11 10:44:22] <INTERRUPT>
[2026/09/11 10:44:22] =>
[2026/09/11 10:44:22] =>
[2026/09/11 10:44:22] 发送(hex): 03
[2026/09/11 10:44:22] 发送(hex): 0d
[2026/09/11 10:44:22] 发送(hex): 20
[2026/09/11 10:44:22] <INTERRUPT>
[2026/09/11 10:44:22] =>
[2026/09/11 10:44:22] =>
[2026/09/11 10:44:22] 发送(hex): 03
[2026/09/11 10:44:22] 发送(hex): 0d
[2026/09/11 10:44:22] 发送(hex): 20
[2026/09/11 10:44:22] <INTERRUPT>
[2026/09/11 10:44:22] =>
[2026/09/11 10:44:22] =>
[2026/09/11 10:44:22] 发送(hex): 03
[2026/09/11 10:44:22] 发送(hex): 0d
[2026/09/11 10:44:22] 发送(hex): 20
[2026/09/11 10:44:22] <INTERRUPT>
[2026/09/11 10:44:22] =>
[2026/09/11 10:44:22] =>
[2026/09/11 10:44:22] 发送(hex): 03
[2026/09/11 10:44:22] 发送(hex): 0d
[2026/09/11 10:44:22] 发送(hex): 20
[2026/09/11 10:44:22] <INTERRUPT>
[2026/09/11 10:44:22] =>
[2026/09/11 10:44:22] =>
[2026/09/11 10:44:22] 发送(hex): 03
[2026/09/11 10:44:22] 发送(hex): 0d
[2026/09/11 10:44:22] 发送(hex): 20
[2026/09/11 10:44:22] <INTERRUPT>
[2026/09/11 10:44:22] =>
[2026/09/11 10:44:22] =>
[2026/09/11 10:44:22] 发送(hex): 03
[2026/09/11 10:44:22] 发送(hex): 0d
[2026/09/11 10:44:22] 发送(hex): 20
[2026/09/11 10:44:22] <INTERRUPT>
[2026/09/11 10:44:22] =>
[2026/09/11 10:44:22] =>
[2026/09/11 10:44:22] 发送(hex): 03
[2026/09/11 10:44:22] 发送(hex): 0d
[2026/09/11 10:44:22] 发送(hex): 20
[2026/09/11 10:44:22] <INTERRUPT>
[2026/09/11 10:44:22] =>
[2026/09/11 10:44:22] =>
[2026/09/11 10:44:22] 发送(hex): 03
[2026/09/11 10:44:22] 发送(hex): 0d
[2026/09/11 10:44:22] 发送(hex): 20
[2026/09/11 10:44:22] <INTERRUPT>
[2026/09/11 10:44:22] =>
[2026/09/11 10:44:22] =>
[2026/09/11 10:44:22] 发送(hex): 03
[2026/09/11 10:44:22] 发送(hex): 0d
[2026/09/11 10:44:22] <INTERRUPT>
[2026/09/11 10:44:22] =>
[2026/09/11 10:44:22] 发送(hex): 20
[2026/09/11 10:44:22] 发送(hex): 03
[2026/09/11 10:44:22] =>
[2026/09/11 10:44:22] 发送(hex): 0d
[2026/09/11 10:44:22] <INTERRUPT>
[2026/09/11 10:44:22] =>
[2026/09/11 10:44:22] 发送(hex): 20
[2026/09/11 10:44:22] 发送(hex): 03
[2026/09/11 10:44:22] =>
[2026/09/11 10:44:22] 发送(hex): 0d
[2026/09/11 10:44:22] <INTERRUPT>
[2026/09/11 10:44:22] =>
[2026/09/11 10:44:22] 发送(hex): 20
[2026/09/11 10:44:22] 发送(hex): 03
[2026/09/11 10:44:22] =>
[2026/09/11 10:44:22] 发送(hex): 0d
[2026/09/11 10:44:22] <INTERRUPT>
[2026/09/11 10:44:22] =>
[2026/09/11 10:44:22] 发送(hex): 20
[2026/09/11 10:44:22] 发送(hex): 03
[2026/09/11 10:44:22] =>
[2026/09/11 10:44:22] 发送(hex): 0d
[2026/09/11 10:44:22] <INTERRUPT>
[2026/09/11 10:44:22] =>
[2026/09/11 10:44:22] 发送(hex): 20
[2026/09/11 10:44:22] 发送(hex): 03
[2026/09/11 10:44:22] =>
[2026/09/11 10:44:22] 发送(hex): 0d
[2026/09/11 10:44:22] <INTERRUPT>
[2026/09/11 10:44:22] =>
[2026/09/11 10:44:22] 发送(hex): 20
[2026/09/11 10:44:22] 发送(hex): 03
[2026/09/11 10:44:22] =>
[2026/09/11 10:44:22] 发送(hex): 0d
[2026/09/11 10:44:22] <INTERRUPT>
[2026/09/11 10:44:22] =>
[2026/09/11 10:44:22] 发送(hex): 20
[2026/09/11 10:44:22] 发送(hex): 03
[2026/09/11 10:44:22] =>
[2026/09/11 10:44:22] 发送(hex): 0d
[2026/09/11 10:44:22] <INTERRUPT>
[2026/09/11 10:44:22] =>
[2026/09/11 10:44:22] 发送(hex): 20
[2026/09/11 10:44:22] 发送(hex): 03
[2026/09/11 10:44:22] =>
[2026/09/11 10:44:22] 发送(hex): 0d
[2026/09/11 10:44:22] <INTERRUPT>
[2026/09/11 10:44:22] =>
[2026/09/11 10:44:22] 发送(hex): 20
[2026/09/11 10:44:22] 发送(hex): 03
[2026/09/11 10:44:22] =>
[2026/09/11 10:44:22] 发送(hex): 0d
[2026/09/11 10:44:22] <INTERRUPT>
[2026/09/11 10:44:22] =>
[2026/09/11 10:44:22] 发送(hex): 20
[2026/09/11 10:44:22] 发送(hex): 03
[2026/09/11 10:44:22] =>
[2026/09/11 10:44:22] 发送(hex): 0d
[2026/09/11 10:44:22] <INTERRUPT>
[2026/09/11 10:44:22] =>
[2026/09/11 10:44:22] 发送(hex): 20
[2026/09/11 10:44:22] 发送(hex): 03
[2026/09/11 10:44:22] =>
[2026/09/11 10:44:22] 发送(hex): 0d
[2026/09/11 10:44:22] <INTERRUPT>
[2026/09/11 10:44:22] =>
[2026/09/11 10:44:22] 发送(hex): 20
[2026/09/11 10:44:22] 发送(hex): 03
[2026/09/11 10:44:22] =>
[2026/09/11 10:44:22] 发送(hex): 0d
[2026/09/11 10:44:22] <INTERRUPT>
[2026/09/11 10:44:22] =>
[2026/09/11 10:44:22] 发送(hex): 20
[2026/09/11 10:44:22] 发送(hex): 03
[2026/09/11 10:44:22] =>
[2026/09/11 10:44:22] 发送(hex): 0d
[2026/09/11 10:44:22] <INTERRUPT>
[2026/09/11 10:44:22] =>
[2026/09/11 10:44:22] 发送(hex): 20
[2026/09/11 10:44:22] 发送(hex): 03
[2026/09/11 10:44:22] =>
[2026/09/11 10:44:22] 发送(hex): 0d
[2026/09/11 10:44:22] <INTERRUPT>
[2026/09/11 10:44:22] =>
[2026/09/11 10:44:22] 发送(hex): 20
[2026/09/11 10:44:22] 发送(hex): 03
[2026/09/11 10:44:22] =>
[2026/09/11 10:44:23] 发送(hex): 0d
[2026/09/11 10:44:23] <INTERRUPT>
[2026/09/11 10:44:23] =>
[2026/09/11 10:44:23] 发送(hex): 20
[2026/09/11 10:44:23] 发送(hex): 03
[2026/09/11 10:44:23] =>
[2026/09/11 10:44:23] 发送(hex): 0d
[2026/09/11 10:44:23] <INTERRUPT>
[2026/09/11 10:44:23] =>
[2026/09/11 10:44:23] 发送(hex): 20
[2026/09/11 10:44:23] 发送(hex): 03
[2026/09/11 10:44:23] =>
[2026/09/11 10:44:23] 发送(hex): 0d
[2026/09/11 10:44:23] <INTERRUPT>
[2026/09/11 10:44:23] =>
[2026/09/11 10:44:23] 发送(hex): 20
[2026/09/11 10:44:23] 发送(hex): 03
[2026/09/11 10:44:23] =>
[2026/09/11 10:44:23] 发送(hex): 0d
[2026/09/11 10:44:23] <INTERRUPT>
[2026/09/11 10:44:23] =>
[2026/09/11 10:44:23] 发送(hex): 20
[2026/09/11 10:44:23] 发送(hex): 03
[2026/09/11 10:44:23] =>
[2026/09/11 10:44:23] 发送(hex): 0d
[2026/09/11 10:44:23] <INTERRUPT>
[2026/09/11 10:44:23] =>
[2026/09/11 10:44:23] 发送(hex): 20
[2026/09/11 10:44:23] 发送(hex): 03
[2026/09/11 10:44:23] =>
[2026/09/11 10:44:23] 发送(hex): 0d
[2026/09/11 10:44:23] <INTERRUPT>
[2026/09/11 10:44:23] =>
[2026/09/11 10:44:23] 发送(hex): 20
[2026/09/11 10:44:23] 发送(hex): 03
[2026/09/11 10:44:23] =>
[2026/09/11 10:44:23] 发送(hex): 0d
[2026/09/11 10:44:23] <INTERRUPT>
[2026/09/11 10:44:23] =>
[2026/09/11 10:44:23] 发送(hex): 20
[2026/09/11 10:44:23] 发送(hex): 03
[2026/09/11 10:44:23] =>
[2026/09/11 10:44:23] 发送(hex): 0d
[2026/09/11 10:44:23] <INTERRUPT>
[2026/09/11 10:44:23] =>
[2026/09/11 10:44:23] 发送(hex): 20
[2026/09/11 10:44:23] 发送(hex): 03
[2026/09/11 10:44:23] =>
[2026/09/11 10:44:23] 发送(hex): 0d
[2026/09/11 10:44:23] <INTERRUPT>
[2026/09/11 10:44:23] =>
[2026/09/11 10:44:23] 发送(hex): 20
[2026/09/11 10:44:23] 发送(hex): 03
[2026/09/11 10:44:23] =>
[2026/09/11 10:44:23] 发送(hex): 0d
[2026/09/11 10:44:23] <INTERRUPT>
[2026/09/11 10:44:23] =>
[2026/09/11 10:44:23] 发送(hex): 20
[2026/09/11 10:44:23] 发送(hex): 03
[2026/09/11 10:44:23] =>
[2026/09/11 10:44:23] 发送(hex): 0d
[2026/09/11 10:44:23] <INTERRUPT>
[2026/09/11 10:44:23] =>
[2026/09/11 10:44:23] 发送(hex): 20
[2026/09/11 10:44:23] 发送(hex): 03
[2026/09/11 10:44:23] =>
[2026/09/11 10:44:23] 发送(hex): 0d
[2026/09/11 10:44:23] <INTERRUPT>
[2026/09/11 10:44:23] =>
[2026/09/11 10:44:23] 发送(hex): 20
[2026/09/11 10:44:23] 发送(hex): 03
[2026/09/11 10:44:23] =>
[2026/09/11 10:44:23] 发送(hex): 0d
[2026/09/11 10:44:23] <INTERRUPT>
[2026/09/11 10:44:23] =>
[2026/09/11 10:44:23] 发送(hex): 20
[2026/09/11 10:44:23] 发送(hex): 03
[2026/09/11 10:44:23] =>
[2026/09/11 10:44:23] 发送(hex): 0d
[2026/09/11 10:44:23] <INTERRUPT>
[2026/09/11 10:44:23] =>
[2026/09/11 10:44:23] 发送(hex): 20
[2026/09/11 10:44:23] 发送(hex): 03
[2026/09/11 10:44:23] =>
[2026/09/11 10:44:23] 发送(hex): 0d
[2026/09/11 10:44:23] <INTERRUPT>
[2026/09/11 10:44:23] =>
[2026/09/11 10:44:23] 发送(hex): 20
[2026/09/11 10:44:23] 发送(hex): 03
[2026/09/11 10:44:23] =>
[2026/09/11 10:44:23] 发送(hex): 0d
[2026/09/11 10:44:23] <INTERRUPT>
[2026/09/11 10:44:23] =>
[2026/09/11 10:44:23] 发送(hex): 20
[2026/09/11 10:44:23] 发送(hex): 03
[2026/09/11 10:44:23] =>
[2026/09/11 10:44:23] 发送(hex): 0d
[2026/09/11 10:44:23] <INTERRUPT>
[2026/09/11 10:44:23] =>
[2026/09/11 10:44:23] 发送(hex): 20
[2026/09/11 10:44:23] 发送(hex): 03
[2026/09/11 10:44:23] =>
[2026/09/11 10:44:23] 发送(hex): 0d
[2026/09/11 10:44:23] <INTERRUPT>
[2026/09/11 10:44:23] =>
[2026/09/11 10:44:23] 发送(hex): 20
[2026/09/11 10:44:23] 发送(hex): 03
[2026/09/11 10:44:23] =>
[2026/09/11 10:44:23] 发送(hex): 0d
[2026/09/11 10:44:23] <INTERRUPT>
[2026/09/11 10:44:23] =>
[2026/09/11 10:44:23] 发送(hex): 20
[2026/09/11 10:44:23] 发送(hex): 03
[2026/09/11 10:44:23] =>
[2026/09/11 10:44:23] 发送(hex): 0d
[2026/09/11 10:44:23] <INTERRUPT>
[2026/09/11 10:44:23] =>
[2026/09/11 10:44:23] 发送(hex): 20
[2026/09/11 10:44:23] 发送(hex): 03
[2026/09/11 10:44:23] =>
[2026/09/11 10:44:23] 发送(hex): 0d
[2026/09/11 10:44:23] <INTERRUPT>
[2026/09/11 10:44:23] =>
[2026/09/11 10:44:23] 发送(hex): 20
[2026/09/11 10:44:23] 发送(hex): 03
[2026/09/11 10:44:23] =>
[2026/09/11 10:44:23] 发送(hex): 0d
[2026/09/11 10:44:23] <INTERRUPT>
[2026/09/11 10:44:23] =>
[2026/09/11 10:44:23] 发送(hex): 20
[2026/09/11 10:44:23] 发送(hex): 03
[2026/09/11 10:44:23] =>
[2026/09/11 10:44:23] 发送(hex): 0d
[2026/09/11 10:44:23] <INTERRUPT>
[2026/09/11 10:44:23] =>
[2026/09/11 10:44:23] 发送(hex): 20
[2026/09/11 10:44:23] 发送(hex): 03
[2026/09/11 10:44:23] =>
[2026/09/11 10:44:23] 发送(hex): 0d
[2026/09/11 10:44:23] <INTERRUPT>
[2026/09/11 10:44:23] =>
[2026/09/11 10:44:23] 发送(hex): 20
[2026/09/11 10:44:23] 发送(hex): 03
[2026/09/11 10:44:23] =>
[2026/09/11 10:44:23] 发送(hex): 0d
[2026/09/11 10:44:23] <INTERRUPT>
[2026/09/11 10:44:23] =>
[2026/09/11 10:44:23] 发送(hex): 20
[2026/09/11 10:44:23] 发送(hex): 03
[2026/09/11 10:44:23] =>
[2026/09/11 10:44:23] 发送(hex): 0d
[2026/09/11 10:44:23] <INTERRUPT>
[2026/09/11 10:44:23] =>
[2026/09/11 10:44:23] 发送(hex): 20
[2026/09/11 10:44:23] 发送(hex): 03
[2026/09/11 10:44:23] =>
[2026/09/11 10:44:23] 发送(hex): 0d
[2026/09/11 10:44:23] <INTERRUPT>
[2026/09/11 10:44:23] =>
[2026/09/11 10:44:23] 发送(hex): 20
[2026/09/11 10:44:23] 发送(hex): 03
[2026/09/11 10:44:23] =>
[2026/09/11 10:44:23] 发送(hex): 0d
[2026/09/11 10:44:23] <INTERRUPT>
[2026/09/11 10:44:23] =>
[2026/09/11 10:44:23] 发送(hex): 20
[2026/09/11 10:44:23] 发送(hex): 03
[2026/09/11 10:44:23] =>
[2026/09/11 10:44:23] 发送(hex): 0d
[2026/09/11 10:44:23] <INTERRUPT>
[2026/09/11 10:44:23] =>
[2026/09/11 10:44:23] 发送(hex): 20
[2026/09/11 10:44:23] 发送(hex): 03
[2026/09/11 10:44:23] =>
[2026/09/11 10:44:23] 发送(hex): 0d
[2026/09/11 10:44:23] <INTERRUPT>
[2026/09/11 10:44:23] =>
[2026/09/11 10:44:23] 发送(hex): 20
[2026/09/11 10:44:23] 发送(hex): 03
[2026/09/11 10:44:23] =>
[2026/09/11 10:44:23] 发送(hex): 0d
[2026/09/11 10:44:23] <INTERRUPT>
[2026/09/11 10:44:23] =>
[2026/09/11 10:44:23] 发送(hex): 20
[2026/09/11 10:44:23] 发送(hex): 03
[2026/09/11 10:44:23] =>
[2026/09/11 10:44:23] 发送(hex): 0d
[2026/09/11 10:44:23] <INTERRUPT>
[2026/09/11 10:44:23] =>
[2026/09/11 10:44:24] 发送(hex): 20
[2026/09/11 10:44:24] 发送(hex): 03
[2026/09/11 10:44:24] =>
[2026/09/11 10:44:24] 发送(hex): 0d
[2026/09/11 10:44:24] <INTERRUPT>
[2026/09/11 10:44:24] =>
[2026/09/11 10:44:24] 发送(hex): 20
[2026/09/11 10:44:24] 发送(hex): 03
[2026/09/11 10:44:24] =>
[2026/09/11 10:44:24] 发送(hex): 0d
[2026/09/11 10:44:24] <INTERRUPT>
[2026/09/11 10:44:24] =>
[2026/09/11 10:44:24] 发送(hex): 20
[2026/09/11 10:44:24] 发送(hex): 03
[2026/09/11 10:44:24] =>
[2026/09/11 10:44:24] 发送(hex): 0d
[2026/09/11 10:44:24] <INTERRUPT>
[2026/09/11 10:44:24] =>
[2026/09/11 10:44:24] 发送(hex): 20
[2026/09/11 10:44:24] 发送(hex): 03
[2026/09/11 10:44:24] =>
[2026/09/11 10:44:24] 发送(hex): 0d
[2026/09/11 10:44:24] <INTERRUPT>
[2026/09/11 10:44:24] =>
[2026/09/11 10:44:24] 发送(hex): 20
[2026/09/11 10:44:24] 发送(hex): 03
[2026/09/11 10:44:24] =>
[2026/09/11 10:44:24] 发送(hex): 0d
[2026/09/11 10:44:24] <INTERRUPT>
[2026/09/11 10:44:24] =>
[2026/09/11 10:44:24] 发送(hex): 20
[2026/09/11 10:44:24] 发送(hex): 03
[2026/09/11 10:44:24] =>
[2026/09/11 10:44:24] 发送(hex): 0d
[2026/09/11 10:44:24] <INTERRUPT>
[2026/09/11 10:44:24] =>
[2026/09/11 10:44:24] 发送(hex): 20
[2026/09/11 10:44:24] 发送(hex): 03
[2026/09/11 10:44:24] =>
[2026/09/11 10:44:24] 发送(hex): 0d
[2026/09/11 10:44:24] <INTERRUPT>
[2026/09/11 10:44:24] =>
[2026/09/11 10:44:24] 发送(hex): 20
[2026/09/11 10:44:24] 发送(hex): 03
[2026/09/11 10:44:24] =>
[2026/09/11 10:44:24] 发送(hex): 0d
[2026/09/11 10:44:24] <INTERRUPT>
[2026/09/11 10:44:24] =>
[2026/09/11 10:44:24] 发送(hex): 20
[2026/09/11 10:44:24] 发送(hex): 03
[2026/09/11 10:44:24] =>
[2026/09/11 10:44:24] 发送(hex): 0d
[2026/09/11 10:44:24] <INTERRUPT>
[2026/09/11 10:44:24] =>
[2026/09/11 10:44:24] 发送(hex): 20
[2026/09/11 10:44:24] 发送(hex): 03
[2026/09/11 10:44:24] =>
[2026/09/11 10:44:24] 发送(hex): 0d
[2026/09/11 10:44:24] <INTERRUPT>
[2026/09/11 10:44:24] =>
[2026/09/11 10:44:24] 发送(hex): 20
[2026/09/11 10:44:24] 发送(hex): 03
[2026/09/11 10:44:24] =>
[2026/09/11 10:44:24] 发送(hex): 0d
[2026/09/11 10:44:24] <INTERRUPT>
[2026/09/11 10:44:24] =>
[2026/09/11 10:44:24] 发送(hex): 20
[2026/09/11 10:44:24] 发送(hex): 03
[2026/09/11 10:44:24] =>
[2026/09/11 10:44:24] 发送(hex): 0d
[2026/09/11 10:44:24] <INTERRUPT>
[2026/09/11 10:44:24] =>
[2026/09/11 10:44:24] 发送(hex): 20
[2026/09/11 10:44:24] 发送(hex): 03
[2026/09/11 10:44:24] =>
[2026/09/11 10:44:24] 发送(hex): 0d
[2026/09/11 10:44:24] <INTERRUPT>
[2026/09/11 10:44:24] =>
[2026/09/11 10:44:24] 发送(hex): 20
[2026/09/11 10:44:24] 发送(hex): 03
[2026/09/11 10:44:24] =>
[2026/09/11 10:44:24] 发送(hex): 0d
[2026/09/11 10:44:24] <INTERRUPT>
[2026/09/11 10:44:24] =>
[2026/09/11 10:44:24] 发送(hex): 20
[2026/09/11 10:44:24] 发送(hex): 03
[2026/09/11 10:44:24] =>
[2026/09/11 10:44:24] 发送(hex): 0d
[2026/09/11 10:44:24] <INTERRUPT>
[2026/09/11 10:44:24] =>
[2026/09/11 10:44:24] 发送(hex): 20
[2026/09/11 10:44:24] 发送(hex): 03
[2026/09/11 10:44:24] =>
[2026/09/11 10:44:24] 发送(hex): 0d
[2026/09/11 10:44:24] <INTERRUPT>
[2026/09/11 10:44:24] =>
[2026/09/11 10:44:24] 发送(hex): 20
[2026/09/11 10:44:24] 发送(hex): 03
[2026/09/11 10:44:24] =>
[2026/09/11 10:44:24] 发送(hex): 0d
[2026/09/11 10:44:24] <INTERRUPT>
[2026/09/11 10:44:24] =>
[2026/09/11 10:44:24] 发送(hex): 20
[2026/09/11 10:44:24] 发送(hex): 03
[2026/09/11 10:44:24] =>
[2026/09/11 10:44:24] 发送(hex): 0d
[2026/09/11 10:44:24] <INTERRUPT>
[2026/09/11 10:44:24] =>
[2026/09/11 10:44:24] 发送(hex): 20
[2026/09/11 10:44:24] 发送(hex): 03
[2026/09/11 10:44:24] =>
[2026/09/11 10:44:24] 发送(hex): 0d
[2026/09/11 10:44:24] <INTERRUPT>
[2026/09/11 10:44:24] =>
[2026/09/11 10:44:24] 发送(hex): 20
[2026/09/11 10:44:24] 发送(hex): 03
[2026/09/11 10:44:24] =>
[2026/09/11 10:44:24] 发送(hex): 0d
[2026/09/11 10:44:24] <INTERRUPT>
[2026/09/11 10:44:24] =>
[2026/09/11 10:44:24] 发送(hex): 20
[2026/09/11 10:44:24] 发送(hex): 03
[2026/09/11 10:44:24] =>
[2026/09/11 10:44:24] 发送(hex): 0d
[2026/09/11 10:44:24] <INTERRUPT>
[2026/09/11 10:44:24] =>
[2026/09/11 10:44:24] 发送(hex): 20
[2026/09/11 10:44:24] 发送(hex): 03
[2026/09/11 10:44:24] =>
[2026/09/11 10:44:24] 发送(hex): 0d
[2026/09/11 10:44:24] <INTERRUPT>
[2026/09/11 10:44:24] =>
[2026/09/11 10:44:24] 发送(hex): 20
[2026/09/11 10:44:24] 发送(hex): 03
[2026/09/11 10:44:24] =>
[2026/09/11 10:44:24] 发送(hex): 0d
[2026/09/11 10:44:24] <INTERRUPT>
[2026/09/11 10:44:24] =>
[2026/09/11 10:44:24] 发送(hex): 20
[2026/09/11 10:44:24] 发送(hex): 03
[2026/09/11 10:44:24] =>
[2026/09/11 10:44:24] 发送(hex): 0d
[2026/09/11 10:44:24] <INTERRUPT>
[2026/09/11 10:44:24] =>
[2026/09/11 10:44:24] 发送(hex): 20
[2026/09/11 10:44:24] 发送(hex): 03
[2026/09/11 10:44:24] =>
[2026/09/11 10:44:24] 发送(hex): 0d
[2026/09/11 10:44:24] 发送(hex): 20
[2026/09/11 10:44:24] <INTERRUPT>
[2026/09/11 10:44:24] =>
[2026/09/11 10:44:24] 发送(hex): 03
[2026/09/11 10:44:24] =>
[2026/09/11 10:44:24] 发送(hex): 0d
[2026/09/11 10:44:24] 发送(hex): 20
[2026/09/11 10:44:24] <INTERRUPT>
[2026/09/11 10:44:24] =>
[2026/09/11 10:44:24] =>
[2026/09/11 10:44:24] 发送(hex): 03
[2026/09/11 10:44:24] 发送(hex): 0d
[2026/09/11 10:44:24] 发送(hex): 20
[2026/09/11 10:44:24] <INTERRUPT>
[2026/09/11 10:44:24] =>
[2026/09/11 10:44:24] =>
[2026/09/11 10:44:24] 发送(hex): 03
[2026/09/11 10:44:24] 发送(hex): 0d
[2026/09/11 10:44:24] 发送(hex): 20
[2026/09/11 10:44:24] <INTERRUPT>
[2026/09/11 10:44:24] =>
[2026/09/11 10:44:24] =>
[2026/09/11 10:44:24] 发送(hex): 03
[2026/09/11 10:44:24] 发送(hex): 0d
[2026/09/11 10:44:24] 发送(hex): 20
[2026/09/11 10:44:24] <INTERRUPT>
[2026/09/11 10:44:24] =>
[2026/09/11 10:44:24] =>
[2026/09/11 10:44:24] 发送(hex): 03
[2026/09/11 10:44:24] 发送(hex): 0d
[2026/09/11 10:44:24] 发送(hex): 20
[2026/09/11 10:44:24] <INTERRUPT>
[2026/09/11 10:44:24] =>
[2026/09/11 10:44:24] =>
[2026/09/11 10:44:24] 发送(hex): 03
[2026/09/11 10:44:24] 发送(hex): 0d
[2026/09/11 10:44:24] 发送(hex): 20
[2026/09/11 10:44:24] <INTERRUPT>
[2026/09/11 10:44:24] =>
[2026/09/11 10:44:24] =>
[2026/09/11 10:44:25] 发送(hex): 03
[2026/09/11 10:44:25] 发送(hex): 0d
[2026/09/11 10:44:25] 发送(hex): 20
[2026/09/11 10:44:25] <INTERRUPT>
[2026/09/11 10:44:25] =>
[2026/09/11 10:44:25] =>
[2026/09/11 10:44:25] 发送(hex): 03
[2026/09/11 10:44:25] 发送(hex): 0d
[2026/09/11 10:44:25] 发送(hex): 20
[2026/09/11 10:44:25] <INTERRUPT>
[2026/09/11 10:44:25] =>
[2026/09/11 10:44:25] =>
[2026/09/11 10:44:25] 发送(hex): 03
[2026/09/11 10:44:25] 发送(hex): 0d
[2026/09/11 10:44:25] 发送(hex): 20
[2026/09/11 10:44:25] <INTERRUPT>
[2026/09/11 10:44:25] =>
[2026/09/11 10:44:25] =>
[2026/09/11 10:44:25] 发送(hex): 03
[2026/09/11 10:44:25] 发送(hex): 0d
[2026/09/11 10:44:25] 发送(hex): 20
[2026/09/11 10:44:25] <INTERRUPT>
[2026/09/11 10:44:25] =>
[2026/09/11 10:44:25] =>
[2026/09/11 10:44:25] 发送(hex): 03
[2026/09/11 10:44:25] 发送(hex): 0d
[2026/09/11 10:44:25] 发送(hex): 20
[2026/09/11 10:44:25] <INTERRUPT>
[2026/09/11 10:44:25] =>
[2026/09/11 10:44:25] =>
[2026/09/11 10:44:25] 发送(hex): 03
[2026/09/11 10:44:25] 发送(hex): 0d
[2026/09/11 10:44:25] 发送(hex): 20
[2026/09/11 10:44:25] <INTERRUPT>
[2026/09/11 10:44:25] =>
[2026/09/11 10:44:25] =>
[2026/09/11 10:44:25] 发送(hex): 03
[2026/09/11 10:44:25] 发送(hex): 0d
[2026/09/11 10:44:25] 发送(hex): 20
[2026/09/11 10:44:25] <INTERRUPT>
[2026/09/11 10:44:25] =>
[2026/09/11 10:44:25] =>
[2026/09/11 10:44:25] 发送(hex): 03
[2026/09/11 10:44:25] 发送(hex): 0d
[2026/09/11 10:44:25] 发送(hex): 20
[2026/09/11 10:44:25] <INTERRUPT>
[2026/09/11 10:44:25] =>
[2026/09/11 10:44:25] =>
[2026/09/11 10:44:25] 发送(hex): 03
[2026/09/11 10:44:25] 发送(hex): 0d
[2026/09/11 10:44:25] 发送(hex): 20
[2026/09/11 10:44:25] <INTERRUPT>
[2026/09/11 10:44:25] =>
[2026/09/11 10:44:25] =>
[2026/09/11 10:44:25] 发送(hex): 03
[2026/09/11 10:44:25] 发送(hex): 0d
[2026/09/11 10:44:25] 发送(hex): 20
[2026/09/11 10:44:25] <INTERRUPT>
[2026/09/11 10:44:25] =>
[2026/09/11 10:44:25] =>
[2026/09/11 10:44:25] 发送(hex): 03
[2026/09/11 10:44:25] 发送(hex): 0d
[2026/09/11 10:44:25] 发送(hex): 20
[2026/09/11 10:44:25] <INTERRUPT>
[2026/09/11 10:44:25] =>
[2026/09/11 10:44:25] =>
[2026/09/11 10:44:25] 发送(hex): 03
[2026/09/11 10:44:25] 发送(hex): 0d
[2026/09/11 10:44:25] 发送(hex): 20
[2026/09/11 10:44:25] <INTERRUPT>
[2026/09/11 10:44:25] =>
[2026/09/11 10:44:25] =>
[2026/09/11 10:44:25] 发送(hex): 03
[2026/09/11 10:44:25] 发送(hex): 0d
[2026/09/11 10:44:25] 发送(hex): 20
[2026/09/11 10:44:25] <INTERRUPT>
[2026/09/11 10:44:25] =>
[2026/09/11 10:44:25] =>
[2026/09/11 10:44:25] 发送(hex): 03
[2026/09/11 10:44:25] 发送(hex): 0d
[2026/09/11 10:44:25] 发送(hex): 20
[2026/09/11 10:44:25] <INTERRUPT>
[2026/09/11 10:44:25] =>
[2026/09/11 10:44:25] =>
[2026/09/11 10:44:25] 发送(hex): 03
[2026/09/11 10:44:25] 发送(hex): 0d
[2026/09/11 10:44:25] 发送(hex): 20
[2026/09/11 10:44:25] <INTERRUPT>
[2026/09/11 10:44:25] =>
[2026/09/11 10:44:25] =>
[2026/09/11 10:44:25] 发送(hex): 03
[2026/09/11 10:44:25] 发送(hex): 0d
[2026/09/11 10:44:25] 发送(hex): 20
[2026/09/11 10:44:25] <INTERRUPT>
[2026/09/11 10:44:25] =>
[2026/09/11 10:44:25] =>
[2026/09/11 10:44:25] 发送(hex): 03
[2026/09/11 10:44:25] 发送(hex): 0d
[2026/09/11 10:44:25] 发送(hex): 20
[2026/09/11 10:44:25] <INTERRUPT>
[2026/09/11 10:44:25] =>
[2026/09/11 10:44:25] =>
[2026/09/11 10:44:25] 发送(hex): 03
[2026/09/11 10:44:25] 发送(hex): 0d
[2026/09/11 10:44:25] 发送(hex): 20
[2026/09/11 10:44:25] <INTERRUPT>
[2026/09/11 10:44:25] =>
[2026/09/11 10:44:25] =>
[2026/09/11 10:44:25] 发送(hex): 03
[2026/09/11 10:44:25] 发送(hex): 0d
[2026/09/11 10:44:25] 发送(hex): 20
[2026/09/11 10:44:25] <INTERRUPT>
[2026/09/11 10:44:25] =>
[2026/09/11 10:44:25] =>
[2026/09/11 10:44:25] 发送(hex): 03
[2026/09/11 10:44:25] 发送(hex): 0d
[2026/09/11 10:44:25] 发送(hex): 20
[2026/09/11 10:44:25] <INTERRUPT>
[2026/09/11 10:44:25] =>
[2026/09/11 10:44:25] =>
[2026/09/11 10:44:25] 发送(hex): 03
[2026/09/11 10:44:25] 发送(hex): 0d
[2026/09/11 10:44:25] 发送(hex): 20
[2026/09/11 10:44:25] <INTERRUPT>
[2026/09/11 10:44:25] =>
[2026/09/11 10:44:25] =>
[2026/09/11 10:44:25] 发送(hex): 03
[2026/09/11 10:44:25] 发送(hex): 0d
[2026/09/11 10:44:25] 发送(hex): 20
[2026/09/11 10:44:25] <INTERRUPT>
[2026/09/11 10:44:25] =>
[2026/09/11 10:44:25] =>
[2026/09/11 10:44:25] 发送(hex): 03
[2026/09/11 10:44:25] 发送(hex): 0d
[2026/09/11 10:44:25] 发送(hex): 20
[2026/09/11 10:44:25] <INTERRUPT>
[2026/09/11 10:44:25] =>
[2026/09/11 10:44:25] =>
[2026/09/11 10:44:25] 发送(hex): 03
[2026/09/11 10:44:25] 发送(hex): 0d
[2026/09/11 10:44:25] 发送(hex): 20
[2026/09/11 10:44:25] <INTERRUPT>
[2026/09/11 10:44:25] =>
[2026/09/11 10:44:25] =>
[2026/09/11 10:44:25] 发送(hex): 03
[2026/09/11 10:44:25] 发送(hex): 0d
[2026/09/11 10:44:25] 发送(hex): 20
[2026/09/11 10:44:25] <INTERRUPT>
[2026/09/11 10:44:25] =>
[2026/09/11 10:44:25] =>
[2026/09/11 10:44:25] 发送(hex): 03
[2026/09/11 10:44:25] 发送(hex): 0d
[2026/09/11 10:44:25] 发送(hex): 20
[2026/09/11 10:44:25] <INTERRUPT>
[2026/09/11 10:44:25] =>
[2026/09/11 10:44:25] =>
[2026/09/11 10:44:25] 发送(hex): 03
[2026/09/11 10:44:25] 发送(hex): 0d
[2026/09/11 10:44:25] 发送(hex): 20
[2026/09/11 10:44:25] <INTERRUPT>
[2026/09/11 10:44:25] =>
[2026/09/11 10:44:25] =>
[2026/09/11 10:44:25] 发送(hex): 03
[2026/09/11 10:44:25] 发送(hex): 0d
[2026/09/11 10:44:25] 发送(hex): 20
[2026/09/11 10:44:25] <INTERRUPT>
[2026/09/11 10:44:25] =>
[2026/09/11 10:44:25] =>
[2026/09/11 10:44:25] 发送(hex): 03
[2026/09/11 10:44:25] 发送(hex): 0d
[2026/09/11 10:44:25] 发送(hex): 20
[2026/09/11 10:44:25] <INTERRUPT>
[2026/09/11 10:44:25] =>
[2026/09/11 10:44:25] =>
[2026/09/11 10:44:25] 发送(hex): 03
[2026/09/11 10:44:25] 发送(hex): 0d
[2026/09/11 10:44:25] 发送(hex): 20
[2026/09/11 10:44:25] <INTERRUPT>
[2026/09/11 10:44:25] =>
[2026/09/11 10:44:25] =>
[2026/09/11 10:44:25] 发送(hex): 03
[2026/09/11 10:44:25] 发送(hex): 0d
[2026/09/11 10:44:25] 发送(hex): 20
[2026/09/11 10:44:25] <INTERRUPT>
[2026/09/11 10:44:25] =>
[2026/09/11 10:44:25] =>
[2026/09/11 10:44:25] 发送(hex): 03
[2026/09/11 10:44:26] 发送(hex): 0d
[2026/09/11 10:44:26] 发送(hex): 20
[2026/09/11 10:44:26] <INTERRUPT>
[2026/09/11 10:44:26] =>
[2026/09/11 10:44:26] =>
[2026/09/11 10:44:26] 发送(hex): 03
[2026/09/11 10:44:26] 发送(hex): 0d
[2026/09/11 10:44:26] 发送(hex): 20
[2026/09/11 10:44:26] <INTERRUPT>
[2026/09/11 10:44:26] =>
[2026/09/11 10:44:26] =>
[2026/09/11 10:44:26] 发送(hex): 03
[2026/09/11 10:44:26] 发送(hex): 0d
[2026/09/11 10:44:26] 发送(hex): 20
[2026/09/11 10:44:26] <INTERRUPT>
[2026/09/11 10:44:26] =>
[2026/09/11 10:44:26] =>
[2026/09/11 10:44:26] 发送(hex): 03
[2026/09/11 10:44:26] 发送(hex): 0d
[2026/09/11 10:44:26] 发送(hex): 20
[2026/09/11 10:44:26] <INTERRUPT>
[2026/09/11 10:44:26] =>
[2026/09/11 10:44:26] =>
[2026/09/11 10:44:26] 发送(hex): 03
[2026/09/11 10:44:26] 发送(hex): 0d
[2026/09/11 10:44:26] <INTE
[2026/09/11 10:44:26] 发送(hex): 20
[2026/09/11 10:44:26] RRUPT>
[2026/09/11 10:44:26] =>
[2026/09/11 10:44:26] =>
[2026/09/11 10:44:26] 发送(hex): 03
[2026/09/11 10:44:26] 发送(hex): 0d
[2026/09/11 10:44:26] <INTERR
[2026/09/11 10:44:26] 发送(hex): 20
[2026/09/11 10:44:26] UPT>
[2026/09/11 10:44:26] =>
[2026/09/11 10:44:26] =>
[2026/09/11 10:44:26] 发送(hex): 03
[2026/09/11 10:44:26] 发送(hex): 0d
[2026/09/11 10:44:26] <INTERRU
[2026/09/11 10:44:26] 发送(hex): 20
[2026/09/11 10:44:26] PT>
[2026/09/11 10:44:26] =>
[2026/09/11 10:44:26] =>
[2026/09/11 10:44:26] 发送(hex): 03
[2026/09/11 10:44:26] 发送(hex): 0d
[2026/09/11 10:44:26] <INTE
[2026/09/11 10:44:26] 发送(hex): 20
[2026/09/11 10:44:26] RRUPT>
[2026/09/11 10:44:26] =>
[2026/09/11 10:44:26] =>
[2026/09/11 10:44:26] 发送(hex): 03
[2026/09/11 10:44:26] 发送(hex): 0d
[2026/09/11 10:44:26] <INTERRU
[2026/09/11 10:44:26] 发送(hex): 20
[2026/09/11 10:44:26] PT>
[2026/09/11 10:44:26] =>
[2026/09/11 10:44:26] =>
[2026/09/11 10:44:26] 发送(hex): 03
[2026/09/11 10:44:26] 发送(hex): 0d
[2026/09/11 10:44:26] 发送(hex): 20
[2026/09/11 10:44:26] <INTERRUPT>
[2026/09/11 10:44:26] =>
[2026/09/11 10:44:26] =>
[2026/09/11 10:44:26] 发送(hex): 03
[2026/09/11 10:44:26] 发送(hex): 0d
[2026/09/11 10:44:26] <INT
[2026/09/11 10:44:26] 发送(hex): 20
[2026/09/11 10:44:26] ERRUPT>
[2026/09/11 10:44:26] =>
[2026/09/11 10:44:26] =>
[2026/09/11 10:44:26] 发送(hex): 03
[2026/09/11 10:44:26] 发送(hex): 0d
[2026/09/11 10:44:26] <INTE
[2026/09/11 10:44:26] 发送(hex): 20
[2026/09/11 10:44:26] RRUPT>
[2026/09/11 10:44:26] =>
[2026/09/11 10:44:26] =>
[2026/09/11 10:44:26] 发送(hex): 03
[2026/09/11 10:44:26] 发送(hex): 0d
[2026/09/11 10:44:26] <INTERRUPT
[2026/09/11 10:44:26] 发送(hex): 20
[2026/09/11 10:44:26] >
[2026/09/11 10:44:26] =>
[2026/09/11 10:44:26] =>
[2026/09/11 10:44:26] 发送(hex): 03
[2026/09/11 10:44:26] 发送(hex): 0d
[2026/09/11 10:44:26] <INTER
[2026/09/11 10:44:26] 发送(hex): 20
[2026/09/11 10:44:26] RUPT>
[2026/09/11 10:44:26] =>
[2026/09/11 10:44:26] =>
[2026/09/11 10:44:26] 发送(hex): 03
[2026/09/11 10:44:26] 发送(hex): 0d
[2026/09/11 10:44:26] <INTERRUP
[2026/09/11 10:44:26] 发送(hex): 20
[2026/09/11 10:44:26] T>
[2026/09/11 10:44:26] =>
[2026/09/11 10:44:26] =>
[2026/09/11 10:44:26] 发送(hex): 03
[2026/09/11 10:44:26] 发送(hex): 0d
[2026/09/11 10:44:26] <INTERRUPT>
[2026/09/11 10:44:26] =>
[2026/09/11 10:44:26] 发送(hex): 20
[2026/09/11 10:44:26] =>
[2026/09/11 10:44:26] 发送(hex): 03
[2026/09/11 10:44:26] 发送(hex): 0d
[2026/09/11 10:44:26] <INTERRUPT>
[2026/09/11 10:44:26] =>
[2026/09/11 10:44:26] 发送(hex): 20
[2026/09/11 10:44:26] =>
[2026/09/11 10:44:26] 发送(hex): 03
[2026/09/11 10:44:26] 发送(hex): 0d
[2026/09/11 10:44:26] <INTERRUPT>
[2026/09/11 10:44:26] =>
[2026/09/11 10:44:26] 发送(hex): 20
[2026/09/11 10:44:26] =>
[2026/09/11 10:44:26] 发送(hex): 03
[2026/09/11 10:44:26] 发送(hex): 0d
[2026/09/11 10:44:26] <INTERRUPT>
[2026/09/11 10:44:26] =>
[2026/09/11 10:44:26] 发送(hex): 20
[2026/09/11 10:44:26] =>
[2026/09/11 10:44:26] 发送(hex): 03
[2026/09/11 10:44:26] 发送(hex): 0d
[2026/09/11 10:44:26] <INTERRUPT>
[2026/09/11 10:44:26] =>
[2026/09/11 10:44:26] 发送(hex): 20
[2026/09/11 10:44:26] =>
[2026/09/11 10:44:26] 发送(hex): 03
[2026/09/11 10:44:26] 发送(hex): 0d
[2026/09/11 10:44:26] <INTERRUPT>
[2026/09/11 10:44:26] =>
[2026/09/11 10:44:26] 发送(hex): 20
[2026/09/11 10:44:26] =>
[2026/09/11 10:44:26] 发送(hex): 03
[2026/09/11 10:44:26] 发送(hex): 0d
[2026/09/11 10:44:26] <INTERRUPT>
[2026/09/11 10:44:26] =>
[2026/09/11 10:44:26] 发送(hex): 20
[2026/09/11 10:44:26] =>
[2026/09/11 10:44:26] 发送(hex): 03
[2026/09/11 10:44:26] 发送(hex): 0d
[2026/09/11 10:44:26] <INTERRUPT>
[2026/09/11 10:44:26] =>
[2026/09/11 10:44:26] 发送(hex): 20
[2026/09/11 10:44:26] =>
[2026/09/11 10:44:26] 发送(hex): 03
[2026/09/11 10:44:26] 发送(hex): 0d
[2026/09/11 10:44:26] <INTERRUPT>
[2026/09/11 10:44:26] =>
[2026/09/11 10:44:26] 发送(hex): 20
[2026/09/11 10:44:26] =>
[2026/09/11 10:44:26] 发送(hex): 03
[2026/09/11 10:44:26] 发送(hex): 0d
[2026/09/11 10:44:26] <INTERRUPT>
[2026/09/11 10:44:26] =>
[2026/09/11 10:44:26] 发送(hex): 20
[2026/09/11 10:44:26] =>
[2026/09/11 10:44:26] 发送(hex): 03
[2026/09/11 10:44:26] 发送(hex): 0d
[2026/09/11 10:44:26] <INTERRUPT>
[2026/09/11 10:44:26] =>
[2026/09/11 10:44:26] 发送(hex): 20
[2026/09/11 10:44:26] =>
[2026/09/11 10:44:26] 发送(hex): 03
[2026/09/11 10:44:26] 发送(hex): 0d
[2026/09/11 10:44:26] <INTERRUPT>
[2026/09/11 10:44:26] =>
[2026/09/11 10:44:26] 发送(hex): 20
[2026/09/11 10:44:26] =>
[2026/09/11 10:44:26] 发送(hex): 03
[2026/09/11 10:44:26] 发送(hex): 0d
[2026/09/11 10:44:26] <INTERRUPT>
[2026/09/11 10:44:26] =>
[2026/09/11 10:44:26] 发送(hex): 20
[2026/09/11 10:44:26] =>
[2026/09/11 10:44:26] 发送(hex): 03
[2026/09/11 10:44:26] 发送(hex): 0d
[2026/09/11 10:44:26] <INTERRUPT>
[2026/09/11 10:44:26] =>
[2026/09/11 10:44:26] 发送(hex): 20
[2026/09/11 10:44:26] =>
[2026/09/11 10:44:26] 发送(hex): 03
[2026/09/11 10:44:26] 发送(hex): 0d
[2026/09/11 10:44:26] <INTERRUPT>
[2026/09/11 10:44:26] =>
[2026/09/11 10:44:26] 发送(hex): 20
[2026/09/11 10:44:26] =>
[2026/09/11 10:44:26] 发送(hex): 03
[2026/09/11 10:44:26] 发送(hex): 0d
[2026/09/11 10:44:26] <INTERRUPT>
[2026/09/11 10:44:26] =>
[2026/09/11 10:44:26] 发送(hex): 20
[2026/09/11 10:44:26] =>
[2026/09/11 10:44:26] 发送(hex): 03
[2026/09/11 10:44:26] 发送(hex): 0d
[2026/09/11 10:44:26] <INTERRUPT>
[2026/09/11 10:44:26] =>
[2026/09/11 10:44:27] 发送(hex): 20
[2026/09/11 10:44:27] =>
[2026/09/11 10:44:27] 发送(hex): 03
[2026/09/11 10:44:27] 发送(hex): 0d
[2026/09/11 10:44:27] <INTERRUPT>
[2026/09/11 10:44:27] =>
[2026/09/11 10:44:27] 发送(hex): 20
[2026/09/11 10:44:27] 发送(hex): 03
[2026/09/11 10:44:27] =>
[2026/09/11 10:44:27] 发送(hex): 0d
[2026/09/11 10:44:27] <INTERRUPT>
[2026/09/11 10:44:27] =>
[2026/09/11 10:44:27] 发送(hex): 20
[2026/09/11 10:44:27] =>
[2026/09/11 10:44:27] 发送(hex): 03
[2026/09/11 10:44:27] 发送(hex): 0d
[2026/09/11 10:44:27] <INTERRUPT>
[2026/09/11 10:44:27] =>
[2026/09/11 10:44:27] 发送(hex): 20
[2026/09/11 10:44:27] =>
[2026/09/11 10:44:27] 发送(hex): 03
[2026/09/11 10:44:27] 发送(hex): 0d
[2026/09/11 10:44:27] <INTERRUPT>
[2026/09/11 10:44:27] =>
[2026/09/11 10:44:27] 发送(hex): 20
[2026/09/11 10:44:27] =>
[2026/09/11 10:44:27] 发送(hex): 03
[2026/09/11 10:44:27] 发送(hex): 0d
[2026/09/11 10:44:27] <INTERRUPT>
[2026/09/11 10:44:27] =>
[2026/09/11 10:44:27] 发送(hex): 20
[2026/09/11 10:44:27] =>
[2026/09/11 10:44:27] 发送(hex): 03
[2026/09/11 10:44:27] 发送(hex): 0d
[2026/09/11 10:44:27] <INTERRUPT>
[2026/09/11 10:44:27] =>
[2026/09/11 10:44:27] 发送(hex): 20
[2026/09/11 10:44:27] =>
[2026/09/11 10:44:27] 发送(hex): 03
[2026/09/11 10:44:27] 发送(hex): 0d
[2026/09/11 10:44:27] <INTERRUPT>
[2026/09/11 10:44:27] =>
[2026/09/11 10:44:27] 发送(hex): 20
[2026/09/11 10:44:27] =>
[2026/09/11 10:44:27] 发送(hex): 03
[2026/09/11 10:44:27] 发送(hex): 0d
[2026/09/11 10:44:27] <INTERRUPT>
[2026/09/11 10:44:27] =>
[2026/09/11 10:44:27] 发送(hex): 20
[2026/09/11 10:44:27] =>
[2026/09/11 10:44:27] 发送(hex): 03
[2026/09/11 10:44:27] 发送(hex): 0d
[2026/09/11 10:44:27] <INTERRUPT>
[2026/09/11 10:44:27] =>
[2026/09/11 10:44:27] 发送(hex): 20
[2026/09/11 10:44:27] =>
[2026/09/11 10:44:27] 发送(hex): 03
[2026/09/11 10:44:27] 发送(hex): 0d
[2026/09/11 10:44:27] <INTERRUPT>
[2026/09/11 10:44:27] =>
[2026/09/11 10:44:27] 发送(hex): 20
[2026/09/11 10:44:27] 发送(hex): 03
[2026/09/11 10:44:27] =>
[2026/09/11 10:44:27] 发送(hex): 0d
[2026/09/11 10:44:27] <INTERRUPT>
[2026/09/11 10:44:27] =>
[2026/09/11 10:44:27] 发送(hex): 20
[2026/09/11 10:44:27] =>
[2026/09/11 10:44:27] 发送(hex): 03
[2026/09/11 10:44:27] 发送(hex): 0d
[2026/09/11 10:44:27] <INTERRUPT>
[2026/09/11 10:44:27] =>
[2026/09/11 10:44:27] 发送(hex): 20
[2026/09/11 10:44:27] 发送(hex): 03
[2026/09/11 10:44:27] =>
[2026/09/11 10:44:27] 发送(hex): 0d
[2026/09/11 10:44:27] <INTERRUPT>
[2026/09/11 10:44:27] =>
[2026/09/11 10:44:27] 发送(hex): 20
[2026/09/11 10:44:27] 发送(hex): 03
[2026/09/11 10:44:27] =>
[2026/09/11 10:44:27] 发送(hex): 0d
[2026/09/11 10:44:27] <INTERRUPT>
[2026/09/11 10:44:27] =>
[2026/09/11 10:44:27] 发送(hex): 20
[2026/09/11 10:44:27] =>
[2026/09/11 10:44:27] 发送(hex): 03
[2026/09/11 10:44:27] 发送(hex): 0d
[2026/09/11 10:44:27] <INTERRUPT>
[2026/09/11 10:44:27] =>
[2026/09/11 10:44:27] 发送(hex): 20
[2026/09/11 10:44:27] =>
[2026/09/11 10:44:27] 发送(hex): 03
[2026/09/11 10:44:27] 发送(hex): 0d
[2026/09/11 10:44:27] <INTERRUPT>
[2026/09/11 10:44:27] =>
[2026/09/11 10:44:27] 发送(hex): 20
[2026/09/11 10:44:27] =>
[2026/09/11 10:44:27] 发送(hex): 03
[2026/09/11 10:44:27] 发送(hex): 0d
[2026/09/11 10:44:27] <INTERRUPT>
[2026/09/11 10:44:27] =>
[2026/09/11 10:44:27] 发送(hex): 20
[2026/09/11 10:44:27] =>
[2026/09/11 10:44:27] 发送(hex): 03
[2026/09/11 10:44:27] 发送(hex): 0d
[2026/09/11 10:44:27] <INTERRUPT>
[2026/09/11 10:44:27] =>
[2026/09/11 10:44:27] 发送(hex): 20
[2026/09/11 10:44:27] =>
[2026/09/11 10:44:27] 发送(hex): 03
[2026/09/11 10:44:27] 发送(hex): 0d
[2026/09/11 10:44:27] <INTERRUPT>
[2026/09/11 10:44:27] =>
[2026/09/11 10:44:27] 发送(hex): 20
[2026/09/11 10:44:27] =>
[2026/09/11 10:44:27] 发送(hex): 03
[2026/09/11 10:44:27] 发送(hex): 0d
[2026/09/11 10:44:27] <INTERRUPT>
[2026/09/11 10:44:27] =>
[2026/09/11 10:44:27] 发送(hex): 20
[2026/09/11 10:44:27] =>
[2026/09/11 10:44:27] 发送(hex): 03
[2026/09/11 10:44:27] 发送(hex): 0d
[2026/09/11 10:44:27] <INTERRUPT>
[2026/09/11 10:44:27] =>
[2026/09/11 10:44:27] 发送(hex): 20
[2026/09/11 10:44:27] =>
[2026/09/11 10:44:27] 发送(hex): 03
[2026/09/11 10:44:27] 发送(hex): 0d
[2026/09/11 10:44:27] <INTERRUPT>
[2026/09/11 10:44:27] =>
[2026/09/11 10:44:27] 发送(hex): 20
[2026/09/11 10:44:27] =>
[2026/09/11 10:44:27] 发送(hex): 03
[2026/09/11 10:44:27] 发送(hex): 0d
[2026/09/11 10:44:27] <INTERRUPT>
[2026/09/11 10:44:27] =>
[2026/09/11 10:44:27] 发送(hex): 20
[2026/09/11 10:44:27] =>
[2026/09/11 10:44:27] 发送(hex): 03
[2026/09/11 10:44:27] 发送(hex): 0d
[2026/09/11 10:44:27] <INTERRUPT>
[2026/09/11 10:44:27] =>
[2026/09/11 10:44:27] 发送(hex): 20
[2026/09/11 10:44:27] =>
[2026/09/11 10:44:27] 发送(hex): 03
[2026/09/11 10:44:27] 发送(hex): 0d
[2026/09/11 10:44:27] <INTERRUPT>
[2026/09/11 10:44:27] =>
[2026/09/11 10:44:27] 发送(hex): 20
[2026/09/11 10:44:27] =>
[2026/09/11 10:44:27] 发送(hex): 03
[2026/09/11 10:44:27] 发送(hex): 0d
[2026/09/11 10:44:27] <INTERRUPT>
[2026/09/11 10:44:27] =>
[2026/09/11 10:44:27] 发送(hex): 20
[2026/09/11 10:44:27] =>
[2026/09/11 10:44:27] 发送(hex): 03
[2026/09/11 10:44:27] 发送(hex): 0d
[2026/09/11 10:44:27] <INTERRUPT>
[2026/09/11 10:44:27] =>
[2026/09/11 10:44:27] 发送(hex): 20
[2026/09/11 10:44:27] =>
[2026/09/11 10:44:27] 发送(hex): 03
[2026/09/11 10:44:27] 发送(hex): 0d
[2026/09/11 10:44:27] <INTERRUPT>
[2026/09/11 10:44:27] =>
[2026/09/11 10:44:27] 发送(hex): 20
[2026/09/11 10:44:27] =>
[2026/09/11 10:44:27] 发送(hex): 03
[2026/09/11 10:44:27] 发送(hex): 0d
[2026/09/11 10:44:27] <INTERRUPT>
[2026/09/11 10:44:27] =>
[2026/09/11 10:44:27] 发送(hex): 20
[2026/09/11 10:44:27] =>
[2026/09/11 10:44:27] 发送(hex): 03
[2026/09/11 10:44:27] 发送(hex): 0d
[2026/09/11 10:44:27] <INTERRUPT>
[2026/09/11 10:44:27] =>
[2026/09/11 10:44:27] 发送(hex): 20
[2026/09/11 10:44:27] =>
[2026/09/11 10:44:27] 发送(hex): 03
[2026/09/11 10:44:27] 发送(hex): 0d
[2026/09/11 10:44:27] <INTERRUPT>
[2026/09/11 10:44:27] =>
[2026/09/11 10:44:27] 发送(hex): 20
[2026/09/11 10:44:27] =>
[2026/09/11 10:44:28] 发送(hex): 03
[2026/09/11 10:44:28] 发送(hex): 0d
[2026/09/11 10:44:28] <INTERRUPT>
[2026/09/11 10:44:28] =>
[2026/09/11 10:44:28] 发送(hex): 20
[2026/09/11 10:44:28] =>
[2026/09/11 10:44:28] 发送(hex): 03
[2026/09/11 10:44:28] 发送(hex): 0d
[2026/09/11 10:44:28] <INTERRUPT>
[2026/09/11 10:44:28] =>
[2026/09/11 10:44:28] 发送(hex): 20
[2026/09/11 10:44:28] =>
[2026/09/11 10:44:28] 发送(hex): 03
[2026/09/11 10:44:28] 发送(hex): 0d
[2026/09/11 10:44:28] <INTERRUPT>
[2026/09/11 10:44:28] =>
[2026/09/11 10:44:28] 发送(hex): 20
[2026/09/11 10:44:28] =>
[2026/09/11 10:44:28] 发送(hex): 03
[2026/09/11 10:44:28] 发送(hex): 0d
[2026/09/11 10:44:28] <INTERRUPT>
[2026/09/11 10:44:28] =>
[2026/09/11 10:44:28] 发送(hex): 20
[2026/09/11 10:44:28] =>
[2026/09/11 10:44:28] 发送(hex): 03
[2026/09/11 10:44:28] 发送(hex): 0d
[2026/09/11 10:44:28] <INTERRUPT>
[2026/09/11 10:44:28] =>
[2026/09/11 10:44:28] 发送(hex): 20
[2026/09/11 10:44:28] =>
[2026/09/11 10:44:28] 发送(hex): 03
[2026/09/11 10:44:28] 发送(hex): 0d
[2026/09/11 10:44:28] <INTERRUPT>
[2026/09/11 10:44:28] =>
[2026/09/11 10:44:28] 发送(hex): 20
[2026/09/11 10:44:28] =>
[2026/09/11 10:44:28] 发送(hex): 03
[2026/09/11 10:44:28] 发送(hex): 0d
[2026/09/11 10:44:28] <INTERRUPT>
[2026/09/11 10:44:28] =>
[2026/09/11 10:44:28] 发送(hex): 20
[2026/09/11 10:44:28] =>
[2026/09/11 10:44:28] 发送(hex): 03
[2026/09/11 10:44:28] 发送(hex): 0d
[2026/09/11 10:44:28] <INTERRUPT>
[2026/09/11 10:44:28] =>
[2026/09/11 10:44:28] 发送(hex): 20
[2026/09/11 10:44:28] =>
[2026/09/11 10:44:28] 发送(hex): 03
[2026/09/11 10:44:28] 发送(hex): 0d
[2026/09/11 10:44:28] <INTERRUPT>
[2026/09/11 10:44:28] =>
[2026/09/11 10:44:28] 发送(hex): 20
[2026/09/11 10:44:28] =>
[2026/09/11 10:44:28] 发送(hex): 03
[2026/09/11 10:44:28] 发送(hex): 0d
[2026/09/11 10:44:28] <INTERRUPT>
[2026/09/11 10:44:28] =>
[2026/09/11 10:44:28] 发送(hex): 20
[2026/09/11 10:44:28] =>
[2026/09/11 10:44:28] 发送(hex): 03
[2026/09/11 10:44:28] 发送(hex): 0d
[2026/09/11 10:44:28] <INTERRUPT>
[2026/09/11 10:44:28] =>
[2026/09/11 10:44:28] 发送(hex): 20
[2026/09/11 10:44:28] =>
[2026/09/11 10:44:28] 发送(hex): 03
[2026/09/11 10:44:28] 发送(hex): 0d
[2026/09/11 10:44:28] <INTERRUPT>
[2026/09/11 10:44:28] =>
[2026/09/11 10:44:28] 发送(hex): 20
[2026/09/11 10:44:28] =>
[2026/09/11 10:44:28] 发送(hex): 03
[2026/09/11 10:44:28] 发送(hex): 0d
[2026/09/11 10:44:28] <INTERRUPT>
[2026/09/11 10:44:28] =>
[2026/09/11 10:44:28] 发送(hex): 20
[2026/09/11 10:44:28] =>
[2026/09/11 10:44:28] 发送(hex): 03
[2026/09/11 10:44:28] 发送(hex): 0d
[2026/09/11 10:44:28] <INTERRUPT>
[2026/09/11 10:44:28] =>
[2026/09/11 10:44:28] 发送(hex): 20
[2026/09/11 10:44:28] =>
[2026/09/11 10:44:28] 发送(hex): 03
[2026/09/11 10:44:28] 发送(hex): 0d
[2026/09/11 10:44:28] <INTERRUPT>
[2026/09/11 10:44:28] =>
[2026/09/11 10:44:28] 发送(hex): 20
[2026/09/11 10:44:28] =>
[2026/09/11 10:44:28] 发送(hex): 03
[2026/09/11 10:44:28] 发送(hex): 0d
[2026/09/11 10:44:28] <INTERRUPT>
[2026/09/11 10:44:28] =>
[2026/09/11 10:44:28] 发送(hex): 20
[2026/09/11 10:44:28] =>
[2026/09/11 10:44:28] 发送(hex): 03
[2026/09/11 10:44:28] 发送(hex): 0d
[2026/09/11 10:44:28] <INTERRUPT>
[2026/09/11 10:44:28] =>
[2026/09/11 10:44:28] 发送(hex): 20
[2026/09/11 10:44:28] =>
[2026/09/11 10:44:28] 发送(hex): 03
[2026/09/11 10:44:28] 发送(hex): 0d
[2026/09/11 10:44:28] <INTERRUPT>
[2026/09/11 10:44:28] =>
[2026/09/11 10:44:28] 发送(hex): 20
[2026/09/11 10:44:28] =>
[2026/09/11 10:44:28] 发送(hex): 03
[2026/09/11 10:44:28] 发送(hex): 0d
[2026/09/11 10:44:28] <INTERRUPT>
[2026/09/11 10:44:28] =>
[2026/09/11 10:44:28] 发送(hex): 20
[2026/09/11 10:44:28] =>
[2026/09/11 10:44:28] 发送(hex): 03
[2026/09/11 10:44:28] 发送(hex): 0d
[2026/09/11 10:44:28] <INTERRUPT>
[2026/09/11 10:44:28] =>
[2026/09/11 10:44:28] 发送(hex): 20
[2026/09/11 10:44:28] =>
[2026/09/11 10:44:28] 发送(hex): 03
[2026/09/11 10:44:28] 发送(hex): 0d
[2026/09/11 10:44:28] <INTERRUPT>
[2026/09/11 10:44:28] =>
[2026/09/11 10:44:28] 发送(hex): 20
[2026/09/11 10:44:28] =>
[2026/09/11 10:44:28] 发送(hex): 03
[2026/09/11 10:44:28] 发送(hex): 0d
[2026/09/11 10:44:28] <INTERRUPT>
[2026/09/11 10:44:28] =>
[2026/09/11 10:44:28] 发送(hex): 20
[2026/09/11 10:44:28] =>
[2026/09/11 10:44:28] 发送(hex): 03
[2026/09/11 10:44:28] 发送(hex): 0d
[2026/09/11 10:44:28] <INTERRUPT>
[2026/09/11 10:44:28] =>
[2026/09/11 10:44:28] 发送(hex): 20
[2026/09/11 10:44:28] =>
[2026/09/11 10:44:28] 发送(hex): 03
[2026/09/11 10:44:28] 发送(hex): 0d
[2026/09/11 10:44:28] <INTERRUPT>
[2026/09/11 10:44:28] =>
[2026/09/11 10:44:28] 发送(hex): 20
[2026/09/11 10:44:28] =>
[2026/09/11 10:44:28] 发送(hex): 03
[2026/09/11 10:44:28] 发送(hex): 0d
[2026/09/11 10:44:28] <INTERRUPT>
[2026/09/11 10:44:28] =>
[2026/09/11 10:44:28] 发送(hex): 20
[2026/09/11 10:44:28] =>
[2026/09/11 10:44:28] 发送(hex): 03
[2026/09/11 10:44:28] 发送(hex): 0d
[2026/09/11 10:44:28] <INTERRUPT>
[2026/09/11 10:44:28] =>
[2026/09/11 10:44:28] 发送(hex): 20
[2026/09/11 10:44:28] =>
[2026/09/11 10:44:28] 发送(hex): 03
[2026/09/11 10:44:28] 发送(hex): 0d
[2026/09/11 10:44:28] <INTERRUPT>
[2026/09/11 10:44:28] =>
[2026/09/11 10:44:28] 发送(hex): 20
[2026/09/11 10:44:28] =>
[2026/09/11 10:44:28] 发送(hex): 03
[2026/09/11 10:44:28] 发送(hex): 0d
[2026/09/11 10:44:28] <INTERRUPT>
[2026/09/11 10:44:28] =>
[2026/09/11 10:44:28] 发送(hex): 20
[2026/09/11 10:44:28] =>
[2026/09/11 10:44:28] 发送(hex): 03
[2026/09/11 10:44:28] 发送(hex): 0d
[2026/09/11 10:44:28] <INTERRUPT>
[2026/09/11 10:44:28] =>
[2026/09/11 10:44:28] 发送(hex): 20
[2026/09/11 10:44:28] =>
[2026/09/11 10:44:28] 发送(hex): 03
[2026/09/11 10:44:28] 发送(hex): 0d
[2026/09/11 10:44:28] <INTERRUPT>
[2026/09/11 10:44:28] =>
[2026/09/11 10:44:28] 发送(hex): 20
[2026/09/11 10:44:28] =>
[2026/09/11 10:44:28] 发送(hex): 03
[2026/09/11 10:44:28] 发送(hex): 0d
[2026/09/11 10:44:28] <INTERRUPT>
[2026/09/11 10:44:28] =>
[2026/09/11 10:44:28] 发送(hex): 20
[2026/09/11 10:44:28] =>
[2026/09/11 10:44:28] 发送(hex): 03
[2026/09/11 10:44:29] 发送(hex): 0d
[2026/09/11 10:44:29] <INTERRUPT>
[2026/09/11 10:44:29] =>
[2026/09/11 10:44:29] 发送(hex): 20
[2026/09/11 10:44:29] =>
[2026/09/11 10:44:29] 发送(hex): 03
[2026/09/11 10:44:29] 发送(hex): 0d
[2026/09/11 10:44:29] <INTERRUPT>
[2026/09/11 10:44:29] =>
[2026/09/11 10:44:29] 发送(hex): 20
[2026/09/11 10:44:29] =>
[2026/09/11 10:44:29] 发送(hex): 03
[2026/09/11 10:44:29] 发送(hex): 0d
[2026/09/11 10:44:29] <INTERRUPT>
[2026/09/11 10:44:29] =>
[2026/09/11 10:44:29] 发送(hex): 20
[2026/09/11 10:44:29] =>
[2026/09/11 10:44:29] 发送(hex): 03
[2026/09/11 10:44:29] 发送(hex): 0d
[2026/09/11 10:44:29] <INTERRUPT>
[2026/09/11 10:44:29] =>
[2026/09/11 10:44:29] 发送(hex): 20
[2026/09/11 10:44:29] =>
[2026/09/11 10:44:29] 发送(hex): 03
[2026/09/11 10:44:29] 发送(hex): 0d
[2026/09/11 10:44:29] <INTERRUPT>
[2026/09/11 10:44:29] =>
[2026/09/11 10:44:29] 发送(hex): 20
[2026/09/11 10:44:29] =>
[2026/09/11 10:44:29] 发送(hex): 03
[2026/09/11 10:44:29] 发送(hex): 0d
[2026/09/11 10:44:29] <INTERRUPT>
[2026/09/11 10:44:29] =>
[2026/09/11 10:44:29] 发送(hex): 20
[2026/09/11 10:44:29] =>
[2026/09/11 10:44:29] 发送(hex): 03
[2026/09/11 10:44:29] 发送(hex): 0d
[2026/09/11 10:44:29] <INTERRUPT>
[2026/09/11 10:44:29] =>
[2026/09/11 10:44:29] 发送(hex): 20
[2026/09/11 10:44:29] =>
[2026/09/11 10:44:29] 发送(hex): 03
[2026/09/11 10:44:29] 发送(hex): 0d
[2026/09/11 10:44:29] <INTERRUPT>
[2026/09/11 10:44:29] =>
[2026/09/11 10:44:29] 发送(hex): 20
[2026/09/11 10:44:29] =>
[2026/09/11 10:44:29] 发送(hex): 03
[2026/09/11 10:44:29] 发送(hex): 0d
[2026/09/11 10:44:29] <INTERRUPT>
[2026/09/11 10:44:29] =>
[2026/09/11 10:44:29] 发送(hex): 20
[2026/09/11 10:44:29] =>
[2026/09/11 10:44:29] 发送(hex): 03
[2026/09/11 10:44:29] 发送(hex): 0d
[2026/09/11 10:44:29] <INTERRUPT>
[2026/09/11 10:44:29] =>
[2026/09/11 10:44:29] 发送(hex): 20
[2026/09/11 10:44:29] =>
[2026/09/11 10:44:29] 发送(hex): 03
[2026/09/11 10:44:29] 发送(hex): 0d
[2026/09/11 10:44:29] <INTERRUPT>
[2026/09/11 10:44:29] =>
[2026/09/11 10:44:29] 发送(hex): 20
[2026/09/11 10:44:29] =>
[2026/09/11 10:44:29] 发送(hex): 03
[2026/09/11 10:44:29] 发送(hex): 0d
[2026/09/11 10:44:29] <INTERRUPT>
[2026/09/11 10:44:29] =>
[2026/09/11 10:44:29] 发送(hex): 20
[2026/09/11 10:44:29] =>
[2026/09/11 10:44:29] 发送(hex): 03
[2026/09/11 10:44:29] 发送(hex): 0d
[2026/09/11 10:44:29] <INTERRUPT>
[2026/09/11 10:44:29] =>
[2026/09/11 10:44:29] 发送(hex): 20
[2026/09/11 10:44:29] =>
[2026/09/11 10:44:29] 发送(hex): 03
[2026/09/11 10:44:29] 发送(hex): 0d
[2026/09/11 10:44:29] <INTERRUPT>
[2026/09/11 10:44:29] =>
[2026/09/11 10:44:29] 发送(hex): 20
[2026/09/11 10:44:29] =>
[2026/09/11 10:44:29] 发送(hex): 03
[2026/09/11 10:44:29] 发送(hex): 0d
[2026/09/11 10:44:29] <INTERRUPT>
[2026/09/11 10:44:29] =>
[2026/09/11 10:44:29] 发送(hex): 20
[2026/09/11 10:44:29] =>
[2026/09/11 10:44:29] 发送(hex): 03
[2026/09/11 10:44:29] 发送(hex): 0d
[2026/09/11 10:44:29] <INTERRUPT>
[2026/09/11 10:44:29] =>
[2026/09/11 10:44:29] 发送(hex): 20
[2026/09/11 10:44:29] =>
[2026/09/11 10:44:29] 发送(hex): 03
[2026/09/11 10:44:29] 发送(hex): 0d
[2026/09/11 10:44:29] <INTERRUPT>
[2026/09/11 10:44:29] =>
[2026/09/11 10:44:29] 发送(hex): 20
[2026/09/11 10:44:29] =>
[2026/09/11 10:44:29] 发送(hex): 03
[2026/09/11 10:44:29] 发送(hex): 0d
[2026/09/11 10:44:29] <INTERRUPT>
[2026/09/11 10:44:29] =>
[2026/09/11 10:44:29] 发送(hex): 20
[2026/09/11 10:44:29] =>
[2026/09/11 10:44:29] 发送(hex): 03
[2026/09/11 10:44:29] 发送(hex): 0d
[2026/09/11 10:44:29] <INTERRUPT>
[2026/09/11 10:44:29] =>
[2026/09/11 10:44:29] 发送(hex): 20
[2026/09/11 10:44:29] =>
[2026/09/11 10:44:29] 发送(hex): 03
[2026/09/11 10:44:29] 发送(hex): 0d
[2026/09/11 10:44:29] <INTERRUPT>
[2026/09/11 10:44:29] =>
[2026/09/11 10:44:29] 发送(hex): 20
[2026/09/11 10:44:29] =>
[2026/09/11 10:44:29] 发送(hex): 03
[2026/09/11 10:44:29] 发送(hex): 0d
[2026/09/11 10:44:29] <INTERRUPT>
[2026/09/11 10:44:29] =>
[2026/09/11 10:44:29] 发送(hex): 20
[2026/09/11 10:44:29] =>
[2026/09/11 10:44:29] 发送(hex): 03
[2026/09/11 10:44:29] 发送(hex): 0d
[2026/09/11 10:44:29] <INTERRUPT>
[2026/09/11 10:44:29] =>
[2026/09/11 10:44:29] 发送(hex): 20
[2026/09/11 10:44:29] =>
[2026/09/11 10:44:29] 发送(hex): 03
[2026/09/11 10:44:29] 发送(hex): 0d
[2026/09/11 10:44:29] <INTERRUPT>
[2026/09/11 10:44:29] =>
[2026/09/11 10:44:29] 发送(hex): 20
[2026/09/11 10:44:29] =>
[2026/09/11 10:44:29] 发送(hex): 03
[2026/09/11 10:44:29] 发送(hex): 0d
[2026/09/11 10:44:29] <INTERRUPT>
[2026/09/11 10:44:29] =>
[2026/09/11 10:44:29] 发送(hex): 20
[2026/09/11 10:44:29] =>
[2026/09/11 10:44:29] 发送(hex): 03
[2026/09/11 10:44:29] 发送(hex): 0d
[2026/09/11 10:44:29] <INTERRUPT>
[2026/09/11 10:44:29] =>
[2026/09/11 10:44:29] 发送(hex): 20
[2026/09/11 10:44:29] =>
[2026/09/11 10:44:29] 发送(hex): 03
[2026/09/11 10:44:29] 发送(hex): 0d
[2026/09/11 10:44:29] <INTERRUPT>
[2026/09/11 10:44:29] =>
[2026/09/11 10:44:29] 发送(hex): 20
[2026/09/11 10:44:29] =>
[2026/09/11 10:44:29] 发送(hex): 03
[2026/09/11 10:44:29] 发送(hex): 0d
[2026/09/11 10:44:29] <INTERRUPT>
[2026/09/11 10:44:29] =>
[2026/09/11 10:44:29] 发送(hex): 20
[2026/09/11 10:44:29] =>
[2026/09/11 10:44:29] 发送(hex): 03
[2026/09/11 10:44:29] 发送(hex): 0d
[2026/09/11 10:44:29] <INTERRUPT>
[2026/09/11 10:44:29] =>
[2026/09/11 10:44:29] 发送(hex): 20
[2026/09/11 10:44:29] =>
[2026/09/11 10:44:29] 发送(hex): 03
[2026/09/11 10:44:29] 发送(hex): 0d
[2026/09/11 10:44:29] <INTERRUPT>
[2026/09/11 10:44:29] =>
[2026/09/11 10:44:29] 发送(hex): 20
[2026/09/11 10:44:29] =>
[2026/09/11 10:44:29] 发送(hex): 03
[2026/09/11 10:44:29] 发送(hex): 0d
[2026/09/11 10:44:29] <INTERRUPT>
[2026/09/11 10:44:29] =>
[2026/09/11 10:44:29] 发送(hex): 20
[2026/09/11 10:44:29] =>
[2026/09/11 10:44:29] 发送(hex): 03
[2026/09/11 10:44:29] 发送(hex): 0d
[2026/09/11 10:44:29] <INTERRUPT>
[2026/09/11 10:44:29] =>
[2026/09/11 10:44:29] 发送(hex): 20
[2026/09/11 10:44:29] =>
[2026/09/11 10:44:29] 发送(hex): 03
[2026/09/11 10:44:30] 发送(hex): 0d
[2026/09/11 10:44:30] <INTERRUPT>
[2026/09/11 10:44:30] =>
[2026/09/11 10:44:30] 发送(hex): 20
[2026/09/11 10:44:30] =>
[2026/09/11 10:44:30] 发送(hex): 03
[2026/09/11 10:44:30] 发送(hex): 0d
[2026/09/11 10:44:30] <INTERRUPT>
[2026/09/11 10:44:30] =>
[2026/09/11 10:44:30] 发送(hex): 20
[2026/09/11 10:44:30] =>
[2026/09/11 10:44:30] 发送(hex): 03
[2026/09/11 10:44:30] 发送(hex): 0d
[2026/09/11 10:44:30] <INTERRUPT>
[2026/09/11 10:44:30] =>
[2026/09/11 10:44:30] 发送(hex): 20
[2026/09/11 10:44:30] =>
[2026/09/11 10:44:30] 发送(hex): 03
[2026/09/11 10:44:30] 发送(hex): 0d
[2026/09/11 10:44:30] <INTERRUPT>
[2026/09/11 10:44:30] =>
[2026/09/11 10:44:30] 发送(hex): 20
[2026/09/11 10:44:30] =>
[2026/09/11 10:44:30] 发送(hex): 03
[2026/09/11 10:44:30] 发送(hex): 0d
[2026/09/11 10:44:30] <INTERRUPT>
[2026/09/11 10:44:30] =>
[2026/09/11 10:44:30] 发送(hex): 20
[2026/09/11 10:44:30] =>
[2026/09/11 10:44:30] 发送(hex): 03
[2026/09/11 10:44:30] 发送(hex): 0d
[2026/09/11 10:44:30] <INTERRUPT>
[2026/09/11 10:44:30] =>
[2026/09/11 10:44:30] 发送(hex): 20
[2026/09/11 10:44:30] =>
[2026/09/11 10:44:30] 发送(hex): 03
[2026/09/11 10:44:30] 发送(hex): 0d
[2026/09/11 10:44:30] <INTERRUPT>
[2026/09/11 10:44:30] =>
[2026/09/11 10:44:30] 发送(hex): 20
[2026/09/11 10:44:30] =>
[2026/09/11 10:44:30] 发送(hex): 03
[2026/09/11 10:44:30] 发送(hex): 0d
[2026/09/11 10:44:30] <INTERRUPT>
[2026/09/11 10:44:30] =>
[2026/09/11 10:44:30] 发送(hex): 20
[2026/09/11 10:44:30] =>
[2026/09/11 10:44:30] 发送(hex): 03
[2026/09/11 10:44:30] 发送(hex): 0d
[2026/09/11 10:44:30] <INTERRUPT>
[2026/09/11 10:44:30] =>
[2026/09/11 10:44:30] 发送(hex): 20
[2026/09/11 10:44:30] =>
[2026/09/11 10:44:30] 发送(hex): 03
[2026/09/11 10:44:30] 发送(hex): 0d
[2026/09/11 10:44:30] <INTERRUPT>
[2026/09/11 10:44:30] =>
[2026/09/11 10:44:30] 发送(hex): 20
[2026/09/11 10:44:30] =>
[2026/09/11 10:44:30] 发送(hex): 03
[2026/09/11 10:44:30] 发送(hex): 0d
[2026/09/11 10:44:30] <INTERRUPT>
[2026/09/11 10:44:30] =>
[2026/09/11 10:44:30] 发送(hex): 20
[2026/09/11 10:44:30] =>
[2026/09/11 10:44:30] 发送(hex): 03
[2026/09/11 10:44:30] 发送(hex): 0d
[2026/09/11 10:44:30] <INTERRUPT>
[2026/09/11 10:44:30] =>
[2026/09/11 10:44:30] 发送(hex): 20
[2026/09/11 10:44:30] =>
[2026/09/11 10:44:30] 发送(hex): 03
[2026/09/11 10:44:30] 发送(hex): 0d
[2026/09/11 10:44:30] <INTERRUPT>
[2026/09/11 10:44:30] =>
[2026/09/11 10:44:30] 发送(hex): 20
[2026/09/11 10:44:30] =>
[2026/09/11 10:44:30] 发送(hex): 03
[2026/09/11 10:44:30] 发送(hex): 0d
[2026/09/11 10:44:30] <INTERRUPT>
[2026/09/11 10:44:30] =>
[2026/09/11 10:44:30] 发送(hex): 20
[2026/09/11 10:44:30] =>
[2026/09/11 10:44:30] 发送(hex): 03
[2026/09/11 10:44:30] 发送(hex): 0d
[2026/09/11 10:44:30] <INTERRUPT>
[2026/09/11 10:44:30] =>
[2026/09/11 10:44:30] 发送(hex): 20
[2026/09/11 10:44:30] =>
[2026/09/11 10:44:30] 发送(hex): 03
[2026/09/11 10:44:30] 发送(hex): 0d
[2026/09/11 10:44:30] <INTERRUPT>
[2026/09/11 10:44:30] =>
[2026/09/11 10:44:30] 发送(hex): 20
[2026/09/11 10:44:30] =>
[2026/09/11 10:44:30] 发送(hex): 03
[2026/09/11 10:44:30] 发送(hex): 0d
[2026/09/11 10:44:30] <INTERRUPT>
[2026/09/11 10:44:30] =>
[2026/09/11 10:44:30] 发送(hex): 20
[2026/09/11 10:44:30] =>
[2026/09/11 10:44:30] 发送(hex): 03
[2026/09/11 10:44:30] 发送(hex): 0d
[2026/09/11 10:44:30] <INTERRUPT>
[2026/09/11 10:44:30] =>
[2026/09/11 10:44:30] 发送(hex): 20
[2026/09/11 10:44:30] =>
[2026/09/11 10:44:30] 发送(hex): 03
[2026/09/11 10:44:30] 发送(hex): 0d
[2026/09/11 10:44:30] <INTERRUPT>
[2026/09/11 10:44:30] =>
[2026/09/11 10:44:30] 发送(hex): 20
[2026/09/11 10:44:30] =>
[2026/09/11 10:44:30] 发送(hex): 03
[2026/09/11 10:44:30] 发送(hex): 0d
[2026/09/11 10:44:30] <INTERRUPT>
[2026/09/11 10:44:30] =>
[2026/09/11 10:44:30] 发送(hex): 20
[2026/09/11 10:44:30] =>
[2026/09/11 10:44:30] 发送(hex): 03
[2026/09/11 10:44:30] 发送(hex): 0d
[2026/09/11 10:44:30] <INTERRUPT>
[2026/09/11 10:44:30] =>
[2026/09/11 10:44:30] 发送(hex): 20
[2026/09/11 10:44:30] =>
[2026/09/11 10:44:30] 发送(hex): 03
[2026/09/11 10:44:30] 发送(hex): 0d
[2026/09/11 10:44:30] <INTERRUPT>
[2026/09/11 10:44:30] =>
[2026/09/11 10:44:30] 发送(hex): 20
[2026/09/11 10:44:30] =>
[2026/09/11 10:44:30] 发送(hex): 03
[2026/09/11 10:44:30] 发送(hex): 0d
[2026/09/11 10:44:30] <INTERRUPT>
[2026/09/11 10:44:30] =>
[2026/09/11 10:44:30] 发送(hex): 20
[2026/09/11 10:44:30] =>
[2026/09/11 10:44:30] 发送(hex): 03
[2026/09/11 10:44:30] 发送(hex): 0d
[2026/09/11 10:44:30] <INTERRUPT>
[2026/09/11 10:44:30] =>
[2026/09/11 10:44:30] 发送(hex): 20
[2026/09/11 10:44:30] =>
[2026/09/11 10:44:30] 发送(hex): 03
[2026/09/11 10:44:30] 发送(hex): 0d
[2026/09/11 10:44:30] <INTERRUPT>
[2026/09/11 10:44:30] =>
[2026/09/11 10:44:30] 发送(hex): 20
[2026/09/11 10:44:30] =>
[2026/09/11 10:44:30] 发送(hex): 03
[2026/09/11 10:44:30] 发送(hex): 0d
[2026/09/11 10:44:30] <INTERRUPT>
[2026/09/11 10:44:30] =>
[2026/09/11 10:44:30] 发送(hex): 20
[2026/09/11 10:44:30] =>
[2026/09/11 10:44:30] 发送(hex): 03
[2026/09/11 10:44:30] 发送(hex): 0d
[2026/09/11 10:44:30] <INTERRUPT>
[2026/09/11 10:44:30] =>
[2026/09/11 10:44:30] 发送(hex): 20
[2026/09/11 10:44:30] =>
[2026/09/11 10:44:30] 发送(hex): 03
[2026/09/11 10:44:30] 发送(hex): 0d
[2026/09/11 10:44:30] <INTERRUPT>
[2026/09/11 10:44:30] =>
[2026/09/11 10:44:30] 发送(hex): 20
[2026/09/11 10:44:30] =>
[2026/09/11 10:44:30] 发送(hex): 03
[2026/09/11 10:44:30] 发送(hex): 0d
[2026/09/11 10:44:30] <INTERRUPT>
[2026/09/11 10:44:30] =>
[2026/09/11 10:44:30] 发送(hex): 20
[2026/09/11 10:44:30] =>
[2026/09/11 10:44:30] 发送(hex): 03
[2026/09/11 10:44:30] 发送(hex): 0d
[2026/09/11 10:44:30] <INTERRUPT>
[2026/09/11 10:44:30] =>
[2026/09/11 10:44:30] 发送(hex): 20
[2026/09/11 10:44:30] =>
[2026/09/11 10:44:30] 发送(hex): 03
[2026/09/11 10:44:30] 发送(hex): 0d
[2026/09/11 10:44:30] <INTERRUPT>
[2026/09/11 10:44:30] =>
[2026/09/11 10:44:30] 发送(hex): 20
[2026/09/11 10:44:30] =>
[2026/09/11 10:44:30] 发送(hex): 03
[2026/09/11 10:44:30] 发送(hex): 0d
[2026/09/11 10:44:30] <INTERRUPT>
[2026/09/11 10:44:30] =>
[2026/09/11 10:44:31] 发送(hex): 20
[2026/09/11 10:44:31] =>
[2026/09/11 10:44:31] 发送(hex): 03
[2026/09/11 10:44:31] 发送(hex): 0d
[2026/09/11 10:44:31] <INTERRUPT
[2026/09/11 10:44:31] 发送(hex): 20
[2026/09/11 10:44:31] >
[2026/09/11 10:44:31] =>
[2026/09/11 10:44:31] =>
[2026/09/11 10:44:31] 发送(hex): 03
[2026/09/11 10:44:31] 发送(hex): 0d
[2026/09/11 10:44:31] <INTERRUPT>
[2026/09/11 10:44:31] 发送(hex): 20
[2026/09/11 10:44:31] =>
[2026/09/11 10:44:31] =>
[2026/09/11 10:44:31] 发送(hex): 03
[2026/09/11 10:44:31] 发送(hex): 0d
[2026/09/11 10:44:31] <INTERRUPT>
[2026/09/11 10:44:31] =>
[2026/09/11 10:44:31] 发送(hex): 20
[2026/09/11 10:44:31] =>
[2026/09/11 10:44:31] 发送(hex): 03
[2026/09/11 10:44:31] 发送(hex): 0d
[2026/09/11 10:44:31] <INTERRUPT>
[2026/09/11 10:44:31] =>
[2026/09/11 10:44:31] 发送(hex): 20
[2026/09/11 10:44:31] =>
[2026/09/11 10:44:31] 发送(hex): 03
[2026/09/11 10:44:31] 发送(hex): 0d
[2026/09/11 10:44:31] <INTERRUPT>
[2026/09/11 10:44:31] =>
[2026/09/11 10:44:31] 发送(hex): 20
[2026/09/11 10:44:31] =>
[2026/09/11 10:44:31] 发送(hex): 03
[2026/09/11 10:44:31] 发送(hex): 0d
[2026/09/11 10:44:31] <INTERRUPT>
[2026/09/11 10:44:31] =>
[2026/09/11 10:44:31] 发送(hex): 20
[2026/09/11 10:44:31] =>
[2026/09/11 10:44:31] 发送(hex): 03
[2026/09/11 10:44:31] 发送(hex): 0d
[2026/09/11 10:44:31] <INTERRUPT>
[2026/09/11 10:44:31] =>
[2026/09/11 10:44:31] 发送(hex): 20
[2026/09/11 10:44:31] =>
[2026/09/11 10:44:31] 发送(hex): 03
[2026/09/11 10:44:31] 发送(hex): 0d
[2026/09/11 10:44:31] <INTERRUPT>
[2026/09/11 10:44:31] =>
[2026/09/11 10:44:31] 发送(hex): 20
[2026/09/11 10:44:31] =>
[2026/09/11 10:44:31] 发送(hex): 03
[2026/09/11 10:44:31] 发送(hex): 0d
[2026/09/11 10:44:31] <INTERRUPT>
[2026/09/11 10:44:31] =>
[2026/09/11 10:44:31] 发送(hex): 20
[2026/09/11 10:44:31] =>
[2026/09/11 10:44:31] 发送(hex): 03
[2026/09/11 10:44:31] 发送(hex): 0d
[2026/09/11 10:44:31] <INTERRUPT>
[2026/09/11 10:44:31] =>
[2026/09/11 10:44:31] 发送(hex): 20
[2026/09/11 10:44:31] =>
[2026/09/11 10:44:31] 发送(hex): 03
[2026/09/11 10:44:31] 发送(hex): 0d
[2026/09/11 10:44:31] <INTERRUPT>
[2026/09/11 10:44:31] =>
[2026/09/11 10:44:31] 发送(hex): 20
[2026/09/11 10:44:31] =>
[2026/09/11 10:44:31] 发送(hex): 03
[2026/09/11 10:44:31] 发送(hex): 0d
[2026/09/11 10:44:31] <INTERRUPT>
[2026/09/11 10:44:31] =>
[2026/09/11 10:44:31] 发送(hex): 20
[2026/09/11 10:44:31] =>
[2026/09/11 10:44:31] 发送(hex): 03
[2026/09/11 10:44:31] 发送(hex): 0d
[2026/09/11 10:44:31] <INTERRUPT>
[2026/09/11 10:44:31] =>
[2026/09/11 10:44:31] 发送(hex): 20
[2026/09/11 10:44:31] =>
[2026/09/11 10:44:31] 发送(hex): 03
[2026/09/11 10:44:31] 发送(hex): 0d
[2026/09/11 10:44:31] <INTERRUPT>
[2026/09/11 10:44:31] =>
[2026/09/11 10:44:31] 发送(hex): 20
[2026/09/11 10:44:31] =>
[2026/09/11 10:44:31] 发送(hex): 03
[2026/09/11 10:44:31] 发送(hex): 0d
[2026/09/11 10:44:31] <INTERRUPT>
[2026/09/11 10:44:31] =>
[2026/09/11 10:44:31] 发送(hex): 20
[2026/09/11 10:44:31] =>
[2026/09/11 10:44:31] 发送(hex): 03
[2026/09/11 10:44:31] 发送(hex): 0d
[2026/09/11 10:44:31] <INTERRUPT>
[2026/09/11 10:44:31] =>
[2026/09/11 10:44:31] 发送(hex): 20
[2026/09/11 10:44:31] =>
[2026/09/11 10:44:31] 发送(hex): 03
[2026/09/11 10:44:31] 发送(hex): 0d
[2026/09/11 10:44:31] <INTERRUPT>
[2026/09/11 10:44:31] =>
[2026/09/11 10:44:31] 发送(hex): 20
[2026/09/11 10:44:31] =>
[2026/09/11 10:44:31] 发送(hex): 03
[2026/09/11 10:44:31] 发送(hex): 0d
[2026/09/11 10:44:31] <INTERRUPT>
[2026/09/11 10:44:31] =>
[2026/09/11 10:44:31] 发送(hex): 20
[2026/09/11 10:44:31] =>
[2026/09/11 10:44:31] 发送(hex): 03
[2026/09/11 10:44:31] 发送(hex): 0d
[2026/09/11 10:44:31] <INTERRUPT>
[2026/09/11 10:44:31] =>
[2026/09/11 10:44:31] 发送(hex): 20
[2026/09/11 10:44:31] =>
[2026/09/11 10:44:31] 发送(hex): 03
[2026/09/11 10:44:31] 发送(hex): 0d
[2026/09/11 10:44:31] <INTERRUPT>
[2026/09/11 10:44:31] =>
[2026/09/11 10:44:31] 发送(hex): 20
[2026/09/11 10:44:31] =>
[2026/09/11 10:44:31] 发送(hex): 03
[2026/09/11 10:44:31] 发送(hex): 0d
[2026/09/11 10:44:31] <INTERRUPT>
[2026/09/11 10:44:31] =>
[2026/09/11 10:44:31] 发送(hex): 20
[2026/09/11 10:44:31] =>
[2026/09/11 10:44:31] 发送(hex): 03
[2026/09/11 10:44:31] 发送(hex): 0d
[2026/09/11 10:44:31] <INTERRUPT>
[2026/09/11 10:44:31] =>
[2026/09/11 10:44:31] 发送(hex): 20
[2026/09/11 10:44:31] =>
[2026/09/11 10:44:31] 发送(hex): 03
[2026/09/11 10:44:31] 发送(hex): 0d
[2026/09/11 10:44:31] <INTERRUPT>
[2026/09/11 10:44:31] =>
[2026/09/11 10:44:31] 发送(hex): 20
[2026/09/11 10:44:31] =>
[2026/09/11 10:44:31] 发送(hex): 03
[2026/09/11 10:44:31] 发送(hex): 0d
[2026/09/11 10:44:31] <INTERRUPT>
[2026/09/11 10:44:31] =>
[2026/09/11 10:44:31] 发送(hex): 20
[2026/09/11 10:44:31] =>
[2026/09/11 10:44:31] 发送(hex): 03
[2026/09/11 10:44:31] 发送(hex): 0d
[2026/09/11 10:44:31] <INTERRUPT>
[2026/09/11 10:44:31] =>
[2026/09/11 10:44:31] 发送(hex): 20
[2026/09/11 10:44:31] =>
[2026/09/11 10:44:31] 发送(hex): 03
[2026/09/11 10:44:31] 发送(hex): 0d
[2026/09/11 10:44:31] <INTERRUPT>
[2026/09/11 10:44:31] =>
[2026/09/11 10:44:31] 发送(hex): 20
[2026/09/11 10:44:31] =>
[2026/09/11 10:44:31] 发送(hex): 03
[2026/09/11 10:44:31] 发送(hex): 0d
[2026/09/11 10:44:31] <INTERRUPT>
[2026/09/11 10:44:31] =>
[2026/09/11 10:44:31] 发送(hex): 20
[2026/09/11 10:44:31] =>
[2026/09/11 10:44:31] 发送(hex): 03
[2026/09/11 10:44:31] 发送(hex): 0d
[2026/09/11 10:44:31] <INTERRUPT>
[2026/09/11 10:44:31] =>
[2026/09/11 10:44:31] 发送(hex): 20
[2026/09/11 10:44:31] =>
[2026/09/11 10:44:31] 发送(hex): 03
[2026/09/11 10:44:31] 发送(hex): 0d
[2026/09/11 10:44:31] <INTERRUPT>
[2026/09/11 10:44:31] =>
[2026/09/11 10:44:31] 发送(hex): 20
[2026/09/11 10:44:31] =>
[2026/09/11 10:44:31] 发送(hex): 03
[2026/09/11 10:44:31] 发送(hex): 0d
[2026/09/11 10:44:31] <INTERRUPT>
[2026/09/11 10:44:31] =>
[2026/09/11 10:44:31] 发送(hex): 20
[2026/09/11 10:44:31] =>
[2026/09/11 10:44:31] 发送(hex): 03
[2026/09/11 10:44:31] 发送(hex): 0d
[2026/09/11 10:44:31] <INTERRUPT>
[2026/09/11 10:44:31] =>
[2026/09/11 10:44:31] 发送(hex): 20
[2026/09/11 10:44:31] =>
[2026/09/11 10:44:32] 发送(hex): 03
[2026/09/11 10:44:32] 发送(hex): 0d
[2026/09/11 10:44:32] <INTERRUPT>
[2026/09/11 10:44:32] =>
[2026/09/11 10:44:32] 发送(hex): 20
[2026/09/11 10:44:32] =>
[2026/09/11 10:44:32] 发送(hex): 03
[2026/09/11 10:44:32] 发送(hex): 0d
[2026/09/11 10:44:32] <INTERRUPT>
[2026/09/11 10:44:32] =>
[2026/09/11 10:44:32] 发送(hex): 20
[2026/09/11 10:44:32] =>
[2026/09/11 10:44:32] 发送(hex): 03
[2026/09/11 10:44:32] 发送(hex): 0d
[2026/09/11 10:44:32] <INTERRUPT>
[2026/09/11 10:44:32] =>
[2026/09/11 10:44:32] 发送(hex): 20
[2026/09/11 10:44:32] =>
[2026/09/11 10:44:32] 发送(hex): 03
[2026/09/11 10:44:32] 发送(hex): 0d
[2026/09/11 10:44:32] <INTERRUPT>
[2026/09/11 10:44:32] =>
[2026/09/11 10:44:32] 发送(hex): 20
[2026/09/11 10:44:32] =>
[2026/09/11 10:44:32] 发送(hex): 03
[2026/09/11 10:44:32] 发送(hex): 0d
[2026/09/11 10:44:32] <INTERRUPT>
[2026/09/11 10:44:32] =>
[2026/09/11 10:44:32] 发送(hex): 20
[2026/09/11 10:44:32] =>
[2026/09/11 10:44:32] 发送(hex): 03
[2026/09/11 10:44:32] 发送(hex): 0d
[2026/09/11 10:44:32] <INTERRUPT>
[2026/09/11 10:44:32] =>
[2026/09/11 10:44:32] 发送(hex): 20
[2026/09/11 10:44:32] 发送(hex): 03
[2026/09/11 10:44:32] =>
[2026/09/11 10:44:32] 发送(hex): 0d
[2026/09/11 10:44:32] <INTERRUPT>
[2026/09/11 10:44:32] =>
[2026/09/11 10:44:32] 发送(hex): 20
[2026/09/11 10:44:32] 发送(hex): 03
[2026/09/11 10:44:32] =>
[2026/09/11 10:44:32] 发送(hex): 0d
[2026/09/11 10:44:32] <INTERRUPT>
[2026/09/11 10:44:32] =>
[2026/09/11 10:44:32] 发送(hex): 20
[2026/09/11 10:44:32] 发送(hex): 03
[2026/09/11 10:44:32] =>
[2026/09/11 10:44:32] 发送(hex): 0d
[2026/09/11 10:44:32] <INTERRUPT>
[2026/09/11 10:44:32] =>
[2026/09/11 10:44:32] 发送(hex): 20
[2026/09/11 10:44:32] 发送(hex): 03
[2026/09/11 10:44:32] =>
[2026/09/11 10:44:32] 发送(hex): 0d
[2026/09/11 10:44:32] <INTERRUPT>
[2026/09/11 10:44:32] =>
[2026/09/11 10:44:32] 发送(hex): 20
[2026/09/11 10:44:32] 发送(hex): 03
[2026/09/11 10:44:32] =>
[2026/09/11 10:44:32] 发送(hex): 0d
[2026/09/11 10:44:32] <INTERRUPT>
[2026/09/11 10:44:32] =>
[2026/09/11 10:44:32] 发送(hex): 20
[2026/09/11 10:44:32] 发送(hex): 03
[2026/09/11 10:44:32] =>
[2026/09/11 10:44:32] 发送(hex): 0d
[2026/09/11 10:44:32] <INTERRUPT>
[2026/09/11 10:44:32] =>
[2026/09/11 10:44:32] 发送(hex): 20
[2026/09/11 10:44:32] 发送(hex): 03
[2026/09/11 10:44:32] =>
[2026/09/11 10:44:32] 发送(hex): 0d
[2026/09/11 10:44:32] <INTERRUPT>
[2026/09/11 10:44:32] =>
[2026/09/11 10:44:32] 发送(hex): 20
[2026/09/11 10:44:32] 发送(hex): 03
[2026/09/11 10:44:32] =>
[2026/09/11 10:44:32] 发送(hex): 0d
[2026/09/11 10:44:32] <INTERRUPT>
[2026/09/11 10:44:32] =>
[2026/09/11 10:44:32] 发送(hex): 20
[2026/09/11 10:44:32] 发送(hex): 03
[2026/09/11 10:44:32] =>
[2026/09/11 10:44:32] 发送(hex): 0d
[2026/09/11 10:44:32] <INTERRUPT>
[2026/09/11 10:44:32] =>
[2026/09/11 10:44:32] 发送(hex): 20
[2026/09/11 10:44:32] 发送(hex): 03
[2026/09/11 10:44:32] =>
[2026/09/11 10:44:32] 发送(hex): 0d
[2026/09/11 10:44:32] <INTERRUPT>
[2026/09/11 10:44:32] =>
[2026/09/11 10:44:32] 发送(hex): 20
[2026/09/11 10:44:32] 发送(hex): 03
[2026/09/11 10:44:32] =>
[2026/09/11 10:44:32] 发送(hex): 0d
[2026/09/11 10:44:32] <INTERRUPT>
[2026/09/11 10:44:32] =>
[2026/09/11 10:44:32] 发送(hex): 20
[2026/09/11 10:44:32] 发送(hex): 03
[2026/09/11 10:44:32] =>
[2026/09/11 10:44:32] 发送(hex): 0d
[2026/09/11 10:44:32] <INTERRUPT>
[2026/09/11 10:44:32] =>
[2026/09/11 10:44:32] 发送(hex): 20
[2026/09/11 10:44:32] 发送(hex): 03
[2026/09/11 10:44:32] =>
[2026/09/11 10:44:32] 发送(hex): 0d
[2026/09/11 10:44:32] <INTERRUPT>
[2026/09/11 10:44:32] =>
[2026/09/11 10:44:32] 发送(hex): 20
[2026/09/11 10:44:32] 发送(hex): 03
[2026/09/11 10:44:32] =>
[2026/09/11 10:44:32] 发送(hex): 0d
[2026/09/11 10:44:32] <INTERRUPT>
[2026/09/11 10:44:32] =>
[2026/09/11 10:44:32] 发送(hex): 20
[2026/09/11 10:44:32] 发送(hex): 03
[2026/09/11 10:44:32] =>
[2026/09/11 10:44:32] 发送(hex): 0d
[2026/09/11 10:44:32] <INTERRUPT>
[2026/09/11 10:44:32] =>
[2026/09/11 10:44:32] 发送(hex): 20
[2026/09/11 10:44:32] 发送(hex): 03
[2026/09/11 10:44:32] =>
[2026/09/11 10:44:32] 发送(hex): 0d
[2026/09/11 10:44:32] <INTERRUPT>
[2026/09/11 10:44:32] =>
[2026/09/11 10:44:32] 发送(hex): 20
[2026/09/11 10:44:32] 发送(hex): 03
[2026/09/11 10:44:32] =>
[2026/09/11 10:44:32] 发送(hex): 0d
[2026/09/11 10:44:32] <INTERRUPT>
[2026/09/11 10:44:32] =>
[2026/09/11 10:44:32] 发送(hex): 20
[2026/09/11 10:44:32] 发送(hex): 03
[2026/09/11 10:44:32] =>
[2026/09/11 10:44:32] 发送(hex): 0d
[2026/09/11 10:44:32] <INTERRUPT>
[2026/09/11 10:44:32] =>
[2026/09/11 10:44:32] 发送(hex): 20
[2026/09/11 10:44:32] 发送(hex): 03
[2026/09/11 10:44:32] =>
[2026/09/11 10:44:32] 发送(hex): 0d
[2026/09/11 10:44:32] <INTERRUPT>
[2026/09/11 10:44:32] =>
[2026/09/11 10:44:32] 发送(hex): 20
[2026/09/11 10:44:32] 发送(hex): 03
[2026/09/11 10:44:32] =>
[2026/09/11 10:44:32] 发送(hex): 0d
[2026/09/11 10:44:32] <INTERRUPT>
[2026/09/11 10:44:32] =>
[2026/09/11 10:44:32] 发送(hex): 20
[2026/09/11 10:44:32] 发送(hex): 03
[2026/09/11 10:44:32] =>
[2026/09/11 10:44:32] 发送(hex): 0d
[2026/09/11 10:44:32] <INTERRUPT>
[2026/09/11 10:44:32] =>
[2026/09/11 10:44:32] 发送(hex): 20
[2026/09/11 10:44:32] 发送(hex): 03
[2026/09/11 10:44:32] =>
[2026/09/11 10:44:32] 发送(hex): 0d
[2026/09/11 10:44:32] <INTERRUPT>
[2026/09/11 10:44:32] =>
[2026/09/11 10:44:32] 发送(hex): 20
[2026/09/11 10:44:32] 发送(hex): 03
[2026/09/11 10:44:32] =>
[2026/09/11 10:44:32] 发送(hex): 0d
[2026/09/11 10:44:32] <INTERRUPT>
[2026/09/11 10:44:32] =>
[2026/09/11 10:44:32] 发送(hex): 20
[2026/09/11 10:44:32] 发送(hex): 03
[2026/09/11 10:44:32] =>
[2026/09/11 10:44:32] 发送(hex): 0d
[2026/09/11 10:44:32] <INTERRUPT>
[2026/09/11 10:44:32] =>
[2026/09/11 10:44:32] 发送(hex): 20
[2026/09/11 10:44:32] 发送(hex): 03
[2026/09/11 10:44:32] =>
[2026/09/11 10:44:32] 发送(hex): 0d
[2026/09/11 10:44:32] <INTERRUPT>
[2026/09/11 10:44:32] =>
[2026/09/11 10:44:32] 发送(hex): 20
[2026/09/11 10:44:32] 发送(hex): 03
[2026/09/11 10:44:32] =>
[2026/09/11 10:44:33] 发送(hex): 0d
[2026/09/11 10:44:33] <INTERRUPT>
[2026/09/11 10:44:33] =>
[2026/09/11 10:44:33] 发送(hex): 20
[2026/09/11 10:44:33] 发送(hex): 03
[2026/09/11 10:44:33] =>
[2026/09/11 10:44:33] 发送(hex): 0d
[2026/09/11 10:44:33] 发送(hex): 20
[2026/09/11 10:44:33] <INTERRUPT>
[2026/09/11 10:44:33] =>
[2026/09/11 10:44:33] 发送(hex): 03
[2026/09/11 10:44:33] =>
[2026/09/11 10:44:33] 发送(hex): 0d
[2026/09/11 10:44:33] 发送(hex): 20
[2026/09/11 10:44:33] <INTERRUPT>
[2026/09/11 10:44:33] =>
[2026/09/11 10:44:33] =>
[2026/09/11 10:44:33] 发送(hex): 03
[2026/09/11 10:44:33] 发送(hex): 0d
[2026/09/11 10:44:33] 发送(hex): 20
[2026/09/11 10:44:33] <INTERRUPT>
[2026/09/11 10:44:33] =>
[2026/09/11 10:44:33] =>
[2026/09/11 10:44:33] 发送(hex): 03
[2026/09/11 10:44:33] 发送(hex): 0d
[2026/09/11 10:44:33] 发送(hex): 20
[2026/09/11 10:44:33] <INTERRUPT>
[2026/09/11 10:44:33] =>
[2026/09/11 10:44:33] =>
[2026/09/11 10:44:33] 发送(hex): 03
[2026/09/11 10:44:33] 发送(hex): 0d
[2026/09/11 10:44:33] 发送(hex): 20
[2026/09/11 10:44:33] <INTERRUPT>
[2026/09/11 10:44:33] =>
[2026/09/11 10:44:33] =>
[2026/09/11 10:44:33] 发送(hex): 03
[2026/09/11 10:44:33] 发送(hex): 0d
[2026/09/11 10:44:33] 发送(hex): 20
[2026/09/11 10:44:33] <INTERRUPT>
[2026/09/11 10:44:33] =>
[2026/09/11 10:44:33] =>
[2026/09/11 10:44:33] 发送(hex): 03
[2026/09/11 10:44:33] 发送(hex): 0d
[2026/09/11 10:44:33] 发送(hex): 20
[2026/09/11 10:44:33] <INTERRUPT>
[2026/09/11 10:44:33] =>
[2026/09/11 10:44:33] =>
[2026/09/11 10:44:33] 发送(hex): 03
[2026/09/11 10:44:33] 发送(hex): 0d
[2026/09/11 10:44:33] 发送(hex): 20
[2026/09/11 10:44:33] <INTERRUPT>
[2026/09/11 10:44:33] =>
[2026/09/11 10:44:33] =>
[2026/09/11 10:44:33] 发送(hex): 03
[2026/09/11 10:44:33] 发送(hex): 0d
[2026/09/11 10:44:33] 发送(hex): 20
[2026/09/11 10:44:33] <INTERRUPT>
[2026/09/11 10:44:33] =>
[2026/09/11 10:44:33] =>
[2026/09/11 10:44:33] 发送(hex): 03
[2026/09/11 10:44:33] 发送(hex): 0d
[2026/09/11 10:44:33] 发送(hex): 20
[2026/09/11 10:44:33] <INTERRUPT>
[2026/09/11 10:44:33] =>
[2026/09/11 10:44:33] =>
[2026/09/11 10:44:33] 发送(hex): 03
[2026/09/11 10:44:33] 发送(hex): 0d
[2026/09/11 10:44:33] 发送(hex): 20
[2026/09/11 10:44:33] <INTERRUPT>
[2026/09/11 10:44:33] =>
[2026/09/11 10:44:33] =>
[2026/09/11 10:44:33] 发送(hex): 03
[2026/09/11 10:44:33] 发送(hex): 0d
[2026/09/11 10:44:33] 发送(hex): 20
[2026/09/11 10:44:33] <INTERRUPT>
[2026/09/11 10:44:33] =>
[2026/09/11 10:44:33] =>
[2026/09/11 10:44:33] 发送(hex): 03
[2026/09/11 10:44:33] 发送(hex): 0d
[2026/09/11 10:44:33] 发送(hex): 20
[2026/09/11 10:44:33] <INTERRUPT>
[2026/09/11 10:44:33] =>
[2026/09/11 10:44:33] =>
[2026/09/11 10:44:33] 发送(hex): 03
[2026/09/11 10:44:33] 发送(hex): 0d
[2026/09/11 10:44:33] 发送(hex): 20
[2026/09/11 10:44:33] <INTERRUPT>
[2026/09/11 10:44:33] =>
[2026/09/11 10:44:33] =>
[2026/09/11 10:44:33] 发送(hex): 03
[2026/09/11 10:44:33] 发送(hex): 0d
[2026/09/11 10:44:33] 发送(hex): 20
[2026/09/11 10:44:33] <INTERRUPT>
[2026/09/11 10:44:33] =>
[2026/09/11 10:44:33] =>
[2026/09/11 10:44:33] 发送(hex): 03
[2026/09/11 10:44:33] 发送(hex): 0d
[2026/09/11 10:44:33] 发送(hex): 20
[2026/09/11 10:44:33] <INTERRUPT>
[2026/09/11 10:44:33] =>
[2026/09/11 10:44:33] =>
[2026/09/11 10:44:33] 发送(hex): 03
[2026/09/11 10:44:33] 发送(hex): 0d
[2026/09/11 10:44:33] 发送(hex): 20
[2026/09/11 10:44:33] <INTERRUPT>
[2026/09/11 10:44:33] =>
[2026/09/11 10:44:33] =>
[2026/09/11 10:44:33] 发送(hex): 03
[2026/09/11 10:44:33] 发送(hex): 0d
[2026/09/11 10:44:33] 发送(hex): 20
[2026/09/11 10:44:33] <INTERRUPT>
[2026/09/11 10:44:33] =>
[2026/09/11 10:44:33] =>
[2026/09/11 10:44:33] 发送(hex): 03
[2026/09/11 10:44:33] 发送(hex): 0d
[2026/09/11 10:44:33] 发送(hex): 20
[2026/09/11 10:44:33] <INTERRUPT>
[2026/09/11 10:44:33] =>
[2026/09/11 10:44:33] =>
[2026/09/11 10:44:33] 发送(hex): 03
[2026/09/11 10:44:33] 发送(hex): 0d
[2026/09/11 10:44:33] 发送(hex): 20
[2026/09/11 10:44:33] <INTERRUPT>
[2026/09/11 10:44:33] =>
[2026/09/11 10:44:33] =>
[2026/09/11 10:44:33] 发送(hex): 03
[2026/09/11 10:44:33] 发送(hex): 0d
[2026/09/11 10:44:33] 发送(hex): 20
[2026/09/11 10:44:33] <INTERRUPT>
[2026/09/11 10:44:33] =>
[2026/09/11 10:44:33] =>
[2026/09/11 10:44:33] 发送(hex): 03
[2026/09/11 10:44:33] 发送(hex): 0d
[2026/09/11 10:44:33] 发送(hex): 20
[2026/09/11 10:44:33] <INTERRUPT>
[2026/09/11 10:44:33] =>
[2026/09/11 10:44:33] =>
[2026/09/11 10:44:33] 发送(hex): 03
[2026/09/11 10:44:33] 发送(hex): 0d
[2026/09/11 10:44:33] 发送(hex): 20
[2026/09/11 10:44:33] <INTERRUPT>
[2026/09/11 10:44:33] =>
[2026/09/11 10:44:33] =>
[2026/09/11 10:44:33] 发送(hex): 03
[2026/09/11 10:44:33] 发送(hex): 0d
[2026/09/11 10:44:33] 发送(hex): 20
[2026/09/11 10:44:33] <INTERRUPT>
[2026/09/11 10:44:33] =>
[2026/09/11 10:44:33] =>
[2026/09/11 10:44:33] 发送(hex): 03
[2026/09/11 10:44:33] 发送(hex): 0d
[2026/09/11 10:44:33] 发送(hex): 20
[2026/09/11 10:44:33] <INTERRUPT>
[2026/09/11 10:44:33] =>
[2026/09/11 10:44:33] =>
[2026/09/11 10:44:33] 发送(hex): 03
[2026/09/11 10:44:33] 发送(hex): 0d
[2026/09/11 10:44:33] 发送(hex): 20
[2026/09/11 10:44:33] <INTERRUPT>
[2026/09/11 10:44:33] =>
[2026/09/11 10:44:33] =>
[2026/09/11 10:44:33] 发送(hex): 03
[2026/09/11 10:44:33] 发送(hex): 0d
[2026/09/11 10:44:33] 发送(hex): 20
[2026/09/11 10:44:33] <INTERRUPT>
[2026/09/11 10:44:33] =>
[2026/09/11 10:44:33] =>
[2026/09/11 10:44:33] 发送(hex): 03
[2026/09/11 10:44:33] 发送(hex): 0d
[2026/09/11 10:44:33] 发送(hex): 20
[2026/09/11 10:44:33] <INTERRUPT>
[2026/09/11 10:44:33] =>
[2026/09/11 10:44:33] =>
[2026/09/11 10:44:33] 发送(hex): 03
[2026/09/11 10:44:33] 发送(hex): 0d
[2026/09/11 10:44:33] 发送(hex): 20
[2026/09/11 10:44:33] <INTERRUPT>
[2026/09/11 10:44:33] =>
[2026/09/11 10:44:33] =>
[2026/09/11 10:44:33] 发送(hex): 03
[2026/09/11 10:44:33] 发送(hex): 0d
[2026/09/11 10:44:33] 发送(hex): 20
[2026/09/11 10:44:33] <INTERRUPT>
[2026/09/11 10:44:33] =>
[2026/09/11 10:44:33] =>
[2026/09/11 10:44:33] 发送(hex): 03
[2026/09/11 10:44:33] 发送(hex): 0d
[2026/09/11 10:44:34] 发送(hex): 20
[2026/09/11 10:44:34] <INTERRUPT>
[2026/09/11 10:44:34] =>
[2026/09/11 10:44:34] =>
[2026/09/11 10:44:34] 发送(hex): 03
[2026/09/11 10:44:34] 发送(hex): 0d
[2026/09/11 10:44:34] 发送(hex): 20
[2026/09/11 10:44:34] <INTERRUPT>
[2026/09/11 10:44:34] =>
[2026/09/11 10:44:34] =>
[2026/09/11 10:44:34] 发送(hex): 03
[2026/09/11 10:44:34] 发送(hex): 0d
[2026/09/11 10:44:34] 发送(hex): 20
[2026/09/11 10:44:34] <INTERRUPT>
[2026/09/11 10:44:34] =>
[2026/09/11 10:44:34] =>
[2026/09/11 10:44:34] 发送(hex): 03
[2026/09/11 10:44:34] 发送(hex): 0d
[2026/09/11 10:44:34] 发送(hex): 20
[2026/09/11 10:44:34] <INTERRUPT>
[2026/09/11 10:44:34] =>
[2026/09/11 10:44:34] =>
[2026/09/11 10:44:34] 发送(hex): 03
[2026/09/11 10:44:34] 发送(hex): 0d
[2026/09/11 10:44:34] 发送(hex): 20
[2026/09/11 10:44:34] <INTERRUPT>
[2026/09/11 10:44:34] =>
[2026/09/11 10:44:34] =>
[2026/09/11 10:44:34] 发送(hex): 03
[2026/09/11 10:44:34] 发送(hex): 0d
[2026/09/11 10:44:34] 发送(hex): 20
[2026/09/11 10:44:34] <INTERRUPT>
[2026/09/11 10:44:34] =>
[2026/09/11 10:44:34] =>
[2026/09/11 10:44:34] 发送(hex): 03
[2026/09/11 10:44:34] 发送(hex): 0d
[2026/09/11 10:44:34] 发送(hex): 20
[2026/09/11 10:44:34] <INTERRUPT>
[2026/09/11 10:44:34] =>
[2026/09/11 10:44:34] =>
[2026/09/11 10:44:34] 发送(hex): 03
[2026/09/11 10:44:34] 发送(hex): 0d
[2026/09/11 10:44:34] 发送(hex): 20
[2026/09/11 10:44:34] <INTERRUPT>
[2026/09/11 10:44:34] =>
[2026/09/11 10:44:34] =>
[2026/09/11 10:44:34] 发送(hex): 03
[2026/09/11 10:44:34] 发送(hex): 0d
[2026/09/11 10:44:34] 发送(hex): 20
[2026/09/11 10:44:34] <INTERRUPT>
[2026/09/11 10:44:34] =>
[2026/09/11 10:44:34] =>
[2026/09/11 10:44:34] 发送(hex): 03
[2026/09/11 10:44:34] 发送(hex): 0d
[2026/09/11 10:44:34] 发送(hex): 20
[2026/09/11 10:44:34] <INTERRUPT>
[2026/09/11 10:44:34] =>
[2026/09/11 10:44:34] =>
[2026/09/11 10:44:34] 发送(hex): 03
[2026/09/11 10:44:34] 发送(hex): 0d
[2026/09/11 10:44:34] 发送(hex): 20
[2026/09/11 10:44:34] <INTERRUPT>
[2026/09/11 10:44:34] =>
[2026/09/11 10:44:34] =>
[2026/09/11 10:44:34] 发送(hex): 03
[2026/09/11 10:44:34] 发送(hex): 0d
[2026/09/11 10:44:34] 发送(hex): 20
[2026/09/11 10:44:34] <INTERRUPT>
[2026/09/11 10:44:34] =>
[2026/09/11 10:44:34] =>
[2026/09/11 10:44:34] 发送(hex): 03
[2026/09/11 10:44:34] 发送(hex): 0d
[2026/09/11 10:44:34] 发送(hex): 20
[2026/09/11 10:44:34] <INTERRUPT>
[2026/09/11 10:44:34] =>
[2026/09/11 10:44:34] =>
[2026/09/11 10:44:34] 发送(hex): 03
[2026/09/11 10:44:34] 发送(hex): 0d
[2026/09/11 10:44:34] 发送(hex): 20
[2026/09/11 10:44:34] <INTERRUPT>
[2026/09/11 10:44:34] =>
[2026/09/11 10:44:34] =>
[2026/09/11 10:44:34] 发送(hex): 03
[2026/09/11 10:44:34] 发送(hex): 0d
[2026/09/11 10:44:34] 发送(hex): 20
[2026/09/11 10:44:34] <INTERRUPT>
[2026/09/11 10:44:34] =>
[2026/09/11 10:44:34] =>
[2026/09/11 10:44:34] 发送(hex): 03
[2026/09/11 10:44:34] 发送(hex): 0d
[2026/09/11 10:44:34] 发送(hex): 20
[2026/09/11 10:44:34] <INTERRUPT>
[2026/09/11 10:44:34] =>
[2026/09/11 10:44:34] =>
[2026/09/11 10:44:34] 发送(hex): 03
[2026/09/11 10:44:34] 发送(hex): 0d
[2026/09/11 10:44:34] 发送(hex): 20
[2026/09/11 10:44:34] <INTERRUPT>
[2026/09/11 10:44:34] =>
[2026/09/11 10:44:34] =>
[2026/09/11 10:44:34] 发送(hex): 03
[2026/09/11 10:44:34] 发送(hex): 0d
[2026/09/11 10:44:34] 发送(hex): 20
[2026/09/11 10:44:34] <INTERRUPT>
[2026/09/11 10:44:34] =>
[2026/09/11 10:44:34] =>
[2026/09/11 10:44:34] 发送(hex): 03
[2026/09/11 10:44:34] 发送(hex): 0d
[2026/09/11 10:44:34] 发送(hex): 20
[2026/09/11 10:44:34] <INTERRUPT>
[2026/09/11 10:44:34] =>
[2026/09/11 10:44:34] =>
[2026/09/11 10:44:34] 发送(hex): 03
[2026/09/11 10:44:34] 发送(hex): 0d
[2026/09/11 10:44:34] 发送(hex): 20
[2026/09/11 10:44:34] <INTERRUPT>
[2026/09/11 10:44:34] =>
[2026/09/11 10:44:34] =>
[2026/09/11 10:44:34] 发送(hex): 03
[2026/09/11 10:44:34] 发送(hex): 0d
[2026/09/11 10:44:34] 发送(hex): 20
[2026/09/11 10:44:34] <INTERRUPT>
[2026/09/11 10:44:34] =>
[2026/09/11 10:44:34] =>
[2026/09/11 10:44:34] 发送(hex): 03
[2026/09/11 10:44:34] 发送(hex): 0d
[2026/09/11 10:44:34] 发送(hex): 20
[2026/09/11 10:44:34] <INTERRUPT>
[2026/09/11 10:44:34] =>
[2026/09/11 10:44:34] =>
[2026/09/11 10:44:34] 发送(hex): 03
[2026/09/11 10:44:34] 发送(hex): 0d
[2026/09/11 10:44:34] 发送(hex): 20
[2026/09/11 10:44:34] <INTERRUPT>
[2026/09/11 10:44:34] =>
[2026/09/11 10:44:34] =>
[2026/09/11 10:44:34] 发送(hex): 03
[2026/09/11 10:44:34] 发送(hex): 0d
[2026/09/11 10:44:34] 发送(hex): 20
[2026/09/11 10:44:34] <INTERRUPT>
[2026/09/11 10:44:34] =>
[2026/09/11 10:44:34] =>
[2026/09/11 10:44:34] 发送(hex): 03
[2026/09/11 10:44:34] 发送(hex): 0d
[2026/09/11 10:44:34] 发送(hex): 20
[2026/09/11 10:44:34] <INTERRUPT>
[2026/09/11 10:44:34] =>
[2026/09/11 10:44:34] =>
[2026/09/11 10:44:34] 发送(hex): 03
[2026/09/11 10:44:34] 发送(hex): 0d
[2026/09/11 10:44:34] 发送(hex): 20
[2026/09/11 10:44:34] <INTERRUPT>
[2026/09/11 10:44:34] =>
[2026/09/11 10:44:34] =>
[2026/09/11 10:44:34] 发送(hex): 03
[2026/09/11 10:44:34] 发送(hex): 0d
[2026/09/11 10:44:34] 发送(hex): 20
[2026/09/11 10:44:34] <INTERRUPT>
[2026/09/11 10:44:34] =>
[2026/09/11 10:44:34] =>
[2026/09/11 10:44:34] 发送(hex): 03
[2026/09/11 10:44:34] <INTERRUPT>
[2026/09/11 10:44:34] =>
[2026/09/11 10:44:40] 发送(hex): 0d
[2026/09/11 10:44:40] 发送(hex): 0d
[2026/09/11 10:44:40] 发送(hex): 0d
[2026/09/11 10:44:40] =>
[2026/09/11 10:44:40] =>
[2026/09/11 10:44:40] 发送(hex): 0d
[2026/09/11 10:44:40] =>
[2026/09/11 10:44:40] 发送(hex): 0d
[2026/09/11 10:44:40] 发送(hex): 7575656e765f696e69743b7575656e765f73657420506d6f646520313b7575656e765f736176653b7265730d
[2026/09/11 10:44:40] =>
[2026/09/11 10:44:40] =>
[2026/09/11 10:44:40] uuenv_init;uuenv_set Pmode 1;uuenv_save;res
[2026/09/11 10:44:41] save done
[2026/09/11 10:44:41] resett
[2026/09/11 10:44:41] ing ...
[2026/09/11 10:44:41] UART
[2026/09/11 10:44:41] <.
[2026/09/11 10:44:41] AC_ON
[2026/09/11 10:44:41] SW Reset
[2026/09/11 10:44:41] HASH1_VERSION=0x00000000 64bit
[2026/09/11 10:44:41] E-A
[2026/09/11 10:44:41] [ETT_Main] Clock MPLL Init
[2026/09/11 10:44:41] [ETT_Main]MIU_ver 20260417-11996427-OneBin-V20.4-RefineWDTNew
[2026/09/11 10:44:41] [DRAMC] AC ON-0
[2026/09/11 10:44:41] [FAST_K]
[2026/09/11 10:44:41] [MOBF] Gen SW key
[2026/09/11 10:44:41] CH0 DramsizeFlag_CH0 DUMMY_REG = 0x1
[2026/09/11 10:44:41] dramc_channel0 restore dramsize_flag = 0x1
[2026/09/11 10:44:41] [FAST_K]
[2026/09/11 10:44:41] CH
[2026/09/11 10:44:41] 2 DramsizeFlag_CH2 DUMMY_REG = 0x0
[2026/09/11 10:44:41] dramc_channel2 restore dramsize_flag = 0x0
[2026/09/11 10:44:41] dispatch to 1 EMI 2 CH
[2026/09/11 10:44:41] MIUP set area: 3GB
[2026/09/11 10:44:41] EMI bist: [32mM0 pass[0m
[2026/09/11 10:44:41] EMI bist: [32mM2 pass[0m
[2026/09/11 10:44:41] fake engine: [32mpass[00000000][0m
[2026/09/11 10:44:41] fake engine: [32mpass[00000001][0m
[2026/09/11 10:44:41] u4dram_info=0x2406
[2026/09/11 10:44:41] TEELOADER_VERSION=0x00000000
[2026/09/11 10:44:41] optee teeloader entry
[2026/09/11 10:44:41] MultiOptee image detected, ModelID
[2026/09/11 10:44:41] =17B06E0B
[2026/09/11 10:44:41] Mult
[2026/09/11 10:44:41] iOptee image detected, ModelID=17B06E0B
[2026/09/11 10:44:41] CusConfig
[2026/09/11 10:44:41] A
[2026/09/11 10:44:41] RMFW_VERSION=0x00000000
[2026/09/11 10:44:41] OPTEE_VERSION=0x00000000
[2026/09/11 10:44:41] OPTEECUST_VERSION=0x00000000
[2026/09/11 10:44:41] REELOADER_VERSION=0x00000000
[2026/09/11 10:44:41] ns_uboot_boot
[2026/09/11 10:44:41] NOTICE:  BL31: v2.4(debug):f102f7cc7
[2026/09/11 10:44:41] NOTICE:  BL31: Built : 20:53:08, Jul 17 2026
[2026/09/11 10:44:41] INFO:    BL31: Initializing runtime services
[2026/09/11 10:44:41] INFO:    BL31: Initializing BL32
[2026/09/11 10:44:41] [TEE] TRIAL BOOT: 0
[2026/09/11 10:44:41] [DynRamlog] wait for configuring by tee driver
[2026/09/11 10:44:41] IN
[2026/09/11 10:44:41] FO:    BL31: Preparing for EL3 exit to normal world
[2026/09/11 10:44:41] INFO:    Entry point address = 0x20100010
[2026/09/11 10:44:41] ree_entry
[2026/09/11 10:44:41] Check WDT....
[2026/09/11 10:44:41] UBOOT_VERSION=0x00000000
[2026/09/11 10:44:42] U-Boot2019.04-g23c3f665-d
[2026/09/11 10:44:42] irty (Aug 23 2026 - 20:57:54 +0800)
[2026/09/11 10:44:42] Model: MediaTek MT5896 RFB
[2026/09/11 10:44:42] DRAM:  3 GiB
[2026/09/11 10:44:42] MMC:   mtk-mmc-fcie@1c660000: 0
[2026/09/11 10:44:42] Loading Environment from EXT4...
[2026/09/11 10:44:42] OK
[2026/09/11 10:44:42] [0;31m[ERROR] get_data_separation_info:254
[2026/09/11 10:44:42] : [0m[data spr][start:1322][end:1331][total time:9]
[2026/09/11 10:44:42] [0;31m[ERROR] get_partition_info:394: [0mCan not find corresponding suffixed partition name:factory_preset_a !!!
[2026/09/11 10:44:42] [0;31m[ERROR] get_pid_from_preset_partition:1495: [0mError: sys_get_storage_info from factory_preset failure
[2026/09/11 10:44:42] [0;31m[ERROR] par
[2026/09/11 10:44:42] se_tcl_ffvoice_lednum:1124: [0mdrive_item is not exist!
[2026/09/11 10:44:42] [0;31m[ERROR] parse_tcl_ffvoice_lednum:1144: [0muse default ffvoice lednum: 4!!!
[2026/09/11 10:44:42] [0
[2026/09/11 10:44:42] ;31m[ERROR] parse_tcl_led_stagespacetime:1019: [0mdrive_item is not exist!
[2026/09/11 10:44:42] [0;31m[ERROR] parse_tcl_led_stagespacetime:1039: [0muse default_ledstage: 0!!!
[2026/09/11 10:44:42] [0;31m[ERROR] parse_tcl_led_stagespacetime:1041: [0mset uenv led_stagespace : 0
[2026/09/11 10:44:42] device properties match:sid = "104"
[2026/09/11 10:44:42] [0;31m[ERROR] get_data_separation_info:270: [0mRead ini file success !
[2026/09/11 10:44:42] [0;31m[ERROR] To_parse_tcl_standby_qhb_support:234: [0mtcl_env_qhb = 0 or null or other,not support TCL  QHB
[2026/09/11 10:44:43] [0;31m[ERROR] dataindex_dtbo_overlay:644: [0m[DATAINDEX DTBO LOAD][start:1818][end:1909][total time:91]
[2026/09/11 10:44:43] Model: MediaTek MT5896 RFB
[2026/09/11 10:44:43] Net:
[2026/09/11 10:44:43] eth0: ethernet@1c700000
[2026/09/11 10:44:43] Booting(Working) pLedMode = LED_ON,pLightRate=80
[2026/09/11 10:44:43] slot:0 slot retry:0 a_corrupt:0 b_corrupt:0 successful:[1:0]
[2026/09/11 10:44:43] 00000000: 00 00 00 00 00 00 00 00 00 00 00 00 00 00 00 00    ................
[2026/09/11 10:44:43] 00000010: 00 00 00 00 00 00 00 00 00 00 00 00 00 00 00 00    ................
[2026/09/11 10:44:43] [0;31m[ERROR] get_boot_mode_from_partition:354: [0mdump  OK
[2026/09/11 10:44:43] androidboot boot reason = ac
[2026/09/11 10:44:43] Reboot reason == PM_BR_AC
[2026/09/11 10:44:43] upgrade status:done
[2026/09/11 10:44:43] [0;31m[ERROR] standby_mode_enter_standby:187: [0m[panic case]: no panic occur, normal deal
[2026/09/11 10:44:43] Normal booting mode!
[2026/09/11 10:44:43] [wei] mtk_panel_probe 991, PANEL LIB VER 5
[2026/09/11 10:44:43] [wei] BOOT_PNL_VERSION OLD
[2026/09/11 10:44:43] [0;31m[ERROR] standby_mode_enter_qhb:274: [0mThis PID   unsupport  TCL QHB !!!
[2026/09/11 10:44:43] [0;31m[ERROR] mtk_panel_init_device:998: [0m[BEFORE DEMURA][start:2146][end:2186][total time:40]
[2026/09/11 10:44:43] [0;31m[ERROR] mtk_panel_enable:1149: [0m
[2026/09/11 10:44:43] ---mtk_panel_enable:1149 Set mtk_panel_enable DelayTask 7
[2026/09/11 10:44:43] Hit any key to stop autoboot:  0
[2026/09/11 10:44:43] [0;31m[ERROR] do_check_upgrade_mode:216: [0mresolve path fail: /mnt/vendor/tvconfig/bsp/common/misc/upgrade_mode.ini
[2026/09/11 10:44:43] check_auto_update
[2026/09/11 10:44:43] seconds : 2
[2026/09/11 10:44:43] Ticking:
[2026/09/11 10:44:43] jp
[2026/09/11 10:44:43] d_api: [ERR] _MApi_NJPD_Decoder_PrintError: data loss error!!
[2026/09/11 10:44:43] jpd_api: [ERR] _MApi_NJPD_Decoder_PrintError: bitstream error!!
[2026/09/11 10:44:43] [0;31m[ERROR] mtk_jpd_decode:361: [0mJPEG decode failed!!
[2026/09/11 10:44:43] [0;31m
[2026/09/11 10:44:43] [ERROR] standby_mode_enter_standby:187: [0m[panic case]: no panic occur, normal deal
[2026/09/11 10:44:43] Normal booting mode!
[2026/09/11 10:44:43] [0;31m[ERROR] get_panel_pwm_duty_info:2644: [0mRead ini file to DRAM failure
[2026/09/11 10:44:43] [0;31m[ERROR] Check_TSR_PMIC_Version:229: [0mThis PID   unsupport   TSR IC !!!
[2026/09/11 10:44:43] [0;31m[ERROR] _mtk_pnl_cust_backlight_i2c_init:2672: [0mRead subnode (backlight_i2c_info) FAIL
[2026/09/11 10:44:43] kfault cur reboot mode: 0x0
[2026/09/11 10:44:43] kfault tcllog size: 0x4000000
[2026/09/11 10:44:43] kfault io buf 0x5bd50e30, size 0x400, pos 0x0, is_read 1, ret 0
[2026/09/11 10:44:43] kfault io buf 0x5be1f8f0, size 0x2000, pos 0x400, is_read 1, ret 0
[2026/09/11 10:44:43] kfault io buf 0x5bd65ea0, size 0x1000, pos 0x37ff000, is_read 1, ret 0
[2026/09/11 10:44:43] normal boot, just do tmp dump
[2026/09/11 10:44:43] MMC write: dev # 0, block # 1480696, count 8 ...
[2026/09/11 10:44:43] 8 blocks written: OK
[2026/09/11 10:44:43] kfault io buf 0x5bd65ea0, size 0x1000, pos 0x37ff000, is_read 0, ret 0
[2026/09/11 10:44:43] kfault_boot->log_num = 0
[2026/09/11 10:44:43] MMC write: dev # 0, block # 1366016, count 2 ... 2 blocks written: OK
[2026/09/11 10:44:43] kfault io buf 0x5bd50e30, size 0x400, pos 0x0, is_read 0, ret 0
[2026/09/11 10:44:43] [0;31m[ERROR] standby_mode_enter_standby:187: [0m[panic case]: no panic occur, normal deal
[2026/09/11 10:44:43] Normal booting mode!
[2026/09/11 10:44:43] upgradecheck - upgrade mode check command
[2026/09/11 10:44:43] Usage:
[2026/09/11 10:44:43] upgradecheck command: upgradecheck
[2026/09/11 10:44:43] retry_count: 0
[2026/09/11 10:44:43] ## Android Verified Boot 2.0 version 1.1.0
[2026/09/11 10:44:43] Disable Flash Update Mode
[2026/09/11 10:44:44] Verification passed successfully
[2026/09/11 10:44:44] Boot state is: Green !
[2026/09/11 10:44:44] Kernel load add
[2026/09/11 10:44:44] r 0x26000000 size 41887 KiB
[2026/09/11 10:44:44] RAM disk load addr 0x01000000 size 2039 KiB
[2026/09/11 10:44:44] [0;31m[ERROR] bootargs_append:2318: [0mset cfg is androidboot.device_name=G08 androidboot.series=X androidboot.product=X11K androidboot.product_name=G08_4K_GB androidboot.client_type=TCL-EU-MT9653-S1 androidboot.model_name=Smart*TV*Pro androidboot.code_name=AU04 androidboot.ecid=22000000 androidboot.tcl_brand=TCL androidboot.manufacturer=TCL androidboot.oem_tag=EU androidboot.certify=unknown androidboot.extension=TCL_QDMINI_4K androidboot.extension_res=unknown androidboot.extension_db=unknown
[2026/09/11 10:44:44] [0;31m[ERROR] bootargs_append:2318: [0mset cfg is androidboot.pid=26624
[2026/09/11 10:44:44] device properties match:sid = "104"
[2026/09/11 10:44:44] [0;31m[ERROR] set_crashkernel_rsvmem:2278: [0mError: Read kdump file to Dram failed
[2026/09/11 10:44:44] do_tcl_crashkernel - tcl_crashkernel
[2026/09/11 10:44:44] Usage:
[2026/09/11 10:44:44] do_tcl_crashkernel command: set reserved memory for crashkernel
[2026/09/11 10:44:44] Loading Kernel Image ... OK
[2026/09/11 10:44:44] Loading Ramdisk to 29f09000, end 2bdff751 ... OK
[2026/09/11 10:44:44] Loading Device Tree to 000000002c4e1000, end 000000002c5ff9bb ... OK
[2026/09/11 10:44:45] [0;31m[ERROR] dataindex_dtbo_overlay:644: [0m[DATAINDEX DTBO LOAD][start:3759][end:3877][total time:118]
[2026/09/11 10:44:45] [0;31m[ERROR] standby_mode_enter_qhb:274: [0mThis PID   unsupport  TCL QHB !!!
[2026/09/11 10:44:45] [AutoTest][mboot][start kernel][3941]
[2026/09/11 10:44:45] Starting kernel ...
[2026/09/11 10:44:45] kfault io buf 0x5bea3090, size 0x28, pos 0x400, is_read 1, ret 0
[2026/09/11 10:44:45] last status:0x0
[2026/09/11 10:44:45] MMC write: dev # 0, block # 1480632, count 7 ...
[2026/09/11 10:44:45] 7 blocks written: OK
[2026/09/11 10:44:45] MMC write: dev # 0, block # 1480639, count 1 ...
[2026/09/11 10:44:45] 1 blocks written: OK
[2026/09/11 10:44:45] kfault io buf 0x5be4e160, size 0xf27, pos 0x37f7000, is_read 0, ret 0
[2026/09/11 10:44:45] MMC write: dev # 0, block # 1366018, count 1 ...
[2026/09/11 10:44:45] 1 blocks written: OK
[2026/09/11 10:44:45] kfault io buf 0x5bd586f0, size 0x28, pos 0x400, is_read 0, ret 0
[2026/09/11 10:44:45] WARNING: Unimplemen
[2026/09/11 10:44:45] ted Standard Service Call: 0x84000050
[2026/09/11 10:44:46] [    0.323246][    T1] clk_mt5896: w
[2026/09/11 10:44:46] e have : PM
[2026/09/11 10:44:46] [    0.323269][    T1] clk_mt5896: we have : NONPM
[2026/09/11 10:44:46] [Ramlog] tee_config_dyn_ramlog_by_cookie is success
[2026/09/11 10:44:46] [    0.473098][    T1] [K][EFUSE]mtk_efuse_init() ----- START
[2026/09/11 10:44:46] [    0.478757][    T1] [K][EFUSE]mtk_efuse_init() ----> OK
[2026/09/11 10:44:46] [    0.491231][    T1] ir set ir_arm_en to 1.
[2026/09/11 10:44:46] [    0.495451][    T1] ir get boot status 2.
[2026/09/11 10:44:46] [    0.499480][    T1] ir set boot status to 3.
[2026/09/11 10:44:46] [    0.503801][    T1] ir get key 65535.
[2026/09/11 10:44:46] [    0.507481][    T1] mtk-ir 1c080000.ir_in: ir probe done.
[2026/09/11 10:44:46] [    0.519266][    T1] [0][0][0]
[2026/09/11 10:44:46] [    0.530103][    T1] add null memory dma_heap with name mtk_nullmem_1
[2026/09/11 10:44:46] [    0.536475][    T1]     range from 0x3000000 to 0x13000000
[2026/09/11 10:44:46] [    0.536475][    T1]
[2026/09/11 10:44:46] [    0.536475][    T1]
[2026/09/11 10:44:46] [    0.570239][    T1] we have : seal
[2026/09/11 10:44:46] [    0.649785][   T67] mtk_mci 1c660000.mtk-mmc-fcie: [ mtk_fcie_set_ios() Ln.4351 ]
[2026/09/11 10:44:46] [    0.657402][   T67] mtk_mci 1c660000.mtk-mmc-fcie: Ld HS400ES
[2026/09/11 10:44:46] [    0.665550][   T67] mtk_mci 1c660000.mtk-mmc-fcie: eMMC: HS400 5.1 200MHz
[2026/09/11 10:44:46] [    0.672378][    T1] [Alg Debug] MApi_PQ_CLI_CFD_Init sucess!!
[2026/09/11 10:44:46] [    0.672717][   T67] mtk_mci 1c660000.mtk-mmc-fcie: eMMC: HS400 5.1 200MHz
[2026/09/11 10:44:46] [    0.689218][    T1] lizw pp 1
[2026/09/11 10:44:46] [    0.699958][    T1] ux_thread: uxthread_init done!
[2026/09/11 10:44:46] [    0.705599][    T1] tcl_action_monitor: kfault kernel timeout init
[2026/09/11 10:44:47] [    1.776758][  T122] tcl_action_monitor: kfault stop kernel init timeout
[2026/09/11 10:44:47] console:/ $
[2026/09/11 10:44:49] [0;32;31m [ramlog] tee_get_ramlog_config 586 [m
[2026/09/11 10:44:49] [ramlog] Chip ID: 27 f3 04 f5 fd 0b 95 c5 8d 04 00 00
[2026/09/11 10:44:49] [ramlog] TEE log is not enabled (I2C mode:1)
[2026/09/11 10:44:50] [    5.270004][  T320] mtk_and: line 0: glide-disk-cach%com.google.android.apps.tv.launcherx=S:N-20
[2026/09/11 10:44:50] [    5.279172][  T320] mtk_and: line 1: animation%com.netflix.ninja=S:N-10
[2026/09/11 10:44:50] [    5.285957][  T320] mtk_and: line 2: Thread-17%com.amazon.amazonvideo.livingroom=S:R1
[2026/09/11 10:44:50] [    5.293861][  T320] mtk_and: line 3: Thread-18%com.amazon.amazonvideo.livingroom=S:R1
[2026/09/11 10:44:51] [    5.628407][  T122] mtu3 1c7a3e00.usb: ssusb c
[2026/09/11 10:44:51] lock enable
[2026/09/11 10:44:51] [    5.640379][  T122] mtu3 1c1b3e00.usb: ssusb clock enable
[2026/09/11 10:44:51] Info: get MI daemon priority before System Init: [-20]
[2026/09/11 10:44:51] [mi_daemon]!!!Enter MI daemon prcoess!! start time =5825
[2026/09/11 10:44:51] [mi_daemon][HASHKEY]{_Bin_Hashkey_Init,692} ----- START not bGingaSupported
[2026/09/11 10:44:51] [mi_daemon][HASHKEY]{_Bin_Hashkey_Init,697} ----- START
[2026/09/11 10:44:51] [mi_daemon][HASHKEY]{_getPathFromDataIndex,62
[2026/09/11 10:44:51] 0} pszFilePath:/tclconfig/hardware/param/soc/dataIndex_00_WW_4K60_VbyOne.ini
[2026/09/11 10:44:51] Cannot get key 'HASHKEY:hashkey_file' in dataIndex file /tclconfig/hardware/param/soc/dataIndex_00_WW_4K60_VbyOne.ini
[2026/09/11 10:44:51] [IPAUTH][HASHKEY]{MApi_IPAUTH_Init_by_bin,580} (iBinSize:306)
[2026/09/11 10:44:51] [IPAUTH]{_IPAUTH_ReadDebugFile,308} ----- START
[2026/09/11 10:44:51] [IPAUTH]{_IPAUTH_ReadDebugFile,317} Debug file is not exist~(/data/vendor/ipauth_debug.txt)
[2026/09/11 10:44:51] [IPAUTH][HASHKEY]{MApi_IPAUTH_Init_by_bin,631} u16CustomerId:0x19
[2026/09/11 10:44:51] [IPAUTH][HASHKEY]{MApi_IPAUTH_Init_by_bin,693} u16HashkeyChipId:0x10D
[2026/09/11 10:44:51] [IPAUTH][HASHKEY]{_IPAUTH_HASHKEY_Verify,406} call HASHKEY_Verify()
[2026/09/11 10:44:51] [IPAUTH][HASHKEY]{_IPAUTH_HASHKEY_Verify,40
[2026/09/11 10:44:51] 8} HASHKEY_Verify() return 0
[2026/09/11 10:44:51] [IPAUTH][HASHKEY]{MApi_IPAUTH_Init_by_bin,750} set _u8_hashkey_verify_result=OK
[2026/09/11 10:44:51] [IPAUTH][HASHKEY]{_IPAUTH_HASHKEY_set_BinDataToKernel,503} (u32Para1:1, pu8BinBuf:0xFF91FDA0, u32BufSize:306)
[2026/09/11 10:44:51] [IPAUTH][HASHKEY]{_IPAUTH_HASHKEY_set_BinDataToKernel,523} cmd:0x8791, u32_para_1:0x1, u32BufSize_in:306
[2026/09/11 10:44:51] [mi_daemon]!!!Enter MI daemon flow time=5825!!
[2026/09/11 10:44:51] [mi_daemon]{_MI_SYS_Init,809} _MI_SYS_Init() ----- START
[2026/09/11 10:44:51] !!!MI daemon prcoess start! MI daemon cost time=180!!!
[2026/09/11 10:44:51] Info: get MI daemon priority after Module Init: [0]
[2026/09/11 10:44:52] [    7.009965][  T122] realtime_framework_init is invoked
[2026/09/11 10:44:52] [    7.015159][  T122] realtime_module_init [538], REALTIME_UID=2941
[2026/09/11 10:44:52] [    7.029336][  T406] tcl_vdf: vdf_send_task run..
[2026/09/11 10:44:52] [    7.151170][  T412] [austin_demod_dd][demod_probe] name = [austin_demod]
[2026/09/11 10:44:52] [    7.157966][  T412] [demod_probe][120] austin_dev->client->addr = 0x79
[2026/09/11 10:44:52] [    7.164882][  T412] [austin_chk_exist][74] ret -121, --- 0 9 3 2
[2026/09/11 10:44:52] [    7.197237][  T412]
[2026/09/11 10:44:52] [mdbgin_merak_demod_dd][mtk_demod_custom_file_open][2503] __entry__
[2026/09/11 10:44:52] modprobe: alias [    7.205355][  T412] [mtk_demod_custom_file_open][2542] CUSTOM_EQ_TYPE7
[2026/09/11 10:44:52] lines in modules[    7.213517][  T412] [mtk_demod_custom_file_open][2554] custom file open fail !
[2026/09/11 10:44:52] .alias must have[    7.221901][  T412] 1ce00000.mtk-demod is already registered, pass it
[2026/09/11 10:44:52] 3 entries, not 5
[2026/09/11 10:44:52] modprobe: alias lines in modules.alias must have 3 entries, not 5
[2026/09/11 10:44:52] modprobe: alias lines in modules.alias must have 3 entries, not 4
[2026/09/11 10:44:52] modprobe: alias lines in modules.alias must have 3 entries, not 7
[2026/09/11 10:44:52] modprobe: alias lines in modules.alias must have 3 entries, not 5
[2026/09/11 10:44:52] modprobe: alias lines in modules.alias must have 3 entries, not 4
[2026/09/11 10:44:52] modprobe: alias lines in modules.alias must have 3 entries, not 4
[2026/09/11 10:44:52] modprobe: alias lines in modules.alias must have 3 entries, not 6
[2026/09/11 10:44:52] modprobe: alias lines in modules.alias must have 3 entries, not 5
[2026/09/11 10:44:52] modprobe: alias lines in modules.alias must have 3 entries, not 5
[2026/09/11 10:44:52] modprobe: alias lines in modules.alias must have 3 entries, not 4
[2026/09/11 10:44:52] modprobe: alias lines in modules.alias must have 3 entries, not 5
[2026/09/11 10:44:52] modprobe: alias lines in modules.alias must have 3 entries, not 5
[2026/09/11 10:44:52] modprobe: alias lines in modules.alias must have 3 entries, not 5
[2026/09/11 10:44:52] modprobe: alias lines in modules.alias must have 3 entries, not 6
[2026/09/11 10:44:52] modprobe: alias lines in modules.alias must have 3 entries, not 5
[2026/09/11 10:44:52] modprobe: alias lines in modules.alias must have 3 entries, not 4
[2026/09/11 10:44:52] Loading module /vendor/lib/modules/spi-mtkdtv-ci.ko with args ''
[2026/09/11 10:44:52] Loaded kernel module /vendor/lib/modules/spi-mtkdtv-ci.ko
[2026/09/11 10:44:53] [    7.603202][  T410]
[2026/09/11 10:44:53] drv_hwreg_srccap_hdmirx_attach b_attach = 1
[2026/09/11 10:44:53] [    7.603205][  T410] drv_hwreg_srccap_hdmirx_attach size = 1
[2026/09/11 10:44:53] [    7.609476][  T410] hal_hwreg_srccap_hdmirx_ops_array[0].hw_version = 6
[2026/09/11 10:44:53] [    7.624018][  T410] u32_addr_min = eb00
[2026/09/11 10:44:53] [    7.627923][  T410] u32_addr_max = ebf0
[2026/09/11 10:44:53] modprobe: alias lines in modules
[2026/09/11 10:44:53] .alias must have 3 entries, not 5
[2026/09/11 10:44:53] modprobe: alias lines in modules.alias must have 3 entries, not 5
[2026/09/11 10:44:53] modprobe: alias lines in modules.alias must have 3 entries, not 4
[2026/09/11 10:44:53] modprobe: alias lines in modules.alias must have 3 entries, not 7
[2026/09/11 10:44:53] modprobe: alias lines in modules.alias must have 3 entries, not 5
[2026/09/11 10:44:53] modprobe: alias lines in modules.alias must have 3 entries, not 4
[2026/09/11 10:44:53] modprobe: alias lines in modules.alias must have 3 entries, no[    7.859449][  T122] kallsyms_lookup_name with kp ffffffc00822d4dc,ret=0
[2026/09/11 10:44:53] t 4
[2026/09/11 10:44:53] modprobe: a[    7.866980][  T122] stall_debug: chip id 0
[2026/09/11 10:44:53] lias lines in modules.alias must[    7.873699][  T122] stall_debug: hook sysrq-c OK
[2026/09/11 10:44:53] have 3 entries, not 6
[2026/09/11 10:44:53] modprobe[    7.879737][  T161] current tty: ttyS0, irq: 22
[2026/09/11 10:44:53] : alias lines in[    7.881268][  T122] stall_debug: alloc 1000 memory ok
[2026/09/11 10:44:53] modules.alias must have 3 entries, not 5
[2026/09/11 10:44:53] modprobe: alias lines in modules.alias must have 3 entries, not 5
[2026/09/11 10:44:53] modprobe: alias lines in modules.alias must have 3 entries, not 4
[2026/09/11 10:44:53] modprobe: alias[    7.908897][  T122] kallsyms_lookup_name with kp ffffffc00822d4dc,ret=0
[2026/09/11 10:44:53] lines in modules.alias must have 3 entries, not 5
[2026/09/11 10:44:53] modprobe: alias lines in mod[    7.922085][  T482] stall_debug: rd_pid_max is 32768
[2026/09/11 10:44:53] ules.alias must [    7.928892][  T482] stall_debug: ptr_task_scs=ffffffc00d2ee000,size=40000
[2026/09/11 10:44:53] have 3 entries, not 5
[2026/09/11 10:44:53] modprobe: alias lines in modules.alias must have 3 entries, not 5
[2026/09/11 10:44:53] modprobe: alias lines in modules.alias must have 3 entries, not 6
[2026/09/11 10:44:53] modprobe: alias lin[    7.950773][  T122] kallsyms_lookup_name with kp ffffffc00822d4dc,ret=0
[2026/09/11 10:44:53] es in modules.alias must have 3 [    7.960186][  T122] die_helper: log_buf is from ffffffc00a8f0060,len 20000
[2026/09/11 10:44:53] entries, not 5
[2026/09/11 10:44:53] [    7.969073][  T122] die_helper: log_buf pa is from 0x00000000288f0060,len 20000
[2026/09/11 10:44:53] modprobe: alias lines in modules.alias must have 3 entries, not 4
[2026/09/11 10:44:53] Loading module /vendor/lib/modules/mtktv-regulator-mt5876.ko with args ''
[2026/09/11 10:44:53] Loaded kernel module /vendor/lib/m[    7.978481][  T161] current tty: ttyS0, irq: 22
[2026/09/11 10:44:53] odules/mtktv-regulator-mt5876.ko
[2026/09/11 10:44:53] Loading module /vendor/lib/modules/mtktv-thermal.ko with args ''
[2026/09/11 10:44:53] Loading module /vendor/lib/modules/mtktv-cpufreq-ca.ko with args ''
[2026/09/11 10:44:53] Loaded kernel module /vendor/lib/modules/mtktv-cpufreq-ca.ko
[2026/09/11 10:44:53] Loading module /vendor/lib/modules/mtktv-cpufreq.ko with args ''
[2026/09/11 10:44:53] Loaded kernel module /vendor/lib/modules/mtktv-cpufreq.ko
[2026/09/11 10:44:53] Loading module /vendor/lib/m[    8.029521][  T482] stall_debug: enable ip record by scs OK
[2026/09/11 10:44:53] odules/mtk-dramc.ko with args ''
[2026/09/11 10:44:53] Loading module /vendor/lib/modules/mtk-mediator.ko with args ''
[2026/09/11 10:44:53] Loading module /vendor/lib/modules/cpu-freq-adapter.ko with args ''
[2026/09/11 10:44:53] Loaded kernel module /vendor/lib/modules/cpu-freq-adapter.ko
[2026/09/11 10:44:53] Loading module /vendor/lib/modules/mtktv-gpu-thermal.ko with args ''
[2026/09/11 10:44:53] Loaded kernel module /vendor/lib/modules/mtktv-gpu-thermal.ko
[2026/09/11 10:44:54] [    9.176363][  T621] watchdog: watchdog0: watchdog did not stop!
[2026/09/11 10:44:55] [    9.910714][  T687] watchdog: watchdog0: watchdog did not stop!
[2026/09/11 10:44:55] CPU_AUDIO is running!
[2026/09/11 10:44:55] [10071829][_cpuAudio_ALSA_
[2026/09/11 10:44:55] Driver_GetCardInfo][198]to open /proc/asound/cards
[2026/09/11 10:44:55] [10072529][_cpuAudio_ALSA_Driver_GetCardInfo][225]Available Sound Cards:[
[2026/09/11 10:44:55] 0 [mtktvsndcard   ]: mtk-tvsnd-card - mtk-tvsnd-card
[2026/09/11 10:44:55] MTK-TV-SOUND-ASOC-AUDIO-DRV
[2026/09/11 10:44:55] 1 [Loopback       ]: Loopback - Loopback
[2026/09/11 10:44:55] Loopback 1
[2026/09/11 10:44:55] 2 [mtkaloopsndcard]: mtkaloopsndcard - mtkaloopsndcard
[2026/09/11 10:44:55] mtkaloopsndcard 1
[2026/09/11 10:44:55] 3 [vocsndcard     ]: vocsndcard - vocsndcard
[2026/09/11 10:44:55] vocsndcard 1
[2026/09/11 10:44:55] ]
[2026/09/11 10:44:55] [10072595][_cpuAudio_ALSA_Driver_GetCardInfo][239]index of mtktvsndcard : 0
[2026/09/11 10:44:55] [10072604][_cpuAudio_ALSA_Driver_GetCardInfo][254]mtktvsndcard : /dev/snd/controlC0
[2026/09/11 10:44:55] [10072627][_cpuAudio_ALSA_Driver_GetCardInfo][273]close /proc/asound/cards done
[2026/09/11 10:44:55] [10072759][_cpuAudio_ALSA_Driver_GetKcontolId][400]pKControl:Utopia controls,fd:3,elist.count:40
[2026/09/11 10:44:55] [10072776][_cpuAudio_ALSA_Driver_GetKcontolId][403]MM RATE
[2026/09/11 10:44:55] [10072783][_cpuAudio_ALSA_Driver_GetKcontolId][403]MM GET PB BUF LEVEL
[2026/09/11 10:44:55] [10072788][_cpuAudio_ALSA_Driver_GetKcontolId][403]MM GET CAP BUF LEVEL
[2026/09/11 10:44:55] [10072793][_cpuAudio_ALSA_Driver_GetKcontolId][403]Duplex mm controls
[2026/09/11 10:44:55] [10072798][_cpuAudio_ALSA_Driver_GetKcontolId][403]Capture MUTE EVENT
[2026/09/11 10:44:55] [10072824][_cpuAudio_ALSA_Driver_GetKcontolId][403]Capture NONPCM EVENT
[2026/09/11 10:44:55] [10072829][_cpuAudio_ALSA_Driver_GetKcontolId][403]Capture NONPCM FLAG
[2026/09/11 10:44:55] [10072834][_cpuAudio_ALSA_Driver_GetKcontolId][403]Capture FASTLOCK MODE
[2026/09/11 10:44:55] [10072840][_cpuAudio_ALSA_Driver_GetKcontolId][403]Capture TIMESTAMP
[2026/09/11 10:44:55] [10072845][_cpuAudio_ALSA_Driver_GetKcontolId][403]Capture controls
[2026/09/11 10:44:55] [10072849][_cpuAudio_ALSA_Driver_GetKcontolId][403]DSP Reload
[2026/09/11 10:44:55] [10072855][_cpuAudio_ALSA_Driver_GetKcontolId][403]Utopia controls
[2026/09/11 10:44:55] [10072860][_cpuAudio_ALSA_Driver_GetKcontolId][407]got Kcontrol[Utopia controls] at id[12]
[2026/09/11 10:44:55] [10072886][cpuAudio_ALSA_Driver_Init][690]Audio memory size(0x2E57000) phyAudioBase(0x200000) busAudioBase(0x20200000)
[2026/09/11 10:44:55] [10072895][_cpuAudio_ALSA_Driver_InitPcmDevice][301]Opening PCM device node=0/2, period=11863/1024, format=2/48000/0
[2026/09/11 10:44:55] [10073974][cpuAudio_ALSA_Driver_Init][701]phyAudioBase(0x200000) => UserVirtualAddr(0xeda29000)
[2026/09/11 10:44:55] [10084671][cpuAudio_getInfo][562][1;35m cpuAudio[Info](thread-name:)(pid:0)(tid:0) [0m
[2026/09/11 10:44:55] [10084712][cpuAudio_getInfo][566][1;35m cpuAudio[decR2:0x2396,sndR2:0xd264][Version](0x20) [0m
[2026/09/11 10:44:55] [cpuAudio_createPostprocessMonitorThread][370]armAudio_postprocessrMonitor_ver: 0xff20 thread created successfully
[2026/09/11 10:44:55] [cpuAudio_postprocess_init][16] dec_base(eda29000) DEC_R2_SHM_DDR_OFFSET(0x1911000) snd_base(eebe9000) SND_R2_SHM_DDR_OFFSET(0x753000) p_decR2_shm(0xef33a000) p_sndR2_shm(0xef33c000)
[2026/09/11 10:44:55] [1;35m [cpuAudioPostProcess_main][327]Enter while(1) loop. [0m
[2026/09/11 10:44:56] [   10.405286][  T772] [mzc] init done
[2026/09/11 10:44:56] [   11.061443][  T484] ir set boot status to 5.
[2026/09/11 10:44:56] [   11.214550][  T525] PowerHAL: [AT][AN][DC finish boot]
[2026/09/11 10:44:59] factory auto test loop start
[2026/09/11 10:44:59]  
[2026/09/11 10:45:05] 发送(hex): aa061001a7ef
[2026/09/11 10:45:05] «
[2026/09/11 10:45:05] ßN
[2026/09/11 10:45:06] 发送(hex): aa09700000000092eb
[2026/09/11 10:45:07] «
[2026/09/11 10:45:07] ßN
[2026/09/11 10:45:10] UAR
[2026/09/11 10:45:10] T
[2026/09/11 10:45:10] <.
[2026/09/11 10:45:10] AC_ON
[2026/09/11 10:45:10] HASH1_VERSION=0x00000000 64bit
[2026/09/11 10:45:10] E-A
[2026/09/11 10:45:10] [ETT_Main] Clock MPLL Init
[2026/09/11 10:45:10] [ETT_Main]MIU_ver 20260417-11996427-OneBin-V20.4-RefineWDTNew
[2026/09/11 10:45:10] [DRAMC] AC ON-0
[2026/09/11 10:45:10] [FAST_K]
[2026/09/11 10:45:10] [MOBF] Gen SW key
[2026/09/11 10:45:10] CH0 DramsizeFlag_CH0 DUM
[2026/09/11 10:45:10] MY_REG = 0x1
[2026/09/11 10:45:10] dramc_channel0 restore dramsize_flag = 0x1
[2026/09/11 10:45:10] [FAST_K]
[2026/09/11 10:45:10] CH2 DramsizeFlag_CH2 DUMMY_R
[2026/09/11 10:45:11] EG = 0x0
[2026/09/11 10:45:11] dramc_channel2 restore dramsize_flag = 0x0
[2026/09/11 10:45:11] dispatch to 1 EMI 2 CH
[2026/09/11 10:45:11] MIUP set area: 3GB
[2026/09/11 10:45:11] EMI bist: [32mM0 pass[0m
[2026/09/11 10:45:11] EMI bist: [32mM2 pass[0m
[2026/09/11 10:45:11] fake engine: [32mpass[00000000][0m
[2026/09/11 10:45:11] fake engine: [32mpass[00000001][0m
[2026/09/11 10:45:11] u4dram_info=0x2406
[2026/09/11 10:45:11] TEELOADER_VERSION=0x00000000
[2026/09/11 10:45:11] optee teeloader entry
[2026/09/11 10:45:11] MultiOptee image detected, ModelID=17B06E0B
[2026/09/11 10:45:11] MultiOptee image detected, ModelID=17B06E0B
[2026/09/11 10:45:11] CusConfig
[2026/09/11 10:45:11] ARMFW_VERSION=0x00000000
[2026/09/11 10:45:11] OPTEE_VERSION=0x00000000
[2026/09/11 10:45:11] OPTEECUST_VERSION=0x00000000
[2026/09/11 10:45:11] REELOADER_VERSION=0x00000000
[2026/09/11 10:45:11] ns_uboot_boot
[2026/09/11 10:45:11] NOTICE:  BL31: v2.4(debug):f102f7cc7
[2026/09/11 10:45:11] NOTICE:  BL31: Built : 20:53:08, Jul 17 2026
[2026/09/11 10:45:11] INFO:    BL31: Initializing runtime services
[2026/09/11 10:45:11] INFO:    BL31: Initializing BL32
[2026/09/11 10:45:11] [TEE] TRIAL BOOT: 0
[2026/09/11 10:45:11] [DynRamlog] wait for configuring by tee driver
[2026/09/11 10:45:11] INFO:    BL31: Preparing for EL3 exit to normal world
[2026/09/11 10:45:11] INFO:    Entry point address = 0x20100010
[2026/09/11 10:45:11] ree_entry
[2026/09/11 10:45:11] Check WDT....
[2026/09/11 10:45:11] UBOOT_VERSION=0x00000000
[2026/09/11 10:45:11] U-Boot2019.04-g23c3f665-dirty (Aug 23 2026 - 20:57:54 +0800)
[2026/09/11 10:45:11] Model: MediaTek MT5896 RFB
[2026/09/11 10:45:11] DRAM:  3 GiB
[2026/09/11 10:45:11] MMC:   mtk-mmc-fcie@1c660000: 0
[2026/09/11 10:45:11] Loading Environment from
[2026/09/11 10:45:11] EXT4... OK
[2026/09/11 10:45:11] [0;31m[ERROR] get_
[2026/09/11 10:45:11] data_separation_info:254: [0m[data spr][start:1297][end:1305][total time:8]
[2026/09/11 10:45:11] [0;31m[ERROR] get_partition_info:394: [0mCan not find corresponding suffixed partition name:factory_preset_a !!!
[2026/09/11 10:45:11] [0;31m[ERROR] get_pid_from_preset_partition:1495: [0mError: sys_get_storage_info from factory_preset failure
[2026/09/11 10:45:12] [0;31m[ERROR] parse_tcl_ffvoice_lednum:1124: [0mdrive_item is not exist!
[2026/09/11 10:45:12] [0;31m[ERROR] parse_tcl_ffvoice_lednum:1144: [0muse default ffvoice lednum: 4!!!
[2026/09/11 10:45:12] [0;31m[ERROR] parse_tcl_led_stagespacetime:1019: [0mdrive_item is not exist!
[2026/09/11 10:45:12] [0;31m[ERROR] parse_tcl_led_stagespacetime:1039: [0muse default_ledstage: 0!!!
[2026/09/11 10:45:12] [0;31m[ERROR] parse_tcl_led_stagespacetime:1041: [0mset uenv led_stagespace : 0
[2026/09/11 10:45:12] device properties match:sid = "0"
[2026/09/11 10:45:12] [0;31m[ERROR] get_data_separation_info:270: [0mRead ini file success !
[2026/09/11 10:45:12] [0;31m[ERROR] To_parse_tcl_standby_qhb_support:234: [0mtcl_env_qhb = 0 or null or other,not support TCL  QHB
[2026/09/11 10:45:12] [0;31m[ERROR] dataindex_dtbo_overlay:644: [0m[DATAINDEX DTBO LOAD][start:1830][end:1921][total time:91]
[2026/09/11 10:45:12] Model: MediaTek MT5896 RFB
[2026/09/11 10:45:12] Net:
[2026/09/11 10:45:12] eth0: ethernet@1c700000
[2026/09/11 10:45:12] Booting(Working) pLedMode = LED_ON,pLightRate=80
[2026/09/11 10:45:12] Saving Environment to EXT4...
[2026/09/11 10:45:12] done
[2026/09/11 10:45:12] OK
[2026/09/11 10:45:12] slot:0 slot retry:0 a_corrupt:0 b_corrupt:0 su
[2026/09/11 10:45:12] ccessful:[1:0]
[2026/09/11 10:45:12] 00000000: 00 00 00 00 00 00 00 00 00 00 00 00 00 00 00 00    ................
[2026/09/11 10:45:12] 00000010: 00 00 00 00 00 00 00 00 00 00 00 00 00 00 00 00    ................
[2026/09/11 10:45:12] [0;31m[ERROR] get_boot_mode_from_partition:354: [0mdump  OK
[2026/09/11 10:45:12] androidboot boot reason = ac
[2026/09/11 10:45:12] Reboot reason == PM_BR_AC
[2026/09/11 10:45:12] upgrade status:done
[2026/09/11 10:45:12] [0;31m[ERROR] standby_mode_enter_standby:187: [0m[panic case]: no panic occur, normal deal
[2026/09/11 10:45:12] Normal booting mode!
[2026/09/11 10:45:12] [wei] mtk_panel_probe 991, PANEL LIB VER 5
[2026/09/11 10:45:12] [wei] BOOT_PNL_VERSION OLD
[2026/09/11 10:45:12] [0;31m[ERROR] standby_mode_enter_qhb:274: [0mThis PID   unsupport  TCL QHB !!!
[2026/09/11 10:45:13] [0;31m[ERROR] mtk_panel_init_device:998: [0m[BEFORE DEMURA][start:2362][end:2401][total time:39]
[2026/09/11 10:45:13] [0;31m[ERROR] mtk_panel_enable:1149: [0m
[2026/09/11 10:45:13] ---mtk_panel_enable:1149 Set mtk_panel_enable DelayTask 7
[2026/09/11 10:45:13] Hit any key to stop autoboot:  0
[2026/09/11 10:45:13] [0;31m[ERROR] do_check_upgrade_mode:216: [0mresolve path fail: /mnt/vendor/tvconfig/bsp/common/misc/upgrade_mode.ini
[2026/09/11 10:45:13] check_auto_update
[2026/09/11 10:45:13] seconds : 2
[2026/09/11 10:45:13] Ticking:
[2026/09/11 10:45:13] jpd_api: [ERR] _MApi_NJPD_Decoder_Pr
[2026/09/11 10:45:13] intError: data loss error!!
[2026/09/11 10:45:13] jpd_api: [ERR] _MApi_NJPD_Decoder_PrintError: bitstream error!!
[2026/09/11 10:45:13] [0;31m[ERROR] mtk_jpd_decode:361: [0mJPEG decode failed!!
[2026/09/11 10:45:13] [0;31m[ERROR] standby_mode_enter_standby:187: [0m[panic case]: no panic occur, normal deal
[2026/09/11 10:45:13] Normal booting mode!
[2026/09/11 10:45:13] [0;31m[ERROR] get_panel_pwm_duty_info:2644: [0mRead ini file to DRAM failure
[2026/09/11 10:45:13] [0;31m[ERROR] Check_TSR_PMIC_Version:229: [0mThis PID   unsupport   TSR IC !!!
[2026/09/11 10:45:13] [0;31m[ERROR] _mtk_pnl_cust_backlight_i2c_init:2672: [0mRead subnode (backlight_i2c_info) FAIL
[2026/09/11 10:45:13] kfault cur reboot mode: 0x0
[2026/09/11 10:45:13] kfault tcllog size: 0x4000000
[2026/09/11 10:45:13] kfault io buf 0x5be1fbc0, size 0x400, pos 0x0, is_read 1, ret 0
[2026/09/11 10:45:13] kfault io buf 0x5be1ffd0, size 0x2000, pos 0x400, is_read 1, ret 0
[2026/09/11 10:45:13] kfault io buf 0x5bd46a50, size 0x1000, pos 0x37ff000, is_read 1, ret 0
[2026/09/11 10:45:13] normal boot, just do tmp dump
[2026/09/11 10:45:13] MMC write: dev # 0, block # 1480696, count 8 ... 8 blocks written: OK
[2026/09/11 10:45:13] kfault io buf 0x5bd46a50, size 0x1000, pos 0x37ff000, is_read 0, ret 0
[2026/09/11 10:45:13] kfault_boot->log_num = 0
[2026/09/11 10:45:13] MMC write: dev # 0, block # 1366016, count 2 ... 2 blocks written: OK
[2026/09/11 10:45:13] kfault io buf 0x5be1fbc0, size 0x400, pos 0x0, is_read 0, ret 0
[2026/09/11 10:45:13] [0;31m[ERROR] standby_mode_enter_standby:187: [0m[panic case]: no panic occur, normal deal
[2026/09/11 10:45:13] Normal booting mode!
[2026/09/11 10:45:13] upgradecheck - upgrade mode check command
[2026/09/11 10:45:13] Usage:
[2026/09/11 10:45:13] upgradecheck command: upgradecheck
[2026/09/11 10:45:13] retry_count: 0
[2026/09/11 10:45:13] ## Android Verified Boot 2.0 version 1.1.0
[2026/09/11 10:45:13] Disable Flash Update Mode
[2026/09/11 10:45:13] Ver
[2026/09/11 10:45:14] ification passed successfully
[2026/09/11 10:45:14] Boot state is: Green !
[2026/09/11 10:45:14] Kernel load addr 0x26000000 size 41887 KiB
[2026/09/11 10:45:14] RAM disk load addr 0x01000000 size 2039 KiB
[2026/09/11 10:45:14] [0;31m[ERROR] bootargs_append:2318: [0mset cfg is androidboot.device_name=G08 androidboot.series=C androidboot.product=C745 androidboot.product_name=G08_4K_GB androidboot.client_type=TCL-EU-MT9653-S1 androidboot.model_name=Smart*TV*Pro androidboot.code_name=AU04 androidboot.ecid=22000000 androidboot.tcl_brand=TCL androidboot.manufacturer=TCL androidboot.oem_tag=EU androidboot.certify=unknown androidboot.extension=unknown androidboot.extension_res=unknown androidboot.extension_db=unknown
[2026/09/11 10:45:14] [0;31m[ERROR] bootargs_append:2318: [0mset cfg is androidboot.pid=0
[2026/09/11 10:45:14] device properties match:sid = "0"
[2026/09/11 10:45:14] [0;31m[ERROR] set_crashkernel_rsvmem:2278: [0mError: Read kdump file to Dram failed
[2026/09/11 10:45:14] do_tcl_crashkernel - tcl_crashkernel
[2026/09/11 10:45:14] Usage:
[2026/09/11 10:45:14] do_tcl_crashkernel command: set reserved memory for crashkernel
[2026/09/11 10:45:14] Loading Kernel Image ...
[2026/09/11 10:45:14] OK
[2026/09/11 10:45:14] Loading Ramdisk to 29f09000, end 2bdff751 ... OK
[2026/09/11 10:45:14] Loading Device Tree to 000000002c4e1000, end 000000002c5ff9bb ... OK
[2026/09/11 10:45:14] [0;31m[ERROR] dataindex_dtbo_overlay:644: [0m[DATAINDEX DTBO LOAD][start:3850][end:3967][total time:117]
[2026/09/11 10:45:14] [0;31m[ERROR] standby_mode_enter_qhb:274: [0mThis PID   unsupport  TCL QHB !!!
[2026/09/11 10:45:14] [AutoTest][mboot][start kernel][4032]
[2026/09/11 10:45:14] Starting kernel ...
[2026/09/11 10:45:14] kfault io buf 0x5be54c90, size 0x28, pos 0x400, is_read 1, ret 0
[2026/09/11 10:45:14] last status:0x0
[2026/09/11 10:45:14] MMC write: dev # 0, block # 1480632, count 7 ...
[2026/09/11 10:45:14] 7 blocks written: OK
[2026/09/11 10:45:14] MMC write: dev # 0, block # 1480639, count 1 ...
[2026/09/11 10:45:14] 1 blocks written: OK
[2026/09/11 10:45:14] kfault io buf 0x5be4d940, size 0xf41, pos 0x37f7000, is_read 0, ret 0
[2026/09/11 10:45:14] MMC write: dev # 0, block # 1366018, count 1 ...
[2026/09/11 10:45:14] 1 blocks written: OK
[2026/09/11 10:45:14] kfault io buf 0x5bd43c90, size 0x28, pos 0x400, is_read 0, ret 0
[2026/09/11 10:45:15] WARNING: Unimplemented
[2026/09/11 10:45:15] Standard Service Call: 0x84000050
[2026/09/11 10:45:15] [    0.322947][    T1] clk_mt5896: we have
[2026/09/11 10:45:15] : PM
[2026/09/11 10:45:15] [    0.322970][    T1] clk_mt5896: we have : NONPM
[2026/09/11 10:45:15] [Ramlog] tee_config_dyn_ramlog_by_cookie is success
[2026/09/11 10:45:15] [    0.472854][    T1] [K][EFUSE]mtk_efuse_init() ----- START
[2026/09/11 10:45:15] [    0.478509][    T1] [K][EFUSE]mtk_efuse_init() ----> OK
[2026/09/11 10:45:15] [    0.490927][    T1] ir set ir_arm_en to 1.
[2026/09/11 10:45:15] [    0.495143][    T1] ir get boot status 2.
[2026/09/11 10:45:15] [    0.499171][    T1] ir set boot status to 3.
[2026/09/11 10:45:15] [    0.503497][    T1] ir get key 65535.
[2026/09/11 10:45:15] [    0.507169][    T1] mtk-ir 1c080000.ir_in: ir probe done.
[2026/09/11 10:45:15] [    0.518913][    T1] [0][0][0]
[2026/09/11 10:45:15] [    0.529770][    T1] add null memory dma_heap with name mtk_nullmem_1
[2026/09/11 10:45:15] [    0.536132][    T1]     range from 0x3000000 to 0x13000000
[2026/09/11 10:45:15] [    0.536132][    T1]
[2026/09/11 10:45:15] [    0.536132][    T1]
[2026/09/11 10:45:15] [    0.569872][    T1] we have : seal
[2026/09/11 10:45:15] [    0.649806][   T67] mtk_mci 1c660000.mtk-mmc-fcie: [ mtk_fcie_set_ios() Ln.4351 ]
[2026/09/11 10:45:15] [    0.657445][   T67] mtk_mci 1c660000.mtk-mmc-fcie: Ld HS400ES
[2026/09/11 10:45:15] [    0.665599][   T67] mtk_mci 1c660000.mtk-mmc-fcie: eMMC: HS400 5.1 200MHz
[2026/09/11 10:45:15] [    0.672427][    T1] [Alg Debug] MApi_PQ_CLI_CFD_Init sucess!!
[2026/09/11 10:45:15] [    0.672740][   T67] mtk_mci 1c660000.mtk-mmc-fcie: eMMC: HS400 5.1 200MHz
[2026/09/11 10:45:15] [    0.689682][    T1] lizw pp 1
[2026/09/11 10:45:15] [    0
[2026/09/11 10:45:15] .699663][    T1] ux_thread: uxthread_init done!
[2026/09/11 10:45:15] [    0.705288][    T1] tcl_action_monitor: kfault kernel timeout init
[2026/09/11 10:45:16] [    1.820894][  T121] tcl_action_monitor: kfault stop ke
[2026/09/11 10:45:16] rnel init timeout
[2026/09/11 10:45:17] console:/ $
[2026/09/11 10:45:18] [0;32;31m [ramlog] tee_
[2026/09/11 10:45:18] get_ramlog_config 586 [m
[2026/09/11 10:45:18] [ramlog] Chip ID: 27 f3 04 f5 fd 0b 95 c5 8d 04 00 00
[2026/09/11 10:45:18] [ramlog] TEE log is not enabled (I2C mode:1)
[2026/09/11 10:45:19] [
[2026/09/11 10:45:19] 4.621081][  T321] mtk_and: line 0: glide-disk-cach%com.google.android.apps.tv.launcherx=S:N-20
[2026/09/11 10:45:19] [    4.630017][  T321] mtk_and: line 1: animation%com.netflix.ninja=S:N-10
[2026/09/11 10:45:19] [    4.636666][  T321] mtk_and: line 2: Thread-17%com.amazon.amazonvideo.livingroom=S:R1
[2026/09/11 10:45:19] [    4.644640][  T321] mtk_and: line 3: Thread-18%com.amazon.amazonvideo.livingroom=S:R1
[2026/09/11 10:45:20] [    4.981481][  T121] mtu3 1c
[2026/09/11 10:45:20] 7a3e00.usb: ssusb clock enable
[2026/09/11 10:45:20] [    5.000502][  T121] mtu3 1c1b3e00.usb: ssusb clock enable
[2026/09/11 10:45:20] Info: get MI daemon priority before System Init: [-20]
[2026/09/11 10:45:20] [mi_daemon]!!!Enter MI daemon prcoess!! start time =5059
[2026/09/11 10:45:20] [mi_daemon][HASHKEY]{_Bin_Hashkey_Init,692} ----- START not bGingaSupported
[2026/09/11 10:45:20] [mi_daemon][HASHKEY]{_Bin_Hashkey_Init,697} ----- START
[2026/09/11 10:45:20] [mi_daemon][HASHKEY]{_getPathFromDataIndex,620} pszFilePath:/tclconfig/hardware/param/soc/dataIndex_00_WW_4K60_VbyOne.ini
[2026/09/11 10:45:20] Cannot get key 'HASHKEY:hashkey_file' in dataIndex file /tclconfig/hardware/param/soc/dataIndex_00_WW_4K60_VbyOne.ini
[2026/09/11 10:45:20] [IPAUTH][HASHKEY]{MApi_IPAUTH_Init_by_bin,580} (iBinSize:306)
[2026/09/11 10:45:20] [IPAUTH]{_IPAUTH_ReadDebugFile,308} ----- START
[2026/09/11 10:45:20] [IPAUTH]{_IPAUTH_ReadDebugFile,317} Debug file is not exist~(/data/vendor/ipauth_debug.txt)
[2026/09/11 10:45:20] [IPAUTH][HASHKEY]{MApi_IPAUTH_Init_by_bin,631} u16CustomerId:0x19
[2026/09/11 10:45:20] [IPAUTH][HASHKEY]{MApi_IPAUTH_Init_by_bin,693} u16HashkeyChipId:0x10D
[2026/09/11 10:45:20] [IPAUTH][HASHKEY]{_IPAUTH_HASHKEY_Verify,406} call HASHKEY_Verify()
[2026/09/11 10:45:20] [IPAUTH][HASHKEY]{_IP
[2026/09/11 10:45:20] AUTH_HASHKEY_Verify,408} HASHKEY_Verify() return 0
[2026/09/11 10:45:20] [IPAUTH][HASHKEY]{MApi_IPAUTH_Init_by_bin,750} set _u8_hashkey_verify_result=OK
[2026/09/11 10:45:20] [IPAUTH][HASHKEY]{_IPAUTH_HASHKEY_set_BinDataToKernel,503} (u32Para1:1, pu8BinBuf:0xFFE31B20, u32BufSize:306)
[2026/09/11 10:45:20] [IPAUTH][HASHKEY]{_IPAUTH_HASHKEY_set_BinDataToKernel,523} cmd:0x8791, u32_para_1:0x1, u32BufSize_in:306
[2026/09/11 10:45:20] [mi_daemon]!!!Enter MI daemon flow time=5059!!
[2026/09/11 10:45:20] [mi_daemon]{_MI_SYS_Init,809} _MI_SYS_Init() ----- START
[2026/09/11 10:45:20] !!!MI daemon prcoess start! MI daemon cost time=177!!!
[2026/09/11 10:45:20] Info: get MI daemon priority after Module Init: [0]
[2026/09/11 10:45:21] [    6.020284][  T121] realtime_framework_init is invoked
[2026/09/11 10:45:21] [    6.025785][  T121] realtime_module_init [538], REALTIME_UID=2941
[2026/09/11 10:45:21] [    6.040458][  T407] tcl_vdf: vdf_send_task run..
[2026/09/11 10:45:21] modprobe: alias lines in modules.alias must have 3 entries, not 5
[2026/09/11 10:45:21] modprobe: alias lines in modules.alias must have 3 entries, not 5
[2026/09/11 10:45:21] modprobe: alias lines in modules.alias must have 3 entries, not 4
[2026/09/11 10:45:21] modprobe: alias lines in modules.alias must have 3 entries, not 7
[2026/09/11 10:45:21] modprobe: alias lines in modules.alias must have 3 entries, not 5
[2026/09/11 10:45:21] modprobe: alias lines in modules.alias must have 3 entries, not 4
[2026/09/11 10:45:21] modprobe: alias lines in modules.alias must have 3 entries, not 4
[2026/09/11 10:45:21] modprobe: alias lines in modules.alias must have 3 entries, not 6
[2026/09/11 10:45:21] modprobe: alias lines in modules.alias must have 3 entries, not 5
[2026/09/11 10:45:21] modprobe: alias lines in modules.alias must have 3 entries, not 5
[2026/09/11 10:45:21] modprobe: alias lines in modules.alias must have 3 entries, not 4
[2026/09/11 10:45:21] modprobe: alias lines in modules.alias must have 3 entries, not 5
[2026/09/11 10:45:21] modprobe: alias lines in modules.alias must have 3 entries, not 5
[2026/09/11 10:45:21] modprobe: alias lines in modules.alias must have 3 entries, not 5
[2026/09/11 10:45:21] modprobe: alias lines in modules.alias must have 3 entries, not 6
[2026/09/11 10:45:21] modprobe: alias lines in modules.alias must have 3 entries, not 5
[2026/09/11 10:45:21] modprobe: alias lines in modules.alias must have 3 entries, not 4
[2026/09/11 10:45:21] Loading module /vendor/lib/modules/spi-mtkdtv-ci.ko with args[    6.327847][  T413] [austin_demod_dd][demod_probe] name = [austin_demod]
[2026/09/11 10:45:21] ''
[2026/09/11 10:45:21] Loaded kern[    6.335176][  T413] [demod_probe][120] austin_dev->client->addr = 0x79
[2026/09/11 10:45:21] el module /vendo[    6.343216][  T413] [austin_chk_exist][74] ret -121, --- 0 9 3 2
[2026/09/11 10:45:21] r/lib/modules/spi-mtkdtv-ci.ko
[2026/09/11 10:45:21] [    6.405179][  T413] [mdbgin_merak_demod_dd][mtk_demod_custom_file_open][2503] __entry__
[2026/09/11 10:45:21] [    6.413217][  T413] [mtk_demod_custom_file_open][2542] CUSTOM_EQ_TYPE7
[2026/09/11 10:45:21] [    6.419901][  T413] [mtk_demod_custom_file_open][2554] custom file open fail !
[2026/09/11 10:45:21] [    6.427176][  T413] 1ce00000.mtk-demod is already registered, pass it
[2026/09/11 10:45:22] [    7.081927][  T411] drv_hwreg_srccap_hdmirx_attach b_attach = 1
[2026/09/11 10:45:22] [    7.081929][  T411] drv_hwreg_srccap_hdmirx_attach size = 1
[2026/09/11 10:45:22] [    7.087926][  T411] hal_hwreg_srccap_hdmirx_ops_array[0].hw_version = 6
[2026/09/11 10:45:22] [    7.102425][  T411] u32_addr_min = eb00
[2026/09/11 10:45:22] [    7.106287][  T411] u32_addr_max = ebf0
[2026/09/11 10:45:22] modprobe: alias lines in modules.alias must have 3 entries, not 5
[2026/09/11 10:45:22] modprobe: alias lines in modules.alias must have 3 entries, not 5
[2026/09/11 10:45:22] modprobe: alias lines in modules.alias must have 3 entries, not 4
[2026/09/11 10:45:22] modprobe: alias lines in modules.alias [    7.351638][  T121] kallsyms_lookup_name with kp ffffffc00822d4dc,ret=0
[2026/09/11 10:45:22] must have 3 entr[    7.359211][  T121] stall_debug: chip id 0
[2026/09/11 10:45:22] ies, not 7
[2026/09/11 10:45:22] modprobe: alias line[    7.365993][  T121] stall_debug: hook sysrq-c OK
[2026/09/11 10:45:22] s in modules.ali[    7.370981][  T161] current tty: ttyS0, irq: 22
[2026/09/11 10:45:22] as must have 3 e[    7.372792][  T121] stall_debug: alloc 1000 memory ok
[2026/09/11 10:45:22] ntries, not 5
[2026/09/11 10:45:22] modprobe: alias lines in modules.alias must have 3 entries, not 4
[2026/09/11 10:45:22] modprobe: alias lines in modules.alias must have 3 entries, not 4
[2026/09/11 10:45:22] modprobe: alias lines in modules.alias must have 3 entries, not 6
[2026/09/11 10:45:22] modprobe[    7.403246][  T121] kallsyms_lookup_name with kp ffffffc00822d4dc,ret=0
[2026/09/11 10:45:22] : alias lines in[    7.411080][  T488] stall_debug: rd_pid_max is 32768
[2026/09/11 10:45:22] modules.alias m[    7.416896][  T488] stall_debug: ptr_task_scs=ffffffc00d9bd000,size=40000
[2026/09/11 10:45:22] ust have 3 entries, not 5
[2026/09/11 10:45:22] modprobe: alias lines in modules.alias must have 3 entries, not 5
[2026/09/11 10:45:22] modprobe: alias lines in modules.alias must have 3 entries, not 4
[2026/09/11 10:45:22] modprobe: alias lines in modules.alias must have 3 entries, not 5
[2026/09/11 10:45:22] modprobe: alias lines in modules.alias must [    7.447506][  T121] kallsyms_lookup_name with kp ffffffc00822d4dc,ret=0
[2026/09/11 10:45:22] have 3 entries, not 5
[2026/09/11 10:45:22] modprobe:[    7.457035][  T121] die_helper: log_buf is from ffffffc00a8f0060,len 20000
[2026/09/11 10:45:22] alias lines in [    7.465151][  T121] die_helper: log_buf pa is from 0x00000000288f0060,len 20000
[2026/09/11 10:45:22] modules.alias must have 3 entries, not 5
[2026/09/11 10:45:22] modprobe: alias lines in modules.alias must have 3 entries, not 6
[2026/09/11 10:45:22] mod[    7.474826][  T161] current tty: ttyS0, irq: 22
[2026/09/11 10:45:22] probe: alias lines in modules.alias must have 3 entries, not 5
[2026/09/11 10:45:22] modprobe: alias lines in modules.alias must have 3 entries, not 4
[2026/09/11 10:45:22] Loading module /vendor/lib/modules/mtktv-regulator-mt5876.ko with args ''
[2026/09/11 10:45:22] Loaded kernel module /vendor/lib/modules/mtktv-regulator-mt5876.ko
[2026/09/11 10:45:22] Loading module /vendor/lib/modules/mtktv-thermal.ko with args ''
[2026/09/11 10:45:22] Loading modu[    7.517096][  T488] stall_debug: enable ip record by scs OK
[2026/09/11 10:45:22] le /vendor/lib/modules/mtktv-cpufreq-ca.ko with args ''
[2026/09/11 10:45:22] Loaded kernel module /vendor/lib/modules/mtktv-cpufreq-ca.ko
[2026/09/11 10:45:22] Loading module /vendor/lib/modules/mtktv-cpufreq.ko with args ''
[2026/09/11 10:45:22] Loaded kernel module /vendor/lib/modules/mtktv-cpufreq.ko
[2026/09/11 10:45:22] Loading module /vendor/lib/modules/mtk-dramc.ko with args ''
[2026/09/11 10:45:22] Loading module /vendor/lib/modules/mtk-mediator.ko with args ''
[2026/09/11 10:45:22] Loading module /vendor/lib/modules/cpu-freq-adapter.ko with args ''
[2026/09/11 10:45:22] Loaded kernel module /vendor/lib/modules/cpu-freq-adapter.ko
[2026/09/11 10:45:22] Loading module /vendor/lib/modules/mtktv-gpu-thermal.ko with args ''
[2026/09/11 10:45:22] Loaded kernel module /vendor/lib/modules/mtktv-gpu-thermal.ko
[2026/09/11 10:45:23] [    8.771623][  T
[2026/09/11 10:45:23] 619] watchdog: watchdog0: watchdog did not stop!
[2026/09/11 10:45:24] [    9.535490][  T661] watchdog: watchdog0: watchdog did not stop!
[2026/09/11 10:45:25] CPU_AUDIO is running!
[2026/09/11 10:45:25] [10
[2026/09/11 10:45:25] 034146][_cpuAudio_ALSA_Driver_GetCardInfo][198]to open /proc/asound/cards
[2026/09/11 10:45:25] [10034374][_cpuAudio_ALSA_Driver_GetCardInfo][225]Available Sound Cards:[
[2026/09/11 10:45:25] 0 [mtktvsndcard   ]: mtk-tvsnd-card - mtk-tvsnd-card
[2026/09/11 10:45:25] MTK-TV-SOUND-ASOC-AUDIO-DRV
[2026/09/11 10:45:25] 1 [Loopback       ]: Loopback - Loopback
[2026/09/11 10:45:25] Loopback 1
[2026/09/11 10:45:25] 2 [vocsndcard     ]: vocsndcard - vocsndcard
[2026/09/11 10:45:25] vocsndcard 1
[2026/09/11 10:45:25] 3 [mtkaloopsndcard]: mtkaloopsndcard - mtkaloopsndcard
[2026/09/11 10:45:25] mtkaloopsndcard 1
[2026/09/11 10:45:25] ]
[2026/09/11 10:45:25] [10034418][_cpuAudio_ALSA_Driver_GetCardInfo][239]index of mtktvsndcard : 0
[2026/09/11 10:45:25] [10034427][_cpuAudio_ALSA_Driver_GetCardInfo][254]mtktvsndcard : /dev/snd/controlC0
[2026/09/11 10:45:25] [10034443][_cpuAudio_ALSA_Driver_GetCardInfo][273]close /proc/asound/cards done
[2026/09/11 10:45:25] [10034525][_cpuAudio_ALSA_Driver_GetKcontolId][400]pKControl:Utopia controls,fd:3,elist.count:40
[2026/09/11 10:45:25] [10034534][_cpuAudio_ALSA_Driver_GetKcontolId][403]MM RATE
[2026/09/11 10:45:25] [10034540][_cpuAudio_ALSA_Driver_GetKcontolId][403]MM GET PB BUF LEVEL
[2026/09/11 10:45:25] [10034545][_cpuAudio_ALSA_Driver_GetKcontolId][403]MM GET CAP BUF LEVEL
[2026/09/11 10:45:25] [10034551][_cpuAudio_ALSA_Driver_GetKcontolId][403]Duplex mm controls
[2026/09/11 10:45:25] [10034556][_cpuAudio_ALSA_Driver_GetKcontolId][403]Capture MUTE EVENT
[2026/09/11 10:45:25] [10034561][_cpuAudio_ALSA_Driver_GetKcontolId][403]Capture NONPCM EVENT
[2026/09/11 10:45:25] [10034566][_cpuAudio_ALSA_Driver_GetKcontolId][403]Capture NONPCM FLAG
[2026/09/11 10:45:25] [10034571][_cpuAudio_ALSA_Driver_GetKcontolId][403]Capture FASTLOCK MODE
[2026/09/11 10:45:25] [10034576][_cpuAudio_ALSA_Driver_GetKcontolId][403]Capture TIMESTAMP
[2026/09/11 10:45:25] [10034581][_cpuAudio_ALSA_Driver_GetKcontolId][403]Capture controls
[2026/09/11 10:45:25] [10034586][_cpuAudio_ALSA_Driver_GetKcontolId][403]DSP Reload
[2026/09/11 10:45:25] [10034590][_cpuAudio_ALSA_Driver_GetKcontolId][403]Utopia controls
[2026/09/11 10:45:25] [10034596][_cpuAudio_ALSA_Driver_GetKcontolId][407]got Kcontrol[Utopia controls] at id[12]
[2026/09/11 10:45:25] [10034619][cpuAudio_ALSA_Driver_Init][690]Audio memory size(0x2E57000) phyAudioBase(0x200000) busAudioBase(0x20200000)
[2026/09/11 10:45:25] [10034627][_cpuAudio_ALSA_Driver_InitPcmDevice][301]Opening PCM device node=0/2, period=11863/1024, format=2/48000/0
[2026/09/11 10:45:25] [10035165][cpuAudio_ALSA_Driver_Init][701]phyAudioBase(0x200000) => UserVirtualAddr(0xf1e69000)
[2026/09/11 10:45:25] [10045782][cpuAudio_getInfo][562][1;35m cpuAudio[Info](thread-name:)(pid:0)(tid:0) [0m
[2026/09/11 10:45:25] [10045828][cpuAudio_getInfo][566][1;35m cpuAudio[decR2:0x2396,sndR2:0xd264][Version](0x20) [0m
[2026/09/11 10:45:25] [cpuAudio_createPostprocessMonitorThread][370]armAudio_postprocessrMonitor_ver: 0xff20 thread created successfully
[2026/09/11 10:45:25] [cpuAudio_postprocess_init][16] dec_base(f1e69000) DEC_R2_SHM_DDR_OFFSET(0x1911000) snd_base(f3029000) SND_R2_SHM_DDR_OFFSET(0x753000) p_decR2_shm(0xf377a000) p_sndR2_shm(0xf377c000)
[2026/09/11 10:45:25] [1;35m [cpuAudioPostProcess_main][327]Enter while(1) loop. [0m
[2026/09/11 10:45:25] [   10
[2026/09/11 10:45:25] .298285][  T753] [mzc] init done
[2026/09/11 10:45:25] [   10.841473]
[2026/09/11 10:45:25] [  T475] ir set boot status to 5.
[2026/09/11 10:45:26] [   11.142753][  T527] PowerHAL: [AT][AN][DC
[2026/09/11 10:45:26] finish boot]
[2026/09/11 10:45:28] factory auto test loop start
[2026/09/11 10:45:28]  
[2026/09/11 10:45:35] 发送(hex): aa061001a7ef
[2026/09/11 10:45:35] «
[2026/09/11 10:45:35] ßN
[2026/09/11 10:45:36] 发送(hex): aa06110194de
[2026/09/11 10:45:37] «
[2026/09/11 10:45:37] ßN
[2026/09/11 10:45:58] 发送(hex): aa06840063e1
[2026/09/11 10:45:58] «
[2026/09/11 10:45:58] ßN«h Ô
[2026/09/11 10:46:02] UART
[2026/09/11 10:46:02] <.
[2026/09/11 10:46:02] AC_ON
[2026/09/11 10:46:02] HASH1_VERSION=0x00000000 64bit
[2026/09/11 10:46:12] E-A
[2026/09/11 10:46:12] [ETT_Main] Clock MPLL Init
[2026/09/11 10:46:12] [ETT_Main]MIU_ver 20260417-11996427-OneBin-V20.4-RefineWDTNew
[2026/09/11 10:46:12] [DRAMC] AC ON-0
[2026/09/11 10:46:12] [FAST_K]
[2026/09/11 10:46:12] [MOBF] Gen SW key
[2026/09/11 10:46:12] CH0 DramsizeFlag_CH0 DUMMY_REG = 0x1
[2026/09/11 10:46:12] dramc_channel0 restore dramsize_flag = 0x1
[2026/09/11 10:46:12] [FAST_K]
[2026/09/11 10:46:12] CH2 DramsizeFlag_CH2 DUMMY_REG = 0x0
[2026/09/11 10:46:12] dramc_channel2 restore dramsize_flag = 0x0
[2026/09/11 10:46:12] dispatch to 1 EMI 2 CH
[2026/09/11 10:46:12] MIUP set area: 3GB
[2026/09/11 10:46:12] EMI bist: [32mM0 pass[0m
[2026/09/11 10:46:12] EMI bist: [32mM2 pass[0m
[2026/09/11 10:46:12] fake engine: [32mpass[00000000][0m
[2026/09/11 10:46:12] fake engine: [32mpass[00000001][0m
[2026/09/11 10:46:12] u4dram_info=0x2406
[2026/09/11 10:46:12] TEELOADER_VERSION=0x00000000
[2026/09/11 10:46:12] optee teeloader entry
[2026/09/11 10:46:12] MultiOptee image detected, ModelID=17B06E0B
[2026/09/11 10:46:12] MultiOptee image detected, ModelID=17B06E0B
[2026/09/11 10:46:12] CusConfig
[2026/09/11 10:46:12] ARMFW_VERSION=0x00000000
[2026/09/11 10:46:12] OPTEE_VERSION=0x00000000
[2026/09/11 10:46:12] OPTEECUST_VERSION=0x00000000
[2026/09/11 10:46:12] REELOADER_VERSION=0x00000000
[2026/09/11 10:46:12] ns_uboot_boot
[2026/09/11 10:46:12] NOTICE:  BL31: v2.4(debug):f102f7cc7
[2026/09/11 10:46:12] NOTICE:  BL31: Built : 20:53:08, Jul 17 2026
[2026/09/11 10:46:12] INFO:    BL31: Initializing runtime services
[2026/09/11 10:46:12] INFO:    BL31: Initializing BL32
[2026/09/11 10:46:12] [TEE] TRIAL BOOT: 0
[2026/09/11 10:46:12] [DynRamlog] wait for configuring by tee driver
[2026/09/11 10:46:12] INFO:    BL31: Preparing for EL3 exit to normal world
[2026/09/11 10:46:12] INFO:    Entry point address = 0x20100010
[2026/09/11 10:46:12] ree_entry
[2026/09/11 10:46:12] Check WDT....
[2026/09/11 10:46:12] UBOOT_VERSION=0x00000000
[2026/09/11 10:46:12] U-Boot2019.04-g23c3f665-dirty (Aug 23 2026 - 20:57:54 +0800)
[2026/09/11 10:46:12] Model: MediaTek MT5896 RFB
[2026/09/11 10:46:12] DRAM:  3 GiB
[2026/09/11 10:46:12] MMC:   mtk-mmc-fcie@1c660000: 0
[2026/09/11 10:46:12] Loading Environment from EXT4... OK
[2026/09/11 10:46:12] [0;31m[ERROR] get_data_separation_info:254: [0m[data spr][start:1294][end:1303][total time:9]
[2026/09/11 10:46:12] [0;31m[ERROR] get_partition_info:394: [0mCan not find corresponding suffixed partition name:factory_preset_a !!!
[2026/09/11 10:46:12] [0;31m[ERROR] get_pid_from_preset_partition:1495: [0mError: sys_get_storage_info from factory_preset failure
[2026/09/11 10:46:12] [0;31m[ERROR] parse_tcl_ffvoice_lednum:1124: [0mdrive_item is not exist!
[2026/09/11 10:46:12] [0;31m[ERROR] parse_tcl_ffvoice_lednum:1144: [0muse default ffvoice lednum: 4!!!
[2026/09/11 10:46:12] [0;31m[ERROR] parse_tcl_led_stagespacetime:1019: [0mdrive_item is not exist!
[2026/09/11 10:46:12] [0;31m[ERROR] parse_tcl_led_stagespacetime:1039: [0muse default_ledstage: 0!!!
[2026/09/11 10:46:12] [0;31m[ERROR] parse_tcl_led_stagespacetime:1041: [0mset uenv led_stagespace : 0
[2026/09/11 10:46:12] device properties match:sid = "104"
[2026/09/11 10:46:12] [0;31m[ERROR] get_data_separation_info:270: [0mRead ini file success !
[2026/09/11 10:46:12] [0;31m[ERROR] To_parse_tcl_standby_qhb_support:234: [0mtcl_env_qhb = 0 or null or other,not support TCL  QHB
[2026/09/11 10:46:12] [0;31m[ERROR] dataindex_dtbo_overlay:644: [0m[DATAINDEX DTBO LOAD][start:1786][end:1874][total time:88]
[2026/09/11 10:46:12] Model: MediaTek MT5896 RFB
[2026/09/11 10:46:12] Net:   eth0: ethernet@1c700000
[2026/09/11 10:46:12] Booting(Working) pLedMode = LED_ON,pLightRate=80
[2026/09/11 10:46:12] Saving Environment to EXT4... done
[2026/09/11 10:46:12] OK
[2026/09/11 10:46:12] slot:0 slot retry:0 a_corrupt:0 b_corrupt:0 successful:[1:0]
[2026/09/11 10:46:12] 00000000: 00 00 00 00 00 00 00 00 00 00 00 00 00 00 00 00    ................
[2026/09/11 10:46:12] 00000010: 00 00 00 00 00 00 00 00 00 00 00 00 00 00 00 00    ................
[2026/09/11 10:46:12] [0;31m[ERROR] get_boot_mode_from_partition:354: [0mdump  OK
[2026/09/11 10:46:12] androidboot boot reason = ac
[2026/09/11 10:46:12] Reboot reason == PM_BR_AC
[2026/09/11 10:46:12] upgrade status:done
[2026/09/11 10:46:12] [0;31m[ERROR] standby_mode_enter_standby:187: [0m[panic case]: no panic occur, normal deal
[2026/09/11 10:46:12] Normal booting mode!
[2026/09/11 10:46:12] [wei] mtk_panel_probe 991, PANEL LIB VER 5
[2026/09/11 10:46:12] [wei] BOOT_PNL_VERSION OLD
[2026/09/11 10:46:12] [0;31m[ERROR] standby_mode_enter_qhb:274: [0mThis PID   unsupport  TCL QHB !!!
[2026/09/11 10:46:12] [0;31m[ERROR] mtk_panel_init_device:998: [0m[BEFORE DEMURA][start:2273][end:2312][total time:39]
[2026/09/11 10:46:12] [0;31m[ERROR] mtk_panel_enable:1149: [0m
[2026/09/11 10:46:12] ---mtk_panel_enable:1149 Set mtk_panel_enable DelayTask 7
[2026/09/11 10:46:12] Hit any key to stop autoboot:  0
[2026/09/11 10:46:12] [0;31m[ERROR] do_check_upgrade_mode:216: [0mresolve path fail: /mnt/vendor/tvconfig/bsp/common/misc/upgrade_mode.ini
[2026/09/11 10:46:12] check_auto_update
[2026/09/11 10:46:12] seconds : 2
[2026/09/11 10:46:12] Ticking: jpd_api: [ERR] _MApi_NJPD_Decoder_PrintError: data loss error!!
[2026/09/11 10:46:12] jpd_api: [ERR] _MApi_NJPD_Decoder_PrintError: bitstream error!!
[2026/09/11 10:46:12] [0;31m[ERROR] mtk_jpd_decode:361: [0mJPEG decode failed!!
[2026/09/11 10:46:12] [0;31m[ERROR] standby_mode_enter_standby:187: [0m[panic case]: no panic occur, normal deal
[2026/09/11 10:46:12] Normal booting mode!
[2026/09/11 10:46:12] [0;31m[ERROR] get_panel_pwm_duty_info:2644: [0mRead ini file to DRAM failure
[2026/09/11 10:46:12] [0;31m[ERROR] Check_TSR_PMIC_Version:229: [0mThis PID   unsupport   TSR IC !!!
[2026/09/11 10:46:12] [0;31m[ERROR] _mtk_pnl_cust_backlight_i2c_init:2672: [0mRead subnode (backlight_i2c_info) FAIL
[2026/09/11 10:46:12] kfault cur reboot mode: 0x0
[2026/09/11 10:46:12] kfault tcllog size: 0
[2026/09/11 10:46:12] x4000000
[2026/09/11 10:46:12] kfault io buf 0x5be223b0, size 0x400, pos 0x0, is_read 1, ret 0
[2026/09/11 10:46:12] kfault io buf 0x5be227c0, size 0x2000, pos 0x400, is_read 1, ret 0
[2026/09/11 10:46:12] kfault io buf 0x5be267e0, size 0x1000, pos 0x37ff000, is_read 1, ret 0
[2026/09/11 10:46:12] normal boot, just do tmp dump
[2026/09/11 10:46:12] MMC write: dev # 0, block # 1480696, count 8 ... 8 blocks written: OK
[2026/09/11 10:46:12] kfault io buf 0x5be267e0, size 0x1000, pos 0x37ff000, is_read 0, ret 0
[2026/09/11 10:46:12] kfault_boot->log_num = 0
[2026/09/11 10:46:12] MMC write: dev # 0, block # 1366016, count 2 ... 2 blocks written: OK
[2026/09/11 10:46:12] kfault io buf 0x5be223b0, size 0x400, pos 0x0, is_read 0, ret 0
[2026/09/11 10:46:12] [0;31m[ERROR] standby_mode_enter_standby:187: [0m[panic case]: no panic occur, normal deal
[2026/09/11 10:46:12] Normal booting mode!
[2026/09/11 10:46:12] upgradecheck - upgrade mode check command
[2026/09/11 10:46:12] Usage:
[2026/09/11 10:46:12] upgradecheck command: upgradecheck
[2026/09/11 10:46:12] retry_count: 0
[2026/09/11 10:46:12] ## Android Verified Boot 2.0 version 1.1.0
[2026/09/11 10:46:12] Disable Flash Update Mode
[2026/09/11 10:46:12] Verification passed successfully
[2026/09/11 10:46:12] Boot state is: Green !
[2026/09/11 10:46:12] Kernel load addr 0x26000000 size 41887 KiB
[2026/09/11 10:46:12] RAM disk load addr 0x01000000 size 2039 KiB
[2026/09/11 10:46:12] [0;31m[ERROR] bootargs_append:2318: [0mset cfg is androidboot.device_name=G08 androidboot.series=X androidb
[2026/09/11 10:46:12] [    6.368627][  T121] realtime_framework_init is invoked
[2026/09/11 10:46:12] [    6.374183][  T121] realtime_module_init [538], REALTIME_UID=2941
[2026/09/11 10:46:12] [    6.391477][  T407] tcl_vdf: vdf_send_task
[2026/09/11 10:46:12] run..
[2026/09/11 10:46:12] [    6.520487][  T413] [austin_dem
[2026/09/11 10:46:13] od_dd][demod_probe] name = [austin_demod]
[2026/09/11 10:46:13] [    6.533922][  T413] [demod_probe][120] austin_dev->client->addr = 0x79
[2026/09/11 10:46:13] [    6.550596][  T413] [austin_chk_exist][74] ret -121, --- 0 9 3 2
[2026/09/11 10:46:13] mo
[2026/09/11 10:46:13] dprobe: alias lines in modules.alias must have 3 entries, not [    6.576460][  T413] [mdbgin_merak_demod_dd][mtk_demod_custom_file_open][2503] __entry__
[2026/09/11 10:46:13] 5
[2026/09/11 10:46:13] modprobe: ali[    6.584896][  T413] [mtk_demod_custom_file_open][2542] CUSTOM_EQ_TYPE7
[2026/09/11 10:46:13] as lines in modu[    6.592938][  T413] [mtk_demod_custom_file_open][2554] custom file open fail !
[2026/09/11 10:46:13] les.alias must h[    6.601435][  T413] 1ce00000.mtk-demod is already registered, pass it
[2026/09/11 10:46:13] ave 3 entries, not 5
[2026/09/11 10:46:13] modprobe: alias lines in modules.alias must have 3 entries, not 4
[2026/09/11 10:46:13] modprobe: alias lines in modules.alias must have 3 entries, not 7
[2026/09/11 10:46:13] modprobe: alias lines in modules.alias must have 3 entries, not 5
[2026/09/11 10:46:13] modprobe: alias lines in modules.alias must have 3 entries, not 4
[2026/09/11 10:46:13] modprobe: alias lines in modules.alias must have 3 entries, not 4
[2026/09/11 10:46:13] modprobe: alias lines in modules.alias must have 3 entries, not 6
[2026/09/11 10:46:13] modprobe: alias lines in modules.alias must have 3 entries, not 5
[2026/09/11 10:46:13] modprobe: alias lines in modules.alias must have 3 entries, not 5
[2026/09/11 10:46:13] modprobe: alias lines in modules.alias must have 3 entries, not 4
[2026/09/11 10:46:13] modprobe: alias lines in modules.alias must have 3 entries, not 5
[2026/09/11 10:46:13] modprobe: alias lines in modules.alias must have 3 entries, not 5
[2026/09/11 10:46:13] modprobe: alias lines in modules.alias must have 3 entries, not 5
[2026/09/11 10:46:13] modprobe: alias lines in modules.alias must have 3 entries, not 6
[2026/09/11 10:46:13] modprobe: alias lines in modules.alias must have 3 entries, not 5
[2026/09/11 10:46:13] modprobe: alias lines in modules.alias must have 3 entries, not 4
[2026/09/11 10:46:13] Loading module /vendor/lib/modules/spi-mtkdtv-ci.ko with args ''
[2026/09/11 10:46:13] Loaded kernel module /vendor/lib/modules/spi-mtkdtv-ci.ko
[2026/09/11 10:46:13] [    7.043947][  T410] drv_hwreg_srccap_hdmirx_attach b_attach = 1
[2026/09/11 10:46:14] [    7.043950][  T410] drv_hwreg_srccap_hdmirx_attach size = 1
[2026/09/11 10:46:14] [    7.050310][  T410] hal_hwreg_srccap_hdmirx_ops_array[0].hw_version = 6
[2026/09/11 10:46:14] [    7.064916][  T410] u32_addr_min = eb00
[2026/09/11 10:46:14] [    7.068974][  T410] u32_addr_max = ebf0
[2026/09/11 10:46:14] modprobe: alias lines in modules.alias must have 3 entries, not 5
[2026/09/11 10:46:14] modprobe: alias lines in modules.alias must have 3 entries, not 5
[2026/09/11 10:46:14] modprobe: alias lines in modules.alias must have 3 entries, not 4
[2026/09/11 10:46:14] modprobe: alias lines in modules.alias must have 3 entries, not 7
[2026/09/11 10:46:14] modprobe: alias lines in modules.alias must have 3 entries, not 5
[2026/09/11 10:46:14] modprobe: alias lines in modules.alias must have 3 entries, not 4
[2026/09/11 10:46:14] modprobe: alias lines in modules.alias must have 3 entries, not 4
[2026/09/11 10:46:14] modprobe: alias lines in modules.alias must have 3 entries, not 6
[2026/09/11 10:46:14] modprobe: alias lines in[    7.226744][  T121] kallsyms_lookup_name with kp ffffffc00822d4dc,ret=0
[2026/09/11 10:46:14] modules.alias m[    7.234206][  T121] stall_debug: chip id 0
[2026/09/11 10:46:14] ust have 3 entries, not 5
[2026/09/11 10:46:14] modpr[    7.242133][  T121] stall_debug: hook sysrq-c OK
[2026/09/11 10:46:14] obe: alias lines[    7.242229][  T162] current tty: ttyS0, irq: 22
[2026/09/11 10:46:14] in modules.alia[    7.249662][  T121] stall_debug: alloc 1000 memory ok
[2026/09/11 10:46:14] s must have 3 entries, not 5
[2026/09/11 10:46:14] modprobe: alias lines in modules.alias must have 3 entries, not 4
[2026/09/11 10:46:14] modprobe: alias lines in modules.alias must have 3 entries, not 5
[2026/09/11 10:46:14] modprobe: alias lines in modules.alias must have 3 entries, not 5
[2026/09/11 10:46:14] modprobe: alias lines in [    7.281264][  T121] kallsyms_lookup_name with kp ffffffc00822d4dc,ret=0
[2026/09/11 10:46:14] modules.alias must have 3 entries, not 5
[2026/09/11 10:46:14] modprobe: alias lines in modules.alias must have 3 entries, not 6
[2026/09/11 10:46:14] modprobe: alias lines in modules.alias must have 3 entries, not 5
[2026/09/11 10:46:14] [    7.303265][  T477] stall_debug: rd_pid_max is 32768
[2026/09/11 10:46:14] modprobe: alias [    7.308566][  T477] stall_debug: ptr_task_scs=ffffffc00d802000,size=40000
[2026/09/11 10:46:14] lines in modules.alias must have 3 entries, not 4
[2026/09/11 10:46:14] Loading module /vendor/lib/modules/mtktv-regulator-mt5876.ko with args ''
[2026/09/11 10:46:14] Loaded kernel module /vendor/lib/modules/mtktv-regulator-mt5876.ko
[2026/09/11 10:46:14] Loading module /vendor/lib/modules/mtktv-thermal.ko with args ''
[2026/09/11 10:46:14] Loading module /vendor/lib/m[    7.340875][  T121] kallsyms_lookup_name with kp ffffffc00822d4dc,ret=0
[2026/09/11 10:46:14] odules/mtktv-cpufreq-ca.ko with [    7.350296][  T121] die_helper: log_buf is from ffffffc00a8f0060,len 20000
[2026/09/11 10:46:14] args ''
[2026/09/11 10:46:14] Loaded [    7.358244][  T121] die_helper: log_buf pa is from 0x00000000288f0060,len 20000
[2026/09/11 10:46:14] kernel module /vendor/lib/modules/mtktv-cpufreq-ca.ko
[2026/09/11 10:46:14] Loading module /vendor/lib/modules/mtktv-cpufreq.ko with args ''
[2026/09/11 10:46:14] [    7.368768][  T162] current tty: ttyS0, irq: 22
[2026/09/11 10:46:14] [    7.386785][  T477] stall_debug: enable ip record by scs OK
[2026/09/11 10:46:14] Loaded kernel module /vendor/lib/modules/mtktv-cpufreq.ko
[2026/09/11 10:46:14] Loading module /vendor/lib/modules/mtk-dramc.ko with args ''
[2026/09/11 10:46:14] Loading module /vendor/lib/modules/mtk-mediator.ko with args ''
[2026/09/11 10:46:14] Loading module /vendor/lib/modules/cpu-freq-adapter.ko with args ''
[2026/09/11 10:46:14] Loaded kernel module /vendor/lib/modules/cpu-freq-adapter.ko
[2026/09/11 10:46:14] Loading module /vendor/lib/modules/mtktv-gpu-thermal.ko with args ''
[2026/09/11 10:46:14] Loaded kernel module /vendor/lib/modules/mtktv-gpu-thermal.ko
[2026/09/11 10:46:15] [    8.575713][  T623] watchdog: watchdog0: watch
[2026/09/11 10:46:15] dog did not stop!
[2026/09/11 10:46:15] [    9.156950][  T702] watchdog: watchdog0: watchdog did not stop!
[2026/09/11 10:46:15] CPU_AUDIO is running!
[2026/09/11 10:46:16] [9339258][_cpuAudio_ALSA_Driver_GetCardInfo][198]to open /proc/asound/cards
[2026/09/11 10:46:16] [9339523][_cpuAudio_ALSA_Driver_GetCardInfo][225]Available Sound Cards:[
[2026/09/11 10:46:16] 0 [mtktvsndcard   ]: mtk-tvsnd-card - mtk-tvsnd-card
[2026/09/11 10:46:16] MTK-TV-SOUND-ASOC-AUDIO-DRV
[2026/09/11 10:46:16] 1 [Loopback       ]: Loopback - Loopback
[2026/09/11 10:46:16] Loopback 1
[2026/09/11 10:46:16] 2 [vocsndcard     ]: vocsndcard - vocsndcard
[2026/09/11 10:46:16] vocsndcard 1
[2026/09/11 10:46:16] 3 [mtkaloopsndcard]: mtkaloopsndcard - mtkaloopsndcard
[2026/09/11 10:46:16] mtkaloopsndcard 1
[2026/09/11 10:46:16] ]
[2026/09/11 10:46:16] [9339567][_cpuAudio_ALSA_Driver_GetCardInfo][239]index of mtktvsndcard : 0
[2026/09/11 10:46:16] [9339575][_cpuAudio_ALSA_Driver_GetCardInfo][254]mtktvsndcard : /dev/snd/controlC0
[2026/09/11 10:46:16] [9339593][_cpuAudio_ALSA_Driver_GetCardInfo][273]close /proc/asound/cards done
[2026/09/11 10:46:16] [9339674][_cpuAudio_ALSA_Driver_GetKcontolId][400]pKControl:Utopia controls,fd:3,elist.count:40
[2026/09/11 10:46:16] [9339683][_cpuAudio_ALSA_Driver_GetKcontolId][403]MM RATE
[2026/09/11 10:46:16] [9339689][_cpuAudio_ALSA_Driver_GetKcontolId][403]MM GET PB BUF LEVEL
[2026/09/11 10:46:16] [9339694][_cpuAudio_ALSA_Driver_GetKcontolId][403]MM GET CAP BUF LEVEL
[2026/09/11 10:46:16] [9339700][_cpuAudio_ALSA_Driver_GetKcontolId][403]Duplex mm controls
[2026/09/11 10:46:16] [9339705][_cpuAudio_ALSA_Driver_GetKcontolId][403]Capture MUTE EVENT
[2026/09/11 10:46:16] [9339710][_cpuAudio_ALSA_Driver_GetKcontolId][403]Capture NONPCM EVENT
[2026/09/11 10:46:16] [9339715][_cpuAudio_ALSA_Driver_GetKcontolId][403]Capture NONPCM FLAG
[2026/09/11 10:46:16] [9339720][_cpuAudio_ALSA_Driver_GetKcontolId][403]Capture FASTLOCK MODE
[2026/09/11 10:46:16] [9339725][_cpuAudio_ALSA_Driver_GetKcontolId][403]Capture TIMESTAMP
[2026/09/11 10:46:16] [9339730][_cpuAudio_ALSA_Driver_GetKcontolId][403]Capture controls
[2026/09/11 10:46:16] [9339736][_cpuAudio_ALSA_Driver_GetKcontolId][403]DSP Reload
[2026/09/11 10:46:16] [9339740][_cpuAudio_ALSA_Driver_GetKcontolId][403]Utopia controls
[2026/09/11 10:46:16] [9339746][_cpuAudio_ALSA_Driver_GetKcontolId][407]got Kcontrol[Utopia controls] at id[12]
[2026/09/11 10:46:16] [9339772][cpuAudio_ALSA_Driver_Init][690]Audio memory size(0x2E57000) phyAudioBase(0x200000) busAudioBase(0x20200000)
[2026/09/11 10:46:16] [9339783][_cpuAudio_ALSA_Driver_InitPcmDevice][301]Opening PCM device node=0/2, period=11863/1024, format=2/48000/0
[2026/09/11 10:46:16] [9349064][cpuAudio_ALSA_Driver_Init][701]phyAudioBase(0x200000) => UserVirtualAddr(0xe7fa9000)
[2026/09/11 10:46:16] [9359597][cpuAudio_getInfo][562][1;35m cpuAudio[Info](thread-name:)(pid:0)(tid:0) [0m
[2026/09/11 10:46:16] [9359646][cpuAudio_getInfo][566][1;35m cpuAudio[decR2:0x2396,sndR2:0xd264][Version](0x20) [0m
[2026/09/11 10:46:16] [cpuAudio_createPostprocessMonitorThread][370]armAudio_postprocessrMonitor_ver: 0xff20 thread created successfully
[2026/09/11 10:46:16] [cpuAudio_postprocess_init][16] dec_base(e7fa9000) DEC_R2_SHM_DDR_OFFSET(0x1911000) snd_base(e9169000) SND_R2_SHM_DDR_OFFSET(0x753000) p_decR2_shm(0xe98ba000) p_sndR2_shm(0xe98bc000)
[2026/09/11 10:46:16] [1;35m [cpuAudioPostProcess_main][327]Enter while(1) loop. [0m
[2026/09/11 10:46:16] [    9.747871][  T773] [mzc] init done
[2026/09/11 10:46:16] [
[2026/09/11 10:46:16] 10.029391][  T490] ir set boot status to 5.
[2026/09/11 10:46:16] [   10.343529][  T518] PowerHAL: [AT][AN][DC finish boot]
[2026/09/11 10:46:19] factory auto test loop start
[2026/09/11 10:46:19]  
[2026/09/11 10:46:30] 发送(hex): 0d
[2026/09/11 10:46:30] 发送(hex): 20
[2026/09/11 10:46:30] 发送(hex): 03
[2026/09/11 10:46:30] 发送(hex): 0d
[2026/09/11 10:46:30] 发送(hex): 20
[2026/09/11 10:46:30] 发送(hex): 03
[2026/09/11 10:46:30] 发送(hex): 0d
[2026/09/11 10:46:30] 发送(hex): 20
[2026/09/11 10:46:30] 发送(hex): 03
[2026/09/11 10:46:30] 发送(hex): 0d
[2026/09/11 10:46:30] 发送(hex): 20
[2026/09/11 10:46:30] 发送(hex): 03
[2026/09/11 10:46:30] 发送(hex): 0d
[2026/09/11 10:46:30] 发送(hex): 20
[2026/09/11 10:46:30] 发送(hex): 03
[2026/09/11 10:46:30] 发送(hex): 0d
[2026/09/11 10:46:30] 发送(hex): 20
[2026/09/11 10:46:30] 发送(hex): 03
[2026/09/11 10:46:30] 发送(hex): 0d
[2026/09/11 10:46:31] 发送(hex): 20
[2026/09/11 10:46:31] 发送(hex): 03
[2026/09/11 10:46:31] 发送(hex): 0d
[2026/09/11 10:46:31] 发送(hex): 20
[2026/09/11 10:46:31] 发送(hex): 03
[2026/09/11 10:46:31] 发送(hex): 0d
[2026/09/11 10:46:31] 发送(hex): 20
[2026/09/11 10:46:31] 发送(hex): 03
[2026/09/11 10:46:31] 发送(hex): 0d
[2026/09/11 10:46:31] 发送(hex): 20
[2026/09/11 10:46:31] 发送(hex): 03
[2026/09/11 10:46:31] 发送(hex): 0d
[2026/09/11 10:46:31] 发送(hex): 20
[2026/09/11 10:46:31] 发送(hex): 03
[2026/09/11 10:46:31] 发送(hex): 0d
[2026/09/11 10:46:31] 发送(hex): 20
[2026/09/11 10:46:31] 发送(hex): 03
[2026/09/11 10:46:31] 发送(hex): 0d
[2026/09/11 10:46:31] 发送(hex): 20
[2026/09/11 10:46:31] 发送(hex): 03
[2026/09/11 10:46:31] 发送(hex): 0d
[2026/09/11 10:46:31] UART
[2026/09/11 10:46:31] <.
[2026/09/11 10:46:31] 发送(hex): 20
[2026/09/11 10:46:31] 发送(hex): 03
[2026/09/11 10:46:31] AC_ON
[2026/09/11 10:46:31] 发送(hex): 0d
[2026/09/11 10:46:31] 发送(hex): 20
[2026/09/11 10:46:31] 发送(hex): 03
[2026/09/11 10:46:31] 发送(hex): 0d
[2026/09/11 10:46:31] 发送(hex): 20
[2026/09/11 10:46:31] 发送(hex): 03
[2026/09/11 10:46:31] 发送(hex): 0d
[2026/09/11 10:46:31] 发送(hex): 20
[2026/09/11 10:46:31] 发送(hex): 03
[2026/09/11 10:46:31] 发送(hex): 0d
[2026/09/11 10:46:31] 发送(hex): 20
[2026/09/11 10:46:31] 发送(hex): 03
[2026/09/11 10:46:31] HASH1_VERSION=0x0000000
[2026/09/11 10:46:31] 发送(hex): 0d
[2026/09/11 10:46:31] 发送(hex): 20
[2026/09/11 10:46:31] 发送(hex): 03
[2026/09/11 10:46:31] 0 64bit
[2026/09/11 10:46:31] E-A
[2026/09/11 10:46:31] [ETT_Main] Clock MPLL Init
[2026/09/11 10:46:31] [ETT_Main]MIU_ver 20260417-11996427-OneBin-V20.4-RefineWDTNew
[2026/09/11 10:46:31] [DRAMC] AC ON-0
[2026/09/11 10:46:31] [FAST_K]
[2026/09/11 10:46:31] [MOBF] Gen SW key
[2026/09/11 10:46:31] 发送(hex): 0d
[2026/09/11 10:46:31] 发送(hex): 20
[2026/09/11 10:46:31] 发送(hex): 03
[2026/09/11 10:46:31] CH0 Dra
[2026/09/11 10:46:31] 发送(hex): 0d
[2026/09/11 10:46:31] 发送(hex): 20
[2026/09/11 10:46:31] msizeFlag_CH0 DUMMY_REG = 0x1
[2026/09/11 10:46:31] dramc_channel0 restore dramsize_flag = 0x1
[2026/09/11 10:46:31] [FAST_K]
[2026/09/11 10:46:31] 发送(hex): 03
[2026/09/11 10:46:31] 发送(hex): 0d
[2026/09/11 10:46:31] 发送(hex): 20
[2026/09/11 10:46:31] CH2 Drams
[2026/09/11 10:46:31] 发送(hex): 03
[2026/09/11 10:46:31] 发送(hex): 0d
[2026/09/11 10:46:31] 发送(hex): 20
[2026/09/11 10:46:31] izeFlag_CH2 DUMMY_REG = 0x0
[2026/09/11 10:46:31] dramc_channel2 restore dramsize_flag = 0x0
[2026/09/11 10:46:31] dispatch to 1 EMI 2 CH
[2026/09/11 10:46:31] MIUP set area: 3GB
[2026/09/11 10:46:31] EMI bist: [32mM0 pass[0m
[2026/09/11 10:46:31] EMI bist: [32mM2 pass[0m
[2026/09/11 10:46:31] fake engine: [32mpass[00000000][0m
[2026/09/11 10:46:31] fake engine: [32mpass[00000001][0m
[2026/09/11 10:46:31] u4dram_info=0x2406
[2026/09/11 10:46:31] TEELOADER_VERSION=0x00000000
[2026/09/11 10:46:31] 发送(hex): 03
[2026/09/11 10:46:31] optee teeloader entry
[2026/09/11 10:46:31] 发送(hex): 0d
[2026/09/11 10:46:31] 发送(hex): 20
[2026/09/11 10:46:31] MultiOptee image detected, ModelID=17B06E0B
[2026/09/11 10:46:31] 发送(hex): 03
[2026/09/11 10:46:31] MultiOptee image detected, ModelID=17B06E0B
[2026/09/11 10:46:31] 发送(hex): 0d
[2026/09/11 10:46:31] 发送(hex): 20
[2026/09/11 10:46:31] 发送(hex): 03
[2026/09/11 10:46:31] 发送(hex): 0d
[2026/09/11 10:46:31] 发送(hex): 20
[2026/09/11 10:46:31] Cu
[2026/09/11 10:46:31] 发送(hex): 03
[2026/09/11 10:46:31] 发送(hex): 0d
[2026/09/11 10:46:31] sConfig
[2026/09/11 10:46:31] ARMFW_VERSION=0x00000000
[2026/09/11 10:46:31] OPTEE_VERSION=0x00000000
[2026/09/11 10:46:31] OPTEECUST_VERSION=0x00000000
[2026/09/11 10:46:31] REELOADER_VERSION=0x00000000
[2026/09/11 10:46:31] 发送(hex): 20
[2026/09/11 10:46:31] 发送(hex): 03
[2026/09/11 10:46:31] 发送(hex): 0d
[2026/09/11 10:46:31] 发送(hex): 20
[2026/09/11 10:46:31] 发送(hex): 03
[2026/09/11 10:46:31] ns_uboot_boot
[2026/09/11 10:46:31] NOTICE:  BL31: v2.4(debug):f102f7cc7
[2026/09/11 10:46:31] NOTICE:  BL31: Built : 20:53:08, Jul 17 2026
[2026/09/11 10:46:31] INFO:    BL31: Initializing runtime services
[2026/09/11 10:46:31] INFO:    BL31: Initializing BL32
[2026/09/11 10:46:31] [TEE] TRIAL BOOT: 0
[2026/09/11 10:46:31] 发送(hex): 0d
[2026/09/11 10:46:31] 发送(hex): 20
[2026/09/11 10:46:31] 发送(hex): 03
[2026/09/11 10:46:31] 发送(hex): 0d
[2026/09/11 10:46:31] 发送(hex): 20
[2026/09/11 10:46:31] [DynRamlog] wait for configuring by tee driver
[2026/09/11 10:46:31] 发送(hex): 03
[2026/09/11 10:46:31] 发送(hex): 0d
[2026/09/11 10:46:31] 发送(hex): 20
[2026/09/11 10:46:31] INFO:    BL31: Preparing for EL3 exit to normal world
[2026/09/11 10:46:31] INFO:    Entry point address = 0x20100010
[2026/09/11 10:46:31] ree_entry
[2026/09/11 10:46:31] Check WDT....
[2026/09/11 10:46:31] UBOOT_VERSION=0x00000000
[2026/09/11 10:46:31] 发送(hex): 03
[2026/09/11 10:46:31] 发送(hex): 0d
[2026/09/11 10:46:31] 发送(hex): 20
[2026/09/11 10:46:31] 发送(hex): 03
[2026/09/11 10:46:31] 发送(hex): 0d
[2026/09/11 10:46:31] 发送(hex): 20
[2026/09/11 10:46:31] 发送(hex): 03
[2026/09/11 10:46:31] 发送(hex): 0d
[2026/09/11 10:46:31] 发送(hex): 20
[2026/09/11 10:46:31] 发送(hex): 03
[2026/09/11 10:46:31] 发送(hex): 0d
[2026/09/11 10:46:31] 发送(hex): 20
[2026/09/11 10:46:31] 发送(hex): 03
[2026/09/11 10:46:31] 发送(hex): 0d
[2026/09/11 10:46:31] 发送(hex): 20
[2026/09/11 10:46:31] 发送(hex): 03
[2026/09/11 10:46:31] 发送(hex): 0d
[2026/09/11 10:46:31] 发送(hex): 20
[2026/09/11 10:46:32] 发送(hex): 03
[2026/09/11 10:46:32] 发送(hex): 0d
[2026/09/11 10:46:32] 发送(hex): 20
[2026/09/11 10:46:32] 发送(hex): 03
[2026/09/11 10:46:32] 发送(hex): 0d
[2026/09/11 10:46:32] 发送(hex): 20
[2026/09/11 10:46:32] 发送(hex): 03
[2026/09/11 10:46:32] 发送(hex): 0d
[2026/09/11 10:46:32] U-Boot2019.04-g23c3f665-dirty (Aug 23 2026 - 20:57:54 +0800)
[2026/09/11 10:46:32] Model: MediaTek MT5896 RFB
[2026/09/11 10:46:32] DRAM:  3 GiB
[2026/09/11 10:46:32] 发送(hex): 20
[2026/09/11 10:46:32] 发送(hex): 03
[2026/09/11 10:46:32] 发送(hex): 0d
[2026/09/11 10:46:32] 发送(hex): 20
[2026/09/11 10:46:32] 发送(hex): 03
[2026/09/11 10:46:32] 发送(hex): 0d
[2026/09/11 10:46:32] 发送(hex): 20
[2026/09/11 10:46:32] 发送(hex): 03
[2026/09/11 10:46:32] 发送(hex): 0d
[2026/09/11 10:46:32] 发送(hex): 20
[2026/09/11 10:46:32] 发送(hex): 03
[2026/09/11 10:46:32] 发送(hex): 0d
[2026/09/11 10:46:32] 发送(hex): 20
[2026/09/11 10:46:32] 发送(hex): 03
[2026/09/11 10:46:32] MMC:   mtk-mmc-fcie@1c660000: 0
[2026/09/11 10:46:32] 发送(hex): 0d
[2026/09/11 10:46:32] 发送(hex): 20
[2026/09/11 10:46:32] 发送(hex): 03
[2026/09/11 10:46:32] 发送(hex): 0d
[2026/09/11 10:46:32] 发送(hex): 20
[2026/09/11 10:46:32] 发送(hex): 03
[2026/09/11 10:46:32] 发送(hex): 0d
[2026/09/11 10:46:32] Loading Environment from EXT4...
[2026/09/11 10:46:32] 发送(hex): 20
[2026/09/11 10:46:32] 发送(hex): 03
[2026/09/11 10:46:32] OK
[2026/09/11 10:46:32] 发送(hex): 0d
[2026/09/11 10:46:32] 发送(hex): 20
[2026/09/11 10:46:32] 发送(hex): 03
[2026/09/11 10:46:32] 发送(hex): 0d
[2026/09/11 10:46:32] 发送(hex): 20
[2026/09/11 10:46:32] 发送(hex): 03
[2026/09/11 10:46:32] 发送(hex): 0d
[2026/09/11 10:46:32] 发送(hex): 20
[2026/09/11 10:46:32] 发送(hex): 03
[2026/09/11 10:46:32] 发送(hex): 0d
[2026/09/11 10:46:32] [0;31m[ERROR] get_data_separation_in
[2026/09/11 10:46:32] 发送(hex): 20
[2026/09/11 10:46:32] 发送(hex): 03
[2026/09/11 10:46:32] 发送(hex): 0d
[2026/09/11 10:46:32] fo:254: [0m[data spr][start:1293][end:1302][total time:9]
[2026/09/11 10:46:32] [0;31m[ERROR] get_partition_info:394: [0mCan not find corresponding suffixed partition name:factory_preset_a !!!
[2026/09/11 10:46:32] [0;31m[ERROR] get_pid_from_preset_partition:1495: [0mError: sys_get_storage_info from factory_preset failure
[2026/09/11 10:46:32] 发送(hex): 20
[2026/09/11 10:46:32] 发送(hex): 03
[2026/09/11 10:46:32] 发送(hex): 0d
[2026/09/11 10:46:32] 发送(hex): 20
[2026/09/11 10:46:32] 发送(hex): 03
[2026/09/11 10:46:32] 发送(hex): 0d
[2026/09/11 10:46:32] 发送(hex): 20
[2026/09/11 10:46:32] 发送(hex): 03
[2026/09/11 10:46:32] 发送(hex): 0d
[2026/09/11 10:46:32] 发送(hex): 20
[2026/09/11 10:46:32] [0;31m[ERRO
[2026/09/11 10:46:32] 发送(hex): 03
[2026/09/11 10:46:32] 发送(hex): 0d
[2026/09/11 10:46:32] 发送(hex): 20
[2026/09/11 10:46:32] R] parse_tcl_ffvoice_lednum:1124: [0mdrive_item is not exist!
[2026/09/11 10:46:32] [0;31m[ERROR] parse_tcl_ffvoice_lednum:1144: [0muse default ffvoice lednum: 4!!!
[2026/09/11 10:46:32] 发送(hex): 03
[2026/09/11 10:46:32] 发送(hex): 0d
[2026/09/11 10:46:32] 发送(hex): 20
[2026/09/11 10:46:32] 发送(hex): 03
[2026/09/11 10:46:32] 发送(hex): 0d
[2026/09/11 10:46:32] [0;31m[ERROR] parse_tcl_led_stagespacetime:1019: [0mdrive_item is not exist!
[2026/09/11 10:46:32] [0;31m[ERROR] parse_tcl_led_stagespacetime:1039: [0muse default_ledstage: 0!!!
[2026/09/11 10:46:32] [0;31m[ERROR] parse_tcl_led_stagespacetime:1041: [0mset uenv led_stagespace : 0
[2026/09/11 10:46:32] 发送(hex): 20
[2026/09/11 10:46:32] device properties match:sid = "104"
[2026/09/11 10:46:32] 发送(hex): 03
[2026/09/11 10:46:32] 发送(hex): 0d
[2026/09/11 10:46:32] 发送(hex): 20
[2026/09/11 10:46:32] 发送(hex): 03
[2026/09/11 10:46:32] 发送(hex): 0d
[2026/09/11 10:46:32] [0;31m[ERROR] get_data_separation_info:270: [0mRead ini file success !
[2026/09/11 10:46:32] 发送(hex): 20
[2026/09/11 10:46:32] 发送(hex): 03
[2026/09/11 10:46:32] 发送(hex): 0d
[2026/09/11 10:46:32] [0;31m[ERROR] To_parse_tcl_standby_qhb_support:234: [0mtcl_env_qhb = 0 or null or other,not support TCL  QHB
[2026/09/11 10:46:32] 发送(hex): 20
[2026/09/11 10:46:32] 发送(hex): 03
[2026/09/11 10:46:32] 发送(hex): 0d
[2026/09/11 10:46:32] 发送(hex): 20
[2026/09/11 10:46:32] 发送(hex): 03
[2026/09/11 10:46:32] 发送(hex): 0d
[2026/09/11 10:46:32] 发送(hex): 20
[2026/09/11 10:46:32] 发送(hex): 03
[2026/09/11 10:46:32] 发送(hex): 0d
[2026/09/11 10:46:32] 发送(hex): 20
[2026/09/11 10:46:32] 发送(hex): 03
[2026/09/11 10:46:32] 发送(hex): 0d
[2026/09/11 10:46:32] 发送(hex): 20
[2026/09/11 10:46:32] 发送(hex): 03
[2026/09/11 10:46:32] 发送(hex): 0d
[2026/09/11 10:46:32] 发送(hex): 20
[2026/09/11 10:46:32] 发送(hex): 03
[2026/09/11 10:46:32] 发送(hex): 0d
[2026/09/11 10:46:32] 发送(hex): 20
[2026/09/11 10:46:32] 发送(hex): 03
[2026/09/11 10:46:32] 发送(hex): 0d
[2026/09/11 10:46:33] 发送(hex): 20
[2026/09/11 10:46:33] 发送(hex): 03
[2026/09/11 10:46:33] 发送(hex): 0d
[2026/09/11 10:46:33] 发送(hex): 20
[2026/09/11 10:46:33] [0;31m[ERROR] dataindex_dtbo_overlay:644: [0m[DATAINDEX DTBO LOAD][start:1793][end:1883][total time:90]
[2026/09/11 10:46:33] 发送(hex): 03
[2026/09/11 10:46:33] Model: MediaTek MT5896 RFB
[2026/09/11 10:46:33] Net:
[2026/09/11 10:46:33] 发送(hex): 0d
[2026/09/11 10:46:33] 发送(hex): 20
[2026/09/11 10:46:33] 发送(hex): 03
[2026/09/11 10:46:33] 发送(hex): 0d
[2026/09/11 10:46:33] eth0: ethernet@1c700000
[2026/09/11 10:46:33] 发送(hex): 20
[2026/09/11 10:46:33] 发送(hex): 03
[2026/09/11 10:46:33] 发送(hex): 0d
[2026/09/11 10:46:33] 发送(hex): 20
[2026/09/11 10:46:33] 发送(hex): 03
[2026/09/11 10:46:33] 发送(hex): 0d
[2026/09/11 10:46:33] 发送(hex): 20
[2026/09/11 10:46:33] 发送(hex): 03
[2026/09/11 10:46:33] 发送(hex): 0d
[2026/09/11 10:46:33] 发送(hex): 20
[2026/09/11 10:46:33] 发送(hex): 03
[2026/09/11 10:46:33] 发送(hex): 0d
[2026/09/11 10:46:33] Booting(Working) pLedMode = LED_ON,pLightRate=80
[2026/09/11 10:46:33] slot:0 slot retry:0 a_corrupt:0 b_corrupt:0 successful:[1:0]
[2026/09/11 10:46:33] 00000000: 00 00 00 00 00 00 00 00 00 00 00 00 00 00 00 00    ................
[2026/09/11 10:46:33] 00000010: 00 00 00 00 00 00 00 00 00 00 00 00 00 00 00 00    ................
[2026/09/11 10:46:33] [0;31m[ERROR] get_boot_mode_from_partition:358: [0mdump  failed
[2026/09/11 10:46:33] androidboot boot reason = ac
[2026/09/11 10:46:33] Reboot reason == PM_BR_AC
[2026/09/11 10:46:33] upgrade status:done
[2026/09/11 10:46:33] [0;31m[ERROR] standby_mode_enter_standby:187: [0m[panic case]: no panic occur, normal deal
[2026/09/11 10:46:33] Normal booting mode!
[2026/09/11 10:46:33] 发送(hex): 20
[2026/09/11 10:46:33] 发送(hex): 03
[2026/09/11 10:46:33] 发送(hex): 0d
[2026/09/11 10:46:33] 发送(hex): 20
[2026/09/11 10:46:33] 发送(hex): 03
[2026/09/11 10:46:33] 发送(hex): 0d
[2026/09/11 10:46:33] [wei] mtk_panel_probe 991, PANEL LIB VER 5
[2026/09/11 10:46:33] [wei] BOOT_PNL_VERSION OLD
[2026/09/11 10:46:33] [0;31m[ERROR] standby_mode_enter_qhb:274: [0mThis PID   unsupport  TCL QHB !!!
[2026/09/11 10:46:33] 发送(hex): 20
[2026/09/11 10:46:33] 发送(hex): 03
[2026/09/11 10:46:33] 发送(hex): 0d
[2026/09/11 10:46:33] 发送(hex): 20
[2026/09/11 10:46:33] 发送(hex): 03
[2026/09/11 10:46:33] 发送(hex): 0d
[2026/09/11 10:46:33] [0;31m[ERROR] mtk_panel_init_device:998: [0m[BEFORE DEMURA][start:2121][end:2160][total time:39]
[2026/09/11 10:46:33] [0;31m[ERROR] mtk_panel_enable:1149: [0m
[2026/09/11 10:46:33] ---mtk_panel_enable:1149 Set mtk_panel_enable DelayTask 7
[2026/09/11 10:46:33] Hit any key to stop autoboot:  0  0
[2026/09/11 10:46:33] jump to console
[2026/09/11 10:46:33] disable DRM
[2026/09/11 10:46:33] =>  <INTERRUPT>
[2026/09/11 10:46:33] =>
[2026/09/11 10:46:33] =>  <INTERRUPT>
[2026/09/11 10:46:33] =>
[2026/09/11 10:46:33] =>  <INTERRUPT>
[2026/09/11 10:46:33] =>
[2026/09/11 10:46:33] =>  <INTERRUPT>
[2026/09/11 10:46:33] =>
[2026/09/11 10:46:33] =>  <INTERRUPT>
[2026/09/11 10:46:33] =>
[2026/09/11 10:46:33] =>  <INTERRUPT>
[2026/09/11 10:46:33] =>
[2026/09/11 10:46:33] =>  <INTERRUPT>
[2026/09/11 10:46:33] =>
[2026/09/11 10:46:33] =>  <INTERRUPT>
[2026/09/11 10:46:33] =>
[2026/09/11 10:46:33] =>  <INTERRUPT>
[2026/09/11 10:46:33] =>
[2026/09/11 10:46:33] =>    <INTERRUPT>
[2026/09/11 10:46:33] =>
[2026/09/11 10:46:33] =>  <INTERRUPT>
[2026/09/11 10:46:33] =>
[2026/09/11 10:46:33] 发送(hex): 20
[2026/09/11 10:46:33] =>
[2026/09/11 10:46:33] 发送(hex): 03
[2026/09/11 10:46:33] 发送(hex): 0d
[2026/09/11 10:46:33] 发送(hex): 20
[2026/09/11 10:46:33] <INTERRUPT>
[2026/09/11 10:46:33] =>
[2026/09/11 10:46:33] =>
[2026/09/11 10:46:33] 发送(hex): 03
[2026/09/11 10:46:33] 发送(hex): 0d
[2026/09/11 10:46:33] 发送(hex): 20
[2026/09/11 10:46:33] <INTERRUPT>
[2026/09/11 10:46:33] =>
[2026/09/11 10:46:33] =>
[2026/09/11 10:46:33] 发送(hex): 03
[2026/09/11 10:46:33] 发送(hex): 0d
[2026/09/11 10:46:33] 发送(hex): 20
[2026/09/11 10:46:33] <INTERRUPT>
[2026/09/11 10:46:33] =>
[2026/09/11 10:46:33] =>
[2026/09/11 10:46:33] 发送(hex): 03
[2026/09/11 10:46:33] 发送(hex): 0d
[2026/09/11 10:46:33] 发送(hex): 20
[2026/09/11 10:46:33] <INTERRUPT>
[2026/09/11 10:46:33] =>
[2026/09/11 10:46:33] =>
[2026/09/11 10:46:33] 发送(hex): 03
[2026/09/11 10:46:33] 发送(hex): 0d
[2026/09/11 10:46:33] 发送(hex): 20
[2026/09/11 10:46:33] <INTERRUPT>
[2026/09/11 10:46:33] =>
[2026/09/11 10:46:33] 发送(hex): 03
[2026/09/11 10:46:33] =>
[2026/09/11 10:46:33] 发送(hex): 0d
[2026/09/11 10:46:33] <INTERRUPT>
[2026/09/11 10:46:33] =>
[2026/09/11 10:46:33] 发送(hex): 20
[2026/09/11 10:46:33] 发送(hex): 03
[2026/09/11 10:46:33] =>
[2026/09/11 10:46:33] 发送(hex): 0d
[2026/09/11 10:46:33] <INTERRUPT>
[2026/09/11 10:46:33] =>
[2026/09/11 10:46:33] 发送(hex): 20
[2026/09/11 10:46:33] 发送(hex): 03
[2026/09/11 10:46:33] =>
[2026/09/11 10:46:33] 发送(hex): 0d
[2026/09/11 10:46:33] <INTERRUPT>
[2026/09/11 10:46:33] =>
[2026/09/11 10:46:33] 发送(hex): 20
[2026/09/11 10:46:33] 发送(hex): 03
[2026/09/11 10:46:33] =>
[2026/09/11 10:46:33] 发送(hex): 0d
[2026/09/11 10:46:33] <INTERRUPT>
[2026/09/11 10:46:33] =>
[2026/09/11 10:46:33] 发送(hex): 20
[2026/09/11 10:46:33] 发送(hex): 03
[2026/09/11 10:46:33] =>
[2026/09/11 10:46:33] 发送(hex): 0d
[2026/09/11 10:46:33] <INTERRUPT>
[2026/09/11 10:46:33] =>
[2026/09/11 10:46:33] 发送(hex): 20
[2026/09/11 10:46:33] 发送(hex): 03
[2026/09/11 10:46:33] =>
[2026/09/11 10:46:33] 发送(hex): 0d
[2026/09/11 10:46:33] <INTERRUPT>
[2026/09/11 10:46:33] =>
[2026/09/11 10:46:33] 发送(hex): 20
[2026/09/11 10:46:33] =>
[2026/09/11 10:46:33] 发送(hex): 03
[2026/09/11 10:46:33] 发送(hex): 0d
[2026/09/11 10:46:33] <INTERRUPT>
[2026/09/11 10:46:33] =>
[2026/09/11 10:46:33] 发送(hex): 20
[2026/09/11 10:46:33] =>
[2026/09/11 10:46:33] 发送(hex): 03
[2026/09/11 10:46:33] 发送(hex): 0d
[2026/09/11 10:46:33] <INTERRUPT>
[2026/09/11 10:46:33] =>
[2026/09/11 10:46:33] 发送(hex): 20
[2026/09/11 10:46:33] =>
[2026/09/11 10:46:33] 发送(hex): 03
[2026/09/11 10:46:33] 发送(hex): 0d
[2026/09/11 10:46:33] <INTERRUPT>
[2026/09/11 10:46:33] =>
[2026/09/11 10:46:33] 发送(hex): 20
[2026/09/11 10:46:33] =>
[2026/09/11 10:46:33] 发送(hex): 03
[2026/09/11 10:46:33] 发送(hex): 0d
[2026/09/11 10:46:33] <INTERRUPT>
[2026/09/11 10:46:33] =>
[2026/09/11 10:46:33] 发送(hex): 20
[2026/09/11 10:46:33] =>
[2026/09/11 10:46:33] 发送(hex): 03
[2026/09/11 10:46:33] 发送(hex): 0d
[2026/09/11 10:46:33] 发送(hex): 20
[2026/09/11 10:46:33] <INTERRUPT>
[2026/09/11 10:46:33] =>
[2026/09/11 10:46:33] =>
[2026/09/11 10:46:33] 发送(hex): 03
[2026/09/11 10:46:33] 发送(hex): 0d
[2026/09/11 10:46:33] 发送(hex): 20
[2026/09/11 10:46:33] <INTERRUPT>
[2026/09/11 10:46:33] =>
[2026/09/11 10:46:33] =>
[2026/09/11 10:46:33] 发送(hex): 03
[2026/09/11 10:46:33] 发送(hex): 0d
[2026/09/11 10:46:33] 发送(hex): 20
[2026/09/11 10:46:33] <INTERRUPT>
[2026/09/11 10:46:33] =>
[2026/09/11 10:46:33] =>
[2026/09/11 10:46:33] 发送(hex): 03
[2026/09/11 10:46:33] 发送(hex): 0d
[2026/09/11 10:46:34] 发送(hex): 20
[2026/09/11 10:46:34] <INTERRUPT>
[2026/09/11 10:46:34] =>
[2026/09/11 10:46:34] =>
[2026/09/11 10:46:34] 发送(hex): 03
[2026/09/11 10:46:34] 发送(hex): 0d
[2026/09/11 10:46:34] 发送(hex): 20
[2026/09/11 10:46:34] <INTERRUPT>
[2026/09/11 10:46:34] =>
[2026/09/11 10:46:34] =>
[2026/09/11 10:46:34] 发送(hex): 03
[2026/09/11 10:46:34] 发送(hex): 0d
[2026/09/11 10:46:34] 发送(hex): 20
[2026/09/11 10:46:34] <INTERRUPT>
[2026/09/11 10:46:34] =>
[2026/09/11 10:46:34] =>
[2026/09/11 10:46:34] 发送(hex): 03
[2026/09/11 10:46:34] 发送(hex): 0d
[2026/09/11 10:46:34] 发送(hex): 20
[2026/09/11 10:46:34] <INTERRUPT>
[2026/09/11 10:46:34] =>
[2026/09/11 10:46:34] =>
[2026/09/11 10:46:34] 发送(hex): 03
[2026/09/11 10:46:34] 发送(hex): 0d
[2026/09/11 10:46:34] 发送(hex): 20
[2026/09/11 10:46:34] <INTERRUPT>
[2026/09/11 10:46:34] =>
[2026/09/11 10:46:34] =>
[2026/09/11 10:46:34] 发送(hex): 03
[2026/09/11 10:46:34] 发送(hex): 0d
[2026/09/11 10:46:34] 发送(hex): 20
[2026/09/11 10:46:34] <INTERRUPT>
[2026/09/11 10:46:34] =>
[2026/09/11 10:46:34] =>
[2026/09/11 10:46:34] 发送(hex): 03
[2026/09/11 10:46:34] 发送(hex): 0d
[2026/09/11 10:46:34] <INTERRUPT>
[2026/09/11 10:46:34] =>
[2026/09/11 10:46:34] 发送(hex): 20
[2026/09/11 10:46:34] 发送(hex): 03
[2026/09/11 10:46:34] =>
[2026/09/11 10:46:34] 发送(hex): 0d
[2026/09/11 10:46:34] <INTERRUPT>
[2026/09/11 10:46:34] =>
[2026/09/11 10:46:34] 发送(hex): 20
[2026/09/11 10:46:34] 发送(hex): 03
[2026/09/11 10:46:34] =>
[2026/09/11 10:46:34] 发送(hex): 0d
[2026/09/11 10:46:34] <INTERRUPT>
[2026/09/11 10:46:34] =>
[2026/09/11 10:46:34] 发送(hex): 20
[2026/09/11 10:46:34] 发送(hex): 03
[2026/09/11 10:46:34] =>
[2026/09/11 10:46:34] 发送(hex): 0d
[2026/09/11 10:46:34] <INTERRUPT>
[2026/09/11 10:46:34] =>
[2026/09/11 10:46:34] 发送(hex): 20
[2026/09/11 10:46:34] =>
[2026/09/11 10:46:34] 发送(hex): 03
[2026/09/11 10:46:34] 发送(hex): 0d
[2026/09/11 10:46:34] <INTERRUPT>
[2026/09/11 10:46:34] =>
[2026/09/11 10:46:34] 发送(hex): 20
[2026/09/11 10:46:34] =>
[2026/09/11 10:46:34] 发送(hex): 03
[2026/09/11 10:46:34] 发送(hex): 0d
[2026/09/11 10:46:34] <INTERRUPT>
[2026/09/11 10:46:34] =>
[2026/09/11 10:46:34] 发送(hex): 20
[2026/09/11 10:46:34] =>
[2026/09/11 10:46:34] 发送(hex): 03
[2026/09/11 10:46:34] 发送(hex): 0d
[2026/09/11 10:46:34] <INTERRUPT>
[2026/09/11 10:46:34] =>
[2026/09/11 10:46:34] 发送(hex): 20
[2026/09/11 10:46:34] =>
[2026/09/11 10:46:34] 发送(hex): 03
[2026/09/11 10:46:34] 发送(hex): 0d
[2026/09/11 10:46:34] <INTERRUPT>
[2026/09/11 10:46:34] =>
[2026/09/11 10:46:34] 发送(hex): 20
[2026/09/11 10:46:34] =>
[2026/09/11 10:46:34] 发送(hex): 03
[2026/09/11 10:46:34] 发送(hex): 0d
[2026/09/11 10:46:34] <INTERRUPT>
[2026/09/11 10:46:34] =>
[2026/09/11 10:46:34] 发送(hex): 20
[2026/09/11 10:46:34] =>
[2026/09/11 10:46:34] 发送(hex): 03
[2026/09/11 10:46:34] 发送(hex): 0d
[2026/09/11 10:46:34] 发送(hex): 20
[2026/09/11 10:46:34] <INTERRUPT>
[2026/09/11 10:46:34] =>
[2026/09/11 10:46:34] =>
[2026/09/11 10:46:34] 发送(hex): 03
[2026/09/11 10:46:34] 发送(hex): 0d
[2026/09/11 10:46:34] 发送(hex): 20
[2026/09/11 10:46:34] <INTERRUPT>
[2026/09/11 10:46:34] =>
[2026/09/11 10:46:34] =>
[2026/09/11 10:46:34] 发送(hex): 03
[2026/09/11 10:46:34] 发送(hex): 0d
[2026/09/11 10:46:34] 发送(hex): 20
[2026/09/11 10:46:34] <INTERRUPT>
[2026/09/11 10:46:34] =>
[2026/09/11 10:46:34] =>
[2026/09/11 10:46:34] 发送(hex): 03
[2026/09/11 10:46:34] 发送(hex): 0d
[2026/09/11 10:46:34] <INTERRUPT>
[2026/09/11 10:46:34] =>
[2026/09/11 10:46:34] 发送(hex): 20
[2026/09/11 10:46:34] 发送(hex): 03
[2026/09/11 10:46:34] =>
[2026/09/11 10:46:34] 发送(hex): 0d
[2026/09/11 10:46:34] <INTERRUPT>
[2026/09/11 10:46:34] =>
[2026/09/11 10:46:34] 发送(hex): 20
[2026/09/11 10:46:34] 发送(hex): 03
[2026/09/11 10:46:34] =>
[2026/09/11 10:46:34] 发送(hex): 0d
[2026/09/11 10:46:34] <INTERRUPT>
[2026/09/11 10:46:34] =>
[2026/09/11 10:46:34] 发送(hex): 20
[2026/09/11 10:46:34] 发送(hex): 03
[2026/09/11 10:46:34] =>
[2026/09/11 10:46:34] 发送(hex): 0d
[2026/09/11 10:46:34] <INTERRUPT>
[2026/09/11 10:46:34] =>
[2026/09/11 10:46:34] 发送(hex): 20
[2026/09/11 10:46:34] 发送(hex): 03
[2026/09/11 10:46:34] =>
[2026/09/11 10:46:34] 发送(hex): 0d
[2026/09/11 10:46:34] <INTERRUPT>
[2026/09/11 10:46:34] =>
[2026/09/11 10:46:34] 发送(hex): 20
[2026/09/11 10:46:34] 发送(hex): 03
[2026/09/11 10:46:34] =>
[2026/09/11 10:46:34] 发送(hex): 0d
[2026/09/11 10:46:34] <INTERRUPT>
[2026/09/11 10:46:34] =>
[2026/09/11 10:46:34] 发送(hex): 20
[2026/09/11 10:46:34] =>
[2026/09/11 10:46:34] 发送(hex): 03
[2026/09/11 10:46:34] 发送(hex): 0d
[2026/09/11 10:46:34] <INTERRUPT>
[2026/09/11 10:46:34] =>
[2026/09/11 10:46:34] 发送(hex): 20
[2026/09/11 10:46:34] =>
[2026/09/11 10:46:34] 发送(hex): 03
[2026/09/11 10:46:34] 发送(hex): 0d
[2026/09/11 10:46:34] <INTERRUPT>
[2026/09/11 10:46:34] =>
[2026/09/11 10:46:34] 发送(hex): 20
[2026/09/11 10:46:34] =>
[2026/09/11 10:46:34] 发送(hex): 03
[2026/09/11 10:46:34] 发送(hex): 0d
[2026/09/11 10:46:34] <INTERRUPT>
[2026/09/11 10:46:34] =>
[2026/09/11 10:46:34] 发送(hex): 20
[2026/09/11 10:46:34] =>
[2026/09/11 10:46:34] 发送(hex): 03
[2026/09/11 10:46:34] 发送(hex): 0d
[2026/09/11 10:46:34] <INTERRUPT>
[2026/09/11 10:46:34] =>
[2026/09/11 10:46:34] 发送(hex): 20
[2026/09/11 10:46:34] =>
[2026/09/11 10:46:34] 发送(hex): 03
[2026/09/11 10:46:34] 发送(hex): 0d
[2026/09/11 10:46:34] <INTERRUPT>
[2026/09/11 10:46:34] =>
[2026/09/11 10:46:34] 发送(hex): 20
[2026/09/11 10:46:34] =>
[2026/09/11 10:46:34] 发送(hex): 03
[2026/09/11 10:46:34] 发送(hex): 0d
[2026/09/11 10:46:34] <INTERRUPT>
[2026/09/11 10:46:34] =>
[2026/09/11 10:46:34] 发送(hex): 20
[2026/09/11 10:46:34] =>
[2026/09/11 10:46:34] 发送(hex): 03
[2026/09/11 10:46:34] 发送(hex): 0d
[2026/09/11 10:46:34] <INTERRUPT>
[2026/09/11 10:46:34] =>
[2026/09/11 10:46:34] 发送(hex): 20
[2026/09/11 10:46:34] =>
[2026/09/11 10:46:34] 发送(hex): 03
[2026/09/11 10:46:35] 发送(hex): 0d
[2026/09/11 10:46:35] <INTERRUPT>
[2026/09/11 10:46:35] =>
[2026/09/11 10:46:35] 发送(hex): 20
[2026/09/11 10:46:35] =>
[2026/09/11 10:46:35] 发送(hex): 03
[2026/09/11 10:46:35] 发送(hex): 0d
[2026/09/11 10:46:35] 发送(hex): 20
[2026/09/11 10:46:35] <INTERRUPT>
[2026/09/11 10:46:35] =>
[2026/09/11 10:46:35] =>
[2026/09/11 10:46:35] 发送(hex): 03
[2026/09/11 10:46:35] 发送(hex): 0d
[2026/09/11 10:46:35] 发送(hex): 20
[2026/09/11 10:46:35] <INTERRUPT>
[2026/09/11 10:46:35] =>
[2026/09/11 10:46:35] =>
[2026/09/11 10:46:35] 发送(hex): 03
[2026/09/11 10:46:35] 发送(hex): 0d
[2026/09/11 10:46:35] 发送(hex): 20
[2026/09/11 10:46:35] <INTERRUPT>
[2026/09/11 10:46:35] =>
[2026/09/11 10:46:35] =>
[2026/09/11 10:46:35] 发送(hex): 03
[2026/09/11 10:46:35] 发送(hex): 0d
[2026/09/11 10:46:35] 发送(hex): 20
[2026/09/11 10:46:35] <INTERRUPT>
[2026/09/11 10:46:35] =>
[2026/09/11 10:46:35] =>
[2026/09/11 10:46:35] 发送(hex): 03
[2026/09/11 10:46:35] 发送(hex): 0d
[2026/09/11 10:46:35] 发送(hex): 20
[2026/09/11 10:46:35] <INTERRUPT>
[2026/09/11 10:46:35] =>
[2026/09/11 10:46:35] =>
[2026/09/11 10:46:35] 发送(hex): 03
[2026/09/11 10:46:35] 发送(hex): 0d
[2026/09/11 10:46:35] 发送(hex): 20
[2026/09/11 10:46:35] <INTERRUPT>
[2026/09/11 10:46:35] =>
[2026/09/11 10:46:35] =>
[2026/09/11 10:46:35] 发送(hex): 03
[2026/09/11 10:46:35] 发送(hex): 0d
[2026/09/11 10:46:35] 发送(hex): 20
[2026/09/11 10:46:35] <INTERRUPT>
[2026/09/11 10:46:35] =>
[2026/09/11 10:46:35] =>
[2026/09/11 10:46:35] 发送(hex): 03
[2026/09/11 10:46:35] 发送(hex): 0d
[2026/09/11 10:46:35] 发送(hex): 20
[2026/09/11 10:46:35] <INTERRUPT>
[2026/09/11 10:46:35] =>
[2026/09/11 10:46:35] =>
[2026/09/11 10:46:35] 发送(hex): 03
[2026/09/11 10:46:35] 发送(hex): 0d
[2026/09/11 10:46:35] 发送(hex): 20
[2026/09/11 10:46:35] <INTERRUPT>
[2026/09/11 10:46:35] =>
[2026/09/11 10:46:35] =
[2026/09/11 10:46:35] 发送(hex): 03
[2026/09/11 10:46:35] >
[2026/09/11 10:46:35] 发送(hex): 0d
[2026/09/11 10:46:35] 发送(hex): 20
[2026/09/11 10:46:35] <INTERRUPT>
[2026/09/11 10:46:35] =>
[2026/09/11 10:46:35] 发送(hex): 03
[2026/09/11 10:46:35] =>
[2026/09/11 10:46:35] 发送(hex): 0d
[2026/09/11 10:46:35] <INTERRUPT>
[2026/09/11 10:46:35] =>
[2026/09/11 10:46:35] 发送(hex): 20
[2026/09/11 10:46:35] 发送(hex): 03
[2026/09/11 10:46:35] =>
[2026/09/11 10:46:35] 发送(hex): 0d
[2026/09/11 10:46:35] <INTERRUPT>
[2026/09/11 10:46:35] =>
[2026/09/11 10:46:35] 发送(hex): 20
[2026/09/11 10:46:35] 发送(hex): 03
[2026/09/11 10:46:35] =>
[2026/09/11 10:46:35] 发送(hex): 0d
[2026/09/11 10:46:35] <INTERRUPT>
[2026/09/11 10:46:35] =>
[2026/09/11 10:46:35] 发送(hex): 20
[2026/09/11 10:46:35] =>
[2026/09/11 10:46:35] 发送(hex): 03
[2026/09/11 10:46:35] 发送(hex): 0d
[2026/09/11 10:46:35] <INTERRUPT>
[2026/09/11 10:46:35] =>
[2026/09/11 10:46:35] 发送(hex): 20
[2026/09/11 10:46:35] =>
[2026/09/11 10:46:35] 发送(hex): 03
[2026/09/11 10:46:35] 发送(hex): 0d
[2026/09/11 10:46:35] <INTERRUPT>
[2026/09/11 10:46:35] =>
[2026/09/11 10:46:35] 发送(hex): 20
[2026/09/11 10:46:35] =>
[2026/09/11 10:46:35] 发送(hex): 03
[2026/09/11 10:46:35] 发送(hex): 0d
[2026/09/11 10:46:35] <INTERRUPT>
[2026/09/11 10:46:35] 发送(hex): 20
[2026/09/11 10:46:35] =>
[2026/09/11 10:46:35] =>
[2026/09/11 10:46:35] 发送(hex): 03
[2026/09/11 10:46:35] 发送(hex): 0d
[2026/09/11 10:46:35] <INT
[2026/09/11 10:46:35] 发送(hex): 20
[2026/09/11 10:46:35] ERRUPT>
[2026/09/11 10:46:35] =>
[2026/09/11 10:46:35] =>
[2026/09/11 10:46:35] 发送(hex): 03
[2026/09/11 10:46:35] 发送(hex): 0d
[2026/09/11 10:46:35] <INTER
[2026/09/11 10:46:35] 发送(hex): 20
[2026/09/11 10:46:35] RUPT>
[2026/09/11 10:46:35] =>
[2026/09/11 10:46:35] =>
[2026/09/11 10:46:35] 发送(hex): 03
[2026/09/11 10:46:35] 发送(hex): 0d
[2026/09/11 10:46:35] <INTERRUPT
[2026/09/11 10:46:35] 发送(hex): 20
[2026/09/11 10:46:35] >
[2026/09/11 10:46:35] =>
[2026/09/11 10:46:35] =>
[2026/09/11 10:46:35] 发送(hex): 03
[2026/09/11 10:46:35] 发送(hex): 0d
[2026/09/11 10:46:35] <INTERRUPT>
[2026/09/11 10:46:35] =>
[2026/09/11 10:46:35] 发送(hex): 20
[2026/09/11 10:46:35] =>
[2026/09/11 10:46:35] 发送(hex): 03
[2026/09/11 10:46:35] 发送(hex): 0d
[2026/09/11 10:46:35] <INTERRUPT>
[2026/09/11 10:46:35] 发送(hex): 20
[2026/09/11 10:46:35] =>
[2026/09/11 10:46:35] =>
[2026/09/11 10:46:35] 发送(hex): 03
[2026/09/11 10:46:35] 发送(hex): 0d
[2026/09/11 10:46:35] <INTERRUPT>
[2026/09/11 10:46:35] =>
[2026/09/11 10:46:35] 发送(hex): 20
[2026/09/11 10:46:35] =>
[2026/09/11 10:46:35] 发送(hex): 03
[2026/09/11 10:46:35] 发送(hex): 0d
[2026/09/11 10:46:35] 发送(hex): 20
[2026/09/11 10:46:35] <INTERRUPT>
[2026/09/11 10:46:35] =>
[2026/09/11 10:46:35] =>
[2026/09/11 10:46:35] 发送(hex): 03
[2026/09/11 10:46:35] 发送(hex): 0d
[2026/09/11 10:46:35] 发送(hex): 20
[2026/09/11 10:46:35] <INTERRUPT>
[2026/09/11 10:46:35] =>
[2026/09/11 10:46:35] =>
[2026/09/11 10:46:35] 发送(hex): 03
[2026/09/11 10:46:35] 发送(hex): 0d
[2026/09/11 10:46:35] 发送(hex): 20
[2026/09/11 10:46:35] <INTERRUPT>
[2026/09/11 10:46:35] =>
[2026/09/11 10:46:35] =>
[2026/09/11 10:46:35] 发送(hex): 03
[2026/09/11 10:46:35] 发送(hex): 0d
[2026/09/11 10:46:35] 发送(hex): 20
[2026/09/11 10:46:35] <INTERRUPT>
[2026/09/11 10:46:35] =>
[2026/09/11 10:46:35] =>
[2026/09/11 10:46:35] 发送(hex): 03
[2026/09/11 10:46:35] 发送(hex): 0d
[2026/09/11 10:46:35] 发送(hex): 20
[2026/09/11 10:46:35] <INTERRUPT>
[2026/09/11 10:46:35] =>
[2026/09/11 10:46:35] =>
[2026/09/11 10:46:35] 发送(hex): 03
[2026/09/11 10:46:35] 发送(hex): 0d
[2026/09/11 10:46:35] 发送(hex): 20
[2026/09/11 10:46:35] <INTERRUPT>
[2026/09/11 10:46:35] =>
[2026/09/11 10:46:35] =>
[2026/09/11 10:46:35] 发送(hex): 03
[2026/09/11 10:46:35] 发送(hex): 0d
[2026/09/11 10:46:35] 发送(hex): 20
[2026/09/11 10:46:35] <INTERRUPT>
[2026/09/11 10:46:35] =>
[2026/09/11 10:46:35] =>
[2026/09/11 10:46:35] 发送(hex): 03
[2026/09/11 10:46:35] 发送(hex): 0d
[2026/09/11 10:46:35] <INTERRUPT>
[2026/09/11 10:46:35] =>
[2026/09/11 10:46:36] 发送(hex): 20
[2026/09/11 10:46:36] 发送(hex): 03
[2026/09/11 10:46:36] =>
[2026/09/11 10:46:36] 发送(hex): 0d
[2026/09/11 10:46:36] <INTERRUPT>
[2026/09/11 10:46:36] =>
[2026/09/11 10:46:36] 发送(hex): 20
[2026/09/11 10:46:36] 发送(hex): 03
[2026/09/11 10:46:36] =>
[2026/09/11 10:46:36] 发送(hex): 0d
[2026/09/11 10:46:36] <INTERRUPT>
[2026/09/11 10:46:36] =>
[2026/09/11 10:46:36] 发送(hex): 20
[2026/09/11 10:46:36] 发送(hex): 03
[2026/09/11 10:46:36] =>
[2026/09/11 10:46:36] 发送(hex): 0d
[2026/09/11 10:46:36] <INTERRUPT>
[2026/09/11 10:46:36] =>
[2026/09/11 10:46:36] 发送(hex): 20
[2026/09/11 10:46:36] 发送(hex): 03
[2026/09/11 10:46:36] =>
[2026/09/11 10:46:36] 发送(hex): 0d
[2026/09/11 10:46:36] <INTERRUPT>
[2026/09/11 10:46:36] =>
[2026/09/11 10:46:36] 发送(hex): 20
[2026/09/11 10:46:36] 发送(hex): 03
[2026/09/11 10:46:36] =>
[2026/09/11 10:46:36] 发送(hex): 0d
[2026/09/11 10:46:36] <INTERRUPT>
[2026/09/11 10:46:36] =>
[2026/09/11 10:46:36] 发送(hex): 20
[2026/09/11 10:46:36] 发送(hex): 03
[2026/09/11 10:46:36] =>
[2026/09/11 10:46:36] 发送(hex): 0d
[2026/09/11 10:46:36] <INTERRUPT>
[2026/09/11 10:46:36] =>
[2026/09/11 10:46:36] 发送(hex): 20
[2026/09/11 10:46:36] 发送(hex): 03
[2026/09/11 10:46:36] =>
[2026/09/11 10:46:36] 发送(hex): 0d
[2026/09/11 10:46:36] <INTERRUPT>
[2026/09/11 10:46:36] =>
[2026/09/11 10:46:36] 发送(hex): 20
[2026/09/11 10:46:36] 发送(hex): 03
[2026/09/11 10:46:36] =>
[2026/09/11 10:46:36] 发送(hex): 0d
[2026/09/11 10:46:36] <INTERRUPT>
[2026/09/11 10:46:36] =>
[2026/09/11 10:46:36] 发送(hex): 20
[2026/09/11 10:46:36] =>
[2026/09/11 10:46:36] 发送(hex): 03
[2026/09/11 10:46:36] 发送(hex): 0d
[2026/09/11 10:46:36] 发送(hex): 20
[2026/09/11 10:46:36] <INTERRUPT>
[2026/09/11 10:46:36] =>
[2026/09/11 10:46:36] =>
[2026/09/11 10:46:36] 发送(hex): 03
[2026/09/11 10:46:36] 发送(hex): 0d
[2026/09/11 10:46:36] 发送(hex): 20
[2026/09/11 10:46:36] <INTERRUPT>
[2026/09/11 10:46:36] =>
[2026/09/11 10:46:36] =>
[2026/09/11 10:46:36] 发送(hex): 03
[2026/09/11 10:46:36] 发送(hex): 0d
[2026/09/11 10:46:36] 发送(hex): 20
[2026/09/11 10:46:36] <INTERRUPT>
[2026/09/11 10:46:36] =>
[2026/09/11 10:46:36] =>
[2026/09/11 10:46:36] 发送(hex): 03
[2026/09/11 10:46:36] 发送(hex): 0d
[2026/09/11 10:46:36] 发送(hex): 20
[2026/09/11 10:46:36] <INTERRUPT>
[2026/09/11 10:46:36] =>
[2026/09/11 10:46:36] =>
[2026/09/11 10:46:36] 发送(hex): 03
[2026/09/11 10:46:36] 发送(hex): 0d
[2026/09/11 10:46:36] 发送(hex): 20
[2026/09/11 10:46:36] <INTERRUPT>
[2026/09/11 10:46:36] =>
[2026/09/11 10:46:36] =>
[2026/09/11 10:46:36] 发送(hex): 03
[2026/09/11 10:46:36] 发送(hex): 0d
[2026/09/11 10:46:36] 发送(hex): 20
[2026/09/11 10:46:36] <INTERRUPT>
[2026/09/11 10:46:36] =>
[2026/09/11 10:46:36] =>
[2026/09/11 10:46:36] 发送(hex): 03
[2026/09/11 10:46:36] 发送(hex): 0d
[2026/09/11 10:46:36] 发送(hex): 20
[2026/09/11 10:46:36] <INTERRUPT>
[2026/09/11 10:46:36] =>
[2026/09/11 10:46:36] =
[2026/09/11 10:46:36] 发送(hex): 03
[2026/09/11 10:46:36] >
[2026/09/11 10:46:36] 发送(hex): 0d
[2026/09/11 10:46:36] <INTERRUPT>
[2026/09/11 10:46:36] =>
[2026/09/11 10:46:36] 发送(hex): 20
[2026/09/11 10:46:36] 发送(hex): 03
[2026/09/11 10:46:36] =>
[2026/09/11 10:46:36] 发送(hex): 0d
[2026/09/11 10:46:36] <INTERRUPT>
[2026/09/11 10:46:36] =>
[2026/09/11 10:46:36] 发送(hex): 20
[2026/09/11 10:46:36] 发送(hex): 03
[2026/09/11 10:46:36] =>
[2026/09/11 10:46:36] 发送(hex): 0d
[2026/09/11 10:46:36] <INTERRUPT>
[2026/09/11 10:46:36] =>
[2026/09/11 10:46:36] 发送(hex): 20
[2026/09/11 10:46:36] 发送(hex): 03
[2026/09/11 10:46:36] =>
[2026/09/11 10:46:36] 发送(hex): 0d
[2026/09/11 10:46:36] <INTERRUPT>
[2026/09/11 10:46:36] =>
[2026/09/11 10:46:36] 发送(hex): 20
[2026/09/11 10:46:36] 发送(hex): 03
[2026/09/11 10:46:36] =>
[2026/09/11 10:46:36] 发送(hex): 0d
[2026/09/11 10:46:36] <INTERRUPT>
[2026/09/11 10:46:36] =>
[2026/09/11 10:46:36] 发送(hex): 20
[2026/09/11 10:46:36] 发送(hex): 03
[2026/09/11 10:46:36] =>
[2026/09/11 10:46:36] 发送(hex): 0d
[2026/09/11 10:46:36] <INTERRUPT>
[2026/09/11 10:46:36] =>
[2026/09/11 10:46:36] 发送(hex): 20
[2026/09/11 10:46:36] =>
[2026/09/11 10:46:36] 发送(hex): 03
[2026/09/11 10:46:36] 发送(hex): 0d
[2026/09/11 10:46:36] <INTERRUPT>
[2026/09/11 10:46:36] =>
[2026/09/11 10:46:36] 发送(hex): 20
[2026/09/11 10:46:36] =>
[2026/09/11 10:46:36] 发送(hex): 03
[2026/09/11 10:46:36] 发送(hex): 0d
[2026/09/11 10:46:36] <INTERRUPT>
[2026/09/11 10:46:36] =>
[2026/09/11 10:46:36] 发送(hex): 20
[2026/09/11 10:46:36] =>
[2026/09/11 10:46:36] 发送(hex): 03
[2026/09/11 10:46:36] 发送(hex): 0d
[2026/09/11 10:46:36] <INTERRUPT>
[2026/09/11 10:46:36] =>
[2026/09/11 10:46:36] 发送(hex): 20
[2026/09/11 10:46:36] =>
[2026/09/11 10:46:36] 发送(hex): 03
[2026/09/11 10:46:36] 发送(hex): 0d
[2026/09/11 10:46:36] <INTERRUPT>
[2026/09/11 10:46:36] =
[2026/09/11 10:46:36] 发送(hex): 20
[2026/09/11 10:46:36] >
[2026/09/11 10:46:36] =>
[2026/09/11 10:46:36] 发送(hex): 03
[2026/09/11 10:46:36] 发送(hex): 0d
[2026/09/11 10:46:36] <
[2026/09/11 10:46:36] 发送(hex): 20
[2026/09/11 10:46:36] INTERRUPT>
[2026/09/11 10:46:36] =>
[2026/09/11 10:46:36] =>
[2026/09/11 10:46:36] 发送(hex): 03
[2026/09/11 10:46:36] 发送(hex): 0d
[2026/09/11 10:46:36] 发送(hex): 20
[2026/09/11 10:46:36] <INTERRUPT>
[2026/09/11 10:46:36] =>
[2026/09/11 10:46:36] =>
[2026/09/11 10:46:36] 发送(hex): 03
[2026/09/11 10:46:36] 发送(hex): 0d
[2026/09/11 10:46:36] 发送(hex): 20
[2026/09/11 10:46:36] <INTERRUPT>
[2026/09/11 10:46:36] =>
[2026/09/11 10:46:36] =>
[2026/09/11 10:46:36] 发送(hex): 03
[2026/09/11 10:46:36] 发送(hex): 0d
[2026/09/11 10:46:36] 发送(hex): 20
[2026/09/11 10:46:36] <INTERRUPT>
[2026/09/11 10:46:36] =>
[2026/09/11 10:46:36] =>
[2026/09/11 10:46:36] 发送(hex): 03
[2026/09/11 10:46:36] 发送(hex): 0d
[2026/09/11 10:46:36] 发送(hex): 20
[2026/09/11 10:46:36] <INTERRUPT>
[2026/09/11 10:46:36] =>
[2026/09/11 10:46:36] =>
[2026/09/11 10:46:37] 发送(hex): 03
[2026/09/11 10:46:37] 发送(hex): 0d
[2026/09/11 10:46:37] 发送(hex): 20
[2026/09/11 10:46:37] <INTERRUPT>
[2026/09/11 10:46:37] =>
[2026/09/11 10:46:37] =>
[2026/09/11 10:46:37] 发送(hex): 03
[2026/09/11 10:46:37] 发送(hex): 0d
[2026/09/11 10:46:37] 发送(hex): 20
[2026/09/11 10:46:37] <INTERRUPT>
[2026/09/11 10:46:37] =>
[2026/09/11 10:46:37] =>
[2026/09/11 10:46:37] 发送(hex): 03
[2026/09/11 10:46:37] 发送(hex): 0d
[2026/09/11 10:46:37] <INTERRUPT>
[2026/09/11 10:46:37] =>
[2026/09/11 10:46:37] 发送(hex): 20
[2026/09/11 10:46:37] 发送(hex): 03
[2026/09/11 10:46:37] =>
[2026/09/11 10:46:37] 发送(hex): 0d
[2026/09/11 10:46:37] <INTERRUPT>
[2026/09/11 10:46:37] =>
[2026/09/11 10:46:37] 发送(hex): 20
[2026/09/11 10:46:37] 发送(hex): 03
[2026/09/11 10:46:37] =>
[2026/09/11 10:46:37] 发送(hex): 0d
[2026/09/11 10:46:37] <INTERRUPT>
[2026/09/11 10:46:37] =>
[2026/09/11 10:46:37] 发送(hex): 20
[2026/09/11 10:46:37] =>
[2026/09/11 10:46:37] 发送(hex): 03
[2026/09/11 10:46:37] 发送(hex): 0d
[2026/09/11 10:46:37] <INTERRUPT>
[2026/09/11 10:46:37] =>
[2026/09/11 10:46:37] 发送(hex): 20
[2026/09/11 10:46:37] =>
[2026/09/11 10:46:37] 发送(hex): 03
[2026/09/11 10:46:37] 发送(hex): 0d
[2026/09/11 10:46:37] <INTERRUPT>
[2026/09/11 10:46:37] =>
[2026/09/11 10:46:37] 发送(hex): 20
[2026/09/11 10:46:37] =>
[2026/09/11 10:46:37] 发送(hex): 03
[2026/09/11 10:46:37] 发送(hex): 0d
[2026/09/11 10:46:37] <INTERRUPT>
[2026/09/11 10:46:37] =>
[2026/09/11 10:46:37] 发送(hex): 20
[2026/09/11 10:46:37] =>
[2026/09/11 10:46:37] 发送(hex): 03
[2026/09/11 10:46:37] 发送(hex): 0d
[2026/09/11 10:46:37] <INTERRUPT>
[2026/09/11 10:46:37] =>
[2026/09/11 10:46:37] 发送(hex): 20
[2026/09/11 10:46:37] =>
[2026/09/11 10:46:37] 发送(hex): 03
[2026/09/11 10:46:37] 发送(hex): 0d
[2026/09/11 10:46:37] <INTERRUPT>
[2026/09/11 10:46:37] =>
[2026/09/11 10:46:37] 发送(hex): 20
[2026/09/11 10:46:37] =>
[2026/09/11 10:46:37] 发送(hex): 03
[2026/09/11 10:46:37] 发送(hex): 0d
[2026/09/11 10:46:37] <INTERRUPT
[2026/09/11 10:46:37] 发送(hex): 20
[2026/09/11 10:46:37] >
[2026/09/11 10:46:37] =>
[2026/09/11 10:46:37] =>
[2026/09/11 10:46:37] 发送(hex): 03
[2026/09/11 10:46:37] 发送(hex): 0d
[2026/09/11 10:46:37] <INT
[2026/09/11 10:46:37] 发送(hex): 20
[2026/09/11 10:46:37] ERRUPT>
[2026/09/11 10:46:37] =>
[2026/09/11 10:46:37] =>
[2026/09/11 10:46:37] 发送(hex): 03
[2026/09/11 10:46:37] 发送(hex): 0d
[2026/09/11 10:46:37] <INT
[2026/09/11 10:46:37] 发送(hex): 20
[2026/09/11 10:46:37] ERRUPT>
[2026/09/11 10:46:37] =>
[2026/09/11 10:46:37] =>
[2026/09/11 10:46:37] 发送(hex): 03
[2026/09/11 10:46:37] 发送(hex): 0d
[2026/09/11 10:46:37] 发送(hex): 20
[2026/09/11 10:46:37] <INTERRUPT>
[2026/09/11 10:46:37] =>
[2026/09/11 10:46:37] =>
[2026/09/11 10:46:37] 发送(hex): 03
[2026/09/11 10:46:37] 发送(hex): 0d
[2026/09/11 10:46:37] 发送(hex): 20
[2026/09/11 10:46:37] <INTERRUPT>
[2026/09/11 10:46:37] =>
[2026/09/11 10:46:37] =>
[2026/09/11 10:46:37] 发送(hex): 03
[2026/09/11 10:46:37] 发送(hex): 0d
[2026/09/11 10:46:37] 发送(hex): 20
[2026/09/11 10:46:37] <INTERRUPT>
[2026/09/11 10:46:37] =>
[2026/09/11 10:46:37] =>
[2026/09/11 10:46:37] 发送(hex): 03
[2026/09/11 10:46:37] 发送(hex): 0d
[2026/09/11 10:46:37] 发送(hex): 20
[2026/09/11 10:46:37] <INTERRUPT>
[2026/09/11 10:46:37] =>
[2026/09/11 10:46:37] =>
[2026/09/11 10:46:37] 发送(hex): 03
[2026/09/11 10:46:37] 发送(hex): 0d
[2026/09/11 10:46:37] 发送(hex): 20
[2026/09/11 10:46:37] <INTERRUPT>
[2026/09/11 10:46:37] =>
[2026/09/11 10:46:37] =>
[2026/09/11 10:46:37] 发送(hex): 03
[2026/09/11 10:46:37] 发送(hex): 0d
[2026/09/11 10:46:37] 发送(hex): 20
[2026/09/11 10:46:37] <INTERRUPT>
[2026/09/11 10:46:37] =>
[2026/09/11 10:46:37] 发送(hex): 03
[2026/09/11 10:46:37] =>
[2026/09/11 10:46:37] 发送(hex): 0d
[2026/09/11 10:46:37] <INTERRUPT>
[2026/09/11 10:46:37] =>
[2026/09/11 10:46:37] 发送(hex): 20
[2026/09/11 10:46:37] 发送(hex): 03
[2026/09/11 10:46:37] =>
[2026/09/11 10:46:37] 发送(hex): 0d
[2026/09/11 10:46:37] <INTERRUPT>
[2026/09/11 10:46:37] =>
[2026/09/11 10:46:37] 发送(hex): 20
[2026/09/11 10:46:37] =>
[2026/09/11 10:46:37] 发送(hex): 03
[2026/09/11 10:46:37] 发送(hex): 0d
[2026/09/11 10:46:37] <INTERRUPT>
[2026/09/11 10:46:37] =>
[2026/09/11 10:46:37] 发送(hex): 20
[2026/09/11 10:46:37] =>
[2026/09/11 10:46:37] 发送(hex): 03
[2026/09/11 10:46:37] 发送(hex): 0d
[2026/09/11 10:46:37] <INTERRUPT>
[2026/09/11 10:46:37] =>
[2026/09/11 10:46:37] 发送(hex): 20
[2026/09/11 10:46:37] =>
[2026/09/11 10:46:37] 发送(hex): 03
[2026/09/11 10:46:37] 发送(hex): 0d
[2026/09/11 10:46:37] <INTERRUPT>
[2026/09/11 10:46:37] =>
[2026/09/11 10:46:37] 发送(hex): 20
[2026/09/11 10:46:37] =>
[2026/09/11 10:46:37] 发送(hex): 03
[2026/09/11 10:46:37] 发送(hex): 0d
[2026/09/11 10:46:37] <INTERRUPT
[2026/09/11 10:46:37] 发送(hex): 20
[2026/09/11 10:46:37] >
[2026/09/11 10:46:37] =>
[2026/09/11 10:46:37] =>
[2026/09/11 10:46:37] 发送(hex): 03
[2026/09/11 10:46:37] 发送(hex): 0d
[2026/09/11 10:46:37] 发送(hex): 20
[2026/09/11 10:46:37] <INTERRUPT>
[2026/09/11 10:46:37] =>
[2026/09/11 10:46:37] =>
[2026/09/11 10:46:37] 发送(hex): 03
[2026/09/11 10:46:37] 发送(hex): 0d
[2026/09/11 10:46:37] 发送(hex): 20
[2026/09/11 10:46:37] <INTERRUPT>
[2026/09/11 10:46:37] =>
[2026/09/11 10:46:37] =>
[2026/09/11 10:46:37] 发送(hex): 03
[2026/09/11 10:46:37] 发送(hex): 0d
[2026/09/11 10:46:37] 发送(hex): 20
[2026/09/11 10:46:37] <INTERRUPT>
[2026/09/11 10:46:37] =>
[2026/09/11 10:46:37] =>
[2026/09/11 10:46:37] 发送(hex): 03
[2026/09/11 10:46:37] 发送(hex): 0d
[2026/09/11 10:46:37] 发送(hex): 20
[2026/09/11 10:46:37] <INTERRUPT>
[2026/09/11 10:46:37] =>
[2026/09/11 10:46:37] =>
[2026/09/11 10:46:37] 发送(hex): 03
[2026/09/11 10:46:37] 发送(hex): 0d
[2026/09/11 10:46:37] 发送(hex): 20
[2026/09/11 10:46:37] <INTERRUPT>
[2026/09/11 10:46:37] =>
[2026/09/11 10:46:37] =>
[2026/09/11 10:46:37] 发送(hex): 03
[2026/09/11 10:46:38] 发送(hex): 0d
[2026/09/11 10:46:38] 发送(hex): 20
[2026/09/11 10:46:38] <INTERRUPT>
[2026/09/11 10:46:38] =>
[2026/09/11 10:46:38] =>
[2026/09/11 10:46:38] 发送(hex): 03
[2026/09/11 10:46:38] 发送(hex): 0d
[2026/09/11 10:46:38] 发送(hex): 20
[2026/09/11 10:46:38] <INTERRUPT>
[2026/09/11 10:46:38] =>
[2026/09/11 10:46:38] =>
[2026/09/11 10:46:38] 发送(hex): 03
[2026/09/11 10:46:38] 发送(hex): 0d
[2026/09/11 10:46:38] <INTERRUPT>
[2026/09/11 10:46:38] =>
[2026/09/11 10:46:38] 发送(hex): 20
[2026/09/11 10:46:38] 发送(hex): 03
[2026/09/11 10:46:38] =>
[2026/09/11 10:46:38] 发送(hex): 0d
[2026/09/11 10:46:38] <INTERRUPT>
[2026/09/11 10:46:38] =>
[2026/09/11 10:46:38] 发送(hex): 20
[2026/09/11 10:46:38] 发送(hex): 03
[2026/09/11 10:46:38] =>
[2026/09/11 10:46:38] 发送(hex): 0d
[2026/09/11 10:46:38] <INTERRUPT>
[2026/09/11 10:46:38] =>
[2026/09/11 10:46:38] 发送(hex): 20
[2026/09/11 10:46:38] 发送(hex): 03
[2026/09/11 10:46:38] =>
[2026/09/11 10:46:38] 发送(hex): 0d
[2026/09/11 10:46:38] <INTERRUPT>
[2026/09/11 10:46:38] =>
[2026/09/11 10:46:38] 发送(hex): 20
[2026/09/11 10:46:38] 发送(hex): 03
[2026/09/11 10:46:38] =>
[2026/09/11 10:46:38] 发送(hex): 0d
[2026/09/11 10:46:38] <INTERRUPT>
[2026/09/11 10:46:38] =>
[2026/09/11 10:46:38] 发送(hex): 20
[2026/09/11 10:46:38] 发送(hex): 03
[2026/09/11 10:46:38] =>
[2026/09/11 10:46:38] 发送(hex): 0d
[2026/09/11 10:46:38] <INTERRUPT>
[2026/09/11 10:46:38] =>
[2026/09/11 10:46:38] 发送(hex): 20
[2026/09/11 10:46:38] =>
[2026/09/11 10:46:38] 发送(hex): 03
[2026/09/11 10:46:38] 发送(hex): 0d
[2026/09/11 10:46:38] <INTERRUPT>
[2026/09/11 10:46:38] =>
[2026/09/11 10:46:38] 发送(hex): 20
[2026/09/11 10:46:38] =>
[2026/09/11 10:46:38] 发送(hex): 03
[2026/09/11 10:46:38] 发送(hex): 0d
[2026/09/11 10:46:38] <INTERRUPT>
[2026/09/11 10:46:38] =>
[2026/09/11 10:46:38] 发送(hex): 20
[2026/09/11 10:46:38] =>
[2026/09/11 10:46:38] 发送(hex): 03
[2026/09/11 10:46:38] 发送(hex): 0d
[2026/09/11 10:46:38] <INTERRUPT>
[2026/09/11 10:46:38] =>
[2026/09/11 10:46:38] 发送(hex): 20
[2026/09/11 10:46:38] 发送(hex): 03
[2026/09/11 10:46:38] =>
[2026/09/11 10:46:38] 发送(hex): 0d
[2026/09/11 10:46:38] <INTERRUPT>
[2026/09/11 10:46:38] =>
[2026/09/11 10:46:38] 发送(hex): 20
[2026/09/11 10:46:38] =>
[2026/09/11 10:46:38] 发送(hex): 03
[2026/09/11 10:46:38] 发送(hex): 0d
[2026/09/11 10:46:38] <INTERRUPT>
[2026/09/11 10:46:38] =>
[2026/09/11 10:46:38] 发送(hex): 20
[2026/09/11 10:46:38] =>
[2026/09/11 10:46:38] 发送(hex): 03
[2026/09/11 10:46:38] 发送(hex): 0d
[2026/09/11 10:46:38] <INTERRUPT>
[2026/09/11 10:46:38] =>
[2026/09/11 10:46:38] 发送(hex): 20
[2026/09/11 10:46:38] =>
[2026/09/11 10:46:38] 发送(hex): 03
[2026/09/11 10:46:38] 发送(hex): 0d
[2026/09/11 10:46:38] <INTERRUPT>
[2026/09/11 10:46:38] =>
[2026/09/11 10:46:38] 发送(hex): 20
[2026/09/11 10:46:38] =>
[2026/09/11 10:46:38] 发送(hex): 03
[2026/09/11 10:46:38] 发送(hex): 0d
[2026/09/11 10:46:38] <INTERRUPT>
[2026/09/11 10:46:38] =>
[2026/09/11 10:46:38] 发送(hex): 20
[2026/09/11 10:46:38] =>
[2026/09/11 10:46:38] 发送(hex): 03
[2026/09/11 10:46:38] 发送(hex): 0d
[2026/09/11 10:46:38] 发送(hex): 20
[2026/09/11 10:46:38] <INTERRUPT>
[2026/09/11 10:46:38] =>
[2026/09/11 10:46:38] =>
[2026/09/11 10:46:38] 发送(hex): 03
[2026/09/11 10:46:38] 发送(hex): 0d
[2026/09/11 10:46:38] 发送(hex): 20
[2026/09/11 10:46:38] <INTERRUPT>
[2026/09/11 10:46:38] =>
[2026/09/11 10:46:38] =>
[2026/09/11 10:46:38] 发送(hex): 03
[2026/09/11 10:46:38] 发送(hex): 0d
[2026/09/11 10:46:38] 发送(hex): 20
[2026/09/11 10:46:38] <INTERRUPT>
[2026/09/11 10:46:38] =>
[2026/09/11 10:46:38] =>
[2026/09/11 10:46:38] 发送(hex): 03
[2026/09/11 10:46:38] 发送(hex): 0d
[2026/09/11 10:46:38] 发送(hex): 20
[2026/09/11 10:46:38] <INTERRUPT>
[2026/09/11 10:46:38] =>
[2026/09/11 10:46:38] =>
[2026/09/11 10:46:38] 发送(hex): 03
[2026/09/11 10:46:38] 发送(hex): 0d
[2026/09/11 10:46:38] 发送(hex): 20
[2026/09/11 10:46:38] <INTERRUPT>
[2026/09/11 10:46:38] =>
[2026/09/11 10:46:38] =>
[2026/09/11 10:46:38] 发送(hex): 03
[2026/09/11 10:46:38] 发送(hex): 0d
[2026/09/11 10:46:38] <INTERRUPT>
[2026/09/11 10:46:38] =>
[2026/09/11 10:46:38] 发送(hex): 20
[2026/09/11 10:46:38] 发送(hex): 03
[2026/09/11 10:46:38] =>
[2026/09/11 10:46:38] 发送(hex): 0d
[2026/09/11 10:46:38] <INTERRUPT>
[2026/09/11 10:46:38] =>
[2026/09/11 10:46:38] 发送(hex): 20
[2026/09/11 10:46:38] 发送(hex): 03
[2026/09/11 10:46:38] =>
[2026/09/11 10:46:38] 发送(hex): 0d
[2026/09/11 10:46:38] <INTERRUPT>
[2026/09/11 10:46:38] =>
[2026/09/11 10:46:38] 发送(hex): 20
[2026/09/11 10:46:38] 发送(hex): 03
[2026/09/11 10:46:38] =>
[2026/09/11 10:46:38] 发送(hex): 0d
[2026/09/11 10:46:38] <INTERRUPT>
[2026/09/11 10:46:38] =>
[2026/09/11 10:46:38] 发送(hex): 20
[2026/09/11 10:46:38] =>
[2026/09/11 10:46:38] 发送(hex): 03
[2026/09/11 10:46:38] 发送(hex): 0d
[2026/09/11 10:46:38] <INTERRUPT>
[2026/09/11 10:46:38] =>
[2026/09/11 10:46:38] 发送(hex): 20
[2026/09/11 10:46:38] =>
[2026/09/11 10:46:38] 发送(hex): 03
[2026/09/11 10:46:38] 发送(hex): 0d
[2026/09/11 10:46:38] <INTERRUPT>
[2026/09/11 10:46:38] =>
[2026/09/11 10:46:38] 发送(hex): 20
[2026/09/11 10:46:38] =>
[2026/09/11 10:46:38] 发送(hex): 03
[2026/09/11 10:46:38] 发送(hex): 0d
[2026/09/11 10:46:38] <INTERRUPT>
[2026/09/11 10:46:38] =>
[2026/09/11 10:46:38] 发送(hex): 20
[2026/09/11 10:46:38] =>
[2026/09/11 10:46:38] 发送(hex): 03
[2026/09/11 10:46:38] 发送(hex): 0d
[2026/09/11 10:46:38] <INTERRUPT>
[2026/09/11 10:46:38] =>
[2026/09/11 10:46:38] 发送(hex): 20
[2026/09/11 10:46:38] =>
[2026/09/11 10:46:38] 发送(hex): 03
[2026/09/11 10:46:38] 发送(hex): 0d
[2026/09/11 10:46:38] <INTERRUPT>
[2026/09/11 10:46:38] =>
[2026/09/11 10:46:38] 发送(hex): 20
[2026/09/11 10:46:38] =>
[2026/09/11 10:46:38] 发送(hex): 03
[2026/09/11 10:46:38] 发送(hex): 0d
[2026/09/11 10:46:38] <INTERRUPT>
[2026/09/11 10:46:38] =>
[2026/09/11 10:46:39] 发送(hex): 20
[2026/09/11 10:46:39] =>
[2026/09/11 10:46:39] 发送(hex): 03
[2026/09/11 10:46:39] 发送(hex): 0d
[2026/09/11 10:46:39] <INTERRUPT>
[2026/09/11 10:46:39] =>
[2026/09/11 10:46:39] 发送(hex): 20
[2026/09/11 10:46:39] =>
[2026/09/11 10:46:39] 发送(hex): 03
[2026/09/11 10:46:39] 发送(hex): 0d
[2026/09/11 10:46:39] <INTERRUPT>
[2026/09/11 10:46:39] =>
[2026/09/11 10:46:39] 发送(hex): 20
[2026/09/11 10:46:39] =>
[2026/09/11 10:46:39] 发送(hex): 03
[2026/09/11 10:46:39] 发送(hex): 0d
[2026/09/11 10:46:39] <INTERRUPT>
[2026/09/11 10:46:39] =>
[2026/09/11 10:46:39] 发送(hex): 20
[2026/09/11 10:46:39] =>
[2026/09/11 10:46:39] 发送(hex): 03
[2026/09/11 10:46:39] 发送(hex): 0d
[2026/09/11 10:46:39] <INTERRUPT>
[2026/09/11 10:46:39] =>
[2026/09/11 10:46:39] 发送(hex): 20
[2026/09/11 10:46:39] =>
[2026/09/11 10:46:39] 发送(hex): 03
[2026/09/11 10:46:39] 发送(hex): 0d
[2026/09/11 10:46:39] 发送(hex): 20
[2026/09/11 10:46:39] <INTERRUPT>
[2026/09/11 10:46:39] =>
[2026/09/11 10:46:39] =>
[2026/09/11 10:46:39] 发送(hex): 03
[2026/09/11 10:46:39] 发送(hex): 0d
[2026/09/11 10:46:39] <INTERRUPT>
[2026/09/11 10:46:39] =>
[2026/09/11 10:46:39] 发送(hex): 20
[2026/09/11 10:46:39] 发送(hex): 03
[2026/09/11 10:46:39] =>
[2026/09/11 10:46:39] 发送(hex): 0d
[2026/09/11 10:46:39] <INTERRUPT>
[2026/09/11 10:46:39] =>
[2026/09/11 10:46:39] 发送(hex): 20
[2026/09/11 10:46:39] 发送(hex): 03
[2026/09/11 10:46:39] =>
[2026/09/11 10:46:39] 发送(hex): 0d
[2026/09/11 10:46:39] <INTERRUPT>
[2026/09/11 10:46:39] =>
[2026/09/11 10:46:39] 发送(hex): 20
[2026/09/11 10:46:39] 发送(hex): 03
[2026/09/11 10:46:39] =>
[2026/09/11 10:46:39] 发送(hex): 0d
[2026/09/11 10:46:39] <INTERRUPT>
[2026/09/11 10:46:39] =>
[2026/09/11 10:46:39] 发送(hex): 20
[2026/09/11 10:46:39] 发送(hex): 03
[2026/09/11 10:46:39] =>
[2026/09/11 10:46:39] 发送(hex): 0d
[2026/09/11 10:46:39] <INTERRUPT>
[2026/09/11 10:46:39] =>
[2026/09/11 10:46:39] 发送(hex): 20
[2026/09/11 10:46:39] 发送(hex): 03
[2026/09/11 10:46:39] =>
[2026/09/11 10:46:39] 发送(hex): 0d
[2026/09/11 10:46:39] <INTERRUPT>
[2026/09/11 10:46:39] =>
[2026/09/11 10:46:39] 发送(hex): 20
[2026/09/11 10:46:39] 发送(hex): 03
[2026/09/11 10:46:39] =>
[2026/09/11 10:46:39] 发送(hex): 0d
[2026/09/11 10:46:39] <INTERRUPT>
[2026/09/11 10:46:39] =>
[2026/09/11 10:46:39] 发送(hex): 20
[2026/09/11 10:46:39] 发送(hex): 03
[2026/09/11 10:46:39] =>
[2026/09/11 10:46:39] 发送(hex): 0d
[2026/09/11 10:46:39] <INTERRUPT>
[2026/09/11 10:46:39] =>
[2026/09/11 10:46:39] 发送(hex): 20
[2026/09/11 10:46:39] 发送(hex): 03
[2026/09/11 10:46:39] =>
[2026/09/11 10:46:39] 发送(hex): 0d
[2026/09/11 10:46:39] <INTERRUPT>
[2026/09/11 10:46:39] =>
[2026/09/11 10:46:39] 发送(hex): 20
[2026/09/11 10:46:39] =>
[2026/09/11 10:46:39] 发送(hex): 03
[2026/09/11 10:46:39] 发送(hex): 0d
[2026/09/11 10:46:39] <INTERRUPT>
[2026/09/11 10:46:39] =>
[2026/09/11 10:46:39] 发送(hex): 20
[2026/09/11 10:46:39] =>
[2026/09/11 10:46:39] 发送(hex): 03
[2026/09/11 10:46:39] 发送(hex): 0d
[2026/09/11 10:46:39] <INTERRUPT>
[2026/09/11 10:46:39] =>
[2026/09/11 10:46:39] 发送(hex): 20
[2026/09/11 10:46:39] =>
[2026/09/11 10:46:39] 发送(hex): 03
[2026/09/11 10:46:39] 发送(hex): 0d
[2026/09/11 10:46:39] <INTERRUPT>
[2026/09/11 10:46:39] =>
[2026/09/11 10:46:39] 发送(hex): 20
[2026/09/11 10:46:39] =>
[2026/09/11 10:46:39] 发送(hex): 03
[2026/09/11 10:46:39] 发送(hex): 0d
[2026/09/11 10:46:39] <INTERRUPT>
[2026/09/11 10:46:39] =>
[2026/09/11 10:46:39] 发送(hex): 20
[2026/09/11 10:46:39] =>
[2026/09/11 10:46:39] 发送(hex): 03
[2026/09/11 10:46:39] 发送(hex): 0d
[2026/09/11 10:46:39] <INTERRUPT>
[2026/09/11 10:46:39] =
[2026/09/11 10:46:39] 发送(hex): 20
[2026/09/11 10:46:39] >
[2026/09/11 10:46:39] =>
[2026/09/11 10:46:39] 发送(hex): 03
[2026/09/11 10:46:39] 发送(hex): 0d
[2026/09/11 10:46:39] <INTERRUP
[2026/09/11 10:46:39] 发送(hex): 20
[2026/09/11 10:46:39] T>
[2026/09/11 10:46:39] =>
[2026/09/11 10:46:39] =>
[2026/09/11 10:46:39] 发送(hex): 03
[2026/09/11 10:46:39] 发送(hex): 0d
[2026/09/11 10:46:39] <INTERRU
[2026/09/11 10:46:39] 发送(hex): 20
[2026/09/11 10:46:39] PT>
[2026/09/11 10:46:39] =>
[2026/09/11 10:46:39] =>
[2026/09/11 10:46:39] 发送(hex): 03
[2026/09/11 10:46:39] 发送(hex): 0d
[2026/09/11 10:46:39] 发送(hex): 20
[2026/09/11 10:46:39] <INTERRUPT>
[2026/09/11 10:46:39] =>
[2026/09/11 10:46:39] =>
[2026/09/11 10:46:39] 发送(hex): 03
[2026/09/11 10:46:39] 发送(hex): 0d
[2026/09/11 10:46:39] 发送(hex): 20
[2026/09/11 10:46:39] <INTERRUPT>
[2026/09/11 10:46:39] =>
[2026/09/11 10:46:39] =>
[2026/09/11 10:46:39] 发送(hex): 03
[2026/09/11 10:46:39] 发送(hex): 0d
[2026/09/11 10:46:39] 发送(hex): 20
[2026/09/11 10:46:39] <INTERRUPT>
[2026/09/11 10:46:39] =>
[2026/09/11 10:46:39] =>
[2026/09/11 10:46:39] 发送(hex): 03
[2026/09/11 10:46:39] 发送(hex): 0d
[2026/09/11 10:46:39] 发送(hex): 20
[2026/09/11 10:46:39] <INTERRUPT>
[2026/09/11 10:46:39] =>
[2026/09/11 10:46:39] =>
[2026/09/11 10:46:39] 发送(hex): 03
[2026/09/11 10:46:39] 发送(hex): 0d
[2026/09/11 10:46:39] 发送(hex): 20
[2026/09/11 10:46:39] <INTERRUPT>
[2026/09/11 10:46:39] =>
[2026/09/11 10:46:39] =>
[2026/09/11 10:46:39] 发送(hex): 03
[2026/09/11 10:46:39] 发送(hex): 0d
[2026/09/11 10:46:39] <INTERRUPT>
[2026/09/11 10:46:39] =>
[2026/09/11 10:46:39] 发送(hex): 20
[2026/09/11 10:46:39] 发送(hex): 03
[2026/09/11 10:46:39] =>
[2026/09/11 10:46:39] 发送(hex): 0d
[2026/09/11 10:46:39] <INTERRUPT>
[2026/09/11 10:46:39] =>
[2026/09/11 10:46:39] 发送(hex): 20
[2026/09/11 10:46:39] 发送(hex): 03
[2026/09/11 10:46:39] =>
[2026/09/11 10:46:39] 发送(hex): 0d
[2026/09/11 10:46:39] <INTERRUPT>
[2026/09/11 10:46:39] =>
[2026/09/11 10:46:39] 发送(hex): 20
[2026/09/11 10:46:39] 发送(hex): 03
[2026/09/11 10:46:39] =>
[2026/09/11 10:46:39] 发送(hex): 0d
[2026/09/11 10:46:39] <INTERRUPT>
[2026/09/11 10:46:39] =>
[2026/09/11 10:46:39] 发送(hex): 20
[2026/09/11 10:46:40] 发送(hex): 03
[2026/09/11 10:46:40] =>
[2026/09/11 10:46:40] 发送(hex): 0d
[2026/09/11 10:46:40] <INTERRUPT>
[2026/09/11 10:46:40] =>
[2026/09/11 10:46:40] 发送(hex): 20
[2026/09/11 10:46:40] =>
[2026/09/11 10:46:40] 发送(hex): 03
[2026/09/11 10:46:40] 发送(hex): 0d
[2026/09/11 10:46:40] <INTERRUPT>
[2026/09/11 10:46:40] =>
[2026/09/11 10:46:40] 发送(hex): 20
[2026/09/11 10:46:40] =>
[2026/09/11 10:46:40] 发送(hex): 03
[2026/09/11 10:46:40] <INTERRUPT>
[2026/09/11 10:46:40] =>
[2026/09/11 10:46:40] 发送(hex): 0d
[2026/09/11 10:46:40] 发送(hex): 20
[2026/09/11 10:46:40] =>
[2026/09/11 10:46:40] 发送(hex): 03
[2026/09/11 10:46:40] 发送(hex): 0d
[2026/09/11 10:46:40] 发送(hex): 20
[2026/09/11 10:46:40] <INTERRUPT>
[2026/09/11 10:46:40] =>
[2026/09/11 10:46:40] =>
[2026/09/11 10:46:40] 发送(hex): 03
[2026/09/11 10:46:40] 发送(hex): 0d
[2026/09/11 10:46:40] 发送(hex): 20
[2026/09/11 10:46:40] <INTERRUPT>
[2026/09/11 10:46:40] =>
[2026/09/11 10:46:40] =>
[2026/09/11 10:46:40] 发送(hex): 03
[2026/09/11 10:46:40] 发送(hex): 0d
[2026/09/11 10:46:40] <INTERRUPT>
[2026/09/11 10:46:40] =>
[2026/09/11 10:46:40] 发送(hex): 20
[2026/09/11 10:46:40] 发送(hex): 03
[2026/09/11 10:46:40] =>
[2026/09/11 10:46:40] 发送(hex): 0d
[2026/09/11 10:46:40] <INTERRUPT>
[2026/09/11 10:46:40] =>
[2026/09/11 10:46:40] 发送(hex): 20
[2026/09/11 10:46:40] 发送(hex): 03
[2026/09/11 10:46:40] =>
[2026/09/11 10:46:40] 发送(hex): 0d
[2026/09/11 10:46:40] <INTERRUPT>
[2026/09/11 10:46:40] =>
[2026/09/11 10:46:40] 发送(hex): 20
[2026/09/11 10:46:40] 发送(hex): 03
[2026/09/11 10:46:40] =>
[2026/09/11 10:46:40] 发送(hex): 0d
[2026/09/11 10:46:40] <INTERRUPT>
[2026/09/11 10:46:40] =>
[2026/09/11 10:46:40] 发送(hex): 20
[2026/09/11 10:46:40] 发送(hex): 03
[2026/09/11 10:46:40] =>
[2026/09/11 10:46:40] 发送(hex): 0d
[2026/09/11 10:46:40] <INTERRUPT>
[2026/09/11 10:46:40] =>
[2026/09/11 10:46:40] 发送(hex): 20
[2026/09/11 10:46:40] 发送(hex): 03
[2026/09/11 10:46:40] =>
[2026/09/11 10:46:40] 发送(hex): 0d
[2026/09/11 10:46:40] <INTERRUPT>
[2026/09/11 10:46:40] =>
[2026/09/11 10:46:40] 发送(hex): 20
[2026/09/11 10:46:40] 发送(hex): 03
[2026/09/11 10:46:40] =>
[2026/09/11 10:46:40] 发送(hex): 0d
[2026/09/11 10:46:40] <INTERRUPT>
[2026/09/11 10:46:40] =>
[2026/09/11 10:46:40] 发送(hex): 20
[2026/09/11 10:46:40] 发送(hex): 03
[2026/09/11 10:46:40] =>
[2026/09/11 10:46:40] 发送(hex): 0d
[2026/09/11 10:46:40] <INTERRUPT>
[2026/09/11 10:46:40] =>
[2026/09/11 10:46:40] 发送(hex): 20
[2026/09/11 10:46:40] 发送(hex): 03
[2026/09/11 10:46:40] =>
[2026/09/11 10:46:40] 发送(hex): 0d
[2026/09/11 10:46:40] <INTERRUPT>
[2026/09/11 10:46:40] =>
[2026/09/11 10:46:40] 发送(hex): 20
[2026/09/11 10:46:40] 发送(hex): 03
[2026/09/11 10:46:40] =>
[2026/09/11 10:46:40] 发送(hex): 0d
[2026/09/11 10:46:40] <INTERRUPT>
[2026/09/11 10:46:40] =>
[2026/09/11 10:46:40] 发送(hex): 20
[2026/09/11 10:46:40] =>
[2026/09/11 10:46:40] 发送(hex): 03
[2026/09/11 10:46:40] 发送(hex): 0d
[2026/09/11 10:46:40] <INTERRUPT>
[2026/09/11 10:46:40] =>
[2026/09/11 10:46:40] 发送(hex): 20
[2026/09/11 10:46:40] =>
[2026/09/11 10:46:40] 发送(hex): 03
[2026/09/11 10:46:40] 发送(hex): 0d
[2026/09/11 10:46:40] <INTERRUPT>
[2026/09/11 10:46:40] =>
[2026/09/11 10:46:40] 发送(hex): 20
[2026/09/11 10:46:40] =>
[2026/09/11 10:46:40] 发送(hex): 03
[2026/09/11 10:46:40] 发送(hex): 0d
[2026/09/11 10:46:40] <INTERRUPT>
[2026/09/11 10:46:40] =>
[2026/09/11 10:46:40] 发送(hex): 20
[2026/09/11 10:46:40] =>
[2026/09/11 10:46:40] 发送(hex): 03
[2026/09/11 10:46:40] 发送(hex): 0d
[2026/09/11 10:46:40] <INTERRUPT>
[2026/09/11 10:46:40] =>
[2026/09/11 10:46:40] 发送(hex): 20
[2026/09/11 10:46:40] =>
[2026/09/11 10:46:40] 发送(hex): 03
[2026/09/11 10:46:40] 发送(hex): 0d
[2026/09/11 10:46:40] <I
[2026/09/11 10:46:40] 发送(hex): 20
[2026/09/11 10:46:40] NTERRUPT>
[2026/09/11 10:46:40] =>
[2026/09/11 10:46:40] =>
[2026/09/11 10:46:40] 发送(hex): 03
[2026/09/11 10:46:40] 发送(hex): 0d
[2026/09/11 10:46:40] 发送(hex): 20
[2026/09/11 10:46:40] <INTERRUPT>
[2026/09/11 10:46:40] =>
[2026/09/11 10:46:40] =>
[2026/09/11 10:46:40] 发送(hex): 03
[2026/09/11 10:46:40] 发送(hex): 0d
[2026/09/11 10:46:40] <INTERRUPT>
[2026/09/11 10:46:40] =>
[2026/09/11 10:46:40] 发送(hex): 20
[2026/09/11 10:46:40] 发送(hex): 03
[2026/09/11 10:46:40] =>
[2026/09/11 10:46:40] 发送(hex): 0d
[2026/09/11 10:46:40] <INTERRUPT>
[2026/09/11 10:46:40] =>
[2026/09/11 10:46:40] 发送(hex): 20
[2026/09/11 10:46:40] 发送(hex): 03
[2026/09/11 10:46:40] =>
[2026/09/11 10:46:40] 发送(hex): 0d
[2026/09/11 10:46:40] <INTERRUPT>
[2026/09/11 10:46:40] =>
[2026/09/11 10:46:40] 发送(hex): 20
[2026/09/11 10:46:40] 发送(hex): 03
[2026/09/11 10:46:40] =>
[2026/09/11 10:46:40] 发送(hex): 0d
[2026/09/11 10:46:40] <INTERRUPT>
[2026/09/11 10:46:40] =>
[2026/09/11 10:46:40] 发送(hex): 20
[2026/09/11 10:46:40] 发送(hex): 03
[2026/09/11 10:46:40] =>
[2026/09/11 10:46:40] 发送(hex): 0d
[2026/09/11 10:46:40] <INTERRUPT>
[2026/09/11 10:46:40] =>
[2026/09/11 10:46:40] 发送(hex): 20
[2026/09/11 10:46:40] 发送(hex): 03
[2026/09/11 10:46:40] =>
[2026/09/11 10:46:40] 发送(hex): 0d
[2026/09/11 10:46:40] <INTERRUPT>
[2026/09/11 10:46:40] =>
[2026/09/11 10:46:40] 发送(hex): 20
[2026/09/11 10:46:40] 发送(hex): 03
[2026/09/11 10:46:40] =>
[2026/09/11 10:46:40] 发送(hex): 0d
[2026/09/11 10:46:40] <INTERRUPT>
[2026/09/11 10:46:40] =>
[2026/09/11 10:46:40] 发送(hex): 20
[2026/09/11 10:46:40] =>
[2026/09/11 10:46:40] 发送(hex): 03
[2026/09/11 10:46:40] 发送(hex): 0d
[2026/09/11 10:46:40] <INTERRUPT>
[2026/09/11 10:46:40] =>
[2026/09/11 10:46:40] 发送(hex): 20
[2026/09/11 10:46:40] =>
[2026/09/11 10:46:40] 发送(hex): 03
[2026/09/11 10:46:40] 发送(hex): 0d
[2026/09/11 10:46:40] <INTERRUPT>
[2026/09/11 10:46:40] =>
[2026/09/11 10:46:40] 发送(hex): 20
[2026/09/11 10:46:40] =>
[2026/09/11 10:46:40] 发送(hex): 03
[2026/09/11 10:46:41] 发送(hex): 0d
[2026/09/11 10:46:41] <INTERRUPT>
[2026/09/11 10:46:41] 发送(hex): 20
[2026/09/11 10:46:41] =>
[2026/09/11 10:46:41] =>
[2026/09/11 10:46:41] 发送(hex): 03
[2026/09/11 10:46:41] 发送(hex): 0d
[2026/09/11 10:46:41] <I
[2026/09/11 10:46:41] 发送(hex): 20
[2026/09/11 10:46:41] NTERRUPT>
[2026/09/11 10:46:41] =>
[2026/09/11 10:46:41] =>
[2026/09/11 10:46:41] 发送(hex): 03
[2026/09/11 10:46:41] 发送(hex): 0d
[2026/09/11 10:46:41] 发送(hex): 20
[2026/09/11 10:46:41] <INTERRUPT>
[2026/09/11 10:46:41] =>
[2026/09/11 10:46:41] =>
[2026/09/11 10:46:41] 发送(hex): 03
[2026/09/11 10:46:41] 发送(hex): 0d
[2026/09/11 10:46:41] 发送(hex): 20
[2026/09/11 10:46:41] <INTERRUPT>
[2026/09/11 10:46:41] =>
[2026/09/11 10:46:41] =>
[2026/09/11 10:46:41] 发送(hex): 03
[2026/09/11 10:46:41] 发送(hex): 0d
[2026/09/11 10:46:41] 发送(hex): 20
[2026/09/11 10:46:41] <INTERRUPT>
[2026/09/11 10:46:41] =>
[2026/09/11 10:46:41] =>
[2026/09/11 10:46:41] 发送(hex): 03
[2026/09/11 10:46:41] 发送(hex): 0d
[2026/09/11 10:46:41] 发送(hex): 20
[2026/09/11 10:46:41] <INTERRUPT>
[2026/09/11 10:46:41] =>
[2026/09/11 10:46:41] =>
[2026/09/11 10:46:41] 发送(hex): 03
[2026/09/11 10:46:41] 发送(hex): 0d
[2026/09/11 10:46:41] 发送(hex): 20
[2026/09/11 10:46:41] <INTERRUPT>
[2026/09/11 10:46:41] =>
[2026/09/11 10:46:41] =>
[2026/09/11 10:46:41] 发送(hex): 03
[2026/09/11 10:46:41] 发送(hex): 0d
[2026/09/11 10:46:41] 发送(hex): 20
[2026/09/11 10:46:41] <INTERRUPT>
[2026/09/11 10:46:41] =>
[2026/09/11 10:46:41] =>
[2026/09/11 10:46:41] 发送(hex): 03
[2026/09/11 10:46:41] 发送(hex): 0d
[2026/09/11 10:46:41] 发送(hex): 20
[2026/09/11 10:46:41] <INTERRUPT>
[2026/09/11 10:46:41] =>
[2026/09/11 10:46:41] =>
[2026/09/11 10:46:41] 发送(hex): 03
[2026/09/11 10:46:41] 发送(hex): 0d
[2026/09/11 10:46:41] 发送(hex): 20
[2026/09/11 10:46:41] <INTERRUPT>
[2026/09/11 10:46:41] =>
[2026/09/11 10:46:41] =>
[2026/09/11 10:46:41] 发送(hex): 03
[2026/09/11 10:46:41] 发送(hex): 0d
[2026/09/11 10:46:41] 发送(hex): 20
[2026/09/11 10:46:41] <INTERRUPT>
[2026/09/11 10:46:41] =>
[2026/09/11 10:46:41] =>
[2026/09/11 10:46:41] 发送(hex): 03
[2026/09/11 10:46:41] 发送(hex): 0d
[2026/09/11 10:46:41] 发送(hex): 20
[2026/09/11 10:46:41] <INTERRUPT>
[2026/09/11 10:46:41] =>
[2026/09/11 10:46:41] =>
[2026/09/11 10:46:41] 发送(hex): 03
[2026/09/11 10:46:41] 发送(hex): 0d
[2026/09/11 10:46:41] 发送(hex): 20
[2026/09/11 10:46:41] <INTERRUPT>
[2026/09/11 10:46:41] =>
[2026/09/11 10:46:41] =>
[2026/09/11 10:46:41] 发送(hex): 03
[2026/09/11 10:46:41] 发送(hex): 0d
[2026/09/11 10:46:41] 发送(hex): 20
[2026/09/11 10:46:41] <INTERRUPT>
[2026/09/11 10:46:41] =>
[2026/09/11 10:46:41] =>
[2026/09/11 10:46:41] 发送(hex): 03
[2026/09/11 10:46:41] 发送(hex): 0d
[2026/09/11 10:46:41] 发送(hex): 20
[2026/09/11 10:46:41] <INTERRUPT>
[2026/09/11 10:46:41] =>
[2026/09/11 10:46:41] =>
[2026/09/11 10:46:41] 发送(hex): 03
[2026/09/11 10:46:41] 发送(hex): 0d
[2026/09/11 10:46:41] 发送(hex): 20
[2026/09/11 10:46:41] <INTERRUPT>
[2026/09/11 10:46:41] =>
[2026/09/11 10:46:41] =>
[2026/09/11 10:46:41] 发送(hex): 03
[2026/09/11 10:46:41] 发送(hex): 0d
[2026/09/11 10:46:41] 发送(hex): 20
[2026/09/11 10:46:41] <INTERRUPT>
[2026/09/11 10:46:41] =>
[2026/09/11 10:46:41] =>
[2026/09/11 10:46:41] 发送(hex): 03
[2026/09/11 10:46:41] 发送(hex): 0d
[2026/09/11 10:46:41] <INTERRUPT>
[2026/09/11 10:46:41] =>
[2026/09/11 10:46:41] =>
[2026/09/11 10:46:41] 发送(hex): 20
[2026/09/11 10:46:41] 发送(hex): 03
[2026/09/11 10:46:41] 发送(hex): 0d
[2026/09/11 10:46:41] <INTERRUPT>
[2026/09/11 10:46:41] =>
[2026/09/11 10:46:41] 发送(hex): 20
[2026/09/11 10:46:41] 发送(hex): 03
[2026/09/11 10:46:41] =>
[2026/09/11 10:46:41] 发送(hex): 0d
[2026/09/11 10:46:41] <INTERRUPT>
[2026/09/11 10:46:41] =>
[2026/09/11 10:46:41] 发送(hex): 20
[2026/09/11 10:46:41] 发送(hex): 03
[2026/09/11 10:46:41] =>
[2026/09/11 10:46:41] 发送(hex): 0d
[2026/09/11 10:46:41] <INTERRUPT>
[2026/09/11 10:46:41] =>
[2026/09/11 10:46:41] 发送(hex): 20
[2026/09/11 10:46:41] 发送(hex): 03
[2026/09/11 10:46:41] =>
[2026/09/11 10:46:41] 发送(hex): 0d
[2026/09/11 10:46:41] <INTERRUPT>
[2026/09/11 10:46:41] =>
[2026/09/11 10:46:41] 发送(hex): 20
[2026/09/11 10:46:41] 发送(hex): 03
[2026/09/11 10:46:41] =>
[2026/09/11 10:46:41] 发送(hex): 0d
[2026/09/11 10:46:41] <INTERRUPT>
[2026/09/11 10:46:41] =>
[2026/09/11 10:46:41] 发送(hex): 20
[2026/09/11 10:46:41] =>
[2026/09/11 10:46:41] 发送(hex): 03
[2026/09/11 10:46:41] 发送(hex): 0d
[2026/09/11 10:46:41] <INTERRUPT>
[2026/09/11 10:46:41] =>
[2026/09/11 10:46:41] 发送(hex): 20
[2026/09/11 10:46:41] =>
[2026/09/11 10:46:41] 发送(hex): 03
[2026/09/11 10:46:41] 发送(hex): 0d
[2026/09/11 10:46:41] 发送(hex): 20
[2026/09/11 10:46:41] <INTERRUPT>
[2026/09/11 10:46:41] =>
[2026/09/11 10:46:41] =>
[2026/09/11 10:46:41] 发送(hex): 03
[2026/09/11 10:46:41] 发送(hex): 0d
[2026/09/11 10:46:41] 发送(hex): 20
[2026/09/11 10:46:41] <INTERRUPT>
[2026/09/11 10:46:41] =>
[2026/09/11 10:46:41] =>
[2026/09/11 10:46:41] 发送(hex): 03
[2026/09/11 10:46:41] 发送(hex): 0d
[2026/09/11 10:46:41] <INTERRUPT>
[2026/09/11 10:46:41] =>
[2026/09/11 10:46:41] 发送(hex): 20
[2026/09/11 10:46:41] =>
[2026/09/11 10:46:41] 发送(hex): 03
[2026/09/11 10:46:41] 发送(hex): 0d
[2026/09/11 10:46:41] <INTERRUPT>
[2026/09/11 10:46:41] =>
[2026/09/11 10:46:41] 发送(hex): 20
[2026/09/11 10:46:41] =>
[2026/09/11 10:46:41] 发送(hex): 03
[2026/09/11 10:46:41] 发送(hex): 0d
[2026/09/11 10:46:41] <INTERRUPT>
[2026/09/11 10:46:41] =>
[2026/09/11 10:46:41] 发送(hex): 20
[2026/09/11 10:46:41] =>
[2026/09/11 10:46:41] 发送(hex): 03
[2026/09/11 10:46:41] 发送(hex): 0d
[2026/09/11 10:46:41] 发送(hex): 20
[2026/09/11 10:46:41] <INTERRUPT>
[2026/09/11 10:46:41] =>
[2026/09/11 10:46:41] =>
[2026/09/11 10:46:41] 发送(hex): 03
[2026/09/11 10:46:42] 发送(hex): 0d
[2026/09/11 10:46:42] 发送(hex): 20
[2026/09/11 10:46:42] <INTERRUPT>
[2026/09/11 10:46:42] =>
[2026/09/11 10:46:42] 发送(hex): 03
[2026/09/11 10:46:42] =>
[2026/09/11 10:46:42] 发送(hex): 0d
[2026/09/11 10:46:42] <INTERRUPT>
[2026/09/11 10:46:42] =>
[2026/09/11 10:46:42] 发送(hex): 20
[2026/09/11 10:46:42] 发送(hex): 03
[2026/09/11 10:46:42] =>
[2026/09/11 10:46:42] 发送(hex): 0d
[2026/09/11 10:46:42] <INTERRUPT>
[2026/09/11 10:46:42] =>
[2026/09/11 10:46:42] 发送(hex): 20
[2026/09/11 10:46:42] =>
[2026/09/11 10:46:42] 发送(hex): 03
[2026/09/11 10:46:42] 发送(hex): 0d
[2026/09/11 10:46:42] <INTERRUPT>
[2026/09/11 10:46:42] =>
[2026/09/11 10:46:42] 发送(hex): 20
[2026/09/11 10:46:42] =>
[2026/09/11 10:46:42] 发送(hex): 03
[2026/09/11 10:46:42] 发送(hex): 0d
[2026/09/11 10:46:42] <INTERRUPT>
[2026/09/11 10:46:42] =>
[2026/09/11 10:46:42] 发送(hex): 20
[2026/09/11 10:46:42] =>
[2026/09/11 10:46:42] 发送(hex): 03
[2026/09/11 10:46:42] 发送(hex): 0d
[2026/09/11 10:46:42] <INTERRUPT>
[2026/09/11 10:46:42] =>
[2026/09/11 10:46:42] 发送(hex): 20
[2026/09/11 10:46:42] =>
[2026/09/11 10:46:42] 发送(hex): 03
[2026/09/11 10:46:42] 发送(hex): 0d
[2026/09/11 10:46:42] <INTERRUPT>
[2026/09/11 10:46:42] =
[2026/09/11 10:46:42] 发送(hex): 20
[2026/09/11 10:46:42] >
[2026/09/11 10:46:42] =>
[2026/09/11 10:46:42] 发送(hex): 03
[2026/09/11 10:46:42] 发送(hex): 0d
[2026/09/11 10:46:42] <IN
[2026/09/11 10:46:42] 发送(hex): 20
[2026/09/11 10:46:42] TERRUPT>
[2026/09/11 10:46:42] =>
[2026/09/11 10:46:42] =>
[2026/09/11 10:46:42] 发送(hex): 03
[2026/09/11 10:46:42] 发送(hex): 0d
[2026/09/11 10:46:42] 发送(hex): 20
[2026/09/11 10:46:42] <INTERRUPT>
[2026/09/11 10:46:42] =>
[2026/09/11 10:46:42] =>
[2026/09/11 10:46:42] 发送(hex): 03
[2026/09/11 10:46:42] 发送(hex): 0d
[2026/09/11 10:46:42] 发送(hex): 20
[2026/09/11 10:46:42] <INTERRUPT>
[2026/09/11 10:46:42] =>
[2026/09/11 10:46:42] =>
[2026/09/11 10:46:42] 发送(hex): 03
[2026/09/11 10:46:42] 发送(hex): 0d
[2026/09/11 10:46:42] 发送(hex): 20
[2026/09/11 10:46:42] <INTERRUPT>
[2026/09/11 10:46:42] =>
[2026/09/11 10:46:42] =>
[2026/09/11 10:46:42] 发送(hex): 03
[2026/09/11 10:46:42] 发送(hex): 0d
[2026/09/11 10:46:42] 发送(hex): 20
[2026/09/11 10:46:42] <INTERRUPT>
[2026/09/11 10:46:42] =>
[2026/09/11 10:46:42] =>
[2026/09/11 10:46:42] 发送(hex): 03
[2026/09/11 10:46:42] 发送(hex): 0d
[2026/09/11 10:46:42] 发送(hex): 20
[2026/09/11 10:46:42] <INTERRUPT>
[2026/09/11 10:46:42] =>
[2026/09/11 10:46:42] =>
[2026/09/11 10:46:42] 发送(hex): 03
[2026/09/11 10:46:42] 发送(hex): 0d
[2026/09/11 10:46:42] <I
[2026/09/11 10:46:42] 发送(hex): 20
[2026/09/11 10:46:42] NTERRUPT>
[2026/09/11 10:46:42] =>
[2026/09/11 10:46:42] =>
[2026/09/11 10:46:42] 发送(hex): 03
[2026/09/11 10:46:42] 发送(hex): 0d
[2026/09/11 10:46:42] 发送(hex): 20
[2026/09/11 10:46:42] <INTERRUPT>
[2026/09/11 10:46:42] =>
[2026/09/11 10:46:42] =>
[2026/09/11 10:46:42] 发送(hex): 03
[2026/09/11 10:46:42] 发送(hex): 0d
[2026/09/11 10:46:42] 发送(hex): 20
[2026/09/11 10:46:42] <INTERRUPT>
[2026/09/11 10:46:42] =>
[2026/09/11 10:46:42] =>
[2026/09/11 10:46:42] 发送(hex): 03
[2026/09/11 10:46:42] 发送(hex): 0d
[2026/09/11 10:46:42] 发送(hex): 20
[2026/09/11 10:46:42] <INTERRUPT>
[2026/09/11 10:46:42] =>
[2026/09/11 10:46:42] =>
[2026/09/11 10:46:42] 发送(hex): 03
[2026/09/11 10:46:42] 发送(hex): 0d
[2026/09/11 10:46:42] <INTERRUPT>
[2026/09/11 10:46:42] =>
[2026/09/11 10:46:42] 发送(hex): 20
[2026/09/11 10:46:42] 发送(hex): 03
[2026/09/11 10:46:42] =>
[2026/09/11 10:46:42] 发送(hex): 0d
[2026/09/11 10:46:42] <INTERRUPT>
[2026/09/11 10:46:42] =>
[2026/09/11 10:46:42] 发送(hex): 20
[2026/09/11 10:46:42] 发送(hex): 03
[2026/09/11 10:46:42] =>
[2026/09/11 10:46:42] 发送(hex): 0d
[2026/09/11 10:46:42] <INTERRUPT>
[2026/09/11 10:46:42] =>
[2026/09/11 10:46:42] 发送(hex): 20
[2026/09/11 10:46:42] 发送(hex): 03
[2026/09/11 10:46:42] =>
[2026/09/11 10:46:42] 发送(hex): 0d
[2026/09/11 10:46:42] <INTERRUPT>
[2026/09/11 10:46:42] =>
[2026/09/11 10:46:42] 发送(hex): 20
[2026/09/11 10:46:42] 发送(hex): 03
[2026/09/11 10:46:42] =>
[2026/09/11 10:46:42] 发送(hex): 0d
[2026/09/11 10:46:42] <INTERRUPT>
[2026/09/11 10:46:42] =>
[2026/09/11 10:46:42] 发送(hex): 20
[2026/09/11 10:46:42] 发送(hex): 03
[2026/09/11 10:46:42] =>
[2026/09/11 10:46:42] 发送(hex): 0d
[2026/09/11 10:46:42] <INTERRUPT>
[2026/09/11 10:46:42] =>
[2026/09/11 10:46:42] 发送(hex): 20
[2026/09/11 10:46:42] 发送(hex): 03
[2026/09/11 10:46:42] =>
[2026/09/11 10:46:42] 发送(hex): 0d
[2026/09/11 10:46:42] <INTERRUPT>
[2026/09/11 10:46:42] =>
[2026/09/11 10:46:42] 发送(hex): 20
[2026/09/11 10:46:42] 发送(hex): 03
[2026/09/11 10:46:42] =>
[2026/09/11 10:46:42] 发送(hex): 0d
[2026/09/11 10:46:42] <INTERRUPT>
[2026/09/11 10:46:42] =>
[2026/09/11 10:46:42] 发送(hex): 20
[2026/09/11 10:46:42] 发送(hex): 03
[2026/09/11 10:46:42] =>
[2026/09/11 10:46:42] 发送(hex): 0d
[2026/09/11 10:46:42] <INTERRUPT>
[2026/09/11 10:46:42] =>
[2026/09/11 10:46:42] 发送(hex): 20
[2026/09/11 10:46:42] 发送(hex): 03
[2026/09/11 10:46:42] =>
[2026/09/11 10:46:42] 发送(hex): 0d
[2026/09/11 10:46:42] <INTERRUPT>
[2026/09/11 10:46:42] =>
[2026/09/11 10:46:42] 发送(hex): 20
[2026/09/11 10:46:42] 发送(hex): 03
[2026/09/11 10:46:42] =>
[2026/09/11 10:46:42] 发送(hex): 0d
[2026/09/11 10:46:42] <INTERRUPT>
[2026/09/11 10:46:42] =>
[2026/09/11 10:46:42] 发送(hex): 20
[2026/09/11 10:46:42] =>
[2026/09/11 10:46:42] 发送(hex): 03
[2026/09/11 10:46:42] 发送(hex): 0d
[2026/09/11 10:46:42] <INTERRUPT>
[2026/09/11 10:46:42] =>
[2026/09/11 10:46:42] 发送(hex): 20
[2026/09/11 10:46:42] =>
[2026/09/11 10:46:42] 发送(hex): 03
[2026/09/11 10:46:42] 发送(hex): 0d
[2026/09/11 10:46:42] <INTERRUPT>
[2026/09/11 10:46:42] =>
[2026/09/11 10:46:42] 发送(hex): 20
[2026/09/11 10:46:42] =>
[2026/09/11 10:46:42] 发送(hex): 03
[2026/09/11 10:46:42] 发送(hex): 0d
[2026/09/11 10:46:42] <INTERRUPT>
[2026/09/11 10:46:42] =>
[2026/09/11 10:46:43] 发送(hex): 20
[2026/09/11 10:46:43] =>
[2026/09/11 10:46:43] 发送(hex): 03
[2026/09/11 10:46:43] 发送(hex): 0d
[2026/09/11 10:46:43] <INTERRUPT>
[2026/09/11 10:46:43] =>
[2026/09/11 10:46:43] 发送(hex): 20
[2026/09/11 10:46:43] =>
[2026/09/11 10:46:43] 发送(hex): 03
[2026/09/11 10:46:43] 发送(hex): 0d
[2026/09/11 10:46:43] <IN
[2026/09/11 10:46:43] 发送(hex): 20
[2026/09/11 10:46:43] TERRUPT>
[2026/09/11 10:46:43] =>
[2026/09/11 10:46:43] =>
[2026/09/11 10:46:43] 发送(hex): 03
[2026/09/11 10:46:43] 发送(hex): 0d
[2026/09/11 10:46:43] 发送(hex): 20
[2026/09/11 10:46:43] <INTERRUPT>
[2026/09/11 10:46:43] =>
[2026/09/11 10:46:43] =>
[2026/09/11 10:46:43] 发送(hex): 03
[2026/09/11 10:46:43] 发送(hex): 0d
[2026/09/11 10:46:43] 发送(hex): 20
[2026/09/11 10:46:43] <INTERRUPT>
[2026/09/11 10:46:43] =>
[2026/09/11 10:46:43] =>
[2026/09/11 10:46:43] 发送(hex): 03
[2026/09/11 10:46:43] 发送(hex): 0d
[2026/09/11 10:46:43] 发送(hex): 20
[2026/09/11 10:46:43] <INTERRUPT>
[2026/09/11 10:46:43] =>
[2026/09/11 10:46:43] =>
[2026/09/11 10:46:43] 发送(hex): 03
[2026/09/11 10:46:43] 发送(hex): 0d
[2026/09/11 10:46:43] 发送(hex): 20
[2026/09/11 10:46:43] <INTERRUPT>
[2026/09/11 10:46:43] =>
[2026/09/11 10:46:43] =>
[2026/09/11 10:46:43] 发送(hex): 03
[2026/09/11 10:46:43] 发送(hex): 0d
[2026/09/11 10:46:43] <INTERRUPT>
[2026/09/11 10:46:43] =>
[2026/09/11 10:46:43] 发送(hex): 20
[2026/09/11 10:46:43] 发送(hex): 03
[2026/09/11 10:46:43] =>
[2026/09/11 10:46:43] 发送(hex): 0d
[2026/09/11 10:46:43] <INTERRUPT>
[2026/09/11 10:46:43] =>
[2026/09/11 10:46:43] 发送(hex): 20
[2026/09/11 10:46:43] 发送(hex): 03
[2026/09/11 10:46:43] =>
[2026/09/11 10:46:43] 发送(hex): 0d
[2026/09/11 10:46:43] <INTERRUPT>
[2026/09/11 10:46:43] =>
[2026/09/11 10:46:43] 发送(hex): 20
[2026/09/11 10:46:43] 发送(hex): 03
[2026/09/11 10:46:43] =>
[2026/09/11 10:46:43] 发送(hex): 0d
[2026/09/11 10:46:43] <INTERRUPT>
[2026/09/11 10:46:43] =>
[2026/09/11 10:46:43] 发送(hex): 20
[2026/09/11 10:46:43] 发送(hex): 03
[2026/09/11 10:46:43] =>
[2026/09/11 10:46:43] 发送(hex): 0d
[2026/09/11 10:46:43] <INTERRUPT>
[2026/09/11 10:46:43] =>
[2026/09/11 10:46:43] 发送(hex): 20
[2026/09/11 10:46:43] 发送(hex): 03
[2026/09/11 10:46:43] =>
[2026/09/11 10:46:43] 发送(hex): 0d
[2026/09/11 10:46:43] <INTERRUPT>
[2026/09/11 10:46:43] =>
[2026/09/11 10:46:43] 发送(hex): 20
[2026/09/11 10:46:43] 发送(hex): 03
[2026/09/11 10:46:43] =>
[2026/09/11 10:46:43] 发送(hex): 0d
[2026/09/11 10:46:43] <INTERRUPT>
[2026/09/11 10:46:43] =>
[2026/09/11 10:46:43] 发送(hex): 20
[2026/09/11 10:46:43] =>
[2026/09/11 10:46:43] 发送(hex): 03
[2026/09/11 10:46:43] 发送(hex): 0d
[2026/09/11 10:46:43] <INTERRUPT>
[2026/09/11 10:46:43] =>
[2026/09/11 10:46:43] 发送(hex): 20
[2026/09/11 10:46:43] =>
[2026/09/11 10:46:43] 发送(hex): 03
[2026/09/11 10:46:43] 发送(hex): 0d
[2026/09/11 10:46:43] 发送(hex): 20
[2026/09/11 10:46:43] <INTERRUPT>
[2026/09/11 10:46:43] =>
[2026/09/11 10:46:43] =>
[2026/09/11 10:46:43] 发送(hex): 03
[2026/09/11 10:46:43] 发送(hex): 0d
[2026/09/11 10:46:43] 发送(hex): 20
[2026/09/11 10:46:43] <INTERRUPT>
[2026/09/11 10:46:43] =>
[2026/09/11 10:46:43] =>
[2026/09/11 10:46:43] 发送(hex): 03
[2026/09/11 10:46:43] 发送(hex): 0d
[2026/09/11 10:46:43] 发送(hex): 20
[2026/09/11 10:46:43] <INTERRUPT>
[2026/09/11 10:46:43] =>
[2026/09/11 10:46:43] =>
[2026/09/11 10:46:43] 发送(hex): 03
[2026/09/11 10:46:43] 发送(hex): 0d
[2026/09/11 10:46:43] 发送(hex): 20
[2026/09/11 10:46:43] <INTERRUPT>
[2026/09/11 10:46:43] =>
[2026/09/11 10:46:43] =>
[2026/09/11 10:46:43] 发送(hex): 03
[2026/09/11 10:46:43] 发送(hex): 0d
[2026/09/11 10:46:43] <INTERRUPT>
[2026/09/11 10:46:43] =>
[2026/09/11 10:46:43] 发送(hex): 20
[2026/09/11 10:46:43] 发送(hex): 03
[2026/09/11 10:46:43] =>
[2026/09/11 10:46:43] 发送(hex): 0d
[2026/09/11 10:46:43] <INTERRUPT>
[2026/09/11 10:46:43] =>
[2026/09/11 10:46:43] 发送(hex): 20
[2026/09/11 10:46:43] 发送(hex): 03
[2026/09/11 10:46:43] =>
[2026/09/11 10:46:43] 发送(hex): 0d
[2026/09/11 10:46:43] <INTERRUPT>
[2026/09/11 10:46:43] =>
[2026/09/11 10:46:43] 发送(hex): 20
[2026/09/11 10:46:43] 发送(hex): 03
[2026/09/11 10:46:43] =>
[2026/09/11 10:46:43] 发送(hex): 0d
[2026/09/11 10:46:43] <INTERRUPT>
[2026/09/11 10:46:43] =>
[2026/09/11 10:46:43] 发送(hex): 20
[2026/09/11 10:46:43] 发送(hex): 03
[2026/09/11 10:46:43] =>
[2026/09/11 10:46:43] 发送(hex): 0d
[2026/09/11 10:46:43] <INTERRUPT>
[2026/09/11 10:46:43] =>
[2026/09/11 10:46:43] 发送(hex): 20
[2026/09/11 10:46:43] 发送(hex): 03
[2026/09/11 10:46:43] =>
[2026/09/11 10:46:43] 发送(hex): 0d
[2026/09/11 10:46:43] <INTERRUPT>
[2026/09/11 10:46:43] =>
[2026/09/11 10:46:43] 发送(hex): 20
[2026/09/11 10:46:43] 发送(hex): 03
[2026/09/11 10:46:43] =>
[2026/09/11 10:46:43] 发送(hex): 0d
[2026/09/11 10:46:43] <INTERRUPT>
[2026/09/11 10:46:43] =>
[2026/09/11 10:46:43] 发送(hex): 20
[2026/09/11 10:46:43] =>
[2026/09/11 10:46:43] 发送(hex): 03
[2026/09/11 10:46:43] 发送(hex): 0d
[2026/09/11 10:46:43] <INTERRUPT>
[2026/09/11 10:46:43] =>
[2026/09/11 10:46:43] 发送(hex): 20
[2026/09/11 10:46:43] =>
[2026/09/11 10:46:43] 发送(hex): 03
[2026/09/11 10:46:43] 发送(hex): 0d
[2026/09/11 10:46:43] <INTERRUPT>
[2026/09/11 10:46:43] =>
[2026/09/11 10:46:43] 发送(hex): 20
[2026/09/11 10:46:43] =>
[2026/09/11 10:46:43] 发送(hex): 03
[2026/09/11 10:46:43] 发送(hex): 0d
[2026/09/11 10:46:43] <INTERRUPT>
[2026/09/11 10:46:43] =>
[2026/09/11 10:46:43] 发送(hex): 20
[2026/09/11 10:46:43] =>
[2026/09/11 10:46:43] 发送(hex): 03
[2026/09/11 10:46:43] 发送(hex): 0d
[2026/09/11 10:46:43] <INTERRUPT>
[2026/09/11 10:46:43] =>
[2026/09/11 10:46:43] 发送(hex): 20
[2026/09/11 10:46:43] =>
[2026/09/11 10:46:43] 发送(hex): 03
[2026/09/11 10:46:43] 发送(hex): 0d
[2026/09/11 10:46:43] <INTERRUPT>
[2026/09/11 10:46:43] =>
[2026/09/11 10:46:43] 发送(hex): 20
[2026/09/11 10:46:43] =>
[2026/09/11 10:46:44] 发送(hex): 03
[2026/09/11 10:46:44] 发送(hex): 0d
[2026/09/11 10:46:44] <INTERRUPT>
[2026/09/11 10:46:44] =>
[2026/09/11 10:46:44] 发送(hex): 20
[2026/09/11 10:46:44] =>
[2026/09/11 10:46:44] 发送(hex): 03
[2026/09/11 10:46:44] 发送(hex): 0d
[2026/09/11 10:46:44] 发送(hex): 20
[2026/09/11 10:46:44] <INTERRUPT>
[2026/09/11 10:46:44] =>
[2026/09/11 10:46:44] =>
[2026/09/11 10:46:44] 发送(hex): 03
[2026/09/11 10:46:44] 发送(hex): 0d
[2026/09/11 10:46:44] 发送(hex): 20
[2026/09/11 10:46:44] <INTERRUPT>
[2026/09/11 10:46:44] =>
[2026/09/11 10:46:44] =>
[2026/09/11 10:46:44] 发送(hex): 03
[2026/09/11 10:46:44] 发送(hex): 0d
[2026/09/11 10:46:44] 发送(hex): 20
[2026/09/11 10:46:44] <INTERRUPT>
[2026/09/11 10:46:44] =>
[2026/09/11 10:46:44] =>
[2026/09/11 10:46:44] 发送(hex): 03
[2026/09/11 10:46:44] 发送(hex): 0d
[2026/09/11 10:46:44] 发送(hex): 20
[2026/09/11 10:46:44] <INTERRUPT>
[2026/09/11 10:46:44] =>
[2026/09/11 10:46:44] =>
[2026/09/11 10:46:44] 发送(hex): 03
[2026/09/11 10:46:44] 发送(hex): 0d
[2026/09/11 10:46:44] 发送(hex): 20
[2026/09/11 10:46:44] <INTERRUPT>
[2026/09/11 10:46:44] =>
[2026/09/11 10:46:44] =>
[2026/09/11 10:46:44] 发送(hex): 03
[2026/09/11 10:46:44] 发送(hex): 0d
[2026/09/11 10:46:44] 发送(hex): 20
[2026/09/11 10:46:44] <INTERRUPT>
[2026/09/11 10:46:44] =>
[2026/09/11 10:46:44] =>
[2026/09/11 10:46:44] 发送(hex): 03
[2026/09/11 10:46:44] 发送(hex): 0d
[2026/09/11 10:46:44] 发送(hex): 20
[2026/09/11 10:46:44] <INTERRUPT>
[2026/09/11 10:46:44] =>
[2026/09/11 10:46:44] =>
[2026/09/11 10:46:44] 发送(hex): 03
[2026/09/11 10:46:44] 发送(hex): 0d
[2026/09/11 10:46:44] 发送(hex): 20
[2026/09/11 10:46:44] <INTERRUPT>
[2026/09/11 10:46:44] =>
[2026/09/11 10:46:44] =>
[2026/09/11 10:46:44] 发送(hex): 03
[2026/09/11 10:46:44] 发送(hex): 0d
[2026/09/11 10:46:44] <INTERRUPT>
[2026/09/11 10:46:44] =>
[2026/09/11 10:46:44] 发送(hex): 20
[2026/09/11 10:46:44] 发送(hex): 03
[2026/09/11 10:46:44] =>
[2026/09/11 10:46:44] 发送(hex): 0d
[2026/09/11 10:46:44] <INTERRUPT>
[2026/09/11 10:46:44] =>
[2026/09/11 10:46:44] 发送(hex): 20
[2026/09/11 10:46:44] 发送(hex): 03
[2026/09/11 10:46:44] =>
[2026/09/11 10:46:44] 发送(hex): 0d
[2026/09/11 10:46:44] <INTERRUPT>
[2026/09/11 10:46:44] =>
[2026/09/11 10:46:44] 发送(hex): 20
[2026/09/11 10:46:44] 发送(hex): 03
[2026/09/11 10:46:44] =>
[2026/09/11 10:46:44] 发送(hex): 0d
[2026/09/11 10:46:44] <INTERRUPT>
[2026/09/11 10:46:44] =>
[2026/09/11 10:46:44] 发送(hex): 20
[2026/09/11 10:46:44] =>
[2026/09/11 10:46:44] 发送(hex): 03
[2026/09/11 10:46:44] 发送(hex): 0d
[2026/09/11 10:46:44] <INTERRUPT>
[2026/09/11 10:46:44] =>
[2026/09/11 10:46:44] 发送(hex): 20
[2026/09/11 10:46:44] 发送(hex): 03
[2026/09/11 10:46:44] =>
[2026/09/11 10:46:44] 发送(hex): 0d
[2026/09/11 10:46:44] <INTERRUPT>
[2026/09/11 10:46:44] =>
[2026/09/11 10:46:44] 发送(hex): 20
[2026/09/11 10:46:44] =>
[2026/09/11 10:46:44] 发送(hex): 03
[2026/09/11 10:46:44] 发送(hex): 0d
[2026/09/11 10:46:44] <INTERRUPT>
[2026/09/11 10:46:44] =>
[2026/09/11 10:46:44] 发送(hex): 20
[2026/09/11 10:46:44] =>
[2026/09/11 10:46:44] 发送(hex): 03
[2026/09/11 10:46:44] 发送(hex): 0d
[2026/09/11 10:46:44] 发送(hex): 20
[2026/09/11 10:46:44] <INTERRUPT>
[2026/09/11 10:46:44] =>
[2026/09/11 10:46:44] =>
[2026/09/11 10:46:44] 发送(hex): 03
[2026/09/11 10:46:44] 发送(hex): 0d
[2026/09/11 10:46:44] 发送(hex): 20
[2026/09/11 10:46:44] <INTERRUPT>
[2026/09/11 10:46:44] =>
[2026/09/11 10:46:44] =>
[2026/09/11 10:46:44] 发送(hex): 03
[2026/09/11 10:46:44] 发送(hex): 0d
[2026/09/11 10:46:44] <INTERRUPT>
[2026/09/11 10:46:44] =>
[2026/09/11 10:46:44] 发送(hex): 20
[2026/09/11 10:46:44] 发送(hex): 03
[2026/09/11 10:46:44] =>
[2026/09/11 10:46:44] 发送(hex): 0d
[2026/09/11 10:46:44] <INTERRUPT>
[2026/09/11 10:46:44] =>
[2026/09/11 10:46:44] 发送(hex): 20
[2026/09/11 10:46:44] 发送(hex): 03
[2026/09/11 10:46:44] =>
[2026/09/11 10:46:44] 发送(hex): 0d
[2026/09/11 10:46:44] <INTERRUPT>
[2026/09/11 10:46:44] =>
[2026/09/11 10:46:44] 发送(hex): 20
[2026/09/11 10:46:44] =>
[2026/09/11 10:46:44] 发送(hex): 03
[2026/09/11 10:46:44] 发送(hex): 0d
[2026/09/11 10:46:44] <INTERRUPT>
[2026/09/11 10:46:44] =>
[2026/09/11 10:46:44] 发送(hex): 20
[2026/09/11 10:46:44] =>
[2026/09/11 10:46:44] 发送(hex): 03
[2026/09/11 10:46:44] 发送(hex): 0d
[2026/09/11 10:46:44] <INTERRUPT>
[2026/09/11 10:46:44] =>
[2026/09/11 10:46:44] 发送(hex): 20
[2026/09/11 10:46:44] =>
[2026/09/11 10:46:44] 发送(hex): 03
[2026/09/11 10:46:44] 发送(hex): 0d
[2026/09/11 10:46:44] <INTERRUPT>
[2026/09/11 10:46:44] =>
[2026/09/11 10:46:44] 发送(hex): 20
[2026/09/11 10:46:44] =>
[2026/09/11 10:46:44] 发送(hex): 03
[2026/09/11 10:46:44] 发送(hex): 0d
[2026/09/11 10:46:44] <INTERRUPT>
[2026/09/11 10:46:44] =>
[2026/09/11 10:46:44] 发送(hex): 20
[2026/09/11 10:46:44] =>
[2026/09/11 10:46:44] 发送(hex): 03
[2026/09/11 10:46:44] 发送(hex): 0d
[2026/09/11 10:46:44] <INTERRUPT>
[2026/09/11 10:46:44] =>
[2026/09/11 10:46:44] 发送(hex): 20
[2026/09/11 10:46:44] =>
[2026/09/11 10:46:44] 发送(hex): 03
[2026/09/11 10:46:44] 发送(hex): 0d
[2026/09/11 10:46:44] <INTERRUPT>
[2026/09/11 10:46:44] =
[2026/09/11 10:46:44] 发送(hex): 20
[2026/09/11 10:46:44] >
[2026/09/11 10:46:44] =>
[2026/09/11 10:46:44] 发送(hex): 03
[2026/09/11 10:46:44] 发送(hex): 0d
[2026/09/11 10:46:44] <INTERRUP
[2026/09/11 10:46:44] 发送(hex): 20
[2026/09/11 10:46:44] T>
[2026/09/11 10:46:44] =>
[2026/09/11 10:46:44] =>
[2026/09/11 10:46:44] 发送(hex): 03
[2026/09/11 10:46:44] 发送(hex): 0d
[2026/09/11 10:46:44] 发送(hex): 20
[2026/09/11 10:46:44] <INTERRUPT>
[2026/09/11 10:46:44] =>
[2026/09/11 10:46:44] =>
[2026/09/11 10:46:44] 发送(hex): 03
[2026/09/11 10:46:44] 发送(hex): 0d
[2026/09/11 10:46:44] 发送(hex): 20
[2026/09/11 10:46:44] <INTERRUPT>
[2026/09/11 10:46:44] =>
[2026/09/11 10:46:44] =>
[2026/09/11 10:46:45] 发送(hex): 03
[2026/09/11 10:46:45] 发送(hex): 0d
[2026/09/11 10:46:45] 发送(hex): 20
[2026/09/11 10:46:45] <INTERRUPT>
[2026/09/11 10:46:45] =>
[2026/09/11 10:46:45] 发送(hex): 03
[2026/09/11 10:46:45] =>
[2026/09/11 10:46:45] 发送(hex): 0d
[2026/09/11 10:46:45] <INTERRUPT>
[2026/09/11 10:46:45] =>
[2026/09/11 10:46:45] 发送(hex): 20
[2026/09/11 10:46:45] 发送(hex): 03
[2026/09/11 10:46:45] =>
[2026/09/11 10:46:45] 发送(hex): 0d
[2026/09/11 10:46:45] <INTERRUPT>
[2026/09/11 10:46:45] =>
[2026/09/11 10:46:45] 发送(hex): 20
[2026/09/11 10:46:45] 发送(hex): 03
[2026/09/11 10:46:45] =>
[2026/09/11 10:46:45] 发送(hex): 0d
[2026/09/11 10:46:45] <INTERRUPT>
[2026/09/11 10:46:45] =>
[2026/09/11 10:46:45] 发送(hex): 20
[2026/09/11 10:46:45] 发送(hex): 03
[2026/09/11 10:46:45] =>
[2026/09/11 10:46:45] 发送(hex): 0d
[2026/09/11 10:46:45] <INTERRUPT>
[2026/09/11 10:46:45] =>
[2026/09/11 10:46:45] 发送(hex): 20
[2026/09/11 10:46:45] 发送(hex): 03
[2026/09/11 10:46:45] =>
[2026/09/11 10:46:45] 发送(hex): 0d
[2026/09/11 10:46:45] <INTERRUPT>
[2026/09/11 10:46:45] =>
[2026/09/11 10:46:45] 发送(hex): 20
[2026/09/11 10:46:45] 发送(hex): 03
[2026/09/11 10:46:45] =>
[2026/09/11 10:46:45] 发送(hex): 0d
[2026/09/11 10:46:45] <INTERRUPT>
[2026/09/11 10:46:45] =>
[2026/09/11 10:46:45] 发送(hex): 20
[2026/09/11 10:46:45] =>
[2026/09/11 10:46:45] 发送(hex): 03
[2026/09/11 10:46:45] 发送(hex): 0d
[2026/09/11 10:46:45] <INTERRUPT>
[2026/09/11 10:46:45] =>
[2026/09/11 10:46:45] 发送(hex): 20
[2026/09/11 10:46:45] =>
[2026/09/11 10:46:45] 发送(hex): 03
[2026/09/11 10:46:45] 发送(hex): 0d
[2026/09/11 10:46:45] <INTERRUPT>
[2026/09/11 10:46:45] =>
[2026/09/11 10:46:45] 发送(hex): 20
[2026/09/11 10:46:45] =>
[2026/09/11 10:46:45] 发送(hex): 03
[2026/09/11 10:46:45] 发送(hex): 0d
[2026/09/11 10:46:45] <INTERRUPT>
[2026/09/11 10:46:45] =>
[2026/09/11 10:46:45] 发送(hex): 20
[2026/09/11 10:46:45] =>
[2026/09/11 10:46:45] 发送(hex): 03
[2026/09/11 10:46:45] 发送(hex): 0d
[2026/09/11 10:46:45] <INTERRUPT>
[2026/09/11 10:46:45] =>
[2026/09/11 10:46:45] 发送(hex): 20
[2026/09/11 10:46:45] =>
[2026/09/11 10:46:45] 发送(hex): 03
[2026/09/11 10:46:45] 发送(hex): 0d
[2026/09/11 10:46:45] <INTERRUPT>
[2026/09/11 10:46:45] =>
[2026/09/11 10:46:45] 发送(hex): 20
[2026/09/11 10:46:45] =>
[2026/09/11 10:46:45] 发送(hex): 03
[2026/09/11 10:46:45] 发送(hex): 0d
[2026/09/11 10:46:45] <INTERRUP
[2026/09/11 10:46:45] 发送(hex): 20
[2026/09/11 10:46:45] T>
[2026/09/11 10:46:45] =>
[2026/09/11 10:46:45] =>
[2026/09/11 10:46:45] 发送(hex): 03
[2026/09/11 10:46:45] 发送(hex): 0d
[2026/09/11 10:46:45] 发送(hex): 20
[2026/09/11 10:46:45] <INTERRUPT>
[2026/09/11 10:46:45] =>
[2026/09/11 10:46:45] =>
[2026/09/11 10:46:45] 发送(hex): 03
[2026/09/11 10:46:45] 发送(hex): 0d
[2026/09/11 10:46:45] 发送(hex): 20
[2026/09/11 10:46:45] <INTERRUPT>
[2026/09/11 10:46:45] =>
[2026/09/11 10:46:45] =>
[2026/09/11 10:46:45] 发送(hex): 03
[2026/09/11 10:46:45] 发送(hex): 0d
[2026/09/11 10:46:45] <INTERRUPT>
[2026/09/11 10:46:45] =>
[2026/09/11 10:46:45] 发送(hex): 20
[2026/09/11 10:46:45] 发送(hex): 03
[2026/09/11 10:46:45] =>
[2026/09/11 10:46:45] 发送(hex): 0d
[2026/09/11 10:46:45] <INTERRUPT>
[2026/09/11 10:46:45] =>
[2026/09/11 10:46:45] 发送(hex): 20
[2026/09/11 10:46:45] 发送(hex): 03
[2026/09/11 10:46:45] =>
[2026/09/11 10:46:45] 发送(hex): 0d
[2026/09/11 10:46:45] <INTERRUPT>
[2026/09/11 10:46:45] =>
[2026/09/11 10:46:45] 发送(hex): 20
[2026/09/11 10:46:45] 发送(hex): 03
[2026/09/11 10:46:45] =>
[2026/09/11 10:46:45] 发送(hex): 0d
[2026/09/11 10:46:45] <INTERRUPT>
[2026/09/11 10:46:45] =>
[2026/09/11 10:46:45] 发送(hex): 20
[2026/09/11 10:46:45] 发送(hex): 03
[2026/09/11 10:46:45] =>
[2026/09/11 10:46:45] 发送(hex): 0d
[2026/09/11 10:46:45] <INTERRUPT>
[2026/09/11 10:46:45] =>
[2026/09/11 10:46:45] 发送(hex): 20
[2026/09/11 10:46:45] 发送(hex): 03
[2026/09/11 10:46:45] =>
[2026/09/11 10:46:45] 发送(hex): 0d
[2026/09/11 10:46:45] <INTERRUPT>
[2026/09/11 10:46:45] =>
[2026/09/11 10:46:45] 发送(hex): 20
[2026/09/11 10:46:45] 发送(hex): 03
[2026/09/11 10:46:45] =>
[2026/09/11 10:46:45] 发送(hex): 0d
[2026/09/11 10:46:45] <INTERRUPT>
[2026/09/11 10:46:45] =>
[2026/09/11 10:46:45] 发送(hex): 20
[2026/09/11 10:46:45] 发送(hex): 03
[2026/09/11 10:46:45] =>
[2026/09/11 10:46:45] 发送(hex): 0d
[2026/09/11 10:46:45] <INTERRUPT>
[2026/09/11 10:46:45] =>
[2026/09/11 10:46:45] 发送(hex): 20
[2026/09/11 10:46:45] 发送(hex): 03
[2026/09/11 10:46:45] =>
[2026/09/11 10:46:45] 发送(hex): 0d
[2026/09/11 10:46:45] <INTERRUPT>
[2026/09/11 10:46:45] =>
[2026/09/11 10:46:45] 发送(hex): 20
[2026/09/11 10:46:45] 发送(hex): 03
[2026/09/11 10:46:45] =>
[2026/09/11 10:46:45] 发送(hex): 0d
[2026/09/11 10:46:45] <INTERRUPT>
[2026/09/11 10:46:45] =>
[2026/09/11 10:46:45] 发送(hex): 20
[2026/09/11 10:46:45] =>
[2026/09/11 10:46:45] 发送(hex): 03
[2026/09/11 10:46:45] 发送(hex): 0d
[2026/09/11 10:46:45] <INTERRUPT>
[2026/09/11 10:46:45] =>
[2026/09/11 10:46:45] 发送(hex): 20
[2026/09/11 10:46:45] =>
[2026/09/11 10:46:45] 发送(hex): 03
[2026/09/11 10:46:45] 发送(hex): 0d
[2026/09/11 10:46:45] <INTERRUPT>
[2026/09/11 10:46:45] =>
[2026/09/11 10:46:45] 发送(hex): 20
[2026/09/11 10:46:45] =>
[2026/09/11 10:46:45] 发送(hex): 03
[2026/09/11 10:46:45] 发送(hex): 0d
[2026/09/11 10:46:45] <INTERRUPT>
[2026/09/11 10:46:45] =>
[2026/09/11 10:46:45] 发送(hex): 20
[2026/09/11 10:46:45] =>
[2026/09/11 10:46:45] 发送(hex): 03
[2026/09/11 10:46:45] 发送(hex): 0d
[2026/09/11 10:46:45] <INTERRUP
[2026/09/11 10:46:45] 发送(hex): 20
[2026/09/11 10:46:45] T>
[2026/09/11 10:46:45] =>
[2026/09/11 10:46:45] =>
[2026/09/11 10:46:45] 发送(hex): 03
[2026/09/11 10:46:45] 发送(hex): 0d
[2026/09/11 10:46:45] 发送(hex): 20
[2026/09/11 10:46:45] <INTERRUPT>
[2026/09/11 10:46:45] =>
[2026/09/11 10:46:45] =>
[2026/09/11 10:46:45] 发送(hex): 03
[2026/09/11 10:46:46] 发送(hex): 0d
[2026/09/11 10:46:46] 发送(hex): 20
[2026/09/11 10:46:46] <INTERRUPT>
[2026/09/11 10:46:46] =>
[2026/09/11 10:46:46] =>
[2026/09/11 10:46:46] 发送(hex): 03
[2026/09/11 10:46:46] 发送(hex): 0d
[2026/09/11 10:46:46] 发送(hex): 20
[2026/09/11 10:46:46] <INTERRUPT>
[2026/09/11 10:46:46] =>
[2026/09/11 10:46:46] =>
[2026/09/11 10:46:46] 发送(hex): 03
[2026/09/11 10:46:46] 发送(hex): 0d
[2026/09/11 10:46:46] 发送(hex): 20
[2026/09/11 10:46:46] <INTERRUPT>
[2026/09/11 10:46:46] =>
[2026/09/11 10:46:46] =>
[2026/09/11 10:46:46] 发送(hex): 03
[2026/09/11 10:46:46] 发送(hex): 0d
[2026/09/11 10:46:46] 发送(hex): 20
[2026/09/11 10:46:46] <INTERRUPT>
[2026/09/11 10:46:46] =>
[2026/09/11 10:46:46] =>
[2026/09/11 10:46:46] 发送(hex): 03
[2026/09/11 10:46:46] 发送(hex): 0d
[2026/09/11 10:46:46] 发送(hex): 20
[2026/09/11 10:46:46] <INTERRUPT>
[2026/09/11 10:46:46] =>
[2026/09/11 10:46:46] =>
[2026/09/11 10:46:46] 发送(hex): 03
[2026/09/11 10:46:46] 发送(hex): 0d
[2026/09/11 10:46:46] <INTERRUPT>
[2026/09/11 10:46:46] =>
[2026/09/11 10:46:46] 发送(hex): 20
[2026/09/11 10:46:46] 发送(hex): 03
[2026/09/11 10:46:46] =>
[2026/09/11 10:46:46] 发送(hex): 0d
[2026/09/11 10:46:46] <INTERRUPT>
[2026/09/11 10:46:46] =>
[2026/09/11 10:46:46] 发送(hex): 20
[2026/09/11 10:46:46] 发送(hex): 03
[2026/09/11 10:46:46] =>
[2026/09/11 10:46:46] 发送(hex): 0d
[2026/09/11 10:46:46] <INTERRUPT>
[2026/09/11 10:46:46] =>
[2026/09/11 10:46:46] 发送(hex): 20
[2026/09/11 10:46:46] 发送(hex): 03
[2026/09/11 10:46:46] =>
[2026/09/11 10:46:46] 发送(hex): 0d
[2026/09/11 10:46:46] <INTERRUPT>
[2026/09/11 10:46:46] =>
[2026/09/11 10:46:46] 发送(hex): 20
[2026/09/11 10:46:46] =>
[2026/09/11 10:46:46] 发送(hex): 03
[2026/09/11 10:46:46] 发送(hex): 0d
[2026/09/11 10:46:46] <INTERRUPT>
[2026/09/11 10:46:46] =
[2026/09/11 10:46:46] 发送(hex): 20
[2026/09/11 10:46:46] >
[2026/09/11 10:46:46] =>
[2026/09/11 10:46:46] 发送(hex): 03
[2026/09/11 10:46:46] 发送(hex): 0d
[2026/09/11 10:46:46] <INTERRUPT>
[2026/09/11 10:46:46] 发送(hex): 20
[2026/09/11 10:46:46] =>
[2026/09/11 10:46:46] =>
[2026/09/11 10:46:46] 发送(hex): 03
[2026/09/11 10:46:46] 发送(hex): 0d
[2026/09/11 10:46:46] <INTERRUPT>
[2026/09/11 10:46:46] 发送(hex): 20
[2026/09/11 10:46:46] =>
[2026/09/11 10:46:46] =>
[2026/09/11 10:46:46] 发送(hex): 03
[2026/09/11 10:46:46] 发送(hex): 0d
[2026/09/11 10:46:46] <INTERRUPT>
[2026/09/11 10:46:46] 发送(hex): 20
[2026/09/11 10:46:46] =>
[2026/09/11 10:46:46] =>
[2026/09/11 10:46:46] 发送(hex): 03
[2026/09/11 10:46:46] 发送(hex): 0d
[2026/09/11 10:46:46] <INT
[2026/09/11 10:46:46] 发送(hex): 20
[2026/09/11 10:46:46] ERRUPT>
[2026/09/11 10:46:46] =>
[2026/09/11 10:46:46] =>
[2026/09/11 10:46:46] 发送(hex): 03
[2026/09/11 10:46:46] 发送(hex): 0d
[2026/09/11 10:46:46] 发送(hex): 20
[2026/09/11 10:46:46] <INTERRUPT>
[2026/09/11 10:46:46] =>
[2026/09/11 10:46:46] =>
[2026/09/11 10:46:46] 发送(hex): 03
[2026/09/11 10:46:46] 发送(hex): 0d
[2026/09/11 10:46:46] 发送(hex): 20
[2026/09/11 10:46:46] <INTERRUPT>
[2026/09/11 10:46:46] =>
[2026/09/11 10:46:46] =>
[2026/09/11 10:46:46] 发送(hex): 03
[2026/09/11 10:46:46] 发送(hex): 0d
[2026/09/11 10:46:46] 发送(hex): 20
[2026/09/11 10:46:46] <INTERRUPT>
[2026/09/11 10:46:46] =>
[2026/09/11 10:46:46] =>
[2026/09/11 10:46:46] 发送(hex): 03
[2026/09/11 10:46:46] 发送(hex): 0d
[2026/09/11 10:46:46] 发送(hex): 20
[2026/09/11 10:46:46] <INTERRUPT>
[2026/09/11 10:46:46] =>
[2026/09/11 10:46:46] =>
[2026/09/11 10:46:46] 发送(hex): 03
[2026/09/11 10:46:46] 发送(hex): 0d
[2026/09/11 10:46:46] 发送(hex): 20
[2026/09/11 10:46:46] <INTERRUPT>
[2026/09/11 10:46:46] =>
[2026/09/11 10:46:46] =>
[2026/09/11 10:46:46] 发送(hex): 03
[2026/09/11 10:46:46] 发送(hex): 0d
[2026/09/11 10:46:46] 发送(hex): 20
[2026/09/11 10:46:46] <INTERRUPT>
[2026/09/11 10:46:46] =>
[2026/09/11 10:46:46] =>
[2026/09/11 10:46:46] 发送(hex): 03
[2026/09/11 10:46:46] 发送(hex): 0d
[2026/09/11 10:46:46] 发送(hex): 20
[2026/09/11 10:46:46] <INTERRUPT>
[2026/09/11 10:46:46] =>
[2026/09/11 10:46:46] =>
[2026/09/11 10:46:46] 发送(hex): 03
[2026/09/11 10:46:46] 发送(hex): 0d
[2026/09/11 10:46:46] 发送(hex): 20
[2026/09/11 10:46:46] <INTERRUPT>
[2026/09/11 10:46:46] =>
[2026/09/11 10:46:46] =>
[2026/09/11 10:46:46] 发送(hex): 03
[2026/09/11 10:46:46] 发送(hex): 0d
[2026/09/11 10:46:46] 发送(hex): 20
[2026/09/11 10:46:46] <INTERRUPT>
[2026/09/11 10:46:46] =>
[2026/09/11 10:46:46] =>
[2026/09/11 10:46:46] 发送(hex): 03
[2026/09/11 10:46:46] <INTERRUPT>
[2026/09/11 10:46:46] =>
[2026/09/11 10:46:55] 发送(hex): 0d
[2026/09/11 10:46:55] 发送(hex): 0d
[2026/09/11 10:46:55] =>
[2026/09/11 10:46:55] 发送(hex): 0d
[2026/09/11 10:46:55] =>
[2026/09/11 10:46:55] 发送(hex): 0d
[2026/09/11 10:46:55] 发送(hex): 0d
[2026/09/11 10:46:55] =>
[2026/09/11 10:46:55] =>
[2026/09/11 10:46:55] 发送(hex): 7072696e74656e762074636c5f6c6f676f5f706174680d
[2026/09/11 10:46:55] =>
[2026/09/11 10:46:55] printenv tcl_logo_path
[2026/09/11 10:46:55] tcl_logo_path=/tclconfig/tvcust/aio_resources/resource/extension/common_TCL_QDMINI_4K/logo
[2026/09/11 10:46:55] =>
[2026/09/11 10:46:56] 发送(hex): 03
[2026/09/11 10:46:56] <INTERRUPT>
[2026/09/11 10:46:56] =>
[2026/09/11 10:47:00] UART
[2026/09/11 10:47:00] <.
[2026/09/11 10:47:00] AC_ON
[2026/09/11 10:47:00] HASH1_VERSIO
[2026/09/11 10:47:00] N=0x00000000 64bit
[2026/09/11 10:47:00] E-A
[2026/09/11 10:47:00] [ETT_Main] Clock MPLL Init
[2026/09/11 10:47:00] [ETT_Main]MIU_ver 20260417-11996427-OneBin-V20.4-RefineWDTNew
[2026/09/11 10:47:00] [DRAMC] AC ON-0
[2026/09/11 10:47:00] [FAST_K]
[2026/09/11 10:47:00] [MOBF] Gen SW key
[2026/09/11 10:47:00] CH0 DramsizeFlag_CH0 DUMMY_REG = 0x1
[2026/09/11 10:47:00] dramc_channel0 restore dramsize_flag = 0x1
[2026/09/11 10:47:00] [FAST_K]
[2026/09/11 10:47:00] CH2 DramsizeFlag_CH2 DUMMY_REG = 0x0
[2026/09/11 10:47:00] dramc_channel2 restore dramsize_flag = 0x0
[2026/09/11 10:47:00] dispatch to 1 EMI 2 CH
[2026/09/11 10:47:00] MIUP set area: 3GB
[2026/09/11 10:47:00] EMI bist: [32mM0 pass[0m
[2026/09/11 10:47:00] EMI bist: [32mM2 pass[0m
[2026/09/11 10:47:00] fake engine: [32mpass[00000000][0m
[2026/09/11 10:47:00] fake engine: [32mpass[00000001][0m
[2026/09/11 10:47:00] u4dram_info=0x2406
[2026/09/11 10:47:00] TEELOADER_VERSION=0x00000000
[2026/09/11 10:47:00] optee teeloader entry
[2026/09/11 10:47:00] MultiOptee image detected, Mode
[2026/09/11 10:47:00] lID=17B06E0B
[2026/09/11 10:47:00] MultiOptee image detected, ModelID=17B06E0B
[2026/09/11 10:47:00] CusConfig
[2026/09/11 10:47:00] ARMFW_VERSION=0x00000000
[2026/09/11 10:47:00] OPTEE_VERSION=0x00000000
[2026/09/11 10:47:00] OPTEECUST_VERSION=0x00000000
[2026/09/11 10:47:00] REELOADER_VERSION=0x00000000
[2026/09/11 10:47:00] ns_uboot_boot
[2026/09/11 10:47:00] NOTICE:  BL31: v2.4(debug):f102f7cc7
[2026/09/11 10:47:00] NOTICE:  BL31: Built : 20:53:08, Jul 17 2026
[2026/09/11 10:47:00] INFO:    BL31: Initializing runtime services
[2026/09/11 10:47:00] INFO:    BL31: Initializing BL32
[2026/09/11 10:47:00] [TEE] TRIAL BOOT: 0
[2026/09/11 10:47:00] [DynRamlog] wait for configuring by tee driver
[2026/09/11 10:47:00] INFO:    BL31: Preparing for EL3 exit to normal world
[2026/09/11 10:47:00] INFO:    Entry point address = 0x20100010
[2026/09/11 10:47:00] ree_entry
[2026/09/11 10:47:00] Check WDT....
[2026/09/11 10:47:00] UBOOT_VERSION=0x00000000
[2026/09/11 10:47:01] U-Boot2019.04-g23c3f665-dirty (Aug 23 2026 - 20:57:54 +0800)
[2026/09/11 10:47:01] Model: MediaTek MT5896 RFB
[2026/09/11 10:47:01] DRAM:  3 GiB
[2026/09/11 10:47:01] MMC:   mtk-mmc-fcie@1c660000: 0
[2026/09/11 10:47:01] Loading Environment fr
[2026/09/11 10:47:01] om EXT4... OK
[2026/09/11 10:47:01] [0;31m[ERROR] g
[2026/09/11 10:47:01] et_data_separation_info:254: [0m[data spr][start:1298][end:1307][total time:9]
[2026/09/11 10:47:01] [0;31m[ERROR] get_partition_info:394: [0mCan not find corresponding suffixed partition name:factory_preset_a !!!
[2026/09/11 10:47:01] [0;31m[ERROR] get_pid_from_preset_partition:1495: [0mError: sys_get_storage_info from factory_preset failure
[2026/09/11 10:47:01] [0;31m[ERROR] parse_tcl_ffvoice_lednum:1124: [0mdrive_item is not exist!
[2026/09/11 10:47:01] [0;31m[ERROR] parse_tcl_ffvoice_lednum:1144: [0muse default ffvoice lednum: 4!!!
[2026/09/11 10:47:01] [0;31m[ERROR] parse_tcl_led_stagespacetime:1019: [0mdrive_item is not exist!
[2026/09/11 10:47:01] [0;31m[ERROR] parse_tcl_led_stagespacetime:1039: [0muse default_ledstage: 0!!!
[2026/09/11 10:47:01] [0;31m[ERROR] parse_tcl_led_stagespacetime:1041: [0mset uenv led_stagespace : 0
[2026/09/11 10:47:01] device properties match:sid = "104"
[2026/09/11 10:47:01] [0;31m[ERROR] get_data_separation_info:270: [0mRead ini file success !
[2026/09/11 10:47:01] [0;31m[ERROR] To_parse_tcl_standby_qhb_support:234: [0mtcl_env_qhb = 0 or null or other,not support TCL  QHB
[2026/09/11 10:47:02] [0;31m[ERROR] dataindex_dtbo_overlay:644: [0m[DATAINDEX DTBO LOAD][start:1798][end:1888][total time:90]
[2026/09/11 10:47:02] Model: MediaTek MT5896 RFB
[2026/09/11 10:47:02] Net:
[2026/09/11 10:47:02] eth0: ethernet@1c700000
[2026/09/11 10:47:02] Booting(Working) pLedMode = LED_ON,pLightRate=80
[2026/09/11 10:47:02] slot:0 slot retry:0 a_corrupt:0 b_corrupt:0 successful:[1:0]
[2026/09/11 10:47:02] 00000000: 00 00 00 00 00 00 00 00 00 00 00 00 00 00 00 00    ................
[2026/09/11 10:47:02] 00000010: 00 00 00 00 00 00 00 00 00 00 00 00 00 00 00 00    ................
[2026/09/11 10:47:02] [0;31m[ERROR] get_boot_mode_from_partition:354: [0mdump  OK
[2026/09/11 10:47:02] androidboot boot reason = ac
[2026/09/11 10:47:02] Reboot reason == PM_BR_AC
[2026/09/11 10:47:02] upgrade status:done
[2026/09/11 10:47:02] [0;31m[ERROR] standby_mode_enter_standby:187: [0m[panic case]: no panic occur, normal deal
[2026/09/11 10:47:02] Normal booting mode!
[2026/09/11 10:47:02] [wei] mtk_panel_probe 991, PANEL LIB VER 5
[2026/09/11 10:47:02] [wei] BOOT_PNL_VERSION OLD
[2026/09/11 10:47:02] [0;31m[ERROR] standby_mode_enter_qhb:274: [0mThis PID   unsupport  TCL QHB !!!
[2026/09/11 10:47:02] [0;31m[ERROR] mtk_panel_init_device:998: [0m[BEFORE DEMURA][start:2126][end:2165][total time:39]
[2026/09/11 10:47:02] [0;31m[ERROR] mtk_panel_enable:1149: [0m
[2026/09/11 10:47:02] ---mtk_panel_enable:1149 Set mtk_panel_enable DelayTask 7
[2026/09/11 10:47:02] Hit any key to stop autoboot:  0
[2026/09/11 10:47:02] [0;31m[ERROR] do_check_upgrade_mode:216: [0mresolve path fail: /mnt/vendor/tvconfig/bsp/common/misc/upgrade_mode.ini
[2026/09/11 10:47:02] check_auto_update
[2026/09/11 10:47:02] seconds : 2
[2026/09/11 10:47:02] Ticking:
[2026/09/11 10:47:02] jpd_api: [ERR] _MApi_NJPD_Decoder_PrintError: data loss error!!
[2026/09/11 10:47:02] jpd_api: [ERR] _MApi_NJPD_Decoder_PrintError: bitstream error!!
[2026/09/11 10:47:02] [0;31m[ERROR] mtk_jpd_decode:361: [0mJPEG decode failed!!
[2026/09/11 10:47:02] [
[2026/09/11 10:47:02] 0;31m[ERROR] standby_mode_enter_standby:187: [0m[panic case]: no panic occur, normal deal
[2026/09/11 10:47:02] Normal booting mode!
[2026/09/11 10:47:02] [0;31m[ERROR] get_panel_pwm_duty_info:2644: [0mRead ini file to DRAM failure
[2026/09/11 10:47:02] [0;31m[ERROR] Check_TSR_PMIC_Version:229: [0mThis PID   unsupport   TSR IC !!!
[2026/09/11 10:47:02] [0;31m[ERROR] _mtk_pnl_cust_backlight_i2c_init:2672: [0mRead subnode (backlight_i2c_info) FAIL
[2026/09/11 10:47:02] kfault cur reboot mode: 0x0
[2026/09/11 10:47:02] kfault tcllog size: 0x4000000
[2026/09/11 10:47:02] kfault io buf 0x5bd50e30, size 0x400, pos 0x0, is_read 1, ret 0
[2026/09/11 10:47:02] kfault io buf 0x5be1f8f0, size 0x2000, pos 0x400, is_read 1, ret 0
[2026/09/11 10:47:02] kfault io buf 0x5bd65ea0, size 0x1000, pos 0x37ff000, is_read 1, ret 0
[2026/09/11 10:47:02] normal boot, just do tmp dump
[2026/09/11 10:47:02] MMC write: dev # 0, block # 1480696, count 8 ...
[2026/09/11 10:47:02] 8 blocks written: OK
[2026/09/11 10:47:02] kfault io buf 0x5bd65ea0, size 0x1000, pos 0x37ff000, is_read 0, ret 0
[2026/09/11 10:47:02] kfault_boot->log_num = 0
[2026/09/11 10:47:02] MMC write: dev # 0, block # 1366016, count 2 ... 2 blocks written: OK
[2026/09/11 10:47:02] kfault io buf 0x5bd50e30, size 0x400, pos 0x0, is_read 0, ret 0
[2026/09/11 10:47:02] [0;31m[ERROR] standby_mode_enter_standby:187: [0m[panic case]: no panic occur, normal deal
[2026/09/11 10:47:02] Normal booting mode!
[2026/09/11 10:47:02] upgradecheck - upgrade mode check command
[2026/09/11 10:47:02] Usage:
[2026/09/11 10:47:02] upgradecheck command: upgradecheck
[2026/09/11 10:47:02] retry_count: 0
[2026/09/11 10:47:02] ## Android Verified Boot 2.0 version 1.1.0
[2026/09/11 10:47:02] Disable Flash Update Mode
[2026/09/11 10:47:03] Verification passed successfully
[2026/09/11 10:47:03] Boot state is: Green !
[2026/09/11 10:47:03] Kernel load addr 0x26000000 size 41887 KiB
[2026/09/11 10:47:03] RAM disk load addr 0x01000000 size 2039 KiB
[2026/09/11 10:47:03] [0;31m[ERROR] bootargs_append:2318: [0mset cfg is androidboot.device_name=G08 androidboot.series=X androidboot.product=X11K androidboot.product_name=G08_4K_GB androidboot.client_type=TCL-EU-MT9653-S1 androidboot.model_name=Smart*TV*Pro androidboot.code_name=AU04 androidboot.ecid=22000000 androidboot.tcl_brand=TCL androidboot.manufacturer=TCL androidboot.oem_tag=EU androidboot.certify=unknown androidboot.extension=TCL_QDMINI_4K androidboot.extension_res=unknown androidboot.extension_db=unknown
[2026/09/11 10:47:03] [0;31m[ERROR] bootargs_append:2318: [0mset cfg is androidboot.pid=26624
[2026/09/11 10:47:03] device properties match:sid = "104"
[2026/09/11 10:47:03] [0;31m[ERROR] set_crashkernel_rsvmem:2278: [0mError: Read kdump file to Dram failed
[2026/09/11 10:47:03] do_tcl_crashkernel - tcl_crashkernel
[2026/09/11 10:47:03] Usage:
[2026/09/11 10:47:03] do_tcl_crashkernel command: set reserved memory for crashkernel
[2026/09/11 10:47:03] Loading Kernel Image ... OK
[2026/09/11 10:47:03] Loading Ramdisk to 29f09000, end 2bdff751 ... OK
[2026/09/11 10:47:03] Loading Device Tree to 000000002c4e1000, end 000000002c5ff9bb ... OK
[2026/09/11 10:47:04] [0;31m[ERROR] dataindex_dtbo_overlay:644: [0m[DATAINDEX DTBO LOAD][start:3791][end:3909][total time:118]
[2026/09/11 10:47:04] [0;31m[ERROR] standby_mode_enter_qhb:274: [0mThis PID   unsupport  TCL QHB !!!
[2026/09/11 10:47:04] [AutoTest][mboot][start kernel][3973]
[2026/09/11 10:47:04] Starting kernel ...
[2026/09/11 10:47:04] kfault io buf 0x5bea3090, size 0x28, pos 0x400, is_read 1, ret 0
[2026/09/11 10:47:04] last status:0x0
[2026/09/11 10:47:04] MMC write: dev # 0, block # 1480632, count 7 ... 7 blocks written: OK
[2026/09/11 10:47:04] MMC write: dev # 0, block # 1480639, count 1 ... 1 blocks written: OK
[2026/09/11 10:47:04] kfault io buf 0x5be4e160, size 0xf27, pos 0x37f7000, is_read 0, ret 0
[2026/09/11 10:47:04] MMC write: dev # 0, block # 1366018, count 1 ... 1 blocks written: OK
[2026/09/11 10:47:04] kfault io buf 0x5bd586f0, size 0x28, pos 0x400, is_read 0, ret 0
[2026/09/11 10:47:04] WARNING: Unimplemen
[2026/09/11 10:47:04] ted Standard Service Call: 0x84000050
[2026/09/11 10:47:04] [    0.322792][    T1] clk_mt5896: we have
[2026/09/11 10:47:04] : PM
[2026/09/11 10:47:04] [    0.322815][    T1] clk_mt5896: we have : NONPM
[2026/09/11 10:47:05] [Ramlog] tee_config_dyn_ramlog_by_cookie is success
[2026/09/11 10:47:05] [    0.472470][    T1] [K][EFUSE]mtk_efuse_init() ----- START
[2026/09/11 10:47:05] [    0.478091][    T1] [K][EFUSE]mtk_efuse_init() ----> OK
[2026/09/11 10:47:05] [    0.490614][    T1] ir set ir_arm_en to 1.
[2026/09/11 10:47:05] [    0.494799][    T1] ir get boot status 2.
[2026/09/11 10:47:05] [    0.498855][    T1] ir set boot status to 3.
[2026/09/11 10:47:05] [    0.503126][    T1] ir get key 65535.
[2026/09/11 10:47:05] [    0.506822][    T1] mtk-ir 1c080000.ir_in: ir probe done.
[2026/09/11 10:47:05] [    0.518568][    T1] [0][0][0]
[2026/09/11 10:47:05] [    0.529385][    T1] add null memory dma_heap with name mtk_nullmem_1
[2026/09/11 10:47:05] [    0.535799][    T1]     range from 0x3000000 to 0x13000000
[2026/09/11 10:47:05] [    0.535799][    T1]
[2026/09/11 10:47:05] [    0.535799][    T1]
[2026/09/11 10:47:05] [    0.569576][    T1] we have : seal
[2026/09/11 10:47:05] [    0.655480][   T67] mtk_mci 1c660000.mtk-mmc-fcie: [ mtk_fcie_set_ios() Ln.4351 ]
[2026/09/11 10:47:05] [    0.663088][   T67] mtk_mci 1c660000.mtk-mmc-fcie: Ld HS400ES
[2026/09/11 10:47:05] [    0.668833][    T1] [Alg Debug] MApi_PQ_CLI_CFD_Init sucess!!
[2026/09/11 10:47:05] [    0.677039][   T67] mtk_mci 1c660000.mtk-mmc-fcie: eMMC: HS400 5.1 200MHz
[2026/09/11 10:47:05] [    0.684184][   T67] mtk_mci 1c660000.mtk-mmc-fcie: eMMC: HS400 5.1 200MHz
[2026/09/11 10:47:05] [    0.684504][    T1] lizw pp 1
[2026/09/11 10:47:05] [    0.702031][    T1] ux_thread: uxthread_init done!
[2026/09/11 10:47:05] [    0.707674][    T1] tcl_action_monitor: kfault kernel timeout init
[2026/09/11 10:47:06] [    1.770853][  T121] tcl_action_monitor: kfault stop kernel init timeout
[2026/09/11 10:47:06] console:/ $
[2026/09/11 10:47:07] [0;32;31m [ramlog] tee_get_ramlog_config 586 [m
[2026/09/11 10:47:07] [ramlog] Chip ID: 27 f3 04 f5 fd 0b 95 c5 8d 04 00 00
[2026/09/11 10:47:07] [ramlog] TEE log is not enabled (I2C mode:1)
[2026/09/11 10:47:09] [    4.604334][  T322] mtk_and: line 0:
[2026/09/11 10:47:09] glide-disk-cach%com.google.android.apps.tv.launcherx=S:N-20
[2026/09/11 10:47:09] [    4.613313][  T322] mtk_and: line 1: animation%com.netflix.ninja=S:N-10
[2026/09/11 10:47:09] [    4.620057][  T322] mtk_and: line 2: Thread-17%com.amazon.amazonvideo.livingroom=S:R1
[2026/09/11 10:47:09] [    4.627927][  T322] mtk_and: line 3: Thread-18%com.amazon.amazonvideo.livingroom=S:R1
[2026/09/11 10:47:09] [    4.950982][  T121] mtu3 1c7a3e00.usb: s
[2026/09/11 10:47:09] susb clock enable
[2026/09/11 10:47:09] [    4.963042][  T121] mtu3 1c1b3e00.usb: ssusb clock enable
[2026/09/11 10:47:09] Info: get MI daemon priority before System Init: [-20]
[2026/09/11 10:47:09] [mi_daemon]!!!Enter MI daemon prcoess!! start time =5050
[2026/09/11 10:47:09] [mi_daemon][HASHKEY]{_Bin_Hashkey_Init,692} ----- START not bGingaSupported
[2026/09/11 10:47:09] [mi_daemon][HASHKEY]{_Bin_Hashkey_Init,697} ----- START
[2026/09/11 10:47:09] [mi_daemon][HASHKEY]{_getPathFromDataIndex,620} pszFilePath:/tclconfig/hardware/param/soc/dataIndex_00_WW_4K60_VbyOne.ini
[2026/09/11 10:47:09] Cannot get key 'HASHKEY:hashkey_file' in dataIndex file /tclconfig/hardware/param/soc/dataIndex_00_WW_4K60_VbyOne.ini
[2026/09/11 10:47:09] [IPAUTH][HASHKEY]{MApi_IPAUTH_Init_by_bin,580} (iBinSize:306)
[2026/09/11 10:47:09] [IPAUTH]{_IPAUTH_ReadDebugFile,308} ----- START
[2026/09/11 10:47:09] [IPAUTH]{_IPAUTH_ReadDebugFile,317} Debug file is not exist~(/data/vendor/ipauth_debug.txt)
[2026/09/11 10:47:09] [IPAUTH][HASHKEY]{MApi_IPAUTH_Init_by_bin,631} u16CustomerId:0x19
[2026/09/11 10:47:09] [IPAUTH][HASHKEY]{MApi_IPAUTH_Init_by_bin,693} u16HashkeyChipId:0x10D
[2026/09/11 10:47:09] [IPAUTH][HASHKEY]{_IPAUTH_HASHKEY_Verify,406} call HASHKEY_Verify()
[2026/09/11 10:47:09] [IPAUTH][HASH
[2026/09/11 10:47:09] KEY]{_IPAUTH_HASHKEY_Verify,408} HASHKEY_Verify() return 0
[2026/09/11 10:47:09] [IPAUTH][HASHKEY]{MApi_IPAUTH_Init_by_bin,750} set _u8_hashkey_verify_result=OK
[2026/09/11 10:47:09] [IPAUTH][HASHKEY]{_IPAUTH_HASHKEY_set_BinDataToKernel,503} (u32Para1:1, pu8BinBuf:0xFFDE00B0, u32BufSize:306)
[2026/09/11 10:47:09] [IPAUTH][HASHKEY]{_IPAUTH_HASHKEY_set_BinDataToKernel,523} cmd:0x8791, u32_para_1:0x1, u32BufSize_in:306
[2026/09/11 10:47:09] [mi_daemon]!!!Enter MI daemon flow time=5050!!
[2026/09/11 10:47:09] [mi_daemon]{_MI_SYS_Init,809} _MI_SYS_Init() ----- START
[2026/09/11 10:47:09] !!!MI daemon prcoess start! MI daemon cost time=159!!!
[2026/09/11 10:47:09] Info: get MI daemon priority after Module Init: [0]
[2026/09/11 10:47:10] [    5.964429][  T121] realtime_framework_init is invoked
[2026/09/11 10:47:10] [    5.969620][  T121] realtime_module_init [538], REALTIME_UID=2941
[2026/09/11 10:47:10] [    5.987697][  T408] tcl_vdf:
[2026/09/11 10:47:10] vdf_send_task run..
[2026/09/11 10:47:10] [    6.120242][  T414] [austin_demod_dd][demod_probe] name = [austin_demod]
[2026/09/11 10:47:10] [    6.129915][  T414] [demod_probe][120] austin_dev->client->addr = 0x79
[2026/09/11 10:47:10] [    6.137053][  T414] [austin_chk_exist][74] ret -121, --- 0 9 3 2
[2026/09/11 10:47:10] modprobe: alias lines in modules.alias must have 3 entries, not 5
[2026/09/11 10:47:10] modprobe: alias lines in modules.alias must have 3 entries, not 5
[2026/09/11 10:47:10] modprobe: alias lines in modules.alias must have 3 entries, not 4
[2026/09/11 10:47:10] modprobe: alias lines in modules.alias must have 3 entries, not 7
[2026/09/11 10:47:10] modprobe: alias lines in modules.alias must have 3 entries, not 5
[2026/09/11 10:47:10] modprobe: alias lines in modules.alias must have 3 entries, not 4[    6.176388][  T414] [mdbgin_merak_demod_dd][mtk_demod_custom_file_open][2503] __entry__
[2026/09/11 10:47:10] modprobe: alia[    6.186077][  T414] [mtk_demod_custom_file_open][2542] CUSTOM_EQ_TYPE7
[2026/09/11 10:47:10] s lines in modules.alias must have 3 entries, no[    6.196559][  T414] [mtk_demod_custom_file_open][2554] custom file open fail !
[2026/09/11 10:47:10] t 4
[2026/09/11 10:47:10] modprobe: a[    6.205064][  T414] 1ce00000.mtk-demod is already registered, pass it
[2026/09/11 10:47:10] lias lines in modules.alias must have 3 entries, not 6
[2026/09/11 10:47:10] modprobe: alias lines in modules.alias must have 3 entries, not 5
[2026/09/11 10:47:10] modprobe: alias lines in modules.alias must have 3 entries, not 5
[2026/09/11 10:47:10] modprobe: alias lines in modules.alias must have 3 entries, not 4
[2026/09/11 10:47:10] modprobe: alias lines in modules.alias must have 3 entries, not 5
[2026/09/11 10:47:10] modprobe: alias lines in modules.alias must have 3 entries, not 5
[2026/09/11 10:47:10] modprobe: alias lines in modules.alias must have 3 entries, not 5
[2026/09/11 10:47:10] modprobe: alias lines in modules.alias must have 3 entries, not 6
[2026/09/11 10:47:10] modprobe: alias lines in modules.alias must have 3 entries, not 5
[2026/09/11 10:47:10] modprobe: alias lines in modules.alias must have 3 entries, not 4
[2026/09/11 10:47:10] Loading module /vendor/lib/modules/spi-mtkdtv-ci.ko with args ''
[2026/09/11 10:47:10] Loaded kernel module /vendor/lib/modules/spi-mtkdtv-ci.ko
[2026/09/11 10:47:11] [    6.624169][  T412] drv_hwreg_srccap_hdmirx_attach b_attach = 1
[2026/09/11 10:47:11] [    6.624171][  T412] drv_hwreg_srccap_hdmirx_attach size = 1
[2026/09/11 10:47:11] [    6.630308][  T412] hal_hwreg_srccap_hdmirx_ops_array[0].hw_version = 6
[2026/09/11 10:47:11] [    6.645163][  T412] u32_addr_min = eb00
[2026/09/11 10:47:11] [    6.649086][  T412] u32_addr_max = ebf0
[2026/09/11 10:47:11] modprobe
[2026/09/11 10:47:11] : alias lines in modules.alias must have 3 entries, not 5
[2026/09/11 10:47:11] modprobe: alias lines in modules.alias must have 3 entries, not 5
[2026/09/11 10:47:11] modprobe: alias lines in modules.alias must have 3 entries, not 4
[2026/09/11 10:47:11] modprobe: alias lines in modules.alias must have 3 entries, not 7
[2026/09/11 10:47:11] modprobe: alias lines in modules.alias must have 3 entries, not 5
[2026/09/11 10:47:11] modprobe: alias lines in modules.alias must have 3 entries, not 4
[2026/09/11 10:47:11] modprobe: alias lines in modules.alias must have 3 entries, not 4
[2026/09/11 10:47:11] modprobe: alias lines in modules.alias must have 3 entries, not 6
[2026/09/11 10:47:11] modprobe: alias lines in modules.alias must have 3 entries, not 5
[2026/09/11 10:47:11] modprobe: alias lines in modules.alias must have 3 entries, not 5
[2026/09/11 10:47:11] modprobe: alias lines in modules.alias must have 3 entries, not 4
[2026/09/11 10:47:11] modprobe: alias lines in modules.alias must have 3 entries, not 5
[2026/09/11 10:47:11] modprobe: alias lines in modules.alias must have 3 entries, not 5
[2026/09/11 10:47:11] modprobe: alias lines in modules.alias must have 3 entries, not 5
[2026/09/11 10:47:11] modpro[    6.861741][  T121] kallsyms_lookup_name with kp ffffffc00822d4dc,ret=0
[2026/09/11 10:47:11] be: alias lines [    6.870018][  T121] stall_debug: chip id 0
[2026/09/11 10:47:11] in modules.alias must have 3 entries, not 6
[2026/09/11 10:47:11] modprobe: alias lines in modules.alias must have 3 [    6.883539][  T121] stall_debug: hook sysrq-c OK
[2026/09/11 10:47:11] entries, not 5
[2026/09/11 10:47:11] [    6.884792][  T163] current tty: ttyS0, irq: 22
[2026/09/11 10:47:11] modprobe: alias [    6.893681][  T121] stall_debug: alloc 1000 memory ok
[2026/09/11 10:47:11] lines in modules.alias must have 3 entries, not 4
[2026/09/11 10:47:11] Loading module /vendor/lib/modules/mtktv-regulator-mt5876.ko with args ''
[2026/09/11 10:47:11] Loaded kernel module /vendor/lib/modules/mtktv-regulator-mt5876.ko
[2026/09/11 10:47:11] Loading module /vendor/lib/mod[    6.918971][  T121] kallsyms_lookup_name with kp ffffffc00822d4dc,ret=0
[2026/09/11 10:47:11] ules/mtktv-thermal.ko with args ''
[2026/09/11 10:47:11] Loading module /vendor/lib/modules/mtktv-cpufreq-ca.ko with [    6.934030][  T482] stall_debug: rd_pid_max is 32768
[2026/09/11 10:47:11] args ''
[2026/09/11 10:47:11] Loaded [    6.940036][  T482] stall_debug: ptr_task_scs=ffffffc00d4ac000,size=40000
[2026/09/11 10:47:11] kernel module /vendor/lib/modules/mtktv-cpufreq-ca.ko
[2026/09/11 10:47:11] Loading module /vendor/lib/modules/mtktv-cpufreq.ko with args ''
[2026/09/11 10:47:11] Loaded kernel module /vendor/lib/modules/mtktv-cpufreq.ko
[2026/09/11 10:47:11] Loading module /vendor/lib/m[    6.964992][  T121] kallsyms_lookup_name with kp ffffffc00822d4dc,ret=0
[2026/09/11 10:47:11] odules/mtk-dramc.ko with args ''[    6.974559][  T121] die_helper: log_buf is from ffffffc00a8f0060,len 20000
[2026/09/11 10:47:11] Loading module /vendor/lib/modules/mtk-mediato[    6.985439][  T121] die_helper: log_buf pa is from 0x00000000288f0060,len 20000
[2026/09/11 10:47:11] r.ko with args ''
[2026/09/11 10:47:11] Loading module /vendor/lib/modules/cpu-freq-adapter.ko with args ''
[2026/09/11 10:47:11] Loaded kernel module /vendor/lib/modules/cpu-freq-adapter.ko
[2026/09/11 10:47:11] Loading module /vendor/lib/modules/mtktv-gpu-thermal.ko with args ''
[2026/09/11 10:47:11] Loaded kernel module /vendor/lib/modules/mtktv-gpu-thermal.ko
[2026/09/11 10:47:11] [    6.997834][  T163] current tty: ttyS0, irq: 22
[2026/09/11 10:47:11] [    7.033649][  T482] stall_debug: enable ip record by scs OK
[2026/09/11 10:47:12] [    8.233141][  T621] watchdog: watchdog0: watchdog di
[2026/09/11 10:47:12] d not stop!
[2026/09/11 10:47:13] [    9.093101][  T675] watchdog: watchdog0: watchdog did not stop!
[2026/09/11 10:47:13] CPU_AUDIO is running!
[2026/09/11 10:47:14] [9375528][_cpuAudio_ALSA_Driver_GetCardInfo][198]to open /proc/asound/cards
[2026/09/11 10:47:14] [9375788][_cpuAudio_ALSA_Driver_GetCardInfo][225]Available Sound Cards:[
[2026/09/11 10:47:14] 0 [mtktvsndcard   ]: mtk-tvsnd-card - mtk-tvsnd-card
[2026/09/11 10:47:14] MTK-TV-SOUND-ASOC-AUDIO-DRV
[2026/09/11 10:47:14] 1 [Loopback       ]: Loopback - Loopback
[2026/09/11 10:47:14] Loopback 1
[2026/09/11 10:47:14] 2 [mtkaloopsndcard]: mtkaloopsndcard - mtkaloopsndcard
[2026/09/11 10:47:14] mtkaloopsndcard 1
[2026/09/11 10:47:14] 3 [vocsndcard     ]: vocsndcard - vocsndcard
[2026/09/11 10:47:14] vocsndcard 1
[2026/09/11 10:47:14] ]
[2026/09/11 10:47:14] [9375837][_cpuAudio_ALSA_Driver_GetCardInfo][239]index of mtktvsndcard : 0
[2026/09/11 10:47:14] [9375846][_cpuAudio_ALSA_Driver_GetCardInfo][254]mtktvsndcard : /dev/snd/controlC0
[2026/09/11 10:47:14] [9375863][_cpuAudio_ALSA_Driver_GetCardInfo][273]close /proc/asound/cards done
[2026/09/11 10:47:14] [9375965][_cpuAudio_ALSA_Driver_GetKcontolId][400]pKControl:Utopia controls,fd:3,elist.count:40
[2026/09/11 10:47:14] [9375979][_cpuAudio_ALSA_Driver_GetKcontolId][403]MM RATE
[2026/09/11 10:47:14] [9375984][_cpuAudio_ALSA_Driver_GetKcontolId][403]MM GET PB BUF LEVEL
[2026/09/11 10:47:14] [9375990][_cpuAudio_ALSA_Driver_GetKcontolId][403]MM GET CAP BUF LEVEL
[2026/09/11 10:47:14] [9375995][_cpuAudio_ALSA_Driver_GetKcontolId][403]Duplex mm controls
[2026/09/11 10:47:14] [9376071][_cpuAudio_ALSA_Driver_GetKcontolId][403]Capture MUTE EVENT
[2026/09/11 10:47:14] [9376081][_cpuAudio_ALSA_Driver_GetKcontolId][403]Capture NONPCM EVENT
[2026/09/11 10:47:14] [9376087][_cpuAudio_ALSA_Driver_GetKcontolId][403]Capture NONPCM FLAG
[2026/09/11 10:47:14] [9376092][_cpuAudio_ALSA_Driver_GetKcontolId][403]Capture FASTLOCK MODE
[2026/09/11 10:47:14] [9376097][_cpuAudio_ALSA_Driver_GetKcontolId][403]Capture TIMESTAMP
[2026/09/11 10:47:14] [9376102][_cpuAudio_ALSA_Driver_GetKcontolId][403]Capture controls
[2026/09/11 10:47:14] [9376107][_cpuAudio_ALSA_Driver_GetKcontolId][403]DSP Reload
[2026/09/11 10:47:14] [9376112][_cpuAudio_ALSA_Driver_GetKcontolId][403]Utopia controls
[2026/09/11 10:47:14] [9376117][_cpuAudio_ALSA_Driver_GetKcontolId][407]got Kcontrol[Utopia controls] at id[12]
[2026/09/11 10:47:14] [9376144][cpuAudio_ALSA_Driver_Init][690]Audio memory size(0x2E57000) phyAudioBase(0x200000) busAudioBase(0x20200000)
[2026/09/11 10:47:14] [9376156][_cpuAudio_ALSA_Driver_InitPcmDevice][301]Opening PCM device node=0/2, period=11863/1024, format=2/48000/0
[2026/09/11 10:47:14] [9378938][cpuAudio_ALSA_Driver_Init][701]phyAudioBase(0x200000) => UserVirtualAddr(0xe7ae9000)
[2026/09/11 10:47:14] [9391065][cpuAudio_getInfo][562][1;35m cpuAudio[Info](thread-name:)(pid:0)(tid:0) [0m
[2026/09/11 10:47:14] [9391106][cpuAudio_getInfo][566][1;35m cpuAudio[decR2:0x2396,sndR2:0xd264][Version](0x20) [0m
[2026/09/11 10:47:14] [cpuAudio_postprocess_init][16] dec_base(e7ae9000) DEC_R2_SHM_DDR_OFFSET(0x1911000) snd_base(e8ca9000) SND_R2_SHM_DDR_OFFSET(0x753000) p_decR2_shm(0xe93fa000) p_sndR2_shm(0xe93fc000)
[2026/09/11 10:47:14] [1;35m [cpuAudioPostProcess_main][327]Enter while(1) loop. [0m
[2026/09/11 10:47:14] [cpuAudio_createPostprocessMonitorThread][370]armAudio_postprocessrMonitor_ver: 0xff20 thread created successfully
[2026/09/11 10:47:14] [    9.704805][  T761] [mzc] init done
[2026/09/11 10:47:15] [   10.633469][  T487] ir set boot status to 5.
[2026/09/11 10:47:15] [   10.924874][  T525] PowerHAL: [AT][AN][DC finish boot]
[2026/09/11 10:47:17] factory auto test loop start
[2026/09/11 10:47:17]  
[2026/09/11 10:47:44] UART
[2026/09/11 10:47:44] <.
[2026/09/11 10:47:44] AC_ON
[2026/09/11 10:47:44] HASH1_VERSION=0x00000000 64bit
[2026/09/11 10:47:44] E-A
[2026/09/11 10:47:44] [ETT_Main] Clock MPLL Init
[2026/09/11 10:47:44] [ETT_Main]MIU_ver 20260417-11996427-OneBin-V20.4-RefineWDTNew
[2026/09/11 10:47:44] [DRAMC] AC ON-0
[2026/09/11 10:47:44] [FAST_K]
[2026/09/11 10:47:44] [MOBF] Gen SW key
[2026/09/11 10:47:44] CH0 DramsizeFlag_CH0 DUMMY_REG = 0x1
[2026/09/11 10:47:44] dramc_channel0 restore dramsize_flag = 0x1
[2026/09/11 10:47:44] [FAST_K]
[2026/09/11 10:47:45] CH
[2026/09/11 10:47:45] 2 DramsizeFlag_CH2 DUMMY_REG = 0x0
[2026/09/11 10:47:45] dramc_channel2 restore dramsize_flag = 0x0
[2026/09/11 10:47:45] dispatch to 1 EMI 2 CH
[2026/09/11 10:47:45] MIUP set area: 3GB
[2026/09/11 10:47:45] EMI bist: [32mM0 pass[0m
[2026/09/11 10:47:45] EMI bist: [32mM2 pass[0m
[2026/09/11 10:47:45] fake engine: [32mpass[00000000][0m
[2026/09/11 10:47:45] fake engine: [32mpass[00000001][0m
[2026/09/11 10:47:45] u4dram_info=0x2406
[2026/09/11 10:47:45] TEELOADER_VERSION=0x00000000
[2026/09/11 10:47:45] optee teeloader entry
[2026/09/11 10:47:45] MultiOptee image detected, Model
[2026/09/11 10:47:45] ID=17B06E0B
[2026/09/11 10:47:45] Mu
[2026/09/11 10:47:45] ltiOptee image detected, ModelID=17B06E0B
[2026/09/11 10:47:45] CusConfig
[2026/09/11 10:47:45] ARMFW_VERSION=0x00000000
[2026/09/11 10:47:45] OPTEE_VERSION=0x00000000
[2026/09/11 10:47:45] OPTEECUST_VERSION=0x00000000
[2026/09/11 10:47:45] REELOADER_VERSION=0x00000000
[2026/09/11 10:47:45] ns_uboot_boot
[2026/09/11 10:47:45] NOTICE:  BL31: v2.4(debug):f102f7cc7
[2026/09/11 10:47:45] NOTICE:  BL31: Built : 20:53:08, Jul 17 2026
[2026/09/11 10:47:45] INFO:    BL31: Initializing runtime services
[2026/09/11 10:47:45] INFO:    BL31: Initializing BL32
[2026/09/11 10:47:45] [TEE] TRIAL BOOT: 0
[2026/09/11 10:47:45] [DynRamlog] wait for configuring by tee driver
[2026/09/11 10:47:45] INFO:    BL31: Preparing for EL3 exit to normal world
[2026/09/11 10:47:45] INFO:    Entry point address = 0x20100010
[2026/09/11 10:47:45] ree_entry
[2026/09/11 10:47:45] Check WDT....
[2026/09/11 10:47:45] UBOOT_VERSION=0x00000000
[2026/09/11 10:47:45] U-Boot2019.04-g23c3f665-dirty (Aug 23 2026 - 20:57:54 +0800)
[2026/09/11 10:47:45] Model: MediaTek MT5896 RFB
[2026/09/11 10:47:45] DRAM:  3 GiB
[2026/09/11 10:47:45] MMC:   mtk-mmc-fcie@1c660000: 0
[2026/09/11 10:47:45] Loading Environment from EXT4..
[2026/09/11 10:47:45] . OK
[2026/09/11 10:47:45] [0;31m[ERROR] get_data_s
[2026/09/11 10:47:46] eparation_info:254: [0m[data spr][start:1321][end:1330][total time:9]
[2026/09/11 10:47:46] [0;31m[ERROR] get_partition_info:394: [0mCan not find corresponding suffixed partition name:factory_preset_a !!!
[2026/09/11 10:47:46] [0;31m[ERROR] get_pid_from_preset_partition:1495: [0mError: sys_get_storage_info from factory_preset failure
[2026/09/11 10:47:46] [0;31m[ERROR] parse_tcl_ff
[2026/09/11 10:47:46] voice_lednum:1124: [0mdrive_item is not exist!
[2026/09/11 10:47:46] [0;31m[ERROR] parse_tcl_ffvoice_lednum:1144: [0muse default ffvoice lednum: 4!!!
[2026/09/11 10:47:46] [0;31m[ERROR] parse_tcl_led_stagespacetime:1019: [0mdrive_item is not exist!
[2026/09/11 10:47:46] [0;31m[ERROR] parse_tcl_led_stagespacetime:1039: [0muse default_ledstage: 0!!!
[2026/09/11 10:47:46] [0;31m[ERROR] parse_tcl_led_stagespacetime:1041: [0mset uenv led_stagespace : 0
[2026/09/11 10:47:46] device properties match:sid = "104"
[2026/09/11 10:47:46] [0;31m[ERROR] get_data_separation_info:270: [0mRead ini file success !
[2026/09/11 10:47:46] [0;31m[ERROR] To_parse_tcl_standby_qhb_support:234: [0mtcl_env_qhb = 0 or null or other,not support TCL  QHB
[2026/09/11 10:47:46] [0;31m[ERROR] dataindex_dtbo_overlay:644: [0m[DATAINDEX DTBO LOAD][start:1814][end:1902][total time:88]
[2026/09/11 10:47:46] Model: MediaTek MT5896 RFB
[2026/09/11 10:47:46] Net:
[2026/09/11 10:47:46] eth0: ethernet@1c700000
[2026/09/11 10:47:46] Booting(Working) pLedMode = LED_ON,pLightRate=80
[2026/09/11 10:47:46] slot:0 slot retry:0 a_corrupt:0 b_corrupt:0 successful:[1:0]
[2026/09/11 10:47:46] 00000000: 00 00 00 00 00 00 00 00 00 00 00 00 00 00 00 00    ................
[2026/09/11 10:47:46] 00000010: 00 00 00 00 00 00 00 00 00 00 00 00 00 00 00 00    ................
[2026/09/11 10:47:46] [0;31m[ERROR] get_boot_mode_from_partition:354: [0mdump  OK
[2026/09/11 10:47:46] androidboot boot reason = ac
[2026/09/11 10:47:46] Reboot reason == PM_BR_AC
[2026/09/11 10:47:46] upgrade status:done
[2026/09/11 10:47:46] [0;31m[ERROR] standby_mode_enter_standby:187: [0m[panic case]: no panic occur, normal deal
[2026/09/11 10:47:46] Normal booting mode!
[2026/09/11 10:47:46] [wei] mtk_panel_probe 991, PANEL LIB VER 5
[2026/09/11 10:47:46] [wei] BOOT_PNL_VERSION OLD
[2026/09/11 10:47:46] [0;31m[ERROR] standby_mode_enter_qhb:274: [0mThis PID   unsupport  TCL QHB !!!
[2026/09/11 10:47:46] [0;31m[ERROR] mtk_panel_init_device:998: [0m[BEFORE DEMURA][start:2140][end:2179][total time:39]
[2026/09/11 10:47:46] [0;31m[ERROR] mtk_panel_enable:1149: [0m
[2026/09/11 10:47:46] ---mtk_panel_enable:1149 Set mtk_panel_enable DelayTask 6
[2026/09/11 10:47:46] Hit any key to stop autoboot:  0
[2026/09/11 10:47:46] [0;31m[ERROR] do_check_upgrade_mode:216: [0mresolve path fail: /mnt/vendor/tvconfig/bsp/common/misc/upgrade_mode.ini
[2026/09/11 10:47:46] check_auto_update
[2026/09/11 10:47:46] seconds : 2
[2026/09/11 10:47:46] Ticking:
[2026/09/11 10:47:46] jpd_api: [ERR] _MA
[2026/09/11 10:47:46] pi_NJPD_Decoder_PrintError: data loss error!!
[2026/09/11 10:47:46] jpd_api: [ERR] _MApi_NJPD_Decoder_PrintError: bitstream error!!
[2026/09/11 10:47:46] [0;31m[ERROR] mtk_jpd_decode:361: [0mJPEG decode failed!!
[2026/09/11 10:47:47] [0;31m[ERROR] standby_mode_enter_standby:187: [0m[panic case]: no panic occur, normal deal
[2026/09/11 10:47:47] Normal booting mode!
[2026/09/11 10:47:47] [0;31m[ERROR] get_panel_pwm_duty_info:2644: [0mRead ini file to DRAM failure
[2026/09/11 10:47:47] [0;31m[ERROR] Check_TSR_PMIC_Version:229: [0mThis PID   unsupport   TSR IC !!!
[2026/09/11 10:47:47] [0;31m[ERROR] _mtk_pnl_cust_backlight_i2c_init:2672: [0mRead subnode (backlight_i2c_info) FAIL
[2026/09/11 10:47:47] kfault cur reboot mode: 0x0
[2026/09/11 10:47:47] kfault tcllog size: 0x4000000
[2026/09/11 10:47:47] kfault io buf 0x5bd50e30, size 0x400, pos 0x0, is_read 1, ret 0
[2026/09/11 10:47:47] kfault io buf 0x5be1f8f0, size 0x2000, pos 0x400, is_read 1, ret 0
[2026/09/11 10:47:47] kfault io buf 0x5bd65ea0, size 0x1000, pos 0x37ff000, is_read 1, ret 0
[2026/09/11 10:47:47] normal boot, just do tmp dump
[2026/09/11 10:47:47] MMC write: dev # 0, block # 1480696, count 8 ...
[2026/09/11 10:47:47] 8 blocks written: OK
[2026/09/11 10:47:47] kfault io buf 0x5bd65ea0, size 0x1000, pos 0x37ff000, is_read 0, ret 0
[2026/09/11 10:47:47] kfault_boot->log_num = 0
[2026/09/11 10:47:47] MMC write: dev # 0, block # 1366016, count 2 ... 2 blocks written: OK
[2026/09/11 10:47:47] kfault io buf 0x5bd50e30, size 0x400, pos 0x0, is_read 0, ret 0
[2026/09/11 10:47:47] [0;31m[ERROR] standby_mode_enter_standby:187: [0m[panic case]: no panic occur, normal deal
[2026/09/11 10:47:47] Normal booting mode!
[2026/09/11 10:47:47] upgradecheck - upgrade mode check command
[2026/09/11 10:47:47] Usage:
[2026/09/11 10:47:47] upgradecheck command: upgradecheck
[2026/09/11 10:47:47] retry_count: 0
[2026/09/11 10:47:47] ## Android Verified Boot 2.0 version 1.1.0
[2026/09/11 10:47:47] Disable Flash Update Mode
[2026/09/11 10:47:47] Verification passe
[2026/09/11 10:47:47] d successfully
[2026/09/11 10:47:47] Boot state is: Green !
[2026/09/11 10:47:47] Kernel load addr 0x26000000 size 41887 KiB
[2026/09/11 10:47:47] RAM disk load addr 0x01000000 size 2039 KiB
[2026/09/11 10:47:47] [0;31m[ERROR] bootargs_append:2318: [0mset cfg is androidboot.device_name=G08 androidboot.series=X androidboot.product=X11K androidboot.product_name=G08_4K_GB androidboot.client_type=TCL-EU-MT9653-S1 androidboot.model_name=Smart*TV*Pro androidboot.code_name=AU04 androidboot.ecid=22000000 androidboot.tcl_brand=TCL androidboot.manufacturer=TCL androidboot.oem_tag=EU androidboot.certify=unknown androidboot.extension=TCL_QDMINI_4K androidboot.extension_res=unknown androidboot.extension_db=unknown
[2026/09/11 10:47:47] [0;31m[ERROR] bootargs_append:2318: [0mset cfg is androidboot.pid=26624
[2026/09/11 10:47:47] device properties match:sid = "104"
[2026/09/11 10:47:47] [0;31m[ERROR] set_crashkernel_rsvmem:2278: [0mError: Read kdump file to Dram failed
[2026/09/11 10:47:47] do_tcl_crashkernel - tcl_crashkernel
[2026/09/11 10:47:47] Usage:
[2026/09/11 10:47:47] do_tcl_crashkernel command: set reserved memory for crashkernel
[2026/09/11 10:47:47] Loading Kernel Image ...
[2026/09/11 10:47:47] OK
[2026/09/11 10:47:48] Loading Ramdisk to 29f09000, end 2bdff751 ... OK
[2026/09/11 10:47:48] Loading Device Tree to 000000002c4e1000, end 000000002c5ff9bb ... OK
[2026/09/11 10:47:48] [0;31m[ERROR] dataindex_dtbo_overlay:644: [0m[DATAINDEX DTBO LOAD][start:3708][end:3824][total time:116]
[2026/09/11 10:47:48] [0;31m[ERROR] standby_mode_enter_qhb:274: [0mThis PID   unsupport  TCL QHB !!!
[2026/09/11 10:47:48] [AutoTest][mboot][start kernel][3889]
[2026/09/11 10:47:48] Starting kernel ...
[2026/09/11 10:47:48] kfault io buf 0x5bea3090, size 0x28, pos 0x400, is_read 1, ret 0
[2026/09/11 10:47:48] last status:0x0
[2026/09/11 10:47:48] MMC write: dev # 0, block # 1480632, count 7 ...
[2026/09/11 10:47:48] 7 blocks written: OK
[2026/09/11 10:47:48] MMC write: dev # 0, block # 1480639, count 1 ...
[2026/09/11 10:47:48] 1 blocks written: OK
[2026/09/11 10:47:48] kfault io buf 0x5be4e160, size 0xf27, pos 0x37f7000, is_read 0, ret 0
[2026/09/11 10:47:48] MMC write: dev # 0, block # 1366018, count 1 ...
[2026/09/11 10:47:48] 1 blocks written: OK
[2026/09/11 10:47:48] kfault io buf 0x5bd586f0, size 0x28, pos 0x400, is_read 0, ret 0
[2026/09/11 10:47:48] WARNING: Unimplem
[2026/09/11 10:47:48] ented Standard Service Call: 0x84000050
[2026/09/11 10:47:49] [    0.322683][    T1] clk_mt5896: we h
[2026/09/11 10:47:49] ave : PM
[2026/09/11 10:47:49] [    0.322706][    T1] clk_mt5896: we have : NONPM
[2026/09/11 10:47:49] [Ramlog] tee_config_dyn_ramlog_by_cookie is success
[2026/09/11 10:47:49] [    0.472490][    T1] [K][EFUSE]mtk_efuse_init() ----- START
[2026/09/11 10:47:49] [    0.478113][    T1] [K][EFUSE]mtk_efuse_init() ----> OK
[2026/09/11 10:47:49] [    0.490641][    T1] ir set ir_arm_en to 1.
[2026/09/11 10:47:49] [    0.494825][    T1] ir get boot status 2.
[2026/09/11 10:47:49] [    0.498879][    T1] ir set boot status to 3.
[2026/09/11 10:47:49] [    0.503149][    T1] ir get key 65535.
[2026/09/11 10:47:49] [    0.506843][    T1] mtk-ir 1c080000.ir_in: ir probe done.
[2026/09/11 10:47:49] [    0.518573][    T1] [0][0][0]
[2026/09/11 10:47:49] [    0.529399][    T1] add null memory dma_heap with name mtk_nullmem_1
[2026/09/11 10:47:49] [    0.535809][    T1]     range from 0x3000000 to 0x13000000
[2026/09/11 10:47:49] [    0.535809][    T1]
[2026/09/11 10:47:49] [    0.535809][    T1]
[2026/09/11 10:47:49] [    0.569592][    T1] we have : seal
[2026/09/11 10:47:49] [    0.655367][   T67] mtk_mci 1c660000.mtk-mmc-fcie: [ mtk_fcie_set_ios() Ln.4351 ]
[2026/09/11 10:47:49] [    0.662982][   T67] mtk_mci 1c660000.mtk-mmc-fcie: Ld HS400ES
[2026/09/11 10:47:49] [    0.668730][    T1] [Alg Debug] MApi_PQ_CLI_CFD_Init sucess!!
[2026/09/11 10:47:49] [    0.671127][   T67] mtk_mci 1c660000.mtk-mmc-fcie: eMMC: HS400 5.1 200MHz
[2026/09/11 10:47:49] [    0.681428][   T67] mtk_mci 1c660000.mtk-mmc-fcie: eMMC: HS400 5.1 200MHz
[2026/09/11 10:47:49] [    0.690752][    T1] lizw pp 1
[2026/09/11 10:47:49] [    0.701526][    T1]
[2026/09/11 10:47:49] ux_thread: uxthread_init done!
[2026/09/11 10:47:49] [    0.707122][    T1] tcl_action_monitor: kfault kernel timeout init
[2026/09/11 10:47:50] [    1.692651][  T123] tcl_action_monitor: kfault stop kernel init timeout
[2026/09/11 10:47:51] console:/ $
[2026/09/11 10:47:52] [0;32;31m [ramlog] tee_get_ramlog_config 586 [m
[2026/09/11 10:47:52] [ramlog] Chip ID: 27 f3 04 f5 fd 0b 95 c5 8d 04 00 00
[2026/09/11 10:47:52] [ramlog] TEE log is not enabled (I2C mode:1)
[2026/09/11 10:47:53] [    4.939743][  T32
[2026/09/11 10:47:53] 4] mtk_and: line 0: glide-disk-cach%com.google.android.apps.tv.launcherx=S:N-20
[2026/09/11 10:47:53] [    4.948931][  T324] mtk_and: line 1: animation%com.netflix.ninja=S:N-10
[2026/09/11 10:47:53] [    4.955710][  T324] mtk_and: line 2: Thread-17%com.amazon.amazonvideo.livingroom=S:R1
[2026/09/11 10:47:53] [    4.963635][  T324] mtk_and: line 3: Thread-18%com.amazon.amazonvideo.livingroom=S:R1
[2026/09/11 10:47:54] [    5.314714][  T123] mtu3 1c7a3e00.usb: ssusb clock enable
[2026/09/11 10:47:54] [    5.327452][  T123] mtu3 1c1b3e00.usb: ssusb clock enable
[2026/09/11 10:47:54] Info: get MI daemon priority before System Init: [-20]
[2026/09/11 10:47:54] [mi_daemon]!!!Enter MI daemon prcoess!! start time =5417
[2026/09/11 10:47:54] [mi_daemon][HASHKEY]{_Bin_Hashkey_Init,692} ----- START not bGingaSupported
[2026/09/11 10:47:54] [mi_daemon][HASHKEY]{_Bin_Hashkey_Init,697} ----- START
[2026/09/11 10:47:54] [mi_daemon][HASHKEY]{_getPathFromDataIndex,620} pszFilePath:/tclconfig/hardware/param/soc/dataIndex_00_WW_4K60_VbyOne.ini
[2026/09/11 10:47:54] Cannot get key 'HASHKEY:hashkey_file' in dataIndex file /tclconfig/hardware/param/soc/dataIndex_00_WW_4K60_VbyOne.ini
[2026/09/11 10:47:54] [IPAUTH][HASHKEY]{MApi_IPAUTH_Init_by_bin,580} (iBinSize:306)
[2026/09/11 10:47:54] [IPAUTH]{_IPAUTH_ReadDebugFile,308} ----- START
[2026/09/11 10:47:54] [IPAUTH]{_IPAUTH_ReadDebugFile,317} Debug file is not exist~(/data/vendor/ipauth_debug.txt)
[2026/09/11 10:47:54] [IPAUTH][HASHKEY]{MApi_IPAUTH_Init_by_bin,631} u16CustomerId:0x19
[2026/09/11 10:47:54] [IPAUTH][HASHKEY]{MApi_IPAUTH_Init_by_bin,693} u16HashkeyChipId:0x10D
[2026/09/11 10:47:54] [IPAUTH][HASHKEY]{_IPAUTH_HASHKEY_Verify,406} call HASHKEY_Verify()
[2026/09/11 10:47:54] [IPAUTH][HASHKEY]{_IPAUTH_HASHKEY_Verify,408} HASHKEY_Verify() return 0
[2026/09/11 10:47:54] [IPAUTH][HASHKEY]{MApi_IPAUTH_Init_by_bin,750} set _u8_hashkey_verify_result=OK
[2026/09/11 10:47:54] [IPAUTH][HASHKEY]{_IPAUTH_HASHKEY_set_BinDataToKernel,503} (u32Para1:1, pu8BinBuf:0xFFC440A0, u32BufSize:306)
[2026/09/11 10:47:54] [IPAUTH][HASHKEY]{_IPAUTH_HASHKEY_set_BinDataToKernel,523} cmd:0x8791, u32_para_1:0x1, u32BufSize_in:306
[2026/09/11 10:47:54] [mi_daemon]!!!Enter MI daemon flow time=5417!!
[2026/09/11 10:47:54] [mi_daemon]{_MI_SYS_Init,809} _MI_SYS_Init() ----- START
[2026/09/11 10:47:54] !!!MI daemon prcoess start! MI daemon cost time=161!!!
[2026/09/11 10:47:54] Info: get MI daemon priority after Module Init: [0]
[2026/09/11 10:47:55] [    6.544587][  T123] realtime_framework_init is invoked
[2026/09/11 10:47:55] [    6.550010][  T123] realtime_module_init [538], REALTIME_UID=2941
[2026/09/11 10:47:55] [    6.565741][  T407] tcl_vdf: vdf_send_task run..
[2026/09/11 10:47:55] [    6.691077][  T414] [austin_demod_dd][demod_probe] name = [austin_demod]
[2026/09/11 10:47:55] [    6.698012][  T414] [demod_probe][120] austin_dev->client->addr = 0x79
[2026/09/11 10:47:55] [    6.704885][  T414] [austin_chk_exist][74] ret -121, --- 0 9 3 2
[2026/09/11 10:47:55] [    6.729967][  T414] [mdbgin_merak_demod_dd][mtk_demod_custom_file_open][2503] __entry__
[2026/09/11 10:47:55] [    6.737999][  T414] [mtk_demod_custom_file_open][2542] CUSTOM_EQ_TYPE7
[2026/09/11 10:47:55] modprobe: alias [    6.738137][  T414] [mtk_demod_custom_file_open][2554] custom file open fail !
[2026/09/11 10:47:55] lines in modules[    6.753225][  T414] 1ce00000.mtk-demod is already registered, pass it
[2026/09/11 10:47:55] .alias must have 3 entries, not 5
[2026/09/11 10:47:55] modprobe: alias lines in modules.alias must have 3 entries, not 5
[2026/09/11 10:47:55] modprobe: alias lines in modules.alias must have 3 entries, not 4
[2026/09/11 10:47:55] modprobe: alias lines in modules.alias must have 3 entries, not 7
[2026/09/11 10:47:55] modprobe: alias lines in modules.alias must have 3 entries, not 5
[2026/09/11 10:47:55] modprobe: alias lines in modules.alias must have 3 entries, not 4
[2026/09/11 10:47:55] modprobe: alias lines in modules.alias must have 3 entries, not 4
[2026/09/11 10:47:55] modprobe: alias lines in modules.alias must have 3 entries, not 6
[2026/09/11 10:47:55] modprobe: alias lines in modules.alias must have 3 entries, not 5
[2026/09/11 10:47:55] modprobe: alias lines in modules.alias must have 3 entries, not 5
[2026/09/11 10:47:55] modprobe: alias lines in modules.alias must have 3 entries, not 4
[2026/09/11 10:47:55] modprobe: alias lines in modules.alias must have 3 entries, not 5
[2026/09/11 10:47:55] modprobe: alias lines in modules.alias must have 3 entries, not 5
[2026/09/11 10:47:55] modprobe: alias lines in modules.alias must have 3 entries, not 5
[2026/09/11 10:47:55] modprobe: alias lines in modules.alias must have 3 entries, not 6
[2026/09/11 10:47:55] modprobe: alias lines in modules.alias must have 3 entries, not 5
[2026/09/11 10:47:55] modprobe: alias lines in modules.alias must have 3 entries, not 4
[2026/09/11 10:47:55] Loading module /vendor/lib/modules/spi-mtkdtv-ci.ko with args ''
[2026/09/11 10:47:55] Loaded kernel module /vendor/lib/modules/spi-mtkdtv-ci.ko
[2026/09/11 10:47:56] [    7.16689
[2026/09/11 10:47:56] 0][  T412] drv_hwreg_srccap_hdmirx_attach b_attach = 1
[2026/09/11 10:47:56] [    7.166893][  T412] drv_hwreg_srccap_hdmirx_attach size = 1
[2026/09/11 10:47:56] [    7.172845][  T412] hal_hwreg_srccap_hdmirx_ops_array[0].hw_version = 6
[2026/09/11 10:47:56] [    7.187245][  T412] u32_addr_min = eb00
[2026/09/11 10:47:56] [    7.191191][  T412] u32_addr_max = ebf0
[2026/09/11 10:47:56] modprobe: alias lines in modules.alias
[2026/09/11 10:47:56] must have 3 entries, not 5
[2026/09/11 10:47:56] modprobe: alias lines in modules.alias must have 3 entries, not 5
[2026/09/11 10:47:56] modprobe: alias lines in modules.alias must have 3 entries, not 4
[2026/09/11 10:47:56] modprobe: alias lines in modules.alias must have 3 entries, not 7
[2026/09/11 10:47:56] modprobe: alias lines in modules.alias must have 3 entries, not 5
[2026/09/11 10:47:56] m[    7.505028][  T123] kallsyms_lookup_name with kp ffffffc00822d4dc,ret=0
[2026/09/11 10:47:56] odprobe: alias l[    7.513189][  T123] stall_debug: chip id 0
[2026/09/11 10:47:56] ines in modules.alias must have 3 entries, not 4[    7.521971][  T123] stall_debug: hook sysrq-c OK
[2026/09/11 10:47:56] modprobe: alia[    7.527393][  T162] current tty: ttyS0, irq: 22
[2026/09/11 10:47:56] s lines in modul[    7.533905][  T123] stall_debug: alloc 1000 memory ok
[2026/09/11 10:47:56] es.alias must have 3 entries, not 4
[2026/09/11 10:47:56] modprobe: alias lines in modules.alias must have 3 entries, not 6
[2026/09/11 10:47:56] modprobe: alias lines in modules.alias must have 3 entries, not 5
[2026/09/11 10:47:56] modprobe: alias lines in modules.alias must have 3 entries, not 5
[2026/09/11 10:47:56] modprobe: alias lines in modules.alias must have 3 entries, not 4
[2026/09/11 10:47:56] modprobe: alias lines in modules.alias must have 3 entries, not 5
[2026/09/11 10:47:56] modprobe: alias lines in modules.alias must [    7.575777][  T482] stall_debug: rd_pid_max is 32768
[2026/09/11 10:47:56] have 3 entries, [    7.581483][  T482] stall_debug: ptr_task_scs=ffffffc00d5e0000,size=40000
[2026/09/11 10:47:56] not 5
[2026/09/11 10:47:56] modprobe: alias lines in modules.alias must have 3 entries, not 5
[2026/09/11 10:47:56] modprobe: alias lines in modules.alias must have 3 entries, not 6
[2026/09/11 10:47:56] modprobe: alias lines in modules.alias must have 3 entries, not 5
[2026/09/11 10:47:56] modprobe: alias lines in modules.alias must have 3 entries, not 4
[2026/09/11 10:47:56] Loading module /vendor/lib/modules/mtktv-regulator-mt5876.ko with args ''
[2026/09/11 10:47:56] Loaded kernel module /vendor/lib/modules/mtktv-regulator-mt5876.ko
[2026/09/11 10:47:56] Loading module /vendor/lib/modules/mtktv-thermal.ko with args ''
[2026/09/11 10:47:56] Loading module /vendor/lib/modules/mtktv-cpufreq-ca.ko with args ''
[2026/09/11 10:47:56] Loaded kernel module /vendor/lib/modules/mtktv-cpufreq-ca.ko
[2026/09/11 10:47:56] Loading module /vendor/lib/modules/mtktv-cpufreq.ko with args ''
[2026/09/11 10:47:56] [    7.662
[2026/09/11 10:47:56] 925][  T123] kallsyms_lookup_name with kp ffffffc00822d4dc,ret=0
[2026/09/11 10:47:56] [    7.669680][  T482] stall_debug: enable ip record by scs OK
[2026/09/11 10:47:56] [    7.699318][  T123] kallsyms_lookup_name with kp ffffffc00822d4dc,ret=0
[2026/09/11 10:47:56] [    7.707640][  T123] die_helper: log_buf is from ffffffc00a8f0060,len 20000
[2026/09/11 10:47:56] [    7.714609][  T123] die_helper: log_buf pa is from 0x00000000288f0060,len 20000
[2026/09/11 10:47:56] [    7.722529][  T162] current tty: ttyS0, irq: 22
[2026/09/11 10:47:56] Loaded kernel module /vendor/lib/modules/mtktv-cpufreq.ko
[2026/09/11 10:47:56] Lo
[2026/09/11 10:47:56] ading module /vendor/lib/modules/mtk-dramc.ko with args ''
[2026/09/11 10:47:56] Loading module /vendor/lib/modules/mtk-mediator.ko with args ''
[2026/09/11 10:47:56] Loading module /vendor/lib/modules/cpu-freq-adapter.ko with args ''
[2026/09/11 10:47:56] Loaded kernel module /vendor/lib/modules/cpu-freq-adapter.ko
[2026/09/11 10:47:56] Loading module /vendor/lib/modules/mtktv-gpu-thermal.ko with args ''
[2026/09/11 10:47:56] Loaded kernel module /vendor/lib/modules/mtktv-gpu-thermal.ko
[2026/09/11 10:47:57] [    8.832644][  T622] watchdog: watchdog0: w
[2026/09/11 10:47:57] atchdog did not stop!
[2026/09/11 10:47:58] [    9.280644][  T662] watchdog: watchdog0:
[2026/09/11 10:47:58] watchdog did not stop!
[2026/09/11 10:47:58] CPU_AUDIO i
[2026/09/11 10:47:58] s running!
[2026/09/11 10:47:59] [9915017][_cpuAudio_ALSA_Driver_GetCardInfo][198]to open /proc/asound/cards
[2026/09/11 10:47:59] [9915257][_cpuAudio_ALSA_Driver_GetCardInfo][225]Available Sound Cards:[
[2026/09/11 10:47:59] 0 [mtktvsndcard   ]: mtk-tvsnd-card - mtk-tvsnd-card
[2026/09/11 10:47:59] MTK-TV-SOUND-ASOC-AUDIO-DRV
[2026/09/11 10:47:59] 1 [Loopback       ]: Loopback - Loopback
[2026/09/11 10:47:59] Loopback 1
[2026/09/11 10:47:59] 2 [mtkaloopsndcard]: mtkaloopsndcard - mtkaloopsndcard
[2026/09/11 10:47:59] mtkaloopsndcard 1
[2026/09/11 10:47:59] 3 [vocsndcard     ]: vocsndcard - vocsndcard
[2026/09/11 10:47:59] vocsndcard 1
[2026/09/11 10:47:59] ]
[2026/09/11 10:47:59] [9915300][_cpuAudio_ALSA_Driver_GetCardInfo][239]index of mtktvsndcard : 0
[2026/09/11 10:47:59] [9915308][_cpuAudio_ALSA_Driver_GetCardInfo][254]mtktvsndcard : /dev/snd/controlC0
[2026/09/11 10:47:59] [9915324][_cpuAudio_ALSA_Driver_GetCardInfo][273]close /proc/asound/cards done
[2026/09/11 10:47:59] [9915424][_cpuAudio_ALSA_Driver_GetKcontolId][400]pKControl:Utopia controls,fd:3,elist.count:40
[2026/09/11 10:47:59] [9915434][_cpuAudio_ALSA_Driver_GetKcontolId][403]MM RATE
[2026/09/11 10:47:59] [9915440][_cpuAudio_ALSA_Driver_GetKcontolId][403]MM GET PB BUF LEVEL
[2026/09/11 10:47:59] [9915445][_cpuAudio_ALSA_Driver_GetKcontolId][403]MM GET CAP BUF LEVEL
[2026/09/11 10:47:59] [9915450][_cpuAudio_ALSA_Driver_GetKcontolId][403]Duplex mm controls
[2026/09/11 10:47:59] [9915455][_cpuAudio_ALSA_Driver_GetKcontolId][403]Capture MUTE EVENT
[2026/09/11 10:47:59] [9915460][_cpuAudio_ALSA_Driver_GetKcontolId][403]Capture NONPCM EVENT
[2026/09/11 10:47:59] [9915465][_cpuAudio_ALSA_Driver_GetKcontolId][403]Capture NONPCM FLAG
[2026/09/11 10:47:59] [9915470][_cpuAudio_ALSA_Driver_GetKcontolId][403]Capture FASTLOCK MODE
[2026/09/11 10:47:59] [9915476][_cpuAudio_ALSA_Driver_GetKcontolId][403]Capture TIMESTAMP
[2026/09/11 10:47:59] [9915481][_cpuAudio_ALSA_Driver_GetKcontolId][403]Capture controls
[2026/09/11 10:47:59] [9915486][_cpuAudio_ALSA_Driver_GetKcontolId][403]DSP Reload
[2026/09/11 10:47:59] [9915491][_cpuAudio_ALSA_Driver_GetKcontolId][403]Utopia controls
[2026/09/11 10:47:59] [9915496][_cpuAudio_ALSA_Driver_GetKcontolId][407]got Kcontrol[Utopia controls] at id[12]
[2026/09/11 10:47:59] [9915521][cpuAudio_ALSA_Driver_Init][690]Audio memory size(0x2E57000) phyAudioBase(0x200000) busAudioBase(0x20200000)
[2026/09/11 10:47:59] [9915530][_cpuAudio_ALSA_Driver_InitPcmDevice][301]Opening PCM device node=0/2, period=11863/1024, format=2/48000/0
[2026/09/11 10:47:59] [9916216][cpuAudio_ALSA_Driver_Init][701]phyAudioBase(0x200000) => UserVirtualAddr(0xe9d29000)
[2026/09/11 10:47:59] [9926328][cpuAudio_getInfo][562][1;35m cpuAudio[Info](thread-name:)(pid:0)(tid:0) [0m
[2026/09/11 10:47:59] [9926605][cpuAudio_getInfo][566][1;35m cpuAudio[decR2:0x2396,sndR2:0xd264][Version](0x20) [0m
[2026/09/11 10:47:59] [cpuAudio_createPostprocessMonitorThread][370]armAudio_postprocessrMonitor_ver: 0xff20 thread created successfully
[2026/09/11 10:47:59] [cpuAudio_postprocess_init][16] dec_base(e9d29000) DEC_R2_SHM_DDR_OFFSET(0x1911000) snd_base(eaee9000) SND_R2_SHM_DDR_OFFSET(0x753000) p_decR2_shm(0xeb63a000) p_sndR2_shm(0xeb63c000)
[2026/09/11 10:47:59] [1;35m [cpuAudioPostProcess_main][327]Enter while(1) loop. [0m
[2026/09/11 10:47:59] [   10.207118][  T755] [mzc] init done
[2026/09/11 10:47:59] [   10.781512][  T486] ir set boot status to 5.
[2026/09/11 10:48:00] [   11.168942][  T521] PowerHAL: [AT][AN][DC finish boot]
[2026/09/11 10:48:02] factory auto test loop start
[2026/09/11 10:48:02]  
[2026/09/11 10:48:09] 发送(hex): aa061001a7ef
[2026/09/11 10:48:09] «
[2026/09/11 10:48:09] ßN
[2026/09/11 10:48:10] 发送(hex): aa06110194de
[2026/09/11 10:48:11] «
[2026/09/11 10:48:11] ßN
[2026/09/11 10:48:31] 发送(hex): aa06840063e1
[2026/09/11 10:48:31] «
[2026/09/11 10:48:31] ßN«i ç¢
[2026/09/11 10:48:34] UART
[2026/09/11 10:48:34] <.
[2026/09/11 10:48:34] AC_ON
[2026/09/11 10:48:34] HASH1_VERSION=0x00000000 64bit
[2026/09/11 10:48:34] E-A
[2026/09/11 10:48:34] [ETT_Main] Cloc
[2026/09/11 10:48:34] k MPLL Init
[2026/09/11 10:48:34] [ETT_Main]MIU_ver 20260417-11996427-OneBin-V20.4-RefineWDTNew
[2026/09/11 10:48:34] [DRAMC] AC ON-0
[2026/09/11 10:48:34] [FAST_K]
[2026/09/11 10:48:34] [MOBF] Gen SW key
[2026/09/11 10:48:34] CH0 DramsizeFlag_CH0 DUMMY_REG = 0x1
[2026/09/11 10:48:34] dramc_channel0 restore dramsize_flag = 0x1
[2026/09/11 10:48:34] [FAST_K]
[2026/09/11 10:48:35] CH2 DramsizeFlag_CH2 DUMMY_REG = 0x0
[2026/09/11 10:48:35] dramc_channel2 restore dramsize_flag = 0x0
[2026/09/11 10:48:35] dispatch to 1 EMI 2 CH
[2026/09/11 10:48:35] MIUP set area: 3GB
[2026/09/11 10:48:35] EMI bist: [32mM0 pass[0m
[2026/09/11 10:48:35] EMI bist: [32mM2 pass[0m
[2026/09/11 10:48:35] fake engine: [32mpass[00000000][0m
[2026/09/11 10:48:35] fake engine: [32mpass[00000001][0m
[2026/09/11 10:48:35] u4dram_info=0x2406
[2026/09/11 10:48:35] TEELOADER_VERSION=0x00000000
[2026/09/11 10:48:35] optee teeloader entry
[2026/09/11 10:48:35] MultiOptee image detected, Mode
[2026/09/11 10:48:35] lID=17B06E0B
[2026/09/11 10:48:35] M
[2026/09/11 10:48:35] ultiOptee image detected, ModelID=17B06E0B
[2026/09/11 10:48:35] CusConfig
[2026/09/11 10:48:35] ARMFW_VERSION=0x00000000
[2026/09/11 10:48:35] OPTEE_VERSION=0x00000000
[2026/09/11 10:48:35] OPTEECUST_VERSION=0x00000000
[2026/09/11 10:48:35] REELOADER_VERSION=0x00000000
[2026/09/11 10:48:35] ns_uboot_boot
[2026/09/11 10:48:35] NOTICE:  BL31: v2.4(debug):f102f7cc7
[2026/09/11 10:48:35] NOTICE:  BL31: Built : 20:53:08, Jul 17 2026
[2026/09/11 10:48:35] INFO:    BL31: Initializing runtime services
[2026/09/11 10:48:35] INFO:    BL31: Initializing BL32
[2026/09/11 10:48:35] [TEE] TRIAL BOOT: 0
[2026/09/11 10:48:35] [DynRamlog] wait for configuring by tee driver
[2026/09/11 10:48:35] INFO:    BL31: Preparing for EL3 exit to normal world
[2026/09/11 10:48:35] INFO:    Entry point address = 0x20100010
[2026/09/11 10:48:35] ree_entry
[2026/09/11 10:48:35] Check WDT....
[2026/09/11 10:48:35] UBOOT_VERSION=0x00000000
[2026/09/11 10:48:35] U-Boot2019.04-g23c3f665-dirty (Aug 23 2026 - 20:57:54 +0800)
[2026/09/11 10:48:35] Model: MediaTek MT5896 RFB
[2026/09/11 10:48:35] DRAM:  3 GiB
[2026/09/11 10:48:35] MMC:   mtk-mmc-fcie@1c660000: 0
[2026/09/11 10:48:35] Loading Environment fr
[2026/09/11 10:48:35] om EXT4... OK
[2026/09/11 10:48:35] [0;31m[ERROR] g
[2026/09/11 10:48:35] et_data_separation_info:254: [0m[data spr][start:1300][end:1308][total time:8]
[2026/09/11 10:48:35] [0;31m[ERROR] get_partition_info:394: [0mCan not find corresponding suffixed partition name:factory_preset_a !!!
[2026/09/11 10:48:35] [0;31m[ERROR] get_pid_from_preset_partition:1495: [0mError: sys_get_storage_info from factory_preset failure
[2026/09/11 10:48:36] [0;31m[ERROR] parse_tcl_ffv
[2026/09/11 10:48:36] oice_lednum:1124: [0mdrive_item is not exist!
[2026/09/11 10:48:36] [0;31m[ERROR] parse_tcl_ffvoice_lednum:1144: [0muse default ffvoice lednum: 4!!!
[2026/09/11 10:48:36] [0;31m[ERROR] parse_tcl_led_stagespacetime:1019: [0mdrive_item is not exist!
[2026/09/11 10:48:36] [0;31m[ERROR] parse_tcl_led_stagespacetime:1039: [0muse default_ledstage: 0!!!
[2026/09/11 10:48:36] [0;31m[ERROR] parse_tcl_led_stagespacetime:1041: [0mset uenv led_stagespace : 0
[2026/09/11 10:48:36] device properties match:sid = "105"
[2026/09/11 10:48:36] [0;31m[ERROR] get_data_separation_info:270: [0mRead ini file success !
[2026/09/11 10:48:36] [0;31m[ERROR] To_parse_tcl_standby_qhb_support:234: [0mtcl_env_qhb = 0 or null or other,not support TCL  QHB
[2026/09/11 10:48:36] [0;31m[ERROR] dataindex_dtbo_overlay:644: [0m[DATAINDEX DTBO LOAD][start:1791][end:1880][total time:89]
[2026/09/11 10:48:36] Model: MediaTek MT5896 RFB
[2026/09/11 10:48:36] Net:
[2026/09/11 10:48:36] eth0: ethernet@1c700000
[2026/09/11 10:48:36] Booting(Working) pLedMode = LED_ON,pLightRate=80
[2026/09/11 10:48:36] slot:0 slot retry:0 a_corrupt:0 b_corrupt:0 successful:[1:0]
[2026/09/11 10:48:36] 00000000: 00 00 00 00 00 00 00 00 00 00 00 00 00 00 00 00    ................
[2026/09/11 10:48:36] 00000010: 00 00 00 00 00 00 00 00 00 00 00 00 00 00 00 00    ................
[2026/09/11 10:48:36] [0;31m[ERROR] get_boot_mode_from_partition:354: [0mdump  OK
[2026/09/11 10:48:36] androidboot boot reason = ac
[2026/09/11 10:48:36] Reboot reason == PM_BR_AC
[2026/09/11 10:48:36] upgrade status:done
[2026/09/11 10:48:36] [0;31m[ERROR] standby_mode_enter_standby:187: [0m[panic case]: no panic occur, normal deal
[2026/09/11 10:48:36] Normal booting mode!
[2026/09/11 10:48:36] [wei] mtk_panel_probe 991, PANEL LIB VER 5
[2026/09/11 10:48:36] [wei] BOOT_PNL_VERSION OLD
[2026/09/11 10:48:36] [0;31m[ERROR] standby_mode_enter_qhb:274: [0mThis PID   unsupport  TCL QHB !!!
[2026/09/11 10:48:36] [0;31m[ERROR] mtk_panel_init_device:998: [0m[BEFORE DEMURA][start:2117][end:2156][total time:39]
[2026/09/11 10:48:36] [0;31m[ERROR] mtk_panel_enable:1149: [0m
[2026/09/11 10:48:36] ---mtk_panel_enable:1149 Set mtk_panel_enable DelayTask 7
[2026/09/11 10:48:36] Hit any key to stop autoboot:  0
[2026/09/11 10:48:36] [0;31m[ERROR] do_check_upgrade_mode:216: [0mresolve path fail: /mnt/vendor/tvconfig/bsp/common/misc/upgrade_mode.ini
[2026/09/11 10:48:36] check_auto_update
[2026/09/11 10:48:36] seconds : 2
[2026/09/11 10:48:36] Ticking:
[2026/09/11 10:48:36] jpd_api: [ERR] _MApi_NJP
[2026/09/11 10:48:36] D_Decoder_PrintError: data loss error!!
[2026/09/11 10:48:36] jpd_api: [ERR] _MApi_NJPD_Decoder_PrintError: bitstream error!!
[2026/09/11 10:48:36] [0;31m[ERROR] mtk_jpd_decode:361: [0mJPEG decode failed!!
[2026/09/11 10:48:36] [0;31m[ERROR] standby_mode_enter_standby:187: [0m[panic case]: no panic occur, normal deal
[2026/09/11 10:48:36] Normal booting mode!
[2026/09/11 10:48:37] [0;31m[ERROR] get_panel_pwm_duty_info:2644: [0mRead ini file to DRAM failure
[2026/09/11 10:48:37] [0;31m[ERROR] Check_TSR_PMIC_Version:229: [0mThis PID   unsupport   TSR IC !!!
[2026/09/11 10:48:37] [0;31m[ERROR] _mtk_pnl_cust_backlight_i2c_init:2672: [0mRead subnode (backlight_i2c_info) FAIL
[2026/09/11 10:48:37] kfault cur reboot mode: 0x0
[2026/09/11 10:48:37] kfault tcllog size: 0x4000000
[2026/09/11 10:48:37] kfault io buf 0x5be22d40, size 0x400, pos 0x0, is_read 1, ret 0
[2026/09/11 10:48:37] kfault io buf 0x5be23150, size 0x2000, pos 0x400, is_read 1, ret 0
[2026/09/11 10:48:37] kfault io buf 0x5bd65ea0, size 0x1000, pos 0x37ff000, is_read 1, ret 0
[2026/09/11 10:48:37] normal boot, just do tmp dump
[2026/09/11 10:48:37] MMC write: dev # 0, block # 1480696, count 8 ...
[2026/09/11 10:48:37] 8 blocks written: OK
[2026/09/11 10:48:37] kfault io buf 0x5bd65ea0, size 0x1000, pos 0x37ff000, is_read 0, ret 0
[2026/09/11 10:48:37] kfault_boot->log_num = 0
[2026/09/11 10:48:37] MMC write: dev # 0, block # 1366016, count 2 ... 2 blocks written: OK
[2026/09/11 10:48:37] kfault io buf 0x5be22d40, size 0x400, pos 0x0, is_read 0, ret 0
[2026/09/11 10:48:37] [0;31m[ERROR] standby_mode_enter_standby:187: [0m[panic case]: no panic occur, normal deal
[2026/09/11 10:48:37] Normal booting mode!
[2026/09/11 10:48:37] upgradecheck - upgrade mode check command
[2026/09/11 10:48:37] Usage:
[2026/09/11 10:48:37] upgradecheck command: upgradecheck
[2026/09/11 10:48:37] retry_count: 0
[2026/09/11 10:48:37] ## Android Verified Boot 2.0 version 1.1.0
[2026/09/11 10:48:37] Disable Flash Update Mode
[2026/09/11 10:48:37] Verification passed successfully
[2026/09/11 10:48:37] Boot state is: Green !
[2026/09/11 10:48:37] Kernel load addr 0x26000000 size 41887 KiB
[2026/09/11 10:48:37] RAM disk load addr 0x01000000 size 2039 KiB
[2026/09/11 10:48:37] [0;31m[ERROR] bootargs_append:2318: [0mset cfg is androidboot.device_name=G08 androidboot.series=X androidboot.product=C6K androidboot.product_name=G08_4K_GB androidboot.client_type=TCL-AP-MT9653-S1 androidboot.model_name=Smart*TV*Pro androidboot.code_name=AU04 androidboot.ecid=21000000 androidboot.tcl_brand=TCL androidboot.manufacturer=TCL androidboot.oem_tag=AP androidboot.certify=unknown androidboot.extension=TCL_QDMINI_4K androidboot.extension_res=unknown androidboot.extension_db=unknown
[2026/09/11 10:48:37] [0;31m[ERROR] bootargs_append:2318: [0mset cfg is androidboot.pid=26880
[2026/09/11 10:48:37] device properties match:sid = "105"
[2026/09/11 10:48:37] [0;31m[ERROR] set_crashkernel_rsvmem:2278: [0mError: Read kdump file to Dram failed
[2026/09/11 10:48:37] do_tcl_crashkernel - tcl_crashkernel
[2026/09/11 10:48:37] Usage:
[2026/09/11 10:48:37] do_tcl_crashkernel command: set reserved memory for crashkernel
[2026/09/11 10:48:37] Loading Kernel Image ... OK
[2026/09/11 10:48:37] Loading Ramdisk to 29f09000, end 2bdff751 ... OK
[2026/09/11 10:48:37] Loading Device Tree to 000000002c4e1000, end 000000002c5ff9bb ... OK
[2026/09/11 10:48:38] [0;31m[ERROR] dataindex_dtbo_overlay:644: [0m[DATAINDEX DTBO LOAD][start:3643][end:3760][total time:117]
[2026/09/11 10:48:38] [0;31m[ERROR] standby_mode_enter_qhb:274: [0mThis PID   unsupport  TCL QHB !!!
[2026/09/11 10:48:38] [AutoTest][mboot][start kernel][3825]
[2026/09/11 10:48:38] Starting kernel ...
[2026/09/11 10:48:38] kfault io buf 0x5beaa110, size 0x28, pos 0x400, is_read 1, ret 0
[2026/09/11 10:48:38] last status:0x0
[2026/09/11 10:48:38] MMC write: dev # 0, block # 1480632, count 7 ...
[2026/09/11 10:48:38] 7 blocks written: OK
[2026/09/11 10:48:38] MMC write: dev # 0, block # 1480639, count 1 ...
[2026/09/11 10:48:38] 1 blocks written: OK
[2026/09/11 10:48:38] kfault io buf 0x5be51230, size 0xf26, pos 0x37f7000, is_read 0, ret 0
[2026/09/11 10:48:38] MMC write: dev # 0, block # 1366018, count 1 ...
[2026/09/11 10:48:38] 1 blocks written: OK
[2026/09/11 10:48:38] kfault io buf 0x5bd55050, size 0x28, pos 0x400, is_read 0, ret 0
[2026/09/11 10:48:38] WARNING: Unimp
[2026/09/11 10:48:38] lemented Standard Service Call: 0x84000050
[2026/09/11 10:48:39] [    0.322467][    T1] clk_mt5896: w
[2026/09/11 10:48:39] e have : PM
[2026/09/11 10:48:39] [    0.322490][    T1] clk_mt5896: we have : NONPM
[2026/09/11 10:48:39] [Ramlog] tee_config_dyn_ramlog_by_cookie is success
[2026/09/11 10:48:39] [    0.472536][    T1] [K][EFUSE]mtk_efuse_init() ----- START
[2026/09/11 10:48:39] [    0.478195][    T1] [K][EFUSE]mtk_efuse_init() ----> OK
[2026/09/11 10:48:39] [    0.490664][    T1] ir set ir_arm_en to 1.
[2026/09/11 10:48:39] [    0.494880][    T1] ir get boot status 2.
[2026/09/11 10:48:39] [    0.498908][    T1] ir set boot status to 3.
[2026/09/11 10:48:39] [    0.503234][    T1] ir get key 65535.
[2026/09/11 10:48:39] [    0.506904][    T1] mtk-ir 1c080000.ir_in: ir probe done.
[2026/09/11 10:48:39] [    0.518671][    T1] [0][0][0]
[2026/09/11 10:48:39] [    0.529565][    T1] add null memory dma_heap with name mtk_nullmem_1
[2026/09/11 10:48:39] [    0.535931][    T1]     range from 0x3000000 to 0x13000000
[2026/09/11 10:48:39] [    0.535931][    T1]
[2026/09/11 10:48:39] [    0.535931][    T1]
[2026/09/11 10:48:39] [    0.569681][    T1] we have : seal
[2026/09/11 10:48:39] [    0.655483][   T67] mtk_mci 1c660000.mtk-mmc-fcie: [ mtk_fcie_set_ios() Ln.4351 ]
[2026/09/11 10:48:39] [    0.663092][   T67] mtk_mci 1c660000.mtk-mmc-fcie: Ld HS400ES
[2026/09/11 10:48:39] [    0.668838][    T1] [Alg Debug] MApi_PQ_CLI_CFD_Init sucess!!
[2026/09/11 10:48:39] [    0.677032][   T67] mtk_mci 1c660000.mtk-mmc-fcie: eMMC: HS400 5.1 200MHz
[2026/09/11 10:48:39] [    0.684144][   T67] mtk_mci 1c660000.mtk-mmc-fcie: eMMC: HS400 5.1 200MHz
[2026/09/11 10:48:39] [    0.684494][    T1] lizw pp 1
[2026/09/11 10:48:39] [    0.701989][    T1] ux_thread: uxthread_init done!
[2026/09/11 10:48:39] [    0.707603][    T1] tcl_action_monitor: kfault kernel timeout init
[2026/09/11 10:48:40] [    1.682898][  T120] tcl_action_mo
[2026/09/11 10:48:40] nitor: kfault stop kernel init timeout
[2026/09/11 10:48:41] console:/ $
[2026/09/11 10:48:42] [0;32;31m [ramlog] tee_get_ramlog_config 586 [m
[2026/09/11 10:48:42] [ramlog] Chip ID: 27 f3 04 f5 fd 0b 95 c5 8d 04 00 00
[2026/09/11 10:48:42] [ramlog] TEE log is not enabled (I2C mode:1)
[2026/09/11 10:48:43] [    5.000948][  T322] mtk_and: line 0: glide-disk-cach%com.google.android.apps.tv.launcherx=S:N-20
[2026/09/11 10:48:43] [    5.009795][  T322] mtk_and: line 1: animation%com.netflix.ninja=S:N-10
[2026/09/11 10:48:43] [    5.016803][  T322] mtk_and: line 2: Thread-17%com.amazon.amazonvideo.livingroom=S:R1
[2026/09/11 10:48:43] [    5.024822][  T322] mtk_and: line 3: Thread-18%com.amazon.amazonvideo.livingroom=S:R1
[2026/09/11 10:48:44] [    5.368323][  T120] mtu3 1c7a3e00.usb: ssusb clock enable
[2026/09/11 10:48:44] [    5.382559][  T120] mtu3 1c1b3e00.usb: ssusb clock enable
[2026/09/11 10:48:44] Info: get MI daemon priority before System Init: [-20]
[2026/09/11 10:48:44] [mi_daemon]!!!Enter MI daemon prcoess!! start time =5455
[2026/09/11 10:48:44] [mi_daemon][HASHKEY]{_Bin_Hashkey_Init,692} ----- START not bGingaSupported
[2026/09/11 10:48:44] [mi_daemon][HASHKEY]{_Bin_Hashkey_Init,697} ----- START
[2026/09/11 10:48:44] [mi_daemon][HASHKEY]{_getPathFromDataIndex,620} pszFilePath:/tclconfig/hardware/param/soc/dataIndex_00_WW_4K60_VbyOne.ini
[2026/09/11 10:48:44] Cannot get key 'HASHKEY:hashkey_file' in dataIndex file /tclconfig/hardware/param/soc/dataIndex_00_WW_4K60_VbyOne.ini
[2026/09/11 10:48:44] [IPAUTH][HASHKEY]{MApi_IPAUTH_Init_by_bin,580} (iBinSize:306)
[2026/09/11 10:48:44] [IPAUTH]{_IPAUTH_ReadDebugFile,308} ----- START
[2026/09/11 10:48:44] [IPAUTH]{_IPAUTH_ReadDebugFile,317} Debug file is not exist~(/data/vendor/ipauth_debug.txt)
[2026/09/11 10:48:44] [IPAUTH][HASHKEY]{MApi_IPAUTH_Init_by_bin,631} u16CustomerId:0x19
[2026/09/11 10:48:44] [IPAUTH][HASHKEY]{MApi_IPAUTH_Init_by_bin,693} u16HashkeyChipId:0x10D
[2026/09/11 10:48:44] [IPAUTH][HASHKEY]{_IPAUTH_HASHKEY_Verify,406} call HASHKEY_Verify()
[2026/09/11 10:48:44] [IPAUTH][HASHKEY]{_IPAUTH_HASHKEY_Verify,408} HASHKEY_Verify() return 0
[2026/09/11 10:48:44] [IPAUTH][HASHKEY]{MApi_IPAUTH_Init_by_bin,750} set _u8_hashkey_verify_result=OK
[2026/09/11 10:48:44] [IPAUTH][HASHKEY]{_IPAUTH_HASHKEY_set_BinDataToKernel,503} (u32Para1:1, pu8BinBuf:0xFFDA4300, u32BufSize:306)
[2026/09/11 10:48:44] [IPAUTH][HASHKEY]{_IPAUTH_HASHKEY_set_BinDataToKernel,523} cmd:0x8791, u32_para_1:0x1, u32BufSize_in:306
[2026/09/11 10:48:44] [mi_daemon]!!!Enter MI daemon flow time=5455!!
[2026/09/11 10:48:44] [mi_daemon]{_MI_SYS_Init,809} _MI_SYS_Init() ----- START
[2026/09/11 10:48:44] !!!MI daemon prcoess start! MI daemon cost time=281!!!
[2026/09/11 10:48:44] Info: get MI daemon priority after Module Init: [0]
[2026/09/11 10:48:45] [    6.475446][  T120] realtime_framework_init is i
[2026/09/11 10:48:45] nvoked
[2026/09/11 10:48:45] [    6.480650][  T120] realtime_module_init [538], REALTIME_UID=2941
[2026/09/11 10:48:45] [    6.496550][  T406] tcl_vdf: vdf_send_task run..
[2026/09/11 10:48:45] modprobe: alias lines in modules.alias must have 3 entries, not 5
[2026/09/11 10:48:45] modprobe: alias lines in modules.alias must have 3 entries, not 5
[2026/09/11 10:48:45] modprobe: alias lines in modules.alias must have 3 entries, not 4
[2026/09/11 10:48:45] modprobe: alias lines in modules.alias must have 3 entries, not 7
[2026/09/11 10:48:45] modprobe: alias lines in modules.alias must have 3 entries, not 5
[2026/09/11 10:48:45] modprobe: alias lines in modules.alias must have 3 entries, not 4
[2026/09/11 10:48:45] modprobe: alias lines in modules.alias must have 3 entries, not 4
[2026/09/11 10:48:45] modprobe: alias lines in modules.alias must have 3 entries, not 6
[2026/09/11 10:48:45] modprobe: alias lines in modules.alias must have 3 entries, not 5
[2026/09/11 10:48:45] modprobe: alias lines in modules.alias must have 3 entries, not 5
[2026/09/11 10:48:45] modprobe: alias lines in modules.alias must have 3 entries, not 4
[2026/09/11 10:48:45] modprobe: alias lines in modules.alias must have 3 entries, not 5
[2026/09/11 10:48:45] modprobe: alias lines in modules.alias must have 3 entries, not 5
[2026/09/11 10:48:45] modprobe: alias lines in modules.alias must have 3 entries, not 5
[2026/09/11 10:48:45] modprobe: alias lines in modules.alias must have 3 entries, not 6
[2026/09/11 10:48:45] modprobe: alias lines in modules.alias must have 3 entries, not 5
[2026/09/11 10:48:45] modprobe: alias lines in modules.alias must have 3 entries, not 4
[2026/09/11 10:48:45] Loading module /vendor/lib/modules/spi-mtkdtv-ci.ko with args ''
[2026/09/11 10:48:45] Loaded kernel module /vendor/lib/modules/spi-mtkdtv-ci.ko
[2026/09/11 10:48:45] [    6.826285][  T412] [austin_demod_dd][demod_probe] name = [austin_demod]
[2026/09/11 10:48:45] [    6.833041][  T412] [demod_probe][120] austin_dev->client->addr = 0x79
[2026/09/11 10:48:45] [    6.839764][  T412] [austin_chk_exist][74] ret -121, --- 0 9 3 2
[2026/09/11 10:48:45] [    6.890459][  T412] [mdbgin_merak_demod_dd][mtk_demod_custom_file_open][2503] __entry__
[2026/09/11 10:48:45] [    6.898498][  T412] [mtk_demod_custom_file_open][2542] CUSTOM_EQ_TYPE7
[2026/09/11 10:48:45] [    6.905220][  T412] [mtk_demod_custom_file_open][2554] custom file open fail !
[2026/09/11 10:48:45] [    6.912458][  T412] 1ce00000.mtk-demod is already registered, pass it
[2026/09/11 10:48:46] [    7.612094][  T410] drv_hwreg_srccap_hdmirx_attach b_attach = 1
[2026/09/11 10:48:46] [    7.618238][  T410] drv_hwreg_srccap_hdmirx_attach size = 1
[2026/09/11 10:48:46] [    7.625712][  T410] hal_hwreg_srccap_hdmirx_ops_array[0].hw_version = 6
[2026/09/11 10:48:46] [    7.634775][  T410] u32_addr_min = eb00
[2026/09/11 10:48:46] [    7.638675][  T410] u32_addr_max = ebf0
[2026/09/11 10:48:46] modprobe: alias lines in modules.alias mu
[2026/09/11 10:48:46] st have 3 entries, not 5
[2026/09/11 10:48:46] modprobe: alias lines in modules.alias must have 3 entries, not 5
[2026/09/11 10:48:46] modprobe: alias lines in modules.alias must have 3 entries, not 4
[2026/09/11 10:48:46] modprobe: alias lines in modules.alias must have 3 entries, not 7
[2026/09/11 10:48:46] modprobe: alias lines in modules.alias must have 3 entries, not 5
[2026/09/11 10:48:46] modprobe: alias lines in modules.alias must have 3 entries, not 4
[2026/09/11 10:48:46] modprobe: alias lines in modules.alias must have 3 entries, not 4
[2026/09/11 10:48:46] modprobe: a[    7.884762][  T120] kallsyms_lookup_name with kp ffffffc00822d4dc,ret=0
[2026/09/11 10:48:46] lias lines in mo[    7.892686][  T120] stall_debug: chip id 0
[2026/09/11 10:48:46] dules.alias must[    7.898888][  T120] stall_debug: hook sysrq-c OK
[2026/09/11 10:48:46] have 3 entries,[    7.904232][  T162] current tty: ttyS0, irq: 22
[2026/09/11 10:48:46] not 6
[2026/09/11 10:48:46] modprobe[    7.904649][  T120] stall_debug: alloc 1000 memory ok
[2026/09/11 10:48:46] : alias lines in modules.alias must have 3 entries, not 5
[2026/09/11 10:48:46] modprobe: alias lines in modules.alias must have 3 entries, not 5
[2026/09/11 10:48:46] modprobe: alias lines in modules.alias must have 3 entries, not 4
[2026/09/11 10:48:46] modprobe: alias lines in modules.alias must hav[    7.936271][  T120] kallsyms_lookup_name with kp ffffffc00822d4dc,ret=0
[2026/09/11 10:48:46] e 3 entries, not 5
[2026/09/11 10:48:46] modprobe: alias lines in modules.alias must have 3 entries, not 5
[2026/09/11 10:48:46] modprobe: alias lines in modules.alias mu[    7.953678][  T489] stall_debug: rd_pid_max is 32768
[2026/09/11 10:48:46] st have 3 entrie[    7.959959][  T489] stall_debug: ptr_task_scs=ffffffc00d715000,size=40000
[2026/09/11 10:48:46] s, not 5
[2026/09/11 10:48:46] modprobe: alias lines in modules.alias must have 3 ent[    7.973346][  T120] kallsyms_lookup_name with kp ffffffc00822d4dc,ret=0
[2026/09/11 10:48:46] ries, not 6
[2026/09/11 10:48:46] modprobe: alias lin[    7.981823][  T120] die_helper: log_buf is from ffffffc00a8f0060,len 20000
[2026/09/11 10:48:46] es in modules.alias must have 3 [    7.991868][  T120] die_helper: log_buf pa is from 0x00000000288f0060,len 20000
[2026/09/11 10:48:46] entries, not 5
[2026/09/11 10:48:46] modprobe: alias lines in modules.alias must have 3 entries, not [    8.002830][  T162] current tty: ttyS0, irq: 22
[2026/09/11 10:48:46] 4
[2026/09/11 10:48:46] Loading module /vendor/lib/modules/mtktv-regulator-mt5876.ko with args ''
[2026/09/11 10:48:46] Loaded kernel module /vendor/lib/modules/mtktv-regulator-mt5876.ko
[2026/09/11 10:48:46] Loading module /vendor/lib/modules/mtktv-thermal.ko with args ''
[2026/09/11 10:48:46] Loading module /vendor/lib/modules/mtktv-cpufreq-ca.ko with args ''
[2026/09/11 10:48:46] Loaded kernel module /vendor/lib/modules/mtktv-cpufreq-ca.ko
[2026/09/11 10:48:46] Loading module /vendor/lib/modules/mtktv-cpufreq.ko with args ''
[2026/09/11 10:48:46] Loaded kernel module /vendor/lib/modules/mtktv-cpufreq.ko
[2026/09/11 10:48:46] Loading module /vendor/lib/modules/mtk-dramc.ko with args ''
[2026/09/11 10:48:46] Loading module /vendor/lib/modules/mtk-mediator.ko with args ''
[2026/09/11 10:48:46] Loading module /vendor/lib/modules/cpu-freq-adapter.ko with args ''
[2026/09/11 10:48:46] Loaded k[    8.069355][  T489] stall_debug: enable ip record by scs OK
[2026/09/11 10:48:46] ernel module /vendor/lib/modules/cpu-freq-adapter.ko
[2026/09/11 10:48:46] Loading module /vendor/lib/modules/mtktv-gpu-thermal.ko with args ''
[2026/09/11 10:48:46] Loaded kernel module /vendor/lib/modules/mtktv-gpu-thermal.ko
[2026/09/11 10:48:48] [    9.292092][  T620] watchdog: watchdog0: watchdog did not stop!
[2026/09/11 10:48:48] [    9.484253][  T662] watchdog: watchdog0: watchdog did
[2026/09/11 10:48:48] not stop!
[2026/09/11 10:48:48] CPU_AUDIO is running!
[2026/09/11 10:48:49] [10186269][_cpuAudio_ALSA_Driver_GetCardInfo][198]to open /pr
[2026/09/11 10:48:49] oc/asound/cards
[2026/09/11 10:48:49] [10186529][_cpuAudio_ALSA_Driver_GetCardInfo][225]Available Sound Cards:[
[2026/09/11 10:48:49] 0 [mtktvsndcard   ]: mtk-tvsnd-card - mtk-tvsnd-card
[2026/09/11 10:48:49] MTK-TV-SOUND-ASOC-AUDIO-DRV
[2026/09/11 10:48:49] 1 [Loopback       ]: Loopback - Loopback
[2026/09/11 10:48:49] Loopback 1
[2026/09/11 10:48:49] 2 [mtkaloopsndcard]: mtkaloopsndcard - mtkaloopsndcard
[2026/09/11 10:48:49] mtkaloopsndcard 1
[2026/09/11 10:48:49] 3 [vocsndcard     ]: vocsndcard - vocsndcard
[2026/09/11 10:48:49] vocsndcard 1
[2026/09/11 10:48:49] ]
[2026/09/11 10:48:49] [10186573][_cpuAudio_ALSA_Driver_GetCardInfo][239]index of mtktvsndcard : 0
[2026/09/11 10:48:49] [10186581][_cpuAudio_ALSA_Driver_GetCardInfo][254]mtktvsndcard : /dev/snd/controlC0
[2026/09/11 10:48:49] [10186600][_cpuAudio_ALSA_Driver_GetCardInfo][273]close /proc/asound/cards done
[2026/09/11 10:48:49] [10186677][_cpuAudio_ALSA_Driver_GetKcontolId][400]pKControl:Utopia controls,fd:3,elist.count:40
[2026/09/11 10:48:49] [10186685][_cpuAudio_ALSA_Driver_GetKcontolId][403]MM RATE
[2026/09/11 10:48:49] [10186691][_cpuAudio_ALSA_Driver_GetKcontolId][403]MM GET PB BUF LEVEL
[2026/09/11 10:48:49] [10186696][_cpuAudio_ALSA_Driver_GetKcontolId][403]MM GET CAP BUF LEVEL
[2026/09/11 10:48:49] [10186701][_cpuAudio_ALSA_Driver_GetKcontolId][403]Duplex mm controls
[2026/09/11 10:48:49] [10186706][_cpuAudio_ALSA_Driver_GetKcontolId][403]Capture MUTE EVENT
[2026/09/11 10:48:49] [10186711][_cpuAudio_ALSA_Driver_GetKcontolId][403]Capture NONPCM EVENT
[2026/09/11 10:48:49] [10186716][_cpuAudio_ALSA_Driver_GetKcontolId][403]Capture NONPCM FLAG
[2026/09/11 10:48:49] [10186721][_cpuAudio_ALSA_Driver_GetKcontolId][403]Capture FASTLOCK MODE
[2026/09/11 10:48:49] [10186726][_cpuAudio_ALSA_Driver_GetKcontolId][403]Capture TIMESTAMP
[2026/09/11 10:48:49] [10186731][_cpuAudio_ALSA_Driver_GetKcontolId][403]Capture controls
[2026/09/11 10:48:49] [10186736][_cpuAudio_ALSA_Driver_GetKcontolId][403]DSP Reload
[2026/09/11 10:48:49] [10186741][_cpuAudio_ALSA_Driver_GetKcontolId][403]Utopia controls
[2026/09/11 10:48:49] [10186747][_cpuAudio_ALSA_Driver_GetKcontolId][407]got Kcontrol[Utopia controls] at id[12]
[2026/09/11 10:48:49] [10186771][cpuAudio_ALSA_Driver_Init][690]Audio memory size(0x2E57000) phyAudioBase(0x200000) busAudioBase(0x20200000)
[2026/09/11 10:48:49] [10186780][_cpuAudio_ALSA_Driver_InitPcmDevice][301]Opening PCM device node=0/2, period=11863/1024, format=2/48000/0
[2026/09/11 10:48:49] [10187359][cpuAudio_ALSA_Driver_Init][701]phyAudioBase(0x200000) => UserVirtualAddr(0xe7f69000)
[2026/09/11 10:48:49] [10198076][cpuAudio_getInfo][562][1;35m cpuAudio[Info](thread-name:)(pid:0)(tid:0) [0m
[2026/09/11 10:48:49] [10198121][cpuAudio_getInfo][566][1;35m cpuAudio[decR2:0x2396,sndR2:0xd264][Version](0x20) [0m
[2026/09/11 10:48:49] [cpuAudio_createPostprocessMonitorThread][370]armAudio_postprocessrMonitor_ver: 0xff20 thread created successfully
[2026/09/11 10:48:49] [cpuAudio_postprocess_init][16] dec_base(e7f69000) DEC_R2_SHM_DDR_OFFSET(0x1911000) snd_base(e9129000) SND_R2_S[   10.407116][  T753] [mzc] init done
[2026/09/11 10:48:49] HM_DDR_OFFSET(0x753000) p_decR2_shm(0xe987a000) p_sndR2_shm(0xe987c000)
[2026/09/11 10:48:49] [1;35m [cpuAudioPostProcess_main][327]Enter while(1) loop. [0m
[2026/09/11 10:48:50] [   11.593380][  T473] ir set boot status to 5.
[2026/09/11 10:48:50] [   12.061538][  T527] PowerHAL: [AT][AN][DC
[2026/09/11 10:48:50] finish boot]
[2026/09/11 10:48:52] factory auto test loop start
[2026/09/11 10:48:52]  
[2026/09/11 10:49:03] 发送(hex): 0d
[2026/09/11 10:49:03] 发送(hex): 20
[2026/09/11 10:49:03] 发送(hex): 03
[2026/09/11 10:49:03] 发送(hex): 0d
[2026/09/11 10:49:03] 发送(hex): 20
[2026/09/11 10:49:03] 发送(hex): 03
[2026/09/11 10:49:03] 发送(hex): 0d
[2026/09/11 10:49:03] 发送(hex): 20
[2026/09/11 10:49:03] 发送(hex): 03
[2026/09/11 10:49:03] 发送(hex): 0d
[2026/09/11 10:49:03] 发送(hex): 20
[2026/09/11 10:49:03] 发送(hex): 03
[2026/09/11 10:49:03] 发送(hex): 0d
[2026/09/11 10:49:03] 发送(hex): 20
[2026/09/11 10:49:03] 发送(hex): 03
[2026/09/11 10:49:03] 发送(hex): 0d
[2026/09/11 10:49:03] 发送(hex): 20
[2026/09/11 10:49:03] 发送(hex): 03
[2026/09/11 10:49:03] 发送(hex): 0d
[2026/09/11 10:49:03] 发送(hex): 20
[2026/09/11 10:49:03] 发送(hex): 03
[2026/09/11 10:49:03] 发送(hex): 0d
[2026/09/11 10:49:03] 发送(hex): 20
[2026/09/11 10:49:03] 发送(hex): 03
[2026/09/11 10:49:03] 发送(hex): 0d
[2026/09/11 10:49:03] 发送(hex): 20
[2026/09/11 10:49:03] 发送(hex): 03
[2026/09/11 10:49:03] 发送(hex): 0d
[2026/09/11 10:49:03] 发送(hex): 20
[2026/09/11 10:49:03] 发送(hex): 03
[2026/09/11 10:49:03] 发送(hex): 0d
[2026/09/11 10:49:03] 发送(hex): 20
[2026/09/11 10:49:03] 发送(hex): 03
[2026/09/11 10:49:03] 发送(hex): 0d
[2026/09/11 10:49:03] 发送(hex): 20
[2026/09/11 10:49:03] 发送(hex): 03
[2026/09/11 10:49:03] 发送(hex): 0d
[2026/09/11 10:49:03] 发送(hex): 20
[2026/09/11 10:49:03] 发送(hex): 03
[2026/09/11 10:49:03] 发送(hex): 0d
[2026/09/11 10:49:03] 发送(hex): 20
[2026/09/11 10:49:03] 发送(hex): 03
[2026/09/11 10:49:03] 发送(hex): 0d
[2026/09/11 10:49:03] UART
[2026/09/11 10:49:03] <.
[2026/09/11 10:49:03] AC_ON
[2026/09/11 10:49:03] 发送(hex): 20
[2026/09/11 10:49:03] 发送(hex): 03
[2026/09/11 10:49:03] 发送(hex): 0d
[2026/09/11 10:49:03] 发送(hex): 20
[2026/09/11 10:49:03] 发送(hex): 03
[2026/09/11 10:49:03] 发送(hex): 0d
[2026/09/11 10:49:03] 发送(hex): 20
[2026/09/11 10:49:03] 发送(hex): 03
[2026/09/11 10:49:03] 发送(hex): 0d
[2026/09/11 10:49:03] 发送(hex): 20
[2026/09/11 10:49:03] 发送(hex): 03
[2026/09/11 10:49:03] 发送(hex): 0d
[2026/09/11 10:49:03] 发送(hex): 20
[2026/09/11 10:49:03] HASH1_VERSION=0x00000000 64bit
[2026/09/11 10:49:03] E-A
[2026/09/11 10:49:03] 发送(hex): 03
[2026/09/11 10:49:03] 发送(hex): 0d
[2026/09/11 10:49:03] 发送(hex): 20
[2026/09/11 10:49:03] 发送(hex): 03
[2026/09/11 10:49:03] [ETT_Main] Clock MPLL Init
[2026/09/11 10:49:03] [ETT_Main]MIU_ver 20260417-11996427-OneBin-V20.4-RefineWDTNew
[2026/09/11 10:49:03] [DRAMC] AC ON-0
[2026/09/11 10:49:03] [FAST_K]
[2026/09/11 10:49:03] [MOBF] Gen SW key
[2026/09/11 10:49:03] 发送(hex): 0d
[2026/09/11 10:49:03] 发送(hex): 20
[2026/09/11 10:49:03] 发送(hex): 03
[2026/09/11 10:49:03] 发送(hex): 0d
[2026/09/11 10:49:03] CH0 DramsizeFlag_CH0 DUMMY_REG = 0x1
[2026/09/11 10:49:03] dramc_channel0 restore dramsize_flag = 0x1
[2026/09/11 10:49:03] [FAST_K]
[2026/09/11 10:49:03] 发送(hex): 20
[2026/09/11 10:49:03] 发送(hex): 03
[2026/09/11 10:49:03] 发送(hex): 0d
[2026/09/11 10:49:04] 发送(hex): 20
[2026/09/11 10:49:04] 发送(hex): 03
[2026/09/11 10:49:04] 发送(hex): 0d
[2026/09/11 10:49:04] 发送(hex): 20
[2026/09/11 10:49:04] 发送(hex): 03
[2026/09/11 10:49:04] CH2 DramsizeFlag_CH2 DUMMY_REG = 0x0
[2026/09/11 10:49:04] dramc_channel2 restore dramsize_flag = 0x0
[2026/09/11 10:49:04] dispatch to 1 EMI 2 CH
[2026/09/11 10:49:04] MIUP set area: 3GB
[2026/09/11 10:49:04] EMI bist: [32mM0 pass[0m
[2026/09/11 10:49:04] EMI bist: [32mM2 pass[0m
[2026/09/11 10:49:04] fake engine: [32mpass[00000000][0m
[2026/09/11 10:49:04] fake engine: [32mpass[00000001][0m
[2026/09/11 10:49:04] u4dram_info=0x2406
[2026/09/11 10:49:04] TEELOADER_VERSION=0x00000000
[2026/09/11 10:49:04] 发送(hex): 0d
[2026/09/11 10:49:04] optee teeloader entry
[2026/09/11 10:49:04] MultiOptee image detec
[2026/09/11 10:49:04] 发送(hex): 20
[2026/09/11 10:49:04] 发送(hex): 03
[2026/09/11 10:49:04] ted, ModelID=17B06E0B
[2026/09/11 10:49:04] 发送(hex): 0d
[2026/09/11 10:49:04] MultiOptee image detected, ModelID=17B06E0B
[2026/09/11 10:49:04] 发送(hex): 20
[2026/09/11 10:49:04] 发送(hex): 03
[2026/09/11 10:49:04] 发送(hex): 0d
[2026/09/11 10:49:04] 发送(hex): 20
[2026/09/11 10:49:04] 发送(hex): 03
[2026/09/11 10:49:04] CusConfig
[2026/09/11 10:49:04] 发送(hex): 0d
[2026/09/11 10:49:04] 发送(hex): 20
[2026/09/11 10:49:04] ARMFW_VERSION=0x00000000
[2026/09/11 10:49:04] OPTEE_VERSION=0x00000000
[2026/09/11 10:49:04] OPTEECUST_VERSION=0x00000000
[2026/09/11 10:49:04] REELOADER_VERSION=0x00000000
[2026/09/11 10:49:04] 发送(hex): 03
[2026/09/11 10:49:04] 发送(hex): 0d
[2026/09/11 10:49:04] 发送(hex): 20
[2026/09/11 10:49:04] 发送(hex): 03
[2026/09/11 10:49:04] ns_uboot_boot
[2026/09/11 10:49:04] NOTICE:  BL31: v2.4(debug):f102f7cc7
[2026/09/11 10:49:04] NOTICE:  BL31: Built : 20:53:08, Jul 17 2026
[2026/09/11 10:49:04] INFO:    BL31: Initializing runtime services
[2026/09/11 10:49:04] INFO:    BL31: Initializing BL32
[2026/09/11 10:49:04] [TEE] TRIAL BOOT: 0
[2026/09/11 10:49:04] 发送(hex): 0d
[2026/09/11 10:49:04] 发送(hex): 20
[2026/09/11 10:49:04] 发送(hex): 03
[2026/09/11 10:49:04] 发送(hex): 0d
[2026/09/11 10:49:04] 发送(hex): 20
[2026/09/11 10:49:04] 发送(hex): 03
[2026/09/11 10:49:04] [DynRamlog] wait for configuring by tee driver
[2026/09/11 10:49:04] 发送(hex): 0d
[2026/09/11 10:49:04] 发送(hex): 20
[2026/09/11 10:49:04] INFO:    BL31: Preparing for EL3 exit to normal world
[2026/09/11 10:49:04] INFO:    Entry point address = 0x20100010
[2026/09/11 10:49:04] ree_entry
[2026/09/11 10:49:04] Check WDT....
[2026/09/11 10:49:04] UBOOT_VERSION=0x00000000
[2026/09/11 10:49:04] 发送(hex): 03
[2026/09/11 10:49:04] 发送(hex): 0d
[2026/09/11 10:49:04] 发送(hex): 20
[2026/09/11 10:49:04] 发送(hex): 03
[2026/09/11 10:49:04] 发送(hex): 0d
[2026/09/11 10:49:04] 发送(hex): 20
[2026/09/11 10:49:04] 发送(hex): 03
[2026/09/11 10:49:04] 发送(hex): 0d
[2026/09/11 10:49:04] 发送(hex): 20
[2026/09/11 10:49:04] 发送(hex): 03
[2026/09/11 10:49:04] 发送(hex): 0d
[2026/09/11 10:49:04] 发送(hex): 20
[2026/09/11 10:49:04] 发送(hex): 03
[2026/09/11 10:49:04] 发送(hex): 0d
[2026/09/11 10:49:04] 发送(hex): 20
[2026/09/11 10:49:04] 发送(hex): 03
[2026/09/11 10:49:04] 发送(hex): 0d
[2026/09/11 10:49:04] 发送(hex): 20
[2026/09/11 10:49:04] 发送(hex): 03
[2026/09/11 10:49:04] 发送(hex): 0d
[2026/09/11 10:49:04] 发送(hex): 20
[2026/09/11 10:49:04] 发送(hex): 03
[2026/09/11 10:49:04] 发送(hex): 0d
[2026/09/11 10:49:04] 发送(hex): 20
[2026/09/11 10:49:04] 发送(hex): 03
[2026/09/11 10:49:04] 发送(hex): 0d
[2026/09/11 10:49:04] 发送(hex): 20
[2026/09/11 10:49:04] U-Boot2019.04-g23c3f665-dirty (Aug 23 2026 - 20:57:54 +0800)
[2026/09/11 10:49:04] Model: MediaTek MT5896 RFB
[2026/09/11 10:49:04] DRAM:  3 GiB
[2026/09/11 10:49:04] 发送(hex): 03
[2026/09/11 10:49:04] 发送(hex): 0d
[2026/09/11 10:49:04] 发送(hex): 20
[2026/09/11 10:49:04] 发送(hex): 03
[2026/09/11 10:49:04] 发送(hex): 0d
[2026/09/11 10:49:04] 发送(hex): 20
[2026/09/11 10:49:04] 发送(hex): 03
[2026/09/11 10:49:04] 发送(hex): 0d
[2026/09/11 10:49:04] 发送(hex): 20
[2026/09/11 10:49:04] 发送(hex): 03
[2026/09/11 10:49:04] 发送(hex): 0d
[2026/09/11 10:49:04] 发送(hex): 20
[2026/09/11 10:49:04] 发送(hex): 03
[2026/09/11 10:49:04] MMC:   mtk-mmc-fcie@1c660000: 0
[2026/09/11 10:49:04] 发送(hex): 0d
[2026/09/11 10:49:04] 发送(hex): 20
[2026/09/11 10:49:04] 发送(hex): 03
[2026/09/11 10:49:04] 发送(hex): 0d
[2026/09/11 10:49:04] 发送(hex): 20
[2026/09/11 10:49:04] 发送(hex): 03
[2026/09/11 10:49:04] 发送(hex): 0d
[2026/09/11 10:49:04] 发送(hex): 20
[2026/09/11 10:49:04] Loading Environment from EXT4...
[2026/09/11 10:49:04] 发送(hex): 03
[2026/09/11 10:49:04] OK
[2026/09/11 10:49:04] 发送(hex): 0d
[2026/09/11 10:49:04] 发送(hex): 20
[2026/09/11 10:49:04] 发送(hex): 03
[2026/09/11 10:49:04] 发送(hex): 0d
[2026/09/11 10:49:04] 发送(hex): 20
[2026/09/11 10:49:04] 发送(hex): 03
[2026/09/11 10:49:04] 发送(hex): 0d
[2026/09/11 10:49:04] 发送(hex): 20
[2026/09/11 10:49:04] 发送(hex): 03
[2026/09/11 10:49:04] 发送(hex): 0d
[2026/09/11 10:49:04] 发送(hex): 20
[2026/09/11 10:49:04] [0;31m[ERROR] get_data_se
[2026/09/11 10:49:04] 发送(hex): 03
[2026/09/11 10:49:04] 发送(hex): 0d
[2026/09/11 10:49:04] 发送(hex): 20
[2026/09/11 10:49:04] paration_info:254: [0m[data spr][start:1302][end:1311][total time:9]
[2026/09/11 10:49:04] [0;31m[ERROR] get_partition_info:394: [0mCan not find corresponding suffixed partition name:factory_preset_a !!!
[2026/09/11 10:49:04] [0;31m[ERROR] get_pid_from_preset_partition:1495: [0mError: sys_get_storage_info from factory_preset failure
[2026/09/11 10:49:04] 发送(hex): 03
[2026/09/11 10:49:04] 发送(hex): 0d
[2026/09/11 10:49:05] 发送(hex): 20
[2026/09/11 10:49:05] 发送(hex): 03
[2026/09/11 10:49:05] 发送(hex): 0d
[2026/09/11 10:49:05] 发送(hex): 20
[2026/09/11 10:49:05] 发送(hex): 03
[2026/09/11 10:49:05] 发送(hex): 0d
[2026/09/11 10:49:05] 发送(hex): 20
[2026/09/11 10:49:05] 发送(hex): 03
[2026/09/11 10:49:05] [
[2026/09/11 10:49:05] 发送(hex): 0d
[2026/09/11 10:49:05] 发送(hex): 20
[2026/09/11 10:49:05] 发送(hex): 03
[2026/09/11 10:49:05] 0;31m[ERROR] parse_tcl_ffvoice_lednum:1124: [0mdrive_item is not exist!
[2026/09/11 10:49:05] [0;31m[ERROR] parse_tcl_ffvoice_lednum:1144: [0muse default ffvoice lednum: 4!!!
[2026/09/11 10:49:05] 发送(hex): 0d
[2026/09/11 10:49:05] 发送(hex): 20
[2026/09/11 10:49:05] 发送(hex): 03
[2026/09/11 10:49:05] 发送(hex): 0d
[2026/09/11 10:49:05] 发送(hex): 20
[2026/09/11 10:49:05] [0;31m[ERROR] parse_tcl_led_stagespacetime:1019: [0mdrive_item is not exist!
[2026/09/11 10:49:05] [0;31m[ERROR] parse_tcl_led_stagespacetime:1039: [0muse default_ledstage: 0!!!
[2026/09/11 10:49:05] [0;31m[ERROR] parse_tcl_led_stagespacetime:1041: [0mset uenv led_stagespace : 0
[2026/09/11 10:49:05] 发送(hex): 03
[2026/09/11 10:49:05] device properties match:sid = "105"
[2026/09/11 10:49:05] 发送(hex): 0d
[2026/09/11 10:49:05] 发送(hex): 20
[2026/09/11 10:49:05] 发送(hex): 03
[2026/09/11 10:49:05] 发送(hex): 0d
[2026/09/11 10:49:05] 发送(hex): 20
[2026/09/11 10:49:05] 发送(hex): 03
[2026/09/11 10:49:05] [0;31m[ERROR] get_data_separation_info:270: [0mRead ini file success !
[2026/09/11 10:49:05] 发送(hex): 0d
[2026/09/11 10:49:05] 发送(hex): 20
[2026/09/11 10:49:05] 发送(hex): 03
[2026/09/11 10:49:05] [0;31m[ERROR] To_parse_tcl_standby_qhb_support:234: [0mtcl_env_qhb = 0 or null or other,not support TCL  QHB
[2026/09/11 10:49:05] 发送(hex): 0d
[2026/09/11 10:49:05] 发送(hex): 20
[2026/09/11 10:49:05] 发送(hex): 03
[2026/09/11 10:49:05] 发送(hex): 0d
[2026/09/11 10:49:05] 发送(hex): 20
[2026/09/11 10:49:05] 发送(hex): 03
[2026/09/11 10:49:05] 发送(hex): 0d
[2026/09/11 10:49:05] 发送(hex): 20
[2026/09/11 10:49:05] 发送(hex): 03
[2026/09/11 10:49:05] 发送(hex): 0d
[2026/09/11 10:49:05] 发送(hex): 20
[2026/09/11 10:49:05] 发送(hex): 03
[2026/09/11 10:49:05] 发送(hex): 0d
[2026/09/11 10:49:05] 发送(hex): 20
[2026/09/11 10:49:05] 发送(hex): 03
[2026/09/11 10:49:05] 发送(hex): 0d
[2026/09/11 10:49:05] 发送(hex): 20
[2026/09/11 10:49:05] 发送(hex): 03
[2026/09/11 10:49:05] 发送(hex): 0d
[2026/09/11 10:49:05] 发送(hex): 20
[2026/09/11 10:49:05] 发送(hex): 03
[2026/09/11 10:49:05] 发送(hex): 0d
[2026/09/11 10:49:05] 发送(hex): 20
[2026/09/11 10:49:05] 发送(hex): 03
[2026/09/11 10:49:05] 发送(hex): 0d
[2026/09/11 10:49:05] [0;31m[ERROR] dataindex_dtbo_overlay:644: [0m[DATAINDEX DTBO LOAD][start:1802][end:1893][total time:91]
[2026/09/11 10:49:05] 发送(hex): 20
[2026/09/11 10:49:05] 发送(hex): 03
[2026/09/11 10:49:05] Model: MediaTek MT5896 RFB
[2026/09/11 10:49:05] Net:
[2026/09/11 10:49:05] 发送(hex): 0d
[2026/09/11 10:49:05] 发送(hex): 20
[2026/09/11 10:49:05] 发送(hex): 03
[2026/09/11 10:49:05] 发送(hex): 0d
[2026/09/11 10:49:05] eth0: ethernet@1c700000
[2026/09/11 10:49:05] 发送(hex): 20
[2026/09/11 10:49:05] 发送(hex): 03
[2026/09/11 10:49:05] 发送(hex): 0d
[2026/09/11 10:49:05] 发送(hex): 20
[2026/09/11 10:49:05] 发送(hex): 03
[2026/09/11 10:49:05] 发送(hex): 0d
[2026/09/11 10:49:05] 发送(hex): 20
[2026/09/11 10:49:05] 发送(hex): 03
[2026/09/11 10:49:05] 发送(hex): 0d
[2026/09/11 10:49:05] 发送(hex): 20
[2026/09/11 10:49:05] 发送(hex): 03
[2026/09/11 10:49:05] Booting(Working) pLedMode = LED_ON,pLightRate=80
[2026/09/11 10:49:05] slot:0 slot retry:0 a_corrupt:0 b_corrupt:0 successful:[1:0]
[2026/09/11 10:49:05] 00000000: 00 00 00 00 00 00 00 00 00 00 00 00 00 00 00 00    ................
[2026/09/11 10:49:05] 00000010: 00 00 00 00 00 00 00 00 00 00 00 00 00 00 00 00    ................
[2026/09/11 10:49:05] [0;31m[ERROR] get_boot_mode_from_partition:354: [0mdump  OK
[2026/09/11 10:49:05] androidboot boot reason = ac
[2026/09/11 10:49:05] Reboot reason == PM_BR_AC
[2026/09/11 10:49:05] upgrade status:done
[2026/09/11 10:49:05] [0;31m[ERROR] standby_mode_enter_standby:187: [0m[panic case]: no panic occur, normal deal
[2026/09/11 10:49:05] Normal booting mode!
[2026/09/11 10:49:05] 发送(hex): 0d
[2026/09/11 10:49:05] 发送(hex): 20
[2026/09/11 10:49:05] 发送(hex): 03
[2026/09/11 10:49:05] 发送(hex): 0d
[2026/09/11 10:49:05] 发送(hex): 20
[2026/09/11 10:49:05] 发送(hex): 03
[2026/09/11 10:49:05] 发送(hex): 0d
[2026/09/11 10:49:05] [wei] mtk_panel_probe 991, PANEL LIB VER 5
[2026/09/11 10:49:05] [wei] BOOT_PNL_VERSION OLD
[2026/09/11 10:49:05] [0;31m[ERROR] standby_mode_enter_qhb:274: [0mThis PID   unsupport  TCL QHB !!!
[2026/09/11 10:49:05] 发送(hex): 20
[2026/09/11 10:49:05] 发送(hex): 03
[2026/09/11 10:49:05] 发送(hex): 0d
[2026/09/11 10:49:05] 发送(hex): 20
[2026/09/11 10:49:05] 发送(hex): 03
[2026/09/11 10:49:05] [0;31m[ERROR] mtk_panel_init_device:998: [0m[BEFORE DEMURA][start:2131][end:2170][total time:39]
[2026/09/11 10:49:05] [0;31m[ERROR] mtk_panel_enable:1149: [0m
[2026/09/11 10:49:05] ---mtk_panel_enable:1149 Set mtk_panel_enable DelayTask 6
[2026/09/11 10:49:05] Hit any key to stop autoboot:  0
[2026/09/11 10:49:05] [0;31m[ERROR] do_check_upgrade_mode:216: [0mresolve path fail: /mnt/vendor/tvconfig/bsp/common/misc/upgrade_mode.ini
[2026/09/11 10:49:05] 发送(hex): 0d
[2026/09/11 10:49:05] 发送(hex): 20
[2026/09/11 10:49:05] 发送(hex): 03
[2026/09/11 10:49:05] check_auto_update
[2026/09/11 10:49:05] seconds : 2
[2026/09/11 10:49:05] Ticking:
[2026/09/11 10:49:05] 发送(hex): 0d
[2026/09/11 10:49:05] 发送(hex): 20
[2026/09/11 10:49:05] 发送(hex): 03
[2026/09/11 10:49:05] 发送(hex): 0d
[2026/09/11 10:49:05] 发送(hex): 20
[2026/09/11 10:49:05] 发送(hex): 03
[2026/09/11 10:49:05] jpd_api: [ERR] _MApi_NJPD_Decoder_PrintError: data loss error!!
[2026/09/11 10:49:05] jpd_api: [ERR] _MApi_NJPD_Decoder_PrintError: bitstream error!!
[2026/09/11 10:49:05] [0;31m[ERROR] mtk_jpd_decode:361: [0mJPEG decode failed!!
[2026/09/11 10:49:05] 发送(hex): 0d
[2026/09/11 10:49:05] 发送(hex): 20
[2026/09/11 10:49:05] 发送(hex): 03
[2026/09/11 10:49:05] [0;31m[ERROR] standby_mode_enter_standby:187: [0m[panic case]: no panic occur, normal deal
[2026/09/11 10:49:05] Normal booting mode!
[2026/09/11 10:49:05] 发送(hex): 0d
[2026/09/11 10:49:06] 发送(hex): 20
[2026/09/11 10:49:06] 发送(hex): 03
[2026/09/11 10:49:06] 发送(hex): 0d
[2026/09/11 10:49:06] 发送(hex): 20
[2026/09/11 10:49:06] 发送(hex): 03
[2026/09/11 10:49:06] 发送(hex): 0d
[2026/09/11 10:49:06] 发送(hex): 20
[2026/09/11 10:49:06] 发送(hex): 03
[2026/09/11 10:49:06] 发送(hex): 0d
[2026/09/11 10:49:06] [0;31m[ERROR] get_panel_pwm_duty_info:2644: [0mRead ini file to DRAM failure
[2026/09/11 10:49:06] [0;31m[ERROR] Check_TSR_PMIC_Version:229: [0mThis PID   unsupport   TSR IC !!!
[2026/09/11 10:49:06] [0;31m[ERROR] _mtk_pnl_cust_backlight_i2c_init:2672: [0mRead subnode (backlight_i2c_info) FAIL
[2026/09/11 10:49:06] kfault cur reboot mode: 0x0
[2026/09/11 10:49:06] kfault tcllog size: 0x4000000
[2026/09/11 10:49:06] kfault io buf 0x5be22d40, size 0x400, pos 0x0, is_read 1, ret 0
[2026/09/11 10:49:06] kfault io buf 0x5be23150, size 0x2000, pos 0x400, is_read 1, ret 0
[2026/09/11 10:49:06] kfault io buf 0x5bd65ea0, size 0x1000, pos 0x37ff000, is_read 1, ret 0
[2026/09/11 10:49:06] normal boot, just do tmp dump
[2026/09/11 10:49:06] MMC write: dev # 0, block # 1480696, count 8 ...
[2026/09/11 10:49:06] 发送(hex): 20
[2026/09/11 10:49:06] 发送(hex): 03
[2026/09/11 10:49:06] 发送(hex): 0d
[2026/09/11 10:49:06] 发送(hex): 20
[2026/09/11 10:49:06] 发送(hex): 03
[2026/09/11 10:49:06] 8 blocks written: OK
[2026/09/11 10:49:06] kfault io buf 0x5bd65ea0, size 0x1000, pos 0x37ff000, is_read 0, ret 0
[2026/09/11 10:49:06] kfault_boot->log_num = 0
[2026/09/11 10:49:06] MMC write: dev # 0, block # 1366016, count 2 ...
[2026/09/11 10:49:06] 发送(hex): 0d
[2026/09/11 10:49:06] 发送(hex): 20
[2026/09/11 10:49:06] 发送(hex): 03
[2026/09/11 10:49:06] 发送(hex): 0d
[2026/09/11 10:49:06] 发送(hex): 20
[2026/09/11 10:49:06] 发送(hex): 03
[2026/09/11 10:49:06] 发送(hex): 0d
[2026/09/11 10:49:06] 发送(hex): 20
[2026/09/11 10:49:06] 发送(hex): 03
[2026/09/11 10:49:06] 2 blocks written: OK
[2026/09/11 10:49:06] kfault io buf 0x5be22d40, size 0x400, pos 0x0, is_read 0, ret 0
[2026/09/11 10:49:06] [0;31m[ERROR] standby_mode_enter_standby:187: [0m[panic case]: no panic occur, normal deal
[2026/09/11 10:49:06] Normal booting mode!
[2026/09/11 10:49:06] upgradecheck - upgrade mode check command
[2026/09/11 10:49:06] Usage:
[2026/09/11 10:49:06] upgradecheck command: upgradecheck
[2026/09/11 10:49:06] retry_count: 0
[2026/09/11 10:49:06] ## Android Verified Boot 2.0 version 1.1.0
[2026/09/11 10:49:06] Disable Flash Update Mode
[2026/09/11 10:49:06] 发送(hex): 0d
[2026/09/11 10:49:06] 发送(hex): 20
[2026/09/11 10:49:06] 发送(hex): 03
[2026/09/11 10:49:06] 发送(hex): 0d
[2026/09/11 10:49:06] 发送(hex): 20
[2026/09/11 10:49:06] 发送(hex): 03
[2026/09/11 10:49:06] 发送(hex): 0d
[2026/09/11 10:49:06] 发送(hex): 20
[2026/09/11 10:49:06] 发送(hex): 03
[2026/09/11 10:49:06] 发送(hex): 0d
[2026/09/11 10:49:06] 发送(hex): 20
[2026/09/11 10:49:06] 发送(hex): 03
[2026/09/11 10:49:06] 发送(hex): 0d
[2026/09/11 10:49:06] 发送(hex): 20
[2026/09/11 10:49:06] 发送(hex): 03
[2026/09/11 10:49:06] 发送(hex): 0d
[2026/09/11 10:49:06] 发送(hex): 20
[2026/09/11 10:49:06] 发送(hex): 03
[2026/09/11 10:49:06] 发送(hex): 0d
[2026/09/11 10:49:06] 发送(hex): 20
[2026/09/11 10:49:06] 发送(hex): 03
[2026/09/11 10:49:06] 发送(hex): 0d
[2026/09/11 10:49:06] 发送(hex): 20
[2026/09/11 10:49:06] 发送(hex): 03
[2026/09/11 10:49:06] 发送(hex): 0d
[2026/09/11 10:49:06] 发送(hex): 20
[2026/09/11 10:49:06] 发送(hex): 03
[2026/09/11 10:49:06] 发送(hex): 0d
[2026/09/11 10:49:06] 发送(hex): 20
[2026/09/11 10:49:06] 发送(hex): 03
[2026/09/11 10:49:06] 发送(hex): 0d
[2026/09/11 10:49:06] 发送(hex): 20
[2026/09/11 10:49:06] 发送(hex): 03
[2026/09/11 10:49:06] 发送(hex): 0d
[2026/09/11 10:49:06] 发送(hex): 20
[2026/09/11 10:49:06] 发送(hex): 03
[2026/09/11 10:49:06] 发送(hex): 0d
[2026/09/11 10:49:06] 发送(hex): 20
[2026/09/11 10:49:06] 发送(hex): 03
[2026/09/11 10:49:06] 发送(hex): 0d
[2026/09/11 10:49:06] 发送(hex): 20
[2026/09/11 10:49:06] 发送(hex): 03
[2026/09/11 10:49:06] 发送(hex): 0d
[2026/09/11 10:49:06] 发送(hex): 20
[2026/09/11 10:49:06] 发送(hex): 03
[2026/09/11 10:49:06] 发送(hex): 0d
[2026/09/11 10:49:06] 发送(hex): 20
[2026/09/11 10:49:06] 发送(hex): 03
[2026/09/11 10:49:06] 发送(hex): 0d
[2026/09/11 10:49:06] 发送(hex): 20
[2026/09/11 10:49:06] 发送(hex): 03
[2026/09/11 10:49:06] 发送(hex): 0d
[2026/09/11 10:49:06] 发送(hex): 20
[2026/09/11 10:49:06] 发送(hex): 03
[2026/09/11 10:49:06] 发送(hex): 0d
[2026/09/11 10:49:06] 发送(hex): 20
[2026/09/11 10:49:06] 发送(hex): 03
[2026/09/11 10:49:06] Verification passed successf
[2026/09/11 10:49:06] 发送(hex): 0d
[2026/09/11 10:49:06] 发送(hex): 20
[2026/09/11 10:49:06] 发送(hex): 03
[2026/09/11 10:49:06] 发送(hex): 0d
[2026/09/11 10:49:06] 发送(hex): 20
[2026/09/11 10:49:06] 发送(hex): 03
[2026/09/11 10:49:06] 发送(hex): 0d
[2026/09/11 10:49:06] 发送(hex): 20
[2026/09/11 10:49:06] 发送(hex): 03
[2026/09/11 10:49:06] 发送(hex): 0d
[2026/09/11 10:49:06] ully
[2026/09/11 10:49:06] Boot state is: Green !
[2026/09/11 10:49:06] Kernel load addr 0x26000000 size 41887 KiB
[2026/09/11 10:49:06] RAM disk load addr 0x01000000 size 2039 KiB
[2026/09/11 10:49:06] [0;31m[ERROR] bootargs_append:2318: [0mset cfg is androidboot.device_name=G08 androidboot.series=X androidboot.product=C6K androidboot.product_name=G08_4K_GB androidboot.client_type=TCL-AP-MT9653-S1 androidboot.model_name=Smart*TV*Pro androidboot.code_name=AU04 androidboot.ecid=21000000 androidboot.tcl_brand=TCL androidboot.manufacturer=TCL androidboot.oem_tag=AP androidboot.certify=unknown androidboot.extension=TCL_QDMINI_4K androidboot.extension_res=unknown androidboot.extension_db=unknown
[2026/09/11 10:49:06] [0;31m[ERROR] bootargs_append:2318: [0mset cfg is androidboot.pid=26880
[2026/09/11 10:49:06] device properties match:sid = "105"
[2026/09/11 10:49:06] [0;31m[ERROR] set_crashkernel_rsvmem:2278: [0mError: Read kdump file to Dram failed
[2026/09/11 10:49:06] do_tcl_crashkernel - tcl_crashkernel
[2026/09/11 10:49:06] Usage:
[2026/09/11 10:49:06] do_tcl_crashkernel command: set reserved memory for crashkernel
[2026/09/11 10:49:06] Loading Kernel Image ... OK
[2026/09/11 10:49:06] 发送(hex): 20
[2026/09/11 10:49:06] 发送(hex): 03
[2026/09/11 10:49:06] 发送(hex): 0d
[2026/09/11 10:49:06] 发送(hex): 20
[2026/09/11 10:49:06] Loading Ramdisk to 29f09000, end 2bdff751 ... OK
[2026/09/11 10:49:06] Loading Device Tree to 000000002c4e1000, end 000000002c5ff9bb ... OK
[2026/09/11 10:49:07] 发送(hex): 03
[2026/09/11 10:49:07] 发送(hex): 0d
[2026/09/11 10:49:07] 发送(hex): 20
[2026/09/11 10:49:07] 发送(hex): 03
[2026/09/11 10:49:07] 发送(hex): 0d
[2026/09/11 10:49:07] 发送(hex): 20
[2026/09/11 10:49:07] 发送(hex): 03
[2026/09/11 10:49:07] 发送(hex): 0d
[2026/09/11 10:49:07] 发送(hex): 20
[2026/09/11 10:49:07] 发送(hex): 03
[2026/09/11 10:49:07] 发送(hex): 0d
[2026/09/11 10:49:07] 发送(hex): 20
[2026/09/11 10:49:07] 发送(hex): 03
[2026/09/11 10:49:07] 发送(hex): 0d
[2026/09/11 10:49:07] 发送(hex): 20
[2026/09/11 10:49:07] 发送(hex): 03
[2026/09/11 10:49:07] 发送(hex): 0d
[2026/09/11 10:49:07] 发送(hex): 20
[2026/09/11 10:49:07] 发送(hex): 03
[2026/09/11 10:49:07] 发送(hex): 0d
[2026/09/11 10:49:07] 发送(hex): 20
[2026/09/11 10:49:07] 发送(hex): 03
[2026/09/11 10:49:07] 发送(hex): 0d
[2026/09/11 10:49:07] 发送(hex): 20
[2026/09/11 10:49:07] 发送(hex): 03
[2026/09/11 10:49:07] 发送(hex): 0d
[2026/09/11 10:49:07] 发送(hex): 20
[2026/09/11 10:49:07] 发送(hex): 03
[2026/09/11 10:49:07] 发送(hex): 0d
[2026/09/11 10:49:07] 发送(hex): 20
[2026/09/11 10:49:07] 发送(hex): 03
[2026/09/11 10:49:07] 发送(hex): 0d
[2026/09/11 10:49:07] 发送(hex): 20
[2026/09/11 10:49:07] 发送(hex): 03
[2026/09/11 10:49:07] 发送(hex): 0d
[2026/09/11 10:49:07] 发送(hex): 20
[2026/09/11 10:49:07] 发送(hex): 03
[2026/09/11 10:49:07] 发送(hex): 0d
[2026/09/11 10:49:07] 发送(hex): 20
[2026/09/11 10:49:07] 发送(hex): 03
[2026/09/11 10:49:07] 发送(hex): 0d
[2026/09/11 10:49:07] 发送(hex): 20
[2026/09/11 10:49:07] 发送(hex): 03
[2026/09/11 10:49:07] 发送(hex): 0d
[2026/09/11 10:49:07] 发送(hex): 20
[2026/09/11 10:49:07] [0;31m[ERROR] dataindex_dtbo_overlay:644: [0m[DATAINDEX DTBO LOAD][start:3712][end:3830][total time:118]
[2026/09/11 10:49:07] 发送(hex): 03
[2026/09/11 10:49:07] 发送(hex): 0d
[2026/09/11 10:49:07] 发送(hex): 20
[2026/09/11 10:49:07] 发送(hex): 03
[2026/09/11 10:49:07] 发送(hex): 0d
[2026/09/11 10:49:07] 发送(hex): 20
[2026/09/11 10:49:07] 发送(hex): 03
[2026/09/11 10:49:07] [0;31m[ERROR] standby_mode_enter_qhb:274: [0mThis PID   unsupport  TCL QHB !!!
[2026/09/11 10:49:07] [AutoTest][mboot][start kernel][3894]
[2026/09/11 10:49:07] Starting kernel ...
[2026/09/11 10:49:07] kfault io buf 0x5beaa110, size 0x28, pos 0x400, is_read 1, ret 0
[2026/09/11 10:49:07] last status:0x0
[2026/09/11 10:49:07] MMC write: dev # 0, block # 1480632, count 7 ...
[2026/09/11 10:49:07] 发送(hex): 0d
[2026/09/11 10:49:07] 发送(hex): 20
[2026/09/11 10:49:07] 发送(hex): 03
[2026/09/11 10:49:07] 发送(hex): 0d
[2026/09/11 10:49:07] 发送(hex): 20
[2026/09/11 10:49:07] 发送(hex): 03
[2026/09/11 10:49:07] 7 blocks written: OK
[2026/09/11 10:49:07] MMC write: dev # 0, block # 1480639, count 1 ...
[2026/09/11 10:49:07] 发送(hex): 0d
[2026/09/11 10:49:07] 发送(hex): 20
[2026/09/11 10:49:07] 发送(hex): 03
[2026/09/11 10:49:07] 发送(hex): 0d
[2026/09/11 10:49:07] 发送(hex): 20
[2026/09/11 10:49:07] 1 blocks written: OK
[2026/09/11 10:49:07] kfault io buf 0x5be51230, size 0xf26, pos 0x37f7000, is_read 0, ret 0
[2026/09/11 10:49:07] MMC write: dev # 0, block # 1366018, count 1 ...
[2026/09/11 10:49:07] 发送(hex): 03
[2026/09/11 10:49:07] 发送(hex): 0d
[2026/09/11 10:49:07] 发送(hex): 20
[2026/09/11 10:49:07] 发送(hex): 03
[2026/09/11 10:49:07] 发送(hex): 0d
[2026/09/11 10:49:07] 发送(hex): 20
[2026/09/11 10:49:07] 1 blocks written: OK
[2026/09/11 10:49:07] kfault io buf 0x5bd55050, size 0x28, pos 0x400, is_read 0, ret 0
[2026/09/11 10:49:07] 发送(hex): 03
[2026/09/11 10:49:07] 发送(hex): 0d
[2026/09/11 10:49:07] 发送(hex): 20
[2026/09/11 10:49:07] 发送(hex): 03
[2026/09/11 10:49:07] 发送(hex): 0d
[2026/09/11 10:49:07] 发送(hex): 20
[2026/09/11 10:49:07] 发送(hex): 03
[2026/09/11 10:49:07] 发送(hex): 0d
[2026/09/11 10:49:07] 发送(hex): 20
[2026/09/11 10:49:07] 发送(hex): 03
[2026/09/11 10:49:07] 发送(hex): 0d
[2026/09/11 10:49:07] 发送(hex): 20
[2026/09/11 10:49:07] 发送(hex): 03
[2026/09/11 10:49:07] 发送(hex): 0d
[2026/09/11 10:49:07] 发送(hex): 20
[2026/09/11 10:49:07] 发送(hex): 03
[2026/09/11 10:49:07] WARNING: Unimp
[2026/09/11 10:49:07] 发送(hex): 0d
[2026/09/11 10:49:07] 发送(hex): 20
[2026/09/11 10:49:07] lemented Standard Service Call: 0x84000050
[2026/09/11 10:49:07] 发送(hex): 03
[2026/09/11 10:49:07] 发送(hex): 0d
[2026/09/11 10:49:07] 发送(hex): 20
[2026/09/11 10:49:07] 发送(hex): 03
[2026/09/11 10:49:07] 发送(hex): 0d
[2026/09/11 10:49:07] 发送(hex): 20
[2026/09/11 10:49:07] 发送(hex): 03
[2026/09/11 10:49:08] 发送(hex): 0d
[2026/09/11 10:49:08] 发送(hex): 20
[2026/09/11 10:49:08] 发送(hex): 03
[2026/09/11 10:49:08] 发送(hex): 0d
[2026/09/11 10:49:08] 发送(hex): 20
[2026/09/11 10:49:08] 发送(hex): 03
[2026/09/11 10:49:08] 发送(hex): 0d
[2026/09/11 10:49:08] 发送(hex): 20
[2026/09/11 10:49:08] 发送(hex): 03
[2026/09/11 10:49:08] 发送(hex): 0d
[2026/09/11 10:49:08] 发送(hex): 20
[2026/09/11 10:49:08] 发送(hex): 03
[2026/09/11 10:49:08] 发送(hex): 0d
[2026/09/11 10:49:08] 发送(hex): 20
[2026/09/11 10:49:08] 发送(hex): 03
[2026/09/11 10:49:08] 发送(hex): 0d
[2026/09/11 10:49:08] 发送(hex): 20
[2026/09/11 10:49:08] 发送(hex): 03
[2026/09/11 10:49:08] 发送(hex): 0d
[2026/09/11 10:49:08] 发送(hex): 20
[2026/09/11 10:49:08] 发送(hex): 03
[2026/09/11 10:49:08] 发送(hex): 0d
[2026/09/11 10:49:08] 发送(hex): 20
[2026/09/11 10:49:08] 发送(hex): 03
[2026/09/11 10:49:08] 发送(hex): 0d
[2026/09/11 10:49:08] 发送(hex): 20
[2026/09/11 10:49:08] 发送(hex): 03
[2026/09/11 10:49:08] 发送(hex): 0d
[2026/09/11 10:49:08] 发送(hex): 20
[2026/09/11 10:49:08] 发送(hex): 03
[2026/09/11 10:49:08] 发送(hex): 0d
[2026/09/11 10:49:08] 发送(hex): 20
[2026/09/11 10:49:08] 发送(hex): 03
[2026/09/11 10:49:08] 发送(hex): 0d
[2026/09/11 10:49:08] 发送(hex): 20
[2026/09/11 10:49:08] [    0.322761][    T1] clk_mt5896: we
[2026/09/11 10:49:08] 发送(hex): 03
[2026/09/11 10:49:08] 发送(hex): 0d
[2026/09/11 10:49:08] have : PM
[2026/09/11 10:49:08] [    0.322784][    T1] clk_mt5896: we have : NONPM
[2026/09/11 10:49:08] 发送(hex): 20
[2026/09/11 10:49:08] 发送(hex): 03
[2026/09/11 10:49:08] 发送(hex): 0d
[2026/09/11 10:49:08] 发送(hex): 20
[2026/09/11 10:49:08] 发送(hex): 03
[2026/09/11 10:49:08] 发送(hex): 0d
[2026/09/11 10:49:08] 发送(hex): 20
[2026/09/11 10:49:08] 发送(hex): 03
[2026/09/11 10:49:08] 发送(hex): 0d
[2026/09/11 10:49:08] 发送(hex): 20
[2026/09/11 10:49:08] 发送(hex): 03
[2026/09/11 10:49:08] 发送(hex): 0d
[2026/09/11 10:49:08] [Ramlog] tee_config_dyn_ramlog_by_cookie is success
[2026/09/11 10:49:08] [    0.472367][    T1] [K][EFUSE]mtk_efuse_init() ----- START
[2026/09/11 10:49:08] [    0.478027][    T1] [K][EFUSE]mtk_efuse_init() ----> OK
[2026/09/11 10:49:08] [    0.490523][    T1] ir set ir_arm_en to 1.
[2026/09/11 10:49:08] [    0.494735][    T1] ir get boot status 2.
[2026/09/11 10:49:08] [    0.498761][    T1] ir set boot status to 3.
[2026/09/11 10:49:08] [    0.503086][    T1] ir get key 65535.
[2026/09/11 10:49:08] [    0.506759][    T1] mtk-ir 1c080000.ir_in: ir probe done.
[2026/09/11 10:49:08] [    0.518532][    T1] [0][0][0]
[2026/09/11 10:49:08] [    0.529419][    T1] add null memory dma_heap with name mtk_nullmem_1
[2026/09/11 10:49:08] [    0.535785][    T1]     range from 0x3000000 to 0x13000000
[2026/09/11 10:49:08] [    0.535785][    T1]
[2026/09/11 10:49:08] [    0.535785][    T1]
[2026/09/11 10:49:08] 发送(hex): 20
[2026/09/11 10:49:08] [    0.569499][    T1] we have : seal
[2026/09/11 10:49:08] 发送(hex): 03
[2026/09/11 10:49:08] 发送(hex): 0d
[2026/09/11 10:49:08] 发送(hex): 20
[2026/09/11 10:49:08] 发送(hex): 03
[2026/09/11 10:49:08] 发送(hex): 0d
[2026/09/11 10:49:08] 发送(hex): 20
[2026/09/11 10:49:08] 发送(hex): 03
[2026/09/11 10:49:08] 发送(hex): 0d
[2026/09/11 10:49:08] 发送(hex): 20
[2026/09/11 10:49:08] 发送(hex): 03
[2026/09/11 10:49:08] 发送(hex): 0d
[2026/09/11 10:49:08] 发送(hex): 20
[2026/09/11 10:49:08] [    0.655427][   T67] mtk_mci 1c660000.mtk-mmc-fcie: [ mtk_fcie_set_ios() Ln.4351 ]
[2026/09/11 10:49:08] [    0.663032][   T67] mtk_mci 1c660000.mtk-mmc-fcie: Ld HS400ES
[2026/09/11 10:49:08] [    0.668778][    T1] [Alg Debug] MApi_PQ_CLI_CFD_Init sucess!!
[2026/09/11 10:49:08] [    0.671175][   T67] mtk_mci 1c660000.mtk-mmc-fcie: eMMC: HS400 5.1 200MHz
[2026/09/11 10:49:08] [    0.681512][   T67] mtk_mci 1c660000.mtk-mmc-fcie: eMMC: HS400 5.1 200MHz
[2026/09/11 10:49:08] [    0.690864][    T1] lizw pp 1
[2026/09/11 10:49:08] [    0.701667][
[2026/09/11 10:49:08] 发送(hex): 03
[2026/09/11 10:49:08] 发送(hex): 0d
[2026/09/11 10:49:08] T1] ux_thread: uxthread_init done!
[2026/09/11 10:49:08] [    0.707274][    T1] tcl_action_monitor: kfault kernel timeout init
[2026/09/11 10:49:08] 发送(hex): 20
[2026/09/11 10:49:08] 发送(hex): 03
[2026/09/11 10:49:08] 发送(hex): 0d
[2026/09/11 10:49:08] 发送(hex): 20
[2026/09/11 10:49:08] 发送(hex): 03
[2026/09/11 10:49:08] 发送(hex): 0d
[2026/09/11 10:49:08] 发送(hex): 20
[2026/09/11 10:49:08] 发送(hex): 03
[2026/09/11 10:49:08] 发送(hex): 0d
[2026/09/11 10:49:08] 发送(hex): 20
[2026/09/11 10:49:08] 发送(hex): 03
[2026/09/11 10:49:08] 发送(hex): 0d
[2026/09/11 10:49:08] 发送(hex): 20
[2026/09/11 10:49:08] 发送(hex): 03
[2026/09/11 10:49:08] 发送(hex): 0d
[2026/09/11 10:49:08] 发送(hex): 20
[2026/09/11 10:49:08] 发送(hex): 03
[2026/09/11 10:49:08] 发送(hex): 0d
[2026/09/11 10:49:08] 发送(hex): 20
[2026/09/11 10:49:08] 发送(hex): 03
[2026/09/11 10:49:08] 发送(hex): 0d
[2026/09/11 10:49:08] 发送(hex): 20
[2026/09/11 10:49:08] 发送(hex): 03
[2026/09/11 10:49:08] 发送(hex): 0d
[2026/09/11 10:49:08] 发送(hex): 20
[2026/09/11 10:49:08] 发送(hex): 03
[2026/09/11 10:49:08] 发送(hex): 0d
[2026/09/11 10:49:08] 发送(hex): 20
[2026/09/11 10:49:08] 发送(hex): 03
[2026/09/11 10:49:09] 发送(hex): 0d
[2026/09/11 10:49:09] 发送(hex): 20
[2026/09/11 10:49:09] 发送(hex): 03
[2026/09/11 10:49:09] 发送(hex): 0d
[2026/09/11 10:49:09] 发送(hex): 20
[2026/09/11 10:49:09] 发送(hex): 03
[2026/09/11 10:49:09] 发送(hex): 0d
[2026/09/11 10:49:09] 发送(hex): 20
[2026/09/11 10:49:09] 发送(hex): 03
[2026/09/11 10:49:09] 发送(hex): 0d
[2026/09/11 10:49:09] 发送(hex): 20
[2026/09/11 10:49:09] 发送(hex): 03
[2026/09/11 10:49:09] 发送(hex): 0d
[2026/09/11 10:49:09] 发送(hex): 20
[2026/09/11 10:49:09] 发送(hex): 03
[2026/09/11 10:49:09] 发送(hex): 0d
[2026/09/11 10:49:09] 发送(hex): 20
[2026/09/11 10:49:09] 发送(hex): 03
[2026/09/11 10:49:09] 发送(hex): 0d
[2026/09/11 10:49:09] 发送(hex): 20
[2026/09/11 10:49:09] 发送(hex): 03
[2026/09/11 10:49:09] 发送(hex): 0d
[2026/09/11 10:49:09] 发送(hex): 20
[2026/09/11 10:49:09] 发送(hex): 03
[2026/09/11 10:49:09] 发送(hex): 0d
[2026/09/11 10:49:09] 发送(hex): 20
[2026/09/11 10:49:09] 发送(hex): 03
[2026/09/11 10:49:09] 发送(hex): 0d
[2026/09/11 10:49:09] 发送(hex): 20
[2026/09/11 10:49:09] 发送(hex): 03
[2026/09/11 10:49:09] 发送(hex): 0d
[2026/09/11 10:49:09] 发送(hex): 20
[2026/09/11 10:49:09] 发送(hex): 03
[2026/09/11 10:49:09] 发送(hex): 0d
[2026/09/11 10:49:09] 发送(hex): 20
[2026/09/11 10:49:09] 发送(hex): 03
[2026/09/11 10:49:09] 发送(hex): 0d
[2026/09/11 10:49:09] 发送(hex): 20
[2026/09/11 10:49:09] 发送(hex): 03
[2026/09/11 10:49:09] 发送(hex): 0d
[2026/09/11 10:49:09] 发送(hex): 20
[2026/09/11 10:49:09] 发送(hex): 03
[2026/09/11 10:49:09] 发送(hex): 0d
[2026/09/11 10:49:09] 发送(hex): 20
[2026/09/11 10:49:09] 发送(hex): 03
[2026/09/11 10:49:09] 发送(hex): 0d
[2026/09/11 10:49:09] 发送(hex): 20
[2026/09/11 10:49:09] 发送(hex): 03
[2026/09/11 10:49:09] 发送(hex): 0d
[2026/09/11 10:49:09] 发送(hex): 20
[2026/09/11 10:49:09] 发送(hex): 03
[2026/09/11 10:49:09] 发送(hex): 0d
[2026/09/11 10:49:09] 发送(hex): 20
[2026/09/11 10:49:09] 发送(hex): 03
[2026/09/11 10:49:09] 发送(hex): 0d
[2026/09/11 10:49:09] 发送(hex): 20
[2026/09/11 10:49:09] 发送(hex): 03
[2026/09/11 10:49:09] 发送(hex): 0d
[2026/09/11 10:49:09] 发送(hex): 20
[2026/09/11 10:49:09] [    1.665827][  T120] tcl_action_mon
[2026/09/11 10:49:09] 发送(hex): 03
[2026/09/11 10:49:09] itor: kfault stop kernel init timeout
[2026/09/11 10:49:09] 发送(hex): 0d
[2026/09/11 10:49:09] 发送(hex): 20
[2026/09/11 10:49:09] 发送(hex): 03
[2026/09/11 10:49:09] 发送(hex): 0d
[2026/09/11 10:49:09] 发送(hex): 20
[2026/09/11 10:49:09] 发送(hex): 03
[2026/09/11 10:49:09] 发送(hex): 0d
[2026/09/11 10:49:09] 发送(hex): 20
[2026/09/11 10:49:09] 发送(hex): 03
[2026/09/11 10:49:09] 发送(hex): 0d
[2026/09/11 10:49:09] 发送(hex): 20
[2026/09/11 10:49:09] 发送(hex): 03
[2026/09/11 10:49:09] 发送(hex): 0d
[2026/09/11 10:49:09] 发送(hex): 20
[2026/09/11 10:49:09] 发送(hex): 03
[2026/09/11 10:49:09] 发送(hex): 0d
[2026/09/11 10:49:09] 发送(hex): 20
[2026/09/11 10:49:09] 发送(hex): 03
[2026/09/11 10:49:09] 发送(hex): 0d
[2026/09/11 10:49:09] 发送(hex): 20
[2026/09/11 10:49:09] 发送(hex): 03
[2026/09/11 10:49:09] 发送(hex): 0d
[2026/09/11 10:49:09] 发送(hex): 20
[2026/09/11 10:49:09] 发送(hex): 03
[2026/09/11 10:49:09] 发送(hex): 0d
[2026/09/11 10:49:09] 发送(hex): 20
[2026/09/11 10:49:09] 发送(hex): 03
[2026/09/11 10:49:09] 发送(hex): 0d
[2026/09/11 10:49:09] 发送(hex): 20
[2026/09/11 10:49:09] 发送(hex): 03
[2026/09/11 10:49:09] 发送(hex): 0d
[2026/09/11 10:49:09] 发送(hex): 20
[2026/09/11 10:49:09] 发送(hex): 03
[2026/09/11 10:49:10] 发送(hex): 0d
[2026/09/11 10:49:10] 发送(hex): 20
[2026/09/11 10:49:10] 发送(hex): 03
[2026/09/11 10:49:10] 发送(hex): 0d
[2026/09/11 10:49:10] 发送(hex): 20
[2026/09/11 10:49:10] 发送(hex): 03
[2026/09/11 10:49:10] 发送(hex): 0d
[2026/09/11 10:49:10] 发送(hex): 20
[2026/09/11 10:49:10] 发送(hex): 03
[2026/09/11 10:49:10] 发送(hex): 0d
[2026/09/11 10:49:10] 发送(hex): 20
[2026/09/11 10:49:10] ^C
[2026/09/11 10:49:10] 发送(hex): 03
[2026/09/11 10:49:10] 发送(hex): 0d
[2026/09/11 10:49:10] 发送(hex): 20
[2026/09/11 10:49:10] 发送(hex): 03
[2026/09/11 10:49:10] 发送(hex): 0d
[2026/09/11 10:49:10] 发送(hex): 20
[2026/09/11 10:49:10] 发送(hex): 03
[2026/09/11 10:49:10] 发送(hex): 0d
[2026/09/11 10:49:10] 发送(hex): 20
[2026/09/11 10:49:10] 发送(hex): 03
[2026/09/11 10:49:10] 发送(hex): 0d
[2026/09/11 10:49:10] 发送(hex): 20
[2026/09/11 10:49:10] 发送(hex): 03
[2026/09/11 10:49:10] 发送(hex): 0d
[2026/09/11 10:49:10] 发送(hex): 20
[2026/09/11 10:49:10] 发送(hex): 03
[2026/09/11 10:49:10] 发送(hex): 0d
[2026/09/11 10:49:10] 发送(hex): 20
[2026/09/11 10:49:10] 发送(hex): 03
[2026/09/11 10:49:10] 发送(hex): 0d
[2026/09/11 10:49:10] 发送(hex): 20
[2026/09/11 10:49:10] 发送(hex): 03
[2026/09/11 10:49:10] 发送(hex): 0d
[2026/09/11 10:49:10] 发送(hex): 20
[2026/09/11 10:49:10] 发送(hex): 03
[2026/09/11 10:49:10] 发送(hex): 0d
[2026/09/11 10:49:10] 发送(hex): 20
[2026/09/11 10:49:10] 发送(hex): 03
[2026/09/11 10:49:10] 发送(hex): 0d
[2026/09/11 10:49:10] 发送(hex): 20
[2026/09/11 10:49:10] 发送(hex): 03
[2026/09/11 10:49:10] 发送(hex): 0d
[2026/09/11 10:49:10] 发送(hex): 20
[2026/09/11 10:49:10] 发送(hex): 03
[2026/09/11 10:49:10] 发送(hex): 0d
[2026/09/11 10:49:10] 发送(hex): 20
[2026/09/11 10:49:10] 发送(hex): 03
[2026/09/11 10:49:10] 发送(hex): 0d
[2026/09/11 10:49:10] 发送(hex): 20
[2026/09/11 10:49:10] 发送(hex): 03
[2026/09/11 10:49:10] 发送(hex): 0d
[2026/09/11 10:49:10] 发送(hex): 20
[2026/09/11 10:49:10] 发送(hex): 03
[2026/09/11 10:49:10] 发送(hex): 0d
[2026/09/11 10:49:10] 发送(hex): 20
[2026/09/11 10:49:10] 发送(hex): 03
[2026/09/11 10:49:10] 发送(hex): 0d
[2026/09/11 10:49:10] 发送(hex): 20
[2026/09/11 10:49:10] 发送(hex): 03
[2026/09/11 10:49:10] 发送(hex): 0d
[2026/09/11 10:49:10] 发送(hex): 20
[2026/09/11 10:49:10] 发送(hex): 03
[2026/09/11 10:49:10] 发送(hex): 0d
[2026/09/11 10:49:10] 发送(hex): 20
[2026/09/11 10:49:10] 发送(hex): 03
[2026/09/11 10:49:10] 发送(hex): 0d
[2026/09/11 10:49:10] 发送(hex): 20
[2026/09/11 10:49:10] 发送(hex): 03
[2026/09/11 10:49:10] 发送(hex): 0d
[2026/09/11 10:49:10] 发送(hex): 20
[2026/09/11 10:49:10] 发送(hex): 03
[2026/09/11 10:49:10] 发送(hex): 0d
[2026/09/11 10:49:10] 发送(hex): 20
[2026/09/11 10:49:10] 发送(hex): 03
[2026/09/11 10:49:10] 发送(hex): 0d
[2026/09/11 10:49:10] 发送(hex): 20
[2026/09/11 10:49:10] 发送(hex): 03
[2026/09/11 10:49:10] 发送(hex): 0d
[2026/09/11 10:49:10] 发送(hex): 20
[2026/09/11 10:49:10] 发送(hex): 03
[2026/09/11 10:49:10] 发送(hex): 0d
[2026/09/11 10:49:10] 发送(hex): 20
[2026/09/11 10:49:10] 发送(hex): 03
[2026/09/11 10:49:10] 发送(hex): 0d
[2026/09/11 10:49:10] 发送(hex): 20
[2026/09/11 10:49:10] 发送(hex): 03
[2026/09/11 10:49:10] 发送(hex): 0d
[2026/09/11 10:49:10] 发送(hex): 20
[2026/09/11 10:49:10] 发送(hex): 03
[2026/09/11 10:49:10] 发送(hex): 0d
[2026/09/11 10:49:10] 发送(hex): 20
[2026/09/11 10:49:10] 发送(hex): 03
[2026/09/11 10:49:10] 发送(hex): 0d
[2026/09/11 10:49:11] 发送(hex): 20
[2026/09/11 10:49:11] 发送(hex): 03
[2026/09/11 10:49:11] 发送(hex): 0d
[2026/09/11 10:49:11] 发送(hex): 20
[2026/09/11 10:49:11] 发送(hex): 03
[2026/09/11 10:49:11] 发送(hex): 0d
[2026/09/11 10:49:11] 发送(hex): 20
[2026/09/11 10:49:11] 发送(hex): 03
[2026/09/11 10:49:11] 发送(hex): 0d
[2026/09/11 10:49:11] 发送(hex): 20
[2026/09/11 10:49:11] 发送(hex): 03
[2026/09/11 10:49:11] 发送(hex): 0d
[2026/09/11 10:49:11] 发送(hex): 20
[2026/09/11 10:49:11] 发送(hex): 03
[2026/09/11 10:49:11] 发送(hex): 0d
[2026/09/11 10:49:11] 发送(hex): 20
[2026/09/11 10:49:11] 发送(hex): 03
[2026/09/11 10:49:11] 发送(hex): 0d
[2026/09/11 10:49:11] 发送(hex): 20
[2026/09/11 10:49:11] 发送(hex): 03
[2026/09/11 10:49:11] 发送(hex): 0d
[2026/09/11 10:49:11] 发送(hex): 20
[2026/09/11 10:49:11] 发送(hex): 03
[2026/09/11 10:49:11] 发送(hex): 0d
[2026/09/11 10:49:11] 发送(hex): 20
[2026/09/11 10:49:11] 发送(hex): 03
[2026/09/11 10:49:11] 发送(hex): 0d
[2026/09/11 10:49:11] 发送(hex): 20
[2026/09/11 10:49:11] 发送(hex): 03
[2026/09/11 10:49:11] 发送(hex): 0d
[2026/09/11 10:49:11] 发送(hex): 20
[2026/09/11 10:49:11] 发送(hex): 03
[2026/09/11 10:49:11] 发送(hex): 0d
[2026/09/11 10:49:11] 发送(hex): 20
[2026/09/11 10:49:11] 发送(hex): 03
[2026/09/11 10:49:11] 发送(hex): 0d
[2026/09/11 10:49:11] 发送(hex): 20
[2026/09/11 10:49:11] 发送(hex): 03
[2026/09/11 10:49:11] 发送(hex): 0d
[2026/09/11 10:49:11] ^C
[2026/09/11 10:49:11] 发送(hex): 20
[2026/09/11 10:49:11] 发送(hex): 03
[2026/09/11 10:49:11] [0;32;31m [ramlog] tee_get_ramlog_config 586 [m
[2026/09/11 10:49:11] 发送(hex): 0d
[2026/09/11 10:49:11] 发送(hex): 20
[2026/09/11 10:49:11] [ramlog] Chip ID: 27 f3 04 f5 fd 0b 95 c5 8d 04 00 00
[2026/09/11 10:49:11] [ramlog] TEE log is not enabled (I2C mode:1)
[2026/09/11 10:49:11] 发送(hex): 03
[2026/09/11 10:49:11] 发送(hex): 0d
[2026/09/11 10:49:11] 发送(hex): 20
[2026/09/11 10:49:11] 发送(hex): 03
[2026/09/11 10:49:11] 发送(hex): 0d
[2026/09/11 10:49:11] 发送(hex): 20
[2026/09/11 10:49:11] 发送(hex): 03
[2026/09/11 10:49:11] 发送(hex): 0d
[2026/09/11 10:49:11] 发送(hex): 20
[2026/09/11 10:49:11] 发送(hex): 03
[2026/09/11 10:49:11] 发送(hex): 0d
[2026/09/11 10:49:11] 发送(hex): 20
[2026/09/11 10:49:11] 发送(hex): 03
[2026/09/11 10:49:11] 发送(hex): 0d
[2026/09/11 10:49:11] 发送(hex): 20
[2026/09/11 10:49:11] 发送(hex): 03
[2026/09/11 10:49:11] 发送(hex): 0d
[2026/09/11 10:49:11] 发送(hex): 20
[2026/09/11 10:49:11] 发送(hex): 03
[2026/09/11 10:49:11] 发送(hex): 0d
[2026/09/11 10:49:11] 发送(hex): 20
[2026/09/11 10:49:11] 发送(hex): 03
[2026/09/11 10:49:11] 发送(hex): 0d
[2026/09/11 10:49:11] 发送(hex): 20
[2026/09/11 10:49:11] 发送(hex): 03
[2026/09/11 10:49:11] 发送(hex): 0d
[2026/09/11 10:49:11] 发送(hex): 20
[2026/09/11 10:49:11] 发送(hex): 03
[2026/09/11 10:49:11] 发送(hex): 0d
[2026/09/11 10:49:11] 发送(hex): 20
[2026/09/11 10:49:11] 发送(hex): 03
[2026/09/11 10:49:11] 发送(hex): 0d
[2026/09/11 10:49:11] 发送(hex): 20
[2026/09/11 10:49:11] 发送(hex): 03
[2026/09/11 10:49:11] 发送(hex): 0d
[2026/09/11 10:49:11] 发送(hex): 20
[2026/09/11 10:49:11] 发送(hex): 03
[2026/09/11 10:49:11] 发送(hex): 0d
[2026/09/11 10:49:11] 发送(hex): 20
[2026/09/11 10:49:11] 发送(hex): 03
[2026/09/11 10:49:11] 发送(hex): 0d
[2026/09/11 10:49:11] 发送(hex): 20
[2026/09/11 10:49:11] 发送(hex): 03
[2026/09/11 10:49:11] 发送(hex): 0d
[2026/09/11 10:49:11] 发送(hex): 20
[2026/09/11 10:49:11] 发送(hex): 03
[2026/09/11 10:49:11] 发送(hex): 0d
[2026/09/11 10:49:11] 发送(hex): 20
[2026/09/11 10:49:11] 发送(hex): 03
[2026/09/11 10:49:11] 发送(hex): 0d
[2026/09/11 10:49:11] 发送(hex): 20
[2026/09/11 10:49:12] 发送(hex): 03
[2026/09/11 10:49:12] 发送(hex): 0d
[2026/09/11 10:49:12] 发送(hex): 20
[2026/09/11 10:49:12] 发送(hex): 03
[2026/09/11 10:49:12] 发送(hex): 0d
[2026/09/11 10:49:12] 发送(hex): 20
[2026/09/11 10:49:12] 发送(hex): 03
[2026/09/11 10:49:12] 发送(hex): 0d
[2026/09/11 10:49:12] 发送(hex): 20
[2026/09/11 10:49:12] 发送(hex): 03
[2026/09/11 10:49:12] 发送(hex): 0d
[2026/09/11 10:49:12] 发送(hex): 20
[2026/09/11 10:49:12] 发送(hex): 03
[2026/09/11 10:49:12] 发送(hex): 0d
[2026/09/11 10:49:12] 发送(hex): 20
[2026/09/11 10:49:12] 发送(hex): 03
[2026/09/11 10:49:12] 发送(hex): 0d
[2026/09/11 10:49:12] 发送(hex): 20
[2026/09/11 10:49:12] 发送(hex): 03
[2026/09/11 10:49:12] 发送(hex): 0d
[2026/09/11 10:49:12] 发送(hex): 20
[2026/09/11 10:49:12] 发送(hex): 03
[2026/09/11 10:49:12] 发送(hex): 0d
[2026/09/11 10:49:12] 发送(hex): 20
[2026/09/11 10:49:12] 发送(hex): 03
[2026/09/11 10:49:12] 发送(hex): 0d
[2026/09/11 10:49:12] 发送(hex): 20
[2026/09/11 10:49:12] 发送(hex): 03
[2026/09/11 10:49:12] 发送(hex): 0d
[2026/09/11 10:49:12] 发送(hex): 20
[2026/09/11 10:49:12] 发送(hex): 03
[2026/09/11 10:49:12] 发送(hex): 0d
[2026/09/11 10:49:12] 发送(hex): 20
[2026/09/11 10:49:12] 发送(hex): 03
[2026/09/11 10:49:12] 发送(hex): 0d
[2026/09/11 10:49:12] 发送(hex): 20
[2026/09/11 10:49:12] 发送(hex): 03
[2026/09/11 10:49:12] 发送(hex): 0d
[2026/09/11 10:49:12] 发送(hex): 20
[2026/09/11 10:49:12] 发送(hex): 03
[2026/09/11 10:49:12] 发送(hex): 0d
[2026/09/11 10:49:12] 发送(hex): 20
[2026/09/11 10:49:12] 发送(hex): 03
[2026/09/11 10:49:12] 发送(hex): 0d
[2026/09/11 10:49:12] 发送(hex): 20
[2026/09/11 10:49:12] 发送(hex): 03
[2026/09/11 10:49:12] 发送(hex): 0d
[2026/09/11 10:49:12] 发送(hex): 20
[2026/09/11 10:49:12] 发送(hex): 03
[2026/09/11 10:49:12] 发送(hex): 0d
[2026/09/11 10:49:12] 发送(hex): 20
[2026/09/11 10:49:12] 发送(hex): 03
[2026/09/11 10:49:12] 发送(hex): 0d
[2026/09/11 10:49:12] 发送(hex): 20
[2026/09/11 10:49:12] 发送(hex): 03
[2026/09/11 10:49:12] 发送(hex): 0d
[2026/09/11 10:49:12] 发送(hex): 20
[2026/09/11 10:49:12] 发送(hex): 03
[2026/09/11 10:49:12] 发送(hex): 0d
[2026/09/11 10:49:12] 发送(hex): 20
[2026/09/11 10:49:12] 发送(hex): 03
[2026/09/11 10:49:12] 发送(hex): 0d
[2026/09/11 10:49:12] 发送(hex): 20
[2026/09/11 10:49:12] 发送(hex): 03
[2026/09/11 10:49:12] 发送(hex): 0d
[2026/09/11 10:49:12] 发送(hex): 20
[2026/09/11 10:49:12] 发送(hex): 03
[2026/09/11 10:49:12] 发送(hex): 0d
[2026/09/11 10:49:12] 发送(hex): 20
[2026/09/11 10:49:12] 发送(hex): 03
[2026/09/11 10:49:12] 发送(hex): 0d
[2026/09/11 10:49:12] 发送(hex): 20
[2026/09/11 10:49:12] 发送(hex): 03
[2026/09/11 10:49:12] 发送(hex): 0d
[2026/09/11 10:49:12] 发送(hex): 20
[2026/09/11 10:49:12] 发送(hex): 03
[2026/09/11 10:49:12] 发送(hex): 0d
[2026/09/11 10:49:12] 发送(hex): 20
[2026/09/11 10:49:12] 发送(hex): 03
[2026/09/11 10:49:12] 发送(hex): 0d
[2026/09/11 10:49:12] 发送(hex): 20
[2026/09/11 10:49:12] 发送(hex): 03
[2026/09/11 10:49:12] 发送(hex): 0d
[2026/09/11 10:49:12] 发送(hex): 20
[2026/09/11 10:49:12] 发送(hex): 03
[2026/09/11 10:49:12] 发送(hex): 0d
[2026/09/11 10:49:12] 发送(hex): 20
[2026/09/11 10:49:12] 发送(hex): 03
[2026/09/11 10:49:12] 发送(hex): 0d
[2026/09/11 10:49:12] 发送(hex): 20
[2026/09/11 10:49:12] 发送(hex): 03
[2026/09/11 10:49:12] [    5
[2026/09/11 10:49:12] 发送(hex): 0d
[2026/09/11 10:49:12] 发送(hex): 20
[2026/09/11 10:49:13] 发送(hex): 03
[2026/09/11 10:49:13] 发送(hex): 0d
[2026/09/11 10:49:13] .017676][  T322] mtk_and: line 0: glide-disk-cach%com.google.android.apps.tv.launcherx=S:N-20
[2026/09/11 10:49:13] [    5.026981][  T322] mtk_and: line 1: animation%com.netflix.ninja=S:N-10
[2026/09/11 10:49:13] [    5.033731][  T322] mtk_and: line 2: Thread-17%com.amazon.amazonvideo.livingroom=S:R1
[2026/09/11 10:49:13] [    5.041643][  T322] mtk_and: line 3: Thread-18%com.amazon.amazonvideo.livingroom=S:R1
[2026/09/11 10:49:13] 发送(hex): 20
[2026/09/11 10:49:13] 发送(hex): 03
[2026/09/11 10:49:13] 发送(hex): 0d
[2026/09/11 10:49:13] 发送(hex): 20
[2026/09/11 10:49:13] 发送(hex): 03
[2026/09/11 10:49:13] 发送(hex): 0d
[2026/09/11 10:49:13] 发送(hex): 20
[2026/09/11 10:49:13] 发送(hex): 03
[2026/09/11 10:49:13] 发送(hex): 0d
[2026/09/11 10:49:13] 发送(hex): 20
[2026/09/11 10:49:13] 发送(hex): 03
[2026/09/11 10:49:13] 发送(hex): 0d
[2026/09/11 10:49:13] 发送(hex): 20
[2026/09/11 10:49:13] 发送(hex): 03
[2026/09/11 10:49:13] 发送(hex): 0d
[2026/09/11 10:49:13] 发送(hex): 20
[2026/09/11 10:49:13] 发送(hex): 03
[2026/09/11 10:49:13] 发送(hex): 0d
[2026/09/11 10:49:13] 发送(hex): 20
[2026/09/11 10:49:13] 发送(hex): 03
[2026/09/11 10:49:13] 发送(hex): 0d
[2026/09/11 10:49:13] 发送(hex): 20
[2026/09/11 10:49:13] 发送(hex): 03
[2026/09/11 10:49:13] 发送(hex): 0d
[2026/09/11 10:49:13] ^C
[2026/09/11 10:49:13] 发送(hex): 20
[2026/09/11 10:49:13] 发送(hex): 03
[2026/09/11 10:49:13] 发送(hex): 0d
[2026/09/11 10:49:13] 发送(hex): 20
[2026/09/11 10:49:13] 发送(hex): 03
[2026/09/11 10:49:13] [    5.361803][  T120] mtu3 1c7a3e00.u
[2026/09/11 10:49:13] 发送(hex): 0d
[2026/09/11 10:49:13] 发送(hex): 20
[2026/09/11 10:49:13] sb: ssusb clock enable
[2026/09/11 10:49:13] [    5.373638][  T120] mtu3 1c1b3e00.usb: ssusb clock enable
[2026/09/11 10:49:13] 发送(hex): 03
[2026/09/11 10:49:13] 发送(hex): 0d
[2026/09/11 10:49:13] 发送(hex): 20
[2026/09/11 10:49:13] 发送(hex): 03
[2026/09/11 10:49:13] 发送(hex): 0d
[2026/09/11 10:49:13] 发送(hex): 20
[2026/09/11 10:49:13] 发送(hex): 03
[2026/09/11 10:49:13] 发送(hex): 0d
[2026/09/11 10:49:13] 发送(hex): 20
[2026/09/11 10:49:13] 发送(hex): 03
[2026/09/11 10:49:13] 发送(hex): 0d
[2026/09/11 10:49:13] 发送(hex): 20
[2026/09/11 10:49:13] 发送(hex): 03
[2026/09/11 10:49:13] 发送(hex): 0d
[2026/09/11 10:49:13] 发送(hex): 20
[2026/09/11 10:49:13] 发送(hex): 03
[2026/09/11 10:49:13] 发送(hex): 0d
[2026/09/11 10:49:13] 发送(hex): 20
[2026/09/11 10:49:13] 发送(hex): 03
[2026/09/11 10:49:13] 发送(hex): 0d
[2026/09/11 10:49:13] 发送(hex): 20
[2026/09/11 10:49:13] 发送(hex): 03
[2026/09/11 10:49:13] 发送(hex): 0d
[2026/09/11 10:49:13] 发送(hex): 20
[2026/09/11 10:49:13] 发送(hex): 03
[2026/09/11 10:49:13] 发送(hex): 0d
[2026/09/11 10:49:13] 发送(hex): 20
[2026/09/11 10:49:13] 发送(hex): 03
[2026/09/11 10:49:13] 发送(hex): 0d
[2026/09/11 10:49:13] 发送(hex): 20
[2026/09/11 10:49:13] 发送(hex): 03
[2026/09/11 10:49:13] 发送(hex): 0d
[2026/09/11 10:49:13] 发送(hex): 20
[2026/09/11 10:49:13] 发送(hex): 03
[2026/09/11 10:49:13] 发送(hex): 0d
[2026/09/11 10:49:13] 发送(hex): 20
[2026/09/11 10:49:13] 发送(hex): 03
[2026/09/11 10:49:13] 发送(hex): 0d
[2026/09/11 10:49:13] 发送(hex): 20
[2026/09/11 10:49:13] 发送(hex): 03
[2026/09/11 10:49:13] 发送(hex): 0d
[2026/09/11 10:49:13] 发送(hex): 20
[2026/09/11 10:49:13] 发送(hex): 03
[2026/09/11 10:49:13] 发送(hex): 0d
[2026/09/11 10:49:13] 发送(hex): 20
[2026/09/11 10:49:13] 发送(hex): 03
[2026/09/11 10:49:13] 发送(hex): 0d
[2026/09/11 10:49:13] 发送(hex): 20
[2026/09/11 10:49:13] 发送(hex): 03
[2026/09/11 10:49:13] 发送(hex): 0d
[2026/09/11 10:49:13] 发送(hex): 20
[2026/09/11 10:49:13] 发送(hex): 03
[2026/09/11 10:49:13] 发送(hex): 0d
[2026/09/11 10:49:13] 发送(hex): 20
[2026/09/11 10:49:13] 发送(hex): 03
[2026/09/11 10:49:13] 发送(hex): 0d
[2026/09/11 10:49:13] 发送(hex): 20
[2026/09/11 10:49:13] 发送(hex): 03
[2026/09/11 10:49:13] 发送(hex): 0d
[2026/09/11 10:49:13] 发送(hex): 20
[2026/09/11 10:49:13] 发送(hex): 03
[2026/09/11 10:49:14] 发送(hex): 0d
[2026/09/11 10:49:14] 发送(hex): 20
[2026/09/11 10:49:14] 发送(hex): 03
[2026/09/11 10:49:14] 发送(hex): 0d
[2026/09/11 10:49:14] 发送(hex): 20
[2026/09/11 10:49:14] 发送(hex): 03
[2026/09/11 10:49:14] 发送(hex): 0d
[2026/09/11 10:49:14] 发送(hex): 20
[2026/09/11 10:49:14] 发送(hex): 03
[2026/09/11 10:49:14] 发送(hex): 0d
[2026/09/11 10:49:14] 发送(hex): 20
[2026/09/11 10:49:14] 发送(hex): 03
[2026/09/11 10:49:14] 发送(hex): 0d
[2026/09/11 10:49:14] 发送(hex): 20
[2026/09/11 10:49:14] 发送(hex): 03
[2026/09/11 10:49:14] 发送(hex): 0d
[2026/09/11 10:49:14] 发送(hex): 20
[2026/09/11 10:49:14] 发送(hex): 03
[2026/09/11 10:49:14] 发送(hex): 0d
[2026/09/11 10:49:14] 发送(hex): 20
[2026/09/11 10:49:14] 发送(hex): 03
[2026/09/11 10:49:14] 发送(hex): 0d
[2026/09/11 10:49:14] 发送(hex): 20
[2026/09/11 10:49:14] 发送(hex): 03
[2026/09/11 10:49:14] 发送(hex): 0d
[2026/09/11 10:49:14] 发送(hex): 20
[2026/09/11 10:49:14] 发送(hex): 03
[2026/09/11 10:49:14] 发送(hex): 0d
[2026/09/11 10:49:14] 发送(hex): 20
[2026/09/11 10:49:14] 发送(hex): 03
[2026/09/11 10:49:14] 发送(hex): 0d
[2026/09/11 10:49:14] [    6.363880][  T120] realtime_framework_init
[2026/09/11 10:49:14] 发送(hex): 20
[2026/09/11 10:49:14] 发送(hex): 03
[2026/09/11 10:49:14] is invoked
[2026/09/11 10:49:14] [    6.369097][  T120] realtime_module_init [538], REALTIME_UID=2941
[2026/09/11 10:49:14] [    6.387385][
[2026/09/11 10:49:14] 发送(hex): 0d
[2026/09/11 10:49:14] T407] tcl_vdf: vdf_send_task run..
[2026/09/11 10:49:14] ^C
[2026/09/11 10:49:14] 发送(hex): 20
[2026/09/11 10:49:14] 发送(hex): 03
[2026/09/11 10:49:14] 发送(hex): 0d
[2026/09/11 10:49:14] ^C
[2026/09/11 10:49:14] 发送(hex): 20
[2026/09/11 10:49:14] 发送(hex): 03
[2026/09/11 10:49:14] 发送(hex): 0d
[2026/09/11 10:49:14] 发送(hex): 20
[2026/09/11 10:49:14] 发送(hex): 03
[2026/09/11 10:49:14] 发送(hex): 0d
[2026/09/11 10:49:14] 发送(hex): 20
[2026/09/11 10:49:14] 发送(hex): 03
[2026/09/11 10:49:14] 发送(hex): 0d
[2026/09/11 10:49:14] 发送(hex): 20
[2026/09/11 10:49:14] 发送(hex): 03
[2026/09/11 10:49:14] [    6.518653][  T412] [austin_demod_dd][demod_probe] name = [austin_demod]
[2026/09/11 10:49:14] [    6.526284][  T412] [demod_probe][120] austin_dev->client->addr = 0x79
[2026/09/11 10:49:14] [    6.533089][  T412] [austin_chk_exist][74] ret -121, --- 0 9 3 2
[2026/09/11 10:49:14] 发送(hex): 0d
[2026/09/11 10:49:14] 发送(hex): 20
[2026/09/11 10:49:14] [    6.562560][  T412] [mdbgin_merak_demod_dd][mtk_demod_cust
[2026/09/11 10:49:14] 发送(hex): 03
[2026/09/11 10:49:14] 发送(hex): 0d
[2026/09/11 10:49:14] 发送(hex): 20
[2026/09/11 10:49:14] om_file_open][2503] __entry__
[2026/09/11 10:49:14] [    6.570617][  T412] [mtk_demod_custom_file_open][2542] CUSTOM_EQ_TYPE7
[2026/09/11 10:49:14] [    6.577296][  T412] [mtk_demod_custom_file_open][2554] custom file open fail !
[2026/09/11 10:49:14] [    6.584611][  T412] 1ce00000.mtk-demod is already registered, pass it
[2026/09/11 10:49:14] 发送(hex): 03
[2026/09/11 10:49:14] 发送(hex): 0d
[2026/09/11 10:49:14] 发送(hex): 20
[2026/09/11 10:49:14] 发送(hex): 03
[2026/09/11 10:49:14] 发送(hex): 0d
[2026/09/11 10:49:14] 发送(hex): 20
[2026/09/11 10:49:14] 发送(hex): 03
[2026/09/11 10:49:14] 发送(hex): 0d
[2026/09/11 10:49:14] 发送(hex): 20
[2026/09/11 10:49:14] 发送(hex): 03
[2026/09/11 10:49:14] 发送(hex): 0d
[2026/09/11 10:49:14] 发送(hex): 20
[2026/09/11 10:49:14] 发送(hex): 03
[2026/09/11 10:49:14] 发送(hex): 0d
[2026/09/11 10:49:14] 发送(hex): 20
[2026/09/11 10:49:14] 发送(hex): 03
[2026/09/11 10:49:14] 发送(hex): 0d
[2026/09/11 10:49:14] 发送(hex): 20
[2026/09/11 10:49:14] 发送(hex): 03
[2026/09/11 10:49:14] 发送(hex): 0d
[2026/09/11 10:49:14] 发送(hex): 20
[2026/09/11 10:49:14] 发送(hex): 03
[2026/09/11 10:49:14] 发送(hex): 0d
[2026/09/11 10:49:14] 发送(hex): 20
[2026/09/11 10:49:14] 发送(hex): 03
[2026/09/11 10:49:14] 发送(hex): 0d
[2026/09/11 10:49:14] 发送(hex): 20
[2026/09/11 10:49:14] 发送(hex): 03
[2026/09/11 10:49:14] 发送(hex): 0d
[2026/09/11 10:49:14] 发送(hex): 20
[2026/09/11 10:49:14] 发送(hex): 03
[2026/09/11 10:49:14] 发送(hex): 0d
[2026/09/11 10:49:14] 发送(hex): 20
[2026/09/11 10:49:14] ^C
[2026/09/11 10:49:14] 发送(hex): 03
[2026/09/11 10:49:14] 发送(hex): 0d
[2026/09/11 10:49:14] 发送(hex): 20
[2026/09/11 10:49:14] 发送(hex): 03
[2026/09/11 10:49:14] 发送(hex): 0d
[2026/09/11 10:49:14] 发送(hex): 20
[2026/09/11 10:49:14] 发送(hex): 03
[2026/09/11 10:49:14] 发送(hex): 0d
[2026/09/11 10:49:15] 发送(hex): 20
[2026/09/11 10:49:15] 发送(hex): 03
[2026/09/11 10:49:15] [    7.024028][  T120] kallsyms_lookup_name with kp ffffffc00822d4dc,ret=0
[2026/09/11 10:49:15] [    7.030825][  T120] stall_debug: chip id 0
[2026/09/11 10:49:15] [    7.035546][  T120] can not find process with name sh
[2026/09/11 10:49:15] [    7.040793][  T120] stall_debug: hook sysrq-c OK
[2026/09/11 10:49:15] [    7.045644][  T120] stall_debug: alloc 1000 memory ok
[2026/09/11 10:49:15] 发送(hex): 0d
[2026/09/11 10:49:15] 发送(hex): 20
[2026/09/11 10:49:15] [    7.066290][  T120] kallsyms_lookup_name with kp ffffffc00822d4dc,ret=0
[2026/09/11 10:49:15] [    7.083980][  T452] stall_de
[2026/09/11 10:49:15] 发送(hex): 03
[2026/09/11 10:49:15] 发送(hex): 0d
[2026/09/11 10:49:15] 发送(hex): 20
[2026/09/11 10:49:15] 发送(hex): 03
[2026/09/11 10:49:15] 发送(hex): 0d
[2026/09/11 10:49:15] 发送(hex): 20
[2026/09/11 10:49:15] bug: rd_pid_max is 32768
[2026/09/11 10:49:15] [    7.089070][  T452] stall_debug: ptr_task_scs=ffffffc00c8a1000,size=40000
[2026/09/11 10:49:15] [    7.101790][  T120] kallsyms_lookup_name with kp ffffffc00822d4dc,ret=0
[2026/09/11 10:49:15] [    7.110213][  T120] die_helper: log_buf is from ffffffc00a8f0060,len 20000
[2026/09/11 10:49:15] [    7.117362][  T120] die_helper: log_buf pa is from 0x00000000288f0060,len 20000
[2026/09/11 10:49:15] [    7.125457][  T120] can not find process with name sh
[2026/09/11 10:49:15] 发送(hex): 03
[2026/09/11 10:49:15] 发送(hex): 0d
[2026/09/11 10:49:15] 发送(hex): 20
[2026/09/11 10:49:15] [
[2026/09/11 10:49:15] 发送(hex): 03
[2026/09/11 10:49:15] 7.175453][  T452] stall_debug: enable ip record by scs OK
[2026/09/11 10:49:15] 发送(hex): 0d
[2026/09/11 10:49:15] 发送(hex): 20
[2026/09/11 10:49:15] 发送(hex): 03
[2026/09/11 10:49:15] 发送(hex): 0d
[2026/09/11 10:49:15] 发送(hex): 20
[2026/09/11 10:49:15] 发送(hex): 03
[2026/09/11 10:49:15] 发送(hex): 0d
[2026/09/11 10:49:15] 发送(hex): 20
[2026/09/11 10:49:15] 发送(hex): 03
[2026/09/11 10:49:15] 发送(hex): 0d
[2026/09/11 10:49:15] 发送(hex): 20
[2026/09/11 10:49:15] 发送(hex): 03
[2026/09/11 10:49:15] 发送(hex): 0d
[2026/09/11 10:49:15] 发送(hex): 20
[2026/09/11 10:49:15] 发送(hex): 03
[2026/09/11 10:49:15] 发送(hex): 0d
[2026/09/11 10:49:15] 发送(hex): 20
[2026/09/11 10:49:15] 发送(hex): 03
[2026/09/11 10:49:15] 发送(hex): 0d
[2026/09/11 10:49:15] 发送(hex): 20
[2026/09/11 10:49:15] 发送(hex): 03
[2026/09/11 10:49:15] 发送(hex): 0d
[2026/09/11 10:49:15] 发送(hex): 20
[2026/09/11 10:49:15] 发送(hex): 03
[2026/09/11 10:49:15] 发送(hex): 0d
[2026/09/11 10:49:15] 发送(hex): 20
[2026/09/11 10:49:15] 发送(hex): 03
[2026/09/11 10:49:15] 发送(hex): 0d
[2026/09/11 10:49:15] 发送(hex): 20
[2026/09/11 10:49:15] 发送(hex): 03
[2026/09/11 10:49:15] 发送(hex): 0d
[2026/09/11 10:49:15] 发送(hex): 20
[2026/09/11 10:49:15] 发送(hex): 03
[2026/09/11 10:49:15] 发送(hex): 0d
[2026/09/11 10:49:15] 发送(hex): 20
[2026/09/11 10:49:15] 发送(hex): 03
[2026/09/11 10:49:15] 发送(hex): 0d
[2026/09/11 10:49:15] 发送(hex): 20
[2026/09/11 10:49:15] 发送(hex): 03
[2026/09/11 10:49:15] 发送(hex): 0d
[2026/09/11 10:49:15] 发送(hex): 20
[2026/09/11 10:49:15] 发送(hex): 03
[2026/09/11 10:49:15] 发送(hex): 0d
[2026/09/11 10:49:15] 发送(hex): 20
[2026/09/11 10:49:15] 发送(hex): 03
[2026/09/11 10:49:15] 发送(hex): 0d
[2026/09/11 10:49:15] 发送(hex): 20
[2026/09/11 10:49:15] 发送(hex): 03
[2026/09/11 10:49:15] 发送(hex): 0d
[2026/09/11 10:49:15] 发送(hex): 20
[2026/09/11 10:49:15] 发送(hex): 03
[2026/09/11 10:49:15] 发送(hex): 0d
[2026/09/11 10:49:15] 发送(hex): 20
[2026/09/11 10:49:15] 发送(hex): 03
[2026/09/11 10:49:15] 发送(hex): 0d
[2026/09/11 10:49:15] 发送(hex): 20
[2026/09/11 10:49:15] ^C
[2026/09/11 10:49:15] 发送(hex): 03
[2026/09/11 10:49:15] 发送(hex): 0d
[2026/09/11 10:49:15] 发送(hex): 20
[2026/09/11 10:49:15] 发送(hex): 03
[2026/09/11 10:49:15] 发送(hex): 0d
[2026/09/11 10:49:15] 发送(hex): 20
[2026/09/11 10:49:15] 发送(hex): 03
[2026/09/11 10:49:15] 发送(hex): 0d
[2026/09/11 10:49:15] 发送(hex): 20
[2026/09/11 10:49:15] 发送(hex): 03
[2026/09/11 10:49:15] 发送(hex): 0d
[2026/09/11 10:49:15] 发送(hex): 20
[2026/09/11 10:49:15] 发送(hex): 03
[2026/09/11 10:49:15] 发送(hex): 0d
[2026/09/11 10:49:15] ^C
[2026/09/11 10:49:15] ^C
[2026/09/11 10:49:15] 发送(hex): 20
[2026/09/11 10:49:15] 发送(hex): 03
[2026/09/11 10:49:15] 发送(hex): 0d
[2026/09/11 10:49:15] 发送(hex): 20
[2026/09/11 10:49:15] 发送(hex): 03
[2026/09/11 10:49:15] 发送(hex): 0d
[2026/09/11 10:49:15] ^C
[2026/09/11 10:49:15] 发送(hex): 20
[2026/09/11 10:49:15] 发送(hex): 03
[2026/09/11 10:49:15] 发送(hex): 0d
[2026/09/11 10:49:15] 发送(hex): 20
[2026/09/11 10:49:16] 发送(hex): 03
[2026/09/11 10:49:16] 发送(hex): 0d
[2026/09/11 10:49:16] 发送(hex): 20
[2026/09/11 10:49:16] 发送(hex): 03
[2026/09/11 10:49:16] 发送(hex): 0d
[2026/09/11 10:49:16] [    8.070727][  T408] mtk_realtime_get_ret_value TIMEOUT=10001, ret=19088743, CmdIdx=1, Domain=N/A
[2026/09/11 10:49:16] 发送(hex): 20
[2026/09/11 10:49:16] 发送(hex): 03
[2026/09/11 10:49:16] 发送(hex): 0d
[2026/09/11 10:49:16] 发送(hex): 20
[2026/09/11 10:49:16] 发送(hex): 03
[2026/09/11 10:49:16] 发送(hex): 0d
[2026/09/11 10:49:16] 发送(hex): 20
[2026/09/11 10:49:16] 发送(hex): 03
[2026/09/11 10:49:16] 发送(hex): 0d
[2026/09/11 10:49:16] 发送(hex): 20
[2026/09/11 10:49:16] 发送(hex): 03
[2026/09/11 10:49:16] 发送(hex): 0d
[2026/09/11 10:49:16] 发送(hex): 20
[2026/09/11 10:49:16] 发送(hex): 03
[2026/09/11 10:49:16] 发送(hex): 0d
[2026/09/11 10:49:16] 发送(hex): 20
[2026/09/11 10:49:16] 发送(hex): 03
[2026/09/11 10:49:16] [    8.256993][  T579] watchdog: watchdog0: watchdog did not stop!
[2026/09/11 10:49:16] 发送(hex): 0d
[2026/09/11 10:49:16] 发送(hex): 20
[2026/09/11 10:49:16] 发送(hex): 03
[2026/09/11 10:49:16] 发送(hex): 0d
[2026/09/11 10:49:16] 发送(hex): 20
[2026/09/11 10:49:16] 发送(hex): 03
[2026/09/11 10:49:16] 发送(hex): 0d
[2026/09/11 10:49:16] 发送(hex): 20
[2026/09/11 10:49:16] 发送(hex): 03
[2026/09/11 10:49:16] 发送(hex): 0d
[2026/09/11 10:49:16] 发送(hex): 20
[2026/09/11 10:49:16] 发送(hex): 03
[2026/09/11 10:49:16] 发送(hex): 0d
[2026/09/11 10:49:16] 发送(hex): 20
[2026/09/11 10:49:16] 发送(hex): 03
[2026/09/11 10:49:16] 发送(hex): 0d
[2026/09/11 10:49:16] 发送(hex): 20
[2026/09/11 10:49:16] 发送(hex): 03
[2026/09/11 10:49:16] 发送(hex): 0d
[2026/09/11 10:49:16] 发送(hex): 20
[2026/09/11 10:49:16] 发送(hex): 03
[2026/09/11 10:49:16] 发送(hex): 0d
[2026/09/11 10:49:16] 发送(hex): 20
[2026/09/11 10:49:16] 发送(hex): 03
[2026/09/11 10:49:16] 发送(hex): 0d
[2026/09/11 10:49:16] 发送(hex): 20
[2026/09/11 10:49:16] [    8.534640][  T620] watchdog: watchdog0: watchdog did not stop!
[2026/09/11 10:49:16] 发送(hex): 03
[2026/09/11 10:49:16] 发送(hex): 0d
[2026/09/11 10:49:16] 发送(hex): 20
[2026/09/11 10:49:16] 发送(hex): 03
[2026/09/11 10:49:16] 发送(hex): 0d
[2026/09/11 10:49:16] 发送(hex): 20
[2026/09/11 10:49:16] 发送(hex): 03
[2026/09/11 10:49:16] 发送(hex): 0d
[2026/09/11 10:49:16] 发送(hex): 20
[2026/09/11 10:49:16] 发送(hex): 03
[2026/09/11 10:49:16] 发送(hex): 0d
[2026/09/11 10:49:16] 发送(hex): 20
[2026/09/11 10:49:16] 发送(hex): 03
[2026/09/11 10:49:16] 发送(hex): 0d
[2026/09/11 10:49:16] 发送(hex): 20
[2026/09/11 10:49:16] 发送(hex): 03
[2026/09/11 10:49:16] 发送(hex): 0d
[2026/09/11 10:49:16] 发送(hex): 20
[2026/09/11 10:49:16] 发送(hex): 03
[2026/09/11 10:49:16] 发送(hex): 0d
[2026/09/11 10:49:16] 发送(hex): 20
[2026/09/11 10:49:16] 发送(hex): 03
[2026/09/11 10:49:16] 发送(hex): 0d
[2026/09/11 10:49:16] 发送(hex): 20
[2026/09/11 10:49:16] 发送(hex): 03
[2026/09/11 10:49:16] 发送(hex): 0d
[2026/09/11 10:49:16] 发送(hex): 20
[2026/09/11 10:49:16] 发送(hex): 03
[2026/09/11 10:49:16] 发送(hex): 0d
[2026/09/11 10:49:16] 发送(hex): 20
[2026/09/11 10:49:16] 发送(hex): 03
[2026/09/11 10:49:16] 发送(hex): 0d
[2026/09/11 10:49:16] 发送(hex): 20
[2026/09/11 10:49:16] 发送(hex): 03
[2026/09/11 10:49:16] 发送(hex): 0d
[2026/09/11 10:49:16] 发送(hex): 20
[2026/09/11 10:49:16] 发送(hex): 03
[2026/09/11 10:49:16] 发送(hex): 0d
[2026/09/11 10:49:16] 发送(hex): 20
[2026/09/11 10:49:16] 发送(hex): 03
[2026/09/11 10:49:16] 发送(hex): 0d
[2026/09/11 10:49:16] 发送(hex): 20
[2026/09/11 10:49:16] 发送(hex): 03
[2026/09/11 10:49:16] 发送(hex): 0d
[2026/09/11 10:49:16] 发送(hex): 20
[2026/09/11 10:49:17] 发送(hex): 03
[2026/09/11 10:49:17] 发送(hex): 0d
[2026/09/11 10:49:17] 发送(hex): 20
[2026/09/11 10:49:17] 发送(hex): 03
[2026/09/11 10:49:17] 发送(hex): 0d
[2026/09/11 10:49:17] ^C
[2026/09/11 10:49:17] 发送(hex): 20
[2026/09/11 10:49:17] 发送(hex): 03
[2026/09/11 10:49:17] 发送(hex): 0d
[2026/09/11 10:49:17] 发送(hex): 20
[2026/09/11 10:49:17] 发送(hex): 03
[2026/09/11 10:49:17] 发送(hex): 0d
[2026/09/11 10:49:17] 发送(hex): 20
[2026/09/11 10:49:17] 发送(hex): 03
[2026/09/11 10:49:17] 发送(hex): 0d
[2026/09/11 10:49:17] 发送(hex): 20
[2026/09/11 10:49:17] 发送(hex): 03
[2026/09/11 10:49:17] 发送(hex): 0d
[2026/09/11 10:49:17] 发送(hex): 20
[2026/09/11 10:49:17] 发送(hex): 03
[2026/09/11 10:49:17] 发送(hex): 0d
[2026/09/11 10:49:17] 发送(hex): 20
[2026/09/11 10:49:17] 发送(hex): 03
[2026/09/11 10:49:17] 发送(hex): 0d
[2026/09/11 10:49:17] 发送(hex): 20
[2026/09/11 10:49:17] 发送(hex): 03
[2026/09/11 10:49:17] 发送(hex): 0d
[2026/09/11 10:49:17] 发送(hex): 20
[2026/09/11 10:49:17] 发送(hex): 03
[2026/09/11 10:49:17] 发送(hex): 0d
[2026/09/11 10:49:17] 发送(hex): 20
[2026/09/11 10:49:17] 发送(hex): 03
[2026/09/11 10:49:17] [    9.344511][  T408] mtk_realtime_get_ret_value TIMEOUT=10001, ret=19088743, CmdIdx=3, Domain=Domain_PquModule
[2026/09/11 10:49:17] 发送(hex): 0d
[2026/09/11 10:49:17] 发送(hex): 20
[2026/09/11 10:49:17] 发送(hex): 03
[2026/09/11 10:49:17] 发送(hex): 0d
[2026/09/11 10:49:17] 发送(hex): 20
[2026/09/11 10:49:17] 发送(hex): 03
[2026/09/11 10:49:17] 发送(hex): 0d
[2026/09/11 10:49:17] 发送(hex): 20
[2026/09/11 10:49:17] 发送(hex): 03
[2026/09/11 10:49:17] 发送(hex): 0d
[2026/09/11 10:49:17] 发送(hex): 20
[2026/09/11 10:49:17] 发送(hex): 03
[2026/09/11 10:49:17] [    9.4921
[2026/09/11 10:49:17] 发送(hex): 0d
[2026/09/11 10:49:17] 发送(hex): 20
[2026/09/11 10:49:17] 07][  T683] [mzc] init done
[2026/09/11 10:49:17] 发送(hex): 03
[2026/09/11 10:49:17] 发送(hex): 0d
[2026/09/11 10:49:17] 发送(hex): 20
[2026/09/11 10:49:17] 发送(hex): 03
[2026/09/11 10:49:17] 发送(hex): 0d
[2026/09/11 10:49:17] 发送(hex): 20
[2026/09/11 10:49:17] 发送(hex): 03
[2026/09/11 10:49:17] 发送(hex): 0d
[2026/09/11 10:49:17] 发送(hex): 20
[2026/09/11 10:49:17] 发送(hex): 03
[2026/09/11 10:49:17] 发送(hex): 0d
[2026/09/11 10:49:17] 发送(hex): 20
[2026/09/11 10:49:17] 发送(hex): 03
[2026/09/11 10:49:17] 发送(hex): 0d
[2026/09/11 10:49:17] 发送(hex): 20
[2026/09/11 10:49:17] 发送(hex): 03
[2026/09/11 10:49:17] 发送(hex): 0d
[2026/09/11 10:49:17] 发送(hex): 20
[2026/09/11 10:49:17] 发送(hex): 03
[2026/09/11 10:49:17] 发送(hex): 0d
[2026/09/11 10:49:17] 发送(hex): 20
[2026/09/11 10:49:17] 发送(hex): 03
[2026/09/11 10:49:17] 发送(hex): 0d
[2026/09/11 10:49:17] 发送(hex): 20
[2026/09/11 10:49:17] 发送(hex): 03
[2026/09/11 10:49:17] 发送(hex): 0d
[2026/09/11 10:49:17] 发送(hex): 20
[2026/09/11 10:49:17] 发送(hex): 03
[2026/09/11 10:49:17] 发送(hex): 0d
[2026/09/11 10:49:17] 发送(hex): 20
[2026/09/11 10:49:17] 发送(hex): 03
[2026/09/11 10:49:17] 发送(hex): 0d
[2026/09/11 10:49:17] 发送(hex): 20
[2026/09/11 10:49:17] 发送(hex): 03
[2026/09/11 10:49:17] 发送(hex): 0d
[2026/09/11 10:49:17] 发送(hex): 20
[2026/09/11 10:49:17] 发送(hex): 03
[2026/09/11 10:49:17] 发送(hex): 0d
[2026/09/11 10:49:17] 发送(hex): 20
[2026/09/11 10:49:17] 发送(hex): 03
[2026/09/11 10:49:17] 发送(hex): 0d
[2026/09/11 10:49:17] 发送(hex): 20
[2026/09/11 10:49:17] 发送(hex): 03
[2026/09/11 10:49:17] 发送(hex): 0d
[2026/09/11 10:49:17] 发送(hex): 20
[2026/09/11 10:49:17] 发送(hex): 03
[2026/09/11 10:49:17] 发送(hex): 0d
[2026/09/11 10:49:17] 发送(hex): 20
[2026/09/11 10:49:17] 发送(hex): 03
[2026/09/11 10:49:18] 发送(hex): 0d
[2026/09/11 10:49:18] 发送(hex): 20
[2026/09/11 10:49:18] 发送(hex): 03
[2026/09/11 10:49:18] 发送(hex): 0d
[2026/09/11 10:49:18] 发送(hex): 20
[2026/09/11 10:49:18] 发送(hex): 03
[2026/09/11 10:49:18] 发送(hex): 0d
[2026/09/11 10:49:18] 发送(hex): 20
[2026/09/11 10:49:18] 发送(hex): 03
[2026/09/11 10:49:18] 发送(hex): 0d
[2026/09/11 10:49:18] 发送(hex): 20
[2026/09/11 10:49:18] 发送(hex): 03
[2026/09/11 10:49:18] 发送(hex): 0d
[2026/09/11 10:49:18] 发送(hex): 20
[2026/09/11 10:49:18] 发送(hex): 03
[2026/09/11 10:49:18] 发送(hex): 0d
[2026/09/11 10:49:18] 发送(hex): 20
[2026/09/11 10:49:18] 发送(hex): 03
[2026/09/11 10:49:18] 发送(hex): 0d
[2026/09/11 10:49:18] 发送(hex): 20
[2026/09/11 10:49:18] 发送(hex): 03
[2026/09/11 10:49:18] 发送(hex): 0d
[2026/09/11 10:49:18] 发送(hex): 20
[2026/09/11 10:49:18] 发送(hex): 03
[2026/09/11 10:49:18] 发送(hex): 0d
[2026/09/11 10:49:18] 发送(hex): 20
[2026/09/11 10:49:18] [   10.293052][  T482] PowerHAL: [AT][AN][DC finish boot]
[2026/09/11 10:49:18] 发送(hex): 03
[2026/09/11 10:49:18] 发送(hex): 0d
[2026/09/11 10:49:18] 发送(hex): 20
[2026/09/11 10:49:18] 发送(hex): 03
[2026/09/11 10:49:18] 发送(hex): 0d
[2026/09/11 10:49:18] 发送(hex): 20
[2026/09/11 10:49:18] 发送(hex): 03
[2026/09/11 10:49:18] 发送(hex): 0d
[2026/09/11 10:49:18] 发送(hex): 20
[2026/09/11 10:49:18] 发送(hex): 03
[2026/09/11 10:49:18] 发送(hex): 0d
[2026/09/11 10:49:18] 发送(hex): 20
[2026/09/11 10:49:18] 发送(hex): 03
[2026/09/11 10:49:18] 发送(hex): 0d
[2026/09/11 10:49:18] 发送(hex): 20
[2026/09/11 10:49:18] 发送(hex): 03
[2026/09/11 10:49:18] 发送(hex): 0d
[2026/09/11 10:49:18] 发送(hex): 20
[2026/09/11 10:49:18] 发送(hex): 03
[2026/09/11 10:49:18] 发送(hex): 0d
[2026/09/11 10:49:18] 发送(hex): 20
[2026/09/11 10:49:18] 发送(hex): 03
[2026/09/11 10:49:18] 发送(hex): 0d
[2026/09/11 10:49:18] 发送(hex): 20
[2026/09/11 10:49:18] 发送(hex): 03
[2026/09/11 10:49:18] 发送(hex): 0d
[2026/09/11 10:49:18] 发送(hex): 20
[2026/09/11 10:49:18] 发送(hex): 03
[2026/09/11 10:49:18] 发送(hex): 0d
[2026/09/11 10:49:18] 发送(hex): 20
[2026/09/11 10:49:18] 发送(hex): 03
[2026/09/11 10:49:18] 发送(hex): 0d
[2026/09/11 10:49:18] 发送(hex): 20
[2026/09/11 10:49:18] [   10.658667][  T410] m
[2026/09/11 10:49:18] 发送(hex): 03
[2026/09/11 10:49:18] 发送(hex): 0d
[2026/09/11 10:49:18] tk_realtime_get_ret_value TIMEOUT=10001, ret=19088743, CmdIdx=1, Domain=N/A
[2026/09/11 10:49:18] 发送(hex): 20
[2026/09/11 10:49:18] 发送(hex): 03
[2026/09/11 10:49:18] 发送(hex): 0d
[2026/09/11 10:49:18] 发送(hex): 20
[2026/09/11 10:49:18] 发送(hex): 03
[2026/09/11 10:49:18] 发送(hex): 0d
[2026/09/11 10:49:18] 发送(hex): 20
[2026/09/11 10:49:18] 发送(hex): 03
[2026/09/11 10:49:18] 发送(hex): 0d
[2026/09/11 10:49:18] 发送(hex): 20
[2026/09/11 10:49:18] 发送(hex): 03
[2026/09/11 10:49:18] 发送(hex): 0d
[2026/09/11 10:49:18] 发送(hex): 20
[2026/09/11 10:49:18] 发送(hex): 03
[2026/09/11 10:49:18] 发送(hex): 0d
[2026/09/11 10:49:18] 发送(hex): 20
[2026/09/11 10:49:18] 发送(hex): 03
[2026/09/11 10:49:18] 发送(hex): 0d
[2026/09/11 10:49:18] 发送(hex): 20
[2026/09/11 10:49:18] 发送(hex): 03
[2026/09/11 10:49:18] 发送(hex): 0d
[2026/09/11 10:49:18] 发送(hex): 20
[2026/09/11 10:49:18] 发送(hex): 03
[2026/09/11 10:49:18] 发送(hex): 0d
[2026/09/11 10:49:18] 发送(hex): 20
[2026/09/11 10:49:18] 发送(hex): 03
[2026/09/11 10:49:18] 发送(hex): 0d
[2026/09/11 10:49:18] 发送(hex): 20
[2026/09/11 10:49:18] 发送(hex): 03
[2026/09/11 10:49:18] 发送(hex): 0d
[2026/09/11 10:49:18] 发送(hex): 20
[2026/09/11 10:49:18] 发送(hex): 03
[2026/09/11 10:49:18] 发送(hex): 0d
[2026/09/11 10:49:19] 发送(hex): 20
[2026/09/11 10:49:19] 发送(hex): 03
[2026/09/11 10:49:19] 发送(hex): 0d
[2026/09/11 10:49:19] 发送(hex): 20
[2026/09/11 10:49:19] 发送(hex): 03
[2026/09/11 10:49:19] 发送(hex): 0d
[2026/09/11 10:49:19] 发送(hex): 20
[2026/09/11 10:49:19] 发送(hex): 03
[2026/09/11 10:49:19] 发送(hex): 0d
[2026/09/11 10:49:19] 发送(hex): 20
[2026/09/11 10:49:19] 发送(hex): 03
[2026/09/11 10:49:19] 发送(hex): 0d
[2026/09/11 10:49:19] 发送(hex): 20
[2026/09/11 10:49:19] 发送(hex): 03
[2026/09/11 10:49:19] 发送(hex): 0d
[2026/09/11 10:49:19] 发送(hex): 20
[2026/09/11 10:49:19] 发送(hex): 03
[2026/09/11 10:49:19] 发送(hex): 0d
[2026/09/11 10:49:19] 发送(hex): 20
[2026/09/11 10:49:19] 发送(hex): 03
[2026/09/11 10:49:19] 发送(hex): 0d
[2026/09/11 10:49:19] 发送(hex): 20
[2026/09/11 10:49:19] 发送(hex): 03
[2026/09/11 10:49:19] 发送(hex): 0d
[2026/09/11 10:49:19] 发送(hex): 20
[2026/09/11 10:49:19] 发送(hex): 03
[2026/09/11 10:49:19] 发送(hex): 0d
[2026/09/11 10:49:19] 发送(hex): 20
[2026/09/11 10:49:19] 发送(hex): 03
[2026/09/11 10:49:19] 发送(hex): 0d
[2026/09/11 10:49:19] 发送(hex): 20
[2026/09/11 10:49:19] 发送(hex): 03
[2026/09/11 10:49:19] 发送(hex): 0d
[2026/09/11 10:49:19] 发送(hex): 20
[2026/09/11 10:49:19] 发送(hex): 03
[2026/09/11 10:49:19] 发送(hex): 0d
[2026/09/11 10:49:19] 发送(hex): 20
[2026/09/11 10:49:19] 发送(hex): 03
[2026/09/11 10:49:19] 发送(hex): 0d
[2026/09/11 10:49:19] 发送(hex): 20
[2026/09/11 10:49:19] 发送(hex): 03
[2026/09/11 10:49:19] 发送(hex): 0d
[2026/09/11 10:49:19] 发送(hex): 20
[2026/09/11 10:49:19] 发送(hex): 03
[2026/09/11 10:49:19] 发送(hex): 0d
[2026/09/11 10:49:19] 发送(hex): 20
[2026/09/11 10:49:19] 发送(hex): 03
[2026/09/11 10:49:19] 发送(hex): 0d
[2026/09/11 10:49:19] 发送(hex): 20
[2026/09/11 10:49:19] 发送(hex): 03
[2026/09/11 10:49:19] 发送(hex): 0d
[2026/09/11 10:49:19] 发送(hex): 20
[2026/09/11 10:49:19] 发送(hex): 03
[2026/09/11 10:49:19] 发送(hex): 0d
[2026/09/11 10:49:19] 发送(hex): 20
[2026/09/11 10:49:19] 发送(hex): 03
[2026/09/11 10:49:19] 发送(hex): 0d
[2026/09/11 10:49:19] 发送(hex): 20
[2026/09/11 10:49:19] 发送(hex): 03
[2026/09/11 10:49:19] 发送(hex): 0d
[2026/09/11 10:49:19] 发送(hex): 20
[2026/09/11 10:49:19] 发送(hex): 03
[2026/09/11 10:49:19] 发送(hex): 0d
[2026/09/11 10:49:19] 发送(hex): 20
[2026/09/11 10:49:19] 发送(hex): 03
[2026/09/11 10:49:19] 发送(hex): 0d
[2026/09/11 10:49:19] 发送(hex): 20
[2026/09/11 10:49:19] [   11.724746][  T689] mtk_realtime_get_ret_value TIMEOUT=10001, ret=19088743, CmdIdx=5, Domain=Domain_PquModule
[2026/09/11 10:49:19] 发送(hex): 03
[2026/09/11 10:49:19] 发送(hex): 0d
[2026/09/11 10:49:19] 发送(hex): 20
[2026/09/11 10:49:19] 发送(hex): 03
[2026/09/11 10:49:19] 发送(hex): 0d
[2026/09/11 10:49:19] 发送(hex): 20
[2026/09/11 10:49:19] 发送(hex): 03
[2026/09/11 10:49:19] 发送(hex): 0d
[2026/09/11 10:49:19] 发送(hex): 20
[2026/09/11 10:49:19] 发送(hex): 03
[2026/09/11 10:49:19] 发送(hex): 0d
[2026/09/11 10:49:19] 发送(hex): 20
[2026/09/11 10:49:19] 发送(hex): 03
[2026/09/11 10:49:19] 发送(hex): 0d
[2026/09/11 10:49:19] 发送(hex): 20
[2026/09/11 10:49:19] 发送(hex): 03
[2026/09/11 10:49:19] 发送(hex): 0d
[2026/09/11 10:49:19] 发送(hex): 20
[2026/09/11 10:49:19] 发送(hex): 03
[2026/09/11 10:49:19] 发送(hex): 0d
[2026/09/11 10:49:19] 发送(hex): 20
[2026/09/11 10:49:19] 发送(hex): 03
[2026/09/11 10:49:19] 发送(hex): 0d
[2026/09/11 10:49:19] 发送(hex): 20
[2026/09/11 10:49:19] 发送(hex): 03
[2026/09/11 10:49:19] 发送(hex): 0d
[2026/09/11 10:49:19] 发送(hex): 20
[2026/09/11 10:49:20] 发送(hex): 03
[2026/09/11 10:49:20] 发送(hex): 0d
[2026/09/11 10:49:20] 发送(hex): 20
[2026/09/11 10:49:20] 发送(hex): 03
[2026/09/11 10:49:20] 发送(hex): 0d
[2026/09/11 10:49:20] 发送(hex): 20
[2026/09/11 10:49:20] 发送(hex): 03
[2026/09/11 10:49:20] 发送(hex): 0d
[2026/09/11 10:49:20] 发送(hex): 20
[2026/09/11 10:49:20] 发送(hex): 03
[2026/09/11 10:49:20] 发送(hex): 0d
[2026/09/11 10:49:20] 发送(hex): 20
[2026/09/11 10:49:20] 发送(hex): 03
[2026/09/11 10:49:20] 发送(hex): 0d
[2026/09/11 10:49:20] 发送(hex): 20
[2026/09/11 10:49:20] 发送(hex): 03
[2026/09/11 10:49:20] 发送(hex): 0d
[2026/09/11 10:49:20] 发送(hex): 20
[2026/09/11 10:49:20] 发送(hex): 03
[2026/09/11 10:49:20] 发送(hex): 0d
[2026/09/11 10:49:20] 发送(hex): 20
[2026/09/11 10:49:20] 发送(hex): 03
[2026/09/11 10:49:20] 发送(hex): 0d
[2026/09/11 10:49:20] 发送(hex): 20
[2026/09/11 10:49:20] 发送(hex): 03
[2026/09/11 10:49:20] 发送(hex): 0d
[2026/09/11 10:49:20] 发送(hex): 20
[2026/09/11 10:49:20] 发送(hex): 03
[2026/09/11 10:49:20] 发送(hex): 0d
[2026/09/11 10:49:20] 发送(hex): 20
[2026/09/11 10:49:20] 发送(hex): 03
[2026/09/11 10:49:20] 发送(hex): 0d
[2026/09/11 10:49:20] 发送(hex): 20
[2026/09/11 10:49:20] 发送(hex): 03
[2026/09/11 10:49:20] 发送(hex): 0d
[2026/09/11 10:49:20] 发送(hex): 20
[2026/09/11 10:49:20] 发送(hex): 03
[2026/09/11 10:49:20] 发送(hex): 0d
[2026/09/11 10:49:20] 发送(hex): 20
[2026/09/11 10:49:20] 发送(hex): 03
[2026/09/11 10:49:20] 发送(hex): 0d
[2026/09/11 10:49:20] 发送(hex): 20
[2026/09/11 10:49:20] 发送(hex): 03
[2026/09/11 10:49:20] 发送(hex): 0d
[2026/09/11 10:49:20] 发送(hex): 20
[2026/09/11 10:49:20] 发送(hex): 03
[2026/09/11 10:49:20] 发送(hex): 0d
[2026/09/11 10:49:20] 发送(hex): 20
[2026/09/11 10:49:20] 发送(hex): 03
[2026/09/11 10:49:20] 发送(hex): 0d
[2026/09/11 10:49:20] 发送(hex): 20
[2026/09/11 10:49:20] 发送(hex): 03
[2026/09/11 10:49:20] 发送(hex): 0d
[2026/09/11 10:49:20] 发送(hex): 20
[2026/09/11 10:49:20] 发送(hex): 03
[2026/09/11 10:49:20] 发送(hex): 0d
[2026/09/11 10:49:20] 发送(hex): 20
[2026/09/11 10:49:20] 发送(hex): 03
[2026/09/11 10:49:20] 发送(hex): 0d
[2026/09/11 10:49:20] 发送(hex): 20
[2026/09/11 10:49:20] 发送(hex): 03
[2026/09/11 10:49:20] 发送(hex): 0d
[2026/09/11 10:49:20] 发送(hex): 20
[2026/09/11 10:49:20] 发送(hex): 03
[2026/09/11 10:49:20] 发送(hex): 0d
[2026/09/11 10:49:20] 发送(hex): 20
[2026/09/11 10:49:20] 发送(hex): 03
[2026/09/11 10:49:20] 发送(hex): 0d
[2026/09/11 10:49:20] 发送(hex): 20
[2026/09/11 10:49:20] 发送(hex): 03
[2026/09/11 10:49:20] 发送(hex): 0d
[2026/09/11 10:49:20] 发送(hex): 20
[2026/09/11 10:49:20] [   12.777023][  T690] mtk_realtime_get_ret_value TIMEOUT=10001, ret=19088743, CmdIdx=5, Domain=Domain_PquModule
[2026/09/11 10:49:20] ^C
[2026/09/11 10:49:20] 发送(hex): 03
[2026/09/11 10:49:20] 发送(hex): 0d
[2026/09/11 10:49:20] 发送(hex): 20
[2026/09/11 10:49:20] 发送(hex): 03
[2026/09/11 10:49:20] 发送(hex): 0d
[2026/09/11 10:49:20] 发送(hex): 20
[2026/09/11 10:49:20] 发送(hex): 03
[2026/09/11 10:49:20] 发送(hex): 0d
[2026/09/11 10:49:20] 发送(hex): 20
[2026/09/11 10:49:20] 发送(hex): 03
[2026/09/11 10:49:20] 发送(hex): 0d
[2026/09/11 10:49:20] 发送(hex): 20
[2026/09/11 10:49:20] ^C
[2026/09/11 10:49:20] 发送(hex): 03
[2026/09/11 10:49:20] 发送(hex): 0d
[2026/09/11 10:49:20] 发送(hex): 20
[2026/09/11 10:49:20] 发送(hex): 03
[2026/09/11 10:49:20] 发送(hex): 0d
[2026/09/11 10:49:20] 发送(hex): 20
[2026/09/11 10:49:20] 发送(hex): 03
[2026/09/11 10:49:20] 发送(hex): 0d
[2026/09/11 10:49:20] 发送(hex): 20
[2026/09/11 10:49:20] 发送(hex): 03
[2026/09/11 10:49:21] 发送(hex): 0d
[2026/09/11 10:49:21] 发送(hex): 20
[2026/09/11 10:49:21] 发送(hex): 03
[2026/09/11 10:49:21] 发送(hex): 0d
[2026/09/11 10:49:21] 发送(hex): 20
[2026/09/11 10:49:21] 发送(hex): 03
[2026/09/11 10:49:21] 发送(hex): 0d
[2026/09/11 10:49:21] 发送(hex): 20
[2026/09/11 10:49:21] 发送(hex): 03
[2026/09/11 10:49:21] 发送(hex): 0d
[2026/09/11 10:49:21] 发送(hex): 20
[2026/09/11 10:49:21] 发送(hex): 03
[2026/09/11 10:49:21] 发送(hex): 0d
[2026/09/11 10:49:21] 发送(hex): 20
[2026/09/11 10:49:21] 发送(hex): 03
[2026/09/11 10:49:21] 发送(hex): 0d
[2026/09/11 10:49:21] 发送(hex): 20
[2026/09/11 10:49:21] 发送(hex): 03
[2026/09/11 10:49:21] 发送(hex): 0d
[2026/09/11 10:49:21] 发送(hex): 20
[2026/09/11 10:49:21] 发送(hex): 03
[2026/09/11 10:49:21] 发送(hex): 0d
[2026/09/11 10:49:21] 发送(hex): 20
[2026/09/11 10:49:21] 发送(hex): 03
[2026/09/11 10:49:21] 发送(hex): 0d
[2026/09/11 10:49:21] 发送(hex): 20
[2026/09/11 10:49:21] 发送(hex): 03
[2026/09/11 10:49:21] 发送(hex): 0d
[2026/09/11 10:49:21] 发送(hex): 20
[2026/09/11 10:49:21] 发送(hex): 03
[2026/09/11 10:49:21] 发送(hex): 0d
[2026/09/11 10:49:21] 发送(hex): 20
[2026/09/11 10:49:21] 发送(hex): 03
[2026/09/11 10:49:21] 发送(hex): 0d
[2026/09/11 10:49:21] 发送(hex): 20
[2026/09/11 10:49:21] 发送(hex): 03
[2026/09/11 10:49:21] 发送(hex): 0d
[2026/09/11 10:49:21] 发送(hex): 20
[2026/09/11 10:49:21] 发送(hex): 03
[2026/09/11 10:49:21] 发送(hex): 0d
[2026/09/11 10:49:21] 发送(hex): 20
[2026/09/11 10:49:21] 发送(hex): 03
[2026/09/11 10:49:21] 发送(hex): 0d
[2026/09/11 10:49:21] 发送(hex): 20
[2026/09/11 10:49:21] 发送(hex): 03
[2026/09/11 10:49:21] 发送(hex): 0d
[2026/09/11 10:49:21] 发送(hex): 20
[2026/09/11 10:49:21] 发送(hex): 03
[2026/09/11 10:49:21] 发送(hex): 0d
[2026/09/11 10:49:21] 发送(hex): 20
[2026/09/11 10:49:21] 发送(hex): 03
[2026/09/11 10:49:21] 发送(hex): 0d
[2026/09/11 10:49:21] 发送(hex): 20
[2026/09/11 10:49:21] 发送(hex): 03
[2026/09/11 10:49:21] 发送(hex): 0d
[2026/09/11 10:49:21] 发送(hex): 20
[2026/09/11 10:49:21] 发送(hex): 03
[2026/09/11 10:49:21] 发送(hex): 0d
[2026/09/11 10:49:21] 发送(hex): 20
[2026/09/11 10:49:21] 发送(hex): 03
[2026/09/11 10:49:21] 发送(hex): 0d
[2026/09/11 10:49:21] 发送(hex): 20
[2026/09/11 10:49:21] 发送(hex): 03
[2026/09/11 10:49:21] 发送(hex): 0d
[2026/09/11 10:49:21] 发送(hex): 20
[2026/09/11 10:49:21] 发送(hex): 03
[2026/09/11 10:49:21] 发送(hex): 0d
[2026/09/11 10:49:21] 发送(hex): 20
[2026/09/11 10:49:21] 发送(hex): 03
[2026/09/11 10:49:21] 发送(hex): 0d
[2026/09/11 10:49:21] 发送(hex): 20
[2026/09/11 10:49:21] 发送(hex): 03
[2026/09/11 10:49:21] 发送(hex): 0d
[2026/09/11 10:49:21] 发送(hex): 20
[2026/09/11 10:49:21] 发送(hex): 03
[2026/09/11 10:49:21] 发送(hex): 0d
[2026/09/11 10:49:21] 发送(hex): 20
[2026/09/11 10:49:21] [   13.830208][  T408] mtk_realtime_get_ret_value TIMEOUT=10001, ret=19088743, CmdIdx=1, Domain=N/A
[2026/09/11 10:49:21] 发送(hex): 03
[2026/09/11 10:49:21] 发送(hex): 0d
[2026/09/11 10:49:21] 发送(hex): 20
[2026/09/11 10:49:21] 发送(hex): 03
[2026/09/11 10:49:21] 发送(hex): 0d
[2026/09/11 10:49:21] 发送(hex): 20
[2026/09/11 10:49:21] 发送(hex): 03
[2026/09/11 10:49:21] 发送(hex): 0d
[2026/09/11 10:49:21] 发送(hex): 20
[2026/09/11 10:49:21] 发送(hex): 03
[2026/09/11 10:49:21] 发送(hex): 0d
[2026/09/11 10:49:21] 发送(hex): 20
[2026/09/11 10:49:21] 发送(hex): 03
[2026/09/11 10:49:21] 发送(hex): 0d
[2026/09/11 10:49:21] 发送(hex): 20
[2026/09/11 10:49:21] 发送(hex): 03
[2026/09/11 10:49:21] 发送(hex): 0d
[2026/09/11 10:49:21] 发送(hex): 20
[2026/09/11 10:49:22] 发送(hex): 03
[2026/09/11 10:49:22] 发送(hex): 0d
[2026/09/11 10:49:22] 发送(hex): 20
[2026/09/11 10:49:22] 发送(hex): 03
[2026/09/11 10:49:22] 发送(hex): 0d
[2026/09/11 10:49:22] 发送(hex): 20
[2026/09/11 10:49:22] 发送(hex): 03
[2026/09/11 10:49:22] 发送(hex): 0d
[2026/09/11 10:49:22] 发送(hex): 20
[2026/09/11 10:49:22] 发送(hex): 03
[2026/09/11 10:49:22] 发送(hex): 0d
[2026/09/11 10:49:22] 发送(hex): 20
[2026/09/11 10:49:22] 发送(hex): 03
[2026/09/11 10:49:22] 发送(hex): 0d
[2026/09/11 10:49:22] 发送(hex): 20
[2026/09/11 10:49:22] 发送(hex): 03
[2026/09/11 10:49:22] 发送(hex): 0d
[2026/09/11 10:49:22] 发送(hex): 20
[2026/09/11 10:49:22] 发送(hex): 03
[2026/09/11 10:49:22] 发送(hex): 0d
[2026/09/11 10:49:22] 发送(hex): 20
[2026/09/11 10:49:22] 发送(hex): 03
[2026/09/11 10:49:22] 发送(hex): 0d
[2026/09/11 10:49:22] 发送(hex): 20
[2026/09/11 10:49:22] 发送(hex): 03
[2026/09/11 10:49:22] 发送(hex): 0d
[2026/09/11 10:49:22] 发送(hex): 20
[2026/09/11 10:49:22] 发送(hex): 03
[2026/09/11 10:49:22] 发送(hex): 0d
[2026/09/11 10:49:22] 发送(hex): 20
[2026/09/11 10:49:22] 发送(hex): 03
[2026/09/11 10:49:22] 发送(hex): 0d
[2026/09/11 10:49:22] 发送(hex): 20
[2026/09/11 10:49:22] 发送(hex): 03
[2026/09/11 10:49:22] 发送(hex): 0d
[2026/09/11 10:49:22] 发送(hex): 20
[2026/09/11 10:49:22] 发送(hex): 03
[2026/09/11 10:49:22] 发送(hex): 0d
[2026/09/11 10:49:22] 发送(hex): 20
[2026/09/11 10:49:22] 发送(hex): 03
[2026/09/11 10:49:22] 发送(hex): 0d
[2026/09/11 10:49:22] 发送(hex): 20
[2026/09/11 10:49:22] 发送(hex): 03
[2026/09/11 10:49:22] 发送(hex): 0d
[2026/09/11 10:49:22] 发送(hex): 20
[2026/09/11 10:49:22] 发送(hex): 03
[2026/09/11 10:49:22] 发送(hex): 0d
[2026/09/11 10:49:22] 发送(hex): 20
[2026/09/11 10:49:22] 发送(hex): 03
[2026/09/11 10:49:22] 发送(hex): 0d
[2026/09/11 10:49:22] 发送(hex): 20
[2026/09/11 10:49:22] 发送(hex): 03
[2026/09/11 10:49:22] 发送(hex): 0d
[2026/09/11 10:49:22] 发送(hex): 20
[2026/09/11 10:49:22] 发送(hex): 03
[2026/09/11 10:49:22] 发送(hex): 0d
[2026/09/11 10:49:22] 发送(hex): 20
[2026/09/11 10:49:22] 发送(hex): 03
[2026/09/11 10:49:22] 发送(hex): 0d
[2026/09/11 10:49:22] 发送(hex): 20
[2026/09/11 10:49:22] 发送(hex): 03
[2026/09/11 10:49:22] 发送(hex): 0d
[2026/09/11 10:49:22] 发送(hex): 20
[2026/09/11 10:49:22] 发送(hex): 03
[2026/09/11 10:49:22] 发送(hex): 0d
[2026/09/11 10:49:22] 发送(hex): 20
[2026/09/11 10:49:22] 发送(hex): 03
[2026/09/11 10:49:22] [   14.912144][  T408] mtk_realtime_get_ret_value TIMEOUT=10001, ret=19088743, CmdIdx=3, Domain=Domain_PquModule
[2026/09/11 10:49:22] [   15.003709][  T410] drv_hwreg_srccap_hdmirx_attach b_attach = 1
[2026/09/11 10:49:22] [   15.003711][  T410] drv_hwreg_srccap_hdmirx_attach size = 1
[2026/09/11 10:49:22] [   15.009696][  T410] hal_hwreg_srccap_hdmirx_ops_array[0].hw_version = 6
[2026/09/11 10:49:22] [   15.024199][  T410] u32_addr_min = eb00
[2026/09/11 10:49:22] [   15.028083][  T410] u32_addr_max = ebf0
[2026/09/11 10:49:23] [   15.465603][  T937] mtk_realtime_get_ret_value TIMEOUT=10001, ret=19088743, CmdIdx=5, Domain=Domain_PquModule
[2026/09/11 10:49:23] [   16.014678][  T938] mtk_realtime_get_ret_value TIMEOUT=10001, ret=19088743, CmdIdx=5, Domain=Domain_PquModule
[2026/09/11 10:49:24] [   16.5623
[2026/09/11 10:49:24] 84][  T939] mtk_realtime_get_ret_value TIMEOUT=10001, ret=19088743, CmdIdx=5, Domain=Domain_PquModule
[2026/09/11 10:49:25] [   17.110337][  T940
[2026/09/11 10:49:25] ] mtk_realtime_get_ret_value TIMEOUT=10001, ret=19088743, CmdIdx=5, Domain=Domain_PquModule
[2026/09/11 10:49:25] [   17.659293][  T941
[2026/09/11 10:49:25] ] mtk_realtime_get_ret_value TIMEOUT=10001, ret=19088743, CmdIdx=5, Domain=Domain_PquModule
[2026/09/11 10:49:25] console:/ $
[2026/09/11 10:49:26] [   18.722126][  T410] mtk_realtime_get_ret_value TIMEOUT=10001, ret=19088743, CmdIdx=1, Domain=N/A
[2026/09/11 10:49:27] [   19.962738][ T1014] mtk_realtime_get_ret_value TIMEOUT=10001, ret=19088743, CmdIdx=5, Domain=Domain_Srccap_DD
[2026/09/11 10:49:28] 发送(hex): 0d
[2026/09/11 10:49:28] 发送(hex): 0d
[2026/09/11 10:49:28] 发送(hex): 0d
[2026/09/11 10:49:28] 发送(hex): 0d
[2026/09/11 10:49:28] console:/ $
[2026/09/11 10:49:28] 发送(hex): 0d
[2026/09/11 10:49:28] console:/ $
[2026/09/11 10:49:28] console:/ $
[2026/09/11 10:49:28] console:/ $
[2026/09/11 10:49:28] console:/ $
[2026/09/11 10:49:28] [   20.973609][  T4
[2026/09/11 10:49:28] 82] PowerHAL: [AT][AN][DC finish boot]
[2026/09/11 10:49:29] [   21.235184][  T410] mtk_realtime_get_ret_value TIMEOUT=10001, ret=19088743, CmdIdx=1, Domain=N/A
[2026/09/11 10:49:30] [   22.287396][  T410] mtk_realtime_get_ret_value TIMEOUT=10001, ret=19088743, CmdIdx=3, Domain=Domain_Render_DD
[2026/09/11 10:49:30] [   22.834442][
[2026/09/11 10:49:30] T1224] mtk_realtime_get_ret_value TIMEOUT=10001, ret=19088743, CmdIdx=5, Domain=Domain_Render_DD
[2026/09/11 10:49:31] [   23.045367][ T1226] ir set boot stat
[2026/09/11 10:49:31] us to 5.
[2026/09/11 10:49:31] [
[2026/09/11 10:49:31] 23.400442][ T1225] mtk_realtime_get_ret_value TIMEOUT=10001, ret=19088743, CmdIdx=5, Domain=Domain_Render_DD
[2026/09/11 10:49:32] [   24.442058][   T68] mtk_mci 1c660000
[2026/09/11 10:49:32] .mtk-mmc-fcie:
[2026/09/11 10:49:36] 发送(hex): 0d
[2026/09/11 10:49:36] 发送(hex): 20
[2026/09/11 10:49:36] 发送(hex): 03
[2026/09/11 10:49:36] 发送(hex): 0d
[2026/09/11 10:49:36] 发送(hex): 20
[2026/09/11 10:49:36] 发送(hex): 03
[2026/09/11 10:49:36] 发送(hex): 0d
[2026/09/11 10:49:36] 发送(hex): 20
[2026/09/11 10:49:36] 发送(hex): 03
[2026/09/11 10:49:36] 发送(hex): 0d
[2026/09/11 10:49:36] 发送(hex): 20
[2026/09/11 10:49:36] 发送(hex): 03
[2026/09/11 10:49:36] 发送(hex): 0d
[2026/09/11 10:49:36] 发送(hex): 20
[2026/09/11 10:49:36] 发送(hex): 03
[2026/09/11 10:49:36] 发送(hex): 0d
[2026/09/11 10:49:36] 发送(hex): 20
[2026/09/11 10:49:36] 发送(hex): 03
[2026/09/11 10:49:36] 发送(hex): 0d
[2026/09/11 10:49:36] 发送(hex): 20
[2026/09/11 10:49:36] 发送(hex): 03
[2026/09/11 10:49:36] 发送(hex): 0d
[2026/09/11 10:49:36] 发送(hex): 20
[2026/09/11 10:49:36] 发送(hex): 03
[2026/09/11 10:49:36] 发送(hex): 0d
[2026/09/11 10:49:36] 发送(hex): 20
[2026/09/11 10:49:36] 发送(hex): 03
[2026/09/11 10:49:36] 发送(hex): 0d
[2026/09/11 10:49:36] 发送(hex): 20
[2026/09/11 10:49:36] 发送(hex): 03
[2026/09/11 10:49:36] 发送(hex): 0d
[2026/09/11 10:49:36] 发送(hex): 20
[2026/09/11 10:49:36] 发送(hex): 03
[2026/09/11 10:49:36] 发送(hex): 0d
[2026/09/11 10:49:36] 发送(hex): 20
[2026/09/11 10:49:36] 发送(hex): 03
[2026/09/11 10:49:36] 发送(hex): 0d
[2026/09/11 10:49:36] 发送(hex): 20
[2026/09/11 10:49:36] 发送(hex): 03
[2026/09/11 10:49:36] 发送(hex): 0d
[2026/09/11 10:49:36] 发送(hex): 20
[2026/09/11 10:49:36] 发送(hex): 03
[2026/09/11 10:49:36] 发送(hex): 0d
[2026/09/11 10:49:36] 发送(hex): 20
[2026/09/11 10:49:36] UART
[2026/09/11 10:49:36] <.
[2026/09/11 10:49:36] AC_ON
[2026/09/11 10:49:36] 发送(hex): 03
[2026/09/11 10:49:36] 发送(hex): 0d
[2026/09/11 10:49:36] 发送(hex): 20
[2026/09/11 10:49:36] 发送(hex): 03
[2026/09/11 10:49:36] 发送(hex): 0d
[2026/09/11 10:49:36] 发送(hex): 20
[2026/09/11 10:49:36] 发送(hex): 03
[2026/09/11 10:49:36] 发送(hex): 0d
[2026/09/11 10:49:36] 发送(hex): 20
[2026/09/11 10:49:36] 发送(hex): 03
[2026/09/11 10:49:36] 发送(hex): 0d
[2026/09/11 10:49:36] 发送(hex): 20
[2026/09/11 10:49:36] 发送(hex): 03
[2026/09/11 10:49:36] 发送(hex): 0d
[2026/09/11 10:49:36] 发送(hex): 20
[2026/09/11 10:49:36] HASH1_VERSION=0x00000000 64bit
[2026/09/11 10:49:36] E-A
[2026/09/11 10:49:36] [ETT_Main] Clock MPLL Init
[2026/09/11 10:49:36] [ETT_Main]MIU_ver 20260417-11996427-OneBin-V20.4-RefineWDTNew
[2026/09/11 10:49:36] [DRAMC] AC ON-0
[2026/09/11 10:49:36] [FAST_K]
[2026/09/11 10:49:36] [MOBF] Gen SW key
[2026/09/11 10:49:36] 发送(hex): 03
[2026/09/11 10:49:36] 发送(hex): 0d
[2026/09/11 10:49:36] 发送(hex): 20
[2026/09/11 10:49:36] 发送(hex): 03
[2026/09/11 10:49:36] 发送(hex): 0d
[2026/09/11 10:49:37] 发送(hex): 20
[2026/09/11 10:49:37] CH0 DramsizeFlag_CH0 DUMMY_REG = 0x1
[2026/09/11 10:49:37] dramc_channel0 restore dramsize_flag = 0x1
[2026/09/11 10:49:37] [FAST_K]
[2026/09/11 10:49:37] 发送(hex): 03
[2026/09/11 10:49:37] 发送(hex): 0d
[2026/09/11 10:49:37] 发送(hex): 20
[2026/09/11 10:49:37] 发送(hex): 03
[2026/09/11 10:49:37] 发送(hex): 0d
[2026/09/11 10:49:37] 发送(hex): 20
[2026/09/11 10:49:37] 发送(hex): 03
[2026/09/11 10:49:37] 发送(hex): 0d
[2026/09/11 10:49:37] CH2 DramsizeFlag_CH2 DUMMY_REG = 0x0
[2026/09/11 10:49:37] dramc_channel2 restore dramsize_flag = 0x0
[2026/09/11 10:49:37] dispatch to 1 EMI 2 CH
[2026/09/11 10:49:37] MIUP set area: 3GB
[2026/09/11 10:49:37] EMI bist: [32mM0 pass[0m
[2026/09/11 10:49:37] EMI bist: [32mM2 pass[0m
[2026/09/11 10:49:37] fake engine: [32mpass[00000000][0m
[2026/09/11 10:49:37] fake engine: [32mpass[00000001][0m
[2026/09/11 10:49:37] u4dram_info=0x2406
[2026/09/11 10:49:37] TEELOADER_VERSION=0x00000000
[2026/09/11 10:49:37] 发送(hex): 20
[2026/09/11 10:49:37] optee teeloader entry
[2026/09/11 10:49:37] MultiOptee image detected,
[2026/09/11 10:49:37] 发送(hex): 03
[2026/09/11 10:49:37] 发送(hex): 0d
[2026/09/11 10:49:37] ModelID=17B06E0B
[2026/09/11 10:49:37] 发送(hex): 20
[2026/09/11 10:49:37] MultiOptee image detected, ModelID=17B06E0B
[2026/09/11 10:49:37] 发送(hex): 03
[2026/09/11 10:49:37] 发送(hex): 0d
[2026/09/11 10:49:37] 发送(hex): 20
[2026/09/11 10:49:37] 发送(hex): 03
[2026/09/11 10:49:37] CusConfig
[2026/09/11 10:49:37] 发送(hex): 0d
[2026/09/11 10:49:37] 发送(hex): 20
[2026/09/11 10:49:37] 发送(hex): 03
[2026/09/11 10:49:37] ARMFW_VERSION=0x00000000
[2026/09/11 10:49:37] OPTEE_VERSION=0x00000000
[2026/09/11 10:49:37] OPTEECUST_VERSION=0x00000000
[2026/09/11 10:49:37] REELOADER_VERSION=0x00000000
[2026/09/11 10:49:37] 发送(hex): 0d
[2026/09/11 10:49:37] 发送(hex): 20
[2026/09/11 10:49:37] 发送(hex): 03
[2026/09/11 10:49:37] 发送(hex): 0d
[2026/09/11 10:49:37] ns_uboot_boot
[2026/09/11 10:49:37] NOTICE:  BL31: v2.4(debug):f102f7cc7
[2026/09/11 10:49:37] NOTICE:  BL31: Built : 20:53:08, Jul 17 2026
[2026/09/11 10:49:37] INFO:    BL31: Initializing runtime services
[2026/09/11 10:49:37] INFO:    BL31: Initializing BL32
[2026/09/11 10:49:37] [TEE] TRIAL BOOT: 0
[2026/09/11 10:49:37] 发送(hex): 20
[2026/09/11 10:49:37] 发送(hex): 03
[2026/09/11 10:49:37] 发送(hex): 0d
[2026/09/11 10:49:37] 发送(hex): 20
[2026/09/11 10:49:37] 发送(hex): 03
[2026/09/11 10:49:37] 发送(hex): 0d
[2026/09/11 10:49:37] [DynRamlog] wait for configuring by tee driver
[2026/09/11 10:49:37] INF
[2026/09/11 10:49:37] 发送(hex): 20
[2026/09/11 10:49:37] 发送(hex): 03
[2026/09/11 10:49:37] O:    BL31: Preparing for EL3 exit to normal world
[2026/09/11 10:49:37] INFO:    Entry point address = 0x20100010
[2026/09/11 10:49:37] ree_entry
[2026/09/11 10:49:37] Check WDT....
[2026/09/11 10:49:37] 发送(hex): 0d
[2026/09/11 10:49:37] UBOOT_VERSION=0x00000000
[2026/09/11 10:49:37] 发送(hex): 20
[2026/09/11 10:49:37] 发送(hex): 03
[2026/09/11 10:49:37] 发送(hex): 0d
[2026/09/11 10:49:37] 发送(hex): 20
[2026/09/11 10:49:37] 发送(hex): 03
[2026/09/11 10:49:37] 发送(hex): 0d
[2026/09/11 10:49:37] 发送(hex): 20
[2026/09/11 10:49:37] 发送(hex): 03
[2026/09/11 10:49:37] 发送(hex): 0d
[2026/09/11 10:49:37] 发送(hex): 20
[2026/09/11 10:49:37] 发送(hex): 03
[2026/09/11 10:49:37] 发送(hex): 0d
[2026/09/11 10:49:37] 发送(hex): 20
[2026/09/11 10:49:37] 发送(hex): 03
[2026/09/11 10:49:37] 发送(hex): 0d
[2026/09/11 10:49:37] 发送(hex): 20
[2026/09/11 10:49:37] 发送(hex): 03
[2026/09/11 10:49:37] 发送(hex): 0d
[2026/09/11 10:49:37] 发送(hex): 20
[2026/09/11 10:49:37] 发送(hex): 03
[2026/09/11 10:49:37] 发送(hex): 0d
[2026/09/11 10:49:37] 发送(hex): 20
[2026/09/11 10:49:37] 发送(hex): 03
[2026/09/11 10:49:37] 发送(hex): 0d
[2026/09/11 10:49:37] U-Boot2019.04-g23c3f66
[2026/09/11 10:49:37] 发送(hex): 20
[2026/09/11 10:49:37] 发送(hex): 03
[2026/09/11 10:49:37] 5-dirty (Aug 23 2026 - 20:57:54 +0800)
[2026/09/11 10:49:37] Model: MediaTek MT5896 RFB
[2026/09/11 10:49:37] DRAM:  3 GiB
[2026/09/11 10:49:37] 发送(hex): 0d
[2026/09/11 10:49:37] 发送(hex): 20
[2026/09/11 10:49:37] 发送(hex): 03
[2026/09/11 10:49:37] 发送(hex): 0d
[2026/09/11 10:49:37] 发送(hex): 20
[2026/09/11 10:49:37] 发送(hex): 03
[2026/09/11 10:49:37] 发送(hex): 0d
[2026/09/11 10:49:37] 发送(hex): 20
[2026/09/11 10:49:37] 发送(hex): 03
[2026/09/11 10:49:37] 发送(hex): 0d
[2026/09/11 10:49:37] 发送(hex): 20
[2026/09/11 10:49:37] 发送(hex): 03
[2026/09/11 10:49:37] 发送(hex): 0d
[2026/09/11 10:49:37] MMC:   mtk-mmc-fcie@1c660000: 0
[2026/09/11 10:49:37] 发送(hex): 20
[2026/09/11 10:49:37] 发送(hex): 03
[2026/09/11 10:49:37] 发送(hex): 0d
[2026/09/11 10:49:37] 发送(hex): 20
[2026/09/11 10:49:37] 发送(hex): 03
[2026/09/11 10:49:37] 发送(hex): 0d
[2026/09/11 10:49:37] 发送(hex): 20
[2026/09/11 10:49:37] 发送(hex): 03
[2026/09/11 10:49:37] Loading Environment from EXT4...
[2026/09/11 10:49:37] 发送(hex): 0d
[2026/09/11 10:49:37] OK
[2026/09/11 10:49:37] 发送(hex): 20
[2026/09/11 10:49:37] 发送(hex): 03
[2026/09/11 10:49:37] 发送(hex): 0d
[2026/09/11 10:49:37] 发送(hex): 20
[2026/09/11 10:49:37] 发送(hex): 03
[2026/09/11 10:49:37] 发送(hex): 0d
[2026/09/11 10:49:37] 发送(hex): 20
[2026/09/11 10:49:37] 发送(hex): 03
[2026/09/11 10:49:37] 发送(hex): 0d
[2026/09/11 10:49:37] 发送(hex): 20
[2026/09/11 10:49:37] [0;31m[ERROR] get_data_separation_info
[2026/09/11 10:49:37] 发送(hex): 03
[2026/09/11 10:49:37] 发送(hex): 0d
[2026/09/11 10:49:38] 发送(hex): 20
[2026/09/11 10:49:38] 发送(hex): 03
[2026/09/11 10:49:38] :254: [0m[data spr][start:1305][end:1313][total time:8]
[2026/09/11 10:49:38] [0;31m[ERROR] get_partition_info:394: [0mCan not find corresponding suffixed partition name:factory_preset_a !!!
[2026/09/11 10:49:38] [0;31m[ERROR] get_pid_from_preset_partition:1495: [0mError: sys_get_storage_info from factory_preset failure
[2026/09/11 10:49:38] 发送(hex): 0d
[2026/09/11 10:49:38] 发送(hex): 20
[2026/09/11 10:49:38] 发送(hex): 03
[2026/09/11 10:49:38] 发送(hex): 0d
[2026/09/11 10:49:38] 发送(hex): 20
[2026/09/11 10:49:38] 发送(hex): 03
[2026/09/11 10:49:38] 发送(hex): 0d
[2026/09/11 10:49:38] 发送(hex): 20
[2026/09/11 10:49:38] 发送(hex): 03
[2026/09/11 10:49:38] 发送(hex): 0d
[2026/09/11 10:49:38] 发送(hex): 20
[2026/09/11 10:49:38] [0;31m[ERROR]
[2026/09/11 10:49:38] 发送(hex): 03
[2026/09/11 10:49:38] 发送(hex): 0d
[2026/09/11 10:49:38] parse_tcl_ffvoice_lednum:1124: [0mdrive_item is not exist!
[2026/09/11 10:49:38] [0;31m[ERROR] parse_tcl_ffvoice_lednum:1144: [0muse default ffvoice lednum: 4!!!
[2026/09/11 10:49:38] 发送(hex): 20
[2026/09/11 10:49:38] 发送(hex): 03
[2026/09/11 10:49:38] 发送(hex): 0d
[2026/09/11 10:49:38] 发送(hex): 20
[2026/09/11 10:49:38] 发送(hex): 03
[2026/09/11 10:49:38] [0;31m[ERROR] parse_tcl_led_stagespacetime:1019: [0mdrive_item is not exist!
[2026/09/11 10:49:38] [0;31m[ERROR] parse_tcl_led_stagespacetime:1039: [0muse default_ledstage: 0!!!
[2026/09/11 10:49:38] [0;31m[ERROR] parse_tcl_led_stagespacetime:1041: [0mset uenv led_stagespace : 0
[2026/09/11 10:49:38] 发送(hex): 0d
[2026/09/11 10:49:38] device properties match:sid = "105"
[2026/09/11 10:49:38] 发送(hex): 20
[2026/09/11 10:49:38] 发送(hex): 03
[2026/09/11 10:49:38] 发送(hex): 0d
[2026/09/11 10:49:38] 发送(hex): 20
[2026/09/11 10:49:38] 发送(hex): 03
[2026/09/11 10:49:38] 发送(hex): 0d
[2026/09/11 10:49:38] [0;31m[ERROR] get_data_separation_info:270: [0mRead ini file success !
[2026/09/11 10:49:38] 发送(hex): 20
[2026/09/11 10:49:38] 发送(hex): 03
[2026/09/11 10:49:38] [0;31m[ERROR] To_parse_tcl_standby_qhb_support:234: [0mtcl_env_qhb = 0 or null or other,not support TCL  QHB
[2026/09/11 10:49:38] 发送(hex): 0d
[2026/09/11 10:49:38] 发送(hex): 20
[2026/09/11 10:49:38] 发送(hex): 03
[2026/09/11 10:49:38] 发送(hex): 0d
[2026/09/11 10:49:38] 发送(hex): 20
[2026/09/11 10:49:38] 发送(hex): 03
[2026/09/11 10:49:38] 发送(hex): 0d
[2026/09/11 10:49:38] 发送(hex): 20
[2026/09/11 10:49:38] 发送(hex): 03
[2026/09/11 10:49:38] 发送(hex): 0d
[2026/09/11 10:49:38] 发送(hex): 20
[2026/09/11 10:49:38] 发送(hex): 03
[2026/09/11 10:49:38] 发送(hex): 0d
[2026/09/11 10:49:38] 发送(hex): 20
[2026/09/11 10:49:38] 发送(hex): 03
[2026/09/11 10:49:38] 发送(hex): 0d
[2026/09/11 10:49:38] 发送(hex): 20
[2026/09/11 10:49:38] 发送(hex): 03
[2026/09/11 10:49:38] 发送(hex): 0d
[2026/09/11 10:49:38] 发送(hex): 20
[2026/09/11 10:49:38] 发送(hex): 03
[2026/09/11 10:49:38] 发送(hex): 0d
[2026/09/11 10:49:38] 发送(hex): 20
[2026/09/11 10:49:38] 发送(hex): 03
[2026/09/11 10:49:38] 发送(hex): 0d
[2026/09/11 10:49:38] [0;31m[ERROR] dataindex_dtbo_overlay:644: [0m[DATAINDEX DTBO LOAD][start:1805][end:1895][total time:90]
[2026/09/11 10:49:38] 发送(hex): 20
[2026/09/11 10:49:38] 发送(hex): 03
[2026/09/11 10:49:38] Model: MediaTek MT5896 RFB
[2026/09/11 10:49:38] Net:
[2026/09/11 10:49:38] 发送(hex): 0d
[2026/09/11 10:49:38] 发送(hex): 20
[2026/09/11 10:49:38] 发送(hex): 03
[2026/09/11 10:49:38] 发送(hex): 0d
[2026/09/11 10:49:38] eth0: ethernet@1c700000
[2026/09/11 10:49:38] 发送(hex): 20
[2026/09/11 10:49:38] 发送(hex): 03
[2026/09/11 10:49:38] 发送(hex): 0d
[2026/09/11 10:49:38] 发送(hex): 20
[2026/09/11 10:49:38] 发送(hex): 03
[2026/09/11 10:49:38] 发送(hex): 0d
[2026/09/11 10:49:38] 发送(hex): 20
[2026/09/11 10:49:38] 发送(hex): 03
[2026/09/11 10:49:38] 发送(hex): 0d
[2026/09/11 10:49:38] 发送(hex): 20
[2026/09/11 10:49:38] 发送(hex): 03
[2026/09/11 10:49:38] Booting(Working) pLedMode = LED_ON,pLightRate=80
[2026/09/11 10:49:38] slot:0 slot retry:0 a_corrupt:0 b_corrupt:0 successful:[1:0]
[2026/09/11 10:49:38] 00000000: 00 00 00 00 00 00 00 00 00 00 00 00 00 00 00 00    ................
[2026/09/11 10:49:38] 00000010: 00 00 00 00 00 00 00 00 00 00 00 00 00 00 00 00    ................
[2026/09/11 10:49:38] [0;31m[ERROR] get_boot_mode_from_partition:358: [0mdump  failed
[2026/09/11 10:49:38] androidboot boot reason = ac
[2026/09/11 10:49:38] Reboot reason == PM_BR_AC
[2026/09/11 10:49:38] upgrade status:done
[2026/09/11 10:49:38] [0;31m[ERROR] standby_mode_enter_standby:187: [0m[panic case]: no panic occur, normal deal
[2026/09/11 10:49:38] Normal booting mode!
[2026/09/11 10:49:38] 发送(hex): 0d
[2026/09/11 10:49:38] 发送(hex): 20
[2026/09/11 10:49:38] 发送(hex): 03
[2026/09/11 10:49:38] 发送(hex): 0d
[2026/09/11 10:49:38] 发送(hex): 20
[2026/09/11 10:49:38] 发送(hex): 03
[2026/09/11 10:49:38] 发送(hex): 0d
[2026/09/11 10:49:38] [wei] mtk_panel_probe 991, PANEL LIB VER 5
[2026/09/11 10:49:38] [wei] BOOT_PNL_VERSION OLD
[2026/09/11 10:49:38] [0;31m[ERROR] standby_mode_enter_qhb:274: [0mThis PID   unsupport  TCL QHB !!!
[2026/09/11 10:49:38] 发送(hex): 20
[2026/09/11 10:49:38] 发送(hex): 03
[2026/09/11 10:49:38] 发送(hex): 0d
[2026/09/11 10:49:38] 发送(hex): 20
[2026/09/11 10:49:38] 发送(hex): 03
[2026/09/11 10:49:38] 发送(hex): 0d
[2026/09/11 10:49:38] [0;31m[ERROR] mtk_panel_init_device:998: [0m[BEFORE DEMURA][start:2133][end:2173][total time:40]
[2026/09/11 10:49:38] [0;31m[ERROR] mtk_panel_enable:1149: [0m
[2026/09/11 10:49:38] ---mtk_panel_enable:1149 Set mtk_panel_enable DelayTask 7
[2026/09/11 10:49:38] Hit any key to stop autoboot:  0  0
[2026/09/11 10:49:38] jump to console
[2026/09/11 10:49:38] disable DRM
[2026/09/11 10:49:38] =>  <INTERRUPT>
[2026/09/11 10:49:38] =>
[2026/09/11 10:49:38] =>  <INTERRUPT>
[2026/09/11 10:49:38] =>
[2026/09/11 10:49:38] =>  <INTERRUPT>
[2026/09/11 10:49:38] =>
[2026/09/11 10:49:38] =>  <INTERRUPT>
[2026/09/11 10:49:38] =>
[2026/09/11 10:49:38] =>  <INTERRUPT>
[2026/09/11 10:49:38] =>
[2026/09/11 10:49:38] =>  <INTERRUPT>
[2026/09/11 10:49:38] =>
[2026/09/11 10:49:38] =>  <INTERRUPT>
[2026/09/11 10:49:38] =>
[2026/09/11 10:49:38] =>  <INTERRUPT>
[2026/09/11 10:49:38] =>
[2026/09/11 10:49:38] =>  <INTERRUPT>
[2026/09/11 10:49:38] =>
[2026/09/11 10:49:38] =>
[2026/09/11 10:49:38] =>
[2026/09/11 10:49:38] =>
[2026/09/11 10:49:38] =>  <INTERRUPT>
[2026/09/11 10:49:38] =>
[2026/09/11 10:49:38] 发送(hex): 20
[2026/09/11 10:49:38] 发送(hex): 03
[2026/09/11 10:49:38] =>
[2026/09/11 10:49:38] 发送(hex): 0d
[2026/09/11 10:49:38] <INTERRUPT>
[2026/09/11 10:49:38] =>
[2026/09/11 10:49:38] 发送(hex): 20
[2026/09/11 10:49:38] 发送(hex): 03
[2026/09/11 10:49:38] =>
[2026/09/11 10:49:38] 发送(hex): 0d
[2026/09/11 10:49:38] <INTERRUPT>
[2026/09/11 10:49:38] =>
[2026/09/11 10:49:38] 发送(hex): 20
[2026/09/11 10:49:38] 发送(hex): 03
[2026/09/11 10:49:38] =>
[2026/09/11 10:49:38] 发送(hex): 0d
[2026/09/11 10:49:38] <INTERRUPT>
[2026/09/11 10:49:38] =>
[2026/09/11 10:49:39] 发送(hex): 20
[2026/09/11 10:49:39] 发送(hex): 03
[2026/09/11 10:49:39] =>
[2026/09/11 10:49:39] 发送(hex): 0d
[2026/09/11 10:49:39] <INTERRUPT>
[2026/09/11 10:49:39] =>
[2026/09/11 10:49:39] 发送(hex): 20
[2026/09/11 10:49:39] 发送(hex): 03
[2026/09/11 10:49:39] =>
[2026/09/11 10:49:39] 发送(hex): 0d
[2026/09/11 10:49:39] <INTERRUPT>
[2026/09/11 10:49:39] =>
[2026/09/11 10:49:39] 发送(hex): 20
[2026/09/11 10:49:39] 发送(hex): 03
[2026/09/11 10:49:39] =>
[2026/09/11 10:49:39] 发送(hex): 0d
[2026/09/11 10:49:39] <INTERRUPT>
[2026/09/11 10:49:39] =>
[2026/09/11 10:49:39] 发送(hex): 20
[2026/09/11 10:49:39] 发送(hex): 03
[2026/09/11 10:49:39] =>
[2026/09/11 10:49:39] 发送(hex): 0d
[2026/09/11 10:49:39] <INTERRUPT>
[2026/09/11 10:49:39] =>
[2026/09/11 10:49:39] 发送(hex): 20
[2026/09/11 10:49:39] 发送(hex): 03
[2026/09/11 10:49:39] =>
[2026/09/11 10:49:39] 发送(hex): 0d
[2026/09/11 10:49:39] <INTERRUPT>
[2026/09/11 10:49:39] =>
[2026/09/11 10:49:39] 发送(hex): 20
[2026/09/11 10:49:39] 发送(hex): 03
[2026/09/11 10:49:39] =>
[2026/09/11 10:49:39] 发送(hex): 0d
[2026/09/11 10:49:39] <INTERRUPT>
[2026/09/11 10:49:39] =>
[2026/09/11 10:49:39] 发送(hex): 20
[2026/09/11 10:49:39] 发送(hex): 03
[2026/09/11 10:49:39] =>
[2026/09/11 10:49:39] 发送(hex): 0d
[2026/09/11 10:49:39] <INTERRUPT>
[2026/09/11 10:49:39] =>
[2026/09/11 10:49:39] 发送(hex): 20
[2026/09/11 10:49:39] 发送(hex): 03
[2026/09/11 10:49:39] =>
[2026/09/11 10:49:39] 发送(hex): 0d
[2026/09/11 10:49:39] <INTERRUPT>
[2026/09/11 10:49:39] =>
[2026/09/11 10:49:39] 发送(hex): 20
[2026/09/11 10:49:39] 发送(hex): 03
[2026/09/11 10:49:39] =>
[2026/09/11 10:49:39] 发送(hex): 0d
[2026/09/11 10:49:39] <INTERRUPT>
[2026/09/11 10:49:39] =>
[2026/09/11 10:49:39] 发送(hex): 20
[2026/09/11 10:49:39] 发送(hex): 03
[2026/09/11 10:49:39] =>
[2026/09/11 10:49:39] 发送(hex): 0d
[2026/09/11 10:49:39] <INTERRUPT>
[2026/09/11 10:49:39] =>
[2026/09/11 10:49:39] 发送(hex): 20
[2026/09/11 10:49:39] 发送(hex): 03
[2026/09/11 10:49:39] =>
[2026/09/11 10:49:39] 发送(hex): 0d
[2026/09/11 10:49:39] <INTERRUPT>
[2026/09/11 10:49:39] =>
[2026/09/11 10:49:39] 发送(hex): 20
[2026/09/11 10:49:39] 发送(hex): 03
[2026/09/11 10:49:39] =>
[2026/09/11 10:49:39] 发送(hex): 0d
[2026/09/11 10:49:39] <INTERRUPT>
[2026/09/11 10:49:39] =>
[2026/09/11 10:49:39] 发送(hex): 20
[2026/09/11 10:49:39] 发送(hex): 03
[2026/09/11 10:49:39] =>
[2026/09/11 10:49:39] 发送(hex): 0d
[2026/09/11 10:49:39] <INTERRUPT>
[2026/09/11 10:49:39] =>
[2026/09/11 10:49:39] 发送(hex): 20
[2026/09/11 10:49:39] 发送(hex): 03
[2026/09/11 10:49:39] =>
[2026/09/11 10:49:39] 发送(hex): 0d
[2026/09/11 10:49:39] <INTERRUPT>
[2026/09/11 10:49:39] =>
[2026/09/11 10:49:39] 发送(hex): 20
[2026/09/11 10:49:39] 发送(hex): 03
[2026/09/11 10:49:39] =>
[2026/09/11 10:49:39] 发送(hex): 0d
[2026/09/11 10:49:39] <INTERRUPT>
[2026/09/11 10:49:39] =>
[2026/09/11 10:49:39] 发送(hex): 20
[2026/09/11 10:49:39] 发送(hex): 03
[2026/09/11 10:49:39] =>
[2026/09/11 10:49:39] 发送(hex): 0d
[2026/09/11 10:49:39] <INTERRUPT>
[2026/09/11 10:49:39] =>
[2026/09/11 10:49:39] 发送(hex): 20
[2026/09/11 10:49:39] 发送(hex): 03
[2026/09/11 10:49:39] =>
[2026/09/11 10:49:39] 发送(hex): 0d
[2026/09/11 10:49:39] <INTERRUPT>
[2026/09/11 10:49:39] =>
[2026/09/11 10:49:39] 发送(hex): 20
[2026/09/11 10:49:39] =>
[2026/09/11 10:49:39] 发送(hex): 03
[2026/09/11 10:49:39] 发送(hex): 0d
[2026/09/11 10:49:39] <INTERRUPT>
[2026/09/11 10:49:39] =>
[2026/09/11 10:49:39] 发送(hex): 20
[2026/09/11 10:49:39] =>
[2026/09/11 10:49:39] 发送(hex): 03
[2026/09/11 10:49:39] 发送(hex): 0d
[2026/09/11 10:49:39] <INTERRUPT>
[2026/09/11 10:49:39] =>
[2026/09/11 10:49:39] 发送(hex): 20
[2026/09/11 10:49:39] =>
[2026/09/11 10:49:39] 发送(hex): 03
[2026/09/11 10:49:39] 发送(hex): 0d
[2026/09/11 10:49:39] <INTERRUPT>
[2026/09/11 10:49:39] =>
[2026/09/11 10:49:39] 发送(hex): 20
[2026/09/11 10:49:39] =>
[2026/09/11 10:49:39] 发送(hex): 03
[2026/09/11 10:49:39] 发送(hex): 0d
[2026/09/11 10:49:39] <INTERRUPT>
[2026/09/11 10:49:39] =>
[2026/09/11 10:49:39] 发送(hex): 20
[2026/09/11 10:49:39] =>
[2026/09/11 10:49:39] 发送(hex): 03
[2026/09/11 10:49:39] 发送(hex): 0d
[2026/09/11 10:49:39] <INTERRUPT>
[2026/09/11 10:49:39] =>
[2026/09/11 10:49:39] 发送(hex): 20
[2026/09/11 10:49:39] =>
[2026/09/11 10:49:39] 发送(hex): 03
[2026/09/11 10:49:39] 发送(hex): 0d
[2026/09/11 10:49:39] <INTERRUPT>
[2026/09/11 10:49:39] 发送(hex): 20
[2026/09/11 10:49:39] =>
[2026/09/11 10:49:39] =>
[2026/09/11 10:49:39] 发送(hex): 03
[2026/09/11 10:49:39] 发送(hex): 0d
[2026/09/11 10:49:39] 发送(hex): 20
[2026/09/11 10:49:39] <INTERRUPT>
[2026/09/11 10:49:39] =>
[2026/09/11 10:49:39] =>
[2026/09/11 10:49:39] 发送(hex): 03
[2026/09/11 10:49:39] 发送(hex): 0d
[2026/09/11 10:49:39] 发送(hex): 20
[2026/09/11 10:49:39] <INTERRUPT>
[2026/09/11 10:49:39] =>
[2026/09/11 10:49:39] =>
[2026/09/11 10:49:39] 发送(hex): 03
[2026/09/11 10:49:39] 发送(hex): 0d
[2026/09/11 10:49:39] 发送(hex): 20
[2026/09/11 10:49:39] <INTERRUPT>
[2026/09/11 10:49:39] =>
[2026/09/11 10:49:39] =>
[2026/09/11 10:49:39] 发送(hex): 03
[2026/09/11 10:49:39] 发送(hex): 0d
[2026/09/11 10:49:39] 发送(hex): 20
[2026/09/11 10:49:39] <INTERRUPT>
[2026/09/11 10:49:39] =>
[2026/09/11 10:49:39] =>
[2026/09/11 10:49:39] 发送(hex): 03
[2026/09/11 10:49:39] 发送(hex): 0d
[2026/09/11 10:49:39] 发送(hex): 20
[2026/09/11 10:49:39] <INTERRUPT>
[2026/09/11 10:49:39] =>
[2026/09/11 10:49:39] =>
[2026/09/11 10:49:39] 发送(hex): 03
[2026/09/11 10:49:39] 发送(hex): 0d
[2026/09/11 10:49:39] 发送(hex): 20
[2026/09/11 10:49:39] <INTERRUPT>
[2026/09/11 10:49:39] =>
[2026/09/11 10:49:39] =>
[2026/09/11 10:49:39] 发送(hex): 03
[2026/09/11 10:49:39] 发送(hex): 0d
[2026/09/11 10:49:39] 发送(hex): 20
[2026/09/11 10:49:39] <INTERRUPT>
[2026/09/11 10:49:39] =>
[2026/09/11 10:49:39] =>
[2026/09/11 10:49:39] 发送(hex): 03
[2026/09/11 10:49:40] 发送(hex): 0d
[2026/09/11 10:49:40] 发送(hex): 20
[2026/09/11 10:49:40] <INTERRUPT>
[2026/09/11 10:49:40] =>
[2026/09/11 10:49:40] =>
[2026/09/11 10:49:40] 发送(hex): 03
[2026/09/11 10:49:40] 发送(hex): 0d
[2026/09/11 10:49:40] 发送(hex): 20
[2026/09/11 10:49:40] <INTERRUPT>
[2026/09/11 10:49:40] =>
[2026/09/11 10:49:40] =>
[2026/09/11 10:49:40] 发送(hex): 03
[2026/09/11 10:49:40] 发送(hex): 0d
[2026/09/11 10:49:40] 发送(hex): 20
[2026/09/11 10:49:40] <INTERRUPT>
[2026/09/11 10:49:40] =>
[2026/09/11 10:49:40] =>
[2026/09/11 10:49:40] 发送(hex): 03
[2026/09/11 10:49:40] 发送(hex): 0d
[2026/09/11 10:49:40] 发送(hex): 20
[2026/09/11 10:49:40] <INTERRUPT>
[2026/09/11 10:49:40] =>
[2026/09/11 10:49:40] =>
[2026/09/11 10:49:40] 发送(hex): 03
[2026/09/11 10:49:40] 发送(hex): 0d
[2026/09/11 10:49:40] 发送(hex): 20
[2026/09/11 10:49:40] <INTERRUPT>
[2026/09/11 10:49:40] =>
[2026/09/11 10:49:40] =>
[2026/09/11 10:49:40] 发送(hex): 03
[2026/09/11 10:49:40] 发送(hex): 0d
[2026/09/11 10:49:40] 发送(hex): 20
[2026/09/11 10:49:40] <INTERRUPT>
[2026/09/11 10:49:40] =>
[2026/09/11 10:49:40] =>
[2026/09/11 10:49:40] 发送(hex): 03
[2026/09/11 10:49:40] 发送(hex): 0d
[2026/09/11 10:49:40] 发送(hex): 20
[2026/09/11 10:49:40] <INTERRUPT>
[2026/09/11 10:49:40] =>
[2026/09/11 10:49:40] =>
[2026/09/11 10:49:40] 发送(hex): 03
[2026/09/11 10:49:40] 发送(hex): 0d
[2026/09/11 10:49:40] 发送(hex): 20
[2026/09/11 10:49:40] <INTERRUPT>
[2026/09/11 10:49:40] =>
[2026/09/11 10:49:40] =>
[2026/09/11 10:49:40] 发送(hex): 03
[2026/09/11 10:49:40] 发送(hex): 0d
[2026/09/11 10:49:40] 发送(hex): 20
[2026/09/11 10:49:40] <INTERRUPT>
[2026/09/11 10:49:40] =>
[2026/09/11 10:49:40] =>
[2026/09/11 10:49:40] 发送(hex): 03
[2026/09/11 10:49:40] 发送(hex): 0d
[2026/09/11 10:49:40] 发送(hex): 20
[2026/09/11 10:49:40] <INTERRUPT>
[2026/09/11 10:49:40] =>
[2026/09/11 10:49:40] =>
[2026/09/11 10:49:40] 发送(hex): 03
[2026/09/11 10:49:40] 发送(hex): 0d
[2026/09/11 10:49:40] 发送(hex): 20
[2026/09/11 10:49:40] <INTERRUPT>
[2026/09/11 10:49:40] =>
[2026/09/11 10:49:40] =>
[2026/09/11 10:49:40] 发送(hex): 03
[2026/09/11 10:49:40] 发送(hex): 0d
[2026/09/11 10:49:40] 发送(hex): 20
[2026/09/11 10:49:40] <INTERRUPT>
[2026/09/11 10:49:40] =>
[2026/09/11 10:49:40] =>
[2026/09/11 10:49:40] 发送(hex): 03
[2026/09/11 10:49:40] 发送(hex): 0d
[2026/09/11 10:49:40] 发送(hex): 20
[2026/09/11 10:49:40] <INTERRUPT>
[2026/09/11 10:49:40] =>
[2026/09/11 10:49:40] =>
[2026/09/11 10:49:40] 发送(hex): 03
[2026/09/11 10:49:40] 发送(hex): 0d
[2026/09/11 10:49:40] 发送(hex): 20
[2026/09/11 10:49:40] <INTERRUPT>
[2026/09/11 10:49:40] =>
[2026/09/11 10:49:40] =>
[2026/09/11 10:49:40] 发送(hex): 03
[2026/09/11 10:49:40] 发送(hex): 0d
[2026/09/11 10:49:40] 发送(hex): 20
[2026/09/11 10:49:40] <INTERRUPT>
[2026/09/11 10:49:40] =>
[2026/09/11 10:49:40] =>
[2026/09/11 10:49:40] 发送(hex): 03
[2026/09/11 10:49:40] 发送(hex): 0d
[2026/09/11 10:49:40] 发送(hex): 20
[2026/09/11 10:49:40] <INTERRUPT>
[2026/09/11 10:49:40] =>
[2026/09/11 10:49:40] =>
[2026/09/11 10:49:40] 发送(hex): 03
[2026/09/11 10:49:40] 发送(hex): 0d
[2026/09/11 10:49:40] 发送(hex): 20
[2026/09/11 10:49:40] <INTERRUPT>
[2026/09/11 10:49:40] =>
[2026/09/11 10:49:40] =>
[2026/09/11 10:49:40] 发送(hex): 03
[2026/09/11 10:49:40] 发送(hex): 0d
[2026/09/11 10:49:40] 发送(hex): 20
[2026/09/11 10:49:40] <INTERRUPT>
[2026/09/11 10:49:40] =>
[2026/09/11 10:49:40] =>
[2026/09/11 10:49:40] 发送(hex): 03
[2026/09/11 10:49:40] 发送(hex): 0d
[2026/09/11 10:49:40] 发送(hex): 20
[2026/09/11 10:49:40] <INTERRUPT>
[2026/09/11 10:49:40] =>
[2026/09/11 10:49:40] =>
[2026/09/11 10:49:40] 发送(hex): 03
[2026/09/11 10:49:40] 发送(hex): 0d
[2026/09/11 10:49:40] <INTERRUPT>
[2026/09/11 10:49:40] =>
[2026/09/11 10:49:40] 发送(hex): 20
[2026/09/11 10:49:40] 发送(hex): 03
[2026/09/11 10:49:40] =>
[2026/09/11 10:49:40] 发送(hex): 0d
[2026/09/11 10:49:40] <INTERRUPT>
[2026/09/11 10:49:40] =>
[2026/09/11 10:49:40] 发送(hex): 20
[2026/09/11 10:49:40] 发送(hex): 03
[2026/09/11 10:49:40] =>
[2026/09/11 10:49:40] 发送(hex): 0d
[2026/09/11 10:49:40] <INTERRUPT>
[2026/09/11 10:49:40] =>
[2026/09/11 10:49:40] 发送(hex): 20
[2026/09/11 10:49:40] 发送(hex): 03
[2026/09/11 10:49:40] =>
[2026/09/11 10:49:40] 发送(hex): 0d
[2026/09/11 10:49:40] 发送(hex): 20
[2026/09/11 10:49:40] <INTERRUPT>
[2026/09/11 10:49:40] =>
[2026/09/11 10:49:40] 发送(hex): 03
[2026/09/11 10:49:40] =>
[2026/09/11 10:49:40] 发送(hex): 0d
[2026/09/11 10:49:40] <INTERRUPT>
[2026/09/11 10:49:40] =>
[2026/09/11 10:49:40] 发送(hex): 20
[2026/09/11 10:49:40] 发送(hex): 03
[2026/09/11 10:49:40] =>
[2026/09/11 10:49:40] 发送(hex): 0d
[2026/09/11 10:49:40] <INTERRUPT>
[2026/09/11 10:49:40] =>
[2026/09/11 10:49:40] 发送(hex): 20
[2026/09/11 10:49:40] 发送(hex): 03
[2026/09/11 10:49:40] =>
[2026/09/11 10:49:40] 发送(hex): 0d
[2026/09/11 10:49:40] <INTERRUPT>
[2026/09/11 10:49:40] =>
[2026/09/11 10:49:40] 发送(hex): 20
[2026/09/11 10:49:40] 发送(hex): 03
[2026/09/11 10:49:40] =>
[2026/09/11 10:49:40] 发送(hex): 0d
[2026/09/11 10:49:40] <INTERRUPT>
[2026/09/11 10:49:40] =>
[2026/09/11 10:49:40] 发送(hex): 20
[2026/09/11 10:49:40] 发送(hex): 03
[2026/09/11 10:49:40] =>
[2026/09/11 10:49:40] 发送(hex): 0d
[2026/09/11 10:49:40] <INTERRUPT>
[2026/09/11 10:49:40] =>
[2026/09/11 10:49:40] 发送(hex): 20
[2026/09/11 10:49:40] =>
[2026/09/11 10:49:40] 发送(hex): 03
[2026/09/11 10:49:40] 发送(hex): 0d
[2026/09/11 10:49:40] <INTERRUPT>
[2026/09/11 10:49:40] =>
[2026/09/11 10:49:40] 发送(hex): 20
[2026/09/11 10:49:40] =>
[2026/09/11 10:49:40] 发送(hex): 03
[2026/09/11 10:49:40] 发送(hex): 0d
[2026/09/11 10:49:40] <INTERRUPT>
[2026/09/11 10:49:40] =>
[2026/09/11 10:49:40] 发送(hex): 20
[2026/09/11 10:49:40] =>
[2026/09/11 10:49:40] 发送(hex): 03
[2026/09/11 10:49:40] 发送(hex): 0d
[2026/09/11 10:49:40] <INTERRUPT>
[2026/09/11 10:49:40] =>
[2026/09/11 10:49:40] 发送(hex): 20
[2026/09/11 10:49:40] =>
[2026/09/11 10:49:40] 发送(hex): 03
[2026/09/11 10:49:41] 发送(hex): 0d
[2026/09/11 10:49:41] <INTERRUPT>
[2026/09/11 10:49:41] =>
[2026/09/11 10:49:41] 发送(hex): 20
[2026/09/11 10:49:41] =>
[2026/09/11 10:49:41] 发送(hex): 03
[2026/09/11 10:49:41] 发送(hex): 0d
[2026/09/11 10:49:41] <INTERRU
[2026/09/11 10:49:41] 发送(hex): 20
[2026/09/11 10:49:41] PT>
[2026/09/11 10:49:41] =>
[2026/09/11 10:49:41] =>
[2026/09/11 10:49:41] 发送(hex): 03
[2026/09/11 10:49:41] 发送(hex): 0d
[2026/09/11 10:49:41] 发送(hex): 20
[2026/09/11 10:49:41] <INTERRUPT>
[2026/09/11 10:49:41] =>
[2026/09/11 10:49:41] =>
[2026/09/11 10:49:41] 发送(hex): 03
[2026/09/11 10:49:41] 发送(hex): 0d
[2026/09/11 10:49:41] 发送(hex): 20
[2026/09/11 10:49:41] <INTERRUPT>
[2026/09/11 10:49:41] =>
[2026/09/11 10:49:41] =>
[2026/09/11 10:49:41] 发送(hex): 03
[2026/09/11 10:49:41] 发送(hex): 0d
[2026/09/11 10:49:41] 发送(hex): 20
[2026/09/11 10:49:41] <INTERRUPT>
[2026/09/11 10:49:41] =>
[2026/09/11 10:49:41] =>
[2026/09/11 10:49:41] 发送(hex): 03
[2026/09/11 10:49:41] 发送(hex): 0d
[2026/09/11 10:49:41] 发送(hex): 20
[2026/09/11 10:49:41] <INTERRUPT>
[2026/09/11 10:49:41] =>
[2026/09/11 10:49:41] =>
[2026/09/11 10:49:41] 发送(hex): 03
[2026/09/11 10:49:41] 发送(hex): 0d
[2026/09/11 10:49:41] 发送(hex): 20
[2026/09/11 10:49:41] <INTERRUPT>
[2026/09/11 10:49:41] =>
[2026/09/11 10:49:41] 发送(hex): 03
[2026/09/11 10:49:41] =>
[2026/09/11 10:49:41] 发送(hex): 0d
[2026/09/11 10:49:41] <INTERRUPT>
[2026/09/11 10:49:41] =>
[2026/09/11 10:49:41] 发送(hex): 20
[2026/09/11 10:49:41] 发送(hex): 03
[2026/09/11 10:49:41] =>
[2026/09/11 10:49:41] 发送(hex): 0d
[2026/09/11 10:49:41] <INTERRUPT>
[2026/09/11 10:49:41] =>
[2026/09/11 10:49:41] 发送(hex): 20
[2026/09/11 10:49:41] 发送(hex): 03
[2026/09/11 10:49:41] =>
[2026/09/11 10:49:41] 发送(hex): 0d
[2026/09/11 10:49:41] <INTERRUPT>
[2026/09/11 10:49:41] =>
[2026/09/11 10:49:41] 发送(hex): 20
[2026/09/11 10:49:41] 发送(hex): 03
[2026/09/11 10:49:41] =>
[2026/09/11 10:49:41] 发送(hex): 0d
[2026/09/11 10:49:41] <INTERRUPT>
[2026/09/11 10:49:41] =>
[2026/09/11 10:49:41] 发送(hex): 20
[2026/09/11 10:49:41] 发送(hex): 03
[2026/09/11 10:49:41] =>
[2026/09/11 10:49:41] 发送(hex): 0d
[2026/09/11 10:49:41] <INTERRUPT>
[2026/09/11 10:49:41] =>
[2026/09/11 10:49:41] 发送(hex): 20
[2026/09/11 10:49:41] 发送(hex): 03
[2026/09/11 10:49:41] =>
[2026/09/11 10:49:41] 发送(hex): 0d
[2026/09/11 10:49:41] <INTERRUPT>
[2026/09/11 10:49:41] =>
[2026/09/11 10:49:41] 发送(hex): 20
[2026/09/11 10:49:41] 发送(hex): 03
[2026/09/11 10:49:41] =>
[2026/09/11 10:49:41] 发送(hex): 0d
[2026/09/11 10:49:41] <INTERRUPT>
[2026/09/11 10:49:41] =>
[2026/09/11 10:49:41] 发送(hex): 20
[2026/09/11 10:49:41] 发送(hex): 03
[2026/09/11 10:49:41] =>
[2026/09/11 10:49:41] 发送(hex): 0d
[2026/09/11 10:49:41] <INTERRUPT>
[2026/09/11 10:49:41] =>
[2026/09/11 10:49:41] 发送(hex): 20
[2026/09/11 10:49:41] 发送(hex): 03
[2026/09/11 10:49:41] =>
[2026/09/11 10:49:41] 发送(hex): 0d
[2026/09/11 10:49:41] <INTERRUPT>
[2026/09/11 10:49:41] =>
[2026/09/11 10:49:41] 发送(hex): 20
[2026/09/11 10:49:41] 发送(hex): 03
[2026/09/11 10:49:41] =>
[2026/09/11 10:49:41] 发送(hex): 0d
[2026/09/11 10:49:41] <INTERRUPT>
[2026/09/11 10:49:41] =>
[2026/09/11 10:49:41] 发送(hex): 20
[2026/09/11 10:49:41] 发送(hex): 03
[2026/09/11 10:49:41] =>
[2026/09/11 10:49:41] 发送(hex): 0d
[2026/09/11 10:49:41] <INTERRUPT>
[2026/09/11 10:49:41] =>
[2026/09/11 10:49:41] 发送(hex): 20
[2026/09/11 10:49:41] 发送(hex): 03
[2026/09/11 10:49:41] =>
[2026/09/11 10:49:41] 发送(hex): 0d
[2026/09/11 10:49:41] <INTERRUPT>
[2026/09/11 10:49:41] =>
[2026/09/11 10:49:41] 发送(hex): 20
[2026/09/11 10:49:41] 发送(hex): 03
[2026/09/11 10:49:41] =>
[2026/09/11 10:49:41] 发送(hex): 0d
[2026/09/11 10:49:41] <INTERRUPT>
[2026/09/11 10:49:41] =>
[2026/09/11 10:49:41] 发送(hex): 20
[2026/09/11 10:49:41] 发送(hex): 03
[2026/09/11 10:49:41] =>
[2026/09/11 10:49:41] 发送(hex): 0d
[2026/09/11 10:49:41] <INTERRUPT>
[2026/09/11 10:49:41] =>
[2026/09/11 10:49:41] 发送(hex): 20
[2026/09/11 10:49:41] 发送(hex): 03
[2026/09/11 10:49:41] =>
[2026/09/11 10:49:41] 发送(hex): 0d
[2026/09/11 10:49:41] <INTERRUPT>
[2026/09/11 10:49:41] =>
[2026/09/11 10:49:41] 发送(hex): 20
[2026/09/11 10:49:41] 发送(hex): 03
[2026/09/11 10:49:41] =>
[2026/09/11 10:49:41] 发送(hex): 0d
[2026/09/11 10:49:41] <INTERRUPT>
[2026/09/11 10:49:41] =>
[2026/09/11 10:49:41] 发送(hex): 20
[2026/09/11 10:49:41] 发送(hex): 03
[2026/09/11 10:49:41] =>
[2026/09/11 10:49:41] 发送(hex): 0d
[2026/09/11 10:49:41] <INTERRUPT>
[2026/09/11 10:49:41] =>
[2026/09/11 10:49:41] 发送(hex): 20
[2026/09/11 10:49:41] 发送(hex): 03
[2026/09/11 10:49:41] =>
[2026/09/11 10:49:41] 发送(hex): 0d
[2026/09/11 10:49:41] <INTERRUPT>
[2026/09/11 10:49:41] =>
[2026/09/11 10:49:41] 发送(hex): 20
[2026/09/11 10:49:41] 发送(hex): 03
[2026/09/11 10:49:41] =>
[2026/09/11 10:49:41] 发送(hex): 0d
[2026/09/11 10:49:41] <INTERRUPT>
[2026/09/11 10:49:41] =>
[2026/09/11 10:49:41] 发送(hex): 20
[2026/09/11 10:49:41] =>
[2026/09/11 10:49:41] 发送(hex): 03
[2026/09/11 10:49:41] 发送(hex): 0d
[2026/09/11 10:49:41] <INTERRUPT>
[2026/09/11 10:49:41] =>
[2026/09/11 10:49:41] 发送(hex): 20
[2026/09/11 10:49:41] =>
[2026/09/11 10:49:41] 发送(hex): 03
[2026/09/11 10:49:41] 发送(hex): 0d
[2026/09/11 10:49:41] <INTERRUPT>
[2026/09/11 10:49:41] =>
[2026/09/11 10:49:41] 发送(hex): 20
[2026/09/11 10:49:41] =>
[2026/09/11 10:49:41] 发送(hex): 03
[2026/09/11 10:49:41] 发送(hex): 0d
[2026/09/11 10:49:41] <INTERRUPT>
[2026/09/11 10:49:41] =>
[2026/09/11 10:49:41] 发送(hex): 20
[2026/09/11 10:49:41] =>
[2026/09/11 10:49:41] 发送(hex): 03
[2026/09/11 10:49:41] 发送(hex): 0d
[2026/09/11 10:49:41] <INTERRUPT>
[2026/09/11 10:49:41] =>
[2026/09/11 10:49:41] 发送(hex): 20
[2026/09/11 10:49:41] =>
[2026/09/11 10:49:41] 发送(hex): 03
[2026/09/11 10:49:41] 发送(hex): 0d
[2026/09/11 10:49:41] 发送(hex): 20
[2026/09/11 10:49:41] <INTERRUPT>
[2026/09/11 10:49:41] =>
[2026/09/11 10:49:41] =>
[2026/09/11 10:49:42] 发送(hex): 03
[2026/09/11 10:49:42] 发送(hex): 0d
[2026/09/11 10:49:42] 发送(hex): 20
[2026/09/11 10:49:42] <INTERRUPT>
[2026/09/11 10:49:42] =>
[2026/09/11 10:49:42] =>
[2026/09/11 10:49:42] 发送(hex): 03
[2026/09/11 10:49:42] 发送(hex): 0d
[2026/09/11 10:49:42] 发送(hex): 20
[2026/09/11 10:49:42] <INTERRUPT>
[2026/09/11 10:49:42] =>
[2026/09/11 10:49:42] =>
[2026/09/11 10:49:42] 发送(hex): 03
[2026/09/11 10:49:42] 发送(hex): 0d
[2026/09/11 10:49:42] 发送(hex): 20
[2026/09/11 10:49:42] <INTERRUPT>
[2026/09/11 10:49:42] =>
[2026/09/11 10:49:42] =>
[2026/09/11 10:49:42] 发送(hex): 03
[2026/09/11 10:49:42] 发送(hex): 0d
[2026/09/11 10:49:42] <INTERRUPT>
[2026/09/11 10:49:42] =>
[2026/09/11 10:49:42] 发送(hex): 20
[2026/09/11 10:49:42] 发送(hex): 03
[2026/09/11 10:49:42] =>
[2026/09/11 10:49:42] 发送(hex): 0d
[2026/09/11 10:49:42] <INTERRUPT>
[2026/09/11 10:49:42] =>
[2026/09/11 10:49:42] 发送(hex): 20
[2026/09/11 10:49:42] 发送(hex): 03
[2026/09/11 10:49:42] =>
[2026/09/11 10:49:42] 发送(hex): 0d
[2026/09/11 10:49:42] <INTERRUPT>
[2026/09/11 10:49:42] =>
[2026/09/11 10:49:42] 发送(hex): 20
[2026/09/11 10:49:42] 发送(hex): 03
[2026/09/11 10:49:42] =>
[2026/09/11 10:49:42] 发送(hex): 0d
[2026/09/11 10:49:42] <INTERRUPT>
[2026/09/11 10:49:42] =>
[2026/09/11 10:49:42] 发送(hex): 20
[2026/09/11 10:49:42] 发送(hex): 03
[2026/09/11 10:49:42] =>
[2026/09/11 10:49:42] 发送(hex): 0d
[2026/09/11 10:49:42] <INTERRUPT>
[2026/09/11 10:49:42] =>
[2026/09/11 10:49:42] 发送(hex): 20
[2026/09/11 10:49:42] 发送(hex): 03
[2026/09/11 10:49:42] =>
[2026/09/11 10:49:42] 发送(hex): 0d
[2026/09/11 10:49:42] <INTERRUPT>
[2026/09/11 10:49:42] =>
[2026/09/11 10:49:42] 发送(hex): 20
[2026/09/11 10:49:42] 发送(hex): 03
[2026/09/11 10:49:42] =>
[2026/09/11 10:49:42] 发送(hex): 0d
[2026/09/11 10:49:42] <INTERRUPT>
[2026/09/11 10:49:42] =>
[2026/09/11 10:49:42] 发送(hex): 20
[2026/09/11 10:49:42] 发送(hex): 03
[2026/09/11 10:49:42] =>
[2026/09/11 10:49:42] 发送(hex): 0d
[2026/09/11 10:49:42] <INTERRUPT>
[2026/09/11 10:49:42] =>
[2026/09/11 10:49:42] 发送(hex): 20
[2026/09/11 10:49:42] 发送(hex): 03
[2026/09/11 10:49:42] =>
[2026/09/11 10:49:42] 发送(hex): 0d
[2026/09/11 10:49:42] <INTERRUPT>
[2026/09/11 10:49:42] =>
[2026/09/11 10:49:42] 发送(hex): 20
[2026/09/11 10:49:42] 发送(hex): 03
[2026/09/11 10:49:42] =>
[2026/09/11 10:49:42] 发送(hex): 0d
[2026/09/11 10:49:42] <INTERRUPT>
[2026/09/11 10:49:42] =>
[2026/09/11 10:49:42] 发送(hex): 20
[2026/09/11 10:49:42] 发送(hex): 03
[2026/09/11 10:49:42] =>
[2026/09/11 10:49:42] 发送(hex): 0d
[2026/09/11 10:49:42] <INTERRUPT>
[2026/09/11 10:49:42] =>
[2026/09/11 10:49:42] 发送(hex): 20
[2026/09/11 10:49:42] 发送(hex): 03
[2026/09/11 10:49:42] =>
[2026/09/11 10:49:42] 发送(hex): 0d
[2026/09/11 10:49:42] <INTERRUPT>
[2026/09/11 10:49:42] =>
[2026/09/11 10:49:42] 发送(hex): 20
[2026/09/11 10:49:42] =>
[2026/09/11 10:49:42] 发送(hex): 03
[2026/09/11 10:49:42] 发送(hex): 0d
[2026/09/11 10:49:42] <INTERRUPT>
[2026/09/11 10:49:42] 发送(hex): 20
[2026/09/11 10:49:42] =>
[2026/09/11 10:49:42] =>
[2026/09/11 10:49:42] 发送(hex): 03
[2026/09/11 10:49:42] 发送(hex): 0d
[2026/09/11 10:49:42] <INTE
[2026/09/11 10:49:42] 发送(hex): 20
[2026/09/11 10:49:42] RRUPT>
[2026/09/11 10:49:42] =>
[2026/09/11 10:49:42] =>
[2026/09/11 10:49:42] 发送(hex): 03
[2026/09/11 10:49:42] 发送(hex): 0d
[2026/09/11 10:49:42] 发送(hex): 20
[2026/09/11 10:49:42] <INTERRUPT>
[2026/09/11 10:49:42] =>
[2026/09/11 10:49:42] =>
[2026/09/11 10:49:42] 发送(hex): 03
[2026/09/11 10:49:42] 发送(hex): 0d
[2026/09/11 10:49:42] 发送(hex): 20
[2026/09/11 10:49:42] <INTERRUPT>
[2026/09/11 10:49:42] =>
[2026/09/11 10:49:42] =>
[2026/09/11 10:49:42] 发送(hex): 03
[2026/09/11 10:49:42] 发送(hex): 0d
[2026/09/11 10:49:42] 发送(hex): 20
[2026/09/11 10:49:42] <INTERRUPT>
[2026/09/11 10:49:42] =>
[2026/09/11 10:49:42] =>
[2026/09/11 10:49:42] 发送(hex): 03
[2026/09/11 10:49:42] 发送(hex): 0d
[2026/09/11 10:49:42] 发送(hex): 20
[2026/09/11 10:49:42] <INTERRUPT>
[2026/09/11 10:49:42] =>
[2026/09/11 10:49:42] 发送(hex): 03
[2026/09/11 10:49:42] =>
[2026/09/11 10:49:42] 发送(hex): 0d
[2026/09/11 10:49:42] <INTERRUPT>
[2026/09/11 10:49:42] =>
[2026/09/11 10:49:42] 发送(hex): 20
[2026/09/11 10:49:42] 发送(hex): 03
[2026/09/11 10:49:42] =>
[2026/09/11 10:49:42] 发送(hex): 0d
[2026/09/11 10:49:42] <INTERRUPT>
[2026/09/11 10:49:42] =>
[2026/09/11 10:49:42] 发送(hex): 20
[2026/09/11 10:49:42] 发送(hex): 03
[2026/09/11 10:49:42] =>
[2026/09/11 10:49:42] 发送(hex): 0d
[2026/09/11 10:49:42] <INTERRUPT>
[2026/09/11 10:49:42] =>
[2026/09/11 10:49:42] 发送(hex): 20
[2026/09/11 10:49:42] =>
[2026/09/11 10:49:42] 发送(hex): 03
[2026/09/11 10:49:42] 发送(hex): 0d
[2026/09/11 10:49:42] <INTERRUPT>
[2026/09/11 10:49:42] =>
[2026/09/11 10:49:42] 发送(hex): 20
[2026/09/11 10:49:42] =>
[2026/09/11 10:49:42] 发送(hex): 03
[2026/09/11 10:49:42] 发送(hex): 0d
[2026/09/11 10:49:42] <INTERRUPT>
[2026/09/11 10:49:42] =>
[2026/09/11 10:49:42] 发送(hex): 20
[2026/09/11 10:49:42] =>
[2026/09/11 10:49:42] 发送(hex): 03
[2026/09/11 10:49:42] 发送(hex): 0d
[2026/09/11 10:49:42] <INTERRUPT>
[2026/09/11 10:49:42] =>
[2026/09/11 10:49:42] 发送(hex): 20
[2026/09/11 10:49:42] =>
[2026/09/11 10:49:42] 发送(hex): 03
[2026/09/11 10:49:42] 发送(hex): 0d
[2026/09/11 10:49:42] <INTER
[2026/09/11 10:49:42] 发送(hex): 20
[2026/09/11 10:49:42] RUPT>
[2026/09/11 10:49:42] =>
[2026/09/11 10:49:42] =>
[2026/09/11 10:49:42] 发送(hex): 03
[2026/09/11 10:49:42] 发送(hex): 0d
[2026/09/11 10:49:42] 发送(hex): 20
[2026/09/11 10:49:42] <INTERRUPT>
[2026/09/11 10:49:42] =>
[2026/09/11 10:49:42] =>
[2026/09/11 10:49:42] 发送(hex): 03
[2026/09/11 10:49:42] 发送(hex): 0d
[2026/09/11 10:49:42] <INTERRUPT>
[2026/09/11 10:49:42] =>
[2026/09/11 10:49:42] 发送(hex): 20
[2026/09/11 10:49:43] 发送(hex): 03
[2026/09/11 10:49:43] =>
[2026/09/11 10:49:43] 发送(hex): 0d
[2026/09/11 10:49:43] <INTERRUPT>
[2026/09/11 10:49:43] =>
[2026/09/11 10:49:43] 发送(hex): 20
[2026/09/11 10:49:43] 发送(hex): 03
[2026/09/11 10:49:43] =>
[2026/09/11 10:49:43] 发送(hex): 0d
[2026/09/11 10:49:43] <INTERRUPT>
[2026/09/11 10:49:43] =>
[2026/09/11 10:49:43] 发送(hex): 20
[2026/09/11 10:49:43] =>
[2026/09/11 10:49:43] 发送(hex): 03
[2026/09/11 10:49:43] 发送(hex): 0d
[2026/09/11 10:49:43] <I
[2026/09/11 10:49:43] 发送(hex): 20
[2026/09/11 10:49:43] NTERRUPT>
[2026/09/11 10:49:43] =>
[2026/09/11 10:49:43] =>
[2026/09/11 10:49:43] 发送(hex): 03
[2026/09/11 10:49:43] 发送(hex): 0d
[2026/09/11 10:49:43] 发送(hex): 20
[2026/09/11 10:49:43] <INTERRUPT>
[2026/09/11 10:49:43] =>
[2026/09/11 10:49:43] =>
[2026/09/11 10:49:43] 发送(hex): 03
[2026/09/11 10:49:43] 发送(hex): 0d
[2026/09/11 10:49:43] 发送(hex): 20
[2026/09/11 10:49:43] <INTERRUPT>
[2026/09/11 10:49:43] =>
[2026/09/11 10:49:43] =>
[2026/09/11 10:49:43] 发送(hex): 03
[2026/09/11 10:49:43] 发送(hex): 0d
[2026/09/11 10:49:43] 发送(hex): 20
[2026/09/11 10:49:43] <INTERRUPT>
[2026/09/11 10:49:43] =>
[2026/09/11 10:49:43] =>
[2026/09/11 10:49:43] 发送(hex): 03
[2026/09/11 10:49:43] 发送(hex): 0d
[2026/09/11 10:49:43] <INTERRUPT>
[2026/09/11 10:49:43] =>
[2026/09/11 10:49:43] 发送(hex): 20
[2026/09/11 10:49:43] 发送(hex): 03
[2026/09/11 10:49:43] =>
[2026/09/11 10:49:43] 发送(hex): 0d
[2026/09/11 10:49:43] <INTERRUPT>
[2026/09/11 10:49:43] =>
[2026/09/11 10:49:43] 发送(hex): 20
[2026/09/11 10:49:43] 发送(hex): 03
[2026/09/11 10:49:43] =>
[2026/09/11 10:49:43] 发送(hex): 0d
[2026/09/11 10:49:43] <INTERRUPT>
[2026/09/11 10:49:43] =>
[2026/09/11 10:49:43] 发送(hex): 20
[2026/09/11 10:49:43] 发送(hex): 03
[2026/09/11 10:49:43] =>
[2026/09/11 10:49:43] 发送(hex): 0d
[2026/09/11 10:49:43] <INTERRUPT>
[2026/09/11 10:49:43] =>
[2026/09/11 10:49:43] 发送(hex): 20
[2026/09/11 10:49:43] 发送(hex): 03
[2026/09/11 10:49:43] =>
[2026/09/11 10:49:43] 发送(hex): 0d
[2026/09/11 10:49:43] <INTERRUPT>
[2026/09/11 10:49:43] =>
[2026/09/11 10:49:43] 发送(hex): 20
[2026/09/11 10:49:43] 发送(hex): 03
[2026/09/11 10:49:43] =>
[2026/09/11 10:49:43] 发送(hex): 0d
[2026/09/11 10:49:43] <INTERRUPT>
[2026/09/11 10:49:43] =>
[2026/09/11 10:49:43] 发送(hex): 20
[2026/09/11 10:49:43] =>
[2026/09/11 10:49:43] 发送(hex): 03
[2026/09/11 10:49:43] 发送(hex): 0d
[2026/09/11 10:49:43] 发送(hex): 20
[2026/09/11 10:49:43] <INTERRUPT>
[2026/09/11 10:49:43] =>
[2026/09/11 10:49:43] =>
[2026/09/11 10:49:43] 发送(hex): 03
[2026/09/11 10:49:43] 发送(hex): 0d
[2026/09/11 10:49:43] <INTERRUPT>
[2026/09/11 10:49:43] =>
[2026/09/11 10:49:43] 发送(hex): 20
[2026/09/11 10:49:43] =>
[2026/09/11 10:49:43] 发送(hex): 03
[2026/09/11 10:49:43] 发送(hex): 0d
[2026/09/11 10:49:43] <INTERRUPT>
[2026/09/11 10:49:43] =>
[2026/09/11 10:49:43] 发送(hex): 20
[2026/09/11 10:49:43] =>
[2026/09/11 10:49:43] 发送(hex): 03
[2026/09/11 10:49:43] 发送(hex): 0d
[2026/09/11 10:49:43] <INTERRUPT>
[2026/09/11 10:49:43] =>
[2026/09/11 10:49:43] 发送(hex): 20
[2026/09/11 10:49:43] =>
[2026/09/11 10:49:43] 发送(hex): 03
[2026/09/11 10:49:43] 发送(hex): 0d
[2026/09/11 10:49:43] <INTERRUPT>
[2026/09/11 10:49:43] =>
[2026/09/11 10:49:43] 发送(hex): 20
[2026/09/11 10:49:43] =>
[2026/09/11 10:49:43] 发送(hex): 03
[2026/09/11 10:49:43] 发送(hex): 0d
[2026/09/11 10:49:43] <INTERRUPT>
[2026/09/11 10:49:43] =>
[2026/09/11 10:49:43] 发送(hex): 20
[2026/09/11 10:49:43] =>
[2026/09/11 10:49:43] 发送(hex): 03
[2026/09/11 10:49:43] 发送(hex): 0d
[2026/09/11 10:49:43] <INTERRUPT>
[2026/09/11 10:49:43] =>
[2026/09/11 10:49:43] 发送(hex): 20
[2026/09/11 10:49:43] =>
[2026/09/11 10:49:43] 发送(hex): 03
[2026/09/11 10:49:43] 发送(hex): 0d
[2026/09/11 10:49:43] <INTERRUPT>
[2026/09/11 10:49:43] 发送(hex): 20
[2026/09/11 10:49:43] =>
[2026/09/11 10:49:43] =>
[2026/09/11 10:49:43] 发送(hex): 03
[2026/09/11 10:49:43] 发送(hex): 0d
[2026/09/11 10:49:43] 发送(hex): 20
[2026/09/11 10:49:43] <INTERRUPT>
[2026/09/11 10:49:43] =>
[2026/09/11 10:49:43] =>
[2026/09/11 10:49:43] 发送(hex): 03
[2026/09/11 10:49:43] 发送(hex): 0d
[2026/09/11 10:49:43] 发送(hex): 20
[2026/09/11 10:49:43] <INTERRUPT>
[2026/09/11 10:49:43] =>
[2026/09/11 10:49:43] =>
[2026/09/11 10:49:43] 发送(hex): 03
[2026/09/11 10:49:43] 发送(hex): 0d
[2026/09/11 10:49:43] 发送(hex): 20
[2026/09/11 10:49:43] <INTERRUPT>
[2026/09/11 10:49:43] =>
[2026/09/11 10:49:43] =>
[2026/09/11 10:49:43] 发送(hex): 03
[2026/09/11 10:49:43] 发送(hex): 0d
[2026/09/11 10:49:43] 发送(hex): 20
[2026/09/11 10:49:43] <INTERRUPT>
[2026/09/11 10:49:43] =>
[2026/09/11 10:49:43] =>
[2026/09/11 10:49:43] 发送(hex): 03
[2026/09/11 10:49:43] 发送(hex): 0d
[2026/09/11 10:49:43] 发送(hex): 20
[2026/09/11 10:49:43] <INTERRUPT>
[2026/09/11 10:49:43] =>
[2026/09/11 10:49:43] =>
[2026/09/11 10:49:43] 发送(hex): 03
[2026/09/11 10:49:43] 发送(hex): 0d
[2026/09/11 10:49:43] <INTERRUPT>
[2026/09/11 10:49:43] =>
[2026/09/11 10:49:43] 发送(hex): 20
[2026/09/11 10:49:43] 发送(hex): 03
[2026/09/11 10:49:43] =>
[2026/09/11 10:49:43] 发送(hex): 0d
[2026/09/11 10:49:43] <INTERRUPT>
[2026/09/11 10:49:43] =>
[2026/09/11 10:49:43] 发送(hex): 20
[2026/09/11 10:49:43] 发送(hex): 03
[2026/09/11 10:49:43] =>
[2026/09/11 10:49:43] 发送(hex): 0d
[2026/09/11 10:49:43] <INTERRUPT>
[2026/09/11 10:49:43] =>
[2026/09/11 10:49:43] 发送(hex): 20
[2026/09/11 10:49:43] 发送(hex): 03
[2026/09/11 10:49:43] =>
[2026/09/11 10:49:43] 发送(hex): 0d
[2026/09/11 10:49:43] <INTERRUPT>
[2026/09/11 10:49:43] =>
[2026/09/11 10:49:43] 发送(hex): 20
[2026/09/11 10:49:43] 发送(hex): 03
[2026/09/11 10:49:43] =>
[2026/09/11 10:49:43] 发送(hex): 0d
[2026/09/11 10:49:43] <INTERRUPT>
[2026/09/11 10:49:43] =>
[2026/09/11 10:49:44] 发送(hex): 20
[2026/09/11 10:49:44] 发送(hex): 03
[2026/09/11 10:49:44] =>
[2026/09/11 10:49:44] 发送(hex): 0d
[2026/09/11 10:49:44] <INTERRUPT>
[2026/09/11 10:49:44] =>
[2026/09/11 10:49:44] 发送(hex): 20
[2026/09/11 10:49:44] =>
[2026/09/11 10:49:44] 发送(hex): 03
[2026/09/11 10:49:44] 发送(hex): 0d
[2026/09/11 10:49:44] <INTERRUPT>
[2026/09/11 10:49:44] =
[2026/09/11 10:49:44] 发送(hex): 20
[2026/09/11 10:49:44] >
[2026/09/11 10:49:44] =>
[2026/09/11 10:49:44] 发送(hex): 03
[2026/09/11 10:49:44] 发送(hex): 0d
[2026/09/11 10:49:44] <INTE
[2026/09/11 10:49:44] 发送(hex): 20
[2026/09/11 10:49:44] RRUPT>
[2026/09/11 10:49:44] =>
[2026/09/11 10:49:44] =>
[2026/09/11 10:49:44] 发送(hex): 03
[2026/09/11 10:49:44] 发送(hex): 0d
[2026/09/11 10:49:44] 发送(hex): 20
[2026/09/11 10:49:44] <INTERRUPT>
[2026/09/11 10:49:44] =>
[2026/09/11 10:49:44] =>
[2026/09/11 10:49:44] 发送(hex): 03
[2026/09/11 10:49:44] 发送(hex): 0d
[2026/09/11 10:49:44] 发送(hex): 20
[2026/09/11 10:49:44] <INTERRUPT>
[2026/09/11 10:49:44] =>
[2026/09/11 10:49:44] =>
[2026/09/11 10:49:44] 发送(hex): 03
[2026/09/11 10:49:44] 发送(hex): 0d
[2026/09/11 10:49:44] 发送(hex): 20
[2026/09/11 10:49:44] <INTERRUPT>
[2026/09/11 10:49:44] =>
[2026/09/11 10:49:44] =>
[2026/09/11 10:49:44] 发送(hex): 03
[2026/09/11 10:49:44] 发送(hex): 0d
[2026/09/11 10:49:44] 发送(hex): 20
[2026/09/11 10:49:44] <INTERRUPT>
[2026/09/11 10:49:44] =>
[2026/09/11 10:49:44] =>
[2026/09/11 10:49:44] 发送(hex): 03
[2026/09/11 10:49:44] 发送(hex): 0d
[2026/09/11 10:49:44] 发送(hex): 20
[2026/09/11 10:49:44] <INTERRUPT>
[2026/09/11 10:49:44] =>
[2026/09/11 10:49:44] =>
[2026/09/11 10:49:44] 发送(hex): 03
[2026/09/11 10:49:44] 发送(hex): 0d
[2026/09/11 10:49:44] 发送(hex): 20
[2026/09/11 10:49:44] <INTERRUPT>
[2026/09/11 10:49:44] =>
[2026/09/11 10:49:44] 发送(hex): 03
[2026/09/11 10:49:44] =>
[2026/09/11 10:49:44] 发送(hex): 0d
[2026/09/11 10:49:44] <INTERRUPT>
[2026/09/11 10:49:44] =>
[2026/09/11 10:49:44] 发送(hex): 20
[2026/09/11 10:49:44] 发送(hex): 03
[2026/09/11 10:49:44] =>
[2026/09/11 10:49:44] 发送(hex): 0d
[2026/09/11 10:49:44] <INTERRUPT>
[2026/09/11 10:49:44] =>
[2026/09/11 10:49:44] 发送(hex): 20
[2026/09/11 10:49:44] 发送(hex): 03
[2026/09/11 10:49:44] =>
[2026/09/11 10:49:44] 发送(hex): 0d
[2026/09/11 10:49:44] <INTERRUPT>
[2026/09/11 10:49:44] =>
[2026/09/11 10:49:44] 发送(hex): 20
[2026/09/11 10:49:44] =>
[2026/09/11 10:49:44] 发送(hex): 03
[2026/09/11 10:49:44] 发送(hex): 0d
[2026/09/11 10:49:44] 发送(hex): 20
[2026/09/11 10:49:44] <INTERRUPT>
[2026/09/11 10:49:44] =>
[2026/09/11 10:49:44] =>
[2026/09/11 10:49:44] 发送(hex): 03
[2026/09/11 10:49:44] 发送(hex): 0d
[2026/09/11 10:49:44] 发送(hex): 20
[2026/09/11 10:49:44] <INTERRUPT>
[2026/09/11 10:49:44] =>
[2026/09/11 10:49:44] =>
[2026/09/11 10:49:44] 发送(hex): 03
[2026/09/11 10:49:44] 发送(hex): 0d
[2026/09/11 10:49:44] 发送(hex): 20
[2026/09/11 10:49:44] <INTERRUPT>
[2026/09/11 10:49:44] =>
[2026/09/11 10:49:44] =>
[2026/09/11 10:49:44] 发送(hex): 03
[2026/09/11 10:49:44] 发送(hex): 0d
[2026/09/11 10:49:44] 发送(hex): 20
[2026/09/11 10:49:44] <INTERRUPT>
[2026/09/11 10:49:44] =>
[2026/09/11 10:49:44] =>
[2026/09/11 10:49:44] 发送(hex): 03
[2026/09/11 10:49:44] 发送(hex): 0d
[2026/09/11 10:49:44] 发送(hex): 20
[2026/09/11 10:49:44] <INTERRUPT>
[2026/09/11 10:49:44] =>
[2026/09/11 10:49:44] =>
[2026/09/11 10:49:44] 发送(hex): 03
[2026/09/11 10:49:44] 发送(hex): 0d
[2026/09/11 10:49:44] 发送(hex): 20
[2026/09/11 10:49:44] <INTERRUPT>
[2026/09/11 10:49:44] =>
[2026/09/11 10:49:44] =>
[2026/09/11 10:49:44] 发送(hex): 03
[2026/09/11 10:49:44] 发送(hex): 0d
[2026/09/11 10:49:44] <INTERRUPT>
[2026/09/11 10:49:44] =>
[2026/09/11 10:49:44] 发送(hex): 20
[2026/09/11 10:49:44] 发送(hex): 03
[2026/09/11 10:49:44] =>
[2026/09/11 10:49:44] 发送(hex): 0d
[2026/09/11 10:49:44] <INTERRUPT>
[2026/09/11 10:49:44] =>
[2026/09/11 10:49:44] 发送(hex): 20
[2026/09/11 10:49:44] =>
[2026/09/11 10:49:44] 发送(hex): 03
[2026/09/11 10:49:44] 发送(hex): 0d
[2026/09/11 10:49:44] <INTERRUPT>
[2026/09/11 10:49:44] =>
[2026/09/11 10:49:44] 发送(hex): 20
[2026/09/11 10:49:44] =>
[2026/09/11 10:49:44] 发送(hex): 03
[2026/09/11 10:49:44] 发送(hex): 0d
[2026/09/11 10:49:44] <INTERRUPT>
[2026/09/11 10:49:44] =
[2026/09/11 10:49:44] 发送(hex): 20
[2026/09/11 10:49:44] >
[2026/09/11 10:49:44] =>
[2026/09/11 10:49:44] 发送(hex): 03
[2026/09/11 10:49:44] 发送(hex): 0d
[2026/09/11 10:49:44] <INTERR
[2026/09/11 10:49:44] 发送(hex): 20
[2026/09/11 10:49:44] UPT>
[2026/09/11 10:49:44] =>
[2026/09/11 10:49:44] =>
[2026/09/11 10:49:44] 发送(hex): 03
[2026/09/11 10:49:44] 发送(hex): 0d
[2026/09/11 10:49:44] 发送(hex): 20
[2026/09/11 10:49:44] <INTERRUPT>
[2026/09/11 10:49:44] =>
[2026/09/11 10:49:44] =>
[2026/09/11 10:49:44] 发送(hex): 03
[2026/09/11 10:49:44] 发送(hex): 0d
[2026/09/11 10:49:44] 发送(hex): 20
[2026/09/11 10:49:44] <INTERRUPT>
[2026/09/11 10:49:44] =>
[2026/09/11 10:49:44] =>
[2026/09/11 10:49:44] 发送(hex): 03
[2026/09/11 10:49:44] 发送(hex): 0d
[2026/09/11 10:49:44] 发送(hex): 20
[2026/09/11 10:49:44] <INTERRUPT>
[2026/09/11 10:49:44] =>
[2026/09/11 10:49:44] =>
[2026/09/11 10:49:44] 发送(hex): 03
[2026/09/11 10:49:44] 发送(hex): 0d
[2026/09/11 10:49:44] 发送(hex): 20
[2026/09/11 10:49:44] <INTERRUPT>
[2026/09/11 10:49:44] =>
[2026/09/11 10:49:44] =>
[2026/09/11 10:49:44] 发送(hex): 03
[2026/09/11 10:49:44] 发送(hex): 0d
[2026/09/11 10:49:44] 发送(hex): 20
[2026/09/11 10:49:44] <INTERRUPT>
[2026/09/11 10:49:44] =>
[2026/09/11 10:49:44] =>
[2026/09/11 10:49:44] 发送(hex): 03
[2026/09/11 10:49:44] 发送(hex): 0d
[2026/09/11 10:49:44] 发送(hex): 20
[2026/09/11 10:49:44] <INTERRUPT>
[2026/09/11 10:49:44] =>
[2026/09/11 10:49:44] =>
[2026/09/11 10:49:44] 发送(hex): 03
[2026/09/11 10:49:44] 发送(hex): 0d
[2026/09/11 10:49:44] <INTERRUPT>
[2026/09/11 10:49:44] =>
[2026/09/11 10:49:45] 发送(hex): 20
[2026/09/11 10:49:45] 发送(hex): 03
[2026/09/11 10:49:45] =>
[2026/09/11 10:49:45] 发送(hex): 0d
[2026/09/11 10:49:45] <INTERRUPT>
[2026/09/11 10:49:45] =>
[2026/09/11 10:49:45] 发送(hex): 20
[2026/09/11 10:49:45] 发送(hex): 03
[2026/09/11 10:49:45] =>
[2026/09/11 10:49:45] 发送(hex): 0d
[2026/09/11 10:49:45] <INTERRUPT>
[2026/09/11 10:49:45] =>
[2026/09/11 10:49:45] 发送(hex): 20
[2026/09/11 10:49:45] 发送(hex): 03
[2026/09/11 10:49:45] =>
[2026/09/11 10:49:45] 发送(hex): 0d
[2026/09/11 10:49:45] <INTERRUPT>
[2026/09/11 10:49:45] =>
[2026/09/11 10:49:45] 发送(hex): 20
[2026/09/11 10:49:45] 发送(hex): 03
[2026/09/11 10:49:45] =>
[2026/09/11 10:49:45] 发送(hex): 0d
[2026/09/11 10:49:45] <INTERRUPT>
[2026/09/11 10:49:45] =>
[2026/09/11 10:49:45] 发送(hex): 20
[2026/09/11 10:49:45] =>
[2026/09/11 10:49:45] 发送(hex): 03
[2026/09/11 10:49:45] 发送(hex): 0d
[2026/09/11 10:49:45] <INTERRUPT>
[2026/09/11 10:49:45] =>
[2026/09/11 10:49:45] 发送(hex): 20
[2026/09/11 10:49:45] =>
[2026/09/11 10:49:45] 发送(hex): 03
[2026/09/11 10:49:45] 发送(hex): 0d
[2026/09/11 10:49:45] <INTERRUPT>
[2026/09/11 10:49:45] =>
[2026/09/11 10:49:45] 发送(hex): 20
[2026/09/11 10:49:45] =>
[2026/09/11 10:49:45] 发送(hex): 03
[2026/09/11 10:49:45] 发送(hex): 0d
[2026/09/11 10:49:45] <INTERRUPT>
[2026/09/11 10:49:45] =>
[2026/09/11 10:49:45] 发送(hex): 20
[2026/09/11 10:49:45] =>
[2026/09/11 10:49:45] 发送(hex): 03
[2026/09/11 10:49:45] 发送(hex): 0d
[2026/09/11 10:49:45] 发送(hex): 20
[2026/09/11 10:49:45] <INTERRUPT>
[2026/09/11 10:49:45] =>
[2026/09/11 10:49:45] =>
[2026/09/11 10:49:45] 发送(hex): 03
[2026/09/11 10:49:45] 发送(hex): 0d
[2026/09/11 10:49:45] 发送(hex): 20
[2026/09/11 10:49:45] <INTERRUPT>
[2026/09/11 10:49:45] =>
[2026/09/11 10:49:45] =>
[2026/09/11 10:49:45] 发送(hex): 03
[2026/09/11 10:49:45] 发送(hex): 0d
[2026/09/11 10:49:45] <INTERRUPT>
[2026/09/11 10:49:45] =>
[2026/09/11 10:49:45] 发送(hex): 20
[2026/09/11 10:49:45] 发送(hex): 03
[2026/09/11 10:49:45] =>
[2026/09/11 10:49:45] 发送(hex): 0d
[2026/09/11 10:49:45] <INTERRUPT>
[2026/09/11 10:49:45] =>
[2026/09/11 10:49:45] 发送(hex): 20
[2026/09/11 10:49:45] 发送(hex): 03
[2026/09/11 10:49:45] =>
[2026/09/11 10:49:45] 发送(hex): 0d
[2026/09/11 10:49:45] <INTERRUPT>
[2026/09/11 10:49:45] =>
[2026/09/11 10:49:45] 发送(hex): 20
[2026/09/11 10:49:45] 发送(hex): 03
[2026/09/11 10:49:45] =>
[2026/09/11 10:49:45] 发送(hex): 0d
[2026/09/11 10:49:45] <INTERRUPT>
[2026/09/11 10:49:45] =>
[2026/09/11 10:49:45] 发送(hex): 20
[2026/09/11 10:49:45] 发送(hex): 03
[2026/09/11 10:49:45] =>
[2026/09/11 10:49:45] 发送(hex): 0d
[2026/09/11 10:49:45] <INTERRUPT>
[2026/09/11 10:49:45] =>
[2026/09/11 10:49:45] 发送(hex): 20
[2026/09/11 10:49:45] 发送(hex): 03
[2026/09/11 10:49:45] =>
[2026/09/11 10:49:45] 发送(hex): 0d
[2026/09/11 10:49:45] <INTERRUPT>
[2026/09/11 10:49:45] =>
[2026/09/11 10:49:45] 发送(hex): 20
[2026/09/11 10:49:45] =>
[2026/09/11 10:49:45] 发送(hex): 03
[2026/09/11 10:49:45] 发送(hex): 0d
[2026/09/11 10:49:45] <INTERRUPT>
[2026/09/11 10:49:45] =>
[2026/09/11 10:49:45] 发送(hex): 20
[2026/09/11 10:49:45] =>
[2026/09/11 10:49:45] 发送(hex): 03
[2026/09/11 10:49:45] 发送(hex): 0d
[2026/09/11 10:49:45] 发送(hex): 20
[2026/09/11 10:49:45] <INTERRUPT>
[2026/09/11 10:49:45] =>
[2026/09/11 10:49:45] =>
[2026/09/11 10:49:45] 发送(hex): 03
[2026/09/11 10:49:45] 发送(hex): 0d
[2026/09/11 10:49:45] 发送(hex): 20
[2026/09/11 10:49:45] <INTERRUPT>
[2026/09/11 10:49:45] =>
[2026/09/11 10:49:45] =
[2026/09/11 10:49:45] 发送(hex): 03
[2026/09/11 10:49:45] >
[2026/09/11 10:49:45] 发送(hex): 0d
[2026/09/11 10:49:45] <INTERRUPT>
[2026/09/11 10:49:45] =>
[2026/09/11 10:49:45] 发送(hex): 20
[2026/09/11 10:49:45] 发送(hex): 03
[2026/09/11 10:49:45] =>
[2026/09/11 10:49:45] 发送(hex): 0d
[2026/09/11 10:49:45] <INTERRUPT>
[2026/09/11 10:49:45] =>
[2026/09/11 10:49:45] 发送(hex): 20
[2026/09/11 10:49:45] 发送(hex): 03
[2026/09/11 10:49:45] =>
[2026/09/11 10:49:45] 发送(hex): 0d
[2026/09/11 10:49:45] <INTERRUPT>
[2026/09/11 10:49:45] =>
[2026/09/11 10:49:45] 发送(hex): 20
[2026/09/11 10:49:45] 发送(hex): 03
[2026/09/11 10:49:45] =>
[2026/09/11 10:49:45] 发送(hex): 0d
[2026/09/11 10:49:45] <INTERRUPT>
[2026/09/11 10:49:45] =>
[2026/09/11 10:49:45] 发送(hex): 20
[2026/09/11 10:49:45] 发送(hex): 03
[2026/09/11 10:49:45] =>
[2026/09/11 10:49:45] 发送(hex): 0d
[2026/09/11 10:49:45] <INTERRUPT>
[2026/09/11 10:49:45] =>
[2026/09/11 10:49:45] 发送(hex): 20
[2026/09/11 10:49:45] =>
[2026/09/11 10:49:45] 发送(hex): 03
[2026/09/11 10:49:45] 发送(hex): 0d
[2026/09/11 10:49:45] <INTERRUPT>
[2026/09/11 10:49:45] =>
[2026/09/11 10:49:45] 发送(hex): 20
[2026/09/11 10:49:45] =>
[2026/09/11 10:49:45] 发送(hex): 03
[2026/09/11 10:49:45] 发送(hex): 0d
[2026/09/11 10:49:45] <INTERRUPT>
[2026/09/11 10:49:45] =>
[2026/09/11 10:49:45] 发送(hex): 20
[2026/09/11 10:49:45] =>
[2026/09/11 10:49:45] 发送(hex): 03
[2026/09/11 10:49:45] 发送(hex): 0d
[2026/09/11 10:49:45] <INTERRUPT>
[2026/09/11 10:49:45] =>
[2026/09/11 10:49:45] 发送(hex): 20
[2026/09/11 10:49:45] =>
[2026/09/11 10:49:45] 发送(hex): 03
[2026/09/11 10:49:45] 发送(hex): 0d
[2026/09/11 10:49:45] <INT
[2026/09/11 10:49:45] 发送(hex): 20
[2026/09/11 10:49:45] ERRUPT>
[2026/09/11 10:49:45] =>
[2026/09/11 10:49:45] =>
[2026/09/11 10:49:45] 发送(hex): 03
[2026/09/11 10:49:45] 发送(hex): 0d
[2026/09/11 10:49:45] 发送(hex): 20
[2026/09/11 10:49:45] <INTERRUPT>
[2026/09/11 10:49:45] =>
[2026/09/11 10:49:45] =>
[2026/09/11 10:49:45] 发送(hex): 03
[2026/09/11 10:49:45] 发送(hex): 0d
[2026/09/11 10:49:45] 发送(hex): 20
[2026/09/11 10:49:45] <INTERRUPT>
[2026/09/11 10:49:45] =>
[2026/09/11 10:49:45] =>
[2026/09/11 10:49:45] 发送(hex): 03
[2026/09/11 10:49:45] 发送(hex): 0d
[2026/09/11 10:49:46] 发送(hex): 20
[2026/09/11 10:49:46] <INTERRUPT>
[2026/09/11 10:49:46] =>
[2026/09/11 10:49:46] =>
[2026/09/11 10:49:46] 发送(hex): 03
[2026/09/11 10:49:46] 发送(hex): 0d
[2026/09/11 10:49:46] 发送(hex): 20
[2026/09/11 10:49:46] <INTERRUPT>
[2026/09/11 10:49:46] =>
[2026/09/11 10:49:46] =>
[2026/09/11 10:49:46] 发送(hex): 03
[2026/09/11 10:49:46] 发送(hex): 0d
[2026/09/11 10:49:46] 发送(hex): 20
[2026/09/11 10:49:46] <INTERRUPT>
[2026/09/11 10:49:46] =>
[2026/09/11 10:49:46] =>
[2026/09/11 10:49:46] 发送(hex): 03
[2026/09/11 10:49:46] 发送(hex): 0d
[2026/09/11 10:49:46] 发送(hex): 20
[2026/09/11 10:49:46] <INTERRUPT>
[2026/09/11 10:49:46] =>
[2026/09/11 10:49:46] =>
[2026/09/11 10:49:46] 发送(hex): 03
[2026/09/11 10:49:46] 发送(hex): 0d
[2026/09/11 10:49:46] <INTERRUPT>
[2026/09/11 10:49:46] =>
[2026/09/11 10:49:46] 发送(hex): 20
[2026/09/11 10:49:46] 发送(hex): 03
[2026/09/11 10:49:46] =>
[2026/09/11 10:49:46] 发送(hex): 0d
[2026/09/11 10:49:46] <INTERRUPT>
[2026/09/11 10:49:46] =>
[2026/09/11 10:49:46] 发送(hex): 20
[2026/09/11 10:49:46] 发送(hex): 03
[2026/09/11 10:49:46] =>
[2026/09/11 10:49:46] 发送(hex): 0d
[2026/09/11 10:49:46] <INTERRUPT>
[2026/09/11 10:49:46] =>
[2026/09/11 10:49:46] 发送(hex): 20
[2026/09/11 10:49:46] 发送(hex): 03
[2026/09/11 10:49:46] =>
[2026/09/11 10:49:46] 发送(hex): 0d
[2026/09/11 10:49:46] <INTERRUPT>
[2026/09/11 10:49:46] =>
[2026/09/11 10:49:46] 发送(hex): 20
[2026/09/11 10:49:46] 发送(hex): 03
[2026/09/11 10:49:46] =>
[2026/09/11 10:49:46] 发送(hex): 0d
[2026/09/11 10:49:46] <INTERRUPT>
[2026/09/11 10:49:46] =>
[2026/09/11 10:49:46] 发送(hex): 20
[2026/09/11 10:49:46] 发送(hex): 03
[2026/09/11 10:49:46] =>
[2026/09/11 10:49:46] 发送(hex): 0d
[2026/09/11 10:49:46] <INTERRUPT>
[2026/09/11 10:49:46] =>
[2026/09/11 10:49:46] 发送(hex): 20
[2026/09/11 10:49:46] =>
[2026/09/11 10:49:46] 发送(hex): 03
[2026/09/11 10:49:46] 发送(hex): 0d
[2026/09/11 10:49:46] <INTERRUPT>
[2026/09/11 10:49:46] =>
[2026/09/11 10:49:46] 发送(hex): 20
[2026/09/11 10:49:46] =>
[2026/09/11 10:49:46] 发送(hex): 03
[2026/09/11 10:49:46] 发送(hex): 0d
[2026/09/11 10:49:46] <INTERR
[2026/09/11 10:49:46] 发送(hex): 20
[2026/09/11 10:49:46] UPT>
[2026/09/11 10:49:46] =>
[2026/09/11 10:49:46] =>
[2026/09/11 10:49:46] 发送(hex): 03
[2026/09/11 10:49:46] 发送(hex): 0d
[2026/09/11 10:49:46] 发送(hex): 20
[2026/09/11 10:49:46] <INTERRUPT>
[2026/09/11 10:49:46] =>
[2026/09/11 10:49:46] =>
[2026/09/11 10:49:46] 发送(hex): 03
[2026/09/11 10:49:46] 发送(hex): 0d
[2026/09/11 10:49:46] 发送(hex): 20
[2026/09/11 10:49:46] <INTERRUPT>
[2026/09/11 10:49:46] =>
[2026/09/11 10:49:46] =>
[2026/09/11 10:49:46] 发送(hex): 03
[2026/09/11 10:49:46] 发送(hex): 0d
[2026/09/11 10:49:46] 发送(hex): 20
[2026/09/11 10:49:46] <INTERRUPT>
[2026/09/11 10:49:46] =>
[2026/09/11 10:49:46] =>
[2026/09/11 10:49:46] 发送(hex): 03
[2026/09/11 10:49:46] 发送(hex): 0d
[2026/09/11 10:49:46] 发送(hex): 20
[2026/09/11 10:49:46] <INTERRUPT>
[2026/09/11 10:49:46] =>
[2026/09/11 10:49:46] =>
[2026/09/11 10:49:46] 发送(hex): 03
[2026/09/11 10:49:46] 发送(hex): 0d
[2026/09/11 10:49:46] 发送(hex): 20
[2026/09/11 10:49:46] <INTERRUPT>
[2026/09/11 10:49:46] =>
[2026/09/11 10:49:46] =>
[2026/09/11 10:49:46] 发送(hex): 03
[2026/09/11 10:49:46] 发送(hex): 0d
[2026/09/11 10:49:46] 发送(hex): 20
[2026/09/11 10:49:46] <INTERRUPT>
[2026/09/11 10:49:46] =>
[2026/09/11 10:49:46] =>
[2026/09/11 10:49:46] 发送(hex): 03
[2026/09/11 10:49:46] 发送(hex): 0d
[2026/09/11 10:49:46] 发送(hex): 20
[2026/09/11 10:49:46] <INTERRUPT>
[2026/09/11 10:49:46] =>
[2026/09/11 10:49:46] =>
[2026/09/11 10:49:46] 发送(hex): 03
[2026/09/11 10:49:46] 发送(hex): 0d
[2026/09/11 10:49:46] 发送(hex): 20
[2026/09/11 10:49:46] <INTERRUPT>
[2026/09/11 10:49:46] =>
[2026/09/11 10:49:46] 发送(hex): 03
[2026/09/11 10:49:46] =>
[2026/09/11 10:49:46] 发送(hex): 0d
[2026/09/11 10:49:46] <INTERRUPT>
[2026/09/11 10:49:46] =>
[2026/09/11 10:49:46] 发送(hex): 20
[2026/09/11 10:49:46] 发送(hex): 03
[2026/09/11 10:49:46] =>
[2026/09/11 10:49:46] 发送(hex): 0d
[2026/09/11 10:49:46] <INTERRUPT>
[2026/09/11 10:49:46] =>
[2026/09/11 10:49:46] 发送(hex): 20
[2026/09/11 10:49:46] =>
[2026/09/11 10:49:46] 发送(hex): 03
[2026/09/11 10:49:46] 发送(hex): 0d
[2026/09/11 10:49:46] <INTERRUPT>
[2026/09/11 10:49:46] =>
[2026/09/11 10:49:46] 发送(hex): 20
[2026/09/11 10:49:46] =>
[2026/09/11 10:49:46] 发送(hex): 03
[2026/09/11 10:49:46] 发送(hex): 0d
[2026/09/11 10:49:46] <INTERRUPT>
[2026/09/11 10:49:46] =>
[2026/09/11 10:49:46] 发送(hex): 20
[2026/09/11 10:49:46] =>
[2026/09/11 10:49:46] 发送(hex): 03
[2026/09/11 10:49:46] 发送(hex): 0d
[2026/09/11 10:49:46] <INTERRUPT>
[2026/09/11 10:49:46] =>
[2026/09/11 10:49:46] =>
[2026/09/11 10:49:46] 发送(hex): 20
[2026/09/11 10:49:46] 发送(hex): 03
[2026/09/11 10:49:46] 发送(hex): 0d
[2026/09/11 10:49:46] <INTERRUPT>
[2026/09/11 10:49:46] =>
[2026/09/11 10:49:46] 发送(hex): 20
[2026/09/11 10:49:46] 发送(hex): 03
[2026/09/11 10:49:46] =>
[2026/09/11 10:49:46] 发送(hex): 0d
[2026/09/11 10:49:46] <INTERRUPT>
[2026/09/11 10:49:46] =>
[2026/09/11 10:49:46] 发送(hex): 20
[2026/09/11 10:49:46] 发送(hex): 03
[2026/09/11 10:49:46] =>
[2026/09/11 10:49:46] 发送(hex): 0d
[2026/09/11 10:49:46] <INTERRUPT>
[2026/09/11 10:49:46] =>
[2026/09/11 10:49:46] 发送(hex): 20
[2026/09/11 10:49:46] 发送(hex): 03
[2026/09/11 10:49:46] =>
[2026/09/11 10:49:46] 发送(hex): 0d
[2026/09/11 10:49:46] <INTERRUPT>
[2026/09/11 10:49:46] =>
[2026/09/11 10:49:46] 发送(hex): 20
[2026/09/11 10:49:46] 发送(hex): 03
[2026/09/11 10:49:46] =>
[2026/09/11 10:49:47] 发送(hex): 0d
[2026/09/11 10:49:47] <INTERRUPT>
[2026/09/11 10:49:47] =>
[2026/09/11 10:49:47] 发送(hex): 20
[2026/09/11 10:49:47] 发送(hex): 03
[2026/09/11 10:49:47] =>
[2026/09/11 10:49:47] 发送(hex): 0d
[2026/09/11 10:49:47] <INTERRUPT>
[2026/09/11 10:49:47] =>
[2026/09/11 10:49:47] 发送(hex): 20
[2026/09/11 10:49:47] 发送(hex): 03
[2026/09/11 10:49:47] =>
[2026/09/11 10:49:47] 发送(hex): 0d
[2026/09/11 10:49:47] <INTERRUPT>
[2026/09/11 10:49:47] =>
[2026/09/11 10:49:47] 发送(hex): 20
[2026/09/11 10:49:47] 发送(hex): 03
[2026/09/11 10:49:47] =>
[2026/09/11 10:49:47] 发送(hex): 0d
[2026/09/11 10:49:47] <INTERRUPT>
[2026/09/11 10:49:47] =>
[2026/09/11 10:49:47] 发送(hex): 20
[2026/09/11 10:49:47] 发送(hex): 03
[2026/09/11 10:49:47] =>
[2026/09/11 10:49:47] 发送(hex): 0d
[2026/09/11 10:49:47] <INTERRUPT>
[2026/09/11 10:49:47] =>
[2026/09/11 10:49:47] 发送(hex): 20
[2026/09/11 10:49:47] 发送(hex): 03
[2026/09/11 10:49:47] =>
[2026/09/11 10:49:47] 发送(hex): 0d
[2026/09/11 10:49:47] <INTERRUPT>
[2026/09/11 10:49:47] =>
[2026/09/11 10:49:47] 发送(hex): 20
[2026/09/11 10:49:47] 发送(hex): 03
[2026/09/11 10:49:47] =>
[2026/09/11 10:49:47] 发送(hex): 0d
[2026/09/11 10:49:47] <INTERRUPT>
[2026/09/11 10:49:47] =>
[2026/09/11 10:49:47] 发送(hex): 20
[2026/09/11 10:49:47] =>
[2026/09/11 10:49:47] 发送(hex): 03
[2026/09/11 10:49:47] 发送(hex): 0d
[2026/09/11 10:49:47] <INTERRUPT>
[2026/09/11 10:49:47] =>
[2026/09/11 10:49:47] 发送(hex): 20
[2026/09/11 10:49:47] =>
[2026/09/11 10:49:47] 发送(hex): 03
[2026/09/11 10:49:47] 发送(hex): 0d
[2026/09/11 10:49:47] <INTERRUPT>
[2026/09/11 10:49:47] =>
[2026/09/11 10:49:47] 发送(hex): 20
[2026/09/11 10:49:47] =>
[2026/09/11 10:49:47] 发送(hex): 03
[2026/09/11 10:49:47] 发送(hex): 0d
[2026/09/11 10:49:47] <INTE
[2026/09/11 10:49:47] 发送(hex): 20
[2026/09/11 10:49:47] RRUPT>
[2026/09/11 10:49:47] =>
[2026/09/11 10:49:47] =>
[2026/09/11 10:49:47] 发送(hex): 03
[2026/09/11 10:49:47] 发送(hex): 0d
[2026/09/11 10:49:47] <
[2026/09/11 10:49:47] 发送(hex): 20
[2026/09/11 10:49:47] INTERRUPT>
[2026/09/11 10:49:47] =>
[2026/09/11 10:49:47] =>
[2026/09/11 10:49:47] 发送(hex): 03
[2026/09/11 10:49:47] 发送(hex): 0d
[2026/09/11 10:49:47] 发送(hex): 20
[2026/09/11 10:49:47] <INTERRUPT>
[2026/09/11 10:49:47] =>
[2026/09/11 10:49:47] =>
[2026/09/11 10:49:47] 发送(hex): 03
[2026/09/11 10:49:47] 发送(hex): 0d
[2026/09/11 10:49:47] 发送(hex): 20
[2026/09/11 10:49:47] <INTERRUPT>
[2026/09/11 10:49:47] =>
[2026/09/11 10:49:47] =>
[2026/09/11 10:49:47] 发送(hex): 03
[2026/09/11 10:49:47] 发送(hex): 0d
[2026/09/11 10:49:47] 发送(hex): 20
[2026/09/11 10:49:47] <INTERRUPT>
[2026/09/11 10:49:47] =>
[2026/09/11 10:49:47] =>
[2026/09/11 10:49:47] 发送(hex): 03
[2026/09/11 10:49:47] 发送(hex): 0d
[2026/09/11 10:49:47] 发送(hex): 20
[2026/09/11 10:49:47] <INTERRUPT>
[2026/09/11 10:49:47] =>
[2026/09/11 10:49:47] =>
[2026/09/11 10:49:47] 发送(hex): 03
[2026/09/11 10:49:47] 发送(hex): 0d
[2026/09/11 10:49:47] 发送(hex): 20
[2026/09/11 10:49:47] <INTERRUPT>
[2026/09/11 10:49:47] =>
[2026/09/11 10:49:47] =>
[2026/09/11 10:49:47] 发送(hex): 03
[2026/09/11 10:49:47] 发送(hex): 0d
[2026/09/11 10:49:47] 发送(hex): 20
[2026/09/11 10:49:47] <INTERRUPT>
[2026/09/11 10:49:47] =>
[2026/09/11 10:49:47] =>
[2026/09/11 10:49:47] 发送(hex): 03
[2026/09/11 10:49:47] 发送(hex): 0d
[2026/09/11 10:49:47] 发送(hex): 20
[2026/09/11 10:49:47] <INTERRUPT>
[2026/09/11 10:49:47] =>
[2026/09/11 10:49:47] =>
[2026/09/11 10:49:47] 发送(hex): 03
[2026/09/11 10:49:47] 发送(hex): 0d
[2026/09/11 10:49:47] 发送(hex): 20
[2026/09/11 10:49:47] <INTERRUPT>
[2026/09/11 10:49:47] =>
[2026/09/11 10:49:47] =>
[2026/09/11 10:49:47] 发送(hex): 03
[2026/09/11 10:49:47] 发送(hex): 0d
[2026/09/11 10:49:47] <INTERRUPT>
[2026/09/11 10:49:47] =>
[2026/09/11 10:49:47] 发送(hex): 20
[2026/09/11 10:49:47] 发送(hex): 03
[2026/09/11 10:49:47] =>
[2026/09/11 10:49:47] 发送(hex): 0d
[2026/09/11 10:49:47] <INTERRUPT>
[2026/09/11 10:49:47] =>
[2026/09/11 10:49:47] 发送(hex): 20
[2026/09/11 10:49:47] 发送(hex): 03
[2026/09/11 10:49:47] =>
[2026/09/11 10:49:47] 发送(hex): 0d
[2026/09/11 10:49:47] <INTERRUPT>
[2026/09/11 10:49:47] =>
[2026/09/11 10:49:47] 发送(hex): 20
[2026/09/11 10:49:47] 发送(hex): 03
[2026/09/11 10:49:47] =>
[2026/09/11 10:49:47] 发送(hex): 0d
[2026/09/11 10:49:47] <INTERRUPT>
[2026/09/11 10:49:47] =>
[2026/09/11 10:49:47] 发送(hex): 20
[2026/09/11 10:49:47] =>
[2026/09/11 10:49:47] 发送(hex): 03
[2026/09/11 10:49:47] 发送(hex): 0d
[2026/09/11 10:49:47] <INTERRUPT>
[2026/09/11 10:49:47] =>
[2026/09/11 10:49:47] 发送(hex): 20
[2026/09/11 10:49:47] =>
[2026/09/11 10:49:47] 发送(hex): 03
[2026/09/11 10:49:47] 发送(hex): 0d
[2026/09/11 10:49:47] 发送(hex): 20
[2026/09/11 10:49:47] <INTERRUPT>
[2026/09/11 10:49:47] =>
[2026/09/11 10:49:47] =>
[2026/09/11 10:49:47] 发送(hex): 03
[2026/09/11 10:49:47] 发送(hex): 0d
[2026/09/11 10:49:47] 发送(hex): 20
[2026/09/11 10:49:47] <INTERRUPT>
[2026/09/11 10:49:47] =>
[2026/09/11 10:49:47] =>
[2026/09/11 10:49:47] 发送(hex): 03
[2026/09/11 10:49:47] 发送(hex): 0d
[2026/09/11 10:49:47] 发送(hex): 20
[2026/09/11 10:49:47] <INTERRUPT>
[2026/09/11 10:49:47] =>
[2026/09/11 10:49:47] =>
[2026/09/11 10:49:47] 发送(hex): 03
[2026/09/11 10:49:47] 发送(hex): 0d
[2026/09/11 10:49:47] 发送(hex): 20
[2026/09/11 10:49:47] <INTERRUPT>
[2026/09/11 10:49:47] =>
[2026/09/11 10:49:47] =
[2026/09/11 10:49:47] 发送(hex): 03
[2026/09/11 10:49:47] >
[2026/09/11 10:49:47] 发送(hex): 0d
[2026/09/11 10:49:47] <INTERRUPT>
[2026/09/11 10:49:47] =>
[2026/09/11 10:49:47] 发送(hex): 20
[2026/09/11 10:49:47] 发送(hex): 03
[2026/09/11 10:49:47] =>
[2026/09/11 10:49:47] 发送(hex): 0d
[2026/09/11 10:49:47] <INTERRUPT>
[2026/09/11 10:49:47] =>
[2026/09/11 10:49:47] 发送(hex): 20
[2026/09/11 10:49:47] 发送(hex): 03
[2026/09/11 10:49:47] =>
[2026/09/11 10:49:48] 发送(hex): 0d
[2026/09/11 10:49:48] <INTERRUPT>
[2026/09/11 10:49:48] =>
[2026/09/11 10:49:48] 发送(hex): 20
[2026/09/11 10:49:48] 发送(hex): 03
[2026/09/11 10:49:48] =>
[2026/09/11 10:49:48] 发送(hex): 0d
[2026/09/11 10:49:48] <INTERRUPT>
[2026/09/11 10:49:48] =>
[2026/09/11 10:49:48] 发送(hex): 20
[2026/09/11 10:49:48] 发送(hex): 03
[2026/09/11 10:49:48] =>
[2026/09/11 10:49:48] 发送(hex): 0d
[2026/09/11 10:49:48] <INTERRUPT>
[2026/09/11 10:49:48] =>
[2026/09/11 10:49:48] 发送(hex): 20
[2026/09/11 10:49:48] =>
[2026/09/11 10:49:48] 发送(hex): 03
[2026/09/11 10:49:48] 发送(hex): 0d
[2026/09/11 10:49:48] <INTERRUPT>
[2026/09/11 10:49:48] =>
[2026/09/11 10:49:48] 发送(hex): 20
[2026/09/11 10:49:48] =>
[2026/09/11 10:49:48] 发送(hex): 03
[2026/09/11 10:49:48] 发送(hex): 0d
[2026/09/11 10:49:48] <INTERRUPT>
[2026/09/11 10:49:48] =>
[2026/09/11 10:49:48] 发送(hex): 20
[2026/09/11 10:49:48] =>
[2026/09/11 10:49:48] 发送(hex): 03
[2026/09/11 10:49:48] 发送(hex): 0d
[2026/09/11 10:49:48] <INTERRUPT>
[2026/09/11 10:49:48] =>
[2026/09/11 10:49:48] 发送(hex): 20
[2026/09/11 10:49:48] =>
[2026/09/11 10:49:48] 发送(hex): 03
[2026/09/11 10:49:48] 发送(hex): 0d
[2026/09/11 10:49:48] 发送(hex): 20
[2026/09/11 10:49:48] <INTERRUPT>
[2026/09/11 10:49:48] =>
[2026/09/11 10:49:48] =>
[2026/09/11 10:49:48] 发送(hex): 03
[2026/09/11 10:49:48] 发送(hex): 0d
[2026/09/11 10:49:48] 发送(hex): 20
[2026/09/11 10:49:48] <INTERRUPT>
[2026/09/11 10:49:48] =>
[2026/09/11 10:49:48] =>
[2026/09/11 10:49:48] 发送(hex): 03
[2026/09/11 10:49:48] 发送(hex): 0d
[2026/09/11 10:49:48] 发送(hex): 20
[2026/09/11 10:49:48] <INTERRUPT>
[2026/09/11 10:49:48] =>
[2026/09/11 10:49:48] =>
[2026/09/11 10:49:48] 发送(hex): 03
[2026/09/11 10:49:48] 发送(hex): 0d
[2026/09/11 10:49:48] 发送(hex): 20
[2026/09/11 10:49:48] <INTERRUPT>
[2026/09/11 10:49:48] =>
[2026/09/11 10:49:48] =>
[2026/09/11 10:49:48] 发送(hex): 03
[2026/09/11 10:49:48] 发送(hex): 0d
[2026/09/11 10:49:48] <INTERRUPT>
[2026/09/11 10:49:48] =>
[2026/09/11 10:49:48] 发送(hex): 20
[2026/09/11 10:49:48] 发送(hex): 03
[2026/09/11 10:49:48] =>
[2026/09/11 10:49:48] 发送(hex): 0d
[2026/09/11 10:49:48] <INTERRUPT>
[2026/09/11 10:49:48] =>
[2026/09/11 10:49:48] 发送(hex): 20
[2026/09/11 10:49:48] 发送(hex): 03
[2026/09/11 10:49:48] =>
[2026/09/11 10:49:48] 发送(hex): 0d
[2026/09/11 10:49:48] <INTERRUPT>
[2026/09/11 10:49:48] =>
[2026/09/11 10:49:48] 发送(hex): 20
[2026/09/11 10:49:48] 发送(hex): 03
[2026/09/11 10:49:48] =>
[2026/09/11 10:49:48] 发送(hex): 0d
[2026/09/11 10:49:48] <INTERRUPT>
[2026/09/11 10:49:48] =>
[2026/09/11 10:49:48] 发送(hex): 20
[2026/09/11 10:49:48] 发送(hex): 03
[2026/09/11 10:49:48] =>
[2026/09/11 10:49:48] 发送(hex): 0d
[2026/09/11 10:49:48] <INTERRUPT>
[2026/09/11 10:49:48] =>
[2026/09/11 10:49:48] 发送(hex): 20
[2026/09/11 10:49:48] 发送(hex): 03
[2026/09/11 10:49:48] =>
[2026/09/11 10:49:48] 发送(hex): 0d
[2026/09/11 10:49:48] <INTERRUPT>
[2026/09/11 10:49:48] =>
[2026/09/11 10:49:48] 发送(hex): 20
[2026/09/11 10:49:48] 发送(hex): 03
[2026/09/11 10:49:48] =>
[2026/09/11 10:49:48] 发送(hex): 0d
[2026/09/11 10:49:48] <INTERRUPT>
[2026/09/11 10:49:48] =>
[2026/09/11 10:49:48] 发送(hex): 20
[2026/09/11 10:49:48] =>
[2026/09/11 10:49:48] 发送(hex): 03
[2026/09/11 10:49:48] 发送(hex): 0d
[2026/09/11 10:49:48] <INTERRUPT>
[2026/09/11 10:49:48] =>
[2026/09/11 10:49:48] 发送(hex): 20
[2026/09/11 10:49:48] =>
[2026/09/11 10:49:48] 发送(hex): 03
[2026/09/11 10:49:48] 发送(hex): 0d
[2026/09/11 10:49:48] <INTERRUPT>
[2026/09/11 10:49:48] =>
[2026/09/11 10:49:48] 发送(hex): 20
[2026/09/11 10:49:48] =>
[2026/09/11 10:49:48] 发送(hex): 03
[2026/09/11 10:49:48] 发送(hex): 0d
[2026/09/11 10:49:48] <INTERRUPT>
[2026/09/11 10:49:48] =>
[2026/09/11 10:49:48] 发送(hex): 20
[2026/09/11 10:49:48] =>
[2026/09/11 10:49:48] 发送(hex): 03
[2026/09/11 10:49:48] 发送(hex): 0d
[2026/09/11 10:49:48] <INTERRUPT>
[2026/09/11 10:49:48] =>
[2026/09/11 10:49:48] 发送(hex): 20
[2026/09/11 10:49:48] =>
[2026/09/11 10:49:48] 发送(hex): 03
[2026/09/11 10:49:48] 发送(hex): 0d
[2026/09/11 10:49:48] <INTERRUPT>
[2026/09/11 10:49:48] =>
[2026/09/11 10:49:48] 发送(hex): 20
[2026/09/11 10:49:48] =>
[2026/09/11 10:49:48] 发送(hex): 03
[2026/09/11 10:49:48] 发送(hex): 0d
[2026/09/11 10:49:48] <INTERRUPT>
[2026/09/11 10:49:48] =>
[2026/09/11 10:49:48] 发送(hex): 20
[2026/09/11 10:49:48] =>
[2026/09/11 10:49:48] 发送(hex): 03
[2026/09/11 10:49:48] 发送(hex): 0d
[2026/09/11 10:49:48] <INTERRUPT>
[2026/09/11 10:49:48] =>
[2026/09/11 10:49:48] 发送(hex): 20
[2026/09/11 10:49:48] =>
[2026/09/11 10:49:48] 发送(hex): 03
[2026/09/11 10:49:48] 发送(hex): 0d
[2026/09/11 10:49:48] <INTERRUPT>
[2026/09/11 10:49:48] =>
[2026/09/11 10:49:48] 发送(hex): 20
[2026/09/11 10:49:48] =>
[2026/09/11 10:49:48] 发送(hex): 03
[2026/09/11 10:49:48] 发送(hex): 0d
[2026/09/11 10:49:48] <INTERRUPT>
[2026/09/11 10:49:48] =>
[2026/09/11 10:49:48] 发送(hex): 20
[2026/09/11 10:49:48] =>
[2026/09/11 10:49:48] 发送(hex): 03
[2026/09/11 10:49:48] 发送(hex): 0d
[2026/09/11 10:49:48] <INTERRUPT>
[2026/09/11 10:49:48] =>
[2026/09/11 10:49:48] 发送(hex): 20
[2026/09/11 10:49:48] =>
[2026/09/11 10:49:48] 发送(hex): 03
[2026/09/11 10:49:48] 发送(hex): 0d
[2026/09/11 10:49:48] <INTERRUPT>
[2026/09/11 10:49:48] 发送(hex): 20
[2026/09/11 10:49:48] =>
[2026/09/11 10:49:48] =>
[2026/09/11 10:49:48] 发送(hex): 03
[2026/09/11 10:49:48] 发送(hex): 0d
[2026/09/11 10:49:48] <INTERR
[2026/09/11 10:49:48] 发送(hex): 20
[2026/09/11 10:49:48] UPT>
[2026/09/11 10:49:48] =>
[2026/09/11 10:49:48] =>
[2026/09/11 10:49:48] 发送(hex): 03
[2026/09/11 10:49:48] 发送(hex): 0d
[2026/09/11 10:49:48] <
[2026/09/11 10:49:48] 发送(hex): 20
[2026/09/11 10:49:48] INTERRUPT>
[2026/09/11 10:49:48] =>
[2026/09/11 10:49:48] =>
[2026/09/11 10:49:48] 发送(hex): 03
[2026/09/11 10:49:48] 发送(hex): 0d
[2026/09/11 10:49:48] 发送(hex): 20
[2026/09/11 10:49:48] <INTERRUPT>
[2026/09/11 10:49:48] =>
[2026/09/11 10:49:48] =>
[2026/09/11 10:49:49] 发送(hex): 03
[2026/09/11 10:49:49] 发送(hex): 0d
[2026/09/11 10:49:49] 发送(hex): 20
[2026/09/11 10:49:49] <INTERRUPT>
[2026/09/11 10:49:49] =>
[2026/09/11 10:49:49] =>
[2026/09/11 10:49:49] 发送(hex): 03
[2026/09/11 10:49:49] 发送(hex): 0d
[2026/09/11 10:49:49] <I
[2026/09/11 10:49:49] 发送(hex): 20
[2026/09/11 10:49:49] NTERRUPT>
[2026/09/11 10:49:49] =>
[2026/09/11 10:49:49] =>
[2026/09/11 10:49:49] 发送(hex): 03
[2026/09/11 10:49:49] 发送(hex): 0d
[2026/09/11 10:49:49] 发送(hex): 20
[2026/09/11 10:49:49] <INTERRUPT>
[2026/09/11 10:49:49] =>
[2026/09/11 10:49:49] =>
[2026/09/11 10:49:49] 发送(hex): 03
[2026/09/11 10:49:49] 发送(hex): 0d
[2026/09/11 10:49:49] 发送(hex): 20
[2026/09/11 10:49:49] <INTERRUPT>
[2026/09/11 10:49:49] =>
[2026/09/11 10:49:49] =>
[2026/09/11 10:49:49] 发送(hex): 03
[2026/09/11 10:49:49] 发送(hex): 0d
[2026/09/11 10:49:49] 发送(hex): 20
[2026/09/11 10:49:49] <INTERRUPT>
[2026/09/11 10:49:49] =>
[2026/09/11 10:49:49] =>
[2026/09/11 10:49:49] 发送(hex): 03
[2026/09/11 10:49:49] 发送(hex): 0d
[2026/09/11 10:49:49] 发送(hex): 20
[2026/09/11 10:49:49] <INTERRUPT>
[2026/09/11 10:49:49] =>
[2026/09/11 10:49:49] =>
[2026/09/11 10:49:49] 发送(hex): 03
[2026/09/11 10:49:49] 发送(hex): 0d
[2026/09/11 10:49:49] 发送(hex): 20
[2026/09/11 10:49:49] <INTERRUPT>
[2026/09/11 10:49:49] =>
[2026/09/11 10:49:49] =>
[2026/09/11 10:49:49] 发送(hex): 03
[2026/09/11 10:49:49] 发送(hex): 0d
[2026/09/11 10:49:49] 发送(hex): 20
[2026/09/11 10:49:49] <INTERRUPT>
[2026/09/11 10:49:49] =>
[2026/09/11 10:49:49] =>
[2026/09/11 10:49:49] 发送(hex): 03
[2026/09/11 10:49:49] 发送(hex): 0d
[2026/09/11 10:49:49] 发送(hex): 20
[2026/09/11 10:49:49] <INTERRUPT>
[2026/09/11 10:49:49] =>
[2026/09/11 10:49:49] =>
[2026/09/11 10:49:49] 发送(hex): 03
[2026/09/11 10:49:49] 发送(hex): 0d
[2026/09/11 10:49:49] 发送(hex): 20
[2026/09/11 10:49:49] <INTERRUPT>
[2026/09/11 10:49:49] =>
[2026/09/11 10:49:49] =>
[2026/09/11 10:49:49] 发送(hex): 03
[2026/09/11 10:49:49] 发送(hex): 0d
[2026/09/11 10:49:49] 发送(hex): 20
[2026/09/11 10:49:49] <INTERRUPT>
[2026/09/11 10:49:49] =>
[2026/09/11 10:49:49] =>
[2026/09/11 10:49:49] 发送(hex): 03
[2026/09/11 10:49:49] 发送(hex): 0d
[2026/09/11 10:49:49] 发送(hex): 20
[2026/09/11 10:49:49] <INTERRUPT>
[2026/09/11 10:49:49] =>
[2026/09/11 10:49:49] =>
[2026/09/11 10:49:49] 发送(hex): 03
[2026/09/11 10:49:49] 发送(hex): 0d
[2026/09/11 10:49:49] 发送(hex): 20
[2026/09/11 10:49:49] <INTERRUPT>
[2026/09/11 10:49:49] =>
[2026/09/11 10:49:49] 发送(hex): 03
[2026/09/11 10:49:49] =>
[2026/09/11 10:49:49] 发送(hex): 0d
[2026/09/11 10:49:49] 发送(hex): 20
[2026/09/11 10:49:49] <INTERRUPT>
[2026/09/11 10:49:49] =>
[2026/09/11 10:49:49] 发送(hex): 03
[2026/09/11 10:49:49] =>
[2026/09/11 10:49:49] 发送(hex): 0d
[2026/09/11 10:49:49] <INTERRUPT>
[2026/09/11 10:49:49] =>
[2026/09/11 10:49:49] 发送(hex): 20
[2026/09/11 10:49:49] 发送(hex): 03
[2026/09/11 10:49:49] =>
[2026/09/11 10:49:49] 发送(hex): 0d
[2026/09/11 10:49:49] <INTERRUPT>
[2026/09/11 10:49:49] =>
[2026/09/11 10:49:49] 发送(hex): 20
[2026/09/11 10:49:49] 发送(hex): 03
[2026/09/11 10:49:49] =>
[2026/09/11 10:49:49] 发送(hex): 0d
[2026/09/11 10:49:49] <INTERRUPT>
[2026/09/11 10:49:49] =>
[2026/09/11 10:49:49] 发送(hex): 20
[2026/09/11 10:49:49] 发送(hex): 03
[2026/09/11 10:49:49] =>
[2026/09/11 10:49:49] 发送(hex): 0d
[2026/09/11 10:49:49] <INTERRUPT>
[2026/09/11 10:49:49] =>
[2026/09/11 10:49:49] 发送(hex): 20
[2026/09/11 10:49:49] 发送(hex): 03
[2026/09/11 10:49:49] =>
[2026/09/11 10:49:49] 发送(hex): 0d
[2026/09/11 10:49:49] <INTERRUPT>
[2026/09/11 10:49:49] =>
[2026/09/11 10:49:49] 发送(hex): 20
[2026/09/11 10:49:49] 发送(hex): 03
[2026/09/11 10:49:49] =>
[2026/09/11 10:49:49] 发送(hex): 0d
[2026/09/11 10:49:49] <INTERRUPT>
[2026/09/11 10:49:49] =>
[2026/09/11 10:49:49] 发送(hex): 20
[2026/09/11 10:49:49] 发送(hex): 03
[2026/09/11 10:49:49] =>
[2026/09/11 10:49:49] 发送(hex): 0d
[2026/09/11 10:49:49] <INTERRUPT>
[2026/09/11 10:49:49] =>
[2026/09/11 10:49:49] 发送(hex): 20
[2026/09/11 10:49:49] 发送(hex): 03
[2026/09/11 10:49:49] =>
[2026/09/11 10:49:49] 发送(hex): 0d
[2026/09/11 10:49:49] <INTERRUPT>
[2026/09/11 10:49:49] =>
[2026/09/11 10:49:49] 发送(hex): 20
[2026/09/11 10:49:49] =>
[2026/09/11 10:49:49] 发送(hex): 03
[2026/09/11 10:49:49] 发送(hex): 0d
[2026/09/11 10:49:49] <INTERRUPT>
[2026/09/11 10:49:49] =>
[2026/09/11 10:49:49] 发送(hex): 20
[2026/09/11 10:49:49] =>
[2026/09/11 10:49:49] 发送(hex): 03
[2026/09/11 10:49:49] 发送(hex): 0d
[2026/09/11 10:49:49] <INTERRUPT>
[2026/09/11 10:49:49] =>
[2026/09/11 10:49:49] 发送(hex): 20
[2026/09/11 10:49:49] =>
[2026/09/11 10:49:49] 发送(hex): 03
[2026/09/11 10:49:49] 发送(hex): 0d
[2026/09/11 10:49:49] <INTERRUPT>
[2026/09/11 10:49:49] =>
[2026/09/11 10:49:49] 发送(hex): 20
[2026/09/11 10:49:49] =>
[2026/09/11 10:49:49] 发送(hex): 03
[2026/09/11 10:49:49] 发送(hex): 0d
[2026/09/11 10:49:49] <INTERRUPT>
[2026/09/11 10:49:49] =>
[2026/09/11 10:49:49] 发送(hex): 20
[2026/09/11 10:49:49] =>
[2026/09/11 10:49:49] 发送(hex): 03
[2026/09/11 10:49:49] 发送(hex): 0d
[2026/09/11 10:49:49] <INTERRUPT>
[2026/09/11 10:49:49] =>
[2026/09/11 10:49:49] 发送(hex): 20
[2026/09/11 10:49:49] =>
[2026/09/11 10:49:49] 发送(hex): 03
[2026/09/11 10:49:49] 发送(hex): 0d
[2026/09/11 10:49:49] <INTERRUPT>
[2026/09/11 10:49:49] =>
[2026/09/11 10:49:49] 发送(hex): 20
[2026/09/11 10:49:49] =>
[2026/09/11 10:49:49] 发送(hex): 03
[2026/09/11 10:49:49] 发送(hex): 0d
[2026/09/11 10:49:49] <INTERRUPT>
[2026/09/11 10:49:49] =>
[2026/09/11 10:49:49] 发送(hex): 20
[2026/09/11 10:49:49] =>
[2026/09/11 10:49:49] 发送(hex): 03
[2026/09/11 10:49:49] 发送(hex): 0d
[2026/09/11 10:49:49] <INTERRUPT>
[2026/09/11 10:49:49] 发送(hex): 20
[2026/09/11 10:49:49] =>
[2026/09/11 10:49:49] =>
[2026/09/11 10:49:49] 发送(hex): 03
[2026/09/11 10:49:49] 发送(hex): 0d
[2026/09/11 10:49:49] <INTERRUPT>
[2026/09/11 10:49:50] 发送(hex): 20
[2026/09/11 10:49:50] =>
[2026/09/11 10:49:50] =>
[2026/09/11 10:49:50] 发送(hex): 03
[2026/09/11 10:49:50] 发送(hex): 0d
[2026/09/11 10:49:50] <INTE
[2026/09/11 10:49:50] 发送(hex): 20
[2026/09/11 10:49:50] RRUPT>
[2026/09/11 10:49:50] =>
[2026/09/11 10:49:50] =>
[2026/09/11 10:49:50] 发送(hex): 03
[2026/09/11 10:49:50] 发送(hex): 0d
[2026/09/11 10:49:50] <INT
[2026/09/11 10:49:50] 发送(hex): 20
[2026/09/11 10:49:50] ERRUPT>
[2026/09/11 10:49:50] =>
[2026/09/11 10:49:50] =>
[2026/09/11 10:49:50] 发送(hex): 03
[2026/09/11 10:49:50] 发送(hex): 0d
[2026/09/11 10:49:50] 发送(hex): 20
[2026/09/11 10:49:50] <INTERRUPT>
[2026/09/11 10:49:50] =>
[2026/09/11 10:49:50] =>
[2026/09/11 10:49:50] 发送(hex): 03
[2026/09/11 10:49:50] 发送(hex): 0d
[2026/09/11 10:49:50] 发送(hex): 20
[2026/09/11 10:49:50] <INTERRUPT>
[2026/09/11 10:49:50] =>
[2026/09/11 10:49:50] =>
[2026/09/11 10:49:50] 发送(hex): 03
[2026/09/11 10:49:50] 发送(hex): 0d
[2026/09/11 10:49:50] 发送(hex): 20
[2026/09/11 10:49:50] <INTERRUPT>
[2026/09/11 10:49:50] =>
[2026/09/11 10:49:50] =>
[2026/09/11 10:49:50] 发送(hex): 03
[2026/09/11 10:49:50] 发送(hex): 0d
[2026/09/11 10:49:50] 发送(hex): 20
[2026/09/11 10:49:50] <INTERRUPT>
[2026/09/11 10:49:50] =>
[2026/09/11 10:49:50] =>
[2026/09/11 10:49:50] 发送(hex): 03
[2026/09/11 10:49:50] 发送(hex): 0d
[2026/09/11 10:49:50] 发送(hex): 20
[2026/09/11 10:49:50] <INTERRUPT>
[2026/09/11 10:49:50] =>
[2026/09/11 10:49:50] =>
[2026/09/11 10:49:50] 发送(hex): 03
[2026/09/11 10:49:50] 发送(hex): 0d
[2026/09/11 10:49:50] 发送(hex): 20
[2026/09/11 10:49:50] <INTERRUPT>
[2026/09/11 10:49:50] =>
[2026/09/11 10:49:50] =>
[2026/09/11 10:49:50] 发送(hex): 03
[2026/09/11 10:49:50] 发送(hex): 0d
[2026/09/11 10:49:50] <INTERRUPT>
[2026/09/11 10:49:50] =>
[2026/09/11 10:49:50] 发送(hex): 20
[2026/09/11 10:49:50] 发送(hex): 03
[2026/09/11 10:49:50] =>
[2026/09/11 10:49:50] 发送(hex): 0d
[2026/09/11 10:49:50] <INTERRUPT>
[2026/09/11 10:49:50] =>
[2026/09/11 10:49:50] 发送(hex): 20
[2026/09/11 10:49:50] 发送(hex): 03
[2026/09/11 10:49:50] =>
[2026/09/11 10:49:50] 发送(hex): 0d
[2026/09/11 10:49:50] <INTERRUPT>
[2026/09/11 10:49:50] =>
[2026/09/11 10:49:50] 发送(hex): 20
[2026/09/11 10:49:50] 发送(hex): 03
[2026/09/11 10:49:50] =>
[2026/09/11 10:49:50] 发送(hex): 0d
[2026/09/11 10:49:50] <INTERRUPT>
[2026/09/11 10:49:50] =>
[2026/09/11 10:49:50] 发送(hex): 20
[2026/09/11 10:49:50] 发送(hex): 03
[2026/09/11 10:49:50] =>
[2026/09/11 10:49:50] 发送(hex): 0d
[2026/09/11 10:49:50] <INTERRUPT>
[2026/09/11 10:49:50] =>
[2026/09/11 10:49:50] 发送(hex): 20
[2026/09/11 10:49:50] 发送(hex): 03
[2026/09/11 10:49:50] =>
[2026/09/11 10:49:50] 发送(hex): 0d
[2026/09/11 10:49:50] <INTERRUPT>
[2026/09/11 10:49:50] =>
[2026/09/11 10:49:50] 发送(hex): 20
[2026/09/11 10:49:50] 发送(hex): 03
[2026/09/11 10:49:50] =>
[2026/09/11 10:49:50] 发送(hex): 0d
[2026/09/11 10:49:50] <INTERRUPT>
[2026/09/11 10:49:50] =>
[2026/09/11 10:49:50] 发送(hex): 20
[2026/09/11 10:49:50] 发送(hex): 03
[2026/09/11 10:49:50] =>
[2026/09/11 10:49:50] 发送(hex): 0d
[2026/09/11 10:49:50] <INTERRUPT>
[2026/09/11 10:49:50] =>
[2026/09/11 10:49:50] 发送(hex): 20
[2026/09/11 10:49:50] 发送(hex): 03
[2026/09/11 10:49:50] =>
[2026/09/11 10:49:50] 发送(hex): 0d
[2026/09/11 10:49:50] <INTERRUPT>
[2026/09/11 10:49:50] =>
[2026/09/11 10:49:50] 发送(hex): 20
[2026/09/11 10:49:50] =>
[2026/09/11 10:49:50] 发送(hex): 03
[2026/09/11 10:49:50] 发送(hex): 0d
[2026/09/11 10:49:50] <INTERRUPT>
[2026/09/11 10:49:50] =>
[2026/09/11 10:49:50] 发送(hex): 20
[2026/09/11 10:49:50] =>
[2026/09/11 10:49:50] 发送(hex): 03
[2026/09/11 10:49:50] 发送(hex): 0d
[2026/09/11 10:49:50] <INTERRUPT>
[2026/09/11 10:49:50] =>
[2026/09/11 10:49:50] 发送(hex): 20
[2026/09/11 10:49:50] =>
[2026/09/11 10:49:50] 发送(hex): 03
[2026/09/11 10:49:50] 发送(hex): 0d
[2026/09/11 10:49:50] <INTERRUPT>
[2026/09/11 10:49:50] =>
[2026/09/11 10:49:50] 发送(hex): 20
[2026/09/11 10:49:50] =>
[2026/09/11 10:49:50] 发送(hex): 03
[2026/09/11 10:49:50] 发送(hex): 0d
[2026/09/11 10:49:50] <INTERRUPT>
[2026/09/11 10:49:50] =>
[2026/09/11 10:49:50] 发送(hex): 20
[2026/09/11 10:49:50] =>
[2026/09/11 10:49:50] 发送(hex): 03
[2026/09/11 10:49:50] 发送(hex): 0d
[2026/09/11 10:49:50] <INTERRUPT>
[2026/09/11 10:49:50] =>
[2026/09/11 10:49:50] 发送(hex): 20
[2026/09/11 10:49:50] =>
[2026/09/11 10:49:50] 发送(hex): 03
[2026/09/11 10:49:50] 发送(hex): 0d
[2026/09/11 10:49:50] <INTERRUPT>
[2026/09/11 10:49:50] =>
[2026/09/11 10:49:50] 发送(hex): 20
[2026/09/11 10:49:50] =>
[2026/09/11 10:49:50] 发送(hex): 03
[2026/09/11 10:49:50] 发送(hex): 0d
[2026/09/11 10:49:50] 发送(hex): 20
[2026/09/11 10:49:50] <INTERRUPT>
[2026/09/11 10:49:50] =>
[2026/09/11 10:49:50] =>
[2026/09/11 10:49:50] 发送(hex): 03
[2026/09/11 10:49:50] 发送(hex): 0d
[2026/09/11 10:49:50] <INTERRUPT>
[2026/09/11 10:49:50] =>
[2026/09/11 10:49:50] 发送(hex): 20
[2026/09/11 10:49:50] 发送(hex): 03
[2026/09/11 10:49:50] =>
[2026/09/11 10:49:50] 发送(hex): 0d
[2026/09/11 10:49:50] <INTERRUPT>
[2026/09/11 10:49:50] =>
[2026/09/11 10:49:50] 发送(hex): 20
[2026/09/11 10:49:50] 发送(hex): 03
[2026/09/11 10:49:50] =>
[2026/09/11 10:49:50] 发送(hex): 0d
[2026/09/11 10:49:50] <INTERRUPT>
[2026/09/11 10:49:50] =>
[2026/09/11 10:49:50] 发送(hex): 20
[2026/09/11 10:49:50] =>
[2026/09/11 10:49:50] 发送(hex): 03
[2026/09/11 10:49:50] 发送(hex): 0d
[2026/09/11 10:49:50] <INTERRUPT>
[2026/09/11 10:49:50] =>
[2026/09/11 10:49:50] 发送(hex): 20
[2026/09/11 10:49:50] =>
[2026/09/11 10:49:50] 发送(hex): 03
[2026/09/11 10:49:50] 发送(hex): 0d
[2026/09/11 10:49:50] <INTERRUPT>
[2026/09/11 10:49:50] =>
[2026/09/11 10:49:50] 发送(hex): 20
[2026/09/11 10:49:50] =>
[2026/09/11 10:49:50] 发送(hex): 03
[2026/09/11 10:49:50] 发送(hex): 0d
[2026/09/11 10:49:50] <INTERRUPT>
[2026/09/11 10:49:50] =>
[2026/09/11 10:49:50] 发送(hex): 20
[2026/09/11 10:49:50] =>
[2026/09/11 10:49:51] 发送(hex): 03
[2026/09/11 10:49:51] 发送(hex): 0d
[2026/09/11 10:49:51] <INTERRUPT>
[2026/09/11 10:49:51] =
[2026/09/11 10:49:51] 发送(hex): 20
[2026/09/11 10:49:51] >
[2026/09/11 10:49:51] =>
[2026/09/11 10:49:51] 发送(hex): 03
[2026/09/11 10:49:51] 发送(hex): 0d
[2026/09/11 10:49:51] 发送(hex): 20
[2026/09/11 10:49:51] <INTERRUPT>
[2026/09/11 10:49:51] =>
[2026/09/11 10:49:51] =>
[2026/09/11 10:49:51] 发送(hex): 03
[2026/09/11 10:49:51] 发送(hex): 0d
[2026/09/11 10:49:51] 发送(hex): 20
[2026/09/11 10:49:51] <INTERRUPT>
[2026/09/11 10:49:51] =>
[2026/09/11 10:49:51] =>
[2026/09/11 10:49:51] 发送(hex): 03
[2026/09/11 10:49:51] 发送(hex): 0d
[2026/09/11 10:49:51] 发送(hex): 20
[2026/09/11 10:49:51] <INTERRUPT>
[2026/09/11 10:49:51] =>
[2026/09/11 10:49:51] =>
[2026/09/11 10:49:51] 发送(hex): 03
[2026/09/11 10:49:51] 发送(hex): 0d
[2026/09/11 10:49:51] 发送(hex): 20
[2026/09/11 10:49:51] <INTERRUPT>
[2026/09/11 10:49:51] =>
[2026/09/11 10:49:51] =>
[2026/09/11 10:49:51] 发送(hex): 03
[2026/09/11 10:49:51] 发送(hex): 0d
[2026/09/11 10:49:51] 发送(hex): 20
[2026/09/11 10:49:51] <INTERRUPT>
[2026/09/11 10:49:51] =>
[2026/09/11 10:49:51] =>
[2026/09/11 10:49:51] 发送(hex): 03
[2026/09/11 10:49:51] 发送(hex): 0d
[2026/09/11 10:49:51] 发送(hex): 20
[2026/09/11 10:49:51] <INTERRUPT>
[2026/09/11 10:49:51] =>
[2026/09/11 10:49:51] =>
[2026/09/11 10:49:51] 发送(hex): 03
[2026/09/11 10:49:51] 发送(hex): 0d
[2026/09/11 10:49:51] 发送(hex): 20
[2026/09/11 10:49:51] <INTERRUPT>
[2026/09/11 10:49:51] =>
[2026/09/11 10:49:51] =>
[2026/09/11 10:49:51] 发送(hex): 03
[2026/09/11 10:49:51] 发送(hex): 0d
[2026/09/11 10:49:51] 发送(hex): 20
[2026/09/11 10:49:51] <INTERRUPT>
[2026/09/11 10:49:51] =>
[2026/09/11 10:49:51] =>
[2026/09/11 10:49:51] 发送(hex): 03
[2026/09/11 10:49:51] 发送(hex): 0d
[2026/09/11 10:49:51] 发送(hex): 20
[2026/09/11 10:49:51] <INTERRUPT>
[2026/09/11 10:49:51] =>
[2026/09/11 10:49:51] =>
[2026/09/11 10:49:51] 发送(hex): 03
[2026/09/11 10:49:51] 发送(hex): 0d
[2026/09/11 10:49:51] 发送(hex): 20
[2026/09/11 10:49:51] <INTERRUPT>
[2026/09/11 10:49:51] =>
[2026/09/11 10:49:51] =>
[2026/09/11 10:49:51] 发送(hex): 03
[2026/09/11 10:49:51] 发送(hex): 0d
[2026/09/11 10:49:51] 发送(hex): 20
[2026/09/11 10:49:51] <INTERRUPT>
[2026/09/11 10:49:51] =>
[2026/09/11 10:49:51] =>
[2026/09/11 10:49:51] 发送(hex): 03
[2026/09/11 10:49:51] 发送(hex): 0d
[2026/09/11 10:49:51] 发送(hex): 20
[2026/09/11 10:49:51] <INTERRUPT>
[2026/09/11 10:49:51] =>
[2026/09/11 10:49:51] =>
[2026/09/11 10:49:51] 发送(hex): 03
[2026/09/11 10:49:51] 发送(hex): 0d
[2026/09/11 10:49:51] 发送(hex): 20
[2026/09/11 10:49:51] <INTERRUPT>
[2026/09/11 10:49:51] =>
[2026/09/11 10:49:51] 发送(hex): 03
[2026/09/11 10:49:51] =>
[2026/09/11 10:49:51] 发送(hex): 0d
[2026/09/11 10:49:51] <INTERRUPT>
[2026/09/11 10:49:51] =>
[2026/09/11 10:49:51] 发送(hex): 20
[2026/09/11 10:49:51] 发送(hex): 03
[2026/09/11 10:49:51] =>
[2026/09/11 10:49:51] 发送(hex): 0d
[2026/09/11 10:49:51] <INTERRUPT>
[2026/09/11 10:49:51] =>
[2026/09/11 10:49:51] 发送(hex): 20
[2026/09/11 10:49:51] 发送(hex): 03
[2026/09/11 10:49:51] =>
[2026/09/11 10:49:51] 发送(hex): 0d
[2026/09/11 10:49:51] <INTERRUPT>
[2026/09/11 10:49:51] =>
[2026/09/11 10:49:51] 发送(hex): 20
[2026/09/11 10:49:51] 发送(hex): 03
[2026/09/11 10:49:51] =>
[2026/09/11 10:49:51] 发送(hex): 0d
[2026/09/11 10:49:51] <INTERRUPT>
[2026/09/11 10:49:51] =>
[2026/09/11 10:49:51] 发送(hex): 20
[2026/09/11 10:49:51] 发送(hex): 03
[2026/09/11 10:49:51] =>
[2026/09/11 10:49:51] 发送(hex): 0d
[2026/09/11 10:49:51] <INTERRUPT>
[2026/09/11 10:49:51] =>
[2026/09/11 10:49:51] 发送(hex): 20
[2026/09/11 10:49:51] 发送(hex): 03
[2026/09/11 10:49:51] =>
[2026/09/11 10:49:51] 发送(hex): 0d
[2026/09/11 10:49:51] <INTERRUPT>
[2026/09/11 10:49:51] =>
[2026/09/11 10:49:51] 发送(hex): 20
[2026/09/11 10:49:51] 发送(hex): 03
[2026/09/11 10:49:51] =>
[2026/09/11 10:49:51] 发送(hex): 0d
[2026/09/11 10:49:51] <INTERRUPT>
[2026/09/11 10:49:51] =>
[2026/09/11 10:49:51] 发送(hex): 20
[2026/09/11 10:49:51] =>
[2026/09/11 10:49:51] 发送(hex): 03
[2026/09/11 10:49:51] 发送(hex): 0d
[2026/09/11 10:49:51] <INTERRUPT>
[2026/09/11 10:49:51] =>
[2026/09/11 10:49:51] 发送(hex): 20
[2026/09/11 10:49:51] =>
[2026/09/11 10:49:51] 发送(hex): 03
[2026/09/11 10:49:51] 发送(hex): 0d
[2026/09/11 10:49:51] 发送(hex): 20
[2026/09/11 10:49:51] <INTERRUPT>
[2026/09/11 10:49:51] =>
[2026/09/11 10:49:51] =>
[2026/09/11 10:49:51] 发送(hex): 03
[2026/09/11 10:49:51] 发送(hex): 0d
[2026/09/11 10:49:51] 发送(hex): 20
[2026/09/11 10:49:51] <INTERRUPT>
[2026/09/11 10:49:51] =>
[2026/09/11 10:49:51] =>
[2026/09/11 10:49:51] 发送(hex): 03
[2026/09/11 10:49:51] 发送(hex): 0d
[2026/09/11 10:49:51] 发送(hex): 20
[2026/09/11 10:49:51] <INTERRUPT>
[2026/09/11 10:49:51] =>
[2026/09/11 10:49:51] =>
[2026/09/11 10:49:51] 发送(hex): 03
[2026/09/11 10:49:51] 发送(hex): 0d
[2026/09/11 10:49:51] 发送(hex): 20
[2026/09/11 10:49:51] <INTERRUPT>
[2026/09/11 10:49:51] =>
[2026/09/11 10:49:51] =>
[2026/09/11 10:49:51] 发送(hex): 03
[2026/09/11 10:49:51] 发送(hex): 0d
[2026/09/11 10:49:51] 发送(hex): 20
[2026/09/11 10:49:51] <INTERRUPT>
[2026/09/11 10:49:51] =>
[2026/09/11 10:49:51] =>
[2026/09/11 10:49:51] 发送(hex): 03
[2026/09/11 10:49:51] 发送(hex): 0d
[2026/09/11 10:49:51] 发送(hex): 20
[2026/09/11 10:49:51] <INTERRUPT>
[2026/09/11 10:49:51] =>
[2026/09/11 10:49:51] =>
[2026/09/11 10:49:51] 发送(hex): 03
[2026/09/11 10:49:51] 发送(hex): 0d
[2026/09/11 10:49:51] 发送(hex): 20
[2026/09/11 10:49:51] <INTERRUPT>
[2026/09/11 10:49:51] =>
[2026/09/11 10:49:51] =>
[2026/09/11 10:49:51] 发送(hex): 03
[2026/09/11 10:49:51] 发送(hex): 0d
[2026/09/11 10:49:51] 发送(hex): 20
[2026/09/11 10:49:51] <INTERRUPT>
[2026/09/11 10:49:51] =>
[2026/09/11 10:49:51] =>
[2026/09/11 10:49:51] 发送(hex): 03
[2026/09/11 10:49:51] 发送(hex): 0d
[2026/09/11 10:49:52] 发送(hex): 20
[2026/09/11 10:49:52] <INTERRUPT>
[2026/09/11 10:49:52] =>
[2026/09/11 10:49:52] =>
[2026/09/11 10:49:52] 发送(hex): 03
[2026/09/11 10:49:52] 发送(hex): 0d
[2026/09/11 10:49:52] 发送(hex): 20
[2026/09/11 10:49:52] <INTERRUPT>
[2026/09/11 10:49:52] =>
[2026/09/11 10:49:52] =>
[2026/09/11 10:49:52] 发送(hex): 03
[2026/09/11 10:49:52] 发送(hex): 0d
[2026/09/11 10:49:52] 发送(hex): 20
[2026/09/11 10:49:52] <INTERRUPT>
[2026/09/11 10:49:52] =>
[2026/09/11 10:49:52] =>
[2026/09/11 10:49:52] 发送(hex): 03
[2026/09/11 10:49:52] 发送(hex): 0d
[2026/09/11 10:49:52] 发送(hex): 20
[2026/09/11 10:49:52] <INTERRUPT>
[2026/09/11 10:49:52] =>
[2026/09/11 10:49:52] =>
[2026/09/11 10:49:52] 发送(hex): 03
[2026/09/11 10:49:52] 发送(hex): 0d
[2026/09/11 10:49:52] 发送(hex): 20
[2026/09/11 10:49:52] <INTERRUPT>
[2026/09/11 10:49:52] =>
[2026/09/11 10:49:52] =>
[2026/09/11 10:49:52] 发送(hex): 03
[2026/09/11 10:49:52] 发送(hex): 0d
[2026/09/11 10:49:52] 发送(hex): 20
[2026/09/11 10:49:52] <INTERRUPT>
[2026/09/11 10:49:52] =>
[2026/09/11 10:49:52] =
[2026/09/11 10:49:52] 发送(hex): 03
[2026/09/11 10:49:52] >
[2026/09/11 10:49:52] 发送(hex): 0d
[2026/09/11 10:49:52] 发送(hex): 20
[2026/09/11 10:49:52] <INTERRUPT>
[2026/09/11 10:49:52] =>
[2026/09/11 10:49:52] 发送(hex): 03
[2026/09/11 10:49:52] =>
[2026/09/11 10:49:52] 发送(hex): 0d
[2026/09/11 10:49:52] <INTERRUPT>
[2026/09/11 10:49:52] =>
[2026/09/11 10:49:52] 发送(hex): 20
[2026/09/11 10:49:52] 发送(hex): 03
[2026/09/11 10:49:52] =>
[2026/09/11 10:49:52] 发送(hex): 0d
[2026/09/11 10:49:52] <INTERRUPT>
[2026/09/11 10:49:52] =>
[2026/09/11 10:49:52] 发送(hex): 20
[2026/09/11 10:49:52] 发送(hex): 03
[2026/09/11 10:49:52] =>
[2026/09/11 10:49:52] 发送(hex): 0d
[2026/09/11 10:49:52] <INTERRUPT>
[2026/09/11 10:49:52] =>
[2026/09/11 10:49:52] 发送(hex): 20
[2026/09/11 10:49:52] 发送(hex): 03
[2026/09/11 10:49:52] =>
[2026/09/11 10:49:52] 发送(hex): 0d
[2026/09/11 10:49:52] <INTERRUPT>
[2026/09/11 10:49:52] =>
[2026/09/11 10:49:52] 发送(hex): 20
[2026/09/11 10:49:52] 发送(hex): 03
[2026/09/11 10:49:52] =>
[2026/09/11 10:49:52] 发送(hex): 0d
[2026/09/11 10:49:52] <INTERRUPT>
[2026/09/11 10:49:52] =>
[2026/09/11 10:49:52] 发送(hex): 20
[2026/09/11 10:49:52] 发送(hex): 03
[2026/09/11 10:49:52] =>
[2026/09/11 10:49:52] 发送(hex): 0d
[2026/09/11 10:49:52] <INTERRUPT>
[2026/09/11 10:49:52] =>
[2026/09/11 10:49:52] 发送(hex): 20
[2026/09/11 10:49:52] 发送(hex): 03
[2026/09/11 10:49:52] =>
[2026/09/11 10:49:52] 发送(hex): 0d
[2026/09/11 10:49:52] <INTERRUPT>
[2026/09/11 10:49:52] =>
[2026/09/11 10:49:52] 发送(hex): 20
[2026/09/11 10:49:52] =>
[2026/09/11 10:49:52] 发送(hex): 03
[2026/09/11 10:49:52] 发送(hex): 0d
[2026/09/11 10:49:52] <INTERRUPT>
[2026/09/11 10:49:52] =>
[2026/09/11 10:49:52] 发送(hex): 20
[2026/09/11 10:49:52] =>
[2026/09/11 10:49:52] 发送(hex): 03
[2026/09/11 10:49:52] 发送(hex): 0d
[2026/09/11 10:49:52] <INTERRUPT>
[2026/09/11 10:49:52] =>
[2026/09/11 10:49:52] 发送(hex): 20
[2026/09/11 10:49:52] =>
[2026/09/11 10:49:52] 发送(hex): 03
[2026/09/11 10:49:52] 发送(hex): 0d
[2026/09/11 10:49:52] <INTERRUPT>
[2026/09/11 10:49:52] =>
[2026/09/11 10:49:52] 发送(hex): 20
[2026/09/11 10:49:52] =>
[2026/09/11 10:49:52] 发送(hex): 03
[2026/09/11 10:49:52] 发送(hex): 0d
[2026/09/11 10:49:52] <INTERRUPT>
[2026/09/11 10:49:52] =>
[2026/09/11 10:49:52] 发送(hex): 20
[2026/09/11 10:49:52] =>
[2026/09/11 10:49:52] 发送(hex): 03
[2026/09/11 10:49:52] 发送(hex): 0d
[2026/09/11 10:49:52] <INTERRUPT>
[2026/09/11 10:49:52] =>
[2026/09/11 10:49:52] 发送(hex): 20
[2026/09/11 10:49:52] =>
[2026/09/11 10:49:52] 发送(hex): 03
[2026/09/11 10:49:52] 发送(hex): 0d
[2026/09/11 10:49:52] <INTERRUPT>
[2026/09/11 10:49:52] =>
[2026/09/11 10:49:52] 发送(hex): 20
[2026/09/11 10:49:52] =>
[2026/09/11 10:49:52] 发送(hex): 03
[2026/09/11 10:49:52] 发送(hex): 0d
[2026/09/11 10:49:52] <INTERRUPT>
[2026/09/11 10:49:52] 发送(hex): 20
[2026/09/11 10:49:52] =>
[2026/09/11 10:49:52] =>
[2026/09/11 10:49:52] 发送(hex): 03
[2026/09/11 10:49:52] 发送(hex): 0d
[2026/09/11 10:49:52] <INTE
[2026/09/11 10:49:52] 发送(hex): 20
[2026/09/11 10:49:52] RRUPT>
[2026/09/11 10:49:52] =>
[2026/09/11 10:49:52] =>
[2026/09/11 10:49:52] 发送(hex): 03
[2026/09/11 10:49:52] 发送(hex): 0d
[2026/09/11 10:49:52] 发送(hex): 20
[2026/09/11 10:49:52] <INTERRUPT>
[2026/09/11 10:49:52] =>
[2026/09/11 10:49:52] =>
[2026/09/11 10:49:52] 发送(hex): 03
[2026/09/11 10:49:52] 发送(hex): 0d
[2026/09/11 10:49:52] 发送(hex): 20
[2026/09/11 10:49:52] <INTERRUPT>
[2026/09/11 10:49:52] =>
[2026/09/11 10:49:52] =>
[2026/09/11 10:49:52] 发送(hex): 03
[2026/09/11 10:49:52] 发送(hex): 0d
[2026/09/11 10:49:52] 发送(hex): 20
[2026/09/11 10:49:52] <INTERRUPT>
[2026/09/11 10:49:52] =>
[2026/09/11 10:49:52] =>
[2026/09/11 10:49:52] 发送(hex): 03
[2026/09/11 10:49:52] 发送(hex): 0d
[2026/09/11 10:49:52] 发送(hex): 20
[2026/09/11 10:49:52] <INTERRUPT>
[2026/09/11 10:49:52] =>
[2026/09/11 10:49:52] =>
[2026/09/11 10:49:52] 发送(hex): 03
[2026/09/11 10:49:52] 发送(hex): 0d
[2026/09/11 10:49:52] 发送(hex): 20
[2026/09/11 10:49:52] <INTERRUPT>
[2026/09/11 10:49:52] =>
[2026/09/11 10:49:52] =>
[2026/09/11 10:49:52] 发送(hex): 03
[2026/09/11 10:49:52] 发送(hex): 0d
[2026/09/11 10:49:52] 发送(hex): 20
[2026/09/11 10:49:52] <INTERRUPT>
[2026/09/11 10:49:52] =>
[2026/09/11 10:49:52] =>
[2026/09/11 10:49:52] 发送(hex): 03
[2026/09/11 10:49:52] 发送(hex): 0d
[2026/09/11 10:49:52] 发送(hex): 20
[2026/09/11 10:49:52] <INTERRUPT>
[2026/09/11 10:49:52] =>
[2026/09/11 10:49:52] =>
[2026/09/11 10:49:52] 发送(hex): 03
[2026/09/11 10:49:52] 发送(hex): 0d
[2026/09/11 10:49:52] 发送(hex): 20
[2026/09/11 10:49:52] <INTERRUPT>
[2026/09/11 10:49:52] =>
[2026/09/11 10:49:52] =>
[2026/09/11 10:49:52] 发送(hex): 03
[2026/09/11 10:49:52] 发送(hex): 0d
[2026/09/11 10:49:52] 发送(hex): 20
[2026/09/11 10:49:52] <INTERRUPT>
[2026/09/11 10:49:52] =>
[2026/09/11 10:49:52] =>
[2026/09/11 10:49:52] 发送(hex): 03
[2026/09/11 10:49:53] 发送(hex): 0d
[2026/09/11 10:49:53] <INTERRUPT>
[2026/09/11 10:49:53] =>
[2026/09/11 10:49:53] 发送(hex): 20
[2026/09/11 10:49:53] 发送(hex): 03
[2026/09/11 10:49:53] =>
[2026/09/11 10:49:53] 发送(hex): 0d
[2026/09/11 10:49:53] <INTERRUPT>
[2026/09/11 10:49:53] =>
[2026/09/11 10:49:53] 发送(hex): 20
[2026/09/11 10:49:53] 发送(hex): 03
[2026/09/11 10:49:53] =>
[2026/09/11 10:49:53] 发送(hex): 0d
[2026/09/11 10:49:53] <INTERRUPT>
[2026/09/11 10:49:53] =>
[2026/09/11 10:49:53] 发送(hex): 20
[2026/09/11 10:49:53] =>
[2026/09/11 10:49:53] 发送(hex): 03
[2026/09/11 10:49:53] 发送(hex): 0d
[2026/09/11 10:49:53] <INTERRUPT>
[2026/09/11 10:49:53] =>
[2026/09/11 10:49:53] 发送(hex): 20
[2026/09/11 10:49:53] =>
[2026/09/11 10:49:53] 发送(hex): 03
[2026/09/11 10:49:53] 发送(hex): 0d
[2026/09/11 10:49:53] <INTERRUPT>
[2026/09/11 10:49:53] =>
[2026/09/11 10:49:53] 发送(hex): 20
[2026/09/11 10:49:53] =>
[2026/09/11 10:49:53] 发送(hex): 03
[2026/09/11 10:49:53] 发送(hex): 0d
[2026/09/11 10:49:53] <INTERRUPT>
[2026/09/11 10:49:53] =>
[2026/09/11 10:49:53] 发送(hex): 20
[2026/09/11 10:49:53] =>
[2026/09/11 10:49:53] 发送(hex): 03
[2026/09/11 10:49:53] 发送(hex): 0d
[2026/09/11 10:49:53] <INTERRU
[2026/09/11 10:49:53] 发送(hex): 20
[2026/09/11 10:49:53] PT>
[2026/09/11 10:49:53] =>
[2026/09/11 10:49:53] =>
[2026/09/11 10:49:53] 发送(hex): 03
[2026/09/11 10:49:53] 发送(hex): 0d
[2026/09/11 10:49:53] <INTERRUPT
[2026/09/11 10:49:53] 发送(hex): 20
[2026/09/11 10:49:53] >
[2026/09/11 10:49:53] =>
[2026/09/11 10:49:53] =>
[2026/09/11 10:49:53] 发送(hex): 03
[2026/09/11 10:49:53] <I
[2026/09/11 10:49:53] 发送(hex): 0d
[2026/09/11 10:49:53] 发送(hex): 20
[2026/09/11 10:49:53] NTERRUPT>
[2026/09/11 10:49:53] =>
[2026/09/11 10:49:53] =>
[2026/09/11 10:49:53] 发送(hex): 03
[2026/09/11 10:49:53] 发送(hex): 0d
[2026/09/11 10:49:53] 发送(hex): 20
[2026/09/11 10:49:53] <INTERRUPT>
[2026/09/11 10:49:53] =>
[2026/09/11 10:49:53] =>
[2026/09/11 10:49:53] 发送(hex): 03
[2026/09/11 10:49:53] 发送(hex): 0d
[2026/09/11 10:49:53] <INTERRUPT>
[2026/09/11 10:49:53] =>
[2026/09/11 10:49:53] 发送(hex): 20
[2026/09/11 10:49:53] 发送(hex): 03
[2026/09/11 10:49:53] =>
[2026/09/11 10:49:53] 发送(hex): 0d
[2026/09/11 10:49:53] <INTERRUPT>
[2026/09/11 10:49:53] =>
[2026/09/11 10:49:53] 发送(hex): 20
[2026/09/11 10:49:53] 发送(hex): 03
[2026/09/11 10:49:53] =>
[2026/09/11 10:49:53] 发送(hex): 0d
[2026/09/11 10:49:53] <INTERRUPT>
[2026/09/11 10:49:53] =>
[2026/09/11 10:49:53] 发送(hex): 20
[2026/09/11 10:49:53] 发送(hex): 03
[2026/09/11 10:49:53] =>
[2026/09/11 10:49:53] 发送(hex): 0d
[2026/09/11 10:49:53] <INTERRUPT>
[2026/09/11 10:49:53] =>
[2026/09/11 10:49:53] 发送(hex): 20
[2026/09/11 10:49:53] 发送(hex): 03
[2026/09/11 10:49:53] =>
[2026/09/11 10:49:53] 发送(hex): 0d
[2026/09/11 10:49:53] <INTERRUPT>
[2026/09/11 10:49:53] =>
[2026/09/11 10:49:53] 发送(hex): 20
[2026/09/11 10:49:53] 发送(hex): 03
[2026/09/11 10:49:53] =>
[2026/09/11 10:49:53] 发送(hex): 0d
[2026/09/11 10:49:53] <INTERRUPT>
[2026/09/11 10:49:53] =>
[2026/09/11 10:49:53] 发送(hex): 20
[2026/09/11 10:49:53] 发送(hex): 03
[2026/09/11 10:49:53] =>
[2026/09/11 10:49:53] 发送(hex): 0d
[2026/09/11 10:49:53] <INTERRUPT>
[2026/09/11 10:49:53] =>
[2026/09/11 10:49:53] 发送(hex): 20
[2026/09/11 10:49:53] 发送(hex): 03
[2026/09/11 10:49:53] =>
[2026/09/11 10:49:53] 发送(hex): 0d
[2026/09/11 10:49:53] <INTERRUPT>
[2026/09/11 10:49:53] =>
[2026/09/11 10:49:53] 发送(hex): 20
[2026/09/11 10:49:53] =>
[2026/09/11 10:49:53] 发送(hex): 03
[2026/09/11 10:49:53] 发送(hex): 0d
[2026/09/11 10:49:53] <INTERRUPT>
[2026/09/11 10:49:53] =>
[2026/09/11 10:49:53] 发送(hex): 20
[2026/09/11 10:49:53] =>
[2026/09/11 10:49:53] 发送(hex): 03
[2026/09/11 10:49:53] 发送(hex): 0d
[2026/09/11 10:49:53] <INTERRUPT>
[2026/09/11 10:49:53] =>
[2026/09/11 10:49:53] 发送(hex): 20
[2026/09/11 10:49:53] =>
[2026/09/11 10:49:53] 发送(hex): 03
[2026/09/11 10:49:53] 发送(hex): 0d
[2026/09/11 10:49:53] 发送(hex): 20
[2026/09/11 10:49:53] <INTERRUPT>
[2026/09/11 10:49:53] =>
[2026/09/11 10:49:53] =>
[2026/09/11 10:49:53] 发送(hex): 03
[2026/09/11 10:49:53] 发送(hex): 0d
[2026/09/11 10:49:53] 发送(hex): 20
[2026/09/11 10:49:53] <INTERRUPT>
[2026/09/11 10:49:53] =>
[2026/09/11 10:49:53] =>
[2026/09/11 10:49:53] 发送(hex): 03
[2026/09/11 10:49:53] 发送(hex): 0d
[2026/09/11 10:49:53] 发送(hex): 20
[2026/09/11 10:49:53] <INTERRUPT>
[2026/09/11 10:49:53] =>
[2026/09/11 10:49:53] =>
[2026/09/11 10:49:53] 发送(hex): 03
[2026/09/11 10:49:53] 发送(hex): 0d
[2026/09/11 10:49:53] 发送(hex): 20
[2026/09/11 10:49:53] <INTERRUPT>
[2026/09/11 10:49:53] =>
[2026/09/11 10:49:53] =>
[2026/09/11 10:49:53] 发送(hex): 03
[2026/09/11 10:49:53] 发送(hex): 0d
[2026/09/11 10:49:53] 发送(hex): 20
[2026/09/11 10:49:53] <INTERRUPT>
[2026/09/11 10:49:53] =>
[2026/09/11 10:49:53] =>
[2026/09/11 10:49:53] 发送(hex): 03
[2026/09/11 10:49:53] 发送(hex): 0d
[2026/09/11 10:49:53] <INTERRUPT>
[2026/09/11 10:49:53] =>
[2026/09/11 10:49:53] 发送(hex): 20
[2026/09/11 10:49:53] 发送(hex): 03
[2026/09/11 10:49:53] =>
[2026/09/11 10:49:53] 发送(hex): 0d
[2026/09/11 10:49:53] <INTERRUPT>
[2026/09/11 10:49:53] =>
[2026/09/11 10:49:53] 发送(hex): 20
[2026/09/11 10:49:53] 发送(hex): 03
[2026/09/11 10:49:53] =>
[2026/09/11 10:49:53] 发送(hex): 0d
[2026/09/11 10:49:53] <INTERRUPT>
[2026/09/11 10:49:53] =>
[2026/09/11 10:49:53] 发送(hex): 20
[2026/09/11 10:49:53] 发送(hex): 03
[2026/09/11 10:49:53] =>
[2026/09/11 10:49:53] 发送(hex): 0d
[2026/09/11 10:49:53] <INTERRUPT>
[2026/09/11 10:49:53] =>
[2026/09/11 10:49:53] 发送(hex): 20
[2026/09/11 10:49:53] 发送(hex): 03
[2026/09/11 10:49:53] =>
[2026/09/11 10:49:53] 发送(hex): 0d
[2026/09/11 10:49:53] <INTERRUPT>
[2026/09/11 10:49:53] =>
[2026/09/11 10:49:53] 发送(hex): 20
[2026/09/11 10:49:53] =>
[2026/09/11 10:49:53] 发送(hex): 03
[2026/09/11 10:49:54] <INTERRUPT>
[2026/09/11 10:49:54] =>
[2026/09/11 10:50:01] 发送(hex): 0d
[2026/09/11 10:50:01] 发送(hex): 0d
[2026/09/11 10:50:01] =>
[2026/09/11 10:50:01] 发送(hex): 0d
[2026/09/11 10:50:01] =>
[2026/09/11 10:50:01] 发送(hex): 0d
[2026/09/11 10:50:01] 发送(hex): 0d
[2026/09/11 10:50:01] =>
[2026/09/11 10:50:01] =>
[2026/09/11 10:50:01] 发送(hex): 7072696e74656e762074636c5f6c6f676f5f706174680d
[2026/09/11 10:50:01] =>
[2026/09/11 10:50:01] printenv tcl_logo_path
[2026/09/11 10:50:01] tcl_logo_path=/tclconfig/tvcust/aio_resources/resource/extension/common_TCL_QDMINI_4K/logo
[2026/09/11 10:50:01] =>
[2026/09/11 10:50:02] 发送(hex): 03
[2026/09/11 10:50:02] <INTERRUPT>
[2026/09/11 10:50:02] =>
[2026/09/11 10:50:05] UART
[2026/09/11 10:50:05] <.
[2026/09/11 10:50:05] AC_ON
[2026/09/11 10:50:06] HASH1_VERSION=0x00000000 64bit
[2026/09/11 10:50:06] E-A
[2026/09/11 10:50:06] [ETT_Main] Clock MPLL Init
[2026/09/11 10:50:06] [ETT_Main]MIU_ver 20260417-11996427-OneBin-V20.4-RefineWDTNew
[2026/09/11 10:50:06] [DRAMC] AC ON-0
[2026/09/11 10:50:06] [FAST_K]
[2026/09/11 10:50:06] [MOBF] Gen SW key
[2026/09/11 10:50:06] CH0 DramsizeFlag_CH0 DUMMY_REG = 0x1
[2026/09/11 10:50:06] dramc_channel0 restore dramsize_flag = 0x1
[2026/09/11 10:50:06] [FAST_K]
[2026/09/11 10:50:06] CH2 DramsizeFlag_CH2 DUMMY_REG = 0x0
[2026/09/11 10:50:06] dramc_channel2 restore dramsize_flag = 0x0
[2026/09/11 10:50:06] dispatch to 1 EMI 2 CH
[2026/09/11 10:50:06] MIUP set area: 3GB
[2026/09/11 10:50:06] EMI bist: [32mM0 pass[0m
[2026/09/11 10:50:06] EMI bist: [32mM2 pass[0m
[2026/09/11 10:50:06] fake engine: [32mpass[00000000][0m
[2026/09/11 10:50:06] fake engine: [32mpass[00000001][0m
[2026/09/11 10:50:06] u4dram_info=0x2406
[2026/09/11 10:50:06] TEELOADER_VERSION=0x00000000
[2026/09/11 10:50:06] optee teeloader entry
[2026/09/11 10:50:06] MultiOptee image detected,
[2026/09/11 10:50:06] ModelID=17B06E0B
[2026/09/11 10:50:06] MultiOptee image detected, ModelID=17B06E0B
[2026/09/11 10:50:06] CusConfig
[2026/09/11 10:50:06] ARMFW_VERSION=0x00000000
[2026/09/11 10:50:06] OPTEE_VERSION=0x00000000
[2026/09/11 10:50:06] OPTEECUST_VERSION=0x00000000
[2026/09/11 10:50:06] REELOADER_VERSION=0x00000000
[2026/09/11 10:50:06] ns_uboot_boot
[2026/09/11 10:50:06] NOTICE:  BL31: v2.4(debug):f102f7cc7
[2026/09/11 10:50:06] NOTICE:  BL31: Built : 20:53:08, Jul 17 2026
[2026/09/11 10:50:06] INFO:    BL31: Initializing runtime services
[2026/09/11 10:50:06] INFO:    BL31: Initializing BL32
[2026/09/11 10:50:06] [TEE] TRIAL BOOT: 0
[2026/09/11 10:50:06] [DynRamlog] wait for configuring by tee driver
[2026/09/11 10:50:06] I
[2026/09/11 10:50:06] NFO:    BL31: Preparing for EL3 exit to normal world
[2026/09/11 10:50:06] INFO:    Entry point address = 0x20100010
[2026/09/11 10:50:06] ree_entry
[2026/09/11 10:50:06] Check WDT....
[2026/09/11 10:50:06] UBOOT_VERSION=0x00000000
[2026/09/11 10:50:06] U-Boot2019.04-g23c3f665-dirty (Aug 23 2026 - 20:57:54 +0800)
[2026/09/11 10:50:06] Model: MediaTek MT5896 RFB
[2026/09/11 10:50:06] DRAM:  3 GiB
[2026/09/11 10:50:06] MMC:   mtk-mmc-fcie@1c660000: 0
[2026/09/11 10:50:06] Loading Enviro
[2026/09/11 10:50:06] nment from EXT4... OK
[2026/09/11 10:50:07] [0;31m[
[2026/09/11 10:50:07] ERROR] get_data_separation_info:254: [0m[data spr][start:1303][end:1312][total time:9]
[2026/09/11 10:50:07] [0;31m[ERROR] get_partition_info:394: [0mCan not find corresponding suffixed partition name:factory_preset_a !!!
[2026/09/11 10:50:07] [0;31m[ERROR] get_pid_from_preset_partition:1495: [0mError: sys_get_storage_info from factory_preset failure
[2026/09/11 10:50:07] [0;31m[ERROR] parse_tcl_ffvoice_lednum:1
[2026/09/11 10:50:07] 124: [0mdrive_item is not exist!
[2026/09/11 10:50:07] [0;31m[ERROR] parse_tcl_ffvoice_lednum:1144: [0muse default ffvoice lednum: 4!!!
[2026/09/11 10:50:07] [0;31m[ERROR] parse_tcl_led_stagespacetime:1019: [0mdrive_item is not exist!
[2026/09/11 10:50:07] [0;31m[ERROR] parse_tcl_led_stagespacetime:1039: [0muse default_ledstage: 0!!!
[2026/09/11 10:50:07] [0;31m[ERROR] parse_tcl_led_stagespacetime:1041: [0mset uenv led_stagespace : 0
[2026/09/11 10:50:07] device properties match:sid = "105"
[2026/09/11 10:50:07] [0;31m[ERROR] get_data_separation_info:270: [0mRead ini file success !
[2026/09/11 10:50:07] [0;31m[ERROR] To_parse_tcl_standby_qhb_support:234: [0mtcl_env_qhb = 0 or null or other,not support TCL  QHB
[2026/09/11 10:50:07] [0;31m[ERROR] dataindex_dtbo_overlay:644: [0m[DATAINDEX DTBO LOAD][start:1803][end:1894][total time:91]
[2026/09/11 10:50:07] Model: MediaTek MT5896 RFB
[2026/09/11 10:50:07] Net:
[2026/09/11 10:50:07] eth0: ethernet@1c700000
[2026/09/11 10:50:07] Booting(Working) pLedMode = LED_ON,pLightRate=80
[2026/09/11 10:50:07] slot:0 slot retry:0 a_corrupt:0 b_corrupt:0 successful:[1:0]
[2026/09/11 10:50:07] 00000000: 00 00 00 00 00 00 00 00 00 00 00 00 00 00 00 00    ................
[2026/09/11 10:50:07] 00000010: 00 00 00 00 00 00 00 00 00 00 00 00 00 00 00 00    ................
[2026/09/11 10:50:07] [0;31m[ERROR] get_boot_mode_from_partition:354: [0mdump  OK
[2026/09/11 10:50:07] androidboot boot reason = ac
[2026/09/11 10:50:07] Reboot reason == PM_BR_AC
[2026/09/11 10:50:07] upgrade status:done
[2026/09/11 10:50:07] [0;31m[ERROR] standby_mode_enter_standby:187: [0m[panic case]: no panic occur, normal deal
[2026/09/11 10:50:07] Normal booting mode!
[2026/09/11 10:50:07] [wei] mtk_panel_probe 991, PANEL LIB VER 5
[2026/09/11 10:50:07] [wei] BOOT_PNL_VERSION OLD
[2026/09/11 10:50:07] [0;31m[ERROR] standby_mode_enter_qhb:274: [0mThis PID   unsupport  TCL QHB !!!
[2026/09/11 10:50:07] [0;31m[ERROR] mtk_panel_init_device:998: [0m[BEFORE DEMURA][start:2131][end:2171][total time:40]
[2026/09/11 10:50:07] [0;31m[ERROR] mtk_panel_enable:1149: [0m
[2026/09/11 10:50:07] ---mtk_panel_enable:1149 Set mtk_panel_enable DelayTask 7
[2026/09/11 10:50:07] Hit any key to stop autoboot:  0
[2026/09/11 10:50:07] [0;31m[ERROR] do_check_upgrade_mode:216: [0mresolve path fail: /mnt/vendor/tvconfig/bsp/common/misc/upgrade_mode.ini
[2026/09/11 10:50:08] check_auto_update
[2026/09/11 10:50:08] seconds : 2
[2026/09/11 10:50:08] Ticking:
[2026/09/11 10:50:08] jpd_api
[2026/09/11 10:50:08] : [ERR] _MApi_NJPD_Decoder_PrintError: data loss error!!
[2026/09/11 10:50:08] jpd_api: [ERR] _MApi_NJPD_Decoder_PrintError: bitstream error!!
[2026/09/11 10:50:08] [0;31m[ERROR] mtk_jpd_decode:361: [0mJPEG decode failed!!
[2026/09/11 10:50:08] [0;31m[ERROR] standby_mode_enter_standby:187: [0m[panic case]: no panic occur, normal deal
[2026/09/11 10:50:08] Normal booting mode!
[2026/09/11 10:50:08] [0;31m[ERROR] get_panel_pwm_duty_info:2644: [0mRead ini file to DRAM failure
[2026/09/11 10:50:08] [0;31m[ERROR] Check_TSR_PMIC_Version:229: [0mThis PID   unsupport   TSR IC !!!
[2026/09/11 10:50:08] [0;31m[ERROR] _mtk_pnl_cust_backlight_i2c_init:2672: [0mRead subnode (backlight_i2c_info) FAIL
[2026/09/11 10:50:08] kfault cur reboot mode: 0x0
[2026/09/11 10:50:08] kfault tcllog size: 0x4000000
[2026/09/11 10:50:08] kfault io buf 0x5be22d40, size 0x400, pos 0x0, is_read 1, ret 0
[2026/09/11 10:50:08] kfault io buf 0x5be23150, size 0x2000, pos 0x400, is_read 1, ret 0
[2026/09/11 10:50:08] kfault io buf 0x5bd65ea0, size 0x1000, pos 0x37ff000, is_read 1, ret 0
[2026/09/11 10:50:08] normal boot, just do tmp dump
[2026/09/11 10:50:08] MMC write: dev # 0, block # 1480696, count 8 ...
[2026/09/11 10:50:08] 8 blocks written: OK
[2026/09/11 10:50:08] kfault io buf 0x5bd6
[2026/09/11 10:50:08] 5ea0, size 0x1000, pos 0x37ff000, is_read 0, ret 0
[2026/09/11 10:50:08] kfault_boot->log_num = 0
[2026/09/11 10:50:08] MMC write: dev # 0, block # 1366016, count 2 ...
[2026/09/11 10:50:08] 2 blocks written: OK
[2026/09/11 10:50:08] kfault io buf 0x5be22d40, size 0x400, pos 0x0, is_read 0, ret 0
[2026/09/11 10:50:08] [0;31m[ERROR] standby_mode_enter_standby:187: [0m[panic case]: no panic occur, normal deal
[2026/09/11 10:50:08] Normal booting mode!
[2026/09/11 10:50:08] upgradecheck - upgrade mode check command
[2026/09/11 10:50:08] Usage:
[2026/09/11 10:50:08] upgradecheck command: upgradecheck
[2026/09/11 10:50:08] retry_count: 0
[2026/09/11 10:50:08] ## Android Verified Boot 2.0 version 1.1.0
[2026/09/11 10:50:08] Disable Flash Update Mode
[2026/09/11 10:50:08] Verification passed successfully
[2026/09/11 10:50:09] Boot state is: Green !
[2026/09/11 10:50:09] Kernel load addr 0x26000000 size 41887 KiB
[2026/09/11 10:50:09] RAM disk load addr 0x01000000 size 2039 KiB
[2026/09/11 10:50:09] [0;31m[ERROR] bootargs_append:2318: [0mset cfg is androidboot.device_name=G08 androidboot.series=X androidboot.product=C6K androidboot.product_name=G08_4K_GB androidboot.client_type=TCL-AP-MT9653-S1 androidboot.model_name=Smart*TV*Pro androidboot.code_name=AU04 androidboot.ecid=21000000 androidboot.tcl_brand=TCL androidboot.manufacturer=TCL androidboot.oem_tag=AP androidboot.certify=unknown androidboot.extension=TCL_QDMINI_4K androidboot.extension_res=unknown androidboot.extension_db=unknown
[2026/09/11 10:50:09] [0;31m[ERROR] bootargs_append:2318: [0mset cfg is androidboot.pid=26880
[2026/09/11 10:50:09] device properties match:sid = "105"
[2026/09/11 10:50:09] [0;31m[ERROR] set_crashkernel_rsvmem:2278: [0mError: Read kdump file to Dram failed
[2026/09/11 10:50:09] do_tcl_crashkernel - tcl_crashkernel
[2026/09/11 10:50:09] Usage:
[2026/09/11 10:50:09] do_tcl_crashkernel command: set reserved memory for crashkernel
[2026/09/11 10:50:09] Loading Kernel Image ... OK
[2026/09/11 10:50:09] Loading Ramdisk to 29f09000, end 2bdff751 ... OK
[2026/09/11 10:50:09] Loading Device Tree to 000000002c4e1000, end 000000002c5ff9bb ... OK
[2026/09/11 10:50:09] [0;31m[ERROR] dataindex_dtbo_overlay:644: [0m[DATAINDEX DTBO LOAD][start:3699][end:3818][total time:119]
[2026/09/11 10:50:09] [0;31m[ERROR] standby_mode_enter_qhb:274: [0mThis PID   unsupport  TCL QHB !!!
[2026/09/11 10:50:09] [AutoTest][mboot][start kernel][3882]
[2026/09/11 10:50:09] Starting kernel ...
[2026/09/11 10:50:09] kfault io buf 0x5beaa110, size 0x28, pos 0x400, is_read 1, ret 0
[2026/09/11 10:50:09] last status:0x0
[2026/09/11 10:50:09] MMC write: dev # 0, block # 1480632, count 7 ...
[2026/09/11 10:50:09] 7 blocks written: OK
[2026/09/11 10:50:09] MMC write: dev # 0, block # 1480639, count 1 ...
[2026/09/11 10:50:09] 1 blocks written: OK
[2026/09/11 10:50:09] kfault io buf 0x5be51230, size 0xf26, pos 0x37f7000, is_read 0, ret 0
[2026/09/11 10:50:09] MMC write: dev # 0, block # 1366018, count 1 ...
[2026/09/11 10:50:09] 1 blocks written: OK
[2026/09/11 10:50:09] kfault io buf 0x5bd55050, size 0x28, pos 0x400, is_read 0, ret 0
[2026/09/11 10:50:10] WARNING: Unimplem
[2026/09/11 10:50:10] ented Standard Service Call: 0x84000050
[2026/09/11 10:50:10] [    0.322677][    T1] clk_mt5896: we ha
[2026/09/11 10:50:10] ve : PM
[2026/09/11 10:50:10] [    0.322700][    T1] clk_mt5896: we have : NONPM
[2026/09/11 10:50:10] [Ramlog] tee_config_dyn_ramlog_by_cookie is success
[2026/09/11 10:50:10] [    0.472473][    T1] [K][EFUSE]mtk_efuse_init() ----- START
[2026/09/11 10:50:10] [    0.478129][    T1] [K][EFUSE]mtk_efuse_init() ----> OK
[2026/09/11 10:50:10] [    0.490583][    T1] ir set ir_arm_en to 1.
[2026/09/11 10:50:10] [    0.494796][    T1] ir get boot status 2.
[2026/09/11 10:50:10] [    0.498823][    T1] ir set boot status to 3.
[2026/09/11 10:50:10] [    0.503151][    T1] ir get key 65535.
[2026/09/11 10:50:10] [    0.506821][    T1] mtk-ir 1c080000.ir_in: ir probe done.
[2026/09/11 10:50:10] [    0.518575][    T1] [0][0][0]
[2026/09/11 10:50:10] [    0.529484][    T1] add null memory dma_heap with name mtk_nullmem_1
[2026/09/11 10:50:10] [    0.535850][    T1]     range from 0x3000000 to 0x13000000
[2026/09/11 10:50:10] [    0.535850][    T1]
[2026/09/11 10:50:10] [    0.535850][    T1]
[2026/09/11 10:50:10] [    0.569612][    T1] we have : seal
[2026/09/11 10:50:10] [    0.655404][   T67] mtk_mci 1c660000.mtk-mmc-fcie: [ mtk_fcie_set_ios() Ln.4351 ]
[2026/09/11 10:50:10] [    0.663014][   T67] mtk_mci 1c660000.mtk-mmc-fcie: Ld HS400ES
[2026/09/11 10:50:10] [    0.668759][    T1] [Alg Debug] MApi_PQ_CLI_CFD_Init sucess!!
[2026/09/11 10:50:10] [    0.676953][   T67] mtk_mci 1c660000.mtk-mmc-fcie: eMMC: HS400 5.1 200MHz
[2026/09/11 10:50:10] [    0.684069][   T67] mtk_mci 1c660000.mtk-mmc-fcie: eMMC: HS400 5.1 200MHz
[2026/09/11 10:50:10] [    0.684471][    T1] lizw pp 1
[2026/09/11 10:50:10] [    0.701653][    T1] ux_thread: uxthread_init done!
[2026/09/11 10:50:10] [    0.707255][    T1] tcl_action_monitor: kfault kernel timeout init
[2026/09/11 10:50:11] [    1.655500][  T122] tcl_action_monitor: kfault stop kernel init timeout
[2026/09/11 10:50:12] console:/ $
[2026/09/11 10:50:13] [0;32;31m [ramlog] tee_get_ramlog_config 586 [m
[2026/09/11 10:50:13] [ramlog] Chip ID: 27 f3 04 f5 fd 0b 95 c5 8d 04 00 00
[2026/09/11 10:50:13] [ramlog] TEE log is not enabled (I2C mode:1)
[2026/09/11 10:50:15] [    5.172383][  T324] mtk_and: line 0: glide-disk-cach%com.google.android.apps.tv.launcherx=S:N-20
[2026/09/11 10:50:15] [    5.181646][  T324] mtk_and: line 1: animation%com.netflix.ninja=S:N-10
[2026/09/11 10:50:15] [    5.188303][  T324] mtk_and: line 2: Thread-17%com.amazon.amazonvideo.livingroom=S:R1
[2026/09/11 10:50:15] [    5.196180][  T324] mtk_and: line 3: Thread-18%com.amazon.amazonvideo.livingroom=S:R1
[2026/09/11 10:50:15] [    5.541687][  T122] mtu3 1c7a3e00.usb: ssusb clock enable
[2026/09/11 10:50:15] [    5.560124][  T122] mtu
[2026/09/11 10:50:15] 3 1c1b3e00.usb: ssusb clock enable
[2026/09/11 10:50:15] Info: get MI daemon priority before System I
[2026/09/11 10:50:15] nit: [-20]
[2026/09/11 10:50:15] [mi_daemon]!!!Enter MI daemon prcoess!! start time =5621
[2026/09/11 10:50:15] [mi_daemon][HASHKEY]{_Bin_Hashkey_Init,692} ----- START not bGingaSupported
[2026/09/11 10:50:15] [mi_daemon][HASHKEY]{_Bin_Hashkey_Init,697} ----- START
[2026/09/11 10:50:16] [mi_daemon][HASHKEY]{_getPathFromDataIndex,620} pszFilePath:/tclconfig/hardware/param/soc/dataIndex_00_WW_4K60_VbyOne.ini
[2026/09/11 10:50:16] Cannot get key 'HASHKEY:hashkey_file' in dataIndex file /tclconfig/hardware/param/soc/dataIndex_00_WW_4K60_VbyOne.ini
[2026/09/11 10:50:16] [IPAUTH][HASHKEY]{MApi_IPAUTH_Init_by_bin,580} (iBinSize:306)
[2026/09/11 10:50:16] [IPAUTH]{_IPAUTH_ReadDebugFile,308} ----- START
[2026/09/11 10:50:16] [IPAUTH]{_IPAUTH_ReadDebugFile,317} Debug file is not exist~(/data/vendor/ipauth_debug.txt)
[2026/09/11 10:50:16] [IPAUTH][HASHKEY]{MApi_IPAUTH_Init_by_bin,631} u16CustomerId:0x19
[2026/09/11 10:50:16] [IPAUTH][HASHKEY]{MApi_IPAUTH_Init_by_bin,693} u16HashkeyChipId:0x10D
[2026/09/11 10:50:16] [IPAUTH][HASHKEY]{_IPAUTH_HASHKEY_Verify,406} call HASHKEY_Verify()
[2026/09/11 10:50:16] [IPAUTH][HASHKEY]{_IPAUTH_HASHKEY_Verify,408} HASHKEY_Verify() return 0
[2026/09/11 10:50:16] [IPAUTH][HASHKEY]{MApi_IPAUTH_Init_by_bin,750} set _u8_hashkey_verify_result=OK
[2026/09/11 10:50:16] [IPAUTH][HASHKEY]{_IPAUTH_HASHKEY_set_BinDataToKernel,503} (u32Para1:1, pu8BinBuf:0xFF8A9BB0, u32BufSize:306)
[2026/09/11 10:50:16] [IPAUTH][HASHKEY]{_IPAUTH_HASHKEY_set_BinDataToKernel,523} cmd:0x8791, u32_para_1:0x1, u32BufSize_in:306
[2026/09/11 10:50:16] [mi_daemon]!!!Enter MI daemon flow time=5621!!
[2026/09/11 10:50:16] [mi_daemon]{_MI_SYS_Init,809} _MI_SYS_Init() ----- START
[2026/09/11 10:50:16] !!!MI daemon prcoess start! MI daemon cost time=294!!!
[2026/09/11 10:50:16] Info: get MI daemon priority after Module Init: [0]
[2026/09/11 10:50:16] [    6.660414][  T12
[2026/09/11 10:50:16] 2] realtime_framework_init is invoked
[2026/09/11 10:50:16] [    6.666193][  T122] realtime_module_init [538], REALTIME_UID=2941
[2026/09/11 10:50:16] [    6.682423][  T409] tcl_vdf: vdf_send_task run..
[2026/09/11 10:50:16] [    6.812357][  T415] [austin_demod_dd][demod_probe] name = [austin_demod]
[2026/09/11 10:50:16] [    6.821668][  T415] [demod_probe][120] austin_dev->client->addr = 0x79
[2026/09/11 10:50:16] [    6.830420][  T415] [austin_chk_exist][74] ret -121, --- 0 9 3 2
[2026/09/11 10:50:17] modprobe: alias lines in modules.alias must have 3 entries, not 5
[2026/09/11 10:50:17] modprobe: alias lines in modules.alias must have 3 entries, n[    6.861074][  T415] [mdbgin_merak_demod_dd][mtk_demod_custom_file_open][2503] __entry__
[2026/09/11 10:50:17] ot 5
[2026/09/11 10:50:17] modprobe: [    6.870990][  T415] [mtk_demod_custom_file_open][2542] CUSTOM_EQ_TYPE7
[2026/09/11 10:50:17] alias lines in m[    6.878552][  T415] [mtk_demod_custom_file_open][2554] custom file open fail !
[2026/09/11 10:50:17] odules.alias mus[    6.886979][  T415] 1ce00000.mtk-demod is already registered, pass it
[2026/09/11 10:50:17] t have 3 entries, not 4
[2026/09/11 10:50:17] modprobe: alias lines in modules.alias must have 3 entries, not 7
[2026/09/11 10:50:17] modprobe: alias lines in modules.alias must have 3 entries, not 5
[2026/09/11 10:50:17] modprobe: alias lines in modules.alias must have 3 entries, not 4
[2026/09/11 10:50:17] modprobe: alias lines in modules.alias must have 3 entries, not 4
[2026/09/11 10:50:17] modprobe: alias lines in modules.alias must have 3 entries, not 6
[2026/09/11 10:50:17] modprobe: alias lines in modules.alias must have 3 entries, not 5
[2026/09/11 10:50:17] modprobe: alias lines in modules.alias must have 3 entries, not 5
[2026/09/11 10:50:17] modprobe: alias lines in modules.alias must have 3 entries, not 4
[2026/09/11 10:50:17] modprobe: alias lines in modules.alias must have 3 entries, not 5
[2026/09/11 10:50:17] modprobe: alias lines in modules.alias must have 3 entries, not 5
[2026/09/11 10:50:17] modprobe: alias lines in modules.alias must have 3 entries, not 5
[2026/09/11 10:50:17] modprobe: alias lines in modules.alias must have 3 entries, not 6
[2026/09/11 10:50:17] modprobe: alias lines in modules.alias must have 3 entries, not 5
[2026/09/11 10:50:17] modprobe: alias lines in modules.alias must have 3 entries, not 4
[2026/09/11 10:50:17] Loading module /vendor/lib/modules/spi-mtkdtv-ci.ko with args ''
[2026/09/11 10:50:17] Loaded kernel module /vendor/lib/modules/spi-mtkdtv-ci.ko
[2026/09/11 10:50:17] [    7.213118][  T413] drv_hwreg_srccap_hdmirx_attach b_attach = 1
[2026/09/11 10:50:17] [    7.213121][  T413] drv_hwreg_srccap_hdmirx_attach size = 1
[2026/09/11 10:50:17] [    7.219099][  T413] hal_hwreg_srccap_hdmirx_ops_array[0].hw_version = 6
[2026/09/11 10:50:17] [    7.233595][  T413] u32_addr_min = eb00
[2026/09/11 10:50:17] [    7.237473][  T413] u32_addr_max = ebf0
[2026/09/11 10:50:17] modprobe: alias lines in modules.alias must
[2026/09/11 10:50:17] have 3 entries, not 5
[2026/09/11 10:50:17] modprobe: alias lines in modules.alias must have 3 entries, n[    7.594877][  T122] kallsyms_lookup_name with kp ffffffc00822d4dc,ret=0
[2026/09/11 10:50:17] ot 5
[2026/09/11 10:50:17] modprobe: [    7.603649][  T122] stall_debug: chip id 0
[2026/09/11 10:50:17] alias lines in modules.alias must have 3 entries, not 4
[2026/09/11 10:50:17] modprob[    7.612693][  T122] stall_debug: hook sysrq-c OK
[2026/09/11 10:50:17] e: alias lines i[    7.618564][  T165] current tty: ttyS0, irq: 22
[2026/09/11 10:50:17] n modules.alias [    7.624560][  T122] stall_debug: alloc 1000 memory ok
[2026/09/11 10:50:17] must have 3 entries, not 7
[2026/09/11 10:50:17] modprobe: alias lines in modules.alias must have 3 entries, not 5
[2026/09/11 10:50:17] modprobe: alias lines in modules.alias must have 3 entries, not 4
[2026/09/11 10:50:17] modprobe: alias lines in modules.alias must ha[    7.647999][  T122] kallsyms_lookup_name with kp ffffffc00822d4dc,ret=0
[2026/09/11 10:50:17] ve 3 entries, not 4
[2026/09/11 10:50:17] modprobe: alias lines in modules.alias must have 3 entries, not 6
[2026/09/11 10:50:17] modprobe[    7.663356][  T491] stall_debug: rd_pid_max is 32768
[2026/09/11 10:50:17] : alias lines in[    7.668909][  T491] stall_debug: ptr_task_scs=ffffffc00cea6000,size=40000
[2026/09/11 10:50:17] modules.alias must have 3 entries, not 5
[2026/09/11 10:50:17] modprobe: alias lines[    7.682258][  T122] kallsyms_lookup_name with kp ffffffc00822d4dc,ret=0
[2026/09/11 10:50:17] in modules.alias must have 3 en[    7.690828][  T122] die_helper: log_buf is from ffffffc00a8f0060,len 20000
[2026/09/11 10:50:17] tries, not 5
[2026/09/11 10:50:17] mo[    7.698958][  T122] die_helper: log_buf pa is from 0x00000000288f0060,len 20000
[2026/09/11 10:50:17] dprobe: alias lines in modules.alias must have 3[    7.708757][  T165] current tty: ttyS0, irq: 22
[2026/09/11 10:50:17] entries, not 4
[2026/09/11 10:50:17] modprobe: alias lines in modules.alias must have 3 entries, not 5
[2026/09/11 10:50:17] modprobe: alias lines in modules.alias must have 3 entries, not 5
[2026/09/11 10:50:17] modprobe: alias lines in modules.alias must have 3 entries, not 5
[2026/09/11 10:50:17] modprobe: alias lines in modules.alias must have 3 entries, not 6
[2026/09/11 10:50:17] modprobe: alias lines in modules.alias must have 3 entries, not 5
[2026/09/11 10:50:17] modprobe: alias lines in modules.alias must have 3 entries, not 4
[2026/09/11 10:50:17] Loading module /vendor/lib/modules/mtktv-regulator-mt5876.ko [    7.757437][  T491] stall_debug: enable ip record by scs OK
[2026/09/11 10:50:17] with args ''
[2026/09/11 10:50:17] Loaded kernel module /vendor/lib/modules/mtktv-regulator-mt5876.ko
[2026/09/11 10:50:17] Loading module /vendor/lib/modules/mtktv-thermal.ko with args ''
[2026/09/11 10:50:17] Loading module /vendor/lib/modules/mtktv-cpufreq-ca.ko with args ''
[2026/09/11 10:50:17] Loaded kernel module /vendor/lib/modules/mtktv-cpufreq-ca.ko
[2026/09/11 10:50:17] Loading module /vendor/lib/modules/mtktv-cpufreq.ko with args ''
[2026/09/11 10:50:17] Loaded kernel module /vendor/lib/modules/mtktv-cpufreq.ko
[2026/09/11 10:50:17] Loading module /vendor/lib/modules/mtk-dramc.ko with args ''
[2026/09/11 10:50:17] Loading module /vendor/lib/modules/mtk-mediator.ko with args ''
[2026/09/11 10:50:17] Loading module /vendor/lib/modules/cpu-freq-adapter.ko with args ''
[2026/09/11 10:50:17] Loaded kernel module /vendor/lib/modules/cpu-freq-adapter.ko
[2026/09/11 10:50:17] Loading module /vendor/lib/modules/mtktv-gpu-thermal.ko with args ''
[2026/09/11 10:50:17] Loaded kernel module /vendor/lib/modules/mtktv-gpu-thermal.ko
[2026/09/11 10:50:19] [    8.984276][  T617] watchdog: watchdog0: watchdog did not stop!
[2026/09/11 10:50:19] [    9.811610][  T667] watchdog: watchdog0: watchdog did not stop!
[2026/09/11 10:50:20] CPU_AUDIO is running!
[2026/09/11 10:50:21] [10917592][_
[2026/09/11 10:50:21] cpuAudio_ALSA_Driver_GetCardInfo][198]to open /proc/asound/cards
[2026/09/11 10:50:21] [10917856][_cpuAudio_ALSA_Driver_GetCardInfo][225]Available Sound Cards:[
[2026/09/11 10:50:21] 0 [mtktvsndcard   ]: mtk-tvsnd-card - mtk-tvsnd-card
[2026/09/11 10:50:21] MTK-TV-SOUND-ASOC-AUDIO-DRV
[2026/09/11 10:50:21] 1 [Loopback       ]: Loopback - Loopback
[2026/09/11 10:50:21] Loopback 1
[2026/09/11 10:50:21] 2 [mtkaloopsndcard]: mtkaloopsndcard - mtkaloopsndcard
[2026/09/11 10:50:21] mtkaloopsndcard 1
[2026/09/11 10:50:21] 3 [vocsndcard     ]: vocsndcard - vocsndcard
[2026/09/11 10:50:21] vocsndcard 1
[2026/09/11 10:50:21] ]
[2026/09/11 10:50:21] [10917907][_cpuAudio_ALSA_Driver_GetCardInfo][239]index of mtktvsndcard : 0
[2026/09/11 10:50:21] [10917916][_cpuAudio_ALSA_Driver_GetCardInfo][254]mtktvsndcard : /dev/snd/controlC0
[2026/09/11 10:50:21] [10917935][_cpuAudio_ALSA_Driver_GetCardInfo][273]close /proc/asound/cards done
[2026/09/11 10:50:21] [10918043][_cpuAudio_ALSA_Driver_GetKcontolId][400]pKControl:Utopia controls,fd:3,elist.count:40
[2026/09/11 10:50:21] [10918058][_cpuAudio_ALSA_Driver_GetKcontolId][403]MM RATE
[2026/09/11 10:50:21] [10918065][_cpuAudio_ALSA_Driver_GetKcontolId][403]MM GET PB BUF LEVEL
[2026/09/11 10:50:21] [10918071][_cpuAudio_ALSA_Driver_GetKcontolId][403]MM GET CAP BUF LEVEL
[2026/09/11 10:50:21] [10918076][_cpuAudio_ALSA_Driver_GetKcontolId][403]Duplex mm controls
[2026/09/11 10:50:21] [10918081][_cpuAudio_ALSA_Driver_GetKcontolId][403]Capture MUTE EVENT
[2026/09/11 10:50:21] [10918086][_cpuAudio_ALSA_Driver_GetKcontolId][403]Capture NONPCM EVENT
[2026/09/11 10:50:21] [10918091][_cpuAudio_ALSA_Driver_GetKcontolId][403]Capture NONPCM FLAG
[2026/09/11 10:50:21] [10918096][_cpuAudio_ALSA_Driver_GetKcontolId][403]Capture FASTLOCK MODE
[2026/09/11 10:50:21] [10918101][_cpuAudio_ALSA_Driver_GetKcontolId][403]Capture TIMESTAMP
[2026/09/11 10:50:21] [10918106][_cpuAudio_ALSA_Driver_GetKcontolId][403]Capture controls
[2026/09/11 10:50:21] [10918111][_cpuAudio_ALSA_Driver_GetKcontolId][403]DSP Reload
[2026/09/11 10:50:21] [10918116][_cpuAudio_ALSA_Driver_GetKcontolId][403]Utopia controls
[2026/09/11 10:50:21] [10918121][_cpuAudio_ALSA_Driver_GetKcontolId][407]got Kcontrol[Utopia controls] at id[12]
[2026/09/11 10:50:21] [[   11.073634][  T767] [mzc] init done
[2026/09/11 10:50:21] 10918145][cpuAudio_ALSA_Driver_Init][690]Audio memory size(0x2E57000) phyAudioBase(0x200000) busAudioBase(0x20200000)
[2026/09/11 10:50:21] [10918154][_cpuAudio_ALSA_Driver_InitPcmDevice][301]Opening PCM device node=0/2, period=11863/1024, format=2/48000/0
[2026/09/11 10:50:21] [10918743][cpuAudio_ALSA_Driver_Init][701]phyAudioBase(0x200000) => UserVirtualAddr(0xe4369000)
[2026/09/11 10:50:21] [10932071][cpuAudio_getInfo][562][1;35m cpuAudio[Info](thread-name:)(pid:0)(tid:0) [0m
[2026/09/11 10:50:21] [10932389][cpuAudio_getInfo][566][1;35m cpuAudio[decR2:0x2396,sndR2:0xd264][Version](0x20) [0m
[2026/09/11 10:50:21] [cpuAudio_postprocess_init][16] dec_base(e4369000) DEC_R2_SHM_DDR_OFFSET(0x1911000) snd_base(e5529000) SND_R2_SHM_DDR_OFFSET(0x753000) p_decR2_shm(0xe5c7a000) p_sndR2_shm(0xe5c7c000)
[2026/09/11 10:50:21] [1;35m [cpuAudioPostProcess_main][327]Enter while(1) loop. [0m
[2026/09/11 10:50:21] [cpuAudio_createPostprocessMonitorThread][370]armAudio_postprocessrMonitor_ver: 0xff20 thread created successfully
[2026/09/11 10:50:21] [   11.665407][  T467] ir set boot status to 5.
[2026/09/11 10:50:22] [   12.182481][  T525] PowerHAL: [AT][AN][DC finish boot]
[2026/09/11 10:50:23] factory auto test loop start
[2026/09/11 10:50:23]  
[2026/09/11 10:50:53] UART
[2026/09/11 10:50:53] <.
[2026/09/11 10:50:53] A
[2026/09/11 10:50:53] C_ON
[2026/09/11 10:50:54] HASH1_VERSION=0x00000000 64bit
[2026/09/11 10:50:54] E-A
[2026/09/11 10:50:54] [ETT_Main] Clock MPLL Init
[2026/09/11 10:50:54] [ETT_Main]MIU_ver 20260417-11996427-OneBin-V20.4-RefineWDTNew
[2026/09/11 10:50:54] [DRAMC] AC ON-0
[2026/09/11 10:50:54] [FAST_K]
[2026/09/11 10:50:54] [MOBF] Gen SW key
[2026/09/11 10:50:54] CH0 DramsizeFlag_CH0 DUMMY_REG = 0x1
[2026/09/11 10:50:54] dramc_channel0 restore dramsize_flag = 0x1
[2026/09/11 10:50:54] [FAST_K]
[2026/09/11 10:50:54] CH
[2026/09/11 10:50:54] 2 DramsizeFlag_CH2 DUMMY_REG = 0x0
[2026/09/11 10:50:54] dramc_channel2 restore dramsize_flag = 0x0
[2026/09/11 10:50:54] dispatch to 1 EMI 2 CH
[2026/09/11 10:50:54] MIUP set area: 3GB
[2026/09/11 10:50:54] EMI bist: [32mM0 pass[0m
[2026/09/11 10:50:54] EMI bist: [32mM2 pass[0m
[2026/09/11 10:50:54] fake engine: [32mpass[00000000][0m
[2026/09/11 10:50:54] fake engine: [32mpass[00000001][0m
[2026/09/11 10:50:54] u4dram_info=0x2406
[2026/09/11 10:50:54] TEELOADER_VERSION=0x00000000
[2026/09/11 10:50:54] optee teeloader entry
[2026/09/11 10:50:54] MultiOptee image detected, ModelID=
[2026/09/11 10:50:54] 17B06E0B
[2026/09/11 10:50:54] Multi
[2026/09/11 10:50:54] Optee image detected, ModelID=17B06E0B
[2026/09/11 10:50:54] CusConfig
[2026/09/11 10:50:54] ARMFW_
[2026/09/11 10:50:54] VERSION=0x00000000
[2026/09/11 10:50:54] OPTEE_VERSION=0x00000000
[2026/09/11 10:50:54] OPTEECUST_VERSION=0x00000000
[2026/09/11 10:50:54] REELOADER_VERSION=0x00000000
[2026/09/11 10:50:54] ns_uboot_boot
[2026/09/11 10:50:54] NOTICE:  BL31: v2.4(debug):f102f7cc7
[2026/09/11 10:50:54] NOTICE:  BL31: Built : 20:53:08, Jul 17 2026
[2026/09/11 10:50:54] INFO:    BL31: Initializing runtime services
[2026/09/11 10:50:54] INFO:    BL31: Initializing BL32
[2026/09/11 10:50:54] [TEE] TRIAL BOOT: 0
[2026/09/11 10:50:54] [DynRamlog] wait for configuring by tee driver
[2026/09/11 10:50:54] INFO:    BL31: Preparing for EL3 exit to normal world
[2026/09/11 10:50:54] INFO:    Entry point address = 0x20100010
[2026/09/11 10:50:54] ree_entry
[2026/09/11 10:50:54] Check WDT....
[2026/09/11 10:50:54] UBOOT_VERSION=0x00000000
[2026/09/11 10:50:54] U-Boot2019.04-g23c3f665-dirty (Aug 23 2026 - 20:57:54 +0800)
[2026/09/11 10:50:54] Model: MediaTek MT5896 RFB
[2026/09/11 10:50:54] DRAM:  3 GiB
[2026/09/11 10:50:54] MMC:   mtk-mmc-fcie@1c660000: 0
[2026/09/11 10:50:55] Loading Environment from EXT4...
[2026/09/11 10:50:55] OK
[2026/09/11 10:50:55] [0;31m[ERROR] get_data_sep
[2026/09/11 10:50:55] aration_info:254: [0m[data spr][start:1323][end:1332][total time:9]
[2026/09/11 10:50:55] [0;31m[ERROR] get_partition_info:394: [0mCan not find corresponding suffixed partition name:factory_preset_a !!!
[2026/09/11 10:50:55] [0;31m[ERROR] get_pid_from_preset_partition:1495: [0mError: sys_get_storage_info from factory_preset failure
[2026/09/11 10:50:55] [0;31m[ERROR] parse_tcl_ffvoice_l
[2026/09/11 10:50:55] ednum:1124: [0mdrive_item is not exist!
[2026/09/11 10:50:55] [0;31m[ERROR] parse_tcl_ffvoice_lednum:1144: [0muse default ffvoice lednum: 4!!!
[2026/09/11 10:50:55] [0;31m[ERROR] parse_tcl_led_stagespacetime:1019: [0mdrive_item is not exist!
[2026/09/11 10:50:55] [0;31m[ERROR] parse_tcl_led_stagespacetime:1039: [0muse default_ledstage: 0!!!
[2026/09/11 10:50:55] [0;31m[ERROR] parse_tcl_led_stagespacetime:1041: [0mset uenv led_stagespace : 0
[2026/09/11 10:50:55] device properties match:sid = "105"
[2026/09/11 10:50:55] [0;31m[ERROR] get_data_separation_info:270: [0mRead ini file success !
[2026/09/11 10:50:55] [0;31m[ERROR] To_parse_tcl_standby_qhb_support:234: [0mtcl_env_qhb = 0 or null or other,not support TCL  QHB
[2026/09/11 10:50:55] [0;31m[ERROR] dataindex_dtbo_overlay:644: [0m[DATAINDEX DTBO LOAD][start:1814][end:1902][total time:88]
[2026/09/11 10:50:55] Model: MediaTek MT5896 RFB
[2026/09/11 10:50:55] Net:
[2026/09/11 10:50:55] eth0: ethernet@1c700000
[2026/09/11 10:50:55] Booting(Working) pLedMode = LED_ON,pLightRate=80
[2026/09/11 10:50:55] slot:0 slot retry:0 a_corrupt:0 b_corrupt:0 successful:[1:0]
[2026/09/11 10:50:55] 00000000: 00 00 00 00 00 00 00 00 00 00 00 00 00 00 00 00    ................
[2026/09/11 10:50:55] 00000010: 00 00 00 00 00 00 00 00 00 00 00 00 00 00 00 00    ................
[2026/09/11 10:50:55] [0;31m[ERROR] get_boot_mode_from_partition:354: [0mdump  OK
[2026/09/11 10:50:55] androidboot boot reason = ac
[2026/09/11 10:50:55] Reboot reason == PM_BR_AC
[2026/09/11 10:50:55] upgrade status:done
[2026/09/11 10:50:55] [0;31m[ERROR] standby_mode_enter_standby:187: [0m[panic case]: no panic occur, normal deal
[2026/09/11 10:50:55] Normal booting mode!
[2026/09/11 10:50:55] [wei] mtk_panel_probe 991, PANEL LIB VER 5
[2026/09/11 10:50:55] [wei] BOOT_PNL_VERSION OLD
[2026/09/11 10:50:55] [0;31m[ERROR] standby_mode_enter_qhb:274: [0mThis PID   unsupport  TCL QHB !!!
[2026/09/11 10:50:56] [0;31m[ERROR] mtk_panel_init_device:998: [0m[BEFORE DEMURA][start:2140][end:2179][total time:39]
[2026/09/11 10:50:56] [0;31m[ERROR] mtk_panel_enable:1149: [0m
[2026/09/11 10:50:56] ---mtk_panel_enable:1149 Set mtk_panel_enable DelayTask 7
[2026/09/11 10:50:56] Hit any key to stop autoboot:  0
[2026/09/11 10:50:56] [0;31m[ERROR] do_check_upgrade_mode:216: [0mresolve path fail: /mnt/vendor/tvconfig/bsp/common/misc/upgrade_mode.ini
[2026/09/11 10:50:56] check_auto_update
[2026/09/11 10:50:56] seconds : 2
[2026/09/11 10:50:56] Ticking:
[2026/09/11 10:50:56] jpd_api: [ERR]
[2026/09/11 10:50:56] _MApi_NJPD_Decoder_PrintError: data loss error!!
[2026/09/11 10:50:56] jpd_api: [ERR] _MApi_NJPD_Decoder_PrintError: bitstream error!!
[2026/09/11 10:50:56] [0;31m[ERROR] mtk_jpd_decode:361: [0mJPEG decode failed!!
[2026/09/11 10:50:56] [0;31m[ERROR] standby_mode_enter_standby:187: [0m[panic case]: no panic occur, normal deal
[2026/09/11 10:50:56] Normal booting mode!
[2026/09/11 10:50:56] [0;31m[ERROR] get_panel_pwm_duty_info:2644: [0mRead ini file to DRAM failure
[2026/09/11 10:50:56] [0;31m[ERROR] Check_TSR_PMIC_Version:229: [0mThis PID   unsupport   TSR IC !!!
[2026/09/11 10:50:56] [0;31m[ERROR] _mtk_pnl_cust_backlight_i2c_init:2672: [0mRead subnode (backlight_i2c_info) FAIL
[2026/09/11 10:50:56] kfault cur reboot mode: 0x0
[2026/09/11 10:50:56] kfault tcllog size: 0x4000000
[2026/09/11 10:50:56] kfault io buf 0x5be22d40, size 0x400, pos 0x0, is_read 1, ret 0
[2026/09/11 10:50:56] kfault io buf 0x5be23150, size 0x2000, pos 0x400, is_read 1, ret 0
[2026/09/11 10:50:56] kfault io buf 0x5bd65ea0, size 0x1000, pos 0x37ff000, is_read 1, ret 0
[2026/09/11 10:50:56] normal boot, just do tmp dump
[2026/09/11 10:50:56] MMC write: dev # 0, block # 1480696, count 8 ...
[2026/09/11 10:50:56] 8 blocks
[2026/09/11 10:50:56] written: OK
[2026/09/11 10:50:56] kfault io buf 0x5bd65ea0, size 0x1000, pos 0x37ff000, is_read 0, ret 0
[2026/09/11 10:50:56] kfault_boot->log_num = 0
[2026/09/11 10:50:56] MMC write: dev # 0, block # 1366016, count 2 ... 2 blocks written: OK
[2026/09/11 10:50:56] kfault io buf 0x5be22d40, size 0x400, pos 0x0, is_read 0, ret 0
[2026/09/11 10:50:56] [0;31m[ERROR] standby_mode_enter_standby:187: [0m[panic case]: no panic occur, normal deal
[2026/09/11 10:50:56] Normal booting mode!
[2026/09/11 10:50:56] upgradecheck - upgrade mode check command
[2026/09/11 10:50:56] Usage:
[2026/09/11 10:50:56] upgradecheck command: upgradecheck
[2026/09/11 10:50:56] retry_count: 0
[2026/09/11 10:50:56] ## Android Verified Boot 2.0 version 1.1.0
[2026/09/11 10:50:56] Disable Flash Update Mode
[2026/09/11 10:50:57] Verification passed successfully
[2026/09/11 10:50:57] Boot state is: Green !
[2026/09/11 10:50:57] Kernel load addr 0x26000000 size 41887 KiB
[2026/09/11 10:50:57] RAM disk load addr 0x01000000 size 2039 KiB
[2026/09/11 10:50:57] [0;31m[ERROR] bootargs_append:2318: [0mset cfg is androidboot.device_name=G08 androidboot.series=X androidboot.product=C6K androidboot.product_name=G08_4K_GB androidboot.client_type=TCL-AP-MT9653-S1 androidboot.model_name=Smart*TV*Pro androidboot.code_name=AU04 androidboot.ecid=21000000 androidboot.tcl_brand=TCL androidboot.manufacturer=TCL androidboot.oem_tag=AP androidboot.certify=unknown androidboot.extension=TCL_QDMINI_4K androidboot.extension_res=unknown androidboot.extension_db=unknown
[2026/09/11 10:50:57] [0;31m[ERROR] bootargs_append:2318: [0mset cfg is androidboot.pid=26880
[2026/09/11 10:50:57] device properties match:sid = "105"
[2026/09/11 10:50:57] [0;31m[ERROR] set_crashkernel_rsvmem:2278: [0mError: Read kdump file to Dram failed
[2026/09/11 10:50:57] do_tcl_crashkernel - tcl_crashkernel
[2026/09/11 10:50:57] Usage:
[2026/09/11 10:50:57] do_tcl_crashkernel command: set reserved memory for crashkernel
[2026/09/11 10:50:57] Loading Kernel Image ... OK
[2026/09/11 10:50:57] Loading Ramdisk to 29f09000, end 2bdff751 ... OK
[2026/09/11 10:50:57] Loading Device Tree to 000000002c4e1000, end 000000002c5ff9bb ... OK
[2026/09/11 10:50:57] [0;31m[ERROR] dataindex_dtbo_overlay:644: [0m[DATAINDEX DTBO LOAD][start:3817][end:3934][total time:117]
[2026/09/11 10:50:57] [0;31m[ERROR] standby_mode_enter_qhb:274: [0mThis PID   unsupport  TCL QHB !!!
[2026/09/11 10:50:57] [AutoTest][mboot][start kernel][3998]
[2026/09/11 10:50:57] Starting kernel ...
[2026/09/11 10:50:57] kfault io buf 0x5beaa110, size 0x28, pos 0x400, is_read 1, ret 0
[2026/09/11 10:50:57] last status:0x0
[2026/09/11 10:50:57] MMC write: dev # 0, block # 1480632, count 7 ...
[2026/09/11 10:50:57] 7 blocks written: OK
[2026/09/11 10:50:57] MMC write: dev # 0, block # 1480639, count 1 ...
[2026/09/11 10:50:57] 1 blocks written: OK
[2026/09/11 10:50:57] kfault io buf 0x5be51230, size 0xf26, pos 0x37f7000, is_read 0, ret 0
[2026/09/11 10:50:57] MMC write: dev # 0, block # 1366018, count 1 ...
[2026/09/11 10:50:58] 1 blocks written: OK
[2026/09/11 10:50:58] kfault io buf 0x5bd55050, size 0x28, pos 0x400, is_read 0, ret 0
[2026/09/11 10:50:58] WARNING: Unimple
[2026/09/11 10:50:58] mented Standard Service Call: 0x84000050
[2026/09/11 10:50:58] [    0.323129][    T1] clk_mt5896: w
[2026/09/11 10:50:58] e have : PM
[2026/09/11 10:50:58] [    0.323151][    T1] clk_mt5896: we have : NONPM
[2026/09/11 10:50:58] [Ramlog] tee_config_dyn_ramlog_by_cookie is success
[2026/09/11 10:50:58] [    0.472854][    T1] [K][EFUSE]mtk_efuse_init() ----- START
[2026/09/11 10:50:58] [    0.478511][    T1] [K][EFUSE]mtk_efuse_init() ----> OK
[2026/09/11 10:50:58] [    0.490965][    T1] ir set ir_arm_en to 1.
[2026/09/11 10:50:58] [    0.495181][    T1] ir get boot status 2.
[2026/09/11 10:50:58] [    0.499209][    T1] ir set boot status to 3.
[2026/09/11 10:50:58] [    0.503534][    T1] ir get key 65535.
[2026/09/11 10:50:58] [    0.507204][    T1] mtk-ir 1c080000.ir_in: ir probe done.
[2026/09/11 10:50:58] [    0.518982][    T1] [0][0][0]
[2026/09/11 10:50:58] [    0.529809][    T1] add null memory dma_heap with name mtk_nullmem_1
[2026/09/11 10:50:58] [    0.536178][    T1]     range from 0x3000000 to 0x13000000
[2026/09/11 10:50:58] [    0.536178][    T1]
[2026/09/11 10:50:58] [    0.536178][    T1]
[2026/09/11 10:50:58] [    0.569969][    T1] we have : seal
[2026/09/11 10:50:58] [    0.649808][   T67] mtk_mci 1c660000.mtk-mmc-fcie: [ mtk_fcie_set_ios() Ln.4351 ]
[2026/09/11 10:50:58] [    0.657471][   T67] mtk_mci 1c660000.mtk-mmc-fcie: Ld HS400ES
[2026/09/11 10:50:58] [    0.665635][   T67] mtk_mci 1c660000.mtk-mmc-fcie: eMMC: HS400 5.1 200MHz
[2026/09/11 10:50:58] [    0.672463][    T1] [Alg Debug] MApi_PQ_CLI_CFD_Init sucess!!
[2026/09/11 10:50:58] [    0.672772][   T67] mtk_mci 1c660000.mtk-mmc-fcie: eMMC: HS400 5.1 200MHz
[2026/09/11 10:50:58] [    0.689313][    T1] lizw pp 1
[2026/09/11 10:50:58] [    0
[2026/09/11 10:50:58] .700017][    T1] ux_thread: uxthread_init done!
[2026/09/11 10:50:58] [    0.705651][    T1] tcl_action_monitor: kfault kernel timeout init
[2026/09/11 10:51:00] [    1.829838][  T122] tcl_action_monitor: kfault stop kernel init timeout
[2026/09/11 10:51:00] console:/ $
[2026/09/11 10:51:01] [0;32;31m [ramlog] tee_get_ramlog_config 586 [m
[2026/09/11 10:51:01] [ramlog] Chip ID: 27 f3 04 f5 fd 0b 95 c5 8d 04 00 00
[2026/09/11 10:51:01] [ramlog] TEE log is not enabled (I2C mode:1)
[2026/09/11 10:51:02] [    4.678208][  T322] mtk_and: line 0
[2026/09/11 10:51:02] : glide-disk-cach%com.google.android.apps.tv.launcherx=S:N-20
[2026/09/11 10:51:02] [    4.687073][  T322] mtk_and: line 1: animation%com.netflix.ninja=S:N-10
[2026/09/11 10:51:02] [    4.693743][  T322] mtk_and: line 2: Thread-17%com.amazon.amazonvideo.livingroom=S:R1
[2026/09/11 10:51:02] [    4.701592][  T322] mtk_and: line 3: Thread-18%com.amazon.amazonvideo.livingroom=S:R1
[2026/09/11 10:51:03] [    5.044576][  T122] mtu3 1c7a3e00.usb: ssusb clock enable
[2026/09/11 10:51:03] [    5.065618][  T122] mtu3 1c1b3e00.usb: ssusb clock enable
[2026/09/11 10:51:03] Info: get MI daemon priority before System Init: [-20]
[2026/09/11 10:51:03] [mi_daemon]!!!Enter MI daemon prcoess!! start time =5134
[2026/09/11 10:51:03] [mi_daemon][HASHKEY]{_Bin_Hashkey_Init,692} ----- START not bGingaSupported
[2026/09/11 10:51:03] [mi_daemon][HASHKEY]{_Bin_Hashkey_Init,697} ----- START
[2026/09/11 10:51:03] [m
[2026/09/11 10:51:03] i_daemon][HASHKEY]{_getPathFromDataIndex,620} pszFilePath:/tclconfig/hardware/param/soc/dataIndex_00_WW_4K60_VbyOne.ini
[2026/09/11 10:51:03] Cannot get key 'HASHKEY:hashkey_file' in dataIndex file /tclconfig/hardware/param/soc/dataIndex_00_WW_4K60_VbyOne.ini
[2026/09/11 10:51:03] [IPAUTH][HASHKEY]{MApi_IPAUTH_Init_by_bin,580} (iBinSize:306)
[2026/09/11 10:51:03] [IPAUTH]{_IPAUTH_ReadDebugFile,308} ----- START
[2026/09/11 10:51:03] [IPAUTH]{_IPAUTH_ReadDebugFile,317} Debug file is not exist~(/data/vendor/ipauth_debug.txt)
[2026/09/11 10:51:03] [IPAUTH][HASHKEY]{MApi_IPAUTH_Init_by_bin,631} u16CustomerId:0x19
[2026/09/11 10:51:03] [IPAUTH][HASHKEY]{MApi_IPAUTH_Init_by_bin,693} u16HashkeyChipId:0x10D
[2026/09/11 10:51:03] [IPAUTH][HASHKEY]{_IPAUTH_HASHKEY_Verify,406} call HASHKEY_Verify()
[2026/09/11 10:51:03] [IPAUTH][HASHKEY]{_IPAUTH_HASHKEY_Verify,408} HASHKEY_Verify() return 0
[2026/09/11 10:51:03] [IPAUTH][HASHKEY]{MApi_IPAUTH_Init_by_bin,750} set _u8_hashkey_verify_result=OK
[2026/09/11 10:51:03] [IPAUTH][HASHKEY]{_IPAUTH_HASHKEY_set_BinDataToKernel,503} (u32Para1:1, pu8BinBuf:0xFF905A50, u32BufSize:306)
[2026/09/11 10:51:03] [IPAUTH][HASHKEY]{_IPAUTH_HASHKEY_set_BinDataToKernel,523} cmd:0x8791, u32_para_1:0x1, u32BufSize_in:306
[2026/09/11 10:51:03] [mi_daemon]!!!Enter MI daemon flow time=5134!!
[2026/09/11 10:51:03] [mi_daemon]{_MI_SYS_Init,809} _MI_SYS_Init() ----- START
[2026/09/11 10:51:03] !!!MI daemon prcoess start! MI daemon cost time=151!!!
[2026/09/11 10:51:03] Info: get MI daemon priority after Module Init: [0]
[2026/09/11 10:51:04] [    6.250890][  T122] realtime_framework_init is invoked
[2026/09/11 10:51:04] [    6.256161][  T122] realtime_module_init [538], REALTIME_UID=2941
[2026/09/11 10:51:04] [    6.273549][  T407] tcl_vdf: vdf_send_t
[2026/09/11 10:51:04] ask run..
[2026/09/11 10:51:04] modprobe: alias lines in modules.alias must have 3 entries, not 5
[2026/09/11 10:51:04] modprobe: alias lines in modules.alias must have 3 entries, not 5
[2026/09/11 10:51:04] modprobe: alias lines in modules.alias must have 3 entries, not 4
[2026/09/11 10:51:04] modprobe: alias lines in modules.alias must have 3 entries, not 7
[2026/09/11 10:51:04] modprobe: alias lines in modules.alias must have 3 entries, not 5
[2026/09/11 10:51:04] modprobe: alias lines in modules.alias must have 3 entries, not 4
[2026/09/11 10:51:04] modprobe: alias lines in modules.alias must have 3 entries, not 4
[2026/09/11 10:51:04] modprobe: alias lines in modules.alias must have 3 entries, not 6
[2026/09/11 10:51:04] modprobe: alias lines in modules.alias must have 3 entries, not 5
[2026/09/11 10:51:04] modprobe: alias lines in modules.alias must have 3 entries, not 5
[2026/09/11 10:51:04] modprobe: alias lines in modules.alias must have 3 entries, not 4
[2026/09/11 10:51:04] modprobe: alias lines in modules.alias must have 3 entries, not 5
[2026/09/11 10:51:04] modprobe: alias lines in modules.alias must have 3 entries, not 5
[2026/09/11 10:51:04] modprobe: alias lines in modules.alias must have 3 entries, not 5
[2026/09/11 10:51:04] modprobe: alias lines in modules.alias must have 3 entries, not 6
[2026/09/11 10:51:04] modprobe: alias lines in modules.alias must have 3 entries, not 5
[2026/09/11 10:51:04] modprobe: alias lines in modules.alias must have 3 entries, not 4
[2026/09/11 10:51:04] Loading module /vendor/lib/modules/spi-mtkdtv-ci.ko with args ''
[2026/09/11 10:51:04] Loaded kernel module /vendor/lib/modules/spi-mtkdtv-ci.ko
[2026/09/11 10:51:04] [
[2026/09/11 10:51:04] 6.624954][  T413] [austin_demod_dd][demod_probe] name = [austin_demod]
[2026/09/11 10:51:04] [    6.631754][  T413] [demod_probe][120] austin_dev->client->addr = 0x79
[2026/09/11 10:51:04] [    6.638524][  T413] [austin_chk_exist][74] ret -121, --- 0 9 3 2
[2026/09/11 10:51:04] [    6.702660][  T413] [mdbg
[2026/09/11 10:51:04] in_merak_demod_dd][mtk_demod_custom_file_open][2503] __entry__
[2026/09/11 10:51:04] [    6.710694][  T413] [mtk_demod_custom_file_open][2542] CUSTOM_EQ_TYPE7
[2026/09/11 10:51:04] [    6.717403][  T413] [mtk_demod_custom_file_open][2554] custom file open fail !
[2026/09/11 10:51:04] [    6.724773][  T413] 1ce00000.mtk-demod is already registered, pass it
[2026/09/11 10:51:05] [    7.156043][  T411]
[2026/09/11 10:51:05] drv_hwreg_srccap_hdmirx_attach b_attach = 1
[2026/09/11 10:51:05] [    7.156046][  T411] drv_hwreg_srccap_hdmirx_attach size = 1
[2026/09/11 10:51:05] [    7.162717][  T411] hal_hwreg_srccap_hdmirx_ops_array[0].hw_version = 6
[2026/09/11 10:51:05] [    7.176587][  T411] u32_addr_min = eb00
[2026/09/11 10:51:05] [    7.180541][  T411] u32_addr_max = ebf0
[2026/09/11 10:51:05] modprobe: alias l
[2026/09/11 10:51:05] ines in modules.alias must have 3 entries, not 5
[2026/09/11 10:51:05] modprobe: alias lines in modules.alias must have 3 entries, not 5
[2026/09/11 10:51:05] modprobe: alias lines in modules.alias must have 3 entries, not 4
[2026/09/11 10:51:05] modprobe: alias lines in modules.alias must have 3 entries, not 7
[2026/09/11 10:51:05] modprobe: alias lines in modules.alias must have 3 entries, not 5
[2026/09/11 10:51:05] modprobe: alias lines in modules.alias must have 3 entries, not 4
[2026/09/11 10:51:05] modprobe: alias lines in modules.alias must have 3 entries, no[    7.316957][  T122] kallsyms_lookup_name with kp ffffffc00822d4dc,ret=0
[2026/09/11 10:51:05] t 4
[2026/09/11 10:51:05] modprobe: a[    7.325338][  T122] stall_debug: chip id 0
[2026/09/11 10:51:05] lias lines in modules.alias must[    7.331326][  T122] stall_debug: hook sysrq-c OK
[2026/09/11 10:51:05] have 3 entries,[    7.337272][  T163] current tty: ttyS0, irq: 22
[2026/09/11 10:51:05] not 6
[2026/09/11 10:51:05] modprobe[    7.337876][  T122] stall_debug: alloc 1000 memory ok
[2026/09/11 10:51:05] : alias lines in modules.alias must have 3 entries, not 5
[2026/09/11 10:51:05] modprobe: alias lines in modules.alias must have 3 entries, not 5
[2026/09/11 10:51:05] modprobe: alias lines in modules.alias must have 3 entries, not 4
[2026/09/11 10:51:05] modprobe: alias lines in modules.alias must have 3 entries, not 5
[2026/09/11 10:51:05] modprobe: alias lines in modules.alias must have 3 entries, not 5
[2026/09/11 10:51:05] modprobe: alias lines in modules.alias must have 3 entries, not 5
[2026/09/11 10:51:05] modprobe: alias lines in modules.alias must have 3 entries, not 6
[2026/09/11 10:51:05] mod[    7.393838][  T477] stall_debug: rd_pid_max is 32768
[2026/09/11 10:51:05] probe: alias lin[    7.399481][  T477] stall_debug: ptr_task_scs=ffffffc00d802000,size=40000
[2026/09/11 10:51:05] es in modules.alias must have 3 entries, not 5
[2026/09/11 10:51:05] modprobe: alias [    7.411931][  T122] kallsyms_lookup_name with kp ffffffc00822d4dc,ret=0
[2026/09/11 10:51:05] lines in modules.alias must have 3 entries, not 4
[2026/09/11 10:51:05] Loading module /vendor/lib/modules/mtktv-regulator-mt5876.ko with args ''
[2026/09/11 10:51:05] Loaded kernel module /vendor/lib/modules/mtktv-regulator-mt5876.ko
[2026/09/11 10:51:05] Loading module /vendor/lib/modules/mtktv-thermal.ko with args ''
[2026/09/11 10:51:05] Loading module /vendor/lib/modules/mtktv-cpufreq-ca.ko with args ''
[2026/09/11 10:51:05] Loaded kernel module /vendor/lib/modules/mtktv-cpufreq-ca.ko
[2026/09/11 10:51:05] Loading m[    7.457149][  T122] kallsyms_lookup_name with kp ffffffc00822d4dc,ret=0
[2026/09/11 10:51:05] odule /vendor/lib/modules/mtktv-cpufreq.ko with [    7.467283][  T122] die_helper: log_buf is from ffffffc00a8f0060,len 20000
[2026/09/11 10:51:05] args ''
[2026/09/11 10:51:05] Loaded [    7.475648][  T122] die_helper: log_buf pa is from 0x00000000288f0060,len 20000
[2026/09/11 10:51:05] kernel module /vendor/lib/modules/mtktv-cpufreq.ko
[2026/09/11 10:51:05] Loading module /vendor/lib/modules/mtk-dramc.ko with args ''
[2026/09/11 10:51:05] Loading module[    7.490492][  T163] current tty: ttyS0, irq: 22
[2026/09/11 10:51:05] /vendor/lib/modules/mtk-mediator.ko with args ''
[2026/09/11 10:51:05] Loading module /vendor/lib/mo[    7.505505][  T477] stall_debug: enable ip record by scs OK
[2026/09/11 10:51:05] dules/cpu-freq-adapter.ko with args ''
[2026/09/11 10:51:05] Loaded kernel module /vendor/lib/modules/cpu-freq-adapter.ko
[2026/09/11 10:51:05] Loading module /vendor/lib/modules/mtktv-gpu-thermal.ko with args ''
[2026/09/11 10:51:05] Loaded kernel module /vendor/lib/modules/mtktv-gpu-thermal.ko
[2026/09/11 10:51:06] [
[2026/09/11 10:51:06] 8.712339][  T625] watchdog: watchdog0: watchdog did not stop!
[2026/09/11 10:51:07] [    9.015186][  T674] watchdog: watchdog0: watchdog did not stop!
[2026/09/11 10:51:07] CPU_AUDIO is running!
[2026/09/11 10:51:07] [9433344][_cpuAud
[2026/09/11 10:51:07] io_ALSA_Driver_GetCardInfo][198]to open /proc/asound/cards
[2026/09/11 10:51:07] [9433599][_cpuAudio_ALSA_Driver_GetCardInfo][225]Available Sound Cards:[
[2026/09/11 10:51:07] 0 [mtktvsndcard   ]: mtk-tvsnd-card - mtk-tvsnd-card
[2026/09/11 10:51:07] MTK-TV-SOUND-ASOC-AUDIO-DRV
[2026/09/11 10:51:07] 1 [Loopback       ]: Loopback - Loopback
[2026/09/11 10:51:07] Loopback 1
[2026/09/11 10:51:07] 2 [mtkaloopsndcard]: mtkaloopsndcard - mtkaloopsndcard
[2026/09/11 10:51:07] mtkaloopsndcard 1
[2026/09/11 10:51:07] 3 [vocsndcard     ]: vocsndcard - vocsndcard
[2026/09/11 10:51:07] vocsndcard 1
[2026/09/11 10:51:07] ]
[2026/09/11 10:51:07] [9438053][_cpuAudio_ALSA_Driver_GetCardInfo][239]index of mtktvsndcard : 0
[2026/09/11 10:51:07] [9438064][_cpuAudio_ALSA_Driver_GetCardInfo][254]mtktvsndcard : /dev/snd/controlC0
[2026/09/11 10:51:07] [9438093][_cpuAudio_ALSA_Driver_GetCardInfo][273]close /proc/asound/cards done
[2026/09/11 10:51:07] [9438210][_cpuAudio_ALSA_Driver_GetKcontolId][400]pKControl:Utopia controls,fd:3,elist.count:40
[2026/09/11 10:51:07] [9438224][_cpuAudio_ALSA_Driver_GetKcontolId][403]MM RATE
[2026/09/11 10:51:07] [9438230][_cpuAudio_ALSA_Driver_GetKcontolId][403]MM GET PB [    9.518207][  T736] [mzc] init done
[2026/09/11 10:51:07] BUF LEVEL
[2026/09/11 10:51:07] [9438235][_cpuAudio_ALSA_Driver_GetKcontolId][403]MM GET CAP BUF LEVEL
[2026/09/11 10:51:07] [9438240][_cpuAudio_ALSA_Driver_GetKcontolId][403]Duplex mm controls
[2026/09/11 10:51:07] [9438245][_cpuAudio_ALSA_Driver_GetKcontolId][403]Capture MUTE EVENT
[2026/09/11 10:51:07] [9438250][_cpuAudio_ALSA_Driver_GetKcontolId][403]Capture NONPCM EVENT
[2026/09/11 10:51:07] [9438255][_cpuAudio_ALSA_Driver_GetKcontolId][403]Capture NONPCM FLAG
[2026/09/11 10:51:07] [9438260][_cpuAudio_ALSA_Driver_GetKcontolId][403]Capture FASTLOCK MODE
[2026/09/11 10:51:07] [9438264][_cpuAudio_ALSA_Driver_GetKcontolId][403]Capture TIMESTAMP
[2026/09/11 10:51:07] [9438269][_cpuAudio_ALSA_Driver_GetKcontolId][403]Capture controls
[2026/09/11 10:51:07] [9438274][_cpuAudio_ALSA_Driver_GetKcontolId][403]DSP Reload
[2026/09/11 10:51:07] [9438279][_cpuAudio_ALSA_Driver_GetKcontolId][403]Utopia controls
[2026/09/11 10:51:07] [9438284][_cpuAudio_ALSA_Driver_GetKcontolId][407]got Kcontrol[Utopia controls] at id[12]
[2026/09/11 10:51:07] [9438309][cpuAudio_ALSA_Driver_Init][690]Audio memory size(0x2E57000) phyAudioBase(0x200000) busAudioBase(0x20200000)
[2026/09/11 10:51:07] [9438317][_cpuAudio_ALSA_Driver_InitPcmDevice][301]Opening PCM device node=0/2, period=11863/1024, format=2/48000/0
[2026/09/11 10:51:07] [9439009][cpuAudio_ALSA_Driver_Init][701]phyAudioBase(0x200000) => UserVirtualAddr(0xf03a9000)
[2026/09/11 10:51:07] [9449128][cpuAudio_getInfo][562][1;35m cpuAudio[Info](thread-name:)(pid:0)(tid:0) [0m
[2026/09/11 10:51:07] [9449173][cpuAudio_getInfo][566][1;35m cpuAudio[decR2:0x2396,sndR2:0xd264][Version](0x20) [0m
[2026/09/11 10:51:07] [cpuAudio_createPostprocessMonitorThread][370]armAudio_postprocessrMonitor_ver: 0xff20 thread created successfully
[2026/09/11 10:51:07] [cpuAudio_postprocess_init][16] dec_base(f03a9000) DEC_R2_SHM_DDR_OFFSET(0x1911000) snd_base(f1569000) SND_R2_SHM_DDR_OFFSET(0x753000) p_decR2_shm(0xf1cba000) p_sndR2_shm(0xf1cbc000)
[2026/09/11 10:51:07] [1;35m [cpuAudioPostProcess_main][327]Enter while(1) loop. [0m
[2026/09/11 10:51:08] [   10.005496][  T490] ir set boot status to 5.
[2026/09/11 10:51:08] [   10.3862
[2026/09/11 10:51:08] 14][  T527] PowerHAL: [AT][AN][DC finish boot]
[2026/09/11 10:51:10] factory auto test l
[2026/09/11 10:51:10] oop start
[2026/09/11 10:51:10]  
[2026/09/11 10:51:19] 发送(hex): aa061001a7ef
[2026/09/11 10:51:19] «
[2026/09/11 10:51:19] ßN
[2026/09/11 10:51:20] 发送(hex): aa06110194de
[2026/09/11 10:51:22] «
[2026/09/11 10:51:22] ßN
[2026/09/11 10:51:43] 发送(hex): aa06840063e1
[2026/09/11 10:51:43] «
[2026/09/11 10:51:43] ßN«j ²ñ
[2026/09/11 10:51:47] UART
[2026/09/11 10:51:47] <.
[2026/09/11 10:51:47] AC_ON
[2026/09/11 10:51:47] HASH1_VERSION=0x00000000 64bit
[2026/09/11 10:51:47] E-A
[2026/09/11 10:51:47] [ETT_Main] Clock MPLL Init
[2026/09/11 10:51:47] [ETT_Main]MIU_ver 20260417-11996427-OneBin-V20.4-RefineWDTNew
[2026/09/11 10:51:47] [DRAMC] AC ON-0
[2026/09/11 10:51:47] [FAST_K]
[2026/09/11 10:51:47] [MOBF] Gen SW key
[2026/09/11 10:51:47] CH0 DramsizeFlag_CH0 DUMMY_REG = 0x1
[2026/09/11 10:51:47] dramc_channel0 restore dramsize_flag = 0x1
[2026/09/11 10:51:47] [FAST_K]
[2026/09/11 10:51:47] CH2 DramsizeFlag_CH2 DUMMY_REG = 0x0
[2026/09/11 10:51:47] dramc_channel2 restore dramsize_flag = 0x0
[2026/09/11 10:51:47] dispatch to 1 EMI 2 CH
[2026/09/11 10:51:47] MIUP set area: 3GB
[2026/09/11 10:51:47] EMI bist: [32mM0 pass[0m
[2026/09/11 10:51:47] EMI bist: [32mM2 pass[0m
[2026/09/11 10:51:47] fake engine: [32mpass[00000000][0m
[2026/09/11 10:51:47] fake engine: [32mpass[00000001][0m
[2026/09/11 10:51:47] u4dram_info=0x2406
[2026/09/11 10:51:47] TEELOADER_VERSION=0x00000000
[2026/09/11 10:51:47] optee teeloader entry
[2026/09/11 10:51:47] MultiOptee image detected
[2026/09/11 10:51:47] , ModelID=17B06E0B
[2026/09/11 10:51:47] MultiOptee image detected, ModelID=17B06E0B
[2026/09/11 10:51:47] CusConfig
[2026/09/11 10:51:47] ARMFW_VERSION=0x00000000
[2026/09/11 10:51:47] OPTEE_VERSION=0x00000000
[2026/09/11 10:51:47] OPTEECUST_VERSION=0x00000000
[2026/09/11 10:51:47] REELOADER_VERSION=0x00000000
[2026/09/11 10:51:47] ns_uboot_boot
[2026/09/11 10:51:47] NOTICE:  BL31: v2.4(debug):f102f7cc7
[2026/09/11 10:51:47] NOTICE:  BL31: Built : 20:53:08, Jul 17 2026
[2026/09/11 10:51:47] INFO:    BL31: Initializing runtime services
[2026/09/11 10:51:47] INFO:    BL31: Initializing BL32
[2026/09/11 10:51:47] [TEE] TRIAL BOOT: 0
[2026/09/11 10:51:47] [DynRamlog] wait for configuring by tee driver
[2026/09/11 10:51:47] I
[2026/09/11 10:51:47] NFO:    BL31: Preparing for EL3 exit to normal world
[2026/09/11 10:51:47] INFO:    Entry point address = 0x20100010
[2026/09/11 10:51:47] ree_entry
[2026/09/11 10:51:47] Check WDT....
[2026/09/11 10:51:47] UBOOT_VERSION=0x00000000
[2026/09/11 10:51:48] U-Boot2019.04-g23c3f665-dirty (Aug 23 2026 - 20:57:54 +0800)
[2026/09/11 10:51:48] Model: MediaTek MT5896 RFB
[2026/09/11 10:51:48] DRAM:  3 GiB
[2026/09/11 10:51:48] MMC:   mtk-mmc-fcie@1c660000: 0
[2026/09/11 10:51:48] Loading Environment fr
[2026/09/11 10:51:48] om EXT4... OK
[2026/09/11 10:51:48] [0;31m[ERROR] g
[2026/09/11 10:51:48] et_data_separation_info:254: [0m[data spr][start:1304][end:1312][total time:8]
[2026/09/11 10:51:48] [0;31m[ERROR] get_partition_info:394: [0mCan not find corresponding suffixed partition name:factory_preset_a !!!
[2026/09/11 10:51:48] [0;31m[ERROR] get_pid_from_preset_partition:1495: [0mError: sys_get_storage_info from factory_preset failure
[2026/09/11 10:51:48] [0;31m[ERROR] parse_tcl_ffvoice_lednum:1124: [0mdrive_item is not exist!
[2026/09/11 10:51:48] [0;31m[ERROR] parse_tcl_ffvoice_lednum:1144: [0muse default ffvoice lednum: 4!!!
[2026/09/11 10:51:48] [0;31m[ERROR] parse_tcl_led_stagespacetime:1019: [0mdrive_item is not exist!
[2026/09/11 10:51:48] [0;31m[ERROR] parse_tcl_led_stagespacetime:1039: [0muse default_ledstage: 0!!!
[2026/09/11 10:51:48] [0;31m[ERROR] parse_tcl_led_stagespacetime:1041: [0mset uenv led_stagespace : 0
[2026/09/11 10:51:48] device properties match:sid = "106"
[2026/09/11 10:51:48] [0;31m[ERROR] get_data_separation_info:270: [0mRead ini file success !
[2026/09/11 10:51:48] [0;31m[ERROR] To_parse_tcl_standby_qhb_support:234: [0mtcl_env_qhb = 0 or null or other,not support TCL  QHB
[2026/09/11 10:51:49] [0;31m[ERROR] dataindex_dtbo_overlay:644: [0m[DATAINDEX DTBO LOAD][start:1803][end:1893][total time:90]
[2026/09/11 10:51:49] Model: MediaTek MT5896 RFB
[2026/09/11 10:51:49] Net:
[2026/09/11 10:51:49] eth0: ethernet@1c700000
[2026/09/11 10:51:49] Booting(Working) pLedMode = LED_ON,pLightRate=80
[2026/09/11 10:51:49] slot:0 slot retry:0 a_corrupt:0 b_corrupt:0 successful:[1:0]
[2026/09/11 10:51:49] 00000000: 00 00 00 00 00 00 00 00 00 00 00 00 00 00 00 00    ................
[2026/09/11 10:51:49] 00000010: 00 00 00 00 00 00 00 00 00 00 00 00 00 00 00 00    ................
[2026/09/11 10:51:49] [0;31m[ERROR] get_boot_mode_from_partition:354: [0mdump  OK
[2026/09/11 10:51:49] androidboot boot reason = ac
[2026/09/11 10:51:49] Reboot reason == PM_BR_AC
[2026/09/11 10:51:49] upgrade status:done
[2026/09/11 10:51:49] [0;31m[ERROR] standby_mode_enter_standby:187: [0m[panic case]: no panic occur, normal deal
[2026/09/11 10:51:49] Normal booting mode!
[2026/09/11 10:51:49] [wei] mtk_panel_probe 991, PANEL LIB VER 5
[2026/09/11 10:51:49] [wei] BOOT_PNL_VERSION OLD
[2026/09/11 10:51:49] [0;31m[ERROR] standby_mode_enter_qhb:274: [0mThis PID   unsupport  TCL QHB !!!
[2026/09/11 10:51:49] [0;31m[ERROR] mtk_panel_init_device:998: [0m[BEFORE DEMURA][start:2131][end:2170][total time:39]
[2026/09/11 10:51:49] [0;31m[ERROR] mtk_panel_enable:1149: [0m
[2026/09/11 10:51:49] ---mtk_panel_enable:1149 Set mtk_panel_enable DelayTask 7
[2026/09/11 10:51:49] Hit any key to stop autoboot:  0
[2026/09/11 10:51:49] [0;31m[ERROR] do_check_upgrade_mode:216: [0mresolve path fail: /mnt/vendor/tvconfig/bsp/common/misc/upgrade_mode.ini
[2026/09/11 10:51:49] check_auto_update
[2026/09/11 10:51:49] seconds : 2
[2026/09/11 10:51:49] Ticking:
[2026/09/11 10:51:49] jp
[2026/09/11 10:51:49] d_api: [ERR] _MApi_NJPD_Decoder_PrintError: data loss error!!
[2026/09/11 10:51:49] jpd_api: [ERR] _MApi_NJPD_Decoder_PrintError: bitstream error!!
[2026/09/11 10:51:49] [0;31m[ERROR] mtk_jpd_decode:361: [0mJPEG decode failed!!
[2026/09/11 10:51:49] [0;
[2026/09/11 10:51:49] 31m[ERROR] standby_mode_enter_standby:187: [0m[panic case]: no panic occur, normal deal
[2026/09/11 10:51:49] Normal booting mode!
[2026/09/11 10:51:49] [0
[2026/09/11 10:51:49] ;31m[ERROR] get_panel_pwm_duty_info:2644: [0mRead ini file to DRAM failure
[2026/09/11 10:51:49] [0;31m[ERROR] Check_TSR_PMIC_Version:229: [0mThis PID   unsupport   TSR IC !!!
[2026/09/11 10:51:49] [0;31m[ERROR] _mtk_pnl_cust_backlight_i2c_init:2672: [0mRead subnode (backlight_i2c_info) FAIL
[2026/09/11 10:51:49] kfault cur reboot mode: 0x0
[2026/09/11 10:51:49] kfault tcllog size: 0x4000000
[2026/09/11 10:51:49] kfault io buf 0x5be22d40, size 0x400, pos 0x0, is_read 1, ret 0
[2026/09/11 10:51:49] kfault io buf 0x5be23150, size 0x2000, pos 0x400, is_read 1, ret 0
[2026/09/11 10:51:49] kfault io buf 0x5bd65ea0, size 0x1000, pos 0x37ff000, is_read 1, ret 0
[2026/09/11 10:51:49] normal boot, just do tmp dump
[2026/09/11 10:51:49] MMC write: dev # 0, block # 1480696, count 8 ...
[2026/09/11 10:51:49] 8 blocks written: OK
[2026/09/11 10:51:49] kfault io buf 0x5bd65ea0, size 0x1000, pos 0x37ff000, is_read 0, ret 0
[2026/09/11 10:51:49] kfault_boot->log_num = 0
[2026/09/11 10:51:49] MMC write: dev # 0, block # 1366016, count 2 ... 2 blocks written: OK
[2026/09/11 10:51:49] kfault io buf 0x5be22d40, size 0x400, pos 0x0, is_read 0, ret 0
[2026/09/11 10:51:49] [0;31m[ERROR] standby_mode_enter_standby:187: [0m[panic case]: no panic occur, normal deal
[2026/09/11 10:51:49] Normal booting mode!
[2026/09/11 10:51:49] upgradecheck - upgrade mode check command
[2026/09/11 10:51:49] Usage:
[2026/09/11 10:51:49] upgradecheck command: upgradecheck
[2026/09/11 10:51:49] retry_count: 0
[2026/09/11 10:51:49] ## Android Verified Boot 2.0 version 1.1.0
[2026/09/11 10:51:49] Disable Flash Update Mode
[2026/09/11 10:51:50] Verification passed successfully
[2026/09/11 10:51:50] Boot state is: Green !
[2026/09/11 10:51:50] Kernel load addr 0x26000000 size 41887 KiB
[2026/09/11 10:51:50] RAM disk load addr 0x01000000 size 2039 KiB
[2026/09/11 10:51:50] [0;31m[ERROR] bootargs_append:2318: [0mset cfg is androidboot.device_name=G08 androidboot.series=X androidboot.product=C7K androidboot.product_name=G08_4K_GB androidboot.client_type=TCL-AP-MT9653-S1 androidboot.model_name=Smart*TV*Pro androidboot.code_name=AU04 androidboot.ecid=21000000 androidboot.tcl_brand=TCL androidboot.manufacturer=TCL androidboot.oem_tag=AP androidboot.certify=unknown androidboot.extension=TCL_QDMINI_4K androidboot.extension_res=unknown androidboot.extension_db=unknown
[2026/09/11 10:51:50] [0;31m[ERROR] bootargs_append:2318: [0mset cfg is androidboot.pid=27136
[2026/09/11 10:51:50] device properties match:sid = "106"
[2026/09/11 10:51:50] [0;31m[ERROR] set_crashkernel_rsvmem:2278: [0mError: Read kdump file to Dram failed
[2026/09/11 10:51:50] do_tcl_crashkernel - tcl_crashkernel
[2026/09/11 10:51:50] Usage:
[2026/09/11 10:51:50] do_tcl_crashkernel command: set reserved memory for crashkernel
[2026/09/11 10:51:50] Loading Kernel Image ... OK
[2026/09/11 10:51:50] Loading Ramdisk to 29f09000, end 2bdff751 ... OK
[2026/09/11 10:51:50] Loading Device Tree to 000000002c4e1000, end 000000002c5ff9bb ... OK
[2026/09/11 10:51:51] [0;31m[ERR
[2026/09/11 10:51:51] OR] dataindex_dtbo_overlay:644: [0m[DATAINDEX DTBO LOAD][start:3778][end:3896][total time:118]
[2026/09/11 10:51:51] [0;31m[ERROR] standby_mode_enter_qhb:274: [0mThis PID   unsupport  TCL QHB !!!
[2026/09/11 10:51:51] [AutoTest][mboot][start kernel][3961]
[2026/09/11 10:51:51] Starting kernel ...
[2026/09/11 10:51:51] kfault io buf 0x5beaa110, size 0x28, pos 0x400, is_read 1, ret 0
[2026/09/11 10:51:51] last status:0x0
[2026/09/11 10:51:51] MMC write: dev # 0, block # 1480632, count 7 ... 7 blocks written: OK
[2026/09/11 10:51:51] MMC write: dev # 0, block # 1480639, count 1 ... 1 blocks written: OK
[2026/09/11 10:51:51] kfault io buf 0x5be51230, size 0xf26, pos 0x37f7000, is_read 0, ret 0
[2026/09/11 10:51:51] MMC write: dev # 0, block # 1366018, count 1 ... 1 blocks written: OK
[2026/09/11 10:51:51] kfault io buf 0x5bd55050, size 0x28, pos 0x400, is_read 0, ret 0
[2026/09/11 10:51:51] WARNING: Unimp
[2026/09/11 10:51:51] lemented Standard Service Call: 0x84000050
[2026/09/11 10:51:51] [    0.322739][    T1] clk_mt5896: we
[2026/09/11 10:51:51] have : PM
[2026/09/11 10:51:51] [    0.322762][    T1] clk_mt5896: we have : NONPM
[2026/09/11 10:51:52] [Ramlog] tee_config_dyn_ramlog_by_cookie is success
[2026/09/11 10:51:52] [    0.472418][    T1] [K][EFUSE]mtk_efuse_init() ----- START
[2026/09/11 10:51:52] [    0.478035][    T1] [K][EFUSE]mtk_efuse_init() ----> OK
[2026/09/11 10:51:52] [    0.490556][    T1] ir set ir_arm_en to 1.
[2026/09/11 10:51:52] [    0.494739][    T1] ir get boot status 2.
[2026/09/11 10:51:52] [    0.498794][    T1] ir set boot status to 3.
[2026/09/11 10:51:52] [    0.503065][    T1] ir get key 65535.
[2026/09/11 10:51:52] [    0.506759][    T1] mtk-ir 1c080000.ir_in: ir probe done.
[2026/09/11 10:51:52] [    0.518504][    T1] [0][0][0]
[2026/09/11 10:51:52] [    0.529320][    T1] add null memory dma_heap with name mtk_nullmem_1
[2026/09/11 10:51:52] [    0.535736][    T1]     range from 0x3000000 to 0x13000000
[2026/09/11 10:51:52] [    0.535736][    T1]
[2026/09/11 10:51:52] [    0.535736][    T1]
[2026/09/11 10:51:52] [    0.569477][    T1] we have : seal
[2026/09/11 10:51:52] [    0.655482][   T67] mtk_mci 1c660000.mtk-mmc-fcie: [ mtk_fcie_set_ios() Ln.4351 ]
[2026/09/11 10:51:52] [    0.663092][   T67] mtk_mci 1c660000.mtk-mmc-fcie: Ld HS400ES
[2026/09/11 10:51:52] [    0.668837][    T1] [Alg Debug] MApi_PQ_CLI_CFD_Init sucess!!
[2026/09/11 10:51:52] [    0.671228][   T67] mtk_mci 1c660000.mtk-mmc-fcie: eMMC: HS400 5.1 200MHz
[2026/09/11 10:51:52] [    0.681580][   T67] mtk_mci 1c660000.mtk-mmc-fcie: eMMC: HS400 5.1 200MHz
[2026/09/11 10:51:52] [    0.690937][    T1] lizw pp 1
[2026/09/11 10:51:52] [    0.701743][
[2026/09/11 10:51:52] T1] ux_thread: uxthread_init done!
[2026/09/11 10:51:52] [    0.707348][    T1] tcl_action_monitor: kfault kernel timeout init
[2026/09/11 10:51:53] [    1.742243][  T122] tcl_action_monitor: kfault stop kernel init timeout
[2026/09/11 10:51:53] console:/ $
[2026/09/11 10:51:54] [0;32;31
[2026/09/11 10:51:54] m [ramlog] tee_get_ramlog_config 586 [m
[2026/09/11 10:51:54] [ramlog] Chip ID: 27 f3 04 f5 fd 0b 95 c5 8d 04 00 00
[2026/09/11 10:51:54] [ramlog] TEE log is not enabled (I2C mode:1)
[2026/09/11 10:51:56] [    4.502418][  T322] mtk_and: line 0: glide-disk-cach%com.google.android.apps.tv.launcherx=S:N-20
[2026/09/11 10:51:56] [    4.511289][  T322] mtk_and: line 1: animation%com.netflix.ninja=S:N-10
[2026/09/11 10:51:56] [    4.518359][  T322] mtk_and: line 2: Thread-17%com.amazon.amazonvideo.livingroom=S:R1
[2026/09/11 10:51:56] [    4.526285][  T322] mtk_and: line 3: Thread-18%com.amazon.amazonvideo.livingroom=S:R1
[2026/09/11 10:51:56] [    4.837859][  T122] mtu3 1c7a3e00.usb: ssusb clock enable
[2026/09/11 10:51:56] [    4.851335][  T122] mtu3 1c1b3e00.usb: ssusb clock enable
[2026/09/11 10:51:56] Info: get MI daemon priority before System Init: [-20]
[2026/09/11 10:51:56] [mi_daemon]!!!Enter MI daemon prcoess!! start time =4938
[2026/09/11 10:51:56] [mi_daemon][HASHKEY]{_Bin_Hashkey_Init,692} ----- START not bGingaSupported
[2026/09/11 10:51:56] [mi_daemon][HASHKEY]{_Bin_Hashkey_Init,697} ----- START
[2026/09/11 10:51:56] [mi_daemon][HASHKEY]{_getPathFromDataIndex,620} pszFilePath:/tclconfig/hardware/param/soc/dataIndex_00_WW_4K60_VbyOne.ini
[2026/09/11 10:51:56] Cannot get key 'HASHKEY:hashkey_file' in dataIndex file /tclconfig/hardware/param/soc/dataIndex_00_WW_4K60_VbyOne.ini
[2026/09/11 10:51:56] [IPAUTH][HASHKEY]{MApi_IPAUTH_Init_by_bin,580} (iBinSize:306)
[2026/09/11 10:51:56] [IPAUTH]{_IPAUTH_ReadDebugFile,308} ----- START
[2026/09/11 10:51:56] [IPAUTH]{_IPAUTH_ReadDebugFile,317} Debug file is not exist~(/data/vendor/ipauth_debug.txt)
[2026/09/11 10:51:56] [IPAUTH][HASHKEY]{MApi_IPAUTH_Init_by_bin,631} u16CustomerId:0x19
[2026/09/11 10:51:56] [IPAUTH][HASHKEY]{MApi_IPAUTH_Init_by_bin,693} u16HashkeyChipId:0x10D
[2026/09/11 10:51:56] [IPAUTH][HASHKEY]{_IPAUTH_HASHKEY_Verify,406} call HASHKEY_Verify()
[2026/09/11 10:51:56] [IPAUTH][HASHKEY]{_IPAUTH_HASHKEY_Verify,408} HASHKEY_Verify() return 0
[2026/09/11 10:51:56] [IPAUTH][HASHKEY]{MApi_IPAUTH_Init_by_bin,750} set _u8_hashkey_verify_result=OK
[2026/09/11 10:51:56] [IPAUTH][HASHKEY]{_IPAUTH_HASHKEY_set_BinDataToKernel,503} (u32Para1:1, pu8BinBuf:0xFF990EB0, u32BufSize:306)
[2026/09/11 10:51:56] [IPAUTH][HASHKEY]{_IPAUTH_HASHKEY_set_BinDataToKernel,523} cmd:0x8791, u32_para_1:0x1, u32BufSize_in:306
[2026/09/11 10:51:56] [mi_daemon]!!!Enter MI daemon flow time=4938!!
[2026/09/11 10:51:56] [mi_daemon]{_MI_SYS_Init,809} _MI_SYS_Init() ----- START
[2026/09/11 10:51:56] !!!MI daemon prcoess start! MI daemon cost time=287!!!
[2026/09/11 10:51:56] Info: get MI daemon priority after Module Init: [0]
[2026/09/11 10:51:57] [    5.946590][  T122] realtime_framework_init is invoked
[2026/09/11 10:51:57] [    5.952004][  T122] realtime_module_init [538], REALTIME_UID=2941
[2026/09/11 10:51:57] [    5.966957][  T405] tcl_vdf: vdf_send_task run..
[2026/09/11 10:51:57] modprobe: alias lines in modules.alias must have 3 entries, not 5
[2026/09/11 10:51:57] modprobe: alias lines in modules.alias must have 3 entries, not 5
[2026/09/11 10:51:57] modprobe: alias lines in modules.alias must have 3 entries, not 4
[2026/09/11 10:51:57] modprobe: alias lines in modules.alias must have 3 entries, not 7
[2026/09/11 10:51:57] modprobe: alias lines in modules.alias must have 3 entries, not 5
[2026/09/11 10:51:57] modprobe: alias lines in modules.alias must have 3 entries, not 4
[2026/09/11 10:51:57] modprobe: alias lines in modules.alias must have 3 entries, not 4
[2026/09/11 10:51:57] modprobe: alias lines in modules.alias must have 3 entries, not 6
[2026/09/11 10:51:57] modprobe: alias lines in modules.alias must have 3 entries, not 5
[2026/09/11 10:51:57] modprobe: alias lines in modules.alias must have 3 entries, not 5
[2026/09/11 10:51:57] modprobe: alias lines in modules.alias must have 3 entries, not 4
[2026/09/11 10:51:57] modprobe: alias lines in modules.alias must have 3 entries, not 5
[2026/09/11 10:51:57] modprobe: alias lines in modules.alias must have 3 entries, not 5
[2026/09/11 10:51:57] modprobe: alias lines in modules.alias must have 3 entries, not 5
[2026/09/11 10:51:57] modprobe: alias lines in modules.alias must have 3 entries, not 6
[2026/09/11 10:51:57] modprobe: alias lines in modules.alias must have 3 entries, not 5
[2026/09/11 10:51:57] modprobe: alias lines in modules.alias must have 3 entries, not 4
[2026/09/11 10:51:57] Loading module /vendor/lib/modules/spi-mtkdtv-ci.ko with args ''
[2026/09/11 10:51:57] Loaded kernel module /vendor/lib/modules/spi-mtkdtv-ci.ko
[2026/09/11 10:51:57] [    6.374289][  T411] [austin_demod_dd][demod_probe] name = [austin_demod]
[2026/09/11 10:51:57] [    6.381052][  T411] [demod_probe][120] austin_dev->client->addr = 0x79
[2026/09/11 10:51:57] [    6.387801][  T411] [austin_chk_exist][74] ret -121, --- 0 9 3 2
[2026/09/11 10:51:57] [    6.451892][  T411]
[2026/09/11 10:51:58] [mdbgin_merak_demod_dd][mtk_demod_custom_file_open][2503] __entry__
[2026/09/11 10:51:58] [    6.459951][  T411] [mtk_demod_custom_file_open][2542] CUSTOM_EQ_TYPE7
[2026/09/11 10:51:58] [    6.466622][  T411] [mtk_demod_custom_file_open][2554] custom file open fail !
[2026/09/11 10:51:58] [    6.473869][  T411] 1ce00000.mtk-demod is already registered, pass it
[2026/09/11 10:51:58] [    7.036893][  T409] drv_hwreg_srccap_hdmirx_attach b_attach = 1
[2026/09/11 10:51:58] [    7.036896][  T409] drv_hwreg_srccap_hdmirx_attach size = 1
[2026/09/11 10:51:58] [    7.043110][  T409] hal_hwreg_srccap_hdmirx_ops_array[0].hw_version = 6
[2026/09/11 10:51:58] [    7.057921][  T409] u32_addr_min = eb00
[2026/09/11 10:51:58] [    7.061847][  T409] u32_addr_max = ebf0
[2026/09/11 10:51:58] modprobe: alia
[2026/09/11 10:51:59] s lines in modules.alias must have 3 entries, not 5
[2026/09/11 10:51:59] modprobe: alias lines in modules.alias must have 3 entries, not 5
[2026/09/11 10:51:59] modprobe: alias lines in modules.alias must have 3 entries, not 4
[2026/09/11 10:51:59] modprobe: alias lines in modules.alias must have 3 entries, not 7
[2026/09/11 10:51:59] modprobe: alias lines in modules.alias must have 3 entries, not 5
[2026/09/11 10:51:59] modprobe: alias lines in modules.alias must have 3 entries, not 4
[2026/09/11 10:51:59] modprobe: alias lines in modules.alias must have 3 entries, not 4
[2026/09/11 10:51:59] modprobe: alias lines in modules.alias must have 3 entries, not 6
[2026/09/11 10:51:59] modprobe: alias lines in modules.alias must have 3 entries, not 5
[2026/09/11 10:51:59] modprobe: alias lines in modules.alias must have 3 entries, not 5
[2026/09/11 10:51:59] modprobe: alias lines in modules.alias must have 3 entries, not 4
[2026/09/11 10:51:59] modprobe: alias lines in modules.alias must have 3 entries, not 5
[2026/09/11 10:51:59] modprobe: alias lines in modules.alias must have 3 entries, not 5
[2026/09/11 10:51:59] modprobe: alias lines in modules.alias must have 3 entries, not 5
[2026/09/11 10:51:59] modprobe: alias lines in modules.alias must have 3 entries, not 6
[2026/09/11 10:51:59] modprobe: alias lines in modules.alias must have 3 entries, not 5
[2026/09/11 10:51:59] modprobe: alias lines in modules.alias must have 3 entries, not 4
[2026/09/11 10:51:59] Loading module /vendor/lib/modules/mtktv-regulator-mt5876.ko with args ''
[2026/09/11 10:51:59] Loaded kernel module /vendor/lib/modules/mtktv-regulator-mt5876.ko
[2026/09/11 10:51:59] Loading module /vendor/lib/modules/mtktv-thermal.ko with args ''
[2026/09/11 10:51:59] Loading module /vendor/lib/modules/mtktv-cpufreq-ca.ko with args ''
[2026/09/11 10:51:59] Loaded kernel module /vendor/lib/modules/mtktv-cpufreq-ca.ko
[2026/09/11 10:51:59] Loading module /vendor/lib/modules/mtktv-cpufreq.ko with args ''
[2026/09/11 10:51:59] [    7.528903][  T122] kallsyms_lookup_name with kp ffffffc00822d4dc,ret=0
[2026/09/11 10:51:59] [    7.536632][  T122] stall_debug: chip id 0
[2026/09/11 10:51:59] [    7.542257][  T164] current tty: ttyS0, irq: 22
[2026/09/11 10:51:59] [    7.542261][  T122] stall_debug: hook sysrq-c OK
[2026/09/11 10:51:59] [    7.546753][  T122] stall_debug: alloc 1000 memory ok
[2026/09/11 10:51:59] [    7.573105][  T122] kallsyms_lookup_name with kp ffffffc00822d4dc,ret=0
[2026/09/11 10:51:59] [    7.596849][  T486] stall_debug: rd_pid_max is 32768
[2026/09/11 10:51:59] [    7.601969][  T486] stall_debug: ptr_task_scs=ffffffc00d38c000,size=40000
[2026/09/11 10:51:59] [    7.612721][  T122] kallsyms_lookup_name with kp ffffffc00822d4dc,ret=0
[2026/09/11 10:51:59] [    7.621059][  T122] die_helper: log_buf is from ffffffc00a8f0060,len 20000
[2026/09/11 10:51:59] [    7.628078][  T122] die_helper: log_buf pa is from 0x00000000288f0060,len 20000
[2026/09/11 10:51:59] [    7.636208][  T164] current tty: ttyS0, irq: 22
[2026/09/11 10:51:59] Loaded kernel module /vendor/lib/modules/mtktv-c[    7.689497][  T486] stall_debug: enable ip record by scs OK
[2026/09/11 10:51:59] pufreq.ko
[2026/09/11 10:51:59] Loading module /vendor/lib/modules/mtk-dramc.ko with args ''
[2026/09/11 10:51:59] Loading module /vendor/lib/modules/mtk-mediator.ko with args ''
[2026/09/11 10:51:59] Loading module /vendor/lib/modules/cpu-freq-adapter.ko with args ''
[2026/09/11 10:51:59] Loaded kernel module /vendor/lib/modules/cpu-freq-adapter.ko
[2026/09/11 10:51:59] Loading module /vendor/lib/modules/mtktv-gpu-thermal.ko with args ''
[2026/09/11 10:51:59] Loaded kernel module /vendor/lib/modules/mtktv-gpu-thermal.ko
[2026/09/11 10:52:00] [    8.810444][  T608] watchdog: watchdog0: watchdog did not stop!
[2026/09/11 10:52:00] [
[2026/09/11 10:52:00] 9.390760][  T653] watchdog: watchdog0: watchdog did not stop!
[2026/09/11 10:52:01] CPU_AUDIO is running!
[2026/09/11 10:52:01] [9789663][_cpuAudio_ALSA_Driver_GetCardInfo][198]to open
[2026/09/11 10:52:01] /proc/asound/cards
[2026/09/11 10:52:01] [9789912][_cpuAudio_ALSA_Driver_GetCardInfo][225]Available Sound Cards:[
[2026/09/11 10:52:01] 0 [mtktvsndcard   ]: mtk-tvsnd-card - mtk-tvsnd-card
[2026/09/11 10:52:01] MTK-TV-SOUND-ASOC-AUDIO-DRV
[2026/09/11 10:52:01] 1 [Loopback       ]: Loopback - Loopback
[2026/09/11 10:52:01] Loopback 1
[2026/09/11 10:52:01] 2 [mtkaloopsndcard]: mtkaloopsndcard - mtkaloopsndcard
[2026/09/11 10:52:01] mtkaloopsndcard 1
[2026/09/11 10:52:01] 3 [vocsndcard     ]: vocsndcard - vocsndcard
[2026/09/11 10:52:01] vocsndcard 1
[2026/09/11 10:52:01] ]
[2026/09/11 10:52:01] [9789957][_cpuAudio_ALSA_Driver_GetCardInfo][239]index of mtktvsndcard : 0
[2026/09/11 10:52:01] [9789966][_cpuAudio_ALSA_Driver_GetCardInfo][254]mtktvsndcard : /dev/snd/controlC0
[2026/09/11 10:52:01] [9789982][_cpuAudio_ALSA_Driver_GetCardInfo][273]close /proc/asound/cards done
[2026/09/11 10:52:01] [9790068][_cpuAudio_ALSA_Driver_GetKcontolId][400]pKControl:Utopia controls,fd:3,elist.count:40
[2026/09/11 10:52:01] [9790079][_cpuAudio_ALSA_Driver_GetKcontolId][403]MM RATE
[2026/09/11 10:52:01] [9790085][_cpuAudio_ALSA_Driver_GetKcontolId][403]MM GET PB BUF LEVEL
[2026/09/11 10:52:01] [9790090][_cpuAudio_ALSA_Driver_GetKcontolId][403]MM GET CAP BUF LEVEL
[2026/09/11 10:52:01] [9790095][_cpuAudio_ALSA_Driver_GetKcontolId][403]Duplex mm controls
[2026/09/11 10:52:01] [9790100][_cpuAudio_ALSA_Driver_GetKcontolId][403]Capture MUTE EVENT
[2026/09/11 10:52:01] [9790105][_cpuAudio_ALSA_Driver_GetKcontolId][403]Capture NONPCM EVENT
[2026/09/11 10:52:01] [9790110][_cpuAudio_ALSA_Driver_GetKcontolId][403]Capture NONPCM FLAG
[2026/09/11 10:52:01] [9790115][_cpuAudio_ALSA_Driver_GetKcontolId][403]Capture FASTLOCK MODE
[2026/09/11 10:52:01] [9790120][_cpuAudio_ALSA_Driver_GetKcontolId][403]Capture TIMESTAMP
[2026/09/11 10:52:01] [9790124][_cpuAudio_ALSA_Driver_GetKcontolId][403]Capture controls
[2026/09/11 10:52:01] [9790129][_cpuAudio_ALSA_Driver_GetKcontolId][403]DSP Reload
[2026/09/11 10:52:01] [9790134][_cpuAudio_ALSA_Driver_GetKcontolId][403]Utopia controls
[2026/09/11 10:52:01] [9790139][_cpuAudio_ALSA_Driver_GetKcontolId][407]got Kcontrol[Utopia controls] at id[12]
[2026/09/11 10:52:01] [9790164][cpuAudio_ALSA_Driver_Init][690]Audio memory size(0x2E57000) phyAudioBase(0x200000) busAudioBase(0x20200000)
[2026/09/11 10:52:01] [9790173][_cpuAudio_ALSA_Driver_InitPcmDevice][301]Opening PCM device node=0/2, period=11863/1024, format=2/48000/0
[2026/09/11 10:52:01] [9790731][cpuAudio_ALSA_Driver_Init][701]phyAudioBase(0x200000) => UserVirtualAddr(0xed569000)
[2026/09/11 10:52:01] [9800884][cpuAudio_getInfo][562][1;35m cpuAudio[Info](thread-name:)(pid:0)(tid:0) [0m
[2026/09/11 10:52:01] [9800936][cpuAudio_getInfo][566][1;35m cpuAudio[decR2:0x2396,sndR2:0xd264][Version](0x20) [0m
[2026/09/11 10:52:01] [cpuAudio_createPostprocessMonitorThread][370]armAudio_postprocessrMonitor_ver: 0xff20 thread created successfully
[2026/09/11 10:52:01] [cpuAudio_postprocess_init][16] dec_base(ed569000) DEC_R2_SHM_DDR_OFFSET(0x1911000) snd_base(ee729000) SND_R2_SHM_DDR_OFFSET(0x753000) p_decR2_shm(0xeee7a000) p_sndR2_shm(0xeee7c000)
[2026/09/11 10:52:01] [1;35m [cpuAudioPostProcess_main][327]Enter while(1) loop. [0m
[2026/09/11 10:52:01] [   10.104434][  T748] [mzc] init done
[2026/09/11 10:52:02] [   10.677462][  T473] ir set boot status to 5.
[2026/09/11 10:52:03] [   11.551803][  T525] PowerHAL: [AT][AN][DC finish boot]
[2026/09/11 10:52:05] factory auto test loop start
[2026/09/11 10:52:05]  
[2026/09/11 10:52:15] 发送(hex): 0d
[2026/09/11 10:52:16] 发送(hex): 20
[2026/09/11 10:52:16] 发送(hex): 03
[2026/09/11 10:52:16] 发送(hex): 0d
[2026/09/11 10:52:16] 发送(hex): 20
[2026/09/11 10:52:16] 发送(hex): 03
[2026/09/11 10:52:16] 发送(hex): 0d
[2026/09/11 10:52:16] 发送(hex): 20
[2026/09/11 10:52:16] 发送(hex): 03
[2026/09/11 10:52:16] 发送(hex): 0d
[2026/09/11 10:52:16] 发送(hex): 20
[2026/09/11 10:52:16] 发送(hex): 03
[2026/09/11 10:52:16] 发送(hex): 0d
[2026/09/11 10:52:16] 发送(hex): 20
[2026/09/11 10:52:16] 发送(hex): 03
[2026/09/11 10:52:16] 发送(hex): 0d
[2026/09/11 10:52:16] 发送(hex): 20
[2026/09/11 10:52:16] 发送(hex): 03
[2026/09/11 10:52:16] 发送(hex): 0d
[2026/09/11 10:52:16] 发送(hex): 20
[2026/09/11 10:52:16] 发送(hex): 03
[2026/09/11 10:52:16] 发送(hex): 0d
[2026/09/11 10:52:16] 发送(hex): 20
[2026/09/11 10:52:16] 发送(hex): 03
[2026/09/11 10:52:16] 发送(hex): 0d
[2026/09/11 10:52:16] 发送(hex): 20
[2026/09/11 10:52:16] 发送(hex): 03
[2026/09/11 10:52:16] 发送(hex): 0d
[2026/09/11 10:52:16] 发送(hex): 20
[2026/09/11 10:52:16] 发送(hex): 03
[2026/09/11 10:52:16] 发送(hex): 0d
[2026/09/11 10:52:16] 发送(hex): 20
[2026/09/11 10:52:16] 发送(hex): 03
[2026/09/11 10:52:16] 发送(hex): 0d
[2026/09/11 10:52:16] 发送(hex): 20
[2026/09/11 10:52:16] 发送(hex): 03
[2026/09/11 10:52:16] 发送(hex): 0d
[2026/09/11 10:52:16] 发送(hex): 20
[2026/09/11 10:52:16] 发送(hex): 03
[2026/09/11 10:52:16] 发送(hex): 0d
[2026/09/11 10:52:16] 发送(hex): 20
[2026/09/11 10:52:16] 发送(hex): 03
[2026/09/11 10:52:16] UART
[2026/09/11 10:52:16] <.
[2026/09/11 10:52:16] AC_ON
[2026/09/11 10:52:16] 发送(hex): 0d
[2026/09/11 10:52:16] 发送(hex): 20
[2026/09/11 10:52:16] 发送(hex): 03
[2026/09/11 10:52:16] 发送(hex): 0d
[2026/09/11 10:52:16] 发送(hex): 20
[2026/09/11 10:52:16] 发送(hex): 03
[2026/09/11 10:52:16] 发送(hex): 0d
[2026/09/11 10:52:16] 发送(hex): 20
[2026/09/11 10:52:16] 发送(hex): 03
[2026/09/11 10:52:16] 发送(hex): 0d
[2026/09/11 10:52:16] 发送(hex): 20
[2026/09/11 10:52:16] 发送(hex): 03
[2026/09/11 10:52:16] 发送(hex): 0d
[2026/09/11 10:52:16] HASH1_VERSION=0x00000000 64bit
[2026/09/11 10:52:16] E-A
[2026/09/11 10:52:16] 发送(hex): 20
[2026/09/11 10:52:16] 发送(hex): 03
[2026/09/11 10:52:16] 发送(hex): 0d
[2026/09/11 10:52:16] 发送(hex): 20
[2026/09/11 10:52:16] [ETT_Main] Clock MPLL Init
[2026/09/11 10:52:16] [ETT_Main]MIU_ver 20260417-11996427-OneBin-V20.4-RefineWDTNew
[2026/09/11 10:52:16] [DRAMC] AC ON-0
[2026/09/11 10:52:16] [FAST_K]
[2026/09/11 10:52:16] [MOBF] Gen SW key
[2026/09/11 10:52:16] 发送(hex): 03
[2026/09/11 10:52:16] 发送(hex): 0d
[2026/09/11 10:52:16] 发送(hex): 20
[2026/09/11 10:52:16] 发送(hex): 03
[2026/09/11 10:52:16] CH0 DramsizeFlag_CH0 DUMMY_REG = 0x1
[2026/09/11 10:52:16] dramc_channel0 restore dramsize_flag = 0x1
[2026/09/11 10:52:16] [FAST_K]
[2026/09/11 10:52:16] 发送(hex): 0d
[2026/09/11 10:52:16] 发送(hex): 20
[2026/09/11 10:52:16] 发送(hex): 03
[2026/09/11 10:52:16] 发送(hex): 0d
[2026/09/11 10:52:16] 发送(hex): 20
[2026/09/11 10:52:16] 发送(hex): 03
[2026/09/11 10:52:16] 发送(hex): 0d
[2026/09/11 10:52:16] 发送(hex): 20
[2026/09/11 10:52:16] CH2 DramsizeFlag_CH2 DUMMY_REG = 0x0
[2026/09/11 10:52:16] dramc_channel2 restore dramsize_flag = 0x0
[2026/09/11 10:52:16] dispatch to 1 EMI 2 CH
[2026/09/11 10:52:16] MIUP set area: 3GB
[2026/09/11 10:52:16] EMI bist: [32mM0 pass[0m
[2026/09/11 10:52:16] EMI bist: [32mM2 pass[0m
[2026/09/11 10:52:16] fake engine: [32mpass[00000000][0m
[2026/09/11 10:52:16] fake engine: [32mpass[00000001][0m
[2026/09/11 10:52:16] u4dram_info=0x2406
[2026/09/11 10:52:16] TEELOADER_VERSION=0x00000000
[2026/09/11 10:52:16] 发送(hex): 03
[2026/09/11 10:52:16] optee teeloader entry
[2026/09/11 10:52:16] MultiOptee image detected, Mode
[2026/09/11 10:52:16] 发送(hex): 0d
[2026/09/11 10:52:16] lID=17B06E0B
[2026/09/11 10:52:16] 发送(hex): 20
[2026/09/11 10:52:16] 发送(hex): 03
[2026/09/11 10:52:16] MultiOptee image detected, ModelID=17B06E0B
[2026/09/11 10:52:16] 发送(hex): 0d
[2026/09/11 10:52:16] 发送(hex): 20
[2026/09/11 10:52:16] 发送(hex): 03
[2026/09/11 10:52:16] 发送(hex): 0d
[2026/09/11 10:52:16] CusConfig
[2026/09/11 10:52:16] 发送(hex): 20
[2026/09/11 10:52:16] 发送(hex): 03
[2026/09/11 10:52:16] ARMFW_VERSION=0x00000000
[2026/09/11 10:52:16] OPTEE_VERSION=0x00000000
[2026/09/11 10:52:16] OPTEECUST_VERSION=0x00000000
[2026/09/11 10:52:16] REELOADER_VERSION=0x00000000
[2026/09/11 10:52:16] 发送(hex): 0d
[2026/09/11 10:52:16] 发送(hex): 20
[2026/09/11 10:52:16] 发送(hex): 03
[2026/09/11 10:52:16] 发送(hex): 0d
[2026/09/11 10:52:16] ns_uboot_boot
[2026/09/11 10:52:16] NOTICE:  BL31: v2.4(debug):f102f7cc7
[2026/09/11 10:52:16] NOTICE:  BL31: Built : 20:53:08, Jul 17 2026
[2026/09/11 10:52:16] INFO:    BL31: Initializing runtime services
[2026/09/11 10:52:16] INFO:    BL31: Initializing BL32
[2026/09/11 10:52:16] [TEE] TRIAL BOOT: 0
[2026/09/11 10:52:16] 发送(hex): 20
[2026/09/11 10:52:16] 发送(hex): 03
[2026/09/11 10:52:16] 发送(hex): 0d
[2026/09/11 10:52:16] 发送(hex): 20
[2026/09/11 10:52:16] 发送(hex): 03
[2026/09/11 10:52:16] 发送(hex): 0d
[2026/09/11 10:52:16] [DynRamlog] wait for configuring by tee driver
[2026/09/11 10:52:16] 发送(hex): 20
[2026/09/11 10:52:16] 发送(hex): 03
[2026/09/11 10:52:17] 发送(hex): 0d
[2026/09/11 10:52:17] INFO:    BL31: Preparing for EL3 exit to normal world
[2026/09/11 10:52:17] INFO:    Entry point address = 0x20100010
[2026/09/11 10:52:17] ree_entry
[2026/09/11 10:52:17] Check WDT....
[2026/09/11 10:52:17] UBOOT_VERSION=0x00000000
[2026/09/11 10:52:17] 发送(hex): 20
[2026/09/11 10:52:17] 发送(hex): 03
[2026/09/11 10:52:17] 发送(hex): 0d
[2026/09/11 10:52:17] 发送(hex): 20
[2026/09/11 10:52:17] 发送(hex): 03
[2026/09/11 10:52:17] 发送(hex): 0d
[2026/09/11 10:52:17] 发送(hex): 20
[2026/09/11 10:52:17] 发送(hex): 03
[2026/09/11 10:52:17] 发送(hex): 0d
[2026/09/11 10:52:17] 发送(hex): 20
[2026/09/11 10:52:17] 发送(hex): 03
[2026/09/11 10:52:17] 发送(hex): 0d
[2026/09/11 10:52:17] 发送(hex): 20
[2026/09/11 10:52:17] 发送(hex): 03
[2026/09/11 10:52:17] 发送(hex): 0d
[2026/09/11 10:52:17] 发送(hex): 20
[2026/09/11 10:52:17] 发送(hex): 03
[2026/09/11 10:52:17] 发送(hex): 0d
[2026/09/11 10:52:17] 发送(hex): 20
[2026/09/11 10:52:17] 发送(hex): 03
[2026/09/11 10:52:17] 发送(hex): 0d
[2026/09/11 10:52:17] 发送(hex): 20
[2026/09/11 10:52:17] 发送(hex): 03
[2026/09/11 10:52:17] 发送(hex): 0d
[2026/09/11 10:52:17] 发送(hex): 20
[2026/09/11 10:52:17] 发送(hex): 03
[2026/09/11 10:52:17] U-Boot2019.04-g23c3f665-dirty (Aug 23 2026 - 20:57:54 +0800)
[2026/09/11 10:52:17] Model: MediaTek MT5896 RFB
[2026/09/11 10:52:17] DRAM:  3 GiB
[2026/09/11 10:52:17] 发送(hex): 0d
[2026/09/11 10:52:17] 发送(hex): 20
[2026/09/11 10:52:17] 发送(hex): 03
[2026/09/11 10:52:17] 发送(hex): 0d
[2026/09/11 10:52:17] 发送(hex): 20
[2026/09/11 10:52:17] 发送(hex): 03
[2026/09/11 10:52:17] 发送(hex): 0d
[2026/09/11 10:52:17] 发送(hex): 20
[2026/09/11 10:52:17] 发送(hex): 03
[2026/09/11 10:52:17] 发送(hex): 0d
[2026/09/11 10:52:17] 发送(hex): 20
[2026/09/11 10:52:17] 发送(hex): 03
[2026/09/11 10:52:17] 发送(hex): 0d
[2026/09/11 10:52:17] 发送(hex): 20
[2026/09/11 10:52:17] MMC:   mtk-mmc-fcie@1c660000: 0
[2026/09/11 10:52:17] 发送(hex): 03
[2026/09/11 10:52:17] 发送(hex): 0d
[2026/09/11 10:52:17] 发送(hex): 20
[2026/09/11 10:52:17] 发送(hex): 03
[2026/09/11 10:52:17] 发送(hex): 0d
[2026/09/11 10:52:17] 发送(hex): 20
[2026/09/11 10:52:17] 发送(hex): 03
[2026/09/11 10:52:17] Loading Environm
[2026/09/11 10:52:17] 发送(hex): 0d
[2026/09/11 10:52:17] 发送(hex): 20
[2026/09/11 10:52:17] 发送(hex): 03
[2026/09/11 10:52:17] 发送(hex): 0d
[2026/09/11 10:52:17] ent from EXT4... OK
[2026/09/11 10:52:17] jump_to_console start!!
[2026/09/11 10:52:17] => <INTERRUPT>
[2026/09/11 10:52:17] =>
[2026/09/11 10:52:17] =>  <INTERRUPT>
[2026/09/11 10:52:17] =>
[2026/09/11 10:52:17] =>  <INTERRUPT>
[2026/09/11 10:52:17] =>
[2026/09/11 10:52:17] =>  <INTERRUPT>
[2026/09/11 10:52:17] =>
[2026/09/11 10:52:17] =>  <INTERRUPT>
[2026/09/11 10:52:17] =>
[2026/09/11 10:52:17] =>  <INTERRUPT>
[2026/09/11 10:52:17] =>
[2026/09/11 10:52:17] =>  <INTERRUPT>
[2026/09/11 10:52:17] =>
[2026/09/11 10:52:17] =>  <INTERRUPT>
[2026/09/11 10:52:17] =>
[2026/09/11 10:52:17] =>  <INTERRUPT>
[2026/09/11 10:52:17] =>
[2026/09/11 10:52:17] =>  <INTERRUPT>
[2026/09/11 10:52:17] =>
[2026/09/11 10:52:17] =>  <INTERRUPT>
[2026/09/11 10:52:17] =>
[2026/09/11 10:52:17] =>  <INTERRUPT>
[2026/09/11 10:52:17] =>
[2026/09/11 10:52:17] 发送(hex): 20
[2026/09/11 10:52:17] 发送(hex): 03
[2026/09/11 10:52:17] =>
[2026/09/11 10:52:17] 发送(hex): 0d
[2026/09/11 10:52:17] <INTERRUPT>
[2026/09/11 10:52:17] =>
[2026/09/11 10:52:17] 发送(hex): 20
[2026/09/11 10:52:17] 发送(hex): 03
[2026/09/11 10:52:17] =>
[2026/09/11 10:52:17] 发送(hex): 0d
[2026/09/11 10:52:17] <INTERRUPT>
[2026/09/11 10:52:17] =>
[2026/09/11 10:52:17] 发送(hex): 20
[2026/09/11 10:52:17] 发送(hex): 03
[2026/09/11 10:52:17] =>
[2026/09/11 10:52:17] 发送(hex): 0d
[2026/09/11 10:52:17] <INTERRUPT>
[2026/09/11 10:52:17] =>
[2026/09/11 10:52:17] 发送(hex): 20
[2026/09/11 10:52:17] 发送(hex): 03
[2026/09/11 10:52:17] =>
[2026/09/11 10:52:17] 发送(hex): 0d
[2026/09/11 10:52:17] <INTERRUPT>
[2026/09/11 10:52:17] =>
[2026/09/11 10:52:17] 发送(hex): 20
[2026/09/11 10:52:17] 发送(hex): 03
[2026/09/11 10:52:17] =>
[2026/09/11 10:52:17] 发送(hex): 0d
[2026/09/11 10:52:17] <INTERRUPT>
[2026/09/11 10:52:17] =>
[2026/09/11 10:52:17] 发送(hex): 20
[2026/09/11 10:52:17] =>
[2026/09/11 10:52:17] 发送(hex): 03
[2026/09/11 10:52:17] 发送(hex): 0d
[2026/09/11 10:52:17] <INTERRUPT>
[2026/09/11 10:52:17] =>
[2026/09/11 10:52:17] 发送(hex): 20
[2026/09/11 10:52:17] =>
[2026/09/11 10:52:17] 发送(hex): 03
[2026/09/11 10:52:17] 发送(hex): 0d
[2026/09/11 10:52:17] <INTERRUPT>
[2026/09/11 10:52:17] =>
[2026/09/11 10:52:17] 发送(hex): 20
[2026/09/11 10:52:17] =>
[2026/09/11 10:52:17] 发送(hex): 03
[2026/09/11 10:52:17] 发送(hex): 0d
[2026/09/11 10:52:17] <INTERRUPT>
[2026/09/11 10:52:17] 发送(hex): 20
[2026/09/11 10:52:17] =>
[2026/09/11 10:52:17] =>
[2026/09/11 10:52:17] 发送(hex): 03
[2026/09/11 10:52:17] 发送(hex): 0d
[2026/09/11 10:52:17] 发送(hex): 20
[2026/09/11 10:52:17] <INTERRUPT>
[2026/09/11 10:52:17] =>
[2026/09/11 10:52:17] =>
[2026/09/11 10:52:17] 发送(hex): 03
[2026/09/11 10:52:17] 发送(hex): 0d
[2026/09/11 10:52:17] 发送(hex): 20
[2026/09/11 10:52:17] <INTERRUPT>
[2026/09/11 10:52:17] =>
[2026/09/11 10:52:17] =>
[2026/09/11 10:52:17] 发送(hex): 03
[2026/09/11 10:52:17] 发送(hex): 0d
[2026/09/11 10:52:17] 发送(hex): 20
[2026/09/11 10:52:17] <INTERRUPT>
[2026/09/11 10:52:17] =>
[2026/09/11 10:52:17] =>
[2026/09/11 10:52:17] 发送(hex): 03
[2026/09/11 10:52:17] 发送(hex): 0d
[2026/09/11 10:52:17] 发送(hex): 20
[2026/09/11 10:52:17] <INTERRUPT>
[2026/09/11 10:52:17] =>
[2026/09/11 10:52:17] =>
[2026/09/11 10:52:17] 发送(hex): 03
[2026/09/11 10:52:17] 发送(hex): 0d
[2026/09/11 10:52:17] 发送(hex): 20
[2026/09/11 10:52:17] <INTERRUPT>
[2026/09/11 10:52:17] =>
[2026/09/11 10:52:17] =>
[2026/09/11 10:52:17] 发送(hex): 03
[2026/09/11 10:52:18] 发送(hex): 0d
[2026/09/11 10:52:18] 发送(hex): 20
[2026/09/11 10:52:18] <INTERRUPT>
[2026/09/11 10:52:18] =>
[2026/09/11 10:52:18] =>
[2026/09/11 10:52:18] 发送(hex): 03
[2026/09/11 10:52:18] 发送(hex): 0d
[2026/09/11 10:52:18] 发送(hex): 20
[2026/09/11 10:52:18] <INTERRUPT>
[2026/09/11 10:52:18] =>
[2026/09/11 10:52:18] =>
[2026/09/11 10:52:18] 发送(hex): 03
[2026/09/11 10:52:18] 发送(hex): 0d
[2026/09/11 10:52:18] 发送(hex): 20
[2026/09/11 10:52:18] <INTERRUPT>
[2026/09/11 10:52:18] =>
[2026/09/11 10:52:18] =>
[2026/09/11 10:52:18] 发送(hex): 03
[2026/09/11 10:52:18] 发送(hex): 0d
[2026/09/11 10:52:18] <INTERRUPT>
[2026/09/11 10:52:18] =>
[2026/09/11 10:52:18] 发送(hex): 20
[2026/09/11 10:52:18] 发送(hex): 03
[2026/09/11 10:52:18] =>
[2026/09/11 10:52:18] 发送(hex): 0d
[2026/09/11 10:52:18] <INTERRUPT>
[2026/09/11 10:52:18] =>
[2026/09/11 10:52:18] 发送(hex): 20
[2026/09/11 10:52:18] 发送(hex): 03
[2026/09/11 10:52:18] =>
[2026/09/11 10:52:18] 发送(hex): 0d
[2026/09/11 10:52:18] <INTERRUPT>
[2026/09/11 10:52:18] =>
[2026/09/11 10:52:18] 发送(hex): 20
[2026/09/11 10:52:18] 发送(hex): 03
[2026/09/11 10:52:18] =>
[2026/09/11 10:52:18] 发送(hex): 0d
[2026/09/11 10:52:18] <INTERRUPT>
[2026/09/11 10:52:18] =>
[2026/09/11 10:52:18] 发送(hex): 20
[2026/09/11 10:52:18] 发送(hex): 03
[2026/09/11 10:52:18] =>
[2026/09/11 10:52:18] 发送(hex): 0d
[2026/09/11 10:52:18] <INTERRUPT>
[2026/09/11 10:52:18] =>
[2026/09/11 10:52:18] 发送(hex): 20
[2026/09/11 10:52:18] =>
[2026/09/11 10:52:18] 发送(hex): 03
[2026/09/11 10:52:18] 发送(hex): 0d
[2026/09/11 10:52:18] <INTERRUPT>
[2026/09/11 10:52:18] =>
[2026/09/11 10:52:18] 发送(hex): 20
[2026/09/11 10:52:18] =>
[2026/09/11 10:52:18] 发送(hex): 03
[2026/09/11 10:52:18] 发送(hex): 0d
[2026/09/11 10:52:18] <IN
[2026/09/11 10:52:18] 发送(hex): 20
[2026/09/11 10:52:18] TERRUPT>
[2026/09/11 10:52:18] =>
[2026/09/11 10:52:18] =>
[2026/09/11 10:52:18] 发送(hex): 03
[2026/09/11 10:52:18] 发送(hex): 0d
[2026/09/11 10:52:18] 发送(hex): 20
[2026/09/11 10:52:18] <INTERRUPT>
[2026/09/11 10:52:18] =>
[2026/09/11 10:52:18] =>
[2026/09/11 10:52:18] 发送(hex): 03
[2026/09/11 10:52:18] 发送(hex): 0d
[2026/09/11 10:52:18] 发送(hex): 20
[2026/09/11 10:52:18] <INTERRUPT>
[2026/09/11 10:52:18] =>
[2026/09/11 10:52:18] =>
[2026/09/11 10:52:18] 发送(hex): 03
[2026/09/11 10:52:18] 发送(hex): 0d
[2026/09/11 10:52:18] <INTERRUPT>
[2026/09/11 10:52:18] =>
[2026/09/11 10:52:18] =>
[2026/09/11 10:52:18] 发送(hex): 20
[2026/09/11 10:52:18] 发送(hex): 03
[2026/09/11 10:52:18] 发送(hex): 0d
[2026/09/11 10:52:18] <INTERRUPT>
[2026/09/11 10:52:18] =>
[2026/09/11 10:52:18] 发送(hex): 20
[2026/09/11 10:52:18] 发送(hex): 03
[2026/09/11 10:52:18] =>
[2026/09/11 10:52:18] 发送(hex): 0d
[2026/09/11 10:52:18] <INTERRUPT>
[2026/09/11 10:52:18] =>
[2026/09/11 10:52:18] 发送(hex): 20
[2026/09/11 10:52:18] 发送(hex): 03
[2026/09/11 10:52:18] =>
[2026/09/11 10:52:18] 发送(hex): 0d
[2026/09/11 10:52:18] <INTERRUPT>
[2026/09/11 10:52:18] =>
[2026/09/11 10:52:18] 发送(hex): 20
[2026/09/11 10:52:18] =>
[2026/09/11 10:52:18] 发送(hex): 03
[2026/09/11 10:52:18] 发送(hex): 0d
[2026/09/11 10:52:18] <INTERRUPT>
[2026/09/11 10:52:18] =>
[2026/09/11 10:52:18] 发送(hex): 20
[2026/09/11 10:52:18] =>
[2026/09/11 10:52:18] 发送(hex): 03
[2026/09/11 10:52:18] 发送(hex): 0d
[2026/09/11 10:52:18] <INTERRUPT>
[2026/09/11 10:52:18] =>
[2026/09/11 10:52:18] 发送(hex): 20
[2026/09/11 10:52:18] =>
[2026/09/11 10:52:18] 发送(hex): 03
[2026/09/11 10:52:18] 发送(hex): 0d
[2026/09/11 10:52:18] <INTERRU
[2026/09/11 10:52:18] 发送(hex): 20
[2026/09/11 10:52:18] PT>
[2026/09/11 10:52:18] =>
[2026/09/11 10:52:18] =>
[2026/09/11 10:52:18] 发送(hex): 03
[2026/09/11 10:52:18] 发送(hex): 0d
[2026/09/11 10:52:18] 发送(hex): 20
[2026/09/11 10:52:18] <INTERRUPT>
[2026/09/11 10:52:18] =>
[2026/09/11 10:52:18] =>
[2026/09/11 10:52:18] 发送(hex): 03
[2026/09/11 10:52:18] 发送(hex): 0d
[2026/09/11 10:52:18] 发送(hex): 20
[2026/09/11 10:52:18] <INTERRUPT>
[2026/09/11 10:52:18] =>
[2026/09/11 10:52:18] =>
[2026/09/11 10:52:18] 发送(hex): 03
[2026/09/11 10:52:18] 发送(hex): 0d
[2026/09/11 10:52:18] 发送(hex): 20
[2026/09/11 10:52:18] <INTERRUPT>
[2026/09/11 10:52:18] =>
[2026/09/11 10:52:18] =>
[2026/09/11 10:52:18] 发送(hex): 03
[2026/09/11 10:52:18] 发送(hex): 0d
[2026/09/11 10:52:18] 发送(hex): 20
[2026/09/11 10:52:18] <INTERRUPT>
[2026/09/11 10:52:18] =>
[2026/09/11 10:52:18] =>
[2026/09/11 10:52:18] 发送(hex): 03
[2026/09/11 10:52:18] 发送(hex): 0d
[2026/09/11 10:52:18] 发送(hex): 20
[2026/09/11 10:52:18] <INTERRUPT>
[2026/09/11 10:52:18] =>
[2026/09/11 10:52:18] =>
[2026/09/11 10:52:18] 发送(hex): 03
[2026/09/11 10:52:18] 发送(hex): 0d
[2026/09/11 10:52:18] 发送(hex): 20
[2026/09/11 10:52:18] <INTERRUPT>
[2026/09/11 10:52:18] =>
[2026/09/11 10:52:18] 发送(hex): 03
[2026/09/11 10:52:18] =>
[2026/09/11 10:52:18] 发送(hex): 0d
[2026/09/11 10:52:18] <INTERRUPT>
[2026/09/11 10:52:18] =>
[2026/09/11 10:52:18] 发送(hex): 20
[2026/09/11 10:52:18] 发送(hex): 03
[2026/09/11 10:52:18] =>
[2026/09/11 10:52:18] 发送(hex): 0d
[2026/09/11 10:52:18] <INTERRUPT>
[2026/09/11 10:52:18] =>
[2026/09/11 10:52:18] 发送(hex): 20
[2026/09/11 10:52:18] 发送(hex): 03
[2026/09/11 10:52:18] =>
[2026/09/11 10:52:18] 发送(hex): 0d
[2026/09/11 10:52:18] <INTERRUPT>
[2026/09/11 10:52:18] =>
[2026/09/11 10:52:18] 发送(hex): 20
[2026/09/11 10:52:18] 发送(hex): 03
[2026/09/11 10:52:18] =>
[2026/09/11 10:52:18] 发送(hex): 0d
[2026/09/11 10:52:18] <INTERRUPT>
[2026/09/11 10:52:18] =>
[2026/09/11 10:52:18] 发送(hex): 20
[2026/09/11 10:52:18] 发送(hex): 03
[2026/09/11 10:52:18] =>
[2026/09/11 10:52:18] 发送(hex): 0d
[2026/09/11 10:52:18] <INTERRUPT>
[2026/09/11 10:52:18] =>
[2026/09/11 10:52:18] 发送(hex): 20
[2026/09/11 10:52:18] 发送(hex): 03
[2026/09/11 10:52:18] =>
[2026/09/11 10:52:19] 发送(hex): 0d
[2026/09/11 10:52:19] <INTERRUPT>
[2026/09/11 10:52:19] =>
[2026/09/11 10:52:19] 发送(hex): 20
[2026/09/11 10:52:19] =>
[2026/09/11 10:52:19] 发送(hex): 03
[2026/09/11 10:52:19] 发送(hex): 0d
[2026/09/11 10:52:19] <INTERRUPT>
[2026/09/11 10:52:19] =>
[2026/09/11 10:52:19] 发送(hex): 20
[2026/09/11 10:52:19] =>
[2026/09/11 10:52:19] 发送(hex): 03
[2026/09/11 10:52:19] 发送(hex): 0d
[2026/09/11 10:52:19] <INTERRUPT>
[2026/09/11 10:52:19] =>
[2026/09/11 10:52:19] 发送(hex): 20
[2026/09/11 10:52:19] =>
[2026/09/11 10:52:19] 发送(hex): 03
[2026/09/11 10:52:19] 发送(hex): 0d
[2026/09/11 10:52:19] <INTERRUPT>
[2026/09/11 10:52:19] =>
[2026/09/11 10:52:19] 发送(hex): 20
[2026/09/11 10:52:19] =>
[2026/09/11 10:52:19] 发送(hex): 03
[2026/09/11 10:52:19] 发送(hex): 0d
[2026/09/11 10:52:19] <INTERRUPT>
[2026/09/11 10:52:19] =>
[2026/09/11 10:52:19] 发送(hex): 20
[2026/09/11 10:52:19] =>
[2026/09/11 10:52:19] 发送(hex): 03
[2026/09/11 10:52:19] 发送(hex): 0d
[2026/09/11 10:52:19] <INTER
[2026/09/11 10:52:19] 发送(hex): 20
[2026/09/11 10:52:19] RUPT>
[2026/09/11 10:52:19] =>
[2026/09/11 10:52:19] =>
[2026/09/11 10:52:19] 发送(hex): 03
[2026/09/11 10:52:19] 发送(hex): 0d
[2026/09/11 10:52:19] 发送(hex): 20
[2026/09/11 10:52:19] <INTERRUPT>
[2026/09/11 10:52:19] =>
[2026/09/11 10:52:19] =>
[2026/09/11 10:52:19] 发送(hex): 03
[2026/09/11 10:52:19] 发送(hex): 0d
[2026/09/11 10:52:19] 发送(hex): 20
[2026/09/11 10:52:19] <INTERRUPT>
[2026/09/11 10:52:19] =>
[2026/09/11 10:52:19] =>
[2026/09/11 10:52:19] 发送(hex): 03
[2026/09/11 10:52:19] 发送(hex): 0d
[2026/09/11 10:52:19] 发送(hex): 20
[2026/09/11 10:52:19] <INTERRUPT>
[2026/09/11 10:52:19] =>
[2026/09/11 10:52:19] =>
[2026/09/11 10:52:19] 发送(hex): 03
[2026/09/11 10:52:19] 发送(hex): 0d
[2026/09/11 10:52:19] 发送(hex): 20
[2026/09/11 10:52:19] <INTERRUPT>
[2026/09/11 10:52:19] =>
[2026/09/11 10:52:19] =>
[2026/09/11 10:52:19] 发送(hex): 03
[2026/09/11 10:52:19] 发送(hex): 0d
[2026/09/11 10:52:19] 发送(hex): 20
[2026/09/11 10:52:19] <INTERRUPT>
[2026/09/11 10:52:19] =>
[2026/09/11 10:52:19] =>
[2026/09/11 10:52:19] 发送(hex): 03
[2026/09/11 10:52:19] 发送(hex): 0d
[2026/09/11 10:52:19] 发送(hex): 20
[2026/09/11 10:52:19] <INTERRUPT>
[2026/09/11 10:52:19] =>
[2026/09/11 10:52:19] =>
[2026/09/11 10:52:19] 发送(hex): 03
[2026/09/11 10:52:19] 发送(hex): 0d
[2026/09/11 10:52:19] 发送(hex): 20
[2026/09/11 10:52:19] <INTERRUPT>
[2026/09/11 10:52:19] =>
[2026/09/11 10:52:19] =>
[2026/09/11 10:52:19] 发送(hex): 03
[2026/09/11 10:52:19] 发送(hex): 0d
[2026/09/11 10:52:19] 发送(hex): 20
[2026/09/11 10:52:19] <INTERRUPT>
[2026/09/11 10:52:19] =>
[2026/09/11 10:52:19] =>
[2026/09/11 10:52:19] 发送(hex): 03
[2026/09/11 10:52:19] 发送(hex): 0d
[2026/09/11 10:52:19] <INTERRUPT>
[2026/09/11 10:52:19] =>
[2026/09/11 10:52:19] 发送(hex): 20
[2026/09/11 10:52:19] 发送(hex): 03
[2026/09/11 10:52:19] =>
[2026/09/11 10:52:19] 发送(hex): 0d
[2026/09/11 10:52:19] <INTERRUPT>
[2026/09/11 10:52:19] =>
[2026/09/11 10:52:19] 发送(hex): 20
[2026/09/11 10:52:19] 发送(hex): 03
[2026/09/11 10:52:19] =>
[2026/09/11 10:52:19] 发送(hex): 0d
[2026/09/11 10:52:19] <INTERRUPT>
[2026/09/11 10:52:19] =>
[2026/09/11 10:52:19] 发送(hex): 20
[2026/09/11 10:52:19] 发送(hex): 03
[2026/09/11 10:52:19] =>
[2026/09/11 10:52:19] 发送(hex): 0d
[2026/09/11 10:52:19] <INTERRUPT>
[2026/09/11 10:52:19] =>
[2026/09/11 10:52:19] 发送(hex): 20
[2026/09/11 10:52:19] 发送(hex): 03
[2026/09/11 10:52:19] =>
[2026/09/11 10:52:19] 发送(hex): 0d
[2026/09/11 10:52:19] <INTERRUPT>
[2026/09/11 10:52:19] =>
[2026/09/11 10:52:19] 发送(hex): 20
[2026/09/11 10:52:19] 发送(hex): 03
[2026/09/11 10:52:19] =>
[2026/09/11 10:52:19] 发送(hex): 0d
[2026/09/11 10:52:19] <INTERRUPT>
[2026/09/11 10:52:19] =>
[2026/09/11 10:52:19] 发送(hex): 20
[2026/09/11 10:52:19] 发送(hex): 03
[2026/09/11 10:52:19] =>
[2026/09/11 10:52:19] 发送(hex): 0d
[2026/09/11 10:52:19] <INTERRUPT>
[2026/09/11 10:52:19] =>
[2026/09/11 10:52:19] 发送(hex): 20
[2026/09/11 10:52:19] =>
[2026/09/11 10:52:19] 发送(hex): 03
[2026/09/11 10:52:19] 发送(hex): 0d
[2026/09/11 10:52:19] <INTERRUPT>
[2026/09/11 10:52:19] =>
[2026/09/11 10:52:19] 发送(hex): 20
[2026/09/11 10:52:19] =>
[2026/09/11 10:52:19] 发送(hex): 03
[2026/09/11 10:52:19] 发送(hex): 0d
[2026/09/11 10:52:19] <INTERRUPT>
[2026/09/11 10:52:19] =>
[2026/09/11 10:52:19] 发送(hex): 20
[2026/09/11 10:52:19] =>
[2026/09/11 10:52:19] 发送(hex): 03
[2026/09/11 10:52:19] 发送(hex): 0d
[2026/09/11 10:52:19] <INTERRUPT>
[2026/09/11 10:52:19] =>
[2026/09/11 10:52:19] 发送(hex): 20
[2026/09/11 10:52:19] =>
[2026/09/11 10:52:19] 发送(hex): 03
[2026/09/11 10:52:19] 发送(hex): 0d
[2026/09/11 10:52:19] <INTERRUPT>
[2026/09/11 10:52:19] =>
[2026/09/11 10:52:19] 发送(hex): 20
[2026/09/11 10:52:19] =>
[2026/09/11 10:52:19] 发送(hex): 03
[2026/09/11 10:52:19] 发送(hex): 0d
[2026/09/11 10:52:19] <INTERRUPT>
[2026/09/11 10:52:19] =>
[2026/09/11 10:52:19] 发送(hex): 20
[2026/09/11 10:52:19] =>
[2026/09/11 10:52:19] 发送(hex): 03
[2026/09/11 10:52:19] 发送(hex): 0d
[2026/09/11 10:52:19] 发送(hex): 20
[2026/09/11 10:52:19] <INTERRUPT>
[2026/09/11 10:52:19] =>
[2026/09/11 10:52:19] =>
[2026/09/11 10:52:19] 发送(hex): 03
[2026/09/11 10:52:19] 发送(hex): 0d
[2026/09/11 10:52:19] 发送(hex): 20
[2026/09/11 10:52:19] <INTERRUPT>
[2026/09/11 10:52:19] =>
[2026/09/11 10:52:19] =>
[2026/09/11 10:52:19] 发送(hex): 03
[2026/09/11 10:52:19] 发送(hex): 0d
[2026/09/11 10:52:19] 发送(hex): 20
[2026/09/11 10:52:19] <INTERRUPT>
[2026/09/11 10:52:19] =>
[2026/09/11 10:52:19] =>
[2026/09/11 10:52:19] 发送(hex): 03
[2026/09/11 10:52:19] 发送(hex): 0d
[2026/09/11 10:52:19] 发送(hex): 20
[2026/09/11 10:52:19] <INTERRUPT>
[2026/09/11 10:52:19] =>
[2026/09/11 10:52:19] =>
[2026/09/11 10:52:19] 发送(hex): 03
[2026/09/11 10:52:19] 发送(hex): 0d
[2026/09/11 10:52:20] 发送(hex): 20
[2026/09/11 10:52:20] <INTERRUPT>
[2026/09/11 10:52:20] =>
[2026/09/11 10:52:20] =>
[2026/09/11 10:52:20] 发送(hex): 03
[2026/09/11 10:52:20] 发送(hex): 0d
[2026/09/11 10:52:20] 发送(hex): 20
[2026/09/11 10:52:20] <INTERRUPT>
[2026/09/11 10:52:20] =>
[2026/09/11 10:52:20] =>
[2026/09/11 10:52:20] 发送(hex): 03
[2026/09/11 10:52:20] 发送(hex): 0d
[2026/09/11 10:52:20] 发送(hex): 20
[2026/09/11 10:52:20] <INTERRUPT>
[2026/09/11 10:52:20] =>
[2026/09/11 10:52:20] =>
[2026/09/11 10:52:20] 发送(hex): 03
[2026/09/11 10:52:20] 发送(hex): 0d
[2026/09/11 10:52:20] 发送(hex): 20
[2026/09/11 10:52:20] <INTERRUPT>
[2026/09/11 10:52:20] =>
[2026/09/11 10:52:20] =>
[2026/09/11 10:52:20] 发送(hex): 03
[2026/09/11 10:52:20] 发送(hex): 0d
[2026/09/11 10:52:20] 发送(hex): 20
[2026/09/11 10:52:20] <INTERRUPT>
[2026/09/11 10:52:20] =>
[2026/09/11 10:52:20] =>
[2026/09/11 10:52:20] 发送(hex): 03
[2026/09/11 10:52:20] 发送(hex): 0d
[2026/09/11 10:52:20] <INTERRUPT>
[2026/09/11 10:52:20] =>
[2026/09/11 10:52:20] 发送(hex): 20
[2026/09/11 10:52:20] 发送(hex): 03
[2026/09/11 10:52:20] =>
[2026/09/11 10:52:20] 发送(hex): 0d
[2026/09/11 10:52:20] <INTERRUPT>
[2026/09/11 10:52:20] =>
[2026/09/11 10:52:20] 发送(hex): 20
[2026/09/11 10:52:20] 发送(hex): 03
[2026/09/11 10:52:20] =>
[2026/09/11 10:52:20] 发送(hex): 0d
[2026/09/11 10:52:20] <INTERRUPT>
[2026/09/11 10:52:20] =>
[2026/09/11 10:52:20] 发送(hex): 20
[2026/09/11 10:52:20] 发送(hex): 03
[2026/09/11 10:52:20] =>
[2026/09/11 10:52:20] 发送(hex): 0d
[2026/09/11 10:52:20] <INTERRUPT>
[2026/09/11 10:52:20] =>
[2026/09/11 10:52:20] 发送(hex): 20
[2026/09/11 10:52:20] =>
[2026/09/11 10:52:20] 发送(hex): 03
[2026/09/11 10:52:20] 发送(hex): 0d
[2026/09/11 10:52:20] <INTERRUPT>
[2026/09/11 10:52:20] =>
[2026/09/11 10:52:20] 发送(hex): 20
[2026/09/11 10:52:20] =>
[2026/09/11 10:52:20] 发送(hex): 03
[2026/09/11 10:52:20] 发送(hex): 0d
[2026/09/11 10:52:20] <INTERRUPT>
[2026/09/11 10:52:20] =>
[2026/09/11 10:52:20] 发送(hex): 20
[2026/09/11 10:52:20] =>
[2026/09/11 10:52:20] 发送(hex): 03
[2026/09/11 10:52:20] 发送(hex): 0d
[2026/09/11 10:52:20] <INTERRUPT>
[2026/09/11 10:52:20] =>
[2026/09/11 10:52:20] 发送(hex): 20
[2026/09/11 10:52:20] =>
[2026/09/11 10:52:20] 发送(hex): 03
[2026/09/11 10:52:20] 发送(hex): 0d
[2026/09/11 10:52:20] <INTERR
[2026/09/11 10:52:20] 发送(hex): 20
[2026/09/11 10:52:20] UPT>
[2026/09/11 10:52:20] =>
[2026/09/11 10:52:20] =>
[2026/09/11 10:52:20] 发送(hex): 03
[2026/09/11 10:52:20] 发送(hex): 0d
[2026/09/11 10:52:20] 发送(hex): 20
[2026/09/11 10:52:20] <INTERRUPT>
[2026/09/11 10:52:20] =>
[2026/09/11 10:52:20] =>
[2026/09/11 10:52:20] 发送(hex): 03
[2026/09/11 10:52:20] 发送(hex): 0d
[2026/09/11 10:52:20] 发送(hex): 20
[2026/09/11 10:52:20] <INTERRUPT>
[2026/09/11 10:52:20] =>
[2026/09/11 10:52:20] =>
[2026/09/11 10:52:20] 发送(hex): 03
[2026/09/11 10:52:20] 发送(hex): 0d
[2026/09/11 10:52:20] 发送(hex): 20
[2026/09/11 10:52:20] <INTERRUPT>
[2026/09/11 10:52:20] =>
[2026/09/11 10:52:20] =>
[2026/09/11 10:52:20] 发送(hex): 03
[2026/09/11 10:52:20] 发送(hex): 0d
[2026/09/11 10:52:20] 发送(hex): 20
[2026/09/11 10:52:20] <INTERRUPT>
[2026/09/11 10:52:20] =>
[2026/09/11 10:52:20] =>
[2026/09/11 10:52:20] 发送(hex): 03
[2026/09/11 10:52:20] 发送(hex): 0d
[2026/09/11 10:52:20] 发送(hex): 20
[2026/09/11 10:52:20] <INTERRUPT>
[2026/09/11 10:52:20] =>
[2026/09/11 10:52:20] =>
[2026/09/11 10:52:20] 发送(hex): 03
[2026/09/11 10:52:20] 发送(hex): 0d
[2026/09/11 10:52:20] 发送(hex): 20
[2026/09/11 10:52:20] <INTERRUPT>
[2026/09/11 10:52:20] =>
[2026/09/11 10:52:20] =>
[2026/09/11 10:52:20] 发送(hex): 03
[2026/09/11 10:52:20] 发送(hex): 0d
[2026/09/11 10:52:20] <INTERRUPT>
[2026/09/11 10:52:20] =>
[2026/09/11 10:52:20] 发送(hex): 20
[2026/09/11 10:52:20] 发送(hex): 03
[2026/09/11 10:52:20] =>
[2026/09/11 10:52:20] 发送(hex): 0d
[2026/09/11 10:52:20] <INTERRUPT>
[2026/09/11 10:52:20] =>
[2026/09/11 10:52:20] 发送(hex): 20
[2026/09/11 10:52:20] 发送(hex): 03
[2026/09/11 10:52:20] =>
[2026/09/11 10:52:20] 发送(hex): 0d
[2026/09/11 10:52:20] <INTERRUPT>
[2026/09/11 10:52:20] =>
[2026/09/11 10:52:20] 发送(hex): 20
[2026/09/11 10:52:20] 发送(hex): 03
[2026/09/11 10:52:20] =>
[2026/09/11 10:52:20] 发送(hex): 0d
[2026/09/11 10:52:20] <INTERRUPT>
[2026/09/11 10:52:20] =>
[2026/09/11 10:52:20] 发送(hex): 20
[2026/09/11 10:52:20] 发送(hex): 03
[2026/09/11 10:52:20] =>
[2026/09/11 10:52:20] 发送(hex): 0d
[2026/09/11 10:52:20] <INTERRUPT>
[2026/09/11 10:52:20] =>
[2026/09/11 10:52:20] 发送(hex): 20
[2026/09/11 10:52:20] 发送(hex): 03
[2026/09/11 10:52:20] =>
[2026/09/11 10:52:20] 发送(hex): 0d
[2026/09/11 10:52:20] <INTERRUPT>
[2026/09/11 10:52:20] =>
[2026/09/11 10:52:20] 发送(hex): 20
[2026/09/11 10:52:20] =>
[2026/09/11 10:52:20] 发送(hex): 03
[2026/09/11 10:52:20] 发送(hex): 0d
[2026/09/11 10:52:20] <INTERRUPT>
[2026/09/11 10:52:20] =>
[2026/09/11 10:52:20] 发送(hex): 20
[2026/09/11 10:52:20] =>
[2026/09/11 10:52:20] 发送(hex): 03
[2026/09/11 10:52:20] 发送(hex): 0d
[2026/09/11 10:52:20] <INTERRUPT>
[2026/09/11 10:52:20] =>
[2026/09/11 10:52:20] 发送(hex): 20
[2026/09/11 10:52:20] =>
[2026/09/11 10:52:20] 发送(hex): 03
[2026/09/11 10:52:20] 发送(hex): 0d
[2026/09/11 10:52:20] <INTERRUPT>
[2026/09/11 10:52:20] =>
[2026/09/11 10:52:20] 发送(hex): 20
[2026/09/11 10:52:20] =>
[2026/09/11 10:52:20] 发送(hex): 03
[2026/09/11 10:52:20] 发送(hex): 0d
[2026/09/11 10:52:20] <IN
[2026/09/11 10:52:20] 发送(hex): 20
[2026/09/11 10:52:20] TERRUPT>
[2026/09/11 10:52:20] =>
[2026/09/11 10:52:20] =>
[2026/09/11 10:52:20] 发送(hex): 03
[2026/09/11 10:52:20] 发送(hex): 0d
[2026/09/11 10:52:20] 发送(hex): 20
[2026/09/11 10:52:20] <INTERRUPT>
[2026/09/11 10:52:20] =>
[2026/09/11 10:52:20] =>
[2026/09/11 10:52:20] 发送(hex): 03
[2026/09/11 10:52:20] 发送(hex): 0d
[2026/09/11 10:52:20] 发送(hex): 20
[2026/09/11 10:52:20] <INTERRUPT>
[2026/09/11 10:52:20] =>
[2026/09/11 10:52:20] =>
[2026/09/11 10:52:21] 发送(hex): 03
[2026/09/11 10:52:21] 发送(hex): 0d
[2026/09/11 10:52:21] 发送(hex): 20
[2026/09/11 10:52:21] <INTERRUPT>
[2026/09/11 10:52:21] =>
[2026/09/11 10:52:21] =>
[2026/09/11 10:52:21] 发送(hex): 03
[2026/09/11 10:52:21] 发送(hex): 0d
[2026/09/11 10:52:21] 发送(hex): 20
[2026/09/11 10:52:21] <INTERRUPT>
[2026/09/11 10:52:21] =>
[2026/09/11 10:52:21] =>
[2026/09/11 10:52:21] 发送(hex): 03
[2026/09/11 10:52:21] 发送(hex): 0d
[2026/09/11 10:52:21] <INTERRUPT>
[2026/09/11 10:52:21] =>
[2026/09/11 10:52:21] 发送(hex): 20
[2026/09/11 10:52:21] 发送(hex): 03
[2026/09/11 10:52:21] =>
[2026/09/11 10:52:21] 发送(hex): 0d
[2026/09/11 10:52:21] <INTERRUPT>
[2026/09/11 10:52:21] =>
[2026/09/11 10:52:21] 发送(hex): 20
[2026/09/11 10:52:21] 发送(hex): 03
[2026/09/11 10:52:21] =>
[2026/09/11 10:52:21] 发送(hex): 0d
[2026/09/11 10:52:21] <INTERRUPT>
[2026/09/11 10:52:21] =>
[2026/09/11 10:52:21] 发送(hex): 20
[2026/09/11 10:52:21] =>
[2026/09/11 10:52:21] 发送(hex): 03
[2026/09/11 10:52:21] 发送(hex): 0d
[2026/09/11 10:52:21] <INTE
[2026/09/11 10:52:21] 发送(hex): 20
[2026/09/11 10:52:21] RRUPT>
[2026/09/11 10:52:21] =>
[2026/09/11 10:52:21] =>
[2026/09/11 10:52:21] 发送(hex): 03
[2026/09/11 10:52:21] 发送(hex): 0d
[2026/09/11 10:52:21] 发送(hex): 20
[2026/09/11 10:52:21] <INTERRUPT>
[2026/09/11 10:52:21] =>
[2026/09/11 10:52:21] =>
[2026/09/11 10:52:21] 发送(hex): 03
[2026/09/11 10:52:21] 发送(hex): 0d
[2026/09/11 10:52:21] <INTERRUPT>
[2026/09/11 10:52:21] =>
[2026/09/11 10:52:21] 发送(hex): 20
[2026/09/11 10:52:21] 发送(hex): 03
[2026/09/11 10:52:21] =>
[2026/09/11 10:52:21] 发送(hex): 0d
[2026/09/11 10:52:21] <INTERRUPT>
[2026/09/11 10:52:21] =>
[2026/09/11 10:52:21] 发送(hex): 20
[2026/09/11 10:52:21] 发送(hex): 03
[2026/09/11 10:52:21] =>
[2026/09/11 10:52:21] 发送(hex): 0d
[2026/09/11 10:52:21] <INTERRUPT>
[2026/09/11 10:52:21] =>
[2026/09/11 10:52:21] 发送(hex): 20
[2026/09/11 10:52:21] 发送(hex): 03
[2026/09/11 10:52:21] =>
[2026/09/11 10:52:21] 发送(hex): 0d
[2026/09/11 10:52:21] <INTERRUPT>
[2026/09/11 10:52:21] =>
[2026/09/11 10:52:21] 发送(hex): 20
[2026/09/11 10:52:21] =>
[2026/09/11 10:52:21] 发送(hex): 03
[2026/09/11 10:52:21] 发送(hex): 0d
[2026/09/11 10:52:21] 发送(hex): 20
[2026/09/11 10:52:21] <INTERRUPT>
[2026/09/11 10:52:21] =>
[2026/09/11 10:52:21] =>
[2026/09/11 10:52:21] 发送(hex): 03
[2026/09/11 10:52:21] 发送(hex): 0d
[2026/09/11 10:52:21] 发送(hex): 20
[2026/09/11 10:52:21] <INTERRUPT>
[2026/09/11 10:52:21] =>
[2026/09/11 10:52:21] =>
[2026/09/11 10:52:21] 发送(hex): 03
[2026/09/11 10:52:21] 发送(hex): 0d
[2026/09/11 10:52:21] 发送(hex): 20
[2026/09/11 10:52:21] <INTERRUPT>
[2026/09/11 10:52:21] =>
[2026/09/11 10:52:21] =>
[2026/09/11 10:52:21] 发送(hex): 03
[2026/09/11 10:52:21] 发送(hex): 0d
[2026/09/11 10:52:21] 发送(hex): 20
[2026/09/11 10:52:21] <INTERRUPT>
[2026/09/11 10:52:21] =>
[2026/09/11 10:52:21] =>
[2026/09/11 10:52:21] 发送(hex): 03
[2026/09/11 10:52:21] 发送(hex): 0d
[2026/09/11 10:52:21] <INTERRUPT>
[2026/09/11 10:52:21] =>
[2026/09/11 10:52:21] 发送(hex): 20
[2026/09/11 10:52:21] 发送(hex): 03
[2026/09/11 10:52:21] =>
[2026/09/11 10:52:21] 发送(hex): 0d
[2026/09/11 10:52:21] <INTERRUPT>
[2026/09/11 10:52:21] =>
[2026/09/11 10:52:21] 发送(hex): 20
[2026/09/11 10:52:21] =>
[2026/09/11 10:52:21] 发送(hex): 03
[2026/09/11 10:52:21] 发送(hex): 0d
[2026/09/11 10:52:21] <INTERRUPT>
[2026/09/11 10:52:21] =>
[2026/09/11 10:52:21] 发送(hex): 20
[2026/09/11 10:52:21] =>
[2026/09/11 10:52:21] 发送(hex): 03
[2026/09/11 10:52:21] 发送(hex): 0d
[2026/09/11 10:52:21] <INTERRUPT>
[2026/09/11 10:52:21] =>
[2026/09/11 10:52:21] 发送(hex): 20
[2026/09/11 10:52:21] =>
[2026/09/11 10:52:21] 发送(hex): 03
[2026/09/11 10:52:21] 发送(hex): 0d
[2026/09/11 10:52:21] <INTERRUPT>
[2026/09/11 10:52:21] =>
[2026/09/11 10:52:21] 发送(hex): 20
[2026/09/11 10:52:21] =>
[2026/09/11 10:52:21] 发送(hex): 03
[2026/09/11 10:52:21] 发送(hex): 0d
[2026/09/11 10:52:21] <INTERRUPT>
[2026/09/11 10:52:21] =>
[2026/09/11 10:52:21] 发送(hex): 20
[2026/09/11 10:52:21] =>
[2026/09/11 10:52:21] 发送(hex): 03
[2026/09/11 10:52:21] 发送(hex): 0d
[2026/09/11 10:52:21] 发送(hex): 20
[2026/09/11 10:52:21] <INTERRUPT>
[2026/09/11 10:52:21] =>
[2026/09/11 10:52:21] =>
[2026/09/11 10:52:21] 发送(hex): 03
[2026/09/11 10:52:21] 发送(hex): 0d
[2026/09/11 10:52:21] 发送(hex): 20
[2026/09/11 10:52:21] <INTERRUPT>
[2026/09/11 10:52:21] =>
[2026/09/11 10:52:21] =>
[2026/09/11 10:52:21] 发送(hex): 03
[2026/09/11 10:52:21] 发送(hex): 0d
[2026/09/11 10:52:21] <INTERRUPT>
[2026/09/11 10:52:21] =>
[2026/09/11 10:52:21] 发送(hex): 20
[2026/09/11 10:52:21] 发送(hex): 03
[2026/09/11 10:52:21] =>
[2026/09/11 10:52:21] 发送(hex): 0d
[2026/09/11 10:52:21] <INTERRUPT>
[2026/09/11 10:52:21] =>
[2026/09/11 10:52:21] 发送(hex): 20
[2026/09/11 10:52:21] =>
[2026/09/11 10:52:21] 发送(hex): 03
[2026/09/11 10:52:21] 发送(hex): 0d
[2026/09/11 10:52:21] <INTERRUPT>
[2026/09/11 10:52:21] =>
[2026/09/11 10:52:21] 发送(hex): 20
[2026/09/11 10:52:21] =>
[2026/09/11 10:52:21] 发送(hex): 03
[2026/09/11 10:52:21] 发送(hex): 0d
[2026/09/11 10:52:21] <INTERRUPT>
[2026/09/11 10:52:21] =>
[2026/09/11 10:52:21] 发送(hex): 20
[2026/09/11 10:52:21] =>
[2026/09/11 10:52:21] 发送(hex): 03
[2026/09/11 10:52:21] 发送(hex): 0d
[2026/09/11 10:52:21] <INTERRUPT>
[2026/09/11 10:52:21] =>
[2026/09/11 10:52:21] 发送(hex): 20
[2026/09/11 10:52:21] =>
[2026/09/11 10:52:21] 发送(hex): 03
[2026/09/11 10:52:21] 发送(hex): 0d
[2026/09/11 10:52:21] <INTERRUPT>
[2026/09/11 10:52:21] =>
[2026/09/11 10:52:21] 发送(hex): 20
[2026/09/11 10:52:21] =>
[2026/09/11 10:52:22] 发送(hex): 03
[2026/09/11 10:52:22] 发送(hex): 0d
[2026/09/11 10:52:22] <INTERRUPT>
[2026/09/11 10:52:22] =>
[2026/09/11 10:52:22] 发送(hex): 20
[2026/09/11 10:52:22] =>
[2026/09/11 10:52:22] 发送(hex): 03
[2026/09/11 10:52:22] 发送(hex): 0d
[2026/09/11 10:52:22] <INTERRUPT>
[2026/09/11 10:52:22] =>
[2026/09/11 10:52:22] 发送(hex): 20
[2026/09/11 10:52:22] =>
[2026/09/11 10:52:22] 发送(hex): 03
[2026/09/11 10:52:22] 发送(hex): 0d
[2026/09/11 10:52:22] <INTERRUPT>
[2026/09/11 10:52:22] =>
[2026/09/11 10:52:22] 发送(hex): 20
[2026/09/11 10:52:22] =>
[2026/09/11 10:52:22] 发送(hex): 03
[2026/09/11 10:52:22] 发送(hex): 0d
[2026/09/11 10:52:22] <INTERR
[2026/09/11 10:52:22] 发送(hex): 20
[2026/09/11 10:52:22] UPT>
[2026/09/11 10:52:22] =>
[2026/09/11 10:52:22] =>
[2026/09/11 10:52:22] 发送(hex): 03
[2026/09/11 10:52:22] 发送(hex): 0d
[2026/09/11 10:52:22] 发送(hex): 20
[2026/09/11 10:52:22] <INTERRUPT>
[2026/09/11 10:52:22] =>
[2026/09/11 10:52:22] =>
[2026/09/11 10:52:22] 发送(hex): 03
[2026/09/11 10:52:22] 发送(hex): 0d
[2026/09/11 10:52:22] 发送(hex): 20
[2026/09/11 10:52:22] <INTERRUPT>
[2026/09/11 10:52:22] =>
[2026/09/11 10:52:22] =>
[2026/09/11 10:52:22] 发送(hex): 03
[2026/09/11 10:52:22] 发送(hex): 0d
[2026/09/11 10:52:22] 发送(hex): 20
[2026/09/11 10:52:22] <INTERRUPT>
[2026/09/11 10:52:22] =>
[2026/09/11 10:52:22] =>
[2026/09/11 10:52:22] 发送(hex): 03
[2026/09/11 10:52:22] 发送(hex): 0d
[2026/09/11 10:52:22] 发送(hex): 20
[2026/09/11 10:52:22] <INTERRUPT>
[2026/09/11 10:52:22] =>
[2026/09/11 10:52:22] =>
[2026/09/11 10:52:22] 发送(hex): 03
[2026/09/11 10:52:22] 发送(hex): 0d
[2026/09/11 10:52:22] 发送(hex): 20
[2026/09/11 10:52:22] <INTERRUPT>
[2026/09/11 10:52:22] =>
[2026/09/11 10:52:22] =>
[2026/09/11 10:52:22] 发送(hex): 03
[2026/09/11 10:52:22] 发送(hex): 0d
[2026/09/11 10:52:22] 发送(hex): 20
[2026/09/11 10:52:22] <INTERRUPT>
[2026/09/11 10:52:22] =>
[2026/09/11 10:52:22] =>
[2026/09/11 10:52:22] 发送(hex): 03
[2026/09/11 10:52:22] 发送(hex): 0d
[2026/09/11 10:52:22] <INTERRUPT>
[2026/09/11 10:52:22] =>
[2026/09/11 10:52:22] 发送(hex): 20
[2026/09/11 10:52:22] 发送(hex): 03
[2026/09/11 10:52:22] =>
[2026/09/11 10:52:22] 发送(hex): 0d
[2026/09/11 10:52:22] <INTERRUPT>
[2026/09/11 10:52:22] =>
[2026/09/11 10:52:22] 发送(hex): 20
[2026/09/11 10:52:22] 发送(hex): 03
[2026/09/11 10:52:22] =>
[2026/09/11 10:52:22] 发送(hex): 0d
[2026/09/11 10:52:22] <INTERRUPT>
[2026/09/11 10:52:22] =>
[2026/09/11 10:52:22] 发送(hex): 20
[2026/09/11 10:52:22] 发送(hex): 03
[2026/09/11 10:52:22] =>
[2026/09/11 10:52:22] 发送(hex): 0d
[2026/09/11 10:52:22] <INTERRUPT>
[2026/09/11 10:52:22] =>
[2026/09/11 10:52:22] 发送(hex): 20
[2026/09/11 10:52:22] 发送(hex): 03
[2026/09/11 10:52:22] =>
[2026/09/11 10:52:22] 发送(hex): 0d
[2026/09/11 10:52:22] <INTERRUPT>
[2026/09/11 10:52:22] =>
[2026/09/11 10:52:22] 发送(hex): 20
[2026/09/11 10:52:22] =>
[2026/09/11 10:52:22] 发送(hex): 03
[2026/09/11 10:52:22] 发送(hex): 0d
[2026/09/11 10:52:22] <INTERRUPT>
[2026/09/11 10:52:22] =>
[2026/09/11 10:52:22] 发送(hex): 20
[2026/09/11 10:52:22] =>
[2026/09/11 10:52:22] 发送(hex): 03
[2026/09/11 10:52:22] 发送(hex): 0d
[2026/09/11 10:52:22] <INTERRUPT>
[2026/09/11 10:52:22] =>
[2026/09/11 10:52:22] 发送(hex): 20
[2026/09/11 10:52:22] =>
[2026/09/11 10:52:22] 发送(hex): 03
[2026/09/11 10:52:22] 发送(hex): 0d
[2026/09/11 10:52:22] <INTERRUPT>
[2026/09/11 10:52:22] =>
[2026/09/11 10:52:22] 发送(hex): 20
[2026/09/11 10:52:22] =>
[2026/09/11 10:52:22] 发送(hex): 03
[2026/09/11 10:52:22] 发送(hex): 0d
[2026/09/11 10:52:22] <INTERR
[2026/09/11 10:52:22] 发送(hex): 20
[2026/09/11 10:52:22] UPT>
[2026/09/11 10:52:22] =>
[2026/09/11 10:52:22] =>
[2026/09/11 10:52:22] 发送(hex): 03
[2026/09/11 10:52:22] 发送(hex): 0d
[2026/09/11 10:52:22] 发送(hex): 20
[2026/09/11 10:52:22] <INTERRUPT>
[2026/09/11 10:52:22] =>
[2026/09/11 10:52:22] =>
[2026/09/11 10:52:22] 发送(hex): 03
[2026/09/11 10:52:22] 发送(hex): 0d
[2026/09/11 10:52:22] 发送(hex): 20
[2026/09/11 10:52:22] <INTERRUPT>
[2026/09/11 10:52:22] =>
[2026/09/11 10:52:22] =>
[2026/09/11 10:52:22] 发送(hex): 03
[2026/09/11 10:52:22] 发送(hex): 0d
[2026/09/11 10:52:22] 发送(hex): 20
[2026/09/11 10:52:22] <INTERRUPT>
[2026/09/11 10:52:22] =>
[2026/09/11 10:52:22] =>
[2026/09/11 10:52:22] 发送(hex): 03
[2026/09/11 10:52:22] 发送(hex): 0d
[2026/09/11 10:52:22] <INTERRUPT>
[2026/09/11 10:52:22] =>
[2026/09/11 10:52:22] 发送(hex): 20
[2026/09/11 10:52:22] 发送(hex): 03
[2026/09/11 10:52:22] =>
[2026/09/11 10:52:22] 发送(hex): 0d
[2026/09/11 10:52:22] <INTERRUPT>
[2026/09/11 10:52:22] =>
[2026/09/11 10:52:22] 发送(hex): 20
[2026/09/11 10:52:22] 发送(hex): 03
[2026/09/11 10:52:22] =>
[2026/09/11 10:52:22] 发送(hex): 0d
[2026/09/11 10:52:22] <INTERRUPT>
[2026/09/11 10:52:22] =>
[2026/09/11 10:52:22] 发送(hex): 20
[2026/09/11 10:52:22] 发送(hex): 03
[2026/09/11 10:52:22] =>
[2026/09/11 10:52:22] 发送(hex): 0d
[2026/09/11 10:52:22] <INTERRUPT>
[2026/09/11 10:52:22] =>
[2026/09/11 10:52:22] 发送(hex): 20
[2026/09/11 10:52:22] 发送(hex): 03
[2026/09/11 10:52:22] =>
[2026/09/11 10:52:22] 发送(hex): 0d
[2026/09/11 10:52:22] <INTERRUPT>
[2026/09/11 10:52:22] =>
[2026/09/11 10:52:22] 发送(hex): 20
[2026/09/11 10:52:22] =>
[2026/09/11 10:52:22] 发送(hex): 03
[2026/09/11 10:52:22] 发送(hex): 0d
[2026/09/11 10:52:22] <INTERRUPT>
[2026/09/11 10:52:22] =>
[2026/09/11 10:52:22] 发送(hex): 20
[2026/09/11 10:52:22] =>
[2026/09/11 10:52:22] 发送(hex): 03
[2026/09/11 10:52:22] 发送(hex): 0d
[2026/09/11 10:52:22] <INTERRUPT>
[2026/09/11 10:52:22] =>
[2026/09/11 10:52:22] 发送(hex): 20
[2026/09/11 10:52:22] =>
[2026/09/11 10:52:22] 发送(hex): 03
[2026/09/11 10:52:22] 发送(hex): 0d
[2026/09/11 10:52:22] <INTERRUPT>
[2026/09/11 10:52:22] =>
[2026/09/11 10:52:22] 发送(hex): 20
[2026/09/11 10:52:22] =>
[2026/09/11 10:52:22] 发送(hex): 03
[2026/09/11 10:52:23] 发送(hex): 0d
[2026/09/11 10:52:23] <INTERRUPT>
[2026/09/11 10:52:23] 发送(hex): 20
[2026/09/11 10:52:23] =>
[2026/09/11 10:52:23] =>
[2026/09/11 10:52:23] 发送(hex): 03
[2026/09/11 10:52:23] <
[2026/09/11 10:52:23] 发送(hex): 0d
[2026/09/11 10:52:23] 发送(hex): 20
[2026/09/11 10:52:23] INTERRUPT>
[2026/09/11 10:52:23] =>
[2026/09/11 10:52:23] =>
[2026/09/11 10:52:23] 发送(hex): 03
[2026/09/11 10:52:23] 发送(hex): 0d
[2026/09/11 10:52:23] 发送(hex): 20
[2026/09/11 10:52:23] <INTERRUPT>
[2026/09/11 10:52:23] =>
[2026/09/11 10:52:23] =>
[2026/09/11 10:52:23] 发送(hex): 03
[2026/09/11 10:52:23] 发送(hex): 0d
[2026/09/11 10:52:23] 发送(hex): 20
[2026/09/11 10:52:23] <INTERRUPT>
[2026/09/11 10:52:23] =>
[2026/09/11 10:52:23] 发送(hex): 03
[2026/09/11 10:52:23] =>
[2026/09/11 10:52:23] 发送(hex): 0d
[2026/09/11 10:52:23] <INTERRUPT>
[2026/09/11 10:52:23] =>
[2026/09/11 10:52:23] 发送(hex): 20
[2026/09/11 10:52:23] 发送(hex): 03
[2026/09/11 10:52:23] =>
[2026/09/11 10:52:23] 发送(hex): 0d
[2026/09/11 10:52:23] <INTERRUPT>
[2026/09/11 10:52:23] =>
[2026/09/11 10:52:23] 发送(hex): 20
[2026/09/11 10:52:23] 发送(hex): 03
[2026/09/11 10:52:23] =>
[2026/09/11 10:52:23] 发送(hex): 0d
[2026/09/11 10:52:23] <INTERRUPT>
[2026/09/11 10:52:23] =>
[2026/09/11 10:52:23] 发送(hex): 20
[2026/09/11 10:52:23] 发送(hex): 03
[2026/09/11 10:52:23] =>
[2026/09/11 10:52:23] 发送(hex): 0d
[2026/09/11 10:52:23] <INTERRUPT>
[2026/09/11 10:52:23] =>
[2026/09/11 10:52:23] 发送(hex): 20
[2026/09/11 10:52:23] 发送(hex): 03
[2026/09/11 10:52:23] =>
[2026/09/11 10:52:23] 发送(hex): 0d
[2026/09/11 10:52:23] <INTERRUPT>
[2026/09/11 10:52:23] =>
[2026/09/11 10:52:23] 发送(hex): 20
[2026/09/11 10:52:23] 发送(hex): 03
[2026/09/11 10:52:23] =>
[2026/09/11 10:52:23] 发送(hex): 0d
[2026/09/11 10:52:23] <INTERRUPT>
[2026/09/11 10:52:23] =>
[2026/09/11 10:52:23] 发送(hex): 20
[2026/09/11 10:52:23] 发送(hex): 03
[2026/09/11 10:52:23] =>
[2026/09/11 10:52:23] 发送(hex): 0d
[2026/09/11 10:52:23] <INTERRUPT>
[2026/09/11 10:52:23] =>
[2026/09/11 10:52:23] 发送(hex): 20
[2026/09/11 10:52:23] 发送(hex): 03
[2026/09/11 10:52:23] =>
[2026/09/11 10:52:23] 发送(hex): 0d
[2026/09/11 10:52:23] <INTERRUPT>
[2026/09/11 10:52:23] =>
[2026/09/11 10:52:23] 发送(hex): 20
[2026/09/11 10:52:23] =>
[2026/09/11 10:52:23] 发送(hex): 03
[2026/09/11 10:52:23] 发送(hex): 0d
[2026/09/11 10:52:23] <INTERRUPT>
[2026/09/11 10:52:23] =>
[2026/09/11 10:52:23] 发送(hex): 20
[2026/09/11 10:52:23] =>
[2026/09/11 10:52:23] 发送(hex): 03
[2026/09/11 10:52:23] 发送(hex): 0d
[2026/09/11 10:52:23] <INTERRUPT>
[2026/09/11 10:52:23] =>
[2026/09/11 10:52:23] 发送(hex): 20
[2026/09/11 10:52:23] =>
[2026/09/11 10:52:23] 发送(hex): 03
[2026/09/11 10:52:23] 发送(hex): 0d
[2026/09/11 10:52:23] <INTERRUPT>
[2026/09/11 10:52:23] 发送(hex): 20
[2026/09/11 10:52:23] =>
[2026/09/11 10:52:23] =>
[2026/09/11 10:52:23] 发送(hex): 03
[2026/09/11 10:52:23] 发送(hex): 0d
[2026/09/11 10:52:23] <INTERR
[2026/09/11 10:52:23] 发送(hex): 20
[2026/09/11 10:52:23] UPT>
[2026/09/11 10:52:23] =>
[2026/09/11 10:52:23] =>
[2026/09/11 10:52:23] 发送(hex): 03
[2026/09/11 10:52:23] 发送(hex): 0d
[2026/09/11 10:52:23] 发送(hex): 20
[2026/09/11 10:52:23] <INTERRUPT>
[2026/09/11 10:52:23] =>
[2026/09/11 10:52:23] =>
[2026/09/11 10:52:23] 发送(hex): 03
[2026/09/11 10:52:23] 发送(hex): 0d
[2026/09/11 10:52:23] 发送(hex): 20
[2026/09/11 10:52:23] <INTERRUPT>
[2026/09/11 10:52:23] =>
[2026/09/11 10:52:23] =>
[2026/09/11 10:52:23] 发送(hex): 03
[2026/09/11 10:52:23] 发送(hex): 0d
[2026/09/11 10:52:23] 发送(hex): 20
[2026/09/11 10:52:23] <INTERRUPT>
[2026/09/11 10:52:23] =>
[2026/09/11 10:52:23] =>
[2026/09/11 10:52:23] 发送(hex): 03
[2026/09/11 10:52:23] 发送(hex): 0d
[2026/09/11 10:52:23] <INTERRUPT>
[2026/09/11 10:52:23] =>
[2026/09/11 10:52:23] 发送(hex): 20
[2026/09/11 10:52:23] =>
[2026/09/11 10:52:23] 发送(hex): 03
[2026/09/11 10:52:23] 发送(hex): 0d
[2026/09/11 10:52:23] <INTERRUPT>
[2026/09/11 10:52:23] =>
[2026/09/11 10:52:23] 发送(hex): 20
[2026/09/11 10:52:23] =>
[2026/09/11 10:52:23] 发送(hex): 03
[2026/09/11 10:52:23] 发送(hex): 0d
[2026/09/11 10:52:23] <INTERRUPT>
[2026/09/11 10:52:23] =>
[2026/09/11 10:52:23] 发送(hex): 20
[2026/09/11 10:52:23] =>
[2026/09/11 10:52:23] 发送(hex): 03
[2026/09/11 10:52:23] 发送(hex): 0d
[2026/09/11 10:52:23] <INTERRUPT>
[2026/09/11 10:52:23] =>
[2026/09/11 10:52:23] 发送(hex): 20
[2026/09/11 10:52:23] =>
[2026/09/11 10:52:23] 发送(hex): 03
[2026/09/11 10:52:23] 发送(hex): 0d
[2026/09/11 10:52:23] <INTERRUPT>
[2026/09/11 10:52:23] =>
[2026/09/11 10:52:23] 发送(hex): 20
[2026/09/11 10:52:23] =>
[2026/09/11 10:52:23] 发送(hex): 03
[2026/09/11 10:52:23] 发送(hex): 0d
[2026/09/11 10:52:23] <INTERRU
[2026/09/11 10:52:23] 发送(hex): 20
[2026/09/11 10:52:23] PT>
[2026/09/11 10:52:23] =>
[2026/09/11 10:52:23] =>
[2026/09/11 10:52:23] 发送(hex): 03
[2026/09/11 10:52:23] 发送(hex): 0d
[2026/09/11 10:52:23] 发送(hex): 20
[2026/09/11 10:52:23] <INTERRUPT>
[2026/09/11 10:52:23] =>
[2026/09/11 10:52:23] =>
[2026/09/11 10:52:23] 发送(hex): 03
[2026/09/11 10:52:23] 发送(hex): 0d
[2026/09/11 10:52:23] 发送(hex): 20
[2026/09/11 10:52:23] <INTERRUPT>
[2026/09/11 10:52:23] =>
[2026/09/11 10:52:23] =>
[2026/09/11 10:52:23] 发送(hex): 03
[2026/09/11 10:52:23] 发送(hex): 0d
[2026/09/11 10:52:23] 发送(hex): 20
[2026/09/11 10:52:23] <INTERRUPT>
[2026/09/11 10:52:23] =>
[2026/09/11 10:52:23] =>
[2026/09/11 10:52:23] 发送(hex): 03
[2026/09/11 10:52:23] 发送(hex): 0d
[2026/09/11 10:52:23] <INTERRUPT>
[2026/09/11 10:52:23] =>
[2026/09/11 10:52:23] 发送(hex): 20
[2026/09/11 10:52:23] 发送(hex): 03
[2026/09/11 10:52:23] =>
[2026/09/11 10:52:23] 发送(hex): 0d
[2026/09/11 10:52:23] <INTERRUPT>
[2026/09/11 10:52:23] =>
[2026/09/11 10:52:23] 发送(hex): 20
[2026/09/11 10:52:24] 发送(hex): 03
[2026/09/11 10:52:24] =>
[2026/09/11 10:52:24] 发送(hex): 0d
[2026/09/11 10:52:24] <INTERRUPT>
[2026/09/11 10:52:24] =>
[2026/09/11 10:52:24] 发送(hex): 20
[2026/09/11 10:52:24] =>
[2026/09/11 10:52:24] 发送(hex): 03
[2026/09/11 10:52:24] 发送(hex): 0d
[2026/09/11 10:52:24] 发送(hex): 20
[2026/09/11 10:52:24] <INTERRUPT>
[2026/09/11 10:52:24] =>
[2026/09/11 10:52:24] =>
[2026/09/11 10:52:24] 发送(hex): 03
[2026/09/11 10:52:24] 发送(hex): 0d
[2026/09/11 10:52:24] 发送(hex): 20
[2026/09/11 10:52:24] <INTERRUPT>
[2026/09/11 10:52:24] =>
[2026/09/11 10:52:24] =>
[2026/09/11 10:52:24] 发送(hex): 03
[2026/09/11 10:52:24] 发送(hex): 0d
[2026/09/11 10:52:24] 发送(hex): 20
[2026/09/11 10:52:24] <INTERRUPT>
[2026/09/11 10:52:24] =>
[2026/09/11 10:52:24] =>
[2026/09/11 10:52:24] 发送(hex): 03
[2026/09/11 10:52:24] 发送(hex): 0d
[2026/09/11 10:52:24] 发送(hex): 20
[2026/09/11 10:52:24] <INTERRUPT>
[2026/09/11 10:52:24] =>
[2026/09/11 10:52:24] =>
[2026/09/11 10:52:24] 发送(hex): 03
[2026/09/11 10:52:24] 发送(hex): 0d
[2026/09/11 10:52:24] <INTERRUPT>
[2026/09/11 10:52:24] =>
[2026/09/11 10:52:24] 发送(hex): 20
[2026/09/11 10:52:24] 发送(hex): 03
[2026/09/11 10:52:24] =>
[2026/09/11 10:52:24] 发送(hex): 0d
[2026/09/11 10:52:24] <INTERRUPT>
[2026/09/11 10:52:24] =>
[2026/09/11 10:52:24] 发送(hex): 20
[2026/09/11 10:52:24] 发送(hex): 03
[2026/09/11 10:52:24] =>
[2026/09/11 10:52:24] 发送(hex): 0d
[2026/09/11 10:52:24] <INTERRUPT>
[2026/09/11 10:52:24] =>
[2026/09/11 10:52:24] 发送(hex): 20
[2026/09/11 10:52:24] =>
[2026/09/11 10:52:24] 发送(hex): 03
[2026/09/11 10:52:24] 发送(hex): 0d
[2026/09/11 10:52:24] 发送(hex): 20
[2026/09/11 10:52:24] <INTERRUPT>
[2026/09/11 10:52:24] =>
[2026/09/11 10:52:24] =>
[2026/09/11 10:52:24] 发送(hex): 03
[2026/09/11 10:52:24] 发送(hex): 0d
[2026/09/11 10:52:24] 发送(hex): 20
[2026/09/11 10:52:24] <INTERRUPT>
[2026/09/11 10:52:24] =>
[2026/09/11 10:52:24] =>
[2026/09/11 10:52:24] 发送(hex): 03
[2026/09/11 10:52:24] 发送(hex): 0d
[2026/09/11 10:52:24] <INTERRUPT>
[2026/09/11 10:52:24] =>
[2026/09/11 10:52:24] 发送(hex): 20
[2026/09/11 10:52:24] 发送(hex): 03
[2026/09/11 10:52:24] =>
[2026/09/11 10:52:24] 发送(hex): 0d
[2026/09/11 10:52:24] <INTERRUPT>
[2026/09/11 10:52:24] =>
[2026/09/11 10:52:24] 发送(hex): 20
[2026/09/11 10:52:24] 发送(hex): 03
[2026/09/11 10:52:24] =>
[2026/09/11 10:52:24] 发送(hex): 0d
[2026/09/11 10:52:24] <INTERRUPT>
[2026/09/11 10:52:24] =>
[2026/09/11 10:52:24] 发送(hex): 20
[2026/09/11 10:52:24] 发送(hex): 03
[2026/09/11 10:52:24] =>
[2026/09/11 10:52:24] 发送(hex): 0d
[2026/09/11 10:52:24] <INTERRUPT>
[2026/09/11 10:52:24] =>
[2026/09/11 10:52:24] 发送(hex): 20
[2026/09/11 10:52:24] 发送(hex): 03
[2026/09/11 10:52:24] =>
[2026/09/11 10:52:24] 发送(hex): 0d
[2026/09/11 10:52:24] <INTERRUPT>
[2026/09/11 10:52:24] =>
[2026/09/11 10:52:24] 发送(hex): 20
[2026/09/11 10:52:24] 发送(hex): 03
[2026/09/11 10:52:24] =>
[2026/09/11 10:52:24] 发送(hex): 0d
[2026/09/11 10:52:24] <INTERRUPT>
[2026/09/11 10:52:24] =>
[2026/09/11 10:52:24] 发送(hex): 20
[2026/09/11 10:52:24] =>
[2026/09/11 10:52:24] 发送(hex): 03
[2026/09/11 10:52:24] 发送(hex): 0d
[2026/09/11 10:52:24] <INTERRUPT>
[2026/09/11 10:52:24] =>
[2026/09/11 10:52:24] 发送(hex): 20
[2026/09/11 10:52:24] =>
[2026/09/11 10:52:24] 发送(hex): 03
[2026/09/11 10:52:24] 发送(hex): 0d
[2026/09/11 10:52:24] <INTERRUPT>
[2026/09/11 10:52:24] =>
[2026/09/11 10:52:24] 发送(hex): 20
[2026/09/11 10:52:24] =>
[2026/09/11 10:52:24] 发送(hex): 03
[2026/09/11 10:52:24] 发送(hex): 0d
[2026/09/11 10:52:24] <INTERRUPT>
[2026/09/11 10:52:24] =>
[2026/09/11 10:52:24] 发送(hex): 20
[2026/09/11 10:52:24] =>
[2026/09/11 10:52:24] 发送(hex): 03
[2026/09/11 10:52:24] 发送(hex): 0d
[2026/09/11 10:52:24] <INTERRUPT>
[2026/09/11 10:52:24] =>
[2026/09/11 10:52:24] 发送(hex): 20
[2026/09/11 10:52:24] =>
[2026/09/11 10:52:24] 发送(hex): 03
[2026/09/11 10:52:24] 发送(hex): 0d
[2026/09/11 10:52:24] <INTERRUPT>
[2026/09/11 10:52:24] =>
[2026/09/11 10:52:24] 发送(hex): 20
[2026/09/11 10:52:24] =>
[2026/09/11 10:52:24] 发送(hex): 03
[2026/09/11 10:52:24] 发送(hex): 0d
[2026/09/11 10:52:24] <INTERRUPT>
[2026/09/11 10:52:24] =>
[2026/09/11 10:52:24] 发送(hex): 20
[2026/09/11 10:52:24] =>
[2026/09/11 10:52:24] 发送(hex): 03
[2026/09/11 10:52:24] 发送(hex): 0d
[2026/09/11 10:52:24] <INTERRUPT>
[2026/09/11 10:52:24] =
[2026/09/11 10:52:24] 发送(hex): 20
[2026/09/11 10:52:24] >
[2026/09/11 10:52:24] =>
[2026/09/11 10:52:24] 发送(hex): 03
[2026/09/11 10:52:24] 发送(hex): 0d
[2026/09/11 10:52:24] <INT
[2026/09/11 10:52:24] 发送(hex): 20
[2026/09/11 10:52:24] ERRUPT>
[2026/09/11 10:52:24] =>
[2026/09/11 10:52:24] =>
[2026/09/11 10:52:24] 发送(hex): 03
[2026/09/11 10:52:24] 发送(hex): 0d
[2026/09/11 10:52:24] 发送(hex): 20
[2026/09/11 10:52:24] <INTERRUPT>
[2026/09/11 10:52:24] =>
[2026/09/11 10:52:24] =>
[2026/09/11 10:52:24] 发送(hex): 03
[2026/09/11 10:52:24] 发送(hex): 0d
[2026/09/11 10:52:24] 发送(hex): 20
[2026/09/11 10:52:24] <INTERRUPT>
[2026/09/11 10:52:24] =>
[2026/09/11 10:52:24] =>
[2026/09/11 10:52:24] 发送(hex): 03
[2026/09/11 10:52:24] 发送(hex): 0d
[2026/09/11 10:52:24] 发送(hex): 20
[2026/09/11 10:52:24] <INTERRUPT>
[2026/09/11 10:52:24] =>
[2026/09/11 10:52:24] =>
[2026/09/11 10:52:24] 发送(hex): 03
[2026/09/11 10:52:24] 发送(hex): 0d
[2026/09/11 10:52:24] 发送(hex): 20
[2026/09/11 10:52:24] <INTERRUPT>
[2026/09/11 10:52:24] =>
[2026/09/11 10:52:24] =>
[2026/09/11 10:52:24] 发送(hex): 03
[2026/09/11 10:52:24] 发送(hex): 0d
[2026/09/11 10:52:24] 发送(hex): 20
[2026/09/11 10:52:24] <INTERRUPT>
[2026/09/11 10:52:24] =>
[2026/09/11 10:52:24] =>
[2026/09/11 10:52:24] 发送(hex): 03
[2026/09/11 10:52:24] 发送(hex): 0d
[2026/09/11 10:52:24] 发送(hex): 20
[2026/09/11 10:52:24] <INTERRUPT>
[2026/09/11 10:52:24] =>
[2026/09/11 10:52:24] =>
[2026/09/11 10:52:25] 发送(hex): 03
[2026/09/11 10:52:25] 发送(hex): 0d
[2026/09/11 10:52:25] 发送(hex): 20
[2026/09/11 10:52:25] <INTERRUPT>
[2026/09/11 10:52:25] =>
[2026/09/11 10:52:25] =>
[2026/09/11 10:52:25] 发送(hex): 03
[2026/09/11 10:52:25] 发送(hex): 0d
[2026/09/11 10:52:25] 发送(hex): 20
[2026/09/11 10:52:25] <INTERRUPT>
[2026/09/11 10:52:25] =>
[2026/09/11 10:52:25] =>
[2026/09/11 10:52:25] 发送(hex): 03
[2026/09/11 10:52:25] 发送(hex): 0d
[2026/09/11 10:52:25] 发送(hex): 20
[2026/09/11 10:52:25] <INTERRUPT>
[2026/09/11 10:52:25] =>
[2026/09/11 10:52:25] =>
[2026/09/11 10:52:25] 发送(hex): 03
[2026/09/11 10:52:25] 发送(hex): 0d
[2026/09/11 10:52:25] <INTERRUPT>
[2026/09/11 10:52:25] =>
[2026/09/11 10:52:25] 发送(hex): 20
[2026/09/11 10:52:25] 发送(hex): 03
[2026/09/11 10:52:25] =>
[2026/09/11 10:52:25] 发送(hex): 0d
[2026/09/11 10:52:25] <INTERRUPT>
[2026/09/11 10:52:25] =>
[2026/09/11 10:52:25] 发送(hex): 20
[2026/09/11 10:52:25] 发送(hex): 03
[2026/09/11 10:52:25] =>
[2026/09/11 10:52:25] 发送(hex): 0d
[2026/09/11 10:52:25] <INTERRUPT>
[2026/09/11 10:52:25] =>
[2026/09/11 10:52:25] 发送(hex): 20
[2026/09/11 10:52:25] 发送(hex): 03
[2026/09/11 10:52:25] =>
[2026/09/11 10:52:25] 发送(hex): 0d
[2026/09/11 10:52:25] <INTERRUPT>
[2026/09/11 10:52:25] =>
[2026/09/11 10:52:25] 发送(hex): 20
[2026/09/11 10:52:25] 发送(hex): 03
[2026/09/11 10:52:25] =>
[2026/09/11 10:52:25] 发送(hex): 0d
[2026/09/11 10:52:25] <INTERRUPT>
[2026/09/11 10:52:25] =>
[2026/09/11 10:52:25] 发送(hex): 20
[2026/09/11 10:52:25] 发送(hex): 03
[2026/09/11 10:52:25] =>
[2026/09/11 10:52:25] 发送(hex): 0d
[2026/09/11 10:52:25] <INTERRUPT>
[2026/09/11 10:52:25] =>
[2026/09/11 10:52:25] 发送(hex): 20
[2026/09/11 10:52:25] 发送(hex): 03
[2026/09/11 10:52:25] =>
[2026/09/11 10:52:25] 发送(hex): 0d
[2026/09/11 10:52:25] <INTERRUPT>
[2026/09/11 10:52:25] =>
[2026/09/11 10:52:25] 发送(hex): 20
[2026/09/11 10:52:25] 发送(hex): 03
[2026/09/11 10:52:25] =>
[2026/09/11 10:52:25] 发送(hex): 0d
[2026/09/11 10:52:25] <INTERRUPT>
[2026/09/11 10:52:25] =>
[2026/09/11 10:52:25] 发送(hex): 20
[2026/09/11 10:52:25] 发送(hex): 03
[2026/09/11 10:52:25] =>
[2026/09/11 10:52:25] 发送(hex): 0d
[2026/09/11 10:52:25] <INTERRUPT>
[2026/09/11 10:52:25] =>
[2026/09/11 10:52:25] 发送(hex): 20
[2026/09/11 10:52:25] 发送(hex): 03
[2026/09/11 10:52:25] =>
[2026/09/11 10:52:25] 发送(hex): 0d
[2026/09/11 10:52:25] <INTERRUPT>
[2026/09/11 10:52:25] =>
[2026/09/11 10:52:25] 发送(hex): 20
[2026/09/11 10:52:25] =>
[2026/09/11 10:52:25] 发送(hex): 03
[2026/09/11 10:52:25] 发送(hex): 0d
[2026/09/11 10:52:25] <INTERRUPT>
[2026/09/11 10:52:25] =>
[2026/09/11 10:52:25] 发送(hex): 20
[2026/09/11 10:52:25] =>
[2026/09/11 10:52:25] 发送(hex): 03
[2026/09/11 10:52:25] <
[2026/09/11 10:52:25] 发送(hex): 0d
[2026/09/11 10:52:25] 发送(hex): 20
[2026/09/11 10:52:25] INTERRUPT>
[2026/09/11 10:52:25] =>
[2026/09/11 10:52:25] =>
[2026/09/11 10:52:25] 发送(hex): 03
[2026/09/11 10:52:25] 发送(hex): 0d
[2026/09/11 10:52:25] 发送(hex): 20
[2026/09/11 10:52:25] <INTERRUPT>
[2026/09/11 10:52:25] =>
[2026/09/11 10:52:25] 发送(hex): 03
[2026/09/11 10:52:25] =>
[2026/09/11 10:52:25] 发送(hex): 0d
[2026/09/11 10:52:25] <INTERRUPT>
[2026/09/11 10:52:25] =>
[2026/09/11 10:52:25] 发送(hex): 20
[2026/09/11 10:52:25] 发送(hex): 03
[2026/09/11 10:52:25] =>
[2026/09/11 10:52:25] 发送(hex): 0d
[2026/09/11 10:52:25] <INTERRUPT>
[2026/09/11 10:52:25] =>
[2026/09/11 10:52:25] 发送(hex): 20
[2026/09/11 10:52:25] 发送(hex): 03
[2026/09/11 10:52:25] =>
[2026/09/11 10:52:25] 发送(hex): 0d
[2026/09/11 10:52:25] <INTERRUPT>
[2026/09/11 10:52:25] =>
[2026/09/11 10:52:25] 发送(hex): 20
[2026/09/11 10:52:25] 发送(hex): 03
[2026/09/11 10:52:25] =>
[2026/09/11 10:52:25] 发送(hex): 0d
[2026/09/11 10:52:25] <INTERRUPT>
[2026/09/11 10:52:25] =>
[2026/09/11 10:52:25] 发送(hex): 20
[2026/09/11 10:52:25] 发送(hex): 03
[2026/09/11 10:52:25] =>
[2026/09/11 10:52:25] 发送(hex): 0d
[2026/09/11 10:52:25] <INTERRUPT>
[2026/09/11 10:52:25] =>
[2026/09/11 10:52:25] 发送(hex): 20
[2026/09/11 10:52:25] 发送(hex): 03
[2026/09/11 10:52:25] =>
[2026/09/11 10:52:25] 发送(hex): 0d
[2026/09/11 10:52:25] <INTERRUPT>
[2026/09/11 10:52:25] =>
[2026/09/11 10:52:25] 发送(hex): 20
[2026/09/11 10:52:25] 发送(hex): 03
[2026/09/11 10:52:25] =>
[2026/09/11 10:52:25] 发送(hex): 0d
[2026/09/11 10:52:25] <INTERRUPT>
[2026/09/11 10:52:25] =>
[2026/09/11 10:52:25] 发送(hex): 20
[2026/09/11 10:52:25] 发送(hex): 03
[2026/09/11 10:52:25] =>
[2026/09/11 10:52:25] 发送(hex): 0d
[2026/09/11 10:52:25] <INTERRUPT>
[2026/09/11 10:52:25] =>
[2026/09/11 10:52:25] 发送(hex): 20
[2026/09/11 10:52:25] 发送(hex): 03
[2026/09/11 10:52:25] =>
[2026/09/11 10:52:25] 发送(hex): 0d
[2026/09/11 10:52:25] <INTERRUPT>
[2026/09/11 10:52:25] =>
[2026/09/11 10:52:25] 发送(hex): 20
[2026/09/11 10:52:25] 发送(hex): 03
[2026/09/11 10:52:25] =>
[2026/09/11 10:52:25] 发送(hex): 0d
[2026/09/11 10:52:25] <INTERRUPT>
[2026/09/11 10:52:25] =>
[2026/09/11 10:52:25] 发送(hex): 20
[2026/09/11 10:52:25] 发送(hex): 03
[2026/09/11 10:52:25] =>
[2026/09/11 10:52:25] 发送(hex): 0d
[2026/09/11 10:52:25] <INTERRUPT>
[2026/09/11 10:52:25] =>
[2026/09/11 10:52:25] 发送(hex): 20
[2026/09/11 10:52:25] =>
[2026/09/11 10:52:25] 发送(hex): 03
[2026/09/11 10:52:25] 发送(hex): 0d
[2026/09/11 10:52:25] <INTERRUPT>
[2026/09/11 10:52:25] =>
[2026/09/11 10:52:25] 发送(hex): 20
[2026/09/11 10:52:25] =>
[2026/09/11 10:52:25] 发送(hex): 03
[2026/09/11 10:52:25] 发送(hex): 0d
[2026/09/11 10:52:25] <INTERRUPT>
[2026/09/11 10:52:25] =>
[2026/09/11 10:52:25] 发送(hex): 20
[2026/09/11 10:52:25] =>
[2026/09/11 10:52:25] 发送(hex): 03
[2026/09/11 10:52:25] 发送(hex): 0d
[2026/09/11 10:52:25] <INTERRUPT>
[2026/09/11 10:52:25] =>
[2026/09/11 10:52:25] 发送(hex): 20
[2026/09/11 10:52:25] =>
[2026/09/11 10:52:25] 发送(hex): 03
[2026/09/11 10:52:26] 发送(hex): 0d
[2026/09/11 10:52:26] <INTERRUPT>
[2026/09/11 10:52:26] =>
[2026/09/11 10:52:26] 发送(hex): 20
[2026/09/11 10:52:26] =>
[2026/09/11 10:52:26] 发送(hex): 03
[2026/09/11 10:52:26] 发送(hex): 0d
[2026/09/11 10:52:26] <INTER
[2026/09/11 10:52:26] 发送(hex): 20
[2026/09/11 10:52:26] RUPT>
[2026/09/11 10:52:26] =>
[2026/09/11 10:52:26] =>
[2026/09/11 10:52:26] 发送(hex): 03
[2026/09/11 10:52:26] 发送(hex): 0d
[2026/09/11 10:52:26] 发送(hex): 20
[2026/09/11 10:52:26] <INTERRUPT>
[2026/09/11 10:52:26] =>
[2026/09/11 10:52:26] =>
[2026/09/11 10:52:26] 发送(hex): 03
[2026/09/11 10:52:26] 发送(hex): 0d
[2026/09/11 10:52:26] 发送(hex): 20
[2026/09/11 10:52:26] <INTERRUPT>
[2026/09/11 10:52:26] =>
[2026/09/11 10:52:26] =>
[2026/09/11 10:52:26] 发送(hex): 03
[2026/09/11 10:52:26] 发送(hex): 0d
[2026/09/11 10:52:26] <INTERRUPT>
[2026/09/11 10:52:26] =>
[2026/09/11 10:52:26] 发送(hex): 20
[2026/09/11 10:52:26] 发送(hex): 03
[2026/09/11 10:52:26] =>
[2026/09/11 10:52:26] 发送(hex): 0d
[2026/09/11 10:52:26] <INTERRUPT>
[2026/09/11 10:52:26] =>
[2026/09/11 10:52:26] 发送(hex): 20
[2026/09/11 10:52:26] 发送(hex): 03
[2026/09/11 10:52:26] =>
[2026/09/11 10:52:26] 发送(hex): 0d
[2026/09/11 10:52:26] <INTERRUPT>
[2026/09/11 10:52:26] =>
[2026/09/11 10:52:26] 发送(hex): 20
[2026/09/11 10:52:26] 发送(hex): 03
[2026/09/11 10:52:26] =>
[2026/09/11 10:52:26] 发送(hex): 0d
[2026/09/11 10:52:26] <INTERRUPT>
[2026/09/11 10:52:26] =>
[2026/09/11 10:52:26] 发送(hex): 20
[2026/09/11 10:52:26] =>
[2026/09/11 10:52:26] 发送(hex): 03
[2026/09/11 10:52:26] 发送(hex): 0d
[2026/09/11 10:52:26] <INTERRUPT>
[2026/09/11 10:52:26] =>
[2026/09/11 10:52:26] 发送(hex): 20
[2026/09/11 10:52:26] =>
[2026/09/11 10:52:26] 发送(hex): 03
[2026/09/11 10:52:26] 发送(hex): 0d
[2026/09/11 10:52:26] <INTERRUPT>
[2026/09/11 10:52:26] 发送(hex): 20
[2026/09/11 10:52:26] =>
[2026/09/11 10:52:26] =>
[2026/09/11 10:52:26] 发送(hex): 03
[2026/09/11 10:52:26] 发送(hex): 0d
[2026/09/11 10:52:26] 发送(hex): 20
[2026/09/11 10:52:26] <INTERRUPT>
[2026/09/11 10:52:26] =>
[2026/09/11 10:52:26] =>
[2026/09/11 10:52:26] 发送(hex): 03
[2026/09/11 10:52:26] 发送(hex): 0d
[2026/09/11 10:52:26] 发送(hex): 20
[2026/09/11 10:52:26] <INTERRUPT>
[2026/09/11 10:52:26] =>
[2026/09/11 10:52:26] =>
[2026/09/11 10:52:26] 发送(hex): 03
[2026/09/11 10:52:26] 发送(hex): 0d
[2026/09/11 10:52:26] <INTERRUPT>
[2026/09/11 10:52:26] =>
[2026/09/11 10:52:26] 发送(hex): 20
[2026/09/11 10:52:26] 发送(hex): 03
[2026/09/11 10:52:26] =>
[2026/09/11 10:52:26] 发送(hex): 0d
[2026/09/11 10:52:26] <INTERRUPT>
[2026/09/11 10:52:26] =>
[2026/09/11 10:52:26] 发送(hex): 20
[2026/09/11 10:52:26] 发送(hex): 03
[2026/09/11 10:52:26] =>
[2026/09/11 10:52:26] 发送(hex): 0d
[2026/09/11 10:52:26] <INTERRUPT>
[2026/09/11 10:52:26] =>
[2026/09/11 10:52:26] 发送(hex): 20
[2026/09/11 10:52:26] 发送(hex): 03
[2026/09/11 10:52:26] =>
[2026/09/11 10:52:26] 发送(hex): 0d
[2026/09/11 10:52:26] <INTERRUPT>
[2026/09/11 10:52:26] =>
[2026/09/11 10:52:26] 发送(hex): 20
[2026/09/11 10:52:26] 发送(hex): 03
[2026/09/11 10:52:26] =>
[2026/09/11 10:52:26] 发送(hex): 0d
[2026/09/11 10:52:26] <INTERRUPT>
[2026/09/11 10:52:26] =>
[2026/09/11 10:52:26] 发送(hex): 20
[2026/09/11 10:52:26] 发送(hex): 03
[2026/09/11 10:52:26] =>
[2026/09/11 10:52:26] 发送(hex): 0d
[2026/09/11 10:52:26] <INTERRUPT>
[2026/09/11 10:52:26] =>
[2026/09/11 10:52:26] 发送(hex): 20
[2026/09/11 10:52:26] 发送(hex): 03
[2026/09/11 10:52:26] =>
[2026/09/11 10:52:26] 发送(hex): 0d
[2026/09/11 10:52:26] <INTERRUPT>
[2026/09/11 10:52:26] =>
[2026/09/11 10:52:26] 发送(hex): 20
[2026/09/11 10:52:26] 发送(hex): 03
[2026/09/11 10:52:26] =>
[2026/09/11 10:52:26] 发送(hex): 0d
[2026/09/11 10:52:26] <INTERRUPT>
[2026/09/11 10:52:26] =>
[2026/09/11 10:52:26] 发送(hex): 20
[2026/09/11 10:52:26] 发送(hex): 03
[2026/09/11 10:52:26] =>
[2026/09/11 10:52:26] 发送(hex): 0d
[2026/09/11 10:52:26] <INTERRUPT>
[2026/09/11 10:52:26] =>
[2026/09/11 10:52:26] 发送(hex): 20
[2026/09/11 10:52:26] =>
[2026/09/11 10:52:26] 发送(hex): 03
[2026/09/11 10:52:26] 发送(hex): 0d
[2026/09/11 10:52:26] <INTERRUPT>
[2026/09/11 10:52:26] =>
[2026/09/11 10:52:26] 发送(hex): 20
[2026/09/11 10:52:26] =>
[2026/09/11 10:52:26] 发送(hex): 03
[2026/09/11 10:52:26] 发送(hex): 0d
[2026/09/11 10:52:26] <INTERRUPT>
[2026/09/11 10:52:26] =>
[2026/09/11 10:52:26] 发送(hex): 20
[2026/09/11 10:52:26] =>
[2026/09/11 10:52:26] 发送(hex): 03
[2026/09/11 10:52:26] 发送(hex): 0d
[2026/09/11 10:52:26] <INTERRUPT>
[2026/09/11 10:52:26] =>
[2026/09/11 10:52:26] 发送(hex): 20
[2026/09/11 10:52:26] =>
[2026/09/11 10:52:26] 发送(hex): 03
[2026/09/11 10:52:26] 发送(hex): 0d
[2026/09/11 10:52:26] <INTERRUPT>
[2026/09/11 10:52:26] =>
[2026/09/11 10:52:26] 发送(hex): 20
[2026/09/11 10:52:26] =>
[2026/09/11 10:52:26] 发送(hex): 03
[2026/09/11 10:52:26] 发送(hex): 0d
[2026/09/11 10:52:26] <INTERRUPT>
[2026/09/11 10:52:26] =>
[2026/09/11 10:52:26] 发送(hex): 20
[2026/09/11 10:52:26] =>
[2026/09/11 10:52:26] 发送(hex): 03
[2026/09/11 10:52:26] 发送(hex): 0d
[2026/09/11 10:52:26] <INTERRUPT>
[2026/09/11 10:52:26] =>
[2026/09/11 10:52:26] 发送(hex): 20
[2026/09/11 10:52:26] =>
[2026/09/11 10:52:26] 发送(hex): 03
[2026/09/11 10:52:26] 发送(hex): 0d
[2026/09/11 10:52:26] <INTERRUPT>
[2026/09/11 10:52:26] =>
[2026/09/11 10:52:26] 发送(hex): 20
[2026/09/11 10:52:26] =>
[2026/09/11 10:52:26] 发送(hex): 03
[2026/09/11 10:52:26] 发送(hex): 0d
[2026/09/11 10:52:26] <INTERRUPT>
[2026/09/11 10:52:26] =>
[2026/09/11 10:52:26] 发送(hex): 20
[2026/09/11 10:52:26] =>
[2026/09/11 10:52:26] 发送(hex): 03
[2026/09/11 10:52:26] 发送(hex): 0d
[2026/09/11 10:52:26] <INTERRUPT>
[2026/09/11 10:52:26] =>
[2026/09/11 10:52:26] 发送(hex): 20
[2026/09/11 10:52:26] =>
[2026/09/11 10:52:26] 发送(hex): 03
[2026/09/11 10:52:26] 发送(hex): 0d
[2026/09/11 10:52:26] <INTERRUPT>
[2026/09/11 10:52:26] =>
[2026/09/11 10:52:27] 发送(hex): 20
[2026/09/11 10:52:27] =>
[2026/09/11 10:52:27] 发送(hex): 03
[2026/09/11 10:52:27] 发送(hex): 0d
[2026/09/11 10:52:27] <INTERRUPT>
[2026/09/11 10:52:27] =>
[2026/09/11 10:52:27] 发送(hex): 20
[2026/09/11 10:52:27] =>
[2026/09/11 10:52:27] 发送(hex): 03
[2026/09/11 10:52:27] 发送(hex): 0d
[2026/09/11 10:52:27] <INTERRUPT>
[2026/09/11 10:52:27] =>
[2026/09/11 10:52:27] 发送(hex): 20
[2026/09/11 10:52:27] =>
[2026/09/11 10:52:27] 发送(hex): 03
[2026/09/11 10:52:27] 发送(hex): 0d
[2026/09/11 10:52:27] <INTERRUPT>
[2026/09/11 10:52:27] =>
[2026/09/11 10:52:27] 发送(hex): 20
[2026/09/11 10:52:27] =>
[2026/09/11 10:52:27] 发送(hex): 03
[2026/09/11 10:52:27] 发送(hex): 0d
[2026/09/11 10:52:27] <INTERRUPT>
[2026/09/11 10:52:27] =>
[2026/09/11 10:52:27] 发送(hex): 20
[2026/09/11 10:52:27] =>
[2026/09/11 10:52:27] 发送(hex): 03
[2026/09/11 10:52:27] 发送(hex): 0d
[2026/09/11 10:52:27] 发送(hex): 20
[2026/09/11 10:52:27] <INTERRUPT>
[2026/09/11 10:52:27] =>
[2026/09/11 10:52:27] =>
[2026/09/11 10:52:27] 发送(hex): 03
[2026/09/11 10:52:27] 发送(hex): 0d
[2026/09/11 10:52:27] 发送(hex): 20
[2026/09/11 10:52:27] <INTERRUPT>
[2026/09/11 10:52:27] =>
[2026/09/11 10:52:27] =>
[2026/09/11 10:52:27] 发送(hex): 03
[2026/09/11 10:52:27] 发送(hex): 0d
[2026/09/11 10:52:27] 发送(hex): 20
[2026/09/11 10:52:27] <INTERRUPT>
[2026/09/11 10:52:27] =>
[2026/09/11 10:52:27] =>
[2026/09/11 10:52:27] 发送(hex): 03
[2026/09/11 10:52:27] 发送(hex): 0d
[2026/09/11 10:52:27] 发送(hex): 20
[2026/09/11 10:52:27] <INTERRUPT>
[2026/09/11 10:52:27] =>
[2026/09/11 10:52:27] =>
[2026/09/11 10:52:27] 发送(hex): 03
[2026/09/11 10:52:27] 发送(hex): 0d
[2026/09/11 10:52:27] 发送(hex): 20
[2026/09/11 10:52:27] <INTERRUPT>
[2026/09/11 10:52:27] =>
[2026/09/11 10:52:27] =>
[2026/09/11 10:52:27] 发送(hex): 03
[2026/09/11 10:52:27] 发送(hex): 0d
[2026/09/11 10:52:27] 发送(hex): 20
[2026/09/11 10:52:27] <INTERRUPT>
[2026/09/11 10:52:27] =>
[2026/09/11 10:52:27] =>
[2026/09/11 10:52:27] 发送(hex): 03
[2026/09/11 10:52:27] 发送(hex): 0d
[2026/09/11 10:52:27] <INTERRUPT>
[2026/09/11 10:52:27] =>
[2026/09/11 10:52:27] 发送(hex): 20
[2026/09/11 10:52:27] 发送(hex): 03
[2026/09/11 10:52:27] =>
[2026/09/11 10:52:27] 发送(hex): 0d
[2026/09/11 10:52:27] <INTERRUPT>
[2026/09/11 10:52:27] =>
[2026/09/11 10:52:27] 发送(hex): 20
[2026/09/11 10:52:27] 发送(hex): 03
[2026/09/11 10:52:27] =>
[2026/09/11 10:52:27] 发送(hex): 0d
[2026/09/11 10:52:27] <INTERRUPT>
[2026/09/11 10:52:27] =>
[2026/09/11 10:52:27] 发送(hex): 20
[2026/09/11 10:52:27] 发送(hex): 03
[2026/09/11 10:52:27] =>
[2026/09/11 10:52:27] 发送(hex): 0d
[2026/09/11 10:52:27] <INTERRUPT>
[2026/09/11 10:52:27] =>
[2026/09/11 10:52:27] 发送(hex): 20
[2026/09/11 10:52:27] 发送(hex): 03
[2026/09/11 10:52:27] =>
[2026/09/11 10:52:27] 发送(hex): 0d
[2026/09/11 10:52:27] <INTERRUPT>
[2026/09/11 10:52:27] =>
[2026/09/11 10:52:27] 发送(hex): 20
[2026/09/11 10:52:27] =>
[2026/09/11 10:52:27] 发送(hex): 03
[2026/09/11 10:52:27] 发送(hex): 0d
[2026/09/11 10:52:27] <INTERRUPT>
[2026/09/11 10:52:27] =>
[2026/09/11 10:52:27] 发送(hex): 20
[2026/09/11 10:52:27] =>
[2026/09/11 10:52:27] 发送(hex): 03
[2026/09/11 10:52:27] 发送(hex): 0d
[2026/09/11 10:52:27] <INTERRUPT>
[2026/09/11 10:52:27] =>
[2026/09/11 10:52:27] 发送(hex): 20
[2026/09/11 10:52:27] =>
[2026/09/11 10:52:27] 发送(hex): 03
[2026/09/11 10:52:27] 发送(hex): 0d
[2026/09/11 10:52:27] <INTERRUPT
[2026/09/11 10:52:27] 发送(hex): 20
[2026/09/11 10:52:27] >
[2026/09/11 10:52:27] =>
[2026/09/11 10:52:27] =>
[2026/09/11 10:52:27] 发送(hex): 03
[2026/09/11 10:52:27] 发送(hex): 0d
[2026/09/11 10:52:27] 发送(hex): 20
[2026/09/11 10:52:27] <INTERRUPT>
[2026/09/11 10:52:27] =>
[2026/09/11 10:52:27] =>
[2026/09/11 10:52:27] 发送(hex): 03
[2026/09/11 10:52:27] 发送(hex): 0d
[2026/09/11 10:52:27] <INTERRUPT>
[2026/09/11 10:52:27] =>
[2026/09/11 10:52:27] 发送(hex): 20
[2026/09/11 10:52:27] 发送(hex): 03
[2026/09/11 10:52:27] =>
[2026/09/11 10:52:27] 发送(hex): 0d
[2026/09/11 10:52:27] <INTERRUPT>
[2026/09/11 10:52:27] =>
[2026/09/11 10:52:27] 发送(hex): 20
[2026/09/11 10:52:27] 发送(hex): 03
[2026/09/11 10:52:27] =>
[2026/09/11 10:52:27] 发送(hex): 0d
[2026/09/11 10:52:27] <INTERRUPT>
[2026/09/11 10:52:27] =>
[2026/09/11 10:52:27] 发送(hex): 20
[2026/09/11 10:52:27] 发送(hex): 03
[2026/09/11 10:52:27] =>
[2026/09/11 10:52:27] 发送(hex): 0d
[2026/09/11 10:52:27] <INTERRUPT>
[2026/09/11 10:52:27] =>
[2026/09/11 10:52:27] 发送(hex): 20
[2026/09/11 10:52:27] 发送(hex): 03
[2026/09/11 10:52:27] =>
[2026/09/11 10:52:27] 发送(hex): 0d
[2026/09/11 10:52:27] <INTERRUPT>
[2026/09/11 10:52:27] =>
[2026/09/11 10:52:27] 发送(hex): 20
[2026/09/11 10:52:27] 发送(hex): 03
[2026/09/11 10:52:27] =>
[2026/09/11 10:52:27] 发送(hex): 0d
[2026/09/11 10:52:27] <INTERRUPT>
[2026/09/11 10:52:27] =>
[2026/09/11 10:52:27] 发送(hex): 20
[2026/09/11 10:52:27] 发送(hex): 03
[2026/09/11 10:52:27] =>
[2026/09/11 10:52:27] 发送(hex): 0d
[2026/09/11 10:52:27] <INTERRUPT>
[2026/09/11 10:52:27] =>
[2026/09/11 10:52:27] 发送(hex): 20
[2026/09/11 10:52:27] 发送(hex): 03
[2026/09/11 10:52:27] =>
[2026/09/11 10:52:27] 发送(hex): 0d
[2026/09/11 10:52:27] <INTERRUPT>
[2026/09/11 10:52:27] =>
[2026/09/11 10:52:27] 发送(hex): 20
[2026/09/11 10:52:27] 发送(hex): 03
[2026/09/11 10:52:27] =>
[2026/09/11 10:52:27] 发送(hex): 0d
[2026/09/11 10:52:27] <INTERRUPT>
[2026/09/11 10:52:27] =>
[2026/09/11 10:52:27] 发送(hex): 20
[2026/09/11 10:52:27] 发送(hex): 03
[2026/09/11 10:52:27] =>
[2026/09/11 10:52:27] 发送(hex): 0d
[2026/09/11 10:52:27] <INTERRUPT>
[2026/09/11 10:52:27] =>
[2026/09/11 10:52:27] 发送(hex): 20
[2026/09/11 10:52:27] 发送(hex): 03
[2026/09/11 10:52:27] =>
[2026/09/11 10:52:27] 发送(hex): 0d
[2026/09/11 10:52:27] <INTERRUPT>
[2026/09/11 10:52:27] =>
[2026/09/11 10:52:27] 发送(hex): 20
[2026/09/11 10:52:28] 发送(hex): 03
[2026/09/11 10:52:28] =>
[2026/09/11 10:52:28] 发送(hex): 0d
[2026/09/11 10:52:28] <INTERRUPT>
[2026/09/11 10:52:28] =>
[2026/09/11 10:52:28] 发送(hex): 20
[2026/09/11 10:52:28] 发送(hex): 03
[2026/09/11 10:52:28] =>
[2026/09/11 10:52:28] 发送(hex): 0d
[2026/09/11 10:52:28] <INTERRUPT>
[2026/09/11 10:52:28] =>
[2026/09/11 10:52:28] 发送(hex): 20
[2026/09/11 10:52:28] 发送(hex): 03
[2026/09/11 10:52:28] =>
[2026/09/11 10:52:28] 发送(hex): 0d
[2026/09/11 10:52:28] <INTERRUPT>
[2026/09/11 10:52:28] =>
[2026/09/11 10:52:28] 发送(hex): 20
[2026/09/11 10:52:28] 发送(hex): 03
[2026/09/11 10:52:28] =>
[2026/09/11 10:52:28] 发送(hex): 0d
[2026/09/11 10:52:28] <INTERRUPT>
[2026/09/11 10:52:28] =>
[2026/09/11 10:52:28] 发送(hex): 20
[2026/09/11 10:52:28] 发送(hex): 03
[2026/09/11 10:52:28] =>
[2026/09/11 10:52:28] 发送(hex): 0d
[2026/09/11 10:52:28] <INTERRUPT>
[2026/09/11 10:52:28] =>
[2026/09/11 10:52:28] 发送(hex): 20
[2026/09/11 10:52:28] =>
[2026/09/11 10:52:28] 发送(hex): 03
[2026/09/11 10:52:28] 发送(hex): 0d
[2026/09/11 10:52:28] 发送(hex): 20
[2026/09/11 10:52:28] <INTERRUPT>
[2026/09/11 10:52:28] =>
[2026/09/11 10:52:28] =>
[2026/09/11 10:52:28] 发送(hex): 03
[2026/09/11 10:52:28] 发送(hex): 0d
[2026/09/11 10:52:28] <INTERRUPT>
[2026/09/11 10:52:28] =>
[2026/09/11 10:52:28] 发送(hex): 20
[2026/09/11 10:52:28] 发送(hex): 03
[2026/09/11 10:52:28] =>
[2026/09/11 10:52:28] 发送(hex): 0d
[2026/09/11 10:52:28] <INTERRUPT>
[2026/09/11 10:52:28] =>
[2026/09/11 10:52:28] 发送(hex): 20
[2026/09/11 10:52:28] 发送(hex): 03
[2026/09/11 10:52:28] =>
[2026/09/11 10:52:28] 发送(hex): 0d
[2026/09/11 10:52:28] <INTERRUPT>
[2026/09/11 10:52:28] =>
[2026/09/11 10:52:28] 发送(hex): 20
[2026/09/11 10:52:28] 发送(hex): 03
[2026/09/11 10:52:28] =>
[2026/09/11 10:52:28] 发送(hex): 0d
[2026/09/11 10:52:28] <INTERRUPT>
[2026/09/11 10:52:28] =>
[2026/09/11 10:52:28] 发送(hex): 20
[2026/09/11 10:52:28] =>
[2026/09/11 10:52:28] 发送(hex): 03
[2026/09/11 10:52:28] <INTERRUPT>
[2026/09/11 10:52:28] =>
[2026/09/11 10:52:28] 发送(hex): 0d
[2026/09/11 10:52:28] 发送(hex): 20
[2026/09/11 10:52:28] =>
[2026/09/11 10:52:28] 发送(hex): 03
[2026/09/11 10:52:28] 发送(hex): 0d
[2026/09/11 10:52:28] 发送(hex): 20
[2026/09/11 10:52:28] <INTERRUPT>
[2026/09/11 10:52:28] =>
[2026/09/11 10:52:28] =>
[2026/09/11 10:52:28] 发送(hex): 03
[2026/09/11 10:52:28] 发送(hex): 0d
[2026/09/11 10:52:28] 发送(hex): 20
[2026/09/11 10:52:28] <INTERRUPT>
[2026/09/11 10:52:28] =>
[2026/09/11 10:52:28] =>
[2026/09/11 10:52:28] 发送(hex): 03
[2026/09/11 10:52:28] 发送(hex): 0d
[2026/09/11 10:52:28] <INTERRUPT>
[2026/09/11 10:52:28] =>
[2026/09/11 10:52:28] 发送(hex): 20
[2026/09/11 10:52:28] 发送(hex): 03
[2026/09/11 10:52:28] =>
[2026/09/11 10:52:28] 发送(hex): 0d
[2026/09/11 10:52:28] <INTERRUPT>
[2026/09/11 10:52:28] =>
[2026/09/11 10:52:28] 发送(hex): 20
[2026/09/11 10:52:28] 发送(hex): 03
[2026/09/11 10:52:28] =>
[2026/09/11 10:52:28] 发送(hex): 0d
[2026/09/11 10:52:28] <INTERRUPT>
[2026/09/11 10:52:28] =>
[2026/09/11 10:52:28] 发送(hex): 20
[2026/09/11 10:52:28] 发送(hex): 03
[2026/09/11 10:52:28] =>
[2026/09/11 10:52:28] 发送(hex): 0d
[2026/09/11 10:52:28] <INTERRUPT>
[2026/09/11 10:52:28] =>
[2026/09/11 10:52:28] 发送(hex): 20
[2026/09/11 10:52:28] 发送(hex): 03
[2026/09/11 10:52:28] =>
[2026/09/11 10:52:28] 发送(hex): 0d
[2026/09/11 10:52:28] <INTERRUPT>
[2026/09/11 10:52:28] =>
[2026/09/11 10:52:28] 发送(hex): 20
[2026/09/11 10:52:28] 发送(hex): 03
[2026/09/11 10:52:28] =>
[2026/09/11 10:52:28] 发送(hex): 0d
[2026/09/11 10:52:28] <INTERRUPT>
[2026/09/11 10:52:28] =>
[2026/09/11 10:52:28] 发送(hex): 20
[2026/09/11 10:52:28] 发送(hex): 03
[2026/09/11 10:52:28] =>
[2026/09/11 10:52:28] 发送(hex): 0d
[2026/09/11 10:52:28] <INTERRUPT>
[2026/09/11 10:52:28] =>
[2026/09/11 10:52:28] 发送(hex): 20
[2026/09/11 10:52:28] 发送(hex): 03
[2026/09/11 10:52:28] =>
[2026/09/11 10:52:28] 发送(hex): 0d
[2026/09/11 10:52:28] <INTERRUPT>
[2026/09/11 10:52:28] =>
[2026/09/11 10:52:28] 发送(hex): 20
[2026/09/11 10:52:28] 发送(hex): 03
[2026/09/11 10:52:28] =>
[2026/09/11 10:52:28] 发送(hex): 0d
[2026/09/11 10:52:28] <INTERRUPT>
[2026/09/11 10:52:28] =>
[2026/09/11 10:52:28] 发送(hex): 20
[2026/09/11 10:52:28] 发送(hex): 03
[2026/09/11 10:52:28] =>
[2026/09/11 10:52:28] 发送(hex): 0d
[2026/09/11 10:52:28] <INTERRUPT>
[2026/09/11 10:52:28] =>
[2026/09/11 10:52:28] 发送(hex): 20
[2026/09/11 10:52:28] =>
[2026/09/11 10:52:28] 发送(hex): 03
[2026/09/11 10:52:28] 发送(hex): 0d
[2026/09/11 10:52:28] <INTERRUPT>
[2026/09/11 10:52:28] =>
[2026/09/11 10:52:28] 发送(hex): 20
[2026/09/11 10:52:28] =>
[2026/09/11 10:52:28] 发送(hex): 03
[2026/09/11 10:52:28] 发送(hex): 0d
[2026/09/11 10:52:28] <INTERRUPT>
[2026/09/11 10:52:28] =
[2026/09/11 10:52:28] 发送(hex): 20
[2026/09/11 10:52:28] >
[2026/09/11 10:52:28] =>
[2026/09/11 10:52:28] 发送(hex): 03
[2026/09/11 10:52:28] 发送(hex): 0d
[2026/09/11 10:52:28] 发送(hex): 20
[2026/09/11 10:52:28] <INTERRUPT>
[2026/09/11 10:52:28] =>
[2026/09/11 10:52:28] =>
[2026/09/11 10:52:28] 发送(hex): 03
[2026/09/11 10:52:28] 发送(hex): 0d
[2026/09/11 10:52:28] 发送(hex): 20
[2026/09/11 10:52:28] <INTERRUPT>
[2026/09/11 10:52:28] =>
[2026/09/11 10:52:28] =>
[2026/09/11 10:52:28] 发送(hex): 03
[2026/09/11 10:52:28] 发送(hex): 0d
[2026/09/11 10:52:28] <INTERRUPT>
[2026/09/11 10:52:28] =>
[2026/09/11 10:52:28] 发送(hex): 20
[2026/09/11 10:52:28] =>
[2026/09/11 10:52:28] 发送(hex): 03
[2026/09/11 10:52:28] 发送(hex): 0d
[2026/09/11 10:52:28] <INTERRUPT>
[2026/09/11 10:52:28] =>
[2026/09/11 10:52:28] 发送(hex): 20
[2026/09/11 10:52:28] =>
[2026/09/11 10:52:28] 发送(hex): 03
[2026/09/11 10:52:28] 发送(hex): 0d
[2026/09/11 10:52:28] <INTERRUPT
[2026/09/11 10:52:29] 发送(hex): 20
[2026/09/11 10:52:29] >
[2026/09/11 10:52:29] =>
[2026/09/11 10:52:29] =>
[2026/09/11 10:52:29] 发送(hex): 03
[2026/09/11 10:52:29] 发送(hex): 0d
[2026/09/11 10:52:29] <INTERR
[2026/09/11 10:52:29] 发送(hex): 20
[2026/09/11 10:52:29] UPT>
[2026/09/11 10:52:29] =>
[2026/09/11 10:52:29] =>
[2026/09/11 10:52:29] 发送(hex): 03
[2026/09/11 10:52:29] 发送(hex): 0d
[2026/09/11 10:52:29] 发送(hex): 20
[2026/09/11 10:52:29] <INTERRUPT>
[2026/09/11 10:52:29] =>
[2026/09/11 10:52:29] =>
[2026/09/11 10:52:29] 发送(hex): 03
[2026/09/11 10:52:29] 发送(hex): 0d
[2026/09/11 10:52:29] 发送(hex): 20
[2026/09/11 10:52:29] <INTERRUPT>
[2026/09/11 10:52:29] =>
[2026/09/11 10:52:29] =>
[2026/09/11 10:52:29] 发送(hex): 03
[2026/09/11 10:52:29] 发送(hex): 0d
[2026/09/11 10:52:29] 发送(hex): 20
[2026/09/11 10:52:29] <INTERRUPT>
[2026/09/11 10:52:29] =>
[2026/09/11 10:52:29] =>
[2026/09/11 10:52:29] 发送(hex): 03
[2026/09/11 10:52:29] 发送(hex): 0d
[2026/09/11 10:52:29] <INTERRUPT>
[2026/09/11 10:52:29] =>
[2026/09/11 10:52:29] 发送(hex): 20
[2026/09/11 10:52:29] 发送(hex): 03
[2026/09/11 10:52:29] =>
[2026/09/11 10:52:29] 发送(hex): 0d
[2026/09/11 10:52:29] <INTERRUPT>
[2026/09/11 10:52:29] =>
[2026/09/11 10:52:29] 发送(hex): 20
[2026/09/11 10:52:29] 发送(hex): 03
[2026/09/11 10:52:29] =>
[2026/09/11 10:52:29] 发送(hex): 0d
[2026/09/11 10:52:29] <INTERRUPT>
[2026/09/11 10:52:29] =>
[2026/09/11 10:52:29] 发送(hex): 20
[2026/09/11 10:52:29] 发送(hex): 03
[2026/09/11 10:52:29] =>
[2026/09/11 10:52:29] 发送(hex): 0d
[2026/09/11 10:52:29] <INTERRUPT>
[2026/09/11 10:52:29] =>
[2026/09/11 10:52:29] 发送(hex): 20
[2026/09/11 10:52:29] 发送(hex): 03
[2026/09/11 10:52:29] =>
[2026/09/11 10:52:29] 发送(hex): 0d
[2026/09/11 10:52:29] <INTERRUPT>
[2026/09/11 10:52:29] =>
[2026/09/11 10:52:29] 发送(hex): 20
[2026/09/11 10:52:29] 发送(hex): 03
[2026/09/11 10:52:29] =>
[2026/09/11 10:52:29] 发送(hex): 0d
[2026/09/11 10:52:29] <INTERRUPT>
[2026/09/11 10:52:29] =>
[2026/09/11 10:52:29] 发送(hex): 20
[2026/09/11 10:52:29] =>
[2026/09/11 10:52:29] 发送(hex): 03
[2026/09/11 10:52:29] 发送(hex): 0d
[2026/09/11 10:52:29] <INTERRUPT>
[2026/09/11 10:52:29] =>
[2026/09/11 10:52:29] 发送(hex): 20
[2026/09/11 10:52:29] =>
[2026/09/11 10:52:29] 发送(hex): 03
[2026/09/11 10:52:29] 发送(hex): 0d
[2026/09/11 10:52:29] <INTERRUPT>
[2026/09/11 10:52:29] =>
[2026/09/11 10:52:29] 发送(hex): 20
[2026/09/11 10:52:29] =>
[2026/09/11 10:52:29] 发送(hex): 03
[2026/09/11 10:52:29] 发送(hex): 0d
[2026/09/11 10:52:29] <INTERRUPT>
[2026/09/11 10:52:29] =>
[2026/09/11 10:52:29] 发送(hex): 20
[2026/09/11 10:52:29] =>
[2026/09/11 10:52:29] 发送(hex): 03
[2026/09/11 10:52:29] 发送(hex): 0d
[2026/09/11 10:52:29] <INTERRUPT>
[2026/09/11 10:52:29] =>
[2026/09/11 10:52:29] 发送(hex): 20
[2026/09/11 10:52:29] =>
[2026/09/11 10:52:29] 发送(hex): 03
[2026/09/11 10:52:29] 发送(hex): 0d
[2026/09/11 10:52:29] <INTERRUPT>
[2026/09/11 10:52:29] =>
[2026/09/11 10:52:29] 发送(hex): 20
[2026/09/11 10:52:29] =>
[2026/09/11 10:52:29] 发送(hex): 03
[2026/09/11 10:52:29] 发送(hex): 0d
[2026/09/11 10:52:29] <INTERRUPT>
[2026/09/11 10:52:29] =>
[2026/09/11 10:52:29] 发送(hex): 20
[2026/09/11 10:52:29] =>
[2026/09/11 10:52:29] 发送(hex): 03
[2026/09/11 10:52:29] 发送(hex): 0d
[2026/09/11 10:52:29] <INTERRUPT>
[2026/09/11 10:52:29] =>
[2026/09/11 10:52:29] 发送(hex): 20
[2026/09/11 10:52:29] =>
[2026/09/11 10:52:29] 发送(hex): 03
[2026/09/11 10:52:29] 发送(hex): 0d
[2026/09/11 10:52:29] <INTERRUPT>
[2026/09/11 10:52:29] =>
[2026/09/11 10:52:29] 发送(hex): 20
[2026/09/11 10:52:29] =>
[2026/09/11 10:52:29] 发送(hex): 03
[2026/09/11 10:52:29] 发送(hex): 0d
[2026/09/11 10:52:29] <INTERRUPT>
[2026/09/11 10:52:29] =>
[2026/09/11 10:52:29] 发送(hex): 20
[2026/09/11 10:52:29] =>
[2026/09/11 10:52:29] 发送(hex): 03
[2026/09/11 10:52:29] 发送(hex): 0d
[2026/09/11 10:52:29] <INTERRUPT>
[2026/09/11 10:52:29] =>
[2026/09/11 10:52:29] 发送(hex): 20
[2026/09/11 10:52:29] =>
[2026/09/11 10:52:29] 发送(hex): 03
[2026/09/11 10:52:29] 发送(hex): 0d
[2026/09/11 10:52:29] 发送(hex): 20
[2026/09/11 10:52:29] <INTERRUPT>
[2026/09/11 10:52:29] =>
[2026/09/11 10:52:29] =>
[2026/09/11 10:52:29] 发送(hex): 03
[2026/09/11 10:52:29] 发送(hex): 0d
[2026/09/11 10:52:29] <INTER
[2026/09/11 10:52:29] 发送(hex): 20
[2026/09/11 10:52:29] RUPT>
[2026/09/11 10:52:29] =>
[2026/09/11 10:52:29] =>
[2026/09/11 10:52:29] 发送(hex): 03
[2026/09/11 10:52:29] <INTE
[2026/09/11 10:52:29] 发送(hex): 0d
[2026/09/11 10:52:29] 发送(hex): 20
[2026/09/11 10:52:29] RRUPT>
[2026/09/11 10:52:29] =>
[2026/09/11 10:52:29] =>
[2026/09/11 10:52:29] 发送(hex): 03
[2026/09/11 10:52:29] 发送(hex): 0d
[2026/09/11 10:52:29] 发送(hex): 20
[2026/09/11 10:52:29] <INTERRUPT>
[2026/09/11 10:52:29] =>
[2026/09/11 10:52:29] 发送(hex): 03
[2026/09/11 10:52:29] =>
[2026/09/11 10:52:29] 发送(hex): 0d
[2026/09/11 10:52:29] <INTERRUPT>
[2026/09/11 10:52:29] =>
[2026/09/11 10:52:29] 发送(hex): 20
[2026/09/11 10:52:29] 发送(hex): 03
[2026/09/11 10:52:29] =>
[2026/09/11 10:52:29] 发送(hex): 0d
[2026/09/11 10:52:29] <INTERRUPT>
[2026/09/11 10:52:29] =>
[2026/09/11 10:52:29] 发送(hex): 20
[2026/09/11 10:52:29] 发送(hex): 03
[2026/09/11 10:52:29] =>
[2026/09/11 10:52:29] 发送(hex): 0d
[2026/09/11 10:52:29] <INTERRUPT>
[2026/09/11 10:52:29] =>
[2026/09/11 10:52:29] 发送(hex): 20
[2026/09/11 10:52:29] =>
[2026/09/11 10:52:29] 发送(hex): 03
[2026/09/11 10:52:29] 发送(hex): 0d
[2026/09/11 10:52:29] <INTERRUPT>
[2026/09/11 10:52:29] =>
[2026/09/11 10:52:29] 发送(hex): 20
[2026/09/11 10:52:29] =>
[2026/09/11 10:52:29] 发送(hex): 03
[2026/09/11 10:52:29] 发送(hex): 0d
[2026/09/11 10:52:29] <INTERRUPT>
[2026/09/11 10:52:29] =>
[2026/09/11 10:52:29] 发送(hex): 20
[2026/09/11 10:52:29] =>
[2026/09/11 10:52:29] 发送(hex): 03
[2026/09/11 10:52:29] 发送(hex): 0d
[2026/09/11 10:52:29] <INTERRUPT>
[2026/09/11 10:52:29] =>
[2026/09/11 10:52:29] 发送(hex): 20
[2026/09/11 10:52:29] =>
[2026/09/11 10:52:30] 发送(hex): 03
[2026/09/11 10:52:30] 发送(hex): 0d
[2026/09/11 10:52:30] <INTERRUPT>
[2026/09/11 10:52:30] =>
[2026/09/11 10:52:30] 发送(hex): 20
[2026/09/11 10:52:30] =>
[2026/09/11 10:52:30] 发送(hex): 03
[2026/09/11 10:52:30] 发送(hex): 0d
[2026/09/11 10:52:30] <INTERRUPT>
[2026/09/11 10:52:30] =>
[2026/09/11 10:52:30] 发送(hex): 20
[2026/09/11 10:52:30] =>
[2026/09/11 10:52:30] 发送(hex): 03
[2026/09/11 10:52:30] 发送(hex): 0d
[2026/09/11 10:52:30] <INTERRUPT>
[2026/09/11 10:52:30] =>
[2026/09/11 10:52:30] 发送(hex): 20
[2026/09/11 10:52:30] =>
[2026/09/11 10:52:30] 发送(hex): 03
[2026/09/11 10:52:30] 发送(hex): 0d
[2026/09/11 10:52:30] <INTERRUPT>
[2026/09/11 10:52:30] =>
[2026/09/11 10:52:30] 发送(hex): 20
[2026/09/11 10:52:30] =>
[2026/09/11 10:52:30] 发送(hex): 03
[2026/09/11 10:52:30] 发送(hex): 0d
[2026/09/11 10:52:30] <INTERRUPT>
[2026/09/11 10:52:30] 发送(hex): 20
[2026/09/11 10:52:30] =>
[2026/09/11 10:52:30] =>
[2026/09/11 10:52:30] 发送(hex): 03
[2026/09/11 10:52:30] 发送(hex): 0d
[2026/09/11 10:52:30] <INTERRUP
[2026/09/11 10:52:30] 发送(hex): 20
[2026/09/11 10:52:30] T>
[2026/09/11 10:52:30] =>
[2026/09/11 10:52:30] =>
[2026/09/11 10:52:30] 发送(hex): 03
[2026/09/11 10:52:30] 发送(hex): 0d
[2026/09/11 10:52:30] <IN
[2026/09/11 10:52:30] 发送(hex): 20
[2026/09/11 10:52:30] TERRUPT>
[2026/09/11 10:52:30] =>
[2026/09/11 10:52:30] =>
[2026/09/11 10:52:30] 发送(hex): 03
[2026/09/11 10:52:30] 发送(hex): 0d
[2026/09/11 10:52:30] <INTE
[2026/09/11 10:52:30] 发送(hex): 20
[2026/09/11 10:52:30] RRUPT>
[2026/09/11 10:52:30] =>
[2026/09/11 10:52:30] =>
[2026/09/11 10:52:30] 发送(hex): 03
[2026/09/11 10:52:30] 发送(hex): 0d
[2026/09/11 10:52:30] 发送(hex): 20
[2026/09/11 10:52:30] <INTERRUPT>
[2026/09/11 10:52:30] =>
[2026/09/11 10:52:30] =>
[2026/09/11 10:52:30] 发送(hex): 03
[2026/09/11 10:52:30] 发送(hex): 0d
[2026/09/11 10:52:30] 发送(hex): 20
[2026/09/11 10:52:30] <INTERRUPT>
[2026/09/11 10:52:30] =>
[2026/09/11 10:52:30] =>
[2026/09/11 10:52:30] 发送(hex): 03
[2026/09/11 10:52:30] 发送(hex): 0d
[2026/09/11 10:52:30] 发送(hex): 20
[2026/09/11 10:52:30] <INTERRUPT>
[2026/09/11 10:52:30] =>
[2026/09/11 10:52:30] =>
[2026/09/11 10:52:30] 发送(hex): 03
[2026/09/11 10:52:30] 发送(hex): 0d
[2026/09/11 10:52:30] 发送(hex): 20
[2026/09/11 10:52:30] <INTERRUPT>
[2026/09/11 10:52:30] =>
[2026/09/11 10:52:30] =>
[2026/09/11 10:52:30] 发送(hex): 03
[2026/09/11 10:52:30] 发送(hex): 0d
[2026/09/11 10:52:30] 发送(hex): 20
[2026/09/11 10:52:30] <INTERRUPT>
[2026/09/11 10:52:30] =>
[2026/09/11 10:52:30] =>
[2026/09/11 10:52:30] 发送(hex): 03
[2026/09/11 10:52:30] 发送(hex): 0d
[2026/09/11 10:52:30] 发送(hex): 20
[2026/09/11 10:52:30] <INTERRUPT>
[2026/09/11 10:52:30] =>
[2026/09/11 10:52:30] =>
[2026/09/11 10:52:30] 发送(hex): 03
[2026/09/11 10:52:30] 发送(hex): 0d
[2026/09/11 10:52:30] 发送(hex): 20
[2026/09/11 10:52:30] <INTERRUPT>
[2026/09/11 10:52:30] =>
[2026/09/11 10:52:30] =>
[2026/09/11 10:52:30] 发送(hex): 03
[2026/09/11 10:52:30] 发送(hex): 0d
[2026/09/11 10:52:30] 发送(hex): 20
[2026/09/11 10:52:30] <INTERRUPT>
[2026/09/11 10:52:30] =>
[2026/09/11 10:52:30] =>
[2026/09/11 10:52:30] 发送(hex): 03
[2026/09/11 10:52:30] 发送(hex): 0d
[2026/09/11 10:52:30] 发送(hex): 20
[2026/09/11 10:52:30] <INTERRUPT>
[2026/09/11 10:52:30] =>
[2026/09/11 10:52:30] =>
[2026/09/11 10:52:30] 发送(hex): 03
[2026/09/11 10:52:30] 发送(hex): 0d
[2026/09/11 10:52:30] 发送(hex): 20
[2026/09/11 10:52:30] <INTERRUPT>
[2026/09/11 10:52:30] =>
[2026/09/11 10:52:30] =>
[2026/09/11 10:52:30] 发送(hex): 03
[2026/09/11 10:52:30] 发送(hex): 0d
[2026/09/11 10:52:30] 发送(hex): 20
[2026/09/11 10:52:30] <INTERRUPT>
[2026/09/11 10:52:30] =>
[2026/09/11 10:52:30] =>
[2026/09/11 10:52:30] 发送(hex): 03
[2026/09/11 10:52:30] 发送(hex): 0d
[2026/09/11 10:52:30] 发送(hex): 20
[2026/09/11 10:52:30] <INTERRUPT>
[2026/09/11 10:52:30] =>
[2026/09/11 10:52:30] =>
[2026/09/11 10:52:30] 发送(hex): 03
[2026/09/11 10:52:30] 发送(hex): 0d
[2026/09/11 10:52:30] 发送(hex): 20
[2026/09/11 10:52:30] <INTERRUPT>
[2026/09/11 10:52:30] =>
[2026/09/11 10:52:30] =>
[2026/09/11 10:52:30] 发送(hex): 03
[2026/09/11 10:52:30] 发送(hex): 0d
[2026/09/11 10:52:30] <INTERRUPT>
[2026/09/11 10:52:30] =>
[2026/09/11 10:52:30] 发送(hex): 20
[2026/09/11 10:52:30] 发送(hex): 03
[2026/09/11 10:52:30] =>
[2026/09/11 10:52:30] 发送(hex): 0d
[2026/09/11 10:52:30] <INTERRUPT>
[2026/09/11 10:52:30] =>
[2026/09/11 10:52:30] 发送(hex): 20
[2026/09/11 10:52:30] 发送(hex): 03
[2026/09/11 10:52:30] =>
[2026/09/11 10:52:30] 发送(hex): 0d
[2026/09/11 10:52:30] <INTERRUPT>
[2026/09/11 10:52:30] =>
[2026/09/11 10:52:30] 发送(hex): 20
[2026/09/11 10:52:30] =>
[2026/09/11 10:52:30] 发送(hex): 03
[2026/09/11 10:52:30] 发送(hex): 0d
[2026/09/11 10:52:30] <INTERRUPT>
[2026/09/11 10:52:30] =>
[2026/09/11 10:52:30] 发送(hex): 20
[2026/09/11 10:52:30] =>
[2026/09/11 10:52:30] 发送(hex): 03
[2026/09/11 10:52:30] 发送(hex): 0d
[2026/09/11 10:52:30] <INTERRUPT>
[2026/09/11 10:52:30] =>
[2026/09/11 10:52:30] 发送(hex): 20
[2026/09/11 10:52:30] =>
[2026/09/11 10:52:30] 发送(hex): 03
[2026/09/11 10:52:30] 发送(hex): 0d
[2026/09/11 10:52:30] <INTERRUPT>
[2026/09/11 10:52:30] =>
[2026/09/11 10:52:30] 发送(hex): 20
[2026/09/11 10:52:30] =>
[2026/09/11 10:52:30] 发送(hex): 03
[2026/09/11 10:52:30] 发送(hex): 0d
[2026/09/11 10:52:30] <INTE
[2026/09/11 10:52:30] 发送(hex): 20
[2026/09/11 10:52:30] RRUPT>
[2026/09/11 10:52:30] =>
[2026/09/11 10:52:30] =>
[2026/09/11 10:52:30] 发送(hex): 03
[2026/09/11 10:52:30] 发送(hex): 0d
[2026/09/11 10:52:30] 发送(hex): 20
[2026/09/11 10:52:30] <INTERRUPT>
[2026/09/11 10:52:30] =>
[2026/09/11 10:52:30] =>
[2026/09/11 10:52:30] 发送(hex): 03
[2026/09/11 10:52:30] <INTERRUPT>
[2026/09/11 10:52:30] =>
[2026/09/11 10:52:40] 发送(hex): 0d
[2026/09/11 10:52:41] 发送(hex): 0d
[2026/09/11 10:52:41] =>
[2026/09/11 10:52:41] 发送(hex): 0d
[2026/09/11 10:52:41] =>
[2026/09/11 10:52:41] 发送(hex): 0d
[2026/09/11 10:52:41] 发送(hex): 0d
[2026/09/11 10:52:41] =>
[2026/09/11 10:52:41] =>
[2026/09/11 10:52:41] 发送(hex): 7072696e74656e762074636c5f6c6f676f5f706174680d
[2026/09/11 10:52:41] =>
[2026/09/11 10:52:41] printenv tcl_logo_path
[2026/09/11 10:52:41] tcl_logo_path=/tclconfig/tvcust/aio_resources/resource/extension/common_TCL_QDMINI_4K/logo
[2026/09/11 10:52:41] =>
[2026/09/11 10:52:42] 发送(hex): 03
[2026/09/11 10:52:42] <INTERRUPT>
[2026/09/11 10:52:42] =>
[2026/09/11 10:52:45] UART
[2026/09/11 10:52:45] <.
[2026/09/11 10:52:45] AC_ON
[2026/09/11 10:52:45] HASH1_VERSION=0x00000000 64bit
[2026/09/11 10:52:45] E-A
[2026/09/11 10:52:45] [ETT_Main] Clock MPLL Init
[2026/09/11 10:52:45] [ETT_Main]MIU_ver 20260417-11996427-OneBin-V20.4-RefineWDTNew
[2026/09/11 10:52:45] [DRAMC] AC ON-0
[2026/09/11 10:52:45] [FAST_K]
[2026/09/11 10:52:45] [MOBF] Gen SW key
[2026/09/11 10:52:45] CH0 DramsizeFlag_CH0 DUMMY_REG = 0x1
[2026/09/11 10:52:45] dramc_channel0 restore dramsize_flag = 0x1
[2026/09/11 10:52:45] [FAST_K]
[2026/09/11 10:52:45] C
[2026/09/11 10:52:45] H2 DramsizeFlag_CH2 DUMMY_REG = 0x0
[2026/09/11 10:52:45] dramc_channel2 restore dramsize_flag = 0x0
[2026/09/11 10:52:45] dispatch to 1 EMI 2 CH
[2026/09/11 10:52:45] MIUP set area: 3GB
[2026/09/11 10:52:45] EMI bist: [32mM0 pass[0m
[2026/09/11 10:52:45] EMI bist: [32mM2 pass[0m
[2026/09/11 10:52:45] fake engine: [32mpass[00000000][0m
[2026/09/11 10:52:45] fake engine: [32mpass[00000001][0m
[2026/09/11 10:52:45] u4dram_info=0x2406
[2026/09/11 10:52:45] TEELOADER_VERSION=0x00000000
[2026/09/11 10:52:45] optee teeloader entry
[2026/09/11 10:52:45] MultiOptee image detected, ModelI
[2026/09/11 10:52:45] D=17B06E0B
[2026/09/11 10:52:45] Mul
[2026/09/11 10:52:45] tiOptee image detected, ModelID=17B06E0B
[2026/09/11 10:52:45] CusConfig
[2026/09/11 10:52:45] ARMFW_VERSION=0x00000000
[2026/09/11 10:52:45] OPTEE_VERSION=0x00000000
[2026/09/11 10:52:45] OPTEECUST_VERSION=0x00000000
[2026/09/11 10:52:45] REELOADER_VERSION=0x00000000
[2026/09/11 10:52:45] ns_uboot_boot
[2026/09/11 10:52:45] NOTICE:  BL31: v2.4(debug):f102f7cc7
[2026/09/11 10:52:45] NOTICE:  BL31: Built : 20:53:08, Jul 17 2026
[2026/09/11 10:52:45] INFO:    BL31: Initializing runtime services
[2026/09/11 10:52:45] INFO:    BL31: Initializing BL32
[2026/09/11 10:52:45] [TEE] TRIAL BOOT: 0
[2026/09/11 10:52:46] [DynRamlog] wait for configuring by tee driver
[2026/09/11 10:52:46] I
[2026/09/11 10:52:46] NFO:    BL31: Preparing for EL3 exit to normal world
[2026/09/11 10:52:46] INFO:    Entry point address = 0x20100010
[2026/09/11 10:52:46] ree_entry
[2026/09/11 10:52:46] Check WDT....
[2026/09/11 10:52:46] UBOOT_VERSION=0x00000000
[2026/09/11 10:52:46] U-Boot2019.04-g23c3f665-dirty (Aug 23 2026 - 20:57:54 +0800)
[2026/09/11 10:52:46] Model: MediaTek MT5896 RFB
[2026/09/11 10:52:46] DRAM:  3 GiB
[2026/09/11 10:52:46] MMC:   mtk-mmc-fcie@1c660000: 0
[2026/09/11 10:52:46] Loading Environment from EXT4..
[2026/09/11 10:52:46] . OK
[2026/09/11 10:52:46] [0;31m[ERROR] get_data_s
[2026/09/11 10:52:46] eparation_info:254: [0m[data spr][start:1298][end:1306][total time:8]
[2026/09/11 10:52:46] [0;31m[ERROR] get_partition_info:394: [0mCan not find corresponding suffixed partition name:factory_preset_a !!!
[2026/09/11 10:52:46] [0;31m[ERROR] get_pid_from_preset_partition:1495: [0mError: sys_get_storage_info from factory_preset failure
[2026/09/11 10:52:46] [0;31m[ERROR] parse_tcl_ffvoice_lednum:1124: [0mdrive_item is not exist!
[2026/09/11 10:52:46] [0;31m[ERROR] parse_tcl_ffvoice_lednum:1144: [0muse default ffvoice lednum: 4!!!
[2026/09/11 10:52:46] [0;31m[ERROR] parse_tcl_led_stagespacetime:1019: [0mdrive_item is not exist!
[2026/09/11 10:52:46] [0;31m[ERROR] parse_tcl_led_stagespacetime:1039: [0muse default_ledstage: 0!!!
[2026/09/11 10:52:46] [0;31m[ERROR] parse_tcl_led_stagespacetime:1041: [0mset uenv led_stagespace : 0
[2026/09/11 10:52:46] device properties match:sid = "106"
[2026/09/11 10:52:46] [0;31m[ERROR] get_data_separation_info:270: [0mRead ini file success !
[2026/09/11 10:52:46] [0;31m[ERROR] To_parse_tcl_standby_qhb_support:234: [0mtcl_env_qhb = 0 or null or other,not support TCL  QHB
[2026/09/11 10:52:47] [0;31m[ERROR] dataindex_dtbo_overlay:644: [0m[DATAINDEX DTBO LOAD][start:1797][end:1887][total time:90]
[2026/09/11 10:52:47] Model: MediaTek MT5896 RFB
[2026/09/11 10:52:47] Net:
[2026/09/11 10:52:47] eth0: ethernet@1c700000
[2026/09/11 10:52:47] Booting(Working) pLedMode = LED_ON,pLightRate=80
[2026/09/11 10:52:47] slot:0 slot retry:0 a_corrupt:0 b_corrupt:0 successful:[1:0]
[2026/09/11 10:52:47] 00000000: 00 00 00 00 00 00 00 00 00 00 00 00 00 00 00 00    ................
[2026/09/11 10:52:47] 00000010: 00 00 00 00 00 00 00 00 00 00 00 00 00 00 00 00    ................
[2026/09/11 10:52:47] [0;31m[ERROR] get_boot_mode_from_partition:354: [0mdump  OK
[2026/09/11 10:52:47] androidboot boot reason = ac
[2026/09/11 10:52:47] Reboot reason == PM_BR_AC
[2026/09/11 10:52:47] upgrade status:done
[2026/09/11 10:52:47] [0;31m[ERROR] standby_mode_enter_standby:187: [0m[panic case]: no panic occur, normal deal
[2026/09/11 10:52:47] Normal booting mode!
[2026/09/11 10:52:47] [wei] mtk_panel_probe 991, PANEL LIB VER 5
[2026/09/11 10:52:47] [wei] BOOT_PNL_VERSION OLD
[2026/09/11 10:52:47] [0;31m[ERROR] standby_mode_enter_qhb:274: [0mThis PID   unsupport  TCL QHB !!!
[2026/09/11 10:52:47] [0;31m[ERROR] mtk_panel_init_device:998: [0m[BEFORE DEMURA][start:2125][end:2165][total time:40]
[2026/09/11 10:52:47] [0;31m[ERROR] mtk_panel_enable:1149: [0m
[2026/09/11 10:52:47] ---mtk_panel_enable:1149 Set mtk_panel_enable DelayTask 6
[2026/09/11 10:52:47] Hit any key to stop autoboot:  0
[2026/09/11 10:52:47] [0;31m[ERROR] do_check_upgrade_mode:216: [0mresolve path fail: /mnt/vendor/tvconfig/bsp/common/misc/upgrade_mode.ini
[2026/09/11 10:52:47] check_auto_update
[2026/09/11 10:52:47] seconds : 2
[2026/09/11 10:52:47] Ticking:
[2026/09/11 10:52:47] jpd_api: [ERR] _MApi_NJPD_Decoder_PrintError: data loss error!!
[2026/09/11 10:52:47] jpd_api: [ERR] _MApi_NJPD_Decoder_PrintError: bitstream error!!
[2026/09/11 10:52:47] [0;31m[ERROR] mtk_jpd_decode:361: [0mJPEG decode failed!!
[2026/09/11 10:52:47] [0;31m[ERROR] standby_mode_enter_standby:187: [0m[panic case]: no panic occur, normal deal
[2026/09/11 10:52:47] Normal booting mode!
[2026/09/11 10:52:47] [0;31m[ERROR] get_panel_pwm_duty_info:2644: [0mRead ini file to DRAM failure
[2026/09/11 10:52:47] [0;31m[ERROR] Check_TSR_PMIC_Version:229: [0mThis PID   unsupport   TSR IC !!!
[2026/09/11 10:52:47] [0;31m[ERROR] _mtk_pnl_cust_backlight_i2c_init:2672: [0mRead subnode (backlight_i2c_info) FAIL
[2026/09/11 10:52:47] kfault cur reboot mode: 0x0
[2026/09/11 10:52:47] kfault tcllog size: 0x4000000
[2026/09/11 10:52:47] kfault io buf 0x5be22d40, size 0x400, pos 0x0, is_read 1, ret 0
[2026/09/11 10:52:47] kfault io buf 0x5be23150, size 0x2000, pos 0x400, is_read 1, ret 0
[2026/09/11 10:52:47] kfault io buf 0x5bd65ea0, size 0x1000, pos 0x37ff000, is_read 1, ret 0
[2026/09/11 10:52:47] normal boot, just do tmp dump
[2026/09/11 10:52:47] MMC write: dev # 0, block # 1480696, count 8 ...
[2026/09/11 10:52:48] 8 blocks written: OK
[2026/09/11 10:52:48] kfault io buf 0x5bd65ea0, size 0x1000, pos 0x37ff000, is_read 0, ret 0
[2026/09/11 10:52:48] kfault_boot->log_num = 0
[2026/09/11 10:52:48] MMC write: dev # 0, block # 1366016, count 2 ... 2 blocks written: OK
[2026/09/11 10:52:48] kfault io buf 0x5be22d40, size 0x400, pos 0x0, is_read 0, ret 0
[2026/09/11 10:52:48] [0;31m[ERROR] standby_mode_enter_standby:187: [0m[panic case]: no panic occur, normal deal
[2026/09/11 10:52:48] Normal booting mode!
[2026/09/11 10:52:48] upgradecheck - upgrade mode check command
[2026/09/11 10:52:48] Usage:
[2026/09/11 10:52:48] upgradecheck command: upgradecheck
[2026/09/11 10:52:48] retry_count: 0
[2026/09/11 10:52:48] ## Android Verified Boot 2.0 version 1.1.0
[2026/09/11 10:52:48] Disable Flash Update Mode
[2026/09/11 10:52:48] Verification passed successfully
[2026/09/11 10:52:48] Boot state is: Green !
[2026/09/11 10:52:48] Kernel load addr 0x26000000 size 41887 KiB
[2026/09/11 10:52:48] RAM disk load addr 0x01000000 size 2039 KiB
[2026/09/11 10:52:48] [0;31m[ERROR] bootargs_append:2318: [0mset cfg is androidboot.device_name=G08 androidboot.series=X androidboot.product=C7K androidboot.product_name=G08_4K_GB androidboot.client_type=TCL-AP-MT9653-S1 androidboot.model_name=Smart*TV*Pro androidboot.code_name=AU04 androidboot.ecid=21000000 androidboot.tcl_brand=TCL androidboot.manufacturer=TCL androidboot.oem_tag=AP androidboot.certify=unknown androidboot.extension=TCL_QDMINI_4K androidboot.extension_res=unknown androidboot.extension_db=unknown
[2026/09/11 10:52:48] [0;31m[ERROR] bootargs_append:2318: [0mset cfg is androidboot.pid=27136
[2026/09/11 10:52:48] device properties match:sid = "106"
[2026/09/11 10:52:48] [0;31m[ERROR] set_crashkernel_rsvmem:2278: [0mError: Read kdump file to Dram failed
[2026/09/11 10:52:48] do_tcl_crashkernel - tcl_crashkernel
[2026/09/11 10:52:48] Usage:
[2026/09/11 10:52:48] do_tcl_crashkernel command: set reserved memory for crashkernel
[2026/09/11 10:52:48] Loading Kernel Image ... OK
[2026/09/11 10:52:48] Loading Ramdisk to 29f09000, end 2bdff751 ... OK
[2026/09/11 10:52:48] Loading Device Tree to 000000002c4e1000, end 000000002c5ff9bb ... OK
[2026/09/11 10:52:49] [0;31m[ERROR] dataindex_dtbo_overlay:644: [0m[DATAINDEX DTBO LOAD][start:3774][end:3892][total time:118]
[2026/09/11 10:52:49] [0;31m[ERROR] standby_mode_enter_qhb:274: [0mThis PID   unsupport  TCL QHB !!!
[2026/09/11 10:52:49] [AutoTest][mboot][start kernel][3957]
[2026/09/11 10:52:49] Starting kernel ...
[2026/09/11 10:52:49] kfault io buf 0x5beaa110, size 0x28, pos 0x400, is_read 1, ret 0
[2026/09/11 10:52:49] last status:0x0
[2026/09/11 10:52:49] MMC write: dev # 0, block # 1480632, count 7 ...
[2026/09/11 10:52:49] 7 blocks written: OK
[2026/09/11 10:52:49] MMC write: dev # 0, block # 1480639, count 1 ...
[2026/09/11 10:52:49] 1 blocks written: OK
[2026/09/11 10:52:49] kfault io buf 0x5be51230, size 0xf26, pos 0x37f7000, is_read 0, ret 0
[2026/09/11 10:52:49] MMC write: dev # 0, block # 1366018, count 1 ...
[2026/09/11 10:52:49] 1 blocks written: OK
[2026/09/11 10:52:49] kfault io buf 0x5bd55050, size 0x28, pos 0x400, is_read 0, ret 0
[2026/09/11 10:52:49] WARNING: Unimplem
[2026/09/11 10:52:49] ented Standard Service Call: 0x84000050
[2026/09/11 10:52:50] [    0.322247][    T1] clk_mt5896: we have
[2026/09/11 10:52:50] : PM
[2026/09/11 10:52:50] [    0.322269][    T1] clk_mt5896: we have : NONPM
[2026/09/11 10:52:50] [Ramlog] tee_config_dyn_ramlog_by_cookie is success
[2026/09/11 10:52:50] [    0.472249][    T1] [K][EFUSE]mtk_efuse_init() ----- START
[2026/09/11 10:52:50] [    0.477908][    T1] [K][EFUSE]mtk_efuse_init() ----> OK
[2026/09/11 10:52:50] [    0.490388][    T1] ir set ir_arm_en to 1.
[2026/09/11 10:52:50] [    0.494600][    T1] ir get boot status 2.
[2026/09/11 10:52:50] [    0.498626][    T1] ir set boot status to 3.
[2026/09/11 10:52:50] [    0.502954][    T1] ir get key 65535.
[2026/09/11 10:52:50] [    0.506625][    T1] mtk-ir 1c080000.ir_in: ir probe done.
[2026/09/11 10:52:50] [    0.518394][    T1] [0][0][0]
[2026/09/11 10:52:50] [    0.529199][    T1] add null memory dma_heap with name mtk_nullmem_1
[2026/09/11 10:52:50] [    0.535612][    T1]     range from 0x3000000 to 0x13000000
[2026/09/11 10:52:50] [    0.535612][    T1]
[2026/09/11 10:52:50] [    0.535612][    T1]
[2026/09/11 10:52:50] [    0.569416][    T1] we have : seal
[2026/09/11 10:52:50] [    0.655295][   T67] mtk_mci 1c660000.mtk-mmc-fcie: [ mtk_fcie_set_ios() Ln.4351 ]
[2026/09/11 10:52:50] [    0.662902][   T67] mtk_mci 1c660000.mtk-mmc-fcie: Ld HS400ES
[2026/09/11 10:52:50] [    0.668648][    T1] [Alg Debug] MApi_PQ_CLI_CFD_Init sucess!!
[2026/09/11 10:52:50] [    0.676831][   T67] mtk_mci 1c660000.mtk-mmc-fcie: eMMC: HS400 5.1 200MHz
[2026/09/11 10:52:50] [    0.683953][   T67] mtk_mci 1c660000.mtk-mmc-fcie: eMMC: HS400 5.1 200MHz
[2026/09/11 10:52:50] [    0.684343][    T1] lizw pp 1
[2026/09/11 10:52:50] [    0.701520][    T1] ux_thread: uxthread_init done!
[2026/09/11 10:52:50] [    0.707117][    T1] tcl_action_monitor: kfault kernel timeout init
[2026/09/11 10:52:51] [    1.810750][  T123] tcl_act
[2026/09/11 10:52:51] ion_monitor: kfault stop kernel init timeout
[2026/09/11 10:52:52] console:/ $
[2026/09/11 10:52:52] [0;32;31m [ramlog] tee_get_ramlog_con
[2026/09/11 10:52:52] fig 586 [m
[2026/09/11 10:52:52] [ramlog] Chip ID: 27 f3 04 f5 fd 0b 95 c5 8d 04 00 00
[2026/09/11 10:52:52] [ramlog] TEE log is not enabled (I2C mode:1)
