[BEGIN] 2026/09/10 18:26:56
[2026/09/10 18:27:00] 发送(hex): 0d
[2026/09/10 18:27:00] 发送(hex): 20
[2026/09/10 18:27:00] 发送(hex): 03
[2026/09/10 18:27:00] 发送(hex): 0d
[2026/09/10 18:27:00] 发送(hex): 20
[2026/09/10 18:27:00] 发送(hex): 03
[2026/09/10 18:27:00] 发送(hex): 0d
[2026/09/10 18:27:00] 发送(hex): 20
[2026/09/10 18:27:00] 发送(hex): 03
[2026/09/10 18:27:00] 发送(hex): 0d
[2026/09/10 18:27:00] 发送(hex): 20
[2026/09/10 18:27:00] 发送(hex): 03
[2026/09/10 18:27:01] 发送(hex): 0d
[2026/09/10 18:27:01] 发送(hex): 20
[2026/09/10 18:27:01] 发送(hex): 03
[2026/09/10 18:27:01] 发送(hex): 0d
[2026/09/10 18:27:01] 发送(hex): 20
[2026/09/10 18:27:01] 发送(hex): 03
[2026/09/10 18:27:01] 发送(hex): 0d
[2026/09/10 18:27:01] 发送(hex): 20
[2026/09/10 18:27:01] 发送(hex): 03
[2026/09/10 18:27:01] 发送(hex): 0d
[2026/09/10 18:27:01] 发送(hex): 20
[2026/09/10 18:27:01] 发送(hex): 03
[2026/09/10 18:27:01] 发送(hex): 0d
[2026/09/10 18:27:01] 发送(hex): 20
[2026/09/10 18:27:01] 发送(hex): 03
[2026/09/10 18:27:01] 发送(hex): 0d
[2026/09/10 18:27:01] 发送(hex): 20
[2026/09/10 18:27:01] 发送(hex): 03
[2026/09/10 18:27:01] 发送(hex): 0d
[2026/09/10 18:27:01] 发送(hex): 20
[2026/09/10 18:27:01] 发送(hex): 03
[2026/09/10 18:27:01] 发送(hex): 0d
[2026/09/10 18:27:01] 发送(hex): 20
[2026/09/10 18:27:01] 发送(hex): 03
[2026/09/10 18:27:01] 发送(hex): 0d
[2026/09/10 18:27:01] 发送(hex): 20
[2026/09/10 18:27:01] 发送(hex): 03
[2026/09/10 18:27:01] 发送(hex): 0d
[2026/09/10 18:27:01] 发送(hex): 20
[2026/09/10 18:27:01] 发送(hex): 03
[2026/09/10 18:27:01] 发送(hex): 0d
[2026/09/10 18:27:01] 发送(hex): 20
[2026/09/10 18:27:01] 发送(hex): 03
[2026/09/10 18:27:01] UART
[2026/09/10 18:27:01] <.
[2026/09/10 18:27:01] AC_ON
[2026/09/10 18:27:01] 发送(hex): 0d
[2026/09/10 18:27:01] 发送(hex): 20
[2026/09/10 18:27:01] 发送(hex): 03
[2026/09/10 18:27:01] 发送(hex): 0d
[2026/09/10 18:27:01] 发送(hex): 20
[2026/09/10 18:27:01] 发送(hex): 03
[2026/09/10 18:27:01] 发送(hex): 0d
[2026/09/10 18:27:01] 发送(hex): 20
[2026/09/10 18:27:01] 发送(hex): 03
[2026/09/10 18:27:01] 发送(hex): 0d
[2026/09/10 18:27:01] 发送(hex): 20
[2026/09/10 18:27:01] 发送(hex): 03
[2026/09/10 18:27:01] 发送(hex): 0d
[2026/09/10 18:27:01] 发送(hex): 20
[2026/09/10 18:27:01] HASH1_VERSION=0x00000000 64bit
[2026/09/10 18:27:01] E-A
[2026/09/10 18:27:01] 发送(hex): 03
[2026/09/10 18:27:01] 发送(hex): 0d
[2026/09/10 18:27:01] 发送(hex): 20
[2026/09/10 18:27:01] [ETT_Main] Clock MPLL Init
[2026/09/10 18:27:01] [ETT_Main]MIU_ver 20260417-11996427-OneBin-V20.4-RefineWDTNew
[2026/09/10 18:27:01] [DRAMC] AC ON-0
[2026/09/10 18:27:01] [FAST_K]
[2026/09/10 18:27:01] [MOBF] Gen SW key
[2026/09/10 18:27:01] 发送(hex): 03
[2026/09/10 18:27:01] 发送(hex): 0d
[2026/09/10 18:27:01] 发送(hex): 20
[2026/09/10 18:27:01] 发送(hex): 03
[2026/09/10 18:27:01] 发送(hex): 0d
[2026/09/10 18:27:01] CH0 DramsizeFlag_CH0 DUMMY_REG = 0x1
[2026/09/10 18:27:01] dramc_channel0 restore dramsize_flag = 0x1
[2026/09/10 18:27:01] [FAST_K]
[2026/09/10 18:27:01] 发送(hex): 20
[2026/09/10 18:27:01] 发送(hex): 03
[2026/09/10 18:27:01] 发送(hex): 0d
[2026/09/10 18:27:01] 发送(hex): 20
[2026/09/10 18:27:01] 发送(hex): 03
[2026/09/10 18:27:01] 发送(hex): 0d
[2026/09/10 18:27:01] 发送(hex): 20
[2026/09/10 18:27:01] CH2 DramsizeFlag_CH2 DUMMY_REG = 0x0
[2026/09/10 18:27:01] dramc_channel2 restore dramsize_flag = 0x0
[2026/09/10 18:27:01] dispatch to 1 EMI 2 CH
[2026/09/10 18:27:01] MIUP set area: 3GB
[2026/09/10 18:27:01] EMI bist: [32mM0 pass[0m
[2026/09/10 18:27:01] EMI bist: [32mM2 pass[0m
[2026/09/10 18:27:01] fake engine: [32mpass[00000000][0m
[2026/09/10 18:27:01] fake engine: [32mpass[00000001][0m
[2026/09/10 18:27:01] u4dram_info=0x2406
[2026/09/10 18:27:01] TEELOADER_VERSION=0x00000000
[2026/09/10 18:27:01] 发送(hex): 03
[2026/09/10 18:27:01] 发送(hex): 0d
[2026/09/10 18:27:01] optee teeloader entry
[2026/09/10 18:27:01] MultiOptee image detected, Model
[2026/09/10 18:27:01] 发送(hex): 20
[2026/09/10 18:27:01] ID=17B06E0B
[2026/09/10 18:27:01] Mu
[2026/09/10 18:27:01] 发送(hex): 03
[2026/09/10 18:27:01] 发送(hex): 0d
[2026/09/10 18:27:01] ltiOptee image detected, ModelID=17B06E0B
[2026/09/10 18:27:01] 发送(hex): 20
[2026/09/10 18:27:01] 发送(hex): 03
[2026/09/10 18:27:01] 发送(hex): 0d
[2026/09/10 18:27:01] 发送(hex): 20
[2026/09/10 18:27:01] CusConfig
[2026/09/10 18:27:01] 发送(hex): 03
[2026/09/10 18:27:01] 发送(hex): 0d
[2026/09/10 18:27:01] ARMFW_VERSION=0x00000000
[2026/09/10 18:27:01] OPTEE_VERSION=0x00000000
[2026/09/10 18:27:01] OPTEECUST_VERSION=0x00000000
[2026/09/10 18:27:01] REELOADER_VERSION=0x00000000
[2026/09/10 18:27:01] 发送(hex): 20
[2026/09/10 18:27:01] 发送(hex): 03
[2026/09/10 18:27:01] 发送(hex): 0d
[2026/09/10 18:27:01] 发送(hex): 20
[2026/09/10 18:27:01] ns_uboot_boot
[2026/09/10 18:27:01] NOTICE:  BL31: v2.4(debug):f102f7cc7
[2026/09/10 18:27:01] NOTICE:  BL31: Built : 20:53:08, Jul 17 2026
[2026/09/10 18:27:01] INFO:    BL31: Initializing runtime services
[2026/09/10 18:27:01] INFO:    BL31: Initializing BL32
[2026/09/10 18:27:01] [TEE] TRIAL BOOT: 0
[2026/09/10 18:27:01] 发送(hex): 03
[2026/09/10 18:27:01] 发送(hex): 0d
[2026/09/10 18:27:01] 发送(hex): 20
[2026/09/10 18:27:01] 发送(hex): 03
[2026/09/10 18:27:01] 发送(hex): 0d
[2026/09/10 18:27:01] 发送(hex): 20
[2026/09/10 18:27:01] [DynRamlog] wait for configuring by tee driver
[2026/09/10 18:27:01] 发送(hex): 03
[2026/09/10 18:27:01] 发送(hex): 0d
[2026/09/10 18:27:01] 发送(hex): 20
[2026/09/10 18:27:01] INFO:    BL31: Preparing for EL3 exit to normal world
[2026/09/10 18:27:01] INFO:    Entry point address = 0x20100010
[2026/09/10 18:27:01] ree_entry
[2026/09/10 18:27:01] Check WDT....
[2026/09/10 18:27:01] UBOOT_VERSION=0x00000000
[2026/09/10 18:27:01] 发送(hex): 03
[2026/09/10 18:27:01] 发送(hex): 0d
[2026/09/10 18:27:01] 发送(hex): 20
[2026/09/10 18:27:01] 发送(hex): 03
[2026/09/10 18:27:01] 发送(hex): 0d
[2026/09/10 18:27:01] 发送(hex): 20
[2026/09/10 18:27:01] 发送(hex): 03
[2026/09/10 18:27:02] 发送(hex): 0d
[2026/09/10 18:27:02] 发送(hex): 20
[2026/09/10 18:27:02] 发送(hex): 03
[2026/09/10 18:27:02] 发送(hex): 0d
[2026/09/10 18:27:02] 发送(hex): 20
[2026/09/10 18:27:02] 发送(hex): 03
[2026/09/10 18:27:02] 发送(hex): 0d
[2026/09/10 18:27:02] 发送(hex): 20
[2026/09/10 18:27:02] 发送(hex): 03
[2026/09/10 18:27:02] 发送(hex): 0d
[2026/09/10 18:27:02] 发送(hex): 20
[2026/09/10 18:27:02] 发送(hex): 03
[2026/09/10 18:27:02] 发送(hex): 0d
[2026/09/10 18:27:02] 发送(hex): 20
[2026/09/10 18:27:02] 发送(hex): 03
[2026/09/10 18:27:02] 发送(hex): 0d
[2026/09/10 18:27:02] 发送(hex): 20
[2026/09/10 18:27:02] 发送(hex): 03
[2026/09/10 18:27:02] 发送(hex): 0d
[2026/09/10 18:27:02] U-Boot2019.04-g23c3f665-dirty (Aug 23 2026 - 20:57:54 +0800)
[2026/09/10 18:27:02] Model: MediaTek MT5896 RFB
[2026/09/10 18:27:02] DRAM:  3 GiB
[2026/09/10 18:27:02] 发送(hex): 20
[2026/09/10 18:27:02] 发送(hex): 03
[2026/09/10 18:27:02] 发送(hex): 0d
[2026/09/10 18:27:02] 发送(hex): 20
[2026/09/10 18:27:02] 发送(hex): 03
[2026/09/10 18:27:02] 发送(hex): 0d
[2026/09/10 18:27:02] 发送(hex): 20
[2026/09/10 18:27:02] 发送(hex): 03
[2026/09/10 18:27:02] 发送(hex): 0d
[2026/09/10 18:27:02] 发送(hex): 20
[2026/09/10 18:27:02] 发送(hex): 03
[2026/09/10 18:27:02] 发送(hex): 0d
[2026/09/10 18:27:02] 发送(hex): 20
[2026/09/10 18:27:02] MMC:   mtk-mmc-fcie@1c660000: 0
[2026/09/10 18:27:02] 发送(hex): 03
[2026/09/10 18:27:02] 发送(hex): 0d
[2026/09/10 18:27:02] 发送(hex): 20
[2026/09/10 18:27:02] 发送(hex): 03
[2026/09/10 18:27:02] 发送(hex): 0d
[2026/09/10 18:27:02] 发送(hex): 20
[2026/09/10 18:27:02] 发送(hex): 03
[2026/09/10 18:27:02] 发送(hex): 0d
[2026/09/10 18:27:02] Loading Environment from EXT4...
[2026/09/10 18:27:02] 发送(hex): 20
[2026/09/10 18:27:02] 发送(hex): 03
[2026/09/10 18:27:02] 发送(hex): 0d
[2026/09/10 18:27:02] 发送(hex): 20
[2026/09/10 18:27:02] OK
[2026/09/10 18:27:02] jump_to_console start!!
[2026/09/10 18:27:02] => <INTERRUPT>
[2026/09/10 18:27:02] =>
[2026/09/10 18:27:02] =>  <INTERRUPT>
[2026/09/10 18:27:02] =>
[2026/09/10 18:27:02] =>  <INTERRUPT>
[2026/09/10 18:27:02] =>
[2026/09/10 18:27:02] =>  <INTERRUPT>
[2026/09/10 18:27:02] =>
[2026/09/10 18:27:02] =>  <INTERRUPT>
[2026/09/10 18:27:02] =>
[2026/09/10 18:27:02] =>  <INTERRUPT>
[2026/09/10 18:27:02] =>
[2026/09/10 18:27:02] =>  <INTERRUPT>
[2026/09/10 18:27:02] =>
[2026/09/10 18:27:02] =>  <INTERRUPT>
[2026/09/10 18:27:02] =>
[2026/09/10 18:27:02] =>  <INTERRUPT>
[2026/09/10 18:27:02] =>
[2026/09/10 18:27:02] =>  <INTERRUPT>
[2026/09/10 18:27:02] =>
[2026/09/10 18:27:02] =>  <INTERRUPT>
[2026/09/10 18:27:02] =>  <INTERRUPT>
[2026/09/10 18:27:02] =>
[2026/09/10 18:27:02] =>
[2026/09/10 18:27:02] 发送(hex): 03
[2026/09/10 18:27:02] 发送(hex): 0d
[2026/09/10 18:27:02] 发送(hex): 20
[2026/09/10 18:27:02] <INTERRUPT>
[2026/09/10 18:27:02] =>
[2026/09/10 18:27:02] =>
[2026/09/10 18:27:02] 发送(hex): 03
[2026/09/10 18:27:02] 发送(hex): 0d
[2026/09/10 18:27:02] 发送(hex): 20
[2026/09/10 18:27:02] <INTERRUPT>
[2026/09/10 18:27:02] =>
[2026/09/10 18:27:02] =>
[2026/09/10 18:27:02] 发送(hex): 03
[2026/09/10 18:27:02] 发送(hex): 0d
[2026/09/10 18:27:02] 发送(hex): 20
[2026/09/10 18:27:02] <INTERRUPT>
[2026/09/10 18:27:02] =>
[2026/09/10 18:27:02] =>
[2026/09/10 18:27:02] 发送(hex): 03
[2026/09/10 18:27:02] 发送(hex): 0d
[2026/09/10 18:27:02] 发送(hex): 20
[2026/09/10 18:27:02] <INTERRUPT>
[2026/09/10 18:27:02] =>
[2026/09/10 18:27:02] =>
[2026/09/10 18:27:02] 发送(hex): 03
[2026/09/10 18:27:02] 发送(hex): 0d
[2026/09/10 18:27:02] 发送(hex): 20
[2026/09/10 18:27:02] <INTERRUPT>
[2026/09/10 18:27:02] =>
[2026/09/10 18:27:02] =>
[2026/09/10 18:27:02] 发送(hex): 03
[2026/09/10 18:27:02] 发送(hex): 0d
[2026/09/10 18:27:02] 发送(hex): 20
[2026/09/10 18:27:02] <INTERRUPT>
[2026/09/10 18:27:02] =>
[2026/09/10 18:27:02] =>
[2026/09/10 18:27:02] 发送(hex): 03
[2026/09/10 18:27:02] 发送(hex): 0d
[2026/09/10 18:27:02] 发送(hex): 20
[2026/09/10 18:27:02] <INTERRUPT>
[2026/09/10 18:27:02] =>
[2026/09/10 18:27:02] =>
[2026/09/10 18:27:02] 发送(hex): 03
[2026/09/10 18:27:02] 发送(hex): 0d
[2026/09/10 18:27:02] 发送(hex): 20
[2026/09/10 18:27:02] <INTERRUPT>
[2026/09/10 18:27:02] =>
[2026/09/10 18:27:02] =>
[2026/09/10 18:27:02] 发送(hex): 03
[2026/09/10 18:27:02] 发送(hex): 0d
[2026/09/10 18:27:02] 发送(hex): 20
[2026/09/10 18:27:02] <INTERRUPT>
[2026/09/10 18:27:02] =>
[2026/09/10 18:27:02] =>
[2026/09/10 18:27:02] 发送(hex): 03
[2026/09/10 18:27:02] 发送(hex): 0d
[2026/09/10 18:27:02] 发送(hex): 20
[2026/09/10 18:27:02] <INTERRUPT>
[2026/09/10 18:27:02] =>
[2026/09/10 18:27:02] =>
[2026/09/10 18:27:02] 发送(hex): 03
[2026/09/10 18:27:02] 发送(hex): 0d
[2026/09/10 18:27:02] 发送(hex): 20
[2026/09/10 18:27:02] <INTERRUPT>
[2026/09/10 18:27:02] =>
[2026/09/10 18:27:02] =>
[2026/09/10 18:27:02] 发送(hex): 03
[2026/09/10 18:27:02] 发送(hex): 0d
[2026/09/10 18:27:02] 发送(hex): 20
[2026/09/10 18:27:02] <INTERRUPT>
[2026/09/10 18:27:02] =>
[2026/09/10 18:27:02] =>
[2026/09/10 18:27:02] 发送(hex): 03
[2026/09/10 18:27:02] 发送(hex): 0d
[2026/09/10 18:27:02] 发送(hex): 20
[2026/09/10 18:27:02] <INTERRUPT>
[2026/09/10 18:27:02] =>
[2026/09/10 18:27:02] =>
[2026/09/10 18:27:02] 发送(hex): 03
[2026/09/10 18:27:02] 发送(hex): 0d
[2026/09/10 18:27:02] 发送(hex): 20
[2026/09/10 18:27:02] <INTERRUPT>
[2026/09/10 18:27:02] =>
[2026/09/10 18:27:02] =>
[2026/09/10 18:27:02] 发送(hex): 03
[2026/09/10 18:27:02] 发送(hex): 0d
[2026/09/10 18:27:02] 发送(hex): 20
[2026/09/10 18:27:02] <INTERRUPT>
[2026/09/10 18:27:02] =>
[2026/09/10 18:27:02] =>
[2026/09/10 18:27:02] 发送(hex): 03
[2026/09/10 18:27:02] 发送(hex): 0d
[2026/09/10 18:27:02] 发送(hex): 20
[2026/09/10 18:27:02] <INTERRUPT>
[2026/09/10 18:27:02] =>
[2026/09/10 18:27:02] =>
[2026/09/10 18:27:02] 发送(hex): 03
[2026/09/10 18:27:02] 发送(hex): 0d
[2026/09/10 18:27:03] 发送(hex): 20
[2026/09/10 18:27:03] <INTERRUPT>
[2026/09/10 18:27:03] =>
[2026/09/10 18:27:03] =>
[2026/09/10 18:27:03] 发送(hex): 03
[2026/09/10 18:27:03] 发送(hex): 0d
[2026/09/10 18:27:03] 发送(hex): 20
[2026/09/10 18:27:03] <INTERRUPT>
[2026/09/10 18:27:03] =>
[2026/09/10 18:27:03] =>
[2026/09/10 18:27:03] 发送(hex): 03
[2026/09/10 18:27:03] 发送(hex): 0d
[2026/09/10 18:27:03] 发送(hex): 20
[2026/09/10 18:27:03] <INTERRUPT>
[2026/09/10 18:27:03] =>
[2026/09/10 18:27:03] =>
[2026/09/10 18:27:03] 发送(hex): 03
[2026/09/10 18:27:03] 发送(hex): 0d
[2026/09/10 18:27:03] 发送(hex): 20
[2026/09/10 18:27:03] <INTERRUPT>
[2026/09/10 18:27:03] =>
[2026/09/10 18:27:03] =>
[2026/09/10 18:27:03] 发送(hex): 03
[2026/09/10 18:27:03] 发送(hex): 0d
[2026/09/10 18:27:03] 发送(hex): 20
[2026/09/10 18:27:03] <INTERRUPT>
[2026/09/10 18:27:03] =>
[2026/09/10 18:27:03] =>
[2026/09/10 18:27:03] 发送(hex): 03
[2026/09/10 18:27:03] 发送(hex): 0d
[2026/09/10 18:27:03] 发送(hex): 20
[2026/09/10 18:27:03] <INTERRUPT>
[2026/09/10 18:27:03] =>
[2026/09/10 18:27:03] =>
[2026/09/10 18:27:03] 发送(hex): 03
[2026/09/10 18:27:03] 发送(hex): 0d
[2026/09/10 18:27:03] 发送(hex): 20
[2026/09/10 18:27:03] <INTERRUPT>
[2026/09/10 18:27:03] =>
[2026/09/10 18:27:03] =>
[2026/09/10 18:27:03] 发送(hex): 03
[2026/09/10 18:27:03] 发送(hex): 0d
[2026/09/10 18:27:03] 发送(hex): 20
[2026/09/10 18:27:03] <INTERRUPT>
[2026/09/10 18:27:03] =>
[2026/09/10 18:27:03] =
[2026/09/10 18:27:03] 发送(hex): 03
[2026/09/10 18:27:03] >
[2026/09/10 18:27:03] 发送(hex): 0d
[2026/09/10 18:27:03] 发送(hex): 20
[2026/09/10 18:27:03] <INTERRUPT>
[2026/09/10 18:27:03] =>
[2026/09/10 18:27:03] 发送(hex): 03
[2026/09/10 18:27:03] =>
[2026/09/10 18:27:03] 发送(hex): 0d
[2026/09/10 18:27:03] <INTERRUPT>
[2026/09/10 18:27:03] =>
[2026/09/10 18:27:03] 发送(hex): 20
[2026/09/10 18:27:03] 发送(hex): 03
[2026/09/10 18:27:03] =>
[2026/09/10 18:27:03] 发送(hex): 0d
[2026/09/10 18:27:03] <INTERRUPT>
[2026/09/10 18:27:03] =>
[2026/09/10 18:27:03] 发送(hex): 20
[2026/09/10 18:27:03] 发送(hex): 03
[2026/09/10 18:27:03] =>
[2026/09/10 18:27:03] 发送(hex): 0d
[2026/09/10 18:27:03] <INTERRUPT>
[2026/09/10 18:27:03] =>
[2026/09/10 18:27:03] 发送(hex): 20
[2026/09/10 18:27:03] 发送(hex): 03
[2026/09/10 18:27:03] =>
[2026/09/10 18:27:03] 发送(hex): 0d
[2026/09/10 18:27:03] <INTERRUPT>
[2026/09/10 18:27:03] =>
[2026/09/10 18:27:03] 发送(hex): 20
[2026/09/10 18:27:03] 发送(hex): 03
[2026/09/10 18:27:03] =>
[2026/09/10 18:27:03] 发送(hex): 0d
[2026/09/10 18:27:03] <INTERRUPT>
[2026/09/10 18:27:03] =>
[2026/09/10 18:27:03] 发送(hex): 20
[2026/09/10 18:27:03] 发送(hex): 03
[2026/09/10 18:27:03] =>
[2026/09/10 18:27:03] 发送(hex): 0d
[2026/09/10 18:27:03] <INTERRUPT>
[2026/09/10 18:27:03] =>
[2026/09/10 18:27:03] 发送(hex): 20
[2026/09/10 18:27:03] 发送(hex): 03
[2026/09/10 18:27:03] =>
[2026/09/10 18:27:03] 发送(hex): 0d
[2026/09/10 18:27:03] <INTERRUPT>
[2026/09/10 18:27:03] =>
[2026/09/10 18:27:03] 发送(hex): 20
[2026/09/10 18:27:03] 发送(hex): 03
[2026/09/10 18:27:03] =>
[2026/09/10 18:27:03] 发送(hex): 0d
[2026/09/10 18:27:03] <INTERRUPT>
[2026/09/10 18:27:03] =>
[2026/09/10 18:27:03] 发送(hex): 20
[2026/09/10 18:27:03] 发送(hex): 03
[2026/09/10 18:27:03] =>
[2026/09/10 18:27:03] 发送(hex): 0d
[2026/09/10 18:27:03] <INTERRUPT>
[2026/09/10 18:27:03] =>
[2026/09/10 18:27:03] 发送(hex): 20
[2026/09/10 18:27:03] 发送(hex): 03
[2026/09/10 18:27:03] =>
[2026/09/10 18:27:03] 发送(hex): 0d
[2026/09/10 18:27:03] <INTERRUPT>
[2026/09/10 18:27:03] =>
[2026/09/10 18:27:03] 发送(hex): 20
[2026/09/10 18:27:03] 发送(hex): 03
[2026/09/10 18:27:03] =>
[2026/09/10 18:27:03] 发送(hex): 0d
[2026/09/10 18:27:03] <INTERRUPT>
[2026/09/10 18:27:03] =>
[2026/09/10 18:27:03] 发送(hex): 20
[2026/09/10 18:27:03] 发送(hex): 03
[2026/09/10 18:27:03] =>
[2026/09/10 18:27:03] 发送(hex): 0d
[2026/09/10 18:27:03] <INTERRUPT>
[2026/09/10 18:27:03] =>
[2026/09/10 18:27:03] 发送(hex): 20
[2026/09/10 18:27:03] 发送(hex): 03
[2026/09/10 18:27:03] =>
[2026/09/10 18:27:03] 发送(hex): 0d
[2026/09/10 18:27:03] <INTERRUPT>
[2026/09/10 18:27:03] =>
[2026/09/10 18:27:03] 发送(hex): 20
[2026/09/10 18:27:03] 发送(hex): 03
[2026/09/10 18:27:03] =>
[2026/09/10 18:27:03] 发送(hex): 0d
[2026/09/10 18:27:03] <INTERRUPT>
[2026/09/10 18:27:03] =>
[2026/09/10 18:27:03] 发送(hex): 20
[2026/09/10 18:27:03] 发送(hex): 03
[2026/09/10 18:27:03] =>
[2026/09/10 18:27:03] 发送(hex): 0d
[2026/09/10 18:27:03] <INTERRUPT>
[2026/09/10 18:27:03] =>
[2026/09/10 18:27:03] 发送(hex): 20
[2026/09/10 18:27:03] 发送(hex): 03
[2026/09/10 18:27:03] =>
[2026/09/10 18:27:03] 发送(hex): 0d
[2026/09/10 18:27:03] <INTERRUPT>
[2026/09/10 18:27:03] =>
[2026/09/10 18:27:03] 发送(hex): 20
[2026/09/10 18:27:03] 发送(hex): 03
[2026/09/10 18:27:03] =>
[2026/09/10 18:27:03] 发送(hex): 0d
[2026/09/10 18:27:03] <INTERRUPT>
[2026/09/10 18:27:03] =>
[2026/09/10 18:27:03] 发送(hex): 20
[2026/09/10 18:27:03] 发送(hex): 03
[2026/09/10 18:27:03] =>
[2026/09/10 18:27:03] 发送(hex): 0d
[2026/09/10 18:27:03] <INTERRUPT>
[2026/09/10 18:27:03] =>
[2026/09/10 18:27:03] 发送(hex): 20
[2026/09/10 18:27:03] 发送(hex): 03
[2026/09/10 18:27:03] =>
[2026/09/10 18:27:03] 发送(hex): 0d
[2026/09/10 18:27:03] <INTERRUPT>
[2026/09/10 18:27:03] =>
[2026/09/10 18:27:03] 发送(hex): 20
[2026/09/10 18:27:03] 发送(hex): 03
[2026/09/10 18:27:03] =>
[2026/09/10 18:27:03] 发送(hex): 0d
[2026/09/10 18:27:03] <INTERRUPT>
[2026/09/10 18:27:03] =>
[2026/09/10 18:27:03] 发送(hex): 20
[2026/09/10 18:27:03] 发送(hex): 03
[2026/09/10 18:27:03] =>
[2026/09/10 18:27:03] 发送(hex): 0d
[2026/09/10 18:27:03] <INTERRUPT>
[2026/09/10 18:27:03] =>
[2026/09/10 18:27:03] 发送(hex): 20
[2026/09/10 18:27:03] 发送(hex): 03
[2026/09/10 18:27:03] =>
[2026/09/10 18:27:03] 发送(hex): 0d
[2026/09/10 18:27:03] <INTERRUPT>
[2026/09/10 18:27:03] =>
[2026/09/10 18:27:03] 发送(hex): 20
[2026/09/10 18:27:03] 发送(hex): 03
[2026/09/10 18:27:03] =>
[2026/09/10 18:27:03] 发送(hex): 0d
[2026/09/10 18:27:03] <INTERRUPT>
[2026/09/10 18:27:03] =>
[2026/09/10 18:27:04] 发送(hex): 20
[2026/09/10 18:27:04] 发送(hex): 03
[2026/09/10 18:27:04] =>
[2026/09/10 18:27:04] 发送(hex): 0d
[2026/09/10 18:27:04] <INTERRUPT>
[2026/09/10 18:27:04] =>
[2026/09/10 18:27:04] 发送(hex): 20
[2026/09/10 18:27:04] =>
[2026/09/10 18:27:04] 发送(hex): 03
[2026/09/10 18:27:04] 发送(hex): 0d
[2026/09/10 18:27:04] <INTERRUPT>
[2026/09/10 18:27:04] =>
[2026/09/10 18:27:04] 发送(hex): 20
[2026/09/10 18:27:04] =>
[2026/09/10 18:27:04] 发送(hex): 03
[2026/09/10 18:27:04] 发送(hex): 0d
[2026/09/10 18:27:04] <INTERRUPT>
[2026/09/10 18:27:04] =>
[2026/09/10 18:27:04] 发送(hex): 20
[2026/09/10 18:27:04] =>
[2026/09/10 18:27:04] 发送(hex): 03
[2026/09/10 18:27:04] 发送(hex): 0d
[2026/09/10 18:27:04] <INTERRUPT>
[2026/09/10 18:27:04] =>
[2026/09/10 18:27:04] 发送(hex): 20
[2026/09/10 18:27:04] =>
[2026/09/10 18:27:04] 发送(hex): 03
[2026/09/10 18:27:04] 发送(hex): 0d
[2026/09/10 18:27:04] <INTERRUPT>
[2026/09/10 18:27:04] =>
[2026/09/10 18:27:04] 发送(hex): 20
[2026/09/10 18:27:04] =>
[2026/09/10 18:27:04] 发送(hex): 03
[2026/09/10 18:27:04] 发送(hex): 0d
[2026/09/10 18:27:04] <INTERRUPT>
[2026/09/10 18:27:04] =>
[2026/09/10 18:27:04] 发送(hex): 20
[2026/09/10 18:27:04] =>
[2026/09/10 18:27:04] 发送(hex): 03
[2026/09/10 18:27:04] 发送(hex): 0d
[2026/09/10 18:27:04] <INTERRUPT>
[2026/09/10 18:27:04] =
[2026/09/10 18:27:04] 发送(hex): 20
[2026/09/10 18:27:04] >
[2026/09/10 18:27:04] =>
[2026/09/10 18:27:04] 发送(hex): 03
[2026/09/10 18:27:04] 发送(hex): 0d
[2026/09/10 18:27:04] <INTERRU
[2026/09/10 18:27:04] 发送(hex): 20
[2026/09/10 18:27:04] PT>
[2026/09/10 18:27:04] =>
[2026/09/10 18:27:04] =>
[2026/09/10 18:27:04] 发送(hex): 03
[2026/09/10 18:27:04] 发送(hex): 0d
[2026/09/10 18:27:04] <
[2026/09/10 18:27:04] 发送(hex): 20
[2026/09/10 18:27:04] INTERRUPT>
[2026/09/10 18:27:04] =>
[2026/09/10 18:27:04] =>
[2026/09/10 18:27:04] 发送(hex): 03
[2026/09/10 18:27:04] 发送(hex): 0d
[2026/09/10 18:27:04] <INT
[2026/09/10 18:27:04] 发送(hex): 20
[2026/09/10 18:27:04] ERRUPT>
[2026/09/10 18:27:04] =>
[2026/09/10 18:27:04] =>
[2026/09/10 18:27:04] 发送(hex): 03
[2026/09/10 18:27:04] 发送(hex): 0d
[2026/09/10 18:27:04] <INTERRUP
[2026/09/10 18:27:04] 发送(hex): 20
[2026/09/10 18:27:04] T>
[2026/09/10 18:27:04] =>
[2026/09/10 18:27:04] =>
[2026/09/10 18:27:04] 发送(hex): 03
[2026/09/10 18:27:04] 发送(hex): 0d
[2026/09/10 18:27:04] <INT
[2026/09/10 18:27:04] 发送(hex): 20
[2026/09/10 18:27:04] ERRUPT>
[2026/09/10 18:27:04] =>
[2026/09/10 18:27:04] =>
[2026/09/10 18:27:04] 发送(hex): 03
[2026/09/10 18:27:04] 发送(hex): 0d
[2026/09/10 18:27:04] <I
[2026/09/10 18:27:04] 发送(hex): 20
[2026/09/10 18:27:04] NTERRUPT>
[2026/09/10 18:27:04] =>
[2026/09/10 18:27:04] =>
[2026/09/10 18:27:04] 发送(hex): 03
[2026/09/10 18:27:04] 发送(hex): 0d
[2026/09/10 18:27:04] 发送(hex): 20
[2026/09/10 18:27:04] <INTERRUPT>
[2026/09/10 18:27:04] =>
[2026/09/10 18:27:04] =>
[2026/09/10 18:27:04] 发送(hex): 03
[2026/09/10 18:27:04] 发送(hex): 0d
[2026/09/10 18:27:04] 发送(hex): 20
[2026/09/10 18:27:04] <INTERRUPT>
[2026/09/10 18:27:04] =>
[2026/09/10 18:27:04] =>
[2026/09/10 18:27:04] 发送(hex): 03
[2026/09/10 18:27:04] 发送(hex): 0d
[2026/09/10 18:27:04] 发送(hex): 20
[2026/09/10 18:27:04] <INTERRUPT>
[2026/09/10 18:27:04] =>
[2026/09/10 18:27:04] =>
[2026/09/10 18:27:04] 发送(hex): 03
[2026/09/10 18:27:04] 发送(hex): 0d
[2026/09/10 18:27:04] 发送(hex): 20
[2026/09/10 18:27:04] <INTERRUPT>
[2026/09/10 18:27:04] =>
[2026/09/10 18:27:04] =>
[2026/09/10 18:27:04] 发送(hex): 03
[2026/09/10 18:27:04] 发送(hex): 0d
[2026/09/10 18:27:04] 发送(hex): 20
[2026/09/10 18:27:04] <INTERRUPT>
[2026/09/10 18:27:04] =>
[2026/09/10 18:27:04] =>
[2026/09/10 18:27:04] 发送(hex): 03
[2026/09/10 18:27:04] 发送(hex): 0d
[2026/09/10 18:27:04] 发送(hex): 20
[2026/09/10 18:27:04] <INTERRUPT>
[2026/09/10 18:27:04] =>
[2026/09/10 18:27:04] =>
[2026/09/10 18:27:04] 发送(hex): 03
[2026/09/10 18:27:04] 发送(hex): 0d
[2026/09/10 18:27:04] 发送(hex): 20
[2026/09/10 18:27:04] <INTERRUPT>
[2026/09/10 18:27:04] =>
[2026/09/10 18:27:04] =>
[2026/09/10 18:27:04] 发送(hex): 03
[2026/09/10 18:27:04] 发送(hex): 0d
[2026/09/10 18:27:04] <I
[2026/09/10 18:27:04] 发送(hex): 20
[2026/09/10 18:27:04] NTERRUPT>
[2026/09/10 18:27:04] =>
[2026/09/10 18:27:04] =>
[2026/09/10 18:27:04] 发送(hex): 03
[2026/09/10 18:27:04] 发送(hex): 0d
[2026/09/10 18:27:04] 发送(hex): 20
[2026/09/10 18:27:04] <INTERRUPT>
[2026/09/10 18:27:04] =>
[2026/09/10 18:27:04] =>
[2026/09/10 18:27:04] 发送(hex): 03
[2026/09/10 18:27:04] 发送(hex): 0d
[2026/09/10 18:27:04] 发送(hex): 20
[2026/09/10 18:27:04] <INTERRUPT>
[2026/09/10 18:27:04] =>
[2026/09/10 18:27:04] =>
[2026/09/10 18:27:04] 发送(hex): 03
[2026/09/10 18:27:04] 发送(hex): 0d
[2026/09/10 18:27:04] 发送(hex): 20
[2026/09/10 18:27:04] <INTERRUPT>
[2026/09/10 18:27:04] =>
[2026/09/10 18:27:04] =>
[2026/09/10 18:27:04] 发送(hex): 03
[2026/09/10 18:27:04] 发送(hex): 0d
[2026/09/10 18:27:04] 发送(hex): 20
[2026/09/10 18:27:04] <INTERRUPT>
[2026/09/10 18:27:04] =>
[2026/09/10 18:27:04] =>
[2026/09/10 18:27:04] 发送(hex): 03
[2026/09/10 18:27:04] 发送(hex): 0d
[2026/09/10 18:27:04] 发送(hex): 20
[2026/09/10 18:27:04] <INTERRUPT>
[2026/09/10 18:27:04] =>
[2026/09/10 18:27:04] =>
[2026/09/10 18:27:04] 发送(hex): 03
[2026/09/10 18:27:04] 发送(hex): 0d
[2026/09/10 18:27:04] 发送(hex): 20
[2026/09/10 18:27:04] <INTERRUPT>
[2026/09/10 18:27:04] =>
[2026/09/10 18:27:04] =>
[2026/09/10 18:27:04] 发送(hex): 03
[2026/09/10 18:27:04] 发送(hex): 0d
[2026/09/10 18:27:04] 发送(hex): 20
[2026/09/10 18:27:04] <INTERRUPT>
[2026/09/10 18:27:04] =>
[2026/09/10 18:27:04] =>
[2026/09/10 18:27:04] 发送(hex): 03
[2026/09/10 18:27:04] 发送(hex): 0d
[2026/09/10 18:27:04] 发送(hex): 20
[2026/09/10 18:27:04] <INTERRUPT>
[2026/09/10 18:27:04] =>
[2026/09/10 18:27:04] =>
[2026/09/10 18:27:04] 发送(hex): 03
[2026/09/10 18:27:04] 发送(hex): 0d
[2026/09/10 18:27:04] 发送(hex): 20
[2026/09/10 18:27:04] <INTERRUPT>
[2026/09/10 18:27:04] =>
[2026/09/10 18:27:04] =>
[2026/09/10 18:27:04] 发送(hex): 03
[2026/09/10 18:27:04] 发送(hex): 0d
[2026/09/10 18:27:05] 发送(hex): 20
[2026/09/10 18:27:05] <INTERRUPT>
[2026/09/10 18:27:05] =>
[2026/09/10 18:27:05] =>
[2026/09/10 18:27:05] 发送(hex): 03
[2026/09/10 18:27:05] 发送(hex): 0d
[2026/09/10 18:27:05] 发送(hex): 20
[2026/09/10 18:27:05] <INTERRUPT>
[2026/09/10 18:27:05] =>
[2026/09/10 18:27:05] =>
[2026/09/10 18:27:05] 发送(hex): 03
[2026/09/10 18:27:05] 发送(hex): 0d
[2026/09/10 18:27:05] 发送(hex): 20
[2026/09/10 18:27:05] <INTERRUPT>
[2026/09/10 18:27:05] =>
[2026/09/10 18:27:05] =>
[2026/09/10 18:27:05] 发送(hex): 03
[2026/09/10 18:27:05] 发送(hex): 0d
[2026/09/10 18:27:05] 发送(hex): 20
[2026/09/10 18:27:05] <INTERRUPT>
[2026/09/10 18:27:05] =>
[2026/09/10 18:27:05] =>
[2026/09/10 18:27:05] 发送(hex): 03
[2026/09/10 18:27:05] 发送(hex): 0d
[2026/09/10 18:27:05] 发送(hex): 20
[2026/09/10 18:27:05] <INTERRUPT>
[2026/09/10 18:27:05] =>
[2026/09/10 18:27:05] =>
[2026/09/10 18:27:05] 发送(hex): 03
[2026/09/10 18:27:05] 发送(hex): 0d
[2026/09/10 18:27:05] 发送(hex): 20
[2026/09/10 18:27:05] <INTERRUPT>
[2026/09/10 18:27:05] =>
[2026/09/10 18:27:05] =>
[2026/09/10 18:27:05] 发送(hex): 03
[2026/09/10 18:27:05] 发送(hex): 0d
[2026/09/10 18:27:05] <INTERRUPT>
[2026/09/10 18:27:05] =>
[2026/09/10 18:27:05] 发送(hex): 20
[2026/09/10 18:27:05] 发送(hex): 03
[2026/09/10 18:27:05] =>
[2026/09/10 18:27:05] 发送(hex): 0d
[2026/09/10 18:27:05] 发送(hex): 20
[2026/09/10 18:27:05] <INTERRUPT>
[2026/09/10 18:27:05] =>
[2026/09/10 18:27:05] 发送(hex): 03
[2026/09/10 18:27:05] =>
[2026/09/10 18:27:05] 发送(hex): 0d
[2026/09/10 18:27:05] 发送(hex): 20
[2026/09/10 18:27:05] <INTERRUPT>
[2026/09/10 18:27:05] =>
[2026/09/10 18:27:05] 发送(hex): 03
[2026/09/10 18:27:05] =>
[2026/09/10 18:27:05] 发送(hex): 0d
[2026/09/10 18:27:05] <INTERRUPT>
[2026/09/10 18:27:05] =>
[2026/09/10 18:27:05] 发送(hex): 20
[2026/09/10 18:27:05] 发送(hex): 03
[2026/09/10 18:27:05] =>
[2026/09/10 18:27:05] 发送(hex): 0d
[2026/09/10 18:27:05] 发送(hex): 20
[2026/09/10 18:27:05] <INTERRUPT>
[2026/09/10 18:27:05] =>
[2026/09/10 18:27:05] 发送(hex): 03
[2026/09/10 18:27:05] =>
[2026/09/10 18:27:05] 发送(hex): 0d
[2026/09/10 18:27:05] <INTERRUPT>
[2026/09/10 18:27:05] =>
[2026/09/10 18:27:05] 发送(hex): 20
[2026/09/10 18:27:05] 发送(hex): 03
[2026/09/10 18:27:05] =>
[2026/09/10 18:27:05] 发送(hex): 0d
[2026/09/10 18:27:05] 发送(hex): 20
[2026/09/10 18:27:05] <INTERRUPT>
[2026/09/10 18:27:05] =>
[2026/09/10 18:27:05] 发送(hex): 03
[2026/09/10 18:27:05] =>
[2026/09/10 18:27:05] 发送(hex): 0d
[2026/09/10 18:27:05] 发送(hex): 20
[2026/09/10 18:27:05] <INTERRUPT>
[2026/09/10 18:27:05] =>
[2026/09/10 18:27:05] 发送(hex): 03
[2026/09/10 18:27:05] =>
[2026/09/10 18:27:05] 发送(hex): 0d
[2026/09/10 18:27:05] <INTERRUPT>
[2026/09/10 18:27:05] =>
[2026/09/10 18:27:05] 发送(hex): 20
[2026/09/10 18:27:05] 发送(hex): 03
[2026/09/10 18:27:05] =>
[2026/09/10 18:27:05] 发送(hex): 0d
[2026/09/10 18:27:05] <INTERRUPT>
[2026/09/10 18:27:05] =>
[2026/09/10 18:27:05] 发送(hex): 20
[2026/09/10 18:27:05] 发送(hex): 03
[2026/09/10 18:27:05] =>
[2026/09/10 18:27:05] 发送(hex): 0d
[2026/09/10 18:27:05] <INTERRUPT>
[2026/09/10 18:27:05] =>
[2026/09/10 18:27:05] 发送(hex): 20
[2026/09/10 18:27:05] 发送(hex): 03
[2026/09/10 18:27:05] =>
[2026/09/10 18:27:05] 发送(hex): 0d
[2026/09/10 18:27:05] <INTERRUPT>
[2026/09/10 18:27:05] =>
[2026/09/10 18:27:05] 发送(hex): 20
[2026/09/10 18:27:05] 发送(hex): 03
[2026/09/10 18:27:05] =>
[2026/09/10 18:27:05] 发送(hex): 0d
[2026/09/10 18:27:05] <INTERRUPT>
[2026/09/10 18:27:05] =>
[2026/09/10 18:27:05] 发送(hex): 20
[2026/09/10 18:27:05] 发送(hex): 03
[2026/09/10 18:27:05] =>
[2026/09/10 18:27:05] 发送(hex): 0d
[2026/09/10 18:27:05] <INTERRUPT>
[2026/09/10 18:27:05] =>
[2026/09/10 18:27:05] 发送(hex): 20
[2026/09/10 18:27:05] 发送(hex): 03
[2026/09/10 18:27:05] =>
[2026/09/10 18:27:05] 发送(hex): 0d
[2026/09/10 18:27:05] <INTERRUPT>
[2026/09/10 18:27:05] =>
[2026/09/10 18:27:05] 发送(hex): 20
[2026/09/10 18:27:05] 发送(hex): 03
[2026/09/10 18:27:05] =>
[2026/09/10 18:27:05] 发送(hex): 0d
[2026/09/10 18:27:05] <INTERRUPT>
[2026/09/10 18:27:05] =>
[2026/09/10 18:27:05] 发送(hex): 20
[2026/09/10 18:27:05] 发送(hex): 03
[2026/09/10 18:27:05] =>
[2026/09/10 18:27:05] 发送(hex): 0d
[2026/09/10 18:27:05] <INTERRUPT>
[2026/09/10 18:27:05] =>
[2026/09/10 18:27:05] 发送(hex): 20
[2026/09/10 18:27:05] 发送(hex): 03
[2026/09/10 18:27:05] =>
[2026/09/10 18:27:05] 发送(hex): 0d
[2026/09/10 18:27:05] <INTERRUPT>
[2026/09/10 18:27:05] =>
[2026/09/10 18:27:05] 发送(hex): 20
[2026/09/10 18:27:05] 发送(hex): 03
[2026/09/10 18:27:05] =>
[2026/09/10 18:27:05] 发送(hex): 0d
[2026/09/10 18:27:05] <INTERRUPT>
[2026/09/10 18:27:05] =>
[2026/09/10 18:27:05] 发送(hex): 20
[2026/09/10 18:27:05] 发送(hex): 03
[2026/09/10 18:27:05] =>
[2026/09/10 18:27:05] 发送(hex): 0d
[2026/09/10 18:27:05] <INTERRUPT>
[2026/09/10 18:27:05] =>
[2026/09/10 18:27:05] 发送(hex): 20
[2026/09/10 18:27:05] 发送(hex): 03
[2026/09/10 18:27:05] =>
[2026/09/10 18:27:05] 发送(hex): 0d
[2026/09/10 18:27:05] <INTERRUPT>
[2026/09/10 18:27:05] =>
[2026/09/10 18:27:05] 发送(hex): 20
[2026/09/10 18:27:05] 发送(hex): 03
[2026/09/10 18:27:05] =>
[2026/09/10 18:27:05] 发送(hex): 0d
[2026/09/10 18:27:05] <INTERRUPT>
[2026/09/10 18:27:05] =>
[2026/09/10 18:27:05] 发送(hex): 20
[2026/09/10 18:27:05] 发送(hex): 03
[2026/09/10 18:27:05] =>
[2026/09/10 18:27:05] 发送(hex): 0d
[2026/09/10 18:27:05] <INTERRUPT>
[2026/09/10 18:27:05] =>
[2026/09/10 18:27:05] 发送(hex): 20
[2026/09/10 18:27:05] 发送(hex): 03
[2026/09/10 18:27:05] =>
[2026/09/10 18:27:05] 发送(hex): 0d
[2026/09/10 18:27:05] <INTERRUPT>
[2026/09/10 18:27:05] =>
[2026/09/10 18:27:05] 发送(hex): 20
[2026/09/10 18:27:05] 发送(hex): 03
[2026/09/10 18:27:05] =>
[2026/09/10 18:27:05] 发送(hex): 0d
[2026/09/10 18:27:05] <INTERRUPT>
[2026/09/10 18:27:05] =>
[2026/09/10 18:27:05] 发送(hex): 20
[2026/09/10 18:27:05] 发送(hex): 03
[2026/09/10 18:27:05] =>
[2026/09/10 18:27:05] 发送(hex): 0d
[2026/09/10 18:27:05] <INTERRUPT>
[2026/09/10 18:27:05] =>
[2026/09/10 18:27:06] 发送(hex): 20
[2026/09/10 18:27:06] 发送(hex): 03
[2026/09/10 18:27:06] =>
[2026/09/10 18:27:06] 发送(hex): 0d
[2026/09/10 18:27:06] <INTERRUPT>
[2026/09/10 18:27:06] =>
[2026/09/10 18:27:06] 发送(hex): 20
[2026/09/10 18:27:06] 发送(hex): 03
[2026/09/10 18:27:06] =>
[2026/09/10 18:27:06] 发送(hex): 0d
[2026/09/10 18:27:06] <INTERRUPT>
[2026/09/10 18:27:06] =>
[2026/09/10 18:27:06] 发送(hex): 20
[2026/09/10 18:27:06] 发送(hex): 03
[2026/09/10 18:27:06] =>
[2026/09/10 18:27:06] 发送(hex): 0d
[2026/09/10 18:27:06] <INTERRUPT>
[2026/09/10 18:27:06] =>
[2026/09/10 18:27:06] 发送(hex): 20
[2026/09/10 18:27:06] 发送(hex): 03
[2026/09/10 18:27:06] =>
[2026/09/10 18:27:06] 发送(hex): 0d
[2026/09/10 18:27:06] <INTERRUPT>
[2026/09/10 18:27:06] =>
[2026/09/10 18:27:06] 发送(hex): 20
[2026/09/10 18:27:06] =>
[2026/09/10 18:27:06] 发送(hex): 03
[2026/09/10 18:27:06] 发送(hex): 0d
[2026/09/10 18:27:06] <INTERRUPT>
[2026/09/10 18:27:06] =>
[2026/09/10 18:27:06] 发送(hex): 20
[2026/09/10 18:27:06] =>
[2026/09/10 18:27:06] 发送(hex): 03
[2026/09/10 18:27:06] 发送(hex): 0d
[2026/09/10 18:27:06] <INTERRUPT>
[2026/09/10 18:27:06] =>
[2026/09/10 18:27:06] 发送(hex): 20
[2026/09/10 18:27:06] =>
[2026/09/10 18:27:06] 发送(hex): 03
[2026/09/10 18:27:06] 发送(hex): 0d
[2026/09/10 18:27:06] <INTERRUPT>
[2026/09/10 18:27:06] =>
[2026/09/10 18:27:06] 发送(hex): 20
[2026/09/10 18:27:06] =>
[2026/09/10 18:27:06] 发送(hex): 03
[2026/09/10 18:27:06] 发送(hex): 0d
[2026/09/10 18:27:06] <INTERRUPT>
[2026/09/10 18:27:06] =>
[2026/09/10 18:27:06] 发送(hex): 20
[2026/09/10 18:27:06] =>
[2026/09/10 18:27:06] 发送(hex): 03
[2026/09/10 18:27:06] 发送(hex): 0d
[2026/09/10 18:27:06] <INTERRUPT>
[2026/09/10 18:27:06] =>
[2026/09/10 18:27:06] 发送(hex): 20
[2026/09/10 18:27:06] =>
[2026/09/10 18:27:06] 发送(hex): 03
[2026/09/10 18:27:06] 发送(hex): 0d
[2026/09/10 18:27:06] <INTERRUPT>
[2026/09/10 18:27:06] =>
[2026/09/10 18:27:06] 发送(hex): 20
[2026/09/10 18:27:06] =>
[2026/09/10 18:27:06] 发送(hex): 03
[2026/09/10 18:27:06] 发送(hex): 0d
[2026/09/10 18:27:06] <INTERRUPT>
[2026/09/10 18:27:06] =>
[2026/09/10 18:27:06] 发送(hex): 20
[2026/09/10 18:27:06] =>
[2026/09/10 18:27:06] 发送(hex): 03
[2026/09/10 18:27:06] 发送(hex): 0d
[2026/09/10 18:27:06] <INTERRUPT>
[2026/09/10 18:27:06] =>
[2026/09/10 18:27:06] 发送(hex): 20
[2026/09/10 18:27:06] =>
[2026/09/10 18:27:06] 发送(hex): 03
[2026/09/10 18:27:06] 发送(hex): 0d
[2026/09/10 18:27:06] <INTERRUPT>
[2026/09/10 18:27:06] =>
[2026/09/10 18:27:06] 发送(hex): 20
[2026/09/10 18:27:06] =>
[2026/09/10 18:27:06] 发送(hex): 03
[2026/09/10 18:27:06] 发送(hex): 0d
[2026/09/10 18:27:06] <INTERRUPT>
[2026/09/10 18:27:06] =>
[2026/09/10 18:27:06] 发送(hex): 20
[2026/09/10 18:27:06] =>
[2026/09/10 18:27:06] 发送(hex): 03
[2026/09/10 18:27:06] 发送(hex): 0d
[2026/09/10 18:27:06] <INTERRUPT>
[2026/09/10 18:27:06] =>
[2026/09/10 18:27:06] 发送(hex): 20
[2026/09/10 18:27:06] =>
[2026/09/10 18:27:06] 发送(hex): 03
[2026/09/10 18:27:06] 发送(hex): 0d
[2026/09/10 18:27:06] <INTERRUPT>
[2026/09/10 18:27:06] 发送(hex): 20
[2026/09/10 18:27:06] =>
[2026/09/10 18:27:06] =>
[2026/09/10 18:27:06] 发送(hex): 03
[2026/09/10 18:27:06] 发送(hex): 0d
[2026/09/10 18:27:06] <IN
[2026/09/10 18:27:06] 发送(hex): 20
[2026/09/10 18:27:06] TERRUPT>
[2026/09/10 18:27:06] =>
[2026/09/10 18:27:06] =>
[2026/09/10 18:27:06] 发送(hex): 03
[2026/09/10 18:27:06] 发送(hex): 0d
[2026/09/10 18:27:06] <INT
[2026/09/10 18:27:06] 发送(hex): 20
[2026/09/10 18:27:06] ERRUPT>
[2026/09/10 18:27:06] =>
[2026/09/10 18:27:06] =>
[2026/09/10 18:27:06] 发送(hex): 03
[2026/09/10 18:27:06] 发送(hex): 0d
[2026/09/10 18:27:06] <INTE
[2026/09/10 18:27:06] 发送(hex): 20
[2026/09/10 18:27:06] RRUPT>
[2026/09/10 18:27:06] =>
[2026/09/10 18:27:06] =>
[2026/09/10 18:27:06] 发送(hex): 03
[2026/09/10 18:27:06] 发送(hex): 0d
[2026/09/10 18:27:06] <INTE
[2026/09/10 18:27:06] 发送(hex): 20
[2026/09/10 18:27:06] RRUPT>
[2026/09/10 18:27:06] =>
[2026/09/10 18:27:06] =>
[2026/09/10 18:27:06] 发送(hex): 03
[2026/09/10 18:27:06] 发送(hex): 0d
[2026/09/10 18:27:06] 发送(hex): 20
[2026/09/10 18:27:06] <INTERRUPT>
[2026/09/10 18:27:06] =>
[2026/09/10 18:27:06] =>
[2026/09/10 18:27:06] 发送(hex): 03
[2026/09/10 18:27:06] 发送(hex): 0d
[2026/09/10 18:27:06] 发送(hex): 20
[2026/09/10 18:27:06] <INTERRUPT>
[2026/09/10 18:27:06] =>
[2026/09/10 18:27:06] =>
[2026/09/10 18:27:06] 发送(hex): 03
[2026/09/10 18:27:06] 发送(hex): 0d
[2026/09/10 18:27:06] 发送(hex): 20
[2026/09/10 18:27:06] <INTERRUPT>
[2026/09/10 18:27:06] =>
[2026/09/10 18:27:06] =>
[2026/09/10 18:27:06] 发送(hex): 03
[2026/09/10 18:27:06] 发送(hex): 0d
[2026/09/10 18:27:06] 发送(hex): 20
[2026/09/10 18:27:06] <INTERRUPT>
[2026/09/10 18:27:06] =>
[2026/09/10 18:27:06] =>
[2026/09/10 18:27:06] 发送(hex): 03
[2026/09/10 18:27:06] 发送(hex): 0d
[2026/09/10 18:27:06] 发送(hex): 20
[2026/09/10 18:27:06] <INTERRUPT>
[2026/09/10 18:27:06] =>
[2026/09/10 18:27:06] =>
[2026/09/10 18:27:06] 发送(hex): 03
[2026/09/10 18:27:06] 发送(hex): 0d
[2026/09/10 18:27:06] 发送(hex): 20
[2026/09/10 18:27:06] <INTERRUPT>
[2026/09/10 18:27:06] =>
[2026/09/10 18:27:06] =>
[2026/09/10 18:27:06] 发送(hex): 03
[2026/09/10 18:27:06] 发送(hex): 0d
[2026/09/10 18:27:06] 发送(hex): 20
[2026/09/10 18:27:06] <INTERRUPT>
[2026/09/10 18:27:06] =>
[2026/09/10 18:27:06] =>
[2026/09/10 18:27:06] 发送(hex): 03
[2026/09/10 18:27:06] 发送(hex): 0d
[2026/09/10 18:27:06] 发送(hex): 20
[2026/09/10 18:27:06] <INTERRUPT>
[2026/09/10 18:27:06] =>
[2026/09/10 18:27:06] =>
[2026/09/10 18:27:06] 发送(hex): 03
[2026/09/10 18:27:06] 发送(hex): 0d
[2026/09/10 18:27:06] 发送(hex): 20
[2026/09/10 18:27:06] <INTERRUPT>
[2026/09/10 18:27:06] =>
[2026/09/10 18:27:06] =>
[2026/09/10 18:27:06] 发送(hex): 03
[2026/09/10 18:27:06] 发送(hex): 0d
[2026/09/10 18:27:06] 发送(hex): 20
[2026/09/10 18:27:06] <INTERRUPT>
[2026/09/10 18:27:06] =>
[2026/09/10 18:27:06] =>
[2026/09/10 18:27:06] 发送(hex): 03
[2026/09/10 18:27:06] 发送(hex): 0d
[2026/09/10 18:27:07] 发送(hex): 20
[2026/09/10 18:27:07] <INTERRUPT>
[2026/09/10 18:27:07] =>
[2026/09/10 18:27:07] =>
[2026/09/10 18:27:07] 发送(hex): 03
[2026/09/10 18:27:07] 发送(hex): 0d
[2026/09/10 18:27:07] 发送(hex): 20
[2026/09/10 18:27:07] <INTERRUPT>
[2026/09/10 18:27:07] =>
[2026/09/10 18:27:07] =>
[2026/09/10 18:27:07] 发送(hex): 03
[2026/09/10 18:27:07] 发送(hex): 0d
[2026/09/10 18:27:07] 发送(hex): 20
[2026/09/10 18:27:07] <INTERRUPT>
[2026/09/10 18:27:07] =>
[2026/09/10 18:27:07] =>
[2026/09/10 18:27:07] 发送(hex): 03
[2026/09/10 18:27:07] 发送(hex): 0d
[2026/09/10 18:27:07] 发送(hex): 20
[2026/09/10 18:27:07] <INTERRUPT>
[2026/09/10 18:27:07] =>
[2026/09/10 18:27:07] =>
[2026/09/10 18:27:07] 发送(hex): 03
[2026/09/10 18:27:07] 发送(hex): 0d
[2026/09/10 18:27:07] 发送(hex): 20
[2026/09/10 18:27:07] <INTERRUPT>
[2026/09/10 18:27:07] =>
[2026/09/10 18:27:07] =>
[2026/09/10 18:27:07] 发送(hex): 03
[2026/09/10 18:27:07] 发送(hex): 0d
[2026/09/10 18:27:07] 发送(hex): 20
[2026/09/10 18:27:07] <INTERRUPT>
[2026/09/10 18:27:07] =>
[2026/09/10 18:27:07] =>
[2026/09/10 18:27:07] 发送(hex): 03
[2026/09/10 18:27:07] 发送(hex): 0d
[2026/09/10 18:27:07] 发送(hex): 20
[2026/09/10 18:27:07] <INTERRUPT>
[2026/09/10 18:27:07] =>
[2026/09/10 18:27:07] =>
[2026/09/10 18:27:07] 发送(hex): 03
[2026/09/10 18:27:07] 发送(hex): 0d
[2026/09/10 18:27:07] 发送(hex): 20
[2026/09/10 18:27:07] <INTERRUPT>
[2026/09/10 18:27:07] =>
[2026/09/10 18:27:07] =>
[2026/09/10 18:27:07] 发送(hex): 03
[2026/09/10 18:27:07] 发送(hex): 0d
[2026/09/10 18:27:07] 发送(hex): 20
[2026/09/10 18:27:07] <INTERRUPT>
[2026/09/10 18:27:07] =>
[2026/09/10 18:27:07] =>
[2026/09/10 18:27:07] 发送(hex): 03
[2026/09/10 18:27:07] 发送(hex): 0d
[2026/09/10 18:27:07] 发送(hex): 20
[2026/09/10 18:27:07] <INTERRUPT>
[2026/09/10 18:27:07] =>
[2026/09/10 18:27:07] =>
[2026/09/10 18:27:07] 发送(hex): 03
[2026/09/10 18:27:07] 发送(hex): 0d
[2026/09/10 18:27:07] 发送(hex): 20
[2026/09/10 18:27:07] <INTERRUPT>
[2026/09/10 18:27:07] =>
[2026/09/10 18:27:07] =>
[2026/09/10 18:27:07] 发送(hex): 03
[2026/09/10 18:27:07] 发送(hex): 0d
[2026/09/10 18:27:07] 发送(hex): 20
[2026/09/10 18:27:07] <INTERRUPT>
[2026/09/10 18:27:07] =>
[2026/09/10 18:27:07] =>
[2026/09/10 18:27:07] 发送(hex): 03
[2026/09/10 18:27:07] 发送(hex): 0d
[2026/09/10 18:27:07] 发送(hex): 20
[2026/09/10 18:27:07] <INTERRUPT>
[2026/09/10 18:27:07] =>
[2026/09/10 18:27:07] =>
[2026/09/10 18:27:07] 发送(hex): 03
[2026/09/10 18:27:07] 发送(hex): 0d
[2026/09/10 18:27:07] 发送(hex): 20
[2026/09/10 18:27:07] <INTERRUPT>
[2026/09/10 18:27:07] =>
[2026/09/10 18:27:07] =>
[2026/09/10 18:27:07] 发送(hex): 03
[2026/09/10 18:27:07] 发送(hex): 0d
[2026/09/10 18:27:07] 发送(hex): 20
[2026/09/10 18:27:07] <INTERRUPT>
[2026/09/10 18:27:07] =>
[2026/09/10 18:27:07] =>
[2026/09/10 18:27:07] 发送(hex): 03
[2026/09/10 18:27:07] 发送(hex): 0d
[2026/09/10 18:27:07] 发送(hex): 20
[2026/09/10 18:27:07] <INTERRUPT>
[2026/09/10 18:27:07] =>
[2026/09/10 18:27:07] =>
[2026/09/10 18:27:07] 发送(hex): 03
[2026/09/10 18:27:07] 发送(hex): 0d
[2026/09/10 18:27:07] 发送(hex): 20
[2026/09/10 18:27:07] <INTERRUPT>
[2026/09/10 18:27:07] =>
[2026/09/10 18:27:07] =>
[2026/09/10 18:27:07] 发送(hex): 03
[2026/09/10 18:27:07] 发送(hex): 0d
[2026/09/10 18:27:07] 发送(hex): 20
[2026/09/10 18:27:07] <INTERRUPT>
[2026/09/10 18:27:07] =>
[2026/09/10 18:27:07] =>
[2026/09/10 18:27:07] 发送(hex): 03
[2026/09/10 18:27:07] 发送(hex): 0d
[2026/09/10 18:27:07] 发送(hex): 20
[2026/09/10 18:27:07] <INTERRUPT>
[2026/09/10 18:27:07] =>
[2026/09/10 18:27:07] =>
[2026/09/10 18:27:07] 发送(hex): 03
[2026/09/10 18:27:07] 发送(hex): 0d
[2026/09/10 18:27:07] 发送(hex): 20
[2026/09/10 18:27:07] <INTERRUPT>
[2026/09/10 18:27:07] =>
[2026/09/10 18:27:07] =>
[2026/09/10 18:27:07] 发送(hex): 03
[2026/09/10 18:27:07] 发送(hex): 0d
[2026/09/10 18:27:07] 发送(hex): 20
[2026/09/10 18:27:07] <INTERRUPT>
[2026/09/10 18:27:07] =>
[2026/09/10 18:27:07] =>
[2026/09/10 18:27:07] 发送(hex): 03
[2026/09/10 18:27:07] 发送(hex): 0d
[2026/09/10 18:27:07] 发送(hex): 20
[2026/09/10 18:27:07] <INTERRUPT>
[2026/09/10 18:27:07] =>
[2026/09/10 18:27:07] =>
[2026/09/10 18:27:07] 发送(hex): 03
[2026/09/10 18:27:07] 发送(hex): 0d
[2026/09/10 18:27:07] 发送(hex): 20
[2026/09/10 18:27:07] <INTERRUPT>
[2026/09/10 18:27:07] =>
[2026/09/10 18:27:07] =>
[2026/09/10 18:27:07] 发送(hex): 03
[2026/09/10 18:27:07] 发送(hex): 0d
[2026/09/10 18:27:07] 发送(hex): 20
[2026/09/10 18:27:07] <INTERRUPT>
[2026/09/10 18:27:07] =>
[2026/09/10 18:27:07] =>
[2026/09/10 18:27:07] 发送(hex): 03
[2026/09/10 18:27:07] 发送(hex): 0d
[2026/09/10 18:27:07] 发送(hex): 20
[2026/09/10 18:27:07] <INTERRUPT>
[2026/09/10 18:27:07] =>
[2026/09/10 18:27:07] =>
[2026/09/10 18:27:07] 发送(hex): 03
[2026/09/10 18:27:07] 发送(hex): 0d
[2026/09/10 18:27:07] 发送(hex): 20
[2026/09/10 18:27:07] <INTERRUPT>
[2026/09/10 18:27:07] =>
[2026/09/10 18:27:07] =>
[2026/09/10 18:27:07] 发送(hex): 03
[2026/09/10 18:27:07] 发送(hex): 0d
[2026/09/10 18:27:07] 发送(hex): 20
[2026/09/10 18:27:07] <INTERRUPT>
[2026/09/10 18:27:07] =>
[2026/09/10 18:27:07] =>
[2026/09/10 18:27:07] 发送(hex): 03
[2026/09/10 18:27:07] 发送(hex): 0d
[2026/09/10 18:27:07] 发送(hex): 20
[2026/09/10 18:27:07] <INTERRUPT>
[2026/09/10 18:27:07] =>
[2026/09/10 18:27:07] =>
[2026/09/10 18:27:07] 发送(hex): 03
[2026/09/10 18:27:07] 发送(hex): 0d
[2026/09/10 18:27:07] 发送(hex): 20
[2026/09/10 18:27:07] <INTERRUPT>
[2026/09/10 18:27:07] =>
[2026/09/10 18:27:07] =>
[2026/09/10 18:27:07] 发送(hex): 03
[2026/09/10 18:27:07] 发送(hex): 0d
[2026/09/10 18:27:07] 发送(hex): 20
[2026/09/10 18:27:07] <INTERRUPT>
[2026/09/10 18:27:07] =>
[2026/09/10 18:27:07] =>
[2026/09/10 18:27:07] 发送(hex): 03
[2026/09/10 18:27:07] 发送(hex): 0d
[2026/09/10 18:27:07] 发送(hex): 20
[2026/09/10 18:27:07] <INTERRUPT>
[2026/09/10 18:27:07] =>
[2026/09/10 18:27:07] =>
[2026/09/10 18:27:07] 发送(hex): 03
[2026/09/10 18:27:07] 发送(hex): 0d
[2026/09/10 18:27:07] 发送(hex): 20
[2026/09/10 18:27:08] <INTERRUPT>
[2026/09/10 18:27:08] =>
[2026/09/10 18:27:08] =>
[2026/09/10 18:27:08] 发送(hex): 03
[2026/09/10 18:27:08] 发送(hex): 0d
[2026/09/10 18:27:08] 发送(hex): 20
[2026/09/10 18:27:08] <INTERRUPT>
[2026/09/10 18:27:08] =>
[2026/09/10 18:27:08] =>
[2026/09/10 18:27:08] 发送(hex): 03
[2026/09/10 18:27:08] 发送(hex): 0d
[2026/09/10 18:27:08] 发送(hex): 20
[2026/09/10 18:27:08] <INTERRUPT>
[2026/09/10 18:27:08] =>
[2026/09/10 18:27:08] =>
[2026/09/10 18:27:08] 发送(hex): 03
[2026/09/10 18:27:08] 发送(hex): 0d
[2026/09/10 18:27:08] 发送(hex): 20
[2026/09/10 18:27:08] <INTERRUPT>
[2026/09/10 18:27:08] =>
[2026/09/10 18:27:08] =>
[2026/09/10 18:27:08] 发送(hex): 03
[2026/09/10 18:27:08] 发送(hex): 0d
[2026/09/10 18:27:08] 发送(hex): 20
[2026/09/10 18:27:08] <INTERRUPT>
[2026/09/10 18:27:08] =>
[2026/09/10 18:27:08] =>
[2026/09/10 18:27:08] 发送(hex): 03
[2026/09/10 18:27:08] 发送(hex): 0d
[2026/09/10 18:27:08] 发送(hex): 20
[2026/09/10 18:27:08] <INTERRUPT>
[2026/09/10 18:27:08] =>
[2026/09/10 18:27:08] =>
[2026/09/10 18:27:08] 发送(hex): 03
[2026/09/10 18:27:08] 发送(hex): 0d
[2026/09/10 18:27:08] 发送(hex): 20
[2026/09/10 18:27:08] <INTERRUPT>
[2026/09/10 18:27:08] =>
[2026/09/10 18:27:08] =>
[2026/09/10 18:27:08] 发送(hex): 03
[2026/09/10 18:27:08] 发送(hex): 0d
[2026/09/10 18:27:08] 发送(hex): 20
[2026/09/10 18:27:08] <INTERRUPT>
[2026/09/10 18:27:08] =>
[2026/09/10 18:27:08] =>
[2026/09/10 18:27:08] 发送(hex): 03
[2026/09/10 18:27:08] 发送(hex): 0d
[2026/09/10 18:27:08] 发送(hex): 20
[2026/09/10 18:27:08] <INTERRUPT>
[2026/09/10 18:27:08] =>
[2026/09/10 18:27:08] =>
[2026/09/10 18:27:08] 发送(hex): 03
[2026/09/10 18:27:08] 发送(hex): 0d
[2026/09/10 18:27:08] 发送(hex): 20
[2026/09/10 18:27:08] <INTERRUPT>
[2026/09/10 18:27:08] =>
[2026/09/10 18:27:08] =>
[2026/09/10 18:27:08] 发送(hex): 03
[2026/09/10 18:27:08] 发送(hex): 0d
[2026/09/10 18:27:08] 发送(hex): 20
[2026/09/10 18:27:08] <INTERRUPT>
[2026/09/10 18:27:08] =>
[2026/09/10 18:27:08] =>
[2026/09/10 18:27:08] 发送(hex): 03
[2026/09/10 18:27:08] 发送(hex): 0d
[2026/09/10 18:27:08] 发送(hex): 20
[2026/09/10 18:27:08] <INTERRUPT>
[2026/09/10 18:27:08] =>
[2026/09/10 18:27:08] =>
[2026/09/10 18:27:08] 发送(hex): 03
[2026/09/10 18:27:08] 发送(hex): 0d
[2026/09/10 18:27:08] 发送(hex): 20
[2026/09/10 18:27:08] <INTERRUPT>
[2026/09/10 18:27:08] =>
[2026/09/10 18:27:08] =>
[2026/09/10 18:27:08] 发送(hex): 03
[2026/09/10 18:27:08] 发送(hex): 0d
[2026/09/10 18:27:08] 发送(hex): 20
[2026/09/10 18:27:08] <INTERRUPT>
[2026/09/10 18:27:08] =>
[2026/09/10 18:27:08] =>
[2026/09/10 18:27:08] 发送(hex): 03
[2026/09/10 18:27:08] 发送(hex): 0d
[2026/09/10 18:27:08] 发送(hex): 20
[2026/09/10 18:27:08] <INTERRUPT>
[2026/09/10 18:27:08] =>
[2026/09/10 18:27:08] =>
[2026/09/10 18:27:08] 发送(hex): 03
[2026/09/10 18:27:08] 发送(hex): 0d
[2026/09/10 18:27:08] 发送(hex): 20
[2026/09/10 18:27:08] <INTERRUPT>
[2026/09/10 18:27:08] =>
[2026/09/10 18:27:08] =>
[2026/09/10 18:27:08] 发送(hex): 03
[2026/09/10 18:27:08] 发送(hex): 0d
[2026/09/10 18:27:08] 发送(hex): 20
[2026/09/10 18:27:08] <INTERRUPT>
[2026/09/10 18:27:08] =>
[2026/09/10 18:27:08] =>
[2026/09/10 18:27:08] 发送(hex): 03
[2026/09/10 18:27:08] 发送(hex): 0d
[2026/09/10 18:27:08] 发送(hex): 20
[2026/09/10 18:27:08] <INTERRUPT>
[2026/09/10 18:27:08] =>
[2026/09/10 18:27:08] =>
[2026/09/10 18:27:08] 发送(hex): 03
[2026/09/10 18:27:08] 发送(hex): 0d
[2026/09/10 18:27:08] 发送(hex): 20
[2026/09/10 18:27:08] <INTERRUPT>
[2026/09/10 18:27:08] =>
[2026/09/10 18:27:08] =>
[2026/09/10 18:27:08] 发送(hex): 03
[2026/09/10 18:27:08] 发送(hex): 0d
[2026/09/10 18:27:08] 发送(hex): 20
[2026/09/10 18:27:08] <INTERRUPT>
[2026/09/10 18:27:08] =>
[2026/09/10 18:27:08] =>
[2026/09/10 18:27:08] 发送(hex): 03
[2026/09/10 18:27:08] 发送(hex): 0d
[2026/09/10 18:27:08] 发送(hex): 20
[2026/09/10 18:27:08] <INTERRUPT>
[2026/09/10 18:27:08] =>
[2026/09/10 18:27:08] =>
[2026/09/10 18:27:08] 发送(hex): 03
[2026/09/10 18:27:08] 发送(hex): 0d
[2026/09/10 18:27:08] 发送(hex): 20
[2026/09/10 18:27:08] <INTERRUPT>
[2026/09/10 18:27:08] =>
[2026/09/10 18:27:08] =>
[2026/09/10 18:27:08] 发送(hex): 03
[2026/09/10 18:27:08] 发送(hex): 0d
[2026/09/10 18:27:08] 发送(hex): 20
[2026/09/10 18:27:08] <INTERRUPT>
[2026/09/10 18:27:08] =>
[2026/09/10 18:27:08] =>
[2026/09/10 18:27:08] 发送(hex): 03
[2026/09/10 18:27:08] 发送(hex): 0d
[2026/09/10 18:27:08] 发送(hex): 20
[2026/09/10 18:27:08] <INTERRUPT>
[2026/09/10 18:27:08] =>
[2026/09/10 18:27:08] =>
[2026/09/10 18:27:08] 发送(hex): 03
[2026/09/10 18:27:08] 发送(hex): 0d
[2026/09/10 18:27:08] 发送(hex): 20
[2026/09/10 18:27:08] <INTERRUPT>
[2026/09/10 18:27:08] =>
[2026/09/10 18:27:08] =>
[2026/09/10 18:27:08] 发送(hex): 03
[2026/09/10 18:27:08] 发送(hex): 0d
[2026/09/10 18:27:08] 发送(hex): 20
[2026/09/10 18:27:08] <INTERRUPT>
[2026/09/10 18:27:08] =>
[2026/09/10 18:27:08] =>
[2026/09/10 18:27:08] 发送(hex): 03
[2026/09/10 18:27:08] 发送(hex): 0d
[2026/09/10 18:27:08] 发送(hex): 20
[2026/09/10 18:27:08] <INTERRUPT>
[2026/09/10 18:27:08] =>
[2026/09/10 18:27:08] =>
[2026/09/10 18:27:08] 发送(hex): 03
[2026/09/10 18:27:08] 发送(hex): 0d
[2026/09/10 18:27:08] 发送(hex): 20
[2026/09/10 18:27:08] <INTERRUPT>
[2026/09/10 18:27:08] =>
[2026/09/10 18:27:08] =>
[2026/09/10 18:27:08] 发送(hex): 03
[2026/09/10 18:27:08] 发送(hex): 0d
[2026/09/10 18:27:08] 发送(hex): 20
[2026/09/10 18:27:08] <INTERRUPT>
[2026/09/10 18:27:08] =>
[2026/09/10 18:27:08] =>
[2026/09/10 18:27:08] 发送(hex): 03
[2026/09/10 18:27:08] 发送(hex): 0d
[2026/09/10 18:27:08] 发送(hex): 20
[2026/09/10 18:27:08] <INTERRUPT>
[2026/09/10 18:27:08] =>
[2026/09/10 18:27:08] =>
[2026/09/10 18:27:08] 发送(hex): 03
[2026/09/10 18:27:08] 发送(hex): 0d
[2026/09/10 18:27:08] 发送(hex): 20
[2026/09/10 18:27:08] <INTERRUPT>
[2026/09/10 18:27:08] =>
[2026/09/10 18:27:08] =>
[2026/09/10 18:27:08] 发送(hex): 03
[2026/09/10 18:27:08] 发送(hex): 0d
[2026/09/10 18:27:08] 发送(hex): 20
[2026/09/10 18:27:08] <INTERRUPT>
[2026/09/10 18:27:08] =>
[2026/09/10 18:27:08] =>
[2026/09/10 18:27:09] 发送(hex): 03
[2026/09/10 18:27:09] 发送(hex): 0d
[2026/09/10 18:27:09] 发送(hex): 20
[2026/09/10 18:27:09] <INTERRUPT>
[2026/09/10 18:27:09] =>
[2026/09/10 18:27:09] =>
[2026/09/10 18:27:09] 发送(hex): 03
[2026/09/10 18:27:09] 发送(hex): 0d
[2026/09/10 18:27:09] 发送(hex): 20
[2026/09/10 18:27:09] <INTERRUPT>
[2026/09/10 18:27:09] =>
[2026/09/10 18:27:09] =>
[2026/09/10 18:27:09] 发送(hex): 03
[2026/09/10 18:27:09] 发送(hex): 0d
[2026/09/10 18:27:09] 发送(hex): 20
[2026/09/10 18:27:09] <INTERRUPT>
[2026/09/10 18:27:09] =>
[2026/09/10 18:27:09] =>
[2026/09/10 18:27:09] 发送(hex): 03
[2026/09/10 18:27:09] 发送(hex): 0d
[2026/09/10 18:27:09] 发送(hex): 20
[2026/09/10 18:27:09] <INTERRUPT>
[2026/09/10 18:27:09] =>
[2026/09/10 18:27:09] =>
[2026/09/10 18:27:09] 发送(hex): 03
[2026/09/10 18:27:09] 发送(hex): 0d
[2026/09/10 18:27:09] 发送(hex): 20
[2026/09/10 18:27:09] <INTERRUPT>
[2026/09/10 18:27:09] =>
[2026/09/10 18:27:09] =>
[2026/09/10 18:27:09] 发送(hex): 03
[2026/09/10 18:27:09] 发送(hex): 0d
[2026/09/10 18:27:09] 发送(hex): 20
[2026/09/10 18:27:09] <INTERRUPT>
[2026/09/10 18:27:09] =>
[2026/09/10 18:27:09] =>
[2026/09/10 18:27:09] 发送(hex): 03
[2026/09/10 18:27:09] 发送(hex): 0d
[2026/09/10 18:27:09] 发送(hex): 20
[2026/09/10 18:27:09] <INTERRUPT>
[2026/09/10 18:27:09] =>
[2026/09/10 18:27:09] =
[2026/09/10 18:27:09] 发送(hex): 03
[2026/09/10 18:27:09] >
[2026/09/10 18:27:09] 发送(hex): 0d
[2026/09/10 18:27:09] 发送(hex): 20
[2026/09/10 18:27:09] <INTERRUPT>
[2026/09/10 18:27:09] =>
[2026/09/10 18:27:09] =
[2026/09/10 18:27:09] 发送(hex): 03
[2026/09/10 18:27:09] >
[2026/09/10 18:27:09] 发送(hex): 0d
[2026/09/10 18:27:09] <INTERRUPT>
[2026/09/10 18:27:09] =>
[2026/09/10 18:27:09] 发送(hex): 20
[2026/09/10 18:27:09] 发送(hex): 03
[2026/09/10 18:27:09] =>
[2026/09/10 18:27:09] 发送(hex): 0d
[2026/09/10 18:27:09] <INTERRUPT>
[2026/09/10 18:27:09] =>
[2026/09/10 18:27:09] 发送(hex): 20
[2026/09/10 18:27:09] 发送(hex): 03
[2026/09/10 18:27:09] =>
[2026/09/10 18:27:09] 发送(hex): 0d
[2026/09/10 18:27:09] <INTERRUPT>
[2026/09/10 18:27:09] =>
[2026/09/10 18:27:09] 发送(hex): 20
[2026/09/10 18:27:09] 发送(hex): 03
[2026/09/10 18:27:09] =>
[2026/09/10 18:27:09] 发送(hex): 0d
[2026/09/10 18:27:09] <INTERRUPT>
[2026/09/10 18:27:09] =>
[2026/09/10 18:27:09] 发送(hex): 20
[2026/09/10 18:27:09] 发送(hex): 03
[2026/09/10 18:27:09] =>
[2026/09/10 18:27:09] 发送(hex): 0d
[2026/09/10 18:27:09] <INTERRUPT>
[2026/09/10 18:27:09] =>
[2026/09/10 18:27:09] 发送(hex): 20
[2026/09/10 18:27:09] 发送(hex): 03
[2026/09/10 18:27:09] =>
[2026/09/10 18:27:09] 发送(hex): 0d
[2026/09/10 18:27:09] <INTERRUPT>
[2026/09/10 18:27:09] =>
[2026/09/10 18:27:09] 发送(hex): 20
[2026/09/10 18:27:09] 发送(hex): 03
[2026/09/10 18:27:09] =>
[2026/09/10 18:27:09] 发送(hex): 0d
[2026/09/10 18:27:09] <INTERRUPT>
[2026/09/10 18:27:09] =>
[2026/09/10 18:27:09] 发送(hex): 20
[2026/09/10 18:27:09] 发送(hex): 03
[2026/09/10 18:27:09] =>
[2026/09/10 18:27:09] 发送(hex): 0d
[2026/09/10 18:27:09] <INTERRUPT>
[2026/09/10 18:27:09] =>
[2026/09/10 18:27:09] 发送(hex): 20
[2026/09/10 18:27:09] 发送(hex): 03
[2026/09/10 18:27:09] =>
[2026/09/10 18:27:09] 发送(hex): 0d
[2026/09/10 18:27:09] <INTERRUPT>
[2026/09/10 18:27:09] =>
[2026/09/10 18:27:09] 发送(hex): 20
[2026/09/10 18:27:09] 发送(hex): 03
[2026/09/10 18:27:09] =>
[2026/09/10 18:27:09] 发送(hex): 0d
[2026/09/10 18:27:09] <INTERRUPT>
[2026/09/10 18:27:09] =>
[2026/09/10 18:27:09] 发送(hex): 20
[2026/09/10 18:27:09] 发送(hex): 03
[2026/09/10 18:27:09] =>
[2026/09/10 18:27:09] 发送(hex): 0d
[2026/09/10 18:27:09] <INTERRUPT>
[2026/09/10 18:27:09] =>
[2026/09/10 18:27:09] 发送(hex): 20
[2026/09/10 18:27:09] 发送(hex): 03
[2026/09/10 18:27:09] =>
[2026/09/10 18:27:09] 发送(hex): 0d
[2026/09/10 18:27:09] <INTERRUPT>
[2026/09/10 18:27:09] =>
[2026/09/10 18:27:09] 发送(hex): 20
[2026/09/10 18:27:09] 发送(hex): 03
[2026/09/10 18:27:09] =>
[2026/09/10 18:27:09] 发送(hex): 0d
[2026/09/10 18:27:09] <INTERRUPT>
[2026/09/10 18:27:09] =>
[2026/09/10 18:27:09] 发送(hex): 20
[2026/09/10 18:27:09] 发送(hex): 03
[2026/09/10 18:27:09] =>
[2026/09/10 18:27:09] 发送(hex): 0d
[2026/09/10 18:27:09] <INTERRUPT>
[2026/09/10 18:27:09] =>
[2026/09/10 18:27:09] 发送(hex): 20
[2026/09/10 18:27:09] =>
[2026/09/10 18:27:09] 发送(hex): 03
[2026/09/10 18:27:09] 发送(hex): 0d
[2026/09/10 18:27:09] <INTERRUPT>
[2026/09/10 18:27:09] 发送(hex): 20
[2026/09/10 18:27:09] =>
[2026/09/10 18:27:09] =>
[2026/09/10 18:27:09] 发送(hex): 03
[2026/09/10 18:27:09] 发送(hex): 0d
[2026/09/10 18:27:09] <INTERRUPT>
[2026/09/10 18:27:09] 发送(hex): 20
[2026/09/10 18:27:09] =>
[2026/09/10 18:27:09] =>
[2026/09/10 18:27:09] 发送(hex): 03
[2026/09/10 18:27:09] 发送(hex): 0d
[2026/09/10 18:27:09] <INTERRUPT>
[2026/09/10 18:27:09] =
[2026/09/10 18:27:09] 发送(hex): 20
[2026/09/10 18:27:09] >
[2026/09/10 18:27:09] =>
[2026/09/10 18:27:09] 发送(hex): 03
[2026/09/10 18:27:09] 发送(hex): 0d
[2026/09/10 18:27:09] <INTERRUPT>
[2026/09/10 18:27:09] 发送(hex): 20
[2026/09/10 18:27:09] =>
[2026/09/10 18:27:09] =>
[2026/09/10 18:27:09] 发送(hex): 03
[2026/09/10 18:27:09] 发送(hex): 0d
[2026/09/10 18:27:09] <INTERRUP
[2026/09/10 18:27:09] 发送(hex): 20
[2026/09/10 18:27:09] T>
[2026/09/10 18:27:09] =>
[2026/09/10 18:27:09] =>
[2026/09/10 18:27:09] 发送(hex): 03
[2026/09/10 18:27:09] 发送(hex): 0d
[2026/09/10 18:27:09] 发送(hex): 20
[2026/09/10 18:27:09] <INTERRUPT>
[2026/09/10 18:27:09] =>
[2026/09/10 18:27:09] =>
[2026/09/10 18:27:09] 发送(hex): 03
[2026/09/10 18:27:09] 发送(hex): 0d
[2026/09/10 18:27:09] 发送(hex): 20
[2026/09/10 18:27:09] <INTERRUPT>
[2026/09/10 18:27:09] =>
[2026/09/10 18:27:09] =>
[2026/09/10 18:27:09] 发送(hex): 03
[2026/09/10 18:27:09] 发送(hex): 0d
[2026/09/10 18:27:09] 发送(hex): 20
[2026/09/10 18:27:09] <INTERRUPT>
[2026/09/10 18:27:09] =>
[2026/09/10 18:27:09] =>
[2026/09/10 18:27:09] 发送(hex): 03
[2026/09/10 18:27:09] 发送(hex): 0d
[2026/09/10 18:27:09] 发送(hex): 20
[2026/09/10 18:27:09] <INTERRUPT>
[2026/09/10 18:27:09] =>
[2026/09/10 18:27:09] =>
[2026/09/10 18:27:10] 发送(hex): 03
[2026/09/10 18:27:10] 发送(hex): 0d
[2026/09/10 18:27:10] 发送(hex): 20
[2026/09/10 18:27:10] <INTERRUPT>
[2026/09/10 18:27:10] =>
[2026/09/10 18:27:10] =>
[2026/09/10 18:27:10] 发送(hex): 03
[2026/09/10 18:27:10] 发送(hex): 0d
[2026/09/10 18:27:10] 发送(hex): 20
[2026/09/10 18:27:10] <INTERRUPT>
[2026/09/10 18:27:10] =>
[2026/09/10 18:27:10] =>
[2026/09/10 18:27:10] 发送(hex): 03
[2026/09/10 18:27:10] 发送(hex): 0d
[2026/09/10 18:27:10] 发送(hex): 20
[2026/09/10 18:27:10] <INTERRUPT>
[2026/09/10 18:27:10] =>
[2026/09/10 18:27:10] =>
[2026/09/10 18:27:10] 发送(hex): 03
[2026/09/10 18:27:10] 发送(hex): 0d
[2026/09/10 18:27:10] 发送(hex): 20
[2026/09/10 18:27:10] <INTERRUPT>
[2026/09/10 18:27:10] =>
[2026/09/10 18:27:10] =>
[2026/09/10 18:27:10] 发送(hex): 03
[2026/09/10 18:27:10] 发送(hex): 0d
[2026/09/10 18:27:10] 发送(hex): 20
[2026/09/10 18:27:10] <INTERRUPT>
[2026/09/10 18:27:10] =>
[2026/09/10 18:27:10] =>
[2026/09/10 18:27:10] 发送(hex): 03
[2026/09/10 18:27:10] 发送(hex): 0d
[2026/09/10 18:27:10] 发送(hex): 20
[2026/09/10 18:27:10] <INTERRUPT>
[2026/09/10 18:27:10] =>
[2026/09/10 18:27:10] =>
[2026/09/10 18:27:10] 发送(hex): 03
[2026/09/10 18:27:10] 发送(hex): 0d
[2026/09/10 18:27:10] 发送(hex): 20
[2026/09/10 18:27:10] <INTERRUPT>
[2026/09/10 18:27:10] =>
[2026/09/10 18:27:10] =>
[2026/09/10 18:27:10] 发送(hex): 03
[2026/09/10 18:27:10] 发送(hex): 0d
[2026/09/10 18:27:10] 发送(hex): 20
[2026/09/10 18:27:10] <INTERRUPT>
[2026/09/10 18:27:10] =>
[2026/09/10 18:27:10] =>
[2026/09/10 18:27:10] 发送(hex): 03
[2026/09/10 18:27:10] 发送(hex): 0d
[2026/09/10 18:27:10] 发送(hex): 20
[2026/09/10 18:27:10] <INTERRUPT>
[2026/09/10 18:27:10] =>
[2026/09/10 18:27:10] =>
[2026/09/10 18:27:10] 发送(hex): 03
[2026/09/10 18:27:10] 发送(hex): 0d
[2026/09/10 18:27:10] 发送(hex): 20
[2026/09/10 18:27:10] <INTERRUPT>
[2026/09/10 18:27:10] =>
[2026/09/10 18:27:10] =>
[2026/09/10 18:27:10] 发送(hex): 03
[2026/09/10 18:27:10] 发送(hex): 0d
[2026/09/10 18:27:10] 发送(hex): 20
[2026/09/10 18:27:10] <INTERRUPT>
[2026/09/10 18:27:10] =>
[2026/09/10 18:27:10] =>
[2026/09/10 18:27:10] 发送(hex): 03
[2026/09/10 18:27:10] 发送(hex): 0d
[2026/09/10 18:27:10] 发送(hex): 20
[2026/09/10 18:27:10] <INTERRUPT>
[2026/09/10 18:27:10] =>
[2026/09/10 18:27:10] =>
[2026/09/10 18:27:10] 发送(hex): 03
[2026/09/10 18:27:10] 发送(hex): 0d
[2026/09/10 18:27:10] 发送(hex): 20
[2026/09/10 18:27:10] <INTERRUPT>
[2026/09/10 18:27:10] =>
[2026/09/10 18:27:10] =>
[2026/09/10 18:27:10] 发送(hex): 03
[2026/09/10 18:27:10] 发送(hex): 0d
[2026/09/10 18:27:10] 发送(hex): 20
[2026/09/10 18:27:10] <INTERRUPT>
[2026/09/10 18:27:10] =>
[2026/09/10 18:27:10] =>
[2026/09/10 18:27:10] 发送(hex): 03
[2026/09/10 18:27:10] 发送(hex): 0d
[2026/09/10 18:27:10] 发送(hex): 20
[2026/09/10 18:27:10] <INTERRUPT>
[2026/09/10 18:27:10] =>
[2026/09/10 18:27:10] =>
[2026/09/10 18:27:10] 发送(hex): 03
[2026/09/10 18:27:10] 发送(hex): 0d
[2026/09/10 18:27:10] 发送(hex): 20
[2026/09/10 18:27:10] <INTERRUPT>
[2026/09/10 18:27:10] =>
[2026/09/10 18:27:10] =>
[2026/09/10 18:27:10] 发送(hex): 03
[2026/09/10 18:27:10] 发送(hex): 0d
[2026/09/10 18:27:10] 发送(hex): 20
[2026/09/10 18:27:10] <INTERRUPT>
[2026/09/10 18:27:10] =>
[2026/09/10 18:27:10] =>
[2026/09/10 18:27:10] 发送(hex): 03
[2026/09/10 18:27:10] 发送(hex): 0d
[2026/09/10 18:27:10] 发送(hex): 20
[2026/09/10 18:27:10] <INTERRUPT>
[2026/09/10 18:27:10] =>
[2026/09/10 18:27:10] =>
[2026/09/10 18:27:10] 发送(hex): 03
[2026/09/10 18:27:10] 发送(hex): 0d
[2026/09/10 18:27:10] 发送(hex): 20
[2026/09/10 18:27:10] <INTERRUPT>
[2026/09/10 18:27:10] =>
[2026/09/10 18:27:10] =>
[2026/09/10 18:27:10] 发送(hex): 03
[2026/09/10 18:27:10] 发送(hex): 0d
[2026/09/10 18:27:10] 发送(hex): 20
[2026/09/10 18:27:10] <INTERRUPT>
[2026/09/10 18:27:10] =>
[2026/09/10 18:27:10] =>
[2026/09/10 18:27:10] 发送(hex): 03
[2026/09/10 18:27:10] 发送(hex): 0d
[2026/09/10 18:27:10] 发送(hex): 20
[2026/09/10 18:27:10] <INTERRUPT>
[2026/09/10 18:27:10] =>
[2026/09/10 18:27:10] =
[2026/09/10 18:27:10] 发送(hex): 03
[2026/09/10 18:27:10] >
[2026/09/10 18:27:10] 发送(hex): 0d
[2026/09/10 18:27:10] 发送(hex): 20
[2026/09/10 18:27:10] <INTERRUPT>
[2026/09/10 18:27:10] =>
[2026/09/10 18:27:10] 发送(hex): 03
[2026/09/10 18:27:10] =>
[2026/09/10 18:27:10] 发送(hex): 0d
[2026/09/10 18:27:10] 发送(hex): 20
[2026/09/10 18:27:10] <INTERRUPT>
[2026/09/10 18:27:10] =>
[2026/09/10 18:27:10] 发送(hex): 03
[2026/09/10 18:27:10] =>
[2026/09/10 18:27:10] 发送(hex): 0d
[2026/09/10 18:27:10] 发送(hex): 20
[2026/09/10 18:27:10] <INTERRUPT>
[2026/09/10 18:27:10] =>
[2026/09/10 18:27:10] 发送(hex): 03
[2026/09/10 18:27:10] =>
[2026/09/10 18:27:10] 发送(hex): 0d
[2026/09/10 18:27:10] 发送(hex): 20
[2026/09/10 18:27:10] <INTERRUPT>
[2026/09/10 18:27:10] =>
[2026/09/10 18:27:10] =>
[2026/09/10 18:27:10] 发送(hex): 03
[2026/09/10 18:27:10] 发送(hex): 0d
[2026/09/10 18:27:10] 发送(hex): 20
[2026/09/10 18:27:10] <INTERRUPT>
[2026/09/10 18:27:10] =>
[2026/09/10 18:27:10] =>
[2026/09/10 18:27:10] 发送(hex): 03
[2026/09/10 18:27:10] 发送(hex): 0d
[2026/09/10 18:27:10] 发送(hex): 20
[2026/09/10 18:27:10] <INTERRUPT>
[2026/09/10 18:27:10] =>
[2026/09/10 18:27:10] =>
[2026/09/10 18:27:10] 发送(hex): 03
[2026/09/10 18:27:10] 发送(hex): 0d
[2026/09/10 18:27:10] 发送(hex): 20
[2026/09/10 18:27:10] <INTERRUPT>
[2026/09/10 18:27:10] =>
[2026/09/10 18:27:10] =>
[2026/09/10 18:27:10] 发送(hex): 03
[2026/09/10 18:27:10] 发送(hex): 0d
[2026/09/10 18:27:10] 发送(hex): 20
[2026/09/10 18:27:10] <INTERRUPT>
[2026/09/10 18:27:10] =>
[2026/09/10 18:27:10] =>
[2026/09/10 18:27:10] 发送(hex): 03
[2026/09/10 18:27:10] 发送(hex): 0d
[2026/09/10 18:27:10] 发送(hex): 20
[2026/09/10 18:27:10] <INTERRUPT>
[2026/09/10 18:27:10] =>
[2026/09/10 18:27:10] =>
[2026/09/10 18:27:10] 发送(hex): 03
[2026/09/10 18:27:10] 发送(hex): 0d
[2026/09/10 18:27:10] 发送(hex): 20
[2026/09/10 18:27:10] <INTERRUPT>
[2026/09/10 18:27:10] =>
[2026/09/10 18:27:10] =>
[2026/09/10 18:27:11] 发送(hex): 03
[2026/09/10 18:27:11] 发送(hex): 0d
[2026/09/10 18:27:11] 发送(hex): 20
[2026/09/10 18:27:11] <INTERRUPT>
[2026/09/10 18:27:11] =>
[2026/09/10 18:27:11] =>
[2026/09/10 18:27:11] 发送(hex): 03
[2026/09/10 18:27:11] 发送(hex): 0d
[2026/09/10 18:27:11] 发送(hex): 20
[2026/09/10 18:27:11] <INTERRUPT>
[2026/09/10 18:27:11] =>
[2026/09/10 18:27:11] =>
[2026/09/10 18:27:11] 发送(hex): 03
[2026/09/10 18:27:11] 发送(hex): 0d
[2026/09/10 18:27:11] 发送(hex): 20
[2026/09/10 18:27:11] <INTERRUPT>
[2026/09/10 18:27:11] =>
[2026/09/10 18:27:11] =>
[2026/09/10 18:27:11] 发送(hex): 03
[2026/09/10 18:27:11] 发送(hex): 0d
[2026/09/10 18:27:11] 发送(hex): 20
[2026/09/10 18:27:11] <INTERRUPT>
[2026/09/10 18:27:11] =>
[2026/09/10 18:27:11] =>
[2026/09/10 18:27:11] 发送(hex): 03
[2026/09/10 18:27:11] 发送(hex): 0d
[2026/09/10 18:27:11] 发送(hex): 20
[2026/09/10 18:27:11] <INTERRUPT>
[2026/09/10 18:27:11] =>
[2026/09/10 18:27:11] =>
[2026/09/10 18:27:11] 发送(hex): 03
[2026/09/10 18:27:11] 发送(hex): 0d
[2026/09/10 18:27:11] 发送(hex): 20
[2026/09/10 18:27:11] <INTERRUPT>
[2026/09/10 18:27:11] =>
[2026/09/10 18:27:11] =>
[2026/09/10 18:27:11] 发送(hex): 03
[2026/09/10 18:27:11] 发送(hex): 0d
[2026/09/10 18:27:11] 发送(hex): 20
[2026/09/10 18:27:11] <INTERRUPT>
[2026/09/10 18:27:11] =>
[2026/09/10 18:27:11] =>
[2026/09/10 18:27:11] 发送(hex): 03
[2026/09/10 18:27:11] 发送(hex): 0d
[2026/09/10 18:27:11] 发送(hex): 20
[2026/09/10 18:27:11] <INTERRUPT>
[2026/09/10 18:27:11] =>
[2026/09/10 18:27:11] =>
[2026/09/10 18:27:11] 发送(hex): 03
[2026/09/10 18:27:11] 发送(hex): 0d
[2026/09/10 18:27:11] 发送(hex): 20
[2026/09/10 18:27:11] <INTERRUPT>
[2026/09/10 18:27:11] =>
[2026/09/10 18:27:11] =>
[2026/09/10 18:27:11] 发送(hex): 03
[2026/09/10 18:27:11] 发送(hex): 0d
[2026/09/10 18:27:11] 发送(hex): 20
[2026/09/10 18:27:11] <INTERRUPT>
[2026/09/10 18:27:11] =>
[2026/09/10 18:27:11] =>
[2026/09/10 18:27:11] 发送(hex): 03
[2026/09/10 18:27:11] 发送(hex): 0d
[2026/09/10 18:27:11] 发送(hex): 20
[2026/09/10 18:27:11] <INTERRUPT>
[2026/09/10 18:27:11] =>
[2026/09/10 18:27:11] =>
[2026/09/10 18:27:11] 发送(hex): 03
[2026/09/10 18:27:11] 发送(hex): 0d
[2026/09/10 18:27:11] 发送(hex): 20
[2026/09/10 18:27:11] <INTERRUPT>
[2026/09/10 18:27:11] =>
[2026/09/10 18:27:11] =>
[2026/09/10 18:27:11] 发送(hex): 03
[2026/09/10 18:27:11] 发送(hex): 0d
[2026/09/10 18:27:11] 发送(hex): 20
[2026/09/10 18:27:11] <INTERRUPT>
[2026/09/10 18:27:11] =>
[2026/09/10 18:27:11] =>
[2026/09/10 18:27:11] 发送(hex): 03
[2026/09/10 18:27:11] 发送(hex): 0d
[2026/09/10 18:27:11] 发送(hex): 20
[2026/09/10 18:27:11] <INTERRUPT>
[2026/09/10 18:27:11] =>
[2026/09/10 18:27:11] =>
[2026/09/10 18:27:11] 发送(hex): 03
[2026/09/10 18:27:11] 发送(hex): 0d
[2026/09/10 18:27:11] 发送(hex): 20
[2026/09/10 18:27:11] <INTERRUPT>
[2026/09/10 18:27:11] =>
[2026/09/10 18:27:11] =>
[2026/09/10 18:27:11] 发送(hex): 03
[2026/09/10 18:27:11] 发送(hex): 0d
[2026/09/10 18:27:11] 发送(hex): 20
[2026/09/10 18:27:11] <INTERRUPT>
[2026/09/10 18:27:11] =>
[2026/09/10 18:27:11] =>
[2026/09/10 18:27:11] 发送(hex): 03
[2026/09/10 18:27:11] 发送(hex): 0d
[2026/09/10 18:27:11] 发送(hex): 20
[2026/09/10 18:27:11] <INTERRUPT>
[2026/09/10 18:27:11] =>
[2026/09/10 18:27:11] =>
[2026/09/10 18:27:11] 发送(hex): 03
[2026/09/10 18:27:11] 发送(hex): 0d
[2026/09/10 18:27:11] 发送(hex): 20
[2026/09/10 18:27:11] <INTERRUPT>
[2026/09/10 18:27:11] =>
[2026/09/10 18:27:11] =>
[2026/09/10 18:27:11] 发送(hex): 03
[2026/09/10 18:27:11] 发送(hex): 0d
[2026/09/10 18:27:11] 发送(hex): 20
[2026/09/10 18:27:11] <INTERRUPT>
[2026/09/10 18:27:11] =>
[2026/09/10 18:27:11] =>
[2026/09/10 18:27:11] 发送(hex): 03
[2026/09/10 18:27:11] 发送(hex): 0d
[2026/09/10 18:27:11] 发送(hex): 20
[2026/09/10 18:27:11] <INTERRUPT>
[2026/09/10 18:27:11] =>
[2026/09/10 18:27:11] =>
[2026/09/10 18:27:11] 发送(hex): 03
[2026/09/10 18:27:11] 发送(hex): 0d
[2026/09/10 18:27:11] 发送(hex): 20
[2026/09/10 18:27:11] <INTERRUPT>
[2026/09/10 18:27:11] =>
[2026/09/10 18:27:11] =>
[2026/09/10 18:27:11] 发送(hex): 03
[2026/09/10 18:27:11] 发送(hex): 0d
[2026/09/10 18:27:11] 发送(hex): 20
[2026/09/10 18:27:11] <INTERRUPT>
[2026/09/10 18:27:11] =>
[2026/09/10 18:27:11] =>
[2026/09/10 18:27:11] 发送(hex): 03
[2026/09/10 18:27:11] 发送(hex): 0d
[2026/09/10 18:27:11] 发送(hex): 20
[2026/09/10 18:27:11] <INTERRUPT>
[2026/09/10 18:27:11] =>
[2026/09/10 18:27:11] =>
[2026/09/10 18:27:11] 发送(hex): 03
[2026/09/10 18:27:11] 发送(hex): 0d
[2026/09/10 18:27:11] 发送(hex): 20
[2026/09/10 18:27:11] <INTERRUPT>
[2026/09/10 18:27:11] =>
[2026/09/10 18:27:11] =>
[2026/09/10 18:27:11] 发送(hex): 03
[2026/09/10 18:27:11] 发送(hex): 0d
[2026/09/10 18:27:11] 发送(hex): 20
[2026/09/10 18:27:11] <INTERRUPT>
[2026/09/10 18:27:11] =>
[2026/09/10 18:27:11] =>
[2026/09/10 18:27:11] 发送(hex): 03
[2026/09/10 18:27:11] 发送(hex): 0d
[2026/09/10 18:27:11] 发送(hex): 20
[2026/09/10 18:27:11] <INTERRUPT>
[2026/09/10 18:27:11] =>
[2026/09/10 18:27:11] =>
[2026/09/10 18:27:11] 发送(hex): 03
[2026/09/10 18:27:11] 发送(hex): 0d
[2026/09/10 18:27:11] 发送(hex): 20
[2026/09/10 18:27:11] <INTERRUPT>
[2026/09/10 18:27:11] =>
[2026/09/10 18:27:11] =>
[2026/09/10 18:27:11] 发送(hex): 03
[2026/09/10 18:27:11] 发送(hex): 0d
[2026/09/10 18:27:11] 发送(hex): 20
[2026/09/10 18:27:11] <INTERRUPT>
[2026/09/10 18:27:11] =>
[2026/09/10 18:27:11] =>
[2026/09/10 18:27:11] 发送(hex): 03
[2026/09/10 18:27:11] 发送(hex): 0d
[2026/09/10 18:27:11] 发送(hex): 20
[2026/09/10 18:27:11] <INTERRUPT>
[2026/09/10 18:27:11] =>
[2026/09/10 18:27:11] =>
[2026/09/10 18:27:11] 发送(hex): 03
[2026/09/10 18:27:11] 发送(hex): 0d
[2026/09/10 18:27:11] 发送(hex): 20
[2026/09/10 18:27:11] <INTERRUPT>
[2026/09/10 18:27:11] =>
[2026/09/10 18:27:11] =>
[2026/09/10 18:27:11] 发送(hex): 03
[2026/09/10 18:27:11] 发送(hex): 0d
[2026/09/10 18:27:11] 发送(hex): 20
[2026/09/10 18:27:11] <INTERRUPT>
[2026/09/10 18:27:11] =>
[2026/09/10 18:27:11] =>
[2026/09/10 18:27:11] 发送(hex): 03
[2026/09/10 18:27:12] 发送(hex): 0d
[2026/09/10 18:27:12] 发送(hex): 20
[2026/09/10 18:27:12] <INTERRUPT>
[2026/09/10 18:27:12] =>
[2026/09/10 18:27:12] =>
[2026/09/10 18:27:12] 发送(hex): 03
[2026/09/10 18:27:12] 发送(hex): 0d
[2026/09/10 18:27:12] 发送(hex): 20
[2026/09/10 18:27:12] <INTERRUPT>
[2026/09/10 18:27:12] =>
[2026/09/10 18:27:12] =>
[2026/09/10 18:27:12] 发送(hex): 03
[2026/09/10 18:27:12] 发送(hex): 0d
[2026/09/10 18:27:12] 发送(hex): 20
[2026/09/10 18:27:12] <INTERRUPT>
[2026/09/10 18:27:12] =>
[2026/09/10 18:27:12] =>
[2026/09/10 18:27:12] 发送(hex): 03
[2026/09/10 18:27:12] 发送(hex): 0d
[2026/09/10 18:27:12] 发送(hex): 20
[2026/09/10 18:27:12] <INTERRUPT>
[2026/09/10 18:27:12] =>
[2026/09/10 18:27:12] =>
[2026/09/10 18:27:12] 发送(hex): 03
[2026/09/10 18:27:12] 发送(hex): 0d
[2026/09/10 18:27:12] 发送(hex): 20
[2026/09/10 18:27:12] <INTERRUPT>
[2026/09/10 18:27:12] =>
[2026/09/10 18:27:12] =>
[2026/09/10 18:27:12] 发送(hex): 03
[2026/09/10 18:27:12] 发送(hex): 0d
[2026/09/10 18:27:12] 发送(hex): 20
[2026/09/10 18:27:12] <INTERRUPT>
[2026/09/10 18:27:12] =>
[2026/09/10 18:27:12] =>
[2026/09/10 18:27:12] 发送(hex): 03
[2026/09/10 18:27:12] 发送(hex): 0d
[2026/09/10 18:27:12] 发送(hex): 20
[2026/09/10 18:27:12] <INTERRUPT>
[2026/09/10 18:27:12] =>
[2026/09/10 18:27:12] =>
[2026/09/10 18:27:12] 发送(hex): 03
[2026/09/10 18:27:12] 发送(hex): 0d
[2026/09/10 18:27:12] 发送(hex): 20
[2026/09/10 18:27:12] <INTERRUPT>
[2026/09/10 18:27:12] =>
[2026/09/10 18:27:12] =>
[2026/09/10 18:27:12] 发送(hex): 03
[2026/09/10 18:27:12] 发送(hex): 0d
[2026/09/10 18:27:12] 发送(hex): 20
[2026/09/10 18:27:12] <INTERRUPT>
[2026/09/10 18:27:12] =>
[2026/09/10 18:27:12] =>
[2026/09/10 18:27:12] 发送(hex): 03
[2026/09/10 18:27:12] 发送(hex): 0d
[2026/09/10 18:27:12] 发送(hex): 20
[2026/09/10 18:27:12] <INTERRUPT>
[2026/09/10 18:27:12] =>
[2026/09/10 18:27:12] =>
[2026/09/10 18:27:12] 发送(hex): 03
[2026/09/10 18:27:12] 发送(hex): 0d
[2026/09/10 18:27:12] 发送(hex): 20
[2026/09/10 18:27:12] <INTERRUPT>
[2026/09/10 18:27:12] =>
[2026/09/10 18:27:12] =>
[2026/09/10 18:27:12] 发送(hex): 03
[2026/09/10 18:27:12] 发送(hex): 0d
[2026/09/10 18:27:12] 发送(hex): 20
[2026/09/10 18:27:12] <INTERRUPT>
[2026/09/10 18:27:12] =>
[2026/09/10 18:27:12] =>
[2026/09/10 18:27:12] 发送(hex): 03
[2026/09/10 18:27:12] 发送(hex): 0d
[2026/09/10 18:27:12] 发送(hex): 20
[2026/09/10 18:27:12] <INTERRUPT>
[2026/09/10 18:27:12] =>
[2026/09/10 18:27:12] =>
[2026/09/10 18:27:12] 发送(hex): 03
[2026/09/10 18:27:12] 发送(hex): 0d
[2026/09/10 18:27:12] 发送(hex): 20
[2026/09/10 18:27:12] <INTERRUPT>
[2026/09/10 18:27:12] =>
[2026/09/10 18:27:12] =>
[2026/09/10 18:27:12] 发送(hex): 03
[2026/09/10 18:27:12] 发送(hex): 0d
[2026/09/10 18:27:12] 发送(hex): 20
[2026/09/10 18:27:12] <INTERRUPT>
[2026/09/10 18:27:12] =>
[2026/09/10 18:27:12] =>
[2026/09/10 18:27:12] 发送(hex): 03
[2026/09/10 18:27:12] 发送(hex): 0d
[2026/09/10 18:27:12] 发送(hex): 20
[2026/09/10 18:27:12] <INTERRUPT>
[2026/09/10 18:27:12] =>
[2026/09/10 18:27:12] =>
[2026/09/10 18:27:12] 发送(hex): 03
[2026/09/10 18:27:12] 发送(hex): 0d
[2026/09/10 18:27:12] 发送(hex): 20
[2026/09/10 18:27:12] <INTERRUPT>
[2026/09/10 18:27:12] =>
[2026/09/10 18:27:12] =>
[2026/09/10 18:27:12] 发送(hex): 03
[2026/09/10 18:27:12] 发送(hex): 0d
[2026/09/10 18:27:12] 发送(hex): 20
[2026/09/10 18:27:12] <INTERRUPT>
[2026/09/10 18:27:12] =>
[2026/09/10 18:27:12] =>
[2026/09/10 18:27:12] 发送(hex): 03
[2026/09/10 18:27:12] 发送(hex): 0d
[2026/09/10 18:27:12] 发送(hex): 20
[2026/09/10 18:27:12] <INTERRUPT>
[2026/09/10 18:27:12] =>
[2026/09/10 18:27:12] =>
[2026/09/10 18:27:12] 发送(hex): 03
[2026/09/10 18:27:12] 发送(hex): 0d
[2026/09/10 18:27:12] 发送(hex): 20
[2026/09/10 18:27:12] <INTERRUPT>
[2026/09/10 18:27:12] =>
[2026/09/10 18:27:12] =>
[2026/09/10 18:27:12] 发送(hex): 03
[2026/09/10 18:27:12] 发送(hex): 0d
[2026/09/10 18:27:12] 发送(hex): 20
[2026/09/10 18:27:12] <INTERRUPT>
[2026/09/10 18:27:12] =>
[2026/09/10 18:27:12] =>
[2026/09/10 18:27:12] 发送(hex): 03
[2026/09/10 18:27:12] 发送(hex): 0d
[2026/09/10 18:27:12] <INTERRUPT>
[2026/09/10 18:27:12] =>
[2026/09/10 18:27:12] 发送(hex): 20
[2026/09/10 18:27:12] 发送(hex): 03
[2026/09/10 18:27:12] =>
[2026/09/10 18:27:12] 发送(hex): 0d
[2026/09/10 18:27:12] <INTERRUPT>
[2026/09/10 18:27:12] =>
[2026/09/10 18:27:12] 发送(hex): 20
[2026/09/10 18:27:12] 发送(hex): 03
[2026/09/10 18:27:12] =>
[2026/09/10 18:27:12] 发送(hex): 0d
[2026/09/10 18:27:12] 发送(hex): 20
[2026/09/10 18:27:12] <INTERRUPT>
[2026/09/10 18:27:12] =>
[2026/09/10 18:27:12] =>
[2026/09/10 18:27:12] 发送(hex): 03
[2026/09/10 18:27:12] 发送(hex): 0d
[2026/09/10 18:27:12] 发送(hex): 20
[2026/09/10 18:27:12] <INTERRUPT>
[2026/09/10 18:27:12] =>
[2026/09/10 18:27:12] =>
[2026/09/10 18:27:12] 发送(hex): 03
[2026/09/10 18:27:12] 发送(hex): 0d
[2026/09/10 18:27:12] 发送(hex): 20
[2026/09/10 18:27:12] <INTERRUPT>
[2026/09/10 18:27:12] =>
[2026/09/10 18:27:12] =>
[2026/09/10 18:27:12] 发送(hex): 03
[2026/09/10 18:27:12] 发送(hex): 0d
[2026/09/10 18:27:12] <INTERRUPT>
[2026/09/10 18:27:12] =>
[2026/09/10 18:27:12] 发送(hex): 20
[2026/09/10 18:27:12] 发送(hex): 03
[2026/09/10 18:27:12] =>
[2026/09/10 18:27:12] 发送(hex): 0d
[2026/09/10 18:27:12] <INTERRUPT>
[2026/09/10 18:27:12] =>
[2026/09/10 18:27:12] 发送(hex): 20
[2026/09/10 18:27:12] 发送(hex): 03
[2026/09/10 18:27:12] =>
[2026/09/10 18:27:12] 发送(hex): 0d
[2026/09/10 18:27:12] <INTERRUPT>
[2026/09/10 18:27:12] =>
[2026/09/10 18:27:12] 发送(hex): 20
[2026/09/10 18:27:12] 发送(hex): 03
[2026/09/10 18:27:12] =>
[2026/09/10 18:27:12] 发送(hex): 0d
[2026/09/10 18:27:12] <INTERRUPT>
[2026/09/10 18:27:12] =>
[2026/09/10 18:27:12] 发送(hex): 20
[2026/09/10 18:27:12] 发送(hex): 03
[2026/09/10 18:27:12] =>
[2026/09/10 18:27:12] 发送(hex): 0d
[2026/09/10 18:27:12] <INTERRUPT>
[2026/09/10 18:27:12] =>
[2026/09/10 18:27:12] 发送(hex): 20
[2026/09/10 18:27:12] 发送(hex): 03
[2026/09/10 18:27:12] =>
[2026/09/10 18:27:12] 发送(hex): 0d
[2026/09/10 18:27:12] <INTERRUPT>
[2026/09/10 18:27:12] =>
[2026/09/10 18:27:13] 发送(hex): 20
[2026/09/10 18:27:13] 发送(hex): 03
[2026/09/10 18:27:13] =>
[2026/09/10 18:27:13] 发送(hex): 0d
[2026/09/10 18:27:13] <INTERRUPT>
[2026/09/10 18:27:13] =>
[2026/09/10 18:27:13] 发送(hex): 20
[2026/09/10 18:27:13] 发送(hex): 03
[2026/09/10 18:27:13] =>
[2026/09/10 18:27:13] 发送(hex): 0d
[2026/09/10 18:27:13] <INTERRUPT>
[2026/09/10 18:27:13] =>
[2026/09/10 18:27:13] 发送(hex): 20
[2026/09/10 18:27:13] 发送(hex): 03
[2026/09/10 18:27:13] =>
[2026/09/10 18:27:13] 发送(hex): 0d
[2026/09/10 18:27:13] <INTERRUPT>
[2026/09/10 18:27:13] =>
[2026/09/10 18:27:13] 发送(hex): 20
[2026/09/10 18:27:13] 发送(hex): 03
[2026/09/10 18:27:13] =>
[2026/09/10 18:27:13] 发送(hex): 0d
[2026/09/10 18:27:13] <INTERRUPT>
[2026/09/10 18:27:13] =>
[2026/09/10 18:27:13] 发送(hex): 20
[2026/09/10 18:27:13] 发送(hex): 03
[2026/09/10 18:27:13] =>
[2026/09/10 18:27:13] 发送(hex): 0d
[2026/09/10 18:27:13] 发送(hex): 20
[2026/09/10 18:27:13] <INTERRUPT>
[2026/09/10 18:27:13] =>
[2026/09/10 18:27:13] 发送(hex): 03
[2026/09/10 18:27:13] =>
[2026/09/10 18:27:13] 发送(hex): 0d
[2026/09/10 18:27:13] 发送(hex): 20
[2026/09/10 18:27:13] <INTERRUPT>
[2026/09/10 18:27:13] =>
[2026/09/10 18:27:13] =>
[2026/09/10 18:27:13] 发送(hex): 03
[2026/09/10 18:27:13] 发送(hex): 0d
[2026/09/10 18:27:13] 发送(hex): 20
[2026/09/10 18:27:13] <INTERRUPT>
[2026/09/10 18:27:13] =>
[2026/09/10 18:27:13] =>
[2026/09/10 18:27:13] 发送(hex): 03
[2026/09/10 18:27:13] 发送(hex): 0d
[2026/09/10 18:27:13] 发送(hex): 20
[2026/09/10 18:27:13] <INTERRUPT>
[2026/09/10 18:27:13] =>
[2026/09/10 18:27:13] 发送(hex): 03
[2026/09/10 18:27:13] =>
[2026/09/10 18:27:13] 发送(hex): 0d
[2026/09/10 18:27:13] <INTERRUPT>
[2026/09/10 18:27:13] =>
[2026/09/10 18:27:13] 发送(hex): 20
[2026/09/10 18:27:13] 发送(hex): 03
[2026/09/10 18:27:13] =>
[2026/09/10 18:27:13] 发送(hex): 0d
[2026/09/10 18:27:13] <INTERRUPT>
[2026/09/10 18:27:13] =>
[2026/09/10 18:27:13] 发送(hex): 20
[2026/09/10 18:27:13] 发送(hex): 03
[2026/09/10 18:27:13] =>
[2026/09/10 18:27:13] 发送(hex): 0d
[2026/09/10 18:27:13] <INTERRUPT>
[2026/09/10 18:27:13] =>
[2026/09/10 18:27:13] 发送(hex): 20
[2026/09/10 18:27:13] 发送(hex): 03
[2026/09/10 18:27:13] =>
[2026/09/10 18:27:13] 发送(hex): 0d
[2026/09/10 18:27:13] 发送(hex): 20
[2026/09/10 18:27:13] <INTERRUPT>
[2026/09/10 18:27:13] =>
[2026/09/10 18:27:13] 发送(hex): 03
[2026/09/10 18:27:13] =>
[2026/09/10 18:27:13] 发送(hex): 0d
[2026/09/10 18:27:13] 发送(hex): 20
[2026/09/10 18:27:13] <INTERRUPT>
[2026/09/10 18:27:13] =>
[2026/09/10 18:27:13] =>
[2026/09/10 18:27:13] 发送(hex): 03
[2026/09/10 18:27:13] 发送(hex): 0d
[2026/09/10 18:27:13] 发送(hex): 20
[2026/09/10 18:27:13] <INTERRUPT>
[2026/09/10 18:27:13] =>
[2026/09/10 18:27:13] =>
[2026/09/10 18:27:13] 发送(hex): 03
[2026/09/10 18:27:13] 发送(hex): 0d
[2026/09/10 18:27:13] 发送(hex): 20
[2026/09/10 18:27:13] <INTERRUPT>
[2026/09/10 18:27:13] =>
[2026/09/10 18:27:13] =>
[2026/09/10 18:27:13] 发送(hex): 03
[2026/09/10 18:27:13] 发送(hex): 0d
[2026/09/10 18:27:13] 发送(hex): 20
[2026/09/10 18:27:13] <INTERRUPT>
[2026/09/10 18:27:13] =>
[2026/09/10 18:27:13] =>
[2026/09/10 18:27:13] 发送(hex): 03
[2026/09/10 18:27:13] 发送(hex): 0d
[2026/09/10 18:27:13] 发送(hex): 20
[2026/09/10 18:27:13] <INTERRUPT>
[2026/09/10 18:27:13] =>
[2026/09/10 18:27:13] =>
[2026/09/10 18:27:13] 发送(hex): 03
[2026/09/10 18:27:13] 发送(hex): 0d
[2026/09/10 18:27:13] 发送(hex): 20
[2026/09/10 18:27:13] <INTERRUPT>
[2026/09/10 18:27:13] =>
[2026/09/10 18:27:13] =
[2026/09/10 18:27:13] 发送(hex): 03
[2026/09/10 18:27:13] >
[2026/09/10 18:27:13] 发送(hex): 0d
[2026/09/10 18:27:13] 发送(hex): 20
[2026/09/10 18:27:13] <INTERRUPT>
[2026/09/10 18:27:13] =>
[2026/09/10 18:27:13] =>
[2026/09/10 18:27:13] 发送(hex): 03
[2026/09/10 18:27:13] 发送(hex): 0d
[2026/09/10 18:27:13] 发送(hex): 20
[2026/09/10 18:27:13] <INTERRUPT>
[2026/09/10 18:27:13] =>
[2026/09/10 18:27:13] =>
[2026/09/10 18:27:13] 发送(hex): 03
[2026/09/10 18:27:13] 发送(hex): 0d
[2026/09/10 18:27:13] 发送(hex): 20
[2026/09/10 18:27:13] <INTERRUPT>
[2026/09/10 18:27:13] =>
[2026/09/10 18:27:13] =>
[2026/09/10 18:27:13] 发送(hex): 03
[2026/09/10 18:27:13] 发送(hex): 0d
[2026/09/10 18:27:13] 发送(hex): 20
[2026/09/10 18:27:13] <INTERRUPT>
[2026/09/10 18:27:13] =>
[2026/09/10 18:27:13] =>
[2026/09/10 18:27:13] 发送(hex): 03
[2026/09/10 18:27:13] 发送(hex): 0d
[2026/09/10 18:27:13] 发送(hex): 20
[2026/09/10 18:27:13] <INTERRUPT>
[2026/09/10 18:27:13] =>
[2026/09/10 18:27:13] =>
[2026/09/10 18:27:13] 发送(hex): 03
[2026/09/10 18:27:13] 发送(hex): 0d
[2026/09/10 18:27:13] <INTERRUPT>
[2026/09/10 18:27:13] =>
[2026/09/10 18:27:13] 发送(hex): 20
[2026/09/10 18:27:13] =>
[2026/09/10 18:27:13] 发送(hex): 03
[2026/09/10 18:27:13] 发送(hex): 0d
[2026/09/10 18:27:13] <INTERRUPT>
[2026/09/10 18:27:13] =>
[2026/09/10 18:27:13] 发送(hex): 20
[2026/09/10 18:27:13] =>
[2026/09/10 18:27:13] 发送(hex): 03
[2026/09/10 18:27:13] 发送(hex): 0d
[2026/09/10 18:27:13] <INTERRUPT>
[2026/09/10 18:27:13] =>
[2026/09/10 18:27:13] 发送(hex): 20
[2026/09/10 18:27:13] =>
[2026/09/10 18:27:13] 发送(hex): 03
[2026/09/10 18:27:13] 发送(hex): 0d
[2026/09/10 18:27:13] <INTERRUPT>
[2026/09/10 18:27:13] =>
[2026/09/10 18:27:13] 发送(hex): 20
[2026/09/10 18:27:13] =>
[2026/09/10 18:27:13] 发送(hex): 03
[2026/09/10 18:27:13] 发送(hex): 0d
[2026/09/10 18:27:13] <INTERRUPT>
[2026/09/10 18:27:13] =>
[2026/09/10 18:27:13] 发送(hex): 20
[2026/09/10 18:27:13] 发送(hex): 03
[2026/09/10 18:27:13] =>
[2026/09/10 18:27:13] 发送(hex): 0d
[2026/09/10 18:27:13] <INTERRUPT>
[2026/09/10 18:27:13] =>
[2026/09/10 18:27:13] 发送(hex): 20
[2026/09/10 18:27:13] =>
[2026/09/10 18:27:13] 发送(hex): 03
[2026/09/10 18:27:13] 发送(hex): 0d
[2026/09/10 18:27:13] <INTERRUPT>
[2026/09/10 18:27:13] =>
[2026/09/10 18:27:13] 发送(hex): 20
[2026/09/10 18:27:13] =>
[2026/09/10 18:27:13] 发送(hex): 03
[2026/09/10 18:27:13] 发送(hex): 0d
[2026/09/10 18:27:13] <INTERRUPT>
[2026/09/10 18:27:13] =>
[2026/09/10 18:27:14] 发送(hex): 20
[2026/09/10 18:27:14] =>
[2026/09/10 18:27:14] 发送(hex): 03
[2026/09/10 18:27:14] 发送(hex): 0d
[2026/09/10 18:27:14] <INTERRUPT>
[2026/09/10 18:27:14] =>
[2026/09/10 18:27:14] 发送(hex): 20
[2026/09/10 18:27:14] =>
[2026/09/10 18:27:14] 发送(hex): 03
[2026/09/10 18:27:14] 发送(hex): 0d
[2026/09/10 18:27:14] <INTERRUPT>
[2026/09/10 18:27:14] =>
[2026/09/10 18:27:14] 发送(hex): 20
[2026/09/10 18:27:14] =>
[2026/09/10 18:27:14] 发送(hex): 03
[2026/09/10 18:27:14] 发送(hex): 0d
[2026/09/10 18:27:14] <INTERRUPT>
[2026/09/10 18:27:14] =>
[2026/09/10 18:27:14] 发送(hex): 20
[2026/09/10 18:27:14] =>
[2026/09/10 18:27:14] 发送(hex): 03
[2026/09/10 18:27:14] 发送(hex): 0d
[2026/09/10 18:27:14] <INTERRUPT>
[2026/09/10 18:27:14] =>
[2026/09/10 18:27:14] 发送(hex): 20
[2026/09/10 18:27:14] =>
[2026/09/10 18:27:14] 发送(hex): 03
[2026/09/10 18:27:14] 发送(hex): 0d
[2026/09/10 18:27:14] <INTERRUPT>
[2026/09/10 18:27:14] =>
[2026/09/10 18:27:14] 发送(hex): 20
[2026/09/10 18:27:14] =>
[2026/09/10 18:27:14] 发送(hex): 03
[2026/09/10 18:27:14] 发送(hex): 0d
[2026/09/10 18:27:14] <INTERRUPT>
[2026/09/10 18:27:14] =>
[2026/09/10 18:27:14] 发送(hex): 20
[2026/09/10 18:27:14] =>
[2026/09/10 18:27:14] 发送(hex): 03
[2026/09/10 18:27:14] 发送(hex): 0d
[2026/09/10 18:27:14] <INTERRUPT>
[2026/09/10 18:27:14] =>
[2026/09/10 18:27:14] 发送(hex): 20
[2026/09/10 18:27:14] =>
[2026/09/10 18:27:14] 发送(hex): 03
[2026/09/10 18:27:14] 发送(hex): 0d
[2026/09/10 18:27:14] <INTERRUPT>
[2026/09/10 18:27:14] =>
[2026/09/10 18:27:14] 发送(hex): 20
[2026/09/10 18:27:14] =>
[2026/09/10 18:27:14] 发送(hex): 03
[2026/09/10 18:27:14] 发送(hex): 0d
[2026/09/10 18:27:14] <INTERRUPT>
[2026/09/10 18:27:14] =>
[2026/09/10 18:27:14] 发送(hex): 20
[2026/09/10 18:27:14] =>
[2026/09/10 18:27:14] 发送(hex): 03
[2026/09/10 18:27:14] 发送(hex): 0d
[2026/09/10 18:27:14] <INTERRUPT>
[2026/09/10 18:27:14] =>
[2026/09/10 18:27:14] 发送(hex): 20
[2026/09/10 18:27:14] 发送(hex): 03
[2026/09/10 18:27:14] =>
[2026/09/10 18:27:14] 发送(hex): 0d
[2026/09/10 18:27:14] <INTERRUPT>
[2026/09/10 18:27:14] =>
[2026/09/10 18:27:14] 发送(hex): 20
[2026/09/10 18:27:14] 发送(hex): 03
[2026/09/10 18:27:14] =>
[2026/09/10 18:27:14] 发送(hex): 0d
[2026/09/10 18:27:14] <INTERRUPT>
[2026/09/10 18:27:14] =>
[2026/09/10 18:27:14] 发送(hex): 20
[2026/09/10 18:27:14] 发送(hex): 03
[2026/09/10 18:27:14] =>
[2026/09/10 18:27:14] 发送(hex): 0d
[2026/09/10 18:27:14] <INTERRUPT>
[2026/09/10 18:27:14] =>
[2026/09/10 18:27:14] 发送(hex): 20
[2026/09/10 18:27:14] 发送(hex): 03
[2026/09/10 18:27:14] =>
[2026/09/10 18:27:14] 发送(hex): 0d
[2026/09/10 18:27:14] <INTERRUPT>
[2026/09/10 18:27:14] =>
[2026/09/10 18:27:14] 发送(hex): 20
[2026/09/10 18:27:14] 发送(hex): 03
[2026/09/10 18:27:14] =>
[2026/09/10 18:27:14] 发送(hex): 0d
[2026/09/10 18:27:14] <INTERRUPT>
[2026/09/10 18:27:14] =>
[2026/09/10 18:27:14] 发送(hex): 20
[2026/09/10 18:27:14] 发送(hex): 03
[2026/09/10 18:27:14] =>
[2026/09/10 18:27:14] 发送(hex): 0d
[2026/09/10 18:27:14] <INTERRUPT>
[2026/09/10 18:27:14] =>
[2026/09/10 18:27:14] 发送(hex): 20
[2026/09/10 18:27:14] 发送(hex): 03
[2026/09/10 18:27:14] =>
[2026/09/10 18:27:14] 发送(hex): 0d
[2026/09/10 18:27:14] <INTERRUPT>
[2026/09/10 18:27:14] =>
[2026/09/10 18:27:14] 发送(hex): 20
[2026/09/10 18:27:14] 发送(hex): 03
[2026/09/10 18:27:14] =>
[2026/09/10 18:27:14] 发送(hex): 0d
[2026/09/10 18:27:14] <INTERRUPT>
[2026/09/10 18:27:14] =>
[2026/09/10 18:27:14] 发送(hex): 20
[2026/09/10 18:27:14] 发送(hex): 03
[2026/09/10 18:27:14] =>
[2026/09/10 18:27:14] 发送(hex): 0d
[2026/09/10 18:27:14] <INTERRUPT>
[2026/09/10 18:27:14] =>
[2026/09/10 18:27:14] 发送(hex): 20
[2026/09/10 18:27:14] 发送(hex): 03
[2026/09/10 18:27:14] =>
[2026/09/10 18:27:14] 发送(hex): 0d
[2026/09/10 18:27:14] <INTERRUPT>
[2026/09/10 18:27:14] =>
[2026/09/10 18:27:14] 发送(hex): 20
[2026/09/10 18:27:14] 发送(hex): 03
[2026/09/10 18:27:14] =>
[2026/09/10 18:27:14] 发送(hex): 0d
[2026/09/10 18:27:14] <INTERRUPT>
[2026/09/10 18:27:14] =>
[2026/09/10 18:27:14] 发送(hex): 20
[2026/09/10 18:27:14] 发送(hex): 03
[2026/09/10 18:27:14] =>
[2026/09/10 18:27:14] 发送(hex): 0d
[2026/09/10 18:27:14] <INTERRUPT>
[2026/09/10 18:27:14] =>
[2026/09/10 18:27:14] 发送(hex): 20
[2026/09/10 18:27:14] 发送(hex): 03
[2026/09/10 18:27:14] =>
[2026/09/10 18:27:14] 发送(hex): 0d
[2026/09/10 18:27:14] <INTERRUPT>
[2026/09/10 18:27:14] =>
[2026/09/10 18:27:14] 发送(hex): 20
[2026/09/10 18:27:14] 发送(hex): 03
[2026/09/10 18:27:14] =>
[2026/09/10 18:27:14] 发送(hex): 0d
[2026/09/10 18:27:14] <INTERRUPT>
[2026/09/10 18:27:14] =>
[2026/09/10 18:27:14] 发送(hex): 20
[2026/09/10 18:27:14] 发送(hex): 03
[2026/09/10 18:27:14] =>
[2026/09/10 18:27:14] 发送(hex): 0d
[2026/09/10 18:27:14] <INTERRUPT>
[2026/09/10 18:27:14] =>
[2026/09/10 18:27:14] 发送(hex): 20
[2026/09/10 18:27:14] 发送(hex): 03
[2026/09/10 18:27:14] =>
[2026/09/10 18:27:14] 发送(hex): 0d
[2026/09/10 18:27:14] <INTERRUPT>
[2026/09/10 18:27:14] =>
[2026/09/10 18:27:14] 发送(hex): 20
[2026/09/10 18:27:14] 发送(hex): 03
[2026/09/10 18:27:14] =>
[2026/09/10 18:27:14] 发送(hex): 0d
[2026/09/10 18:27:14] <INTERRUPT>
[2026/09/10 18:27:14] =>
[2026/09/10 18:27:14] 发送(hex): 20
[2026/09/10 18:27:14] 发送(hex): 03
[2026/09/10 18:27:14] =>
[2026/09/10 18:27:14] 发送(hex): 0d
[2026/09/10 18:27:14] 发送(hex): 20
[2026/09/10 18:27:14] <INTERRUPT>
[2026/09/10 18:27:14] =>
[2026/09/10 18:27:14] 发送(hex): 03
[2026/09/10 18:27:14] =>
[2026/09/10 18:27:14] 发送(hex): 0d
[2026/09/10 18:27:14] 发送(hex): 20
[2026/09/10 18:27:14] <INTERRUPT>
[2026/09/10 18:27:14] =>
[2026/09/10 18:27:14] 发送(hex): 03
[2026/09/10 18:27:14] =>
[2026/09/10 18:27:14] 发送(hex): 0d
[2026/09/10 18:27:14] <INTERRUPT>
[2026/09/10 18:27:14] =>
[2026/09/10 18:27:14] 发送(hex): 20
[2026/09/10 18:27:14] 发送(hex): 03
[2026/09/10 18:27:14] =>
[2026/09/10 18:27:14] 发送(hex): 0d
[2026/09/10 18:27:14] <INTERRUPT>
[2026/09/10 18:27:14] =>
[2026/09/10 18:27:14] 发送(hex): 20
[2026/09/10 18:27:15] 发送(hex): 03
[2026/09/10 18:27:15] =>
[2026/09/10 18:27:15] 发送(hex): 0d
[2026/09/10 18:27:15] <INTERRUPT>
[2026/09/10 18:27:15] =>
[2026/09/10 18:27:15] 发送(hex): 20
[2026/09/10 18:27:15] 发送(hex): 03
[2026/09/10 18:27:15] =>
[2026/09/10 18:27:15] 发送(hex): 0d
[2026/09/10 18:27:15] <INTERRUPT>
[2026/09/10 18:27:15] =>
[2026/09/10 18:27:15] 发送(hex): 20
[2026/09/10 18:27:15] 发送(hex): 03
[2026/09/10 18:27:15] =>
[2026/09/10 18:27:15] 发送(hex): 0d
[2026/09/10 18:27:15] <INTERRUPT>
[2026/09/10 18:27:15] =>
[2026/09/10 18:27:15] 发送(hex): 20
[2026/09/10 18:27:15] 发送(hex): 03
[2026/09/10 18:27:15] =>
[2026/09/10 18:27:15] 发送(hex): 0d
[2026/09/10 18:27:15] <INTERRUPT>
[2026/09/10 18:27:15] =>
[2026/09/10 18:27:15] 发送(hex): 20
[2026/09/10 18:27:15] 发送(hex): 03
[2026/09/10 18:27:15] =>
[2026/09/10 18:27:15] 发送(hex): 0d
[2026/09/10 18:27:15] <INTERRUPT>
[2026/09/10 18:27:15] =>
[2026/09/10 18:27:15] 发送(hex): 20
[2026/09/10 18:27:15] 发送(hex): 03
[2026/09/10 18:27:15] =>
[2026/09/10 18:27:15] 发送(hex): 0d
[2026/09/10 18:27:15] 发送(hex): 20
[2026/09/10 18:27:15] <INTERRUPT>
[2026/09/10 18:27:15] =>
[2026/09/10 18:27:15] 发送(hex): 03
[2026/09/10 18:27:15] =>
[2026/09/10 18:27:15] 发送(hex): 0d
[2026/09/10 18:27:15] 发送(hex): 20
[2026/09/10 18:27:15] <INTERRUPT>
[2026/09/10 18:27:15] =>
[2026/09/10 18:27:15] =>
[2026/09/10 18:27:15] 发送(hex): 03
[2026/09/10 18:27:15] 发送(hex): 0d
[2026/09/10 18:27:15] 发送(hex): 20
[2026/09/10 18:27:15] <INTERRUPT>
[2026/09/10 18:27:15] =>
[2026/09/10 18:27:15] =>
[2026/09/10 18:27:15] 发送(hex): 03
[2026/09/10 18:27:15] 发送(hex): 0d
[2026/09/10 18:27:15] 发送(hex): 20
[2026/09/10 18:27:15] <INTERRUPT>
[2026/09/10 18:27:15] =>
[2026/09/10 18:27:15] =>
[2026/09/10 18:27:15] 发送(hex): 03
[2026/09/10 18:27:15] 发送(hex): 0d
[2026/09/10 18:27:15] 发送(hex): 20
[2026/09/10 18:27:15] <INTERRUPT>
[2026/09/10 18:27:15] =>
[2026/09/10 18:27:15] =>
[2026/09/10 18:27:15] 发送(hex): 03
[2026/09/10 18:27:15] 发送(hex): 0d
[2026/09/10 18:27:15] 发送(hex): 20
[2026/09/10 18:27:15] <INTERRUPT>
[2026/09/10 18:27:15] =>
[2026/09/10 18:27:15] =>
[2026/09/10 18:27:15] 发送(hex): 03
[2026/09/10 18:27:15] 发送(hex): 0d
[2026/09/10 18:27:15] 发送(hex): 20
[2026/09/10 18:27:15] <INTERRUPT>
[2026/09/10 18:27:15] =>
[2026/09/10 18:27:15] =>
[2026/09/10 18:27:15] 发送(hex): 03
[2026/09/10 18:27:15] 发送(hex): 0d
[2026/09/10 18:27:15] 发送(hex): 20
[2026/09/10 18:27:15] <INTERRUPT>
[2026/09/10 18:27:15] =>
[2026/09/10 18:27:15] =>
[2026/09/10 18:27:15] 发送(hex): 03
[2026/09/10 18:27:15] 发送(hex): 0d
[2026/09/10 18:27:15] 发送(hex): 20
[2026/09/10 18:27:15] <INTERRUPT>
[2026/09/10 18:27:15] =>
[2026/09/10 18:27:15] =>
[2026/09/10 18:27:15] 发送(hex): 03
[2026/09/10 18:27:15] 发送(hex): 0d
[2026/09/10 18:27:15] 发送(hex): 20
[2026/09/10 18:27:15] <INTERRUPT>
[2026/09/10 18:27:15] =>
[2026/09/10 18:27:15] =>
[2026/09/10 18:27:15] 发送(hex): 03
[2026/09/10 18:27:15] 发送(hex): 0d
[2026/09/10 18:27:15] 发送(hex): 20
[2026/09/10 18:27:15] <INTERRUPT>
[2026/09/10 18:27:15] =>
[2026/09/10 18:27:15] =>
[2026/09/10 18:27:15] 发送(hex): 03
[2026/09/10 18:27:15] 发送(hex): 0d
[2026/09/10 18:27:15] 发送(hex): 20
[2026/09/10 18:27:15] <INTERRUPT>
[2026/09/10 18:27:15] =>
[2026/09/10 18:27:15] =>
[2026/09/10 18:27:15] 发送(hex): 03
[2026/09/10 18:27:15] 发送(hex): 0d
[2026/09/10 18:27:15] 发送(hex): 20
[2026/09/10 18:27:15] <INTERRUPT>
[2026/09/10 18:27:15] =>
[2026/09/10 18:27:15] =>
[2026/09/10 18:27:15] 发送(hex): 03
[2026/09/10 18:27:15] 发送(hex): 0d
[2026/09/10 18:27:15] 发送(hex): 20
[2026/09/10 18:27:15] <INTERRUPT>
[2026/09/10 18:27:15] =>
[2026/09/10 18:27:15] =>
[2026/09/10 18:27:15] 发送(hex): 03
[2026/09/10 18:27:15] 发送(hex): 0d
[2026/09/10 18:27:15] <INTERRUPT>
[2026/09/10 18:27:15] =>
[2026/09/10 18:27:15] 发送(hex): 20
[2026/09/10 18:27:15] 发送(hex): 03
[2026/09/10 18:27:15] =>
[2026/09/10 18:27:15] 发送(hex): 0d
[2026/09/10 18:27:15] <INTERRUPT>
[2026/09/10 18:27:15] =>
[2026/09/10 18:27:15] 发送(hex): 20
[2026/09/10 18:27:15] 发送(hex): 03
[2026/09/10 18:27:15] =>
[2026/09/10 18:27:15] 发送(hex): 0d
[2026/09/10 18:27:15] <INTERRUPT>
[2026/09/10 18:27:15] =>
[2026/09/10 18:27:15] 发送(hex): 20
[2026/09/10 18:27:15] 发送(hex): 03
[2026/09/10 18:27:15] =>
[2026/09/10 18:27:15] 发送(hex): 0d
[2026/09/10 18:27:15] <INTERRUPT>
[2026/09/10 18:27:15] =>
[2026/09/10 18:27:15] 发送(hex): 20
[2026/09/10 18:27:15] 发送(hex): 03
[2026/09/10 18:27:15] =>
[2026/09/10 18:27:15] 发送(hex): 0d
[2026/09/10 18:27:15] 发送(hex): 20
[2026/09/10 18:27:15] <INTERRUPT>
[2026/09/10 18:27:15] =>
[2026/09/10 18:27:15] 发送(hex): 03
[2026/09/10 18:27:15] =>
[2026/09/10 18:27:15] 发送(hex): 0d
[2026/09/10 18:27:15] 发送(hex): 20
[2026/09/10 18:27:15] <INTERRUPT>
[2026/09/10 18:27:15] =>
[2026/09/10 18:27:15] =
[2026/09/10 18:27:15] 发送(hex): 03
[2026/09/10 18:27:15] >
[2026/09/10 18:27:15] 发送(hex): 0d
[2026/09/10 18:27:15] 发送(hex): 20
[2026/09/10 18:27:15] <INTERRUPT>
[2026/09/10 18:27:15] =>
[2026/09/10 18:27:15] =
[2026/09/10 18:27:15] 发送(hex): 03
[2026/09/10 18:27:15] >
[2026/09/10 18:27:15] 发送(hex): 0d
[2026/09/10 18:27:15] 发送(hex): 20
[2026/09/10 18:27:15] <INTERRUPT>
[2026/09/10 18:27:15] =>
[2026/09/10 18:27:15] =>
[2026/09/10 18:27:15] 发送(hex): 03
[2026/09/10 18:27:15] 发送(hex): 0d
[2026/09/10 18:27:15] 发送(hex): 20
[2026/09/10 18:27:15] <INTERRUPT>
[2026/09/10 18:27:15] =>
[2026/09/10 18:27:15] =>
[2026/09/10 18:27:15] 发送(hex): 03
[2026/09/10 18:27:15] 发送(hex): 0d
[2026/09/10 18:27:15] 发送(hex): 20
[2026/09/10 18:27:15] <INTERRUPT>
[2026/09/10 18:27:15] =>
[2026/09/10 18:27:15] =>
[2026/09/10 18:27:15] 发送(hex): 03
[2026/09/10 18:27:15] 发送(hex): 0d
[2026/09/10 18:27:15] 发送(hex): 20
[2026/09/10 18:27:15] <INTERRUPT>
[2026/09/10 18:27:15] =>
[2026/09/10 18:27:15] =>
[2026/09/10 18:27:15] 发送(hex): 03
[2026/09/10 18:27:15] 发送(hex): 0d
[2026/09/10 18:27:15] 发送(hex): 20
[2026/09/10 18:27:15] <INTERRUPT>
[2026/09/10 18:27:15] =>
[2026/09/10 18:27:15] =>
[2026/09/10 18:27:15] 发送(hex): 03
[2026/09/10 18:27:16] 发送(hex): 0d
[2026/09/10 18:27:16] 发送(hex): 20
[2026/09/10 18:27:16] <INTERRUPT>
[2026/09/10 18:27:16] =>
[2026/09/10 18:27:16] =>
[2026/09/10 18:27:16] 发送(hex): 03
[2026/09/10 18:27:16] 发送(hex): 0d
[2026/09/10 18:27:16] 发送(hex): 20
[2026/09/10 18:27:16] <INTERRUPT>
[2026/09/10 18:27:16] =>
[2026/09/10 18:27:16] =>
[2026/09/10 18:27:16] 发送(hex): 03
[2026/09/10 18:27:16] 发送(hex): 0d
[2026/09/10 18:27:16] 发送(hex): 20
[2026/09/10 18:27:16] <INTERRUPT>
[2026/09/10 18:27:16] =>
[2026/09/10 18:27:16] =>
[2026/09/10 18:27:16] 发送(hex): 03
[2026/09/10 18:27:16] 发送(hex): 0d
[2026/09/10 18:27:16] 发送(hex): 20
[2026/09/10 18:27:16] <INTERRUPT>
[2026/09/10 18:27:16] =>
[2026/09/10 18:27:16] =>
[2026/09/10 18:27:16] 发送(hex): 03
[2026/09/10 18:27:16] 发送(hex): 0d
[2026/09/10 18:27:16] 发送(hex): 20
[2026/09/10 18:27:16] <INTERRUPT>
[2026/09/10 18:27:16] =>
[2026/09/10 18:27:16] =>
[2026/09/10 18:27:16] 发送(hex): 03
[2026/09/10 18:27:16] 发送(hex): 0d
[2026/09/10 18:27:16] 发送(hex): 20
[2026/09/10 18:27:16] <INTERRUPT>
[2026/09/10 18:27:16] =>
[2026/09/10 18:27:16] =>
[2026/09/10 18:27:16] 发送(hex): 03
[2026/09/10 18:27:16] 发送(hex): 0d
[2026/09/10 18:27:16] 发送(hex): 20
[2026/09/10 18:27:16] <INTERRUPT>
[2026/09/10 18:27:16] =>
[2026/09/10 18:27:16] =>
[2026/09/10 18:27:16] 发送(hex): 03
[2026/09/10 18:27:16] 发送(hex): 0d
[2026/09/10 18:27:16] 发送(hex): 20
[2026/09/10 18:27:16] <INTERRUPT>
[2026/09/10 18:27:16] =>
[2026/09/10 18:27:16] =>
[2026/09/10 18:27:16] 发送(hex): 03
[2026/09/10 18:27:16] 发送(hex): 0d
[2026/09/10 18:27:16] 发送(hex): 20
[2026/09/10 18:27:16] <INTERRUPT>
[2026/09/10 18:27:16] =>
[2026/09/10 18:27:16] =>
[2026/09/10 18:27:16] 发送(hex): 03
[2026/09/10 18:27:16] 发送(hex): 0d
[2026/09/10 18:27:16] 发送(hex): 20
[2026/09/10 18:27:16] <INTERRUPT>
[2026/09/10 18:27:16] =>
[2026/09/10 18:27:16] =>
[2026/09/10 18:27:16] 发送(hex): 03
[2026/09/10 18:27:16] 发送(hex): 0d
[2026/09/10 18:27:16] 发送(hex): 20
[2026/09/10 18:27:16] <INTERRUPT>
[2026/09/10 18:27:16] =>
[2026/09/10 18:27:16] =>
[2026/09/10 18:27:16] 发送(hex): 03
[2026/09/10 18:27:16] 发送(hex): 0d
[2026/09/10 18:27:16] 发送(hex): 20
[2026/09/10 18:27:16] <INTERRUPT>
[2026/09/10 18:27:16] =>
[2026/09/10 18:27:16] =>
[2026/09/10 18:27:16] 发送(hex): 03
[2026/09/10 18:27:16] 发送(hex): 0d
[2026/09/10 18:27:16] 发送(hex): 20
[2026/09/10 18:27:16] <INTERRUPT>
[2026/09/10 18:27:16] =>
[2026/09/10 18:27:16] =>
[2026/09/10 18:27:16] 发送(hex): 03
[2026/09/10 18:27:16] 发送(hex): 0d
[2026/09/10 18:27:16] 发送(hex): 20
[2026/09/10 18:27:16] <INTERRUPT>
[2026/09/10 18:27:16] =>
[2026/09/10 18:27:16] =>
[2026/09/10 18:27:16] 发送(hex): 03
[2026/09/10 18:27:16] 发送(hex): 0d
[2026/09/10 18:27:16] 发送(hex): 20
[2026/09/10 18:27:16] <INTERRUPT>
[2026/09/10 18:27:16] =>
[2026/09/10 18:27:16] =>
[2026/09/10 18:27:16] 发送(hex): 03
[2026/09/10 18:27:16] 发送(hex): 0d
[2026/09/10 18:27:16] <
[2026/09/10 18:27:16] 发送(hex): 20
[2026/09/10 18:27:16] INTERRUPT>
[2026/09/10 18:27:16] =>
[2026/09/10 18:27:16] =>
[2026/09/10 18:27:16] 发送(hex): 03
[2026/09/10 18:27:16] 发送(hex): 0d
[2026/09/10 18:27:16] <INTE
[2026/09/10 18:27:16] 发送(hex): 20
[2026/09/10 18:27:16] RRUPT>
[2026/09/10 18:27:16] =>
[2026/09/10 18:27:16] =>
[2026/09/10 18:27:16] 发送(hex): 03
[2026/09/10 18:27:16] 发送(hex): 0d
[2026/09/10 18:27:16] <INTERRUPT
[2026/09/10 18:27:16] 发送(hex): 20
[2026/09/10 18:27:16] >
[2026/09/10 18:27:16] =>
[2026/09/10 18:27:16] =>
[2026/09/10 18:27:16] 发送(hex): 03
[2026/09/10 18:27:16] 发送(hex): 0d
[2026/09/10 18:27:16] <INTERRUPT
[2026/09/10 18:27:16] 发送(hex): 20
[2026/09/10 18:27:16] >
[2026/09/10 18:27:16] =>
[2026/09/10 18:27:16] =>
[2026/09/10 18:27:16] 发送(hex): 03
[2026/09/10 18:27:16] 发送(hex): 0d
[2026/09/10 18:27:16] <INTERRUPT>
[2026/09/10 18:27:16] =>
[2026/09/10 18:27:16] 发送(hex): 20
[2026/09/10 18:27:16] =>
[2026/09/10 18:27:16] 发送(hex): 03
[2026/09/10 18:27:16] 发送(hex): 0d
[2026/09/10 18:27:16] <INTERRUPT>
[2026/09/10 18:27:16] =>
[2026/09/10 18:27:16] 发送(hex): 20
[2026/09/10 18:27:16] =>
[2026/09/10 18:27:16] 发送(hex): 03
[2026/09/10 18:27:16] 发送(hex): 0d
[2026/09/10 18:27:16] <INTERRUPT>
[2026/09/10 18:27:16] =>
[2026/09/10 18:27:16] 发送(hex): 20
[2026/09/10 18:27:16] =>
[2026/09/10 18:27:16] 发送(hex): 03
[2026/09/10 18:27:16] 发送(hex): 0d
[2026/09/10 18:27:16] <INTERRUPT>
[2026/09/10 18:27:16] =>
[2026/09/10 18:27:16] 发送(hex): 20
[2026/09/10 18:27:16] =>
[2026/09/10 18:27:16] 发送(hex): 03
[2026/09/10 18:27:16] 发送(hex): 0d
[2026/09/10 18:27:16] <INTERRUPT>
[2026/09/10 18:27:16] =>
[2026/09/10 18:27:16] 发送(hex): 20
[2026/09/10 18:27:16] =>
[2026/09/10 18:27:16] 发送(hex): 03
[2026/09/10 18:27:16] 发送(hex): 0d
[2026/09/10 18:27:16] <INTERRUPT>
[2026/09/10 18:27:16] =>
[2026/09/10 18:27:16] 发送(hex): 20
[2026/09/10 18:27:16] =>
[2026/09/10 18:27:16] 发送(hex): 03
[2026/09/10 18:27:16] 发送(hex): 0d
[2026/09/10 18:27:16] <INTERRUPT>
[2026/09/10 18:27:16] =>
[2026/09/10 18:27:16] 发送(hex): 20
[2026/09/10 18:27:16] =>
[2026/09/10 18:27:16] 发送(hex): 03
[2026/09/10 18:27:16] 发送(hex): 0d
[2026/09/10 18:27:16] <INTERRUPT>
[2026/09/10 18:27:16] =>
[2026/09/10 18:27:16] 发送(hex): 20
[2026/09/10 18:27:16] =>
[2026/09/10 18:27:16] 发送(hex): 03
[2026/09/10 18:27:16] 发送(hex): 0d
[2026/09/10 18:27:16] <INTERRUPT>
[2026/09/10 18:27:16] =>
[2026/09/10 18:27:16] 发送(hex): 20
[2026/09/10 18:27:16] =>
[2026/09/10 18:27:16] 发送(hex): 03
[2026/09/10 18:27:16] 发送(hex): 0d
[2026/09/10 18:27:16] <INTERRUPT>
[2026/09/10 18:27:16] =>
[2026/09/10 18:27:16] 发送(hex): 20
[2026/09/10 18:27:16] =>
[2026/09/10 18:27:16] 发送(hex): 03
[2026/09/10 18:27:16] 发送(hex): 0d
[2026/09/10 18:27:16] <INTERRUPT>
[2026/09/10 18:27:16] =>
[2026/09/10 18:27:16] 发送(hex): 20
[2026/09/10 18:27:16] =>
[2026/09/10 18:27:16] 发送(hex): 03
[2026/09/10 18:27:16] 发送(hex): 0d
[2026/09/10 18:27:16] <INTERRUPT>
[2026/09/10 18:27:16] =>
[2026/09/10 18:27:16] 发送(hex): 20
[2026/09/10 18:27:16] =>
[2026/09/10 18:27:16] 发送(hex): 03
[2026/09/10 18:27:16] 发送(hex): 0d
[2026/09/10 18:27:16] <INTERRUPT>
[2026/09/10 18:27:16] =>
[2026/09/10 18:27:16] 发送(hex): 20
[2026/09/10 18:27:16] =>
[2026/09/10 18:27:17] 发送(hex): 03
[2026/09/10 18:27:17] 发送(hex): 0d
[2026/09/10 18:27:17] <INTERRUPT>
[2026/09/10 18:27:17] =>
[2026/09/10 18:27:17] 发送(hex): 20
[2026/09/10 18:27:17] =>
[2026/09/10 18:27:17] 发送(hex): 03
[2026/09/10 18:27:17] 发送(hex): 0d
[2026/09/10 18:27:17] <INTERRUPT>
[2026/09/10 18:27:17] =>
[2026/09/10 18:27:17] 发送(hex): 20
[2026/09/10 18:27:17] =>
[2026/09/10 18:27:17] 发送(hex): 03
[2026/09/10 18:27:17] 发送(hex): 0d
[2026/09/10 18:27:17] <INTERRUPT>
[2026/09/10 18:27:17] =>
[2026/09/10 18:27:17] 发送(hex): 20
[2026/09/10 18:27:17] =>
[2026/09/10 18:27:17] 发送(hex): 03
[2026/09/10 18:27:17] 发送(hex): 0d
[2026/09/10 18:27:17] <INTERRUPT>
[2026/09/10 18:27:17] =>
[2026/09/10 18:27:17] 发送(hex): 20
[2026/09/10 18:27:17] =>
[2026/09/10 18:27:17] 发送(hex): 03
[2026/09/10 18:27:17] 发送(hex): 0d
[2026/09/10 18:27:17] <INTERRUPT>
[2026/09/10 18:27:17] =>
[2026/09/10 18:27:17] 发送(hex): 20
[2026/09/10 18:27:17] 发送(hex): 03
[2026/09/10 18:27:17] =>
[2026/09/10 18:27:17] 发送(hex): 0d
[2026/09/10 18:27:17] <INTERRUPT>
[2026/09/10 18:27:17] =>
[2026/09/10 18:27:17] 发送(hex): 20
[2026/09/10 18:27:17] 发送(hex): 03
[2026/09/10 18:27:17] =>
[2026/09/10 18:27:17] 发送(hex): 0d
[2026/09/10 18:27:17] <INTERRUPT>
[2026/09/10 18:27:17] =>
[2026/09/10 18:27:17] 发送(hex): 20
[2026/09/10 18:27:17] 发送(hex): 03
[2026/09/10 18:27:17] =>
[2026/09/10 18:27:17] 发送(hex): 0d
[2026/09/10 18:27:17] <INTERRUPT>
[2026/09/10 18:27:17] =>
[2026/09/10 18:27:17] 发送(hex): 20
[2026/09/10 18:27:17] 发送(hex): 03
[2026/09/10 18:27:17] =>
[2026/09/10 18:27:17] 发送(hex): 0d
[2026/09/10 18:27:17] <INTERRUPT>
[2026/09/10 18:27:17] =>
[2026/09/10 18:27:17] 发送(hex): 20
[2026/09/10 18:27:17] 发送(hex): 03
[2026/09/10 18:27:17] =>
[2026/09/10 18:27:17] 发送(hex): 0d
[2026/09/10 18:27:17] <INTERRUPT>
[2026/09/10 18:27:17] =>
[2026/09/10 18:27:17] 发送(hex): 20
[2026/09/10 18:27:17] 发送(hex): 03
[2026/09/10 18:27:17] =>
[2026/09/10 18:27:17] 发送(hex): 0d
[2026/09/10 18:27:17] <INTERRUPT>
[2026/09/10 18:27:17] =>
[2026/09/10 18:27:17] 发送(hex): 20
[2026/09/10 18:27:17] 发送(hex): 03
[2026/09/10 18:27:17] =>
[2026/09/10 18:27:17] 发送(hex): 0d
[2026/09/10 18:27:17] <INTERRUPT>
[2026/09/10 18:27:17] =>
[2026/09/10 18:27:17] 发送(hex): 20
[2026/09/10 18:27:17] 发送(hex): 03
[2026/09/10 18:27:17] =>
[2026/09/10 18:27:17] 发送(hex): 0d
[2026/09/10 18:27:17] <INTERRUPT>
[2026/09/10 18:27:17] =>
[2026/09/10 18:27:17] 发送(hex): 20
[2026/09/10 18:27:17] 发送(hex): 03
[2026/09/10 18:27:17] =>
[2026/09/10 18:27:17] 发送(hex): 0d
[2026/09/10 18:27:17] <INTERRUPT>
[2026/09/10 18:27:17] =>
[2026/09/10 18:27:17] 发送(hex): 20
[2026/09/10 18:27:17] 发送(hex): 03
[2026/09/10 18:27:17] =>
[2026/09/10 18:27:17] 发送(hex): 0d
[2026/09/10 18:27:17] <INTERRUPT>
[2026/09/10 18:27:17] =>
[2026/09/10 18:27:17] 发送(hex): 20
[2026/09/10 18:27:17] 发送(hex): 03
[2026/09/10 18:27:17] =>
[2026/09/10 18:27:17] 发送(hex): 0d
[2026/09/10 18:27:17] <INTERRUPT>
[2026/09/10 18:27:17] =>
[2026/09/10 18:27:17] 发送(hex): 20
[2026/09/10 18:27:17] 发送(hex): 03
[2026/09/10 18:27:17] =>
[2026/09/10 18:27:17] 发送(hex): 0d
[2026/09/10 18:27:17] <INTERRUPT>
[2026/09/10 18:27:17] =>
[2026/09/10 18:27:17] 发送(hex): 20
[2026/09/10 18:27:17] 发送(hex): 03
[2026/09/10 18:27:17] =>
[2026/09/10 18:27:17] 发送(hex): 0d
[2026/09/10 18:27:17] <INTERRUPT>
[2026/09/10 18:27:17] =>
[2026/09/10 18:27:17] 发送(hex): 20
[2026/09/10 18:27:17] 发送(hex): 03
[2026/09/10 18:27:17] =>
[2026/09/10 18:27:17] 发送(hex): 0d
[2026/09/10 18:27:17] <INTERRUPT>
[2026/09/10 18:27:17] =>
[2026/09/10 18:27:17] 发送(hex): 20
[2026/09/10 18:27:17] 发送(hex): 03
[2026/09/10 18:27:17] =>
[2026/09/10 18:27:17] 发送(hex): 0d
[2026/09/10 18:27:17] <INTERRUPT>
[2026/09/10 18:27:17] =>
[2026/09/10 18:27:17] 发送(hex): 20
[2026/09/10 18:27:17] 发送(hex): 03
[2026/09/10 18:27:17] =>
[2026/09/10 18:27:17] 发送(hex): 0d
[2026/09/10 18:27:17] <INTERRUPT>
[2026/09/10 18:27:17] =>
[2026/09/10 18:27:17] 发送(hex): 20
[2026/09/10 18:27:17] 发送(hex): 03
[2026/09/10 18:27:17] =>
[2026/09/10 18:27:17] 发送(hex): 0d
[2026/09/10 18:27:17] 发送(hex): 20
[2026/09/10 18:27:17] <INTERRUPT>
[2026/09/10 18:27:17] =>
[2026/09/10 18:27:17] 发送(hex): 03
[2026/09/10 18:27:17] =>
[2026/09/10 18:27:17] 发送(hex): 0d
[2026/09/10 18:27:17] 发送(hex): 20
[2026/09/10 18:27:17] <INTERRUPT>
[2026/09/10 18:27:17] =>
[2026/09/10 18:27:17] =
[2026/09/10 18:27:17] 发送(hex): 03
[2026/09/10 18:27:17] >
[2026/09/10 18:27:17] 发送(hex): 0d
[2026/09/10 18:27:17] 发送(hex): 20
[2026/09/10 18:27:17] <INTERRUPT>
[2026/09/10 18:27:17] =>
[2026/09/10 18:27:17] =>
[2026/09/10 18:27:17] 发送(hex): 03
[2026/09/10 18:27:17] 发送(hex): 0d
[2026/09/10 18:27:17] 发送(hex): 20
[2026/09/10 18:27:17] <INTERRUPT>
[2026/09/10 18:27:17] =>
[2026/09/10 18:27:17] =>
[2026/09/10 18:27:17] 发送(hex): 03
[2026/09/10 18:27:17] 发送(hex): 0d
[2026/09/10 18:27:17] 发送(hex): 20
[2026/09/10 18:27:17] <INTERRUPT>
[2026/09/10 18:27:17] =>
[2026/09/10 18:27:17] =>
[2026/09/10 18:27:17] 发送(hex): 03
[2026/09/10 18:27:17] 发送(hex): 0d
[2026/09/10 18:27:17] 发送(hex): 20
[2026/09/10 18:27:17] <INTERRUPT>
[2026/09/10 18:27:17] =>
[2026/09/10 18:27:17] =>
[2026/09/10 18:27:17] 发送(hex): 03
[2026/09/10 18:27:17] 发送(hex): 0d
[2026/09/10 18:27:17] 发送(hex): 20
[2026/09/10 18:27:17] <INTERRUPT>
[2026/09/10 18:27:17] =>
[2026/09/10 18:27:17] =>
[2026/09/10 18:27:17] 发送(hex): 03
[2026/09/10 18:27:17] 发送(hex): 0d
[2026/09/10 18:27:17] 发送(hex): 20
[2026/09/10 18:27:17] <INTERRUPT>
[2026/09/10 18:27:17] =>
[2026/09/10 18:27:17] =>
[2026/09/10 18:27:17] 发送(hex): 03
[2026/09/10 18:27:17] 发送(hex): 0d
[2026/09/10 18:27:17] 发送(hex): 20
[2026/09/10 18:27:17] <INTERRUPT>
[2026/09/10 18:27:17] =>
[2026/09/10 18:27:17] =>
[2026/09/10 18:27:17] 发送(hex): 03
[2026/09/10 18:27:17] 发送(hex): 0d
[2026/09/10 18:27:17] 发送(hex): 20
[2026/09/10 18:27:17] <INTERRUPT>
[2026/09/10 18:27:17] =>
[2026/09/10 18:27:17] =>
[2026/09/10 18:27:17] 发送(hex): 03
[2026/09/10 18:27:18] 发送(hex): 0d
[2026/09/10 18:27:18] 发送(hex): 20
[2026/09/10 18:27:18] <INTERRUPT>
[2026/09/10 18:27:18] =>
[2026/09/10 18:27:18] =>
[2026/09/10 18:27:18] 发送(hex): 03
[2026/09/10 18:27:18] 发送(hex): 0d
[2026/09/10 18:27:18] 发送(hex): 20
[2026/09/10 18:27:18] <INTERRUPT>
[2026/09/10 18:27:18] =>
[2026/09/10 18:27:18] =>
[2026/09/10 18:27:18] 发送(hex): 03
[2026/09/10 18:27:18] 发送(hex): 0d
[2026/09/10 18:27:18] 发送(hex): 20
[2026/09/10 18:27:18] <INTERRUPT>
[2026/09/10 18:27:18] =>
[2026/09/10 18:27:18] =>
[2026/09/10 18:27:18] 发送(hex): 03
[2026/09/10 18:27:18] 发送(hex): 0d
[2026/09/10 18:27:18] 发送(hex): 20
[2026/09/10 18:27:18] <INTERRUPT>
[2026/09/10 18:27:18] =>
[2026/09/10 18:27:18] =>
[2026/09/10 18:27:18] 发送(hex): 03
[2026/09/10 18:27:18] 发送(hex): 0d
[2026/09/10 18:27:18] 发送(hex): 20
[2026/09/10 18:27:18] <INTERRUPT>
[2026/09/10 18:27:18] =>
[2026/09/10 18:27:18] =>
[2026/09/10 18:27:18] 发送(hex): 03
[2026/09/10 18:27:18] 发送(hex): 0d
[2026/09/10 18:27:18] 发送(hex): 20
[2026/09/10 18:27:18] <INTERRUPT>
[2026/09/10 18:27:18] =>
[2026/09/10 18:27:18] =>
[2026/09/10 18:27:18] 发送(hex): 03
[2026/09/10 18:27:18] 发送(hex): 0d
[2026/09/10 18:27:18] 发送(hex): 20
[2026/09/10 18:27:18] <INTERRUPT>
[2026/09/10 18:27:18] =>
[2026/09/10 18:27:18] =>
[2026/09/10 18:27:18] 发送(hex): 03
[2026/09/10 18:27:18] 发送(hex): 0d
[2026/09/10 18:27:18] 发送(hex): 20
[2026/09/10 18:27:18] <INTERRUPT>
[2026/09/10 18:27:18] =>
[2026/09/10 18:27:18] =>
[2026/09/10 18:27:18] 发送(hex): 03
[2026/09/10 18:27:18] 发送(hex): 0d
[2026/09/10 18:27:18] 发送(hex): 20
[2026/09/10 18:27:18] <INTERRUPT>
[2026/09/10 18:27:18] =>
[2026/09/10 18:27:18] =>
[2026/09/10 18:27:18] 发送(hex): 03
[2026/09/10 18:27:18] 发送(hex): 0d
[2026/09/10 18:27:18] 发送(hex): 20
[2026/09/10 18:27:18] <INTERRUPT>
[2026/09/10 18:27:18] =>
[2026/09/10 18:27:18] =>
[2026/09/10 18:27:18] 发送(hex): 03
[2026/09/10 18:27:18] 发送(hex): 0d
[2026/09/10 18:27:18] <INTE
[2026/09/10 18:27:18] 发送(hex): 20
[2026/09/10 18:27:18] RRUPT>
[2026/09/10 18:27:18] =>
[2026/09/10 18:27:18] =>
[2026/09/10 18:27:18] 发送(hex): 03
[2026/09/10 18:27:18] 发送(hex): 0d
[2026/09/10 18:27:18] <INTERRUPT
[2026/09/10 18:27:18] 发送(hex): 20
[2026/09/10 18:27:18] >
[2026/09/10 18:27:18] =>
[2026/09/10 18:27:18] =>
[2026/09/10 18:27:18] 发送(hex): 03
[2026/09/10 18:27:18] 发送(hex): 0d
[2026/09/10 18:27:18] <INTERRUPT>
[2026/09/10 18:27:18] 发送(hex): 20
[2026/09/10 18:27:18] =>
[2026/09/10 18:27:18] =>
[2026/09/10 18:27:18] 发送(hex): 03
[2026/09/10 18:27:18] 发送(hex): 0d
[2026/09/10 18:27:18] <INTERRUPT>
[2026/09/10 18:27:18] 发送(hex): 20
[2026/09/10 18:27:18] =>
[2026/09/10 18:27:18] =>
[2026/09/10 18:27:18] 发送(hex): 03
[2026/09/10 18:27:18] 发送(hex): 0d
[2026/09/10 18:27:18] <INTERRUPT>
[2026/09/10 18:27:18] =
[2026/09/10 18:27:18] 发送(hex): 20
[2026/09/10 18:27:18] >
[2026/09/10 18:27:18] =>
[2026/09/10 18:27:18] 发送(hex): 03
[2026/09/10 18:27:18] 发送(hex): 0d
[2026/09/10 18:27:18] <INTERRUPT>
[2026/09/10 18:27:18] =
[2026/09/10 18:27:18] 发送(hex): 20
[2026/09/10 18:27:18] >
[2026/09/10 18:27:18] =>
[2026/09/10 18:27:18] 发送(hex): 03
[2026/09/10 18:27:18] 发送(hex): 0d
[2026/09/10 18:27:18] <INTERRUPT>
[2026/09/10 18:27:18] =>
[2026/09/10 18:27:18] 发送(hex): 20
[2026/09/10 18:27:18] =>
[2026/09/10 18:27:18] 发送(hex): 03
[2026/09/10 18:27:18] 发送(hex): 0d
[2026/09/10 18:27:18] <INTERRUPT>
[2026/09/10 18:27:18] =>
[2026/09/10 18:27:18] 发送(hex): 20
[2026/09/10 18:27:18] =>
[2026/09/10 18:27:18] 发送(hex): 03
[2026/09/10 18:27:18] 发送(hex): 0d
[2026/09/10 18:27:18] <INTERRUPT>
[2026/09/10 18:27:18] =>
[2026/09/10 18:27:18] 发送(hex): 20
[2026/09/10 18:27:18] =>
[2026/09/10 18:27:18] 发送(hex): 03
[2026/09/10 18:27:18] 发送(hex): 0d
[2026/09/10 18:27:18] <INTERRUPT>
[2026/09/10 18:27:18] =>
[2026/09/10 18:27:18] 发送(hex): 20
[2026/09/10 18:27:18] =>
[2026/09/10 18:27:18] 发送(hex): 03
[2026/09/10 18:27:18] 发送(hex): 0d
[2026/09/10 18:27:18] <INTERRUPT>
[2026/09/10 18:27:18] =>
[2026/09/10 18:27:18] 发送(hex): 20
[2026/09/10 18:27:18] =>
[2026/09/10 18:27:18] 发送(hex): 03
[2026/09/10 18:27:18] 发送(hex): 0d
[2026/09/10 18:27:18] <INTERRUPT>
[2026/09/10 18:27:18] =>
[2026/09/10 18:27:18] 发送(hex): 20
[2026/09/10 18:27:18] =>
[2026/09/10 18:27:18] 发送(hex): 03
[2026/09/10 18:27:18] 发送(hex): 0d
[2026/09/10 18:27:18] <INTERRUPT>
[2026/09/10 18:27:18] =>
[2026/09/10 18:27:18] 发送(hex): 20
[2026/09/10 18:27:18] =>
[2026/09/10 18:27:18] 发送(hex): 03
[2026/09/10 18:27:18] 发送(hex): 0d
[2026/09/10 18:27:18] 发送(hex): 20
[2026/09/10 18:27:18] <INTERRUPT>
[2026/09/10 18:27:18] =>
[2026/09/10 18:27:18] =>
[2026/09/10 18:27:18] 发送(hex): 03
[2026/09/10 18:27:18] 发送(hex): 0d
[2026/09/10 18:27:18] 发送(hex): 20
[2026/09/10 18:27:18] <INTERRUPT>
[2026/09/10 18:27:18] =>
[2026/09/10 18:27:18] =>
[2026/09/10 18:27:18] 发送(hex): 03
[2026/09/10 18:27:18] 发送(hex): 0d
[2026/09/10 18:27:18] 发送(hex): 20
[2026/09/10 18:27:18] <INTERRUPT>
[2026/09/10 18:27:18] =>
[2026/09/10 18:27:18] =>
[2026/09/10 18:27:18] 发送(hex): 03
[2026/09/10 18:27:18] 发送(hex): 0d
[2026/09/10 18:27:18] 发送(hex): 20
[2026/09/10 18:27:18] <INTERRUPT>
[2026/09/10 18:27:18] =>
[2026/09/10 18:27:18] =>
[2026/09/10 18:27:18] 发送(hex): 03
[2026/09/10 18:27:18] 发送(hex): 0d
[2026/09/10 18:27:18] 发送(hex): 20
[2026/09/10 18:27:18] <INTERRUPT>
[2026/09/10 18:27:18] =>
[2026/09/10 18:27:18] =>
[2026/09/10 18:27:18] 发送(hex): 03
[2026/09/10 18:27:18] 发送(hex): 0d
[2026/09/10 18:27:18] 发送(hex): 20
[2026/09/10 18:27:18] <INTERRUPT>
[2026/09/10 18:27:18] =>
[2026/09/10 18:27:18] =>
[2026/09/10 18:27:18] 发送(hex): 03
[2026/09/10 18:27:18] 发送(hex): 0d
[2026/09/10 18:27:18] 发送(hex): 20
[2026/09/10 18:27:18] <INTERRUPT>
[2026/09/10 18:27:18] =>
[2026/09/10 18:27:18] =>
[2026/09/10 18:27:18] 发送(hex): 03
[2026/09/10 18:27:18] 发送(hex): 0d
[2026/09/10 18:27:18] <INTE
[2026/09/10 18:27:18] 发送(hex): 20
[2026/09/10 18:27:18] RRUPT>
[2026/09/10 18:27:18] =>
[2026/09/10 18:27:18] =>
[2026/09/10 18:27:18] 发送(hex): 03
[2026/09/10 18:27:18] 发送(hex): 0d
[2026/09/10 18:27:18] <INTERRU
[2026/09/10 18:27:19] 发送(hex): 20
[2026/09/10 18:27:19] PT>
[2026/09/10 18:27:19] =>
[2026/09/10 18:27:19] =>
[2026/09/10 18:27:19] 发送(hex): 03
[2026/09/10 18:27:19] 发送(hex): 0d
[2026/09/10 18:27:19] <INTERRUPT>
[2026/09/10 18:27:19] 发送(hex): 20
[2026/09/10 18:27:19] =>
[2026/09/10 18:27:19] =>
[2026/09/10 18:27:19] 发送(hex): 03
[2026/09/10 18:27:19] 发送(hex): 0d
[2026/09/10 18:27:19] <INTERRUP
[2026/09/10 18:27:19] 发送(hex): 20
[2026/09/10 18:27:19] T>
[2026/09/10 18:27:19] =>
[2026/09/10 18:27:19] =>
[2026/09/10 18:27:19] 发送(hex): 03
[2026/09/10 18:27:19] 发送(hex): 0d
[2026/09/10 18:27:19] <INTERRUPT>
[2026/09/10 18:27:19] 发送(hex): 20
[2026/09/10 18:27:19] =>
[2026/09/10 18:27:19] =>
[2026/09/10 18:27:19] 发送(hex): 03
[2026/09/10 18:27:19] 发送(hex): 0d
[2026/09/10 18:27:19] <INTERRUPT>
[2026/09/10 18:27:19] =>
[2026/09/10 18:27:19] 发送(hex): 20
[2026/09/10 18:27:19] =>
[2026/09/10 18:27:19] 发送(hex): 03
[2026/09/10 18:27:19] 发送(hex): 0d
[2026/09/10 18:27:19] <INTERRUPT>
[2026/09/10 18:27:19] =>
[2026/09/10 18:27:19] 发送(hex): 20
[2026/09/10 18:27:19] =>
[2026/09/10 18:27:19] 发送(hex): 03
[2026/09/10 18:27:19] 发送(hex): 0d
[2026/09/10 18:27:19] <INTERRUPT>
[2026/09/10 18:27:19] =>
[2026/09/10 18:27:19] 发送(hex): 20
[2026/09/10 18:27:19] =>
[2026/09/10 18:27:19] 发送(hex): 03
[2026/09/10 18:27:19] 发送(hex): 0d
[2026/09/10 18:27:19] <INTERRUPT>
[2026/09/10 18:27:19] =>
[2026/09/10 18:27:19] 发送(hex): 20
[2026/09/10 18:27:19] =>
[2026/09/10 18:27:19] 发送(hex): 03
[2026/09/10 18:27:19] 发送(hex): 0d
[2026/09/10 18:27:19] <INTERRUPT>
[2026/09/10 18:27:19] =>
[2026/09/10 18:27:19] 发送(hex): 20
[2026/09/10 18:27:19] =>
[2026/09/10 18:27:19] 发送(hex): 03
[2026/09/10 18:27:19] 发送(hex): 0d
[2026/09/10 18:27:19] <INTERRUPT>
[2026/09/10 18:27:19] =>
[2026/09/10 18:27:19] 发送(hex): 20
[2026/09/10 18:27:19] =>
[2026/09/10 18:27:19] 发送(hex): 03
[2026/09/10 18:27:19] 发送(hex): 0d
[2026/09/10 18:27:19] <INTERRUPT>
[2026/09/10 18:27:19] =>
[2026/09/10 18:27:19] 发送(hex): 20
[2026/09/10 18:27:19] =>
[2026/09/10 18:27:19] 发送(hex): 03
[2026/09/10 18:27:19] 发送(hex): 0d
[2026/09/10 18:27:19] <INTERRUPT>
[2026/09/10 18:27:19] =>
[2026/09/10 18:27:19] 发送(hex): 20
[2026/09/10 18:27:19] =>
[2026/09/10 18:27:19] 发送(hex): 03
[2026/09/10 18:27:19] 发送(hex): 0d
[2026/09/10 18:27:19] <INTERRUPT>
[2026/09/10 18:27:19] =>
[2026/09/10 18:27:19] 发送(hex): 20
[2026/09/10 18:27:19] =>
[2026/09/10 18:27:19] 发送(hex): 03
[2026/09/10 18:27:19] 发送(hex): 0d
[2026/09/10 18:27:19] <INTERRUPT>
[2026/09/10 18:27:19] =>
[2026/09/10 18:27:19] 发送(hex): 20
[2026/09/10 18:27:19] =>
[2026/09/10 18:27:19] 发送(hex): 03
[2026/09/10 18:27:19] 发送(hex): 0d
[2026/09/10 18:27:19] <INTERRUPT>
[2026/09/10 18:27:19] =>
[2026/09/10 18:27:19] 发送(hex): 20
[2026/09/10 18:27:19] =>
[2026/09/10 18:27:19] 发送(hex): 03
[2026/09/10 18:27:19] 发送(hex): 0d
[2026/09/10 18:27:19] <INTERRUPT>
[2026/09/10 18:27:19] =>
[2026/09/10 18:27:19] 发送(hex): 20
[2026/09/10 18:27:19] =>
[2026/09/10 18:27:19] 发送(hex): 03
[2026/09/10 18:27:19] 发送(hex): 0d
[2026/09/10 18:27:19] 发送(hex): 20
[2026/09/10 18:27:19] <INTERRUPT>
[2026/09/10 18:27:19] =>
[2026/09/10 18:27:19] =>
[2026/09/10 18:27:19] 发送(hex): 03
[2026/09/10 18:27:19] 发送(hex): 0d
[2026/09/10 18:27:19] 发送(hex): 20
[2026/09/10 18:27:19] <INTERRUPT>
[2026/09/10 18:27:19] =>
[2026/09/10 18:27:19] =>
[2026/09/10 18:27:19] 发送(hex): 03
[2026/09/10 18:27:19] 发送(hex): 0d
[2026/09/10 18:27:19] 发送(hex): 20
[2026/09/10 18:27:19] <INTERRUPT>
[2026/09/10 18:27:19] =>
[2026/09/10 18:27:19] =>
[2026/09/10 18:27:19] 发送(hex): 03
[2026/09/10 18:27:19] 发送(hex): 0d
[2026/09/10 18:27:19] 发送(hex): 20
[2026/09/10 18:27:19] <INTERRUPT>
[2026/09/10 18:27:19] =>
[2026/09/10 18:27:19] =>
[2026/09/10 18:27:19] 发送(hex): 03
[2026/09/10 18:27:19] 发送(hex): 0d
[2026/09/10 18:27:19] 发送(hex): 20
[2026/09/10 18:27:19] <INTERRUPT>
[2026/09/10 18:27:19] =>
[2026/09/10 18:27:19] =>
[2026/09/10 18:27:19] 发送(hex): 03
[2026/09/10 18:27:19] 发送(hex): 0d
[2026/09/10 18:27:19] 发送(hex): 20
[2026/09/10 18:27:19] <INTERRUPT>
[2026/09/10 18:27:19] =>
[2026/09/10 18:27:19] =>
[2026/09/10 18:27:19] 发送(hex): 03
[2026/09/10 18:27:19] 发送(hex): 0d
[2026/09/10 18:27:19] 发送(hex): 20
[2026/09/10 18:27:19] <INTERRUPT>
[2026/09/10 18:27:19] =>
[2026/09/10 18:27:19] =>
[2026/09/10 18:27:19] 发送(hex): 03
[2026/09/10 18:27:19] 发送(hex): 0d
[2026/09/10 18:27:19] 发送(hex): 20
[2026/09/10 18:27:19] <INTERRUPT>
[2026/09/10 18:27:19] =>
[2026/09/10 18:27:19] =>
[2026/09/10 18:27:19] 发送(hex): 03
[2026/09/10 18:27:19] 发送(hex): 0d
[2026/09/10 18:27:19] 发送(hex): 20
[2026/09/10 18:27:19] <INTERRUPT>
[2026/09/10 18:27:19] =>
[2026/09/10 18:27:19] =>
[2026/09/10 18:27:19] 发送(hex): 03
[2026/09/10 18:27:19] 发送(hex): 0d
[2026/09/10 18:27:19] 发送(hex): 20
[2026/09/10 18:27:19] <INTERRUPT>
[2026/09/10 18:27:19] =>
[2026/09/10 18:27:19] =>
[2026/09/10 18:27:19] 发送(hex): 03
[2026/09/10 18:27:19] 发送(hex): 0d
[2026/09/10 18:27:19] 发送(hex): 20
[2026/09/10 18:27:19] <INTERRUPT>
[2026/09/10 18:27:19] =>
[2026/09/10 18:27:19] =>
[2026/09/10 18:27:19] 发送(hex): 03
[2026/09/10 18:27:19] 发送(hex): 0d
[2026/09/10 18:27:19] <INT
[2026/09/10 18:27:19] 发送(hex): 20
[2026/09/10 18:27:19] ERRUPT>
[2026/09/10 18:27:19] =>
[2026/09/10 18:27:19] =>
[2026/09/10 18:27:19] 发送(hex): 03
[2026/09/10 18:27:19] 发送(hex): 0d
[2026/09/10 18:27:19] <INTERRU
[2026/09/10 18:27:19] 发送(hex): 20
[2026/09/10 18:27:19] PT>
[2026/09/10 18:27:19] =>
[2026/09/10 18:27:19] =>
[2026/09/10 18:27:19] 发送(hex): 03
[2026/09/10 18:27:19] 发送(hex): 0d
[2026/09/10 18:27:19] <INTERRUPT>
[2026/09/10 18:27:19] 发送(hex): 20
[2026/09/10 18:27:19] =>
[2026/09/10 18:27:19] =>
[2026/09/10 18:27:19] 发送(hex): 03
[2026/09/10 18:27:19] 发送(hex): 0d
[2026/09/10 18:27:19] <INTERRUPT>
[2026/09/10 18:27:19] 发送(hex): 20
[2026/09/10 18:27:19] =>
[2026/09/10 18:27:19] =>
[2026/09/10 18:27:19] 发送(hex): 03
[2026/09/10 18:27:19] 发送(hex): 0d
[2026/09/10 18:27:19] <INTERRUPT>
[2026/09/10 18:27:19] =>
[2026/09/10 18:27:19] 发送(hex): 20
[2026/09/10 18:27:19] =>
[2026/09/10 18:27:20] 发送(hex): 03
[2026/09/10 18:27:20] 发送(hex): 0d
[2026/09/10 18:27:20] <INTERRUPT>
[2026/09/10 18:27:20] =>
[2026/09/10 18:27:20] 发送(hex): 20
[2026/09/10 18:27:20] =>
[2026/09/10 18:27:20] 发送(hex): 03
[2026/09/10 18:27:20] 发送(hex): 0d
[2026/09/10 18:27:20] <INTERRUPT>
[2026/09/10 18:27:20] =>
[2026/09/10 18:27:20] 发送(hex): 20
[2026/09/10 18:27:20] =>
[2026/09/10 18:27:20] 发送(hex): 03
[2026/09/10 18:27:20] 发送(hex): 0d
[2026/09/10 18:27:20] <INTERRUPT>
[2026/09/10 18:27:20] =>
[2026/09/10 18:27:20] 发送(hex): 20
[2026/09/10 18:27:20] =>
[2026/09/10 18:27:20] 发送(hex): 03
[2026/09/10 18:27:20] 发送(hex): 0d
[2026/09/10 18:27:20] <INTERRUPT>
[2026/09/10 18:27:20] =>
[2026/09/10 18:27:20] 发送(hex): 20
[2026/09/10 18:27:20] =>
[2026/09/10 18:27:20] 发送(hex): 03
[2026/09/10 18:27:20] 发送(hex): 0d
[2026/09/10 18:27:20] <INTERRUPT>
[2026/09/10 18:27:20] =>
[2026/09/10 18:27:20] 发送(hex): 20
[2026/09/10 18:27:20] =>
[2026/09/10 18:27:20] 发送(hex): 03
[2026/09/10 18:27:20] 发送(hex): 0d
[2026/09/10 18:27:20] <INTERRUPT>
[2026/09/10 18:27:20] =>
[2026/09/10 18:27:20] 发送(hex): 20
[2026/09/10 18:27:20] =>
[2026/09/10 18:27:20] 发送(hex): 03
[2026/09/10 18:27:20] 发送(hex): 0d
[2026/09/10 18:27:20] <INTERRUPT>
[2026/09/10 18:27:20] =>
[2026/09/10 18:27:20] 发送(hex): 20
[2026/09/10 18:27:20] =>
[2026/09/10 18:27:20] 发送(hex): 03
[2026/09/10 18:27:20] 发送(hex): 0d
[2026/09/10 18:27:20] <INTERRUPT>
[2026/09/10 18:27:20] =>
[2026/09/10 18:27:20] 发送(hex): 20
[2026/09/10 18:27:20] =>
[2026/09/10 18:27:20] 发送(hex): 03
[2026/09/10 18:27:20] 发送(hex): 0d
[2026/09/10 18:27:20] <INTERRUPT>
[2026/09/10 18:27:20] =>
[2026/09/10 18:27:20] 发送(hex): 20
[2026/09/10 18:27:20] =>
[2026/09/10 18:27:20] 发送(hex): 03
[2026/09/10 18:27:20] 发送(hex): 0d
[2026/09/10 18:27:20] <INTERRUPT>
[2026/09/10 18:27:20] =>
[2026/09/10 18:27:20] 发送(hex): 20
[2026/09/10 18:27:20] =>
[2026/09/10 18:27:20] 发送(hex): 03
[2026/09/10 18:27:20] 发送(hex): 0d
[2026/09/10 18:27:20] <INTERRUPT>
[2026/09/10 18:27:20] =>
[2026/09/10 18:27:20] 发送(hex): 20
[2026/09/10 18:27:20] =>
[2026/09/10 18:27:20] 发送(hex): 03
[2026/09/10 18:27:20] <INTERRUPT>
[2026/09/10 18:27:20] =>
[2026/09/10 18:27:35] 发送(hex): 0d
[2026/09/10 18:27:35] 发送(hex): 0d
[2026/09/10 18:27:35] 发送(hex): 0d
[2026/09/10 18:27:35] =>
[2026/09/10 18:27:35] =>
[2026/09/10 18:27:35] 发送(hex): 0d
[2026/09/10 18:27:35] =>
[2026/09/10 18:27:35] 发送(hex): 0d
[2026/09/10 18:27:35] 发送(hex): 7072696e74656e762074636c5f6c6f676f5f706174680d
[2026/09/10 18:27:35] =>
[2026/09/10 18:27:35] =>
[2026/09/10 18:27:35] printenv tcl_logo_path
[2026/09/10 18:27:35] tcl_logo_path=/tclconfig/tvcust/aio_resources/resource/brand/common_TCL/logo
[2026/09/10 18:27:35] =>
[2026/09/10 18:27:36] 发送(hex): 03
[2026/09/10 18:27:36] <INTERRUPT>
[2026/09/10 18:27:36] =>
[2026/09/10 18:27:40] UART
[2026/09/10 18:27:40] <.
[2026/09/10 18:27:40] AC_ON
[2026/09/10 18:27:40] HASH1_VERSION=0x00000000 64bit
[2026/09/10 18:27:40] E-A
[2026/09/10 18:27:40] [ETT_Main] Clock MPLL Init
[2026/09/10 18:27:40] [ETT_Main]MIU_ver 20260417-11996427-OneBin-V20.4-RefineWDTNew
[2026/09/10 18:27:40] [DRAMC] AC ON-0
[2026/09/10 18:27:40] [FAST_K]
[2026/09/10 18:27:40] [MOBF] Gen SW key
[2026/09/10 18:27:40] CH0 DramsizeFlag_CH0 DUMMY_REG = 0x1
[2026/09/10 18:27:40] dramc_channel0 restore dramsize_flag = 0x1
[2026/09/10 18:27:40] [FAST_K]
[2026/09/10 18:27:40] C
[2026/09/10 18:27:40] H2 DramsizeFlag_CH2 DUMMY_REG = 0x0
[2026/09/10 18:27:40] dramc_channel2 restore dramsize_flag = 0x0
[2026/09/10 18:27:40] dispatch to 1 EMI 2 CH
[2026/09/10 18:27:40] MIUP set area: 3GB
[2026/09/10 18:27:40] EMI bist: [32mM0 pass[0m
[2026/09/10 18:27:40] EMI bist: [32mM2 pass[0m
[2026/09/10 18:27:40] fake engine: [32mpass[00000000][0m
[2026/09/10 18:27:40] fake engine: [32mpass[00000001][0m
[2026/09/10 18:27:40] u4dram_info=0x2406
[2026/09/10 18:27:40] TEELOADER_VERSION=0x00000000
[2026/09/10 18:27:40] optee teeloader entry
[2026/09/10 18:27:40] MultiOptee image detected, ModelID
[2026/09/10 18:27:40] =17B06E0B
[2026/09/10 18:27:40] Mul
[2026/09/10 18:27:40] tiOptee image detected, ModelID=17B06E0B
[2026/09/10 18:27:40] CusConfig
[2026/09/10 18:27:40] ARMFW_VERSION=0x00000000
[2026/09/10 18:27:40] OPTEE_VERSION=0x00000000
[2026/09/10 18:27:40] OPTEECUST_VERSION=0x00000000
[2026/09/10 18:27:40] REELOADER_VERSION=0x00000000
[2026/09/10 18:27:40] ns_uboot_boot
[2026/09/10 18:27:40] NOTICE:  BL31: v2.4(debug):f102f7cc7
[2026/09/10 18:27:40] NOTICE:  BL31: Built : 20:53:08, Jul 17 2026
[2026/09/10 18:27:40] INFO:    BL31: Initializing runtime services
[2026/09/10 18:27:40] INFO:    BL31: Initializing BL32
[2026/09/10 18:27:40] [TEE] TRIAL BOOT: 0
[2026/09/10 18:27:40] [DynRamlog] wait for configuring by tee driver
[2026/09/10 18:27:40] INFO:    BL31: Preparing for EL3 exit to normal world
[2026/09/10 18:27:40] INFO:    Entry point address = 0x20100010
[2026/09/10 18:27:40] ree_entry
[2026/09/10 18:27:40] Check WDT....
[2026/09/10 18:27:40] UBOOT_VERSION=0x00000000
[2026/09/10 18:27:41] U-Boot2019.04-g23c3f665-dirty (Aug 23 2026 - 20:57:54 +0800)
[2026/09/10 18:27:41] Model: MediaTek MT5896 RFB
[2026/09/10 18:27:41] DRAM:  3 GiB
[2026/09/10 18:27:41] MMC:   mtk-mmc-fcie@1c660000: 0
[2026/09/10 18:27:41] Loading Environment from EXT4...
[2026/09/10 18:27:41] OK
[2026/09/10 18:27:41] [0;31m[ERROR] get_data_s
[2026/09/10 18:27:41] eparation_info:254: [0m[data spr][start:1302][end:1310][total time:8]
[2026/09/10 18:27:41] [0;31m[ERROR] get_partition_info:394: [0mCan not find corresponding suffixed partition name:factory_preset_a !!!
[2026/09/10 18:27:41] [0;31m[ERROR] get_pid_from_preset_partition:1495: [0mError: sys_get_storage_info from factory_preset failure
[2026/09/10 18:27:41] [0;31m[ERROR] parse_tcl_ffvoice
[2026/09/10 18:27:41] _lednum:1124: [0mdrive_item is not exist!
[2026/09/10 18:27:41] [0;31m[ERROR] parse_tcl_ffvoice_lednum:1144: [0muse default ffvoice lednum: 4!!!
[2026/09/10 18:27:41] [0;31m[ERROR] parse_tcl_led_stagespacetime:1019: [0mdrive_item is not exist!
[2026/09/10 18:27:41] [0;31m[ERROR] parse_tcl_led_stagespacetime:1039: [0muse default_ledstage: 0!!!
[2026/09/10 18:27:41] [0;31m[ERROR] parse_tcl_led_stagespacetime:1041: [0mset uenv led_stagespace : 0
[2026/09/10 18:27:41] device properties match:sid = "0"
[2026/09/10 18:27:41] [0;31m[ERROR] get_data_separation_info:270: [0mRead ini file success !
[2026/09/10 18:27:41] [0;31m[ERROR] To_parse_tcl_standby_qhb_support:234: [0mtcl_env_qhb = 0 or null or other,not support TCL  QHB
[2026/09/10 18:27:42] [0;31m[ERROR] dataindex_dtbo_overlay:644: [0m[DATAINDEX DTBO LOAD][start:1824][end:1913][total time:89]
[2026/09/10 18:27:42] Model: MediaTek MT5896 RFB
[2026/09/10 18:27:42] Net:
[2026/09/10 18:27:42] eth0: ethernet@1c700000
[2026/09/10 18:27:42] Booting(Working) pLedMode = LED_ON,pLightRate=80
[2026/09/10 18:27:42] slot:0 slot retry:0 a_corrupt:0 b_corrupt:0 successful:[1:0]
[2026/09/10 18:27:42] 00000000: 00 00 00 00 00 00 00 00 00 00 00 00 00 00 00 00    ................
[2026/09/10 18:27:42] 00000010: 00 00 00 00 00 00 00 00 00 00 00 00 00 00 00 00    ................
[2026/09/10 18:27:42] [0;31m[ERROR] get_boot_mode_from_partition:354: [0mdump  OK
[2026/09/10 18:27:42] androidboot boot reason = ac
[2026/09/10 18:27:42] Reboot reason == PM_BR_AC
[2026/09/10 18:27:42] upgrade status:done
[2026/09/10 18:27:42] [0;31m[ERROR] standby_mode_enter_standby:187: [0m[panic case]: no panic occur, normal deal
[2026/09/10 18:27:42] Normal booting mode!
[2026/09/10 18:27:42] [wei] mtk_panel_probe 991, PANEL LIB VER 5
[2026/09/10 18:27:42] [wei] BOOT_PNL_VERSION OLD
[2026/09/10 18:27:42] [0;31m[ERROR] standby_mode_enter_qhb:274: [0mThis PID   unsupport  TCL QHB !!!
[2026/09/10 18:27:42] [0;31m[ERROR] mtk_panel_init_device:998: [0m[BEFORE DEMURA][start:2150][end:2189][total time:39]
[2026/09/10 18:27:42] [0;31m[ERROR] mtk_panel_enable:1149: [0m
[2026/09/10 18:27:42] ---mtk_panel_enable:1149 Set mtk_panel_enable DelayTask 7
[2026/09/10 18:27:42] Hit any key to stop autoboot:  0
[2026/09/10 18:27:42] [0;31m[ERROR] do_check_upgrade_mode:216: [0mresolve path fail: /mnt/vendor/tvconfig/bsp/common/misc/upgrade_mode.ini
[2026/09/10 18:27:42] check_auto_update
[2026/09/10 18:27:42] seconds : 2
[2026/09/10 18:27:42] Ticking:
[2026/09/10 18:27:42] jpd_api: [ERR] _MApi_NJPD_Decoder_PrintError:
[2026/09/10 18:27:42] data loss error!!
[2026/09/10 18:27:42] jpd_api: [ERR] _MApi_NJPD_Decoder_PrintError: bitstream error!!
[2026/09/10 18:27:42] [0;31m[ERROR] mtk_jpd_decode:361: [0mJPEG decode failed!!
[2026/09/10 18:27:42] [0;31m[ERROR] standby_mode_enter_standby:187: [0m[panic case]: no panic occur, normal deal
[2026/09/10 18:27:42] Normal booting mode!
[2026/09/10 18:27:42] [0;31m[ERROR] get_panel_pwm_duty_info:2644: [0mRead ini file to DRAM failure
[2026/09/10 18:27:42] [0;31m[ERROR] Check_TSR_PMIC_Version:229: [0mThis PID   unsupport   TSR IC !!!
[2026/09/10 18:27:42] [0;31m[ERROR] _mtk_pnl_cust_backlight_i2c_init:2672: [0mRead subnode (backlight_i2c_info) FAIL
[2026/09/10 18:27:42] kfault cur reboot mode: 0x0
[2026/09/10 18:27:42] kfault tcllog size: 0x4000000
[2026/09/10 18:27:42] kfault io buf 0x5be21000, size 0x400, pos 0x0, is_read 1, ret 0
[2026/09/10 18:27:42] kfault io buf 0x5be21490, size 0x2000, pos 0x400, is_read 1, ret 0
[2026/09/10 18:27:42] kfault io buf 0x5bd34760, size 0x1000, pos 0x37ff000, is_read 1, ret 0
[2026/09/10 18:27:42] normal boot, just do tmp dump
[2026/09/10 18:27:42] MMC write: dev # 0, block # 1480696, count 8 ...
[2026/09/10 18:27:42] 8 blocks written: OK
[2026/09/10 18:27:42] kfault io buf 0x5bd34760, s
[2026/09/10 18:27:43] ize 0x1000, pos 0x37ff000, is_read 0, ret 0
[2026/09/10 18:27:43] kfault_boot->log_num = 0
[2026/09/10 18:27:43] MMC write: dev # 0, block # 1366016, count 2 ... 2 blocks written: OK
[2026/09/10 18:27:43] kfault io buf 0x5be21000, size 0x400, pos 0x0, is_read 0, ret 0
[2026/09/10 18:27:43] [0;31m[ERROR] standby_mode_enter_standby:187: [0m[panic case]: no panic occur, normal deal
[2026/09/10 18:27:43] Normal booting mode!
[2026/09/10 18:27:43] upgradecheck - upgrade mode check command
[2026/09/10 18:27:43] Usage:
[2026/09/10 18:27:43] upgradecheck command: upgradecheck
[2026/09/10 18:27:43] retry_count: 0
[2026/09/10 18:27:43] ## Android Verified Boot 2.0 version 1.1.0
[2026/09/10 18:27:43] Disable Flash Update Mode
[2026/09/10 18:27:43] Verification passed successfully
[2026/09/10 18:27:43] Boot state is: Green !
[2026/09/10 18:27:43] Kernel load addr 0x26000000 size 41887 KiB
[2026/09/10 18:27:43] RAM disk load addr 0x01000000 size 2039 KiB
[2026/09/10 18:27:43] [0;31m[ERROR] bootargs_append:2318: [0mset cfg is androidboot.device_name=G08 androidboot.series=C androidboot.product=C745 androidboot.product_name=G08_4K_GB androidboot.client_type=TCL-EU-MT9653-S1 androidboot.model_name=Smart*TV*Pro androidboot.code_name=AU04 androidboot.ecid=22000000 androidboot.tcl_brand=TCL androidboot.manufacturer=TCL androidboot.oem_tag=EU androidboot.certify=unknown androidboot.extension=unknown androidboot.extension_res=unknown androidboot.extension_db=unknown
[2026/09/10 18:27:43] [0;31m[ERROR] bootargs_append:2318: [0mset cfg is androidboot.pid=0
[2026/09/10 18:27:43] device properties match:sid = "0"
[2026/09/10 18:27:43] [0;31m[ERROR] set_crashkernel_rsvmem:2278: [0mError: Read kdump file to Dram failed
[2026/09/10 18:27:43] do_tcl_crashkernel - tcl_crashkernel
[2026/09/10 18:27:43] Usage:
[2026/09/10 18:27:43] do_tcl_crashkernel command: set reserved memory for crashkernel
[2026/09/10 18:27:43] Loading Kernel Image ... OK
[2026/09/10 18:27:43] Loading Ramdisk to 29f09000, end 2bdff751 ... OK
[2026/09/10 18:27:43] Loading Device Tree to 000000002c4e1000, end 000000002c5ff9bb ... OK
[2026/09/10 18:27:44] [0;31m[ERROR] dataindex_dtbo_overlay:644: [0m[DATAINDEX DTBO LOAD][start:3872][end:3989][total time:117]
[2026/09/10 18:27:44] [0;31m[ERROR] standby_mode_enter_qhb:274: [0mThis PID   unsupport  TCL QHB !!!
[2026/09/10 18:27:44] [AutoTest][mboot][start kernel][4053]
[2026/09/10 18:27:44] Starting kernel ...
[2026/09/10 18:27:44] kfault io buf 0x5be52850, size 0x28, pos 0x400, is_read 1, ret 0
[2026/09/10 18:27:44] last status:0x0
[2026/09/10 18:27:44] MMC write: dev # 0, block # 1480632, count 7 ...
[2026/09/10 18:27:44] 7 blocks written: OK
[2026/09/10 18:27:44] MMC write: dev # 0, block # 1480639, count 1 ...
[2026/09/10 18:27:44] 1 blocks written: OK
[2026/09/10 18:27:44] kfault io buf 0x5be4cd90, size 0xf1b, pos 0x37f7000, is_read 0, ret 0
[2026/09/10 18:27:44] MMC write: dev # 0, block # 1366018, count 1 ...
[2026/09/10 18:27:44] 1 blocks written: OK
[2026/09/10 18:27:44] kfault io buf 0x5bd0d960, size 0x28, pos 0x400, is_read 0, ret 0
[2026/09/10 18:27:44] WARNING: Unimplemen
[2026/09/10 18:27:44] ted Standard Service Call: 0x84000050
[2026/09/10 18:27:45] [    0.322935][    T1] clk_mt5896: we hav
[2026/09/10 18:27:45] e : PM
[2026/09/10 18:27:45] [    0.322958][    T1] clk_mt5896: we have : NONPM
[2026/09/10 18:27:45] [Ramlog] tee_config_dyn_ramlog_by_cookie is success
[2026/09/10 18:27:45] [    0.472859][    T1] [K][EFUSE]mtk_efuse_init() ----- START
[2026/09/10 18:27:45] [    0.478510][    T1] [K][EFUSE]mtk_efuse_init() ----> OK
[2026/09/10 18:27:45] [    0.490929][    T1] ir set ir_arm_en to 1.
[2026/09/10 18:27:45] [    0.495143][    T1] ir get boot status 2.
[2026/09/10 18:27:45] [    0.499170][    T1] ir set boot status to 3.
[2026/09/10 18:27:45] [    0.503497][    T1] ir get key 65535.
[2026/09/10 18:27:45] [    0.507170][    T1] mtk-ir 1c080000.ir_in: ir probe done.
[2026/09/10 18:27:45] [    0.518925][    T1] [0][0][0]
[2026/09/10 18:27:45] [    0.529732][    T1] add null memory dma_heap with name mtk_nullmem_1
[2026/09/10 18:27:45] [    0.536097][    T1]     range from 0x3000000 to 0x13000000
[2026/09/10 18:27:45] [    0.536097][    T1]
[2026/09/10 18:27:45] [    0.536097][    T1]
[2026/09/10 18:27:45] [    0.569813][    T1] we have : seal
[2026/09/10 18:27:45] [    0.655204][   T67] mtk_mci 1c660000.mtk-mmc-fcie: [ mtk_fcie_set_ios() Ln.4351 ]
[2026/09/10 18:27:45] [    0.662811][   T67] mtk_mci 1c660000.mtk-mmc-fcie: Ld HS400ES
[2026/09/10 18:27:45] [    0.671153][   T67] mtk_mci 1c660000.mtk-mmc-fcie: eMMC: HS400 5.1 200MHz
[2026/09/10 18:27:45] [    0.677976][    T1] [Alg Debug] MApi_PQ_CLI_CFD_Init sucess!!
[2026/09/10 18:27:45] [    0.683989][   T67] mtk_mci 1c660000.mtk-mmc-fcie: eMMC: HS400 5.1 200MHz
[2026/09/10 18:27:45] [    0.693041][    T1] lizw pp 1
[2026/09/10 18:27:45] [    0.704079][    T1]
[2026/09/10 18:27:45] ux_thread: uxthread_init done!
[2026/09/10 18:27:45] [    0.709721][    T1] tcl_action_monitor: kfault kernel timeout init
[2026/09/10 18:27:46] [    1.842635][  T123] tcl_action_monitor: kfault stop ker
[2026/09/10 18:27:46] nel init timeout
[2026/09/10 18:27:47] console:/ $
[2026/09/10 18:27:48] [0;32;31m [ramlog] tee_get_ramlog_config 586 
[2026/09/10 18:27:48] [m
[2026/09/10 18:27:48] [ramlog] Chip ID: 27 f3 04 f5 fd 0b 95 c5 8d 04 00 00
[2026/09/10 18:27:48] [ramlog] TEE log is not enabled (I2C mode:1)
[2026/09/10 18:27:49] [    4.974168][  T323] mtk_and: line 0: glide-disk-cach%com.google.android.apps.tv.launcherx=S:N-20
[2026/09/10 18:27:49] [    4.983460][  T323] mtk_and: line 1: animation%com.netflix.ninja=S:N-10
[2026/09/10 18:27:49] [    4.990158][  T323] mtk_and: line 2: Thread-17%com.amazon.amazonvideo.livingroom=S:R1
[2026/09/10 18:27:49] [    4.998016][  T323] mtk_and: line 3: Thread-18%com.amazon.amazonvideo.livingroom=S:R1
[2026/09/10 18:27:50] [    5.316127][  T123] mtu3 1c7a3e00.usb: ssusb clock
[2026/09/10 18:27:50] enable
[2026/09/10 18:27:50] [    5.333638][  T123] mtu3 1c1b3e00.
[2026/09/10 18:27:50] usb: ssusb clock enable
[2026/09/10 18:27:50] Info: get MI daemon priority before System
[2026/09/10 18:27:50] Init: [-20]
[2026/09/10 18:27:50] [mi_daemon]!!!Enter MI daemon prcoess!! start time =5427
[2026/09/10 18:27:50] [mi_daemon][HASHKEY]{_Bin_Hashkey_Init,692} ----- START not bGingaSupported
[2026/09/10 18:27:50] [mi_daemon][HASHKEY]{_Bin_Hashkey_Init,697} ----- START
[2026/09/10 18:27:50] [mi_daemon][HASHKEY]{_getPathFromDataIndex,620} pszFilePath:/tclconfig/hardware/param/soc/dataIndex_00_WW_4K60_VbyOne.ini
[2026/09/10 18:27:50] Cannot get key 'HASHKEY:hashkey_file' in dataIndex file /tclconfig/hardware/param/soc/dataIndex_00_WW_4K60_VbyOne.ini
[2026/09/10 18:27:50] [IPAUTH][HASHKEY]{MApi_IPAUTH_Init_by_bin,580} (iBinSize:306)
[2026/09/10 18:27:50] [IPAUTH]{_IPAUTH_ReadDebugFile,308} ----- START
[2026/09/10 18:27:50] [IPAUTH]{_IPAUTH_ReadDebugFile,317} Debug file is not exist~(/data/vendor/ipauth_debug.txt)
[2026/09/10 18:27:50] [IPAUTH][HASHKEY]{MApi_IPAUTH_Init_by_bin,631} u16CustomerId:0x19
[2026/09/10 18:27:50] [IPAUTH][HASHKEY]{MApi_IPAUTH_Init_by_bin,693} u16HashkeyChipId:0x10D
[2026/09/10 18:27:50] [IPAUTH][HASHKEY]{_IPAUTH_HASHKEY_Verify,406} call HASHKEY_Verify()
[2026/09/10 18:27:50] [IPAUTH][HASHKEY]{_IPAUTH_HASHKEY_Verify,408} HASHKEY_Verify() return 0
[2026/09/10 18:27:50] [IPAUTH][HASHKEY]{MApi_IPAUTH_Init_by_bin,750} set _u8_hashkey_verify_result=OK
[2026/09/10 18:27:50] [IPAUTH][HASHKEY]{_IPAUTH_HASHKEY_set_BinDataToKernel,503} (u32Para1:1, pu8BinBuf:0xFFF8ADF0, u32BufSize:306)
[2026/09/10 18:27:50] [IPAUTH][HASHKEY]{_IPAUTH_HASHKEY_set_BinDataToKernel,523} cmd:0x8791, u32_para_1:0x1, u32BufSize_in:306
[2026/09/10 18:27:50] [mi_daemon]!!!Enter MI daemon flow time=5427!!
[2026/09/10 18:27:50] [mi_daemon]{_MI_SYS_Init,809} _MI_SYS_Init() ----- START
[2026/09/10 18:27:50] !!!MI daemon prcoess start! MI daemon cost time=156!!!
[2026/09/10 18:27:50] Info: get MI daemon priority after Module Init: [0]
[2026/09/10 18:27:51] [    6.309026][  T123] realtime_framework_init is invoked
[2026/09/10 18:27:51] [    6.314326][  T123] realtime_module_init [538], REALTIME_UID=2941
[2026/09/10 18:27:51] [    6.329153][  T406] tcl_vdf: vdf_send_task run..
[2026/09/10 18:27:51] modprobe: alias lines in modules.alias must have 3 entries, not 5
[2026/09/10 18:27:51] modprobe: alias lines in modules.alias must have 3 entries, not 5
[2026/09/10 18:27:51] modprobe: alias lines in modules.alias must have 3 entries, not 4
[2026/09/10 18:27:51] modprobe: alias lines in modules.alias must have 3 entries, not 7
[2026/09/10 18:27:51] modprobe: alias lines in modules.alias must have 3 entries, not 5
[2026/09/10 18:27:51] modprobe: alias lines in modules.alias must have 3 entries, not 4
[2026/09/10 18:27:51] modprobe: alias lines in modules.alias must have 3 entries, not 4
[2026/09/10 18:27:51] modprobe: alias lines in modules.alias must have 3 entries, not 6
[2026/09/10 18:27:51] modprobe: alias lines in modules.alias must have 3 entries, not 5
[2026/09/10 18:27:51] modprobe: alias lines in modules.alias must have 3 entries, not 5
[2026/09/10 18:27:51] modprobe: alias lines in modules.alias must have 3 entries, not 4
[2026/09/10 18:27:51] modprobe: alias lines in modules.alias must have 3 entries, not 5
[2026/09/10 18:27:51] modprobe: alias lines in modules.alias must have 3 entries, not 5
[2026/09/10 18:27:51] modprobe: alias lines in modules.alias must have 3 entries, not 5
[2026/09/10 18:27:51] modprobe: alias lines in modules.alias must have 3 entries, not 6
[2026/09/10 18:27:51] modprobe: alias lines in modules.alias must have 3 entries, not 5
[2026/09/10 18:27:51] modprobe: alias lines in modules.alias must have 3 entries, not 4
[2026/09/10 18:27:51] Loading module /vendor/lib/modules/spi-mtkdtv-ci.ko with args ''
[2026/09/10 18:27:51] Loaded kernel module /vendor/lib/modules/spi-mtkdtv-ci.ko
[2026/09/10 18:27:51] [    6.637611][  T413] [austin_demod_dd][demod_probe] na
[2026/09/10 18:27:51] me = [austin_demod]
[2026/09/10 18:27:51] [    6.644395][  T413] [demod_probe][120] austin_dev->client->addr = 0x79
[2026/09/10 18:27:51] [    6.651150][  T413] [austin_chk_exist][74] ret -121, --- 0 9 3 2
[2026/09/10 18:27:51] [    6.720083][  T413] [mdbgin_merak_demod_dd][mtk_demod_custom_file_open][2503] __entry__
[2026/09/10 18:27:51] [    6.731692][  T413] [mtk_demod_custom_file_open][2542] CUSTOM_EQ_TYPE7
[2026/09/10 18:27:51] [    6.738421][  T413] [mtk_demod_custom_file_open][2554] custom file open fail !
[2026/09/10 18:27:51] [    6.745684][  T413] 1ce00000.mtk-demod is already registered, pass it
[2026/09/10 18:27:51] [    7.188076][  T409] drv_hwreg_srccap_hdmirx_attach b_attach = 1
[2026/09/10 18:27:51] [    7.188079][  T409] drv_hwreg_srccap_hdmirx_attach size = 1
[2026/09/10 18:27:51] [    7.194212][  T409] hal_hwreg_srccap_hdmirx_ops_array[0].hw_version = 6
[2026/09/10 18:27:51] [    7.210647][  T409] u32_addr_min = eb00
[2026/09/10 18:27:51] [    7.214533][  T409] u32_addr_max = ebf0
[2026/09/10 18:27:52] modprobe: alias lines in modules.alias must have 3 entries, not 5
[2026/09/10 18:27:52] modprobe: alias lines in modules.alias must have 3 entries, not 5
[2026/09/10 18:27:52] modprobe: alias lines in modules.alias must have 3 entries, not 4
[2026/09/10 18:27:52] modprobe: alias lines in modules.alias must have 3 entries, not 7
[2026/09/10 18:27:52] modprobe: alias lines in modules.alias must have 3 entries, not 5
[2026/09/10 18:27:52] modprobe: alias lines in modules.alias must have 3 entries, not 4
[2026/09/10 18:27:52] modprobe: alias lines in modules.alias must have 3 entries, not 4
[2026/09/10 18:27:52] modprobe: alias lines in modules.alias must have 3 entries, not 6
[2026/09/10 18:27:52] modprobe: alias lines in modules.alias must have 3 entries, not 5
[2026/09/10 18:27:52] modprobe: alias lines in modules.alias must have 3 entries, not 5
[2026/09/10 18:27:52] modprobe: alias lines in modules.alias must have 3 entries, not 4
[2026/09/10 18:27:52] modprobe: alias[    7.391799][  T123] kallsyms_lookup_name with kp ffffffc00822d4dc,ret=0
[2026/09/10 18:27:52] lines in module[    7.398660][  T123] stall_debug: chip id 0
[2026/09/10 18:27:52] s.alias must hav[    7.405131][  T123] stall_debug: hook sysrq-c OK
[2026/09/10 18:27:52] e 3 entries, not[    7.410099][  T161] current tty: ttyS0, irq: 22
[2026/09/10 18:27:52] 5
[2026/09/10 18:27:52] modprobe: al[    7.416391][  T123] stall_debug: alloc 1000 memory ok
[2026/09/10 18:27:52] ias lines in modules.alias must have 3 entries, not 5
[2026/09/10 18:27:52] modprobe: alias lines in modules.alias must have 3 entries, not 5
[2026/09/10 18:27:52] modprobe: alias lines in modules.alias must have 3 entries, not 6
[2026/09/10 18:27:52] modprobe: alias lines in modules.alias must have 3 entries, not 5
[2026/09/10 18:27:52] modprobe: alias lines in modules.alias must have 3 entries, not 4
[2026/09/10 18:27:52] Loading module /vendor/lib/mo[    7.452668][  T123] kallsyms_lookup_name with kp ffffffc00822d4dc,ret=0
[2026/09/10 18:27:52] dules/mtktv-regu[    7.454406][  T482] stall_debug: rd_pid_max is 32768
[2026/09/10 18:27:52] lator-mt5876.ko [    7.466021][  T482] stall_debug: ptr_task_scs=ffffffc00cf01000,size=40000
[2026/09/10 18:27:52] with args ''
[2026/09/10 18:27:52] Loaded kernel module /vendor/lib/modules/mtktv-regulator-mt5876.ko
[2026/09/10 18:27:52] Loading module /vendor/lib/modules/mtktv-thermal.ko with args ''
[2026/09/10 18:27:52] Loading module /vendor/lib/modules/mtktv-cpufreq-ca.ko with args ''
[2026/09/10 18:27:52] Loaded kernel module /vendor/lib/modules/mtktv-cpufreq-ca.ko
[2026/09/10 18:27:52] Loading m[    7.498131][  T123] kallsyms_lookup_name with kp ffffffc00822d4dc,ret=0
[2026/09/10 18:27:52] odule /vendor/lib/modules/mtktv-[    7.507950][  T123] die_helper: log_buf is from ffffffc00a8f0060,len 20000
[2026/09/10 18:27:52] cpufreq.ko with [    7.515360][  T123] die_helper: log_buf pa is from 0x00000000288f0060,len 20000
[2026/09/10 18:27:52] args ''
[2026/09/10 18:27:52] [    7.525829][  T161] current tty: ttyS0, irq: 22
[2026/09/10 18:27:52] Loaded ke
[2026/09/10 18:27:52] rnel module /vendor/lib/modules/mtktv-cpufreq.ko
[2026/09/10 18:27:52] Loading module /vendor/lib/modules/mtk-dramc.ko with [    7.557524][  T482] stall_debug: enable ip record by scs OK
[2026/09/10 18:27:52] args ''
[2026/09/10 18:27:52] Loading module /vendor/lib/modules/mtk-mediator.ko with args ''
[2026/09/10 18:27:52] Loading module /vendor/lib/modules/cpu-freq-adapter.ko with args ''
[2026/09/10 18:27:52] Loaded kernel module /vendor/lib/modules/cpu-freq-adapter.ko
[2026/09/10 18:27:52] Loading module /vendor/lib/modules/mtktv-gpu-thermal.ko with args ''
[2026/09/10 18:27:52] Loaded kernel module /vendor/lib/modules/mtktv-gpu-thermal.ko
[2026/09/10 18:27:53] [    8.731112][  T626] watchdog: watchdog0: watchdog did not stop!
[2026/09/10 18:27:53] [    8.947403][  T661] watchdog: watchdog0: watchdog did not stop!
[2026/09/10 18:27:53] CPU_AUDIO is running!
[2026/09/10 18:27:54] [9222935][_cpuAudio_ALSA_Driver_GetCardInfo][198]to open /proc/asound/cards
[2026/09/10 18:27:54] [9223167][_cpuAudio_ALSA_Driver_GetCardInfo][225]Available Sound Cards:[
[2026/09/10 18:27:54] 0 [mtktvsndcard   ]: mtk-tvsnd-card - mtk-tvsnd-card
[2026/09/10 18:27:54] MTK-TV-SOUND-ASOC-AUDIO-DRV
[2026/09/10 18:27:54] 1 [Loopback       ]: Loopback - Loopback
[2026/09/10 18:27:54] Loopback 1
[2026/09/10 18:27:54] 2 [mtkaloopsndcard]: mtkaloopsndcard - mtkaloopsndcard
[2026/09/10 18:27:54] mtkaloopsndcard 1
[2026/09/10 18:27:54] 3 [vocsndcard     ]: vocsndcard - vocsndcard
[2026/09/10 18:27:54] vocsndcard 1
[2026/09/10 18:27:54] ]
[2026/09/10 18:27:54] [9223208][_cpuAudio_ALSA_Driver_GetCardInfo][239]index of mtktvsndcard : 0
[2026/09/10 18:27:54] [9223216][_cpuAudio_ALSA_Driver_GetCardInfo][254]mtktvsndcard : /dev/snd/controlC0
[2026/09/10 18:27:54] [9223234][_cpuAudio_ALSA_Driver_GetCardInfo][273]close /proc/asound/cards done
[2026/09/10 18:27:54] [9223326][_cpuAudio_ALSA_Driver_GetKcontolId][400]pKControl:Utopia controls,fd:3,elist.count:40
[2026/09/10 18:27:54] [9223334][_cpuAudio_ALSA_Driver_GetKcontolId][403]MM RATE
[2026/09/10 18:27:54] [9223340][_cpuAudio_ALSA_Driver_GetKcontolId][403]MM GET PB BUF LEVEL
[2026/09/10 18:27:54] [9223345][_cpuAudio_ALSA_Driver_GetKcontolId][403]MM GET CAP BUF LEVEL
[2026/09/10 18:27:54] [9223351][_cpuAudio_ALSA_Driver_GetKcontolId][403]Duplex mm controls
[2026/09/10 18:27:54] [9223355][_cpuAudio_ALSA_Driver_GetKcontolId][403]Capture MUTE EVENT
[2026/09/10 18:27:54] [9223360][_cpuAudio_ALSA_Driver_GetKcontolId][403]Capture NONPCM EVENT
[2026/09/10 18:27:54] [9223365][_cpuAudio_ALSA_Driver_GetKcontolId][403]Capture NONPCM FLAG
[2026/09/10 18:27:54] [9223370][_cpuAudio_ALSA_Driver_GetKcontolId][403]Capture FASTLOCK MODE
[2026/09/10 18:27:54] [9223375][_cpuAudio_ALSA_Driver_GetKcontolId][403]Capture TIMESTAMP
[2026/09/10 18:27:54] [9223380][_cpuAudio_ALSA_Driver_GetKcontolId][403]Capture controls
[2026/09/10 18:27:54] [9223385][_cpuAudio_ALSA_Driver_GetKcontolId][403]DSP Reload
[2026/09/10 18:27:54] [9223389][_cpuAudio_ALSA_Driver_GetKcontolId][403]Utopia controls
[2026/09/10 18:27:54] [9223395][_cpuAudio_ALSA_Driver_GetKcontolId][407]got Kcontrol[Utopia controls] at id[12]
[2026/09/10 18:27:54] [9223417][cpuAudio_ALSA_Driver_Init][690]Audio memory size(0x2E57000) phyAudioBase(0x200000) busAudioBase(0x20200000)
[2026/09/10 18:27:54] [9223428][_cpuAudio_ALSA_Driver_InitPcmDevice][301]Opening PCM device node=0/2, period=11863/1024, format=2/48000/0
[2026/09/10 18:27:54] [9223959][cpuAudio_ALSA_Driver_Init][701]phyAudioBase(0x200000) => UserVirtualAddr(0xe8ba9000)
[2026/09/10 18:27:54] [9234038][cpuAudio_getInfo][562][1;35m cpuAudio[Info](thread-name:)(pid:0)(tid:0) [0m
[2026/09/10 18:27:54] [9234052][cpuAudio_getInfo][566][1;35m cpuAudio[decR2:0x2396,sndR2:0xd264][Version](0x20) [0m
[2026/09/10 18:27:54] [cpuAudio_createPostprocessMonitorThread][370]armAudio_postprocessrMonitor_ver: 0xff20 thread created successfully
[2026/09/10 18:27:54] [cpuAudio_postprocess_init][16] dec_base(e8ba9000) DEC_R2_SHM_DDR_OFFSET(0x1911000) snd_base(e9d69000) SND_R2_SHM_DDR_OFFSET(0x753000) p_decR2_shm(0xea4ba000) p_sndR2_shm(0xea4bc000)
[2026/09/10 18:27:54] [1;35m [cpuAudioPostProcess_main][327]Enter while(1) loop. [0m
[2026/09/10 18:27:54] [    9.740536][  T756] [mzc] init done
[2026/09/10 18:27:55] [   10.429490][  T488] ir set boot status to 5.
[2026/09/10 18:27:55] [   10.788094][  T526] PowerHAL: [AT][AN][DC finish boot]
[2026/09/10 18:27:57] factory auto test loop start
[2026/09/10 18:27:57]  

[END] 2026/09/10 18:28:35
